outage_id,Zone,Circle,Feeder,Type of Outage,Status,Start Time,End Time,Diff in mins
1873650,Central,KHANNA,Dittupur,Unplanned,Active,2026-06-07T12:15:55Z,2026-06-07T13:50:23Z,94
1873646,South,SANGRUR,Bangawali,Unplanned,Active,2026-06-07T12:15:52Z,2026-06-07T13:15:04Z,59
1873647,East,Zirakpur,DEEPAK PIPE,Unplanned,Active,2026-06-07T12:15:00Z,2026-06-07T12:45:00Z,30
1873649,North,NAWANSHAHR,TEHSIL COMPLEX GSR,Unplanned,Active,2026-06-07T12:13:00Z,2026-06-07T14:13:00Z,120
1873644,North,NAWANSHAHR,TEHSIL COMPLEX,Unplanned,Closed,2026-06-07T12:13:00Z,2026-06-07T12:14:00Z,1
1873643,East,Zirakpur,MAHIWALA,Planned,Active,2026-06-07T12:10:00Z,2026-06-07T14:00:00Z,110
1873642,East,MOHALI,11KV PATTON AP,Unplanned,Active,2026-06-07T12:10:00Z,2026-06-07T13:10:00Z,60
1873641,East,Zirakpur,ATS Feeder,Planned,Active,2026-06-07T12:10:00Z,2026-06-07T14:00:00Z,110
1873640,East,Zirakpur,DERABASSI URBAN II,Planned,Active,2026-06-07T12:10:00Z,2026-06-07T14:00:00Z,110
1873639,East,MOHALI,11KV LANDCHESTER,Unplanned,Active,2026-06-07T12:10:00Z,2026-06-07T13:10:00Z,60
1873638,East,Zirakpur,URBAN-3 DERABASSI,Planned,Active,2026-06-07T12:10:00Z,2026-06-07T14:00:00Z,110
1873636,East,Zirakpur,ATS-2,Planned,Active,2026-06-07T12:10:00Z,2026-06-07T14:00:00Z,110
1873633,Central,KHANNA,Sahpur,Planned,Active,2026-06-07T12:10:00Z,2026-06-07T15:00:00Z,170
1873632,Central,KHANNA,DANA MANDI,Planned,Active,2026-06-07T12:10:00Z,2026-06-07T15:00:00Z,170
1873648,South,PATIALA,BABA DEEP SINGH,Unplanned,Active,2026-06-07T12:05:00Z,2026-06-07T13:29:00Z,84
1873637,North,JALANDHAR,NIHAL GARGH,Unplanned,Active,2026-06-07T12:05:00Z,2026-06-07T13:00:00Z,55
1873634,West,BATHINDA,KISSAN UPS,Planned,Active,2026-06-07T12:02:00Z,2026-06-07T14:00:00Z,118
1873631,Central,CITY WEST LUDHIANA,LARK FEEDER,Planned,Active,2026-06-07T12:00:00Z,2026-06-07T16:00:00Z,240
1873629,East,MOHALI,11KV EYE HOSPITAL,Planned,Active,2026-06-07T12:00:00Z,2026-06-07T14:00:00Z,120
1873620,South,BARNALA,SHARMAN STEEL ADP ROAD IND-2,Planned,Active,2026-06-07T12:00:00Z,2026-06-07T17:17:56Z,317
1873619,South,BARNALA,HOSPITAL,Planned,Active,2026-06-07T12:00:00Z,2026-06-07T17:16:58Z,316
1873618,South,BARNALA,Industrial-I,Planned,Active,2026-06-07T12:00:00Z,2026-06-07T17:16:33Z,316
1873635,West,BATHINDA,AHLUPUR,Unplanned,Active,2026-06-07T11:55:00Z,2026-06-07T14:00:00Z,125
1873628,North,NAWANSHAHR,11KV GHATARON,Unplanned,Active,2026-06-07T11:55:00Z,2026-06-07T12:33:00Z,38
1873627,West,MUKATSAR,11 Kv Jandia,Unplanned,Active,2026-06-07T11:51:00Z,2026-06-07T14:00:00Z,129
1873630,South,BARNALA,SANDHU KALAN UPS,Unplanned,Active,2026-06-07T11:45:00Z,2026-06-07T14:00:00Z,135
1873626,North,JALANDHAR,GOLDEN AVENUE,Unplanned,Closed,2026-06-07T11:45:00Z,2026-06-07T12:07:00Z,22
1873625,Border,GURDASPUR,Mangial,Unplanned,Active,2026-06-07T11:45:00Z,2026-06-07T12:40:00Z,55
1873623,Border,GURDASPUR,Chakral,Unplanned,Active,2026-06-07T11:45:00Z,2026-06-07T12:40:00Z,55
1873622,Border,GURDASPUR,Malpur,Unplanned,Active,2026-06-07T11:45:00Z,2026-06-07T12:40:00Z,55
1873617,East,Zirakpur,MIAN PUR,Unplanned,Active,2026-06-07T11:45:00Z,2026-06-07T12:15:00Z,30
1873615,Border,TARN TARAN,RAYYA BACK FEEDING,Unplanned,Active,2026-06-07T11:40:30Z,2026-06-07T15:30:00Z,229
1873621,North,JALANDHAR,KADIAN,Unplanned,Active,2026-06-07T11:39:00Z,2026-06-07T12:40:00Z,61
1873616,West,MUKATSAR,KRISHNA NAGRI,Unplanned,Active,2026-06-07T11:36:00Z,2026-06-07T12:35:00Z,59
1873610,West,BATHINDA,Burj Dhilwan,Unplanned,Active,2026-06-07T11:33:00Z,2026-06-07T13:00:00Z,87
1873612,South,SANGRUR,11 KV MAYA GARDEN,Unplanned,Active,2026-06-07T11:32:00Z,2026-06-07T13:00:00Z,88
1873614,West,BATHINDA,NEHIAN WALA,Unplanned,Active,2026-06-07T11:31:00Z,2026-06-07T14:00:00Z,149
1873613,West,BATHINDA,Balahar Vinju,Unplanned,Active,2026-06-07T11:31:00Z,2026-06-07T14:00:00Z,149
1873606,West,BATHINDA,Aehmadpur UPS,Unplanned,Active,2026-06-07T11:30:00Z,2026-06-07T13:00:00Z,90
1873605,West,FARIDKOT,JHARI WALA,Unplanned,Active,2026-06-07T11:27:26Z,2026-06-07T13:26:00Z,118
1873602,West,FARIDKOT,11 KV GURU ANGAD DEV G UPS,Unplanned,Active,2026-06-07T11:27:26Z,2026-06-07T13:26:00Z,118
1873598,West,MUKATSAR,Tarobri,Unplanned,Closed,2026-06-07T11:26:00Z,2026-06-07T11:45:14Z,19
1873604,North,HOSHIARPUR,11kv kotli,Unplanned,Active,2026-06-07T11:25:00Z,2026-06-07T12:25:00Z,60
1873603,North,HOSHIARPUR,11kV Jandwal UPS,Unplanned,Active,2026-06-07T11:25:00Z,2026-06-07T12:25:00Z,60
1873597,Border,GURDASPUR,Taragarh,Unplanned,Closed,2026-06-07T11:25:00Z,2026-06-07T11:50:00Z,25
1873594,Border,GURDASPUR,Saidipur,Unplanned,Closed,2026-06-07T11:25:00Z,2026-06-07T11:50:00Z,25
1873609,West,FARIDKOT,KOTKAPURA ROAD,Unplanned,Active,2026-06-07T11:24:00Z,2026-06-07T13:00:00Z,96
1873608,West,FARIDKOT,HARDIAL NAGAR,Unplanned,Active,2026-06-07T11:24:00Z,2026-06-07T13:00:00Z,96
1873601,Central,CITY WEST LUDHIANA,SUDHIR FORGING,Planned,Active,2026-06-07T11:21:00Z,2026-06-07T14:30:00Z,189
1873600,Central,CITY WEST LUDHIANA,Gobind Rubber-2 New,Planned,Active,2026-06-07T11:21:00Z,2026-06-07T14:30:00Z,189
1873599,Central,CITY WEST LUDHIANA,OSWAL ALLOY,Planned,Active,2026-06-07T11:21:00Z,2026-06-07T14:30:00Z,189
1873593,Central,CITY WEST LUDHIANA,V K CONCAST,Planned,Active,2026-06-07T11:21:00Z,2026-06-07T14:30:00Z,189
1873591,Central,CITY WEST LUDHIANA,Texla Road,Planned,Active,2026-06-07T11:21:00Z,2026-06-07T14:30:00Z,189
1873590,Central,CITY WEST LUDHIANA,S.B.J,Planned,Active,2026-06-07T11:21:00Z,2026-06-07T14:30:00Z,189
1873589,Central,CITY WEST LUDHIANA,DEMARTE,Planned,Active,2026-06-07T11:21:00Z,2026-06-07T14:30:00Z,189
1873588,Central,CITY WEST LUDHIANA,MJ Rubber,Planned,Active,2026-06-07T11:21:00Z,2026-06-07T14:30:00Z,189
1873587,Central,CITY WEST LUDHIANA,KANGANWAL,Planned,Active,2026-06-07T11:21:00Z,2026-06-07T14:30:00Z,189
1873586,Central,CITY WEST LUDHIANA,VISHKARMA,Planned,Active,2026-06-07T11:21:00Z,2026-06-07T14:30:00Z,189
1873585,Central,CITY WEST LUDHIANA,VAIDYA ALLOY,Planned,Active,2026-06-07T11:21:00Z,2026-06-07T14:30:00Z,189
1873584,Central,CITY WEST LUDHIANA,KL Ispat,Planned,Active,2026-06-07T11:21:00Z,2026-06-07T14:30:00Z,189
1873583,Central,CITY WEST LUDHIANA,D.M.K,Planned,Active,2026-06-07T11:21:00Z,2026-06-07T14:30:00Z,189
1873582,Central,CITY WEST LUDHIANA,DURGA CONCAST,Planned,Active,2026-06-07T11:21:00Z,2026-06-07T14:30:00Z,189
1873581,Central,CITY WEST LUDHIANA,Pawa Road,Planned,Active,2026-06-07T11:21:00Z,2026-06-07T14:30:00Z,189
1873580,Central,CITY WEST LUDHIANA,PROMINENT,Planned,Active,2026-06-07T11:21:00Z,2026-06-07T14:30:00Z,189
1873579,Central,CITY WEST LUDHIANA,NORTH STAR,Planned,Active,2026-06-07T11:21:00Z,2026-06-07T14:30:00Z,189
1873578,Central,CITY WEST LUDHIANA,RAJ CASTING,Planned,Active,2026-06-07T11:21:00Z,2026-06-07T14:30:00Z,189
1873577,Central,CITY WEST LUDHIANA,Batta,Planned,Active,2026-06-07T11:21:00Z,2026-06-07T14:30:00Z,189
1873576,Central,CITY WEST LUDHIANA,KABIR EMPAX,Planned,Active,2026-06-07T11:21:00Z,2026-06-07T14:30:00Z,189
1873574,Central,CITY WEST LUDHIANA,ANAND MANGAL,Planned,Active,2026-06-07T11:21:00Z,2026-06-07T14:30:00Z,189
1873611,North,HOSHIARPUR,NARU NANGAL,Unplanned,Closed,2026-06-07T11:20:00Z,2026-06-07T11:58:00Z,38
1873596,North,JALANDHAR,Dhadde,Unplanned,Closed,2026-06-07T11:20:00Z,2026-06-07T11:40:00Z,20
1873592,North,NAWANSHAHR,JAINPUR,Unplanned,Active,2026-06-07T11:20:00Z,2026-06-07T13:20:00Z,120
1873570,West,FARIDKOT,CHEEMA,Unplanned,Active,2026-06-07T11:19:55Z,2026-06-07T13:19:58Z,120
1873572,West,BATHINDA,THERMAL UPS,Unplanned,Active,2026-06-07T11:19:00Z,2026-06-07T12:31:00Z,72
1873624,Border,GURDASPUR,Roranwali 24 hrs.,Unplanned,Active,2026-06-07T11:15:00Z,2026-06-07T13:15:00Z,120
1873575,Border,TARN TARAN,JAMA RAI UPS,Unplanned,Closed,2026-06-07T11:15:00Z,2026-06-07T12:05:00Z,50
1873569,South,SANGRUR,Dharampura,Planned,Active,2026-06-07T11:15:00Z,2026-06-07T14:00:00Z,165
1873595,East,MOHALI,Industrial 8A,Unplanned,Active,2026-06-07T11:10:00Z,2026-06-07T13:00:00Z,110
1873573,Border,GURDASPUR,Bamial,Unplanned,Closed,2026-06-07T11:10:00Z,2026-06-07T12:01:00Z,51
1873571,Border,GURDASPUR,Bamial 24hrs,Unplanned,Closed,2026-06-07T11:10:00Z,2026-06-07T12:01:00Z,51
1873568,Border,TARN TARAN,URBAN PATTI CITY,Unplanned,Active,2026-06-07T11:10:00Z,2026-06-07T13:00:00Z,110
1873567,Central,KHANNA,Alloona Miana,Planned,Active,2026-06-07T11:10:00Z,2026-06-07T12:00:00Z,50
1873607,South,SANGRUR,Bangawali,Unplanned,Active,2026-06-07T11:05:00Z,2026-06-07T14:00:00Z,175
1873566,South,SANGRUR,UPS Lehal Kalan,Unplanned,Active,2026-06-07T11:05:00Z,2026-06-07T13:00:00Z,115
1873563,South,SANGRUR,ROGLA (GRID DIRBA),Unplanned,Active,2026-06-07T11:00:00Z,2026-06-07T13:00:00Z,120
1873389,North,JALANDHAR,M.G.N,Planned,Active,2026-06-07T11:00:00Z,2026-06-07T12:00:00Z,60
1873385,North,JALANDHAR,11KV CHANDAN NAGAR,Planned,Active,2026-06-07T11:00:00Z,2026-06-07T12:00:00Z,60
1873382,North,JALANDHAR,JOSHI HOSPITAL,Planned,Active,2026-06-07T11:00:00Z,2026-06-07T12:00:00Z,60
1873379,North,JALANDHAR,HARNAM DASS PURA,Planned,Active,2026-06-07T11:00:00Z,2026-06-07T12:00:00Z,60
1873378,North,JALANDHAR,GAZZI GULLA,Planned,Active,2026-06-07T11:00:00Z,2026-06-07T12:00:00Z,60
1873377,North,JALANDHAR,Chowk Sudan,Planned,Active,2026-06-07T11:00:00Z,2026-06-07T12:00:00Z,60
1873376,North,JALANDHAR,Shitla Mandir,Planned,Active,2026-06-07T11:00:00Z,2026-06-07T12:00:00Z,60
1873364,North,JALANDHAR,11 Shaheed Babu Labh Singh Nagar,Planned,Active,2026-06-07T11:00:00Z,2026-06-07T12:00:00Z,60
1873357,North,JALANDHAR,D.I.C .. 1,Planned,Active,2026-06-07T11:00:00Z,2026-06-07T14:00:00Z,180
1873329,North,JALANDHAR,RAI PUR,Planned,Active,2026-06-07T11:00:00Z,2026-06-07T14:00:00Z,180
1873327,North,JALANDHAR,G.D.P.A.,Planned,Active,2026-06-07T11:00:00Z,2026-06-07T14:00:00Z,180
1873325,North,JALANDHAR,BALLAN,Planned,Active,2026-06-07T11:00:00Z,2026-06-07T14:00:00Z,180
1873324,North,JALANDHAR,J.M.P,Planned,Active,2026-06-07T11:00:00Z,2026-06-07T14:00:00Z,180
1873322,North,JALANDHAR,H.B GLOBAL,Planned,Active,2026-06-07T11:00:00Z,2026-06-07T14:00:00Z,180
1873321,North,JALANDHAR,BHARAT,Planned,Active,2026-06-07T11:00:00Z,2026-06-07T14:00:00Z,180
1873319,North,JALANDHAR,Telbro,Planned,Active,2026-06-07T11:00:00Z,2026-06-07T14:00:00Z,180
1873318,North,JALANDHAR,NURPUR UPS,Planned,Active,2026-06-07T11:00:00Z,2026-06-07T14:00:00Z,180
1873317,North,JALANDHAR,Hamco Power,Planned,Active,2026-06-07T11:00:00Z,2026-06-07T14:00:00Z,180
1873315,North,JALANDHAR,PATHANKOT ROAD,Planned,Active,2026-06-07T11:00:00Z,2026-06-07T14:00:00Z,180
1873314,North,JALANDHAR,11 KV J.J.COLONY,Planned,Active,2026-06-07T11:00:00Z,2026-06-07T14:00:00Z,180
1873187,West,BATHINDA,JOGA (UPS),Planned,Active,2026-06-07T11:00:00Z,2026-06-07T15:00:00Z,240
1873026,Central,CITY EAST LUDHIANA,SURINDRA CYCLE,Planned,Active,2026-06-07T11:00:00Z,2026-06-07T15:00:00Z,240
1873024,Central,CITY EAST LUDHIANA,ESSEN FORGING,Planned,Active,2026-06-07T11:00:00Z,2026-06-07T15:00:00Z,240
1873023,Central,CITY EAST LUDHIANA,New Sahibana,Planned,Active,2026-06-07T11:00:00Z,2026-06-07T15:00:00Z,240
1873022,Central,CITY EAST LUDHIANA,J.V.M.,Planned,Active,2026-06-07T11:00:00Z,2026-06-07T15:00:00Z,240
1873021,Central,CITY EAST LUDHIANA,VIKRANT COMPONENT,Planned,Active,2026-06-07T11:00:00Z,2026-06-07T15:00:00Z,240
1873019,Central,CITY EAST LUDHIANA,Amco Gold Star,Planned,Active,2026-06-07T11:00:00Z,2026-06-07T15:00:00Z,240
1873018,Central,CITY EAST LUDHIANA,Gaurav Land Developer,Planned,Active,2026-06-07T11:00:00Z,2026-06-07T15:00:00Z,240
1873017,Central,CITY EAST LUDHIANA,SAINI PRECESSION,Planned,Active,2026-06-07T11:00:00Z,2026-06-07T15:00:00Z,240
1873015,Central,CITY EAST LUDHIANA,CENTEX INTERNATIONAL,Planned,Active,2026-06-07T11:00:00Z,2026-06-07T15:00:00Z,240
1873014,Central,CITY EAST LUDHIANA,Business Park,Planned,Active,2026-06-07T11:00:00Z,2026-06-07T15:00:00Z,240
1873013,Central,CITY EAST LUDHIANA,R.K CONCAST,Planned,Active,2026-06-07T11:00:00Z,2026-06-07T15:00:00Z,240
1873012,Central,CITY EAST LUDHIANA,B.P ALLOYS,Planned,Active,2026-06-07T11:00:00Z,2026-06-07T15:00:00Z,240
1873011,Central,CITY EAST LUDHIANA,EXCELLENT FORG FEEDER,Planned,Active,2026-06-07T11:00:00Z,2026-06-07T15:00:00Z,240
1873010,Central,CITY EAST LUDHIANA,Ajay Forging,Planned,Active,2026-06-07T11:00:00Z,2026-06-07T15:00:00Z,240
1873009,Central,CITY EAST LUDHIANA,Ranjan Madaan,Planned,Active,2026-06-07T11:00:00Z,2026-06-07T15:00:00Z,240
1873008,Central,CITY EAST LUDHIANA,Laj Export,Planned,Active,2026-06-07T11:00:00Z,2026-06-07T15:00:00Z,240
1873007,Central,CITY EAST LUDHIANA,GREATWAY,Planned,Active,2026-06-07T11:00:00Z,2026-06-07T15:00:00Z,240
1873006,Central,CITY EAST LUDHIANA,11 KV Turbo Tool Feeder,Planned,Active,2026-06-07T11:00:00Z,2026-06-07T15:00:00Z,240
1873003,Central,CITY EAST LUDHIANA,SPACE FASHION,Planned,Active,2026-06-07T11:00:00Z,2026-06-07T15:00:00Z,240
1873565,West,BATHINDA,LELEWALA,Unplanned,Closed,2026-06-07T10:59:00Z,2026-06-07T11:10:00Z,11
1873562,Central,CITY EAST LUDHIANA,MOTI NAGAR,Unplanned,Closed,2026-06-07T10:55:00Z,2026-06-07T11:50:00Z,55
1873561,Central,CITY WEST LUDHIANA,JAWADDI,Planned,Closed,2026-06-07T10:51:58Z,2026-06-07T11:25:00Z,33
1873564,North,JALANDHAR,Guru Nanak Nagar,Unplanned,Closed,2026-06-07T10:50:00Z,2026-06-07T11:12:00Z,22
1873560,West,BATHINDA,KHIALA UPS,Planned,Closed,2026-06-07T10:40:21Z,2026-06-07T11:50:33Z,70
1873558,West,BATHINDA,Ganga,Planned,Active,2026-06-07T10:40:00Z,2026-06-07T13:00:00Z,140
1873557,Border,TARN TARAN,City 7,Unplanned,Closed,2026-06-07T10:40:00Z,2026-06-07T11:30:00Z,50
1873555,North,JALANDHAR,DEVI TALAB,Unplanned,Closed,2026-06-07T10:35:00Z,2026-06-07T11:25:00Z,50
1873556,South,SANGRUR,24 HRS. HAMIRGARH,Unplanned,Closed,2026-06-07T10:30:00Z,2026-06-07T10:45:00Z,15
1873554,Central,KHANNA,Labour Colony,Unplanned,Closed,2026-06-07T10:30:00Z,2026-06-07T11:23:00Z,53
1873553,West,MUKATSAR,Sito Road,Unplanned,Closed,2026-06-07T10:30:00Z,2026-06-07T11:05:00Z,35
1873552,North,HOSHIARPUR,KOTLA,Unplanned,Closed,2026-06-07T10:30:00Z,2026-06-07T12:00:00Z,90
1873550,North,HOSHIARPUR,DHOOT KALAN,Unplanned,Closed,2026-06-07T10:30:00Z,2026-06-07T10:46:00Z,16
1873548,North,JALANDHAR,GUDAIPUR,Planned,Active,2026-06-07T10:30:00Z,2026-06-07T13:30:00Z,180
1873396,West,BATHINDA,College Road,Planned,Active,2026-06-07T10:30:00Z,2026-06-07T12:30:00Z,120
1873395,West,BATHINDA,COURT,Planned,Active,2026-06-07T10:30:00Z,2026-06-07T12:30:00Z,120
1873547,North,HOSHIARPUR,khudda,Unplanned,Closed,2026-06-07T10:25:00Z,2026-06-07T10:50:00Z,25
1873544,North,JALANDHAR,SANT RUBBER,Unplanned,Closed,2026-06-07T10:25:00Z,2026-06-07T11:50:00Z,85
1873549,East,ROPAR,Kansala,Unplanned,Closed,2026-06-07T10:20:00Z,2026-06-07T11:05:00Z,45
1873546,South,SANGRUR,11kv Bank road,Unplanned,Closed,2026-06-07T10:20:00Z,2026-06-07T10:38:00Z,18
1873545,South,SANGRUR,Dharampura,Unplanned,Closed,2026-06-07T10:20:00Z,2026-06-07T10:38:00Z,18
1873543,West,BATHINDA,DD Mittal tower,Unplanned,Closed,2026-06-07T10:20:00Z,2026-06-07T11:01:37Z,41
1873270,South,PATIALA,Focal Point-III,Planned,Closed,2026-06-07T10:20:00Z,2026-06-07T11:54:00Z,94
1873551,Border,TARN TARAN,URBAN DUBLI,Unplanned,Active,2026-06-07T10:15:00Z,2026-06-07T12:00:00Z,105
1873542,North,JALANDHAR,HSP ROAD,Unplanned,Closed,2026-06-07T10:15:00Z,2026-06-07T10:30:00Z,15
1873538,Border,GURDASPUR,24HRS U.P.S. MULLIANWAL,Unplanned,Closed,2026-06-07T10:12:00Z,2026-06-07T10:30:00Z,18
1873537,North,HOSHIARPUR,HAMZA,Unplanned,Closed,2026-06-07T10:07:00Z,2026-06-07T10:40:00Z,33
1873539,North,NAWANSHAHR,TAJPUR,Unplanned,Closed,2026-06-07T10:05:00Z,2026-06-07T10:30:00Z,25
1873541,West,BATHINDA,INDUSTRIAL,Unplanned,Active,2026-06-07T10:00:00Z,2026-06-07T12:00:00Z,120
1873472,South,SANGRUR,Industrial,Planned,Active,2026-06-07T10:00:00Z,2026-06-07T13:50:00Z,230
1873471,South,SANGRUR,Industrial Siana road,Planned,Active,2026-06-07T10:00:00Z,2026-06-07T13:50:00Z,230
1873383,North,JALANDHAR,BASTI PEER DAD,Planned,Active,2026-06-07T10:00:00Z,2026-06-07T13:00:00Z,180
1873373,North,JALANDHAR,11 KV SUN SHINE,Planned,Active,2026-06-07T10:00:00Z,2026-06-07T13:00:00Z,180
1873371,North,JALANDHAR,NATIONAL,Planned,Active,2026-06-07T10:00:00Z,2026-06-07T13:00:00Z,180
1873370,North,JALANDHAR,JAINSON INDUSTRIES,Planned,Active,2026-06-07T10:00:00Z,2026-06-07T13:00:00Z,180
1873366,North,JALANDHAR,11KV SALEMPUR,Planned,Active,2026-06-07T10:00:00Z,2026-06-07T13:00:00Z,180
1873356,North,JALANDHAR,Bulandpur road,Planned,Active,2026-06-07T10:00:00Z,2026-06-07T13:00:00Z,180
1873355,North,JALANDHAR,RAM VIHAR,Planned,Active,2026-06-07T10:00:00Z,2026-06-07T13:00:00Z,180
1873354,North,JALANDHAR,RAJA GARDEN,Planned,Active,2026-06-07T10:00:00Z,2026-06-07T13:00:00Z,180
1873353,North,JALANDHAR,GURU NANAK,Planned,Active,2026-06-07T10:00:00Z,2026-06-07T13:00:00Z,180
1873352,North,JALANDHAR,SATYAM,Planned,Active,2026-06-07T10:00:00Z,2026-06-07T13:00:00Z,180
1873351,North,JALANDHAR,DRAIN,Planned,Active,2026-06-07T10:00:00Z,2026-06-07T13:00:00Z,180
1873350,North,JALANDHAR,TOWER,Planned,Active,2026-06-07T10:00:00Z,2026-06-07T13:00:00Z,180
1873348,North,JALANDHAR,SHANKAR,Planned,Active,2026-06-07T10:00:00Z,2026-06-07T13:00:00Z,180
1873347,North,JALANDHAR,VIVEKANAND,Planned,Active,2026-06-07T10:00:00Z,2026-06-07T13:00:00Z,180
1873346,North,JALANDHAR,BABA MANDIR 132KV FOCAL POINT,Planned,Active,2026-06-07T10:00:00Z,2026-06-07T13:00:00Z,180
1873345,North,JALANDHAR,VARINDERA TOOLS,Planned,Active,2026-06-07T10:00:00Z,2026-06-07T13:00:00Z,180
1873337,North,JALANDHAR,Five Star Feeder,Planned,Active,2026-06-07T10:00:00Z,2026-06-07T13:00:00Z,180
1873336,North,JALANDHAR,Chara Mandi,Planned,Active,2026-06-07T10:00:00Z,2026-06-07T13:00:00Z,180
1873335,North,JALANDHAR,MUBARAKPUR SHEKHE,Planned,Active,2026-06-07T10:00:00Z,2026-06-07T13:00:00Z,180
1873333,North,JALANDHAR,KOTLA ROAD,Planned,Active,2026-06-07T10:00:00Z,2026-06-07T13:00:00Z,180
1873277,Central,SUB URBAN LUDHIANA,GRAIN MARKET,Planned,Active,2026-06-07T10:00:00Z,2026-06-07T14:00:00Z,240
1873170,West,FARIDKOT,GOVT. POLYTECHNIC G.T.B. GARH,Planned,Active,2026-06-07T10:00:00Z,2026-06-07T14:00:00Z,240
1873064,Central,CITY EAST LUDHIANA,ISHAN,Planned,Active,2026-06-07T10:00:00Z,2026-06-07T14:00:00Z,240
1873063,Central,CITY EAST LUDHIANA,Rama Krishna,Planned,Active,2026-06-07T10:00:00Z,2026-06-07T14:00:00Z,240
1873059,Central,CITY WEST LUDHIANA,SATSANG GHAR,Planned,Active,2026-06-07T10:00:00Z,2026-06-07T14:00:00Z,240
1872749,Central,CITY WEST LUDHIANA,MANSAROVAR,Planned,Active,2026-06-07T10:00:00Z,2026-06-07T14:00:00Z,240
1872742,Central,CITY WEST LUDHIANA,EASTMAN,Planned,Active,2026-06-07T10:00:00Z,2026-06-07T14:00:00Z,240
1872741,Central,CITY WEST LUDHIANA,"BALA JI, KNG",Planned,Active,2026-06-07T10:00:00Z,2026-06-07T14:00:00Z,240
1872735,Central,CITY WEST LUDHIANA,Gobind Rubber 1 New,Planned,Active,2026-06-07T10:00:00Z,2026-06-07T14:00:00Z,240
1872734,Central,CITY WEST LUDHIANA,SKYWAY,Planned,Active,2026-06-07T10:00:00Z,2026-06-07T14:00:00Z,240
1872733,Central,CITY WEST LUDHIANA,PANAMA ALLOYS,Planned,Active,2026-06-07T10:00:00Z,2026-06-07T14:00:00Z,240
1872732,Central,CITY WEST LUDHIANA,METRO AZAD,Planned,Active,2026-06-07T10:00:00Z,2026-06-07T14:00:00Z,240
1872731,Central,CITY WEST LUDHIANA,A.S ALLOY,Planned,Active,2026-06-07T10:00:00Z,2026-06-07T14:00:00Z,240
1872730,Central,CITY WEST LUDHIANA,THAPSON,Planned,Active,2026-06-07T10:00:00Z,2026-06-07T14:00:00Z,240
1873536,North,JALANDHAR,ADDA HOSHIARPUR,Unplanned,Closed,2026-06-07T09:56:00Z,2026-06-07T10:25:00Z,29
1873535,North,NAWANSHAHR,JALALPUR,Unplanned,Closed,2026-06-07T09:50:00Z,2026-06-07T10:20:00Z,30
1873540,South,BARNALA,RUREKE KALAN UPS,Unplanned,Closed,2026-06-07T09:48:00Z,2026-06-07T11:35:00Z,107
1873534,North,HOSHIARPUR,KHARDEHER,Unplanned,Closed,2026-06-07T09:45:00Z,2026-06-07T10:20:00Z,35
1873533,South,SANGRUR,Rajindrapuri,Unplanned,Closed,2026-06-07T09:45:00Z,2026-06-07T11:05:00Z,80
1873530,West,MUKATSAR,11 KV SUKHCHAIN,Unplanned,Closed,2026-06-07T09:43:49Z,2026-06-07T10:05:58Z,22
1873532,West,MUKATSAR,11 KV Bhagsar UPS,Unplanned,Closed,2026-06-07T09:43:31Z,2026-06-07T10:14:39Z,31
1873531,West,MUKATSAR,11 KV SARDARPURA UPS,Unplanned,Closed,2026-06-07T09:43:09Z,2026-06-07T10:05:17Z,22
1873528,Central,CITY WEST LUDHIANA,MANDI BOARD,Unplanned,Closed,2026-06-07T09:35:19Z,2026-06-07T11:19:58Z,104
1873524,Central,CITY WEST LUDHIANA,WAHEGURU ROAD,Unplanned,Closed,2026-06-07T09:30:23Z,2026-06-07T10:10:07Z,39
1873527,North,JALANDHAR,HAZARA,Unplanned,Closed,2026-06-07T09:30:00Z,2026-06-07T09:55:00Z,25
1873523,South,SANGRUR,POLICE LINE,Unplanned,Closed,2026-06-07T09:29:42Z,2026-06-07T09:59:51Z,30
1873526,North,JALANDHAR,KADIAN,Unplanned,Closed,2026-06-07T09:29:00Z,2026-06-07T11:23:00Z,114
1873529,Border,TARN TARAN,THATHIAN 3 W URBAN`,Unplanned,Closed,2026-06-07T09:25:00Z,2026-06-07T10:15:00Z,50
1873521,Border,GURDASPUR,Bamial 24hrs,Unplanned,Closed,2026-06-07T09:20:00Z,2026-06-07T09:35:00Z,15
1873520,Central,KHANNA,IKOLAHA,Unplanned,Closed,2026-06-07T09:18:00Z,2026-06-07T10:30:00Z,72
1873518,Border,GURDASPUR,Lamini,Unplanned,Closed,2026-06-07T09:18:00Z,2026-06-07T09:49:00Z,31
1873517,Border,GURDASPUR,CITY 2,Unplanned,Closed,2026-06-07T09:18:00Z,2026-06-07T09:49:00Z,31
1873525,Border,TARN TARAN,GANDIWIND 24 HRS SUPPLY,Unplanned,Closed,2026-06-07T09:15:00Z,2026-06-07T09:50:00Z,35
1873519,Central,KHANNA,BAGHOUR,Unplanned,Closed,2026-06-07T09:15:00Z,2026-06-07T10:03:00Z,48
1873516,Border,GURDASPUR,Basau Barwan,Unplanned,Closed,2026-06-07T09:15:00Z,2026-06-07T09:50:00Z,35
1873514,South,SANGRUR,.INDUSTRIAL (G/S/S_Bakhopir),Unplanned,Closed,2026-06-07T09:13:25Z,2026-06-07T09:40:41Z,27
1873513,East,Zirakpur,SANULI,Unplanned,Closed,2026-06-07T09:10:00Z,2026-06-07T09:25:00Z,15
1873515,North,HOSHIARPUR,PEALAN,Unplanned,Closed,2026-06-07T09:06:00Z,2026-06-07T09:26:00Z,20
1873511,North,HOSHIARPUR,KHARKAN,Unplanned,Closed,2026-06-07T09:05:00Z,2026-06-07T09:17:00Z,12
1873362,North,JALANDHAR,SUN FLAG,Planned,Closed,2026-06-07T09:05:00Z,2026-06-07T11:53:00Z,168
1873361,North,JALANDHAR,SANJAY GANDHI NAGAR,Planned,Closed,2026-06-07T09:05:00Z,2026-06-07T11:53:00Z,168
1873512,West,FARIDKOT,GANGSAR,Unplanned,Active,2026-06-07T09:03:00Z,2026-06-07T13:00:00Z,237
1873263,Central,CITY EAST LUDHIANA,GTB Nagar,Planned,Active,2026-06-07T09:00:19Z,2026-06-07T12:39:35Z,219
1873262,Central,CITY EAST LUDHIANA,11 KV KOHLI,Planned,Active,2026-06-07T09:00:19Z,2026-06-07T12:39:35Z,219
1873261,Central,CITY EAST LUDHIANA,Khanna industry,Planned,Active,2026-06-07T09:00:19Z,2026-06-07T12:39:35Z,219
1873259,Central,CITY EAST LUDHIANA,Fine Finishing,Planned,Active,2026-06-07T09:00:19Z,2026-06-07T12:39:35Z,219
1873258,Central,CITY EAST LUDHIANA,Surbhi,Planned,Active,2026-06-07T09:00:19Z,2026-06-07T12:39:35Z,219
1873257,Central,CITY EAST LUDHIANA,Sheyog Dyeing,Planned,Active,2026-06-07T09:00:19Z,2026-06-07T12:39:35Z,219
1873509,East,ROPAR,11 KV Ghulal,Unplanned,Closed,2026-06-07T09:00:00Z,2026-06-07T10:00:00Z,60
1873501,East,Zirakpur,RAMAP PETRO,Planned,Closed,2026-06-07T09:00:00Z,2026-06-07T11:41:00Z,161
1873302,Central,CITY WEST LUDHIANA,ADDI,Planned,Active,2026-06-07T09:00:00Z,2026-06-07T13:00:00Z,240
1873299,Central,CITY WEST LUDHIANA,AERODRUM(AIRPORT),Planned,Active,2026-06-07T09:00:00Z,2026-06-07T13:00:00Z,240
1873298,Central,CITY WEST LUDHIANA,KHURANA ROLLING,Planned,Active,2026-06-07T09:00:00Z,2026-06-07T13:00:00Z,240
1873296,Central,CITY WEST LUDHIANA,PREMIUM COMPLEX,Planned,Active,2026-06-07T09:00:00Z,2026-06-07T13:00:00Z,240
1873295,Central,CITY WEST LUDHIANA,SAHIB METAL,Planned,Active,2026-06-07T09:00:00Z,2026-06-07T13:00:00Z,240
1873294,Central,CITY WEST LUDHIANA,GOBINDGARH,Planned,Active,2026-06-07T09:00:00Z,2026-06-07T13:00:00Z,240
1873293,Central,CITY WEST LUDHIANA,SINGLA,Planned,Active,2026-06-07T09:00:00Z,2026-06-07T13:00:00Z,240
1873292,Central,CITY WEST LUDHIANA,VARDHMAN,Planned,Active,2026-06-07T09:00:00Z,2026-06-07T13:00:00Z,240
1873291,Central,CITY WEST LUDHIANA,SHAROMANI,Planned,Active,2026-06-07T09:00:00Z,2026-06-07T13:00:00Z,240
1873290,Central,CITY WEST LUDHIANA,SARDAR,Planned,Active,2026-06-07T09:00:00Z,2026-06-07T13:00:00Z,240
1873068,Central,CITY EAST LUDHIANA,GTB Nagar,Planned,Active,2026-06-07T09:00:00Z,2026-06-07T19:00:00Z,600
1873067,Central,CITY EAST LUDHIANA,Fine Finishing,Planned,Active,2026-06-07T09:00:00Z,2026-06-07T19:00:00Z,600
1873066,Central,CITY EAST LUDHIANA,Sheyog Dyeing,Planned,Active,2026-06-07T09:00:00Z,2026-06-07T19:00:00Z,600
1873065,Central,CITY EAST LUDHIANA,Surbhi,Planned,Active,2026-06-07T09:00:00Z,2026-06-07T19:00:00Z,600
1873062,Central,CITY EAST LUDHIANA,Khanna industry,Planned,Active,2026-06-07T09:00:00Z,2026-06-07T19:00:00Z,600
1873061,Central,CITY EAST LUDHIANA,KOHLI,Planned,Active,2026-06-07T09:00:00Z,2026-06-07T19:00:00Z,600
1873510,North,JALANDHAR,BADDON,Unplanned,Closed,2026-06-07T08:55:00Z,2026-06-07T10:15:00Z,80
1873503,North,JALANDHAR,DRAIN,Unplanned,Closed,2026-06-07T08:55:00Z,2026-06-07T09:16:00Z,21
1873498,South,PATIALA,11 KV SHAHPUR,Planned,Active,2026-06-07T08:52:59Z,2026-06-07T12:59:59Z,247
1873508,South,PATIALA,rajpura road,Planned,Active,2026-06-07T08:52:00Z,2026-06-07T12:58:00Z,246
1873506,South,PATIALA,11 KV UPS-2 ?azror Feeder,Planned,Active,2026-06-07T08:52:00Z,2026-06-07T12:59:00Z,247
1873505,Central,KHANNA,KATAHRI,Unplanned,Closed,2026-06-07T08:52:00Z,2026-06-07T09:55:00Z,63
1873502,North,HOSHIARPUR,BUNGA SAHIB,Unplanned,Closed,2026-06-07T08:45:00Z,2026-06-07T09:20:00Z,35
1873499,Central,CITY WEST LUDHIANA,MICROWAVE FEEDER,Unplanned,Closed,2026-06-07T08:37:22Z,2026-06-07T09:43:52Z,66
1873507,Border,GURDASPUR,METLE,Unplanned,Closed,2026-06-07T08:35:00Z,2026-06-07T09:45:00Z,70
1873497,Border,SUB URBAN AMRITSAR,Chogawan,Unplanned,Closed,2026-06-07T08:33:00Z,2026-06-07T10:02:00Z,89
1873500,North,HOSHIARPUR,MANA,Unplanned,Closed,2026-06-07T08:32:00Z,2026-06-07T10:25:00Z,113
1873504,South,PATIALA,BABA DEEP SINGH,Unplanned,Closed,2026-06-07T08:30:00Z,2026-06-07T08:55:00Z,25
1873496,West,BATHINDA,MAX HOSPITAL,Unplanned,Closed,2026-06-07T08:30:00Z,2026-06-07T09:01:00Z,31
1873522,Border,GURDASPUR,Abdaal 24 Hrs.,Unplanned,Closed,2026-06-07T08:25:00Z,2026-06-07T10:05:00Z,100
1873495,West,FARIDKOT,11KV GREEN AVENUE,Unplanned,Closed,2026-06-07T08:23:33Z,2026-06-07T09:03:24Z,39
1873493,Border,GURDASPUR,Jugial,Unplanned,Closed,2026-06-07T08:20:00Z,2026-06-07T08:38:00Z,18
1873494,North,KAPURTHALA,UPS DALLA,Unplanned,Closed,2026-06-07T08:15:00Z,2026-06-07T08:50:00Z,35
1873490,West,FEROZPUR,MADHRE,Unplanned,Closed,2026-06-07T08:12:00Z,2026-06-07T11:08:00Z,176
1873492,Border,GURDASPUR,DEHAR,Unplanned,Closed,2026-06-07T08:05:00Z,2026-06-07T08:40:00Z,35
1873491,Border,GURDASPUR,ADDA BEHRAMPUR,Unplanned,Closed,2026-06-07T08:05:00Z,2026-06-07T08:55:00Z,50
1873488,North,HOSHIARPUR,PALAKI,Unplanned,Closed,2026-06-07T08:05:00Z,2026-06-07T08:40:00Z,35
1873486,North,HOSHIARPUR,Chabbewal,Unplanned,Closed,2026-06-07T08:02:00Z,2026-06-07T09:20:00Z,78
1873485,North,HOSHIARPUR,HAJIPUR,Unplanned,Closed,2026-06-07T08:02:00Z,2026-06-07T08:55:00Z,53
1873489,North,JALANDHAR,URBAN RURAL,Unplanned,Closed,2026-06-07T08:01:00Z,2026-06-07T08:16:00Z,15
1873470,East,ROPAR,ML INDUSTRY,Planned,Active,2026-06-07T08:00:21Z,2026-06-07T18:20:21Z,620
1873469,East,ROPAR,INDEPENDENT KARAM INDUSTRY,Planned,Active,2026-06-07T08:00:21Z,2026-06-07T18:20:21Z,620
1873468,East,ROPAR,PUNJAB TISSUE,Planned,Active,2026-06-07T08:00:21Z,2026-06-07T18:20:21Z,620
1873467,East,ROPAR,WINDSOR,Planned,Active,2026-06-07T08:00:21Z,2026-06-07T18:20:21Z,620
1873466,East,ROPAR,INDUSTRY,Planned,Active,2026-06-07T08:00:21Z,2026-06-07T18:20:21Z,620
1873484,South,SANGRUR,11 KV CHHAJLI INDUSTRIAL,Unplanned,Closed,2026-06-07T08:00:02Z,2026-06-07T08:24:14Z,24
1873487,West,FARIDKOT,GANGSAR,Unplanned,Closed,2026-06-07T07:59:00Z,2026-06-07T09:02:00Z,63
1873482,West,MUKATSAR,INDUSTRIAL,Unplanned,Closed,2026-06-07T07:48:00Z,2026-06-07T08:04:00Z,16
1873481,North,HOSHIARPUR,FATEHGARH,Unplanned,Closed,2026-06-07T07:45:00Z,2026-06-07T08:55:00Z,70
1873479,North,JALANDHAR,KADIAN,Unplanned,Closed,2026-06-07T07:30:00Z,2026-06-07T09:15:00Z,105
1873478,Border,GURDASPUR,11 kv Dhupshari ups,Planned,Closed,2026-06-07T07:30:00Z,2026-06-07T08:10:00Z,40
1873477,North,HOSHIARPUR,RAILWAY STATION,Unplanned,Closed,2026-06-07T07:30:00Z,2026-06-07T07:54:00Z,24
1873474,Central,KHANNA,Focal Point 2,Unplanned,Closed,2026-06-07T07:26:00Z,2026-06-07T08:37:00Z,71
1873475,West,MUKATSAR,11 KV Bhagsar UPS,Unplanned,Closed,2026-06-07T07:22:00Z,2026-06-07T07:47:00Z,25
1873473,Border,TARN TARAN,DEHRA SAHIB UPS (BRAHMPURA),Unplanned,Closed,2026-06-07T07:10:00Z,2026-06-07T07:45:00Z,35
1873465,North,KAPURTHALA,URBAN Malsian,Unplanned,Closed,2026-06-07T07:10:00Z,2026-06-07T08:40:00Z,90
1873464,South,PATIALA,UPS THUHI,Unplanned,Closed,2026-06-07T07:10:00Z,2026-06-07T08:35:00Z,85
1873463,Border,SUB URBAN AMRITSAR,11 KV WADALA,Unplanned,Closed,2026-06-07T07:09:00Z,2026-06-07T08:04:00Z,55
1873483,Border,GURDASPUR,11 KV Dala,Unplanned,Closed,2026-06-07T07:05:00Z,2026-06-07T09:40:00Z,155
1873476,Border,GURDASPUR,Talwandi Goraya,Unplanned,Closed,2026-06-07T07:05:00Z,2026-06-07T07:20:00Z,15
1873462,Border,SUB URBAN AMRITSAR,GURU NANAKPURA,Unplanned,Closed,2026-06-07T07:05:00Z,2026-06-07T07:35:00Z,30
1873242,Central,CITY WEST LUDHIANA,SUDHIR FORGING,Planned,Closed,2026-06-07T07:00:00Z,2026-06-07T11:00:00Z,240
1873241,Central,CITY WEST LUDHIANA,Gobind Rubber-2 New,Planned,Closed,2026-06-07T07:00:00Z,2026-06-07T11:00:00Z,240
1873240,Central,CITY WEST LUDHIANA,OSWAL ALLOY,Planned,Closed,2026-06-07T07:00:00Z,2026-06-07T11:00:00Z,240
1873239,Central,CITY WEST LUDHIANA,V K CONCAST,Planned,Closed,2026-06-07T07:00:00Z,2026-06-07T11:00:00Z,240
1873237,Central,CITY WEST LUDHIANA,Texla Road,Planned,Closed,2026-06-07T07:00:00Z,2026-06-07T11:00:00Z,240
1873236,Central,CITY WEST LUDHIANA,S.B.J,Planned,Closed,2026-06-07T07:00:00Z,2026-06-07T11:00:00Z,240
1873235,Central,CITY WEST LUDHIANA,DEMARTE,Planned,Closed,2026-06-07T07:00:00Z,2026-06-07T11:00:00Z,240
1873234,Central,CITY WEST LUDHIANA,MJ Rubber,Planned,Closed,2026-06-07T07:00:00Z,2026-06-07T11:00:00Z,240
1873233,Central,CITY WEST LUDHIANA,KANGANWAL,Planned,Closed,2026-06-07T07:00:00Z,2026-06-07T11:00:00Z,240
1873231,Central,CITY WEST LUDHIANA,VISHKARMA,Planned,Closed,2026-06-07T07:00:00Z,2026-06-07T11:00:00Z,240
1873230,Central,CITY WEST LUDHIANA,VAIDYA ALLOY,Planned,Closed,2026-06-07T07:00:00Z,2026-06-07T11:00:00Z,240
1873229,Central,CITY WEST LUDHIANA,KL Ispat,Planned,Closed,2026-06-07T07:00:00Z,2026-06-07T11:00:00Z,240
1873227,Central,CITY WEST LUDHIANA,D.M.K,Planned,Closed,2026-06-07T07:00:00Z,2026-06-07T11:00:00Z,240
1873226,Central,CITY WEST LUDHIANA,DURGA CONCAST,Planned,Closed,2026-06-07T07:00:00Z,2026-06-07T11:00:00Z,240
1873225,Central,CITY WEST LUDHIANA,Pawa Road,Planned,Closed,2026-06-07T07:00:00Z,2026-06-07T11:00:00Z,240
1873224,Central,CITY WEST LUDHIANA,PROMINENT,Planned,Closed,2026-06-07T07:00:00Z,2026-06-07T11:00:00Z,240
1873223,Central,CITY WEST LUDHIANA,NORTH STAR,Planned,Closed,2026-06-07T07:00:00Z,2026-06-07T11:00:00Z,240
1873222,Central,CITY WEST LUDHIANA,RAJ CASTING,Planned,Closed,2026-06-07T07:00:00Z,2026-06-07T11:00:00Z,240
1873221,Central,CITY WEST LUDHIANA,Batta,Planned,Closed,2026-06-07T07:00:00Z,2026-06-07T11:00:00Z,240
1873220,Central,CITY WEST LUDHIANA,KABIR EMPAX,Planned,Closed,2026-06-07T07:00:00Z,2026-06-07T11:00:00Z,240
1873219,Central,CITY WEST LUDHIANA,ANAND MANGAL,Planned,Closed,2026-06-07T07:00:00Z,2026-06-07T11:00:00Z,240
1873460,North,NAWANSHAHR,AKALIANA,Unplanned,Closed,2026-06-07T06:55:00Z,2026-06-07T07:55:00Z,60
1873457,East,MOHALI,11KV PEARL,Unplanned,Closed,2026-06-07T06:52:00Z,2026-06-07T07:33:00Z,41
1873456,Border,GURDASPUR,Dheriwal,Unplanned,Closed,2026-06-07T06:51:00Z,2026-06-07T07:58:00Z,67
1873455,East,MOHALI,Sec 55,Unplanned,Closed,2026-06-07T06:50:51Z,2026-06-07T08:01:00Z,70
1873480,Border,SUB URBAN AMRITSAR,Fathapur,Unplanned,Closed,2026-06-07T06:50:00Z,2026-06-07T08:29:41Z,99
1873454,East,ROPAR,MUKARI,Unplanned,Closed,2026-06-07T06:48:29Z,2026-06-07T07:14:00Z,25
1873458,Border,GURDASPUR,BhojRaj,Planned,Closed,2026-06-07T06:46:00Z,2026-06-07T08:35:00Z,109
1873459,South,PATIALA,Ram Ashram,Unplanned,Closed,2026-06-07T06:45:00Z,2026-06-07T08:40:07Z,115
1873452,West,FARIDKOT,Nanaksar UPS,Unplanned,Closed,2026-06-07T06:40:00Z,2026-06-07T06:55:00Z,15
1873451,Central,KHANNA,Alloona Miana,Unplanned,Closed,2026-06-07T06:40:00Z,2026-06-07T07:50:00Z,70
1873453,North,NAWANSHAHR,UPS-4,Unplanned,Closed,2026-06-07T06:38:19Z,2026-06-07T07:32:24Z,54
1873450,North,KAPURTHALA,MALL ROAD URBAN,Unplanned,Closed,2026-06-07T06:37:00Z,2026-06-07T06:59:00Z,22
1873449,North,HOSHIARPUR,Chabbewal,Unplanned,Closed,2026-06-07T06:35:00Z,2026-06-07T07:25:00Z,50
1873461,Border,GURDASPUR,Malikpur,Unplanned,Closed,2026-06-07T06:30:00Z,2026-06-07T07:46:00Z,76
1873448,West,FEROZPUR,Attari Urban,Unplanned,Closed,2026-06-07T06:30:00Z,2026-06-07T08:24:00Z,114
1873447,North,NAWANSHAHR,MAHIPUR,Unplanned,Closed,2026-06-07T06:25:00Z,2026-06-07T07:40:00Z,75
1873445,North,HOSHIARPUR,HAMZA,Unplanned,Closed,2026-06-07T06:25:00Z,2026-06-07T08:00:00Z,95
1873444,North,HOSHIARPUR,CHHAMB,Unplanned,Closed,2026-06-07T06:20:00Z,2026-06-07T07:15:00Z,55
1873439,Central,KHANNA,A.K. CONCAST,Planned,Closed,2026-06-07T06:15:48Z,2026-06-07T06:44:24Z,28
1873442,Central,CITY WEST LUDHIANA,KUNDAN WOOD,Unplanned,Closed,2026-06-07T06:12:00Z,2026-06-07T07:08:50Z,56
1873440,Central,CITY EAST LUDHIANA,PATIALA HOUSE,Unplanned,Closed,2026-06-07T06:10:00Z,2026-06-07T06:48:00Z,38
1873443,West,MUKATSAR,DISPOSAL WORKS,Unplanned,Closed,2026-06-07T06:05:00Z,2026-06-07T07:45:00Z,100
1873438,South,SANGRUR,CITY-5,Unplanned,Closed,2026-06-07T06:02:00Z,2026-06-07T07:28:00Z,86
1873446,Border,SUB URBAN AMRITSAR,Disposal,Unplanned,Closed,2026-06-07T06:01:00Z,2026-06-07T06:35:48Z,34
1873434,Border,CITY AMRITSAR,GT road,Unplanned,Closed,2026-06-07T06:01:00Z,2026-06-07T06:45:00Z,44
1873436,Border,SUB URBAN AMRITSAR,LAKHUWAL,Unplanned,Closed,2026-06-07T06:00:00Z,2026-06-07T06:51:00Z,51
1873441,Border,GURDASPUR,Shahpurkandi,Unplanned,Closed,2026-06-07T05:56:00Z,2026-06-07T07:56:00Z,120
1873437,Border,GURDASPUR,Jugial,Unplanned,Closed,2026-06-07T05:55:00Z,2026-06-07T07:26:00Z,91
1873435,North,KAPURTHALA,URBAN Bilga,Unplanned,Closed,2026-06-07T05:55:00Z,2026-06-07T06:45:00Z,50
1873431,North,HOSHIARPUR,TALWARA,Unplanned,Closed,2026-06-07T05:45:00Z,2026-06-07T05:55:00Z,10
1873429,North,JALANDHAR,URBAN RURAL,Unplanned,Closed,2026-06-07T05:40:00Z,2026-06-07T06:45:00Z,65
1873433,Border,GURDASPUR,11KV DHARAMKOT AP,Unplanned,Closed,2026-06-07T05:35:00Z,2026-06-07T06:20:00Z,45
1873430,West,FARIDKOT,Nathewala,Unplanned,Closed,2026-06-07T05:30:00Z,2026-06-07T07:11:00Z,101
1873428,North,NAWANSHAHR,KANGNA,Unplanned,Closed,2026-06-07T05:30:00Z,2026-06-07T05:55:00Z,25
1873432,Border,GURDASPUR,DAMODAR,Unplanned,Closed,2026-06-07T05:20:00Z,2026-06-07T05:45:00Z,25
1873426,West,BATHINDA,DD Mittal tower,Unplanned,Closed,2026-06-07T05:13:00Z,2026-06-07T07:43:53Z,150
1873427,North,NAWANSHAHR,UPS Katpalon,Unplanned,Closed,2026-06-07T05:10:00Z,2026-06-07T05:15:00Z,5
1873424,North,JALANDHAR,RERRU,Unplanned,Closed,2026-06-07T04:42:00Z,2026-06-07T05:45:00Z,63
1873423,South,SANGRUR,GHORENAB UPS,Unplanned,Closed,2026-06-07T04:36:00Z,2026-06-07T06:00:00Z,84
1873422,North,JALANDHAR,PREET NAGAR,Unplanned,Closed,2026-06-07T04:35:00Z,2026-06-07T05:04:00Z,29
1873425,East,ROPAR,SUVI INDUSTRIES,Unplanned,Closed,2026-06-07T04:16:00Z,2026-06-07T08:00:00Z,224
1873421,West,BATHINDA,SANGUANA BASTI,Unplanned,Closed,2026-06-07T04:10:00Z,2026-06-07T08:07:18Z,237
1873420,Central,CITY WEST LUDHIANA,GOBIND NAGAR FEEDER,Unplanned,Closed,2026-06-07T03:15:24Z,2026-06-07T04:02:25Z,47
1873419,West,FARIDKOT,Guru Ram Dass Nagar,Unplanned,Closed,2026-06-07T02:42:00Z,2026-06-07T03:20:00Z,38
1873417,Central,KHANNA,Chander Lok,Unplanned,Closed,2026-06-07T02:20:00Z,2026-06-07T04:20:00Z,120
1873416,West,MUKATSAR,11 Kv Bhular,Unplanned,Closed,2026-06-07T02:10:00Z,2026-06-07T03:05:00Z,55
1873414,Central,CITY WEST LUDHIANA,OVERLOCK,Unplanned,Closed,2026-06-07T01:56:59Z,2026-06-07T02:38:01Z,41
1873415,South,SANGRUR,MOONAK CITY,Unplanned,Closed,2026-06-07T01:49:00Z,2026-06-07T07:45:00Z,356
1873411,Border,GURDASPUR,Goal Mandir,Unplanned,Closed,2026-06-07T01:35:00Z,2026-06-07T01:46:00Z,11
1873412,West,FARIDKOT,SHAHEED BHAGAT SINGH NAGAR,Unplanned,Closed,2026-06-07T01:34:00Z,2026-06-07T02:02:00Z,28
1873410,South,SANGRUR,SULAR CITY,Unplanned,Closed,2026-06-07T01:26:00Z,2026-06-07T03:10:00Z,104
1873409,Border,SUB URBAN AMRITSAR,NEHRU COLONY,Unplanned,Closed,2026-06-07T01:23:00Z,2026-06-07T01:45:00Z,22
1873408,Central,CITY WEST LUDHIANA,GOBIND NAGAR FEEDER,Unplanned,Closed,2026-06-07T01:15:03Z,2026-06-07T01:43:21Z,28
1873407,Border,GURDASPUR,Shahpurkandi,Unplanned,Closed,2026-06-07T01:06:00Z,2026-06-07T02:45:00Z,99
1873413,Border,CITY AMRITSAR,DHAB WASTI RAM,Unplanned,Closed,2026-06-07T01:05:00Z,2026-06-07T02:05:00Z,60
1873406,South,SANGRUR,COLLEGE ROAD,Unplanned,Closed,2026-06-07T00:55:00Z,2026-06-07T01:50:00Z,55
1873403,Border,TARN TARAN,URBAN WADDI MANDI PATTI,Unplanned,Closed,2026-06-07T00:47:27Z,2026-06-07T01:16:49Z,29
1873405,Border,SUB URBAN AMRITSAR,11 KV INDRA COLONY,Unplanned,Closed,2026-06-07T00:45:00Z,2026-06-07T01:20:00Z,35
1873404,North,JALANDHAR,11 KV  GRAIN MARKET (New),Unplanned,Closed,2026-06-07T00:45:00Z,2026-06-07T01:38:00Z,53
1873402,Central,CITY WEST LUDHIANA,DUSHERA GROUND,Unplanned,Closed,2026-06-07T00:40:00Z,2026-06-07T01:27:00Z,47
1873418,Border,TARN TARAN,Khem Karan,Unplanned,Closed,2026-06-07T00:30:00Z,2026-06-07T03:00:00Z,150
1873400,West,MUKATSAR,Guru Nanak Nagri,Unplanned,Closed,2026-06-07T00:25:52Z,2026-06-07T02:35:00Z,129
1873399,Central,KHANNA,Khanna feeder,Unplanned,Closed,2026-06-07T00:23:00Z,2026-06-07T01:13:00Z,50
1873397,Central,KHANNA,Chander Lok,Unplanned,Closed,2026-06-07T00:15:00Z,2026-06-07T01:50:00Z,95
1873394,South,BARNALA,LOHA BAZAR,Unplanned,Closed,2026-06-07T00:07:09Z,2026-06-07T00:47:39Z,40
1873398,South,SANGRUR,POLICE LINE,Unplanned,Closed,2026-06-07T00:06:00Z,2026-06-07T00:48:00Z,42
1873392,Central,CITY WEST LUDHIANA,SATGURU NAGAR,Unplanned,Closed,2026-06-06T23:55:06Z,2026-06-07T00:23:39Z,28
1873390,South,PATIALA,BABA DEEP SINGH,Unplanned,Closed,2026-06-06T23:45:00Z,2026-06-07T00:00:00Z,15
1873388,Central,CITY EAST LUDHIANA,PRITAM PURI,Planned,Closed,2026-06-06T23:45:00Z,2026-06-07T00:40:00Z,55
1873387,Central,CITY EAST LUDHIANA,Trikoni Park,Planned,Closed,2026-06-06T23:45:00Z,2026-06-07T00:40:00Z,55
1873384,West,FARIDKOT,GANGSAR,Unplanned,Closed,2026-06-06T23:41:00Z,2026-06-07T01:22:00Z,101
1873386,Border,TARN TARAN,BEAS CITY,Unplanned,Closed,2026-06-06T23:40:00Z,2026-06-07T00:15:00Z,35
1873393,North,NAWANSHAHR,City-2,Unplanned,Closed,2026-06-06T23:30:00Z,2026-06-07T00:10:00Z,40
1873374,East,Zirakpur,DAPPAR,Planned,Closed,2026-06-06T23:30:00Z,2026-06-06T23:58:00Z,28
1873380,North,HOSHIARPUR,MEGHOWAL,Unplanned,Closed,2026-06-06T23:25:00Z,2026-06-06T23:40:00Z,15
1873381,South,SANGRUR,ITI MOONAK,Unplanned,Closed,2026-06-06T23:20:00Z,2026-06-07T01:49:00Z,149
1873375,East,ROPAR,11KV Alampur,Unplanned,Closed,2026-06-06T23:16:00Z,2026-06-07T00:15:00Z,59
1873369,Central,CITY WEST LUDHIANA,GOBIND NAGAR FEEDER,Unplanned,Closed,2026-06-06T23:08:08Z,2026-06-06T23:45:28Z,37
1873372,Border,GURDASPUR,Kahnuwan City,Unplanned,Closed,2026-06-06T23:05:00Z,2026-06-06T23:40:00Z,35
1873368,South,SANGRUR,UPS DORALI,Unplanned,Closed,2026-06-06T22:57:00Z,2026-06-06T23:35:00Z,38
1873365,West,MUKATSAR,11 KV Sappan wali,Unplanned,Closed,2026-06-06T22:55:00Z,2026-06-06T23:15:43Z,20
1873358,North,HOSHIARPUR,HANDHWAL UPS,Unplanned,Closed,2026-06-06T22:45:00Z,2026-06-06T23:20:00Z,35
1873359,South,PATIALA,11 KV UPS Assmanpur,Unplanned,Closed,2026-06-06T22:40:00Z,2026-06-06T23:30:00Z,50
1873349,South,SANGRUR,CITY 6,Unplanned,Closed,2026-06-06T22:40:00Z,2026-06-06T23:08:00Z,28
1873344,West,FARIDKOT,DHILWAN URBAN,Unplanned,Closed,2026-06-06T22:40:00Z,2026-06-06T22:57:00Z,17
1873342,West,MUKATSAR,UPS No. 2 Karni Khera,Unplanned,Closed,2026-06-06T22:37:21Z,2026-06-06T23:50:42Z,73
1873363,Border,GURDASPUR,Gorsiya,Unplanned,Closed,2026-06-06T22:33:00Z,2026-06-06T23:02:00Z,29
1873367,Border,SUB URBAN AMRITSAR,Gehri,Planned,Closed,2026-06-06T22:30:00Z,2026-06-06T23:20:00Z,50
1873341,Central,KHANNA,Dehru,Unplanned,Closed,2026-06-06T22:28:00Z,2026-06-06T23:12:00Z,44
1873339,North,JALANDHAR,RAMA MANDI,Unplanned,Closed,2026-06-06T22:18:00Z,2026-06-06T22:35:00Z,17
1873331,West,BATHINDA,KISHANGARH URBAN,Unplanned,Closed,2026-06-06T22:01:00Z,2026-06-06T22:25:00Z,24
1873334,West,MUKATSAR,11 KV Sappan wali,Unplanned,Closed,2026-06-06T21:52:09Z,2026-06-06T22:25:17Z,33
1873328,South,SANGRUR,Benra,Unplanned,Closed,2026-06-06T21:51:00Z,2026-06-06T22:55:00Z,64
1873332,South,PATIALA,Yadwindra  Colony,Unplanned,Closed,2026-06-06T21:50:45Z,2026-06-06T22:45:02Z,54
1873338,North,HOSHIARPUR,TALWARA,Unplanned,Closed,2026-06-06T21:50:00Z,2026-06-06T22:20:00Z,30
1873323,West,FARIDKOT,KANER,Unplanned,Closed,2026-06-06T21:49:21Z,2026-06-07T00:00:00Z,130
1873330,East,MOHALI,11 KV BATHLANA UPS,Unplanned,Closed,2026-06-06T21:47:00Z,2026-06-06T23:30:00Z,103
1873326,North,KAPURTHALA,URBAN MARKFED,Unplanned,Closed,2026-06-06T21:43:00Z,2026-06-06T22:25:00Z,42
1873316,Central,KHANNA,Jim Khana,Unplanned,Closed,2026-06-06T21:41:00Z,2026-06-06T22:20:00Z,39
1873313,West,MUKATSAR,11 KV KANDHWALA UPS,Unplanned,Closed,2026-06-06T21:40:21Z,2026-06-06T22:45:00Z,64
1873320,East,MOHALI,scada-1,Unplanned,Closed,2026-06-06T21:40:00Z,2026-06-06T21:55:00Z,15
1873309,South,SANGRUR,NABHA GATE,Unplanned,Closed,2026-06-06T21:32:00Z,2026-06-06T21:51:00Z,19
1873340,Border,TARN TARAN,UPS CHUNG,Unplanned,Closed,2026-06-06T21:31:00Z,2026-06-06T22:31:50Z,60
1873310,West,FARIDKOT,INDUSTRIAL,Unplanned,Closed,2026-06-06T21:30:01Z,2026-06-06T22:10:10Z,40
1873312,North,JALANDHAR,AMAN NAGAR,Unplanned,Closed,2026-06-06T21:30:00Z,2026-06-06T21:50:00Z,20
1873311,North,HOSHIARPUR,Chaggran,Unplanned,Closed,2026-06-06T21:30:00Z,2026-06-06T22:25:00Z,55
1873308,West,BATHINDA,DAYA NAND,Unplanned,Closed,2026-06-06T21:15:00Z,2026-06-06T23:24:00Z,129
1873306,Border,SUB URBAN AMRITSAR,11KV Jagiwal,Unplanned,Closed,2026-06-06T21:12:00Z,2026-06-06T22:20:00Z,68
1873307,Border,TARN TARAN,UPS MARI SAMRA,Unplanned,Closed,2026-06-06T21:05:00Z,2026-06-06T22:00:00Z,55
1873305,West,MUKATSAR,UPS No. 2 Karni Khera,Unplanned,Closed,2026-06-06T21:00:00Z,2026-06-06T21:50:00Z,50
1873304,West,BATHINDA,Alampur UPS,Unplanned,Closed,2026-06-06T20:56:00Z,2026-06-06T22:00:00Z,64
1873300,North,JALANDHAR,PREET NAGAR,Unplanned,Closed,2026-06-06T20:55:00Z,2026-06-06T21:15:00Z,20
1873303,West,MUKATSAR,11 KV Sappan wali,Unplanned,Closed,2026-06-06T20:54:59Z,2026-06-06T21:03:19Z,8
1873288,Central,KHANNA,Lalheri city,Unplanned,Closed,2026-06-06T20:42:00Z,2026-06-06T21:02:00Z,20
1873289,South,SANGRUR,AGE,Unplanned,Closed,2026-06-06T20:38:00Z,2026-06-06T21:51:00Z,73
1873301,Border,SUB URBAN AMRITSAR,BABA NAMDEV JI UPS,Unplanned,Closed,2026-06-06T20:35:00Z,2026-06-06T21:25:00Z,50
1873297,West,BATHINDA,11 KV Neor UPS,Unplanned,Closed,2026-06-06T20:30:00Z,2026-06-06T22:00:00Z,90
1873287,Central,KHANNA,Shiv Shakti,Unplanned,Closed,2026-06-06T20:24:00Z,2026-06-06T22:45:00Z,141
1873286,Central,KHANNA,Focal Point 1,Unplanned,Closed,2026-06-06T20:24:00Z,2026-06-06T22:45:00Z,141
1873285,Central,KHANNA,Mill 1,Unplanned,Closed,2026-06-06T20:24:00Z,2026-06-06T22:45:00Z,141
1873280,West,MUKATSAR,11 KV Sappan wali,Unplanned,Closed,2026-06-06T20:21:00Z,2026-06-06T20:40:17Z,19
1873284,Central,KHANNA,Focal Point 2,Unplanned,Closed,2026-06-06T20:17:00Z,2026-06-06T22:46:00Z,149
1873283,Central,KHANNA,Samadhi Road,Unplanned,Closed,2026-06-06T20:17:00Z,2026-06-06T22:45:00Z,148
1873282,Central,KHANNA,Khanna feeder,Unplanned,Closed,2026-06-06T20:17:00Z,2026-06-06T22:45:00Z,148
1873281,Central,KHANNA,Ratanheri,Unplanned,Closed,2026-06-06T20:17:00Z,2026-06-06T22:47:00Z,150
1873278,South,PATIALA,Lang Cat-1,Unplanned,Closed,2026-06-06T20:13:39Z,2026-06-06T21:05:32Z,51
1873279,West,FARIDKOT,Prem Nagar,Unplanned,Closed,2026-06-06T20:10:00Z,2026-06-06T20:22:00Z,12
1873275,North,HOSHIARPUR,11KV SATOWALI,Unplanned,Closed,2026-06-06T19:55:00Z,2026-06-06T20:10:00Z,15
1873274,Central,SUB URBAN LUDHIANA,G.I.S,Unplanned,Closed,2026-06-06T19:55:00Z,2026-06-06T20:40:36Z,45
1873272,North,JALANDHAR,LAMBRA,Unplanned,Closed,2026-06-06T19:45:53Z,2026-06-06T20:10:06Z,24
1873276,South,PATIALA,ups Ambala Road,Unplanned,Closed,2026-06-06T19:45:00Z,2026-06-06T21:05:00Z,80
1873273,South,SANGRUR,Geeta Bhawan Road Dirba C-1,Unplanned,Closed,2026-06-06T19:33:00Z,2026-06-06T21:29:00Z,116
1873269,West,MUKATSAR,11 KV Punjava Model,Unplanned,Closed,2026-06-06T19:22:40Z,2026-06-06T19:44:48Z,22
1873264,East,Zirakpur,JEOLY,Unplanned,Closed,2026-06-06T19:16:04Z,2026-06-06T20:00:11Z,44
1873271,South,PATIALA,BABA DEEP SINGH,Unplanned,Closed,2026-06-06T19:15:00Z,2026-06-06T20:15:00Z,60
1873268,East,Zirakpur,SACHKHAND SAHIB,Unplanned,Closed,2026-06-06T19:15:00Z,2026-06-06T20:10:00Z,55
1873266,West,FARIDKOT,11 KV KOTKAPURA ROAD,Unplanned,Closed,2026-06-06T19:15:00Z,2026-06-06T20:40:00Z,85
1873265,North,JALANDHAR,G.T.ROAD,Unplanned,Closed,2026-06-06T19:13:00Z,2026-06-06T19:25:00Z,12
1873267,Border,GURDASPUR,N.J.Singh 24hrs,Unplanned,Closed,2026-06-06T19:05:00Z,2026-06-06T19:35:00Z,30
1873256,Border,GURDASPUR,Karoli,Unplanned,Closed,2026-06-06T19:05:00Z,2026-06-06T20:35:00Z,90
1873254,East,Zirakpur,ALFA DRUG,Unplanned,Closed,2026-06-06T19:03:00Z,2026-06-06T19:20:00Z,17
1873255,West,BATHINDA,BABA FARID NAGAR,Planned,Closed,2026-06-06T19:01:00Z,2026-06-06T19:31:00Z,30
1873253,Border,SUB URBAN AMRITSAR,Mollechak,Unplanned,Closed,2026-06-06T19:00:00Z,2026-06-06T19:35:00Z,35
1873251,Border,SUB URBAN AMRITSAR,11KV Jagiwal,Unplanned,Closed,2026-06-06T19:00:00Z,2026-06-06T20:00:00Z,60
1873246,Border,CITY AMRITSAR,11Kv Chattiwind,Unplanned,Closed,2026-06-06T18:51:22Z,2026-06-06T19:20:00Z,28
1873249,Border,TARN TARAN,KAROWAL,Unplanned,Closed,2026-06-06T18:51:00Z,2026-06-06T19:15:00Z,24
1873245,East,ROPAR,HIYATPUR,Unplanned,Closed,2026-06-06T18:47:00Z,2026-06-06T19:18:00Z,31
1873248,North,NAWANSHAHR,MAHIPUR,Unplanned,Closed,2026-06-06T18:45:00Z,2026-06-06T19:05:00Z,20
1873244,North,HOSHIARPUR,Handowal,Unplanned,Closed,2026-06-06T18:45:00Z,2026-06-06T19:30:00Z,45
1873238,Central,CITY WEST LUDHIANA,HIGHWAY FEEDER,Unplanned,Closed,2026-06-06T18:40:35Z,2026-06-06T18:57:55Z,17
1873250,Border,SUB URBAN AMRITSAR,Urban-3,Unplanned,Closed,2026-06-06T18:40:00Z,2026-06-06T21:35:00Z,175
1873232,West,FEROZPUR,CANTT FEEDER,Unplanned,Closed,2026-06-06T18:35:00Z,2026-06-06T19:07:00Z,32
1873228,Central,CITY EAST LUDHIANA,11 KV D-SUB STATION,Unplanned,Closed,2026-06-06T18:35:00Z,2026-06-06T19:16:00Z,41
1873218,Central,CITY WEST LUDHIANA,AZAD NAGAR FEEDER,Unplanned,Closed,2026-06-06T18:34:02Z,2026-06-06T19:32:14Z,58
1873216,South,SANGRUR,11 KV CHHAJLI INDUSTRIAL,Unplanned,Closed,2026-06-06T18:30:06Z,2026-06-06T18:53:20Z,23
1873217,Border,GURDASPUR,Miltary Hospital,Unplanned,Closed,2026-06-06T18:29:00Z,2026-06-06T18:37:00Z,8
1873211,West,MUKATSAR,DAULATPURA UPS,Unplanned,Closed,2026-06-06T18:24:53Z,2026-06-06T18:53:11Z,28
1873243,North,JALANDHAR,INDUSTRIAL AREA 1,Unplanned,Closed,2026-06-06T18:21:00Z,2026-06-06T19:17:00Z,56
1873252,Border,GURDASPUR,Partap Paper Mills,Unplanned,Closed,2026-06-06T18:20:00Z,2026-06-06T19:35:00Z,75
1873215,West,FARIDKOT,BATHINDA ROAD,Unplanned,Closed,2026-06-06T18:18:00Z,2026-06-06T18:25:00Z,7
1873213,East,MOHALI,BANUR URBAN 2,Unplanned,Closed,2026-06-06T18:18:00Z,2026-06-06T19:42:00Z,84
1873214,East,Zirakpur,S S INFRA,Planned,Closed,2026-06-06T18:15:00Z,2026-06-06T18:48:00Z,33
1873212,East,Zirakpur,SAINI VIHAR,Unplanned,Closed,2026-06-06T18:15:00Z,2026-06-06T18:48:00Z,33
1873208,West,FARIDKOT,MOGA-2,Unplanned,Closed,2026-06-06T18:11:37Z,2026-06-06T18:30:08Z,18
1873210,West,BATHINDA,JHANDUKE Cat-1,Unplanned,Closed,2026-06-06T18:00:00Z,2026-06-06T19:30:27Z,90
1873185,West,BATHINDA,BABA FARID NAGAR,Planned,Closed,2026-06-06T18:00:00Z,2026-06-06T18:30:00Z,30
1873186,West,FARIDKOT,11 KV Mann Singh Wala UPS,Unplanned,Closed,2026-06-06T17:50:00Z,2026-06-06T18:35:00Z,45
1873183,Border,SUB URBAN AMRITSAR,Mollechak,Unplanned,Closed,2026-06-06T17:50:00Z,2026-06-06T18:40:00Z,50
1873180,Border,TARN TARAN,DARAPUR,Unplanned,Closed,2026-06-06T17:49:00Z,2026-06-06T17:59:00Z,10
1873179,Border,TARN TARAN,VEROWAL,Unplanned,Closed,2026-06-06T17:49:00Z,2026-06-06T17:59:00Z,10
1873181,South,SANGRUR,11 KV CHHAJLI INDUSTRIAL,Unplanned,Closed,2026-06-06T17:46:00Z,2026-06-06T18:53:00Z,67
1873182,South,PATIALA,DALIMA,Unplanned,Closed,2026-06-06T17:45:00Z,2026-06-06T18:01:00Z,16
1873177,South,PATIALA,BHUMSI,Unplanned,Closed,2026-06-06T17:45:00Z,2026-06-06T19:55:00Z,130
1873178,West,FARIDKOT,GANGSAR,Unplanned,Closed,2026-06-06T17:44:00Z,2026-06-06T18:39:00Z,55
1873176,East,MOHALI,11 KV Sec 60-B,Unplanned,Closed,2026-06-06T17:40:37Z,2026-06-06T18:30:54Z,50
1873184,South,PATIALA,11 KV UPSKHANSA,Unplanned,Closed,2026-06-06T17:40:00Z,2026-06-06T18:20:00Z,40
1873175,West,MUKATSAR,Lakhewali(Urban),Planned,Closed,2026-06-06T17:37:22Z,2026-06-06T18:26:59Z,49
1873174,East,ROPAR,HIYATPUR,Unplanned,Closed,2026-06-06T17:30:00Z,2026-06-06T17:55:00Z,25
1873171,Border,SUB URBAN AMRITSAR,11KV Jagiwal,Unplanned,Closed,2026-06-06T17:24:00Z,2026-06-06T18:23:00Z,59
1873169,Border,GURDASPUR,KHAJURI GATE,Planned,Closed,2026-06-06T17:20:00Z,2026-06-06T18:25:00Z,65
1873168,Border,GURDASPUR,Improvement Trust,Planned,Closed,2026-06-06T17:20:00Z,2026-06-06T18:25:00Z,65
1873166,Border,GURDASPUR,11 KV BHANDHRI MOHALLA,Planned,Closed,2026-06-06T17:20:00Z,2026-06-06T18:25:00Z,65
1873165,Border,GURDASPUR,Bank colony,Planned,Closed,2026-06-06T17:20:00Z,2026-06-06T18:25:00Z,65
1873164,North,JALANDHAR,11KV SHANTI VIHAR,Unplanned,Closed,2026-06-06T17:17:00Z,2026-06-06T17:41:00Z,24
1873209,Border,SUB URBAN AMRITSAR,Khankot,Planned,Closed,2026-06-06T17:15:00Z,2026-06-06T18:05:00Z,50
1873159,East,Zirakpur,WATER WORKS HANDESRA,Unplanned,Closed,2026-06-06T17:15:00Z,2026-06-06T17:45:00Z,30
1873163,East,Zirakpur,Bhabat,Unplanned,Closed,2026-06-06T17:11:00Z,2026-06-06T17:20:00Z,9
1873162,East,Zirakpur,ECME,Planned,Closed,2026-06-06T17:11:00Z,2026-06-06T17:20:00Z,9
1873161,East,Zirakpur,RAIL VIHAR,Planned,Closed,2026-06-06T17:11:00Z,2026-06-06T17:20:00Z,9
1873160,East,Zirakpur,11 kv Japuria Feeder,Planned,Closed,2026-06-06T17:11:00Z,2026-06-06T17:20:00Z,9
1873149,Border,CITY AMRITSAR,CHATIWIND 2,Planned,Closed,2026-06-06T17:10:00Z,2026-06-06T17:49:00Z,39
1873155,West,MUKATSAR,11 KV Focal Point-1,Unplanned,Closed,2026-06-06T17:09:49Z,2026-06-06T17:34:33Z,24
1873156,West,MUKATSAR,11 KV Focal Point-2,Unplanned,Closed,2026-06-06T17:09:32Z,2026-06-06T17:34:47Z,25
1873207,South,PATIALA,M/S VIVITHA INFRASTRUCTURE,Unplanned,Closed,2026-06-06T17:05:17Z,2026-06-06T18:52:17Z,107
1873206,South,PATIALA,ASIANFINE CEMENT,Unplanned,Closed,2026-06-06T17:05:17Z,2026-06-06T18:52:17Z,107
1873205,South,PATIALA,ABC,Unplanned,Closed,2026-06-06T17:05:17Z,2026-06-06T18:52:17Z,107
1873204,South,PATIALA,STAR ENCLAVE,Unplanned,Closed,2026-06-06T17:05:17Z,2026-06-06T18:52:17Z,107
1873203,South,PATIALA,DANBURY YARN,Unplanned,Closed,2026-06-06T17:05:17Z,2026-06-06T18:52:17Z,107
1873202,South,PATIALA,Chandigarh Road,Unplanned,Closed,2026-06-06T17:05:17Z,2026-06-06T18:52:17Z,107
1873201,South,PATIALA,kotla,Unplanned,Closed,2026-06-06T17:05:17Z,2026-06-06T18:52:17Z,107
1873200,South,PATIALA,ups Ambala Road,Unplanned,Closed,2026-06-06T17:05:17Z,2026-06-06T18:52:17Z,107
1873199,South,PATIALA,UPS RAJPURA,Unplanned,Closed,2026-06-06T17:05:17Z,2026-06-06T18:52:17Z,107
1873198,South,PATIALA,11 KV Sood packers,Unplanned,Closed,2026-06-06T17:05:17Z,2026-06-06T18:52:17Z,107
1873197,South,PATIALA,BABA DEEP SINGH,Unplanned,Closed,2026-06-06T17:05:17Z,2026-06-06T18:52:17Z,107
1873196,South,PATIALA,SUNDER NAGAR RAJPURA,Unplanned,Closed,2026-06-06T17:05:17Z,2026-06-06T18:52:17Z,107
1873195,South,PATIALA,INDUSTRIAL NO 2 (FP),Unplanned,Closed,2026-06-06T17:05:17Z,2026-06-06T18:52:17Z,107
1873194,South,PATIALA,FOCALPOINT CAT-2,Unplanned,Closed,2026-06-06T17:05:17Z,2026-06-06T18:52:17Z,107
1873193,South,PATIALA,rajpura,Unplanned,Closed,2026-06-06T17:05:17Z,2026-06-06T18:52:17Z,107
1873192,South,PATIALA,Bharat colony,Unplanned,Closed,2026-06-06T17:05:17Z,2026-06-06T18:52:17Z,107
1873191,South,PATIALA,11KV TECHNOPACK,Unplanned,Closed,2026-06-06T17:05:17Z,2026-06-06T18:52:17Z,107
1873190,South,PATIALA,SYL (F.P),Unplanned,Closed,2026-06-06T17:05:17Z,2026-06-06T18:52:17Z,107
1873189,South,PATIALA,industrial No.1 (FP),Unplanned,Closed,2026-06-06T17:05:17Z,2026-06-06T18:52:17Z,107
1873188,South,PATIALA,stephen chemical,Unplanned,Closed,2026-06-06T17:05:17Z,2026-06-06T18:52:17Z,107
1873157,West,MUKATSAR,11 KV Patrewala,Unplanned,Closed,2026-06-06T17:02:00Z,2026-06-06T17:22:46Z,20
1873148,North,JALANDHAR,Basti Bawa Khel,Unplanned,Closed,2026-06-06T16:57:00Z,2026-06-06T17:44:00Z,47
1873158,West,BATHINDA,LEHRI,Planned,Closed,2026-06-06T16:56:00Z,2026-06-06T18:20:00Z,84
1873145,South,SANGRUR,UPS Badshahpur,Unplanned,Closed,2026-06-06T16:50:41Z,2026-06-06T18:05:00Z,74
1873173,Border,GURDASPUR,ATHWAL,Unplanned,Closed,2026-06-06T16:50:00Z,2026-06-06T18:20:00Z,90
1873172,Border,GURDASPUR,24Hrs MIR KACHANA,Unplanned,Closed,2026-06-06T16:50:00Z,2026-06-06T18:20:00Z,90
1873151,Border,GURDASPUR,Nano Harni,Unplanned,Closed,2026-06-06T16:50:00Z,2026-06-06T18:20:00Z,90
1873150,West,FARIDKOT,11 kV Ghumiara,Unplanned,Closed,2026-06-06T16:50:00Z,2026-06-06T18:10:00Z,80
1873147,Border,SUB URBAN AMRITSAR,GT road 2,Unplanned,Closed,2026-06-06T16:49:00Z,2026-06-06T17:35:00Z,46
1873143,South,SANGRUR,SANGRUR ROAD DIRBA,Unplanned,Closed,2026-06-06T16:49:00Z,2026-06-06T17:40:00Z,51
1873140,East,MOHALI,Jandpur Water Works,Unplanned,Closed,2026-06-06T16:48:13Z,2026-06-06T17:15:11Z,26
1873142,East,Zirakpur,ORBIT,Unplanned,Closed,2026-06-06T16:46:00Z,2026-06-06T17:19:00Z,33
1873146,North,HOSHIARPUR,KAMHI DEVI,Unplanned,Closed,2026-06-06T16:45:00Z,2026-06-06T17:10:00Z,25
1873141,East,Zirakpur,SUNNY ENCLAVE,Planned,Closed,2026-06-06T16:40:00Z,2026-06-06T16:52:00Z,12
1873139,East,Zirakpur,BIG BAZAAR,Unplanned,Closed,2026-06-06T16:40:00Z,2026-06-06T16:52:00Z,12
1873134,Border,GURDASPUR,Kot Todermal,Unplanned,Closed,2026-06-06T16:40:00Z,2026-06-06T17:10:00Z,30
1873133,Border,GURDASPUR,RAILWAY ROAD CAT-1,Unplanned,Closed,2026-06-06T16:40:00Z,2026-06-06T17:10:00Z,30
1873132,Border,GURDASPUR,THEKERIWAL,Unplanned,Closed,2026-06-06T16:40:00Z,2026-06-06T17:10:00Z,30
1873129,North,NAWANSHAHR,Ragomal Urban,Unplanned,Closed,2026-06-06T16:36:00Z,2026-06-06T18:10:00Z,94
1873130,East,MOHALI,11 KV Bansepur,Unplanned,Closed,2026-06-06T16:35:44Z,2026-06-06T17:24:30Z,48
1873144,West,FARIDKOT,SUKHANWALA,Unplanned,Closed,2026-06-06T16:35:00Z,2026-06-06T17:10:00Z,35
1873131,Border,SUB URBAN AMRITSAR,Bhaka Hari Singh,Unplanned,Closed,2026-06-06T16:35:00Z,2026-06-06T18:50:00Z,135
1873128,West,FARIDKOT,BAJA ROAD,Unplanned,Closed,2026-06-06T16:31:35Z,2026-06-06T17:40:55Z,69
1873138,East,Zirakpur,Bhudda Sahib,Unplanned,Closed,2026-06-06T16:30:00Z,2026-06-06T17:25:00Z,55
1873137,East,Zirakpur,11 kv malwa,Planned,Closed,2026-06-06T16:30:00Z,2026-06-06T17:25:00Z,55
1873136,East,Zirakpur,Utsav,Planned,Closed,2026-06-06T16:30:00Z,2026-06-06T17:25:00Z,55
1873135,East,Zirakpur,BEGAMPURA,Planned,Closed,2026-06-06T16:30:00Z,2026-06-06T17:25:00Z,55
1873127,North,NAWANSHAHR,11 KV Buthgarh,Unplanned,Closed,2026-06-06T16:30:00Z,2026-06-06T16:42:00Z,12
1873126,East,MOHALI,Janta colony,Unplanned,Closed,2026-06-06T16:29:55Z,2026-06-06T17:23:58Z,54
1873125,East,MOHALI,Nirankari feeder,Unplanned,Closed,2026-06-06T16:29:55Z,2026-06-06T17:23:45Z,53
1873124,East,MOHALI,NAYA GAON,Unplanned,Closed,2026-06-06T16:29:55Z,2026-06-06T17:23:25Z,53
1873123,South,SANGRUR,11 KV Urban Truck Union Road,Unplanned,Closed,2026-06-06T16:29:00Z,2026-06-06T17:20:00Z,51
1873122,North,HOSHIARPUR,11KV ARGOWAL,Unplanned,Closed,2026-06-06T16:25:00Z,2026-06-06T16:40:00Z,15
1873121,East,Zirakpur,11 kv Japuria Feeder,Planned,Closed,2026-06-06T16:20:00Z,2026-06-06T16:44:00Z,24
1873120,Border,SUB URBAN AMRITSAR,RANEWALI UPS,Unplanned,Closed,2026-06-06T16:15:00Z,2026-06-06T17:25:00Z,70
1873116,West,BATHINDA,KISHANGARH URBAN,Unplanned,Closed,2026-06-06T16:13:00Z,2026-06-06T16:58:00Z,45
1873119,Border,GURDASPUR,OLD HOSPITAL BATALA,Unplanned,Closed,2026-06-06T16:12:00Z,2026-06-06T18:10:00Z,118
1873118,Border,GURDASPUR,Gurudwara Kandh Sahib,Unplanned,Closed,2026-06-06T16:12:00Z,2026-06-06T18:10:00Z,118
1873117,Border,GURDASPUR,Batala City,Unplanned,Closed,2026-06-06T16:12:00Z,2026-06-06T18:10:00Z,118
1873111,South,SANGRUR,11 KV Nagri UPS,Unplanned,Closed,2026-06-06T16:10:00Z,2026-06-06T16:35:00Z,25
1873109,Border,CITY AMRITSAR,11Kv Chattiwind,Unplanned,Closed,2026-06-06T16:07:56Z,2026-06-06T17:40:00Z,92
1873108,West,BATHINDA,JOGA (UPS),Planned,Closed,2026-06-06T16:07:00Z,2026-06-06T17:10:59Z,63
1873115,East,Zirakpur,KALGIDHAR,Planned,Closed,2026-06-06T16:05:00Z,2026-06-06T16:15:00Z,10
1873113,East,Zirakpur,KALKA ROAD,Planned,Closed,2026-06-06T16:05:00Z,2026-06-06T16:15:00Z,10
1873112,East,Zirakpur,BALTANA,Unplanned,Closed,2026-06-06T16:05:00Z,2026-06-06T16:15:00Z,10
1873114,North,NAWANSHAHR,PANAM,Unplanned,Closed,2026-06-06T16:04:00Z,2026-06-06T16:36:00Z,32
1873110,North,HOSHIARPUR,11Kv Bebhalmanj UPS,Unplanned,Closed,2026-06-06T16:02:00Z,2026-06-06T16:15:00Z,13
1873106,West,BATHINDA,BABA FARID NAGAR,Planned,Closed,2026-06-06T16:00:00Z,2026-06-06T16:35:00Z,35
1873104,South,SANGRUR,JANAL ROAD UPS,Unplanned,Closed,2026-06-06T15:56:00Z,2026-06-06T16:20:00Z,24
1873107,West,FARIDKOT,BURJ HARIKA,Unplanned,Closed,2026-06-06T15:52:24Z,2026-06-06T16:40:46Z,48
1873103,Border,GURDASPUR,Sukret,Unplanned,Closed,2026-06-06T15:50:00Z,2026-06-06T16:20:00Z,30
1873102,East,ROPAR,Jawahar market,Unplanned,Closed,2026-06-06T15:49:00Z,2026-06-06T16:30:00Z,41
1873097,West,MUKATSAR,11 KV SAIDANWALI,Unplanned,Closed,2026-06-06T15:48:41Z,2026-06-06T16:38:05Z,49
1873096,West,MUKATSAR,MAUJGARH,Unplanned,Closed,2026-06-06T15:48:25Z,2026-06-06T16:38:37Z,50
1873098,West,MUKATSAR,11 KV Dharampura,Unplanned,Closed,2026-06-06T15:48:22Z,2026-06-06T16:38:34Z,50
1873099,West,MUKATSAR,11 KV Sappan wali,Unplanned,Closed,2026-06-06T15:48:17Z,2026-06-06T16:38:29Z,50
1873085,Central,CITY EAST LUDHIANA,NEW VISHNUPURI,Unplanned,Closed,2026-06-06T15:44:00Z,2026-06-06T17:02:00Z,78
1873101,East,Zirakpur,11 KV AMBALA ROAD,Planned,Closed,2026-06-06T15:40:00Z,2026-06-06T16:10:00Z,30
1873100,East,Zirakpur,ZIRAKPUR-2,Unplanned,Closed,2026-06-06T15:40:00Z,2026-06-06T16:27:00Z,47
1873084,South,SANGRUR,11 KV UBHEWAL URBAN,Unplanned,Closed,2026-06-06T15:37:37Z,2026-06-06T16:50:56Z,73
1873082,Border,SUB URBAN AMRITSAR,SAROOPWALI,Unplanned,Closed,2026-06-06T15:31:39Z,2026-06-06T17:15:05Z,103
1873083,Border,SUB URBAN AMRITSAR,KADRA BAD,Unplanned,Closed,2026-06-06T15:31:36Z,2026-06-06T17:15:54Z,104
1872929,West,FEROZPUR,Lalchian,Planned,Closed,2026-06-06T15:25:41Z,2026-06-06T18:45:41Z,200
1872928,West,FEROZPUR,NIDHANA,Planned,Closed,2026-06-06T15:25:41Z,2026-06-06T18:45:41Z,200
1872927,West,FEROZPUR,Kesar Singh,Planned,Closed,2026-06-06T15:25:41Z,2026-06-06T18:45:41Z,200
1872926,West,FEROZPUR,Town - 1,Planned,Closed,2026-06-06T15:25:41Z,2026-06-06T18:45:41Z,200
1872925,West,FEROZPUR,Town - 3,Planned,Closed,2026-06-06T15:25:41Z,2026-06-06T18:45:41Z,200
1872924,West,FEROZPUR,11 KV Railway Basti,Planned,Closed,2026-06-06T15:25:41Z,2026-06-06T18:45:41Z,200
1872923,West,FEROZPUR,Town - 2,Planned,Closed,2026-06-06T15:25:41Z,2026-06-06T18:45:41Z,200
1872921,West,FEROZPUR,Sukbir Agro Energy Limited,Planned,Closed,2026-06-06T15:25:41Z,2026-06-06T18:45:41Z,200
1872920,West,FEROZPUR,Punjab Agro,Planned,Closed,2026-06-06T15:25:41Z,2026-06-06T18:45:41Z,200
1873080,South,PATIALA,BABA DEEP SINGH,Unplanned,Closed,2026-06-06T15:25:00Z,2026-06-06T15:55:00Z,30
1873079,West,BATHINDA,Dialpura,Unplanned,Closed,2026-06-06T15:25:00Z,2026-06-06T16:51:00Z,86
1872930,West,FEROZPUR,Town-4,Planned,Closed,2026-06-06T15:24:41Z,2026-06-06T18:45:41Z,201
1872922,West,FEROZPUR,Shri Pothimala Sahib,Planned,Closed,2026-06-06T15:24:41Z,2026-06-06T18:45:41Z,201
1873105,South,PATIALA,GURU NANAK NAGAR,Unplanned,Closed,2026-06-06T15:20:00Z,2026-06-06T16:05:00Z,45
1873095,Border,TARN TARAN,NAURANGABAD UPS,Unplanned,Closed,2026-06-06T15:20:00Z,2026-06-06T16:40:00Z,80
1873078,East,ROPAR,BHANGLAN,Unplanned,Closed,2026-06-06T15:20:00Z,2026-06-06T15:50:00Z,30
1873077,North,KAPURTHALA,Kangna,Unplanned,Closed,2026-06-06T15:20:00Z,2026-06-06T16:44:00Z,84
1873076,North,KAPURTHALA,Gill,Unplanned,Closed,2026-06-06T15:20:00Z,2026-06-06T16:44:00Z,84
1873075,North,NAWANSHAHR,Rurka Kalan,Unplanned,Closed,2026-06-06T15:20:00Z,2026-06-06T17:05:00Z,105
1873074,North,KAPURTHALA,UPS KACHI SARAI KHAS,Unplanned,Closed,2026-06-06T15:20:00Z,2026-06-06T16:44:00Z,84
1873073,North,KAPURTHALA,URBAN INDUSTRY,Unplanned,Closed,2026-06-06T15:20:00Z,2026-06-06T16:44:00Z,84
1873070,East,Zirakpur,11 KV PREM NAGAR FEEDER,Unplanned,Closed,2026-06-06T15:16:00Z,2026-06-06T15:45:00Z,29
1873081,West,BATHINDA,LEHRA MOHABBAT,Unplanned,Closed,2026-06-06T15:15:00Z,2026-06-06T16:00:00Z,45
1873072,North,NAWANSHAHR,Danduwal,Unplanned,Closed,2026-06-06T15:15:00Z,2026-06-06T15:45:00Z,30
1873071,East,Zirakpur,ROYAL ESTATE,Unplanned,Closed,2026-06-06T15:13:00Z,2026-06-06T16:10:00Z,57
1873069,East,Zirakpur,ASSTHA,Unplanned,Closed,2026-06-06T15:13:00Z,2026-06-06T16:10:00Z,57
1873060,Border,GURDASPUR,Rampur Talwara,Unplanned,Closed,2026-06-06T14:50:00Z,2026-06-06T15:20:00Z,30
1873058,South,SANGRUR,11 KV SITASAR URBAN,Unplanned,Closed,2026-06-06T14:50:00Z,2026-06-06T15:40:00Z,50
1873057,North,HOSHIARPUR,11KV SATOWALI,Unplanned,Closed,2026-06-06T14:50:00Z,2026-06-06T16:20:00Z,90
1873053,North,KAPURTHALA,JALLOW KHANNA URBAN,Planned,Closed,2026-06-06T14:49:00Z,2026-06-06T15:26:00Z,37
1873056,West,MUKATSAR,Gandhi Nagar,Unplanned,Closed,2026-06-06T14:47:00Z,2026-06-06T15:12:00Z,25
1873051,North,JALANDHAR,COMPANY BHAG,Unplanned,Closed,2026-06-06T14:46:45Z,2026-06-06T15:05:57Z,19
1873054,North,HOSHIARPUR,MEGHOWAL,Unplanned,Closed,2026-06-06T14:45:00Z,2026-06-06T15:01:00Z,16
1873052,Border,GURDASPUR,Maira,Unplanned,Closed,2026-06-06T14:43:00Z,2026-06-06T14:54:00Z,11
1873048,West,BATHINDA,Hans Nagar,Planned,Closed,2026-06-06T14:40:20Z,2026-06-06T15:06:55Z,26
1873050,North,JALANDHAR,DHALIWAL,Unplanned,Closed,2026-06-06T14:40:00Z,2026-06-06T15:23:00Z,43
1873046,Central,CITY WEST LUDHIANA,SOKHI FEEDER,Unplanned,Closed,2026-06-06T14:39:03Z,2026-06-06T15:07:26Z,28
1873055,West,FARIDKOT,Panj Grain,Unplanned,Closed,2026-06-06T14:39:00Z,2026-06-06T15:40:06Z,61
1873049,Border,SUB URBAN AMRITSAR,Focal Point-3,Unplanned,Closed,2026-06-06T14:35:00Z,2026-06-06T14:55:00Z,20
1873043,North,HOSHIARPUR,PB. AGRO,Unplanned,Closed,2026-06-06T14:31:00Z,2026-06-06T16:25:00Z,114
1873041,North,HOSHIARPUR,PRTC,Unplanned,Closed,2026-06-06T14:31:00Z,2026-06-06T16:25:00Z,114
1873040,North,HOSHIARPUR,KHARKAN,Unplanned,Closed,2026-06-06T14:31:00Z,2026-06-06T16:26:00Z,115
1873047,South,PATIALA,UPS RAJPURA,Unplanned,Closed,2026-06-06T14:30:00Z,2026-06-06T15:00:00Z,30
1873045,North,HOSHIARPUR,11 KV Jahankhelan,Unplanned,Closed,2026-06-06T14:30:00Z,2026-06-06T16:25:00Z,115
1873044,North,HOSHIARPUR,11 KV AP KANDI PATIARIAN,Unplanned,Closed,2026-06-06T14:30:00Z,2026-06-06T16:25:00Z,115
1873042,Border,GURDASPUR,Sathiali 24 hrs.,Unplanned,Closed,2026-06-06T14:30:00Z,2026-06-06T15:25:00Z,55
1873039,East,ROPAR,BARWA,Unplanned,Closed,2026-06-06T14:26:00Z,2026-06-06T14:56:00Z,30
1873037,North,NAWANSHAHR,BORA,Unplanned,Closed,2026-06-06T14:25:00Z,2026-06-06T15:03:00Z,38
1873035,North,JALANDHAR,COMPANY BHAG,Unplanned,Closed,2026-06-06T14:20:11Z,2026-06-06T14:40:59Z,20
1873038,South,PATIALA,gobind colony,Unplanned,Closed,2026-06-06T14:20:00Z,2026-06-06T14:35:00Z,15
1873036,Border,GURDASPUR,Kaler,Unplanned,Closed,2026-06-06T14:20:00Z,2026-06-06T15:01:00Z,41
1873033,West,FARIDKOT,MAANA WALA UPS,Unplanned,Closed,2026-06-06T14:15:04Z,2026-06-06T14:59:43Z,44
1873032,Border,GURDASPUR,THEKERIWAL,Unplanned,Closed,2026-06-06T14:10:00Z,2026-06-06T14:30:00Z,20
1873034,North,KAPURTHALA,UPS DALLA,Unplanned,Closed,2026-06-06T14:05:00Z,2026-06-06T15:20:00Z,75
1872589,West,FARIDKOT,Baba Jiwan Singh Nagar,Planned,Closed,2026-06-06T14:00:16Z,2026-06-06T18:01:16Z,241
1872588,West,FARIDKOT,AMAN NAGAR CAT-1,Planned,Closed,2026-06-06T14:00:16Z,2026-06-06T18:01:16Z,241
1872587,West,FARIDKOT,GURU TEG BHADUR NAGAR,Planned,Closed,2026-06-06T14:00:16Z,2026-06-06T18:01:16Z,241
1872586,West,FARIDKOT,BEER ROAD,Planned,Closed,2026-06-06T14:00:16Z,2026-06-06T18:01:16Z,241
1872585,West,FARIDKOT,Gurdawara Sahib Feeder,Planned,Closed,2026-06-06T14:00:16Z,2026-06-06T18:01:16Z,241
1872584,West,FARIDKOT,Kotkapura-II,Planned,Closed,2026-06-06T14:00:16Z,2026-06-06T18:01:16Z,241
1872583,West,FARIDKOT,Deviwala,Planned,Closed,2026-06-06T14:00:16Z,2026-06-06T18:00:16Z,240
1872582,West,FARIDKOT,DISPOSAL,Planned,Closed,2026-06-06T14:00:16Z,2026-06-06T18:01:16Z,241
1872581,West,FARIDKOT,Hariyali,Planned,Closed,2026-06-06T14:00:16Z,2026-06-06T18:01:16Z,241
1872580,West,FARIDKOT,Prem Nagar,Planned,Closed,2026-06-06T14:00:16Z,2026-06-06T18:01:16Z,241
1872579,West,FARIDKOT,New Dana Mandi,Planned,Closed,2026-06-06T14:00:16Z,2026-06-06T18:01:16Z,241
1873030,North,HOSHIARPUR,Motia Mill,Unplanned,Closed,2026-06-06T14:00:00Z,2026-06-06T15:15:00Z,75
1872849,East,MOHALI,11KV BHARATPUR AP,Planned,Closed,2026-06-06T14:00:00Z,2026-06-06T17:00:00Z,180
1872847,East,MOHALI,11 KV GIDDARPUR AP,Planned,Closed,2026-06-06T14:00:00Z,2026-06-06T17:00:00Z,180
1872846,East,MOHALI,11 KV CHADIALA UPS,Planned,Closed,2026-06-06T14:00:00Z,2026-06-06T17:00:00Z,180
1873029,Central,KHANNA,Prem Nagar,Unplanned,Closed,2026-06-06T13:58:00Z,2026-06-06T14:45:00Z,47
1873031,Border,SUB URBAN AMRITSAR,SUGAR MILL,Unplanned,Closed,2026-06-06T13:50:00Z,2026-06-06T14:20:00Z,30
1873020,Border,GURDASPUR,Dhakki,Unplanned,Closed,2026-06-06T13:48:00Z,2026-06-06T14:20:00Z,32
1873016,Border,GURDASPUR,Dhira,Unplanned,Closed,2026-06-06T13:48:00Z,2026-06-06T14:20:00Z,32
1873005,West,MUKATSAR,11 KV Chirag dhani,Unplanned,Closed,2026-06-06T13:45:33Z,2026-06-06T14:11:40Z,26
1873004,West,MUKATSAR,11 KV KILLIANWALI,Unplanned,Closed,2026-06-06T13:45:32Z,2026-06-06T14:11:48Z,26
1873025,West,FARIDKOT,BAJA ROAD,Unplanned,Closed,2026-06-06T13:40:00Z,2026-06-06T15:04:26Z,84
1873001,North,HOSHIARPUR,SATHWAN,Unplanned,Closed,2026-06-06T13:40:00Z,2026-06-06T13:58:00Z,18
1873027,South,BARNALA,HANDIAYA URBAN,Unplanned,Closed,2026-06-06T13:37:00Z,2026-06-06T13:57:00Z,20
1872996,Border,CITY AMRITSAR,11Kv Chattiwind,Unplanned,Closed,2026-06-06T13:37:00Z,2026-06-06T13:55:00Z,18
1872997,Border,GURDASPUR,Dheriwal,Unplanned,Closed,2026-06-06T13:33:00Z,2026-06-06T15:05:00Z,92
1873002,North,JALANDHAR,RAJA GARDEN,Unplanned,Closed,2026-06-06T13:32:00Z,2026-06-06T14:28:00Z,56
1872596,West,BATHINDA,AJIT ROAD,Planned,Closed,2026-06-06T13:30:00Z,2026-06-06T16:34:00Z,184
1872995,West,BATHINDA,11 KV MANSA KANCHIYA,Unplanned,Closed,2026-06-06T13:25:00Z,2026-06-06T13:56:00Z,31
1873000,West,FARIDKOT,Dhana Basti,Unplanned,Closed,2026-06-06T13:24:00Z,2026-06-06T14:05:34Z,41
1872999,West,FARIDKOT,Kothe Warring (Samgh),Unplanned,Closed,2026-06-06T13:24:00Z,2026-06-06T14:05:34Z,41
1873028,Border,GURDASPUR,11 KV KHOKHER AP,Unplanned,Closed,2026-06-06T13:20:00Z,2026-06-06T14:20:00Z,60
1873089,North,KAPURTHALA,Nawi Abadi,Unplanned,Closed,2026-06-06T13:15:00Z,2026-06-06T14:25:00Z,70
1873088,North,KAPURTHALA,URBAN Khadar Bhandar,Unplanned,Closed,2026-06-06T13:15:00Z,2026-06-06T14:25:00Z,70
1873087,North,KAPURTHALA,URBAN Dhakni Gate,Unplanned,Closed,2026-06-06T13:15:00Z,2026-06-06T14:25:00Z,70
1873086,North,KAPURTHALA,Taj city,Unplanned,Closed,2026-06-06T13:15:00Z,2026-06-06T14:25:00Z,70
1872989,North,HOSHIARPUR,MEGHOWAL,Unplanned,Closed,2026-06-06T13:12:00Z,2026-06-06T13:20:00Z,8
1872979,Central,CITY EAST LUDHIANA,SHERPUR,Planned,Closed,2026-06-06T13:10:02Z,2026-06-06T13:25:11Z,15
1872994,South,PATIALA,District Admn. Complex,Unplanned,Closed,2026-06-06T13:10:00Z,2026-06-06T13:50:00Z,40
1872985,North,JALANDHAR,11KV JUNEJA FORGING,Unplanned,Closed,2026-06-06T13:10:00Z,2026-06-06T13:32:00Z,22
1872984,North,JALANDHAR,11 kv Syndicate,Unplanned,Closed,2026-06-06T13:10:00Z,2026-06-06T13:32:00Z,22
1872982,Central,KHANNA,SHIVPURI,Unplanned,Closed,2026-06-06T13:07:15Z,2026-06-06T13:25:36Z,18
1872992,West,FEROZPUR,Bahadur Wala,Unplanned,Closed,2026-06-06T13:07:00Z,2026-06-06T15:15:00Z,128
1872991,West,BATHINDA,TAHLA SAHIB,Unplanned,Closed,2026-06-06T13:07:00Z,2026-06-06T13:55:00Z,48
1872983,South,SANGRUR,BHULLAN,Unplanned,Closed,2026-06-06T13:06:00Z,2026-06-06T15:00:00Z,114
1872998,South,PATIALA,Bharat colony,Unplanned,Closed,2026-06-06T13:05:00Z,2026-06-06T13:50:00Z,45
1872990,North,HOSHIARPUR,SUSANA,Unplanned,Closed,2026-06-06T13:05:00Z,2026-06-06T13:40:00Z,35
1872978,North,JALANDHAR,11KV GANDHI CAMP,Unplanned,Closed,2026-06-06T13:01:08Z,2026-06-06T13:23:52Z,22
1872986,West,FARIDKOT,11KV Circular Road,Unplanned,Closed,2026-06-06T13:00:00Z,2026-06-06T13:25:00Z,25
1872980,Border,GURDASPUR,Beant Coll.,Unplanned,Closed,2026-06-06T13:00:00Z,2026-06-06T14:15:00Z,75
1872987,South,SANGRUR,UPS PATRAN,Unplanned,Closed,2026-06-06T12:58:00Z,2026-06-06T14:15:00Z,77
1872975,Border,CITY AMRITSAR,11Kv Chattiwind,Unplanned,Closed,2026-06-06T12:58:00Z,2026-06-06T13:25:00Z,27
1872988,North,NAWANSHAHR,BORA,Unplanned,Closed,2026-06-06T12:55:00Z,2026-06-06T13:15:00Z,20
1872977,Border,GURDASPUR,Rampur Talwara,Unplanned,Closed,2026-06-06T12:50:00Z,2026-06-06T13:30:00Z,40
1872971,Border,GURDASPUR,Dera Baba Nanak Road,Planned,Closed,2026-06-06T12:50:00Z,2026-06-06T13:06:00Z,16
1872972,West,FARIDKOT,KHOSA KOTLA,Unplanned,Closed,2026-06-06T12:47:38Z,2026-06-06T14:15:34Z,87
1872973,North,JALANDHAR,11KV GANDHI CAMP,Unplanned,Closed,2026-06-06T12:45:48Z,2026-06-06T12:56:00Z,10
1872981,Border,SUB URBAN AMRITSAR,HARSHA CHHINA UPS,Unplanned,Closed,2026-06-06T12:45:00Z,2026-06-06T14:40:00Z,115
1872976,West,FARIDKOT,11 KV BILASPUR UPS,Unplanned,Closed,2026-06-06T12:45:00Z,2026-06-06T14:25:00Z,100
1872970,Border,GURDASPUR,KISHANPUR,Unplanned,Closed,2026-06-06T12:45:00Z,2026-06-06T14:53:00Z,128
1872968,North,JALANDHAR,GANDHI NAGAR,Unplanned,Closed,2026-06-06T12:41:00Z,2026-06-06T13:22:00Z,41
1872993,East,ROPAR,CHANDIGARH NORTH,Unplanned,Closed,2026-06-06T12:40:00Z,2026-06-06T13:20:00Z,40
1872963,West,FARIDKOT,Gobindgarh,Unplanned,Closed,2026-06-06T12:35:19Z,2026-06-06T13:35:26Z,60
1872969,Border,GURDASPUR,11 kv Dhupshari ups,Planned,Closed,2026-06-06T12:35:00Z,2026-06-06T12:57:00Z,22
1872974,South,BARNALA,Satta Bazaar,Unplanned,Closed,2026-06-06T12:30:00Z,2026-06-06T13:00:00Z,30
1872964,North,JALANDHAR,NIJJRAN,Unplanned,Closed,2026-06-06T12:30:00Z,2026-06-06T13:45:00Z,75
1872951,Border,SUB URBAN AMRITSAR,MAJITHA ROAD BYE PASS,Planned,Closed,2026-06-06T12:30:00Z,2026-06-06T14:05:00Z,95
1872949,Border,SUB URBAN AMRITSAR,KARAM PURA,Planned,Closed,2026-06-06T12:30:00Z,2026-06-06T14:05:00Z,95
1872959,West,FARIDKOT,PARTAP ROAD,Planned,Closed,2026-06-06T12:24:42Z,2026-06-06T14:43:35Z,138
1872958,West,FARIDKOT,Jawahar Nagar,Planned,Closed,2026-06-06T12:24:42Z,2026-06-06T14:43:47Z,139
1872957,West,FARIDKOT,MOGA-2,Planned,Closed,2026-06-06T12:24:42Z,2026-06-06T14:44:25Z,139
1872955,West,FARIDKOT,MOGA-1,Planned,Closed,2026-06-06T12:24:42Z,2026-06-06T14:39:56Z,135
1872954,East,Zirakpur,URBAN-3 DERABASSI,Unplanned,Closed,2026-06-06T12:24:35Z,2026-06-06T13:01:42Z,37
1872960,East,MOHALI,11 KV Feeder sec 66 B,Unplanned,Closed,2026-06-06T12:24:00Z,2026-06-06T12:54:00Z,30
1872945,Border,GURDASPUR,Majra,Unplanned,Closed,2026-06-06T12:22:58Z,2026-06-06T14:14:22Z,111
1872946,Border,GURDASPUR,Habit Pindi,Unplanned,Closed,2026-06-06T12:22:33Z,2026-06-06T14:14:45Z,112
1872952,Border,SUB URBAN AMRITSAR,RANJIT AVENUE,Unplanned,Closed,2026-06-06T12:22:00Z,2026-06-06T12:40:00Z,18
1872953,East,Zirakpur,MAHIWALA,Unplanned,Closed,2026-06-06T12:21:48Z,2026-06-06T13:01:07Z,39
1872947,Border,SUB URBAN AMRITSAR,Airforce,Unplanned,Closed,2026-06-06T12:21:00Z,2026-06-06T12:40:00Z,19
1872962,Border,TARN TARAN,KAROWAL,Planned,Closed,2026-06-06T12:20:00Z,2026-06-06T18:50:00Z,390
1872956,North,HOSHIARPUR,Patti,Unplanned,Closed,2026-06-06T12:20:00Z,2026-06-06T12:50:00Z,30
1872965,North,NAWANSHAHR,UPS Katpalon,Unplanned,Closed,2026-06-06T12:19:00Z,2026-06-06T12:58:00Z,39
1872948,West,FARIDKOT,GANGSAR,Planned,Closed,2026-06-06T12:13:48Z,2026-06-06T16:39:00Z,265
1872961,West,BATHINDA,ABLU,Planned,Closed,2026-06-06T12:10:00Z,2026-06-06T12:55:00Z,45
1872944,Border,TARN TARAN,JAWANDY KHURD,Unplanned,Closed,2026-06-06T12:10:00Z,2026-06-06T13:20:00Z,70
1872942,Border,GURDASPUR,I.T.I,Unplanned,Closed,2026-06-06T12:08:58Z,2026-06-06T12:55:51Z,46
1872940,Central,SUB URBAN LUDHIANA,11 KV LEHRA UPS FEEDER,Unplanned,Closed,2026-06-06T12:05:00Z,2026-06-06T12:55:00Z,50
1872939,Border,GURDASPUR,11 KV Rangar Nangal (AP),Unplanned,Closed,2026-06-06T12:05:00Z,2026-06-06T13:50:00Z,105
1872938,Border,TARN TARAN,UPS LAHUKA,Unplanned,Closed,2026-06-06T12:03:00Z,2026-06-06T12:35:00Z,32
1872950,East,MOHALI,SEC 63,Unplanned,Closed,2026-06-06T12:02:00Z,2026-06-06T13:22:00Z,80
1872967,East,MOHALI,11kv University Feeder,Planned,Closed,2026-06-06T12:01:00Z,2026-06-06T16:03:01Z,242
1872966,East,MOHALI,CHITKARA,Planned,Closed,2026-06-06T12:01:00Z,2026-06-06T15:45:01Z,224
1872941,East,MOHALI,KALOMAJRA AP,Unplanned,Closed,2026-06-06T12:00:00Z,2026-06-06T12:30:19Z,30
1872690,South,BARNALA,Kattu CAT-I,Planned,Closed,2026-06-06T12:00:00Z,2026-06-06T16:00:00Z,240
1872936,North,HOSHIARPUR,KALYANPUR,Unplanned,Closed,2026-06-06T11:55:00Z,2026-06-06T12:35:00Z,40
1872934,North,HOSHIARPUR,MANGARH,Unplanned,Closed,2026-06-06T11:55:00Z,2026-06-06T12:35:00Z,40
1872933,North,HOSHIARPUR,11KV ARGOWAL,Unplanned,Closed,2026-06-06T11:55:00Z,2026-06-06T12:35:00Z,40
1872937,North,JALANDHAR,11KV HOUSING BOARD,Unplanned,Closed,2026-06-06T11:52:00Z,2026-06-06T12:04:00Z,12
1872935,Border,GURDASPUR,Anandpur Road,Unplanned,Closed,2026-06-06T11:52:00Z,2026-06-06T13:15:00Z,83
1872931,North,HOSHIARPUR,HAJIPUR,Unplanned,Closed,2026-06-06T11:52:00Z,2026-06-06T12:15:00Z,23
1872932,East,ROPAR,HIYATPUR,Unplanned,Closed,2026-06-06T11:50:00Z,2026-06-06T12:05:00Z,15
1872919,South,SANGRUR,11 KV HEERO KALAN UPS,Unplanned,Closed,2026-06-06T11:48:39Z,2026-06-06T12:17:50Z,29
1872943,South,BARNALA,UPS DULMAN,Unplanned,Closed,2026-06-06T11:45:00Z,2026-06-06T13:17:00Z,92
1872906,Central,CITY EAST LUDHIANA,Chand Cinema,Planned,Closed,2026-06-06T11:45:00Z,2026-06-06T13:15:00Z,90
1872913,Central,KHANNA,ghunder,Unplanned,Closed,2026-06-06T11:43:00Z,2026-06-06T12:43:00Z,60
1872916,West,FARIDKOT,Siriewala UPS,Unplanned,Closed,2026-06-06T11:40:18Z,2026-06-06T13:26:24Z,106
1872912,West,MUKATSAR,11 KV Telupura,Unplanned,Closed,2026-06-06T11:40:12Z,2026-06-06T12:15:25Z,35
1872918,South,BARNALA,URBAN DHAUNALA CITY,Unplanned,Closed,2026-06-06T11:40:00Z,2026-06-06T12:10:00Z,30
1872917,West,FARIDKOT,INDUSTRIAL,Unplanned,Closed,2026-06-06T11:40:00Z,2026-06-06T11:55:00Z,15
1872915,West,FARIDKOT,FACTORY AREA,Unplanned,Closed,2026-06-06T11:40:00Z,2026-06-06T11:55:00Z,15
1872911,West,FARIDKOT,11 KV BABA VISHAVKARMA,Unplanned,Closed,2026-06-06T11:40:00Z,2026-06-06T11:55:00Z,15
1872910,West,MUKATSAR,11 Kv Jandia,Unplanned,Closed,2026-06-06T11:36:00Z,2026-06-06T12:39:00Z,63
1872908,North,JALANDHAR,11 KV JANTA COLONY,Unplanned,Closed,2026-06-06T11:34:47Z,2026-06-06T12:30:32Z,55
1872907,West,MUKATSAR,DALMIR KHERA,Unplanned,Closed,2026-06-06T11:30:00Z,2026-06-06T12:05:00Z,35
1872909,East,Zirakpur,ASSTHA,Unplanned,Closed,2026-06-06T11:28:00Z,2026-06-06T11:56:00Z,28
1872905,Border,TARN TARAN,BIHARIPUR UPS,Unplanned,Closed,2026-06-06T11:25:00Z,2026-06-06T11:45:00Z,20
1872904,North,HOSHIARPUR,BHOGPUR NO 2,Unplanned,Closed,2026-06-06T11:25:00Z,2026-06-06T12:05:00Z,40
1872902,Border,GURDASPUR,11 kv RANIA CAT-1,Unplanned,Closed,2026-06-06T11:25:00Z,2026-06-06T11:50:00Z,25
1872899,Border,GURDASPUR,City Ptk.,Unplanned,Closed,2026-06-06T11:23:00Z,2026-06-06T11:44:00Z,21
1872903,Border,GURDASPUR,Sathiali 24 hrs.,Unplanned,Closed,2026-06-06T11:22:00Z,2026-06-06T13:20:00Z,118
1872901,North,JALANDHAR,CIVIL LINE,Unplanned,Closed,2026-06-06T11:21:54Z,2026-06-06T12:30:43Z,68
1872900,North,JALANDHAR,11 kv CHILDERN PARK NO. 1,Unplanned,Closed,2026-06-06T11:21:54Z,2026-06-06T12:25:14Z,63
1872896,Central,CITY EAST LUDHIANA,Saral Dyeing,Unplanned,Closed,2026-06-06T11:20:06Z,2026-06-06T12:28:05Z,67
1872898,East,ROPAR,Haripur,Unplanned,Closed,2026-06-06T11:19:00Z,2026-06-06T11:31:00Z,12
1872895,Central,KHANNA,Shastri Nagar,Unplanned,Closed,2026-06-06T11:18:00Z,2026-06-06T12:48:00Z,90
1872891,Central,CITY WEST LUDHIANA,GOBINDGARH,Planned,Closed,2026-06-06T11:18:00Z,2026-06-06T12:30:00Z,72
1872892,Border,GURDASPUR,Ujjagar Nagar,Planned,Closed,2026-06-06T11:17:00Z,2026-06-06T11:37:00Z,20
1872877,West,MUKATSAR,GHUMIARA,Planned,Closed,2026-06-06T11:16:50Z,2026-06-06T14:30:50Z,194
1872876,West,MUKATSAR,BRING KHERA,Planned,Closed,2026-06-06T11:16:50Z,2026-06-06T14:31:50Z,195
1872875,West,MUKATSAR,Middukhera Urban,Planned,Closed,2026-06-06T11:16:50Z,2026-06-06T12:59:50Z,103
1872874,West,MUKATSAR,Fattakera Urban,Planned,Closed,2026-06-06T11:16:50Z,2026-06-06T14:30:50Z,194
1872897,North,NAWANSHAHR,Fambra,Unplanned,Closed,2026-06-06T11:15:00Z,2026-06-06T11:35:00Z,20
1872890,South,PATIALA,SYL (F.P),Unplanned,Closed,2026-06-06T11:12:00Z,2026-06-06T11:20:00Z,8
1872893,West,MUKATSAR,11 KV Town,Unplanned,Closed,2026-06-06T11:10:00Z,2026-06-06T12:18:00Z,68
1872889,Border,GURDASPUR,Nanak nagal,Unplanned,Closed,2026-06-06T11:09:00Z,2026-06-06T11:22:00Z,13
1872887,West,MUKATSAR,11 KV SIDHU NAGRI,Unplanned,Closed,2026-06-06T11:08:00Z,2026-06-06T12:38:00Z,90
1872885,West,MUKATSAR,11 KV NAI ABADI,Unplanned,Closed,2026-06-06T11:08:00Z,2026-06-06T12:38:00Z,90
1872894,Border,GURDASPUR,Manj,Unplanned,Closed,2026-06-06T11:07:00Z,2026-06-06T12:01:00Z,54
1872882,South,SANGRUR,MOURAN A+B (GRID DIRBA),Unplanned,Closed,2026-06-06T11:06:00Z,2026-06-06T20:50:00Z,584
1872883,East,MOHALI,11 KV Masol,Unplanned,Closed,2026-06-06T11:05:31Z,2026-06-06T11:32:18Z,26
1872879,Border,GURDASPUR,Kahnuwan Road,Planned,Closed,2026-06-06T11:05:00Z,2026-06-06T12:02:00Z,57
1872914,Border,GURDASPUR,Kaluwal,Unplanned,Closed,2026-06-06T11:02:00Z,2026-06-06T12:50:00Z,108
1872878,South,BARNALA,QUILA REHMATGARH,Unplanned,Closed,2026-06-06T11:00:00Z,2026-06-06T11:30:00Z,30
1872873,West,MUKATSAR,11 KV BALA JI DHAM,Unplanned,Closed,2026-06-06T11:00:00Z,2026-06-06T11:22:00Z,22
1872884,West,FARIDKOT,Gobindgarh,Unplanned,Closed,2026-06-06T10:58:27Z,2026-06-06T12:28:19Z,89
1872881,Border,GURDASPUR,Anandpur Road,Unplanned,Closed,2026-06-06T10:56:00Z,2026-06-06T11:20:00Z,24
1872888,North,JALANDHAR,11KV UDESIAN,Unplanned,Closed,2026-06-06T10:50:00Z,2026-06-06T11:20:00Z,30
1872886,West,FARIDKOT,KANIYAWALI KHURD,Unplanned,Closed,2026-06-06T10:50:00Z,2026-06-06T11:55:00Z,65
1872870,West,FARIDKOT,11 KV Jhok Sarkari UPS,Unplanned,Closed,2026-06-06T10:50:00Z,2026-06-06T11:08:00Z,18
1872868,Central,KHANNA,SALANA UPS,Unplanned,Closed,2026-06-06T10:50:00Z,2026-06-06T11:30:00Z,40
1872865,West,FARIDKOT,PARTAP ROAD,Unplanned,Closed,2026-06-06T10:46:39Z,2026-06-06T12:21:52Z,95
1872864,West,FARIDKOT,Jawahar Nagar,Unplanned,Closed,2026-06-06T10:46:39Z,2026-06-06T12:21:22Z,94
1872862,West,FARIDKOT,MOGA-2,Unplanned,Closed,2026-06-06T10:46:39Z,2026-06-06T12:22:09Z,95
1872860,West,FARIDKOT,MOGA-1,Unplanned,Closed,2026-06-06T10:46:39Z,2026-06-06T12:21:42Z,95
1872872,West,FARIDKOT,11 KV BILASPUR UPS,Unplanned,Closed,2026-06-06T10:45:00Z,2026-06-06T12:30:00Z,105
1872871,South,PATIALA,Shakti Vihar,Unplanned,Closed,2026-06-06T10:45:00Z,2026-06-06T11:30:00Z,45
1872869,Border,GURDASPUR,Bahardur Hussain,Unplanned,Closed,2026-06-06T10:45:00Z,2026-06-06T13:40:00Z,175
1872858,North,HOSHIARPUR,BADLA,Unplanned,Closed,2026-06-06T10:45:00Z,2026-06-06T11:15:00Z,30
1872880,East,ROPAR,Ranguana,Unplanned,Closed,2026-06-06T10:40:00Z,2026-06-06T12:15:00Z,95
1872867,West,FARIDKOT,11 KV BHOLUWALA ROAD,Unplanned,Closed,2026-06-06T10:40:00Z,2026-06-06T11:10:00Z,30
1872866,Border,CITY AMRITSAR,11KvTobha Bhai Salo,Unplanned,Closed,2026-06-06T10:40:00Z,2026-06-06T10:55:00Z,15
1872857,North,NAWANSHAHR,G.N.Hospital,Unplanned,Closed,2026-06-06T10:36:00Z,2026-06-06T11:00:00Z,24
1872863,West,BATHINDA,RAILWAY FATAK,Planned,Closed,2026-06-06T10:35:00Z,2026-06-06T11:10:00Z,35
1872861,West,BATHINDA,GHASO KHANA,Planned,Closed,2026-06-06T10:35:00Z,2026-06-06T11:10:00Z,35
1872844,Border,SUB URBAN AMRITSAR,11KV Govt. Hospital,Planned,Closed,2026-06-06T10:30:22Z,2026-06-06T13:47:22Z,197
1872843,Border,SUB URBAN AMRITSAR,Harrar Kalan,Planned,Closed,2026-06-06T10:30:22Z,2026-06-06T13:47:22Z,197
1872842,Border,SUB URBAN AMRITSAR,GUJJAPEER,Planned,Closed,2026-06-06T10:30:22Z,2026-06-06T13:49:22Z,199
1872841,Border,SUB URBAN AMRITSAR,Gujjarpura,Planned,Closed,2026-06-06T10:30:22Z,2026-06-06T13:49:22Z,199
1872840,Border,SUB URBAN AMRITSAR,Bhaka Hari Singh,Planned,Closed,2026-06-06T10:30:22Z,2026-06-06T13:49:22Z,199
1872839,Border,SUB URBAN AMRITSAR,City-III,Planned,Closed,2026-06-06T10:30:22Z,2026-06-06T13:48:22Z,198
1872856,Central,KHANNA,City-2 khanna,Unplanned,Closed,2026-06-06T10:30:00Z,2026-06-06T11:16:00Z,46
1872431,South,SANGRUR,11 KV New Grain Markit,Planned,Closed,2026-06-06T10:30:00Z,2026-06-06T11:50:00Z,80
1872430,South,SANGRUR,11 KV RAM NAGAR URBAN,Planned,Closed,2026-06-06T10:30:00Z,2026-06-06T13:38:00Z,188
1872429,South,SANGRUR,Chhajli road,Planned,Closed,2026-06-06T10:30:00Z,2026-06-06T14:55:00Z,265
1872428,South,SANGRUR,11 KV MAYA GARDEN,Planned,Closed,2026-06-06T10:30:00Z,2026-06-06T11:50:00Z,80
1872854,Border,GURDASPUR,Shah Colony,Unplanned,Closed,2026-06-06T10:28:00Z,2026-06-06T10:50:00Z,22
1872822,Border,SUB URBAN AMRITSAR,SEC-4 RANJIT AVENUE,Planned,Closed,2026-06-06T10:27:00Z,2026-06-06T14:40:00Z,253
1872823,Border,SUB URBAN AMRITSAR,MES,Planned,Closed,2026-06-06T10:26:00Z,2026-06-06T14:40:00Z,254
1872852,North,NAWANSHAHR,Jajja Kalan,Unplanned,Closed,2026-06-06T10:25:00Z,2026-06-06T10:44:00Z,19
1872850,Central,KHANNA,Samadhi Road,Unplanned,Closed,2026-06-06T10:25:00Z,2026-06-06T12:00:00Z,95
1872855,West,BATHINDA,11 KV DEEP SINGH NAGAR,Planned,Closed,2026-06-06T10:22:00Z,2026-06-06T11:30:00Z,68
1872859,West,FARIDKOT,AJITWAL URBAN 1,Unplanned,Closed,2026-06-06T10:20:00Z,2026-06-06T12:18:00Z,118
1872848,West,BATHINDA,MAX HOSPITAL,Planned,Closed,2026-06-06T10:15:00Z,2026-06-06T11:25:00Z,70
1872838,West,FARIDKOT,11 KV PANDORI GATE URBAN,Unplanned,Closed,2026-06-06T10:14:03Z,2026-06-06T12:00:13Z,106
1872835,North,JALANDHAR,MANKO,Unplanned,Closed,2026-06-06T10:12:00Z,2026-06-06T11:55:00Z,103
1872836,North,KAPURTHALA,UPS Seowal,Unplanned,Closed,2026-06-06T10:10:00Z,2026-06-06T10:53:00Z,43
1872833,North,JALANDHAR,GANDHI NAGAR,Unplanned,Closed,2026-06-06T10:10:00Z,2026-06-06T10:57:00Z,47
1872837,Border,GURDASPUR,Thakarwal,Unplanned,Closed,2026-06-06T10:05:00Z,2026-06-06T12:10:00Z,125
1872832,North,HOSHIARPUR,GUR MANDI,Unplanned,Closed,2026-06-06T10:05:00Z,2026-06-06T10:55:00Z,50
1872831,North,HOSHIARPUR,KOTWALI BAZAR,Unplanned,Closed,2026-06-06T10:05:00Z,2026-06-06T10:55:00Z,50
1872830,North,HOSHIARPUR,Jagatpura,Unplanned,Closed,2026-06-06T10:05:00Z,2026-06-06T10:55:00Z,50
1872829,East,Zirakpur,ROYAL ESTATE,Unplanned,Closed,2026-06-06T10:05:00Z,2026-06-06T10:55:00Z,50
1872834,North,HOSHIARPUR,MODEL  TOWN,Unplanned,Closed,2026-06-06T10:02:00Z,2026-06-06T11:30:00Z,88
1872827,East,Zirakpur,URBAN-3 DERABASSI,Unplanned,Closed,2026-06-06T10:01:42Z,2026-06-06T10:40:47Z,39
1872819,West,MUKATSAR,66 KV MES,Planned,Closed,2026-06-06T10:01:00Z,2026-06-06T12:54:00Z,173
1872816,North,NAWANSHAHR,MAZARI,Planned,Closed,2026-06-06T10:00:57Z,2026-06-06T13:00:57Z,180
1872815,North,NAWANSHAHR,RAKKAR DHAHAN,Planned,Closed,2026-06-06T10:00:57Z,2026-06-06T13:20:57Z,200
1872814,North,NAWANSHAHR,SIMBAL MAJARA,Planned,Closed,2026-06-06T10:00:57Z,2026-06-06T13:00:57Z,180
1872813,North,NAWANSHAHR,DHARAMPUR,Planned,Closed,2026-06-06T10:00:57Z,2026-06-06T13:00:57Z,180
1872812,North,NAWANSHAHR,KARAWAR,Planned,Closed,2026-06-06T10:00:57Z,2026-06-06T13:20:57Z,200
1872811,North,NAWANSHAHR,BAKAPUR,Planned,Closed,2026-06-06T10:00:57Z,2026-06-06T13:18:57Z,198
1872810,North,NAWANSHAHR,PAILY,Planned,Closed,2026-06-06T10:00:57Z,2026-06-06T13:20:57Z,200
1872809,North,NAWANSHAHR,SAHIBA,Planned,Closed,2026-06-06T10:00:57Z,2026-06-06T13:00:57Z,180
1872808,North,NAWANSHAHR,JADALI,Planned,Closed,2026-06-06T10:00:57Z,2026-06-06T13:20:57Z,200
1872807,North,NAWANSHAHR,KAULGARH,Planned,Closed,2026-06-06T10:00:57Z,2026-06-06T13:20:57Z,200
1872740,North,NAWANSHAHR,11 KV DOPALPUR UPS,Planned,Closed,2026-06-06T10:00:49Z,2026-06-06T13:15:49Z,195
1872739,North,NAWANSHAHR,11 KV Usmanpur,Planned,Closed,2026-06-06T10:00:49Z,2026-06-06T13:15:49Z,195
1872738,North,NAWANSHAHR,BARWA,Planned,Closed,2026-06-06T10:00:49Z,2026-06-06T13:15:49Z,195
1872737,North,NAWANSHAHR,JADLA,Planned,Closed,2026-06-06T10:00:49Z,2026-06-06T13:15:49Z,195
1872736,North,NAWANSHAHR,TAJOWAL,Planned,Closed,2026-06-06T10:00:49Z,2026-06-06T13:15:49Z,195
1872801,North,NAWANSHAHR,NIGHI,Planned,Closed,2026-06-06T10:00:37Z,2026-06-06T13:20:37Z,200
1872800,North,NAWANSHAHR,KAMALPUR,Planned,Closed,2026-06-06T10:00:37Z,2026-06-06T13:20:37Z,200
1872799,North,NAWANSHAHR,RATTEWAL,Planned,Closed,2026-06-06T10:00:37Z,2026-06-06T13:18:37Z,198
1872798,North,NAWANSHAHR,JINDAPUR,Planned,Closed,2026-06-06T10:00:37Z,2026-06-06T13:20:37Z,200
1872797,North,NAWANSHAHR,DIBHALI,Planned,Closed,2026-06-06T10:00:37Z,2026-06-06T13:20:37Z,200
1872796,North,NAWANSHAHR,HEDONBET,Planned,Closed,2026-06-06T10:00:37Z,2026-06-06T13:20:37Z,200
1872795,North,NAWANSHAHR,PANYALI,Planned,Closed,2026-06-06T10:00:37Z,2026-06-06T13:48:37Z,228
1872794,North,NAWANSHAHR,BALLOWAL,Planned,Closed,2026-06-06T10:00:37Z,2026-06-06T13:20:37Z,200
1872793,North,NAWANSHAHR,GOLUMAJRA,Planned,Closed,2026-06-06T10:00:37Z,2026-06-06T13:20:37Z,200
1872792,North,NAWANSHAHR,KATHGARH,Planned,Closed,2026-06-06T10:00:37Z,2026-06-06T13:20:37Z,200
1872466,South,SANGRUR,66 KV SUBSTATION T/F KHADIAL,Planned,Closed,2026-06-06T10:00:25Z,2026-06-06T13:50:25Z,230
1872465,South,SANGRUR,11 KV Ratolan UPS (KH),Planned,Closed,2026-06-06T10:00:25Z,2026-06-06T13:50:25Z,230
1872464,South,SANGRUR,11 KV Khadial Cat-1,Planned,Closed,2026-06-06T10:00:25Z,2026-06-06T13:50:25Z,230
1872806,North,NAWANSHAHR,BHADDI URBAN,Planned,Closed,2026-06-06T10:00:20Z,2026-06-06T13:21:20Z,201
1872805,North,NAWANSHAHR,TAKARLA,Planned,Closed,2026-06-06T10:00:20Z,2026-06-06T13:18:20Z,198
1872804,North,NAWANSHAHR,MOJOWAL MAJARA,Planned,Closed,2026-06-06T10:00:20Z,2026-06-06T13:18:20Z,198
1872803,North,NAWANSHAHR,MAHIPUR,Planned,Closed,2026-06-06T10:00:20Z,2026-06-06T13:20:20Z,200
1872802,North,NAWANSHAHR,AKALIANA,Planned,Closed,2026-06-06T10:00:20Z,2026-06-06T13:18:20Z,198
1872786,North,NAWANSHAHR,BALACHAUR CITY-3,Planned,Closed,2026-06-06T10:00:07Z,2026-06-06T13:18:07Z,198
1872785,North,NAWANSHAHR,SUDHA MAJRA,Planned,Closed,2026-06-06T10:00:07Z,2026-06-06T13:18:07Z,198
1872784,North,NAWANSHAHR,CIVIL HOSPITAL BALACHAUR,Planned,Closed,2026-06-06T10:00:07Z,2026-06-06T13:18:07Z,198
1872783,North,NAWANSHAHR,RAM NAGAR,Planned,Closed,2026-06-06T10:00:07Z,2026-06-06T13:18:07Z,198
1872782,North,NAWANSHAHR,CITY BALACHAUR NO-2,Planned,Closed,2026-06-06T10:00:07Z,2026-06-06T13:18:07Z,198
1872781,North,NAWANSHAHR,THOPIA,Planned,Closed,2026-06-06T10:00:07Z,2026-06-06T13:18:07Z,198
1872780,North,NAWANSHAHR,BHADDI,Planned,Closed,2026-06-06T10:00:07Z,2026-06-06T13:18:07Z,198
1872779,North,NAWANSHAHR,BALACHAUR,Planned,Closed,2026-06-06T10:00:07Z,2026-06-06T13:18:07Z,198
1872778,North,NAWANSHAHR,BULLEWAL,Planned,Closed,2026-06-06T10:00:07Z,2026-06-06T13:18:07Z,198
1872777,North,NAWANSHAHR,MEHIATPUR,Planned,Closed,2026-06-06T10:00:07Z,2026-06-06T13:18:07Z,198
1872776,North,NAWANSHAHR,TEHSIL COMPLEX,Planned,Closed,2026-06-06T10:00:07Z,2026-06-06T13:18:07Z,198
1872775,North,NAWANSHAHR,JAGATPUR,Planned,Closed,2026-06-06T10:00:07Z,2026-06-06T13:18:07Z,198
1872774,North,NAWANSHAHR,CHANDIANI,Planned,Closed,2026-06-06T10:00:07Z,2026-06-06T13:18:07Z,198
1872773,North,NAWANSHAHR,CHUSHMA,Planned,Closed,2026-06-06T10:00:07Z,2026-06-06T13:18:07Z,198
1872853,Border,SUB URBAN AMRITSAR,MAJITHA ROAD BYE PASS,Unplanned,Closed,2026-06-06T10:00:00Z,2026-06-06T12:16:00Z,136
1872851,Border,SUB URBAN AMRITSAR,KARAM PURA,Unplanned,Closed,2026-06-06T10:00:00Z,2026-06-06T12:16:00Z,136
1872828,North,HOSHIARPUR,LAROYA,Unplanned,Closed,2026-06-06T10:00:00Z,2026-06-06T10:35:00Z,35
1872826,East,Zirakpur,MAHIWALA,Unplanned,Closed,2026-06-06T10:00:00Z,2026-06-06T10:40:19Z,40
1872760,North,NAWANSHAHR,RAM RAI PUR,Planned,Closed,2026-06-06T10:00:00Z,2026-06-06T13:15:00Z,195
1872759,North,NAWANSHAHR,RAMGARH,Planned,Closed,2026-06-06T10:00:00Z,2026-06-06T13:15:00Z,195
1872758,North,NAWANSHAHR,BIROWAL,Planned,Closed,2026-06-06T10:00:00Z,2026-06-06T13:15:00Z,195
1872755,North,NAWANSHAHR,NAI MAZARA,Planned,Closed,2026-06-06T10:00:00Z,2026-06-06T13:15:00Z,195
1872754,North,NAWANSHAHR,RANEWAL,Planned,Closed,2026-06-06T10:00:00Z,2026-06-06T13:15:00Z,195
1872753,North,NAWANSHAHR,SAHABPUR,Planned,Closed,2026-06-06T10:00:00Z,2026-06-06T13:15:00Z,195
1872752,North,NAWANSHAHR,DAULATPUR,Planned,Closed,2026-06-06T10:00:00Z,2026-06-06T13:15:00Z,195
1872751,North,NAWANSHAHR,RAKASAN,Planned,Closed,2026-06-06T10:00:00Z,2026-06-06T13:15:00Z,195
1872750,North,NAWANSHAHR,MAZOOR,Planned,Closed,2026-06-06T10:00:00Z,2026-06-06T13:15:00Z,195
1872702,Border,CITY AMRITSAR,11 KV Lahori Gate,Planned,Closed,2026-06-06T10:00:00Z,2026-06-06T11:20:00Z,80
1872701,West,FARIDKOT,Dutt Road,Planned,Closed,2026-06-06T10:00:00Z,2026-06-06T14:38:47Z,278
1872699,West,FARIDKOT,AKALSAR,Planned,Closed,2026-06-06T10:00:00Z,2026-06-06T14:38:33Z,278
1872390,Central,CITY EAST LUDHIANA,Evershine,Planned,Closed,2026-06-06T10:00:00Z,2026-06-06T14:00:00Z,240
1872389,Central,CITY EAST LUDHIANA,R&D CENTRE,Planned,Closed,2026-06-06T10:00:00Z,2026-06-06T14:00:00Z,240
1872821,South,SANGRUR,AGE,Unplanned,Closed,2026-06-06T09:55:00Z,2026-06-06T10:45:00Z,50
1872820,South,SANGRUR,NABHA GATE,Unplanned,Closed,2026-06-06T09:55:00Z,2026-06-06T10:46:00Z,51
1872824,Border,SUB URBAN AMRITSAR,CHAND INDUSTRY,Unplanned,Closed,2026-06-06T09:53:05Z,2026-06-06T10:49:00Z,55
1872817,North,KAPURTHALA,UPS KACHI SARAI KHAS,Unplanned,Closed,2026-06-06T09:51:00Z,2026-06-06T10:26:00Z,35
1872825,South,PATIALA,DALIMA,Unplanned,Closed,2026-06-06T09:50:00Z,2026-06-06T12:35:00Z,165
1872818,North,HOSHIARPUR,Bhogpur,Unplanned,Closed,2026-06-06T09:50:00Z,2026-06-06T10:05:00Z,15
1872790,North,HOSHIARPUR,HAJIPUR,Unplanned,Closed,2026-06-06T09:50:00Z,2026-06-06T11:45:00Z,115
1872791,Border,GURDASPUR,Dhira,Unplanned,Closed,2026-06-06T09:42:00Z,2026-06-06T10:05:00Z,23
1872789,East,MOHALI,11KV GMI,Unplanned,Closed,2026-06-06T09:42:00Z,2026-06-06T10:35:00Z,53
1872787,South,SANGRUR,11 KV TOLAWAL UPS,Unplanned,Closed,2026-06-06T09:35:00Z,2026-06-06T10:47:00Z,72
1872772,East,MOHALI,SEC 63,Unplanned,Closed,2026-06-06T09:35:00Z,2026-06-06T10:15:00Z,40
1872771,North,JALANDHAR,G.T.ROAD,Unplanned,Closed,2026-06-06T09:34:00Z,2026-06-06T10:30:00Z,56
1872498,West,MUKATSAR,Surja,Planned,Closed,2026-06-06T09:30:06Z,2026-06-06T14:06:06Z,276
1872497,West,MUKATSAR,GT Road,Planned,Closed,2026-06-06T09:30:06Z,2026-06-06T14:06:06Z,276
1872496,West,MUKATSAR,Suraj Textile Mill,Planned,Closed,2026-06-06T09:30:06Z,2026-06-06T14:06:06Z,276
1872495,West,MUKATSAR,Bathinda Road,Planned,Closed,2026-06-06T09:30:06Z,2026-06-06T14:06:06Z,276
1872475,West,MUKATSAR,THERI,Planned,Closed,2026-06-06T09:30:00Z,2026-06-06T13:05:00Z,215
1872768,West,MUKATSAR,11 KV Dhani Bisehesarnath,Unplanned,Closed,2026-06-06T09:29:00Z,2026-06-06T09:54:00Z,25
1872767,West,MUKATSAR,11 KV Azimgarh Urban,Unplanned,Closed,2026-06-06T09:29:00Z,2026-06-06T09:54:00Z,25
1872765,North,JALANDHAR,Sudhama Vihar,Unplanned,Closed,2026-06-06T09:26:00Z,2026-06-06T09:28:00Z,2
1872770,North,JALANDHAR,RAJOWAL,Unplanned,Closed,2026-06-06T09:25:00Z,2026-06-06T10:23:00Z,58
1872769,North,HOSHIARPUR,KOLYA,Unplanned,Closed,2026-06-06T09:25:00Z,2026-06-06T10:25:00Z,60
1872766,North,HOSHIARPUR,Khalsa College Garhdiwala,Unplanned,Closed,2026-06-06T09:25:00Z,2026-06-06T10:05:00Z,40
1872761,South,PATIALA,LOHSIMBLI (LOHSIMBLI),Unplanned,Closed,2026-06-06T09:21:00Z,2026-06-06T11:00:00Z,99
1872763,Border,TARN TARAN,JAWANDY,Unplanned,Closed,2026-06-06T09:20:00Z,2026-06-06T10:20:00Z,60
1872788,Border,TARN TARAN,PANDORI SIDHWAN,Unplanned,Closed,2026-06-06T09:18:28Z,2026-06-06T11:05:32Z,107
1872757,South,SANGRUR,11 KV SLIET,Unplanned,Closed,2026-06-06T09:18:16Z,2026-06-06T11:35:38Z,137
1872762,East,MOHALI,Green Enclave,Unplanned,Closed,2026-06-06T09:15:19Z,2026-06-06T10:05:51Z,50
1872748,South,SANGRUR,RNG - cat 4,Unplanned,Closed,2026-06-06T09:15:00Z,2026-06-06T10:05:00Z,50
1872746,Central,CITY EAST LUDHIANA,LOVELY DYEING,Unplanned,Closed,2026-06-06T09:14:38Z,2026-06-06T10:16:47Z,62
1872745,Central,CITY EAST LUDHIANA,Gulabi Bagh,Unplanned,Closed,2026-06-06T09:14:38Z,2026-06-06T10:16:56Z,62
1872744,Central,CITY EAST LUDHIANA,COMPANY BAGH,Unplanned,Closed,2026-06-06T09:14:38Z,2026-06-06T10:17:05Z,62
1872747,West,FARIDKOT,11 KV MANUKE -R,Unplanned,Closed,2026-06-06T09:14:00Z,2026-06-06T09:17:10Z,3
1872764,Border,CITY AMRITSAR,11Kv Chattiwind,Unplanned,Closed,2026-06-06T09:10:00Z,2026-06-06T12:25:00Z,195
1872756,East,MOHALI,11KV PATTON AP,Unplanned,Closed,2026-06-06T09:06:36Z,2026-06-06T09:31:00Z,24
1872845,South,PATIALA,INDUSTRIAL 1,Unplanned,Closed,2026-06-06T09:05:00Z,2026-06-06T10:20:00Z,75
1872743,North,HOSHIARPUR,Darapur,Unplanned,Closed,2026-06-06T09:05:00Z,2026-06-06T09:30:00Z,25
1872722,North,KAPURTHALA,UPS MITHRA,Planned,Closed,2026-06-06T09:05:00Z,2026-06-06T10:55:00Z,110
1872724,West,BATHINDA,NANDGARH UPS,Unplanned,Closed,2026-06-06T09:01:00Z,2026-06-06T09:35:00Z,34
1872729,South,PATIALA,Sarbat,Unplanned,Closed,2026-06-06T09:00:00Z,2026-06-06T10:00:00Z,60
1872728,South,PATIALA,JAGDAMBAY PATIALA COTSPIN,Unplanned,Closed,2026-06-06T09:00:00Z,2026-06-06T09:25:00Z,25
1872727,South,PATIALA,SABJI MANDI,Unplanned,Closed,2026-06-06T09:00:00Z,2026-06-06T09:25:00Z,25
1872726,South,PATIALA,TEHSIL ROAD,Unplanned,Closed,2026-06-06T09:00:00Z,2026-06-06T10:00:00Z,60
1872725,South,PATIALA,WARICHAN ROAD,Unplanned,Closed,2026-06-06T09:00:00Z,2026-06-06T09:27:00Z,27
1871252,East,Zirakpur,HARI PUR HINDUAN,Planned,Closed,2026-06-06T09:00:00Z,2026-06-06T09:05:00Z,5
1871248,East,Zirakpur,HAIBAT PUR RURAL,Planned,Closed,2026-06-06T09:00:00Z,2026-06-06T09:05:00Z,5
1872721,Border,CITY AMRITSAR,swadeshi mill,Unplanned,Closed,2026-06-06T08:59:25Z,2026-06-06T09:38:26Z,39
1872723,North,NAWANSHAHR,PAILY,Unplanned,Closed,2026-06-06T08:58:00Z,2026-06-06T09:32:00Z,34
1872719,Central,KHANNA,City-2 khanna,Unplanned,Closed,2026-06-06T08:55:00Z,2026-06-06T09:53:00Z,58
1872720,North,NAWANSHAHR,11 KV MAHALON,Unplanned,Closed,2026-06-06T08:50:00Z,2026-06-06T09:40:00Z,50
1872712,South,PATIALA,11 KV PUNJABI BAGH,Unplanned,Closed,2026-06-06T08:40:00Z,2026-06-06T08:56:00Z,16
1872708,Border,GURDASPUR,Manj,Unplanned,Closed,2026-06-06T08:35:00Z,2026-06-06T08:54:00Z,19
1872706,Border,GURDASPUR,Dalia,Unplanned,Closed,2026-06-06T08:35:00Z,2026-06-06T08:54:00Z,19
1872710,North,NAWANSHAHR,Aujla,Unplanned,Closed,2026-06-06T08:30:00Z,2026-06-06T09:30:00Z,60
1872709,North,NAWANSHAHR,JAGATPUR,Unplanned,Closed,2026-06-06T08:30:00Z,2026-06-06T09:30:00Z,60
1872707,Border,SUB URBAN AMRITSAR,Hakima Gate,Unplanned,Closed,2026-06-06T08:20:39Z,2026-06-06T09:35:54Z,75
1872705,Border,SUB URBAN AMRITSAR,Dashmesh Nagar,Unplanned,Closed,2026-06-06T08:20:39Z,2026-06-06T09:35:31Z,74
1872703,West,BATHINDA,PUCCA KALAN,Unplanned,Closed,2026-06-06T08:20:00Z,2026-06-06T10:41:59Z,141
1872704,Border,SUB URBAN AMRITSAR,chah nighan,Unplanned,Closed,2026-06-06T08:18:39Z,2026-06-06T09:30:00Z,71
1872700,Border,GURDASPUR,Withwan,Unplanned,Closed,2026-06-06T08:15:00Z,2026-06-06T08:20:00Z,5
1872697,North,KAPURTHALA,UPS GURSAR,Planned,Closed,2026-06-06T08:15:00Z,2026-06-06T11:50:00Z,215
1872711,South,PATIALA,BABA DEEP SINGH,Unplanned,Closed,2026-06-06T08:05:00Z,2026-06-06T09:05:00Z,60
1872696,West,BATHINDA,AJIT ROAD,Unplanned,Closed,2026-06-06T08:05:00Z,2026-06-06T08:10:00Z,5
1872692,North,HOSHIARPUR,KALYANPUR,Unplanned,Closed,2026-06-06T08:05:00Z,2026-06-06T09:35:00Z,90
1872713,Central,CITY WEST LUDHIANA,SANT ISHER SINGH NAGAR,Unplanned,Closed,2026-06-06T08:02:09Z,2026-06-06T09:26:20Z,84
1872689,North,KAPURTHALA,UPS Sangowal Bet,Unplanned,Closed,2026-06-06T07:45:00Z,2026-06-06T08:20:00Z,35
1872688,Central,CITY EAST LUDHIANA,Geeta Nagar 2.,Unplanned,Closed,2026-06-06T07:43:48Z,2026-06-06T08:34:23Z,50
1872687,North,NAWANSHAHR,GARHI,Unplanned,Closed,2026-06-06T07:35:00Z,2026-06-06T07:50:00Z,15
1872682,North,KAPURTHALA,UPS MALLIWAL,Unplanned,Closed,2026-06-06T07:30:53Z,2026-06-06T08:15:53Z,45
1872681,North,KAPURTHALA,URBAN Malsian,Unplanned,Closed,2026-06-06T07:30:53Z,2026-06-06T08:15:53Z,45
1872680,North,KAPURTHALA,URBAN INDUSTRY,Unplanned,Closed,2026-06-06T07:30:53Z,2026-06-06T08:15:53Z,45
1872679,North,KAPURTHALA,Darbar Paper Mill,Unplanned,Closed,2026-06-06T07:30:53Z,2026-06-06T08:15:53Z,45
1872678,North,KAPURTHALA,UPS Kotli,Unplanned,Closed,2026-06-06T07:30:53Z,2026-06-06T08:15:53Z,45
1872677,North,KAPURTHALA,UPS KACHI SARAI KHAS,Unplanned,Closed,2026-06-06T07:30:53Z,2026-06-06T08:15:53Z,45
1872686,North,KAPURTHALA,UPS Badli Adda,Unplanned,Closed,2026-06-06T07:30:36Z,2026-06-06T08:15:36Z,45
1872685,North,KAPURTHALA,Nirmal Kutiya,Unplanned,Closed,2026-06-06T07:30:36Z,2026-06-06T08:16:36Z,46
1872684,North,KAPURTHALA,UPS MURIWAL,Unplanned,Closed,2026-06-06T07:30:36Z,2026-06-06T08:15:36Z,45
1872683,North,KAPURTHALA,UPS Rupewal,Unplanned,Closed,2026-06-06T07:30:36Z,2026-06-06T08:15:36Z,45
1872676,North,KAPURTHALA,Civil Hospital,Unplanned,Closed,2026-06-06T07:30:03Z,2026-06-06T08:25:03Z,55
1872675,North,KAPURTHALA,UPS Kotla Suraj Mall,Unplanned,Closed,2026-06-06T07:30:03Z,2026-06-06T08:25:03Z,55
1872674,North,KAPURTHALA,UPS Sangatpur,Unplanned,Closed,2026-06-06T07:30:03Z,2026-06-06T08:25:03Z,55
1872673,North,KAPURTHALA,URBAN MODEL TOWN Shahkot,Unplanned,Closed,2026-06-06T07:30:03Z,2026-06-06T08:25:03Z,55
1872672,North,KAPURTHALA,Fazalwal,Unplanned,Closed,2026-06-06T07:30:03Z,2026-06-06T08:25:03Z,55
1872671,North,KAPURTHALA,Gobind Nagar,Unplanned,Closed,2026-06-06T07:30:03Z,2026-06-06T08:25:03Z,55
1872670,North,KAPURTHALA,URBAN MAIN BAZAAR Shahkot,Unplanned,Closed,2026-06-06T07:30:03Z,2026-06-06T08:25:03Z,55
1872669,North,KAPURTHALA,UPS Nagal Ambian,Unplanned,Closed,2026-06-06T07:30:03Z,2026-06-06T08:25:03Z,55
1872668,North,KAPURTHALA,URBAN DANA MANDI Shahkot,Unplanned,Closed,2026-06-06T07:30:03Z,2026-06-06T08:25:03Z,55
1872667,South,SANGRUR,Kakarwal,Unplanned,Closed,2026-06-06T07:24:00Z,2026-06-06T09:01:00Z,97
1872666,North,HOSHIARPUR,DEVIDASS,Unplanned,Closed,2026-06-06T07:15:00Z,2026-06-06T07:45:00Z,30
1872664,Border,GURDASPUR,Chah Kotla,Unplanned,Closed,2026-06-06T07:12:00Z,2026-06-06T08:03:00Z,51
1872663,Border,SUB URBAN AMRITSAR,BHUSSE,Unplanned,Closed,2026-06-06T07:12:00Z,2026-06-06T08:58:00Z,106
1872662,West,FARIDKOT,11 KV MATA TAAP KAUR,Unplanned,Closed,2026-06-06T07:08:45Z,2026-06-06T07:27:05Z,18
1872661,North,HOSHIARPUR,KALYANPUR,Unplanned,Closed,2026-06-06T07:00:00Z,2026-06-06T07:40:00Z,40
1872660,West,BATHINDA,Astal Dass,Unplanned,Closed,2026-06-06T07:00:00Z,2026-06-06T08:00:00Z,60
1872698,Central,CITY WEST LUDHIANA,SANT ISHER SINGH NAGAR,Unplanned,Closed,2026-06-06T06:51:40Z,2026-06-06T08:01:55Z,70
1872695,North,KAPURTHALA,UPS KULLAR,Unplanned,Closed,2026-06-06T06:45:44Z,2026-06-06T09:00:44Z,135
1872694,North,KAPURTHALA,URBAN Dere Aia De,Unplanned,Closed,2026-06-06T06:45:44Z,2026-06-06T09:00:44Z,135
1872693,North,KAPURTHALA,UPS KHUSROPUR,Unplanned,Closed,2026-06-06T06:45:44Z,2026-06-06T09:00:44Z,135
1872665,Border,GURDASPUR,Udhowali,Unplanned,Closed,2026-06-06T06:45:00Z,2026-06-06T14:30:00Z,465
1872659,Border,GURDASPUR,24Hrs SUPPLY SEKHWAN,Unplanned,Closed,2026-06-06T06:45:00Z,2026-06-06T09:10:00Z,145
1872691,North,KAPURTHALA,UGGI UPS,Unplanned,Closed,2026-06-06T06:35:00Z,2026-06-06T08:30:00Z,115
1872656,North,HOSHIARPUR,HAJIPUR,Unplanned,Closed,2026-06-06T06:20:00Z,2026-06-06T06:55:00Z,35
1872657,South,SANGRUR,UBHIA UPS,Unplanned,Closed,2026-06-06T06:15:00Z,2026-06-06T08:00:00Z,105
1872654,Central,CITY WEST LUDHIANA,POPULAR FEEDER,Unplanned,Closed,2026-06-06T06:10:00Z,2026-06-06T07:13:00Z,63
1872658,Border,TARN TARAN,UPS WAN TARA SINGH,Unplanned,Closed,2026-06-06T05:58:00Z,2026-06-06T06:50:00Z,52
1872655,East,Zirakpur,TRIBUNE COLONY,Unplanned,Closed,2026-06-06T05:57:00Z,2026-06-06T06:55:00Z,58
1872653,East,MOHALI,TDI 2,Unplanned,Closed,2026-06-06T05:39:00Z,2026-06-06T06:19:43Z,40
1872652,East,MOHALI,Green Enclave,Unplanned,Closed,2026-06-06T05:37:00Z,2026-06-06T06:48:59Z,71
1872651,Border,GURDASPUR,Withwan,Unplanned,Closed,2026-06-06T05:10:00Z,2026-06-06T05:40:00Z,30
1872650,Central,KHANNA,GANPATI BODY BUILDERS,Unplanned,Closed,2026-06-06T05:00:00Z,2026-06-06T06:10:00Z,70
1872649,Central,CITY EAST LUDHIANA,BAL SINGH NAGAR,Unplanned,Closed,2026-06-06T05:00:00Z,2026-06-06T05:49:00Z,49
1872636,Border,TARN TARAN,UPS DHARIWAL,Unplanned,Closed,2026-06-06T04:41:18Z,2026-06-06T05:50:51Z,69
1872648,East,Zirakpur,ALLWIN,Unplanned,Closed,2026-06-06T04:06:20Z,2026-06-06T05:56:20Z,110
1872647,East,Zirakpur,GREEN VALLEY,Unplanned,Closed,2026-06-06T04:06:20Z,2026-06-06T05:56:20Z,110
1872646,East,Zirakpur,11kv Cosmo,Unplanned,Closed,2026-06-06T04:06:20Z,2026-06-06T05:56:20Z,110
1872645,East,Zirakpur,HLP,Unplanned,Closed,2026-06-06T04:06:20Z,2026-06-06T05:56:20Z,110
1872644,East,Zirakpur,BEGAMPURA,Unplanned,Closed,2026-06-06T04:06:20Z,2026-06-06T05:56:20Z,110
1872643,East,Zirakpur,Bhudda Sahib,Unplanned,Closed,2026-06-06T04:06:20Z,2026-06-06T05:56:20Z,110
1872642,East,Zirakpur,PRITHIM,Unplanned,Closed,2026-06-06T04:06:20Z,2026-06-06T05:56:20Z,110
1872641,East,Zirakpur,SUKHNA,Unplanned,Closed,2026-06-06T04:06:20Z,2026-06-06T05:56:20Z,110
1872640,East,Zirakpur,SATLUJ,Unplanned,Closed,2026-06-06T04:06:20Z,2026-06-06T05:56:20Z,110
1872639,East,Zirakpur,PUNJAB,Unplanned,Closed,2026-06-06T04:06:20Z,2026-06-06T05:56:20Z,110
1872638,East,Zirakpur,SIMRAN,Unplanned,Closed,2026-06-06T04:06:20Z,2026-06-06T05:56:20Z,110
1872637,East,Zirakpur,DHILLON,Unplanned,Closed,2026-06-06T04:06:20Z,2026-06-06T05:56:20Z,110
1872634,North,NAWANSHAHR,JINDAPUR,Unplanned,Closed,2026-06-06T03:55:00Z,2026-06-06T05:30:00Z,95
1872635,West,MUKATSAR,Kanianwali UPS,Unplanned,Closed,2026-06-06T03:50:00Z,2026-06-06T04:50:00Z,60
1872633,Border,SUB URBAN AMRITSAR,SUNCITY,Unplanned,Closed,2026-06-06T03:00:00Z,2026-06-06T03:44:00Z,44
1872631,Border,CITY AMRITSAR,SULTANWIND ROAD,Unplanned,Closed,2026-06-06T02:44:00Z,2026-06-06T03:02:00Z,18
1872632,North,HOSHIARPUR,Darapur,Unplanned,Closed,2026-06-06T02:41:00Z,2026-06-06T03:44:00Z,63
1872628,West,FARIDKOT,DHARAMKOT,Unplanned,Closed,2026-06-06T02:12:00Z,2026-06-06T04:14:00Z,122
1872626,Border,SUB URBAN AMRITSAR,11 KV INDRA COLONY,Unplanned,Closed,2026-06-06T02:03:44Z,2026-06-06T02:33:00Z,29
1872627,South,SANGRUR,CITY 6,Unplanned,Closed,2026-06-06T02:01:00Z,2026-06-06T04:10:00Z,129
1872630,South,PATIALA,JAGDAMBAY PATIALA COTSPIN,Unplanned,Closed,2026-06-06T02:00:00Z,2026-06-06T02:15:00Z,15
1872629,Central,KHANNA,BILASPUR,Unplanned,Closed,2026-06-06T02:00:00Z,2026-06-06T05:00:00Z,180
1872623,East,MOHALI,Nirankari feeder,Unplanned,Closed,2026-06-06T01:42:29Z,2026-06-06T01:54:04Z,11
1872622,East,MOHALI,JANTI DEVI,Unplanned,Closed,2026-06-06T01:42:29Z,2026-06-06T01:54:23Z,11
1872621,East,MOHALI,NAYA GAON,Unplanned,Closed,2026-06-06T01:42:29Z,2026-06-06T01:54:54Z,12
1872625,North,KAPURTHALA,KARTARPUR ROAD URBAN,Unplanned,Closed,2026-06-06T01:40:00Z,2026-06-06T03:10:00Z,90
1872624,Border,SUB URBAN AMRITSAR,SUNCITY,Unplanned,Closed,2026-06-06T01:36:18Z,2026-06-06T03:03:18Z,87
1872619,North,JALANDHAR,CHAK HUSSIANA,Unplanned,Closed,2026-06-06T01:22:00Z,2026-06-06T01:33:00Z,11
1872620,North,KAPURTHALA,SHALIMAR JALANDHAR ROAD,Unplanned,Closed,2026-06-06T01:20:00Z,2026-06-06T01:50:00Z,30
1872616,Border,GURDASPUR,Civil Line,Unplanned,Closed,2026-06-06T01:01:00Z,2026-06-06T01:40:00Z,39
1872617,North,HOSHIARPUR,BHOGPUR NO 2,Unplanned,Closed,2026-06-06T01:00:00Z,2026-06-06T02:02:00Z,62
1872612,West,FARIDKOT,PARTAP ROAD,Unplanned,Closed,2026-06-06T00:59:00Z,2026-06-06T03:15:00Z,136
1872611,West,FARIDKOT,MOGA-1,Unplanned,Closed,2026-06-06T00:56:00Z,2026-06-06T03:15:00Z,139
1872614,Border,GURDASPUR,Naroat Mehra,Unplanned,Closed,2026-06-06T00:55:00Z,2026-06-06T01:15:00Z,20
1872618,North,JALANDHAR,11KV SHANTI VIHAR,Unplanned,Closed,2026-06-06T00:53:00Z,2026-06-06T02:07:00Z,74
1872613,South,SANGRUR,GHAGGA CITY,Unplanned,Closed,2026-06-06T00:51:00Z,2026-06-06T07:30:00Z,399
1872615,Border,SUB URBAN AMRITSAR,KOTLA URBAN,Unplanned,Closed,2026-06-06T00:45:00Z,2026-06-06T04:30:00Z,225
1872610,East,MOHALI,BANUR URBAN 3,Unplanned,Closed,2026-06-06T00:34:00Z,2026-06-06T00:50:00Z,16
1872609,Border,TARN TARAN,UPS LAHUKA,Unplanned,Closed,2026-06-06T00:33:42Z,2026-06-06T07:10:00Z,396
1872606,West,FARIDKOT,SADIQ,Unplanned,Closed,2026-06-06T00:10:14Z,2026-06-06T01:05:39Z,55
1872607,Border,GURDASPUR,24 Hrs UPS Rangar Nangal,Unplanned,Closed,2026-06-06T00:10:00Z,2026-06-06T04:50:00Z,280
1872602,West,FARIDKOT,Jawahar Nagar,Unplanned,Closed,2026-06-06T00:00:12Z,2026-06-06T03:25:51Z,205
1872604,West,FARIDKOT,MOGA-2,Unplanned,Closed,2026-06-06T00:00:00Z,2026-06-06T03:52:11Z,232
1872603,Border,GURDASPUR,Mandi,Unplanned,Closed,2026-06-05T23:58:00Z,2026-06-06T01:20:00Z,82
1872597,Border,GURDASPUR,South City,Unplanned,Closed,2026-06-05T23:50:00Z,2026-06-06T00:19:00Z,29
1872601,East,MOHALI,TEPLA ROAD BANUR,Unplanned,Closed,2026-06-05T23:49:00Z,2026-06-06T00:51:00Z,62
1872595,North,NAWANSHAHR,CITY GARHSHANKAR-2,Unplanned,Closed,2026-06-05T23:49:00Z,2026-06-05T23:55:00Z,6
1872605,East,Zirakpur,PREET COLONY,Unplanned,Closed,2026-06-05T23:45:00Z,2026-06-06T00:40:00Z,55
1872600,North,KAPURTHALA,JALLOW KHANNA URBAN,Unplanned,Closed,2026-06-05T23:45:00Z,2026-06-06T01:00:00Z,75
1872598,North,KAPURTHALA,URBAN MOHABAT NAGAR,Unplanned,Closed,2026-06-05T23:45:00Z,2026-06-06T01:00:00Z,75
1872590,Central,KHANNA,JASARA,Unplanned,Closed,2026-06-05T23:45:00Z,2026-06-06T00:08:00Z,23
1872555,West,MUKATSAR,Basti Hazoor Singh,Unplanned,Closed,2026-06-05T23:41:04Z,2026-06-06T00:01:00Z,19
1872591,West,MUKATSAR,11 KV Telupura,Unplanned,Closed,2026-06-05T23:39:00Z,2026-06-06T00:29:28Z,50
1872599,Border,CITY AMRITSAR,CHATIWIND 2,Unplanned,Closed,2026-06-05T23:38:00Z,2026-06-06T01:18:00Z,100
1872528,North,NAWANSHAHR,CITY GARHSHANKAR-2,Unplanned,Closed,2026-06-05T23:28:00Z,2026-06-05T23:42:00Z,14
1872530,East,Zirakpur,SINGHPURA,Unplanned,Closed,2026-06-05T23:27:00Z,2026-06-06T00:17:00Z,50
1872527,East,MOHALI,11 KV Mohali Vill.,Unplanned,Closed,2026-06-05T23:25:31Z,2026-06-05T23:35:23Z,9
1872526,East,MOHALI,Sec 55,Unplanned,Closed,2026-06-05T23:25:31Z,2026-06-05T23:35:37Z,10
1872529,Border,CITY AMRITSAR,MAQBOOL ROAD,Unplanned,Closed,2026-06-05T23:25:00Z,2026-06-06T00:30:00Z,65
1872524,East,ROPAR,SWARA,Unplanned,Closed,2026-06-05T23:21:00Z,2026-06-05T23:51:13Z,30
1872525,Central,KHANNA,Shastri Nagar,Unplanned,Closed,2026-06-05T23:20:00Z,2026-06-05T23:46:00Z,26
1872520,West,FARIDKOT,BURJ JAWAHAR SINGH WALA,Unplanned,Closed,2026-06-05T23:15:48Z,2026-06-05T23:55:36Z,39
1872515,West,MUKATSAR,11 KV Panjpeer Nagar,Unplanned,Closed,2026-06-05T23:09:42Z,2026-06-05T23:45:50Z,36
1872554,South,PATIALA,M/S VIVITHA INFRASTRUCTURE,Unplanned,Closed,2026-06-05T23:05:54Z,2026-06-06T01:35:54Z,150
1872553,South,PATIALA,ASIANFINE CEMENT,Unplanned,Closed,2026-06-05T23:05:54Z,2026-06-06T18:52:54Z,1187
1872552,South,PATIALA,ABC,Unplanned,Closed,2026-06-05T23:05:54Z,2026-06-06T01:35:54Z,150
1872551,South,PATIALA,HUL ROAD,Unplanned,Closed,2026-06-05T23:05:54Z,2026-06-06T18:52:54Z,1187
1872550,South,PATIALA,SHRI THAKUR DWARA,Unplanned,Closed,2026-06-05T23:05:54Z,2026-06-06T01:35:54Z,150
1872549,South,PATIALA,STAR ENCLAVE,Unplanned,Closed,2026-06-05T23:05:54Z,2026-06-06T01:35:54Z,150
1872548,South,PATIALA,DANBURY YARN,Unplanned,Closed,2026-06-05T23:05:54Z,2026-06-06T18:52:54Z,1187
1872547,South,PATIALA,Chandigarh Road,Unplanned,Closed,2026-06-05T23:05:54Z,2026-06-06T18:52:54Z,1187
1872546,South,PATIALA,Substation T/F Rajpura F.P,Unplanned,Closed,2026-06-05T23:05:54Z,2026-06-06T04:25:54Z,320
1872545,South,PATIALA,kotla,Unplanned,Closed,2026-06-05T23:05:54Z,2026-06-06T01:35:54Z,150
1872544,South,PATIALA,ups Ambala Road,Unplanned,Closed,2026-06-05T23:05:54Z,2026-06-06T04:30:54Z,325
1872543,South,PATIALA,UPS RAJPURA,Unplanned,Closed,2026-06-05T23:05:54Z,2026-06-06T04:30:54Z,325
1872542,South,PATIALA,11 KV Sood packers,Unplanned,Closed,2026-06-05T23:05:54Z,2026-06-06T18:52:54Z,1187
1872541,South,PATIALA,BABA DEEP SINGH,Unplanned,Closed,2026-06-05T23:05:54Z,2026-06-06T01:35:54Z,150
1872540,South,PATIALA,SUNDER NAGAR RAJPURA,Unplanned,Closed,2026-06-05T23:05:54Z,2026-06-06T01:35:54Z,150
1872539,South,PATIALA,INDUSTRIAL NO 2 (FP),Unplanned,Closed,2026-06-05T23:05:54Z,2026-06-06T18:52:54Z,1187
1872538,South,PATIALA,FOCALPOINT CAT-2,Unplanned,Closed,2026-06-05T23:05:54Z,2026-06-06T18:52:54Z,1187
1872537,South,PATIALA,rajpura,Unplanned,Closed,2026-06-05T23:05:54Z,2026-06-06T01:35:54Z,150
1872536,South,PATIALA,Bharat colony,Unplanned,Closed,2026-06-05T23:05:54Z,2026-06-06T01:35:54Z,150
1872535,South,PATIALA,11KV TECHNOPACK,Unplanned,Closed,2026-06-05T23:05:54Z,2026-06-06T18:52:54Z,1187
1872534,South,PATIALA,SYL (F.P),Unplanned,Closed,2026-06-05T23:05:54Z,2026-06-06T04:30:54Z,325
1872533,South,PATIALA,industrial No.1 (FP),Unplanned,Closed,2026-06-05T23:05:54Z,2026-06-06T18:52:54Z,1187
1872532,South,PATIALA,stephen chemical,Unplanned,Closed,2026-06-05T23:05:54Z,2026-06-06T18:52:54Z,1187
1872523,South,PATIALA,WTP FDR. MANDOLI,Unplanned,Closed,2026-06-05T23:05:34Z,2026-06-06T00:30:34Z,85
1872522,South,PATIALA,SAHAL UPS,Unplanned,Closed,2026-06-05T23:05:34Z,2026-06-06T00:30:34Z,85
1872521,South,PATIALA,HARPALPUR UPS,Unplanned,Closed,2026-06-05T23:05:34Z,2026-06-06T00:30:34Z,85
1872594,South,PATIALA,UPS MIRJAPUR,Unplanned,Closed,2026-06-05T23:04:36Z,2026-06-06T04:30:36Z,326
1872593,South,PATIALA,GAJJU KHERA URBAN,Unplanned,Closed,2026-06-05T23:04:36Z,2026-06-06T04:30:36Z,326
1872592,South,PATIALA,UPS PAWALA,Unplanned,Closed,2026-06-05T23:04:36Z,2026-06-06T04:30:36Z,326
1872578,South,PATIALA,A.I.M.L.,Unplanned,Closed,2026-06-05T23:04:28Z,2026-06-06T01:35:28Z,151
1872577,South,PATIALA,UPS 2,Unplanned,Closed,2026-06-05T23:04:28Z,2026-06-06T04:25:28Z,321
1872576,South,PATIALA,ups-3,Unplanned,Closed,2026-06-05T23:04:28Z,2026-06-06T04:25:28Z,321
1872575,South,PATIALA,UPS 1,Unplanned,Closed,2026-06-05T23:04:28Z,2026-06-06T04:25:28Z,321
1872574,South,PATIALA,Panjiri Plant,Unplanned,Closed,2026-06-05T23:04:21Z,2026-06-06T01:30:21Z,146
1872573,South,PATIALA,Bhoglan Road,Unplanned,Closed,2026-06-05T23:04:21Z,2026-06-06T01:30:21Z,146
1872572,South,PATIALA,TDI,Unplanned,Closed,2026-06-05T23:04:21Z,2026-06-06T01:30:21Z,146
1872571,South,PATIALA,Arya Samaj,Unplanned,Closed,2026-06-05T23:04:21Z,2026-06-06T01:30:21Z,146
1872570,South,PATIALA,A P JAIN HOSPITAL,Unplanned,Closed,2026-06-05T23:04:21Z,2026-06-06T01:35:21Z,151
1872569,South,PATIALA,SINGH SABHA ROAD,Unplanned,Closed,2026-06-05T23:04:21Z,2026-06-06T01:30:21Z,146
1872568,South,PATIALA,MOHINDER GANJ,Unplanned,Closed,2026-06-05T23:04:21Z,2026-06-06T01:30:21Z,146
1872567,South,PATIALA,k.k.SCHOOL ROAD,Unplanned,Closed,2026-06-05T23:04:21Z,2026-06-06T01:30:21Z,146
1872566,South,PATIALA,PATIALA RAOD,Unplanned,Closed,2026-06-05T23:04:21Z,2026-06-06T01:30:21Z,146
1872565,South,PATIALA,LAKKAR MANDI,Unplanned,Closed,2026-06-05T23:04:21Z,2026-06-06T01:30:21Z,146
1872564,South,PATIALA,11 KV Water Works,Unplanned,Closed,2026-06-05T23:04:21Z,2026-06-06T01:35:21Z,151
1872563,South,PATIALA,ANAAJ MANDI,Unplanned,Closed,2026-06-05T23:04:21Z,2026-06-06T01:30:21Z,146
1872562,South,PATIALA,INDUSTRIAL 1,Unplanned,Closed,2026-06-05T23:04:21Z,2026-06-06T01:30:21Z,146
1872561,South,PATIALA,Old Rajpura Substation T/F,Unplanned,Closed,2026-06-05T23:04:21Z,2026-06-06T01:35:21Z,151
1872560,South,PATIALA,DALIMA,Unplanned,Closed,2026-06-05T23:04:21Z,2026-06-06T01:30:21Z,146
1872559,South,PATIALA,JANDOLI,Unplanned,Closed,2026-06-05T23:04:21Z,2026-06-06T04:25:21Z,321
1872558,South,PATIALA,INDUSTRIAL ESTATE,Unplanned,Closed,2026-06-05T23:04:21Z,2026-06-06T04:25:21Z,321
1872557,South,PATIALA,MAHAVIR,Unplanned,Closed,2026-06-05T23:04:21Z,2026-06-06T01:30:21Z,146
1872556,South,PATIALA,gobind colony,Unplanned,Closed,2026-06-05T23:04:21Z,2026-06-06T01:30:21Z,146
1872511,West,FARIDKOT,FOCAL POINT,Unplanned,Closed,2026-06-05T23:03:00Z,2026-06-06T00:23:00Z,80
1872518,Border,GURDASPUR,SEKHWAN,Unplanned,Closed,2026-06-05T23:02:00Z,2026-06-06T05:25:00Z,383
1872517,West,MUKATSAR,Dhoula Kingra,Unplanned,Closed,2026-06-05T23:02:00Z,2026-06-05T23:27:00Z,25
1872519,South,BARNALA,COURT ROAD,Unplanned,Closed,2026-06-05T22:55:00Z,2026-06-06T00:50:00Z,115
1872516,South,BARNALA,Chappa UPS,Unplanned,Closed,2026-06-05T22:55:00Z,2026-06-06T05:21:00Z,386
1872510,South,PATIALA,UPS Lout,Unplanned,Closed,2026-06-05T22:50:36Z,2026-06-05T23:15:54Z,25
1872509,Border,GURDASPUR,TALIBPUR,Unplanned,Closed,2026-06-05T22:47:00Z,2026-06-05T23:25:00Z,38
1872508,Border,GURDASPUR,Simbal,Unplanned,Closed,2026-06-05T22:37:00Z,2026-06-06T01:20:00Z,163
1872507,Border,GURDASPUR,Kahnuwan Road,Unplanned,Closed,2026-06-05T22:35:00Z,2026-06-06T01:15:00Z,160
1872503,West,MUKATSAR,11 KV KANDHWALA UPS,Unplanned,Closed,2026-06-05T22:32:00Z,2026-06-05T23:30:00Z,58
1872502,West,FARIDKOT,GANGSAR,Unplanned,Closed,2026-06-05T22:28:25Z,2026-06-05T22:51:48Z,23
1872514,Central,KHANNA,Royal,Unplanned,Closed,2026-06-05T22:28:00Z,2026-06-05T23:15:00Z,47
1872501,North,NAWANSHAHR,KAMALPUR,Unplanned,Closed,2026-06-05T22:28:00Z,2026-06-05T23:20:00Z,52
1872499,Central,CITY EAST LUDHIANA,BEANTPURA,Unplanned,Closed,2026-06-05T22:26:07Z,2026-06-05T23:30:15Z,64
1872505,North,JALANDHAR,RING MAIN,Unplanned,Closed,2026-06-05T22:25:00Z,2026-06-05T23:35:00Z,70
1872500,West,MUKATSAR,11 KV KANDHWALA UPS,Unplanned,Closed,2026-06-05T22:25:00Z,2026-06-05T23:30:00Z,65
1872506,Border,GURDASPUR,Thakarwal,Unplanned,Closed,2026-06-05T22:10:00Z,2026-06-05T23:01:00Z,51
1872492,Border,GURDASPUR,City Ptk.,Unplanned,Closed,2026-06-05T22:09:00Z,2026-06-05T22:41:00Z,32
1872491,North,JALANDHAR,11 KV NEW SHARP CHUCK,Unplanned,Closed,2026-06-05T22:07:00Z,2026-06-05T22:21:00Z,14
1872494,East,ROPAR,MUKARI,Unplanned,Closed,2026-06-05T22:06:00Z,2026-06-05T23:05:00Z,59
1872504,Border,GURDASPUR,Sarna,Unplanned,Closed,2026-06-05T22:05:00Z,2026-06-05T23:58:00Z,113
1872493,South,PATIALA,Tej Bagh Colony,Unplanned,Closed,2026-06-05T22:02:00Z,2026-06-05T23:30:45Z,88
1872490,South,PATIALA,Alipur,Unplanned,Closed,2026-06-05T21:55:00Z,2026-06-05T22:45:21Z,50
1872489,West,MUKATSAR,11 KV KANDHWALA UPS,Unplanned,Closed,2026-06-05T21:52:00Z,2026-06-05T22:15:00Z,23
1872487,North,JALANDHAR,NEW MODEL TOWN,Unplanned,Closed,2026-06-05T21:38:00Z,2026-06-05T21:55:00Z,17
1872484,West,FARIDKOT,DHARAMKOT,Unplanned,Closed,2026-06-05T21:33:31Z,2026-06-05T22:08:33Z,35
1872486,Border,GURDASPUR,SEKHWAN,Unplanned,Closed,2026-06-05T21:30:00Z,2026-06-05T22:25:00Z,55
1872485,North,HOSHIARPUR,Soosa,Unplanned,Closed,2026-06-05T21:30:00Z,2026-06-05T22:25:00Z,55
1872483,West,BATHINDA,11 KV House Fed,Unplanned,Closed,2026-06-05T21:26:00Z,2026-06-05T21:43:00Z,17
1872482,South,SANGRUR,DHIBER BASTI,Unplanned,Closed,2026-06-05T21:25:00Z,2026-06-05T22:33:00Z,68
1872481,North,JALANDHAR,NAAZ,Unplanned,Closed,2026-06-05T21:20:00Z,2026-06-05T23:15:00Z,115
1872480,West,BATHINDA,RAILWAY ROAD,Unplanned,Closed,2026-06-05T21:20:00Z,2026-06-05T21:50:00Z,30
1872479,West,FARIDKOT,SHAHEED BHAGAT SINGH NAGAR,Unplanned,Closed,2026-06-05T21:17:00Z,2026-06-05T21:34:00Z,17
1872478,North,HOSHIARPUR,SHIMLA PAHARI,Unplanned,Closed,2026-06-05T21:10:00Z,2026-06-05T21:48:00Z,38
1872476,North,KAPURTHALA,UPS KACHI SARAI KHAS,Unplanned,Closed,2026-06-05T21:10:00Z,2026-06-05T21:45:00Z,35
1872472,East,Zirakpur,LALRU RURAL  Kandi Pure AP,Unplanned,Closed,2026-06-05T21:10:00Z,2026-06-05T21:25:00Z,15
1872477,South,PATIALA,industrial No.1 (FP),Unplanned,Closed,2026-06-05T21:05:00Z,2026-06-05T22:25:00Z,80
1872471,North,NAWANSHAHR,PAILY,Unplanned,Closed,2026-06-05T21:05:00Z,2026-06-05T21:36:00Z,31
1872474,West,FARIDKOT,Jiwanwala,Unplanned,Closed,2026-06-05T21:02:00Z,2026-06-05T21:29:33Z,27
1872463,West,BATHINDA,Bhatha Basti Urban,Unplanned,Closed,2026-06-05T20:42:18Z,2026-06-05T21:45:00Z,62
1872468,Border,GURDASPUR,11 K.V UPS Balwanda,Unplanned,Closed,2026-06-05T20:42:00Z,2026-06-05T21:35:00Z,53
1872470,Central,SUB URBAN LUDHIANA,City-1,Unplanned,Closed,2026-06-05T20:40:45Z,2026-06-05T23:35:28Z,174
1872462,North,HOSHIARPUR,RAILWAY ROAD MUKERIAN,Unplanned,Closed,2026-06-05T20:35:00Z,2026-06-05T21:05:00Z,30
1872459,Border,GURDASPUR,Andoi,Unplanned,Closed,2026-06-05T20:35:00Z,2026-06-05T20:45:00Z,10
1872458,East,Zirakpur,RAIL VIHAR,Planned,Closed,2026-06-05T20:25:00Z,2026-06-05T21:14:00Z,49
1872457,East,Zirakpur,ECME,Planned,Closed,2026-06-05T20:25:00Z,2026-06-05T21:14:00Z,49
1872456,East,Zirakpur,11 kv Japuria Feeder,Planned,Closed,2026-06-05T20:25:00Z,2026-06-05T21:14:00Z,49
1872455,East,Zirakpur,MIAN PUR,Unplanned,Closed,2026-06-05T20:24:00Z,2026-06-05T20:40:00Z,16
1872461,East,Zirakpur,MAHIWALA,Unplanned,Closed,2026-06-05T20:15:43Z,2026-06-05T20:56:51Z,41
1872460,West,FEROZPUR,TOOR,Unplanned,Closed,2026-06-05T20:15:00Z,2026-06-05T21:04:00Z,49
1872473,Border,TARN TARAN,UPS RAJOKE,Unplanned,Closed,2026-06-05T20:11:39Z,2026-06-05T22:15:53Z,124
1872451,Central,CITY EAST LUDHIANA,Chand Cinema,Unplanned,Closed,2026-06-05T19:40:00Z,2026-06-05T20:53:00Z,73
1872450,West,MUKATSAR,Badal,Unplanned,Closed,2026-06-05T19:38:00Z,2026-06-05T20:01:00Z,23
1872445,East,Zirakpur,DAPPAR,Unplanned,Closed,2026-06-05T19:38:00Z,2026-06-05T19:50:00Z,12
1872449,Border,GURDASPUR,Sathiali 24 hrs.,Unplanned,Closed,2026-06-05T19:35:00Z,2026-06-05T20:02:00Z,27
1872448,Border,GURDASPUR,11 K.V UPS Balwanda,Unplanned,Closed,2026-06-05T19:35:00Z,2026-06-05T20:02:00Z,27
1872454,West,MUKATSAR,11 KV GADDAN DOB,Unplanned,Closed,2026-06-05T19:33:31Z,2026-06-05T19:46:31Z,13
1872453,West,MUKATSAR,11 KV TAJA PATTI,Unplanned,Closed,2026-06-05T19:33:31Z,2026-06-05T19:46:31Z,13
1872452,West,MUKATSAR,11 KV RATTA TIBBA,Unplanned,Closed,2026-06-05T19:33:31Z,2026-06-05T19:46:31Z,13
1872447,East,Zirakpur,11 kv malwa,Planned,Closed,2026-06-05T19:32:00Z,2026-06-05T19:42:00Z,10
1872446,East,Zirakpur,Bhudda Sahib,Unplanned,Closed,2026-06-05T19:32:00Z,2026-06-05T19:42:00Z,10
1872441,West,FARIDKOT,11 KV PANDORI GATE URBAN,Unplanned,Closed,2026-06-05T19:26:02Z,2026-06-05T20:16:48Z,50
1872442,East,MOHALI,Water Works,Unplanned,Closed,2026-06-05T19:24:20Z,2026-06-05T20:09:00Z,44
1872444,West,BATHINDA,SANGAT,Unplanned,Closed,2026-06-05T19:22:00Z,2026-06-05T19:32:18Z,10
1872443,South,PATIALA,VAZEEDPUR,Unplanned,Closed,2026-06-05T19:20:00Z,2026-06-05T19:50:00Z,30
1872437,West,FARIDKOT,KHOSA KOTLA,Unplanned,Closed,2026-06-05T19:17:30Z,2026-06-05T20:16:04Z,58
1872438,Central,CITY WEST LUDHIANA,GURU GIAN VIHAR,Planned,Closed,2026-06-05T19:15:41Z,2026-06-05T19:49:18Z,33
1872440,South,SANGRUR,Natt UPS,Unplanned,Closed,2026-06-05T19:15:00Z,2026-06-05T19:55:00Z,40
1872439,South,SANGRUR,Kanjla C-1,Unplanned,Closed,2026-06-05T19:15:00Z,2026-06-05T19:55:00Z,40
1872436,East,ROPAR,UPS-I,Unplanned,Closed,2026-06-05T19:11:00Z,2026-06-05T19:31:00Z,20
1872433,Border,CITY AMRITSAR,11Kv Navdeep Theatre,Unplanned,Closed,2026-06-05T19:09:20Z,2026-06-05T19:20:00Z,10
1872432,North,HOSHIARPUR,Civil Hospital,Unplanned,Closed,2026-06-05T19:06:00Z,2026-06-05T19:35:00Z,29
1872434,Central,KHANNA,Gobindgarh Road,Unplanned,Closed,2026-06-05T19:00:00Z,2026-06-05T20:20:00Z,80
1872424,Central,CITY WEST LUDHIANA,HAIBOWAL FEEDER,Planned,Closed,2026-06-05T19:00:00Z,2026-06-05T20:10:00Z,70
1872423,Central,CITY WEST LUDHIANA,22 FUTTI ROAD,Planned,Closed,2026-06-05T19:00:00Z,2026-06-05T20:10:00Z,70
1872422,Central,CITY WEST LUDHIANA,JOSHI NAGAR,Planned,Closed,2026-06-05T19:00:00Z,2026-06-05T20:10:00Z,70
1872421,Central,CITY WEST LUDHIANA,Prem NAgar,Planned,Closed,2026-06-05T19:00:00Z,2026-06-05T20:10:00Z,70
1872420,Central,CITY WEST LUDHIANA,DURGAPURI,Planned,Closed,2026-06-05T19:00:00Z,2026-06-05T20:10:00Z,70
1872419,Central,CITY WEST LUDHIANA,MAIN BAZAR FEEDER,Planned,Closed,2026-06-05T19:00:00Z,2026-06-05T20:10:00Z,70
1872426,South,SANGRUR,PGI Hospital,Unplanned,Closed,2026-06-05T18:57:00Z,2026-06-05T19:31:00Z,34
1872427,South,PATIALA,Bharat colony,Unplanned,Closed,2026-06-05T18:55:00Z,2026-06-05T19:30:00Z,35
1872416,North,HOSHIARPUR,JAIJON,Unplanned,Closed,2026-06-05T18:45:00Z,2026-06-05T19:10:00Z,25
1872413,Central,CITY WEST LUDHIANA,SATGURU NAGAR,Unplanned,Closed,2026-06-05T18:43:22Z,2026-06-05T19:11:11Z,27
1872410,Central,CITY WEST LUDHIANA,PREET NAGAR FEEDER,Unplanned,Closed,2026-06-05T18:42:15Z,2026-06-05T19:17:29Z,35
1872414,West,FARIDKOT,BAJA ROAD,Unplanned,Closed,2026-06-05T18:40:45Z,2026-06-05T18:50:40Z,9
1872435,Border,SUB URBAN AMRITSAR,Bhalla Colony,Unplanned,Closed,2026-06-05T18:40:37Z,2026-06-05T19:15:26Z,34
1872425,West,MUKATSAR,Bajak,Unplanned,Closed,2026-06-05T18:40:00Z,2026-06-05T19:05:00Z,25
1872417,Border,SUB URBAN AMRITSAR,Bhalla Colony,Unplanned,Closed,2026-06-05T18:40:00Z,2026-06-05T19:20:00Z,40
1872411,North,HOSHIARPUR,SUSANA,Unplanned,Closed,2026-06-05T18:35:00Z,2026-06-05T19:50:00Z,75
1872409,North,KAPURTHALA,Shahjahanpur,Unplanned,Closed,2026-06-05T18:35:00Z,2026-06-05T19:40:00Z,65
1872406,West,FARIDKOT,Qila Nau,Unplanned,Closed,2026-06-05T18:26:58Z,2026-06-05T20:45:22Z,138
1872407,West,FARIDKOT,MADO KE UPS,Unplanned,Closed,2026-06-05T18:25:00Z,2026-06-05T19:54:00Z,89
1872404,North,HOSHIARPUR,RAILWAY STATION,Unplanned,Closed,2026-06-05T18:21:00Z,2026-06-05T18:59:00Z,38
1872415,Border,GURDASPUR,B.O.P.,Unplanned,Closed,2026-06-05T18:20:00Z,2026-06-05T19:05:00Z,45
1872405,Border,GURDASPUR,Dalla UPS,Unplanned,Closed,2026-06-05T18:20:00Z,2026-06-05T19:10:00Z,50
1872400,North,HOSHIARPUR,BULLOWAL,Unplanned,Closed,2026-06-05T18:10:00Z,2026-06-05T18:31:00Z,21
1872397,North,KAPURTHALA,UPS KACHI SARAI KHAS,Unplanned,Closed,2026-06-05T18:10:00Z,2026-06-05T19:55:00Z,105
1872396,Border,GURDASPUR,Shah Colony,Unplanned,Closed,2026-06-05T18:10:00Z,2026-06-05T18:25:00Z,15
1872393,North,NAWANSHAHR,BORA,Unplanned,Closed,2026-06-05T18:10:00Z,2026-06-05T18:36:00Z,26
1872392,West,FARIDKOT,LandeKe URBAN,Unplanned,Closed,2026-06-05T18:09:00Z,2026-06-05T19:30:00Z,81
1872403,South,PATIALA,VAZEEDPUR,Unplanned,Closed,2026-06-05T18:07:00Z,2026-06-05T19:05:00Z,58
1872395,North,JALANDHAR,STARCH MILL,Unplanned,Closed,2026-06-05T18:06:00Z,2026-06-05T19:15:00Z,69
1872394,North,JALANDHAR,CITY1,Unplanned,Closed,2026-06-05T18:06:00Z,2026-06-05T19:15:00Z,69
1872399,East,MOHALI,11KV BHARATPUR AP,Unplanned,Closed,2026-06-05T18:05:37Z,2026-06-05T18:46:00Z,40
1872398,East,MOHALI,11 KV GIDDARPUR AP,Unplanned,Closed,2026-06-05T18:05:37Z,2026-06-05T18:46:00Z,40
1872402,West,FARIDKOT,Guru Ram Dass Nagar,Unplanned,Closed,2026-06-05T18:03:00Z,2026-06-05T18:54:00Z,51
1872412,Central,CITY EAST LUDHIANA,HOSIRY COMPLEX,Unplanned,Closed,2026-06-05T18:02:00Z,2026-06-05T18:48:00Z,46
1872401,West,FARIDKOT,Heera Singh Nagar,Unplanned,Closed,2026-06-05T18:02:00Z,2026-06-05T18:22:33Z,20
1872391,West,MUKATSAR,11 KV KHATWAN,Unplanned,Closed,2026-06-05T18:02:00Z,2026-06-05T18:20:00Z,18
1872388,East,Zirakpur,HLP,Unplanned,Closed,2026-06-05T18:01:00Z,2026-06-05T18:38:00Z,37
1872386,North,JALANDHAR,SUN FLAG,Unplanned,Closed,2026-06-05T17:59:00Z,2026-06-05T18:36:00Z,37
1872385,North,JALANDHAR,INDUSTRIAL-3,Unplanned,Closed,2026-06-05T17:59:00Z,2026-06-05T18:36:00Z,37
1872383,Border,GURDASPUR,Seunty,Unplanned,Closed,2026-06-05T17:58:00Z,2026-06-05T19:37:00Z,99
1872382,West,BATHINDA,MULTANIA ROAD,Unplanned,Closed,2026-06-05T17:52:00Z,2026-06-05T18:23:35Z,31
1872380,West,FARIDKOT,FCI URBAN,Unplanned,Closed,2026-06-05T17:51:00Z,2026-06-05T18:32:00Z,41
1872408,Central,CITY EAST LUDHIANA,R.K CONCAST,Unplanned,Closed,2026-06-05T17:50:00Z,2026-06-05T18:36:51Z,46
1872384,East,MOHALI,11KV 82 ALPHA,Unplanned,Closed,2026-06-05T17:50:00Z,2026-06-05T18:05:00Z,15
1872374,Border,SUB URBAN AMRITSAR,Shaheed Udham Singh,Planned,Closed,2026-06-05T17:50:00Z,2026-06-05T18:15:00Z,25
1872372,Border,SUB URBAN AMRITSAR,City 2,Planned,Closed,2026-06-05T17:50:00Z,2026-06-05T18:15:00Z,25
1872377,Central,CITY WEST LUDHIANA,BHAGWAN CHOWK,Unplanned,Closed,2026-06-05T17:48:58Z,2026-06-05T18:48:04Z,59
1872375,Central,CITY WEST LUDHIANA,AVON FEEDER,Unplanned,Closed,2026-06-05T17:47:41Z,2026-06-05T18:52:46Z,65
1872381,Central,SUB URBAN LUDHIANA,CITY-5,Unplanned,Closed,2026-06-05T17:45:00Z,2026-06-05T18:42:00Z,57
1872378,North,KAPURTHALA,UPS MAND,Unplanned,Closed,2026-06-05T17:45:00Z,2026-06-05T18:30:00Z,45
1872379,Central,KHANNA,Bardhalan,Unplanned,Closed,2026-06-05T17:41:00Z,2026-06-05T18:50:00Z,69
1872376,Central,KHANNA,Kotla bhari,Unplanned,Closed,2026-06-05T17:39:00Z,2026-06-05T18:11:00Z,32
1872352,Border,GURDASPUR,11 kv Dhupshari ups,Unplanned,Closed,2026-06-05T17:35:00Z,2026-06-05T18:25:00Z,50
1872350,West,FARIDKOT,11 kV SANGATPURA-R,Unplanned,Closed,2026-06-05T17:31:29Z,2026-06-05T19:50:49Z,139
1872349,North,KAPURTHALA,Ramuwal,Unplanned,Closed,2026-06-05T17:31:00Z,2026-06-05T18:50:00Z,79
1872359,Central,CITY WEST LUDHIANA,11 KV Sangam Chownk,Planned,Closed,2026-06-05T17:30:47Z,2026-06-05T18:30:00Z,59
1872357,Central,CITY WEST LUDHIANA,Jawala Singh Chowk,Planned,Closed,2026-06-05T17:30:47Z,2026-06-05T18:30:00Z,59
1872356,Central,CITY WEST LUDHIANA,NEW AJIT NAGAR,Planned,Closed,2026-06-05T17:30:47Z,2026-06-05T18:30:00Z,59
1872355,Central,CITY WEST LUDHIANA,AJIT NAGAR,Planned,Closed,2026-06-05T17:30:47Z,2026-06-05T18:30:00Z,59
1872354,Central,CITY WEST LUDHIANA,Naveen Nagar,Planned,Closed,2026-06-05T17:30:47Z,2026-06-05T18:30:00Z,59
1872351,West,FARIDKOT,11 KV  NARAINGARH UPS,Planned,Closed,2026-06-05T17:30:09Z,2026-06-05T18:51:32Z,81
1872387,Border,GURDASPUR,Talwandi Goraya,Unplanned,Closed,2026-06-05T17:30:00Z,2026-06-05T19:10:00Z,100
1872348,West,FARIDKOT,Bharro-Bhatti,Unplanned,Closed,2026-06-05T17:25:00Z,2026-06-05T18:09:05Z,44
1872347,Border,GURDASPUR,Withwan,Unplanned,Closed,2026-06-05T17:25:00Z,2026-06-05T17:35:00Z,10
1872358,South,PATIALA,UPS DHADOGAL,Unplanned,Closed,2026-06-05T17:20:00Z,2026-06-05T17:50:00Z,30
1872342,Central,CITY WEST LUDHIANA,MARUTI ALLOY,Planned,Closed,2026-06-05T17:20:00Z,2026-06-05T17:40:00Z,20
1872346,South,PATIALA,industrial No.1 (FP),Unplanned,Closed,2026-06-05T17:17:00Z,2026-06-05T17:47:00Z,30
1872345,South,SANGRUR,Roshan Nagar,Unplanned,Closed,2026-06-05T17:17:00Z,2026-06-05T17:45:00Z,28
1872344,Central,KHANNA,Ratanheri,Unplanned,Closed,2026-06-05T17:15:00Z,2026-06-05T18:00:00Z,45
1872371,West,FEROZPUR,11 KV  Bhagat singh College,Planned,Closed,2026-06-05T17:05:39Z,2026-06-05T18:11:39Z,66
1872370,West,FEROZPUR,Gobar Mandi,Planned,Closed,2026-06-05T17:05:39Z,2026-06-05T18:13:39Z,68
1872369,West,FEROZPUR,Bahadur Wala,Planned,Closed,2026-06-05T17:05:39Z,2026-06-05T18:12:39Z,67
1872368,West,FEROZPUR,City Enclave,Planned,Closed,2026-06-05T17:05:39Z,2026-06-05T18:13:39Z,68
1872367,West,FEROZPUR,HAKE WALA,Planned,Closed,2026-06-05T17:05:39Z,2026-06-05T18:10:39Z,65
1872366,West,FEROZPUR,DANA MANDI,Planned,Closed,2026-06-05T17:05:39Z,2026-06-05T18:17:39Z,72
1872365,West,FEROZPUR,SUB STATION,Planned,Closed,2026-06-05T17:05:39Z,2026-06-05T18:09:39Z,64
1872364,West,FEROZPUR,Makhu Gate,Planned,Closed,2026-06-05T17:05:39Z,2026-06-05T18:11:39Z,66
1872363,West,FEROZPUR,POLYTECHNIC COLLEGE,Planned,Closed,2026-06-05T17:05:39Z,2026-06-05T18:11:39Z,66
1872362,West,FEROZPUR,BOP,Planned,Closed,2026-06-05T17:05:39Z,2026-06-05T18:10:39Z,65
1872361,West,FEROZPUR,SODHE WALA,Planned,Closed,2026-06-05T17:05:39Z,2026-06-05T18:12:39Z,67
1872360,East,MOHALI,Sector-79B,Planned,Closed,2026-06-05T17:05:00Z,2026-06-05T18:08:00Z,63
1872336,North,KAPURTHALA,UPS RAULI,Unplanned,Closed,2026-06-05T17:05:00Z,2026-06-05T18:31:00Z,86
1872334,Border,GURDASPUR,Dalia,Unplanned,Closed,2026-06-05T17:05:00Z,2026-06-05T17:54:00Z,49
1872329,Border,GURDASPUR,Manj,Planned,Closed,2026-06-05T17:05:00Z,2026-06-05T17:54:00Z,49
1872335,North,KAPURTHALA,Haripur,Unplanned,Closed,2026-06-05T17:04:00Z,2026-06-05T18:30:00Z,86
1872341,Border,TARN TARAN,UPS RANIWLAH,Unplanned,Closed,2026-06-05T17:03:00Z,2026-06-05T17:30:00Z,27
1872340,North,NAWANSHAHR,DUGRI,Unplanned,Closed,2026-06-05T17:03:00Z,2026-06-05T17:20:00Z,17
1871975,West,FEROZPUR,MADHRE,Planned,Closed,2026-06-05T17:02:03Z,2026-06-05T18:06:03Z,64
1871974,West,FEROZPUR,BOP,Planned,Closed,2026-06-05T17:02:03Z,2026-06-05T18:07:03Z,65
1871973,West,FEROZPUR,Amritsari Gate,Planned,Closed,2026-06-05T17:02:03Z,2026-06-05T18:05:03Z,63
1871972,West,FEROZPUR,Police Line,Planned,Closed,2026-06-05T17:02:03Z,2026-06-05T18:07:03Z,65
1871971,West,FEROZPUR,UPS FEEDER,Planned,Closed,2026-06-05T17:02:03Z,2026-06-05T18:07:03Z,65
1871970,West,FEROZPUR,HABIB WALA,Planned,Closed,2026-06-05T17:02:03Z,2026-06-05T18:07:03Z,65
1871969,West,FEROZPUR,INDUSTRIAL,Planned,Closed,2026-06-05T17:02:03Z,2026-06-05T18:09:03Z,67
1871963,West,FEROZPUR,ZIRA ROAD,Planned,Closed,2026-06-05T17:01:41Z,2026-06-05T18:06:41Z,65
1871962,West,FEROZPUR,COURT FEEDER,Planned,Closed,2026-06-05T17:01:41Z,2026-06-05T18:07:41Z,66
1871961,West,FEROZPUR,AMAR TAKIS,Planned,Closed,2026-06-05T17:01:41Z,2026-06-05T18:04:41Z,63
1871960,West,FEROZPUR,CANTT FEEDER,Planned,Closed,2026-06-05T17:01:41Z,2026-06-05T18:05:41Z,64
1871010,West,FEROZPUR,11 KV Delhi Gate,Planned,Closed,2026-06-05T17:00:53Z,2026-06-05T18:13:53Z,73
1871009,West,FEROZPUR,CENTRAL JAIL,Planned,Closed,2026-06-05T17:00:53Z,2026-06-05T18:13:53Z,73
1871008,West,FEROZPUR,Dhawan Colony,Planned,Closed,2026-06-05T17:00:53Z,2026-06-05T18:16:53Z,76
1871006,West,FEROZPUR,ZILA PARISHAD,Planned,Closed,2026-06-05T17:00:53Z,2026-06-05T18:14:53Z,74
1871004,West,FEROZPUR,RAILWAY,Planned,Closed,2026-06-05T17:00:53Z,2026-06-05T18:13:53Z,73
1871994,West,FEROZPUR,kallu arain,Planned,Closed,2026-06-05T17:00:20Z,2026-06-05T18:06:20Z,66
1871993,West,FEROZPUR,G-5,Planned,Closed,2026-06-05T17:00:20Z,2026-06-05T18:05:20Z,65
1871992,West,FEROZPUR,NANAKSIR,Planned,Closed,2026-06-05T17:00:20Z,2026-06-05T18:06:20Z,66
1871991,West,FEROZPUR,11 KV INDUSTRIAL,Planned,Closed,2026-06-05T17:00:07Z,2026-06-05T18:05:07Z,65
1871990,West,FEROZPUR,TIBBI KALAN,Planned,Closed,2026-06-05T17:00:07Z,2026-06-05T18:04:07Z,64
1871989,West,FEROZPUR,PEERU WALA,Planned,Closed,2026-06-05T17:00:07Z,2026-06-05T18:03:07Z,63
1871988,West,FEROZPUR,LAKHA HAZI UPS,Planned,Closed,2026-06-05T17:00:07Z,2026-06-05T18:04:07Z,64
1871987,West,FEROZPUR,TIBBI KHURD G-5,Planned,Closed,2026-06-05T17:00:07Z,2026-06-05T18:07:07Z,67
1871968,West,FEROZPUR,ARSONAL,Planned,Closed,2026-06-05T17:00:07Z,2026-06-05T18:06:07Z,66
1871967,West,FEROZPUR,RINGMAIN B,Planned,Closed,2026-06-05T17:00:07Z,2026-06-05T18:03:07Z,63
1871966,West,FEROZPUR,CIVIL HOSPITAL,Planned,Closed,2026-06-05T17:00:07Z,2026-06-05T18:07:07Z,67
1871965,West,FEROZPUR,11 KV NAMAK MANDI,Planned,Closed,2026-06-05T17:00:07Z,2026-06-05T18:04:07Z,64
1871964,West,FEROZPUR, P&T,Planned,Closed,2026-06-05T17:00:07Z,2026-06-05T18:05:07Z,65
1870987,West,FEROZPUR,Noor pur Sethan,Planned,Closed,2026-06-05T17:00:07Z,2026-06-05T18:12:07Z,72
1870986,West,FEROZPUR,CITY,Planned,Closed,2026-06-05T17:00:07Z,2026-06-05T19:30:07Z,150
1870984,West,FEROZPUR,MOGA ROAD,Planned,Closed,2026-06-05T17:00:07Z,2026-06-05T18:13:07Z,73
1870983,West,FEROZPUR,S/STN. & COLONY,Planned,Closed,2026-06-05T17:00:07Z,2026-06-05T18:10:07Z,70
1870982,West,FEROZPUR,BSF,Planned,Closed,2026-06-05T17:00:07Z,2026-06-05T18:13:07Z,73
1871983,West,FEROZPUR,BHAWARA AZAM SHAH,Planned,Closed,2026-06-05T17:00:06Z,2026-06-05T18:04:06Z,64
1871982,West,FEROZPUR,UPS DHIRA PATRA,Planned,Closed,2026-06-05T17:00:06Z,2026-06-05T18:04:06Z,64
1871981,West,FEROZPUR,JHAG GROUND,Planned,Closed,2026-06-05T17:00:06Z,2026-06-05T18:06:06Z,66
1871980,West,FEROZPUR,FATU WALA UPS,Planned,Closed,2026-06-05T17:00:06Z,2026-06-05T18:04:06Z,64
1871979,West,FEROZPUR,URBAN JHOKE HARI HAR,Planned,Closed,2026-06-05T17:00:06Z,2026-06-05T18:08:06Z,68
1871978,West,FEROZPUR,KASU BEGHU,Planned,Closed,2026-06-05T17:00:06Z,2026-06-05T18:06:06Z,66
1871977,West,FEROZPUR,URBAN MEHAMA,Planned,Closed,2026-06-05T17:00:06Z,2026-06-05T18:07:06Z,67
1872339,East,MOHALI,BANUR URBAN 2,Unplanned,Closed,2026-06-05T17:00:00Z,2026-06-05T18:00:00Z,60
1872338,East,MOHALI,BANUR URBAN 1,Unplanned,Closed,2026-06-05T17:00:00Z,2026-06-05T18:00:00Z,60
1872337,East,MOHALI,Mullanpur,Unplanned,Closed,2026-06-05T17:00:00Z,2026-06-05T18:51:00Z,111
1871082,West,FEROZPUR,BAGDADI GATE,Planned,Closed,2026-06-05T17:00:00Z,2026-06-05T18:11:00Z,71
1871079,West,FEROZPUR,11 NAMDEV CHAUNK URBAN,Planned,Closed,2026-06-05T17:00:00Z,2026-06-05T18:12:00Z,72
1871076,West,FEROZPUR,BASTI TANKAN WALI,Planned,Closed,2026-06-05T17:00:00Z,2026-06-05T19:29:00Z,149
1872343,West,MUKATSAR,BAHAVAL BASI,Unplanned,Closed,2026-06-05T16:56:00Z,2026-06-05T17:15:00Z,19
1872373,West,BATHINDA,ABLU,Unplanned,Closed,2026-06-05T16:50:00Z,2026-06-05T19:25:00Z,155
1872326,Central,KHANNA,Shahpur UPS,Unplanned,Closed,2026-06-05T16:50:00Z,2026-06-05T17:40:40Z,50
1872325,North,JALANDHAR,11 KV BHAGAT SINGH COLONY,Unplanned,Closed,2026-06-05T16:50:00Z,2026-06-05T17:12:00Z,22
1872330,West,FARIDKOT,Kothe Chakk Bhag Singh Wala,Unplanned,Closed,2026-06-05T16:48:00Z,2026-06-05T18:08:43Z,80
1872332,West,MUKATSAR,11 KV Punjava Model,Unplanned,Closed,2026-06-05T16:45:18Z,2026-06-05T18:34:59Z,109
1872324,Central,CITY EAST LUDHIANA,BASTI FEEDER,Unplanned,Closed,2026-06-05T16:44:00Z,2026-06-05T17:26:00Z,42
1872323,South,SANGRUR,THASKA,Unplanned,Closed,2026-06-05T16:42:00Z,2026-06-05T17:11:00Z,29
1872331,East,MOHALI,GHARAMA AP,Unplanned,Closed,2026-06-05T16:40:00Z,2026-06-05T18:00:00Z,80
1872328,East,MOHALI,ALAMPUR UPS,Unplanned,Closed,2026-06-05T16:40:00Z,2026-06-05T17:00:00Z,20
1872327,East,MOHALI,MOHIKALAN UPS,Unplanned,Closed,2026-06-05T16:40:00Z,2026-06-05T17:00:00Z,20
1872322,West,FARIDKOT,GOLEWALA,Unplanned,Closed,2026-06-05T16:37:46Z,2026-06-05T17:16:50Z,39
1872320,Central,CITY EAST LUDHIANA,GURU NANAK DEV NAGAR,Unplanned,Closed,2026-06-05T16:34:00Z,2026-06-05T16:47:00Z,13
1872319,Central,CITY EAST LUDHIANA,Chand Cinema,Unplanned,Closed,2026-06-05T16:34:00Z,2026-06-05T17:13:00Z,39
1872333,Border,TARN TARAN,PANDORI SIDHWAN,Unplanned,Closed,2026-06-05T16:26:23Z,2026-06-05T17:55:29Z,89
1872316,Central,KHANNA,MALERKOTLA ROAD,Unplanned,Closed,2026-06-05T16:22:00Z,2026-06-05T17:00:00Z,38
1872317,North,HOSHIARPUR,11 KV SARIANA,Unplanned,Closed,2026-06-05T16:20:00Z,2026-06-05T16:55:00Z,35
1872315,North,NAWANSHAHR,KARIMPUR DHIANI,Unplanned,Closed,2026-06-05T16:20:00Z,2026-06-05T16:54:00Z,34
1872314,South,PATIALA,HARINDER NAGAR,Unplanned,Closed,2026-06-05T16:20:00Z,2026-06-05T16:40:00Z,20
1872318,East,Zirakpur,BALTANA,Unplanned,Closed,2026-06-05T16:17:00Z,2026-06-05T17:15:00Z,58
1872308,South,SANGRUR,POLICE LINE,Unplanned,Closed,2026-06-05T16:16:00Z,2026-06-05T16:40:00Z,24
1872312,South,PATIALA,DALIMA,Unplanned,Closed,2026-06-05T16:15:00Z,2026-06-05T16:40:00Z,25
1872310,East,ROPAR,BAINS,Unplanned,Closed,2026-06-05T16:13:00Z,2026-06-05T17:03:00Z,50
1872307,North,HOSHIARPUR,Pandori Attwal,Unplanned,Closed,2026-06-05T16:12:00Z,2026-06-05T16:23:00Z,11
1872306,South,PATIALA,Ram Ashram,Unplanned,Closed,2026-06-05T16:12:00Z,2026-06-05T17:10:00Z,58
1872321,Border,SUB URBAN AMRITSAR,11 kv Baba Deep Singh colony,Unplanned,Closed,2026-06-05T16:10:00Z,2026-06-05T16:20:00Z,10
1872311,Border,SUB URBAN AMRITSAR,BABA SHRI CHAND AVNUE,Unplanned,Closed,2026-06-05T16:10:00Z,2026-06-05T16:15:00Z,5
1872305,South,SANGRUR,Dhura Road,Unplanned,Closed,2026-06-05T16:10:00Z,2026-06-05T16:45:00Z,35
1872304,Border,GURDASPUR,Dheriwal,Unplanned,Closed,2026-06-05T16:10:00Z,2026-06-05T17:35:00Z,85
1872353,South,PATIALA,UPS DHADOGAL,Unplanned,Closed,2026-06-05T16:05:00Z,2026-06-05T16:19:00Z,14
1872313,South,PATIALA,CHAJJU BHATT,Unplanned,Closed,2026-06-05T16:05:00Z,2026-06-05T16:30:00Z,25
1872303,South,PATIALA,UPS THUHI,Unplanned,Closed,2026-06-05T16:05:00Z,2026-06-05T16:50:00Z,45
1872301,South,SANGRUR,11KV Patran Road Industry Feed,Unplanned,Closed,2026-06-05T16:01:00Z,2026-06-05T17:33:00Z,92
1872302,South,SANGRUR,POLICE LINE,Unplanned,Closed,2026-06-05T16:00:00Z,2026-06-05T16:40:00Z,40
1872299,North,JALANDHAR,11 KV TAGORE HOSPITAL,Unplanned,Closed,2026-06-05T15:56:00Z,2026-06-05T16:36:00Z,40
1872309,Border,TARN TARAN,Piddi,Unplanned,Closed,2026-06-05T15:55:00Z,2026-06-05T16:40:00Z,45
1872298,Border,SUB URBAN AMRITSAR,"D-block, GAD avenue",Unplanned,Closed,2026-06-05T15:52:00Z,2026-06-05T16:48:00Z,56
1872300,Central,KHANNA,Peer Khana,Unplanned,Closed,2026-06-05T15:50:00Z,2026-06-05T17:33:00Z,103
1872295,South,SANGRUR,11 KV RAM NAGAR URBAN,Unplanned,Closed,2026-06-05T15:47:11Z,2026-06-05T16:44:27Z,57
1872293,South,SANGRUR,11 KV LEHRA ROAD C2,Unplanned,Closed,2026-06-05T15:45:30Z,2026-06-05T17:30:47Z,105
1872294,East,Zirakpur,Bhudda Sahib,Unplanned,Closed,2026-06-05T15:42:00Z,2026-06-05T16:40:00Z,58
1872289,Central,KHANNA,Shahpur UPS,Unplanned,Closed,2026-06-05T15:38:43Z,2026-06-05T16:20:00Z,41
1872292,West,FARIDKOT,Kothe Warring (Samgh),Unplanned,Closed,2026-06-05T15:37:00Z,2026-06-05T15:47:00Z,10
1872291,South,SANGRUR,11 KV UPS NAIWALA,Unplanned,Closed,2026-06-05T15:37:00Z,2026-06-05T17:30:00Z,113
1872286,West,FARIDKOT,SHAHEED BHAGAT SINGH NAGAR,Unplanned,Closed,2026-06-05T15:37:00Z,2026-06-05T16:13:00Z,36
1872285,Central,CITY EAST LUDHIANA,CENTRAL JAIL,Unplanned,Closed,2026-06-05T15:35:02Z,2026-06-05T16:35:05Z,60
1872296,South,PATIALA,SYL (F.P),Unplanned,Closed,2026-06-05T15:35:00Z,2026-06-05T16:40:00Z,65
1872287,North,HOSHIARPUR,khudda,Unplanned,Closed,2026-06-05T15:35:00Z,2026-06-05T15:55:00Z,20
1872288,East,Zirakpur,BEGAMPURA,Unplanned,Closed,2026-06-05T15:33:00Z,2026-06-05T16:15:00Z,42
1872282,Central,CITY EAST LUDHIANA,SEIKO,Unplanned,Closed,2026-06-05T15:32:25Z,2026-06-05T16:32:28Z,60
1872290,North,NAWANSHAHR,MAHIPUR,Unplanned,Closed,2026-06-05T15:30:00Z,2026-06-05T15:50:00Z,20
1872281,West,FARIDKOT,HARDIAL NAGAR,Planned,Closed,2026-06-05T15:27:00Z,2026-06-05T16:05:00Z,38
1872280,West,FARIDKOT,KOTKAPURA ROAD,Planned,Closed,2026-06-05T15:27:00Z,2026-06-05T16:05:00Z,38
1872284,South,BARNALA,Sanghera Road,Unplanned,Closed,2026-06-05T15:25:00Z,2026-06-05T16:20:00Z,55
1872283,South,BARNALA,Sekha Road,Unplanned,Closed,2026-06-05T15:25:00Z,2026-06-05T16:20:00Z,55
1872279,South,BARNALA,Kattu CAT-I,Unplanned,Closed,2026-06-05T15:25:00Z,2026-06-05T17:25:00Z,120
1872278,North,NAWANSHAHR,MEHIATPUR,Unplanned,Closed,2026-06-05T15:25:00Z,2026-06-05T16:45:00Z,80
1872277,West,FARIDKOT,GANGSAR,Planned,Closed,2026-06-05T15:25:00Z,2026-06-05T18:52:29Z,207
1872275,Border,TARN TARAN,UPS DHARIWAL,Unplanned,Closed,2026-06-05T15:20:00Z,2026-06-05T16:10:00Z,50
1872270,East,Zirakpur,WATER WORKS HANDESRA,Unplanned,Closed,2026-06-05T15:19:00Z,2026-06-05T15:40:00Z,21
1872271,West,MUKATSAR,Khuddian,Unplanned,Closed,2026-06-05T15:16:00Z,2026-06-05T15:40:00Z,24
1872274,Border,TARN TARAN,URBAN BOPARAI,Unplanned,Closed,2026-06-05T15:15:00Z,2026-06-05T16:10:00Z,55
1872273,North,NAWANSHAHR,PARAGPUR,Unplanned,Closed,2026-06-05T15:15:00Z,2026-06-05T15:30:00Z,15
1872272,North,NAWANSHAHR,JALALPUR,Unplanned,Closed,2026-06-05T15:15:00Z,2026-06-05T15:32:00Z,17
1872269,North,NAWANSHAHR,KAMALPUR,Unplanned,Closed,2026-06-05T15:15:00Z,2026-06-05T15:30:00Z,15
1872268,North,NAWANSHAHR,JINDAPUR,Unplanned,Closed,2026-06-05T15:15:00Z,2026-06-05T15:30:00Z,15
1872267,West,FARIDKOT,MAANA WALA UPS,Unplanned,Closed,2026-06-05T15:15:00Z,2026-06-05T15:48:00Z,33
1872266,South,SANGRUR,CAT-- 1 MAKORAR SAHIB,Unplanned,Closed,2026-06-05T15:11:13Z,2026-06-05T17:00:25Z,109
1872264,South,SANGRUR,Kakarwal,Unplanned,Closed,2026-06-05T15:05:00Z,2026-06-05T16:55:00Z,110
1872265,North,NAWANSHAHR,Achan Chak,Unplanned,Closed,2026-06-05T15:03:00Z,2026-06-05T15:15:00Z,12
1872262,North,HOSHIARPUR,MANJPUR,Unplanned,Closed,2026-06-05T15:02:00Z,2026-06-05T15:28:00Z,26
1872261,West,MUKATSAR,11 KV Focal Point-2,Unplanned,Closed,2026-06-05T15:01:41Z,2026-06-05T15:24:21Z,22
1872260,West,MUKATSAR,11 KV Focal Point-1,Unplanned,Closed,2026-06-05T15:01:05Z,2026-06-05T15:24:10Z,23
1872263,Border,GURDASPUR,Sheh Bhattia,Unplanned,Closed,2026-06-05T15:01:00Z,2026-06-05T15:30:00Z,29
1872254,East,Zirakpur,PATIALA ROAD,Unplanned,Closed,2026-06-05T14:52:00Z,2026-06-05T15:48:00Z,56
1872258,East,MOHALI,11kv Saidpura,Unplanned,Closed,2026-06-05T14:50:09Z,2026-06-05T15:08:09Z,18
1872259,Border,GURDASPUR,Gorsiya,Unplanned,Closed,2026-06-05T14:50:00Z,2026-06-05T15:05:00Z,15
1872257,North,JALANDHAR,Pandori,Unplanned,Closed,2026-06-05T14:50:00Z,2026-06-05T15:15:00Z,25
1872256,North,NAWANSHAHR,Danduwal,Unplanned,Closed,2026-06-05T14:50:00Z,2026-06-05T16:10:00Z,80
1872251,South,SANGRUR,CHURAL UPS,Unplanned,Closed,2026-06-05T14:50:00Z,2026-06-05T15:40:00Z,50
1872248,North,JALANDHAR,GAJIPUR,Unplanned,Closed,2026-06-05T14:50:00Z,2026-06-05T15:00:00Z,10
1872253,West,BATHINDA,Jagdambe Road,Planned,Closed,2026-06-05T14:48:11Z,2026-06-05T15:44:12Z,56
1872252,North,NAWANSHAHR,DIBHALI,Unplanned,Closed,2026-06-05T14:48:00Z,2026-06-05T15:32:00Z,44
1872249,North,NAWANSHAHR,Achan Chak,Unplanned,Closed,2026-06-05T14:46:00Z,2026-06-05T15:01:00Z,15
1872247,North,NAWANSHAHR,PANYALI,Unplanned,Closed,2026-06-05T14:46:00Z,2026-06-05T15:30:00Z,44
1872246,North,JALANDHAR,JAGDAMBAY FEEDER,Unplanned,Closed,2026-06-05T14:42:00Z,2026-06-05T14:57:00Z,15
1872241,South,SANGRUR,Daduwas,Planned,Closed,2026-06-05T14:40:22Z,2026-06-05T15:40:37Z,60
1872245,South,PATIALA,Ram Ashram,Unplanned,Closed,2026-06-05T14:40:00Z,2026-06-05T15:13:00Z,33
1872243,Central,CITY EAST LUDHIANA,BASTI FEEDER,Unplanned,Closed,2026-06-05T14:37:00Z,2026-06-05T16:15:00Z,98
1872276,East,ROPAR,CHATAULI,Unplanned,Closed,2026-06-05T14:36:00Z,2026-06-05T15:26:00Z,50
1872255,North,HOSHIARPUR,KHARDEHER,Unplanned,Closed,2026-06-05T14:35:00Z,2026-06-05T15:40:00Z,65
1872244,North,HOSHIARPUR,NARA DADA,Unplanned,Closed,2026-06-05T14:35:00Z,2026-06-05T15:15:00Z,40
1872240,West,FARIDKOT,LandeKe URBAN,Unplanned,Closed,2026-06-05T14:32:00Z,2026-06-05T15:32:00Z,60
1872242,Central,CITY WEST LUDHIANA,MICROWAVE FEEDER,Unplanned,Closed,2026-06-05T14:27:23Z,2026-06-05T14:55:26Z,28
1872235,Central,CITY EAST LUDHIANA,WAIT GANJ,Unplanned,Closed,2026-06-05T14:27:00Z,2026-06-05T15:20:00Z,53
1872236,East,Zirakpur,ROYAL ESTATE,Planned,Closed,2026-06-05T14:26:00Z,2026-06-05T14:44:00Z,18
1872250,West,MUKATSAR,Nand Garh,Planned,Closed,2026-06-05T14:25:00Z,2026-06-05T15:45:00Z,80
1872239,West,BATHINDA,MALKANA ROAD,Planned,Closed,2026-06-05T14:25:00Z,2026-06-05T15:02:00Z,37
1872238,East,Zirakpur,BEGAMPURA,Unplanned,Closed,2026-06-05T14:25:00Z,2026-06-05T14:33:00Z,8
1872237,West,BATHINDA,JAJJAL,Planned,Closed,2026-06-05T14:25:00Z,2026-06-05T15:01:00Z,36
1872234,Border,GURDASPUR,Karnama,Unplanned,Closed,2026-06-05T14:25:00Z,2026-06-05T14:40:00Z,15
1872229,Border,SUB URBAN AMRITSAR,RAKH NAG,Unplanned,Closed,2026-06-05T14:23:30Z,2026-06-05T14:45:01Z,21
1872233,Border,GURDASPUR,Peeranbagh,Unplanned,Closed,2026-06-05T14:20:00Z,2026-06-05T16:35:00Z,135
1872231,Border,GURDASPUR,Sadhuchack,Unplanned,Closed,2026-06-05T14:20:00Z,2026-06-05T16:35:00Z,135
1872228,North,NAWANSHAHR,11 KV Buthgarh,Unplanned,Closed,2026-06-05T14:20:00Z,2026-06-05T15:05:00Z,45
1872227,North,NAWANSHAHR,PANYALI,Unplanned,Closed,2026-06-05T14:20:00Z,2026-06-05T14:45:00Z,25
1872226,West,FARIDKOT,CHEEDA,Unplanned,Closed,2026-06-05T14:15:00Z,2026-06-05T14:45:00Z,30
1872221,Border,CITY AMRITSAR,BHAI MANJ ROAD,Unplanned,Closed,2026-06-05T14:12:26Z,2026-06-05T14:59:44Z,47
1872224,North,JALANDHAR,PANJPEER,Unplanned,Closed,2026-06-05T14:12:00Z,2026-06-05T14:58:00Z,46
1872225,South,PATIALA,11 KV SHAHPUR,Unplanned,Closed,2026-06-05T14:10:07Z,2026-06-05T14:45:53Z,35
1872297,Border,TARN TARAN,THATHIAN UPS,Unplanned,Closed,2026-06-05T14:10:00Z,2026-06-05T16:15:00Z,125
1872232,West,BATHINDA,AIR FORCE,Unplanned,Closed,2026-06-05T14:10:00Z,2026-06-05T14:35:00Z,25
1872230,South,PATIALA,11 KV Water Works,Unplanned,Closed,2026-06-05T14:10:00Z,2026-06-05T14:55:00Z,45
1872223,North,NAWANSHAHR,BIRAMPUR,Unplanned,Closed,2026-06-05T14:10:00Z,2026-06-05T14:20:00Z,10
1872216,West,FARIDKOT,Qila Nau,Unplanned,Closed,2026-06-05T14:02:30Z,2026-06-05T14:42:05Z,39
1872219,North,HOSHIARPUR,LAROYA,Unplanned,Closed,2026-06-05T14:02:00Z,2026-06-05T14:35:00Z,33
1872220,East,Zirakpur,ZIRAKPUR-2,Planned,Closed,2026-06-05T14:01:00Z,2026-06-05T14:44:00Z,43
1872214,Central,CITY EAST LUDHIANA,Chand Cinema,Unplanned,Closed,2026-06-05T14:00:00Z,2026-06-05T14:45:00Z,45
1870593,East,MOHALI,11KV BHARATPUR AP,Planned,Closed,2026-06-05T14:00:00Z,2026-06-05T17:00:00Z,180
1870590,East,MOHALI,11 KV GIDDARPUR AP,Planned,Closed,2026-06-05T14:00:00Z,2026-06-05T17:00:15Z,180
1870571,East,MOHALI,11 KV CHADIALA UPS,Planned,Closed,2026-06-05T14:00:00Z,2026-06-05T17:00:00Z,180
1872218,East,Zirakpur,11 KV AMBALA ROAD,Planned,Closed,2026-06-05T13:58:00Z,2026-06-05T15:17:00Z,79
1872217,East,Zirakpur,ASSTHA,Planned,Closed,2026-06-05T13:58:00Z,2026-06-05T15:17:00Z,79
1872222,Central,KHANNA,Jindal Cotex,Unplanned,Closed,2026-06-05T13:55:00Z,2026-06-05T15:43:00Z,108
1872212,East,Zirakpur,11 KV PREM NAGAR FEEDER,Unplanned,Closed,2026-06-05T13:54:00Z,2026-06-05T14:10:00Z,16
1872215,South,BARNALA,Tapa-3,Unplanned,Closed,2026-06-05T13:52:00Z,2026-06-05T15:02:00Z,70
1872211,Border,CITY AMRITSAR,11Kv Navdeep Theatre,Unplanned,Closed,2026-06-05T13:52:00Z,2026-06-05T17:20:18Z,208
1872207,North,KAPURTHALA,URBAN TIBBA,Planned,Closed,2026-06-05T13:45:00Z,2026-06-05T14:26:00Z,41
1872206,North,JALANDHAR,11KV GTB NAGAR,Unplanned,Closed,2026-06-05T13:39:00Z,2026-06-05T14:12:00Z,33
1872208,South,SANGRUR,UPS DORALI,Unplanned,Closed,2026-06-05T13:38:00Z,2026-06-05T15:05:00Z,87
1872210,Border,GURDASPUR,Quadian,Unplanned,Closed,2026-06-05T13:31:00Z,2026-06-05T14:20:00Z,49
1872209,Border,GURDASPUR,Kashtiwal,Unplanned,Closed,2026-06-05T13:31:00Z,2026-06-05T14:25:00Z,54
1872205,South,SANGRUR,Manshahia Colony,Unplanned,Closed,2026-06-05T13:30:00Z,2026-06-05T13:50:00Z,20
1872203,Border,GURDASPUR,Bhoma Boja,Unplanned,Closed,2026-06-05T13:30:00Z,2026-06-05T14:47:00Z,77
1872202,Border,GURDASPUR,Kaler,Unplanned,Closed,2026-06-05T13:30:00Z,2026-06-05T14:45:00Z,75
1872201,West,MUKATSAR,Ferozepur Road,Unplanned,Closed,2026-06-05T13:28:48Z,2026-06-05T14:19:52Z,51
1872199,West,MUKATSAR,11kv disposal,Unplanned,Closed,2026-06-05T13:24:00Z,2026-06-05T13:35:00Z,11
1872198,Central,CITY EAST LUDHIANA,BALA JI,Unplanned,Closed,2026-06-05T13:22:42Z,2026-06-05T14:22:45Z,60
1872200,North,HOSHIARPUR,MEGHOWAL,Unplanned,Closed,2026-06-05T13:20:00Z,2026-06-05T14:00:00Z,40
1872197,East,ROPAR,MUKARI,Unplanned,Closed,2026-06-05T13:17:00Z,2026-06-05T13:42:00Z,25
1872196,Border,TARN TARAN,Bodewal  UPS,Unplanned,Closed,2026-06-05T13:15:29Z,2026-06-05T15:09:54Z,114
1872195,North,HOSHIARPUR,GILZIAN,Unplanned,Closed,2026-06-05T13:15:00Z,2026-06-05T13:55:00Z,40
1872194,Border,GURDASPUR,Azizpur,Unplanned,Closed,2026-06-05T13:15:00Z,2026-06-05T13:40:00Z,25
1872192,Border,TARN TARAN,GHAGGE,Unplanned,Closed,2026-06-05T13:11:41Z,2026-06-05T15:10:04Z,118
1872186,Central,KHANNA,Royal,Unplanned,Closed,2026-06-05T13:08:00Z,2026-06-05T13:26:00Z,18
1872189,Central,KHANNA,Attapur,Unplanned,Closed,2026-06-05T13:07:04Z,2026-06-05T14:50:16Z,103
1872190,West,FARIDKOT,RAMEANA,Unplanned,Closed,2026-06-05T13:07:00Z,2026-06-05T13:45:00Z,38
1872187,West,FARIDKOT,ARIYAWALA,Unplanned,Closed,2026-06-05T13:05:42Z,2026-06-05T14:22:02Z,76
1872184,Central,KHANNA,RAIYEWAL CAT-1,Unplanned,Closed,2026-06-05T13:04:20Z,2026-06-05T14:20:20Z,76
1872183,Central,KHANNA,Khanoura UPS,Unplanned,Closed,2026-06-05T13:04:20Z,2026-06-05T14:21:20Z,77
1872182,Central,KHANNA,RURKI UPS,Unplanned,Closed,2026-06-05T13:04:20Z,2026-06-05T14:20:20Z,76
1872181,Central,KHANNA,TIBBI UPS,Unplanned,Closed,2026-06-05T13:04:20Z,2026-06-05T14:17:20Z,73
1872180,Central,KHANNA,Dhangeri,Unplanned,Closed,2026-06-05T13:04:20Z,2026-06-05T14:21:20Z,77
1872185,North,HOSHIARPUR,KHANPUR,Unplanned,Closed,2026-06-05T13:04:00Z,2026-06-05T13:52:00Z,48
1872179,Central,KHANNA,ChobdaranUPS,Unplanned,Closed,2026-06-05T13:02:30Z,2026-06-05T14:18:30Z,76
1872178,Central,KHANNA,Kaulgarh,Unplanned,Closed,2026-06-05T13:00:39Z,2026-06-05T14:19:39Z,79
1872177,Central,KHANNA,SHAMASHPUR,Unplanned,Closed,2026-06-05T13:00:39Z,2026-06-05T14:20:39Z,80
1872174,Central,KHANNA,Ajnodh,Planned,Closed,2026-06-05T13:00:00Z,2026-06-05T14:25:00Z,85
1872191,South,PATIALA,INDUSTRIAL-(N) 2,Unplanned,Closed,2026-06-05T12:50:00Z,2026-06-05T13:10:00Z,20
1872176,North,KAPURTHALA,URBAN C-PLANT,Unplanned,Closed,2026-06-05T12:50:00Z,2026-06-05T14:12:00Z,82
1872175,Central,CITY EAST LUDHIANA,BASTI FEEDER,Unplanned,Closed,2026-06-05T12:50:00Z,2026-06-05T13:15:00Z,25
1872172,West,BATHINDA,GADDAR PATTI UPS,Unplanned,Closed,2026-06-05T12:50:00Z,2026-06-05T13:20:00Z,30
1872173,North,NAWANSHAHR,PAILY,Unplanned,Closed,2026-06-05T12:46:00Z,2026-06-05T12:58:00Z,12
1872171,South,PATIALA,SARHIND ROAD,Unplanned,Closed,2026-06-05T12:46:00Z,2026-06-05T12:57:00Z,11
1872165,North,JALANDHAR,PEER PRANIA FEEDER,Unplanned,Closed,2026-06-05T12:46:00Z,2026-06-05T13:00:00Z,14
1872193,Border,TARN TARAN,PANDORI SIDHWAN,Unplanned,Closed,2026-06-05T12:45:17Z,2026-06-05T15:55:31Z,190
1872188,South,PATIALA,Industrial ( N),Unplanned,Closed,2026-06-05T12:45:00Z,2026-06-05T13:10:00Z,25
1872169,Central,CITY EAST LUDHIANA,DIVISION-3,Unplanned,Closed,2026-06-05T12:45:00Z,2026-06-05T14:31:00Z,106
1872163,Central,KHANNA,Chander Lok,Unplanned,Closed,2026-06-05T12:44:00Z,2026-06-05T13:00:00Z,16
1872162,Border,GURDASPUR,Karoli,Unplanned,Closed,2026-06-05T12:44:00Z,2026-06-05T13:43:00Z,59
1872161,Border,GURDASPUR,Chakki,Unplanned,Closed,2026-06-05T12:44:00Z,2026-06-05T13:43:00Z,59
1872204,Central,KHANNA,Bija Urban,Unplanned,Closed,2026-06-05T12:40:00Z,2026-06-05T13:40:00Z,60
1872166,Border,GURDASPUR,Bamial,Unplanned,Closed,2026-06-05T12:40:00Z,2026-06-05T13:15:00Z,35
1872164,Border,GURDASPUR,Bamial 24hrs,Unplanned,Closed,2026-06-05T12:40:00Z,2026-06-05T13:15:00Z,35
1872159,North,JALANDHAR,KADIAN,Unplanned,Closed,2026-06-05T12:38:00Z,2026-06-05T13:28:00Z,50
1872160,East,Zirakpur,HLP,Unplanned,Closed,2026-06-05T12:37:00Z,2026-06-05T13:37:00Z,60
1872158,East,MOHALI,11 KV Sec-72 D,Unplanned,Closed,2026-06-05T12:37:00Z,2026-06-05T12:50:00Z,13
1872167,East,Zirakpur,11 kv Japuria Feeder,Unplanned,Closed,2026-06-05T12:36:00Z,2026-06-05T12:50:00Z,14
1872153,Border,TARN TARAN,BHALAIPUR,Unplanned,Closed,2026-06-05T12:35:28Z,2026-06-05T15:19:39Z,164
1872152,West,FARIDKOT,11 KV BHOLUWALA ROAD,Unplanned,Closed,2026-06-05T12:33:45Z,2026-06-05T13:03:25Z,29
1872156,West,BATHINDA,WATER WORKS,Unplanned,Closed,2026-06-05T12:32:00Z,2026-06-05T13:35:00Z,63
1872155,West,BATHINDA,CITY MANSA,Unplanned,Closed,2026-06-05T12:32:00Z,2026-06-05T13:35:00Z,63
1872168,North,HOSHIARPUR,11 KV Shri Guru Nanak Nagar,Unplanned,Closed,2026-06-05T12:30:00Z,2026-06-05T12:50:00Z,20
1872157,North,JALANDHAR,NIJJRAN,Unplanned,Closed,2026-06-05T12:30:00Z,2026-06-05T14:25:00Z,115
1872154,North,JALANDHAR,LOHARAN,Unplanned,Closed,2026-06-05T12:30:00Z,2026-06-05T14:23:00Z,113
1872151,North,JALANDHAR,11KVMARKFEED FEEDER,Unplanned,Closed,2026-06-05T12:30:00Z,2026-06-05T13:04:00Z,34
1872150,North,JALANDHAR,11KV UDESIAN,Unplanned,Closed,2026-06-05T12:30:00Z,2026-06-05T12:46:00Z,16
1872148,West,FARIDKOT,DHOLEWALA UPS,Unplanned,Closed,2026-06-05T12:27:33Z,2026-06-05T12:35:29Z,7
1872147,East,Zirakpur,DEEPAK PIPE,Unplanned,Closed,2026-06-05T12:26:00Z,2026-06-05T12:50:00Z,24
1872143,North,KAPURTHALA,UPS RAIPUR PEERBUX,Planned,Closed,2026-06-05T12:20:00Z,2026-06-05T15:20:00Z,180
1872142,North,KAPURTHALA,UPS MODEL TOWN,Planned,Closed,2026-06-05T12:20:00Z,2026-06-05T15:20:00Z,180
1872146,East,MOHALI,11kv Saidpura,Unplanned,Closed,2026-06-05T12:17:00Z,2026-06-05T12:45:00Z,28
1872137,Central,KHANNA,66 KV GO STEEL,Unplanned,Closed,2026-06-05T12:16:03Z,2026-06-05T13:40:03Z,84
1872136,Central,KHANNA,66 KV Shri Ganesh Edibles,Unplanned,Closed,2026-06-05T12:16:03Z,2026-06-05T13:40:03Z,84
1872135,Central,KHANNA,Vimal/RP Line,Unplanned,Closed,2026-06-05T12:16:03Z,2026-06-05T13:40:03Z,84
1872134,Central,KHANNA,Gobindgarh Road,Unplanned,Closed,2026-06-05T12:16:03Z,2026-06-05T13:40:03Z,84
1872133,Central,KHANNA,BAINI,Unplanned,Closed,2026-06-05T12:16:03Z,2026-06-05T13:40:03Z,84
1872132,Central,KHANNA,Civil Hospital,Unplanned,Closed,2026-06-05T12:16:03Z,2026-06-05T13:40:03Z,84
1872131,Central,KHANNA,Khanyan Road,Unplanned,Closed,2026-06-05T12:16:03Z,2026-06-05T13:40:03Z,84
1872130,Central,KHANNA,Saunti UPS,Unplanned,Closed,2026-06-05T12:16:03Z,2026-06-05T13:40:03Z,84
1872129,Central,KHANNA,Grain Market,Unplanned,Closed,2026-06-05T12:16:03Z,2026-06-05T13:40:03Z,84
1872128,Central,KHANNA,Bhadalthua,Unplanned,Closed,2026-06-05T12:16:03Z,2026-06-05T13:40:03Z,84
1872127,Central,KHANNA,City-2,Unplanned,Closed,2026-06-05T12:16:03Z,2026-06-05T13:40:03Z,84
1872126,Central,KHANNA,CITY-1,Unplanned,Closed,2026-06-05T12:16:03Z,2026-06-05T13:40:03Z,84
1872125,Central,KHANNA,MANGARH ROAD,Unplanned,Closed,2026-06-05T12:16:03Z,2026-06-05T13:40:03Z,84
1872124,Central,KHANNA,Ganga Casting,Unplanned,Closed,2026-06-05T12:16:03Z,2026-06-05T13:40:03Z,84
1872123,Central,KHANNA,RK INDUSTRIES,Unplanned,Closed,2026-06-05T12:16:03Z,2026-06-05T13:40:03Z,84
1872122,Central,KHANNA,Arihant Spintex,Unplanned,Closed,2026-06-05T12:16:03Z,2026-06-05T13:40:03Z,84
1872121,Central,KHANNA,NAVDURGA,Unplanned,Closed,2026-06-05T12:16:03Z,2026-06-05T13:40:03Z,84
1872120,Central,KHANNA,Madhav KRG,Unplanned,Closed,2026-06-05T12:16:03Z,2026-06-05T13:40:03Z,84
1872118,South,SANGRUR,JAHANGIR,Unplanned,Closed,2026-06-05T12:15:46Z,2026-06-05T13:00:58Z,45
1872119,South,SANGRUR,Dera rajputa,Unplanned,Closed,2026-06-05T12:15:23Z,2026-06-05T12:52:41Z,37
1872141,Central,KHANNA,LALHERI ROAD,Unplanned,Closed,2026-06-05T12:15:00Z,2026-06-05T13:00:00Z,45
1872117,North,JALANDHAR,MANDI ROAD,Unplanned,Closed,2026-06-05T12:14:00Z,2026-06-05T12:35:00Z,21
1872115,South,SANGRUR,Kaimpur UPS (GRID DIRBA),Unplanned,Closed,2026-06-05T12:14:00Z,2026-06-05T12:45:00Z,31
1872145,Border,GURDASPUR,11 KV Rangar Nangal (AP),Unplanned,Closed,2026-06-05T12:13:00Z,2026-06-05T12:36:00Z,23
1872112,Central,KHANNA,Vishawkarma Nagar,Unplanned,Closed,2026-06-05T12:13:00Z,2026-06-05T12:26:00Z,13
1872110,West,MUKATSAR,PANJKOSI,Unplanned,Closed,2026-06-05T12:11:23Z,2026-06-05T12:53:45Z,42
1872114,Border,GURDASPUR,Rampur Talwara,Unplanned,Closed,2026-06-05T12:10:00Z,2026-06-05T13:10:00Z,60
1872113,North,HOSHIARPUR,URMAR,Unplanned,Closed,2026-06-05T12:10:00Z,2026-06-05T12:35:00Z,25
1872103,Central,CITY EAST LUDHIANA,BY PASS,Planned,Closed,2026-06-05T12:10:00Z,2026-06-05T12:31:00Z,21
1872109,North,JALANDHAR,ADDA HOSHIARPUR,Unplanned,Closed,2026-06-05T12:08:00Z,2026-06-05T12:15:00Z,7
1872140,West,MUKATSAR,11kv disposal,Unplanned,Closed,2026-06-05T12:07:00Z,2026-06-05T13:10:00Z,63
1872106,North,NAWANSHAHR,11 KV Begam Pur,Unplanned,Closed,2026-06-05T12:05:00Z,2026-06-05T12:20:00Z,15
1872104,Central,CITY EAST LUDHIANA,Geeta Nagar 2.,Unplanned,Closed,2026-06-05T12:03:34Z,2026-06-05T13:03:37Z,60
1872105,Border,GURDASPUR,Chhota enokot,Unplanned,Closed,2026-06-05T12:02:00Z,2026-06-05T13:05:00Z,63
1872149,Border,GURDASPUR,11 KV Khaira,Unplanned,Closed,2026-06-05T12:01:00Z,2026-06-05T16:05:00Z,244
1872139,Border,GURDASPUR,KHODE BANGER,Unplanned,Closed,2026-06-05T12:01:00Z,2026-06-05T14:51:00Z,170
1872138,Border,GURDASPUR,LOHARAWALI,Unplanned,Closed,2026-06-05T12:01:00Z,2026-06-05T16:01:00Z,240
1872116,Border,GURDASPUR,PANWAN,Unplanned,Closed,2026-06-05T12:01:00Z,2026-06-05T14:01:00Z,120
1872082,Central,CITY WEST LUDHIANA,11KV Altos Nagar feeder,Planned,Closed,2026-06-05T12:00:42Z,2026-06-05T13:23:11Z,82
1872213,Border,GURDASPUR,11 KV KHOKHER AP,Unplanned,Closed,2026-06-05T12:00:00Z,2026-06-05T17:05:00Z,305
1872170,Central,KHANNA,Bija Urban,Unplanned,Closed,2026-06-05T12:00:00Z,2026-06-05T12:30:00Z,30
1872108,East,MOHALI,JHAMPUR FEEDER,Planned,Closed,2026-06-05T12:00:00Z,2026-06-05T13:25:00Z,85
1872100,West,BATHINDA,Chehlawala,Unplanned,Closed,2026-06-05T12:00:00Z,2026-06-05T16:44:00Z,284
1872102,North,NAWANSHAHR,BALLOWAL,Unplanned,Closed,2026-06-05T11:57:00Z,2026-06-05T12:22:00Z,25
1872095,Central,KHANNA,Shamshpur UPS,Unplanned,Closed,2026-06-05T11:56:59Z,2026-06-05T13:30:59Z,94
1872094,Central,KHANNA,KARTAR AGRO,Unplanned,Closed,2026-06-05T11:56:59Z,2026-06-05T13:30:59Z,94
1872093,Central,KHANNA,Akalgarh,Unplanned,Closed,2026-06-05T11:56:59Z,2026-06-05T13:30:59Z,94
1872092,Central,KHANNA,ghunder,Unplanned,Closed,2026-06-05T11:56:59Z,2026-06-05T13:30:59Z,94
1872091,Central,KHANNA,Patiala Road,Unplanned,Closed,2026-06-05T11:56:59Z,2026-06-05T13:30:59Z,94
1872090,Central,KHANNA,CHASWAL UPS,Unplanned,Closed,2026-06-05T11:56:59Z,2026-06-05T13:30:59Z,94
1872089,Central,KHANNA,Bhadson,Unplanned,Closed,2026-06-05T11:56:59Z,2026-06-05T13:30:59Z,94
1872086,South,SANGRUR,KARODA,Unplanned,Closed,2026-06-05T11:56:00Z,2026-06-05T12:30:00Z,34
1872085,South,SANGRUR,THASKA,Unplanned,Closed,2026-06-05T11:56:00Z,2026-06-05T12:32:00Z,36
1872088,South,PATIALA,rajpura,Unplanned,Closed,2026-06-05T11:55:00Z,2026-06-05T12:20:00Z,25
1872084,North,NAWANSHAHR,BINEWAL,Unplanned,Closed,2026-06-05T11:55:00Z,2026-06-05T12:10:00Z,15
1872096,North,JALANDHAR,MALKO,Unplanned,Closed,2026-06-05T11:52:00Z,2026-06-05T12:15:00Z,23
1872087,North,JALANDHAR,GADDO WALI,Unplanned,Closed,2026-06-05T11:52:00Z,2026-06-05T12:15:00Z,23
1872078,South,SANGRUR,11 KV BAKSHIWALA AP(66 KV SUNAM),Unplanned,Closed,2026-06-05T11:50:35Z,2026-06-05T18:25:53Z,395
1872107,Central,CITY EAST LUDHIANA,Chand Cinema,Unplanned,Closed,2026-06-05T11:50:00Z,2026-06-05T13:30:00Z,100
1872079,North,HOSHIARPUR,MASTIWAL,Unplanned,Closed,2026-06-05T11:50:00Z,2026-06-05T12:15:00Z,25
1872073,North,JALANDHAR,SUNRA,Unplanned,Closed,2026-06-05T11:50:00Z,2026-06-05T12:17:00Z,27
1872072,North,JALANDHAR,RURAL URBAN  (NAWAN PIND),Unplanned,Closed,2026-06-05T11:50:00Z,2026-06-05T12:17:00Z,27
1872071,North,JALANDHAR,LINK FEEDER,Unplanned,Closed,2026-06-05T11:50:00Z,2026-06-05T12:17:00Z,27
1872081,Border,GURDASPUR,Sathiali 24 hrs.,Unplanned,Closed,2026-06-05T11:47:00Z,2026-06-05T13:01:00Z,74
1872083,North,KAPURTHALA,URBAN Mandi Road NURMAHAL,Planned,Closed,2026-06-05T11:45:00Z,2026-06-05T12:20:00Z,35
1872144,East,MOHALI,11KV JANGPURA FEEDER,Unplanned,Closed,2026-06-05T11:42:00Z,2026-06-05T12:20:00Z,38
1872101,East,Zirakpur,Bhabat,Unplanned,Closed,2026-06-05T11:40:00Z,2026-06-05T12:35:00Z,55
1872057,West,BATHINDA,MANSA ROAD (NEW),Planned,Closed,2026-06-05T11:37:00Z,2026-06-05T14:13:00Z,156
1872064,West,BATHINDA,11KV Advanced Cancer Hospital,Planned,Closed,2026-06-05T11:35:00Z,2026-06-05T14:30:00Z,175
1872062,West,BATHINDA,INDUSTRIAL GROWTH CENTER,Planned,Closed,2026-06-05T11:35:00Z,2026-06-05T14:30:00Z,175
1872052,South,BARNALA,SHARMAN STEEL ADP ROAD IND-2,Planned,Closed,2026-06-05T11:35:00Z,2026-06-05T12:18:00Z,43
1872061,South,PATIALA,SARHIND ROAD,Unplanned,Closed,2026-06-05T11:33:00Z,2026-06-05T12:01:00Z,28
1872054,North,JALANDHAR,11KV Mithapur Feeder,Unplanned,Closed,2026-06-05T11:31:00Z,2026-06-05T11:50:00Z,19
1872070,Border,GURDASPUR,Withwan,Unplanned,Closed,2026-06-05T11:30:00Z,2026-06-05T12:01:00Z,31
1872065,Border,GURDASPUR,Aliwal Road,Unplanned,Closed,2026-06-05T11:30:00Z,2026-06-05T11:50:00Z,20
1872049,North,JALANDHAR,11 KV TAGORE HOSPITAL,Unplanned,Closed,2026-06-05T11:28:04Z,2026-06-05T12:11:00Z,42
1872050,South,SANGRUR,11 KV LEHRA ROAD C2,Unplanned,Closed,2026-06-05T11:28:02Z,2026-06-05T12:23:22Z,55
1872055,West,FARIDKOT,"Factory Road, Kotkapura",Unplanned,Closed,2026-06-05T11:28:00Z,2026-06-05T11:50:00Z,22
1872069,West,BATHINDA,IOCL,Planned,Closed,2026-06-05T11:24:33Z,2026-06-05T13:50:33Z,146
1872068,West,BATHINDA,Sushant City,Planned,Closed,2026-06-05T11:24:33Z,2026-06-05T13:50:33Z,146
1872067,West,BATHINDA,DEPTU,Planned,Closed,2026-06-05T11:24:33Z,2026-06-05T13:50:33Z,146
1872066,West,BATHINDA,GULAB GARH,Planned,Closed,2026-06-05T11:24:33Z,2026-06-05T13:50:33Z,146
1872047,North,JALANDHAR,GUDAIPUR,Unplanned,Closed,2026-06-05T11:21:00Z,2026-06-05T11:50:00Z,29
1872077,Border,TARN TARAN,BAWA SHOE,Unplanned,Closed,2026-06-05T11:20:23Z,2026-06-05T13:05:23Z,105
1872076,Border,TARN TARAN,JHENDER  UPS,Unplanned,Closed,2026-06-05T11:20:23Z,2026-06-05T13:05:23Z,105
1872075,Border,TARN TARAN,GHAT SAHIB URBAN,Unplanned,Closed,2026-06-05T11:20:23Z,2026-06-05T17:01:23Z,341
1872074,Border,TARN TARAN,GOINDWAL SAHIB URBAN..,Unplanned,Closed,2026-06-05T11:20:23Z,2026-06-05T13:05:23Z,105
1872051,West,FARIDKOT,11 KV Kalgidhar ups,Unplanned,Closed,2026-06-05T11:20:00Z,2026-06-05T12:15:00Z,55
1872046,North,HOSHIARPUR,PANKHUH,Unplanned,Closed,2026-06-05T11:20:00Z,2026-06-05T11:35:00Z,15
1872044,West,BATHINDA,INDUSTRIAL COMPLEX,Unplanned,Closed,2026-06-05T11:17:00Z,2026-06-05T11:39:00Z,22
1872041,South,SANGRUR,Sangrur Road,Unplanned,Closed,2026-06-05T11:10:47Z,2026-06-05T12:41:00Z,90
1872040,South,SANGRUR,Rasaldar chhana,Unplanned,Closed,2026-06-05T11:10:02Z,2026-06-05T12:40:12Z,90
1872099,East,Zirakpur,ECME,Unplanned,Closed,2026-06-05T11:10:00Z,2026-06-05T12:35:00Z,85
1872098,East,Zirakpur,RAIL VIHAR,Unplanned,Closed,2026-06-05T11:10:00Z,2026-06-05T12:35:00Z,85
1872097,East,Zirakpur,11 kv Japuria Feeder,Unplanned,Closed,2026-06-05T11:10:00Z,2026-06-05T12:35:00Z,85
1872080,Border,GURDASPUR,City Feeder,Unplanned,Closed,2026-06-05T11:10:00Z,2026-06-05T12:20:00Z,70
1872048,East,Zirakpur,ZIRAKPUR-1,Unplanned,Closed,2026-06-05T11:10:00Z,2026-06-05T12:38:00Z,88
1872045,West,BATHINDA,11 KV KOT LALLU,Planned,Closed,2026-06-05T11:10:00Z,2026-06-05T14:55:18Z,225
1872036,Border,TARN TARAN,BEAS CITY,Unplanned,Closed,2026-06-05T11:08:34Z,2026-06-05T11:58:20Z,49
1872034,Border,CITY AMRITSAR,11Kv Navdeep Theatre,Unplanned,Closed,2026-06-05T11:07:00Z,2026-06-05T11:24:00Z,17
1872038,West,FEROZPUR,AMAR TAKIS,Unplanned,Closed,2026-06-05T11:06:00Z,2026-06-05T12:10:00Z,64
1872042,Border,GURDASPUR,11 KV Chone UPS,Unplanned,Closed,2026-06-05T11:05:00Z,2026-06-05T12:56:00Z,111
1872043,East,MOHALI,11KV Sector 101,Unplanned,Closed,2026-06-05T11:02:00Z,2026-06-05T12:26:54Z,84
1872032,Border,GURDASPUR,CITY AWANKHA,Unplanned,Closed,2026-06-05T11:02:00Z,2026-06-05T12:03:00Z,61
1872039,East,Zirakpur,SINGHPURA,Unplanned,Closed,2026-06-05T11:01:00Z,2026-06-05T12:00:00Z,59
1872033,Border,GURDASPUR,Nawan Pind,Unplanned,Closed,2026-06-05T11:00:00Z,2026-06-05T12:10:00Z,70
1872031,Border,GURDASPUR,MUGRALA,Unplanned,Closed,2026-06-05T11:00:00Z,2026-06-05T12:10:00Z,70
1872028,North,JALANDHAR,SABOWAL,Unplanned,Closed,2026-06-05T10:53:00Z,2026-06-05T11:17:00Z,24
1872027,East,MOHALI,SEC-79,Planned,Closed,2026-06-05T10:52:00Z,2026-06-05T12:17:00Z,85
1872037,West,MUKATSAR,FATTANWALA,Unplanned,Closed,2026-06-05T10:50:00Z,2026-06-05T12:05:00Z,75
1872035,West,MUKATSAR,KHAPIANWALI,Unplanned,Closed,2026-06-05T10:50:00Z,2026-06-05T12:05:00Z,75
1872025,North,NAWANSHAHR,DAYALAN,Unplanned,Closed,2026-06-05T10:50:00Z,2026-06-05T11:25:00Z,35
1872026,West,FARIDKOT,ARIYAWALA,Unplanned,Closed,2026-06-05T10:49:48Z,2026-06-05T12:47:00Z,117
1872022,Central,KHANNA,66 KV GO STEEL,Unplanned,Closed,2026-06-05T10:42:43Z,2026-06-05T12:01:43Z,79
1872021,Central,KHANNA,66 KV Shri Ganesh Edibles,Unplanned,Closed,2026-06-05T10:42:43Z,2026-06-05T12:01:43Z,79
1872020,Central,KHANNA,Vimal/RP Line,Unplanned,Closed,2026-06-05T10:42:43Z,2026-06-05T12:01:43Z,79
1872019,Central,KHANNA,Gobindgarh Road,Unplanned,Closed,2026-06-05T10:42:43Z,2026-06-05T12:01:43Z,79
1872018,Central,KHANNA,Civil Hospital,Unplanned,Closed,2026-06-05T10:42:43Z,2026-06-05T12:01:43Z,79
1872017,Central,KHANNA,Saunti UPS,Unplanned,Closed,2026-06-05T10:42:43Z,2026-06-05T12:01:43Z,79
1872016,Central,KHANNA,Grain Market,Unplanned,Closed,2026-06-05T10:42:43Z,2026-06-05T12:01:43Z,79
1872015,Central,KHANNA,Bhadalthua,Unplanned,Closed,2026-06-05T10:42:43Z,2026-06-05T12:01:43Z,79
1872014,Central,KHANNA,City-2,Unplanned,Closed,2026-06-05T10:42:43Z,2026-06-05T12:01:43Z,79
1872013,Central,KHANNA,CITY-1,Unplanned,Closed,2026-06-05T10:42:43Z,2026-06-05T12:01:43Z,79
1872012,Central,KHANNA,MANGARH ROAD,Unplanned,Closed,2026-06-05T10:42:43Z,2026-06-05T12:01:43Z,79
1872011,Central,KHANNA,Ganga Casting,Unplanned,Closed,2026-06-05T10:42:43Z,2026-06-05T12:01:43Z,79
1872010,Central,KHANNA,RK INDUSTRIES,Unplanned,Closed,2026-06-05T10:42:43Z,2026-06-05T12:01:43Z,79
1872009,Central,KHANNA,Arihant Spintex,Unplanned,Closed,2026-06-05T10:42:43Z,2026-06-05T12:01:43Z,79
1872008,Central,KHANNA,NAVDURGA,Unplanned,Closed,2026-06-05T10:42:43Z,2026-06-05T12:01:43Z,79
1872007,Central,KHANNA,Madhav KRG,Unplanned,Closed,2026-06-05T10:42:43Z,2026-06-05T12:01:43Z,79
1872024,North,KAPURTHALA,DAINWIND (UPS),Unplanned,Closed,2026-06-05T10:40:00Z,2026-06-05T11:15:00Z,35
1872023,North,KAPURTHALA,URBAN Malsian,Unplanned,Closed,2026-06-05T10:40:00Z,2026-06-05T11:20:00Z,40
1872005,North,JALANDHAR,11KV GTB NAGAR,Unplanned,Closed,2026-06-05T10:39:00Z,2026-06-05T11:20:00Z,41
1872003,East,Zirakpur,DEEPAK PIPE,Unplanned,Closed,2026-06-05T10:39:00Z,2026-06-05T11:15:00Z,36
1872001,South,PATIALA,Prem Nagar Feeder,Unplanned,Closed,2026-06-05T10:35:44Z,2026-06-05T12:00:00Z,84
1872030,Border,GURDASPUR,Dhidowal,Unplanned,Closed,2026-06-05T10:35:00Z,2026-06-05T12:50:00Z,135
1872004,West,FARIDKOT,11 KV GLOBAL UPS,Unplanned,Closed,2026-06-05T10:35:00Z,2026-06-05T11:55:00Z,80
1872002,South,SANGRUR,Kishanpura Road,Unplanned,Closed,2026-06-05T10:35:00Z,2026-06-05T10:58:00Z,23
1871999,North,HOSHIARPUR,11 Kv Mahadpur,Unplanned,Closed,2026-06-05T10:35:00Z,2026-06-05T10:55:00Z,20
1871998,North,HOSHIARPUR,11kv Chanour UPS,Unplanned,Closed,2026-06-05T10:35:00Z,2026-06-05T10:55:00Z,20
1871996,Central,KHANNA,MALERKOTLA ROAD,Unplanned,Closed,2026-06-05T10:32:00Z,2026-06-05T11:05:00Z,33
1872056,West,BATHINDA,INDUSTRIAL,Unplanned,Closed,2026-06-05T10:30:00Z,2026-06-05T11:25:00Z,55
1871997,Border,GURDASPUR,Dalla UPS,Unplanned,Closed,2026-06-05T10:30:00Z,2026-06-05T11:30:00Z,60
1871954,Border,SUB URBAN AMRITSAR,HOUSING BOARD COLONY,Planned,Closed,2026-06-05T10:30:00Z,2026-06-05T14:30:00Z,240
1871952,Border,SUB URBAN AMRITSAR,C-BLOCK RANJIT AVENUE,Planned,Closed,2026-06-05T10:30:00Z,2026-06-05T14:25:00Z,235
1872000,North,NAWANSHAHR,BORA,Unplanned,Closed,2026-06-05T10:28:00Z,2026-06-05T10:55:00Z,27
1871985,South,SANGRUR,24 HRS. BALRAN,Unplanned,Closed,2026-06-05T10:27:02Z,2026-06-05T12:05:11Z,98
1871986,North,HOSHIARPUR,11KV MILK PLANT,Unplanned,Closed,2026-06-05T10:26:00Z,2026-06-05T10:46:00Z,20
1871995,Central,KHANNA,Sangtpura,Unplanned,Closed,2026-06-05T10:25:00Z,2026-06-05T11:21:00Z,56
1871984,Central,CITY EAST LUDHIANA,DIVISION-3,Unplanned,Closed,2026-06-05T10:25:00Z,2026-06-05T11:05:00Z,40
1871976,Border,GURDASPUR,KHUJALA,Unplanned,Closed,2026-06-05T10:25:00Z,2026-06-05T10:47:00Z,22
1872006,Border,SUB URBAN AMRITSAR,Bhaka Hari Singh,Unplanned,Closed,2026-06-05T10:20:00Z,2026-06-05T10:47:00Z,27
1871955,North,NAWANSHAHR,11 KV JABOWAL,Unplanned,Closed,2026-06-05T10:20:00Z,2026-06-05T11:32:00Z,72
1871951,North,NAWANSHAHR,11KV KOT PATTI,Unplanned,Closed,2026-06-05T10:20:00Z,2026-06-05T11:32:00Z,72
1871953,Border,GURDASPUR,NDK SEPARATE FEEDER,Unplanned,Closed,2026-06-05T10:19:00Z,2026-06-05T12:14:00Z,115
1871950,Border,GURDASPUR,VICTORIA ESTATE,Unplanned,Closed,2026-06-05T10:19:00Z,2026-06-05T12:14:00Z,115
1871948,South,SANGRUR,Patran Road,Unplanned,Closed,2026-06-05T10:17:19Z,2026-06-05T12:05:29Z,108
1871946,South,SANGRUR,Patran Road,Unplanned,Closed,2026-06-05T10:15:56Z,2026-06-05T10:16:07Z,0
1871945,South,SANGRUR,24 HRS. HAMIRGARH,Unplanned,Closed,2026-06-05T10:15:24Z,2026-06-05T12:05:39Z,110
1871949,South,SANGRUR,11 KV LONGOWAL URBAN,Unplanned,Closed,2026-06-05T10:15:00Z,2026-06-05T10:40:00Z,25
1871937,North,JALANDHAR,BASHESHPUR,Unplanned,Closed,2026-06-05T10:11:00Z,2026-06-05T10:53:00Z,42
1871942,West,MUKATSAR,PANJKOSI,Unplanned,Closed,2026-06-05T10:10:16Z,2026-06-05T10:37:25Z,27
1871958,East,MOHALI,DERRI AP,Unplanned,Closed,2026-06-05T10:10:00Z,2026-06-05T10:40:32Z,30
1871943,West,FARIDKOT,Army,Unplanned,Closed,2026-06-05T10:10:00Z,2026-06-05T11:30:00Z,80
1871959,West,BATHINDA,Mian,Planned,Closed,2026-06-05T10:07:00Z,2026-06-05T17:55:25Z,468
1871933,East,MOHALI,Sec 54,Unplanned,Closed,2026-06-05T10:05:35Z,2026-06-05T10:35:54Z,30
1872053,South,SANGRUR,VERBIO,Unplanned,Closed,2026-06-05T10:05:00Z,2026-06-05T11:55:00Z,110
1871935,North,NAWANSHAHR,SADHOWAL,Unplanned,Closed,2026-06-05T10:05:00Z,2026-06-05T10:11:00Z,6
1871934,Border,GURDASPUR,BHAGTHANA TULIAN,Unplanned,Closed,2026-06-05T10:05:00Z,2026-06-05T10:50:00Z,45
1871932,North,HOSHIARPUR,11 kv Mansoorpur,Unplanned,Closed,2026-06-05T10:05:00Z,2026-06-05T10:25:00Z,20
1871931,West,BATHINDA,Aehmadpur UPS,Unplanned,Closed,2026-06-05T10:05:00Z,2026-06-05T11:00:00Z,55
1871926,Border,TARN TARAN,KHANPUR,Planned,Closed,2026-06-05T10:04:50Z,2026-06-05T10:45:09Z,40
1871928,Central,KHANNA,Kheri jattan,Unplanned,Closed,2026-06-05T10:02:36Z,2026-06-05T10:40:00Z,37
1871940,West,BATHINDA,KOTHE DHABAN WALE,Unplanned,Closed,2026-06-05T10:02:00Z,2026-06-05T13:12:00Z,190
1871936,West,BATHINDA,11 KV ZILA PARISHAD,Unplanned,Closed,2026-06-05T10:01:00Z,2026-06-05T10:58:00Z,57
1872029,Border,SUB URBAN AMRITSAR,Guru Har Rai avenue,Planned,Closed,2026-06-05T10:00:00Z,2026-06-05T14:00:00Z,240
1871939,Border,SUB URBAN AMRITSAR,PADHRI,Unplanned,Closed,2026-06-05T10:00:00Z,2026-06-05T11:20:00Z,80
1871925,North,JALANDHAR,PEER PRANIA FEEDER,Unplanned,Closed,2026-06-05T10:00:00Z,2026-06-05T10:29:00Z,29
1871924,South,SANGRUR,MOURAN A+B (GRID DIRBA),Unplanned,Closed,2026-06-05T10:00:00Z,2026-06-05T17:50:00Z,470
1871861,Border,CITY AMRITSAR,11 KV Namak Mandi,Planned,Closed,2026-06-05T10:00:00Z,2026-06-05T11:48:00Z,108
1871803,West,BATHINDA,CANAL,Planned,Closed,2026-06-05T10:00:00Z,2026-06-05T14:10:20Z,250
1871802,West,BATHINDA,Jagdambe Road,Planned,Closed,2026-06-05T10:00:00Z,2026-06-05T14:10:30Z,250
1870686,Central,SUB URBAN LUDHIANA,CITY NO 07,Planned,Closed,2026-06-05T10:00:00Z,2026-06-05T12:00:00Z,120
1870420,Central,SUB URBAN LUDHIANA,Ghungrana UPS,Planned,Closed,2026-06-05T10:00:00Z,2026-06-05T13:30:00Z,210
1871944,Border,GURDASPUR,Bamial,Unplanned,Closed,2026-06-05T09:58:00Z,2026-06-05T10:25:00Z,27
1871941,Border,GURDASPUR,Bamial 24hrs,Unplanned,Closed,2026-06-05T09:58:00Z,2026-06-05T10:25:00Z,27
1871922,North,JALANDHAR,11 KV Curo Mall,Unplanned,Closed,2026-06-05T09:58:00Z,2026-06-05T10:30:00Z,32
1871919,East,Zirakpur,LALRU MANDI,Unplanned,Closed,2026-06-05T09:55:00Z,2026-06-05T10:15:00Z,20
1871923,West,FARIDKOT,11 KV BUTTAR,Unplanned,Closed,2026-06-05T09:54:54Z,2026-06-05T10:35:41Z,40
1871921,West,MUKATSAR,HARIPURA,Unplanned,Closed,2026-06-05T09:50:25Z,2026-06-05T12:55:32Z,185
1871920,Central,CITY WEST LUDHIANA,ESTATE FEEDER,Unplanned,Closed,2026-06-05T09:50:21Z,2026-06-05T10:25:08Z,34
1871947,East,Zirakpur,Bhabat,Unplanned,Closed,2026-06-05T09:50:00Z,2026-06-05T10:48:00Z,58
1871938,North,NAWANSHAHR,11KVCITY-2,Unplanned,Closed,2026-06-05T09:50:00Z,2026-06-05T10:40:00Z,50
1871917,North,JALANDHAR,11KV Baba Makhan Shah Lubana,Unplanned,Closed,2026-06-05T09:49:00Z,2026-06-05T10:33:00Z,44
1871918,Central,KHANNA,Amloh Road,Unplanned,Closed,2026-06-05T09:45:00Z,2026-06-05T10:15:00Z,30
1871914,Central,KHANNA,jagat colony,Unplanned,Closed,2026-06-05T09:45:00Z,2026-06-05T10:21:00Z,36
1871915,North,JALANDHAR,BASTI NOU (NEW),Unplanned,Closed,2026-06-05T09:44:00Z,2026-06-05T10:08:00Z,24
1871916,North,JALANDHAR,INDUSTRIAL-3,Unplanned,Closed,2026-06-05T09:40:00Z,2026-06-05T10:08:00Z,28
1871911,North,NAWANSHAHR,KAHLON,Unplanned,Closed,2026-06-05T09:40:00Z,2026-06-05T09:55:00Z,15
1871909,Central,CITY EAST LUDHIANA,JAIL ROAD,Unplanned,Closed,2026-06-05T09:38:00Z,2026-06-05T10:41:00Z,63
1871908,East,Zirakpur,DAPPAR,Unplanned,Closed,2026-06-05T09:38:00Z,2026-06-05T09:50:00Z,12
1871930,Border,TARN TARAN,KOT DASANDI MAL,Unplanned,Closed,2026-06-05T09:36:20Z,2026-06-05T11:15:23Z,99
1871929,Border,TARN TARAN,24 HRS UPS,Unplanned,Closed,2026-06-05T09:36:00Z,2026-06-05T11:15:04Z,99
1871927,Border,SUB URBAN AMRITSAR,JIJEANI UPS,Unplanned,Closed,2026-06-05T09:35:00Z,2026-06-05T10:45:00Z,70
1871912,East,ROPAR,MUKARI,Unplanned,Closed,2026-06-05T09:35:00Z,2026-06-05T09:50:00Z,15
1871901,North,JALANDHAR,NEW LAXMI,Unplanned,Closed,2026-06-05T09:32:00Z,2026-06-05T09:45:00Z,13
1871905,West,FARIDKOT,11 KV GHOLIA KHURD UPS,Unplanned,Closed,2026-06-05T09:31:19Z,2026-06-05T10:19:47Z,48
1871907,South,SANGRUR,24 HRS. DASKA,Unplanned,Closed,2026-06-05T09:30:00Z,2026-06-05T11:00:00Z,90
1871904,Central,KHANNA,Khanyan Road,Unplanned,Closed,2026-06-05T09:30:00Z,2026-06-05T10:30:00Z,60
1871903,North,HOSHIARPUR,CHHAMB,Unplanned,Closed,2026-06-05T09:30:00Z,2026-06-05T10:00:00Z,30
1871902,South,PATIALA,BSNL,Unplanned,Closed,2026-06-05T09:30:00Z,2026-06-05T09:55:00Z,25
1871899,Border,GURDASPUR,Sheh Bhattia,Unplanned,Closed,2026-06-05T09:30:00Z,2026-06-05T09:50:00Z,20
1871957,Central,KHANNA,Majra,Planned,Closed,2026-06-05T09:29:23Z,2026-06-05T11:51:39Z,142
1871913,West,FARIDKOT,11 KV NIHAL SINGH WALA CAT-01,Unplanned,Closed,2026-06-05T09:28:00Z,2026-06-05T10:30:00Z,62
1871891,South,SANGRUR,BEHER SAHIB,Unplanned,Closed,2026-06-05T09:27:57Z,2026-06-05T10:52:48Z,84
1871893,South,SANGRUR,Dera rajputa,Unplanned,Closed,2026-06-05T09:27:41Z,2026-06-05T10:52:50Z,85
1871892,South,SANGRUR,Guru Nagar,Unplanned,Closed,2026-06-05T09:27:07Z,2026-06-05T10:52:20Z,85
1871906,Border,SUB URBAN AMRITSAR,Hakima Gate,Unplanned,Closed,2026-06-05T09:25:24Z,2026-06-05T09:40:23Z,14
1871900,North,KAPURTHALA,UPS DALLA,Unplanned,Closed,2026-06-05T09:25:00Z,2026-06-05T10:53:00Z,88
1871894,West,FARIDKOT,HARDIAL NAGAR,Unplanned,Closed,2026-06-05T09:23:00Z,2026-06-05T09:38:00Z,15
1871956,Central,KHANNA,PANJOLA,Unplanned,Closed,2026-06-05T09:20:30Z,2026-06-05T10:51:46Z,91
1871910,Border,GURDASPUR,Hardo Jhande,Unplanned,Closed,2026-06-05T09:20:00Z,2026-06-05T10:05:00Z,45
1871898,Border,GURDASPUR,11KV BUTTER UPS,Unplanned,Closed,2026-06-05T09:20:00Z,2026-06-05T09:40:00Z,20
1871889,South,PATIALA,11 kV Kalarbheni,Unplanned,Closed,2026-06-05T09:20:00Z,2026-06-05T09:50:00Z,30
1871888,North,HOSHIARPUR,Pandori Attwal,Unplanned,Closed,2026-06-05T09:20:00Z,2026-06-05T09:24:00Z,4
1871887,North,HOSHIARPUR,MASTIWAL,Unplanned,Closed,2026-06-05T09:20:00Z,2026-06-05T09:35:00Z,15
1871886,North,HOSHIARPUR,Pandori Attwal,Unplanned,Closed,2026-06-05T09:19:00Z,2026-06-05T09:34:00Z,15
1871885,North,HOSHIARPUR,MASTIWAL,Unplanned,Closed,2026-06-05T09:19:00Z,2026-06-05T09:25:00Z,6
1871883,South,SANGRUR,M K Road,Unplanned,Closed,2026-06-05T09:12:00Z,2026-06-05T10:06:28Z,54
1871884,Central,KHANNA,BAINI,Unplanned,Closed,2026-06-05T09:10:00Z,2026-06-05T10:40:00Z,90
1871882,North,JALANDHAR,SANT RUBBER,Unplanned,Closed,2026-06-05T09:08:00Z,2026-06-05T09:52:00Z,44
1871879,North,JALANDHAR,11 KV JANTA COLONY,Unplanned,Closed,2026-06-05T09:05:54Z,2026-06-05T09:50:00Z,44
1871877,Border,TARN TARAN,THATHIAN UPS,Planned,Closed,2026-06-05T09:05:29Z,2026-06-05T10:35:11Z,89
1871897,Border,GURDASPUR,Dogar Mahesh,Unplanned,Closed,2026-06-05T09:05:00Z,2026-06-05T10:30:00Z,85
1871881,North,NAWANSHAHR,KAMALPUR,Unplanned,Closed,2026-06-05T09:05:00Z,2026-06-05T09:20:00Z,15
1871878,South,PATIALA,Mai Ji Di Saran,Unplanned,Closed,2026-06-05T09:04:00Z,2026-06-05T09:25:00Z,21
1871896,Border,GURDASPUR,Dhidowal,Unplanned,Closed,2026-06-05T09:01:00Z,2026-06-05T10:15:00Z,74
1871895,Border,GURDASPUR,Jio July,Unplanned,Closed,2026-06-05T09:01:00Z,2026-06-05T09:45:00Z,44
1871890,Border,GURDASPUR,DOSTPUR,Unplanned,Closed,2026-06-05T09:01:00Z,2026-06-05T09:50:00Z,49
1871876,South,PATIALA,Kartarpura,Unplanned,Closed,2026-06-05T09:00:00Z,2026-06-05T09:25:00Z,25
1871875,North,KAPURTHALA,UPS NADALI,Unplanned,Closed,2026-06-05T09:00:00Z,2026-06-05T09:50:00Z,50
1871251,East,Zirakpur,HARI PUR HINDUAN,Planned,Closed,2026-06-05T09:00:00Z,2026-06-05T17:00:00Z,480
1871247,East,Zirakpur,HAIBAT PUR RURAL,Planned,Closed,2026-06-05T09:00:00Z,2026-06-05T17:00:00Z,480
1871880,East,Zirakpur,11KV BEHRA FEEDER,Unplanned,Closed,2026-06-05T08:57:02Z,2026-06-05T09:50:14Z,53
1871871,North,HOSHIARPUR,Jallowal,Unplanned,Closed,2026-06-05T08:54:00Z,2026-06-05T09:20:00Z,26
1871873,East,MOHALI,BASMA,Unplanned,Closed,2026-06-05T08:50:00Z,2026-06-05T10:05:45Z,75
1871870,North,KAPURTHALA,Kotu Chownk,Unplanned,Closed,2026-06-05T08:46:00Z,2026-06-05T09:15:00Z,29
1871869,East,Zirakpur,SIMRAN,Unplanned,Closed,2026-06-05T08:43:00Z,2026-06-05T08:53:00Z,10
1871872,North,KAPURTHALA,UPS Partabpura,Unplanned,Closed,2026-06-05T08:40:00Z,2026-06-05T09:00:00Z,20
1871865,North,HOSHIARPUR,11kv Chanour UPS,Unplanned,Closed,2026-06-05T08:38:00Z,2026-06-05T09:15:00Z,37
1871867,Central,CITY EAST LUDHIANA,Harbanspura,Unplanned,Closed,2026-06-05T08:35:00Z,2026-06-05T10:01:00Z,86
1870607,West,BATHINDA,GURTHARI URBAN,Planned,Closed,2026-06-05T08:30:35Z,2026-06-05T09:00:35Z,30
1870606,West,BATHINDA,KHIWA DIALLUWALA,Planned,Closed,2026-06-05T08:30:35Z,2026-06-05T09:00:35Z,30
1871862,Central,KHANNA,Nandi Colony,Unplanned,Closed,2026-06-05T08:30:00Z,2026-06-05T09:35:00Z,65
1871846,Central,CITY WEST LUDHIANA,11 KV Dana Mandi Feeder,Planned,Closed,2026-06-05T08:30:00Z,2026-06-05T10:57:51Z,147
1871845,Central,CITY WEST LUDHIANA,11KV Altos Nagar feeder,Planned,Closed,2026-06-05T08:30:00Z,2026-06-05T10:56:50Z,146
1871835,Central,CITY WEST LUDHIANA,Jawala Singh Chowk,Planned,Closed,2026-06-05T08:30:00Z,2026-06-05T10:57:07Z,147
1871834,Central,CITY WEST LUDHIANA,Feed Fresh,Planned,Closed,2026-06-05T08:30:00Z,2026-06-05T10:56:57Z,146
1871832,Central,CITY WEST LUDHIANA,treatment plant-3,Planned,Closed,2026-06-05T08:30:00Z,2026-06-05T10:56:21Z,146
1871831,Central,CITY WEST LUDHIANA,NEW LAXMI NAGAR,Planned,Closed,2026-06-05T08:30:00Z,2026-06-05T10:56:13Z,146
1871830,Central,CITY WEST LUDHIANA,11KV KARNA INTERNATIONAL,Planned,Closed,2026-06-05T08:30:00Z,2026-06-05T10:56:05Z,146
1871829,Central,CITY WEST LUDHIANA,11KV TREATMENT PLANT,Planned,Closed,2026-06-05T08:30:00Z,2026-06-05T12:41:34Z,251
1871828,Central,CITY WEST LUDHIANA,NEW AJIT NAGAR,Planned,Closed,2026-06-05T08:30:00Z,2026-06-05T12:42:17Z,252
1871826,Central,CITY WEST LUDHIANA,AJIT NAGAR,Planned,Closed,2026-06-05T08:30:00Z,2026-06-05T12:42:50Z,252
1871866,North,JALANDHAR,BASTI NOU (NEW),Unplanned,Closed,2026-06-05T08:28:00Z,2026-06-05T09:40:00Z,72
1871864,Border,GURDASPUR,Dhakki,Unplanned,Closed,2026-06-05T08:27:00Z,2026-06-05T08:49:00Z,22
1871863,Border,GURDASPUR,Dhira,Unplanned,Closed,2026-06-05T08:27:00Z,2026-06-05T08:49:00Z,22
1871859,Border,TARN TARAN,KADD GILL UPS,Unplanned,Closed,2026-06-05T08:20:00Z,2026-06-05T09:25:00Z,65
1871856,North,KAPURTHALA,Nirmal Kutiya,Unplanned,Closed,2026-06-05T08:18:00Z,2026-06-05T09:55:00Z,97
1871874,West,MUKATSAR,Kharanj,Unplanned,Closed,2026-06-05T08:15:00Z,2026-06-05T09:30:00Z,75
1871857,North,HOSHIARPUR,Naurangabad,Unplanned,Closed,2026-06-05T08:15:00Z,2026-06-05T08:35:00Z,20
1871851,Central,KHANNA,DASHMESH (JALALPUR),Unplanned,Closed,2026-06-05T08:15:00Z,2026-06-05T08:26:00Z,11
1871850,Border,GURDASPUR,Taragarh,Unplanned,Closed,2026-06-05T08:14:00Z,2026-06-05T08:47:00Z,33
1871849,Border,GURDASPUR,Saidipur,Unplanned,Closed,2026-06-05T08:14:00Z,2026-06-05T08:47:00Z,33
1871852,Border,GURDASPUR,Bhumbli,Unplanned,Closed,2026-06-05T08:11:00Z,2026-06-05T08:45:00Z,34
1871848,Border,GURDASPUR,Khundi,Unplanned,Closed,2026-06-05T08:11:00Z,2026-06-05T08:45:00Z,34
1871868,Border,SUB URBAN AMRITSAR,PUTLIGHAR,Unplanned,Closed,2026-06-05T08:08:00Z,2026-06-05T10:36:00Z,148
1871847,Border,SUB URBAN AMRITSAR,chah nighan,Unplanned,Closed,2026-06-05T08:04:00Z,2026-06-05T08:44:00Z,40
1871858,Border,GURDASPUR,TRUCK UNION,Unplanned,Closed,2026-06-05T08:01:00Z,2026-06-05T08:55:00Z,54
1871853,West,MUKATSAR,BHANGER KHERA,Unplanned,Closed,2026-06-05T08:00:46Z,2026-06-05T09:56:56Z,116
1871854,West,MUKATSAR,11 KV Punjava Model,Unplanned,Closed,2026-06-05T08:00:45Z,2026-06-05T09:56:32Z,115
1869483,West,BATHINDA,MATTI(URBAN),Planned,Closed,2026-06-05T08:00:08Z,2026-06-05T09:46:08Z,106
1869482,West,BATHINDA,ATLA UPS,Planned,Closed,2026-06-05T08:00:08Z,2026-06-05T09:46:00Z,105
1869481,West,BATHINDA,MOJO KALAN,Planned,Closed,2026-06-05T08:00:08Z,2026-06-05T09:46:00Z,105
1871843,North,JALANDHAR,11KV S A S NAGAR,Unplanned,Closed,2026-06-05T07:59:00Z,2026-06-05T08:46:00Z,47
1871842,North,JALANDHAR,11KV GTB NAGAR,Unplanned,Closed,2026-06-05T07:59:00Z,2026-06-05T08:46:00Z,47
1871855,North,NAWANSHAHR,Bundala Cat-1,Unplanned,Closed,2026-06-05T07:55:00Z,2026-06-05T08:00:00Z,5
1871841,West,FARIDKOT,Kothe Dhaliwal,Unplanned,Closed,2026-06-05T07:54:00Z,2026-06-05T08:34:00Z,40
1871844,Border,GURDASPUR,11 K.V. BOPARAI (UPS),Unplanned,Closed,2026-06-05T07:50:00Z,2026-06-05T08:10:00Z,20
1871839,North,NAWANSHAHR,THOPIA,Unplanned,Closed,2026-06-05T07:50:00Z,2026-06-05T08:10:00Z,20
1871840,North,JALANDHAR,ADARSH NAGAR,Unplanned,Closed,2026-06-05T07:46:00Z,2026-06-05T08:27:00Z,41
1871827,South,BARNALA,WAZIDKE 24 HRS,Planned,Closed,2026-06-05T07:40:00Z,2026-06-05T08:05:00Z,25
1871837,West,FARIDKOT,HARDIAL NAGAR,Unplanned,Closed,2026-06-05T07:37:00Z,2026-06-05T08:54:00Z,77
1871822,North,JALANDHAR,GURU AMAR DASS NAGAR,Unplanned,Closed,2026-06-05T07:36:00Z,2026-06-05T08:01:00Z,25
1871823,West,BATHINDA,MANDI KALAN,Unplanned,Closed,2026-06-05T07:35:00Z,2026-06-05T08:25:00Z,50
1871836,West,BATHINDA,MEHMA,Unplanned,Closed,2026-06-05T07:33:00Z,2026-06-05T09:05:00Z,92
1871838,Central,KHANNA,MALERKOTLA ROAD,Unplanned,Closed,2026-06-05T07:31:00Z,2026-06-05T09:07:00Z,96
1871825,North,JALANDHAR,MALKO,Unplanned,Closed,2026-06-05T07:30:00Z,2026-06-05T08:25:00Z,55
1871833,Border,GURDASPUR,Jugial,Unplanned,Closed,2026-06-05T07:28:00Z,2026-06-05T08:45:00Z,77
1871821,North,HOSHIARPUR,Jallowal,Unplanned,Closed,2026-06-05T07:28:00Z,2026-06-05T08:50:00Z,82
1871818,West,FARIDKOT,HARDIAL NAGAR,Unplanned,Closed,2026-06-05T07:26:00Z,2026-06-05T07:36:00Z,10
1871860,Border,GURDASPUR,SARWALI,Unplanned,Closed,2026-06-05T07:25:00Z,2026-06-05T09:05:00Z,100
1871820,North,NAWANSHAHR,TAKARLA,Unplanned,Closed,2026-06-05T07:25:00Z,2026-06-05T07:50:00Z,25
1871817,Central,KHANNA,DANA MANDI,Planned,Closed,2026-06-05T07:20:00Z,2026-06-05T08:20:00Z,60
1871816,Central,KHANNA,Payal city,Planned,Closed,2026-06-05T07:20:00Z,2026-06-05T08:20:00Z,60
1871815,North,NAWANSHAHR,DUGRI,Unplanned,Closed,2026-06-05T07:18:00Z,2026-06-05T08:05:00Z,47
1871824,North,JALANDHAR,11KV S A S NAGAR,Unplanned,Closed,2026-06-05T07:14:00Z,2026-06-05T07:40:00Z,26
1871812,West,BATHINDA,HAZI  RATAN,Unplanned,Closed,2026-06-05T07:13:00Z,2026-06-05T08:10:00Z,57
1871811,North,HOSHIARPUR,PAKHOWAL,Unplanned,Closed,2026-06-05T07:10:00Z,2026-06-05T07:25:00Z,15
1871809,West,FARIDKOT,MOUR URBAN,Unplanned,Closed,2026-06-05T07:08:00Z,2026-06-05T07:20:00Z,12
1871814,Central,KHANNA,kherinoudhsingh,Unplanned,Closed,2026-06-05T07:06:00Z,2026-06-05T09:12:00Z,126
1871806,Border,GURDASPUR,SIDHWAN,Unplanned,Closed,2026-06-05T07:05:00Z,2026-06-05T11:15:00Z,250
1871805,North,NAWANSHAHR,Nagar,Unplanned,Closed,2026-06-05T07:05:00Z,2026-06-05T08:20:00Z,75
1871819,West,BATHINDA,DEPTU,Planned,Closed,2026-06-05T07:00:00Z,2026-06-05T08:31:00Z,91
1871800,East,Zirakpur,SHYAM INDOSPIN,Unplanned,Closed,2026-06-05T06:58:00Z,2026-06-05T07:30:00Z,32
1872418,Central,CITY WEST LUDHIANA,Ferozpur Road,Unplanned,Closed,2026-06-05T06:56:21Z,2026-06-05T07:30:26Z,34
1871801,West,BATHINDA,Nandh garh,Unplanned,Closed,2026-06-05T06:55:00Z,2026-06-05T08:25:00Z,90
1871810,Border,GURDASPUR,Dulla Nangal,Unplanned,Closed,2026-06-05T06:50:00Z,2026-06-05T08:45:00Z,115
1871804,Border,GURDASPUR,Jafferwal,Unplanned,Closed,2026-06-05T06:50:00Z,2026-06-05T07:20:00Z,30
1871798,Border,GURDASPUR,KOT BHALLA,Unplanned,Closed,2026-06-05T06:48:00Z,2026-06-05T07:33:00Z,45
1871796,Border,GURDASPUR,SADANA,Unplanned,Closed,2026-06-05T06:48:00Z,2026-06-05T07:33:00Z,45
1871813,West,MUKATSAR,Sikhwala Urban,Unplanned,Closed,2026-06-05T06:40:00Z,2026-06-05T07:50:00Z,70
1871799,West,FARIDKOT,11kv Bagaan Wala,Unplanned,Closed,2026-06-05T06:35:00Z,2026-06-05T08:30:00Z,115
1871797,North,JALANDHAR,MOKHE,Unplanned,Closed,2026-06-05T06:35:00Z,2026-06-05T07:15:00Z,40
1871795,West,FEROZPUR,HABIB WALA,Unplanned,Closed,2026-06-05T06:35:00Z,2026-06-05T06:55:00Z,20
1871784,Central,CITY WEST LUDHIANA,NEW JANTA NAGAR,Unplanned,Closed,2026-06-05T06:30:33Z,2026-06-05T07:09:39Z,39
1871782,Border,SUB URBAN AMRITSAR,Mallan Wali,Unplanned,Closed,2026-06-05T06:25:00Z,2026-06-05T06:45:00Z,20
1871792,South,SANGRUR,11KV UPS DHARMGARH,Unplanned,Closed,2026-06-05T06:20:00Z,2026-06-05T06:51:00Z,31
1871783,Border,TARN TARAN,BHOEWAL,Unplanned,Closed,2026-06-05T06:20:00Z,2026-06-05T08:20:00Z,120
1871794,East,MOHALI,BANUR URBAN 3,Planned,Closed,2026-06-05T06:18:00Z,2026-06-05T06:51:00Z,33
1871793,East,MOHALI,TEPLA ROAD BANUR,Planned,Closed,2026-06-05T06:18:00Z,2026-06-05T06:51:00Z,33
1872063,South,SANGRUR,11 KV BAKSHIWALA AP(66 KV SUNAM),Unplanned,Closed,2026-06-05T06:11:40Z,2026-06-05T06:12:50Z,1
1871807,Border,GURDASPUR,Abdal,Unplanned,Closed,2026-06-05T06:10:00Z,2026-06-05T07:40:00Z,90
1871777,West,FARIDKOT,INDUSTRIAL,Unplanned,Closed,2026-06-05T06:08:00Z,2026-06-05T08:35:38Z,147
1871781,North,JALANDHAR,11 kv CHILDERN PARK NO. 1,Unplanned,Closed,2026-06-05T06:05:00Z,2026-06-05T10:10:00Z,245
1871780,Border,GURDASPUR,11KV DHANDE AP,Unplanned,Closed,2026-06-05T06:05:00Z,2026-06-05T08:20:00Z,135
1871776,Border,GURDASPUR,Nanak nagal,Unplanned,Closed,2026-06-05T06:05:00Z,2026-06-05T08:10:00Z,125
1871779,West,FARIDKOT,JANDSAHIB UPS,Unplanned,Closed,2026-06-05T05:57:00Z,2026-06-05T06:20:27Z,23
1871772,East,ROPAR,BHAINI,Unplanned,Closed,2026-06-05T05:52:00Z,2026-06-05T06:20:03Z,28
1871775,West,FARIDKOT,11 KV BOUDE-UPS,Unplanned,Closed,2026-06-05T05:51:00Z,2026-06-05T07:30:00Z,99
1871778,Border,GURDASPUR,Cheema Khuddi,Unplanned,Closed,2026-06-05T05:50:00Z,2026-06-05T06:40:00Z,50
1871771,South,SANGRUR,Khokhar UPS,Unplanned,Closed,2026-06-05T05:50:00Z,2026-06-05T07:15:00Z,85
1871774,East,Zirakpur,URBAN-3 DERABASSI,Unplanned,Closed,2026-06-05T05:49:01Z,2026-06-05T06:15:10Z,26
1871770,South,PATIALA,Mai Ji Di Saran,Unplanned,Closed,2026-06-05T05:48:42Z,2026-06-05T07:14:46Z,86
1871769,South,SANGRUR,24 HRS. DASKA,Unplanned,Closed,2026-06-05T05:45:00Z,2026-06-05T07:05:00Z,80
1871742,South,PATIALA,Quila Chowk,Unplanned,Closed,2026-06-05T05:37:31Z,2026-06-05T06:22:27Z,44
1871741,West,FARIDKOT,INDUSTRIAL,Unplanned,Closed,2026-06-05T05:35:00Z,2026-06-05T06:00:00Z,25
1871764,West,MUKATSAR,Namdev Nagar,Unplanned,Closed,2026-06-05T05:32:53Z,2026-06-05T06:02:17Z,29
1871763,West,MUKATSAR,New Civil Hospital (Hot Line),Unplanned,Closed,2026-06-05T05:32:53Z,2026-06-05T06:02:21Z,29
1871762,West,MUKATSAR,Roj Avenue,Unplanned,Closed,2026-06-05T05:32:53Z,2026-06-05T06:02:27Z,29
1871761,West,MUKATSAR,Gandhi Nagar,Unplanned,Closed,2026-06-05T05:32:53Z,2026-06-05T06:02:25Z,29
1871760,West,MUKATSAR,Shakti Nagar,Unplanned,Closed,2026-06-05T05:32:53Z,2026-06-05T06:02:45Z,29
1871759,West,MUKATSAR,Bikaneri Road,Unplanned,Closed,2026-06-05T05:32:53Z,2026-06-05T06:01:49Z,28
1871758,West,MUKATSAR,Odda Basti,Unplanned,Closed,2026-06-05T05:32:53Z,2026-06-05T06:02:56Z,30
1871757,West,MUKATSAR,Abohar Road,Unplanned,Closed,2026-06-05T05:32:49Z,2026-06-05T06:02:09Z,29
1871756,West,MUKATSAR,Salemshah UPS,Unplanned,Closed,2026-06-05T05:32:49Z,2026-06-05T06:01:19Z,28
1871755,West,MUKATSAR,Gaushala,Unplanned,Closed,2026-06-05T05:32:49Z,2026-06-05T06:01:55Z,29
1871754,West,MUKATSAR,Ferozepur Road,Unplanned,Closed,2026-06-05T05:32:49Z,2026-06-05T06:01:36Z,28
1871753,West,MUKATSAR,Basti Hazoor Singh,Unplanned,Closed,2026-06-05T05:32:49Z,2026-06-05T06:02:52Z,30
1871752,West,MUKATSAR,BOP Mauzam Forward,Unplanned,Closed,2026-06-05T05:32:49Z,2026-06-05T06:01:09Z,28
1871751,West,MUKATSAR,Civil Line,Unplanned,Closed,2026-06-05T05:32:49Z,2026-06-05T06:02:23Z,29
1871750,West,MUKATSAR,Sampuran Agriventure,Unplanned,Closed,2026-06-05T05:32:49Z,2026-06-05T06:02:23Z,29
1871749,West,MUKATSAR,Milltry,Unplanned,Closed,2026-06-05T05:32:49Z,2026-06-05T06:01:12Z,28
1871748,West,MUKATSAR,Town,Unplanned,Closed,2026-06-05T05:32:49Z,2026-06-05T06:02:36Z,29
1871747,West,MUKATSAR,Adarsh Nagar,Unplanned,Closed,2026-06-05T05:32:49Z,2026-06-05T06:02:48Z,29
1871746,West,MUKATSAR,CANT ROAD,Unplanned,Closed,2026-06-05T05:32:49Z,2026-06-05T06:02:55Z,30
1871745,West,MUKATSAR,Malout Road,Unplanned,Closed,2026-06-05T05:32:49Z,2026-06-05T06:03:36Z,30
1871744,West,MUKATSAR,M.R. Enclave,Unplanned,Closed,2026-06-05T05:32:49Z,2026-06-05T06:02:07Z,29
1871743,West,MUKATSAR,Civil Hospital,Unplanned,Closed,2026-06-05T05:32:49Z,2026-06-05T06:02:13Z,29
1871768,West,MUKATSAR,Sajrana UPS,Unplanned,Closed,2026-06-05T05:32:08Z,2026-06-05T06:02:30Z,30
1871767,West,MUKATSAR,UPS Korian Wali,Unplanned,Closed,2026-06-05T05:32:08Z,2026-06-05T06:02:45Z,30
1871766,West,MUKATSAR,BAN WALA URBAN,Unplanned,Closed,2026-06-05T05:32:08Z,2026-06-05T06:02:40Z,30
1871765,West,MUKATSAR,Madhav Nagri,Unplanned,Closed,2026-06-05T05:32:08Z,2026-06-05T06:02:59Z,30
1871773,Border,GURDASPUR,Hardo Jhande,Unplanned,Closed,2026-06-05T05:30:00Z,2026-06-05T07:00:00Z,90
1871739,West,BATHINDA,GURU NANAK PURA,Unplanned,Closed,2026-06-05T05:25:00Z,2026-06-05T06:15:00Z,50
1871737,Border,SUB URBAN AMRITSAR,TALLAY,Unplanned,Closed,2026-06-05T05:24:08Z,2026-06-05T07:40:00Z,135
1871738,North,HOSHIARPUR,MANJPUR,Unplanned,Closed,2026-06-05T05:20:00Z,2026-06-05T05:45:00Z,25
1871736,East,Zirakpur,SUNNY ENCLAVE,Unplanned,Closed,2026-06-05T05:15:00Z,2026-06-05T06:05:00Z,50
1871740,Border,SUB URBAN AMRITSAR,Urban Jandiala,Unplanned,Closed,2026-06-05T05:10:00Z,2026-06-05T06:50:00Z,100
1871735,West,MUKATSAR,11 KV GADDAN DOB,Unplanned,Closed,2026-06-05T05:09:00Z,2026-06-05T05:21:00Z,12
1871734,West,MUKATSAR,11 KV TAJA PATTI,Unplanned,Closed,2026-06-05T05:09:00Z,2026-06-05T05:21:00Z,12
1871733,West,MUKATSAR,11 KV RATTA TIBBA,Unplanned,Closed,2026-06-05T05:09:00Z,2026-06-05T05:21:00Z,12
1871728,North,HOSHIARPUR,SALLAN,Unplanned,Closed,2026-06-05T04:50:00Z,2026-06-05T05:50:00Z,60
1871727,West,MUKATSAR,Sikhwala Urban,Unplanned,Closed,2026-06-05T04:40:00Z,2026-06-05T05:15:00Z,35
1871726,Central,CITY EAST LUDHIANA,GURU NANAK DEV NAGAR,Unplanned,Closed,2026-06-05T04:24:00Z,2026-06-05T05:59:00Z,95
1871808,Border,GURDASPUR,DOGER,Unplanned,Closed,2026-06-05T04:16:00Z,2026-06-05T07:30:00Z,194
1871732,Border,GURDASPUR,Natt,Unplanned,Closed,2026-06-05T04:15:00Z,2026-06-05T08:35:00Z,260
1871725,Central,CITY EAST LUDHIANA,FOCAL POINT,Unplanned,Closed,2026-06-05T04:05:56Z,2026-06-05T05:08:23Z,62
1871724,Central,CITY EAST LUDHIANA,CENTRAL JAIL,Unplanned,Closed,2026-06-05T04:05:04Z,2026-06-05T04:21:06Z,16
1871731,Border,GURDASPUR,Vero Nangal,Unplanned,Closed,2026-06-05T04:03:00Z,2026-06-05T08:20:00Z,257
1871730,Border,GURDASPUR,11 KV Gande Ke Chone,Unplanned,Closed,2026-06-05T04:03:00Z,2026-06-05T05:07:00Z,64
1871719,Border,GURDASPUR,Gatta Factory,Unplanned,Closed,2026-06-05T04:00:00Z,2026-06-05T05:40:00Z,100
1871729,North,KAPURTHALA,CHANNIA UPS,Unplanned,Closed,2026-06-05T03:55:00Z,2026-06-05T03:58:00Z,3
1871716,South,SANGRUR,11 KV Nagri UPS,Unplanned,Closed,2026-06-05T03:30:00Z,2026-06-05T04:35:00Z,65
1871712,North,JALANDHAR,PAP,Unplanned,Closed,2026-06-05T03:30:00Z,2026-06-05T03:54:00Z,24
1871717,East,MOHALI,TDI 2,Unplanned,Closed,2026-06-05T03:26:00Z,2026-06-05T04:37:00Z,71
1871718,South,SANGRUR,CAT-- 1 MAKORAR SAHIB,Unplanned,Closed,2026-06-05T03:25:00Z,2026-06-05T05:10:00Z,105
1871715,North,JALANDHAR,HOUSING BOARD,Unplanned,Closed,2026-06-05T03:20:00Z,2026-06-05T05:45:00Z,145
1871714,West,BATHINDA,Budhlada Road,Unplanned,Closed,2026-06-05T03:15:00Z,2026-06-05T04:15:00Z,60
1871713,South,SANGRUR,BIJALPUR UPS,Unplanned,Closed,2026-06-05T03:15:00Z,2026-06-05T05:25:00Z,130
1871711,West,MUKATSAR,Ladhuka,Unplanned,Closed,2026-06-05T03:01:00Z,2026-06-05T04:21:57Z,80
1871710,West,FARIDKOT,HARDIAL NAGAR,Unplanned,Closed,2026-06-05T02:37:00Z,2026-06-05T03:20:00Z,43
1871708,North,NAWANSHAHR,11KV UPS BAKHLOUR,Unplanned,Closed,2026-06-05T02:25:00Z,2026-06-05T02:55:00Z,30
1871709,East,Zirakpur,KALKA ROAD,Planned,Closed,2026-06-05T02:02:00Z,2026-06-05T02:55:00Z,53
1871697,North,JALANDHAR,GANDHI NAGAR,Unplanned,Closed,2026-06-05T01:55:00Z,2026-06-05T04:35:00Z,160
1871707,Border,TARN TARAN,24 Hur. Sohal,Unplanned,Closed,2026-06-05T01:50:00Z,2026-06-05T05:30:00Z,220
1871706,East,MOHALI,11 KV Sec-60 C,Unplanned,Closed,2026-06-05T01:48:00Z,2026-06-05T02:35:00Z,47
1871705,East,MOHALI,60-A,Unplanned,Closed,2026-06-05T01:48:00Z,2026-06-05T02:35:00Z,47
1871700,East,MOHALI,SEC-68,Unplanned,Closed,2026-06-05T01:40:00Z,2026-06-05T02:10:00Z,30
1871695,Central,KHANNA,Khanyan Road,Unplanned,Closed,2026-06-05T01:38:00Z,2026-06-05T03:04:00Z,86
1871694,Border,GURDASPUR,Dhira,Unplanned,Closed,2026-06-05T01:30:00Z,2026-06-05T02:15:00Z,45
1871693,Border,GURDASPUR,Shah Colony,Unplanned,Closed,2026-06-05T01:24:00Z,2026-06-05T01:54:00Z,30
1871701,West,MUKATSAR,Sohnewala,Unplanned,Closed,2026-06-05T01:23:00Z,2026-06-05T03:13:00Z,110
1871689,North,NAWANSHAHR,SADHOWAL,Unplanned,Closed,2026-06-05T01:20:00Z,2026-06-05T01:58:00Z,38
1871688,South,SANGRUR,Patran Road,Unplanned,Closed,2026-06-05T01:15:00Z,2026-06-05T02:45:00Z,90
1871690,East,MOHALI,SEC-69,Unplanned,Closed,2026-06-05T01:14:00Z,2026-06-05T01:42:00Z,28
1871687,West,FEROZPUR,SODHI NAGAR,Unplanned,Closed,2026-06-05T01:05:00Z,2026-06-05T06:15:00Z,310
1871684,West,MUKATSAR,Khuddian,Unplanned,Closed,2026-06-05T01:05:00Z,2026-06-05T02:20:00Z,75
1871686,West,MUKATSAR,11 KV SARDARPURA UPS,Unplanned,Closed,2026-06-05T01:02:00Z,2026-06-05T03:45:00Z,163
1871720,Border,TARN TARAN,UPS TALWANDI BUDH SINGH,Unplanned,Closed,2026-06-05T01:00:00Z,2026-06-05T04:10:35Z,190
1871683,East,MOHALI,TEPLA ROAD BANUR,Unplanned,Closed,2026-06-05T00:56:00Z,2026-06-05T01:06:00Z,10
1871682,East,MOHALI,BANUR URBAN 3,Unplanned,Closed,2026-06-05T00:56:00Z,2026-06-05T01:06:00Z,10
1871704,West,MUKATSAR,Kharanj,Unplanned,Closed,2026-06-05T00:55:00Z,2026-06-05T06:20:00Z,325
1871692,West,MUKATSAR,Zorki Andhe Walli,Unplanned,Closed,2026-06-05T00:54:06Z,2026-06-05T02:13:17Z,79
1871691,West,MUKATSAR,KHEOWALA UPS,Unplanned,Closed,2026-06-05T00:54:06Z,2026-06-05T02:13:07Z,79
1871681,East,MOHALI,11KV 66B,Unplanned,Closed,2026-06-05T00:54:00Z,2026-06-05T01:15:00Z,21
1871679,Border,TARN TARAN,UPS KHARA,Unplanned,Closed,2026-06-05T00:53:48Z,2026-06-05T04:40:00Z,226
1871703,West,MUKATSAR,Nand Garh,Unplanned,Closed,2026-06-05T00:50:00Z,2026-06-05T05:53:00Z,303
1871702,West,MUKATSAR,Lakhewali(Urban),Unplanned,Closed,2026-06-05T00:50:00Z,2026-06-05T05:53:00Z,303
1871680,North,HOSHIARPUR,JAIJON,Unplanned,Closed,2026-06-05T00:50:00Z,2026-06-05T00:59:00Z,9
1871678,East,Zirakpur,11 kv Japuria Feeder,Unplanned,Closed,2026-06-05T00:45:00Z,2026-06-05T02:40:00Z,115
1871677,Border,SUB URBAN AMRITSAR,11 kv New Greenland,Unplanned,Closed,2026-06-05T00:44:00Z,2026-06-05T00:58:00Z,14
1871675,South,PATIALA,New Lal Bagh,Unplanned,Closed,2026-06-05T00:39:31Z,2026-06-05T01:18:25Z,38
1871676,East,MOHALI,Jandpur Water Works,Unplanned,Closed,2026-06-05T00:39:29Z,2026-06-05T00:50:42Z,11
1871699,West,MUKATSAR,11KV New Jallalabad Road.,Unplanned,Closed,2026-06-05T00:34:00Z,2026-06-05T03:50:00Z,196
1871669,Border,GURDASPUR,Najo Chack,Unplanned,Closed,2026-06-05T00:31:00Z,2026-06-05T01:05:00Z,34
1871672,West,MUKATSAR,11 KV Malookpura UPS,Unplanned,Closed,2026-06-05T00:30:00Z,2026-06-05T02:16:00Z,106
1871667,East,MOHALI,SEC 63,Unplanned,Closed,2026-06-05T00:25:00Z,2026-06-05T00:50:00Z,25
1871671,Central,KHANNA,Civil Hospital,Unplanned,Closed,2026-06-05T00:22:00Z,2026-06-05T01:57:00Z,95
1871661,South,BARNALA,PHARWAHI ROAD,Unplanned,Closed,2026-06-05T00:20:00Z,2026-06-05T05:55:00Z,335
1871698,Border,GURDASPUR,HARDARWAL KALAN,Unplanned,Closed,2026-06-05T00:18:00Z,2026-06-05T07:45:00Z,447
1871668,South,PATIALA,SYL,Unplanned,Closed,2026-06-05T00:18:00Z,2026-06-05T00:40:00Z,22
1871665,South,PATIALA,UPS 3-Wire Shambhu,Unplanned,Closed,2026-06-05T00:17:00Z,2026-06-05T00:45:00Z,28
1871662,North,JALANDHAR,11KV HOUSING BOARD,Unplanned,Closed,2026-06-05T00:16:00Z,2026-06-05T00:30:00Z,14
1871664,South,PATIALA,UPS MUGAL SARAI,Unplanned,Closed,2026-06-05T00:15:00Z,2026-06-05T01:10:00Z,55
1871696,West,BATHINDA,BAGHA,Unplanned,Closed,2026-06-05T00:10:00Z,2026-06-05T04:02:00Z,232
1871660,East,Zirakpur,BIG BAZAAR,Unplanned,Closed,2026-06-05T00:08:00Z,2026-06-05T00:32:00Z,24
1871659,East,Zirakpur,PANCHSHEEL,Unplanned,Closed,2026-06-05T00:05:00Z,2026-06-05T01:05:00Z,60
1871653,Central,CITY EAST LUDHIANA,KUMAR AUTO,Unplanned,Closed,2026-06-05T00:02:35Z,2026-06-05T00:58:44Z,56
1871652,Border,GURDASPUR,Azizpur,Unplanned,Closed,2026-06-05T00:01:00Z,2026-06-05T00:15:00Z,14
1871673,Border,SUB URBAN AMRITSAR,Mallan Wali,Unplanned,Closed,2026-06-05T00:00:00Z,2026-06-05T01:40:00Z,100
1871658,Border,SUB URBAN AMRITSAR,GUMTALA,Unplanned,Closed,2026-06-05T00:00:00Z,2026-06-05T01:40:00Z,100
1871651,West,BATHINDA,KOT GURU,Unplanned,Closed,2026-06-04T23:55:53Z,2026-06-05T04:22:00Z,266
1871666,Border,GURDASPUR,URBAN FATEHGARH CHURIAN FEEDER,Unplanned,Closed,2026-06-04T23:55:00Z,2026-06-05T00:50:00Z,55
1871645,North,JALANDHAR,11KV LAXMI PURA,Unplanned,Closed,2026-06-04T23:53:00Z,2026-06-05T00:24:00Z,31
1871650,West,MUKATSAR,Sajrana UPS,Unplanned,Closed,2026-06-04T23:51:34Z,2026-06-05T00:35:00Z,43
1871649,West,MUKATSAR,UPS Korian Wali,Unplanned,Closed,2026-06-04T23:51:34Z,2026-06-05T00:35:24Z,43
1871648,West,MUKATSAR,BAN WALA URBAN,Unplanned,Closed,2026-06-04T23:51:34Z,2026-06-05T00:35:34Z,44
1871647,West,MUKATSAR,Madhav Nagri,Unplanned,Closed,2026-06-04T23:51:34Z,2026-06-05T00:35:02Z,43
1871657,West,MUKATSAR,Zorki Andhe Walli,Unplanned,Closed,2026-06-04T23:50:57Z,2026-06-05T00:53:52Z,62
1871656,West,MUKATSAR,KHEOWALA UPS,Unplanned,Closed,2026-06-04T23:50:57Z,2026-06-05T00:53:04Z,62
1871655,West,MUKATSAR,Chimne Wala urban Cat 1,Unplanned,Closed,2026-06-04T23:50:57Z,2026-06-05T00:50:41Z,59
1871654,West,MUKATSAR,Hauz Khas,Unplanned,Closed,2026-06-04T23:50:57Z,2026-06-05T00:50:03Z,59
1871646,North,HOSHIARPUR,RAMGHAR,Unplanned,Closed,2026-06-04T23:50:00Z,2026-06-05T00:20:00Z,30
1871644,North,NAWANSHAHR,CITY II,Unplanned,Closed,2026-06-04T23:50:00Z,2026-06-05T00:05:00Z,15
1871637,Central,CITY EAST LUDHIANA,33 Feet Road,Unplanned,Closed,2026-06-04T23:48:07Z,2026-06-05T00:47:33Z,59
1871636,West,MUKATSAR,Rana UPS No. 1,Unplanned,Closed,2026-06-04T23:46:24Z,2026-06-05T00:40:00Z,53
1871635,West,MUKATSAR,UPS No. 2 Rana,Unplanned,Closed,2026-06-04T23:46:24Z,2026-06-05T00:40:24Z,54
1871639,West,MUKATSAR,Dhani  bulla  ram,Unplanned,Closed,2026-06-04T23:46:21Z,2026-06-05T00:33:52Z,47
1871638,West,MUKATSAR,Theh Qalander,Unplanned,Closed,2026-06-04T23:46:21Z,2026-06-05T00:33:22Z,47
1871643,West,MUKATSAR,Railway  road  ladhuka  mandi,Unplanned,Closed,2026-06-04T23:45:24Z,2026-06-05T00:45:03Z,59
1871642,West,MUKATSAR,Ladhuka,Unplanned,Closed,2026-06-04T23:45:24Z,2026-06-05T00:45:15Z,59
1871641,West,MUKATSAR,Fatehgarh,Unplanned,Closed,2026-06-04T23:45:24Z,2026-06-05T00:45:03Z,59
1871640,West,MUKATSAR,Noor Samand,Unplanned,Closed,2026-06-04T23:45:24Z,2026-06-05T00:45:10Z,59
1871632,West,MUKATSAR,Mahatam Nagar,Unplanned,Closed,2026-06-04T23:35:32Z,2026-06-05T00:20:44Z,45
1871631,North,HOSHIARPUR,DEVIDASS,Unplanned,Closed,2026-06-04T23:35:00Z,2026-06-05T00:15:00Z,40
1871685,Border,SUB URBAN AMRITSAR,Hakima Gate,Unplanned,Closed,2026-06-04T23:30:00Z,2026-06-05T02:00:00Z,150
1871633,North,JALANDHAR,Dhadde,Unplanned,Closed,2026-06-04T23:30:00Z,2026-06-04T23:50:00Z,20
1871628,North,HOSHIARPUR,SUKCHAINPUR,Unplanned,Closed,2026-06-04T23:25:00Z,2026-06-04T23:45:00Z,20
1871629,East,MOHALI,60-A,Unplanned,Closed,2026-06-04T23:22:00Z,2026-06-05T00:20:36Z,58
1871626,North,HOSHIARPUR,SALLAN,Unplanned,Closed,2026-06-04T23:22:00Z,2026-06-04T23:59:00Z,37
1871625,East,MOHALI,64-C,Unplanned,Closed,2026-06-04T23:20:00Z,2026-06-04T23:59:00Z,39
1871627,West,FEROZPUR,Maste ke,Unplanned,Closed,2026-06-04T23:17:00Z,2026-06-05T05:25:00Z,368
1871621,Central,CITY WEST LUDHIANA,SHIMLA PURI FEEDER,Unplanned,Closed,2026-06-04T23:16:38Z,2026-06-04T23:50:53Z,34
1871622,East,ROPAR,11 KV Bharatgarh,Unplanned,Closed,2026-06-04T23:05:58Z,2026-06-04T23:25:27Z,19
1871630,South,PATIALA,MARDAHERI,Unplanned,Closed,2026-06-04T23:05:00Z,2026-06-05T06:45:00Z,460
1871624,North,HOSHIARPUR,11 kv Mansoorpur,Unplanned,Closed,2026-06-04T23:05:00Z,2026-06-04T23:20:00Z,15
1871606,North,HOSHIARPUR,Model Town,Unplanned,Closed,2026-06-04T23:05:00Z,2026-06-04T23:30:00Z,25
1871597,North,HOSHIARPUR,RAILWAY ROAD MUKERIAN,Unplanned,Closed,2026-06-04T23:05:00Z,2026-06-04T23:40:00Z,35
1871618,East,Zirakpur,BEGAMPURA,Unplanned,Closed,2026-06-04T23:02:00Z,2026-06-04T23:15:00Z,13
1871586,East,MOHALI,JANTI DEVI,Unplanned,Closed,2026-06-04T23:02:00Z,2026-06-04T23:50:00Z,48
1871634,Border,GURDASPUR,Daburji,Unplanned,Closed,2026-06-04T23:00:00Z,2026-06-05T00:05:00Z,65
1871584,West,FEROZPUR,Badhni Jaimal Singh,Unplanned,Closed,2026-06-04T23:00:00Z,2026-06-05T06:10:00Z,430
1871674,East,ROPAR,CHATAULI,Unplanned,Closed,2026-06-04T22:56:00Z,2026-06-04T23:40:00Z,44
1871623,Central,KHANNA,Chander Lok,Unplanned,Closed,2026-06-04T22:55:00Z,2026-06-05T00:20:00Z,85
1871579,East,ROPAR,11 KV Gajhpur,Unplanned,Closed,2026-06-04T22:50:19Z,2026-06-04T23:14:27Z,24
1871578,Central,KHANNA,MANGARH ROAD,Unplanned,Closed,2026-06-04T22:47:00Z,2026-06-04T23:14:00Z,27
1871576,North,HOSHIARPUR,LAROYA,Unplanned,Closed,2026-06-04T22:46:00Z,2026-06-04T23:03:00Z,17
1871575,North,HOSHIARPUR,KHARDEHER,Unplanned,Closed,2026-06-04T22:46:00Z,2026-06-04T23:03:00Z,17
1871572,East,MOHALI,11kv SIAU,Unplanned,Closed,2026-06-04T22:46:00Z,2026-06-04T23:18:00Z,32
1871571,East,MOHALI,11KV Shivalik,Unplanned,Closed,2026-06-04T22:44:30Z,2026-06-05T00:35:30Z,111
1871570,East,MOHALI,GMADA  water works,Unplanned,Closed,2026-06-04T22:44:30Z,2026-06-05T00:35:38Z,111
1871569,East,MOHALI,11KV AIRPORT ROAD,Unplanned,Closed,2026-06-04T22:44:30Z,2026-06-05T00:44:30Z,120
1871568,East,MOHALI,11kV Sector-123,Unplanned,Closed,2026-06-04T22:44:30Z,2026-06-05T00:35:28Z,110
1871567,East,MOHALI,JHAMPUR FEEDER,Unplanned,Closed,2026-06-04T22:44:30Z,2026-06-05T00:35:18Z,110
1871566,East,MOHALI,11KV Desumajra,Unplanned,Closed,2026-06-04T22:44:30Z,2026-06-05T00:35:30Z,111
1871565,East,MOHALI,11 KV Air Force,Unplanned,Closed,2026-06-04T22:44:30Z,2026-06-05T00:35:30Z,111
1871564,East,MOHALI,11KV MANANA,Unplanned,Closed,2026-06-04T22:44:30Z,2026-06-05T00:35:30Z,111
1871563,East,MOHALI,11KV JAND PUR,Unplanned,Closed,2026-06-04T22:44:30Z,2026-06-05T00:35:30Z,111
1871562,East,MOHALI,Commercial Complex,Unplanned,Closed,2026-06-04T22:44:30Z,2026-06-05T00:35:30Z,111
1871561,East,MOHALI,11 KV New Sunny,Unplanned,Closed,2026-06-04T22:44:30Z,2026-06-05T00:36:30Z,112
1871555,Border,CITY AMRITSAR,CANAL OFFICE,Unplanned,Closed,2026-06-04T22:42:06Z,2026-06-04T22:58:00Z,15
1871560,East,ROPAR,11 KV Sarsa Nangal,Unplanned,Closed,2026-06-04T22:40:08Z,2026-06-04T23:10:09Z,30
1871559,East,ROPAR,11 KV Bharatgarh,Unplanned,Closed,2026-06-04T22:40:08Z,2026-06-04T23:04:09Z,24
1871558,East,ROPAR,11 KV Kakrala,Unplanned,Closed,2026-06-04T22:40:08Z,2026-06-04T23:35:00Z,54
1871585,East,MOHALI,Rubber Plant,Unplanned,Closed,2026-06-04T22:35:00Z,2026-06-04T23:26:00Z,51
1871583,East,MOHALI,Industrial,Unplanned,Closed,2026-06-04T22:35:00Z,2026-06-04T23:16:52Z,41
1871557,South,BARNALA,BANBHOURA,Unplanned,Closed,2026-06-04T22:32:00Z,2026-06-04T23:20:16Z,48
1871556,South,BARNALA,BANBHOURA CAT.1,Unplanned,Closed,2026-06-04T22:32:00Z,2026-06-04T23:20:00Z,48
1871548,East,ROPAR,11KV Belian UPS FEEDER,Unplanned,Closed,2026-06-04T22:30:43Z,2026-06-04T23:30:19Z,59
1871670,East,ROPAR,Barsalpur,Unplanned,Closed,2026-06-04T22:30:00Z,2026-06-04T23:45:00Z,75
1871574,Border,SUB URBAN AMRITSAR,Bhalla Colony,Unplanned,Closed,2026-06-04T22:30:00Z,2026-06-04T23:11:00Z,41
1871553,West,BATHINDA,INDUSTRIAL,Unplanned,Closed,2026-06-04T22:30:00Z,2026-06-04T22:50:00Z,20
1871552,Border,TARN TARAN,NAURANGABAD UPS,Unplanned,Closed,2026-06-04T22:30:00Z,2026-06-04T23:18:00Z,48
1871550,South,PATIALA,UPS PAWALA,Unplanned,Closed,2026-06-04T22:30:00Z,2026-06-04T23:45:00Z,75
1871549,East,ROPAR,HIYATPUR,Unplanned,Closed,2026-06-04T22:26:43Z,2026-06-04T22:46:19Z,19
1871554,South,SANGRUR,11 KV CHEEMA URBAN,Unplanned,Closed,2026-06-04T22:26:00Z,2026-06-04T23:14:00Z,48
1871542,North,JALANDHAR,Guru Nanak Nagar,Unplanned,Closed,2026-06-04T22:26:00Z,2026-06-04T22:38:00Z,12
1871545,East,ROPAR,SWARA,Unplanned,Closed,2026-06-04T22:25:34Z,2026-06-04T22:50:54Z,25
1871546,East,ROPAR,11 KV Gajhpur,Unplanned,Closed,2026-06-04T22:24:34Z,2026-06-04T22:49:19Z,24
1871539,North,NAWANSHAHR,11KV GUJJARPUR,Unplanned,Closed,2026-06-04T22:22:00Z,2026-06-04T22:32:00Z,10
1871537,North,NAWANSHAHR,CITY GARHSHANKAR-2,Unplanned,Closed,2026-06-04T22:21:00Z,2026-06-04T22:51:00Z,30
1871577,Border,GURDASPUR,College,Unplanned,Closed,2026-06-04T22:20:00Z,2026-06-04T23:30:00Z,70
1871547,East,Zirakpur,ZIRAKPUR-1,Planned,Closed,2026-06-04T22:20:00Z,2026-06-04T22:35:00Z,15
1871544,East,Zirakpur,SAVITRYGREEN,Planned,Closed,2026-06-04T22:20:00Z,2026-06-04T22:35:00Z,15
1871538,Central,KHANNA,Sahpur,Unplanned,Closed,2026-06-04T22:20:00Z,2026-06-05T08:20:00Z,600
1871543,East,ROPAR,Bassi,Unplanned,Closed,2026-06-04T22:15:45Z,2026-06-04T22:55:09Z,39
1871532,East,ROPAR,Bhatton,Unplanned,Closed,2026-06-04T22:15:45Z,2026-06-04T22:30:59Z,15
1871531,East,ROPAR,SRAIN,Unplanned,Closed,2026-06-04T22:15:45Z,2026-06-04T22:30:00Z,14
1871530,East,ROPAR,ABIANA,Unplanned,Closed,2026-06-04T22:15:45Z,2026-06-04T22:30:21Z,14
1871529,East,ROPAR,TIBBA TAPPRIAN,Unplanned,Closed,2026-06-04T22:15:45Z,2026-06-04T22:30:45Z,15
1871528,East,ROPAR,BAINS,Unplanned,Closed,2026-06-04T22:15:45Z,2026-06-04T22:30:00Z,14
1871526,East,ROPAR,JHANDIAN,Unplanned,Closed,2026-06-04T22:15:45Z,2026-06-04T22:30:45Z,15
1871490,Central,CITY EAST LUDHIANA,Shivpuri,Unplanned,Closed,2026-06-04T22:14:00Z,2026-06-04T23:48:00Z,94
1871573,Border,GURDASPUR,UPS Feeder,Unplanned,Closed,2026-06-04T22:10:00Z,2026-06-04T23:05:00Z,55
1871527,North,HOSHIARPUR,NANGAL BIHALAN,Unplanned,Closed,2026-06-04T22:10:00Z,2026-06-04T23:05:00Z,55
1871580,Central,KHANNA,Bull Forge,Unplanned,Closed,2026-06-04T22:05:00Z,2026-06-05T00:12:00Z,127
1871533,Border,GURDASPUR,Jagowal bet,Unplanned,Closed,2026-06-04T22:05:00Z,2026-06-04T22:30:00Z,25
1871489,North,HOSHIARPUR,CHACK,Unplanned,Closed,2026-06-04T22:05:00Z,2026-06-04T23:20:00Z,75
1871488,North,JALANDHAR,11kv Nangal shama,Unplanned,Closed,2026-06-04T22:05:00Z,2026-06-04T22:24:00Z,19
1871534,East,MOHALI,11 KV Govt. Press,Unplanned,Closed,2026-06-04T22:00:25Z,2026-06-04T23:03:00Z,62
1871487,Central,KHANNA,DHAMOT UPS,Unplanned,Closed,2026-06-04T22:00:00Z,2026-06-04T22:12:00Z,12
1871535,East,Zirakpur,11 kv Japuria Feeder,Unplanned,Closed,2026-06-04T21:57:00Z,2026-06-04T23:25:00Z,88
1871483,North,NAWANSHAHR,Chandigarh Road,Unplanned,Closed,2026-06-04T21:57:00Z,2026-06-04T23:02:00Z,65
1871481,South,SANGRUR,CITY-2,Unplanned,Closed,2026-06-04T21:57:00Z,2026-06-05T01:40:00Z,223
1871485,East,ROPAR,BARWA,Unplanned,Closed,2026-06-04T21:56:00Z,2026-06-04T22:25:05Z,29
1871541,West,BATHINDA,Alampur UPS,Unplanned,Closed,2026-06-04T21:55:00Z,2026-06-05T05:40:00Z,465
1871484,East,ROPAR,Asmanpur,Unplanned,Closed,2026-06-04T21:55:00Z,2026-06-04T22:08:32Z,13
1871478,East,ROPAR,NILET,Unplanned,Closed,2026-06-04T21:54:00Z,2026-06-04T22:03:00Z,9
1871582,East,ROPAR,Mirzapur,Unplanned,Closed,2026-06-04T21:50:00Z,2026-06-04T23:05:00Z,75
1871581,East,ROPAR,Siswan,Unplanned,Closed,2026-06-04T21:50:00Z,2026-06-04T23:25:00Z,95
1871536,Border,GURDASPUR,Bhagowal Khurd,Unplanned,Closed,2026-06-04T21:50:00Z,2026-06-04T23:10:00Z,80
1871475,North,NAWANSHAHR,RHYTHM TEXTILES.,Unplanned,Closed,2026-06-04T21:50:00Z,2026-06-04T22:06:00Z,16
1871469,Central,KHANNA,F C I,Unplanned,Closed,2026-06-04T21:47:00Z,2026-06-04T22:00:00Z,13
1871476,North,JALANDHAR,NEHRU GARDEN ROAD,Unplanned,Closed,2026-06-04T21:45:00Z,2026-06-04T22:45:00Z,60
1871474,Central,KHANNA,Civil Hospital,Unplanned,Closed,2026-06-04T21:45:00Z,2026-06-04T23:31:00Z,106
1871456,North,NAWANSHAHR,11kv Behloor Kalan,Unplanned,Closed,2026-06-04T21:44:00Z,2026-06-04T21:55:00Z,11
1871443,Border,GURDASPUR,Kahnuwan Road,Unplanned,Closed,2026-06-04T21:44:00Z,2026-06-04T23:28:00Z,104
1871468,Border,GURDASPUR,11KV DHARAMKOT AP,Unplanned,Closed,2026-06-04T21:42:00Z,2026-06-05T08:15:00Z,633
1871452,North,NAWANSHAHR,11 KV DOPALPUR UPS,Unplanned,Closed,2026-06-04T21:41:00Z,2026-06-04T22:09:00Z,28
1871450,North,NAWANSHAHR,11 KV Usmanpur,Unplanned,Closed,2026-06-04T21:41:00Z,2026-06-04T22:10:00Z,29
1871449,North,NAWANSHAHR,TAJOWAL,Unplanned,Closed,2026-06-04T21:41:00Z,2026-06-04T22:11:00Z,30
1871448,North,NAWANSHAHR,BARWA,Unplanned,Closed,2026-06-04T21:41:00Z,2026-06-04T22:10:00Z,29
1871447,North,NAWANSHAHR,JADLA,Unplanned,Closed,2026-06-04T21:41:00Z,2026-06-04T22:09:00Z,28
1871482,South,SANGRUR,UBHIA UPS,Unplanned,Closed,2026-06-04T21:40:00Z,2026-06-05T07:55:00Z,615
1871465,Border,GURDASPUR,Natt (mokal),Unplanned,Closed,2026-06-04T21:40:00Z,2026-06-05T07:45:00Z,605
1871461,Border,GURDASPUR,BHAM UPS,Unplanned,Closed,2026-06-04T21:40:00Z,2026-06-04T22:10:00Z,30
1871460,Border,GURDASPUR,METLE,Unplanned,Closed,2026-06-04T21:40:00Z,2026-06-04T22:10:00Z,30
1871459,Border,GURDASPUR,BHARTH,Unplanned,Closed,2026-06-04T21:40:00Z,2026-06-04T22:10:00Z,30
1871457,East,ROPAR,BHAINI,Unplanned,Closed,2026-06-04T21:40:00Z,2026-06-04T22:38:35Z,58
1871446,South,SANGRUR,UPS TEIPUR,Unplanned,Closed,2026-06-04T21:40:00Z,2026-06-04T22:45:00Z,65
1871437,North,JALANDHAR,ADDA HOSHIARPUR,Unplanned,Closed,2026-06-04T21:39:12Z,2026-06-04T22:02:36Z,23
1871462,Border,GURDASPUR,Kandila,Unplanned,Closed,2026-06-04T21:38:00Z,2026-06-05T08:15:00Z,637
1871441,Central,CITY WEST LUDHIANA,GLADA,Unplanned,Closed,2026-06-04T21:37:16Z,2026-06-04T22:08:56Z,31
1871455,West,FARIDKOT,HARDIAL NAGAR,Unplanned,Closed,2026-06-04T21:37:00Z,2026-06-04T23:35:00Z,118
1871451,Border,GURDASPUR,Udhanwal,Unplanned,Closed,2026-06-04T21:37:00Z,2026-06-04T22:10:00Z,33
1871445,North,JALANDHAR,CIVIL LINE,Unplanned,Closed,2026-06-04T21:36:01Z,2026-06-04T21:40:50Z,4
1871525,East,ROPAR,Khijrabad Kandi,Unplanned,Closed,2026-06-04T21:35:00Z,2026-06-04T22:55:00Z,80
1871524,East,ROPAR,Dhakoran,Unplanned,Closed,2026-06-04T21:35:00Z,2026-06-04T22:50:00Z,75
1871523,East,ROPAR,Barodi,Unplanned,Closed,2026-06-04T21:35:00Z,2026-06-04T22:25:00Z,50
1871466,Central,KHANNA,B.T.C,Unplanned,Closed,2026-06-04T21:35:00Z,2026-06-04T22:10:00Z,35
1871464,Central,KHANNA,SULTANPUR,Unplanned,Closed,2026-06-04T21:35:00Z,2026-06-04T21:54:00Z,19
1871463,Central,KHANNA,KADDON,Unplanned,Closed,2026-06-04T21:35:00Z,2026-06-04T22:10:00Z,35
1871454,East,ROPAR,11 KV Mansoorpur,Unplanned,Closed,2026-06-04T21:35:00Z,2026-06-04T22:36:00Z,61
1871453,East,ROPAR,11 KV Bhaini Sahib,Unplanned,Closed,2026-06-04T21:35:00Z,2026-06-04T22:36:00Z,61
1871444,East,ROPAR,11 KV Ghulal,Unplanned,Closed,2026-06-04T21:35:00Z,2026-06-04T22:35:00Z,60
1871440,North,HOSHIARPUR,Bham,Unplanned,Closed,2026-06-04T21:35:00Z,2026-06-04T21:54:00Z,19
1871438,North,HOSHIARPUR,Jallowal,Unplanned,Closed,2026-06-04T21:35:00Z,2026-06-04T21:54:00Z,19
1871436,South,SANGRUR,SHATRANA CITY +ssa nagar adda,Unplanned,Closed,2026-06-04T21:35:00Z,2026-06-04T22:20:00Z,45
1871439,Central,CITY WEST LUDHIANA,JAWADDI,Unplanned,Closed,2026-06-04T21:31:04Z,2026-06-04T22:11:56Z,40
1871551,Border,GURDASPUR,Babbri Nangal,Unplanned,Closed,2026-06-04T21:30:00Z,2026-06-04T23:15:00Z,105
1871480,Border,SUB URBAN AMRITSAR,24HOURS KOT SIDHU,Unplanned,Closed,2026-06-04T21:30:00Z,2026-06-04T22:10:00Z,40
1871467,Central,KHANNA,kumar Export,Unplanned,Closed,2026-06-04T21:30:00Z,2026-06-04T22:10:00Z,40
1871435,Border,GURDASPUR,KISHANKOT UPS,Unplanned,Closed,2026-06-04T21:30:00Z,2026-06-04T22:30:00Z,60
1871434,Border,GURDASPUR,Cheema Khuddi,Unplanned,Closed,2026-06-04T21:30:00Z,2026-06-04T22:30:00Z,60
1871433,Border,GURDASPUR,Dogar Mahesh,Unplanned,Closed,2026-06-04T21:30:00Z,2026-06-04T22:30:00Z,60
1871432,Border,GURDASPUR,Withwan,Unplanned,Closed,2026-06-04T21:30:00Z,2026-06-04T22:30:00Z,60
1871431,Border,GURDASPUR,Rajoa,Unplanned,Closed,2026-06-04T21:30:00Z,2026-06-04T22:30:00Z,60
1871430,Border,GURDASPUR,Rampur Talwara,Unplanned,Closed,2026-06-04T21:30:00Z,2026-06-04T22:30:00Z,60
1871428,Border,GURDASPUR,Sri Hargobindpur,Unplanned,Closed,2026-06-04T21:30:00Z,2026-06-04T22:30:00Z,60
1871427,East,Zirakpur,RAIL VIHAR,Planned,Closed,2026-06-04T21:30:00Z,2026-06-04T21:55:00Z,25
1871426,East,Zirakpur,11 kv Japuria Feeder,Planned,Closed,2026-06-04T21:30:00Z,2026-06-04T21:55:00Z,25
1871425,East,Zirakpur,ECME,Planned,Closed,2026-06-04T21:30:00Z,2026-06-04T21:55:00Z,25
1871424,Border,GURDASPUR,Bauli Inderjit,Unplanned,Closed,2026-06-04T21:30:00Z,2026-06-05T06:45:00Z,555
1871422,Central,KHANNA,JASARA,Unplanned,Closed,2026-06-04T21:30:00Z,2026-06-04T22:30:00Z,60
1871421,Central,KHANNA,Jim Khana,Unplanned,Closed,2026-06-04T21:30:00Z,2026-06-04T22:30:00Z,60
1871413,East,MOHALI,11 KV Masol,Unplanned,Closed,2026-06-04T21:27:09Z,2026-06-04T21:51:42Z,24
1871479,West,FEROZPUR,Thara Singh UPS,Unplanned,Closed,2026-06-04T21:25:00Z,2026-06-04T22:20:00Z,55
1871442,South,PATIALA,SUNDER NAGAR RAJPURA,Unplanned,Closed,2026-06-04T21:25:00Z,2026-06-04T22:30:00Z,65
1871417,North,HOSHIARPUR,SARHALA,Unplanned,Closed,2026-06-04T21:25:00Z,2026-06-04T21:54:00Z,29
1871416,Border,GURDASPUR,11 KV Dhesian,Unplanned,Closed,2026-06-04T21:25:00Z,2026-06-04T22:25:00Z,60
1871415,Border,GURDASPUR,KOT DHANDHAL CAT-1,Unplanned,Closed,2026-06-04T21:25:00Z,2026-06-04T22:25:00Z,60
1871408,Border,GURDASPUR,Sheh Bhattia,Unplanned,Closed,2026-06-04T21:25:00Z,2026-06-04T22:10:00Z,45
1871407,Border,GURDASPUR,DHINDSA,Unplanned,Closed,2026-06-04T21:25:00Z,2026-06-04T22:10:00Z,45
1871406,Border,GURDASPUR,Thakarwal,Unplanned,Closed,2026-06-04T21:25:00Z,2026-06-04T22:10:00Z,45
1871405,Border,GURDASPUR,SADANA,Unplanned,Closed,2026-06-04T21:25:00Z,2026-06-04T22:10:00Z,45
1871404,Border,GURDASPUR,College,Unplanned,Closed,2026-06-04T21:25:00Z,2026-06-04T22:10:00Z,45
1871396,Border,GURDASPUR,KOT BHALLA,Unplanned,Closed,2026-06-04T21:25:00Z,2026-06-04T22:10:00Z,45
1871393,South,PATIALA,11 KV Yadvindra Enclave,Unplanned,Closed,2026-06-04T21:24:00Z,2026-06-04T21:49:33Z,25
1871540,Border,GURDASPUR,11 KV STEEL CRAFT,Unplanned,Closed,2026-06-04T21:23:00Z,2026-06-04T22:56:00Z,93
1871385,Central,SUB URBAN LUDHIANA,City-4,Unplanned,Closed,2026-06-04T21:20:18Z,2026-06-04T21:55:09Z,34
1871419,Central,KHANNA,Peer Khana,Unplanned,Closed,2026-06-04T21:20:00Z,2026-06-04T22:52:00Z,92
1871414,Border,GURDASPUR,NEW BALLARWAL UPS,Unplanned,Closed,2026-06-04T21:20:00Z,2026-06-04T21:55:00Z,35
1871412,Border,GURDASPUR,NANGAL UPS,Unplanned,Closed,2026-06-04T21:20:00Z,2026-06-04T21:55:00Z,35
1871411,Border,GURDASPUR,Bolewal,Unplanned,Closed,2026-06-04T21:20:00Z,2026-06-04T21:55:00Z,35
1871410,Border,GURDASPUR,Ghuman,Unplanned,Closed,2026-06-04T21:20:00Z,2026-06-04T21:55:00Z,35
1871409,Border,GURDASPUR,dakoha,Unplanned,Closed,2026-06-04T21:20:00Z,2026-06-04T21:55:00Z,35
1871382,North,HOSHIARPUR,KOTLA,Unplanned,Closed,2026-06-04T21:20:00Z,2026-06-04T21:40:00Z,20
1871381,North,HOSHIARPUR,Kot Fatuhi,Unplanned,Closed,2026-06-04T21:20:00Z,2026-06-04T21:40:00Z,20
1871380,North,HOSHIARPUR,Khushalpur,Unplanned,Closed,2026-06-04T21:20:00Z,2026-06-04T21:40:00Z,20
1871379,North,HOSHIARPUR,Paldi,Unplanned,Closed,2026-06-04T21:20:00Z,2026-06-04T21:40:00Z,20
1871378,North,HOSHIARPUR,SUNNI,Unplanned,Closed,2026-06-04T21:20:00Z,2026-06-04T21:40:00Z,20
1871376,North,HOSHIARPUR,KHAROUDI,Unplanned,Closed,2026-06-04T21:20:00Z,2026-06-04T21:40:00Z,20
1871371,South,PATIALA,11 KV Yadvindra Enclave,Unplanned,Closed,2026-06-04T21:19:10Z,2026-06-04T22:10:46Z,51
1871392,North,JALANDHAR,11KV CHANDAN NAGAR,Unplanned,Closed,2026-06-04T21:17:13Z,2026-06-04T21:35:54Z,18
1871423,South,SANGRUR,11 KV Nagri UPS,Unplanned,Closed,2026-06-04T21:15:00Z,2026-06-04T22:30:00Z,75
1871418,South,PATIALA,Kartarpura,Unplanned,Closed,2026-06-04T21:15:00Z,2026-06-04T22:15:00Z,60
1871395,Border,GURDASPUR,RAILWAY ROAD CAT-1,Unplanned,Closed,2026-06-04T21:15:00Z,2026-06-04T22:10:00Z,55
1871394,Border,GURDASPUR,11KV BUTTER UPS,Unplanned,Closed,2026-06-04T21:15:00Z,2026-06-04T22:15:00Z,60
1871391,Border,GURDASPUR,Basrawan,Unplanned,Closed,2026-06-04T21:15:00Z,2026-06-04T22:15:00Z,60
1871390,Border,GURDASPUR,I.T.I,Unplanned,Closed,2026-06-04T21:15:00Z,2026-06-04T22:10:00Z,55
1871389,Border,GURDASPUR,THEKERIWAL,Unplanned,Closed,2026-06-04T21:15:00Z,2026-06-04T22:15:00Z,60
1871388,Border,GURDASPUR,Dalla UPS,Unplanned,Closed,2026-06-04T21:15:00Z,2026-06-04T22:15:00Z,60
1871387,Border,GURDASPUR,Civil Line,Unplanned,Closed,2026-06-04T21:15:00Z,2026-06-04T22:10:00Z,55
1871386,Border,GURDASPUR,City,Unplanned,Closed,2026-06-04T21:15:00Z,2026-06-04T22:10:00Z,55
1871370,East,ROPAR,11 KV Paharpur,Unplanned,Closed,2026-06-04T21:15:00Z,2026-06-04T21:24:00Z,9
1871373,South,BARNALA,SHERWANIKOT UPS,Unplanned,Closed,2026-06-04T21:14:00Z,2026-06-05T01:20:06Z,246
1871361,East,MOHALI,TEPLA ROAD BANUR,Unplanned,Closed,2026-06-04T21:13:00Z,2026-06-04T21:31:40Z,18
1871354,South,SANGRUR,hospital Road,Unplanned,Closed,2026-06-04T21:12:08Z,2026-06-04T22:10:26Z,58
1871368,Central,CITY WEST LUDHIANA,TIKONA PARK,Unplanned,Closed,2026-06-04T21:11:56Z,2026-06-04T22:04:44Z,52
1871353,Central,CITY WEST LUDHIANA,MUNJAL FEEDER,Unplanned,Closed,2026-06-04T21:10:57Z,2026-06-04T21:44:27Z,33
1871377,East,MOHALI,TDI,Unplanned,Closed,2026-06-04T21:10:14Z,2026-06-04T23:09:21Z,119
1871458,Border,TARN TARAN,MATA BAGGO URBAN IND.,Unplanned,Closed,2026-06-04T21:10:00Z,2026-06-04T22:10:00Z,60
1871375,West,MUKATSAR,11 KV RAJPURA,Unplanned,Closed,2026-06-04T21:10:00Z,2026-06-04T21:55:00Z,45
1871372,North,NAWANSHAHR,PAILY,Unplanned,Closed,2026-06-04T21:10:00Z,2026-06-04T21:30:00Z,20
1871369,West,BATHINDA,Manuana,Unplanned,Closed,2026-06-04T21:10:00Z,2026-06-04T21:50:00Z,40
1871360,South,PATIALA,ALLOWAL CAT. 1,Unplanned,Closed,2026-06-04T21:10:00Z,2026-06-04T21:55:00Z,45
1871359,South,PATIALA,UPS ALLOWAL,Unplanned,Closed,2026-06-04T21:10:00Z,2026-06-04T21:55:00Z,45
1871470,East,Zirakpur,11KV Chandigarh Royal City,Unplanned,Closed,2026-06-04T21:08:00Z,2026-06-04T21:21:00Z,13
1871355,South,SANGRUR,UPS DORALI,Unplanned,Closed,2026-06-04T21:08:00Z,2026-06-05T07:10:00Z,602
1871342,South,PATIALA,jiwan complex,Unplanned,Closed,2026-06-04T21:07:00Z,2026-06-04T21:30:00Z,23
1871341,Central,CITY WEST LUDHIANA,SHIMLA PURI FEEDER,Unplanned,Closed,2026-06-04T21:06:36Z,2026-06-04T23:16:12Z,129
1871384,Border,SUB URBAN AMRITSAR,Palm vihar,Unplanned,Closed,2026-06-04T21:06:00Z,2026-06-04T22:00:00Z,54
1871364,Border,TARN TARAN,Goindwal Road Urban.,Unplanned,Closed,2026-06-04T21:05:00Z,2026-06-04T21:25:00Z,20
1871362,West,BATHINDA,BARNALA ROAD,Unplanned,Closed,2026-06-04T21:05:00Z,2026-06-04T21:28:48Z,23
1871358,South,PATIALA,Sugar Mill,Unplanned,Closed,2026-06-04T21:05:00Z,2026-06-04T21:55:21Z,50
1871352,Border,SUB URBAN AMRITSAR,U P S Iban,Unplanned,Closed,2026-06-04T21:05:00Z,2026-06-04T21:25:00Z,20
1871346,Border,SUB URBAN AMRITSAR,Mollechak,Unplanned,Closed,2026-06-04T21:05:00Z,2026-06-04T21:25:00Z,20
1871344,West,FARIDKOT,SAHIBZADA AJIT SINGH NAGAR,Unplanned,Closed,2026-06-04T21:05:00Z,2026-06-04T21:35:00Z,30
1871357,South,SANGRUR,BIJALPUR UPS,Unplanned,Closed,2026-06-04T21:01:00Z,2026-06-04T22:25:00Z,84
1871339,East,MOHALI,RATWARA SAHIB,Unplanned,Closed,2026-06-04T21:00:16Z,2026-06-04T21:30:18Z,30
1871337,East,MOHALI,NAYA GAON,Unplanned,Closed,2026-06-04T21:00:16Z,2026-06-04T22:24:47Z,84
1871336,East,MOHALI,11 KV Bansepur,Unplanned,Closed,2026-06-04T21:00:16Z,2026-06-04T21:28:07Z,27
1871429,Border,SUB URBAN AMRITSAR,MES,Unplanned,Closed,2026-06-04T21:00:00Z,2026-06-04T21:58:00Z,58
1871343,East,Zirakpur,11 kv adda jhungia cat-1,Unplanned,Closed,2026-06-04T20:59:00Z,2026-06-04T21:58:00Z,59
1871340,West,FARIDKOT,Kothe Chakk Bhag Singh Wala,Unplanned,Closed,2026-06-04T20:57:00Z,2026-06-04T21:46:00Z,49
1871486,Border,TARN TARAN,BIHARIPUR UPS,Unplanned,Closed,2026-06-04T20:55:00Z,2026-06-04T22:30:00Z,95
1871356,Border,SUB URBAN AMRITSAR,Gujjarpura,Unplanned,Closed,2026-06-04T20:55:00Z,2026-06-04T21:55:00Z,60
1871302,Border,GURDASPUR,24 hrs chahal kalan,Unplanned,Closed,2026-06-04T20:55:00Z,2026-06-04T21:28:00Z,33
1871294,North,JALANDHAR,TOWER ENCLAVE,Unplanned,Closed,2026-06-04T20:52:56Z,2026-06-04T21:07:11Z,14
1871308,East,MOHALI,ATS,Unplanned,Closed,2026-06-04T20:52:40Z,2026-06-04T22:47:00Z,114
1871327,West,BATHINDA,RAILWAY ROAD,Unplanned,Closed,2026-06-04T20:52:00Z,2026-06-04T21:10:00Z,18
1871304,North,KAPURTHALA,URBAN SHEIKHUPUR,Unplanned,Closed,2026-06-04T20:52:00Z,2026-06-04T22:13:00Z,81
1871293,Border,GURDASPUR,VICTORIA ESTATE,Unplanned,Closed,2026-06-04T20:52:00Z,2026-06-04T21:55:00Z,63
1871290,Border,GURDASPUR,Seunty,Unplanned,Closed,2026-06-04T20:52:00Z,2026-06-04T21:55:00Z,63
1871329,East,MOHALI,39 west,Unplanned,Closed,2026-06-04T20:50:48Z,2026-06-04T21:15:07Z,24
1871322,East,MOHALI,Rubber Plant,Unplanned,Closed,2026-06-04T20:50:48Z,2026-06-04T21:53:00Z,62
1871335,South,SANGRUR,11 KV BAKSHIWALA URBAN,Unplanned,Closed,2026-06-04T20:50:00Z,2026-06-04T21:25:00Z,35
1871332,North,JALANDHAR,Wahid,Unplanned,Closed,2026-06-04T20:50:00Z,2026-06-04T21:30:00Z,40
1871331,East,ROPAR,Nurpur Bedi,Unplanned,Closed,2026-06-04T20:50:00Z,2026-06-04T21:10:00Z,20
1871328,East,ROPAR,HIYATPUR,Unplanned,Closed,2026-06-04T20:50:00Z,2026-06-04T21:10:00Z,20
1871319,East,ROPAR,BHAINI,Unplanned,Closed,2026-06-04T20:50:00Z,2026-06-04T21:10:00Z,20
1871316,East,ROPAR,Haripur,Unplanned,Closed,2026-06-04T20:50:00Z,2026-06-04T21:10:00Z,20
1871315,East,ROPAR,Asmanpur,Unplanned,Closed,2026-06-04T20:50:00Z,2026-06-04T21:10:00Z,20
1871311,East,ROPAR,Jhangrian,Unplanned,Closed,2026-06-04T20:50:00Z,2026-06-04T21:10:00Z,20
1871310,East,ROPAR,SAIDPUR,Unplanned,Closed,2026-06-04T20:50:00Z,2026-06-04T21:10:00Z,20
1871309,East,ROPAR,BARWA,Unplanned,Closed,2026-06-04T20:50:00Z,2026-06-04T21:10:00Z,20
1871306,East,ROPAR,Bassi,Unplanned,Closed,2026-06-04T20:50:00Z,2026-06-04T21:10:00Z,20
1871299,Border,SUB URBAN AMRITSAR,Partap Bazar,Unplanned,Closed,2026-06-04T20:50:00Z,2026-06-04T21:35:00Z,45
1871314,North,NAWANSHAHR,City Behram,Unplanned,Closed,2026-06-04T20:49:01Z,2026-06-04T21:18:08Z,29
1871307,Border,GURDASPUR,Tharial,Unplanned,Closed,2026-06-04T20:48:00Z,2026-06-04T21:10:00Z,22
1871297,East,ROPAR,11KV Gillco Velly,Unplanned,Closed,2026-06-04T20:48:00Z,2026-06-04T23:13:00Z,145
1871279,North,NAWANSHAHR,UPS NO.3,Unplanned,Closed,2026-06-04T20:47:20Z,2026-06-04T21:59:56Z,72
1871313,East,MOHALI,Jandpur Water Works,Unplanned,Closed,2026-06-04T20:45:48Z,2026-06-04T23:10:00Z,144
1871345,Border,SUB URBAN AMRITSAR,Hakima Gate,Unplanned,Closed,2026-06-04T20:45:00Z,2026-06-04T21:40:00Z,55
1871298,West,MUKATSAR,11 KV ABC,Unplanned,Closed,2026-06-04T20:45:00Z,2026-06-04T22:20:00Z,95
1871283,West,BATHINDA,Mirpur Kalan (Alike Grid),Unplanned,Closed,2026-06-04T20:45:00Z,2026-06-04T22:05:09Z,80
1871281,Central,CITY EAST LUDHIANA,G ARJAN DEV NAGAR,Unplanned,Closed,2026-06-04T20:45:00Z,2026-06-04T21:50:00Z,65
1871280,South,SANGRUR,Patran Road,Unplanned,Closed,2026-06-04T20:45:00Z,2026-06-04T21:20:00Z,35
1871268,Border,SUB URBAN AMRITSAR,Urban Estate,Unplanned,Closed,2026-06-04T20:42:00Z,2026-06-04T21:01:00Z,19
1871363,South,BARNALA,11 KV SEKHA UPS (NEW),Unplanned,Closed,2026-06-04T20:41:00Z,2026-06-04T22:48:00Z,127
1871334,North,NAWANSHAHR,Urban Pattren,Unplanned,Closed,2026-06-04T20:40:00Z,2026-06-04T21:08:00Z,28
1871325,West,BATHINDA,NANGLA,Unplanned,Closed,2026-06-04T20:40:00Z,2026-06-04T22:05:00Z,85
1871324,North,JALANDHAR,Urban Rural no 2,Unplanned,Closed,2026-06-04T20:40:00Z,2026-06-04T22:15:00Z,95
1871323,North,JALANDHAR,URBAN RURAL,Unplanned,Closed,2026-06-04T20:40:00Z,2026-06-04T21:50:00Z,70
1871318,Central,KHANNA,Gobindgarh Road,Unplanned,Closed,2026-06-04T20:40:00Z,2026-06-04T22:28:00Z,108
1871303,South,SANGRUR,UPS ROREWALA (Grid Kohrian),Unplanned,Closed,2026-06-04T20:40:00Z,2026-06-04T22:20:00Z,100
1871295,South,SANGRUR,Khokhar UPS,Unplanned,Closed,2026-06-04T20:40:00Z,2026-06-04T21:05:00Z,25
1871278,South,PATIALA,Alipur,Unplanned,Closed,2026-06-04T20:40:00Z,2026-06-04T20:55:00Z,15
1871275,East,ROPAR,PLATA,Unplanned,Closed,2026-06-04T20:40:00Z,2026-06-04T21:05:00Z,25
1871273,East,ROPAR,BHANGLAN,Unplanned,Closed,2026-06-04T20:40:00Z,2026-06-04T21:05:00Z,25
1871271,East,ROPAR,KALWAN,Unplanned,Closed,2026-06-04T20:40:00Z,2026-06-04T21:05:00Z,25
1871270,East,ROPAR,SWARA,Unplanned,Closed,2026-06-04T20:40:00Z,2026-06-04T21:05:00Z,25
1871267,East,ROPAR,AILGRAN,Unplanned,Closed,2026-06-04T20:40:00Z,2026-06-04T21:05:00Z,25
1871266,East,ROPAR,NALHOTI,Unplanned,Closed,2026-06-04T20:40:00Z,2026-06-04T21:05:00Z,25
1871265,South,SANGRUR,UPS SIHAL,Unplanned,Closed,2026-06-04T20:40:00Z,2026-06-04T21:04:00Z,24
1871296,East,Zirakpur,ALLWIN,Unplanned,Closed,2026-06-04T20:39:00Z,2026-06-04T21:38:00Z,59
1871282,North,NAWANSHAHR,UPS No. 2,Unplanned,Closed,2026-06-04T20:38:37Z,2026-06-04T22:23:25Z,104
1871338,West,BATHINDA,BUS STAND URBAN (BHIKHI),Unplanned,Closed,2026-06-04T20:37:00Z,2026-06-04T21:46:00Z,69
1871330,West,BATHINDA,11 KV CHEENA UPS,Unplanned,Closed,2026-06-04T20:37:00Z,2026-06-04T21:22:00Z,45
1871289,West,BATHINDA,Aehmadpur UPS,Unplanned,Closed,2026-06-04T20:37:00Z,2026-06-04T22:28:00Z,111
1871333,West,BATHINDA,COLLEGE ROAD URBAN,Unplanned,Closed,2026-06-04T20:36:00Z,2026-06-04T21:49:00Z,73
1871259,Border,SUB URBAN AMRITSAR,DADDIAN UPS,Unplanned,Closed,2026-06-04T20:35:49Z,2026-06-04T21:00:01Z,24
1871261,Border,SUB URBAN AMRITSAR,DHANWANTRI IND,Unplanned,Closed,2026-06-04T20:35:45Z,2026-06-04T21:00:54Z,25
1871258,Border,SUB URBAN AMRITSAR,Industry NAG,Unplanned,Closed,2026-06-04T20:35:45Z,2026-06-04T21:00:28Z,24
1871262,Border,SUB URBAN AMRITSAR,KWALITY PHARMA,Unplanned,Closed,2026-06-04T20:35:15Z,2026-06-04T21:00:26Z,25
1871260,Border,SUB URBAN AMRITSAR,NAVE NAAG AP,Unplanned,Closed,2026-06-04T20:35:12Z,2026-06-04T21:00:22Z,25
1871420,West,BATHINDA,MANDI KALAN,Unplanned,Closed,2026-06-04T20:35:00Z,2026-06-05T00:30:00Z,235
1871374,East,MOHALI,LANDRAN,Unplanned,Closed,2026-06-04T20:35:00Z,2026-06-04T21:25:00Z,50
1871321,North,JALANDHAR,FATEHGARH,Unplanned,Closed,2026-06-04T20:35:00Z,2026-06-04T21:25:00Z,50
1871292,South,SANGRUR,UPS BHAI KE PASHOUR,Unplanned,Closed,2026-06-04T20:35:00Z,2026-06-04T21:35:00Z,60
1871326,West,BATHINDA,CITY MANSA,Unplanned,Closed,2026-06-04T20:34:00Z,2026-06-04T22:32:22Z,118
1871300,West,BATHINDA,MALKANA,Unplanned,Closed,2026-06-04T20:34:00Z,2026-06-04T22:46:00Z,132
1871274,West,BATHINDA,WATER WORKS,Unplanned,Closed,2026-06-04T20:34:00Z,2026-06-04T21:46:40Z,72
1871276,West,BATHINDA,MALKANA ROAD,Unplanned,Closed,2026-06-04T20:33:00Z,2026-06-04T20:43:00Z,10
1871286,West,BATHINDA,11 KV TAJ PALACE ROAD,Unplanned,Closed,2026-06-04T20:32:00Z,2026-06-05T00:15:00Z,223
1871277,South,SANGRUR,Dirba Urban,Unplanned,Closed,2026-06-04T20:32:00Z,2026-06-04T21:15:00Z,43
1871246,North,JALANDHAR,11KV CHANDAN NAGAR,Unplanned,Closed,2026-06-04T20:30:19Z,2026-06-04T20:40:10Z,9
1871284,South,SANGRUR,JHALLOR,Unplanned,Closed,2026-06-04T20:30:17Z,2026-06-04T22:47:17Z,137
1871287,East,MOHALI,48-C,Unplanned,Closed,2026-06-04T20:30:00Z,2026-06-04T21:40:00Z,70
1871264,South,SANGRUR,MEHLAN UPS,Unplanned,Closed,2026-06-04T20:30:00Z,2026-06-04T21:50:00Z,80
1871256,North,NAWANSHAHR,Dosanjh UPS,Unplanned,Closed,2026-06-04T20:30:00Z,2026-06-04T20:50:00Z,20
1871255,North,JALANDHAR,JASWANT NAGAR,Unplanned,Closed,2026-06-04T20:30:00Z,2026-06-04T21:30:00Z,60
1871253,South,SANGRUR,11 KV Khadial Cat-1,Unplanned,Closed,2026-06-04T20:30:00Z,2026-06-04T21:45:00Z,75
1871239,Central,CITY WEST LUDHIANA,STAR ROAD FEEDER,Unplanned,Closed,2026-06-04T20:27:41Z,2026-06-04T21:15:10Z,47
1871254,West,BATHINDA,ALLIKE,Unplanned,Closed,2026-06-04T20:25:00Z,2026-06-04T22:18:04Z,113
1871250,West,BATHINDA,HIRE WALA,Unplanned,Closed,2026-06-04T20:25:00Z,2026-06-04T21:30:50Z,65
1871249,West,BATHINDA,GEHLE UPS,Unplanned,Closed,2026-06-04T20:25:00Z,2026-06-04T21:06:46Z,41
1871245,West,BATHINDA,DELUANA,Unplanned,Closed,2026-06-04T20:25:00Z,2026-06-04T22:00:48Z,95
1871234,Central,CITY EAST LUDHIANA,SEKHEWAL,Unplanned,Closed,2026-06-04T20:22:00Z,2026-06-04T21:27:00Z,65
1871231,West,MUKATSAR,UPS No. 2 Karni Khera,Unplanned,Closed,2026-06-04T20:22:00Z,2026-06-04T21:20:00Z,58
1871243,West,BATHINDA,MAL SINGH WALA UPS,Unplanned,Closed,2026-06-04T20:21:00Z,2026-06-04T21:25:00Z,64
1871305,Border,SUB URBAN AMRITSAR,MAJITHA ROAD BYE PASS,Unplanned,Closed,2026-06-04T20:20:00Z,2026-06-04T21:59:00Z,99
1871301,Border,SUB URBAN AMRITSAR,KARAM PURA,Unplanned,Closed,2026-06-04T20:20:00Z,2026-06-04T21:02:00Z,42
1871272,West,BATHINDA,GURUSAR,Unplanned,Closed,2026-06-04T20:20:00Z,2026-06-04T21:14:00Z,54
1871232,South,SANGRUR,ALAMPUR UPS,Unplanned,Closed,2026-06-04T20:20:00Z,2026-06-04T20:45:00Z,25
1871269,Central,CITY EAST LUDHIANA,TAJPUR ROAD,Unplanned,Closed,2026-06-04T20:19:00Z,2026-06-04T21:31:00Z,72
1871383,East,ROPAR,MODLE  TOWN,Unplanned,Closed,2026-06-04T20:18:00Z,2026-06-04T23:55:00Z,217
1871225,Central,CITY WEST LUDHIANA,MICROWAVE FEEDER,Unplanned,Closed,2026-06-04T20:17:59Z,2026-06-04T23:02:51Z,164
1871320,East,MOHALI,11KV Preet City,Unplanned,Closed,2026-06-04T20:16:00Z,2026-06-04T21:27:00Z,71
1871226,East,ROPAR,11 KV Gajhpur,Unplanned,Closed,2026-06-04T20:16:00Z,2026-06-04T20:40:00Z,24
1871257,Central,KHANNA,LANDHA BOWANI,Unplanned,Closed,2026-06-04T20:15:00Z,2026-06-04T22:08:00Z,113
1871221,Central,KHANNA,City-3,Unplanned,Closed,2026-06-04T20:15:00Z,2026-06-04T21:45:00Z,90
1871218,Central,CITY WEST LUDHIANA,KARNAIL SINGH NAGAR FEEDER,Unplanned,Closed,2026-06-04T20:14:12Z,2026-06-04T21:41:00Z,86
1871214,Central,CITY WEST LUDHIANA,POPULAR FEEDER,Unplanned,Closed,2026-06-04T20:14:12Z,2026-06-04T21:25:18Z,71
1871477,East,ROPAR,11 KV SIDHUPUR,Unplanned,Closed,2026-06-04T20:10:00Z,2026-06-04T22:00:00Z,110
1871473,East,ROPAR,BOOTHGARH,Unplanned,Closed,2026-06-04T20:10:00Z,2026-06-04T21:20:00Z,70
1871471,East,ROPAR,MORINDA,Unplanned,Closed,2026-06-04T20:10:00Z,2026-06-04T21:20:00Z,70
1871235,West,BATHINDA,KUTIWAL KHURD,Unplanned,Closed,2026-06-04T20:10:00Z,2026-06-04T21:50:00Z,100
1871227,West,BATHINDA,VIP,Unplanned,Closed,2026-06-04T20:10:00Z,2026-06-04T20:48:27Z,38
1871223,West,FARIDKOT,KOTKAPURA ROAD,Unplanned,Closed,2026-06-04T20:10:00Z,2026-06-04T20:22:00Z,12
1871220,North,NAWANSHAHR,Dosanjh UPS,Unplanned,Closed,2026-06-04T20:10:00Z,2026-06-04T20:20:00Z,10
1871219,South,SANGRUR,UPS PAIND,Unplanned,Closed,2026-06-04T20:10:00Z,2026-06-04T20:30:00Z,20
1871217,East,ROPAR,Bassi,Unplanned,Closed,2026-06-04T20:08:00Z,2026-06-04T20:35:00Z,27
1871207,North,JALANDHAR,ATTARI BAZZAR,Unplanned,Closed,2026-06-04T20:07:27Z,2026-06-04T20:22:32Z,15
1871215,East,ROPAR,Haripur,Unplanned,Closed,2026-06-04T20:07:00Z,2026-06-04T20:27:00Z,20
1871228,West,BATHINDA,INDUSTRIES,Unplanned,Closed,2026-06-04T20:05:00Z,2026-06-04T20:50:00Z,45
1871198,East,ROPAR,ABIANA,Unplanned,Closed,2026-06-04T20:05:00Z,2026-06-04T20:10:00Z,5
1871196,Border,GURDASPUR,Damtal,Unplanned,Closed,2026-06-04T20:05:00Z,2026-06-04T20:15:00Z,10
1871222,South,SANGRUR,11 KV JAKHEPAL URBAN,Unplanned,Closed,2026-06-04T20:02:00Z,2026-06-04T21:02:00Z,60
1871201,West,FARIDKOT,Kotkapura,Unplanned,Closed,2026-06-04T20:02:00Z,2026-06-04T20:20:00Z,18
1871591,East,ROPAR,SUGARMILL,Unplanned,Closed,2026-06-04T20:01:00Z,2026-06-04T23:05:00Z,184
1871224,South,SANGRUR,Kakarwal,Unplanned,Closed,2026-06-04T20:01:00Z,2026-06-04T23:06:00Z,185
1871194,Border,GURDASPUR,SAGARPURA,Unplanned,Closed,2026-06-04T20:01:00Z,2026-06-04T20:15:00Z,14
1871195,South,PATIALA,rajpura road,Unplanned,Closed,2026-06-04T20:00:34Z,2026-06-04T21:15:00Z,74
1871522,East,Zirakpur,SADASHIV,Unplanned,Closed,2026-06-04T20:00:27Z,2026-06-05T02:40:27Z,400
1871521,East,Zirakpur,11kv Saraswati Agro,Unplanned,Closed,2026-06-04T20:00:27Z,2026-06-05T02:40:27Z,400
1871520,East,Zirakpur,RAMGARH ROAD,Unplanned,Closed,2026-06-04T20:00:27Z,2026-06-05T00:55:27Z,295
1871519,East,Zirakpur,MORTHIKRI INDUSTRIAL,Unplanned,Closed,2026-06-04T20:00:27Z,2026-06-05T02:40:27Z,400
1871518,East,Zirakpur,DERA BASSI INDUSTRIAL,Unplanned,Closed,2026-06-04T20:00:27Z,2026-06-05T01:48:27Z,348
1871517,East,Zirakpur,PCPL,Unplanned,Closed,2026-06-04T20:00:27Z,2026-06-05T00:30:27Z,270
1871516,East,Zirakpur,MOHAN MEAKIN,Unplanned,Closed,2026-06-04T20:00:27Z,2026-06-05T00:30:27Z,270
1871515,East,Zirakpur,VARDHMAN,Unplanned,Closed,2026-06-04T20:00:27Z,2026-06-05T02:40:27Z,400
1871514,East,Zirakpur,USHA AUTO CAST,Unplanned,Closed,2026-06-04T20:00:27Z,2026-06-05T00:30:27Z,270
1871513,East,Zirakpur,KAKRALI CATEGORY 1,Unplanned,Closed,2026-06-04T20:00:27Z,2026-06-05T02:40:27Z,400
1871512,East,Zirakpur,11 KV Shiv Shakti Feeder,Unplanned,Closed,2026-06-04T20:00:27Z,2026-06-05T02:35:27Z,395
1871511,East,Zirakpur,SUNRISE FIBER,Unplanned,Closed,2026-06-04T20:00:27Z,2026-06-05T00:30:27Z,270
1871510,East,Zirakpur,Silver City,Unplanned,Closed,2026-06-04T20:00:27Z,2026-06-05T00:30:27Z,270
1871509,East,Zirakpur,THEON LIFE SCIENCE,Unplanned,Closed,2026-06-04T20:00:27Z,2026-06-05T00:30:27Z,270
1871508,East,Zirakpur,MUBARIK PUR INDUSTRIAL,Unplanned,Closed,2026-06-04T20:00:27Z,2026-06-05T00:55:27Z,295
1871507,East,Zirakpur,JAWAHARPUR INDUSTRY..,Unplanned,Closed,2026-06-04T20:00:27Z,2026-06-05T01:48:27Z,348
1871506,East,Zirakpur,FOCAL POINT DERA BASSI,Unplanned,Closed,2026-06-04T20:00:27Z,2026-06-05T00:30:27Z,270
1871505,East,Zirakpur,HAIBAT PUR RURAL,Unplanned,Closed,2026-06-04T20:00:27Z,2026-06-05T02:40:27Z,400
1871504,East,Zirakpur,CEPHAM,Unplanned,Closed,2026-06-04T20:00:27Z,2026-06-05T02:30:27Z,390
1871503,East,Zirakpur,Bauli Sahib,Unplanned,Closed,2026-06-04T20:00:27Z,2026-06-05T00:55:27Z,295
1871502,East,Zirakpur,MOHAN FIBRE,Unplanned,Closed,2026-06-04T20:00:27Z,2026-06-05T00:30:27Z,270
1871501,East,Zirakpur,OASIS TEXTILE,Unplanned,Closed,2026-06-04T20:00:27Z,2026-06-05T00:30:27Z,270
1871500,East,Zirakpur,AQUA FIBRE,Unplanned,Closed,2026-06-04T20:00:27Z,2026-06-05T00:30:27Z,270
1871499,East,Zirakpur,NIBBER CASTING,Unplanned,Closed,2026-06-04T20:00:27Z,2026-06-05T00:30:27Z,270
1871498,East,Zirakpur,usha auto cast-II,Unplanned,Closed,2026-06-04T20:00:27Z,2026-06-05T00:30:27Z,270
1871497,East,Zirakpur,NIMBUA,Unplanned,Closed,2026-06-04T20:00:27Z,2026-06-05T02:35:27Z,395
1871496,East,Zirakpur,11kv Hartmann,Unplanned,Closed,2026-06-04T20:00:27Z,2026-06-05T02:40:27Z,400
1871495,East,Zirakpur,SBP,Unplanned,Closed,2026-06-04T20:00:27Z,2026-06-05T01:10:27Z,310
1871494,East,Zirakpur,HAIBAT PUR INDUSTRY,Unplanned,Closed,2026-06-04T20:00:27Z,2026-06-05T02:40:27Z,400
1871493,East,Zirakpur,HARI PUR HINDUAN,Unplanned,Closed,2026-06-04T20:00:27Z,2026-06-05T02:40:27Z,400
1871492,East,Zirakpur,BHANKHERPUR,Unplanned,Closed,2026-06-04T20:00:27Z,2026-06-05T00:30:27Z,270
1871491,East,Zirakpur,GONDI,Unplanned,Closed,2026-06-04T20:00:27Z,2026-06-05T02:40:27Z,400
1871620,East,Zirakpur,GBM,Unplanned,Closed,2026-06-04T20:00:00Z,2026-06-04T23:49:00Z,229
1871619,East,Zirakpur,BIG BAZAAR,Unplanned,Closed,2026-06-04T20:00:00Z,2026-06-04T23:49:00Z,229
1871617,East,Zirakpur,SAVITRY GREEN 2,Unplanned,Closed,2026-06-04T20:00:00Z,2026-06-04T23:49:00Z,229
1871616,East,Zirakpur,EKTA VIHAR,Unplanned,Closed,2026-06-04T20:00:00Z,2026-06-04T23:49:00Z,229
1871615,East,Zirakpur,11KV  SUSHMA,Unplanned,Closed,2026-06-04T20:00:00Z,2026-06-04T23:49:00Z,229
1871614,East,Zirakpur,11 KV Aero Home Feeder,Unplanned,Closed,2026-06-04T20:00:00Z,2026-06-04T23:49:00Z,229
1871613,East,Zirakpur,11KV Dream Home,Unplanned,Closed,2026-06-04T20:00:00Z,2026-06-04T23:49:00Z,229
1871612,East,Zirakpur,HARMILAP NAGAR,Unplanned,Closed,2026-06-04T20:00:00Z,2026-06-04T23:49:00Z,229
1871611,East,Zirakpur,SAINI VIHAR,Unplanned,Closed,2026-06-04T20:00:00Z,2026-06-04T23:49:00Z,229
1871610,East,Zirakpur,SACHKHAND SAHIB,Unplanned,Closed,2026-06-04T20:00:00Z,2026-06-04T23:49:00Z,229
1871609,East,Zirakpur,K AREA,Unplanned,Closed,2026-06-04T20:00:00Z,2026-06-04T23:49:00Z,229
1871608,East,Zirakpur,KHANNA,Unplanned,Closed,2026-06-04T20:00:00Z,2026-06-04T23:49:00Z,229
1871607,East,Zirakpur,SEVEN STAR,Unplanned,Closed,2026-06-04T20:00:00Z,2026-06-04T23:49:00Z,229
1871605,East,Zirakpur,11kv Hanumant Feeder,Unplanned,Closed,2026-06-04T20:00:00Z,2026-06-04T23:49:00Z,229
1871604,East,Zirakpur,Bauli Sahib,Unplanned,Closed,2026-06-04T20:00:00Z,2026-06-04T23:49:00Z,229
1871603,East,Zirakpur,SUNNY ENCLAVE,Unplanned,Closed,2026-06-04T20:00:00Z,2026-06-04T23:49:00Z,229
1871602,East,Zirakpur,TRY CITY,Unplanned,Closed,2026-06-04T20:00:00Z,2026-06-04T23:49:00Z,229
1871601,East,Zirakpur,REGLIYA,Unplanned,Closed,2026-06-04T20:00:00Z,2026-06-04T23:49:00Z,229
1871600,East,Zirakpur,ESCON ERENA,Unplanned,Closed,2026-06-04T20:00:00Z,2026-06-04T23:49:00Z,229
1871599,East,Zirakpur,GREEN VALLEY,Unplanned,Closed,2026-06-04T20:00:00Z,2026-06-04T23:49:00Z,229
1871598,East,Zirakpur,PEER MUCHHALA,Unplanned,Closed,2026-06-04T20:00:00Z,2026-06-04T23:49:00Z,229
1871596,East,Zirakpur,BALTANA,Unplanned,Closed,2026-06-04T20:00:00Z,2026-06-04T23:49:00Z,229
1871595,East,Zirakpur,KALGIDHAR,Unplanned,Closed,2026-06-04T20:00:00Z,2026-06-04T23:49:00Z,229
1871594,East,Zirakpur,PREET COLONY,Unplanned,Closed,2026-06-04T20:00:00Z,2026-06-04T23:49:00Z,229
1871593,East,Zirakpur,CITY COURT,Unplanned,Closed,2026-06-04T20:00:00Z,2026-06-04T23:49:00Z,229
1871592,East,Zirakpur,PANCHSHEEL,Unplanned,Closed,2026-06-04T20:00:00Z,2026-06-04T23:49:00Z,229
1871590,East,Zirakpur,OXFORD STREET,Unplanned,Closed,2026-06-04T20:00:00Z,2026-06-04T23:49:00Z,229
1871589,East,Zirakpur,KALKA ROAD,Unplanned,Closed,2026-06-04T20:00:00Z,2026-06-04T23:49:00Z,229
1871588,East,Zirakpur,SANULI,Unplanned,Closed,2026-06-04T20:00:00Z,2026-06-04T23:49:00Z,229
1871587,East,Zirakpur,DHAKOLI,Unplanned,Closed,2026-06-04T20:00:00Z,2026-06-04T23:49:00Z,229
1871242,Central,CITY EAST LUDHIANA,MOTI NAGAR,Unplanned,Closed,2026-06-04T20:00:00Z,2026-06-04T21:25:00Z,85
1871212,South,SANGRUR,Bhullerheri,Unplanned,Closed,2026-06-04T20:00:00Z,2026-06-04T20:55:00Z,55
1871186,West,FEROZPUR,11 KV NAMAK MANDI,Unplanned,Closed,2026-06-04T20:00:00Z,2026-06-05T01:56:00Z,356
1871202,West,FARIDKOT,"11 KV GURUDWARA RD, CAT-01",Unplanned,Closed,2026-06-04T19:59:00Z,2026-06-04T20:35:00Z,36
1871237,East,ROPAR,UPS2,Unplanned,Closed,2026-06-04T19:58:00Z,2026-06-04T22:08:00Z,130
1871213,East,Zirakpur,Jaskaran,Unplanned,Closed,2026-06-04T19:58:00Z,2026-06-04T20:56:00Z,58
1871210,East,Zirakpur,RANBAXY,Unplanned,Closed,2026-06-04T19:58:00Z,2026-06-04T20:58:00Z,60
1871206,East,Zirakpur,ZIRAKPUR-1,Unplanned,Closed,2026-06-04T19:57:00Z,2026-06-04T21:30:00Z,93
1871233,East,ROPAR,SHEIKHPURA,Unplanned,Closed,2026-06-04T19:56:00Z,2026-06-04T20:26:00Z,30
1871205,East,Zirakpur,ORBIT,Unplanned,Closed,2026-06-04T19:56:00Z,2026-06-04T22:35:00Z,159
1871191,North,HOSHIARPUR,SARHALA,Unplanned,Closed,2026-06-04T19:56:00Z,2026-06-04T20:08:00Z,12
1871187,Central,CITY WEST LUDHIANA,RANJIT NAGAR FEEDER,Unplanned,Closed,2026-06-04T19:55:23Z,2026-06-04T21:26:00Z,90
1871317,Central,KHANNA,Industrial-1,Unplanned,Closed,2026-06-04T19:55:00Z,2026-06-04T21:35:00Z,100
1871244,West,FARIDKOT,11 KV BMS NATHUWALA-CAT-01,Unplanned,Closed,2026-06-04T19:55:00Z,2026-06-04T20:58:00Z,63
1871229,East,ROPAR,CHINTGARH FEEDER,Unplanned,Closed,2026-06-04T19:55:00Z,2026-06-04T21:16:00Z,81
1871182,Central,SUB URBAN LUDHIANA,UPS,Unplanned,Closed,2026-06-04T19:55:00Z,2026-06-04T20:10:00Z,15
1871211,West,BATHINDA,Sirsa Road,Unplanned,Closed,2026-06-04T19:54:00Z,2026-06-04T21:35:19Z,101
1871200,East,Zirakpur,DHILLON,Unplanned,Closed,2026-06-04T19:54:00Z,2026-06-04T22:35:00Z,161
1871184,North,JALANDHAR,11 KV GRAIN MARKET (Old),Unplanned,Closed,2026-06-04T19:53:11Z,2026-06-04T20:23:05Z,29
1871169,Border,GURDASPUR,Shah Colony,Unplanned,Closed,2026-06-04T19:53:00Z,2026-06-04T20:50:00Z,57
1871166,West,FARIDKOT,FOCAL POINT,Unplanned,Closed,2026-06-04T19:52:07Z,2026-06-04T20:13:35Z,21
1871162,West,FARIDKOT,BABA MANGAL SINGHUPS (BUGHIPURA),Unplanned,Closed,2026-06-04T19:52:07Z,2026-06-04T20:13:19Z,21
1871158,West,FARIDKOT,SARDAR NAGAR,Unplanned,Closed,2026-06-04T19:52:07Z,2026-06-04T20:22:07Z,30
1871199,East,Zirakpur,SIMRAN,Unplanned,Closed,2026-06-04T19:52:00Z,2026-06-04T21:50:00Z,118
1871176,South,PATIALA,UPS SURAJPUR,Unplanned,Closed,2026-06-04T19:52:00Z,2026-06-04T20:26:00Z,34
1871403,East,ROPAR,11 KV LIC Colony,Unplanned,Closed,2026-06-04T19:50:45Z,2026-06-05T00:35:45Z,285
1871402,East,ROPAR,Nijjer Road,Unplanned,Closed,2026-06-04T19:50:45Z,2026-06-05T00:35:45Z,285
1871401,East,ROPAR,11 KV Sunny Mandir,Unplanned,Closed,2026-06-04T19:50:45Z,2026-06-05T00:35:45Z,285
1871400,East,ROPAR,11 KV Chajjumajra,Unplanned,Closed,2026-06-04T19:50:45Z,2026-06-05T00:35:45Z,285
1871399,East,ROPAR,11 KV Plazzo ELite,Unplanned,Closed,2026-06-04T19:50:45Z,2026-06-05T00:35:45Z,285
1871398,East,ROPAR,PARADISE,Unplanned,Closed,2026-06-04T19:50:45Z,2026-06-05T00:35:45Z,285
1871397,East,ROPAR,11 KV Old Sunny,Unplanned,Closed,2026-06-04T19:50:45Z,2026-06-05T00:35:45Z,285
1871263,West,FARIDKOT,Ranian UPS,Unplanned,Closed,2026-06-04T19:50:00Z,2026-06-04T21:25:00Z,95
1871197,East,Zirakpur,Bhudda Sahib,Unplanned,Closed,2026-06-04T19:50:00Z,2026-06-04T20:49:00Z,59
1871188,South,SANGRUR,Daska C-1,Unplanned,Closed,2026-06-04T19:50:00Z,2026-06-04T20:50:00Z,60
1871174,East,ROPAR,MUKARI,Unplanned,Closed,2026-06-04T19:50:00Z,2026-06-04T21:10:00Z,80
1871173,East,ROPAR,HIYATPUR,Unplanned,Closed,2026-06-04T19:50:00Z,2026-06-04T20:18:00Z,28
1871172,East,ROPAR,Haripur,Unplanned,Closed,2026-06-04T19:50:00Z,2026-06-04T19:56:00Z,6
1871171,East,ROPAR,Thana,Unplanned,Closed,2026-06-04T19:50:00Z,2026-06-04T21:10:00Z,80
1871170,Central,SUB URBAN LUDHIANA,NATHUMAJRA,Unplanned,Closed,2026-06-04T19:50:00Z,2026-06-04T21:20:40Z,90
1871168,North,HOSHIARPUR,CHACK,Unplanned,Closed,2026-06-04T19:50:00Z,2026-06-04T20:20:00Z,30
1871167,West,FARIDKOT,AJITWAL URBAN 2,Unplanned,Closed,2026-06-04T19:50:00Z,2026-06-04T20:35:00Z,45
1871154,Central,CITY EAST LUDHIANA,GRD Nagar,Unplanned,Closed,2026-06-04T19:48:24Z,2026-06-04T20:28:28Z,40
1871189,West,FEROZPUR,TOOR,Unplanned,Closed,2026-06-04T19:48:00Z,2026-06-04T21:00:00Z,72
1871164,North,HOSHIARPUR,KOLYA,Unplanned,Closed,2026-06-04T19:48:00Z,2026-06-04T20:11:00Z,23
1871240,West,FARIDKOT,11KV PATTO HAIR SINGH  UPS,Unplanned,Closed,2026-06-04T19:47:00Z,2026-06-04T22:08:00Z,141
1871209,West,BATHINDA,11 KV KOT LALLU,Unplanned,Closed,2026-06-04T19:45:00Z,2026-06-04T21:20:50Z,95
1871204,South,PATIALA,Bhakhda Enclave,Unplanned,Closed,2026-06-04T19:45:00Z,2026-06-04T20:45:43Z,60
1871203,South,PATIALA,M.E.S.,Unplanned,Closed,2026-06-04T19:45:00Z,2026-06-04T20:40:00Z,55
1871153,East,ROPAR,11KV Shvalik Heights,Unplanned,Closed,2026-06-04T19:45:00Z,2026-06-04T20:43:00Z,58
1871151,East,ROPAR,ACME HEIGHT,Unplanned,Closed,2026-06-04T19:45:00Z,2026-06-04T20:43:00Z,58
1871149,East,ROPAR,11 KV Arya College Road,Unplanned,Closed,2026-06-04T19:45:00Z,2026-06-04T20:43:00Z,58
1871147,East,ROPAR,11KV Gillco Velly,Unplanned,Closed,2026-06-04T19:45:00Z,2026-06-04T20:43:00Z,58
1871138,South,SANGRUR,11KV UPS DHARMGARH,Unplanned,Closed,2026-06-04T19:44:00Z,2026-06-04T20:44:00Z,60
1871185,Central,CITY WEST LUDHIANA,CHILDREN PARK,Unplanned,Closed,2026-06-04T19:42:46Z,2026-06-04T20:54:29Z,71
1871107,West,BATHINDA,11 KV Neor UPS,Unplanned,Closed,2026-06-04T19:42:02Z,2026-06-04T21:08:15Z,86
1871144,West,FEROZPUR,COURT FEEDER,Unplanned,Closed,2026-06-04T19:42:00Z,2026-06-04T20:22:00Z,40
1871238,West,FARIDKOT,11kv Bagaan Wala,Unplanned,Closed,2026-06-04T19:40:00Z,2026-06-04T21:30:00Z,110
1871193,East,ROPAR,Chandpur,Unplanned,Closed,2026-06-04T19:40:00Z,2026-06-04T20:40:00Z,60
1871177,South,SANGRUR,Kheri Cat.No1,Unplanned,Closed,2026-06-04T19:40:00Z,2026-06-04T20:00:00Z,20
1871175,Border,GURDASPUR,Manwal,Unplanned,Closed,2026-06-04T19:40:00Z,2026-06-04T20:45:00Z,65
1871161,South,SANGRUR,24 HRS. DASKA,Unplanned,Closed,2026-06-04T19:40:00Z,2026-06-04T21:25:00Z,105
1871159,Border,SUB URBAN AMRITSAR,BAL SACHANDER,Unplanned,Closed,2026-06-04T19:40:00Z,2026-06-04T20:05:00Z,25
1871146,Border,TARN TARAN,THATHIAN 3 W URBAN`,Unplanned,Closed,2026-06-04T19:40:00Z,2026-06-04T20:05:00Z,25
1871137,East,Zirakpur,11 kv malwa,Unplanned,Closed,2026-06-04T19:40:00Z,2026-06-04T22:35:00Z,175
1871126,South,SANGRUR,JANAL ROAD UPS,Unplanned,Closed,2026-06-04T19:40:00Z,2026-06-04T20:20:00Z,40
1871135,East,Zirakpur,BEGAMPURA,Unplanned,Closed,2026-06-04T19:39:00Z,2026-06-04T21:38:00Z,119
1871111,Central,SUB URBAN LUDHIANA,SAHARAN MAJRA UPS,Unplanned,Closed,2026-06-04T19:39:00Z,2026-06-04T20:20:00Z,41
1871104,Central,CITY WEST LUDHIANA,SHIMLA PURI FEEDER,Unplanned,Closed,2026-06-04T19:38:53Z,2026-06-04T20:02:03Z,23
1871102,North,JALANDHAR,LINK FEEDER,Unplanned,Closed,2026-06-04T19:38:00Z,2026-06-04T20:27:00Z,49
1871099,North,JALANDHAR,RURAL URBAN  (NAWAN PIND),Unplanned,Closed,2026-06-04T19:38:00Z,2026-06-04T20:27:00Z,49
1871097,North,JALANDHAR,SUNRA,Unplanned,Closed,2026-06-04T19:38:00Z,2026-06-04T20:27:00Z,49
1871109,North,JALANDHAR,RAMA MANDI,Unplanned,Closed,2026-06-04T19:37:00Z,2026-06-04T19:47:00Z,10
1871130,South,PATIALA,HASSANPUR,Unplanned,Closed,2026-06-04T19:35:21Z,2026-06-04T19:50:21Z,15
1871129,South,PATIALA,Industrial Estate(old),Unplanned,Closed,2026-06-04T19:35:21Z,2026-06-04T19:50:21Z,15
1871128,South,PATIALA,Alipur,Unplanned,Closed,2026-06-04T19:35:21Z,2026-06-04T19:50:21Z,15
1871127,South,PATIALA,Jhill,Unplanned,Closed,2026-06-04T19:35:21Z,2026-06-04T19:50:21Z,15
1871134,South,PATIALA,Focal Point-I,Unplanned,Closed,2026-06-04T19:35:00Z,2026-06-04T20:30:00Z,55
1871133,South,PATIALA,GOBIND BAGH,Unplanned,Closed,2026-06-04T19:35:00Z,2026-06-04T19:55:00Z,20
1871106,North,KAPURTHALA,11 KV CHACHO WAL,Unplanned,Closed,2026-06-04T19:35:00Z,2026-06-04T19:50:00Z,15
1871105,West,BATHINDA,TALWANDI ROAD,Unplanned,Closed,2026-06-04T19:35:00Z,2026-06-04T20:06:00Z,31
1871098,South,SANGRUR,UPS DORALI,Unplanned,Closed,2026-06-04T19:35:00Z,2026-06-04T21:00:00Z,85
1871108,West,BATHINDA,GUMTI UPS,Unplanned,Closed,2026-06-04T19:34:43Z,2026-06-04T19:54:53Z,20
1871131,Central,KHANNA,MANGARH ROAD,Unplanned,Closed,2026-06-04T19:34:00Z,2026-06-04T21:29:00Z,115
1871124,South,PATIALA,Ghuman Nagar,Unplanned,Closed,2026-06-04T19:33:15Z,2026-06-04T19:55:15Z,22
1871123,South,PATIALA,new anaj mandi,Unplanned,Closed,2026-06-04T19:33:15Z,2026-06-04T19:55:15Z,22
1871122,South,PATIALA,Industrial Estate New,Unplanned,Closed,2026-06-04T19:33:15Z,2026-06-04T19:55:15Z,22
1871121,South,PATIALA,HARINDER NAGAR,Unplanned,Closed,2026-06-04T19:33:15Z,2026-06-04T19:55:15Z,22
1871120,South,PATIALA,Deep nagar,Unplanned,Closed,2026-06-04T19:33:15Z,2026-06-04T19:55:15Z,22
1871119,South,PATIALA,11KV EKTA NAGAR,Unplanned,Closed,2026-06-04T19:33:15Z,2026-06-04T19:55:15Z,22
1871118,South,PATIALA,11KV AZAD NAGAR,Unplanned,Closed,2026-06-04T19:33:15Z,2026-06-04T19:55:15Z,22
1871117,South,PATIALA,FOCAL POINT-IV,Unplanned,Closed,2026-06-04T19:33:15Z,2026-06-04T19:55:15Z,22
1871116,South,PATIALA,Focal Point-II,Unplanned,Closed,2026-06-04T19:33:15Z,2026-06-04T19:55:15Z,22
1871115,South,PATIALA,Focal Point-III,Unplanned,Closed,2026-06-04T19:33:15Z,2026-06-04T19:55:15Z,22
1871114,South,PATIALA,11KV NARENDRA ENCLAVE,Unplanned,Closed,2026-06-04T19:33:15Z,2026-06-04T19:55:15Z,22
1871113,South,PATIALA,FACTORY AREA (NEW),Unplanned,Closed,2026-06-04T19:33:15Z,2026-06-04T19:55:15Z,22
1871112,South,PATIALA,DARSHAN SINGH NAGAR,Unplanned,Closed,2026-06-04T19:33:15Z,2026-06-04T19:55:15Z,22
1871092,Central,KHANNA,CITY-1,Unplanned,Closed,2026-06-04T19:33:00Z,2026-06-04T20:08:00Z,35
1871236,West,FARIDKOT,11 KV INDUSTRY,Unplanned,Closed,2026-06-04T19:31:00Z,2026-06-04T20:45:00Z,74
1871078,Border,SUB URBAN AMRITSAR,Hoshiar Nagar UPS,Unplanned,Closed,2026-06-04T19:30:29Z,2026-06-04T20:10:19Z,39
1871312,Central,KHANNA,KATANA SAHIB,Unplanned,Closed,2026-06-04T19:30:00Z,2026-06-04T21:10:00Z,100
1871291,Central,KHANNA,Sahpur,Unplanned,Closed,2026-06-04T19:30:00Z,2026-06-04T21:10:00Z,100
1871288,Central,KHANNA,Barmalipur city,Unplanned,Closed,2026-06-04T19:30:00Z,2026-06-04T21:10:00Z,100
1871285,Central,KHANNA,Alloona Miana,Unplanned,Closed,2026-06-04T19:30:00Z,2026-06-04T22:06:00Z,156
1871230,West,FARIDKOT,11 KV NIHAL SINGH WALA CAT-01,Unplanned,Closed,2026-06-04T19:30:00Z,2026-06-04T20:45:00Z,75
1871165,East,ROPAR,Nijjer Road,Unplanned,Closed,2026-06-04T19:30:00Z,2026-06-04T19:47:00Z,17
1871163,East,ROPAR,11 KV Chajjumajra,Unplanned,Closed,2026-06-04T19:30:00Z,2026-06-04T19:48:00Z,18
1871160,East,ROPAR,11 KV Plazzo ELite,Unplanned,Closed,2026-06-04T19:30:00Z,2026-06-04T19:48:00Z,18
1871157,East,ROPAR,PARADISE,Unplanned,Closed,2026-06-04T19:30:00Z,2026-06-04T19:48:00Z,18
1871156,East,ROPAR,11 KV Sunny Mandir,Unplanned,Closed,2026-06-04T19:30:00Z,2026-06-04T19:48:00Z,18
1871155,East,ROPAR,11 KV Old Sunny,Unplanned,Closed,2026-06-04T19:30:00Z,2026-06-04T19:48:00Z,18
1871085,West,BATHINDA,PARTAP NAGAR,Planned,Closed,2026-06-04T19:30:00Z,2026-06-04T19:42:40Z,12
1871080,North,KAPURTHALA,Fatehgarh,Unplanned,Closed,2026-06-04T19:30:00Z,2026-06-04T19:55:00Z,25
1871095,West,BATHINDA,KISSAN UPS,Unplanned,Closed,2026-06-04T19:29:00Z,2026-06-04T21:06:00Z,97
1871367,West,FEROZPUR,BASTI KERA UPS,Unplanned,Closed,2026-06-04T19:28:44Z,2026-06-04T23:16:44Z,228
1871366,West,FEROZPUR,Jodha Bhaini UPS,Unplanned,Closed,2026-06-04T19:28:44Z,2026-06-04T23:16:44Z,228
1871365,West,FEROZPUR,Gariba Sander,Unplanned,Closed,2026-06-04T19:28:44Z,2026-06-04T23:16:44Z,228
1871074,West,FARIDKOT,Tarewala UPS,Unplanned,Closed,2026-06-04T19:28:24Z,2026-06-04T20:32:31Z,64
1871081,Border,GURDASPUR,N.N.Bandha,Unplanned,Closed,2026-06-04T19:28:00Z,2026-06-04T19:52:00Z,24
1871125,East,ROPAR,Kansala,Unplanned,Closed,2026-06-04T19:25:00Z,2026-06-04T20:45:00Z,80
1871110,East,ROPAR,Ranguana,Unplanned,Closed,2026-06-04T19:25:00Z,2026-06-04T20:45:00Z,80
1871101,East,ROPAR,PTL,Unplanned,Closed,2026-06-04T19:25:00Z,2026-06-04T20:45:00Z,80
1871096,East,ROPAR,Chandpur,Unplanned,Closed,2026-06-04T19:25:00Z,2026-06-04T19:26:00Z,1
1871084,South,SANGRUR,Chhajli road,Unplanned,Closed,2026-06-04T19:24:00Z,2026-06-04T21:01:00Z,97
1871351,West,FEROZPUR,BAGHE KE UPS,Unplanned,Closed,2026-06-04T19:22:53Z,2026-06-04T23:16:53Z,234
1871350,West,FEROZPUR,Urban Dhandi Qudim,Unplanned,Closed,2026-06-04T19:22:53Z,2026-06-04T23:16:53Z,234
1871349,West,FEROZPUR,3 Ph 3 Wire Santokh Singh Wala,Unplanned,Closed,2026-06-04T19:22:53Z,2026-06-04T23:16:53Z,234
1871348,West,FEROZPUR,3Ph UPS (Peere Ke),Unplanned,Closed,2026-06-04T19:22:53Z,2026-06-04T23:16:53Z,234
1871347,West,FEROZPUR,Bop,Unplanned,Closed,2026-06-04T19:22:53Z,2026-06-04T23:16:53Z,234
1871103,Central,CITY WEST LUDHIANA,DHURI  LINE,Unplanned,Closed,2026-06-04T19:22:29Z,2026-06-04T21:15:06Z,112
1871094,West,BATHINDA,Baba dunna urban chawke,Unplanned,Closed,2026-06-04T19:21:00Z,2026-06-04T21:10:00Z,109
1871208,Border,GURDASPUR,11 KV Hothiyan Sahib,Unplanned,Closed,2026-06-04T19:20:00Z,2026-06-04T19:50:00Z,30
1871142,Border,SUB URBAN AMRITSAR,CHAND INDUSTRY,Unplanned,Closed,2026-06-04T19:20:00Z,2026-06-04T21:00:00Z,100
1871183,East,ROPAR,MODLE  TOWN,Unplanned,Closed,2026-06-04T19:18:00Z,2026-06-04T20:17:00Z,59
1871181,East,ROPAR,Dashmesh Nagar,Unplanned,Closed,2026-06-04T19:18:00Z,2026-06-04T20:17:00Z,59
1871180,East,ROPAR,SHIVJOT,Unplanned,Closed,2026-06-04T19:18:00Z,2026-06-04T20:17:00Z,59
1871179,East,ROPAR,KTM,Unplanned,Closed,2026-06-04T19:18:00Z,2026-06-04T20:17:00Z,59
1871178,East,ROPAR,MUNDI KHARAR,Unplanned,Closed,2026-06-04T19:18:00Z,2026-06-04T20:17:00Z,59
1871152,East,ROPAR,CITY,Unplanned,Closed,2026-06-04T19:18:00Z,2026-06-04T19:54:00Z,36
1871150,East,ROPAR,SABJI MANDI,Unplanned,Closed,2026-06-04T19:18:00Z,2026-06-04T19:54:00Z,36
1871148,East,ROPAR,MODEL TOWN,Unplanned,Closed,2026-06-04T19:18:00Z,2026-06-04T19:54:00Z,36
1871145,East,ROPAR,SHEIKHPURA,Unplanned,Closed,2026-06-04T19:18:00Z,2026-06-04T19:54:00Z,36
1871143,East,ROPAR,AKALGARH,Unplanned,Closed,2026-06-04T19:18:00Z,2026-06-04T19:54:00Z,36
1871140,East,ROPAR,CHINTGARH FEEDER,Unplanned,Closed,2026-06-04T19:18:00Z,2026-06-04T19:54:00Z,36
1871136,East,ROPAR,MILL,Unplanned,Closed,2026-06-04T19:18:00Z,2026-06-04T19:54:00Z,36
1871086,Central,CITY WEST LUDHIANA,KULAR,Unplanned,Closed,2026-06-04T19:17:01Z,2026-06-04T21:17:04Z,120
1871141,West,BATHINDA,CANAL,Unplanned,Closed,2026-06-04T19:15:00Z,2026-06-04T20:37:36Z,82
1871093,West,BATHINDA,LELEWALA,Unplanned,Closed,2026-06-04T19:15:00Z,2026-06-04T22:24:00Z,189
1871072,Border,SUB URBAN AMRITSAR,Harrar Kalan,Unplanned,Closed,2026-06-04T19:15:00Z,2026-06-04T19:45:00Z,30
1871054,South,BARNALA,UPS HAMIDI/GURMA,Unplanned,Closed,2026-06-04T19:15:00Z,2026-06-04T20:55:00Z,100
1871058,South,BARNALA,Patti Road City,Unplanned,Closed,2026-06-04T19:12:00Z,2026-06-04T21:05:00Z,113
1871069,West,BATHINDA,JAGGA RAM TIRTH,Unplanned,Closed,2026-06-04T19:11:00Z,2026-06-04T20:40:00Z,89
1871066,West,BATHINDA,Mansa Road,Unplanned,Closed,2026-06-04T19:11:00Z,2026-06-04T19:42:00Z,31
1871064,West,BATHINDA,Khark Singh Wala,Unplanned,Closed,2026-06-04T19:11:00Z,2026-06-05T00:42:00Z,331
1871063,West,BATHINDA,Burj Dhilwan,Unplanned,Closed,2026-06-04T19:11:00Z,2026-06-04T22:55:00Z,224
1871062,West,BATHINDA,DALYE WALI,Unplanned,Closed,2026-06-04T19:11:00Z,2026-06-04T20:45:00Z,94
1871139,West,BATHINDA,MOOSA CHUNGI,Unplanned,Closed,2026-06-04T19:10:00Z,2026-06-04T21:10:00Z,120
1871083,Central,SUB URBAN LUDHIANA,CITY-1,Unplanned,Closed,2026-06-04T19:10:00Z,2026-06-04T22:00:00Z,170
1871061,South,PATIALA,UPS Rohti Basta,Unplanned,Closed,2026-06-04T19:10:00Z,2026-06-04T19:25:00Z,15
1871056,South,BARNALA,SARVESH SPINNERS,Unplanned,Closed,2026-06-04T19:10:00Z,2026-06-04T19:50:00Z,40
1871055,South,BARNALA,INDUSTRIAL,Unplanned,Closed,2026-06-04T19:10:00Z,2026-06-04T19:52:00Z,42
1871053,West,MUKATSAR,Khuddian,Unplanned,Closed,2026-06-04T19:10:00Z,2026-06-04T20:20:00Z,70
1871051,North,NAWANSHAHR,Cremica,Unplanned,Closed,2026-06-04T19:10:00Z,2026-06-04T19:20:00Z,10
1871071,Central,CITY WEST LUDHIANA,D-BLOCK,Unplanned,Closed,2026-06-04T19:09:45Z,2026-06-04T21:31:31Z,141
1871047,North,JALANDHAR,FLAIR INTERNATIONAL,Unplanned,Closed,2026-06-04T19:09:21Z,2026-06-04T19:15:14Z,5
1871045,West,FARIDKOT,Kothe Chakk Bhag Singh Wala,Unplanned,Closed,2026-06-04T19:07:00Z,2026-06-04T20:50:00Z,103
1871216,Border,GURDASPUR,Partap Paper Mills,Unplanned,Closed,2026-06-04T19:05:00Z,2026-06-04T21:30:00Z,145
1871060,Border,TARN TARAN,BOHRU UPS,Unplanned,Closed,2026-06-04T19:05:00Z,2026-06-04T19:55:00Z,50
1871049,Border,GURDASPUR,CHHEENA VEERA (A.P.),Unplanned,Closed,2026-06-04T19:05:00Z,2026-06-04T20:15:00Z,70
1871035,South,PATIALA,DALIMA,Unplanned,Closed,2026-06-04T19:05:00Z,2026-06-04T19:20:00Z,15
1871033,South,SANGRUR,NH-7,Unplanned,Closed,2026-06-04T19:05:00Z,2026-06-04T19:25:00Z,20
1871015,West,FARIDKOT,MOGA-1,Unplanned,Closed,2026-06-04T19:04:08Z,2026-06-04T20:20:27Z,76
1871017,North,JALANDHAR,Karol bagh,Unplanned,Closed,2026-06-04T19:04:00Z,2026-06-04T19:34:00Z,30
1871030,East,ROPAR,Lamlehri,Unplanned,Closed,2026-06-04T19:02:00Z,2026-06-04T19:12:00Z,10
1871022,Border,GURDASPUR,Farida Nagar,Unplanned,Closed,2026-06-04T19:02:00Z,2026-06-04T19:24:00Z,22
1871020,Border,GURDASPUR,Rashpalma,Unplanned,Closed,2026-06-04T19:02:00Z,2026-06-04T19:18:00Z,16
1871018,Border,GURDASPUR,BHARIAL LAHRI,Unplanned,Closed,2026-06-04T19:02:00Z,2026-06-04T19:40:00Z,38
1871132,South,BARNALA,JAMALPURA,Unplanned,Closed,2026-06-04T19:01:00Z,2026-06-04T20:20:00Z,79
1871012,East,Zirakpur,PREET COLONY,Unplanned,Closed,2026-06-04T19:01:00Z,2026-06-04T19:16:00Z,15
1871190,South,PATIALA,JALALKHERA CAT-1,Unplanned,Closed,2026-06-04T19:00:00Z,2026-06-04T20:55:00Z,115
1871046,West,FARIDKOT,RASULPUR,Unplanned,Closed,2026-06-04T19:00:00Z,2026-06-04T19:41:18Z,41
1871038,West,BATHINDA,MODEL TOWN PHASE -1,Unplanned,Closed,2026-06-04T19:00:00Z,2026-06-04T20:06:00Z,66
1871028,South,PATIALA,UPS MIRJAPUR,Unplanned,Closed,2026-06-04T19:00:00Z,2026-06-04T19:15:00Z,15
1871014,North,NAWANSHAHR,11KV CITY-3,Unplanned,Closed,2026-06-04T19:00:00Z,2026-06-04T20:25:00Z,85
1871059,West,BATHINDA,Bhai Desa,Unplanned,Closed,2026-06-04T18:59:00Z,2026-06-05T02:20:00Z,441
1871026,West,MUKATSAR,11 KV Alamgarh,Unplanned,Closed,2026-06-04T18:59:00Z,2026-06-04T19:27:57Z,28
1871021,West,MUKATSAR,11 KV Patrewala,Unplanned,Closed,2026-06-04T18:59:00Z,2026-06-04T19:47:57Z,48
1871073,West,FARIDKOT,AKALSAR,Unplanned,Closed,2026-06-04T18:58:00Z,2026-06-04T19:18:00Z,20
1870978,North,JALANDHAR,CHOGITTI,Unplanned,Closed,2026-06-04T18:58:00Z,2026-06-04T18:59:00Z,1
1870988,North,JALANDHAR,MARKFED,Unplanned,Closed,2026-06-04T18:55:07Z,2026-06-04T19:20:31Z,25
1871044,West,BATHINDA,BHADRA URBAN,Unplanned,Closed,2026-06-04T18:55:00Z,2026-06-04T20:30:00Z,95
1871042,West,BATHINDA,Alampur UPS,Unplanned,Closed,2026-06-04T18:55:00Z,2026-06-04T20:31:00Z,96
1871041,South,BARNALA,Jagjitpura UPS,Unplanned,Closed,2026-06-04T18:55:00Z,2026-06-04T19:35:00Z,40
1871040,West,BATHINDA,BUNGA SAHIB UPS,Unplanned,Closed,2026-06-04T18:55:00Z,2026-06-04T20:37:00Z,102
1871039,South,BARNALA,Maur Nabha,Unplanned,Closed,2026-06-04T18:55:00Z,2026-06-04T20:25:00Z,90
1871037,South,BARNALA,UPS SANDOUR,Unplanned,Closed,2026-06-04T18:55:00Z,2026-06-04T20:01:00Z,66
1871034,South,BARNALA,Tapa-II,Unplanned,Closed,2026-06-04T18:55:00Z,2026-06-04T20:35:00Z,100
1871031,West,BATHINDA,11 KV H P Road,Unplanned,Closed,2026-06-04T18:55:00Z,2026-06-04T20:33:00Z,98
1871027,West,BATHINDA,Bus Stand Road,Unplanned,Closed,2026-06-04T18:55:00Z,2026-06-04T20:30:00Z,95
1871001,East,ROPAR,11 KV Sarsa Nangal,Unplanned,Closed,2026-06-04T18:55:00Z,2026-06-04T19:48:00Z,53
1870999,East,ROPAR,11 KV RTP,Unplanned,Closed,2026-06-04T18:55:00Z,2026-06-04T19:48:00Z,53
1870998,East,ROPAR,11KV Belian UPS FEEDER,Unplanned,Closed,2026-06-04T18:55:00Z,2026-06-04T19:48:00Z,53
1870997,East,ROPAR,11 KV Kakrala,Unplanned,Closed,2026-06-04T18:55:00Z,2026-06-04T19:48:00Z,53
1870994,East,ROPAR,11 KV Bharatgarh,Unplanned,Closed,2026-06-04T18:55:00Z,2026-06-04T19:48:00Z,53
1870992,West,FEROZPUR,Lalchian,Unplanned,Closed,2026-06-04T18:55:00Z,2026-06-04T19:45:00Z,50
1870990,North,NAWANSHAHR,11kv Behloor Kalan,Unplanned,Closed,2026-06-04T18:55:00Z,2026-06-04T19:45:00Z,50
1870989,South,SANGRUR,Ups Shadipur,Unplanned,Closed,2026-06-04T18:55:00Z,2026-06-04T20:10:00Z,75
1870973,Border,SUB URBAN AMRITSAR,11KV Jagiwal,Unplanned,Closed,2026-06-04T18:55:00Z,2026-06-04T19:45:00Z,50
1870963,West,FARIDKOT,11KV KHAMBE UPS..,Unplanned,Closed,2026-06-04T18:54:14Z,2026-06-04T21:00:00Z,125
1870961,West,FARIDKOT,NIDHANWALA,Unplanned,Closed,2026-06-04T18:54:14Z,2026-06-04T19:27:26Z,33
1870959,West,FARIDKOT,Green City UPS,Unplanned,Closed,2026-06-04T18:54:14Z,2026-06-04T23:28:00Z,273
1871003,West,BATHINDA,Budhlada URBAN,Unplanned,Closed,2026-06-04T18:53:00Z,2026-06-04T20:33:00Z,100
1871002,West,BATHINDA,Boha Raod,Unplanned,Closed,2026-06-04T18:53:00Z,2026-06-04T20:30:00Z,97
1870980,West,FARIDKOT,Industrial,Unplanned,Closed,2026-06-04T18:52:00Z,2026-06-04T19:12:00Z,20
1870977,West,BATHINDA,Chehlawala,Unplanned,Closed,2026-06-04T18:51:00Z,2026-06-04T19:52:00Z,61
1870952,North,HOSHIARPUR,KHARDEHER,Unplanned,Closed,2026-06-04T18:51:00Z,2026-06-04T19:42:00Z,51
1870950,North,HOSHIARPUR,LAROYA,Unplanned,Closed,2026-06-04T18:51:00Z,2026-06-04T19:35:00Z,44
1870947,North,HOSHIARPUR,KOLYA,Unplanned,Closed,2026-06-04T18:51:00Z,2026-06-04T18:58:00Z,7
1870943,North,HOSHIARPUR,RAMPUR,Unplanned,Closed,2026-06-04T18:51:00Z,2026-06-04T19:20:00Z,29
1870940,North,HOSHIARPUR,11 KV Shri Guru Nanak Nagar,Unplanned,Closed,2026-06-04T18:51:00Z,2026-06-04T19:08:00Z,17
1871100,Border,TARN TARAN,UPS Kotli,Unplanned,Closed,2026-06-04T18:50:00Z,2026-06-04T21:15:14Z,145
1871048,South,PATIALA,Jain Ice,Unplanned,Closed,2026-06-04T18:50:00Z,2026-06-04T19:56:00Z,66
1871032,South,BARNALA,Barnala Road,Unplanned,Closed,2026-06-04T18:50:00Z,2026-06-04T20:40:00Z,110
1870981,Border,GURDASPUR,THEKERIWAL,Unplanned,Closed,2026-06-04T18:50:00Z,2026-06-04T19:45:00Z,55
1870972,South,PATIALA,UPS RURKI,Unplanned,Closed,2026-06-04T18:50:00Z,2026-06-05T07:10:00Z,740
1870970,South,PATIALA,SOGALPUR UPS,Unplanned,Closed,2026-06-04T18:50:00Z,2026-06-04T22:30:00Z,220
1870968,South,PATIALA,UPS CHAMARU,Unplanned,Closed,2026-06-04T18:50:00Z,2026-06-04T19:20:04Z,30
1870967,South,PATIALA,GHANAUR,Unplanned,Closed,2026-06-04T18:50:00Z,2026-06-04T21:35:00Z,165
1870966,South,PATIALA,UPS BHAGORA,Unplanned,Closed,2026-06-04T18:50:00Z,2026-06-04T21:50:00Z,180
1870965,South,PATIALA,Hospital feeder,Unplanned,Closed,2026-06-04T18:50:00Z,2026-06-04T21:40:00Z,170
1870964,South,PATIALA,UPS MARU,Unplanned,Closed,2026-06-04T18:50:00Z,2026-06-05T06:10:00Z,680
1870957,East,ROPAR,11 KV Paharpur,Unplanned,Closed,2026-06-04T18:50:00Z,2026-06-04T19:42:00Z,52
1870956,East,ROPAR,11 KV Moura,Unplanned,Closed,2026-06-04T18:50:00Z,2026-06-04T19:50:00Z,60
1870955,East,ROPAR,11 KV Gajhpur,Unplanned,Closed,2026-06-04T18:50:00Z,2026-06-04T19:42:00Z,52
1870953,East,ROPAR,11 KV Kotla,Unplanned,Closed,2026-06-04T18:50:00Z,2026-06-04T19:42:00Z,52
1870951,East,ROPAR,11 KV Kiratpur Sahib,Unplanned,Closed,2026-06-04T18:50:00Z,2026-06-04T19:38:00Z,48
1870946,East,ROPAR,ABIANA,Unplanned,Closed,2026-06-04T18:50:00Z,2026-06-04T19:48:00Z,58
1870944,East,ROPAR,Bhatton,Unplanned,Closed,2026-06-04T18:50:00Z,2026-06-04T19:48:00Z,58
1870942,East,ROPAR,SRAIN,Unplanned,Closed,2026-06-04T18:50:00Z,2026-06-04T19:48:00Z,58
1870938,East,ROPAR,TIBBA TAPPRIAN,Unplanned,Closed,2026-06-04T18:50:00Z,2026-06-04T19:50:00Z,60
1870936,East,ROPAR,BAINS,Unplanned,Closed,2026-06-04T18:50:00Z,2026-06-04T19:50:00Z,60
1870935,East,ROPAR,JHANDIAN,Unplanned,Closed,2026-06-04T18:50:00Z,2026-06-04T19:50:00Z,60
1870937,North,HOSHIARPUR,BHOGPUR NO 2,Unplanned,Closed,2026-06-04T18:49:00Z,2026-06-04T19:41:00Z,52
1870934,North,HOSHIARPUR,Bhogpur,Unplanned,Closed,2026-06-04T18:49:00Z,2026-06-04T19:41:00Z,52
1871057,North,JALANDHAR,11 KV New Ashok Nagar,Unplanned,Closed,2026-06-04T18:48:00Z,2026-06-04T19:22:00Z,34
1870979,South,PATIALA,Sarabha Nagar feeder,Unplanned,Closed,2026-06-04T18:48:00Z,2026-06-04T20:10:00Z,82
1870933,Central,KHANNA,Motia Khan,Unplanned,Closed,2026-06-04T18:48:00Z,2026-06-04T20:40:00Z,112
1870928,Central,CITY EAST LUDHIANA,NEW VISHNUPURI,Unplanned,Closed,2026-06-04T18:47:00Z,2026-06-04T19:38:00Z,51
1871023,North,JALANDHAR,NIHAL GARGH,Unplanned,Closed,2026-06-04T18:46:00Z,2026-06-04T19:55:00Z,69
1871019,North,JALANDHAR,INDUSTRY AREA,Unplanned,Closed,2026-06-04T18:46:00Z,2026-06-04T19:35:00Z,49
1871016,North,JALANDHAR,GT ROAD,Unplanned,Closed,2026-06-04T18:46:00Z,2026-06-04T21:10:00Z,144
1870896,West,MUKATSAR,LINK NO. 1,Unplanned,Closed,2026-06-04T18:46:00Z,2026-06-04T19:38:00Z,52
1871036,Central,CITY EAST LUDHIANA,SAVIDHI,Unplanned,Closed,2026-06-04T18:45:32Z,2026-06-04T20:02:00Z,76
1871075,West,MUKATSAR,MOTLEWALA,Unplanned,Closed,2026-06-04T18:45:00Z,2026-06-04T19:42:00Z,57
1871052,Central,CITY EAST LUDHIANA,New Sahibana,Unplanned,Closed,2026-06-04T18:45:00Z,2026-06-04T19:23:00Z,38
1871043,Central,CITY EAST LUDHIANA,CHANDIGARH ROAD,Unplanned,Closed,2026-06-04T18:45:00Z,2026-06-04T19:19:04Z,34
1871025,Border,GURDASPUR,11 KV Said Mubarak,Unplanned,Closed,2026-06-04T18:45:00Z,2026-06-04T19:35:00Z,50
1870996,West,FARIDKOT,"11 KV GURUDWARA RD, CAT-01",Unplanned,Closed,2026-06-04T18:45:00Z,2026-06-04T19:52:00Z,67
1870969,West,BATHINDA,KOT GURU,Unplanned,Closed,2026-06-04T18:45:00Z,2026-06-04T19:40:27Z,55
1870924,West,MUKATSAR,Bajak,Unplanned,Closed,2026-06-04T18:45:00Z,2026-06-04T19:05:00Z,20
1870954,Border,GURDASPUR,Irrigation,Unplanned,Closed,2026-06-04T18:44:00Z,2026-06-04T18:59:00Z,15
1870887,Central,CITY WEST LUDHIANA,SHIMLA PURI FEEDER,Unplanned,Closed,2026-06-04T18:43:36Z,2026-06-04T20:43:10Z,119
1870888,South,PATIALA,11 kv vikas  nagar,Unplanned,Closed,2026-06-04T18:42:00Z,2026-06-04T18:56:00Z,14
1871050,South,BARNALA,PHARWAHI ROAD,Unplanned,Closed,2026-06-04T18:40:00Z,2026-06-04T20:20:00Z,100
1871029,North,NAWANSHAHR,Apra,Unplanned,Closed,2026-06-04T18:40:00Z,2026-06-04T18:58:00Z,18
1871000,North,JALANDHAR,RAIWAY WORKSHOP,Unplanned,Closed,2026-06-04T18:40:00Z,2026-06-04T19:22:00Z,42
1870995,North,JALANDHAR,SOFIPIND,Unplanned,Closed,2026-06-04T18:40:00Z,2026-06-04T19:30:00Z,50
1870993,North,JALANDHAR,TV TOWER,Unplanned,Closed,2026-06-04T18:40:00Z,2026-06-04T19:05:00Z,25
1870991,North,JALANDHAR,PAP,Unplanned,Closed,2026-06-04T18:40:00Z,2026-06-04T20:03:00Z,83
1870971,South,SANGRUR,UPS-1,Unplanned,Closed,2026-06-04T18:40:00Z,2026-06-04T19:40:00Z,60
1870960,West,BATHINDA,11 kv Dera mastan das,Unplanned,Closed,2026-06-04T18:40:00Z,2026-06-04T19:40:00Z,60
1870949,North,KAPURTHALA,URBAN NADALA,Unplanned,Closed,2026-06-04T18:40:00Z,2026-06-04T20:32:00Z,112
1870948,North,KAPURTHALA,UPS MIRZAPUR,Unplanned,Closed,2026-06-04T18:40:00Z,2026-06-04T20:13:00Z,93
1870945,North,KAPURTHALA,UPS MODEL TOWN,Unplanned,Closed,2026-06-04T18:40:00Z,2026-06-04T19:30:00Z,50
1870941,North,KAPURTHALA,UPS IBBRAHIMWAL,Unplanned,Closed,2026-06-04T18:40:00Z,2026-06-04T20:30:00Z,110
1870939,North,KAPURTHALA,UPS MAND,Unplanned,Closed,2026-06-04T18:40:00Z,2026-06-04T18:55:00Z,15
1870931,South,SANGRUR,Badesha,Unplanned,Closed,2026-06-04T18:40:00Z,2026-06-04T19:55:00Z,75
1870929,South,SANGRUR,Gurbaxpura,Unplanned,Closed,2026-06-04T18:40:00Z,2026-06-04T19:40:00Z,60
1870895,South,BARNALA,RADAR CAT 4,Unplanned,Closed,2026-06-04T18:40:00Z,2026-06-04T19:55:00Z,75
1870894,South,BARNALA,Sanghera Road,Unplanned,Closed,2026-06-04T18:40:00Z,2026-06-04T20:15:00Z,95
1870890,South,BARNALA,Sekha Road,Unplanned,Closed,2026-06-04T18:40:00Z,2026-06-04T20:30:00Z,110
1870886,South,PATIALA,UPS Prour,Unplanned,Closed,2026-06-04T18:40:00Z,2026-06-04T19:33:00Z,53
1870884,North,JALANDHAR,VIEW ESTATE,Unplanned,Closed,2026-06-04T18:40:00Z,2026-06-04T19:00:00Z,20
1870874,Central,CITY WEST LUDHIANA,GOLDEN PARK,Unplanned,Closed,2026-06-04T18:38:28Z,2026-06-04T19:31:14Z,52
1871068,East,MOHALI,11kv University Feeder,Unplanned,Closed,2026-06-04T18:38:00Z,2026-06-04T20:01:09Z,83
1871067,East,MOHALI,TEPLA ROAD BANUR,Unplanned,Closed,2026-06-04T18:38:00Z,2026-06-04T20:02:29Z,84
1871065,East,MOHALI,BANUR URBAN 1,Unplanned,Closed,2026-06-04T18:38:00Z,2026-06-04T19:28:17Z,50
1870962,East,ROPAR,Dher,Unplanned,Closed,2026-06-04T18:36:00Z,2026-06-04T18:56:00Z,20
1870926,North,NAWANSHAHR,MALPUR,Unplanned,Closed,2026-06-04T18:36:00Z,2026-06-04T19:35:00Z,59
1870893,North,NAWANSHAHR,24 HRS RAHON,Unplanned,Closed,2026-06-04T18:36:00Z,2026-06-04T19:35:00Z,59
1870891,North,NAWANSHAHR,Hussain Chack,Unplanned,Closed,2026-06-04T18:36:00Z,2026-06-04T19:35:00Z,59
1871013,Border,GURDASPUR,Shankarpura,Unplanned,Closed,2026-06-04T18:35:00Z,2026-06-04T21:30:00Z,175
1870958,East,ROPAR,11KV Chandesar,Unplanned,Closed,2026-06-04T18:35:00Z,2026-06-04T19:15:00Z,40
1870873,North,NAWANSHAHR,Kang Arayian,Unplanned,Closed,2026-06-04T18:35:00Z,2026-06-04T19:20:00Z,45
1870857,North,JALANDHAR,FATEHGARH,Unplanned,Closed,2026-06-04T18:35:00Z,2026-06-04T19:10:00Z,35
1870851,North,JALANDHAR,HSP ROAD,Unplanned,Closed,2026-06-04T18:35:00Z,2026-06-04T18:55:00Z,20
1870829,Central,CITY EAST LUDHIANA,OSWAL,Unplanned,Closed,2026-06-04T18:34:23Z,2026-06-04T19:34:26Z,60
1870823,Central,CITY EAST LUDHIANA,METRO,Unplanned,Closed,2026-06-04T18:34:23Z,2026-06-04T19:34:26Z,60
1870819,Central,CITY EAST LUDHIANA,METRO AZAD,Unplanned,Closed,2026-06-04T18:34:23Z,2026-06-04T19:34:26Z,60
1870826,West,BATHINDA,INDUSTRIAL COMPLEX,Unplanned,Closed,2026-06-04T18:34:00Z,2026-06-04T19:42:00Z,68
1871192,North,JALANDHAR,SABOWAL,Unplanned,Closed,2026-06-04T18:33:00Z,2026-06-04T19:55:00Z,82
1870841,North,JALANDHAR,L.I.C,Unplanned,Closed,2026-06-04T18:32:30Z,2026-06-04T19:28:29Z,55
1870840,North,JALANDHAR,COOL ROAD,Unplanned,Closed,2026-06-04T18:32:30Z,2026-06-04T19:28:52Z,56
1870837,North,JALANDHAR,NEW JAWAHAR NAGAR,Unplanned,Closed,2026-06-04T18:32:30Z,2026-06-04T19:28:58Z,56
1870813,Central,CITY WEST LUDHIANA,DHURI  LINE,Unplanned,Closed,2026-06-04T18:32:08Z,2026-06-04T19:06:08Z,34
1870812,Central,CITY WEST LUDHIANA,TIKONA PARK,Unplanned,Closed,2026-06-04T18:32:08Z,2026-06-04T19:07:12Z,35
1871011,West,BATHINDA,GULAB GARH,Unplanned,Closed,2026-06-04T18:31:00Z,2026-06-04T20:18:00Z,107
1870872,East,MOHALI,11 KV Azad Nagar,Unplanned,Closed,2026-06-04T18:30:52Z,2026-06-04T19:12:44Z,41
1870878,North,NAWANSHAHR,UPS-2,Unplanned,Closed,2026-06-04T18:30:41Z,2026-06-04T18:41:47Z,11
1870932,West,BATHINDA,GURU NANAK PURA,Unplanned,Closed,2026-06-04T18:30:00Z,2026-06-04T20:50:00Z,140
1870930,Central,CITY EAST LUDHIANA,LOVELY DYEING,Unplanned,Closed,2026-06-04T18:30:00Z,2026-06-04T19:26:06Z,56
1870925,Border,GURDASPUR,Sukha chirra,Unplanned,Closed,2026-06-04T18:30:00Z,2026-06-04T19:20:00Z,50
1870885,South,PATIALA,UPS ALIPUR,Unplanned,Closed,2026-06-04T18:30:00Z,2026-06-04T19:00:00Z,30
1870881,Border,TARN TARAN,Sarhali Road,Unplanned,Closed,2026-06-04T18:30:00Z,2026-06-04T20:05:00Z,95
1870867,East,ROPAR,Nurpur Bedi,Unplanned,Closed,2026-06-04T18:30:00Z,2026-06-04T19:35:00Z,65
1870865,East,ROPAR,SAIDPUR,Unplanned,Closed,2026-06-04T18:30:00Z,2026-06-04T19:35:00Z,65
1870864,East,ROPAR,Haripur,Unplanned,Closed,2026-06-04T18:30:00Z,2026-06-04T19:35:00Z,65
1870863,East,ROPAR,Asmanpur,Unplanned,Closed,2026-06-04T18:30:00Z,2026-06-04T19:35:00Z,65
1870862,Border,TARN TARAN,KOT MEHTAB URBAN,Unplanned,Closed,2026-06-04T18:30:00Z,2026-06-04T20:30:00Z,120
1870858,North,NAWANSHAHR,Focal Point,Unplanned,Closed,2026-06-04T18:30:00Z,2026-06-04T19:50:00Z,80
1870855,East,ROPAR,HIYATPUR,Unplanned,Closed,2026-06-04T18:30:00Z,2026-06-04T19:35:00Z,65
1870852,East,ROPAR,Jhangrian,Unplanned,Closed,2026-06-04T18:30:00Z,2026-06-04T19:35:00Z,65
1870850,East,ROPAR,BARWA,Unplanned,Closed,2026-06-04T18:30:00Z,2026-06-04T19:35:00Z,65
1870848,East,ROPAR,Bassi,Unplanned,Closed,2026-06-04T18:30:00Z,2026-06-04T19:35:00Z,65
1870846,Border,SUB URBAN AMRITSAR,RAJASANSI/HC,Unplanned,Closed,2026-06-04T18:30:00Z,2026-06-04T19:30:00Z,60
1870845,East,ROPAR,BHAINI,Unplanned,Closed,2026-06-04T18:30:00Z,2026-06-04T19:35:00Z,65
1870844,East,ROPAR,MUKARI,Unplanned,Closed,2026-06-04T18:30:00Z,2026-06-04T19:35:00Z,65
1870842,East,ROPAR,Thana,Unplanned,Closed,2026-06-04T18:30:00Z,2026-06-04T19:35:00Z,65
1870834,West,FARIDKOT,Kothe Warring (Samgh),Unplanned,Closed,2026-06-04T18:30:00Z,2026-06-04T20:05:00Z,95
1870830,Border,GURDASPUR,CITY 2,Unplanned,Closed,2026-06-04T18:30:00Z,2026-06-04T18:45:00Z,15
1870815,South,BARNALA,Green Colony,Unplanned,Closed,2026-06-04T18:30:00Z,2026-06-04T19:45:00Z,75
1870810,West,MUKATSAR,Salemshah UPS,Unplanned,Closed,2026-06-04T18:30:00Z,2026-06-04T18:43:00Z,13
1870809,Central,CITY EAST LUDHIANA,GREATWAY,Unplanned,Closed,2026-06-04T18:29:19Z,2026-06-04T19:31:23Z,62
1870797,West,FARIDKOT,Chodhri wala UPS,Unplanned,Closed,2026-06-04T18:29:00Z,2026-06-04T19:47:39Z,78
1870923,Central,CITY EAST LUDHIANA,D007-11 KV VIJAY NAGAR,Unplanned,Closed,2026-06-04T18:25:15Z,2026-06-04T19:15:15Z,50
1870922,Central,CITY EAST LUDHIANA,11 KV KIDWAI NAGAR,Unplanned,Closed,2026-06-04T18:25:15Z,2026-06-04T19:15:15Z,50
1870921,Central,CITY EAST LUDHIANA,Ganesh Nagar,Unplanned,Closed,2026-06-04T18:25:15Z,2026-06-04T19:15:15Z,50
1870920,Central,CITY EAST LUDHIANA,RAJ SANDEEP,Unplanned,Closed,2026-06-04T18:25:15Z,2026-06-04T19:46:15Z,81
1870919,Central,CITY EAST LUDHIANA,TAJ GANJ,Unplanned,Closed,2026-06-04T18:25:15Z,2026-06-04T19:15:15Z,50
1870918,Central,CITY EAST LUDHIANA,11KV Guru Teg feeder,Unplanned,Closed,2026-06-04T18:25:15Z,2026-06-04T19:37:15Z,72
1870917,Central,CITY EAST LUDHIANA,11KV Mahindra Colony,Unplanned,Closed,2026-06-04T18:25:15Z,2026-06-04T19:35:15Z,70
1870916,Central,CITY EAST LUDHIANA,VENUS WOLLEN MILLS,Unplanned,Closed,2026-06-04T18:25:15Z,2026-06-04T19:36:15Z,71
1870915,Central,CITY EAST LUDHIANA,SACHDEVA,Unplanned,Closed,2026-06-04T18:25:15Z,2026-06-04T19:35:15Z,70
1870914,Central,CITY EAST LUDHIANA,NAHAR SPG,Unplanned,Closed,2026-06-04T18:25:15Z,2026-06-04T19:25:15Z,60
1870913,Central,CITY EAST LUDHIANA,OSWAL,Unplanned,Closed,2026-06-04T18:25:15Z,2026-06-04T19:15:15Z,50
1870912,Central,CITY EAST LUDHIANA,BROWN ROAD,Unplanned,Closed,2026-06-04T18:25:15Z,2026-06-04T19:15:15Z,50
1870911,Central,CITY EAST LUDHIANA,LINK ROAD,Unplanned,Closed,2026-06-04T18:25:15Z,2026-06-04T19:15:15Z,50
1870910,Central,CITY EAST LUDHIANA,11 KV Om Processor,Unplanned,Closed,2026-06-04T18:25:15Z,2026-06-04T19:39:15Z,74
1870909,Central,CITY EAST LUDHIANA,11 KV Shiv Chowk,Unplanned,Closed,2026-06-04T18:25:15Z,2026-06-04T19:24:15Z,59
1870908,Central,CITY EAST LUDHIANA,Voltan industry,Unplanned,Closed,2026-06-04T18:25:15Z,2026-06-04T19:25:15Z,60
1870907,Central,CITY EAST LUDHIANA,TEXTILE,Unplanned,Closed,2026-06-04T18:25:15Z,2026-06-04T19:25:15Z,60
1870906,Central,CITY EAST LUDHIANA,WEST,Unplanned,Closed,2026-06-04T18:25:15Z,2026-06-04T19:15:15Z,50
1870905,Central,CITY EAST LUDHIANA,R.K.,Unplanned,Closed,2026-06-04T18:25:15Z,2026-06-04T19:30:15Z,65
1870904,Central,CITY EAST LUDHIANA,DOHLEWAL,Unplanned,Closed,2026-06-04T18:25:15Z,2026-06-04T19:15:15Z,50
1870903,Central,CITY EAST LUDHIANA,KAILASH NAGAR,Unplanned,Closed,2026-06-04T18:25:15Z,2026-06-04T19:25:15Z,60
1870902,Central,CITY EAST LUDHIANA,suffion,Unplanned,Closed,2026-06-04T18:25:15Z,2026-06-04T19:15:15Z,50
1870901,Central,CITY EAST LUDHIANA,HANUMAN MANDIR,Unplanned,Closed,2026-06-04T18:25:15Z,2026-06-04T19:52:15Z,87
1870900,Central,CITY EAST LUDHIANA,TUBEWELL,Unplanned,Closed,2026-06-04T18:25:15Z,2026-06-04T19:23:15Z,58
1870899,Central,CITY EAST LUDHIANA,MES,Unplanned,Closed,2026-06-04T18:25:15Z,2026-06-04T19:13:15Z,48
1870898,Central,CITY EAST LUDHIANA,COMMAN WEALTH,Unplanned,Closed,2026-06-04T18:25:15Z,2026-06-04T19:15:15Z,50
1870897,Central,CITY EAST LUDHIANA,pearl,Unplanned,Closed,2026-06-04T18:25:15Z,2026-06-04T19:26:15Z,61
1870927,West,FARIDKOT,11 KV BAGHAPURANA URBAN CAT-01,Unplanned,Closed,2026-06-04T18:25:00Z,2026-06-04T20:25:00Z,120
1870892,West,BATHINDA,STATION WALA,Unplanned,Closed,2026-06-04T18:25:00Z,2026-06-04T19:53:29Z,88
1870882,Border,SUB URBAN AMRITSAR,JIJEANI UPS,Unplanned,Closed,2026-06-04T18:25:00Z,2026-06-04T21:15:00Z,170
1870839,West,BATHINDA,MANSA ROAD (NEW),Unplanned,Closed,2026-06-04T18:25:00Z,2026-06-04T20:15:00Z,110
1870817,North,NAWANSHAHR,MUTHADA UPS,Unplanned,Closed,2026-06-04T18:25:00Z,2026-06-04T19:35:00Z,70
1870768,West,FARIDKOT,MAANA WALA UPS,Unplanned,Closed,2026-06-04T18:25:00Z,2026-06-04T18:59:00Z,34
1870755,Border,SUB URBAN AMRITSAR,BASKEGILLAN UPS,Unplanned,Closed,2026-06-04T18:24:15Z,2026-06-04T18:54:34Z,30
1870774,North,HOSHIARPUR,MODEL  TOWN,Unplanned,Closed,2026-06-04T18:24:00Z,2026-06-04T18:52:00Z,28
1870773,North,HOSHIARPUR,khudda,Unplanned,Closed,2026-06-04T18:24:00Z,2026-06-04T18:25:00Z,1
1870772,North,HOSHIARPUR,KHUN-2 KALAN,Unplanned,Closed,2026-06-04T18:24:00Z,2026-06-04T18:41:00Z,17
1870756,North,JALANDHAR,11KV CHANDAN NAGAR,Unplanned,Closed,2026-06-04T18:22:52Z,2026-06-04T18:49:00Z,26
1870777,North,NAWANSHAHR,UPS-5,Unplanned,Closed,2026-06-04T18:22:23Z,2026-06-04T18:45:04Z,22
1870776,North,NAWANSHAHR,UPS-3,Unplanned,Closed,2026-06-04T18:22:23Z,2026-06-04T18:41:28Z,19
1870775,North,NAWANSHAHR,UPS-1,Unplanned,Closed,2026-06-04T18:22:23Z,2026-06-04T19:08:47Z,46
1870838,North,NAWANSHAHR,KAMALPUR,Unplanned,Closed,2026-06-04T18:22:00Z,2026-06-04T19:22:00Z,60
1870836,North,NAWANSHAHR,RATTEWAL,Unplanned,Closed,2026-06-04T18:22:00Z,2026-06-04T19:22:00Z,60
1870835,North,NAWANSHAHR,JINDAPUR,Unplanned,Closed,2026-06-04T18:22:00Z,2026-06-04T19:22:00Z,60
1870833,North,NAWANSHAHR,DIBHALI,Unplanned,Closed,2026-06-04T18:22:00Z,2026-06-04T19:22:00Z,60
1870828,North,NAWANSHAHR,PANYALI,Unplanned,Closed,2026-06-04T18:22:00Z,2026-06-04T19:22:00Z,60
1870825,North,NAWANSHAHR,GOLUMAJRA,Unplanned,Closed,2026-06-04T18:22:00Z,2026-06-04T19:22:00Z,60
1870824,North,NAWANSHAHR,BALLOWAL,Unplanned,Closed,2026-06-04T18:22:00Z,2026-06-04T19:22:00Z,60
1870821,North,NAWANSHAHR,HEDONBET,Unplanned,Closed,2026-06-04T18:22:00Z,2026-06-04T19:22:00Z,60
1870818,North,NAWANSHAHR,KATHGARH,Unplanned,Closed,2026-06-04T18:22:00Z,2026-06-04T19:22:00Z,60
1870770,West,MUKATSAR,UPS No. 2 Rana,Unplanned,Closed,2026-06-04T18:21:00Z,2026-06-04T19:11:00Z,50
1870765,West,MUKATSAR,Rana Urban,Unplanned,Closed,2026-06-04T18:21:00Z,2026-06-04T19:04:00Z,43
1870976,South,PATIALA,Chandigarh Road,Unplanned,Closed,2026-06-04T18:20:00Z,2026-06-04T19:20:00Z,60
1870889,South,PATIALA,11kV Saran Patti,Unplanned,Closed,2026-06-04T18:20:00Z,2026-06-04T19:40:00Z,80
1870877,Border,SUB URBAN AMRITSAR,Chamiary,Unplanned,Closed,2026-06-04T18:20:00Z,2026-06-04T18:40:00Z,20
1870875,Border,SUB URBAN AMRITSAR,Makowal UPS,Unplanned,Closed,2026-06-04T18:20:00Z,2026-06-04T19:50:00Z,90
1870868,Border,SUB URBAN AMRITSAR,24 HOURS MATENANGAL,Unplanned,Closed,2026-06-04T18:20:00Z,2026-06-04T19:01:00Z,41
1870832,West,MUKATSAR,11 KV Alamgarh,Unplanned,Closed,2026-06-04T18:20:00Z,2026-06-04T18:38:00Z,18
1870827,North,NAWANSHAHR,Dosanjh UPS,Unplanned,Closed,2026-06-04T18:20:00Z,2026-06-04T19:00:00Z,40
1870822,North,NAWANSHAHR,Rurka Kalan,Unplanned,Closed,2026-06-04T18:20:00Z,2026-06-04T18:55:00Z,35
1870820,West,MUKATSAR,11 KV GANGA NAGAR ROAD,Unplanned,Closed,2026-06-04T18:20:00Z,2026-06-04T18:39:00Z,19
1870816,West,FEROZPUR,Town - 3,Unplanned,Closed,2026-06-04T18:20:00Z,2026-06-04T18:55:00Z,35
1870808,South,BARNALA,Manvi UPS,Unplanned,Closed,2026-06-04T18:20:00Z,2026-06-04T19:50:00Z,90
1870806,South,PATIALA,UPS DHANGERA,Unplanned,Closed,2026-06-04T18:20:00Z,2026-06-04T18:50:00Z,30
1870798,North,JALANDHAR,DOABA CHOWK,Unplanned,Closed,2026-06-04T18:20:00Z,2026-06-04T20:30:00Z,130
1870769,North,JALANDHAR,11 KV LAW GATE FEEDER,Unplanned,Closed,2026-06-04T18:20:00Z,2026-06-04T18:30:00Z,10
1870767,Border,TARN TARAN,11 KV Industrial Feeder,Unplanned,Closed,2026-06-04T18:20:00Z,2026-06-04T20:01:00Z,101
1870766,Border,TARN TARAN,Goindwal Road Urban.,Unplanned,Closed,2026-06-04T18:20:00Z,2026-06-04T20:01:00Z,101
1870761,Border,TARN TARAN,Jandiala Road Urban.,Unplanned,Closed,2026-06-04T18:20:00Z,2026-06-04T20:01:00Z,101
1870722,Border,GURDASPUR,City,Unplanned,Closed,2026-06-04T18:20:00Z,2026-06-04T18:22:00Z,2
1870717,Border,GURDASPUR,Hospital,Unplanned,Closed,2026-06-04T18:20:00Z,2026-06-04T18:22:00Z,2
1870758,West,FARIDKOT,11 KV Dana Mandi,Unplanned,Closed,2026-06-04T18:19:28Z,2026-06-04T19:45:48Z,86
1870714,West,FARIDKOT,KANER,Unplanned,Closed,2026-06-04T18:19:28Z,2026-06-04T20:27:39Z,128
1870853,North,JALANDHAR,GOL MARKET,Unplanned,Closed,2026-06-04T18:19:00Z,2026-06-04T18:55:00Z,36
1870703,Border,CITY AMRITSAR,MAQBOOL ROAD,Unplanned,Closed,2026-06-04T18:17:37Z,2026-06-04T18:47:40Z,30
1870757,East,MOHALI,11 kv sec 54A,Unplanned,Closed,2026-06-04T18:17:26Z,2026-06-04T18:43:31Z,26
1870805,East,ROPAR,11 KV Dhanoor,Unplanned,Closed,2026-06-04T18:15:18Z,2026-06-04T18:55:18Z,40
1870804,East,ROPAR,11 KV SHERIAN UPS,Unplanned,Closed,2026-06-04T18:15:18Z,2026-06-04T18:56:18Z,41
1870803,East,ROPAR,Sub station Transformer heddon,Unplanned,Closed,2026-06-04T18:15:18Z,2026-06-04T18:56:18Z,41
1870802,East,ROPAR,11 KV BAIRSAL KALAN,Unplanned,Closed,2026-06-04T18:15:18Z,2026-06-04T18:56:18Z,41
1870801,East,ROPAR,Guga Marri,Unplanned,Closed,2026-06-04T18:15:18Z,2026-06-04T18:55:18Z,40
1870800,East,ROPAR,11 KV Headdon Bet,Unplanned,Closed,2026-06-04T18:15:18Z,2026-06-04T18:55:18Z,40
1870794,East,ROPAR,66 KV Adhunik Alloys,Unplanned,Closed,2026-06-04T18:15:07Z,2026-06-04T18:55:07Z,40
1870793,East,ROPAR,66 KV Shiva Tax Feb,Unplanned,Closed,2026-06-04T18:15:07Z,2026-06-04T18:55:07Z,40
1870792,East,ROPAR,Gani Khan Nabi Khan,Unplanned,Closed,2026-06-04T18:15:07Z,2026-06-04T18:56:07Z,41
1870791,East,ROPAR,Udhowal kalan,Unplanned,Closed,2026-06-04T18:15:07Z,2026-06-04T18:55:07Z,40
1870790,East,ROPAR,KOHARA ROAD,Unplanned,Closed,2026-06-04T18:15:07Z,2026-06-04T18:55:07Z,40
1870789,East,ROPAR,11 KV Bindra Ispat,Unplanned,Closed,2026-06-04T18:15:07Z,2026-06-04T18:55:07Z,40
1870788,East,ROPAR,11 KV Machiwara,Unplanned,Closed,2026-06-04T18:15:07Z,2026-06-04T18:55:07Z,40
1870787,East,ROPAR,SUB STATION TRANSFORMER,Unplanned,Closed,2026-06-04T18:15:07Z,2026-06-04T18:55:07Z,40
1870786,East,ROPAR,Urna,Unplanned,Closed,2026-06-04T18:15:07Z,2026-06-04T18:55:07Z,40
1870785,East,ROPAR,11 KV JULFGARH,Unplanned,Closed,2026-06-04T18:15:07Z,2026-06-04T18:55:07Z,40
1870784,East,ROPAR,Charan kanwal sahib,Unplanned,Closed,2026-06-04T18:15:07Z,2026-06-04T18:55:07Z,40
1870783,East,ROPAR,11 KV Markfed,Unplanned,Closed,2026-06-04T18:15:07Z,2026-06-04T18:56:07Z,41
1870782,East,ROPAR,11KV ADDIANA,Unplanned,Closed,2026-06-04T18:15:07Z,2026-06-04T18:55:07Z,40
1870781,East,ROPAR,11 KV Chakli Aadal,Unplanned,Closed,2026-06-04T18:15:07Z,2026-06-04T18:55:07Z,40
1870780,East,ROPAR,11 KV Methewal,Unplanned,Closed,2026-06-04T18:15:07Z,2026-06-04T18:56:07Z,41
1870779,East,ROPAR,11 KV Garg Concast,Unplanned,Closed,2026-06-04T18:15:07Z,2026-06-04T18:56:07Z,41
1870975,South,PATIALA,INDUSTRIAL NO 2 (FP),Unplanned,Closed,2026-06-04T18:15:00Z,2026-06-04T19:25:00Z,70
1870974,South,PATIALA,ups Ambala Road,Unplanned,Closed,2026-06-04T18:15:00Z,2026-06-04T20:45:00Z,150
1870879,North,NAWANSHAHR,BALACHAUR CITY-3,Unplanned,Closed,2026-06-04T18:15:00Z,2026-06-04T19:15:00Z,60
1870876,North,NAWANSHAHR,SUDHA MAJRA,Unplanned,Closed,2026-06-04T18:15:00Z,2026-06-04T19:15:00Z,60
1870871,North,NAWANSHAHR,CIVIL HOSPITAL BALACHAUR,Unplanned,Closed,2026-06-04T18:15:00Z,2026-06-04T19:15:00Z,60
1870870,North,NAWANSHAHR,MEHIATPUR,Unplanned,Closed,2026-06-04T18:15:00Z,2026-06-04T19:15:00Z,60
1870869,North,NAWANSHAHR,TEHSIL COMPLEX,Unplanned,Closed,2026-06-04T18:15:00Z,2026-06-04T19:15:00Z,60
1870866,North,NAWANSHAHR,CITY BALACHAUR NO-2,Unplanned,Closed,2026-06-04T18:15:00Z,2026-06-04T19:15:00Z,60
1870861,North,NAWANSHAHR,THOPIA,Unplanned,Closed,2026-06-04T18:15:00Z,2026-06-04T19:15:00Z,60
1870860,North,NAWANSHAHR,RAM NAGAR,Unplanned,Closed,2026-06-04T18:15:00Z,2026-06-04T19:15:00Z,60
1870859,North,NAWANSHAHR,CHANDIANI,Unplanned,Closed,2026-06-04T18:15:00Z,2026-06-04T19:15:00Z,60
1870856,North,NAWANSHAHR,BHADDI,Unplanned,Closed,2026-06-04T18:15:00Z,2026-06-04T19:15:00Z,60
1870854,North,NAWANSHAHR,BALACHAUR,Unplanned,Closed,2026-06-04T18:15:00Z,2026-06-04T19:15:00Z,60
1870849,North,NAWANSHAHR,JAGATPUR,Unplanned,Closed,2026-06-04T18:15:00Z,2026-06-04T19:15:00Z,60
1870847,North,NAWANSHAHR,CHUSHMA,Unplanned,Closed,2026-06-04T18:15:00Z,2026-06-04T19:15:00Z,60
1870796,West,FARIDKOT,11 KV BABA FARID CAT-1,Unplanned,Closed,2026-06-04T18:15:00Z,2026-06-04T20:10:00Z,115
1870763,North,JALANDHAR,Nanak Nagri,Unplanned,Closed,2026-06-04T18:15:00Z,2026-06-04T19:09:00Z,54
1870762,East,ROPAR,PLATA,Unplanned,Closed,2026-06-04T18:15:00Z,2026-06-04T19:25:00Z,70
1870760,East,ROPAR,SWARA,Unplanned,Closed,2026-06-04T18:15:00Z,2026-06-04T19:25:00Z,70
1870759,East,ROPAR,AILGRAN,Unplanned,Closed,2026-06-04T18:15:00Z,2026-06-04T19:25:00Z,70
1870754,East,ROPAR,BHANGLAN,Unplanned,Closed,2026-06-04T18:15:00Z,2026-06-04T19:25:00Z,70
1870753,East,ROPAR,NALHOTI,Unplanned,Closed,2026-06-04T18:15:00Z,2026-06-04T19:25:00Z,70
1870752,East,ROPAR,KALWAN,Unplanned,Closed,2026-06-04T18:15:00Z,2026-06-04T19:25:00Z,70
1870743,Border,TARN TARAN,BHAROWAL URBAN,Unplanned,Closed,2026-06-04T18:15:00Z,2026-06-04T18:50:00Z,35
1870736,West,FEROZPUR,Kesar Singh,Unplanned,Closed,2026-06-04T18:15:00Z,2026-06-04T18:40:00Z,25
1870724,South,PATIALA,UPS DHADOGAL,Unplanned,Closed,2026-06-04T18:15:00Z,2026-06-04T18:40:00Z,25
1870723,South,PATIALA,UPS Mulabadha,Unplanned,Closed,2026-06-04T18:15:00Z,2026-06-04T18:40:00Z,25
1870720,South,PATIALA,UPS RAIPUR,Unplanned,Closed,2026-06-04T18:15:00Z,2026-06-04T18:40:00Z,25
1870712,East,Zirakpur,11 kv malwa,Unplanned,Closed,2026-06-04T18:15:00Z,2026-06-04T18:52:00Z,37
1870709,East,Zirakpur,BEGAMPURA,Unplanned,Closed,2026-06-04T18:15:00Z,2026-06-04T19:10:00Z,55
1871024,East,ROPAR,Bhallan,Unplanned,Closed,2026-06-04T18:10:00Z,2026-06-04T19:33:00Z,83
1870880,North,HOSHIARPUR,Rest House,Unplanned,Closed,2026-06-04T18:10:00Z,2026-06-04T18:55:00Z,45
1870811,South,BARNALA,Sadar Bazar,Unplanned,Closed,2026-06-04T18:10:00Z,2026-06-04T19:05:00Z,55
1870764,Border,TARN TARAN,UPS MUTHEANWALA/TOOT,Unplanned,Closed,2026-06-04T18:10:00Z,2026-06-04T18:50:29Z,40
1870749,North,JALANDHAR,DEFENCE COLONY NO.2,Unplanned,Closed,2026-06-04T18:10:00Z,2026-06-04T18:45:40Z,35
1870748,North,NAWANSHAHR,11 KV DOPALPUR UPS,Unplanned,Closed,2026-06-04T18:10:00Z,2026-06-04T19:09:00Z,59
1870747,North,NAWANSHAHR,11 KV Usmanpur,Unplanned,Closed,2026-06-04T18:10:00Z,2026-06-04T19:09:00Z,59
1870746,North,NAWANSHAHR,TAJOWAL,Unplanned,Closed,2026-06-04T18:10:00Z,2026-06-04T19:09:00Z,59
1870745,North,NAWANSHAHR,BARWA,Unplanned,Closed,2026-06-04T18:10:00Z,2026-06-04T19:09:00Z,59
1870741,North,NAWANSHAHR,JADLA,Unplanned,Closed,2026-06-04T18:10:00Z,2026-06-04T19:09:00Z,59
1870739,Border,TARN TARAN,Fatehabad Urban .,Unplanned,Closed,2026-06-04T18:10:00Z,2026-06-04T19:50:00Z,100
1870732,Border,TARN TARAN,UPS TALWANDI BUDH SINGH,Unplanned,Closed,2026-06-04T18:10:00Z,2026-06-04T19:40:00Z,90
1870715,East,Zirakpur,ECME,Unplanned,Closed,2026-06-04T18:10:00Z,2026-06-04T19:08:00Z,58
1870708,North,HOSHIARPUR,Model Town,Unplanned,Closed,2026-06-04T18:10:00Z,2026-06-04T18:15:00Z,5
1870691,East,ROPAR,Golhani,Unplanned,Closed,2026-06-04T18:10:00Z,2026-06-04T18:58:00Z,48
1870690,East,ROPAR,Jain feeder,Unplanned,Closed,2026-06-04T18:10:00Z,2026-06-04T18:58:00Z,48
1870688,East,ROPAR,MIAN PUR,Unplanned,Closed,2026-06-04T18:10:00Z,2026-06-04T18:47:00Z,37
1870687,East,ROPAR,Rangeel Pur,Unplanned,Closed,2026-06-04T18:10:00Z,2026-06-04T18:47:00Z,37
1870799,South,PATIALA,Bhupindra Road,Unplanned,Closed,2026-06-04T18:09:00Z,2026-06-04T19:28:00Z,79
1870778,Border,TARN TARAN,UPS JEONEKE,Unplanned,Closed,2026-06-04T18:08:00Z,2026-06-04T19:50:25Z,102
1870685,North,HOSHIARPUR,FOCAL POINT,Unplanned,Closed,2026-06-04T18:08:00Z,2026-06-04T18:50:00Z,42
1870771,North,JALANDHAR,GURUDWARA SHIV NAGAR,Unplanned,Closed,2026-06-04T18:07:00Z,2026-06-04T19:17:00Z,70
1870738,North,JALANDHAR,11 KV Tibbi Feeder,Unplanned,Closed,2026-06-04T18:06:00Z,2026-06-04T18:45:00Z,39
1870737,North,JALANDHAR,VIP,Unplanned,Closed,2026-06-04T18:06:00Z,2026-06-04T18:45:00Z,39
1870735,North,JALANDHAR,CHACHOKI COLONY,Unplanned,Closed,2026-06-04T18:06:00Z,2026-06-04T18:45:00Z,39
1870733,North,JALANDHAR,INDUSTRY AREA,Unplanned,Closed,2026-06-04T18:06:00Z,2026-06-04T18:45:00Z,39
1870731,North,JALANDHAR,GT ROAD,Unplanned,Closed,2026-06-04T18:06:00Z,2026-06-04T18:45:00Z,39
1870807,South,PATIALA,Focal Point-II,Unplanned,Closed,2026-06-04T18:05:00Z,2026-06-04T18:06:00Z,1
1870730,South,SANGRUR,BIJALPUR UPS,Unplanned,Closed,2026-06-04T18:05:00Z,2026-06-04T18:30:00Z,25
1870718,North,JALANDHAR,GURU AMAR DASS NAGAR,Unplanned,Closed,2026-06-04T18:05:00Z,2026-06-04T18:58:00Z,53
1870713,West,FEROZPUR,FEROZEPUR ROAD FEEDER,Unplanned,Closed,2026-06-04T18:05:00Z,2026-06-04T19:01:00Z,56
1870706,North,HOSHIARPUR,KOTLI,Unplanned,Closed,2026-06-04T18:05:00Z,2026-06-04T18:30:00Z,25
1870700,West,FEROZPUR,Peer Mohammad,Unplanned,Closed,2026-06-04T18:05:00Z,2026-06-04T19:25:00Z,80
1870695,West,FARIDKOT,NEW TEACHER COLONY,Unplanned,Closed,2026-06-04T18:05:00Z,2026-06-04T18:25:00Z,20
1870694,West,FARIDKOT,DOGAR BASTI,Unplanned,Closed,2026-06-04T18:05:00Z,2026-06-04T18:18:00Z,13
1870689,South,SANGRUR,OM THIRED MILL,Unplanned,Closed,2026-06-04T18:05:00Z,2026-06-04T18:55:00Z,50
1870683,South,PATIALA,UPS CHAUNDA,Unplanned,Closed,2026-06-04T18:05:00Z,2026-06-04T18:20:00Z,15
1870673,Central,CITY WEST LUDHIANA,AZAD NAGAR FEEDER,Unplanned,Closed,2026-06-04T18:04:29Z,2026-06-04T20:03:16Z,118
1870668,Border,SUB URBAN AMRITSAR,RAJATAL URBAN,Unplanned,Closed,2026-06-04T18:03:25Z,2026-06-04T18:37:34Z,34
1870697,Border,TARN TARAN,URBAN SABHRA,Unplanned,Closed,2026-06-04T18:03:00Z,2026-06-04T18:55:06Z,52
1870681,South,PATIALA,UPS  KHANSIAN,Unplanned,Closed,2026-06-04T18:03:00Z,2026-06-04T19:03:00Z,60
1870663,Border,SUB URBAN AMRITSAR,RAJATAL BOP,Unplanned,Closed,2026-06-04T18:02:19Z,2026-06-04T18:41:25Z,39
1870661,Border,SUB URBAN AMRITSAR,BABA NAHAR SINGH,Unplanned,Closed,2026-06-04T18:02:19Z,2026-06-04T18:38:23Z,36
1870659,Border,SUB URBAN AMRITSAR,BHUSSE,Unplanned,Closed,2026-06-04T18:02:19Z,2026-06-04T18:38:09Z,35
1870658,Border,SUB URBAN AMRITSAR,24 Hrs Rajatal,Unplanned,Closed,2026-06-04T18:02:19Z,2026-06-04T18:37:53Z,35
1870831,North,JALANDHAR,JASWANT NAGAR,Unplanned,Closed,2026-06-04T18:02:00Z,2026-06-04T19:35:00Z,93
1870693,North,JALANDHAR,11 KV New Ashok Nagar,Unplanned,Closed,2026-06-04T18:02:00Z,2026-06-04T18:44:00Z,42
1870692,West,FEROZPUR,Thara Singh UPS,Unplanned,Closed,2026-06-04T18:02:00Z,2026-06-04T20:55:00Z,173
1870680,South,PATIALA,11 KV UPS Assmanpur,Unplanned,Closed,2026-06-04T18:02:00Z,2026-06-04T18:25:00Z,23
1870843,Border,TARN TARAN,CHAHAL UPS,Unplanned,Closed,2026-06-04T18:01:00Z,2026-06-04T18:41:00Z,40
1870751,West,BATHINDA,INDUSTRIAL GROWTH CENTER,Unplanned,Closed,2026-06-04T18:00:00Z,2026-06-04T19:15:00Z,75
1870729,East,ROPAR,11KV Shvalik Heights,Unplanned,Closed,2026-06-04T18:00:00Z,2026-06-04T18:23:00Z,23
1870728,East,ROPAR,ACME HEIGHT,Unplanned,Closed,2026-06-04T18:00:00Z,2026-06-04T18:23:00Z,23
1870727,East,ROPAR,11 KV Arya College Road,Unplanned,Closed,2026-06-04T18:00:00Z,2026-06-04T18:23:00Z,23
1870725,East,ROPAR,11KV Gillco Velly,Unplanned,Closed,2026-06-04T18:00:00Z,2026-06-04T18:23:00Z,23
1870707,North,NAWANSHAHR,CITY II,Unplanned,Closed,2026-06-04T18:00:00Z,2026-06-04T18:43:00Z,43
1870705,North,NAWANSHAHR,Chandigarh Road,Unplanned,Closed,2026-06-04T18:00:00Z,2026-06-04T18:55:00Z,55
1870704,North,NAWANSHAHR,11KV BARNALA,Unplanned,Closed,2026-06-04T18:00:00Z,2026-06-04T19:20:00Z,80
1870702,East,Zirakpur,SAVITRYGREEN,Planned,Closed,2026-06-04T18:00:00Z,2026-06-04T18:58:00Z,58
1870701,East,Zirakpur,ORBIT,Planned,Closed,2026-06-04T18:00:00Z,2026-06-04T18:58:00Z,58
1870698,Central,CITY EAST LUDHIANA,BASTI JODHEWAL,Unplanned,Closed,2026-06-04T18:00:00Z,2026-06-04T18:53:00Z,53
1870696,West,MUKATSAR,dhani shaffi,Unplanned,Closed,2026-06-04T18:00:00Z,2026-06-04T19:04:00Z,64
1870682,South,PATIALA,Bhakhda Enclave,Unplanned,Closed,2026-06-04T18:00:00Z,2026-06-04T19:00:00Z,60
1870675,South,SANGRUR,M K Road,Unplanned,Closed,2026-06-04T18:00:00Z,2026-06-04T18:30:00Z,30
1870711,North,JALANDHAR,11KV Baba Makhan Shah Lubana,Unplanned,Closed,2026-06-04T17:59:00Z,2026-06-04T18:58:00Z,59
1870650,West,FARIDKOT,JORRIAN NAHIRAN,Unplanned,Closed,2026-06-04T17:58:00Z,2026-06-04T18:22:07Z,24
1870626,Central,CITY WEST LUDHIANA,NATIONAL FEEDER,Unplanned,Closed,2026-06-04T17:57:16Z,2026-06-04T19:07:40Z,70
1870634,Border,GURDASPUR,SAILI ROAD,Unplanned,Closed,2026-06-04T17:57:00Z,2026-06-04T18:24:00Z,27
1870623,Central,CITY WEST LUDHIANA,SANGEET FEEDER,Unplanned,Closed,2026-06-04T17:56:23Z,2026-06-04T18:59:22Z,62
1870883,West,FEROZPUR,Katora (UPS),Unplanned,Closed,2026-06-04T17:56:00Z,2026-06-04T19:25:00Z,89
1870656,North,HOSHIARPUR,BASSI,Unplanned,Closed,2026-06-04T17:56:00Z,2026-06-04T19:20:00Z,84
1870644,North,HOSHIARPUR,Darapur,Unplanned,Closed,2026-06-04T17:56:00Z,2026-06-04T18:25:00Z,29
1870639,North,HOSHIARPUR,Harsipind UPS,Unplanned,Closed,2026-06-04T17:56:00Z,2026-06-04T18:50:00Z,54
1870750,South,PATIALA,Industrial Estate(old),Unplanned,Closed,2026-06-04T17:55:00Z,2026-06-04T18:40:00Z,45
1870744,South,PATIALA,Alipur,Unplanned,Closed,2026-06-04T17:55:00Z,2026-06-04T18:55:00Z,60
1870742,South,PATIALA,Jhill,Unplanned,Closed,2026-06-04T17:55:00Z,2026-06-04T18:55:00Z,60
1870740,South,PATIALA,District Admn. Complex,Unplanned,Closed,2026-06-04T17:55:00Z,2026-06-04T20:15:00Z,140
1870678,South,SANGRUR,GHAGGA CITY,Unplanned,Closed,2026-06-04T17:55:00Z,2026-06-04T19:30:00Z,95
1870670,North,NAWANSHAHR,Ghaas mandi,Unplanned,Closed,2026-06-04T17:55:00Z,2026-06-04T18:10:00Z,15
1870666,North,NAWANSHAHR,Barnala Gate,Unplanned,Closed,2026-06-04T17:55:00Z,2026-06-04T19:26:00Z,91
1870664,North,NAWANSHAHR,11KV CITY-3,Unplanned,Closed,2026-06-04T17:55:00Z,2026-06-04T18:10:00Z,15
1870617,Central,CITY WEST LUDHIANA,STAR ROAD FEEDER,Unplanned,Closed,2026-06-04T17:54:53Z,2026-06-04T20:26:44Z,151
1870611,Border,SUB URBAN AMRITSAR,Chogawan,Unplanned,Closed,2026-06-04T17:53:48Z,2026-06-04T19:43:59Z,110
1870679,South,PATIALA,11 kV Udham Singh Nagar,Unplanned,Closed,2026-06-04T17:52:00Z,2026-06-04T18:52:00Z,60
1870657,North,NAWANSHAHR,Dana Mandi,Unplanned,Closed,2026-06-04T17:52:00Z,2026-06-04T19:31:00Z,99
1870603,Central,CITY WEST LUDHIANA,BASANT FEEDER,Unplanned,Closed,2026-06-04T17:51:23Z,2026-06-04T18:58:23Z,67
1870602,Central,CITY WEST LUDHIANA,KOT MANGAL SINGH,Unplanned,Closed,2026-06-04T17:50:14Z,2026-06-04T18:30:19Z,40
1870613,West,FARIDKOT,Dutt Road,Unplanned,Closed,2026-06-04T17:50:08Z,2026-06-04T18:59:00Z,68
1870814,South,SANGRUR,DEHLA UPS,Unplanned,Closed,2026-06-04T17:50:00Z,2026-06-04T18:58:00Z,68
1870734,North,JALANDHAR,SHAKTI NAGAR,Unplanned,Closed,2026-06-04T17:50:00Z,2026-06-04T18:27:08Z,37
1870726,Border,TARN TARAN,Udhonangal,Unplanned,Closed,2026-06-04T17:50:00Z,2026-06-04T19:20:00Z,90
1870716,Border,TARN TARAN,MEHTA URBAN-I,Unplanned,Closed,2026-06-04T17:50:00Z,2026-06-04T19:20:00Z,90
1870710,Border,TARN TARAN,MEHTA URBAN-II,Unplanned,Closed,2026-06-04T17:50:00Z,2026-06-04T18:30:00Z,40
1870676,West,FEROZPUR,BASTI TANKAN WALI,Unplanned,Closed,2026-06-04T17:50:00Z,2026-06-04T19:48:00Z,118
1870662,North,NAWANSHAHR,11 KV Begam Pur,Unplanned,Closed,2026-06-04T17:50:00Z,2026-06-04T19:51:00Z,121
1870660,South,BARNALA,SHERGARH CHEEMA UPS,Unplanned,Closed,2026-06-04T17:50:00Z,2026-06-04T19:35:00Z,105
1870655,West,FEROZPUR,TIRPAL KE,Unplanned,Closed,2026-06-04T17:50:00Z,2026-06-04T19:15:00Z,85
1870619,Central,KHANNA,Jindal Cotex,Unplanned,Closed,2026-06-04T17:50:00Z,2026-06-04T22:03:00Z,253
1870614,Central,KHANNA,Chani,Unplanned,Closed,2026-06-04T17:50:00Z,2026-06-04T18:50:00Z,60
1870612,Central,KHANNA,Main Bazar,Unplanned,Closed,2026-06-04T17:50:00Z,2026-06-04T18:50:00Z,60
1870610,Central,KHANNA,Sangtpura,Unplanned,Closed,2026-06-04T17:50:00Z,2026-06-04T18:50:00Z,60
1870609,Border,TARN TARAN,MANKPURA UPS,Unplanned,Closed,2026-06-04T17:50:00Z,2026-06-04T20:10:00Z,140
1870621,West,FARIDKOT,Industrial,Unplanned,Closed,2026-06-04T17:49:53Z,2026-06-04T18:09:00Z,19
1870600,Border,GURDASPUR,Prem Nagar,Unplanned,Closed,2026-06-04T17:46:00Z,2026-06-04T18:20:00Z,34
1870649,North,NAWANSHAHR,11KV GUJJARPUR,Unplanned,Closed,2026-06-04T17:45:00Z,2026-06-04T18:45:00Z,60
1870648,North,NAWANSHAHR,11KV BHEEN (Urban),Unplanned,Closed,2026-06-04T17:45:00Z,2026-06-04T18:45:00Z,60
1870647,North,NAWANSHAHR,11 KV JABOWAL,Unplanned,Closed,2026-06-04T17:45:00Z,2026-06-04T18:45:00Z,60
1870646,North,NAWANSHAHR,11KV GHATARON,Unplanned,Closed,2026-06-04T17:45:00Z,2026-06-04T18:45:00Z,60
1870633,North,NAWANSHAHR,11 KV City-2,Unplanned,Closed,2026-06-04T17:45:00Z,2026-06-04T18:35:00Z,50
1870632,Border,SUB URBAN AMRITSAR,NAG KALAN URBAN,Unplanned,Closed,2026-06-04T17:45:00Z,2026-06-04T18:20:00Z,35
1870631,North,NAWANSHAHR,Hussain Chack,Unplanned,Closed,2026-06-04T17:45:00Z,2026-06-04T18:35:00Z,50
1870630,North,NAWANSHAHR,11kv Behloor Kalan,Unplanned,Closed,2026-06-04T17:45:00Z,2026-06-04T18:35:00Z,50
1870629,North,NAWANSHAHR,KAHLON,Unplanned,Closed,2026-06-04T17:45:00Z,2026-06-04T18:35:00Z,50
1870628,North,NAWANSHAHR,24 HRS RAHON,Unplanned,Closed,2026-06-04T17:45:00Z,2026-06-04T18:35:00Z,50
1870627,North,NAWANSHAHR,CITY RAHON,Unplanned,Closed,2026-06-04T17:45:00Z,2026-06-04T18:35:00Z,50
1870601,Border,GURDASPUR,Dogar Mahesh,Unplanned,Closed,2026-06-04T17:45:00Z,2026-06-04T18:10:00Z,25
1870588,Central,CITY EAST LUDHIANA,JAIL ROAD,Unplanned,Closed,2026-06-04T17:44:47Z,2026-06-04T18:15:47Z,31
1870587,Central,CITY EAST LUDHIANA,CHAURA BAZAAR,Unplanned,Closed,2026-06-04T17:44:47Z,2026-06-04T18:14:47Z,30
1870586,Central,CITY EAST LUDHIANA,KOTWALI,Unplanned,Closed,2026-06-04T17:44:47Z,2026-06-04T18:14:47Z,30
1870585,Central,CITY EAST LUDHIANA,WAIT GANJ,Unplanned,Closed,2026-06-04T17:44:47Z,2026-06-04T18:15:47Z,31
1870584,Central,CITY EAST LUDHIANA,Chand Cinema,Unplanned,Closed,2026-06-04T17:44:47Z,2026-06-04T18:16:47Z,32
1870583,Central,CITY EAST LUDHIANA,BSNL,Unplanned,Closed,2026-06-04T17:44:47Z,2026-06-04T18:14:47Z,30
1870582,Central,CITY EAST LUDHIANA,GAU SHALA,Unplanned,Closed,2026-06-04T17:44:47Z,2026-06-04T18:15:47Z,31
1870581,Central,CITY EAST LUDHIANA,MADHO PURI,Unplanned,Closed,2026-06-04T17:44:47Z,2026-06-04T18:15:47Z,31
1870580,Central,CITY EAST LUDHIANA,PATIALA HOUSE,Unplanned,Closed,2026-06-04T17:44:47Z,2026-06-04T18:14:47Z,30
1870579,Central,CITY EAST LUDHIANA,SAMRALA ROAD,Unplanned,Closed,2026-06-04T17:44:47Z,2026-06-04T18:15:47Z,31
1870578,Central,CITY EAST LUDHIANA,Subash Nagar Feeder,Unplanned,Closed,2026-06-04T17:44:47Z,2026-06-04T18:14:47Z,30
1870577,Central,CITY EAST LUDHIANA,11 KV D-SUB STATION,Unplanned,Closed,2026-06-04T17:44:47Z,2026-06-04T18:14:47Z,30
1870576,Central,CITY EAST LUDHIANA,BASTI FEEDER,Unplanned,Closed,2026-06-04T17:44:47Z,2026-06-04T18:14:47Z,30
1870575,Central,CITY EAST LUDHIANA,CALIBER PLAZA,Unplanned,Closed,2026-06-04T17:44:47Z,2026-06-04T18:15:47Z,31
1870574,Central,CITY EAST LUDHIANA,Shivpuri,Unplanned,Closed,2026-06-04T17:44:47Z,2026-06-04T18:15:47Z,31
1870573,Central,CITY EAST LUDHIANA,BHADOUR HOUSE,Unplanned,Closed,2026-06-04T17:44:47Z,2026-06-04T18:17:47Z,33
1870572,Central,CITY EAST LUDHIANA,BRAHM PURI,Unplanned,Closed,2026-06-04T17:44:47Z,2026-06-04T18:15:47Z,31
1870605,South,PATIALA,11 KV SUB-STATION T/F,Unplanned,Closed,2026-06-04T17:44:46Z,2026-06-04T18:20:08Z,35
1870604,South,PATIALA,11 KV SHAHPUR,Unplanned,Closed,2026-06-04T17:44:46Z,2026-06-04T18:20:46Z,36
1870569,Central,SUB URBAN LUDHIANA,CENTER CITY,Unplanned,Closed,2026-06-04T17:44:20Z,2026-06-04T17:59:20Z,15
1870568,Central,SUB URBAN LUDHIANA,RAILWAY ROAD,Unplanned,Closed,2026-06-04T17:44:20Z,2026-06-04T17:59:20Z,15
1870567,Central,SUB URBAN LUDHIANA,CITY-4,Unplanned,Closed,2026-06-04T17:44:20Z,2026-06-04T17:59:20Z,15
1870566,Central,SUB URBAN LUDHIANA,City-11 Kamal Chownk,Unplanned,Closed,2026-06-04T17:44:20Z,2026-06-04T17:59:20Z,15
1870565,Central,SUB URBAN LUDHIANA,CITY-3,Unplanned,Closed,2026-06-04T17:44:20Z,2026-06-04T17:59:20Z,15
1870564,Central,SUB URBAN LUDHIANA,CITY-1,Unplanned,Closed,2026-06-04T17:44:20Z,2026-06-04T17:59:20Z,15
1870671,North,JALANDHAR,11KV GTB NAGAR,Unplanned,Closed,2026-06-04T17:44:00Z,2026-06-04T18:18:00Z,34
1870654,North,NAWANSHAHR,AKALGARH,Unplanned,Closed,2026-06-04T17:44:00Z,2026-06-04T18:35:00Z,51
1870653,North,NAWANSHAHR,LALLIAN,Unplanned,Closed,2026-06-04T17:44:00Z,2026-06-04T18:35:00Z,51
1870652,North,NAWANSHAHR,MOLA WAHIDPUR,Unplanned,Closed,2026-06-04T17:44:00Z,2026-06-04T18:35:00Z,51
1870642,North,NAWANSHAHR,RAWALPINDI,Unplanned,Closed,2026-06-04T17:44:00Z,2026-06-04T18:35:00Z,51
1870638,North,NAWANSHAHR,BADESARON,Unplanned,Closed,2026-06-04T17:44:00Z,2026-06-04T18:35:00Z,51
1870636,North,NAWANSHAHR,CHAUHRA,Unplanned,Closed,2026-06-04T17:44:00Z,2026-06-04T18:35:00Z,51
1870635,North,NAWANSHAHR,FATEPUR KHURD,Unplanned,Closed,2026-06-04T17:44:00Z,2026-06-04T18:35:00Z,51
1870625,North,NAWANSHAHR,CHAHALPUR,Unplanned,Closed,2026-06-04T17:44:00Z,2026-06-04T18:35:00Z,51
1870624,North,NAWANSHAHR,RAIPUR GUJJRAN,Unplanned,Closed,2026-06-04T17:44:00Z,2026-06-04T18:35:00Z,51
1870608,Central,KHANNA,CITY ONE,Unplanned,Closed,2026-06-04T17:44:00Z,2026-06-04T19:00:00Z,76
1870594,North,HOSHIARPUR,GIDARPINDI,Unplanned,Closed,2026-06-04T17:44:00Z,2026-06-04T19:15:00Z,91
1870591,North,HOSHIARPUR,Mokal,Unplanned,Closed,2026-06-04T17:44:00Z,2026-06-04T19:00:00Z,76
1870553,Central,SUB URBAN LUDHIANA,CITY 8,Unplanned,Closed,2026-06-04T17:43:07Z,2026-06-04T19:15:07Z,92
1870552,Central,SUB URBAN LUDHIANA,CITY-5,Unplanned,Closed,2026-06-04T17:43:07Z,2026-06-04T19:10:07Z,87
1870551,Central,SUB URBAN LUDHIANA,CITY-6,Unplanned,Closed,2026-06-04T17:43:07Z,2026-06-04T19:15:07Z,92
1870550,Central,SUB URBAN LUDHIANA,CITY NO 07,Unplanned,Closed,2026-06-04T17:43:07Z,2026-06-04T19:15:07Z,92
1870561,Central,CITY EAST LUDHIANA,Harbanspura,Unplanned,Closed,2026-06-04T17:42:56Z,2026-06-04T18:16:56Z,34
1870560,Central,CITY EAST LUDHIANA,Thakur Dwara,Unplanned,Closed,2026-06-04T17:42:56Z,2026-06-04T18:15:56Z,33
1870559,Central,CITY EAST LUDHIANA,IQBAL GANJ,Unplanned,Closed,2026-06-04T17:42:56Z,2026-06-04T18:13:56Z,31
1870558,Central,CITY EAST LUDHIANA,GURMAMDI,Unplanned,Closed,2026-06-04T17:42:56Z,2026-06-04T18:14:56Z,32
1870557,Central,CITY EAST LUDHIANA,DIVISION-3,Unplanned,Closed,2026-06-04T17:42:56Z,2026-06-04T18:15:56Z,33
1870556,Central,CITY EAST LUDHIANA,GIRJAGHAR CHOWNK,Unplanned,Closed,2026-06-04T17:42:56Z,2026-06-04T18:15:56Z,33
1870555,Central,CITY EAST LUDHIANA,PINK PLAZA,Unplanned,Closed,2026-06-04T17:42:56Z,2026-06-04T18:12:56Z,30
1870599,North,JALANDHAR,DEFENCE COLONY,Unplanned,Closed,2026-06-04T17:42:00Z,2026-06-04T17:56:00Z,14
1870592,West,FARIDKOT,DANA ROMANA,Unplanned,Closed,2026-06-04T17:42:00Z,2026-06-04T18:39:10Z,57
1870526,Border,CITY AMRITSAR,11 KV Gurbux Nagar,Planned,Closed,2026-06-04T17:40:21Z,2026-06-04T18:42:08Z,61
1870667,North,JALANDHAR,NEW PIONEER SPORTS,Unplanned,Closed,2026-06-04T17:40:00Z,2026-06-04T18:04:00Z,24
1870651,South,PATIALA,M.E.S.,Unplanned,Closed,2026-06-04T17:40:00Z,2026-06-04T18:40:00Z,60
1870645,North,NAWANSHAHR,BURAJTEHALDAS,Unplanned,Closed,2026-06-04T17:40:00Z,2026-06-04T18:35:00Z,55
1870643,North,NAWANSHAHR,MALPUR,Unplanned,Closed,2026-06-04T17:40:00Z,2026-06-04T18:35:00Z,55
1870641,North,NAWANSHAHR,AUR,Unplanned,Closed,2026-06-04T17:40:00Z,2026-06-04T18:35:00Z,55
1870640,North,NAWANSHAHR,KHOJA,Unplanned,Closed,2026-06-04T17:40:00Z,2026-06-04T18:35:00Z,55
1870637,North,NAWANSHAHR,SKOHPUR,Unplanned,Closed,2026-06-04T17:40:00Z,2026-06-04T18:35:00Z,55
1870598,West,MUKATSAR,11 KV RAJPURA,Unplanned,Closed,2026-06-04T17:40:00Z,2026-06-04T18:13:00Z,33
1870597,West,MUKATSAR,11 KV KHATWAN,Unplanned,Closed,2026-06-04T17:40:00Z,2026-06-04T18:25:00Z,45
1870596,West,MUKATSAR,11 KV KANDHWALA UPS,Unplanned,Closed,2026-06-04T17:40:00Z,2026-06-04T18:25:00Z,45
1870595,South,PATIALA,UPS SUKHEWAL,Unplanned,Closed,2026-06-04T17:40:00Z,2026-06-04T18:10:00Z,30
1870589,South,PATIALA,UPS Achal,Unplanned,Closed,2026-06-04T17:40:00Z,2026-06-04T17:55:00Z,15
1870527,Border,SUB URBAN AMRITSAR,SENSRA UPS,Unplanned,Closed,2026-06-04T17:40:00Z,2026-06-04T19:05:00Z,85
1870525,Border,SUB URBAN AMRITSAR,MEHLAN WALA UPS,Unplanned,Closed,2026-06-04T17:40:00Z,2026-06-04T18:05:00Z,25
1870522,Border,SUB URBAN AMRITSAR,Sethan Wala,Unplanned,Closed,2026-06-04T17:39:59Z,2026-06-04T18:50:07Z,70
1870548,West,MUKATSAR,11 KV Bhagsar UPS,Unplanned,Closed,2026-06-04T17:38:00Z,2026-06-04T18:13:00Z,35
1870547,West,MUKATSAR,11 KV SARDARPURA UPS,Unplanned,Closed,2026-06-04T17:38:00Z,2026-06-04T18:13:00Z,35
1870546,West,MUKATSAR,11 KV SITO,Unplanned,Closed,2026-06-04T17:38:00Z,2026-06-04T18:13:00Z,35
1870505,Border,SUB URBAN AMRITSAR,UPS JAHNJOTI,Unplanned,Closed,2026-06-04T17:36:06Z,2026-06-04T19:46:41Z,130
1870795,Border,GURDASPUR,Kaluwal,Unplanned,Closed,2026-06-04T17:35:00Z,2026-06-04T19:15:00Z,100
1870524,Border,SUB URBAN AMRITSAR,11KV City4,Unplanned,Closed,2026-06-04T17:35:00Z,2026-06-04T18:05:00Z,30
1870523,Border,SUB URBAN AMRITSAR,Harrar Kalan,Unplanned,Closed,2026-06-04T17:35:00Z,2026-06-04T18:45:00Z,70
1870520,Border,SUB URBAN AMRITSAR,Bhaka Hari Singh,Unplanned,Closed,2026-06-04T17:35:00Z,2026-06-04T20:50:00Z,195
1870518,Border,SUB URBAN AMRITSAR,GUJJAPEER,Unplanned,Closed,2026-06-04T17:35:00Z,2026-06-04T18:35:00Z,60
1870517,Border,SUB URBAN AMRITSAR,LAKHUWAL,Unplanned,Closed,2026-06-04T17:35:00Z,2026-06-04T19:20:00Z,105
1870513,East,Zirakpur,KALGIDHAR,Planned,Closed,2026-06-04T17:35:00Z,2026-06-04T17:45:00Z,10
1870512,Central,KHANNA,Bija Urban,Unplanned,Closed,2026-06-04T17:35:00Z,2026-06-04T20:30:00Z,175
1870511,Border,SUB URBAN AMRITSAR,city-1,Unplanned,Closed,2026-06-04T17:35:00Z,2026-06-04T18:15:00Z,40
1870510,East,Zirakpur,BALTANA,Planned,Closed,2026-06-04T17:35:00Z,2026-06-04T17:45:00Z,10
1870509,East,Zirakpur,K AREA,Unplanned,Closed,2026-06-04T17:35:00Z,2026-06-04T18:20:00Z,45
1870508,North,NAWANSHAHR,PANYALI,Unplanned,Closed,2026-06-04T17:35:00Z,2026-06-04T19:35:00Z,120
1870521,West,MUKATSAR,Bikaneri Road,Unplanned,Closed,2026-06-04T17:31:00Z,2026-06-04T19:26:00Z,115
1870483,North,JALANDHAR,KATHAR,Unplanned,Closed,2026-06-04T17:31:00Z,2026-06-04T18:15:00Z,44
1870545,South,PATIALA,Factory Area(old),Unplanned,Closed,2026-06-04T17:30:34Z,2026-06-04T17:52:34Z,22
1870544,South,PATIALA,GURBAX COLONY NO.-1,Unplanned,Closed,2026-06-04T17:30:34Z,2026-06-04T17:52:34Z,22
1870543,South,PATIALA,GURU NANAK NAGAR,Unplanned,Closed,2026-06-04T17:30:34Z,2026-06-04T17:52:34Z,22
1870542,South,PATIALA,Jagdish Colony,Unplanned,Closed,2026-06-04T17:30:34Z,2026-06-04T17:52:34Z,22
1870541,South,PATIALA,Omaxe,Unplanned,Closed,2026-06-04T17:30:34Z,2026-06-04T17:52:34Z,22
1870540,South,PATIALA,BAJWA COLONY,Unplanned,Closed,2026-06-04T17:30:34Z,2026-06-04T17:52:34Z,22
1870539,South,PATIALA,Virk Colony,Unplanned,Closed,2026-06-04T17:30:34Z,2026-06-04T17:52:34Z,22
1870538,South,PATIALA,Heera Bagh,Unplanned,Closed,2026-06-04T17:30:34Z,2026-06-04T17:52:34Z,22
1870537,South,PATIALA,11 KV RAI MAJRA,Unplanned,Closed,2026-06-04T17:30:34Z,2026-06-04T17:52:34Z,22
1870536,South,PATIALA,Vikas Colony,Unplanned,Closed,2026-06-04T17:30:34Z,2026-06-04T17:52:34Z,22
1870535,South,PATIALA,Nehru Park,Unplanned,Closed,2026-06-04T17:30:34Z,2026-06-04T17:52:34Z,22
1870534,South,PATIALA,Mall Road,Unplanned,Closed,2026-06-04T17:30:34Z,2026-06-04T17:52:34Z,22
1870533,South,PATIALA,RAJPURA COLONY,Unplanned,Closed,2026-06-04T17:30:34Z,2026-06-04T17:52:34Z,22
1870532,South,PATIALA,Lower Mall,Unplanned,Closed,2026-06-04T17:30:34Z,2026-06-04T17:52:34Z,22
1870531,South,PATIALA,shera wala gate,Unplanned,Closed,2026-06-04T17:30:34Z,2026-06-04T17:52:34Z,22
1870530,South,PATIALA,Grid Colony,Unplanned,Closed,2026-06-04T17:30:34Z,2026-06-04T17:52:34Z,22
1870529,South,PATIALA,Gurbax Colony,Unplanned,Closed,2026-06-04T17:30:34Z,2026-06-04T17:52:34Z,22
1870528,South,PATIALA,SST Nagar,Unplanned,Closed,2026-06-04T17:30:34Z,2026-06-04T17:52:34Z,22
1870669,Border,TARN TARAN,UPS KHARA,Unplanned,Closed,2026-06-04T17:30:00Z,2026-06-04T19:25:25Z,115
1870665,Border,TARN TARAN,UPS SHAKRI,Unplanned,Closed,2026-06-04T17:30:00Z,2026-06-04T19:20:01Z,110
1870620,Border,SUB URBAN AMRITSAR,RANEWALI UPS,Unplanned,Closed,2026-06-04T17:30:00Z,2026-06-04T19:50:00Z,140
1870615,Border,SUB URBAN AMRITSAR,HARSHA CHHINA UPS,Unplanned,Closed,2026-06-04T17:30:00Z,2026-06-04T19:30:00Z,120
1870570,South,PATIALA,UPS NABHA NO.1,Unplanned,Closed,2026-06-04T17:30:00Z,2026-06-04T18:15:00Z,45
1870563,South,PATIALA,UPS SURAJPUR,Unplanned,Closed,2026-06-04T17:30:00Z,2026-06-04T18:05:00Z,35
1870506,South,SANGRUR,SHATRANA CITY +ssa nagar adda,Unplanned,Closed,2026-06-04T17:30:00Z,2026-06-04T20:00:00Z,150
1870504,South,SANGRUR,UPS PAIND,Unplanned,Closed,2026-06-04T17:30:00Z,2026-06-04T19:30:00Z,120
1870503,South,SANGRUR,UPS KUANDERI,Unplanned,Closed,2026-06-04T17:30:00Z,2026-06-04T22:30:00Z,300
1870502,South,SANGRUR,11 KV UPS NAIWALA,Unplanned,Closed,2026-06-04T17:30:00Z,2026-06-04T19:28:00Z,118
1870495,Border,TARN TARAN,Piddi,Unplanned,Closed,2026-06-04T17:30:00Z,2026-06-04T18:30:00Z,60
1870494,Border,TARN TARAN,JODHPUR UPS,Unplanned,Closed,2026-06-04T17:30:00Z,2026-06-04T18:30:00Z,60
1870454,Border,GURDASPUR,Preet Nagar,Unplanned,Closed,2026-06-04T17:27:00Z,2026-06-04T19:03:00Z,96
1870492,West,MUKATSAR,11 KV BALA JI DHAM,Unplanned,Closed,2026-06-04T17:26:00Z,2026-06-04T18:25:00Z,59
1870491,West,MUKATSAR,11 KV South Avenue,Unplanned,Closed,2026-06-04T17:26:00Z,2026-06-04T18:25:00Z,59
1870490,West,MUKATSAR,11 KV Chirag dhani,Unplanned,Closed,2026-06-04T17:26:00Z,2026-06-04T18:25:00Z,59
1870489,West,MUKATSAR,11 KV Dhani Bisehesarnath,Unplanned,Closed,2026-06-04T17:26:00Z,2026-06-04T18:25:00Z,59
1870484,West,MUKATSAR,11 KV Azimgarh Urban,Unplanned,Closed,2026-06-04T17:26:00Z,2026-06-04T18:25:00Z,59
1870451,Border,SUB URBAN AMRITSAR,UPS KOHALA,Unplanned,Closed,2026-06-04T17:25:24Z,2026-06-04T17:53:04Z,27
1870449,Border,SUB URBAN AMRITSAR,24 Hrs Kohali,Unplanned,Closed,2026-06-04T17:25:24Z,2026-06-04T19:08:30Z,103
1870448,Border,SUB URBAN AMRITSAR,11 KV MADOKEY UPS,Unplanned,Closed,2026-06-04T17:25:24Z,2026-06-04T19:08:11Z,102
1870519,West,MUKATSAR,NEFED,Unplanned,Closed,2026-06-04T17:25:00Z,2026-06-04T18:10:00Z,45
1870516,West,MUKATSAR,DAULATPURA UPS,Unplanned,Closed,2026-06-04T17:25:00Z,2026-06-04T18:10:00Z,45
1870515,West,MUKATSAR,DALMIR KHERA,Unplanned,Closed,2026-06-04T17:25:00Z,2026-06-04T18:10:00Z,45
1870514,West,MUKATSAR,PANJKOSI,Unplanned,Closed,2026-06-04T17:25:00Z,2026-06-04T18:10:00Z,45
1870499,North,HOSHIARPUR,Jallowal,Unplanned,Closed,2026-06-04T17:25:00Z,2026-06-04T20:05:00Z,160
1870496,North,HOSHIARPUR,Bham,Unplanned,Closed,2026-06-04T17:25:00Z,2026-06-04T19:02:00Z,97
1870493,North,HOSHIARPUR,SARHALA,Unplanned,Closed,2026-06-04T17:25:00Z,2026-06-04T19:02:00Z,97
1870481,West,MUKATSAR,11 KV Ganganagar Road,Unplanned,Closed,2026-06-04T17:25:00Z,2026-06-04T18:11:19Z,46
1870480,North,HOSHIARPUR,POSSI,Unplanned,Closed,2026-06-04T17:25:00Z,2026-06-04T21:00:00Z,215
1870478,West,MUKATSAR,JANDWALA HANUWANTA,Unplanned,Closed,2026-06-04T17:25:00Z,2026-06-04T18:11:19Z,46
1870476,West,MUKATSAR,11 KV Punjava Model,Unplanned,Closed,2026-06-04T17:25:00Z,2026-06-04T18:11:19Z,46
1870469,West,MUKATSAR,11 KALLER KHERA,Unplanned,Closed,2026-06-04T17:25:00Z,2026-06-04T18:11:19Z,46
1870445,Border,SUB URBAN AMRITSAR,24 Hrs Bhadiar,Unplanned,Closed,2026-06-04T17:24:14Z,2026-06-04T18:18:29Z,54
1870475,West,MUKATSAR,11 KV Rajiv Nagar,Unplanned,Closed,2026-06-04T17:23:00Z,2026-06-04T18:19:00Z,56
1870474,West,MUKATSAR,11 KV NAI ABADI,Unplanned,Closed,2026-06-04T17:23:00Z,2026-06-04T18:19:00Z,56
1870473,West,MUKATSAR,11 KV SIDHU NAGRI,Unplanned,Closed,2026-06-04T17:23:00Z,2026-06-04T18:19:00Z,56
1870472,West,MUKATSAR,11 KV GANGA NAGAR ROAD,Unplanned,Closed,2026-06-04T17:23:00Z,2026-06-04T18:19:00Z,56
1870470,West,MUKATSAR,11 KV KANDHWALA Road Urban,Unplanned,Closed,2026-06-04T17:23:00Z,2026-06-04T18:19:00Z,56
1870468,West,MUKATSAR,11 KV Alamgarh,Unplanned,Closed,2026-06-04T17:23:00Z,2026-06-04T18:19:00Z,56
1870466,West,MUKATSAR,KRISHNA NAGRI,Unplanned,Closed,2026-06-04T17:23:00Z,2026-06-04T18:19:00Z,56
1870463,West,MUKATSAR,11 KV Circular Road,Unplanned,Closed,2026-06-04T17:23:00Z,2026-06-04T18:19:00Z,56
1870462,West,MUKATSAR,INDRA NAGRI,Unplanned,Closed,2026-06-04T17:23:00Z,2026-06-04T18:19:00Z,56
1870444,Border,SUB URBAN AMRITSAR,DOORDARSHAN,Unplanned,Closed,2026-06-04T17:22:52Z,2026-06-04T18:18:56Z,56
1870436,Border,GURDASPUR,Azizpur,Unplanned,Closed,2026-06-04T17:22:00Z,2026-06-04T18:06:00Z,44
1870431,Central,CITY EAST LUDHIANA,Garden City,Unplanned,Closed,2026-06-04T17:21:44Z,2026-06-04T19:05:34Z,103
1870411,Border,TARN TARAN,Adda Bhikhiwind,Unplanned,Closed,2026-06-04T17:20:00Z,2026-06-04T19:03:00Z,103
1870452,West,MUKATSAR,11 KV Raipura,Unplanned,Closed,2026-06-04T17:18:00Z,2026-06-04T18:16:00Z,58
1870450,West,MUKATSAR,11 KV Dhaban Kokrian,Unplanned,Closed,2026-06-04T17:18:00Z,2026-06-04T18:16:00Z,58
1870447,West,MUKATSAR,11 KV Malookpura UPS,Unplanned,Closed,2026-06-04T17:18:00Z,2026-06-04T18:16:00Z,58
1870721,North,NAWANSHAHR,Achan Chak,Unplanned,Closed,2026-06-04T17:17:00Z,2026-06-04T19:38:00Z,141
1870719,North,NAWANSHAHR,Khehra,Unplanned,Closed,2026-06-04T17:17:00Z,2026-06-04T18:57:00Z,100
1870554,East,Zirakpur,PEER BABA ROAD,Planned,Closed,2026-06-04T17:15:00Z,2026-06-04T17:50:00Z,35
1870549,East,Zirakpur,NABHA SAHIB,Planned,Closed,2026-06-04T17:15:00Z,2026-06-04T17:50:00Z,35
1870507,South,PATIALA,Ablowal Feeder,Unplanned,Closed,2026-06-04T17:15:00Z,2026-06-04T18:28:00Z,73
1870500,East,Zirakpur,RANBAXY,Planned,Closed,2026-06-04T17:15:00Z,2026-06-04T17:50:00Z,35
1870497,East,Zirakpur,Jaskaran,Planned,Closed,2026-06-04T17:15:00Z,2026-06-04T17:50:00Z,35
1870461,West,MUKATSAR,pathrala Urban,Unplanned,Closed,2026-06-04T17:15:00Z,2026-06-04T19:25:00Z,130
1870435,East,ROPAR,ABIANA,Unplanned,Closed,2026-06-04T17:15:00Z,2026-06-04T17:35:00Z,20
1870393,West,FARIDKOT,11 KV Jhok Sarkari UPS,Unplanned,Closed,2026-06-04T17:15:00Z,2026-06-04T18:25:00Z,70
1870352,Border,CITY AMRITSAR,11 KV Akara Kallu,Unplanned,Closed,2026-06-04T17:13:54Z,2026-06-04T18:26:49Z,72
1870672,South,PATIALA,City Feeder,Unplanned,Closed,2026-06-04T17:13:00Z,2026-06-04T18:11:00Z,58
1870408,South,PATIALA,11KV Sanauri Adda,Unplanned,Closed,2026-06-04T17:12:50Z,2026-06-04T17:40:50Z,28
1870407,South,PATIALA,DARSHANI GATE,Unplanned,Closed,2026-06-04T17:12:50Z,2026-06-04T19:01:50Z,109
1870406,South,PATIALA,Samania Gate,Unplanned,Closed,2026-06-04T17:12:50Z,2026-06-04T17:59:50Z,47
1870405,South,PATIALA,Shahi Samadhan,Unplanned,Closed,2026-06-04T17:12:50Z,2026-06-04T17:59:50Z,47
1870404,South,PATIALA,Mai Ji Di Saran,Unplanned,Closed,2026-06-04T17:12:50Z,2026-06-04T17:59:50Z,47
1870403,South,PATIALA,Substation T/F Sanouri Adda,Unplanned,Closed,2026-06-04T17:12:50Z,2026-06-04T17:59:50Z,47
1870402,South,PATIALA,Tej Bagh Colony,Unplanned,Closed,2026-06-04T17:12:50Z,2026-06-04T17:40:50Z,28
1870401,South,PATIALA,Quila Chowk,Unplanned,Closed,2026-06-04T17:12:50Z,2026-06-04T17:40:50Z,28
1870446,Border,TARN TARAN,UPS Blair,Unplanned,Closed,2026-06-04T17:11:00Z,2026-06-04T18:27:00Z,76
1870433,Border,TARN TARAN,UPS MARI SAMRA,Unplanned,Closed,2026-06-04T17:11:00Z,2026-06-04T18:06:00Z,55
1870460,South,PATIALA,HASSANPUR,Unplanned,Closed,2026-06-04T17:10:23Z,2026-06-04T17:55:23Z,45
1870459,South,PATIALA,Industrial Estate(old),Unplanned,Closed,2026-06-04T17:10:23Z,2026-06-04T17:52:23Z,42
1870458,South,PATIALA,Alipur,Unplanned,Closed,2026-06-04T17:10:23Z,2026-06-04T17:52:23Z,42
1870457,South,PATIALA,Jhill,Unplanned,Closed,2026-06-04T17:10:23Z,2026-06-04T17:52:23Z,42
1871241,Border,SUB URBAN AMRITSAR,UPS/ MANAWALA,Unplanned,Closed,2026-06-04T17:10:00Z,2026-06-04T20:40:00Z,210
1870421,West,FEROZPUR,Bahadur Wala,Unplanned,Closed,2026-06-04T17:10:00Z,2026-06-04T19:10:00Z,120
1870416,West,FEROZPUR,POLYTECHNIC COLLEGE,Unplanned,Closed,2026-06-04T17:10:00Z,2026-06-04T18:00:00Z,50
1870414,Border,TARN TARAN,Adda Algon,Unplanned,Closed,2026-06-04T17:10:00Z,2026-06-04T17:33:00Z,23
1870409,Border,GURDASPUR,Baba Tehal Singh,Unplanned,Closed,2026-06-04T17:10:00Z,2026-06-04T18:40:00Z,90
1870370,West,MUKATSAR,11 KV TAJA PATTI,Unplanned,Closed,2026-06-04T17:10:00Z,2026-06-04T18:09:14Z,59
1870368,West,MUKATSAR,11 KV GADDAN DOB,Unplanned,Closed,2026-06-04T17:10:00Z,2026-06-04T18:09:14Z,59
1870367,West,MUKATSAR,11 KV RATTA TIBBA,Unplanned,Closed,2026-06-04T17:10:00Z,2026-06-04T18:09:14Z,59
1870455,South,PATIALA,Lakkar Mandi,Unplanned,Closed,2026-06-04T17:08:15Z,2026-06-04T17:44:15Z,36
1870501,North,JALANDHAR,Onkar nagar,Unplanned,Closed,2026-06-04T17:08:00Z,2026-06-04T18:08:00Z,60
1870498,North,JALANDHAR,STARCH MILL,Unplanned,Closed,2026-06-04T17:08:00Z,2026-06-04T18:08:00Z,60
1870485,North,JALANDHAR,CITY2,Unplanned,Closed,2026-06-04T17:08:00Z,2026-06-04T18:08:00Z,60
1870477,North,JALANDHAR,CITY1,Unplanned,Closed,2026-06-04T17:08:00Z,2026-06-04T18:08:00Z,60
1870471,North,JALANDHAR,JANDAILI,Unplanned,Closed,2026-06-04T17:08:00Z,2026-06-04T18:08:00Z,60
1870467,North,JALANDHAR,SUKHAIN NAGAR,Unplanned,Closed,2026-06-04T17:08:00Z,2026-06-04T18:05:00Z,57
1870465,North,JALANDHAR,RING MAIN,Unplanned,Closed,2026-06-04T17:08:00Z,2026-06-04T18:05:00Z,57
1870464,North,JALANDHAR,URBAN STATE,Unplanned,Closed,2026-06-04T17:08:00Z,2026-06-04T18:05:00Z,57
1870343,East,ROPAR,BHAINI,Unplanned,Closed,2026-06-04T17:06:00Z,2026-06-04T18:02:00Z,56
1870488,South,PATIALA,Leela Bhawan,Unplanned,Closed,2026-06-04T17:05:40Z,2026-06-04T20:45:40Z,220
1870487,South,PATIALA,Bank Colony,Unplanned,Closed,2026-06-04T17:05:40Z,2026-06-04T19:51:40Z,166
1870486,South,PATIALA,Hira Nagar,Unplanned,Closed,2026-06-04T17:05:40Z,2026-06-04T18:39:40Z,94
1870453,South,PATIALA,GOBIND BAGH,Unplanned,Closed,2026-06-04T17:05:07Z,2026-06-04T17:55:07Z,50
1870437,North,JALANDHAR,LINK FEEDER,Unplanned,Closed,2026-06-04T17:05:00Z,2026-06-04T18:05:00Z,60
1870434,North,JALANDHAR,INDUSTRY AREA,Unplanned,Closed,2026-06-04T17:05:00Z,2026-06-04T18:05:00Z,60
1870432,South,PATIALA,Bhupindra Road,Unplanned,Closed,2026-06-04T17:05:00Z,2026-06-04T17:52:00Z,47
1870430,South,PATIALA,Sirhind Road,Unplanned,Closed,2026-06-04T17:05:00Z,2026-06-04T17:52:00Z,47
1870429,North,JALANDHAR,Nanak Nagri,Unplanned,Closed,2026-06-04T17:05:00Z,2026-06-04T18:05:00Z,60
1870428,North,JALANDHAR,MANDI,Unplanned,Closed,2026-06-04T17:05:00Z,2026-06-04T18:05:00Z,60
1870427,North,JALANDHAR,SEMI,Unplanned,Closed,2026-06-04T17:05:00Z,2026-06-04T18:05:00Z,60
1870425,North,JALANDHAR,LOVELY,Unplanned,Closed,2026-06-04T17:05:00Z,2026-06-04T18:05:00Z,60
1870424,North,JALANDHAR,BONE MILL,Unplanned,Closed,2026-06-04T17:05:00Z,2026-06-04T18:05:00Z,60
1870423,North,JALANDHAR,THIRD WIRE,Unplanned,Closed,2026-06-04T17:05:00Z,2026-06-04T18:05:00Z,60
1870422,North,JALANDHAR,11 KV NEW LAKHAN PAL FEEDER,Unplanned,Closed,2026-06-04T17:05:00Z,2026-06-04T18:05:00Z,60
1870419,North,JALANDHAR,RURAL URBAN  (NAWAN PIND),Unplanned,Closed,2026-06-04T17:05:00Z,2026-06-04T18:05:00Z,60
1870418,North,JALANDHAR,11 KV LAW GATE FEEDER,Unplanned,Closed,2026-06-04T17:05:00Z,2026-06-04T18:05:00Z,60
1870417,North,JALANDHAR,VIEW ESTATE,Unplanned,Closed,2026-06-04T17:05:00Z,2026-06-04T18:05:00Z,60
1870415,North,JALANDHAR,PEER PRANIA FEEDER,Unplanned,Closed,2026-06-04T17:05:00Z,2026-06-04T18:05:00Z,60
1870413,North,JALANDHAR,LINK FEEDER,Unplanned,Closed,2026-06-04T17:05:00Z,2026-06-04T18:05:00Z,60
1870412,North,JALANDHAR,FATEHGARH,Unplanned,Closed,2026-06-04T17:05:00Z,2026-06-04T18:05:00Z,60
1870410,North,JALANDHAR,Urban Rural no 2,Unplanned,Closed,2026-06-04T17:05:00Z,2026-06-04T18:05:00Z,60
1870400,North,JALANDHAR,URBAN RURAL,Unplanned,Closed,2026-06-04T17:05:00Z,2026-06-04T18:05:00Z,60
1870399,North,JALANDHAR,ASHOK VIHAR,Unplanned,Closed,2026-06-04T17:05:00Z,2026-06-04T18:05:00Z,60
1870398,North,JALANDHAR,HSP ROAD,Unplanned,Closed,2026-06-04T17:05:00Z,2026-06-04T18:05:00Z,60
1870397,North,JALANDHAR,KLARWARA GATE,Unplanned,Closed,2026-06-04T17:05:00Z,2026-06-04T18:05:00Z,60
1870396,North,JALANDHAR,VIP,Unplanned,Closed,2026-06-04T17:05:00Z,2026-06-04T18:05:00Z,60
1870395,North,JALANDHAR,NIHAL GARGH,Unplanned,Closed,2026-06-04T17:05:00Z,2026-06-04T18:05:00Z,60
1870394,North,JALANDHAR,11 KV Tibbi Feeder,Unplanned,Closed,2026-06-04T17:05:00Z,2026-06-04T18:05:00Z,60
1870374,North,JALANDHAR,CHACHOKI COLONY,Unplanned,Closed,2026-06-04T17:05:00Z,2026-06-04T18:05:00Z,60
1870372,North,JALANDHAR,GT ROAD,Unplanned,Closed,2026-06-04T17:05:00Z,2026-06-04T18:05:00Z,60
1870365,South,SANGRUR,UPS TEIPUR,Unplanned,Closed,2026-06-04T17:05:00Z,2026-06-04T20:05:00Z,180
1870342,West,BATHINDA,RAILWAY ROAD,Unplanned,Closed,2026-06-04T17:05:00Z,2026-06-04T19:25:00Z,140
1870341,Border,TARN TARAN,24 Hur. Sohal,Unplanned,Closed,2026-06-04T17:05:00Z,2026-06-04T17:17:00Z,12
1870340,Border,TARN TARAN,GAGOBUA URBAN,Unplanned,Closed,2026-06-04T17:05:00Z,2026-06-04T17:30:00Z,25
1870338,South,PATIALA,UPS ROHTA SAHIB,Unplanned,Closed,2026-06-04T17:05:00Z,2026-06-04T18:05:00Z,60
1870336,West,FARIDKOT,GHONIWALA UPS Cat 5,Unplanned,Closed,2026-06-04T17:05:00Z,2026-06-04T17:30:00Z,25
1870334,West,FARIDKOT,GOLEWALA,Unplanned,Closed,2026-06-04T17:05:00Z,2026-06-04T17:15:00Z,10
1870392,South,PATIALA,PC-1 CABLE,Unplanned,Closed,2026-06-04T17:04:56Z,2026-06-04T17:22:56Z,18
1870391,South,PATIALA,Shakti Vihar Station Transform,Unplanned,Closed,2026-06-04T17:04:56Z,2026-06-04T18:01:56Z,57
1870390,South,PATIALA,11 KV Air force,Unplanned,Closed,2026-06-04T17:04:56Z,2026-06-04T17:34:56Z,30
1870389,South,PATIALA,Shakti Vihar,Unplanned,Closed,2026-06-04T17:04:56Z,2026-06-04T19:11:56Z,127
1870388,South,PATIALA,Model Town 220kv,Unplanned,Closed,2026-06-04T17:04:56Z,2026-06-04T18:09:56Z,65
1870387,South,PATIALA,Sant Nagar,Unplanned,Closed,2026-06-04T17:04:56Z,2026-06-04T18:11:56Z,67
1870386,South,PATIALA,Badungar,Unplanned,Closed,2026-06-04T17:04:56Z,2026-06-04T17:42:56Z,38
1870385,South,PATIALA,Bachittar Nagar,Unplanned,Closed,2026-06-04T17:04:56Z,2026-06-04T18:11:56Z,67
1870384,South,PATIALA,BHARAT NAGAR,Unplanned,Closed,2026-06-04T17:04:56Z,2026-06-04T17:57:56Z,53
1870383,South,PATIALA,Rajindra Hospital Backup,Unplanned,Closed,2026-06-04T17:04:56Z,2026-06-04T18:00:56Z,56
1870382,South,PATIALA,Majhithia Enclave,Unplanned,Closed,2026-06-04T17:04:56Z,2026-06-04T17:27:56Z,23
1870381,South,PATIALA,medical college,Unplanned,Closed,2026-06-04T17:04:56Z,2026-06-04T18:00:56Z,56
1870380,South,PATIALA,Raja enclave,Unplanned,Closed,2026-06-04T17:04:56Z,2026-06-04T18:00:56Z,56
1870379,South,PATIALA,11 kV DHAMO MAJRA,Unplanned,Closed,2026-06-04T17:04:56Z,2026-06-04T17:42:56Z,38
1870378,South,PATIALA,11 KV PUNJABI BAGH,Unplanned,Closed,2026-06-04T17:04:56Z,2026-06-04T18:00:56Z,56
1870377,South,PATIALA,Old MES,Unplanned,Closed,2026-06-04T17:04:56Z,2026-06-04T18:00:56Z,56
1870376,South,PATIALA,PC-I,Unplanned,Closed,2026-06-04T17:04:56Z,2026-06-04T17:22:56Z,18
1870375,South,PATIALA,Partap Nagar,Unplanned,Closed,2026-06-04T17:04:56Z,2026-06-04T17:42:56Z,38
1870296,Border,SUB URBAN AMRITSAR,11 KV WADALA,Unplanned,Closed,2026-06-04T17:04:51Z,2026-06-04T18:29:03Z,84
1870295,Border,SUB URBAN AMRITSAR,KOTLA UPS,Unplanned,Closed,2026-06-04T17:04:51Z,2026-06-04T18:22:25Z,77
1870312,South,PATIALA,Ghuman Nagar,Unplanned,Closed,2026-06-04T17:02:38Z,2026-06-04T18:00:38Z,58
1870311,South,PATIALA,11 KV Bhawani Polymers Focal P,Unplanned,Closed,2026-06-04T17:02:38Z,2026-06-04T18:00:38Z,58
1870310,South,PATIALA,new anaj mandi,Unplanned,Closed,2026-06-04T17:02:38Z,2026-06-04T18:00:38Z,58
1870309,South,PATIALA,Industrial Estate New,Unplanned,Closed,2026-06-04T17:02:38Z,2026-06-04T18:00:38Z,58
1870308,South,PATIALA,HARINDER NAGAR,Unplanned,Closed,2026-06-04T17:02:38Z,2026-06-04T18:00:38Z,58
1870307,South,PATIALA,Deep nagar,Unplanned,Closed,2026-06-04T17:02:38Z,2026-06-04T18:00:38Z,58
1870306,South,PATIALA,11KV EKTA NAGAR,Unplanned,Closed,2026-06-04T17:02:38Z,2026-06-04T18:00:38Z,58
1870305,South,PATIALA,11KV AZAD NAGAR,Unplanned,Closed,2026-06-04T17:02:38Z,2026-06-04T18:00:38Z,58
1870304,South,PATIALA,FOCAL POINT-IV,Unplanned,Closed,2026-06-04T17:02:38Z,2026-06-04T18:00:38Z,58
1870303,South,PATIALA,Focal Point-I,Unplanned,Closed,2026-06-04T17:02:38Z,2026-06-04T18:00:38Z,58
1870302,South,PATIALA,Focal Point-II,Unplanned,Closed,2026-06-04T17:02:38Z,2026-06-04T18:02:38Z,60
1870301,South,PATIALA,Focal Point-III,Unplanned,Closed,2026-06-04T17:02:38Z,2026-06-04T18:00:38Z,58
1870300,South,PATIALA,11KV NARENDRA ENCLAVE,Unplanned,Closed,2026-06-04T17:02:38Z,2026-06-04T18:00:38Z,58
1870299,South,PATIALA,FACTORY AREA (NEW),Unplanned,Closed,2026-06-04T17:02:38Z,2026-06-04T18:00:38Z,58
1870298,South,PATIALA,DARSHAN SINGH NAGAR,Unplanned,Closed,2026-06-04T17:02:38Z,2026-06-04T18:00:38Z,58
1870316,West,BATHINDA,Budhlada URBAN,Unplanned,Closed,2026-06-04T17:02:00Z,2026-06-04T17:36:00Z,34
1870255,Border,SUB URBAN AMRITSAR,Hoshiar Nagar UPS,Unplanned,Closed,2026-06-04T17:01:49Z,2026-06-04T18:59:48Z,117
1870443,South,PATIALA,66 KV RAJINDRA HOSPITAL,Unplanned,Closed,2026-06-04T17:01:42Z,2026-06-04T17:25:42Z,24
1870442,South,PATIALA,11KV Chandni Chownk,Unplanned,Closed,2026-06-04T17:01:42Z,2026-06-04T17:25:42Z,24
1870441,South,PATIALA,11kV Grid transformer Rajindra,Unplanned,Closed,2026-06-04T17:01:42Z,2026-06-04T17:25:42Z,24
1870440,South,PATIALA,Dental College,Unplanned,Closed,2026-06-04T17:01:42Z,2026-06-04T17:25:42Z,24
1870439,South,PATIALA,Jagdish Ashram,Unplanned,Closed,2026-06-04T17:01:42Z,2026-06-04T17:25:42Z,24
1870438,South,PATIALA,New Lal Bagh,Unplanned,Closed,2026-06-04T17:01:42Z,2026-06-04T17:25:42Z,24
1870337,South,PATIALA,UPS SURAJPUR,Unplanned,Closed,2026-06-04T17:01:00Z,2026-06-04T17:20:00Z,19
1870328,Border,GURDASPUR,Goal Mandir,Unplanned,Closed,2026-06-04T17:01:00Z,2026-06-04T17:40:00Z,39
1870327,Border,GURDASPUR,SD Collage,Unplanned,Closed,2026-06-04T17:01:00Z,2026-06-04T19:30:00Z,149
1870322,South,SANGRUR,UPS ATTALIAN,Unplanned,Closed,2026-06-04T17:00:00Z,2026-06-04T18:40:00Z,100
1870321,South,SANGRUR,UPS BHAMANMAJARA,Unplanned,Closed,2026-06-04T17:00:00Z,2026-06-04T18:35:00Z,95
1870294,North,KAPURTHALA,Lakhan Ke Paddey,Unplanned,Closed,2026-06-04T17:00:00Z,2026-06-04T18:00:00Z,60
1870293,North,KAPURTHALA,Bamuwal,Unplanned,Closed,2026-06-04T17:00:00Z,2026-06-04T18:00:00Z,60
1870292,North,KAPURTHALA,Mana Talwandi,Unplanned,Closed,2026-06-04T17:00:00Z,2026-06-04T18:00:00Z,60
1870291,North,KAPURTHALA,UPS Mustfabad,Unplanned,Closed,2026-06-04T17:00:00Z,2026-06-04T18:00:00Z,60
1870290,North,KAPURTHALA,URBAN Hamira,Unplanned,Closed,2026-06-04T17:00:00Z,2026-06-04T18:00:00Z,60
1870288,North,KAPURTHALA,Momanpur,Unplanned,Closed,2026-06-04T17:00:00Z,2026-06-04T18:00:00Z,60
1870287,North,KAPURTHALA,UPS Bhathe,Unplanned,Closed,2026-06-04T17:00:00Z,2026-06-04T18:00:00Z,60
1870285,North,KAPURTHALA,URBAN Focal Point,Unplanned,Closed,2026-06-04T17:00:00Z,2026-06-04T18:00:00Z,60
1870284,North,KAPURTHALA,UPS Ambgarh,Unplanned,Closed,2026-06-04T17:00:00Z,2026-06-04T18:00:00Z,60
1870282,North,KAPURTHALA,UPS Rahimpur,Unplanned,Closed,2026-06-04T17:00:00Z,2026-06-04T18:00:00Z,60
1870281,North,KAPURTHALA,URBAN Mustfapur,Unplanned,Closed,2026-06-04T17:00:00Z,2026-06-04T18:00:00Z,60
1870280,North,KAPURTHALA,UPS Kahlwan,Unplanned,Closed,2026-06-04T17:00:00Z,2026-06-04T18:00:00Z,60
1870278,North,KAPURTHALA,URBAN Bye Pass,Unplanned,Closed,2026-06-04T17:00:00Z,2026-06-04T18:00:00Z,60
1870277,North,KAPURTHALA,URBAN Sura Nussi,Unplanned,Closed,2026-06-04T17:00:00Z,2026-06-04T18:00:00Z,60
1870276,North,KAPURTHALA,Arya Nagar,Unplanned,Closed,2026-06-04T17:00:00Z,2026-06-04T18:00:00Z,60
1870275,North,KAPURTHALA,Pattar Kalan,Unplanned,Closed,2026-06-04T17:00:00Z,2026-06-04T18:00:00Z,60
1870273,North,KAPURTHALA,Fateh Jalal,Unplanned,Closed,2026-06-04T17:00:00Z,2026-06-04T18:00:00Z,60
1870270,North,HOSHIARPUR,11KV MAKOWAL,Unplanned,Closed,2026-06-04T17:00:00Z,2026-06-04T17:50:00Z,50
1870267,North,KAPURTHALA,Furniture Bajar,Unplanned,Closed,2026-06-04T17:00:00Z,2026-06-04T18:00:00Z,60
1870266,North,HOSHIARPUR,11KV ARGOWAL,Unplanned,Closed,2026-06-04T17:00:00Z,2026-06-04T17:50:00Z,50
1870264,North,KAPURTHALA,City kartarpur,Unplanned,Closed,2026-06-04T17:00:00Z,2026-06-04T18:00:00Z,60
1870260,North,HOSHIARPUR,CHACK NUR ALI,Unplanned,Closed,2026-06-04T17:00:00Z,2026-06-04T17:50:00Z,50
1870254,North,HOSHIARPUR,Khalsa College Garhdiwala,Unplanned,Closed,2026-06-04T17:00:00Z,2026-06-04T17:50:00Z,50
1870250,North,HOSHIARPUR,Pandori Attwal,Unplanned,Closed,2026-06-04T17:00:00Z,2026-06-04T17:50:00Z,50
1870247,North,KAPURTHALA,SALAMATPUR,Unplanned,Closed,2026-06-04T17:00:00Z,2026-06-04T18:00:00Z,60
1870245,North,KAPURTHALA,UPS PANDORI,Unplanned,Closed,2026-06-04T17:00:00Z,2026-06-04T18:00:00Z,60
1870244,North,KAPURTHALA,UPS BAJAJ,Unplanned,Closed,2026-06-04T17:00:00Z,2026-06-04T18:00:00Z,60
1870242,North,KAPURTHALA,CAT-1 BHATNURA,Unplanned,Closed,2026-06-04T17:00:00Z,2026-06-04T18:00:00Z,60
1870240,North,HOSHIARPUR,MASTIWAL,Unplanned,Closed,2026-06-04T17:00:00Z,2026-06-04T17:50:00Z,50
1870239,North,KAPURTHALA,UPS METLA,Unplanned,Closed,2026-06-04T17:00:00Z,2026-06-04T18:00:00Z,60
1870238,North,KAPURTHALA,CAT-1 BHOLATH,Unplanned,Closed,2026-06-04T17:00:00Z,2026-06-04T18:00:00Z,60
1870237,North,KAPURTHALA,Fatehgarh,Unplanned,Closed,2026-06-04T17:00:00Z,2026-06-04T18:00:00Z,60
1870236,North,HOSHIARPUR,CHAK KHELA,Unplanned,Closed,2026-06-04T17:00:00Z,2026-06-04T17:50:00Z,50
1870235,North,KAPURTHALA,CAT 1 CIVIL HOSPITAL,Unplanned,Closed,2026-06-04T17:00:00Z,2026-06-04T18:00:00Z,60
1870233,North,KAPURTHALA,UPS NADALI,Unplanned,Closed,2026-06-04T17:00:00Z,2026-06-04T18:00:00Z,60
1870232,North,KAPURTHALA,UPS MIANI,Unplanned,Closed,2026-06-04T17:00:00Z,2026-06-04T18:00:00Z,60
1870231,North,HOSHIARPUR,GARDIWAL,Unplanned,Closed,2026-06-04T17:00:00Z,2026-06-04T17:50:00Z,50
1870230,North,KAPURTHALA,UPS FEROZESANGOWAL,Unplanned,Closed,2026-06-04T17:00:00Z,2026-06-04T18:00:00Z,60
1870229,North,KAPURTHALA,CAT 1 BEGOWAL,Unplanned,Closed,2026-06-04T17:00:00Z,2026-06-04T18:00:00Z,60
1870196,Central,SUB URBAN LUDHIANA,CITY-2,Unplanned,Closed,2026-06-04T16:56:00Z,2026-06-04T19:00:00Z,124
1870351,North,JALANDHAR,11KVMARKFEED FEEDER,Unplanned,Closed,2026-06-04T16:55:12Z,2026-06-04T18:30:12Z,95
1870350,North,JALANDHAR,GANDHI NAGAR,Unplanned,Closed,2026-06-04T16:55:12Z,2026-06-04T18:10:12Z,75
1870349,North,JALANDHAR,Chomon,Unplanned,Closed,2026-06-04T16:55:12Z,2026-06-04T18:15:12Z,80
1870348,North,JALANDHAR,ADAMPUR,Unplanned,Closed,2026-06-04T16:55:12Z,2026-06-04T18:20:12Z,85
1870347,North,JALANDHAR,VAJU VIHAR,Unplanned,Closed,2026-06-04T16:55:12Z,2026-06-04T18:10:12Z,75
1870346,North,JALANDHAR,RAJOWAL,Unplanned,Closed,2026-06-04T16:55:12Z,2026-06-04T19:10:12Z,135
1870345,North,JALANDHAR,Pandori,Unplanned,Closed,2026-06-04T16:55:12Z,2026-06-04T18:55:12Z,120
1870344,North,JALANDHAR,11KV UDESIAN,Unplanned,Closed,2026-06-04T16:55:12Z,2026-06-04T18:50:12Z,115
1870677,Border,TARN TARAN,11 KV Shekh Chuk UPS,Unplanned,Closed,2026-06-04T16:55:00Z,2026-06-04T20:01:00Z,186
1870674,South,PATIALA,URBAN NANAKSAR,Unplanned,Closed,2026-06-04T16:55:00Z,2026-06-04T18:00:00Z,65
1870314,South,SANGRUR,UPS BOPUR,Unplanned,Closed,2026-06-04T16:55:00Z,2026-06-04T19:05:00Z,130
1870262,South,BARNALA,U.P.S-1 KOTDUNA,Unplanned,Closed,2026-06-04T16:55:00Z,2026-06-04T18:08:00Z,73
1870217,South,SANGRUR,Fatehgarh ups,Unplanned,Closed,2026-06-04T16:55:00Z,2026-06-04T17:30:00Z,35
1870216,North,HOSHIARPUR,HOSPITAL,Unplanned,Closed,2026-06-04T16:55:00Z,2026-06-04T17:40:00Z,45
1870214,North,HOSHIARPUR,MES,Unplanned,Closed,2026-06-04T16:55:00Z,2026-06-04T17:40:00Z,45
1870197,North,HOSHIARPUR,Salempur,Unplanned,Closed,2026-06-04T16:55:00Z,2026-06-04T17:40:00Z,45
1870194,North,HOSHIARPUR,BAINSAN,Unplanned,Closed,2026-06-04T16:55:00Z,2026-06-04T17:40:00Z,45
1870192,North,HOSHIARPUR,KOTLA,Unplanned,Closed,2026-06-04T16:55:00Z,2026-06-04T17:40:00Z,45
1870188,North,HOSHIARPUR,MIANI,Unplanned,Closed,2026-06-04T16:55:00Z,2026-06-04T17:40:00Z,45
1870185,South,SANGRUR,JHALOOR UPS,Unplanned,Closed,2026-06-04T16:55:00Z,2026-06-04T17:40:00Z,45
1870228,Border,GURDASPUR,11 kv Dhupshari ups,Unplanned,Closed,2026-06-04T16:51:59Z,2026-06-04T17:50:59Z,59
1870227,Border,GURDASPUR,11 KV Guru Nanak College,Unplanned,Closed,2026-06-04T16:51:59Z,2026-06-04T17:50:59Z,59
1870226,Border,GURDASPUR,Ujjagar Nagar,Unplanned,Closed,2026-06-04T16:51:59Z,2026-06-04T17:50:59Z,59
1870225,Border,GURDASPUR,South City,Unplanned,Closed,2026-06-04T16:51:59Z,2026-06-04T17:50:59Z,59
1870224,Border,GURDASPUR,Mata Sulakhni Ji,Unplanned,Closed,2026-06-04T16:51:59Z,2026-06-04T17:50:59Z,59
1870223,Border,GURDASPUR,Diamond Colony,Unplanned,Closed,2026-06-04T16:51:59Z,2026-06-04T17:50:59Z,59
1870212,Border,GURDASPUR,Greater Kailash,Unplanned,Closed,2026-06-04T16:51:28Z,2026-06-04T17:50:28Z,59
1870211,Border,GURDASPUR,KHAJURI GATE,Unplanned,Closed,2026-06-04T16:51:28Z,2026-06-04T17:50:28Z,59
1870210,Border,GURDASPUR,Gurudwara Kandh Sahib,Unplanned,Closed,2026-06-04T16:51:28Z,2026-06-04T17:50:28Z,59
1870209,Border,GURDASPUR,OLD HOSPITAL BATALA,Unplanned,Closed,2026-06-04T16:51:28Z,2026-06-04T17:50:28Z,59
1870208,Border,GURDASPUR,Bank colony,Unplanned,Closed,2026-06-04T16:51:28Z,2026-06-04T17:50:28Z,59
1870207,Border,GURDASPUR,G.T Road,Unplanned,Closed,2026-06-04T16:51:28Z,2026-06-04T17:50:28Z,59
1870206,Border,GURDASPUR,11 KV RAILWAY ROAD,Unplanned,Closed,2026-06-04T16:51:28Z,2026-06-04T17:50:28Z,59
1870205,Border,GURDASPUR,11 KV BHANDHRI MOHALLA,Unplanned,Closed,2026-06-04T16:51:28Z,2026-06-04T17:50:28Z,59
1870204,Border,GURDASPUR,SHANTI NAGAR,Unplanned,Closed,2026-06-04T16:51:28Z,2026-06-04T17:50:28Z,59
1870203,Border,GURDASPUR,Batala City,Unplanned,Closed,2026-06-04T16:51:28Z,2026-06-04T17:50:28Z,59
1870202,Border,GURDASPUR,Murgi Mohalla,Unplanned,Closed,2026-06-04T16:51:28Z,2026-06-04T17:50:28Z,59
1870201,Border,GURDASPUR,Kahnuwan Road,Unplanned,Closed,2026-06-04T16:51:28Z,2026-06-04T17:50:28Z,59
1870200,Border,GURDASPUR,Simbal,Unplanned,Closed,2026-06-04T16:51:28Z,2026-06-04T17:50:28Z,59
1870199,Border,GURDASPUR,Dera Baba Nanak Road,Unplanned,Closed,2026-06-04T16:51:28Z,2026-06-04T17:50:28Z,59
1870198,Border,GURDASPUR,Improvement Trust,Unplanned,Closed,2026-06-04T16:51:28Z,2026-06-04T17:50:28Z,59
1870222,Border,GURDASPUR,11 KV New Urban Estate phase 1,Unplanned,Closed,2026-06-04T16:51:07Z,2026-06-04T17:50:07Z,59
1870221,Border,GURDASPUR,11 KV Shahabpura Road,Unplanned,Closed,2026-06-04T16:51:07Z,2026-06-04T17:50:07Z,59
1870220,Border,GURDASPUR,HARNAM NAGAR,Unplanned,Closed,2026-06-04T16:51:07Z,2026-06-04T17:50:07Z,59
1870219,Border,GURDASPUR,TRUCK UNION,Unplanned,Closed,2026-06-04T16:51:07Z,2026-06-04T17:50:07Z,59
1870364,North,JALANDHAR,EKTA NAGAR,Unplanned,Closed,2026-06-04T16:51:03Z,2026-06-04T18:17:03Z,86
1870363,North,JALANDHAR,Karol bagh,Unplanned,Closed,2026-06-04T16:51:03Z,2026-06-04T17:51:03Z,60
1870362,North,JALANDHAR,UNIVERSIY,Unplanned,Closed,2026-06-04T16:51:03Z,2026-06-04T17:51:03Z,60
1870361,North,JALANDHAR,LADHAYWALI,Unplanned,Closed,2026-06-04T16:51:03Z,2026-06-04T17:51:03Z,60
1870360,North,JALANDHAR,CHANDERSEN,Unplanned,Closed,2026-06-04T16:51:03Z,2026-06-04T17:51:03Z,60
1870359,North,JALANDHAR,11kv Nangal shama,Unplanned,Closed,2026-06-04T16:51:03Z,2026-06-04T18:17:03Z,86
1870358,North,JALANDHAR,King city,Unplanned,Closed,2026-06-04T16:51:03Z,2026-06-04T18:17:03Z,86
1870357,North,JALANDHAR,Guru Nanak Nagar,Unplanned,Closed,2026-06-04T16:51:03Z,2026-06-04T18:17:03Z,86
1870356,North,JALANDHAR,DRDO,Unplanned,Closed,2026-06-04T16:51:03Z,2026-06-04T18:17:03Z,86
1870355,North,JALANDHAR,CHOGITTI,Unplanned,Closed,2026-06-04T16:51:03Z,2026-06-04T18:17:03Z,86
1870354,North,JALANDHAR,ME LAB,Unplanned,Closed,2026-06-04T16:51:03Z,2026-06-04T18:17:03Z,86
1870353,North,JALANDHAR,BASANT HILLS,Unplanned,Closed,2026-06-04T16:51:03Z,2026-06-04T18:17:03Z,86
1870339,North,JALANDHAR,11 KV Cantt Mandi,Unplanned,Closed,2026-06-04T16:50:00Z,2026-06-04T17:50:00Z,60
1870335,Border,GURDASPUR,11 KV Dhesian,Unplanned,Closed,2026-06-04T16:50:00Z,2026-06-04T17:50:00Z,60
1870333,North,JALANDHAR,11 KV Lal Kurti Feeder,Unplanned,Closed,2026-06-04T16:50:00Z,2026-06-04T17:50:00Z,60
1870332,North,JALANDHAR,DEEP NAGAR,Unplanned,Closed,2026-06-04T16:50:00Z,2026-06-04T17:50:00Z,60
1870331,North,JALANDHAR,PROFFESSER COLONY,Unplanned,Closed,2026-06-04T16:50:00Z,2026-06-04T17:50:00Z,60
1870330,North,JALANDHAR,PRAGPUR,Unplanned,Closed,2026-06-04T16:50:00Z,2026-06-04T17:50:00Z,60
1870329,North,JALANDHAR,CHURCH,Unplanned,Closed,2026-06-04T16:50:00Z,2026-06-04T17:50:00Z,60
1870326,North,JALANDHAR,GARHA,Unplanned,Closed,2026-06-04T16:50:00Z,2026-06-04T17:50:00Z,60
1870325,North,JALANDHAR,SOFIPIND,Unplanned,Closed,2026-06-04T16:50:00Z,2026-06-04T17:50:00Z,60
1870323,North,JALANDHAR,DHANOWALI,Unplanned,Closed,2026-06-04T16:50:00Z,2026-06-04T17:50:00Z,60
1870319,North,JALANDHAR,GT Road No. 2,Unplanned,Closed,2026-06-04T16:50:00Z,2026-06-04T17:50:00Z,60
1870317,North,JALANDHAR,RAMA MANDI,Unplanned,Closed,2026-06-04T16:50:00Z,2026-06-04T17:50:00Z,60
1870289,North,JALANDHAR,TV TOWER,Unplanned,Closed,2026-06-04T16:50:00Z,2026-06-04T17:50:00Z,60
1870286,North,JALANDHAR,PAP,Unplanned,Closed,2026-06-04T16:50:00Z,2026-06-04T17:50:00Z,60
1870283,North,JALANDHAR,veva collage,Unplanned,Closed,2026-06-04T16:50:00Z,2026-06-04T17:50:00Z,60
1870279,North,JALANDHAR,RAIWAY WORKSHOP,Unplanned,Closed,2026-06-04T16:50:00Z,2026-06-04T17:50:00Z,60
1870215,South,SANGRUR,Mandi Road,Unplanned,Closed,2026-06-04T16:50:00Z,2026-06-04T19:05:00Z,135
1870213,South,SANGRUR,Dhura Road,Unplanned,Closed,2026-06-04T16:50:00Z,2026-06-04T17:40:00Z,50
1870183,North,HOSHIARPUR,RAMGHAR,Unplanned,Closed,2026-06-04T16:50:00Z,2026-06-04T17:50:00Z,60
1870180,North,HOSHIARPUR,SUKCHAINPUR,Unplanned,Closed,2026-06-04T16:50:00Z,2026-06-04T18:15:00Z,85
1870179,North,HOSHIARPUR,11 KV KAINTHA,Unplanned,Closed,2026-06-04T16:50:00Z,2026-06-04T17:50:00Z,60
1870177,North,HOSHIARPUR,BHOL,Unplanned,Closed,2026-06-04T16:50:00Z,2026-06-04T17:50:00Z,60
1870175,North,HOSHIARPUR,11 KV ARMY GROUND,Unplanned,Closed,2026-06-04T16:50:00Z,2026-06-04T17:50:00Z,60
1870170,North,HOSHIARPUR,11KV MILK PLANT,Unplanned,Closed,2026-06-04T16:50:00Z,2026-06-04T17:50:00Z,60
1870167,North,HOSHIARPUR,11KV SWITHCHING SUB STN.DASUYA,Unplanned,Closed,2026-06-04T16:50:00Z,2026-06-04T17:50:00Z,60
1870165,North,KAPURTHALA,UPS KOHALA,Unplanned,Closed,2026-06-04T16:50:00Z,2026-06-04T17:50:00Z,60
1870163,North,KAPURTHALA,Jallowal,Unplanned,Closed,2026-06-04T16:50:00Z,2026-06-04T17:50:00Z,60
1870162,North,HOSHIARPUR,HAMZA,Unplanned,Closed,2026-06-04T16:50:00Z,2026-06-04T17:50:00Z,60
1870161,North,KAPURTHALA,URBAN KALA SANGHIAN,Unplanned,Closed,2026-06-04T16:50:00Z,2026-06-04T17:50:00Z,60
1870160,Border,GURDASPUR,Model Town,Unplanned,Closed,2026-06-04T16:50:00Z,2026-06-04T17:13:00Z,23
1870158,North,HOSHIARPUR,DASUYA2,Unplanned,Closed,2026-06-04T16:50:00Z,2026-06-04T17:40:00Z,50
1870153,South,SANGRUR,Khokhar UPS,Unplanned,Closed,2026-06-04T16:50:00Z,2026-06-04T17:35:00Z,45
1870151,North,HOSHIARPUR,KALYANPUR,Unplanned,Closed,2026-06-04T16:50:00Z,2026-06-04T17:40:00Z,50
1870149,South,SANGRUR,CITY-5,Unplanned,Closed,2026-06-04T16:50:00Z,2026-06-04T17:35:00Z,45
1870147,North,HOSHIARPUR,DASUYA1,Unplanned,Closed,2026-06-04T16:50:00Z,2026-06-04T17:40:00Z,50
1870426,West,FARIDKOT,Kothe Warring (Samgh),Unplanned,Closed,2026-06-04T16:49:03Z,2026-06-04T18:01:20Z,72
1870193,North,JALANDHAR,11KV NIKKU PARK,Unplanned,Closed,2026-06-04T16:49:00Z,2026-06-04T18:17:00Z,88
1870191,North,JALANDHAR,11KV HOUSING BOARD,Unplanned,Closed,2026-06-04T16:49:00Z,2026-06-04T18:17:00Z,88
1870190,North,JALANDHAR,GEETA MANDIR,Unplanned,Closed,2026-06-04T16:49:00Z,2026-06-04T18:17:00Z,88
1870187,North,JALANDHAR,GOL MARKET,Unplanned,Closed,2026-06-04T16:49:00Z,2026-06-04T18:17:00Z,88
1870184,North,JALANDHAR,URBAN ESTATE,Unplanned,Closed,2026-06-04T16:49:00Z,2026-06-04T18:17:00Z,88
1870182,North,JALANDHAR,SABOWAL,Unplanned,Closed,2026-06-04T16:49:00Z,2026-06-04T18:17:00Z,88
1870176,North,JALANDHAR,GURU NANAK NAGAR,Unplanned,Closed,2026-06-04T16:49:00Z,2026-06-04T18:17:00Z,88
1870173,North,JALANDHAR,WARYAM NAGAR,Unplanned,Closed,2026-06-04T16:49:00Z,2026-06-04T18:17:00Z,88
1870172,North,JALANDHAR,NEW MODEL TOWN,Unplanned,Closed,2026-06-04T16:49:00Z,2026-06-04T18:17:00Z,88
1870274,North,JALANDHAR,Ravidass Bhavan,Unplanned,Closed,2026-06-04T16:48:00Z,2026-06-04T17:38:00Z,50
1870272,North,JALANDHAR,Vishkarma Mandir,Unplanned,Closed,2026-06-04T16:48:00Z,2026-06-04T17:38:00Z,50
1870271,North,JALANDHAR,Dushiara Ground,Unplanned,Closed,2026-06-04T16:48:00Z,2026-06-04T17:38:00Z,50
1870268,North,JALANDHAR,RAJPUT NAGAR,Unplanned,Closed,2026-06-04T16:48:00Z,2026-06-04T17:38:00Z,50
1870265,North,JALANDHAR,NAKODER ROAD,Unplanned,Closed,2026-06-04T16:48:00Z,2026-06-04T17:38:00Z,50
1870263,North,JALANDHAR,BHARO CAMP,Unplanned,Closed,2026-06-04T16:48:00Z,2026-06-04T17:38:00Z,50
1870261,North,JALANDHAR,MODEL HOUSE,Unplanned,Closed,2026-06-04T16:48:00Z,2026-06-04T17:38:00Z,50
1870259,North,JALANDHAR,11 KV Manbro,Unplanned,Closed,2026-06-04T16:48:00Z,2026-06-04T17:38:00Z,50
1870256,North,JALANDHAR,Sudhama Vihar,Unplanned,Closed,2026-06-04T16:48:00Z,2026-06-04T17:38:00Z,50
1870252,North,JALANDHAR,11KV S A S NAGAR,Unplanned,Closed,2026-06-04T16:48:00Z,2026-06-04T17:38:00Z,50
1870248,North,JALANDHAR,11KV GTB NAGAR,Unplanned,Closed,2026-06-04T16:48:00Z,2026-06-04T17:38:00Z,50
1870243,North,JALANDHAR,11 KV Jallowal Abadi,Unplanned,Closed,2026-06-04T16:48:00Z,2026-06-04T17:38:00Z,50
1870234,North,JALANDHAR,GHAI NAGAR,Unplanned,Closed,2026-06-04T16:48:00Z,2026-06-04T17:38:00Z,50
1870218,North,JALANDHAR,11 KV Deol Nagar,Unplanned,Closed,2026-06-04T16:48:00Z,2026-06-04T17:38:00Z,50
1870189,North,HOSHIARPUR,Khozkipur,Unplanned,Closed,2026-06-04T16:48:00Z,2026-06-04T18:42:00Z,114
1870186,North,HOSHIARPUR,SALALA,Unplanned,Closed,2026-06-04T16:48:00Z,2026-06-04T18:42:00Z,114
1870181,North,HOSHIARPUR,Harsipind UPS,Unplanned,Closed,2026-06-04T16:48:00Z,2026-06-04T17:40:00Z,52
1870178,North,HOSHIARPUR,khudda,Unplanned,Closed,2026-06-04T16:48:00Z,2026-06-04T17:40:00Z,52
1870174,North,HOSHIARPUR,Darapur,Unplanned,Closed,2026-06-04T16:48:00Z,2026-06-04T17:40:00Z,52
1870320,North,JALANDHAR,PRUTHI,Unplanned,Closed,2026-06-04T16:46:00Z,2026-06-04T17:40:00Z,54
1870318,North,JALANDHAR,11 KV New Ashok Nagar,Unplanned,Closed,2026-06-04T16:46:00Z,2026-06-04T17:40:00Z,54
1870315,North,JALANDHAR,TEJ MOHAN NAGAR,Unplanned,Closed,2026-06-04T16:46:00Z,2026-06-04T17:40:00Z,54
1870313,North,JALANDHAR,BASTI NOU (NEW),Unplanned,Closed,2026-06-04T16:46:00Z,2026-06-04T17:40:00Z,54
1870297,North,JALANDHAR,LINK ROAD,Unplanned,Closed,2026-06-04T16:46:00Z,2026-06-04T17:40:00Z,54
1870171,North,HOSHIARPUR,BASSI,Unplanned,Closed,2026-06-04T16:46:00Z,2026-06-04T17:40:00Z,54
1870169,North,HOSHIARPUR,KOLYA,Unplanned,Closed,2026-06-04T16:46:00Z,2026-06-04T18:33:00Z,107
1870168,North,HOSHIARPUR,RAMPUR,Unplanned,Closed,2026-06-04T16:46:00Z,2026-06-04T18:30:00Z,104
1870166,North,HOSHIARPUR,PAJJODEUTA,Unplanned,Closed,2026-06-04T16:46:00Z,2026-06-04T18:36:00Z,110
1870164,North,HOSHIARPUR,Soosa,Unplanned,Closed,2026-06-04T16:46:00Z,2026-06-04T18:38:00Z,112
1870155,North,HOSHIARPUR,11 KV Shri Guru Nanak Nagar,Unplanned,Closed,2026-06-04T16:46:00Z,2026-06-04T18:35:00Z,109
1870154,North,HOSHIARPUR,11KV SATOWALI,Unplanned,Closed,2026-06-04T16:46:00Z,2026-06-04T18:35:00Z,109
1870101,West,MUKATSAR,Namdev Nagar,Unplanned,Closed,2026-06-04T16:45:48Z,2026-06-04T17:28:48Z,43
1870100,West,MUKATSAR,New Civil Hospital (Hot Line),Unplanned,Closed,2026-06-04T16:45:48Z,2026-06-04T17:30:48Z,45
1870099,West,MUKATSAR,Roj Avenue,Unplanned,Closed,2026-06-04T16:45:48Z,2026-06-04T17:28:48Z,43
1870098,West,MUKATSAR,Gandhi Nagar,Unplanned,Closed,2026-06-04T16:45:48Z,2026-06-04T17:28:48Z,43
1870097,West,MUKATSAR,Shakti Nagar,Unplanned,Closed,2026-06-04T16:45:48Z,2026-06-04T17:30:48Z,45
1870096,West,MUKATSAR,Bikaneri Road,Unplanned,Closed,2026-06-04T16:45:48Z,2026-06-04T17:27:48Z,42
1870095,West,MUKATSAR,Odda Basti,Unplanned,Closed,2026-06-04T16:45:48Z,2026-06-04T17:26:48Z,41
1870124,South,PATIALA,New Moti Bagh,Unplanned,Closed,2026-06-04T16:45:47Z,2026-06-04T17:35:47Z,50
1870123,South,PATIALA,Ghalaudi Gate,Unplanned,Closed,2026-06-04T16:45:47Z,2026-06-04T17:53:47Z,68
1870122,South,PATIALA,jiwan complex,Unplanned,Closed,2026-06-04T16:45:47Z,2026-06-04T17:51:47Z,66
1870121,South,PATIALA,Officer Colony,Unplanned,Closed,2026-06-04T16:45:47Z,2026-06-04T17:51:47Z,66
1870120,South,PATIALA,Palace Feeder,Unplanned,Closed,2026-06-04T16:45:47Z,2026-06-04T17:35:47Z,50
1870119,South,PATIALA,NIS Complex,Unplanned,Closed,2026-06-04T16:45:47Z,2026-06-04T17:35:47Z,50
1870118,South,PATIALA,Mohindra College,Unplanned,Closed,2026-06-04T16:45:47Z,2026-06-04T17:53:47Z,68
1870117,South,PATIALA,Bahera Road,Unplanned,Closed,2026-06-04T16:45:47Z,2026-06-04T17:53:47Z,68
1870116,South,PATIALA,Polo Ground,Unplanned,Closed,2026-06-04T16:45:47Z,2026-06-04T17:50:47Z,65
1870115,South,PATIALA,SULAR,Unplanned,Closed,2026-06-04T16:45:47Z,2026-06-04T17:50:47Z,65
1870114,South,PATIALA,Ram Ashram,Unplanned,Closed,2026-06-04T16:45:47Z,2026-06-04T17:53:47Z,68
1870113,South,PATIALA,Jain Ice,Unplanned,Closed,2026-06-04T16:45:47Z,2026-06-04T17:40:47Z,55
1870456,Border,SUB URBAN AMRITSAR,Disposal,Unplanned,Closed,2026-06-04T16:45:00Z,2026-06-04T17:35:00Z,50
1870373,North,JALANDHAR,BABA VISHKARMA MANDIR,Unplanned,Closed,2026-06-04T16:45:00Z,2026-06-04T18:05:00Z,80
1870371,North,JALANDHAR,GADAI PUR - 2,Unplanned,Closed,2026-06-04T16:45:00Z,2026-06-04T18:05:00Z,80
1870369,North,JALANDHAR,FAZIL PUR,Unplanned,Closed,2026-06-04T16:45:00Z,2026-06-04T18:30:00Z,105
1870159,North,JALANDHAR,TRIBUNE,Unplanned,Closed,2026-06-04T16:45:00Z,2026-06-04T18:20:00Z,95
1870130,Border,CITY AMRITSAR,SERVER PURA,Unplanned,Closed,2026-06-04T16:45:00Z,2026-06-04T18:05:00Z,80
1870104,North,KAPURTHALA,URBAN Malsian,Unplanned,Closed,2026-06-04T16:45:00Z,2026-06-04T18:00:00Z,75
1870102,North,NAWANSHAHR,SAROYA,Unplanned,Closed,2026-06-04T16:45:00Z,2026-06-04T17:17:00Z,32
1870093,West,MUKATSAR,Abohar Road,Unplanned,Closed,2026-06-04T16:44:04Z,2026-06-04T18:00:04Z,76
1870092,West,MUKATSAR,Salemshah UPS,Unplanned,Closed,2026-06-04T16:44:04Z,2026-06-04T18:29:04Z,105
1870091,West,MUKATSAR,Gaushala,Unplanned,Closed,2026-06-04T16:44:04Z,2026-06-04T17:55:04Z,71
1870090,West,MUKATSAR,Ferozepur Road,Unplanned,Closed,2026-06-04T16:44:04Z,2026-06-04T18:09:04Z,85
1870089,West,MUKATSAR,Basti Hazoor Singh,Unplanned,Closed,2026-06-04T16:44:04Z,2026-06-04T17:56:04Z,72
1870088,West,MUKATSAR,BOP Mauzam Forward,Unplanned,Closed,2026-06-04T16:44:04Z,2026-06-04T18:43:04Z,119
1870087,West,MUKATSAR,Civil Line,Unplanned,Closed,2026-06-04T16:44:04Z,2026-06-04T17:41:04Z,57
1870086,West,MUKATSAR,Sampuran Agriventure,Unplanned,Closed,2026-06-04T16:44:04Z,2026-06-04T18:27:04Z,103
1870085,West,MUKATSAR,Milltry,Unplanned,Closed,2026-06-04T16:44:04Z,2026-06-04T18:09:04Z,85
1870084,West,MUKATSAR,Town,Unplanned,Closed,2026-06-04T16:44:04Z,2026-06-04T18:27:04Z,103
1870083,West,MUKATSAR,Adarsh Nagar,Unplanned,Closed,2026-06-04T16:44:04Z,2026-06-04T18:00:04Z,76
1870082,West,MUKATSAR,CANT ROAD,Unplanned,Closed,2026-06-04T16:44:04Z,2026-06-04T18:31:04Z,107
1870081,West,MUKATSAR,Malout Road,Unplanned,Closed,2026-06-04T16:44:04Z,2026-06-04T18:28:04Z,104
1870080,West,MUKATSAR,M.R. Enclave,Unplanned,Closed,2026-06-04T16:44:04Z,2026-06-04T18:00:04Z,76
1870079,West,MUKATSAR,Civil Hospital,Unplanned,Closed,2026-06-04T16:44:04Z,2026-06-04T17:46:04Z,62
1870146,North,HOSHIARPUR,LAROYA,Unplanned,Closed,2026-06-04T16:43:00Z,2026-06-04T18:30:00Z,107
1870141,North,HOSHIARPUR,KHARDEHER,Unplanned,Closed,2026-06-04T16:43:00Z,2026-06-04T18:32:00Z,109
1870139,North,HOSHIARPUR,BHOGPUR NO 2,Unplanned,Closed,2026-06-04T16:43:00Z,2026-06-04T18:30:00Z,107
1870137,North,HOSHIARPUR,DALLI shared feeder with s/divn,Unplanned,Closed,2026-06-04T16:43:00Z,2026-06-04T18:34:00Z,111
1870135,North,HOSHIARPUR,Bhogpur,Unplanned,Closed,2026-06-04T16:43:00Z,2026-06-04T18:34:00Z,111
1870133,North,HOSHIARPUR,URMAR,Unplanned,Closed,2026-06-04T16:43:00Z,2026-06-04T17:40:00Z,57
1870129,North,HOSHIARPUR,SALLAN,Unplanned,Closed,2026-06-04T16:43:00Z,2026-06-04T17:44:00Z,61
1870126,North,HOSHIARPUR,Tanda City,Unplanned,Closed,2026-06-04T16:43:00Z,2026-06-04T17:40:00Z,57
1870143,North,JALANDHAR,PUNJABI BAGH,Unplanned,Closed,2026-06-04T16:42:00Z,2026-06-04T18:20:00Z,98
1870069,East,Zirakpur,MIAN PUR,Unplanned,Closed,2026-06-04T16:42:00Z,2026-06-04T16:57:00Z,15
1870144,Border,CITY AMRITSAR,V.J.HOSPITAL,Unplanned,Closed,2026-06-04T16:41:55Z,2026-06-04T18:10:19Z,88
1870258,North,HOSHIARPUR,KANDHALA JATTAN,Unplanned,Closed,2026-06-04T16:41:00Z,2026-06-04T18:18:00Z,97
1870253,North,HOSHIARPUR,Chak Jhandu,Unplanned,Closed,2026-06-04T16:41:00Z,2026-06-04T18:21:00Z,100
1870249,North,HOSHIARPUR,GHUG,Unplanned,Closed,2026-06-04T16:41:00Z,2026-06-04T18:21:00Z,100
1870246,North,HOSHIARPUR,SUDHANA,Unplanned,Closed,2026-06-04T16:41:00Z,2026-06-04T18:23:00Z,102
1870241,North,HOSHIARPUR,KALA BAKRA shared feeder,Unplanned,Closed,2026-06-04T16:41:00Z,2026-06-04T18:27:00Z,106
1870366,Border,SUB URBAN AMRITSAR,DADDIAN UPS,Unplanned,Closed,2026-06-04T16:40:00Z,2026-06-04T18:25:00Z,105
1870269,South,PATIALA,Dakala Urban,Unplanned,Closed,2026-06-04T16:40:00Z,2026-06-04T17:40:00Z,60
1870195,Border,TARN TARAN,24 HRS UPS,Unplanned,Closed,2026-06-04T16:40:00Z,2026-06-04T18:25:00Z,105
1870094,South,SANGRUR,Ladbanjara Road,Unplanned,Closed,2026-06-04T16:40:00Z,2026-06-04T17:30:00Z,50
1870076,South,SANGRUR,UPS NIHALGARH,Unplanned,Closed,2026-06-04T16:40:00Z,2026-06-04T17:10:00Z,30
1870078,Border,CITY AMRITSAR,KENNEDY AVENUE,Unplanned,Closed,2026-06-04T16:39:11Z,2026-06-04T16:59:28Z,20
1870077,North,HOSHIARPUR,FOCAL POINT KHUN-2KALAN,Unplanned,Closed,2026-06-04T16:38:00Z,2026-06-04T18:16:00Z,98
1870072,North,HOSHIARPUR,KHUN-2 KALAN,Unplanned,Closed,2026-06-04T16:38:00Z,2026-06-04T18:19:00Z,101
1870068,West,FARIDKOT,BAJA ROAD,Unplanned,Closed,2026-06-04T16:36:11Z,2026-06-04T17:20:55Z,44
1870622,West,FARIDKOT,11KV BHARAT CARD BOARD,Unplanned,Closed,2026-06-04T16:36:00Z,2026-06-04T18:34:00Z,118
1870618,West,FARIDKOT,11KV HARINDERA NAGAR,Unplanned,Closed,2026-06-04T16:36:00Z,2026-06-04T18:30:00Z,114
1870616,West,FARIDKOT,11KV GREEN AVENUE,Unplanned,Closed,2026-06-04T16:36:00Z,2026-06-04T18:18:00Z,102
1870257,South,PATIALA,Vishal Paper Mill,Unplanned,Closed,2026-06-04T16:35:00Z,2026-06-04T17:35:00Z,60
1870157,North,KAPURTHALA,preet nagar,Unplanned,Closed,2026-06-04T16:35:00Z,2026-06-04T17:35:00Z,60
1870152,North,KAPURTHALA,Purani Dana mandi,Unplanned,Closed,2026-06-04T16:35:00Z,2026-06-04T17:35:00Z,60
1870150,North,KAPURTHALA,Santpura,Unplanned,Closed,2026-06-04T16:35:00Z,2026-06-04T17:35:00Z,60
1870148,North,KAPURTHALA,Kotu Chownk,Unplanned,Closed,2026-06-04T16:35:00Z,2026-06-04T17:35:00Z,60
1870145,North,KAPURTHALA,URBAN MARKFED,Unplanned,Closed,2026-06-04T16:35:00Z,2026-06-04T17:35:00Z,60
1870142,North,KAPURTHALA,URBAN SHEIKHUPUR,Unplanned,Closed,2026-06-04T16:35:00Z,2026-06-04T17:35:00Z,60
1870140,North,KAPURTHALA,ANAND AGGARWAL,Unplanned,Closed,2026-06-04T16:35:00Z,2026-06-04T17:35:00Z,60
1870138,North,KAPURTHALA,FACTORY AREA,Unplanned,Closed,2026-06-04T16:35:00Z,2026-06-04T17:35:00Z,60
1870134,North,HOSHIARPUR,SANDPUR,Unplanned,Closed,2026-06-04T16:35:00Z,2026-06-04T17:20:00Z,45
1870132,North,HOSHIARPUR,DATARPUR,Unplanned,Closed,2026-06-04T16:35:00Z,2026-06-04T17:20:00Z,45
1870128,North,HOSHIARPUR,TALWARA,Unplanned,Closed,2026-06-04T16:35:00Z,2026-06-04T17:20:00Z,45
1870127,North,HOSHIARPUR,SHAH NEHAR,Unplanned,Closed,2026-06-04T16:35:00Z,2026-06-04T17:20:00Z,45
1870125,North,HOSHIARPUR,KAMHI DEVI,Unplanned,Closed,2026-06-04T16:35:00Z,2026-06-04T17:20:00Z,45
1870112,North,HOSHIARPUR,BHAMBOTAR,Unplanned,Closed,2026-06-04T16:35:00Z,2026-06-04T17:20:00Z,45
1870111,North,HOSHIARPUR,SATHWAN,Unplanned,Closed,2026-06-04T16:35:00Z,2026-06-04T17:20:00Z,45
1870108,North,KAPURTHALA,UPS Rawal,Unplanned,Closed,2026-06-04T16:35:00Z,2026-06-04T17:35:00Z,60
1870107,North,KAPURTHALA,UPS KHERA MANDIR,Unplanned,Closed,2026-06-04T16:35:00Z,2026-06-04T17:35:00Z,60
1870105,North,KAPURTHALA,UPS Karhal Kalaan,Unplanned,Closed,2026-06-04T16:35:00Z,2026-06-04T17:35:00Z,60
1870067,North,KAPURTHALA,INDUSTRY AREA,Unplanned,Closed,2026-06-04T16:35:00Z,2026-06-04T17:35:00Z,60
1870066,North,KAPURTHALA,Razapur UPS,Unplanned,Closed,2026-06-04T16:35:00Z,2026-06-04T17:35:00Z,60
1870065,North,KAPURTHALA,UPS KASSO CHAHAL,Unplanned,Closed,2026-06-04T16:35:00Z,2026-06-04T17:35:00Z,60
1870063,North,KAPURTHALA,UPS AUJLA,Unplanned,Closed,2026-06-04T16:35:00Z,2026-06-04T17:35:00Z,60
1870062,North,KAPURTHALA,UPS Athoula,Unplanned,Closed,2026-06-04T16:35:00Z,2026-06-04T17:35:00Z,60
1870060,North,KAPURTHALA,URBAN HOUSEFED,Unplanned,Closed,2026-06-04T16:33:00Z,2026-06-04T17:32:00Z,59
1870059,North,KAPURTHALA,MALL ROAD URBAN,Unplanned,Closed,2026-06-04T16:33:00Z,2026-06-04T17:32:00Z,59
1870058,North,KAPURTHALA,SHALIMAR JALANDHAR ROAD,Unplanned,Closed,2026-06-04T16:33:00Z,2026-06-04T17:32:00Z,59
1870057,North,KAPURTHALA,J.J. CLUB,Unplanned,Closed,2026-06-04T16:33:00Z,2026-06-04T17:32:00Z,59
1870056,North,KAPURTHALA,URBAN CIVIL HOSPITAL,Unplanned,Closed,2026-06-04T16:33:00Z,2026-06-04T17:32:00Z,59
1870055,North,KAPURTHALA,URBAN CITY,Unplanned,Closed,2026-06-04T16:33:00Z,2026-06-04T17:32:00Z,59
1870054,North,KAPURTHALA,URBAN MOHABAT NAGAR,Unplanned,Closed,2026-06-04T16:33:00Z,2026-06-04T17:32:00Z,59
1870073,South,SANGRUR,MOTHER INDIA,Unplanned,Closed,2026-06-04T16:32:00Z,2026-06-04T20:40:00Z,248
1870324,Border,TARN TARAN,CITY 1,Unplanned,Closed,2026-06-04T16:30:00Z,2026-06-04T17:20:00Z,50
1870251,South,PATIALA,JALALKHERA CAT-1,Unplanned,Closed,2026-06-04T16:30:00Z,2026-06-04T17:30:00Z,60
1870156,South,PATIALA,SUNDER NAGAR RAJPURA,Unplanned,Closed,2026-06-04T16:30:00Z,2026-06-04T17:10:00Z,40
1870064,West,FARIDKOT,11 KV BABA VISHAVKARMA,Unplanned,Closed,2026-06-04T16:28:00Z,2026-06-04T19:15:00Z,167
1870061,West,BATHINDA,KOTRA,Planned,Closed,2026-06-04T16:25:00Z,2026-06-04T17:25:00Z,60
1870053,North,HOSHIARPUR,WAZIRAN,Unplanned,Closed,2026-06-04T16:25:00Z,2026-06-04T18:15:00Z,110
1870052,North,HOSHIARPUR,HANDHWAL UPS,Unplanned,Closed,2026-06-04T16:25:00Z,2026-06-04T18:15:00Z,110
1870051,North,HOSHIARPUR,HAJIPUR,Unplanned,Closed,2026-06-04T16:25:00Z,2026-06-04T18:15:00Z,110
1870050,North,HOSHIARPUR,KHIZARPUR,Unplanned,Closed,2026-06-04T16:25:00Z,2026-06-04T18:15:00Z,110
1870049,North,KAPURTHALA,11 KV urban New Dana Mandi,Unplanned,Closed,2026-06-04T16:25:00Z,2026-06-04T17:25:00Z,60
1870048,North,HOSHIARPUR,MHP2,Unplanned,Closed,2026-06-04T16:25:00Z,2026-06-04T18:15:00Z,110
1870047,North,KAPURTHALA,11kv urban  Industrial,Unplanned,Closed,2026-06-04T16:25:00Z,2026-06-04T17:25:00Z,60
1870046,North,HOSHIARPUR,SAWAR,Unplanned,Closed,2026-06-04T16:25:00Z,2026-06-04T18:15:00Z,110
1870045,North,KAPURTHALA,11 KV urban Girl School,Unplanned,Closed,2026-06-04T16:25:00Z,2026-06-04T17:25:00Z,60
1870044,North,HOSHIARPUR,khunda,Unplanned,Closed,2026-06-04T16:25:00Z,2026-06-04T18:15:00Z,110
1870043,North,KAPURTHALA,11 KV urban Ber feeder,Unplanned,Closed,2026-06-04T16:25:00Z,2026-06-04T17:25:00Z,60
1870042,Border,GURDASPUR,Burma Shell,Unplanned,Closed,2026-06-04T16:24:00Z,2026-06-04T17:50:00Z,86
1870041,Border,GURDASPUR,Shah Colony,Unplanned,Closed,2026-06-04T16:24:00Z,2026-06-04T17:02:00Z,38
1870033,South,SANGRUR,CITY-3,Unplanned,Closed,2026-06-04T16:22:00Z,2026-06-04T17:52:00Z,90
1870032,South,SANGRUR,OM THIRED MILL,Unplanned,Closed,2026-06-04T16:21:00Z,2026-06-04T17:48:00Z,87
1870038,Border,GURDASPUR,11kv UPS Khoje wal,Unplanned,Closed,2026-06-04T16:20:57Z,2026-06-04T17:30:57Z,70
1870037,Border,GURDASPUR,Gurudwara Achal Sahib,Unplanned,Closed,2026-06-04T16:20:57Z,2026-06-04T17:30:57Z,70
1870036,Border,GURDASPUR,Bauli Inderjit,Unplanned,Closed,2026-06-04T16:20:57Z,2026-06-04T17:30:57Z,70
1870035,Border,GURDASPUR,Malave de Kothi,Unplanned,Closed,2026-06-04T16:20:57Z,2026-06-04T17:30:57Z,70
1870034,Border,GURDASPUR,24 hrs chahal kalan,Unplanned,Closed,2026-06-04T16:20:57Z,2026-06-04T17:30:57Z,70
1869956,Border,SUB URBAN AMRITSAR,LALIAN UPS,Unplanned,Closed,2026-06-04T16:20:39Z,2026-06-04T18:01:05Z,100
1869954,Border,SUB URBAN AMRITSAR,24 HRS RANIA,Unplanned,Closed,2026-06-04T16:20:39Z,2026-06-04T18:17:07Z,116
1869952,Border,SUB URBAN AMRITSAR,Chan Malah,Unplanned,Closed,2026-06-04T16:20:39Z,2026-06-04T19:32:47Z,192
1869951,Border,SUB URBAN AMRITSAR,24 Hrs Vehra,Unplanned,Closed,2026-06-04T16:20:39Z,2026-06-04T17:44:35Z,83
1869950,Border,SUB URBAN AMRITSAR,URBAN KAKKAR,Unplanned,Closed,2026-06-04T16:20:39Z,2026-06-04T17:34:03Z,73
1869949,Border,SUB URBAN AMRITSAR,24 Hrs Pandori,Unplanned,Closed,2026-06-04T16:20:39Z,2026-06-04T19:39:43Z,199
1869957,North,JALANDHAR,11KV MAI HIREAN GATE,Unplanned,Closed,2026-06-04T16:20:17Z,2026-06-04T17:40:11Z,79
1870136,South,SANGRUR,BALAKNATH,Unplanned,Closed,2026-06-04T16:20:00Z,2026-06-04T18:15:00Z,115
1870131,South,SANGRUR,Patran Road,Unplanned,Closed,2026-06-04T16:20:00Z,2026-06-04T18:10:00Z,110
1870110,South,SANGRUR,24 HRS. HAMIRGARH,Unplanned,Closed,2026-06-04T16:20:00Z,2026-06-04T18:10:00Z,110
1870109,South,SANGRUR,24 HRS. BALRAN,Unplanned,Closed,2026-06-04T16:20:00Z,2026-06-04T18:01:00Z,101
1870040,South,PATIALA,SYL (F.P),Unplanned,Closed,2026-06-04T16:20:00Z,2026-06-04T17:10:00Z,50
1870039,South,SANGRUR,UPS Guru Nanak Nagar,Unplanned,Closed,2026-06-04T16:20:00Z,2026-06-04T17:35:00Z,75
1870031,South,SANGRUR,Khedi Naga UPS,Unplanned,Closed,2026-06-04T16:20:00Z,2026-06-04T17:00:00Z,40
1870030,Border,GURDASPUR,Sri Hargobindpur,Unplanned,Closed,2026-06-04T16:20:00Z,2026-06-04T17:20:00Z,60
1870029,Border,GURDASPUR,Rampur Talwara,Unplanned,Closed,2026-06-04T16:20:00Z,2026-06-04T17:20:00Z,60
1870028,Border,GURDASPUR,Withwan,Unplanned,Closed,2026-06-04T16:20:00Z,2026-06-04T17:20:00Z,60
1870027,Border,GURDASPUR,Cheema Khuddi,Unplanned,Closed,2026-06-04T16:20:00Z,2026-06-04T17:20:00Z,60
1870026,Border,GURDASPUR,KISHANKOT UPS,Unplanned,Closed,2026-06-04T16:20:00Z,2026-06-04T17:20:00Z,60
1870025,South,SANGRUR,CHHAHAR UPS,Unplanned,Closed,2026-06-04T16:20:00Z,2026-06-04T19:50:00Z,210
1870024,South,SANGRUR,UBHIA UPS,Unplanned,Closed,2026-06-04T16:20:00Z,2026-06-04T18:09:00Z,109
1870017,South,SANGRUR,Ladwanjara C-1,Unplanned,Closed,2026-06-04T16:20:00Z,2026-06-04T17:25:00Z,65
1870014,South,PATIALA,BAJWA COLONY,Unplanned,Closed,2026-06-04T16:20:00Z,2026-06-04T17:01:00Z,41
1870009,South,PATIALA,Virk Colony,Unplanned,Closed,2026-06-04T16:20:00Z,2026-06-04T17:01:00Z,41
1870006,South,SANGRUR,Ballran C-1,Unplanned,Closed,2026-06-04T16:20:00Z,2026-06-04T18:10:00Z,110
1869988,South,SANGRUR,UPS Lehal Kalan,Unplanned,Closed,2026-06-04T16:20:00Z,2026-06-04T16:30:00Z,10
1869958,Border,GURDASPUR,Rajoa,Unplanned,Closed,2026-06-04T16:20:00Z,2026-06-04T17:20:00Z,60
1869953,Border,GURDASPUR,Dogar Mahesh,Unplanned,Closed,2026-06-04T16:20:00Z,2026-06-04T17:20:00Z,60
1869947,Central,KHANNA,GT ROAD 2,Unplanned,Closed,2026-06-04T16:19:39Z,2026-06-04T16:30:50Z,11
1869982,West,FARIDKOT,INDUSTRIAL,Unplanned,Closed,2026-06-04T16:17:00Z,2026-06-04T18:30:00Z,133
1871091,Border,SUB URBAN AMRITSAR,UPS-4 Makhanwindi,Unplanned,Closed,2026-06-04T16:15:15Z,2026-06-04T19:45:15Z,210
1871090,Border,SUB URBAN AMRITSAR,Urban 2 Nawapind,Unplanned,Closed,2026-06-04T16:15:15Z,2026-06-04T19:45:15Z,210
1871089,Border,SUB URBAN AMRITSAR,Talwandi Dogran UPS-5,Unplanned,Closed,2026-06-04T16:15:15Z,2026-06-04T19:45:15Z,210
1871088,Border,SUB URBAN AMRITSAR,Urban-3,Unplanned,Closed,2026-06-04T16:15:15Z,2026-06-04T19:45:15Z,210
1871087,Border,SUB URBAN AMRITSAR,Urban-1 Nawapind,Unplanned,Closed,2026-06-04T16:15:15Z,2026-06-04T19:45:15Z,210
1870103,Border,GURDASPUR,Preet Nagar,Unplanned,Closed,2026-06-04T16:15:00Z,2026-06-04T19:03:00Z,168
1870023,North,HOSHIARPUR,MUKERIAN,Unplanned,Closed,2026-06-04T16:15:00Z,2026-06-04T17:40:00Z,85
1870022,North,HOSHIARPUR,UPS katrala,Unplanned,Closed,2026-06-04T16:15:00Z,2026-06-04T17:05:00Z,50
1870021,North,HOSHIARPUR,11 kv Mansoorpur,Unplanned,Closed,2026-06-04T16:15:00Z,2026-06-04T17:15:00Z,60
1870020,North,HOSHIARPUR,Urban qilla road,Unplanned,Closed,2026-06-04T16:15:00Z,2026-06-04T17:40:00Z,85
1870019,North,HOSHIARPUR,11KV Dagan UPS,Unplanned,Closed,2026-06-04T16:15:00Z,2026-06-04T17:05:00Z,50
1870018,North,HOSHIARPUR,Rest House,Unplanned,Closed,2026-06-04T16:15:00Z,2026-06-04T18:05:00Z,110
1870016,North,HOSHIARPUR,11KV SINGHPUR UPS,Unplanned,Closed,2026-06-04T16:15:00Z,2026-06-04T17:15:00Z,60
1870015,North,HOSHIARPUR,Model Town,Unplanned,Closed,2026-06-04T16:15:00Z,2026-06-04T18:05:00Z,110
1870013,North,HOSHIARPUR,RAILWAY ROAD MUKERIAN,Unplanned,Closed,2026-06-04T16:15:00Z,2026-06-04T17:40:00Z,85
1870012,North,HOSHIARPUR,KOTLI,Unplanned,Closed,2026-06-04T16:15:00Z,2026-06-04T18:00:00Z,105
1870011,North,HOSHIARPUR,CHACK,Unplanned,Closed,2026-06-04T16:15:00Z,2026-06-04T18:10:00Z,115
1869987,North,HOSHIARPUR,11KV UPS TERKIANA,Unplanned,Closed,2026-06-04T16:15:00Z,2026-06-04T17:50:00Z,95
1869986,North,HOSHIARPUR,BHATIAN JATTAN,Unplanned,Closed,2026-06-04T16:15:00Z,2026-06-04T17:50:00Z,95
1869984,North,HOSHIARPUR,TANDA,Unplanned,Closed,2026-06-04T16:15:00Z,2026-06-04T17:50:00Z,95
1869983,North,HOSHIARPUR,DEVIDASS,Unplanned,Closed,2026-06-04T16:15:00Z,2026-06-04T17:50:00Z,95
1869955,North,HOSHIARPUR,BUDHABAR,Unplanned,Closed,2026-06-04T16:15:00Z,2026-06-04T17:55:00Z,100
1869946,North,HOSHIARPUR,PANKHUH,Unplanned,Closed,2026-06-04T16:15:00Z,2026-06-04T17:55:00Z,100
1869945,Border,GURDASPUR,BHARTH,Unplanned,Closed,2026-06-04T16:15:00Z,2026-06-04T17:15:00Z,60
1869944,Border,GURDASPUR,METLE,Unplanned,Closed,2026-06-04T16:15:00Z,2026-06-04T17:15:00Z,60
1869943,Border,GURDASPUR,BHAM UPS,Unplanned,Closed,2026-06-04T16:15:00Z,2026-06-04T17:15:00Z,60
1869938,South,SANGRUR,11KV UPS DHARMGARH,Unplanned,Closed,2026-06-04T16:15:00Z,2026-06-04T16:35:00Z,20
1869985,West,BATHINDA,Station Basti,Unplanned,Closed,2026-06-04T16:10:00Z,2026-06-04T17:05:00Z,55
1869981,South,PATIALA,ups-3,Unplanned,Closed,2026-06-04T16:10:00Z,2026-06-04T17:15:00Z,65
1869942,North,HOSHIARPUR,11kv Chanour UPS,Unplanned,Closed,2026-06-04T16:10:00Z,2026-06-04T17:20:00Z,70
1869941,South,SANGRUR,UPS BHAI KE PASHOUR,Unplanned,Closed,2026-06-04T16:10:00Z,2026-06-04T16:30:00Z,20
1869940,North,HOSHIARPUR,11Kv Bebhalmanj UPS,Unplanned,Closed,2026-06-04T16:10:00Z,2026-06-04T18:05:00Z,115
1869939,North,HOSHIARPUR,Rajpur Ups,Unplanned,Closed,2026-06-04T16:10:00Z,2026-06-04T18:05:00Z,115
1869937,North,HOSHIARPUR,PALAKI,Unplanned,Closed,2026-06-04T16:10:00Z,2026-06-04T18:05:00Z,115
1869936,Border,GURDASPUR,Bhaini Mian Khan,Unplanned,Closed,2026-06-04T16:10:00Z,2026-06-04T17:10:00Z,60
1869935,North,HOSHIARPUR,11kV Jandwal UPS,Unplanned,Closed,2026-06-04T16:10:00Z,2026-06-04T18:05:00Z,115
1869934,Border,GURDASPUR,UPS Feeder,Unplanned,Closed,2026-06-04T16:10:00Z,2026-06-04T17:10:00Z,60
1869933,North,HOSHIARPUR,MANJPUR,Unplanned,Closed,2026-06-04T16:10:00Z,2026-06-04T18:05:00Z,115
1869932,Border,GURDASPUR,Gorsiya,Unplanned,Closed,2026-06-04T16:10:00Z,2026-06-04T17:10:00Z,60
1869931,North,HOSHIARPUR,11Kv Mushabpur UPS,Unplanned,Closed,2026-06-04T16:10:00Z,2026-06-04T18:05:00Z,115
1869929,South,SANGRUR,MEHLAN UPS,Unplanned,Closed,2026-06-04T16:10:00Z,2026-06-04T17:10:00Z,60
1869927,Border,GURDASPUR,Sheh Bhattia,Unplanned,Closed,2026-06-04T16:10:00Z,2026-06-04T17:10:00Z,60
1869926,Border,GURDASPUR,DHINDSA,Unplanned,Closed,2026-06-04T16:10:00Z,2026-06-04T17:10:00Z,60
1869925,South,SANGRUR,VERBIO,Unplanned,Closed,2026-06-04T16:10:00Z,2026-06-04T16:45:00Z,35
1869924,Border,GURDASPUR,Thakarwal,Unplanned,Closed,2026-06-04T16:10:00Z,2026-06-04T17:10:00Z,60
1869923,Border,GURDASPUR,College,Unplanned,Closed,2026-06-04T16:10:00Z,2026-06-04T17:10:00Z,60
1869922,Border,GURDASPUR,NEW BALLARWAL UPS,Unplanned,Closed,2026-06-04T16:10:00Z,2026-06-04T17:10:00Z,60
1869921,Border,GURDASPUR,NANGAL UPS,Unplanned,Closed,2026-06-04T16:10:00Z,2026-06-04T17:10:00Z,60
1869920,Border,GURDASPUR,Bolewal,Unplanned,Closed,2026-06-04T16:10:00Z,2026-06-04T17:10:00Z,60
1869919,Border,GURDASPUR,Ghuman,Unplanned,Closed,2026-06-04T16:10:00Z,2026-06-04T17:10:00Z,60
1869918,Border,GURDASPUR,dakoha,Unplanned,Closed,2026-06-04T16:10:00Z,2026-06-04T17:10:00Z,60
1869912,South,SANGRUR,JEONPURA UPS,Unplanned,Closed,2026-06-04T16:10:00Z,2026-06-04T17:00:00Z,50
1869910,South,SANGRUR,Nawi Chhajli Urben,Unplanned,Closed,2026-06-04T16:10:00Z,2026-06-04T16:45:00Z,35
1869908,South,SANGRUR,UPS SANGTIWALA,Unplanned,Closed,2026-06-04T16:10:00Z,2026-06-04T17:50:00Z,100
1869914,South,SANGRUR,ALAMPUR UPS,Unplanned,Closed,2026-06-04T16:07:00Z,2026-06-04T18:11:00Z,124
1870482,Border,TARN TARAN,Khadoor Sahib URBAN.,Unplanned,Closed,2026-06-04T16:05:00Z,2026-06-04T19:58:00Z,233
1870479,Border,TARN TARAN,Darbar Sahib,Unplanned,Closed,2026-06-04T16:05:00Z,2026-06-04T18:45:00Z,160
1869948,East,MOHALI,11 KV Feeder sec 68A,Unplanned,Closed,2026-06-04T16:05:00Z,2026-06-04T17:04:00Z,59
1869917,South,SANGRUR,DEHLA UPS,Unplanned,Closed,2026-06-04T16:05:00Z,2026-06-04T17:40:00Z,95
1869916,Border,GURDASPUR,RAILWAY ROAD CAT-1,Unplanned,Closed,2026-06-04T16:05:00Z,2026-06-04T17:05:00Z,60
1869915,Border,GURDASPUR,11KV BUTTER UPS,Unplanned,Closed,2026-06-04T16:05:00Z,2026-06-04T17:05:00Z,60
1869913,Border,GURDASPUR,Basrawan,Unplanned,Closed,2026-06-04T16:05:00Z,2026-06-04T17:05:00Z,60
1869911,Border,GURDASPUR,I.T.I,Unplanned,Closed,2026-06-04T16:05:00Z,2026-06-04T17:05:00Z,60
1869909,Border,GURDASPUR,THEKERIWAL,Unplanned,Closed,2026-06-04T16:05:00Z,2026-06-04T17:05:00Z,60
1869907,Border,GURDASPUR,Dalla UPS,Unplanned,Closed,2026-06-04T16:05:00Z,2026-06-04T17:05:00Z,60
1869906,South,SANGRUR,CHURAL UPS,Unplanned,Closed,2026-06-04T16:05:00Z,2026-06-04T17:50:00Z,105
1869905,Border,GURDASPUR,Civil Line,Unplanned,Closed,2026-06-04T16:05:00Z,2026-06-04T17:05:00Z,60
1869904,Border,GURDASPUR,City,Unplanned,Closed,2026-06-04T16:05:00Z,2026-06-04T17:05:00Z,60
1869903,Border,GURDASPUR,KOT DHANDHAL CAT-1,Unplanned,Closed,2026-06-04T16:05:00Z,2026-06-04T16:35:00Z,30
1869901,Border,GURDASPUR,11 KV Dhesian,Unplanned,Closed,2026-06-04T16:05:00Z,2026-06-04T16:35:00Z,30
1869881,Border,CITY AMRITSAR,Chatiwind Gate,Planned,Closed,2026-06-04T16:05:00Z,2026-06-04T16:18:00Z,13
1869892,Border,CITY AMRITSAR,11 KV Durgiana Temple,Unplanned,Closed,2026-06-04T16:04:06Z,2026-06-04T16:37:25Z,33
1869891,Border,CITY AMRITSAR,11Kv Katra Jaimal singh,Unplanned,Closed,2026-06-04T16:04:06Z,2026-06-04T16:36:09Z,32
1869890,Border,CITY AMRITSAR,11kv kt sher singh Duplicate,Unplanned,Closed,2026-06-04T16:04:06Z,2026-06-04T16:36:58Z,32
1869889,Border,CITY AMRITSAR,B-K DUTT Gate,Unplanned,Closed,2026-06-04T16:04:06Z,2026-06-04T16:36:52Z,32
1869888,Border,CITY AMRITSAR,SUBHASH PARK,Unplanned,Closed,2026-06-04T16:04:06Z,2026-06-04T16:36:46Z,32
1869887,Border,CITY AMRITSAR,11 KV Beri gate,Unplanned,Closed,2026-06-04T16:04:06Z,2026-06-04T16:36:39Z,32
1869886,Border,CITY AMRITSAR,11KvKatra Sher Singh,Unplanned,Closed,2026-06-04T16:04:06Z,2026-06-04T16:36:31Z,32
1869885,Border,CITY AMRITSAR,11Kv Gagar Mal,Unplanned,Closed,2026-06-04T16:04:06Z,2026-06-04T16:36:25Z,32
1869884,Border,CITY AMRITSAR,11Kv Katra Moti Ram,Unplanned,Closed,2026-06-04T16:04:06Z,2026-06-04T16:36:04Z,31
1870004,West,BATHINDA,BUNGA SAHIB UPS,Unplanned,Closed,2026-06-04T16:03:00Z,2026-06-04T17:25:00Z,82
1869893,East,Zirakpur,SUNNY ENCLAVE,Unplanned,Closed,2026-06-04T16:03:00Z,2026-06-04T16:15:00Z,12
1869898,South,PATIALA,UPS RAJPURA,Unplanned,Closed,2026-06-04T16:02:00Z,2026-06-04T16:55:00Z,53
1869883,South,BARNALA,NABHA ROAD INDUSTRY,Unplanned,Closed,2026-06-04T16:02:00Z,2026-06-04T16:10:00Z,8
1870003,Border,SUB URBAN AMRITSAR,DIAMOND AVENUE,Unplanned,Closed,2026-06-04T16:00:20Z,2026-06-04T16:55:20Z,55
1870002,Border,SUB URBAN AMRITSAR,11 kv New Greenland,Unplanned,Closed,2026-06-04T16:00:20Z,2026-06-04T17:50:20Z,110
1870001,Border,SUB URBAN AMRITSAR,11 Kv Shere Punjab Avenue,Unplanned,Closed,2026-06-04T16:00:20Z,2026-06-04T16:54:20Z,54
1870000,Border,SUB URBAN AMRITSAR,Guru Har Rai avenue,Unplanned,Closed,2026-06-04T16:00:20Z,2026-06-04T16:55:20Z,55
1869999,Border,SUB URBAN AMRITSAR,BABA SHRI CHAND AVNUE,Unplanned,Closed,2026-06-04T16:00:20Z,2026-06-04T16:55:20Z,55
1869998,Border,SUB URBAN AMRITSAR,VEER GARDEN,Unplanned,Closed,2026-06-04T16:00:20Z,2026-06-04T16:55:20Z,55
1869997,Border,SUB URBAN AMRITSAR,SG enclave,Unplanned,Closed,2026-06-04T16:00:20Z,2026-06-04T16:54:20Z,54
1869996,Border,SUB URBAN AMRITSAR,POWER COLONY,Unplanned,Closed,2026-06-04T16:00:20Z,2026-06-04T16:54:20Z,54
1869995,Border,SUB URBAN AMRITSAR,M.E.S,Unplanned,Closed,2026-06-04T16:00:20Z,2026-06-04T16:54:20Z,54
1869994,Border,SUB URBAN AMRITSAR,Hari mandir,Unplanned,Closed,2026-06-04T16:00:20Z,2026-06-04T16:54:20Z,54
1869993,Border,SUB URBAN AMRITSAR,Palm vihar,Unplanned,Closed,2026-06-04T16:00:20Z,2026-06-04T16:55:20Z,55
1869992,Border,SUB URBAN AMRITSAR,GOPAL NAGAR,Unplanned,Closed,2026-06-04T16:00:20Z,2026-06-04T16:55:20Z,55
1869991,Border,SUB URBAN AMRITSAR,MAJITHA ROAD VERKA BYE PASS,Unplanned,Closed,2026-06-04T16:00:20Z,2026-06-04T16:55:20Z,55
1869990,Border,SUB URBAN AMRITSAR,silverstate,Unplanned,Closed,2026-06-04T16:00:20Z,2026-06-04T16:54:20Z,54
1869989,Border,SUB URBAN AMRITSAR,GOKAL NAGAR,Unplanned,Closed,2026-06-04T16:00:20Z,2026-06-04T16:55:20Z,55
1869980,Border,SUB URBAN AMRITSAR,11 KV INDRA COLONY,Unplanned,Closed,2026-06-04T16:00:12Z,2026-06-04T16:40:12Z,40
1869979,Border,SUB URBAN AMRITSAR,11 kv GreenLand,Unplanned,Closed,2026-06-04T16:00:12Z,2026-06-04T16:40:12Z,40
1869978,Border,SUB URBAN AMRITSAR,SUNDER NAGAR,Unplanned,Closed,2026-06-04T16:00:12Z,2026-06-04T16:40:12Z,40
1869977,Border,SUB URBAN AMRITSAR,KASHMIR AVANUE,Unplanned,Closed,2026-06-04T16:00:12Z,2026-06-04T16:40:12Z,40
1869976,Border,SUB URBAN AMRITSAR,Mustafabaad,Unplanned,Closed,2026-06-04T16:00:12Z,2026-06-04T16:40:12Z,40
1869975,Border,SUB URBAN AMRITSAR,Tung pai,Unplanned,Closed,2026-06-04T16:00:12Z,2026-06-04T16:40:12Z,40
1869974,Border,SUB URBAN AMRITSAR,SUNCITY,Unplanned,Closed,2026-06-04T16:00:12Z,2026-06-04T16:40:12Z,40
1869973,Border,SUB URBAN AMRITSAR,PAWAN NAGAR,Unplanned,Closed,2026-06-04T16:00:12Z,2026-06-04T16:40:12Z,40
1869972,Border,SUB URBAN AMRITSAR,MALL MANDI,Unplanned,Closed,2026-06-04T16:00:12Z,2026-06-04T16:40:12Z,40
1869971,Border,SUB URBAN AMRITSAR,BATALA ROAD,Unplanned,Closed,2026-06-04T16:00:12Z,2026-06-04T16:40:12Z,40
1869970,Border,SUB URBAN AMRITSAR,Judge Nagar,Unplanned,Closed,2026-06-04T16:00:12Z,2026-06-04T16:40:12Z,40
1869969,Border,SUB URBAN AMRITSAR,A.S.FARM,Unplanned,Closed,2026-06-04T16:00:12Z,2026-06-04T16:40:12Z,40
1869968,Border,SUB URBAN AMRITSAR,MAJITHA ROAD,Unplanned,Closed,2026-06-04T16:00:12Z,2026-06-04T16:40:12Z,40
1869967,Border,SUB URBAN AMRITSAR,TRW-I,Unplanned,Closed,2026-06-04T16:00:12Z,2026-06-04T16:40:12Z,40
1869966,Border,SUB URBAN AMRITSAR,Escort Hospital,Unplanned,Closed,2026-06-04T16:00:12Z,2026-06-04T16:40:12Z,40
1869965,Border,SUB URBAN AMRITSAR,MILK PLANT,Unplanned,Closed,2026-06-04T16:00:12Z,2026-06-04T16:40:12Z,40
1869964,Border,SUB URBAN AMRITSAR,KHANNA NAGAR,Unplanned,Closed,2026-06-04T16:00:12Z,2026-06-04T16:40:12Z,40
1869963,Border,SUB URBAN AMRITSAR,Jagdambey Colony,Unplanned,Closed,2026-06-04T16:00:12Z,2026-06-04T16:40:12Z,40
1869962,Border,SUB URBAN AMRITSAR,NEHRU COLONY,Unplanned,Closed,2026-06-04T16:00:12Z,2026-06-04T16:55:12Z,55
1869961,Border,SUB URBAN AMRITSAR,VERKA COLONY,Unplanned,Closed,2026-06-04T16:00:12Z,2026-06-04T16:40:12Z,40
1869960,Border,SUB URBAN AMRITSAR,Banke bihari,Unplanned,Closed,2026-06-04T16:00:12Z,2026-06-04T16:40:12Z,40
1869959,Border,SUB URBAN AMRITSAR,SHIV NAGAR,Unplanned,Closed,2026-06-04T16:00:12Z,2026-06-04T16:40:12Z,40
1870106,East,ROPAR,MUNDI KHARAR,Unplanned,Closed,2026-06-04T16:00:00Z,2026-06-04T17:20:00Z,80
1869882,North,NAWANSHAHR,KARIMPUR DHIANI,Unplanned,Closed,2026-06-04T16:00:00Z,2026-06-04T16:30:00Z,30
1869865,Border,GURDASPUR,BHARIAL LAHRI,Unplanned,Closed,2026-06-04T16:00:00Z,2026-06-04T17:00:00Z,60
1869863,Border,GURDASPUR,Rashpalma,Unplanned,Closed,2026-06-04T16:00:00Z,2026-06-04T17:00:00Z,60
1869899,North,JALANDHAR,11KV MAI HIREAN GATE,Unplanned,Closed,2026-06-04T15:58:19Z,2026-06-04T16:14:53Z,16
1870010,Border,GURDASPUR,Kahnuwan City,Unplanned,Closed,2026-06-04T15:58:00Z,2026-06-04T16:58:00Z,60
1870008,Border,GURDASPUR,Sathiali 24 hrs.,Unplanned,Closed,2026-06-04T15:58:00Z,2026-06-04T16:58:00Z,60
1870007,Border,GURDASPUR,Roranwali 24 hrs.,Unplanned,Closed,2026-06-04T15:58:00Z,2026-06-04T16:58:00Z,60
1870005,Border,GURDASPUR,11 K.V UPS Balwanda,Unplanned,Closed,2026-06-04T15:58:00Z,2026-06-04T16:58:00Z,60
1869900,West,MUKATSAR,KOTBHAI UPS,Unplanned,Closed,2026-06-04T15:56:00Z,2026-06-04T17:46:00Z,110
1869847,Central,CITY EAST LUDHIANA,IS-2,Unplanned,Closed,2026-06-04T15:55:18Z,2026-06-04T16:56:24Z,61
1869849,West,BATHINDA,DATEWAS URBAN,Unplanned,Closed,2026-06-04T15:53:00Z,2026-06-04T18:05:00Z,132
1869880,Border,GURDASPUR,Greater Kailash,Unplanned,Closed,2026-06-04T15:51:55Z,2026-06-04T16:50:55Z,59
1869879,Border,GURDASPUR,KHAJURI GATE,Unplanned,Closed,2026-06-04T15:51:55Z,2026-06-04T16:50:55Z,59
1869878,Border,GURDASPUR,Gurudwara Kandh Sahib,Unplanned,Closed,2026-06-04T15:51:55Z,2026-06-04T16:50:55Z,59
1869877,Border,GURDASPUR,OLD HOSPITAL BATALA,Unplanned,Closed,2026-06-04T15:51:55Z,2026-06-04T16:50:55Z,59
1869876,Border,GURDASPUR,Bank colony,Unplanned,Closed,2026-06-04T15:51:55Z,2026-06-04T16:50:55Z,59
1869875,Border,GURDASPUR,G.T Road,Unplanned,Closed,2026-06-04T15:51:55Z,2026-06-04T16:50:55Z,59
1869874,Border,GURDASPUR,11 KV RAILWAY ROAD,Unplanned,Closed,2026-06-04T15:51:55Z,2026-06-04T16:50:55Z,59
1869873,Border,GURDASPUR,11 KV BHANDHRI MOHALLA,Unplanned,Closed,2026-06-04T15:51:55Z,2026-06-04T16:50:55Z,59
1869872,Border,GURDASPUR,SHANTI NAGAR,Unplanned,Closed,2026-06-04T15:51:55Z,2026-06-04T16:50:55Z,59
1869871,Border,GURDASPUR,Batala City,Unplanned,Closed,2026-06-04T15:51:55Z,2026-06-04T16:50:55Z,59
1869870,Border,GURDASPUR,Murgi Mohalla,Unplanned,Closed,2026-06-04T15:51:55Z,2026-06-04T16:50:55Z,59
1869869,Border,GURDASPUR,Kahnuwan Road,Unplanned,Closed,2026-06-04T15:51:55Z,2026-06-04T16:50:55Z,59
1869868,Border,GURDASPUR,Simbal,Unplanned,Closed,2026-06-04T15:51:55Z,2026-06-04T16:50:55Z,59
1869867,Border,GURDASPUR,Dera Baba Nanak Road,Unplanned,Closed,2026-06-04T15:51:55Z,2026-06-04T16:50:55Z,59
1869866,Border,GURDASPUR,Improvement Trust,Unplanned,Closed,2026-06-04T15:51:55Z,2026-06-04T16:50:55Z,59
1869897,Border,GURDASPUR,11 KV New Urban Estate phase 1,Unplanned,Closed,2026-06-04T15:51:37Z,2026-06-04T16:50:37Z,59
1869896,Border,GURDASPUR,11 KV Shahabpura Road,Unplanned,Closed,2026-06-04T15:51:37Z,2026-06-04T16:50:37Z,59
1869895,Border,GURDASPUR,HARNAM NAGAR,Unplanned,Closed,2026-06-04T15:51:37Z,2026-06-04T16:50:37Z,59
1869894,Border,GURDASPUR,TRUCK UNION,Unplanned,Closed,2026-06-04T15:51:37Z,2026-06-04T16:50:37Z,59
1869848,Border,CITY AMRITSAR,Guru Nanak Dev Hospital,Unplanned,Closed,2026-06-04T15:50:32Z,2026-06-04T17:00:21Z,69
1869862,Border,GURDASPUR,11 kv Dhupshari ups,Unplanned,Closed,2026-06-04T15:50:20Z,2026-06-04T16:49:20Z,59
1869861,Border,GURDASPUR,11 KV Guru Nanak College,Unplanned,Closed,2026-06-04T15:50:20Z,2026-06-04T16:49:20Z,59
1869860,Border,GURDASPUR,Ujjagar Nagar,Unplanned,Closed,2026-06-04T15:50:20Z,2026-06-04T16:49:20Z,59
1869859,Border,GURDASPUR,South City,Unplanned,Closed,2026-06-04T15:50:20Z,2026-06-04T16:49:20Z,59
1869858,Border,GURDASPUR,Mata Sulakhni Ji,Unplanned,Closed,2026-06-04T15:50:20Z,2026-06-04T16:49:20Z,59
1869857,Border,GURDASPUR,Diamond Colony,Unplanned,Closed,2026-06-04T15:50:20Z,2026-06-04T16:49:20Z,59
1869930,South,SANGRUR,Gidriani C-1,Unplanned,Closed,2026-06-04T15:50:00Z,2026-06-04T16:55:00Z,65
1869928,South,SANGRUR,Haryou UPS,Unplanned,Closed,2026-06-04T15:50:00Z,2026-06-04T17:40:00Z,110
1869801,East,Zirakpur,K AREA,Unplanned,Closed,2026-06-04T15:43:00Z,2026-06-04T16:42:00Z,59
1869817,Border,CITY AMRITSAR,Tilak Nagar,Unplanned,Closed,2026-06-04T15:40:55Z,2026-06-04T16:40:55Z,60
1869816,Border,CITY AMRITSAR,MALL ROAD,Unplanned,Closed,2026-06-04T15:40:55Z,2026-06-04T16:40:55Z,60
1869815,Border,CITY AMRITSAR,BATALA ROAD,Unplanned,Closed,2026-06-04T15:40:55Z,2026-06-04T16:40:55Z,60
1869814,Border,CITY AMRITSAR,SHIVALA ROAD,Unplanned,Closed,2026-06-04T15:40:55Z,2026-06-04T16:40:55Z,60
1869813,Border,CITY AMRITSAR,majitha road,Unplanned,Closed,2026-06-04T15:40:55Z,2026-06-04T16:40:55Z,60
1869812,Border,CITY AMRITSAR,MEDICAL COLLEGE,Unplanned,Closed,2026-06-04T15:40:55Z,2026-06-04T16:40:55Z,60
1869811,Border,CITY AMRITSAR,Queens Road,Unplanned,Closed,2026-06-04T15:40:55Z,2026-06-04T16:40:55Z,60
1869810,Border,CITY AMRITSAR,JOSHI COLONY,Unplanned,Closed,2026-06-04T15:40:55Z,2026-06-04T16:40:55Z,60
1869809,Border,CITY AMRITSAR,COMPANY BAGH,Unplanned,Closed,2026-06-04T15:40:55Z,2026-06-04T16:40:31Z,59
1869808,Border,CITY AMRITSAR,ADARSH,Unplanned,Closed,2026-06-04T15:40:55Z,2026-06-04T16:40:55Z,60
1869807,Border,CITY AMRITSAR,CIRCULAR ROAD,Unplanned,Closed,2026-06-04T15:40:55Z,2026-06-04T16:40:55Z,60
1869806,Border,CITY AMRITSAR,SANT AVENUE,Unplanned,Closed,2026-06-04T15:40:55Z,2026-06-04T16:40:55Z,60
1869805,Border,CITY AMRITSAR,V.J.HOSPITAL,Unplanned,Closed,2026-06-04T15:40:55Z,2026-06-04T16:40:55Z,60
1869804,Border,CITY AMRITSAR,KRISHNA NAGAR,Unplanned,Closed,2026-06-04T15:40:55Z,2026-06-04T16:40:55Z,60
1869803,Border,CITY AMRITSAR,Lawrence Road,Unplanned,Closed,2026-06-04T15:40:55Z,2026-06-04T16:40:55Z,60
1869846,Border,CITY AMRITSAR,NAVANKOT,Unplanned,Closed,2026-06-04T15:40:53Z,2026-06-04T16:30:27Z,49
1869845,Border,CITY AMRITSAR,11 KV Haripura Feeder,Unplanned,Closed,2026-06-04T15:40:53Z,2026-06-04T16:32:04Z,51
1869844,Border,CITY AMRITSAR,DHAPAI INDUSTRIAL,Unplanned,Closed,2026-06-04T15:40:53Z,2026-06-04T16:30:04Z,49
1869843,Border,CITY AMRITSAR,KHOO BHALLA,Unplanned,Closed,2026-06-04T15:40:53Z,2026-06-04T16:30:21Z,49
1869842,Border,CITY AMRITSAR,GURUDWARA TAPOWAN,Unplanned,Closed,2026-06-04T15:40:53Z,2026-06-04T16:31:04Z,50
1869841,Border,CITY AMRITSAR,BHANDARI CHOWK,Unplanned,Closed,2026-06-04T15:40:53Z,2026-06-04T16:34:04Z,53
1869840,Border,CITY AMRITSAR,KISHANKOT,Unplanned,Closed,2026-06-04T15:40:53Z,2026-06-04T16:38:40Z,57
1870075,South,SANGRUR,GHAMOORGHAT CITY,Unplanned,Closed,2026-06-04T15:40:00Z,2026-06-04T17:50:00Z,130
1870074,South,SANGRUR,11 KV UPS PHULAD,Unplanned,Closed,2026-06-04T15:40:00Z,2026-06-04T16:30:00Z,50
1870071,South,SANGRUR,UPS RAMPURA,Unplanned,Closed,2026-06-04T15:40:00Z,2026-06-04T16:30:00Z,50
1870070,South,SANGRUR,24 HRS. GHAMOORGHAT,Unplanned,Closed,2026-06-04T15:40:00Z,2026-06-04T16:30:00Z,50
1869902,West,FEROZPUR,Bop,Unplanned,Closed,2026-06-04T15:40:00Z,2026-06-05T00:45:00Z,545
1869797,South,SANGRUR,CAT-- 1 MAKORAR SAHIB,Unplanned,Closed,2026-06-04T15:40:00Z,2026-06-04T17:30:00Z,110
1869777,Central,KHANNA,Peer Khana,Unplanned,Closed,2026-06-04T15:40:00Z,2026-06-04T16:08:00Z,28
1869792,Border,GURDASPUR,UPS Basau Barwan,Unplanned,Closed,2026-06-04T15:39:00Z,2026-06-04T16:39:00Z,60
1869791,Border,GURDASPUR,N.J.Singh 24hrs,Unplanned,Closed,2026-06-04T15:39:00Z,2026-06-04T16:39:00Z,60
1869790,Border,GURDASPUR,Bamial 24hrs,Unplanned,Closed,2026-06-04T15:39:00Z,2026-06-04T16:39:00Z,60
1869789,Border,GURDASPUR,11KV UPS Datial Feeder,Unplanned,Closed,2026-06-04T15:39:00Z,2026-06-04T16:39:00Z,60
1869856,Border,CITY AMRITSAR,11 kv shaheed udam singh nagar,Planned,Closed,2026-06-04T15:38:27Z,2026-06-04T16:50:44Z,72
1869855,Border,CITY AMRITSAR,11 kv B.D.S FEEDER,Planned,Closed,2026-06-04T15:38:27Z,2026-06-04T16:50:55Z,72
1869854,Border,CITY AMRITSAR,BIBI KAULAN JI,Planned,Closed,2026-06-04T15:38:27Z,2026-06-04T16:50:09Z,71
1869853,Border,CITY AMRITSAR,GURNAM NAGAR,Planned,Closed,2026-06-04T15:38:27Z,2026-06-04T16:50:20Z,71
1869852,Border,CITY AMRITSAR,BHAI MANJ ROAD,Planned,Closed,2026-06-04T15:38:27Z,2026-06-04T16:50:56Z,72
1869851,Border,CITY AMRITSAR,Guru Arjan Dev nagar,Planned,Closed,2026-06-04T15:38:27Z,2026-06-04T16:50:18Z,71
1869850,Border,CITY AMRITSAR,Friends Colony,Planned,Closed,2026-06-04T15:38:27Z,2026-06-04T16:50:42Z,72
1869776,Border,SUB URBAN AMRITSAR,BASKEGILLAN UPS,Unplanned,Closed,2026-06-04T15:38:20Z,2026-06-04T16:38:00Z,59
1869774,Border,SUB URBAN AMRITSAR,BASERKAY GILLAN,Unplanned,Closed,2026-06-04T15:38:20Z,2026-06-04T16:38:00Z,59
1869864,Border,CITY AMRITSAR,City Feeder,Planned,Closed,2026-06-04T15:38:14Z,2026-06-04T17:00:52Z,82
1869761,Border,SUB URBAN AMRITSAR,11 kv Mohan Nagar,Unplanned,Closed,2026-06-04T15:36:27Z,2026-06-04T17:20:27Z,104
1869760,Border,SUB URBAN AMRITSAR,VERKA IND.1,Unplanned,Closed,2026-06-04T15:36:27Z,2026-06-04T17:20:27Z,104
1869759,Border,SUB URBAN AMRITSAR,VERKA IND.2,Unplanned,Closed,2026-06-04T15:36:27Z,2026-06-04T17:20:27Z,104
1869758,Border,SUB URBAN AMRITSAR,GURU NAGAR,Unplanned,Closed,2026-06-04T15:36:27Z,2026-06-04T17:20:27Z,104
1869757,Border,SUB URBAN AMRITSAR,GURUDWARA NANAKSAR,Unplanned,Closed,2026-06-04T15:36:27Z,2026-06-04T17:20:27Z,104
1869839,West,MUKATSAR,11 KV ABC,Unplanned,Closed,2026-06-04T15:36:00Z,2026-06-04T17:01:00Z,85
1869788,Border,CITY AMRITSAR,11 KV Namak Mandi,Unplanned,Closed,2026-06-04T15:35:56Z,2026-06-04T16:43:24Z,67
1869787,Border,CITY AMRITSAR,11 KV Akara Kallu,Unplanned,Closed,2026-06-04T15:35:56Z,2026-06-04T16:44:31Z,68
1869786,Border,CITY AMRITSAR,11 KV Gurbux Nagar,Unplanned,Closed,2026-06-04T15:35:56Z,2026-06-04T16:43:38Z,67
1869785,Border,CITY AMRITSAR,11 KV Chabbal Road,Unplanned,Closed,2026-06-04T15:35:56Z,2026-06-04T16:44:51Z,68
1869784,Border,CITY AMRITSAR,11 KV SAHIBZADA FATEH SINGH,Unplanned,Closed,2026-06-04T15:35:56Z,2026-06-04T16:43:47Z,67
1869783,Border,CITY AMRITSAR,11 KV Lahori Gate,Unplanned,Closed,2026-06-04T15:35:56Z,2026-06-04T16:43:40Z,67
1869782,Border,CITY AMRITSAR,11 KV Bhathian,Unplanned,Closed,2026-06-04T15:35:56Z,2026-06-04T16:44:46Z,68
1869781,Border,CITY AMRITSAR,11 KV Peer Shah Road,Unplanned,Closed,2026-06-04T15:35:56Z,2026-06-04T16:44:52Z,68
1869780,Border,CITY AMRITSAR,11 KV Dhab Tilli Bhanna,Unplanned,Closed,2026-06-04T15:35:56Z,2026-06-04T16:44:57Z,69
1869779,Border,CITY AMRITSAR,11 KV disposal,Unplanned,Closed,2026-06-04T15:35:56Z,2026-06-04T16:46:04Z,70
1869778,Border,CITY AMRITSAR,11 KV Bhagtawala,Unplanned,Closed,2026-06-04T15:35:56Z,2026-06-04T16:43:12Z,67
1869794,South,SANGRUR,11KV UPS DHARMGARH,Unplanned,Closed,2026-06-04T15:35:00Z,2026-06-04T15:55:00Z,20
1869793,South,SANGRUR,24 HRS. DASKA,Unplanned,Closed,2026-06-04T15:35:00Z,2026-06-04T16:20:00Z,45
1869756,Border,SUB URBAN AMRITSAR,88 feet road,Unplanned,Closed,2026-06-04T15:34:38Z,2026-06-04T16:40:38Z,66
1869755,Border,SUB URBAN AMRITSAR,11 kv Baba Deep Singh colony,Unplanned,Closed,2026-06-04T15:34:38Z,2026-06-04T16:55:38Z,81
1869754,Border,SUB URBAN AMRITSAR,11kv Gopal Mandir,Unplanned,Closed,2026-06-04T15:34:38Z,2026-06-04T16:40:38Z,66
1869753,Border,SUB URBAN AMRITSAR,Avtar Avenue,Unplanned,Closed,2026-06-04T15:34:38Z,2026-06-04T18:30:38Z,176
1869752,Border,SUB URBAN AMRITSAR,GHALA MALA CHOWNK,Unplanned,Closed,2026-06-04T15:34:38Z,2026-06-04T16:40:38Z,66
1869773,Border,CITY AMRITSAR,11kV Islamabad Link,Unplanned,Closed,2026-06-04T15:34:03Z,2026-06-04T17:20:08Z,106
1869796,North,HOSHIARPUR,Tanda City,Unplanned,Closed,2026-06-04T15:31:00Z,2026-06-04T16:33:00Z,62
1869838,Border,CITY AMRITSAR,11 KV Katra Mohar Singh,Unplanned,Closed,2026-06-04T15:30:54Z,2026-06-04T16:27:01Z,56
1869837,Border,CITY AMRITSAR,11 KV Tunda Talab,Unplanned,Closed,2026-06-04T15:30:54Z,2026-06-04T16:27:01Z,56
1869836,Border,CITY AMRITSAR,11KvGoal Bagh,Unplanned,Closed,2026-06-04T15:30:54Z,2026-06-04T16:36:45Z,65
1869835,Border,CITY AMRITSAR,11KvTobha Bhai Salo,Unplanned,Closed,2026-06-04T15:30:54Z,2026-06-04T16:36:10Z,65
1869771,Border,CITY AMRITSAR,GREEN AVENUE,Unplanned,Closed,2026-06-04T15:30:39Z,2026-06-04T16:40:03Z,69
1869770,Border,CITY AMRITSAR,KENNEDY AVENUE,Unplanned,Closed,2026-06-04T15:30:39Z,2026-06-04T16:38:42Z,68
1869769,Border,CITY AMRITSAR,MAHINDERA COLONY,Unplanned,Closed,2026-06-04T15:30:39Z,2026-06-04T16:38:01Z,67
1869768,Border,CITY AMRITSAR,COURT ROAD Civil,Unplanned,Closed,2026-06-04T15:30:39Z,2026-06-04T16:39:14Z,68
1869767,Border,CITY AMRITSAR,MODEL TOWN,Unplanned,Closed,2026-06-04T15:30:39Z,2026-06-04T16:38:39Z,68
1869766,Border,CITY AMRITSAR,MOHAN HOTEL,Unplanned,Closed,2026-06-04T15:30:39Z,2026-06-04T16:38:39Z,68
1869765,Border,CITY AMRITSAR,MAQBOOL ROAD,Unplanned,Closed,2026-06-04T15:30:39Z,2026-06-04T16:38:39Z,68
1869764,Border,CITY AMRITSAR,RANI KA BAGH,Unplanned,Closed,2026-06-04T15:30:39Z,2026-06-04T16:38:39Z,68
1869763,Border,CITY AMRITSAR,CANTT ROAD,Unplanned,Closed,2026-06-04T15:30:39Z,2026-06-04T16:38:39Z,68
1869800,Border,CITY AMRITSAR,Shastri Nagar,Unplanned,Closed,2026-06-04T15:30:38Z,2026-06-04T16:40:39Z,70
1869799,Border,CITY AMRITSAR,BEAUTY AVENUE,Unplanned,Closed,2026-06-04T15:30:38Z,2026-06-04T16:40:40Z,70
1869798,Border,CITY AMRITSAR,Dasondha Singh Road,Unplanned,Closed,2026-06-04T15:30:38Z,2026-06-04T16:40:23Z,69
1869751,Border,CITY AMRITSAR,BASANT AVENUE,Unplanned,Closed,2026-06-04T15:30:26Z,2026-06-04T16:30:25Z,59
1869750,Border,CITY AMRITSAR,ANAND AVENUE,Unplanned,Closed,2026-06-04T15:30:26Z,2026-06-04T16:30:05Z,59
1869749,Border,CITY AMRITSAR,GOBIND PARK,Unplanned,Closed,2026-06-04T15:30:26Z,2026-06-04T16:30:34Z,60
1869748,Border,CITY AMRITSAR,MAQBOOL ROAD,Unplanned,Closed,2026-06-04T15:30:26Z,2026-06-04T16:27:37Z,57
1869747,North,KAPURTHALA,UPS TANDA AURA,Unplanned,Closed,2026-06-04T15:30:00Z,2026-06-04T16:30:00Z,60
1869762,North,JALANDHAR,MANDI ROAD,Unplanned,Closed,2026-06-04T15:28:00Z,2026-06-04T16:55:00Z,87
1869746,Border,CITY AMRITSAR,swadeshi mill,Unplanned,Closed,2026-06-04T15:27:03Z,2026-06-04T15:59:10Z,32
1869745,Border,CITY AMRITSAR,CANAL OFFICE,Unplanned,Closed,2026-06-04T15:27:03Z,2026-06-04T16:30:39Z,63
1869744,Border,CITY AMRITSAR,RLY WORKSHOP,Unplanned,Closed,2026-06-04T15:27:03Z,2026-06-04T16:30:46Z,63
1869834,Border,SUB URBAN AMRITSAR,66 KV MES (BS-006),Unplanned,Closed,2026-06-04T15:25:42Z,2026-06-04T16:05:42Z,40
1869833,Border,SUB URBAN AMRITSAR,Mallan Wali,Unplanned,Closed,2026-06-04T15:25:42Z,2026-06-04T16:05:42Z,40
1869832,Border,SUB URBAN AMRITSAR,Faizpur,Unplanned,Closed,2026-06-04T15:25:42Z,2026-06-04T16:05:42Z,40
1869831,Border,SUB URBAN AMRITSAR,11 KV PASSPORT OFFICE,Unplanned,Closed,2026-06-04T15:25:42Z,2026-06-04T16:05:42Z,40
1869830,Border,SUB URBAN AMRITSAR,Airforce,Unplanned,Closed,2026-06-04T15:25:42Z,2026-06-04T16:05:42Z,40
1869829,Border,SUB URBAN AMRITSAR,Ranjit Avenue B block,Unplanned,Closed,2026-06-04T15:25:42Z,2026-06-04T17:05:42Z,100
1869828,Border,SUB URBAN AMRITSAR,Trillium,Unplanned,Closed,2026-06-04T15:25:42Z,2026-06-04T16:05:42Z,40
1869827,Border,SUB URBAN AMRITSAR,District Shopping complex (DSC),Unplanned,Closed,2026-06-04T15:25:42Z,2026-06-04T16:05:42Z,40
1869826,Border,SUB URBAN AMRITSAR,11 kv Bhullar Avenue,Unplanned,Closed,2026-06-04T15:25:42Z,2026-06-04T16:05:42Z,40
1869825,Border,SUB URBAN AMRITSAR,GUMTALA,Unplanned,Closed,2026-06-04T15:25:42Z,2026-06-04T16:05:42Z,40
1869824,Border,SUB URBAN AMRITSAR,HOUSING BOARD COLONY,Unplanned,Closed,2026-06-04T15:25:42Z,2026-06-04T16:05:42Z,40
1869823,Border,SUB URBAN AMRITSAR,RANJIT AVENUE,Unplanned,Closed,2026-06-04T15:25:42Z,2026-06-04T16:05:42Z,40
1869822,Border,SUB URBAN AMRITSAR,"D-block, GAD avenue",Unplanned,Closed,2026-06-04T15:25:42Z,2026-06-04T16:05:42Z,40
1869821,Border,SUB URBAN AMRITSAR,SEC-4 RANJIT AVENUE,Unplanned,Closed,2026-06-04T15:25:42Z,2026-06-04T16:05:42Z,40
1869820,Border,SUB URBAN AMRITSAR,C-BLOCK RANJIT AVENUE,Unplanned,Closed,2026-06-04T15:25:42Z,2026-06-04T16:05:42Z,40
1869819,Border,SUB URBAN AMRITSAR,MES,Unplanned,Closed,2026-06-04T15:25:42Z,2026-06-04T16:05:42Z,40
1869818,Border,SUB URBAN AMRITSAR,MEDICAL ENCLAVE,Unplanned,Closed,2026-06-04T15:25:42Z,2026-06-04T16:05:42Z,40
1869741,Border,SUB URBAN AMRITSAR,Dashmesh Nagar,Unplanned,Closed,2026-06-04T15:25:24Z,2026-06-04T16:40:24Z,75
1869740,Border,SUB URBAN AMRITSAR,KABIR PARK,Unplanned,Closed,2026-06-04T15:25:24Z,2026-06-04T16:40:24Z,75
1869739,Border,SUB URBAN AMRITSAR,Hakima Gate,Unplanned,Closed,2026-06-04T15:25:24Z,2026-06-04T16:40:24Z,75
1869738,Border,SUB URBAN AMRITSAR,Polytechnic,Unplanned,Closed,2026-06-04T15:25:24Z,2026-06-04T16:40:24Z,75
1869737,Border,SUB URBAN AMRITSAR,Guru nanak dev university,Unplanned,Closed,2026-06-04T15:25:24Z,2026-06-04T16:40:24Z,75
1869736,Border,SUB URBAN AMRITSAR,Essma,Unplanned,Closed,2026-06-04T15:25:24Z,2026-06-04T16:40:24Z,75
1869735,Border,SUB URBAN AMRITSAR,Kot khalsa,Unplanned,Closed,2026-06-04T15:25:24Z,2026-06-04T16:40:24Z,75
1869734,Border,SUB URBAN AMRITSAR,SANDHU COLONY,Unplanned,Closed,2026-06-04T15:25:24Z,2026-06-04T16:40:24Z,75
1869733,Border,SUB URBAN AMRITSAR,G.T.Road,Unplanned,Closed,2026-06-04T15:25:24Z,2026-06-04T16:40:24Z,75
1869732,Border,SUB URBAN AMRITSAR,Bhalla Colony,Unplanned,Closed,2026-06-04T15:25:24Z,2026-06-04T16:40:24Z,75
1869731,Border,SUB URBAN AMRITSAR,AZAD ROAD FEEDER,Unplanned,Closed,2026-06-04T15:25:24Z,2026-06-04T16:40:24Z,75
1869730,Border,SUB URBAN AMRITSAR,Partap Bazar,Unplanned,Closed,2026-06-04T15:25:24Z,2026-06-04T16:40:24Z,75
1869729,Border,SUB URBAN AMRITSAR,Sadar bazar,Unplanned,Closed,2026-06-04T15:25:24Z,2026-06-04T16:40:24Z,75
1869728,Border,SUB URBAN AMRITSAR,Industrial Estate,Unplanned,Closed,2026-06-04T15:25:24Z,2026-06-04T16:40:24Z,75
1869727,Border,SUB URBAN AMRITSAR,Disposal,Unplanned,Closed,2026-06-04T15:25:24Z,2026-06-04T16:40:24Z,75
1869725,North,KAPURTHALA,UPS Saidowal,Planned,Closed,2026-06-04T15:25:00Z,2026-06-04T15:42:00Z,17
1869743,West,BATHINDA,Khiwa Khurad UPS,Unplanned,Closed,2026-06-04T15:22:00Z,2026-06-04T18:10:00Z,168
1869726,North,JALANDHAR,11KV UDESIAN,Unplanned,Closed,2026-06-04T15:20:00Z,2026-06-04T15:35:00Z,15
1869724,Border,SUB URBAN AMRITSAR,UPS SHURA,Unplanned,Closed,2026-06-04T15:19:03Z,2026-06-04T16:19:00Z,59
1869723,Border,SUB URBAN AMRITSAR,24 Hrs Bhadiar,Unplanned,Closed,2026-06-04T15:19:03Z,2026-06-04T16:19:00Z,59
1869722,Border,SUB URBAN AMRITSAR,Rattan,Unplanned,Closed,2026-06-04T15:19:03Z,2026-06-04T16:19:00Z,59
1869720,South,SANGRUR,11 KV Khadial Cat-1,Unplanned,Closed,2026-06-04T15:17:00Z,2026-06-04T16:08:00Z,51
1869775,West,BATHINDA,KHOKHAR UPS,Unplanned,Closed,2026-06-04T15:15:00Z,2026-06-04T18:25:44Z,190
1869772,West,BATHINDA,PL ROAD,Unplanned,Closed,2026-06-04T15:15:00Z,2026-06-04T17:02:00Z,107
1869742,West,BATHINDA,COLLEGE ROAD,Planned,Closed,2026-06-04T15:15:00Z,2026-06-04T16:42:17Z,87
1869721,West,FARIDKOT,Guru Ram Dass Nagar,Unplanned,Closed,2026-06-04T15:15:00Z,2026-06-04T16:02:00Z,47
1869716,Border,GURDASPUR,Attepur,Unplanned,Closed,2026-06-04T15:15:00Z,2026-06-04T15:56:00Z,41
1869717,North,NAWANSHAHR,Talwandi Fattu,Unplanned,Closed,2026-06-04T15:11:47Z,2026-06-04T15:56:45Z,44
1869719,East,ROPAR,BHAINI,Unplanned,Closed,2026-06-04T15:11:00Z,2026-06-04T15:51:00Z,40
1869715,North,NAWANSHAHR,UPS No. 2,Unplanned,Closed,2026-06-04T15:10:30Z,2026-06-04T15:55:13Z,44
1869714,West,BATHINDA,Bhatha Basti Urban,Unplanned,Closed,2026-06-04T15:10:24Z,2026-06-04T17:02:00Z,111
1869713,West,BATHINDA,VIP,Unplanned,Closed,2026-06-04T15:10:24Z,2026-06-04T16:17:32Z,67
1869712,West,BATHINDA,CITY MANSA,Unplanned,Closed,2026-06-04T15:10:24Z,2026-06-04T15:55:44Z,45
1869802,West,FARIDKOT,Daudhar Garbi UPS,Unplanned,Closed,2026-06-04T15:10:00Z,2026-06-04T16:05:00Z,55
1869718,West,BATHINDA,MOOSA,Planned,Closed,2026-06-04T15:10:00Z,2026-06-04T16:25:58Z,75
1869706,East,Zirakpur,S S INFRA,Planned,Closed,2026-06-04T15:01:00Z,2026-06-04T15:59:00Z,58
1869705,East,Zirakpur,KALKA ROAD,Planned,Closed,2026-06-04T15:01:00Z,2026-06-04T15:59:00Z,58
1869704,East,Zirakpur,SAINI VIHAR,Unplanned,Closed,2026-06-04T15:01:00Z,2026-06-04T15:59:00Z,58
1869703,Border,SUB URBAN AMRITSAR,BSF,Unplanned,Closed,2026-06-04T15:00:12Z,2026-06-04T18:22:52Z,202
1869710,North,JALANDHAR,KOTLA ROAD,Unplanned,Closed,2026-06-04T14:52:00Z,2026-06-04T16:40:00Z,108
1869707,North,JALANDHAR,MUBARAKPUR SHEKHE,Unplanned,Closed,2026-06-04T14:52:00Z,2026-06-04T16:40:00Z,108
1869702,North,HOSHIARPUR,11 KV GERA,Unplanned,Closed,2026-06-04T14:50:00Z,2026-06-04T15:14:00Z,24
1869698,South,SANGRUR,Club Road,Unplanned,Closed,2026-06-04T14:49:47Z,2026-06-04T15:50:47Z,61
1869708,East,MOHALI,INDUSTRIAL I,Unplanned,Closed,2026-06-04T14:44:00Z,2026-06-04T15:52:00Z,68
1869699,East,MOHALI,11 KV Masol,Planned,Closed,2026-06-04T14:42:00Z,2026-06-04T15:47:00Z,65
1869694,West,MUKATSAR,BAHAVAL BASI,Unplanned,Closed,2026-06-04T14:36:00Z,2026-06-04T15:01:00Z,25
1869695,West,BATHINDA,11 KV KOT LALLU,Planned,Closed,2026-06-04T14:35:00Z,2026-06-04T15:40:03Z,65
1869692,North,HOSHIARPUR,Patti,Unplanned,Closed,2026-06-04T14:35:00Z,2026-06-04T14:45:00Z,10
1869697,West,BATHINDA,Bhai Desa,Unplanned,Closed,2026-06-04T14:34:00Z,2026-06-04T16:31:00Z,117
1869689,Central,CITY WEST LUDHIANA,Mandeep Nagar,Unplanned,Closed,2026-06-04T14:30:12Z,2026-06-04T15:16:43Z,46
1869696,West,BATHINDA,BURJ SEMA,Unplanned,Closed,2026-06-04T14:30:00Z,2026-06-04T15:31:00Z,61
1869693,Border,GURDASPUR,11 KV Rastry,Unplanned,Closed,2026-06-04T14:30:00Z,2026-06-04T15:05:00Z,35
1869690,Border,TARN TARAN,KAROWAL,Unplanned,Closed,2026-06-04T14:30:00Z,2026-06-04T21:55:00Z,445
1869700,East,ROPAR,Rangian,Unplanned,Closed,2026-06-04T14:25:00Z,2026-06-04T15:10:00Z,45
1869687,North,JALANDHAR,TRIBUNE,Unplanned,Closed,2026-06-04T14:24:00Z,2026-06-04T15:20:00Z,56
1869686,Border,CITY AMRITSAR,Head Water Works Road,Unplanned,Closed,2026-06-04T14:22:06Z,2026-06-04T14:46:00Z,23
1869684,West,FARIDKOT,VIDANT NAGAR,Unplanned,Closed,2026-06-04T14:20:08Z,2026-06-04T15:00:52Z,40
1869688,West,BATHINDA,HARI NAGAR,Unplanned,Closed,2026-06-04T14:15:00Z,2026-06-04T14:58:06Z,43
1869683,East,MOHALI,11KV MANAV RACHNA,Unplanned,Closed,2026-06-04T14:15:00Z,2026-06-04T14:28:05Z,13
1869682,East,Zirakpur,11 KV PREM NAGAR FEEDER,Unplanned,Closed,2026-06-04T14:15:00Z,2026-06-04T14:45:00Z,30
1869685,West,BATHINDA,MANSA ROAD (NEW),Unplanned,Closed,2026-06-04T14:10:00Z,2026-06-04T14:36:00Z,26
1869677,West,MUKATSAR,Madhav Nagri,Unplanned,Closed,2026-06-04T14:08:00Z,2026-06-04T14:45:00Z,37
1869676,North,JALANDHAR,SABOWAL,Unplanned,Closed,2026-06-04T14:06:00Z,2026-06-04T14:34:00Z,28
1869675,South,SANGRUR,Kakarwal,Unplanned,Closed,2026-06-04T14:01:33Z,2026-06-04T15:45:00Z,103
1869674,South,SANGRUR,Sherpur Road,Unplanned,Closed,2026-06-04T14:01:33Z,2026-06-04T14:30:00Z,28
1869691,South,BARNALA,Maur Nabha,Unplanned,Closed,2026-06-04T14:01:00Z,2026-06-04T14:55:00Z,54
1869245,East,MOHALI,11KV BHARATPUR AP,Planned,Closed,2026-06-04T14:00:00Z,2026-06-04T17:00:00Z,180
1869244,East,MOHALI,11 KV GIDDARPUR AP,Planned,Closed,2026-06-04T14:00:00Z,2026-06-04T17:00:00Z,180
1869243,East,MOHALI,11 KV CHADIALA UPS,Planned,Closed,2026-06-04T14:00:00Z,2026-06-04T17:00:00Z,180
1869242,East,MOHALI,11kv Saidpura,Planned,Closed,2026-06-04T14:00:00Z,2026-06-04T17:00:00Z,180
1869681,East,Zirakpur,11 kv malwa,Unplanned,Closed,2026-06-04T13:59:00Z,2026-06-04T14:35:00Z,36
1869679,East,Zirakpur,BEGAMPURA,Unplanned,Closed,2026-06-04T13:58:00Z,2026-06-04T14:20:00Z,22
1869678,South,PATIALA,SUNDER NAGAR RAJPURA,Unplanned,Closed,2026-06-04T13:55:00Z,2026-06-04T14:20:00Z,25
1869672,North,JALANDHAR,11 KV BASTI DANISHMANDA,Unplanned,Closed,2026-06-04T13:55:00Z,2026-06-04T14:37:00Z,42
1869671,North,JALANDHAR,11 KV Nagra,Unplanned,Closed,2026-06-04T13:55:00Z,2026-06-04T14:37:00Z,42
1869669,Central,CITY WEST LUDHIANA,NEW JANTA NAGAR,Unplanned,Closed,2026-06-04T13:50:39Z,2026-06-04T14:39:13Z,48
1869680,West,FARIDKOT,JANDSAHIB UPS,Unplanned,Closed,2026-06-04T13:50:00Z,2026-06-04T15:48:00Z,118
1869668,West,FARIDKOT,Nathewala,Unplanned,Closed,2026-06-04T13:45:01Z,2026-06-04T14:14:26Z,29
1869673,North,HOSHIARPUR,SUSANA,Unplanned,Closed,2026-06-04T13:45:00Z,2026-06-04T14:16:00Z,31
1869667,South,SANGRUR,MAKORD SAHIB(new+old),Unplanned,Closed,2026-06-04T13:38:16Z,2026-06-04T17:11:22Z,213
1869666,West,FEROZPUR,Gobar Mandi,Unplanned,Closed,2026-06-04T13:36:00Z,2026-06-04T14:45:00Z,69
1869664,West,BATHINDA,LOCAL FEEDER,Unplanned,Closed,2026-06-04T13:31:00Z,2026-06-04T15:25:00Z,114
1869659,South,SANGRUR,Dhianjot Ap,Unplanned,Closed,2026-06-04T13:26:10Z,2026-06-04T17:22:39Z,236
1869670,North,JALANDHAR,MANDI ROAD,Unplanned,Closed,2026-06-04T13:25:00Z,2026-06-04T14:20:00Z,55
1869663,North,KAPURTHALA,URBAN NADALA,Unplanned,Closed,2026-06-04T13:25:00Z,2026-06-04T15:20:00Z,115
1869658,Central,KHANNA,DEVI DAWALA feeder,Unplanned,Closed,2026-06-04T13:23:00Z,2026-06-04T14:38:00Z,75
1869657,Central,KHANNA,Peer Khana,Unplanned,Closed,2026-06-04T13:23:00Z,2026-06-04T14:38:00Z,75
1869656,East,MOHALI,KURALI,Unplanned,Closed,2026-06-04T13:15:00Z,2026-06-04T14:17:54Z,62
1869655,Border,CITY AMRITSAR,11 KV Lahori Gate,Unplanned,Closed,2026-06-04T13:14:00Z,2026-06-04T13:30:00Z,16
1869653,West,BATHINDA,KARGIL,Unplanned,Closed,2026-06-04T13:13:00Z,2026-06-04T13:31:00Z,18
1869665,Border,GURDASPUR,Chhaurian,Unplanned,Closed,2026-06-04T13:10:48Z,2026-06-04T15:40:48Z,150
1869662,Border,GURDASPUR,Taragarh Cat-1,Unplanned,Closed,2026-06-04T13:10:46Z,2026-06-04T15:40:46Z,150
1869661,Border,GURDASPUR,Rattangarh,Unplanned,Closed,2026-06-04T13:10:46Z,2026-06-04T15:40:46Z,150
1869660,Border,GURDASPUR,Majra,Unplanned,Closed,2026-06-04T13:10:46Z,2026-06-04T15:40:46Z,150
1869652,Central,CITY WEST LUDHIANA,MEHMOODPURA,Planned,Closed,2026-06-04T13:10:16Z,2026-06-04T13:40:00Z,29
1869654,Central,CITY WEST LUDHIANA,MUNJAL FEEDER,Unplanned,Closed,2026-06-04T13:10:02Z,2026-06-04T15:15:00Z,124
1869648,North,HOSHIARPUR,BUDHABAR,Unplanned,Closed,2026-06-04T13:05:00Z,2026-06-04T13:25:00Z,20
1869647,South,SANGRUR,Industrial,Planned,Closed,2026-06-04T13:03:04Z,2026-06-04T13:26:15Z,23
1869650,North,JALANDHAR,CHITTI (U),Unplanned,Closed,2026-06-04T13:02:00Z,2026-06-04T13:55:00Z,53
1869651,East,ROPAR,INDUSTRY,Unplanned,Closed,2026-06-04T13:00:00Z,2026-06-04T14:26:00Z,86
1869646,Central,SUB URBAN LUDHIANA,Urban Main Bazar (City-4),Unplanned,Closed,2026-06-04T12:53:00Z,2026-06-04T13:12:00Z,19
1869643,West,MUKATSAR,PANJKOSI,Unplanned,Closed,2026-06-04T12:45:46Z,2026-06-04T13:10:56Z,25
1869642,Central,CITY WEST LUDHIANA,DYAL NAGAR,Unplanned,Closed,2026-06-04T12:45:14Z,2026-06-04T13:50:26Z,65
1869649,East,MOHALI,11 KV Masol,Planned,Closed,2026-06-04T12:45:00Z,2026-06-04T14:40:00Z,115
1869639,North,HOSHIARPUR,Ahiapur,Unplanned,Closed,2026-06-04T12:41:00Z,2026-06-04T12:50:00Z,9
1869638,North,JALANDHAR,11 KV New Amrit Vihar,Unplanned,Closed,2026-06-04T12:41:00Z,2026-06-04T13:53:00Z,72
1869645,East,MOHALI,CHARBARH UPS,Unplanned,Closed,2026-06-04T12:40:46Z,2026-06-04T13:00:00Z,19
1869641,West,BATHINDA,Giana,Planned,Closed,2026-06-04T12:40:00Z,2026-06-04T14:15:00Z,95
1869637,North,NAWANSHAHR,MOJOWAL MAJARA,Unplanned,Closed,2026-06-04T12:40:00Z,2026-06-04T13:30:00Z,50
1869640,North,JALANDHAR,NEHRU GARDEN ROAD,Unplanned,Closed,2026-06-04T12:35:00Z,2026-06-04T12:55:00Z,20
1869636,North,HOSHIARPUR,KHARDEHER,Unplanned,Closed,2026-06-04T12:35:00Z,2026-06-04T12:55:00Z,20
1869633,West,FARIDKOT,Guru Ram Dass Nagar,Unplanned,Closed,2026-06-04T12:33:38Z,2026-06-04T13:34:07Z,60
1869644,West,FARIDKOT,MAANA WALA UPS,Unplanned,Closed,2026-06-04T12:30:00Z,2026-06-04T13:50:15Z,80
1869631,Border,GURDASPUR,Pioneer Agro,Unplanned,Closed,2026-06-04T12:26:00Z,2026-06-04T12:50:00Z,24
1869635,Border,SUB URBAN AMRITSAR,Guru ki wadali,Unplanned,Closed,2026-06-04T12:25:00Z,2026-06-04T12:44:00Z,19
1869628,South,SANGRUR,.INDUSTRIAL (G/S/S_Bakhopir),Unplanned,Closed,2026-06-04T12:20:02Z,2026-06-04T12:54:21Z,34
1869632,South,SANGRUR,banga C-1,Unplanned,Closed,2026-06-04T12:20:00Z,2026-06-04T13:25:00Z,65
1869630,East,MOHALI,SEC-70D,Unplanned,Closed,2026-06-04T12:20:00Z,2026-06-04T12:45:37Z,25
1869634,West,BATHINDA,RAILWAY ROAD,Unplanned,Closed,2026-06-04T12:15:00Z,2026-06-04T14:00:00Z,105
1869627,West,FARIDKOT,AKALSAR,Unplanned,Closed,2026-06-04T12:12:20Z,2026-06-04T13:10:12Z,57
1869624,Central,CITY EAST LUDHIANA,Garden City,Planned,Closed,2026-06-04T12:09:09Z,2026-06-04T14:09:12Z,120
1869618,Border,SUB URBAN AMRITSAR,PADHRI,Planned,Closed,2026-06-04T12:03:00Z,2026-06-04T14:43:54Z,160
1869615,South,PATIALA,MEHTA COLONY,Unplanned,Closed,2026-06-04T12:00:25Z,2026-06-04T12:53:38Z,53
1869621,South,BARNALA,ANAAJ MANDI,Unplanned,Closed,2026-06-04T12:00:00Z,2026-06-04T13:30:00Z,90
1869620,Central,KHANNA,Kotla,Unplanned,Closed,2026-06-04T12:00:00Z,2026-06-04T12:23:00Z,23
1869617,West,BATHINDA,Sidhana,Planned,Closed,2026-06-04T12:00:00Z,2026-06-04T12:15:00Z,15
1869614,South,SANGRUR,11 KV UPS DEOGARH,Unplanned,Closed,2026-06-04T12:00:00Z,2026-06-04T12:30:00Z,30
1869286,West,BATHINDA,INDUSTRIES,Planned,Closed,2026-06-04T12:00:00Z,2026-06-04T15:55:00Z,235
1869284,West,BATHINDA,PIPLI,Planned,Closed,2026-06-04T12:00:00Z,2026-06-04T15:55:00Z,235
1869623,West,MUKATSAR,11 KV Punjava Model,Unplanned,Closed,2026-06-04T11:55:52Z,2026-06-04T13:53:07Z,117
1869626,West,FEROZPUR,3 Ph 3 Wire Santokh Singh Wala,Unplanned,Closed,2026-06-04T11:55:00Z,2026-06-04T13:40:00Z,105
1869622,West,MUKATSAR,BHANGER KHERA,Unplanned,Closed,2026-06-04T11:55:00Z,2026-06-04T13:53:12Z,118
1869616,West,BATHINDA,GOLE MARKET - 2,Planned,Closed,2026-06-04T11:54:43Z,2026-06-04T12:06:30Z,11
1869625,East,MOHALI,11KV DHARAMGARH UPS,Unplanned,Closed,2026-06-04T11:54:00Z,2026-06-04T12:38:00Z,44
1869612,Central,CITY WEST LUDHIANA,HERKRISHAN NAGAR FEEDER,Unplanned,Closed,2026-06-04T11:53:39Z,2026-06-04T12:36:51Z,43
1869613,South,SANGRUR,Khokhar UPS,Unplanned,Closed,2026-06-04T11:53:09Z,2026-06-04T13:04:45Z,71
1869619,West,MUKATSAR,Kandukhera,Unplanned,Closed,2026-06-04T11:53:00Z,2026-06-04T13:15:00Z,82
1869611,South,SANGRUR,SATGUR+MAURAN (GRID SULAR),Unplanned,Closed,2026-06-04T11:51:00Z,2026-06-04T12:19:00Z,28
1869610,North,KAPURTHALA,UPS MAND,Unplanned,Closed,2026-06-04T11:45:00Z,2026-06-04T12:20:00Z,35
1869607,South,SANGRUR,Sunam Road,Unplanned,Closed,2026-06-04T11:41:05Z,2026-06-04T12:35:17Z,54
1869609,West,BATHINDA,LAL SINGH BASTI,Planned,Closed,2026-06-04T11:40:00Z,2026-06-04T12:30:00Z,50
1869608,North,HOSHIARPUR,Khozkipur,Unplanned,Closed,2026-06-04T11:40:00Z,2026-06-04T11:50:00Z,10
1869606,Central,CITY EAST LUDHIANA,Saral Dyeing,Unplanned,Closed,2026-06-04T11:39:56Z,2026-06-04T12:25:07Z,45
1869605,West,FARIDKOT,SURAJ NAGAR,Unplanned,Closed,2026-06-04T11:39:02Z,2026-06-04T12:02:02Z,23
1869601,East,Zirakpur,JEOLY,Unplanned,Closed,2026-06-04T11:35:33Z,2026-06-04T12:30:11Z,54
1869600,Central,CITY WEST LUDHIANA,PREMIUM COMPLEX,Planned,Closed,2026-06-04T11:34:00Z,2026-06-04T13:00:00Z,86
1869598,Border,CITY AMRITSAR,Chatiwind Gate,Unplanned,Closed,2026-06-04T11:31:48Z,2026-06-04T12:27:00Z,55
1869597,South,SANGRUR,Dhura Road,Unplanned,Closed,2026-06-04T11:30:00Z,2026-06-04T13:00:00Z,90
1869596,West,MUKATSAR,BAHAVAL BASI,Unplanned,Closed,2026-06-04T11:28:00Z,2026-06-04T12:55:00Z,87
1869595,North,NAWANSHAHR,Ragomal Urban,Unplanned,Closed,2026-06-04T11:25:00Z,2026-06-04T13:13:00Z,108
1869599,West,FARIDKOT,11 KV INDUSTRY,Unplanned,Closed,2026-06-04T11:22:00Z,2026-06-04T12:30:00Z,68
1869604,West,BATHINDA,LELEWALA,Planned,Closed,2026-06-04T11:20:00Z,2026-06-04T17:20:00Z,360
1869593,West,FARIDKOT,DOGAR BASTI,Planned,Closed,2026-06-04T11:20:00Z,2026-06-04T13:19:00Z,119
1869590,West,FARIDKOT,11KV NEW HARINDERA NAGAR,Planned,Closed,2026-06-04T11:20:00Z,2026-06-04T13:19:00Z,119
1869582,Central,KHANNA,A.K. CONCAST,Planned,Closed,2026-06-04T11:16:34Z,2026-06-04T20:05:45Z,529
1869603,North,JALANDHAR,URBAN STATE,Unplanned,Closed,2026-06-04T11:15:00Z,2026-06-04T11:48:00Z,33
1869581,Central,CITY WEST LUDHIANA,RANJIT NAGAR FEEDER,Unplanned,Closed,2026-06-04T11:12:54Z,2026-06-04T11:40:39Z,27
1869580,North,JALANDHAR,11KV UDESIAN,Unplanned,Closed,2026-06-04T11:12:00Z,2026-06-04T11:35:00Z,23
1869578,North,JALANDHAR,KAPOOR PIND,Unplanned,Closed,2026-06-04T11:12:00Z,2026-06-04T11:35:00Z,23
1869589,Central,CITY WEST LUDHIANA,G.T.B.,Unplanned,Closed,2026-06-04T11:10:00Z,2026-06-04T11:48:00Z,38
1869575,South,SANGRUR,Bhakhra,Unplanned,Closed,2026-06-04T11:07:35Z,2026-06-04T14:01:41Z,174
1869576,South,SANGRUR,11 kV triveni,Unplanned,Closed,2026-06-04T11:07:32Z,2026-06-04T14:01:42Z,174
1869577,South,SANGRUR,Shaheed Bhagat Singh,Unplanned,Closed,2026-06-04T11:07:21Z,2026-06-04T14:01:32Z,174
1869588,South,SANGRUR,CITY-5,Unplanned,Closed,2026-06-04T11:07:00Z,2026-06-04T12:55:00Z,108
1869579,North,JALANDHAR,VIVEKANAND,Unplanned,Closed,2026-06-04T11:05:00Z,2026-06-04T11:43:00Z,38
1869585,Border,GURDASPUR,SAGARPURA,Unplanned,Closed,2026-06-04T11:04:58Z,2026-06-04T12:46:58Z,102
1869584,Border,GURDASPUR,Paroshah,Unplanned,Closed,2026-06-04T11:04:58Z,2026-06-04T12:46:58Z,102
1869583,Border,GURDASPUR,11 KV Chone UPS,Unplanned,Closed,2026-06-04T11:04:58Z,2026-06-04T12:46:58Z,102
1869574,Border,GURDASPUR,Adowali,Unplanned,Closed,2026-06-04T11:04:57Z,2026-06-04T12:46:57Z,102
1869573,Border,GURDASPUR,24 Hrs UPS Rangar Nangal,Unplanned,Closed,2026-06-04T11:04:57Z,2026-06-04T12:46:57Z,102
1869594,Border,GURDASPUR,Zahadpur,Unplanned,Closed,2026-06-04T11:04:00Z,2026-06-04T12:46:00Z,102
1869592,Border,GURDASPUR,Amo Nangal,Unplanned,Closed,2026-06-04T11:04:00Z,2026-06-04T12:46:00Z,102
1869591,Border,GURDASPUR,11 KV Rangar Nangal (AP),Unplanned,Closed,2026-06-04T11:04:00Z,2026-06-04T12:46:00Z,102
1869587,Border,GURDASPUR,Chhota enokot,Unplanned,Closed,2026-06-04T11:04:00Z,2026-06-04T12:46:00Z,102
1869586,Border,GURDASPUR,SADARANG,Unplanned,Closed,2026-06-04T11:04:00Z,2026-06-04T12:46:00Z,102
1869568,East,Zirakpur,RANBAXY,Unplanned,Closed,2026-06-04T11:02:00Z,2026-06-04T11:19:00Z,17
1869572,Border,TARN TARAN,MES-I,Unplanned,Closed,2026-06-04T11:01:00Z,2026-06-04T12:11:00Z,70
1869569,North,KAPURTHALA,UPS Saidowal,Unplanned,Closed,2026-06-04T11:00:00Z,2026-06-04T12:50:00Z,110
1869567,West,FEROZPUR,TOOR,Unplanned,Closed,2026-06-04T11:00:00Z,2026-06-04T13:50:00Z,170
1869566,East,Zirakpur,Dehar. Cat. 1,Unplanned,Closed,2026-06-04T11:00:00Z,2026-06-04T11:40:00Z,40
1869565,Central,KHANNA,Chander Lok,Unplanned,Closed,2026-06-04T11:00:00Z,2026-06-04T11:27:00Z,27
1869564,South,SANGRUR,11kv Bhikhi Road,Unplanned,Closed,2026-06-04T10:56:00Z,2026-06-04T11:36:00Z,40
1869554,Border,CITY AMRITSAR,MAKBOOL PURA,Unplanned,Closed,2026-06-04T10:51:06Z,2026-06-04T11:42:00Z,50
1869562,Central,CITY EAST LUDHIANA,PATIALA HOUSE,Unplanned,Closed,2026-06-04T10:51:00Z,2026-06-04T12:36:00Z,105
1869563,South,PATIALA,UPS RAJPURA,Unplanned,Closed,2026-06-04T10:50:00Z,2026-06-04T11:20:00Z,30
1869571,South,SANGRUR,PMPL,Unplanned,Closed,2026-06-04T10:48:00Z,2026-06-04T11:42:00Z,54
1869557,East,Zirakpur,Bhudda Sahib,Unplanned,Closed,2026-06-04T10:48:00Z,2026-06-04T10:58:00Z,10
1869560,North,HOSHIARPUR,SALALA,Unplanned,Closed,2026-06-04T10:47:00Z,2026-06-04T11:26:00Z,39
1869556,Border,SUB URBAN AMRITSAR,Pandori,Unplanned,Closed,2026-06-04T10:43:13Z,2026-06-04T11:10:00Z,26
1869552,South,PATIALA,Civil Hospital Nabha,Unplanned,Closed,2026-06-04T10:43:07Z,2026-06-04T11:31:07Z,48
1869551,South,PATIALA,Nagra Chownk,Unplanned,Closed,2026-06-04T10:43:07Z,2026-06-04T11:31:07Z,48
1869550,South,PATIALA,UPS Rohti Basta,Unplanned,Closed,2026-06-04T10:43:07Z,2026-06-04T11:31:07Z,48
1869549,South,PATIALA,Stn T.F Nabha New,Unplanned,Closed,2026-06-04T10:43:07Z,2026-06-04T11:31:07Z,48
1869548,South,PATIALA,Veer Singh Colony,Unplanned,Closed,2026-06-04T10:43:07Z,2026-06-04T11:12:07Z,29
1869547,South,PATIALA,Mehs Gate,Unplanned,Closed,2026-06-04T10:43:07Z,2026-06-04T11:03:07Z,20
1869546,South,PATIALA,Zila Jail,Unplanned,Closed,2026-06-04T10:43:07Z,2026-06-04T11:31:07Z,48
1869545,South,PATIALA,Ajit Nagar,Unplanned,Closed,2026-06-04T10:43:07Z,2026-06-04T11:31:07Z,48
1869544,South,PATIALA,Thuhi Road,Unplanned,Closed,2026-06-04T10:43:07Z,2026-06-04T11:27:07Z,44
1869553,West,FARIDKOT,Focal Point,Unplanned,Closed,2026-06-04T10:41:02Z,2026-06-04T11:27:03Z,46
1869541,West,FARIDKOT,11 KV BABA VISHAVKARMA,Unplanned,Closed,2026-06-04T10:40:31Z,2026-06-04T11:06:38Z,26
1869543,West,FARIDKOT,JANDSAHIB UPS,Unplanned,Closed,2026-06-04T10:40:00Z,2026-06-04T11:03:00Z,23
1869555,North,JALANDHAR,NEW MODEL TOWN,Unplanned,Closed,2026-06-04T10:39:00Z,2026-06-04T11:32:00Z,53
1869561,Border,GURDASPUR,11 K.V UPS Balwanda,Unplanned,Closed,2026-06-04T10:36:00Z,2026-06-04T12:01:00Z,85
1869297,South,SANGRUR,11 KV New Grain Markit,Planned,Closed,2026-06-04T10:32:00Z,2026-06-04T11:30:00Z,58
1869533,Central,KHANNA,Chopra(Naraian),Unplanned,Closed,2026-06-04T10:31:00Z,2026-06-04T11:45:00Z,74
1869292,South,SANGRUR,11 KV MAYA GARDEN,Planned,Closed,2026-06-04T10:31:00Z,2026-06-04T11:03:00Z,32
1869559,Border,GURDASPUR,Sathiali 24 hrs.,Unplanned,Closed,2026-06-04T10:30:00Z,2026-06-04T10:54:00Z,24
1869542,South,BARNALA,THULIWAL URBAN,Unplanned,Closed,2026-06-04T10:30:00Z,2026-06-04T11:45:00Z,75
1869537,North,HOSHIARPUR,SANDPUR,Unplanned,Closed,2026-06-04T10:30:00Z,2026-06-04T10:45:00Z,15
1869536,South,PATIALA,GANESHPUR,Unplanned,Closed,2026-06-04T10:30:00Z,2026-06-04T12:20:00Z,110
1869535,East,MOHALI,ESPL,Unplanned,Closed,2026-06-04T10:30:00Z,2026-06-04T10:46:00Z,16
1869540,East,MOHALI,ALAMPUR UPS,Unplanned,Closed,2026-06-04T10:25:00Z,2026-06-04T10:35:00Z,10
1869539,East,MOHALI,THUA AP,Unplanned,Closed,2026-06-04T10:25:00Z,2026-06-04T10:35:00Z,10
1869538,East,MOHALI,MOHIKHURD AP,Unplanned,Closed,2026-06-04T10:25:00Z,2026-06-04T10:35:00Z,10
1869534,East,Zirakpur,BEGAMPURA,Unplanned,Closed,2026-06-04T10:25:00Z,2026-06-04T10:55:00Z,30
1869532,South,PATIALA,industrial No.1 (FP),Unplanned,Closed,2026-06-04T10:25:00Z,2026-06-04T10:50:00Z,25
1869531,Border,CITY AMRITSAR,11KvGoal Bagh,Unplanned,Closed,2026-06-04T10:25:00Z,2026-06-04T11:05:00Z,40
1869529,North,HOSHIARPUR,GHOGRA,Unplanned,Closed,2026-06-04T10:25:00Z,2026-06-04T10:45:00Z,20
1869527,Border,CITY AMRITSAR,11 KV Golden Temple,Unplanned,Closed,2026-06-04T10:24:41Z,2026-06-04T10:25:08Z,0
1869558,Border,GURDASPUR,BHORA SAHIB,Unplanned,Closed,2026-06-04T10:20:00Z,2026-06-04T11:30:00Z,70
1869528,South,SANGRUR,Dairy wala,Unplanned,Closed,2026-06-04T10:20:00Z,2026-06-04T11:42:00Z,82
1869522,North,JALANDHAR,GARHA,Unplanned,Closed,2026-06-04T10:17:00Z,2026-06-04T11:40:00Z,83
1869521,North,JALANDHAR,PAP,Unplanned,Closed,2026-06-04T10:17:00Z,2026-06-04T11:40:00Z,83
1869526,West,BATHINDA,HAZI  RATAN,Unplanned,Closed,2026-06-04T10:12:00Z,2026-06-04T11:59:00Z,107
1869519,North,JALANDHAR,INDUSTRIAL AREA 2,Unplanned,Closed,2026-06-04T10:12:00Z,2026-06-04T10:32:00Z,20
1869515,South,SANGRUR,Ratoke,Unplanned,Closed,2026-06-04T10:08:09Z,2026-06-04T10:20:33Z,12
1869517,North,JALANDHAR,11KV Baba Makhan Shah Lubana,Unplanned,Closed,2026-06-04T10:07:00Z,2026-06-04T10:36:00Z,29
1869512,Border,GURDASPUR,SADANA,Unplanned,Closed,2026-06-04T10:06:00Z,2026-06-04T10:55:00Z,49
1869530,West,MUKATSAR,11 KV BALLUANA UPS,Unplanned,Closed,2026-06-04T10:05:00Z,2026-06-04T10:50:00Z,45
1869525,Border,GURDASPUR,Dera Road,Unplanned,Closed,2026-06-04T10:05:00Z,2026-06-04T11:40:00Z,95
1869514,North,HOSHIARPUR,Chaggran,Unplanned,Closed,2026-06-04T10:05:00Z,2026-06-04T10:40:00Z,35
1869513,Border,GURDASPUR,GHO,Unplanned,Closed,2026-06-04T10:05:00Z,2026-06-04T10:38:00Z,33
1869511,Border,GURDASPUR,KOT BHALLA,Unplanned,Closed,2026-06-04T10:05:00Z,2026-06-04T10:55:00Z,50
1869510,Border,SUB URBAN AMRITSAR,GUMTALA,Planned,Closed,2026-06-04T10:03:00Z,2026-06-04T14:26:00Z,263
1869516,Border,TARN TARAN,BIHARIPUR UPS,Unplanned,Closed,2026-06-04T10:02:00Z,2026-06-04T10:15:00Z,13
1869509,Border,SUB URBAN AMRITSAR,Mallan Wali,Planned,Closed,2026-06-04T10:01:00Z,2026-06-04T14:26:00Z,265
1869479,West,BATHINDA,Jagdambe Road,Planned,Closed,2026-06-04T10:00:50Z,2026-06-04T13:53:08Z,232
1869478,West,BATHINDA,CANAL,Planned,Closed,2026-06-04T10:00:50Z,2026-06-04T13:53:38Z,232
1868037,South,BARNALA,UPS-III,Planned,Closed,2026-06-04T10:00:34Z,2026-06-04T14:40:34Z,280
1868036,South,BARNALA,URBAN DHAUNALA CITY,Planned,Closed,2026-06-04T10:00:34Z,2026-06-04T14:15:34Z,255
1868035,South,BARNALA,URBAN RAJGARH ROAD,Planned,Closed,2026-06-04T10:00:34Z,2026-06-04T14:30:34Z,270
1868034,South,BARNALA,Sub Station Dhanoula,Planned,Closed,2026-06-04T10:00:34Z,2026-06-04T14:40:34Z,280
1869448,North,JALANDHAR,PRUTHI,Planned,Closed,2026-06-04T10:00:20Z,2026-06-04T12:53:15Z,172
1869518,Border,SUB URBAN AMRITSAR,GHALA MALA CHOWNK,Planned,Closed,2026-06-04T10:00:00Z,2026-06-04T13:35:00Z,215
1869497,Central,KHANNA,Shastri Nagar,Planned,Closed,2026-06-04T10:00:00Z,2026-06-04T11:37:00Z,97
1869299,South,SANGRUR,Chhajli road,Planned,Closed,2026-06-04T10:00:00Z,2026-06-04T13:59:00Z,239
1869296,South,SANGRUR,11 KV RAM NAGAR URBAN,Planned,Closed,2026-06-04T10:00:00Z,2026-06-04T12:25:00Z,145
1869208,Central,SUB URBAN LUDHIANA,GALIB-CITY,Planned,Closed,2026-06-04T10:00:00Z,2026-06-04T14:00:00Z,240
1869524,Border,CITY AMRITSAR,11 KV Dhab Tilli Bhanna,Unplanned,Closed,2026-06-04T09:58:00Z,2026-06-04T11:52:00Z,114
1869508,West,FEROZPUR,FAZILKA ROAD,Unplanned,Closed,2026-06-04T09:50:00Z,2026-06-04T10:10:00Z,20
1869507,Border,GURDASPUR,Chawa,Unplanned,Closed,2026-06-04T09:50:00Z,2026-06-04T10:56:00Z,66
1869506,Border,GURDASPUR,Shalla Urban,Unplanned,Closed,2026-06-04T09:50:00Z,2026-06-04T10:56:00Z,66
1869496,North,HOSHIARPUR,DASUYA1,Unplanned,Closed,2026-06-04T09:50:00Z,2026-06-04T10:12:00Z,22
1869495,North,HOSHIARPUR,11 KV ARMY GROUND,Unplanned,Closed,2026-06-04T09:50:00Z,2026-06-04T10:12:00Z,22
1869494,South,PATIALA,SULAR,Unplanned,Closed,2026-06-04T09:46:00Z,2026-06-04T10:02:00Z,16
1869493,West,FARIDKOT,11 SODHI NAGAR URBAN,Unplanned,Closed,2026-06-04T09:44:49Z,2026-06-04T09:54:20Z,9
1869491,West,FARIDKOT,Dutt Road,Unplanned,Closed,2026-06-04T09:44:49Z,2026-06-04T10:06:44Z,21
1871472,East,MOHALI,Sector-77B,Unplanned,Closed,2026-06-04T09:43:00Z,2026-06-04T22:54:00Z,791
1869505,West,FARIDKOT,11KV RADHA KRISHAN,Planned,Closed,2026-06-04T09:40:09Z,2026-06-04T10:30:09Z,50
1869504,West,FARIDKOT,11 KV RANSHIH KALAN-UPS,Planned,Closed,2026-06-04T09:40:09Z,2026-06-04T10:30:09Z,50
1869503,West,FARIDKOT,11 KV INDUSTRIAL CAT-01,Planned,Closed,2026-06-04T09:40:09Z,2026-06-04T10:30:09Z,50
1869502,West,FARIDKOT,11KV NANGAL UPS,Planned,Closed,2026-06-04T09:40:09Z,2026-06-04T10:30:09Z,50
1869501,West,FARIDKOT,11kv Bagaan Wala,Planned,Closed,2026-06-04T09:40:09Z,2026-06-04T10:30:09Z,50
1869500,West,FARIDKOT,11KV PATTO HAIR SINGH  UPS,Planned,Closed,2026-06-04T09:40:09Z,2026-06-04T10:30:09Z,50
1869499,West,FARIDKOT,11 KV NIHAL SINGH WALA CAT-01,Planned,Closed,2026-06-04T09:40:09Z,2026-06-04T10:30:09Z,50
1869498,West,FARIDKOT,11 KV KHOTE-UPS,Planned,Closed,2026-06-04T09:40:09Z,2026-06-04T10:30:09Z,50
1869492,North,NAWANSHAHR,KATHGARH,Unplanned,Closed,2026-06-04T09:40:00Z,2026-06-04T10:12:00Z,32
1869490,West,BATHINDA,Jawaharke,Unplanned,Closed,2026-06-04T09:36:00Z,2026-06-04T10:42:47Z,66
1869489,West,MUKATSAR,11 KV Panjpeer Nagar,Unplanned,Closed,2026-06-04T09:35:00Z,2026-06-04T10:35:00Z,60
1869486,North,NAWANSHAHR,SAROYA,Unplanned,Closed,2026-06-04T09:34:00Z,2026-06-04T10:15:00Z,41
1869488,Border,SUB URBAN AMRITSAR,Harrar Kalan,Unplanned,Closed,2026-06-04T09:30:00Z,2026-06-04T10:00:00Z,30
1869487,South,BARNALA,JAMALPURA,Unplanned,Closed,2026-06-04T09:25:00Z,2026-06-04T10:45:00Z,80
1869485,North,HOSHIARPUR,BASSI,Unplanned,Closed,2026-06-04T09:22:00Z,2026-06-04T10:19:00Z,57
1869477,North,JALANDHAR,11 KV GULAB DEVI,Unplanned,Closed,2026-06-04T09:15:00Z,2026-06-04T09:55:00Z,40
1869476,Border,CITY AMRITSAR,100 ft. ROAD,Unplanned,Closed,2026-06-04T09:11:00Z,2026-06-04T09:50:00Z,39
1869480,North,KAPURTHALA,11 KV HIMMET UPS,Unplanned,Closed,2026-06-04T09:05:00Z,2026-06-04T10:28:00Z,83
1869484,Border,SUB URBAN AMRITSAR,MEDICAL ENCLAVE,Unplanned,Closed,2026-06-04T09:03:00Z,2026-06-04T10:50:00Z,107
1869474,Border,GURDASPUR,Pangoli,Unplanned,Closed,2026-06-04T09:01:00Z,2026-06-04T09:45:00Z,44
1869217,South,PATIALA,Nizamniwala,Planned,Closed,2026-06-04T09:00:31Z,2026-06-04T11:55:31Z,175
1869216,South,PATIALA,11 KV RANDHAWA,Planned,Closed,2026-06-04T09:00:31Z,2026-06-04T11:55:31Z,175
1869215,South,PATIALA,Substation T/F Randhawa,Planned,Closed,2026-06-04T09:00:31Z,2026-06-04T11:55:31Z,175
1869214,South,PATIALA,11 KV RamNagar UPS,Planned,Closed,2026-06-04T09:00:31Z,2026-06-04T11:55:31Z,175
1869471,North,KAPURTHALA,11kv urban  Industrial,Unplanned,Closed,2026-06-04T09:00:00Z,2026-06-04T10:05:00Z,65
1869338,South,BARNALA,BMC,Planned,Closed,2026-06-04T09:00:00Z,2026-06-04T13:05:00Z,245
1869337,South,BARNALA,GEETA THREADS,Planned,Closed,2026-06-04T09:00:00Z,2026-06-04T13:30:00Z,270
1869336,South,BARNALA,HG Eaton Plaza,Planned,Closed,2026-06-04T09:00:00Z,2026-06-04T13:05:00Z,245
1869470,North,JALANDHAR,GARHA,Unplanned,Closed,2026-06-04T08:57:00Z,2026-06-04T09:53:00Z,56
1869473,West,FARIDKOT,11 KV BUTTAR,Unplanned,Closed,2026-06-04T08:55:00Z,2026-06-04T09:35:00Z,40
1869472,West,FARIDKOT,JANDSAHIB UPS,Unplanned,Closed,2026-06-04T08:50:00Z,2026-06-04T09:29:00Z,39
1869468,South,SANGRUR,11 KV HEERO KALAN UPS,Unplanned,Closed,2026-06-04T08:49:00Z,2026-06-04T09:40:00Z,51
1869469,Border,TARN TARAN,PANDORI SIDHWAN,Unplanned,Closed,2026-06-04T08:43:59Z,2026-06-04T09:45:04Z,61
1869467,Border,GURDASPUR,METLE,Unplanned,Closed,2026-06-04T08:43:00Z,2026-06-04T10:31:00Z,108
1869466,North,NAWANSHAHR,Kang Arayian,Unplanned,Closed,2026-06-04T08:43:00Z,2026-06-04T09:13:00Z,30
1869465,East,ROPAR,DARPAN,Unplanned,Closed,2026-06-04T08:40:00Z,2026-06-04T10:35:00Z,115
1869464,West,FARIDKOT,MEHMOANA UPS,Unplanned,Closed,2026-06-04T08:40:00Z,2026-06-04T09:58:00Z,78
1869463,North,HOSHIARPUR,Bihala,Unplanned,Closed,2026-06-04T08:40:00Z,2026-06-04T09:15:00Z,35
1869461,West,FARIDKOT,DAMU SHAH,Unplanned,Closed,2026-06-04T08:31:52Z,2026-06-04T09:16:41Z,44
1869462,North,KAPURTHALA,UPS Sangowal Bet,Unplanned,Closed,2026-06-04T08:30:00Z,2026-06-04T09:00:00Z,30
1869459,East,MOHALI,11KV BARI AP,Unplanned,Closed,2026-06-04T08:19:00Z,2026-06-04T08:55:41Z,36
1869455,North,HOSHIARPUR,11 KV ARMY GROUND,Unplanned,Closed,2026-06-04T08:15:00Z,2026-06-04T08:55:00Z,40
1869451,West,FARIDKOT,11 KV GHOLIA KHURD-R,Unplanned,Closed,2026-06-04T08:12:51Z,2026-06-04T08:40:02Z,27
1869453,West,FARIDKOT,11 KV KOTHE RAJPOOT,Unplanned,Closed,2026-06-04T08:12:44Z,2026-06-04T08:40:54Z,28
1869452,West,FARIDKOT,11 KV FATEH SINGH,Unplanned,Closed,2026-06-04T08:12:23Z,2026-06-04T08:40:32Z,28
1869450,West,FARIDKOT,11 SODHI NAGAR URBAN,Unplanned,Closed,2026-06-04T08:12:18Z,2026-06-04T09:22:56Z,70
1869454,West,FARIDKOT,CHANNU WALA AP,Unplanned,Closed,2026-06-04T08:12:04Z,2026-06-04T08:40:13Z,28
1869457,North,NAWANSHAHR,Court Complex,Unplanned,Closed,2026-06-04T08:08:00Z,2026-06-04T08:24:00Z,16
1869456,North,NAWANSHAHR,PANYALI,Unplanned,Closed,2026-06-04T08:05:00Z,2026-06-04T08:55:00Z,50
1869475,Central,CITY WEST LUDHIANA,Dandi Swami,Unplanned,Closed,2026-06-04T08:02:20Z,2026-06-04T09:14:09Z,71
1869295,West,FARIDKOT,Kothe Chakk Bhag Singh Wala,Planned,Closed,2026-06-04T08:00:59Z,2026-06-04T11:47:58Z,226
1869294,West,FARIDKOT,BEHBAL-KALAN UPS,Planned,Closed,2026-06-04T08:00:59Z,2026-06-04T11:47:26Z,226
1869293,West,FARIDKOT,SARAWAN URBAN,Planned,Closed,2026-06-04T08:00:59Z,2026-06-04T11:47:42Z,226
1869291,West,FARIDKOT,Bharro-Bhatti,Planned,Closed,2026-06-04T08:00:50Z,2026-06-04T11:47:29Z,226
1869290,West,FARIDKOT,Ramuana UPS,Planned,Closed,2026-06-04T08:00:50Z,2026-06-04T11:47:48Z,226
1869289,West,FARIDKOT,MATTA URBAN,Planned,Closed,2026-06-04T08:00:50Z,2026-06-04T11:47:20Z,226
1869288,West,FARIDKOT,AJIT GILL,Planned,Closed,2026-06-04T08:00:50Z,2026-06-04T11:47:40Z,226
1869305,West,FARIDKOT,Nanaksar UPS,Planned,Closed,2026-06-04T08:00:10Z,2026-06-04T11:47:10Z,227
1869304,West,FARIDKOT,Arvind Nagar Feeder,Planned,Closed,2026-06-04T08:00:10Z,2026-06-04T11:47:43Z,227
1869303,West,FARIDKOT,DHILWAN URBAN,Planned,Closed,2026-06-04T08:00:10Z,2026-06-04T11:47:10Z,227
1869302,West,FARIDKOT,Kataria Rice Mill,Planned,Closed,2026-06-04T08:00:10Z,2026-06-04T11:47:36Z,227
1869458,East,ROPAR,UPS SAHO MAJRA,Unplanned,Closed,2026-06-04T08:00:00Z,2026-06-04T08:15:00Z,15
1869447,Border,CITY AMRITSAR,BHANDARI CHOWK,Unplanned,Closed,2026-06-04T07:59:05Z,2026-06-04T09:00:51Z,61
1869446,West,BATHINDA,INDUSTRIAL COMPLEX,Planned,Closed,2026-06-04T07:52:00Z,2026-06-04T08:44:00Z,52
1869445,South,PATIALA,11 KV UPS 2,Unplanned,Closed,2026-06-04T07:45:00Z,2026-06-04T08:45:32Z,60
1869440,Central,CITY WEST LUDHIANA,PREMIUM COMPLEX,Planned,Closed,2026-06-04T07:45:00Z,2026-06-04T11:30:00Z,225
1869441,North,HOSHIARPUR,KHANPUR,Unplanned,Closed,2026-06-04T07:40:00Z,2026-06-04T09:34:00Z,114
1869460,West,MUKATSAR,KHAPIANWALI,Unplanned,Closed,2026-06-04T07:39:00Z,2026-06-04T09:19:00Z,100
1869444,North,NAWANSHAHR,KAMALPUR,Unplanned,Closed,2026-06-04T07:35:00Z,2026-06-04T08:35:00Z,60
1869443,North,HOSHIARPUR,Chaggran,Unplanned,Closed,2026-06-04T07:35:00Z,2026-06-04T08:15:00Z,40
1869442,East,MOHALI,VINCIT,Unplanned,Closed,2026-06-04T07:32:00Z,2026-06-04T08:08:00Z,36
1869438,West,BATHINDA,KHIALA UPS,Unplanned,Closed,2026-06-04T07:30:00Z,2026-06-04T08:11:04Z,41
1869434,North,JALANDHAR,TOWER ENCLAVE,Unplanned,Closed,2026-06-04T07:27:00Z,2026-06-04T07:50:00Z,23
1869436,West,FARIDKOT,11 KV CHAMB UPS,Unplanned,Closed,2026-06-04T07:25:31Z,2026-06-04T08:53:09Z,87
1869435,West,FARIDKOT,Manjhli UPS,Unplanned,Closed,2026-06-04T07:25:31Z,2026-06-04T08:53:20Z,87
1869433,West,FARIDKOT,Chodhri wala UPS,Unplanned,Closed,2026-06-04T07:25:31Z,2026-06-04T08:53:48Z,88
1869432,West,FARIDKOT,CHAK SINGH PURA,Unplanned,Closed,2026-06-04T07:25:31Z,2026-06-04T08:53:40Z,88
1869431,West,FARIDKOT,BHOIPUR UPS,Unplanned,Closed,2026-06-04T07:25:31Z,2026-06-04T08:53:29Z,87
1869439,West,FARIDKOT,Siriewala UPS,Unplanned,Closed,2026-06-04T07:24:34Z,2026-06-04T07:46:50Z,22
1869437,North,KAPURTHALA,UPS DALLA,Unplanned,Closed,2026-06-04T07:20:00Z,2026-06-04T07:50:00Z,30
1869427,Central,KHANNA,Khanna feeder,Unplanned,Closed,2026-06-04T07:16:00Z,2026-06-04T07:55:00Z,39
1869429,Border,TARN TARAN,URBAN WADDI MANDI PATTI,Unplanned,Closed,2026-06-04T07:15:00Z,2026-06-04T08:30:00Z,75
1869425,Central,CITY EAST LUDHIANA,BHADOUR HOUSE,Unplanned,Closed,2026-06-04T07:13:00Z,2026-06-04T08:02:00Z,49
1869428,Border,TARN TARAN,KOCHAR,Unplanned,Closed,2026-06-04T07:10:00Z,2026-06-04T10:20:00Z,190
1869430,East,MOHALI,11KV Sector 101,Unplanned,Closed,2026-06-04T07:05:00Z,2026-06-04T08:55:36Z,110
1869426,South,PATIALA,SULAR,Unplanned,Closed,2026-06-04T07:05:00Z,2026-06-04T07:30:26Z,25
1869422,South,SANGRUR,CITY-4 NEW,Unplanned,Closed,2026-06-04T07:05:00Z,2026-06-04T08:35:00Z,90
1869420,South,SANGRUR,JYOTISAR,Unplanned,Closed,2026-06-04T07:04:00Z,2026-06-04T08:30:00Z,86
1869424,Border,TARN TARAN,11 KV Industrial Feeder,Unplanned,Closed,2026-06-04T07:01:00Z,2026-06-04T07:50:00Z,49
1869421,East,ROPAR,Palmajra,Unplanned,Closed,2026-06-04T07:00:00Z,2026-06-04T08:16:00Z,76
1869415,West,FARIDKOT,JAITO CITY,Unplanned,Closed,2026-06-04T06:58:43Z,2026-06-04T08:10:45Z,72
1869416,East,MOHALI,11KV Sector 101,Unplanned,Closed,2026-06-04T06:55:00Z,2026-06-04T07:00:19Z,5
1869419,North,NAWANSHAHR,Achan Chak,Unplanned,Closed,2026-06-04T06:50:00Z,2026-06-04T07:20:00Z,30
1869418,West,FARIDKOT,11 KV KOTKAPURA ROAD,Unplanned,Closed,2026-06-04T06:50:00Z,2026-06-04T08:16:00Z,86
1869417,West,FARIDKOT,11 KV BAGHAPURANA URBAN CAT-01,Unplanned,Closed,2026-06-04T06:50:00Z,2026-06-04T08:16:00Z,86
1869423,East,ROPAR,BAINS,Unplanned,Closed,2026-06-04T06:49:00Z,2026-06-04T08:20:00Z,91
1869413,Central,CITY EAST LUDHIANA,Chand Cinema,Unplanned,Closed,2026-06-04T06:26:00Z,2026-06-04T07:25:00Z,59
1869414,Border,SUB URBAN AMRITSAR,Gehri,Unplanned,Closed,2026-06-04T06:25:00Z,2026-06-04T07:20:00Z,55
1869412,West,BATHINDA,MILK PLANT,Planned,Closed,2026-06-04T06:23:45Z,2026-06-04T08:11:02Z,107
1869411,West,BATHINDA,KARGIL,Planned,Closed,2026-06-04T06:23:45Z,2026-06-04T08:10:17Z,106
1869410,West,BATHINDA,AMARPURA,Planned,Closed,2026-06-04T06:23:45Z,2026-06-04T08:10:45Z,107
1869409,West,BATHINDA,FOCAL POINT,Planned,Closed,2026-06-04T06:23:45Z,2026-06-04T08:10:16Z,106
1869408,West,BATHINDA,DUBWALI ROAD,Planned,Closed,2026-06-04T06:23:45Z,2026-06-04T08:10:17Z,106
1869407,West,BATHINDA,11 KV DEEP SINGH NAGAR,Planned,Closed,2026-06-04T06:23:45Z,2026-06-04T08:10:47Z,107
1869406,West,BATHINDA,Industrial,Planned,Closed,2026-06-04T06:23:45Z,2026-06-04T08:15:40Z,111
1869405,West,BATHINDA,Jassi Road,Planned,Closed,2026-06-04T06:23:45Z,2026-06-04T08:10:15Z,106
1869404,West,BATHINDA,ENGG. COLLEGE,Planned,Closed,2026-06-04T06:23:45Z,2026-06-04T08:11:15Z,107
1869403,West,BATHINDA,11 KV House Fed,Planned,Closed,2026-06-04T06:23:45Z,2026-06-04T08:10:30Z,106
1869402,Central,CITY WEST LUDHIANA,MODEL GRAM,Unplanned,Closed,2026-06-04T06:12:00Z,2026-06-04T06:46:59Z,34
1869400,East,MOHALI,11KV I-BLOCK,Unplanned,Closed,2026-06-04T06:04:00Z,2026-06-04T06:23:00Z,19
1869395,North,HOSHIARPUR,MANA,Unplanned,Closed,2026-06-04T05:58:00Z,2026-06-04T06:35:39Z,37
1869394,North,HOSHIARPUR,MUKHLANA,Unplanned,Closed,2026-06-04T05:58:00Z,2026-06-04T07:45:00Z,107
1869396,West,MUKATSAR,11 KV Bhagsar UPS,Unplanned,Closed,2026-06-04T05:55:22Z,2026-06-04T06:43:00Z,47
1869399,West,MUKATSAR,11 KV GADDAN DOB,Unplanned,Closed,2026-06-04T05:51:00Z,2026-06-04T06:08:00Z,17
1869398,West,MUKATSAR,11 KV TAJA PATTI,Unplanned,Closed,2026-06-04T05:51:00Z,2026-06-04T06:08:00Z,17
1869397,West,MUKATSAR,11 KV RATTA TIBBA,Unplanned,Closed,2026-06-04T05:51:00Z,2026-06-04T06:08:00Z,17
1869401,Border,CITY AMRITSAR,11kV Gaushala Focal Point,Unplanned,Closed,2026-06-04T05:50:00Z,2026-06-04T06:24:00Z,34
1869393,North,HOSHIARPUR,KALA BAKRA shared feeder,Unplanned,Closed,2026-06-04T05:35:00Z,2026-06-04T06:30:00Z,55
1869392,North,NAWANSHAHR,KANGNA,Unplanned,Closed,2026-06-04T05:35:00Z,2026-06-04T05:55:00Z,20
1869389,West,FEROZPUR,COURT FEEDER,Unplanned,Closed,2026-06-04T05:24:00Z,2026-06-04T07:00:00Z,96
1869391,West,FARIDKOT,BADHNI KALAN,Unplanned,Closed,2026-06-04T05:23:00Z,2026-06-04T07:05:00Z,102
1869390,West,MUKATSAR,Kala Mehar UPS,Unplanned,Closed,2026-06-04T05:20:00Z,2026-06-04T06:35:00Z,75
1869387,West,FARIDKOT,11 KV Fakkar Hamu Shah,Unplanned,Closed,2026-06-04T05:16:00Z,2026-06-04T06:02:00Z,46
1869388,West,FEROZPUR,11 KV RAO KE,Unplanned,Closed,2026-06-04T05:15:00Z,2026-06-04T07:00:00Z,105
1869386,Central,CITY WEST LUDHIANA,EXTENSION,Unplanned,Closed,2026-06-04T05:12:46Z,2026-06-04T05:39:21Z,26
1869385,Central,CITY WEST LUDHIANA,JAMMU COLONY,Unplanned,Closed,2026-06-04T05:10:50Z,2026-06-04T05:15:42Z,4
1869384,West,FARIDKOT,Industrial,Unplanned,Closed,2026-06-04T04:15:00Z,2026-06-04T04:50:41Z,35
1869383,East,ROPAR,Bassi,Unplanned,Closed,2026-06-04T04:15:00Z,2026-06-04T04:35:47Z,20
1871723,West,MUKATSAR,Nand Garh,Unplanned,Closed,2026-06-04T04:10:21Z,2026-06-04T05:53:39Z,103
1871722,West,MUKATSAR,Lakhewali(Urban),Unplanned,Closed,2026-06-04T04:10:21Z,2026-06-04T05:53:39Z,103
1869795,East,MOHALI,scada-1,Unplanned,Closed,2026-06-04T03:35:00Z,2026-06-04T05:31:00Z,116
1869382,Border,GURDASPUR,TRUCK UNION,Unplanned,Closed,2026-06-04T03:15:00Z,2026-06-04T04:05:00Z,50
1869701,West,FARIDKOT,11 KV PANJ-PEERI-UPS,Unplanned,Closed,2026-06-04T03:00:00Z,2026-06-04T03:10:14Z,10
1869380,East,Zirakpur,ASSTHA,Planned,Closed,2026-06-04T02:57:00Z,2026-06-04T03:58:00Z,61
1869381,South,PATIALA,DARSHANI GATE,Unplanned,Closed,2026-06-04T02:54:00Z,2026-06-04T03:45:04Z,51
1869379,South,SANGRUR,A P Solvex,Unplanned,Closed,2026-06-04T02:50:00Z,2026-06-04T04:15:00Z,85
1869377,West,MUKATSAR,11 Kv Kaniawali,Unplanned,Closed,2026-06-04T02:29:00Z,2026-06-04T03:02:00Z,33
1869378,Border,GURDASPUR,Longowal,Unplanned,Closed,2026-06-04T02:15:00Z,2026-06-04T05:13:00Z,178
1869376,Border,CITY AMRITSAR,Dilbagh Nagar,Unplanned,Closed,2026-06-04T02:05:00Z,2026-06-04T02:35:00Z,30
1869372,East,Zirakpur,SINGHPURA,Unplanned,Closed,2026-06-04T01:42:00Z,2026-06-04T02:33:00Z,51
1869375,West,FEROZPUR,11 KV Gehri UPS,Unplanned,Closed,2026-06-04T01:40:00Z,2026-06-04T03:00:00Z,80
1869373,North,JALANDHAR,ADAMPUR,Unplanned,Closed,2026-06-04T01:35:00Z,2026-06-04T02:10:00Z,35
1869374,East,Zirakpur,EKTA VIHAR,Planned,Closed,2026-06-04T01:32:00Z,2026-06-04T02:20:00Z,48
1869371,East,MOHALI,60-A,Unplanned,Closed,2026-06-04T01:20:00Z,2026-06-04T01:58:00Z,38
1869370,East,MOHALI,11 KV Sec-69-A,Unplanned,Closed,2026-06-04T00:55:00Z,2026-06-04T01:06:00Z,11
1869369,North,NAWANSHAHR,SUDHA MAJRA,Unplanned,Closed,2026-06-04T00:50:00Z,2026-06-04T01:30:00Z,40
1869367,West,MUKATSAR,MUKT-E-MINAR,Unplanned,Closed,2026-06-04T00:45:00Z,2026-06-04T01:40:00Z,55
1869368,Border,CITY AMRITSAR,BHANDARI CHOWK,Unplanned,Closed,2026-06-04T00:40:00Z,2026-06-04T02:25:00Z,105
1869366,West,FARIDKOT,11 KV GURU ANGAD DEV G UPS,Unplanned,Closed,2026-06-04T00:25:09Z,2026-06-04T01:40:30Z,75
1871663,East,MOHALI,SEC 63,Unplanned,Closed,2026-06-04T00:25:00Z,2026-06-04T00:32:00Z,7
1869365,South,PATIALA,UPS CHAMARU,Unplanned,Closed,2026-06-04T00:25:00Z,2026-06-04T06:01:00Z,336
1869364,East,Zirakpur,EKTA VIHAR,Planned,Closed,2026-06-04T00:20:00Z,2026-06-04T00:35:00Z,15
1869363,South,SANGRUR,CITY-5,Unplanned,Closed,2026-06-04T00:13:00Z,2026-06-04T00:25:00Z,12
1869361,East,MOHALI,60-A,Unplanned,Closed,2026-06-04T00:02:27Z,2026-06-04T00:15:13Z,12
1869362,North,JALANDHAR,11KV LAXMI PURA,Unplanned,Closed,2026-06-03T23:58:00Z,2026-06-04T00:12:00Z,14
1869359,North,NAWANSHAHR,UPS No. 1,Unplanned,Closed,2026-06-03T23:45:00Z,2026-06-04T00:20:00Z,35
1869360,Central,SUB URBAN LUDHIANA,CITY-5,Unplanned,Closed,2026-06-03T23:42:00Z,2026-06-04T00:45:00Z,63
1869358,West,FEROZPUR,COURT FEEDER,Unplanned,Closed,2026-06-03T23:33:00Z,2026-06-04T01:27:00Z,114
1869357,West,MUKATSAR,HARIKE KALAN UPS,Unplanned,Closed,2026-06-03T23:30:00Z,2026-06-04T00:20:00Z,50
1869355,Central,CITY EAST LUDHIANA,DHAHA,Unplanned,Closed,2026-06-03T23:20:18Z,2026-06-04T00:38:26Z,78
1869339,Central,CITY WEST LUDHIANA,MEHMOODPURA,Unplanned,Closed,2026-06-03T23:14:43Z,2026-06-04T00:16:46Z,62
1869354,Border,GURDASPUR,Kahnuwan City,Unplanned,Closed,2026-06-03T23:10:00Z,2026-06-03T23:52:00Z,42
1869341,North,HOSHIARPUR,MUKERIAN,Unplanned,Closed,2026-06-03T23:10:00Z,2026-06-03T23:35:00Z,25
1869335,Central,KHANNA,URBAN,Unplanned,Closed,2026-06-03T23:08:00Z,2026-06-04T00:23:00Z,75
1869340,Border,GURDASPUR,Saidpur,Unplanned,Closed,2026-06-03T23:02:00Z,2026-06-04T05:03:00Z,361
1869350,South,PATIALA,UPS BHAGORA,Unplanned,Closed,2026-06-03T23:01:37Z,2026-06-03T23:40:37Z,39
1869349,South,PATIALA,GHANAUR,Unplanned,Closed,2026-06-03T23:01:37Z,2026-06-03T23:40:37Z,39
1869348,South,PATIALA,UPS MARU,Unplanned,Closed,2026-06-03T23:01:37Z,2026-06-03T23:40:37Z,39
1869347,South,PATIALA,11 KV Amara Breweries,Unplanned,Closed,2026-06-03T23:01:37Z,2026-06-03T23:40:37Z,39
1869346,South,PATIALA,Hospital feeder,Unplanned,Closed,2026-06-03T23:01:37Z,2026-06-03T23:40:37Z,39
1869345,South,PATIALA,SUB STATION GHANOUR,Unplanned,Closed,2026-06-03T23:01:37Z,2026-06-03T23:40:37Z,39
1869344,South,PATIALA,UPS RURKI,Unplanned,Closed,2026-06-03T23:01:37Z,2026-06-03T23:40:37Z,39
1869343,South,PATIALA,SOGALPUR UPS,Unplanned,Closed,2026-06-03T23:01:37Z,2026-06-03T23:40:37Z,39
1869342,South,PATIALA,UPS CHAMARU,Unplanned,Closed,2026-06-03T23:01:37Z,2026-06-03T23:40:37Z,39
1869353,South,PATIALA,11KV SAMASHPUR UPS,Unplanned,Closed,2026-06-03T23:01:32Z,2026-06-03T23:40:32Z,39
1869352,South,PATIALA,JAMITGARH UPS,Unplanned,Closed,2026-06-03T23:01:32Z,2026-06-03T23:40:32Z,39
1869351,South,PATIALA,LOHSIMBLI (LOHSIMBLI),Unplanned,Closed,2026-06-03T23:01:32Z,2026-06-03T23:40:32Z,39
1869356,Central,CITY EAST LUDHIANA,COMPANY BAGH,Unplanned,Closed,2026-06-03T23:00:00Z,2026-06-03T23:59:00Z,59
1869334,East,MOHALI,Sec 70-c,Unplanned,Closed,2026-06-03T22:57:00Z,2026-06-03T23:10:00Z,13
1869327,West,FARIDKOT,BUDH RAM URBAN,Unplanned,Closed,2026-06-03T22:47:49Z,2026-06-04T01:38:49Z,171
1869326,West,FARIDKOT,BABA MANGAL SINGHUPS (BUGHIPURA),Unplanned,Closed,2026-06-03T22:47:49Z,2026-06-04T01:38:49Z,171
1869325,West,FARIDKOT,FOCAL POINT,Unplanned,Closed,2026-06-03T22:47:49Z,2026-06-04T01:39:49Z,172
1869324,West,FARIDKOT,KANER,Unplanned,Closed,2026-06-03T22:47:49Z,2026-06-04T01:41:49Z,174
1869323,West,FARIDKOT,PREM NAGAR,Unplanned,Closed,2026-06-03T22:47:49Z,2026-06-04T01:42:49Z,175
1869322,West,FARIDKOT,Sai Dham,Unplanned,Closed,2026-06-03T22:47:49Z,2026-06-04T01:42:49Z,175
1869321,West,FARIDKOT,SARDAR NAGAR,Unplanned,Closed,2026-06-03T22:47:49Z,2026-06-04T01:42:49Z,175
1869320,West,FARIDKOT,Ram ganz,Unplanned,Closed,2026-06-03T22:47:49Z,2026-06-04T01:48:49Z,181
1869319,West,FARIDKOT,KOTKAPURA ROAD,Unplanned,Closed,2026-06-03T22:41:04Z,2026-06-03T23:08:12Z,27
1869333,Border,GURDASPUR,PASSNAWAL,Unplanned,Closed,2026-06-03T22:40:00Z,2026-06-03T22:58:00Z,18
1869318,East,Zirakpur,PEER MUCHHALA,Unplanned,Closed,2026-06-03T22:39:00Z,2026-06-03T23:38:00Z,59
1869317,North,JALANDHAR,CHURCH,Unplanned,Closed,2026-06-03T22:35:00Z,2026-06-03T23:10:00Z,35
1869332,West,FARIDKOT,MEHNA UPS,Unplanned,Closed,2026-06-03T22:26:00Z,2026-06-04T01:28:00Z,182
1869331,West,FARIDKOT,TAKHANWADH,Unplanned,Closed,2026-06-03T22:26:00Z,2026-06-04T01:28:00Z,182
1869330,West,FARIDKOT,MOGA ROAD UPS,Unplanned,Closed,2026-06-03T22:26:00Z,2026-06-04T01:28:00Z,182
1869329,West,FARIDKOT,SHAHEED BHAGAT SINGH NAGAR,Unplanned,Closed,2026-06-03T22:26:00Z,2026-06-04T01:28:00Z,182
1869328,West,FARIDKOT,ITI,Unplanned,Closed,2026-06-03T22:26:00Z,2026-06-04T01:28:00Z,182
1869316,South,PATIALA,ANAAJ MANDI,Unplanned,Closed,2026-06-03T22:25:00Z,2026-06-03T22:55:00Z,30
1869314,West,FARIDKOT,11 KV BUTTAR,Unplanned,Closed,2026-06-03T22:15:00Z,2026-06-03T23:02:19Z,47
1869308,Central,CITY WEST LUDHIANA,METRO FEEDER,Unplanned,Closed,2026-06-03T22:07:08Z,2026-06-03T23:50:38Z,103
1869315,North,KAPURTHALA,DAINWIND (UPS),Unplanned,Closed,2026-06-03T22:05:00Z,2026-06-03T22:45:00Z,40
1869312,Central,CITY EAST LUDHIANA,H.M,Unplanned,Closed,2026-06-03T22:00:00Z,2026-06-03T23:27:13Z,87
1869310,West,BATHINDA,Amardas Nagar,Unplanned,Closed,2026-06-03T22:00:00Z,2026-06-04T00:05:00Z,125
1869307,North,JALANDHAR,GUDAIPUR,Unplanned,Closed,2026-06-03T21:58:00Z,2026-06-03T22:17:00Z,19
1869306,North,NAWANSHAHR,11KV GHATARON,Unplanned,Closed,2026-06-03T21:50:00Z,2026-06-03T22:55:00Z,65
1869301,North,NAWANSHAHR,BHADDI URBAN,Unplanned,Closed,2026-06-03T21:50:00Z,2026-06-03T23:18:00Z,88
1869298,West,FARIDKOT,DOGAR BASTI,Unplanned,Closed,2026-06-03T21:45:32Z,2026-06-03T22:39:36Z,54
1869313,Central,CITY WEST LUDHIANA,Maharaj Nagar,Unplanned,Closed,2026-06-03T21:45:00Z,2026-06-03T22:29:00Z,44
1869311,Central,CITY WEST LUDHIANA,Dandi Swami,Unplanned,Closed,2026-06-03T21:45:00Z,2026-06-03T22:39:00Z,54
1869300,South,PATIALA,TDI,Unplanned,Closed,2026-06-03T21:42:00Z,2026-06-03T22:52:00Z,70
1869309,Border,GURDASPUR,Shahpur Jajan 24Hrs,Unplanned,Closed,2026-06-03T21:15:00Z,2026-06-03T22:10:00Z,55
1869283,North,JALANDHAR,SHANKAR,Unplanned,Closed,2026-06-03T21:07:00Z,2026-06-03T21:31:00Z,24
1869285,South,SANGRUR,NANKIANA SAHIB,Unplanned,Closed,2026-06-03T21:02:00Z,2026-06-03T21:20:00Z,18
1869282,North,NAWANSHAHR,AUR,Unplanned,Closed,2026-06-03T21:00:00Z,2026-06-03T21:10:00Z,10
1869281,North,NAWANSHAHR,KHOJA,Unplanned,Closed,2026-06-03T21:00:00Z,2026-06-03T21:10:00Z,10
1869276,North,JALANDHAR,CHANDERSEN,Unplanned,Closed,2026-06-03T20:56:00Z,2026-06-03T21:37:00Z,41
1869274,North,JALANDHAR,King city,Unplanned,Closed,2026-06-03T20:56:00Z,2026-06-03T21:37:00Z,41
1869275,Central,CITY WEST LUDHIANA,jawahar nagar,Unplanned,Closed,2026-06-03T20:55:43Z,2026-06-04T01:17:00Z,261
1869273,East,Zirakpur,PREET COLONY,Planned,Closed,2026-06-03T20:50:00Z,2026-06-03T21:05:00Z,15
1869272,West,MUKATSAR,KRISHNA NAGRI,Unplanned,Closed,2026-06-03T20:49:00Z,2026-06-03T21:33:00Z,44
1869271,West,MUKATSAR,11 KV Circular Road,Unplanned,Closed,2026-06-03T20:49:00Z,2026-06-03T21:33:00Z,44
1869279,South,BARNALA,Kattu CAT-I,Unplanned,Closed,2026-06-03T20:45:00Z,2026-06-03T21:15:00Z,30
1869280,South,BARNALA,Sehjra UPS,Unplanned,Closed,2026-06-03T20:44:00Z,2026-06-03T22:07:00Z,83
1869278,North,KAPURTHALA,URBAN Dhakni Gate,Unplanned,Closed,2026-06-03T20:40:00Z,2026-06-03T21:45:00Z,65
1869270,South,SANGRUR,Gurdaspura,Unplanned,Closed,2026-06-03T20:30:00Z,2026-06-03T21:00:00Z,30
1869269,North,KAPURTHALA,URBAN CITY,Unplanned,Closed,2026-06-03T20:30:00Z,2026-06-03T20:51:00Z,21
1869268,Central,CITY EAST LUDHIANA,GOVIND NAGAR,Unplanned,Closed,2026-06-03T20:22:46Z,2026-06-03T21:16:04Z,53
1869267,West,FARIDKOT,KANER,Unplanned,Closed,2026-06-03T20:15:59Z,2026-06-03T21:00:46Z,44
1869266,North,JALANDHAR,11KV GTB NAGAR,Unplanned,Closed,2026-06-03T20:15:00Z,2026-06-03T20:25:00Z,10
1869261,West,FARIDKOT,11 kV SANGATPURA-R,Unplanned,Closed,2026-06-03T20:04:58Z,2026-06-03T20:23:08Z,18
1869262,West,FARIDKOT,11 KV FATEH SINGH,Unplanned,Closed,2026-06-03T20:04:17Z,2026-06-03T20:23:26Z,19
1869260,West,FARIDKOT,11 KV PANDORI GATE URBAN,Unplanned,Closed,2026-06-03T20:00:21Z,2026-06-03T20:15:13Z,14
1869263,West,MUKATSAR,INDRA NAGRI,Unplanned,Closed,2026-06-03T19:58:00Z,2026-06-03T21:33:00Z,95
1869259,North,NAWANSHAHR,11KV GUJJARPUR,Unplanned,Closed,2026-06-03T19:55:00Z,2026-06-03T20:15:00Z,20
1869264,West,BATHINDA,11 KV KOT LALLU,Unplanned,Closed,2026-06-03T19:52:00Z,2026-06-03T21:58:33Z,126
1869256,North,JALANDHAR,BASTI DANISJMANDA,Unplanned,Closed,2026-06-03T19:46:00Z,2026-06-03T20:00:00Z,14
1869258,West,FARIDKOT,KOTKAPURA ROAD,Unplanned,Closed,2026-06-03T19:45:16Z,2026-06-03T21:44:01Z,118
1869257,East,Zirakpur,BEGAMPURA,Unplanned,Closed,2026-06-03T19:43:00Z,2026-06-03T20:35:00Z,52
1869255,East,Zirakpur,JAGAN TUBE,Unplanned,Closed,2026-06-03T19:41:00Z,2026-06-03T20:14:00Z,33
1869254,Border,SUB URBAN AMRITSAR,GUJJAPEER,Unplanned,Closed,2026-06-03T19:40:00Z,2026-06-03T20:15:00Z,35
1869253,North,HOSHIARPUR,11 KV Shri Guru Nanak Nagar,Unplanned,Closed,2026-06-03T19:25:00Z,2026-06-03T20:10:00Z,45
1869252,Border,GURDASPUR,Behrian,Unplanned,Closed,2026-06-03T19:19:00Z,2026-06-03T19:41:00Z,22
1869251,North,HOSHIARPUR,KHIZARPUR,Unplanned,Closed,2026-06-03T19:05:00Z,2026-06-03T19:20:00Z,15
1869250,North,NAWANSHAHR,BHAJJAL,Unplanned,Closed,2026-06-03T19:04:00Z,2026-06-03T19:48:00Z,44
1869248,West,FARIDKOT,Kothe Warring (Samgh),Unplanned,Closed,2026-06-03T18:52:54Z,2026-06-03T19:07:27Z,14
1869249,Border,SUB URBAN AMRITSAR,RAJASANSI/HC,Unplanned,Closed,2026-06-03T18:50:00Z,2026-06-03T19:50:00Z,60
1869246,East,ROPAR,ABIANA,Unplanned,Closed,2026-06-03T18:42:00Z,2026-06-03T18:57:00Z,15
1869247,Border,GURDASPUR,Basoli,Unplanned,Closed,2026-06-03T18:40:00Z,2026-06-03T19:10:00Z,30
1869241,West,FARIDKOT,SAHIBZADA AJIT SINGH NAGAR,Unplanned,Closed,2026-06-03T18:30:00Z,2026-06-03T18:50:00Z,20
1869240,South,PATIALA,UPS Gharam,Unplanned,Closed,2026-06-03T18:30:00Z,2026-06-03T18:45:00Z,15
1869239,East,Zirakpur,KHANNA,Planned,Closed,2026-06-03T18:22:00Z,2026-06-03T18:52:00Z,30
1869238,East,Zirakpur,PEER MUCHHALA,Planned,Closed,2026-06-03T18:22:00Z,2026-06-03T18:52:00Z,30
1869237,East,Zirakpur,11KV Dream Home,Planned,Closed,2026-06-03T18:22:00Z,2026-06-03T18:52:00Z,30
1869233,East,Zirakpur,ASSTHA,Planned,Closed,2026-06-03T18:22:00Z,2026-06-03T19:22:00Z,60
1869232,East,Zirakpur,11 KV AMBALA ROAD,Planned,Closed,2026-06-03T18:22:00Z,2026-06-03T19:22:00Z,60
1869235,West,FARIDKOT,GUMTI KHURD UPS,Unplanned,Closed,2026-06-03T18:21:00Z,2026-06-03T18:48:55Z,27
1869234,West,FARIDKOT,BATHINDA ROAD,Unplanned,Closed,2026-06-03T18:21:00Z,2026-06-03T18:48:30Z,27
1869230,North,HOSHIARPUR,KOLYA,Unplanned,Closed,2026-06-03T18:15:00Z,2026-06-03T18:35:00Z,20
1869229,North,KAPURTHALA,UPS MODEL TOWN,Unplanned,Closed,2026-06-03T18:12:00Z,2026-06-03T18:35:00Z,23
1869225,East,Zirakpur,Jalalpur Kandi Pure AP,Unplanned,Closed,2026-06-03T18:12:00Z,2026-06-03T18:32:00Z,20
1869236,West,FARIDKOT,11 KV SMALSAR CAT-01,Unplanned,Closed,2026-06-03T18:10:00Z,2026-06-03T18:28:00Z,18
1869231,West,BATHINDA,UPS-I,Unplanned,Closed,2026-06-03T18:10:00Z,2026-06-03T19:30:33Z,80
1869218,West,MUKATSAR,11 KV Dharampura,Unplanned,Closed,2026-06-03T18:06:00Z,2026-06-03T19:51:08Z,105
1869228,Border,GURDASPUR,Shahpur Jajan 24Hrs,Unplanned,Closed,2026-06-03T18:05:00Z,2026-06-03T19:20:00Z,75
1869223,Central,KHANNA,GTB Nagar,Unplanned,Closed,2026-06-03T18:05:00Z,2026-06-03T18:40:00Z,35
1869220,Central,KHANNA,Nandi Colony,Unplanned,Closed,2026-06-03T18:05:00Z,2026-06-03T18:08:00Z,3
1869221,East,Zirakpur,Jaskaran,Planned,Closed,2026-06-03T18:04:00Z,2026-06-03T18:24:00Z,20
1869222,East,ROPAR,Rangeel Pur,Unplanned,Closed,2026-06-03T18:03:00Z,2026-06-03T18:55:00Z,52
1869213,East,Zirakpur,ALASKA FABTECH,Unplanned,Closed,2026-06-03T18:00:51Z,2026-06-03T18:30:02Z,29
1869212,East,Zirakpur,ALASKA FABTECH,Unplanned,Closed,2026-06-03T18:00:51Z,2026-06-03T18:30:02Z,29
1869211,East,Zirakpur,ALASKA FABTECH,Unplanned,Closed,2026-06-03T18:00:51Z,2026-06-03T18:30:02Z,29
1869210,East,Zirakpur,ALASKA FABTECH,Unplanned,Closed,2026-06-03T18:00:51Z,2026-06-03T18:30:02Z,29
1869209,Central,CITY EAST LUDHIANA,KOTWALI,Unplanned,Closed,2026-06-03T18:00:00Z,2026-06-03T18:39:00Z,39
1869226,Border,GURDASPUR,11 K.V UPS Balwanda,Unplanned,Closed,2026-06-03T17:58:00Z,2026-06-03T18:25:00Z,27
1869219,East,Zirakpur,RANBAXY,Unplanned,Closed,2026-06-03T17:56:00Z,2026-06-03T18:07:00Z,11
1869200,Central,CITY EAST LUDHIANA,MAHAVIR COMPLEX,Unplanned,Closed,2026-06-03T17:54:57Z,2026-06-03T18:20:19Z,25
1869199,Central,CITY EAST LUDHIANA,LOVELY DYEING,Unplanned,Closed,2026-06-03T17:54:57Z,2026-06-03T18:27:16Z,32
1869224,South,SANGRUR,Kaloudi,Unplanned,Closed,2026-06-03T17:54:00Z,2026-06-03T18:42:00Z,48
1869207,South,BARNALA,RADAR CAT-4,Planned,Closed,2026-06-03T17:50:20Z,2026-06-03T19:55:20Z,125
1869206,South,BARNALA,Ram Rajia,Planned,Closed,2026-06-03T17:50:20Z,2026-06-03T19:55:20Z,125
1869205,South,BARNALA,Chaunke UPS,Planned,Closed,2026-06-03T17:50:20Z,2026-06-03T19:55:20Z,125
1869204,South,BARNALA,THIKRIWALA CITY,Planned,Closed,2026-06-03T17:50:20Z,2026-06-03T19:55:20Z,125
1869203,South,BARNALA,B L CASTING VILL AMALA SINGH,Planned,Closed,2026-06-03T17:50:20Z,2026-06-03T19:55:20Z,125
1869202,South,BARNALA,KALA MEHAL,Planned,Closed,2026-06-03T17:50:20Z,2026-06-03T19:55:20Z,125
1869201,South,PATIALA,UPS 3-Wire Shambhu,Unplanned,Closed,2026-06-03T17:50:00Z,2026-06-03T18:05:00Z,15
1869196,North,NAWANSHAHR,11 KV Buthgarh,Unplanned,Closed,2026-06-03T17:48:00Z,2026-06-03T18:20:00Z,32
1869227,West,BATHINDA,SANGAT,Unplanned,Closed,2026-06-03T17:45:00Z,2026-06-03T18:45:25Z,60
1869195,South,PATIALA,Bharat colony,Unplanned,Closed,2026-06-03T17:44:00Z,2026-06-03T18:25:00Z,41
1869194,Central,CITY WEST LUDHIANA,LOHARA,Unplanned,Closed,2026-06-03T17:42:59Z,2026-06-03T18:16:43Z,33
1869193,Central,CITY EAST LUDHIANA,SACRED HEART,Unplanned,Closed,2026-06-03T17:40:36Z,2026-06-03T18:09:03Z,28
1869198,West,FARIDKOT,11 KV GANJI GULAB SINGH WALA-,Unplanned,Closed,2026-06-03T17:38:00Z,2026-06-03T18:36:00Z,58
1869191,West,FARIDKOT,AMRITSAR ROAD URBAN,Unplanned,Closed,2026-06-03T17:36:00Z,2026-06-03T18:07:00Z,31
1869192,North,JALANDHAR,11 KV LAW GATE FEEDER,Unplanned,Closed,2026-06-03T17:35:00Z,2026-06-03T18:05:00Z,30
1869190,South,PATIALA,Leela Bhawan,Unplanned,Closed,2026-06-03T17:34:00Z,2026-06-03T18:26:00Z,52
1869197,West,MUKATSAR,11 KV BALLUANA UPS,Unplanned,Closed,2026-06-03T17:33:00Z,2026-06-03T18:11:56Z,38
1869188,East,Zirakpur,MIAN PUR,Unplanned,Closed,2026-06-03T17:32:00Z,2026-06-03T17:40:00Z,8
1869187,West,FARIDKOT,BAJA ROAD,Unplanned,Closed,2026-06-03T17:25:00Z,2026-06-03T17:45:00Z,20
1869186,West,MUKATSAR,Civil Line,Unplanned,Closed,2026-06-03T17:23:00Z,2026-06-03T17:56:00Z,33
1869184,North,JALANDHAR,DARVESH PIND,Unplanned,Closed,2026-06-03T17:17:10Z,2026-06-03T17:44:19Z,27
1869183,North,JALANDHAR,PEER PRANIA FEEDER,Unplanned,Closed,2026-06-03T17:17:00Z,2026-06-03T17:44:00Z,27
1869178,West,BATHINDA,Hazara,Planned,Closed,2026-06-03T17:16:00Z,2026-06-03T18:00:00Z,44
1869177,West,BATHINDA,Sukheana AP,Planned,Closed,2026-06-03T17:16:00Z,2026-06-03T18:00:00Z,44
1869176,Central,CITY WEST LUDHIANA,Sunview Enclave,Unplanned,Closed,2026-06-03T17:14:16Z,2026-06-03T18:00:20Z,46
1869181,West,MUKATSAR,MAUJGARH,Unplanned,Closed,2026-06-03T17:12:58Z,2026-06-03T18:57:07Z,104
1869182,West,MUKATSAR,11 KV Sappan wali,Unplanned,Closed,2026-06-03T17:12:33Z,2026-06-03T18:20:41Z,68
1869180,West,MUKATSAR,DALMIR KHERA,Unplanned,Closed,2026-06-03T17:12:22Z,2026-06-03T18:57:34Z,105
1869173,Central,CITY WEST LUDHIANA,Bains,Unplanned,Closed,2026-06-03T17:11:47Z,2026-06-03T18:00:50Z,49
1869179,West,FARIDKOT,GHONIWALA UPS Cat 5,Unplanned,Closed,2026-06-03T17:10:06Z,2026-06-03T17:18:37Z,8
1869175,North,HOSHIARPUR,DEVIDASS,Unplanned,Closed,2026-06-03T17:10:00Z,2026-06-03T17:40:00Z,30
1869185,East,Zirakpur,SILVERCITY,Planned,Closed,2026-06-03T17:09:00Z,2026-06-03T17:45:00Z,36
1869169,Central,CITY EAST LUDHIANA,LOVELY DYEING,Unplanned,Closed,2026-06-03T17:06:22Z,2026-06-03T17:54:12Z,47
1869170,North,JALANDHAR,NIHAL GARGH,Unplanned,Closed,2026-06-03T17:06:00Z,2026-06-03T17:36:00Z,30
1869174,North,HOSHIARPUR,SUSANA,Unplanned,Closed,2026-06-03T17:05:00Z,2026-06-03T17:50:00Z,45
1869172,West,MUKATSAR,11 KV MALOUT ROAD,Unplanned,Closed,2026-06-03T17:04:00Z,2026-06-03T17:32:00Z,28
1869171,West,MUKATSAR,BAHAVAL BASI,Unplanned,Closed,2026-06-03T17:04:00Z,2026-06-03T18:19:00Z,75
1869166,Central,CITY WEST LUDHIANA,WAHEGURU ROAD,Unplanned,Closed,2026-06-03T17:01:40Z,2026-06-03T17:55:41Z,54
1869162,South,SANGRUR,DIALGARH UPS,Unplanned,Closed,2026-06-03T16:50:00Z,2026-06-03T17:06:00Z,16
1869155,West,MUKATSAR,Fattakera Urban,Unplanned,Closed,2026-06-03T16:50:00Z,2026-06-03T18:25:00Z,95
1869168,South,BARNALA,SHERWANIKOT UPS,Unplanned,Closed,2026-06-03T16:45:00Z,2026-06-03T17:40:00Z,55
1869153,Border,TARN TARAN,KADD GILL UPS,Unplanned,Closed,2026-06-03T16:40:00Z,2026-06-03T17:20:00Z,40
1869167,West,FARIDKOT,11 KV SMALSAR CAT-01,Unplanned,Closed,2026-06-03T16:38:00Z,2026-06-03T17:20:00Z,42
1869147,Central,CITY WEST LUDHIANA,BHAI HIMAT SINGH NAGAR,Unplanned,Closed,2026-06-03T16:37:55Z,2026-06-03T17:29:56Z,52
1869152,Border,GURDASPUR,Basrawan,Unplanned,Closed,2026-06-03T16:35:00Z,2026-06-03T17:20:00Z,45
1869165,West,MUKATSAR,Kala Mehar UPS,Planned,Closed,2026-06-03T16:32:44Z,2026-06-03T17:15:44Z,43
1869164,West,MUKATSAR,Gulabewala,Planned,Closed,2026-06-03T16:32:44Z,2026-06-03T17:15:44Z,43
1869163,West,MUKATSAR,Lambi Dhab,Planned,Closed,2026-06-03T16:32:44Z,2026-06-03T17:15:44Z,43
1869161,West,MUKATSAR,Kotli Road,Planned,Closed,2026-06-03T16:32:26Z,2026-06-03T17:15:26Z,43
1869160,West,MUKATSAR,11KV Disposal,Planned,Closed,2026-06-03T16:32:26Z,2026-06-03T17:15:26Z,43
1869159,West,MUKATSAR,11KV Fattanwala Road.,Planned,Closed,2026-06-03T16:32:26Z,2026-06-03T17:15:26Z,43
1869158,West,MUKATSAR,11KV New Jallalabad Road.,Planned,Closed,2026-06-03T16:32:26Z,2026-06-03T17:15:26Z,43
1869157,West,MUKATSAR,11KV Old Grain Market.,Planned,Closed,2026-06-03T16:32:26Z,2026-06-03T17:15:26Z,43
1869156,West,MUKATSAR,11KV Gaushalla Road,Planned,Closed,2026-06-03T16:32:26Z,2026-06-03T17:15:26Z,43
1868884,West,MUKATSAR,Ramgarh Chunga,Planned,Closed,2026-06-03T16:30:52Z,2026-06-03T17:15:52Z,45
1868883,West,MUKATSAR,KHAPIANWALI,Planned,Closed,2026-06-03T16:30:52Z,2026-06-03T17:15:52Z,45
1868882,West,MUKATSAR,Sohnewala,Planned,Closed,2026-06-03T16:30:52Z,2026-06-03T17:15:52Z,45
1868881,West,MUKATSAR,FATTANWALA,Planned,Closed,2026-06-03T16:30:52Z,2026-06-03T17:15:52Z,45
1869151,Border,GURDASPUR,THEKERIWAL,Unplanned,Closed,2026-06-03T16:30:00Z,2026-06-03T17:01:00Z,31
1869150,Border,GURDASPUR,RAILWAY ROAD CAT-1,Unplanned,Closed,2026-06-03T16:30:00Z,2026-06-03T17:01:00Z,31
1869146,West,FARIDKOT,AMRITSAR ROAD URBAN,Unplanned,Closed,2026-06-03T16:29:00Z,2026-06-03T16:41:00Z,12
1869149,West,BATHINDA,11 KV KOT LALLU,Unplanned,Closed,2026-06-03T16:25:00Z,2026-06-03T19:02:42Z,157
1869148,North,JALANDHAR,BHODE SAPRAI,Unplanned,Closed,2026-06-03T16:25:00Z,2026-06-03T17:01:00Z,36
1869145,Border,SUB URBAN AMRITSAR,UPS SILAKA,Unplanned,Closed,2026-06-03T16:22:02Z,2026-06-03T17:40:57Z,78
1869144,East,MOHALI,JANTI DEVI,Planned,Closed,2026-06-03T16:19:00Z,2026-06-03T17:45:00Z,86
1869143,East,MOHALI,NAYA GAON,Planned,Closed,2026-06-03T16:19:00Z,2026-06-03T17:45:00Z,86
1869139,North,HOSHIARPUR,KALYANPUR,Unplanned,Closed,2026-06-03T16:15:00Z,2026-06-03T16:28:00Z,13
1869138,West,FARIDKOT,RASULPUR,Unplanned,Closed,2026-06-03T16:13:47Z,2026-06-03T17:18:14Z,64
1869140,South,SANGRUR,UPS PATRAN,Unplanned,Closed,2026-06-03T16:10:00Z,2026-06-03T18:08:00Z,118
1869135,South,SANGRUR,Hassanpur,Unplanned,Closed,2026-06-03T16:10:00Z,2026-06-03T19:46:00Z,216
1869133,South,SANGRUR,LADDA (DHURI),Unplanned,Closed,2026-06-03T16:10:00Z,2026-06-03T19:46:00Z,216
1869131,Central,CITY WEST LUDHIANA,CENTRA GREENS,Unplanned,Closed,2026-06-03T16:08:41Z,2026-06-03T17:30:24Z,81
1869141,South,PATIALA,ups pilkhani,Planned,Closed,2026-06-03T16:08:00Z,2026-06-03T16:38:00Z,30
1869128,Central,CITY EAST LUDHIANA,MAHAVIR COMPLEX,Unplanned,Closed,2026-06-03T16:05:01Z,2026-06-03T16:51:35Z,46
1869137,Border,TARN TARAN,Sarhali Road,Unplanned,Closed,2026-06-03T16:05:00Z,2026-06-03T16:30:00Z,25
1869129,North,NAWANSHAHR,CHANDIANI,Unplanned,Closed,2026-06-03T16:04:00Z,2026-06-03T16:44:00Z,40
1869132,South,PATIALA,Achal,Unplanned,Closed,2026-06-03T16:01:00Z,2026-06-03T18:20:00Z,139
1869136,South,SANGRUR,NABHA GATE,Unplanned,Closed,2026-06-03T16:00:00Z,2026-06-03T16:50:00Z,50
1869127,North,JALANDHAR,phagwara gate,Unplanned,Closed,2026-06-03T15:58:13Z,2026-06-03T16:23:22Z,25
1869142,East,MOHALI,11KV Sec-108,Unplanned,Closed,2026-06-03T15:57:00Z,2026-06-03T16:46:00Z,49
1869130,Border,GURDASPUR,Dalla UPS,Unplanned,Closed,2026-06-03T15:55:00Z,2026-06-03T17:10:00Z,75
1869125,West,FARIDKOT,KHOSA KOTLA,Unplanned,Closed,2026-06-03T15:54:23Z,2026-06-03T16:49:23Z,55
1869154,West,FARIDKOT,11 KV  CHANNU WALA UPS,Unplanned,Closed,2026-06-03T15:50:00Z,2026-06-03T17:05:00Z,75
1869124,North,HOSHIARPUR,11 kv Mansoorpur,Unplanned,Closed,2026-06-03T15:50:00Z,2026-06-03T16:05:00Z,15
1869126,Border,GURDASPUR,Jugial,Unplanned,Closed,2026-06-03T15:47:00Z,2026-06-03T16:15:00Z,28
1869123,South,BARNALA,KALAL MAJRA UPS,Unplanned,Closed,2026-06-03T15:42:00Z,2026-06-03T16:20:00Z,38
1869120,West,FARIDKOT,UPS No-4,Unplanned,Closed,2026-06-03T15:40:56Z,2026-06-03T17:08:44Z,87
1869119,North,NAWANSHAHR,Pasli,Unplanned,Closed,2026-06-03T15:40:01Z,2026-06-03T17:16:00Z,95
1869121,South,PATIALA,Industrial ( N),Unplanned,Closed,2026-06-03T15:40:00Z,2026-06-03T16:50:00Z,70
1869118,North,NAWANSHAHR,Mithra UPS,Unplanned,Closed,2026-06-03T15:40:00Z,2026-06-03T17:16:00Z,96
1869117,North,NAWANSHAHR,11 KV Railway Road,Unplanned,Closed,2026-06-03T15:35:00Z,2026-06-03T16:40:00Z,65
1869114,North,HOSHIARPUR,URMAR,Unplanned,Closed,2026-06-03T15:25:00Z,2026-06-03T15:41:00Z,16
1869113,West,FARIDKOT,11 KV FATEH SINGH,Unplanned,Closed,2026-06-03T15:25:00Z,2026-06-03T15:57:00Z,32
1869116,North,HOSHIARPUR,MODEL  TOWN,Unplanned,Closed,2026-06-03T15:24:00Z,2026-06-03T15:42:00Z,18
1869115,North,HOSHIARPUR,Ahiapur,Unplanned,Closed,2026-06-03T15:24:00Z,2026-06-03T15:42:00Z,18
1869122,West,BATHINDA,KOT GURU,Unplanned,Closed,2026-06-03T15:20:00Z,2026-06-03T17:10:40Z,110
1869110,Central,KHANNA,City 1,Unplanned,Closed,2026-06-03T15:20:00Z,2026-06-03T16:50:00Z,90
1869109,Border,TARN TARAN,GAGOBUA URBAN,Unplanned,Closed,2026-06-03T15:20:00Z,2026-06-03T16:42:00Z,82
1869103,Border,TARN TARAN,HASSANPUR,Planned,Closed,2026-06-03T15:20:00Z,2026-06-03T16:48:00Z,88
1869105,South,PATIALA,SAIDKHERI,Planned,Closed,2026-06-03T15:19:17Z,2026-06-03T15:25:48Z,6
1869112,North,HOSHIARPUR,RAMPUR,Unplanned,Closed,2026-06-03T15:19:00Z,2026-06-03T17:05:00Z,106
1869111,West,BATHINDA,JOGA (UPS),Planned,Closed,2026-06-03T15:17:00Z,2026-06-03T17:12:27Z,115
1869134,South,PATIALA,cityS/D talwandi dheriyan wali,Unplanned,Closed,2026-06-03T15:15:06Z,2026-06-03T19:41:08Z,266
1869108,Border,GURDASPUR,Maira,Unplanned,Closed,2026-06-03T15:15:00Z,2026-06-03T15:50:00Z,35
1869104,South,PATIALA,Focal Point-II,Unplanned,Closed,2026-06-03T15:15:00Z,2026-06-03T15:40:00Z,25
1869107,Border,SUB URBAN AMRITSAR,Escort Hospital,Planned,Closed,2026-06-03T15:10:00Z,2026-06-03T18:47:46Z,217
1869106,Border,SUB URBAN AMRITSAR,11 kv GreenLand,Planned,Closed,2026-06-03T15:10:00Z,2026-06-03T18:46:51Z,216
1869102,North,NAWANSHAHR,JHUNGI,Unplanned,Closed,2026-06-03T15:10:00Z,2026-06-03T15:55:00Z,45
1869101,North,NAWANSHAHR,DALLEWAL URBAN,Unplanned,Closed,2026-06-03T15:10:00Z,2026-06-03T15:55:00Z,45
1869099,South,PATIALA,BOLI SAHIB,Unplanned,Closed,2026-06-03T15:10:00Z,2026-06-03T15:40:00Z,30
1869100,North,HOSHIARPUR,11 KV Narayan Nagar,Unplanned,Closed,2026-06-03T15:05:00Z,2026-06-03T15:15:00Z,10
1869711,South,PATIALA,Ajit Nagar,Unplanned,Closed,2026-06-03T15:02:00Z,2026-06-03T16:10:00Z,68
1869095,South,BARNALA,11 KV SEKHA UPS (NEW),Planned,Closed,2026-06-03T15:01:00Z,2026-06-03T16:30:00Z,89
1869072,South,SANGRUR,JHALLOR,Planned,Closed,2026-06-03T15:00:37Z,2026-06-03T16:30:37Z,90
1869094,Central,CITY WEST LUDHIANA,GOBINDGARH,Planned,Closed,2026-06-03T15:00:00Z,2026-06-03T16:00:00Z,60
1869034,East,MOHALI,11KV DHELPUR,Planned,Closed,2026-06-03T15:00:00Z,2026-06-03T16:45:00Z,105
1869033,East,MOHALI,11 KV BATHLANA UPS,Planned,Closed,2026-06-03T15:00:00Z,2026-06-03T16:45:10Z,105
1869092,Central,CITY EAST LUDHIANA,Gulabi Bagh,Unplanned,Closed,2026-06-03T14:58:41Z,2026-06-03T15:26:11Z,27
1869098,South,SANGRUR,banga C-1,Unplanned,Closed,2026-06-03T14:57:00Z,2026-06-03T15:35:00Z,38
1869091,East,Zirakpur,Jalalpur Kandi Pure AP,Unplanned,Closed,2026-06-03T14:55:00Z,2026-06-03T15:09:00Z,14
1869093,West,FARIDKOT,KOTKAPURA ROAD,Unplanned,Closed,2026-06-03T14:53:00Z,2026-06-03T15:38:00Z,45
1869709,South,PATIALA,Ajit Nagar,Unplanned,Closed,2026-06-03T14:45:00Z,2026-06-03T15:01:00Z,16
1869089,Central,CITY WEST LUDHIANA,OVERLOCK,Unplanned,Closed,2026-06-03T14:42:23Z,2026-06-03T14:45:47Z,3
1869088,North,JALANDHAR,11KV SALEMPUR,Unplanned,Closed,2026-06-03T14:37:12Z,2026-06-03T15:10:00Z,32
1869087,North,KAPURTHALA,Chawinda,Unplanned,Closed,2026-06-03T14:33:00Z,2026-06-03T16:20:00Z,107
1868880,West,MUKATSAR,Satia Paper Mill (Rupana),Planned,Closed,2026-06-03T14:30:53Z,2026-06-03T14:53:53Z,23
1868879,West,MUKATSAR,Check  Dhuewala ups,Planned,Closed,2026-06-03T14:30:53Z,2026-06-03T14:53:53Z,23
1868878,West,MUKATSAR,Tibbi UPS,Planned,Closed,2026-06-03T14:30:53Z,2026-06-03T14:53:53Z,23
1868877,West,MUKATSAR,440 KV Goneana,Planned,Closed,2026-06-03T14:30:53Z,2026-06-03T14:53:53Z,23
1868876,West,MUKATSAR,Bhangchari UPS,Planned,Closed,2026-06-03T14:30:53Z,2026-06-03T14:53:53Z,23
1868875,West,MUKATSAR,RUPANA UPS,Planned,Closed,2026-06-03T14:30:53Z,2026-06-03T14:53:53Z,23
1869084,West,MUKATSAR,FAZILKA ROAD,Unplanned,Closed,2026-06-03T14:15:34Z,2026-06-03T15:44:43Z,89
1869086,North,NAWANSHAHR,DALLEWAL URBAN,Unplanned,Closed,2026-06-03T14:15:00Z,2026-06-03T15:08:00Z,53
1869083,South,SANGRUR,Dhuri Gate,Unplanned,Closed,2026-06-03T14:14:00Z,2026-06-03T14:40:00Z,26
1869090,West,BATHINDA,Jnta colony,Unplanned,Closed,2026-06-03T14:10:00Z,2026-06-03T15:40:00Z,90
1869085,Border,GURDASPUR,Gorsiya,Unplanned,Closed,2026-06-03T14:10:00Z,2026-06-03T14:30:00Z,20
1869082,West,MUKATSAR,11 KV Sappan wali,Unplanned,Closed,2026-06-03T14:06:02Z,2026-06-03T14:53:13Z,47
1869080,Border,GURDASPUR,NADALA,Unplanned,Closed,2026-06-03T14:03:00Z,2026-06-03T14:28:00Z,25
1869079,Border,GURDASPUR,PAKHOWAL,Unplanned,Closed,2026-06-03T14:02:00Z,2026-06-03T14:28:00Z,26
1869081,Border,SUB URBAN AMRITSAR,RANJIT AVENUE,Unplanned,Closed,2026-06-03T14:00:00Z,2026-06-03T14:28:47Z,28
1869078,North,JALANDHAR,AMAN NAGAR,Unplanned,Closed,2026-06-03T14:00:00Z,2026-06-03T14:33:00Z,33
1869077,East,ROPAR,TIBBA TAPPRIAN,Unplanned,Closed,2026-06-03T13:44:00Z,2026-06-03T13:58:00Z,14
1869074,North,JALANDHAR,CANAL,Unplanned,Closed,2026-06-03T13:44:00Z,2026-06-03T14:03:00Z,19
1869076,East,MOHALI,11kv Saidpura,Unplanned,Closed,2026-06-03T13:40:00Z,2026-06-03T14:15:20Z,35
1869075,East,MOHALI,11 KV GIDDARPUR AP,Unplanned,Closed,2026-06-03T13:40:00Z,2026-06-03T14:15:33Z,35
1869071,South,PATIALA,gobind colony,Unplanned,Closed,2026-06-03T13:40:00Z,2026-06-03T13:55:00Z,15
1869069,Border,GURDASPUR,Pioneer Agro,Unplanned,Closed,2026-06-03T13:39:00Z,2026-06-03T14:08:00Z,29
1869073,East,MOHALI,11 KV Sec 60-B,Unplanned,Closed,2026-06-03T13:38:56Z,2026-06-03T14:15:26Z,36
1869070,North,KAPURTHALA,URBAN Bilga,Planned,Closed,2026-06-03T13:35:00Z,2026-06-03T14:45:00Z,70
1868873,West,MUKATSAR,Satia Synthetics Mill,Planned,Closed,2026-06-03T13:30:29Z,2026-06-03T14:12:29Z,42
1868872,West,MUKATSAR,JASSEANA,Planned,Closed,2026-06-03T13:30:29Z,2026-06-03T14:12:29Z,42
1868871,West,MUKATSAR,Seerwali UPS,Planned,Closed,2026-06-03T13:30:29Z,2026-06-03T14:12:29Z,42
1868870,West,MUKATSAR,GREEN FIELD,Planned,Closed,2026-06-03T13:30:29Z,2026-06-03T14:12:29Z,42
1868869,West,MUKATSAR,Sakkanwali,Planned,Closed,2026-06-03T13:30:29Z,2026-06-03T14:12:29Z,42
1868868,West,MUKATSAR,Kanianwali UPS,Planned,Closed,2026-06-03T13:30:29Z,2026-06-03T14:12:29Z,42
1869067,West,BATHINDA,Bangi Ruldu,Unplanned,Closed,2026-06-03T13:30:00Z,2026-06-03T14:44:00Z,74
1869066,East,ROPAR,11KV Hargovind Nangar,Unplanned,Closed,2026-06-03T13:30:00Z,2026-06-03T13:40:00Z,10
1869065,East,Zirakpur,DEEPAK PIPE,Unplanned,Closed,2026-06-03T13:30:00Z,2026-06-03T13:50:00Z,20
1869062,North,JALANDHAR,RAJPUT NAGAR,Unplanned,Closed,2026-06-03T13:26:34Z,2026-06-03T13:57:50Z,31
1869068,West,FARIDKOT,DHILWAN URBAN,Unplanned,Closed,2026-06-03T13:25:00Z,2026-06-03T13:46:00Z,21
1869064,East,Zirakpur,SEVEN STAR,Planned,Closed,2026-06-03T13:25:00Z,2026-06-03T13:58:00Z,33
1869061,Border,SUB URBAN AMRITSAR,RAKH NAG,Unplanned,Closed,2026-06-03T13:24:16Z,2026-06-03T16:25:32Z,181
1869063,North,HOSHIARPUR,Ahiapur,Unplanned,Closed,2026-06-03T13:20:00Z,2026-06-03T15:13:00Z,113
1869057,North,JALANDHAR,Basti Bawa Khel,Unplanned,Closed,2026-06-03T13:12:51Z,2026-06-03T14:10:00Z,57
1869060,North,NAWANSHAHR,JALALPUR,Unplanned,Closed,2026-06-03T13:10:00Z,2026-06-03T13:25:00Z,15
1869055,North,KAPURTHALA,Sangowal,Unplanned,Closed,2026-06-03T13:08:00Z,2026-06-03T13:24:00Z,16
1869054,Border,SUB URBAN AMRITSAR,NANGALI UPS,Planned,Closed,2026-06-03T13:07:00Z,2026-06-03T14:25:00Z,78
1869058,Border,GURDASPUR,Ujjagar Nagar,Planned,Closed,2026-06-03T13:05:00Z,2026-06-03T13:45:00Z,40
1869053,North,JALANDHAR,Guru Nanak Nagar,Unplanned,Closed,2026-06-03T13:04:00Z,2026-06-03T13:46:00Z,42
1868710,West,FEROZPUR,11 KV RAO KE,Planned,Closed,2026-06-03T13:00:00Z,2026-06-03T13:17:00Z,17
1868708,West,FEROZPUR,LAKHA HAZI UPS,Planned,Closed,2026-06-03T13:00:00Z,2026-06-03T13:17:00Z,17
1868705,West,FEROZPUR,MADHRE,Planned,Closed,2026-06-03T13:00:00Z,2026-06-03T13:01:00Z,1
1868704,West,FEROZPUR,Amritsari Gate,Planned,Closed,2026-06-03T13:00:00Z,2026-06-03T13:16:00Z,16
1869056,West,FARIDKOT,11 KV BAGHAPURANA URBAN CAT-01,Unplanned,Closed,2026-06-03T12:58:00Z,2026-06-03T13:54:00Z,56
1869048,Central,CITY WEST LUDHIANA,JAMMU COLONY,Unplanned,Closed,2026-06-03T12:57:58Z,2026-06-03T13:45:04Z,47
1869052,South,SANGRUR,KATRON Cat.1,Unplanned,Closed,2026-06-03T12:55:00Z,2026-06-03T13:45:00Z,50
1869047,North,HOSHIARPUR,MASTIWAL,Unplanned,Closed,2026-06-03T12:54:00Z,2026-06-03T13:38:00Z,44
1869046,North,HOSHIARPUR,Pandori Attwal,Unplanned,Closed,2026-06-03T12:53:00Z,2026-06-03T13:37:00Z,44
1869045,West,FARIDKOT,SAHIBZADA AJIT SINGH NAGAR,Unplanned,Closed,2026-06-03T12:50:49Z,2026-06-03T13:09:50Z,19
1869050,West,FARIDKOT,Heera Singh Nagar,Unplanned,Closed,2026-06-03T12:50:00Z,2026-06-03T14:37:00Z,107
1869051,West,FARIDKOT,Arvind Nagar Feeder,Unplanned,Closed,2026-06-03T12:47:00Z,2026-06-03T13:24:00Z,37
1869043,Central,CITY WEST LUDHIANA,DUSHERA GROUND,Unplanned,Closed,2026-06-03T12:46:00Z,2026-06-03T13:46:00Z,60
1869049,South,BARNALA,MALERKOTLA UPS,Unplanned,Closed,2026-06-03T12:45:00Z,2026-06-03T14:30:00Z,105
1869042,Border,GURDASPUR,Sahowal,Unplanned,Closed,2026-06-03T12:45:00Z,2026-06-03T13:29:00Z,44
1869039,West,FARIDKOT,Ram ganz,Unplanned,Closed,2026-06-03T12:44:27Z,2026-06-03T13:17:12Z,32
1869044,Border,GURDASPUR,Partapgarh,Unplanned,Closed,2026-06-03T12:44:00Z,2026-06-03T13:25:00Z,41
1869038,Central,CITY WEST LUDHIANA,MARUTI ALLOY,Planned,Closed,2026-06-03T12:43:24Z,2026-06-03T13:00:00Z,16
1869040,West,BATHINDA,LEHRA MOHABBAT,Planned,Closed,2026-06-03T12:35:00Z,2026-06-03T14:00:00Z,85
1869041,Border,GURDASPUR,11 KV AJNALA ROAD,Unplanned,Closed,2026-06-03T12:30:00Z,2026-06-03T13:50:00Z,80
1869037,West,FARIDKOT,BATHINDA ROAD,Unplanned,Closed,2026-06-03T12:30:00Z,2026-06-03T12:40:00Z,10
1869036,West,FARIDKOT,GUMTI KHURD UPS,Unplanned,Closed,2026-06-03T12:30:00Z,2026-06-03T12:40:00Z,10
1869035,North,NAWANSHAHR,GARHI,Unplanned,Closed,2026-06-03T12:30:00Z,2026-06-03T13:50:00Z,80
1869059,South,PATIALA,ups-3,Unplanned,Closed,2026-06-03T12:25:00Z,2026-06-03T14:45:00Z,140
1869032,South,SANGRUR,11 KV SITASAR URBAN,Unplanned,Closed,2026-06-03T12:25:00Z,2026-06-03T13:20:00Z,55
1869629,South,PATIALA,UPS THUHI,Unplanned,Closed,2026-06-03T12:22:00Z,2026-06-03T12:47:00Z,25
1869027,Border,SUB URBAN AMRITSAR,LOHARKA UPS,Planned,Closed,2026-06-03T12:21:00Z,2026-06-03T18:00:00Z,339
1869030,Border,CITY AMRITSAR,GREEN AVENUE,Unplanned,Closed,2026-06-03T12:20:59Z,2026-06-03T12:39:59Z,19
1869022,Central,KHANNA,Jalkheri,Unplanned,Closed,2026-06-03T12:16:13Z,2026-06-03T14:11:13Z,115
1869029,North,JALANDHAR,Lilly Resort,Unplanned,Closed,2026-06-03T12:15:00Z,2026-06-03T12:30:00Z,15
1869025,Border,GURDASPUR,Abdal,Unplanned,Closed,2026-06-03T12:15:00Z,2026-06-03T12:40:00Z,25
1869021,Border,SUB URBAN AMRITSAR,11 KV WADALA,Unplanned,Closed,2026-06-03T12:13:00Z,2026-06-03T13:20:00Z,67
1869028,West,MUKATSAR,Sajrana UPS,Unplanned,Closed,2026-06-03T12:10:00Z,2026-06-03T13:25:00Z,75
1869017,Border,SUB URBAN AMRITSAR,Mohleke Urban,Unplanned,Closed,2026-06-03T12:09:00Z,2026-06-03T13:27:00Z,78
1869026,Border,GURDASPUR,DOGER,Unplanned,Closed,2026-06-03T12:08:00Z,2026-06-03T14:25:00Z,137
1869023,West,BATHINDA,NEHIAN WALA,Unplanned,Closed,2026-06-03T12:07:00Z,2026-06-03T12:35:00Z,28
1869018,West,FARIDKOT,Bharro-Bhatti,Unplanned,Closed,2026-06-03T12:05:00Z,2026-06-03T13:17:00Z,72
1869016,North,NAWANSHAHR,MEHIATPUR,Unplanned,Closed,2026-06-03T12:05:00Z,2026-06-03T13:35:00Z,90
1869015,Border,GURDASPUR,Shikaar,Unplanned,Closed,2026-06-03T12:01:00Z,2026-06-03T13:05:00Z,64
1869031,Border,SUB URBAN AMRITSAR,MVN INDUSTRY,Unplanned,Closed,2026-06-03T12:00:00Z,2026-06-03T12:30:00Z,30
1869020,North,HOSHIARPUR,FOCAL POINT KHUN-2KALAN,Unplanned,Closed,2026-06-03T12:00:00Z,2026-06-03T13:10:00Z,70
1869019,North,HOSHIARPUR,KHUN-2 KALAN,Unplanned,Closed,2026-06-03T12:00:00Z,2026-06-03T13:10:00Z,70
1869010,West,FARIDKOT,BAJA ROAD,Unplanned,Closed,2026-06-03T11:55:00Z,2026-06-03T12:04:00Z,9
1869009,South,SANGRUR,11 KV UPS DEOGARH,Unplanned,Closed,2026-06-03T11:55:00Z,2026-06-03T12:50:00Z,55
1869012,South,BARNALA,UPS BEGOWAL,Unplanned,Closed,2026-06-03T11:50:00Z,2026-06-03T13:15:00Z,85
1869004,Central,KHANNA,JASSAR,Unplanned,Closed,2026-06-03T11:50:00Z,2026-06-03T12:55:00Z,65
1869008,North,JALANDHAR,MUBARAKPUR SHEKHE,Unplanned,Closed,2026-06-03T11:46:00Z,2026-06-03T13:10:00Z,84
1869006,North,NAWANSHAHR,THOPIA,Unplanned,Closed,2026-06-03T11:45:00Z,2026-06-03T13:15:00Z,90
1869003,North,NAWANSHAHR,11 KV Railway Road,Unplanned,Closed,2026-06-03T11:45:00Z,2026-06-03T13:20:00Z,95
1869007,West,FEROZPUR,Gariba Sander,Unplanned,Closed,2026-06-03T11:40:00Z,2026-06-03T12:35:00Z,55
1869001,West,BATHINDA,11 KV DEEP SINGH NAGAR,Planned,Closed,2026-06-03T11:40:00Z,2026-06-03T13:08:00Z,88
1868999,Border,GURDASPUR,Rattangarh,Unplanned,Closed,2026-06-03T11:39:37Z,2026-06-03T13:15:40Z,96
1868045,South,SANGRUR,Kandhargarh,Planned,Closed,2026-06-03T11:35:32Z,2026-06-03T13:10:32Z,95
1868044,South,SANGRUR,Samundgarh UPS,Planned,Closed,2026-06-03T11:35:32Z,2026-06-03T13:10:32Z,95
1869602,South,PATIALA,UPS UPPLAN,Unplanned,Closed,2026-06-03T11:30:00Z,2026-06-03T12:56:00Z,86
1869013,Border,TARN TARAN,KAROWAL,Planned,Closed,2026-06-03T11:30:00Z,2026-06-03T15:20:00Z,230
1868997,Border,GURDASPUR,TRUCK UNION,Unplanned,Closed,2026-06-03T11:30:00Z,2026-06-03T12:00:00Z,30
1868995,South,PATIALA,UPS PAWALA,Unplanned,Closed,2026-06-03T11:30:00Z,2026-06-03T11:50:00Z,20
1868993,South,PATIALA,INDUSTRIAL,Unplanned,Closed,2026-06-03T11:30:00Z,2026-06-03T12:22:00Z,52
1869011,Border,GURDASPUR,Withwan,Unplanned,Closed,2026-06-03T11:25:00Z,2026-06-03T13:10:00Z,105
1868992,Central,KHANNA,Royal,Unplanned,Closed,2026-06-03T11:24:00Z,2026-06-03T12:15:00Z,51
1868991,Central,KHANNA,Chander Lok,Unplanned,Closed,2026-06-03T11:24:00Z,2026-06-03T12:16:00Z,52
1868988,Border,GURDASPUR,Majra,Unplanned,Closed,2026-06-03T11:20:06Z,2026-06-03T12:55:40Z,95
1869014,Border,TARN TARAN,CITY 6,Unplanned,Closed,2026-06-03T11:20:00Z,2026-06-03T12:25:00Z,65
1868996,West,MUKATSAR,11KV Old Grain Market.,Unplanned,Closed,2026-06-03T11:20:00Z,2026-06-03T12:40:00Z,80
1868994,North,HOSHIARPUR,Khushalpur,Unplanned,Closed,2026-06-03T11:20:00Z,2026-06-03T11:35:00Z,15
1868986,West,BATHINDA,Chowke,Planned,Closed,2026-06-03T11:20:00Z,2026-06-03T12:45:00Z,85
1868985,West,BATHINDA,Baba dunna urban chawke,Planned,Closed,2026-06-03T11:20:00Z,2026-06-03T12:45:00Z,85
1868975,Border,TARN TARAN,BABA BHATA,Planned,Closed,2026-06-03T11:12:36Z,2026-06-03T13:18:04Z,125
1869005,West,BATHINDA,AZAD,Planned,Closed,2026-06-03T11:10:00Z,2026-06-03T12:25:00Z,75
1869002,West,BATHINDA,PHUL,Planned,Closed,2026-06-03T11:10:00Z,2026-06-03T12:26:00Z,76
1868990,West,BATHINDA,BHAGI VANDER,Planned,Closed,2026-06-03T11:10:00Z,2026-06-03T12:50:00Z,100
1868989,West,BATHINDA,LOCAL FEEDER,Planned,Closed,2026-06-03T11:10:00Z,2026-06-03T12:50:00Z,100
1868979,West,BATHINDA,Astal Dass,Unplanned,Closed,2026-06-03T11:10:00Z,2026-06-03T12:03:00Z,53
1868978,West,BATHINDA,11 KV Kulrian Urban,Unplanned,Closed,2026-06-03T11:10:00Z,2026-06-03T12:03:00Z,53
1868998,West,FEROZPUR,11 KV NAMAK MANDI,Unplanned,Closed,2026-06-03T11:07:00Z,2026-06-03T13:02:00Z,115
1868981,Central,KHANNA,Kishangarh,Unplanned,Closed,2026-06-03T11:06:00Z,2026-06-03T11:57:00Z,51
1868987,North,KAPURTHALA,URBAN JANDIALA ROAD Nurmahal,Planned,Closed,2026-06-03T11:05:00Z,2026-06-03T11:55:00Z,50
1868984,Central,CITY EAST LUDHIANA,Chand Cinema,Unplanned,Closed,2026-06-03T11:05:00Z,2026-06-03T11:32:00Z,27
1868982,East,MOHALI,11 KV GIDDARPUR AP,Unplanned,Closed,2026-06-03T11:05:00Z,2026-06-03T12:20:52Z,75
1868980,North,HOSHIARPUR,11 KV SARIANA,Unplanned,Closed,2026-06-03T11:05:00Z,2026-06-03T12:05:00Z,60
1868977,North,HOSHIARPUR,WAZIRAN,Unplanned,Closed,2026-06-03T11:05:00Z,2026-06-03T12:05:00Z,60
1868976,Border,GURDASPUR,DHINDSA,Unplanned,Closed,2026-06-03T11:05:00Z,2026-06-03T12:40:00Z,95
1868974,North,KAPURTHALA,11 KV HIMMET UPS,Planned,Closed,2026-06-03T11:05:00Z,2026-06-03T11:55:00Z,50
1868972,North,JALANDHAR,11KV Baba Makhan Shah Lubana,Unplanned,Closed,2026-06-03T11:05:00Z,2026-06-03T11:27:00Z,22
1868973,East,MOHALI,Kasauli,Unplanned,Closed,2026-06-03T11:03:00Z,2026-06-03T11:47:01Z,44
1868897,Border,CITY AMRITSAR,Dilbagh Nagar,Planned,Closed,2026-06-03T11:00:52Z,2026-06-03T14:22:05Z,201
1868896,Border,CITY AMRITSAR,Chatiwind Gate,Planned,Closed,2026-06-03T11:00:52Z,2026-06-03T14:21:00Z,200
1868895,Border,CITY AMRITSAR,LAXMAN SAR,Planned,Closed,2026-06-03T11:00:52Z,2026-06-03T14:21:02Z,200
1868894,Border,CITY AMRITSAR,Mohan Rice Mills,Planned,Closed,2026-06-03T11:00:52Z,2026-06-03T14:21:04Z,200
1868893,Border,CITY AMRITSAR,Gilwalii Gate,Planned,Closed,2026-06-03T11:00:52Z,2026-06-03T14:21:06Z,200
1868892,Border,CITY AMRITSAR,Nagar Nigam Colony,Planned,Closed,2026-06-03T11:00:52Z,2026-06-03T14:21:10Z,200
1868891,Border,CITY AMRITSAR,Chatha Rice Mills,Planned,Closed,2026-06-03T11:00:52Z,2026-06-03T14:21:07Z,200
1868890,Border,CITY AMRITSAR,Laxmi Rice Mills,Planned,Closed,2026-06-03T11:00:52Z,2026-06-03T14:21:09Z,200
1868887,Border,CITY AMRITSAR,shri guru ram dass hospital,Planned,Closed,2026-06-03T11:00:00Z,2026-06-03T14:20:54Z,200
1868885,Border,CITY AMRITSAR,DHAB WASTI RAM,Planned,Closed,2026-06-03T11:00:00Z,2026-06-03T14:20:57Z,200
1868971,Central,CITY WEST LUDHIANA,SUKHMANI,Planned,Closed,2026-06-03T10:58:31Z,2026-06-03T14:48:27Z,229
1869024,Border,GURDASPUR,11 K.V UPS Balwanda,Unplanned,Closed,2026-06-03T10:55:00Z,2026-06-03T12:40:00Z,105
1868968,Border,SUB URBAN AMRITSAR,Rai Poultry Farm,Planned,Closed,2026-06-03T10:53:39Z,2026-06-03T12:30:39Z,97
1868967,Border,SUB URBAN AMRITSAR,SANT BHAGAT SINGH UPS,Planned,Closed,2026-06-03T10:53:39Z,2026-06-03T12:30:39Z,97
1868966,Border,SUB URBAN AMRITSAR,WADALA VERAM CAT 1,Planned,Closed,2026-06-03T10:53:39Z,2026-06-03T12:30:39Z,97
1868965,Border,SUB URBAN AMRITSAR,PANDER UPS,Planned,Closed,2026-06-03T10:53:39Z,2026-06-03T12:48:39Z,115
1868964,Border,SUB URBAN AMRITSAR,UMARPURA UPS,Planned,Closed,2026-06-03T10:53:39Z,2026-06-03T12:48:39Z,115
1868970,Border,GURDASPUR,THEKERIWAL,Unplanned,Closed,2026-06-03T10:45:00Z,2026-06-03T11:15:00Z,30
1868963,Border,GURDASPUR,BABRI,Unplanned,Closed,2026-06-03T10:45:00Z,2026-06-03T10:46:00Z,1
1868953,North,JALANDHAR,11 kv Syndicate,Unplanned,Closed,2026-06-03T10:41:00Z,2026-06-03T11:00:00Z,19
1868969,North,NAWANSHAHR,Dagham,Unplanned,Closed,2026-06-03T10:40:00Z,2026-06-03T11:55:00Z,75
1868962,North,NAWANSHAHR,PANAM,Unplanned,Closed,2026-06-03T10:40:00Z,2026-06-03T10:42:00Z,2
1868961,South,PATIALA,UPS Lout,Unplanned,Closed,2026-06-03T10:40:00Z,2026-06-03T11:32:00Z,52
1868959,Border,TARN TARAN,Fatehabad Urban .,Unplanned,Closed,2026-06-03T10:40:00Z,2026-06-03T11:15:00Z,35
1868958,South,BARNALA,Dasonda Singh wala CAT-1,Planned,Closed,2026-06-03T10:40:00Z,2026-06-03T11:05:00Z,25
1868960,South,PATIALA,BSNL,Unplanned,Closed,2026-06-03T10:38:00Z,2026-06-03T10:55:00Z,17
1868952,East,MOHALI,Water Works,Unplanned,Closed,2026-06-03T10:37:55Z,2026-06-03T12:20:00Z,102
1868949,Central,KHANNA,SVM,Planned,Closed,2026-06-03T10:35:00Z,2026-06-03T11:30:00Z,55
1868947,Central,KHANNA,Vasu Multimetal,Planned,Closed,2026-06-03T10:35:00Z,2026-06-03T11:30:00Z,55
1868951,Central,CITY WEST LUDHIANA,Maharaj Nagar,Unplanned,Closed,2026-06-03T10:34:51Z,2026-06-03T11:25:02Z,50
1868944,Border,CITY AMRITSAR,BASANT AVENUE,Unplanned,Closed,2026-06-03T10:30:06Z,2026-06-03T11:05:17Z,35
1868956,East,Zirakpur,PREET COLONY,Planned,Closed,2026-06-03T10:30:00Z,2026-06-03T10:55:00Z,25
1868916,Central,CITY WEST LUDHIANA,BUS STAND,Planned,Closed,2026-06-03T10:30:00Z,2026-06-03T14:24:00Z,234
1868950,North,NAWANSHAHR,BHAJJAL,Unplanned,Closed,2026-06-03T10:29:00Z,2026-06-03T10:53:00Z,24
1868945,North,KAPURTHALA,UPS Sangowal Bet,Planned,Closed,2026-06-03T10:25:00Z,2026-06-03T11:00:00Z,35
1868928,Border,GURDASPUR,24 Hrs. Bhattian,Unplanned,Closed,2026-06-03T10:25:00Z,2026-06-03T11:15:00Z,50
1868927,Border,GURDASPUR,Jagowal bet,Unplanned,Closed,2026-06-03T10:25:00Z,2026-06-03T11:15:00Z,50
1868926,Border,SUB URBAN AMRITSAR,24 HRS BHITTEWED UPS,Unplanned,Closed,2026-06-03T10:25:00Z,2026-06-03T11:50:00Z,85
1868925,Border,GURDASPUR,Bhattian,Unplanned,Closed,2026-06-03T10:25:00Z,2026-06-03T11:15:00Z,50
1868943,Border,GURDASPUR,Greater Kailash,Unplanned,Closed,2026-06-03T10:20:32Z,2026-06-03T10:33:32Z,13
1868942,Border,GURDASPUR,KHAJURI GATE,Unplanned,Closed,2026-06-03T10:20:32Z,2026-06-03T10:33:32Z,13
1868941,Border,GURDASPUR,Gurudwara Kandh Sahib,Unplanned,Closed,2026-06-03T10:20:32Z,2026-06-03T10:33:32Z,13
1868940,Border,GURDASPUR,OLD HOSPITAL BATALA,Unplanned,Closed,2026-06-03T10:20:32Z,2026-06-03T10:32:32Z,12
1868939,Border,GURDASPUR,Bank colony,Unplanned,Closed,2026-06-03T10:20:32Z,2026-06-03T10:33:32Z,13
1868938,Border,GURDASPUR,G.T Road,Unplanned,Closed,2026-06-03T10:20:32Z,2026-06-03T10:33:32Z,13
1868937,Border,GURDASPUR,11 KV RAILWAY ROAD,Unplanned,Closed,2026-06-03T10:20:32Z,2026-06-03T10:33:32Z,13
1868936,Border,GURDASPUR,11 KV BHANDHRI MOHALLA,Unplanned,Closed,2026-06-03T10:20:32Z,2026-06-03T10:33:32Z,13
1868935,Border,GURDASPUR,SHANTI NAGAR,Unplanned,Closed,2026-06-03T10:20:32Z,2026-06-03T10:33:32Z,13
1868934,Border,GURDASPUR,Batala City,Unplanned,Closed,2026-06-03T10:20:32Z,2026-06-03T10:35:32Z,15
1868933,Border,GURDASPUR,Murgi Mohalla,Unplanned,Closed,2026-06-03T10:20:32Z,2026-06-03T10:33:32Z,13
1868932,Border,GURDASPUR,Kahnuwan Road,Unplanned,Closed,2026-06-03T10:20:32Z,2026-06-03T10:33:32Z,13
1868931,Border,GURDASPUR,Simbal,Unplanned,Closed,2026-06-03T10:20:32Z,2026-06-03T10:33:32Z,13
1868930,Border,GURDASPUR,Dera Baba Nanak Road,Unplanned,Closed,2026-06-03T10:20:32Z,2026-06-03T10:34:32Z,14
1868929,Border,GURDASPUR,Improvement Trust,Unplanned,Closed,2026-06-03T10:20:32Z,2026-06-03T10:33:32Z,13
1868948,Border,GURDASPUR,Dhidowal,Unplanned,Closed,2026-06-03T10:20:00Z,2026-06-03T10:55:00Z,35
1868922,South,SANGRUR,Markfed,Unplanned,Closed,2026-06-03T10:20:00Z,2026-06-03T11:42:00Z,82
1869000,Border,GURDASPUR,Longowal,Unplanned,Closed,2026-06-03T10:19:00Z,2026-06-03T13:40:00Z,201
1868923,West,BATHINDA,WATER WORKS,Unplanned,Closed,2026-06-03T10:19:00Z,2026-06-03T10:30:00Z,11
1868946,West,FARIDKOT,Bajakhana City,Unplanned,Closed,2026-06-03T10:18:00Z,2026-06-03T10:40:00Z,22
1868919,Central,KHANNA,CITY,Unplanned,Closed,2026-06-03T10:17:00Z,2026-06-03T11:30:00Z,73
1868918,Central,KHANNA,Nasrali  Road,Unplanned,Closed,2026-06-03T10:17:00Z,2026-06-03T11:30:00Z,73
1868915,West,FARIDKOT,INDUSTRIAL,Unplanned,Closed,2026-06-03T10:15:29Z,2026-06-03T10:45:31Z,30
1868957,Central,SUB URBAN LUDHIANA,CITY-6,Planned,Closed,2026-06-03T10:15:00Z,2026-06-03T12:15:00Z,120
1868917,South,BARNALA,Sekha Road,Unplanned,Closed,2026-06-03T10:15:00Z,2026-06-03T11:40:00Z,85
1868914,Central,CITY WEST LUDHIANA,MODEL TOWN,Unplanned,Closed,2026-06-03T10:14:18Z,2026-06-03T11:05:52Z,51
1868913,Border,CITY AMRITSAR,LAKKAR MANDI,Unplanned,Closed,2026-06-03T10:10:46Z,2026-06-03T10:36:00Z,25
1868206,Border,TARN TARAN,UPS DHARIWAL,Planned,Closed,2026-06-03T10:10:40Z,2026-06-03T14:00:40Z,230
1868205,Border,TARN TARAN,URBAN BOPARAI,Planned,Closed,2026-06-03T10:10:40Z,2026-06-03T14:00:40Z,230
1868912,Central,CITY EAST LUDHIANA,Chand Cinema,Unplanned,Closed,2026-06-03T10:06:00Z,2026-06-03T10:50:00Z,44
1868955,Border,GURDASPUR,Jaswan,Unplanned,Closed,2026-06-03T10:05:00Z,2026-06-03T11:10:00Z,65
1868924,Border,GURDASPUR,Bhaini Mian Khan,Unplanned,Closed,2026-06-03T10:05:00Z,2026-06-03T10:30:00Z,25
1868911,North,NAWANSHAHR,UPS NO.1,Unplanned,Closed,2026-06-03T10:05:00Z,2026-06-03T10:40:00Z,35
1868907,South,SANGRUR,Kaimpur UPS (GRID DIRBA),Unplanned,Closed,2026-06-03T10:05:00Z,2026-06-03T10:20:00Z,15
1868899,South,BARNALA,SEHNA cat-1,Planned,Closed,2026-06-03T10:05:00Z,2026-06-03T14:00:00Z,235
1868904,South,SANGRUR,Kaimpur UPS (GRID DIRBA),Unplanned,Closed,2026-06-03T10:02:20Z,2026-06-03T10:05:40Z,3
1868908,North,JALANDHAR,TRIBUNE,Unplanned,Closed,2026-06-03T10:02:00Z,2026-06-03T10:56:00Z,54
1868212,Border,TARN TARAN,UPS KIRTOWAL,Planned,Closed,2026-06-03T10:00:46Z,2026-06-03T14:04:46Z,244
1868211,Border,TARN TARAN,URBAN MES & HEAD WORKS,Planned,Closed,2026-06-03T10:00:46Z,2026-06-03T14:04:46Z,244
1868210,Border,TARN TARAN,UPS JEONEKE,Planned,Closed,2026-06-03T10:00:46Z,2026-06-03T14:04:46Z,244
1868209,Border,TARN TARAN,URBAN ADDA HARIKE,Planned,Closed,2026-06-03T10:00:46Z,2026-06-03T14:04:46Z,244
1868909,South,PATIALA,Ekta Vihar,Unplanned,Closed,2026-06-03T10:00:00Z,2026-06-03T10:53:00Z,53
1868902,North,JALANDHAR,EKTA NAGAR,Unplanned,Closed,2026-06-03T10:00:00Z,2026-06-03T10:20:00Z,20
1868104,Central,SUB URBAN LUDHIANA,Sherpur kalan urban,Planned,Closed,2026-06-03T10:00:00Z,2026-06-03T14:00:00Z,240
1868901,North,HOSHIARPUR,PANDORI,Unplanned,Closed,2026-06-03T09:59:00Z,2026-06-03T10:20:00Z,21
1868898,North,HOSHIARPUR,11 KV ARMY GROUND,Unplanned,Closed,2026-06-03T09:58:00Z,2026-06-03T10:45:00Z,47
1868921,Border,GURDASPUR,Rampur Talwara,Unplanned,Closed,2026-06-03T09:57:00Z,2026-06-03T11:10:00Z,73
1868920,Border,GURDASPUR,Sri Hargobindpur,Unplanned,Closed,2026-06-03T09:57:00Z,2026-06-03T11:30:00Z,93
1868905,North,HOSHIARPUR,Ahiapur,Unplanned,Closed,2026-06-03T09:56:00Z,2026-06-03T11:40:00Z,104
1868886,West,FARIDKOT,TAKHANWADH,Unplanned,Closed,2026-06-03T09:55:54Z,2026-06-03T12:13:19Z,137
1868954,Central,SUB URBAN LUDHIANA,CITY-1,Planned,Closed,2026-06-03T09:55:00Z,2026-06-03T11:20:00Z,85
1868906,North,JALANDHAR,TOWER,Unplanned,Closed,2026-06-03T09:55:00Z,2026-06-03T10:40:00Z,45
1868900,East,MOHALI,11 KV RAIPUR KALAN UPS,Unplanned,Closed,2026-06-03T09:55:00Z,2026-06-03T10:20:15Z,25
1868889,South,PATIALA,UPS ALLOWAL,Unplanned,Closed,2026-06-03T09:55:00Z,2026-06-03T10:21:00Z,26
1868874,Border,GURDASPUR,Ujjagar Nagar,Planned,Closed,2026-06-03T09:51:00Z,2026-06-03T10:20:00Z,29
1868903,South,PATIALA,ANAAJ MANDI,Unplanned,Closed,2026-06-03T09:50:00Z,2026-06-03T10:05:00Z,15
1868867,South,BARNALA,UPS BEGOWAL,Unplanned,Closed,2026-06-03T09:45:00Z,2026-06-03T10:55:00Z,70
1868864,Border,CITY AMRITSAR,SHIVALA ROAD,Unplanned,Closed,2026-06-03T09:44:23Z,2026-06-03T10:35:48Z,51
1868865,West,BATHINDA,Kalewander,Unplanned,Closed,2026-06-03T09:36:00Z,2026-06-03T10:40:00Z,64
1868863,West,FARIDKOT,LOHARA RURAL,Unplanned,Closed,2026-06-03T09:35:13Z,2026-06-03T13:00:32Z,205
1868910,Central,SUB URBAN LUDHIANA,CITY 8,Unplanned,Closed,2026-06-03T09:35:00Z,2026-06-03T11:30:00Z,115
1868859,Border,GURDASPUR,Ujjagar Nagar,Unplanned,Closed,2026-06-03T09:35:00Z,2026-06-03T09:50:00Z,15
1868860,Border,CITY AMRITSAR,LAKKAR MANDI,Unplanned,Closed,2026-06-03T09:34:00Z,2026-06-03T09:35:00Z,1
1868861,West,MUKATSAR,USMAAN KHERA,Unplanned,Closed,2026-06-03T09:30:58Z,2026-06-03T10:15:10Z,44
1868862,West,MUKATSAR,11 KV Ganganagar Road,Unplanned,Closed,2026-06-03T09:30:42Z,2026-06-03T10:15:39Z,44
1868866,North,NAWANSHAHR,JALALPUR,Unplanned,Closed,2026-06-03T09:30:00Z,2026-06-03T10:30:00Z,60
1868857,Border,SUB URBAN AMRITSAR,Pathan Nangal,Unplanned,Closed,2026-06-03T09:30:00Z,2026-06-03T10:20:00Z,50
1868853,South,PATIALA,UPS GAJJU MAJRA,Unplanned,Closed,2026-06-03T09:26:00Z,2026-06-03T10:40:00Z,74
1868856,Border,TARN TARAN,Dhotian UPS (KMK),Unplanned,Closed,2026-06-03T09:20:00Z,2026-06-03T10:55:00Z,95
1868852,North,KAPURTHALA,UPS MALLIWAL,Unplanned,Closed,2026-06-03T09:20:00Z,2026-06-03T10:21:00Z,61
1868855,North,NAWANSHAHR,Friends Road,Unplanned,Closed,2026-06-03T09:18:00Z,2026-06-03T09:45:00Z,27
1868854,North,HOSHIARPUR,SAILA CITY,Unplanned,Closed,2026-06-03T09:15:00Z,2026-06-03T10:40:00Z,85
1868847,Border,GURDASPUR,Chawa,Unplanned,Closed,2026-06-03T09:15:00Z,2026-06-03T10:01:00Z,46
1868845,Border,GURDASPUR,Shalla Urban,Unplanned,Closed,2026-06-03T09:15:00Z,2026-06-03T10:01:00Z,46
1868858,Border,SUB URBAN AMRITSAR,Pandori,Unplanned,Closed,2026-06-03T09:12:25Z,2026-06-03T12:50:00Z,217
1868983,Border,SUB URBAN AMRITSAR,Fathapur,Unplanned,Closed,2026-06-03T09:10:00Z,2026-06-03T11:20:00Z,130
1868851,North,JALANDHAR,NIJJRAN,Unplanned,Closed,2026-06-03T09:10:00Z,2026-06-03T09:30:00Z,20
1868850,North,JALANDHAR,GADDO WALI,Unplanned,Closed,2026-06-03T09:10:00Z,2026-06-03T09:30:00Z,20
1868842,West,FARIDKOT,MADO KE UPS,Unplanned,Closed,2026-06-03T09:06:59Z,2026-06-03T09:56:31Z,49
1868846,Border,GURDASPUR,Bamial 24hrs,Unplanned,Closed,2026-06-03T09:05:00Z,2026-06-03T09:30:00Z,25
1868843,North,HOSHIARPUR,URMAR,Unplanned,Closed,2026-06-03T09:05:00Z,2026-06-03T10:15:00Z,70
1868844,South,PATIALA,rajpura,Unplanned,Closed,2026-06-03T09:02:00Z,2026-06-03T10:57:00Z,115
1868202,East,Zirakpur,HARI PUR HINDUAN,Planned,Closed,2026-06-03T09:00:00Z,2026-06-03T09:02:00Z,2
1868200,East,Zirakpur,HAIBAT PUR RURAL,Planned,Closed,2026-06-03T09:00:00Z,2026-06-03T09:02:00Z,2
1868026,Border,CITY AMRITSAR,BHANDARI CHOWK,Planned,Closed,2026-06-03T09:00:00Z,2026-06-03T11:14:39Z,134
1868025,Border,CITY AMRITSAR,NAVANKOT,Planned,Closed,2026-06-03T09:00:00Z,2026-06-03T11:39:37Z,159
1868840,South,SANGRUR,11 KV Urban Truck Union Road,Unplanned,Closed,2026-06-03T08:58:00Z,2026-06-03T09:42:00Z,44
1868836,Central,CITY WEST LUDHIANA,KULAR,Unplanned,Closed,2026-06-03T08:55:53Z,2026-06-03T09:55:34Z,59
1868837,Central,KHANNA,Samrala Road,Unplanned,Closed,2026-06-03T08:52:00Z,2026-06-03T09:29:00Z,37
1868838,West,FARIDKOT,11 KV MARIMUSTAFA-U,Unplanned,Closed,2026-06-03T08:50:00Z,2026-06-03T09:55:00Z,65
1868835,West,FARIDKOT,11 KV  CHANNU WALA UPS,Unplanned,Closed,2026-06-03T08:50:00Z,2026-06-03T09:55:00Z,65
1868841,West,FARIDKOT,Ajit Singh Wala,Unplanned,Closed,2026-06-03T08:45:00Z,2026-06-03T10:33:00Z,108
1868834,West,FARIDKOT,Hariyali,Unplanned,Closed,2026-06-03T08:45:00Z,2026-06-03T08:55:00Z,10
1868828,North,JALANDHAR,L.I.C,Unplanned,Closed,2026-06-03T08:36:00Z,2026-06-03T08:55:00Z,19
1868829,Border,SUB URBAN AMRITSAR,Industry NAG,Unplanned,Closed,2026-06-03T08:35:36Z,2026-06-03T09:05:00Z,29
1868839,West,BATHINDA,CHAKRIAN ROAD URBAN,Unplanned,Closed,2026-06-03T08:34:00Z,2026-06-03T10:30:00Z,116
1868833,North,JALANDHAR,SHARP CHUCK,Unplanned,Closed,2026-06-03T08:32:00Z,2026-06-03T09:50:00Z,78
1868849,North,KAPURTHALA,UPS Sangowal Bet,Unplanned,Closed,2026-06-03T08:25:00Z,2026-06-03T09:50:00Z,85
1868825,Border,GURDASPUR,Dhakki,Unplanned,Closed,2026-06-03T08:22:00Z,2026-06-03T08:51:00Z,29
1868826,South,PATIALA,BSNL,Unplanned,Closed,2026-06-03T08:20:00Z,2026-06-03T09:30:00Z,70
1868827,West,FARIDKOT,SURAJ NAGAR,Unplanned,Closed,2026-06-03T08:17:27Z,2026-06-03T08:59:18Z,41
1868818,East,MOHALI,11 KV GIDDARPUR AP,Unplanned,Closed,2026-06-03T08:15:36Z,2026-06-03T08:45:06Z,29
1868817,North,JALANDHAR,FRIEND,Unplanned,Closed,2026-06-03T08:10:00Z,2026-06-03T08:33:00Z,23
1868848,Border,SUB URBAN AMRITSAR,chah nighan,Unplanned,Closed,2026-06-03T08:07:00Z,2026-06-03T08:45:00Z,38
1868824,South,PATIALA,MOHINDER GANJ,Unplanned,Closed,2026-06-03T08:05:00Z,2026-06-03T08:40:00Z,35
1868823,West,BATHINDA,Burj UPS,Planned,Closed,2026-06-03T08:05:00Z,2026-06-03T12:01:00Z,236
1868822,West,BATHINDA,DALYE WALI,Planned,Closed,2026-06-03T08:05:00Z,2026-06-03T12:01:00Z,236
1868821,South,PATIALA,gobind colony,Unplanned,Closed,2026-06-03T08:05:00Z,2026-06-03T08:40:00Z,35
1868820,West,BATHINDA,Chehlawala,Planned,Closed,2026-06-03T08:05:00Z,2026-06-03T12:01:00Z,236
1868819,West,BATHINDA,Swetch,Planned,Closed,2026-06-03T08:05:00Z,2026-06-03T12:01:00Z,236
1868816,West,BATHINDA,KOT GURU,Unplanned,Closed,2026-06-03T08:05:00Z,2026-06-03T10:56:00Z,171
1868814,South,SANGRUR,11 KV Rambagh,Unplanned,Closed,2026-06-03T08:05:00Z,2026-06-03T09:36:00Z,91
1868813,North,JALANDHAR,CIVIL LINE,Unplanned,Closed,2026-06-03T08:02:00Z,2026-06-03T08:25:00Z,23
1868811,West,FARIDKOT,CITY MOGA,Unplanned,Closed,2026-06-03T07:57:14Z,2026-06-03T08:20:49Z,23
1868832,Border,GURDASPUR,City Feeder,Unplanned,Closed,2026-06-03T07:55:00Z,2026-06-03T09:24:00Z,89
1868815,East,ROPAR,SHEIKHPURA,Unplanned,Closed,2026-06-03T07:51:00Z,2026-06-03T09:10:00Z,79
1868807,South,SANGRUR,Fatehgarh ups,Unplanned,Closed,2026-06-03T07:50:00Z,2026-06-03T08:50:00Z,60
1868809,East,MOHALI,CIVIL HOSPITAL,Unplanned,Closed,2026-06-03T07:47:30Z,2026-06-03T08:37:31Z,50
1868808,Border,SUB URBAN AMRITSAR,AWAN,Unplanned,Closed,2026-06-03T07:45:00Z,2026-06-03T11:10:00Z,205
1868792,East,ROPAR,11 KV Arya College Road,Unplanned,Closed,2026-06-03T07:42:00Z,2026-06-03T09:25:00Z,103
1868810,Border,GURDASPUR,Godharpura,Unplanned,Closed,2026-06-03T07:41:00Z,2026-06-03T09:35:00Z,114
1868791,North,JALANDHAR,GURU AMAR DASS NAGAR,Unplanned,Closed,2026-06-03T07:40:00Z,2026-06-03T08:01:00Z,21
1868790,North,JALANDHAR,INDUSTRIAL AREA 2,Unplanned,Closed,2026-06-03T07:40:00Z,2026-06-03T08:01:00Z,21
1868794,South,SANGRUR,Industrial (Dhuri),Unplanned,Closed,2026-06-03T07:36:00Z,2026-06-03T08:01:00Z,25
1868806,Border,GURDASPUR,24Hrs U.P.S. KOTLA CHAHAL,Unplanned,Closed,2026-06-03T07:30:00Z,2026-06-03T08:02:00Z,32
1868793,South,SANGRUR,11 KV CHATHA NANHERA URBAN,Unplanned,Closed,2026-06-03T07:30:00Z,2026-06-03T08:25:00Z,55
1868787,Border,CITY AMRITSAR,Nagar Nigam Colony,Unplanned,Closed,2026-06-03T07:30:00Z,2026-06-03T07:50:00Z,20
1868680,East,ROPAR,PARADISE,Planned,Closed,2026-06-03T07:30:00Z,2026-06-03T11:30:00Z,240
1868679,East,ROPAR,11 KV Old Sunny,Planned,Closed,2026-06-03T07:30:00Z,2026-06-03T11:30:00Z,240
1868805,East,MOHALI,11KV Shivalik,Planned,Closed,2026-06-03T07:20:40Z,2026-06-03T11:13:04Z,232
1868804,East,MOHALI,GMADA  water works,Planned,Closed,2026-06-03T07:20:40Z,2026-06-03T11:13:04Z,232
1868803,East,MOHALI,11KV AIRPORT ROAD,Planned,Closed,2026-06-03T07:20:40Z,2026-06-03T11:13:04Z,232
1868802,East,MOHALI,11kV Sector-123,Planned,Closed,2026-06-03T07:20:40Z,2026-06-03T11:13:04Z,232
1868801,East,MOHALI,JHAMPUR FEEDER,Planned,Closed,2026-06-03T07:20:40Z,2026-06-03T11:13:04Z,232
1868800,East,MOHALI,11KV Desumajra,Planned,Closed,2026-06-03T07:20:40Z,2026-06-03T11:13:04Z,232
1868799,East,MOHALI,11 KV Air Force,Planned,Closed,2026-06-03T07:20:40Z,2026-06-03T11:13:40Z,233
1868798,East,MOHALI,11KV MANANA,Planned,Closed,2026-06-03T07:20:40Z,2026-06-03T11:13:04Z,232
1868797,East,MOHALI,11KV JAND PUR,Planned,Closed,2026-06-03T07:20:40Z,2026-06-03T11:13:04Z,232
1868796,East,MOHALI,Commercial Complex,Planned,Closed,2026-06-03T07:20:40Z,2026-06-03T11:13:04Z,232
1868795,East,MOHALI,11 KV New Sunny,Planned,Closed,2026-06-03T07:20:40Z,2026-06-03T11:13:04Z,232
1868789,West,FARIDKOT,11 KV BOUDE-UPS,Unplanned,Closed,2026-06-03T07:20:00Z,2026-06-03T08:25:00Z,65
1868780,Central,SUB URBAN LUDHIANA,Bhonar City,Planned,Closed,2026-06-03T07:20:00Z,2026-06-03T07:50:00Z,30
1868786,West,FARIDKOT,Ranian UPS,Unplanned,Closed,2026-06-03T07:16:00Z,2026-06-03T08:51:56Z,95
1868785,West,FARIDKOT,GANGSAR,Unplanned,Closed,2026-06-03T07:12:00Z,2026-06-03T08:23:00Z,71
1868812,Border,SUB URBAN AMRITSAR,Kot khalsa,Unplanned,Closed,2026-06-03T07:10:00Z,2026-06-03T07:50:51Z,40
1868779,East,MOHALI,11KV PATTON AP,Unplanned,Closed,2026-06-03T07:10:00Z,2026-06-03T07:55:31Z,45
1868774,North,HOSHIARPUR,MHP2,Unplanned,Closed,2026-06-03T07:10:00Z,2026-06-03T07:35:00Z,25
1868773,North,JALANDHAR,NIJJRAN,Unplanned,Closed,2026-06-03T07:10:00Z,2026-06-03T08:10:00Z,60
1868769,West,FARIDKOT,SAHIBZADA AJIT SINGH NAGAR,Unplanned,Closed,2026-06-03T07:07:22Z,2026-06-03T07:19:00Z,11
1868771,East,ROPAR,Dher,Unplanned,Closed,2026-06-03T07:07:00Z,2026-06-03T07:35:00Z,28
1868788,Border,SUB URBAN AMRITSAR,Bhalla Colony,Unplanned,Closed,2026-06-03T07:05:00Z,2026-06-03T08:10:00Z,65
1868766,Central,CITY EAST LUDHIANA,GURU NANK NAGAR,Unplanned,Closed,2026-06-03T07:01:28Z,2026-06-03T07:16:15Z,14
1868784,West,BATHINDA,Amardas Nagar,Planned,Closed,2026-06-03T07:00:00Z,2026-06-03T08:30:17Z,90
1868783,West,BATHINDA,SANGUANA BASTI,Planned,Closed,2026-06-03T07:00:00Z,2026-06-03T08:30:04Z,90
1868782,West,BATHINDA,BANK BAZAAR,Planned,Closed,2026-06-03T07:00:00Z,2026-06-03T08:30:49Z,90
1868781,West,BATHINDA,SIRKI BAZAAR,Planned,Closed,2026-06-03T07:00:00Z,2026-06-03T08:30:30Z,90
1868778,West,BATHINDA,HARI NAGAR,Planned,Closed,2026-06-03T07:00:00Z,2026-06-03T08:30:00Z,90
1868764,South,SANGRUR,UPS Sailwala,Unplanned,Closed,2026-06-03T06:50:00Z,2026-06-03T07:40:00Z,50
1868772,South,PATIALA,11 KV RADHA SWAMI ROAD,Unplanned,Closed,2026-06-03T06:49:00Z,2026-06-03T07:52:00Z,63
1868765,North,JALANDHAR,ADDA HOSHIARPUR,Unplanned,Closed,2026-06-03T06:48:54Z,2026-06-03T07:35:18Z,46
1868777,Border,GURDASPUR,SARWALI,Unplanned,Closed,2026-06-03T06:48:00Z,2026-06-03T09:40:00Z,172
1868776,Border,GURDASPUR,Chand Ke,Unplanned,Closed,2026-06-03T06:48:00Z,2026-06-03T08:20:00Z,92
1868767,Border,TARN TARAN,MEHTA URBAN-II,Unplanned,Closed,2026-06-03T06:43:00Z,2026-06-03T07:32:00Z,49
1868775,Border,GURDASPUR,DHAWAN,Unplanned,Closed,2026-06-03T06:40:00Z,2026-06-03T09:10:00Z,150
1868762,South,SANGRUR,JEONPURA UPS,Unplanned,Closed,2026-06-03T06:35:00Z,2026-06-03T08:20:00Z,105
1868754,North,JALANDHAR,INDUSTRIAL AREA 2,Unplanned,Closed,2026-06-03T06:33:00Z,2026-06-03T07:13:00Z,40
1868753,North,JALANDHAR,GURU AMAR DASS NAGAR,Unplanned,Closed,2026-06-03T06:33:00Z,2026-06-03T07:13:00Z,40
1868755,Central,SUB URBAN LUDHIANA,City No-3  Maloud,Unplanned,Closed,2026-06-03T06:30:41Z,2026-06-03T07:05:10Z,34
1868759,Border,TARN TARAN,KALAH UPS,Unplanned,Closed,2026-06-03T06:30:00Z,2026-06-03T08:01:00Z,91
1868751,East,MOHALI,Jandpur Water Works,Unplanned,Closed,2026-06-03T06:30:00Z,2026-06-03T07:02:33Z,32
1868752,Border,GURDASPUR,Dheriwal,Unplanned,Closed,2026-06-03T06:28:00Z,2026-06-03T07:45:00Z,77
1868758,East,MOHALI,11 KV RAIPUR KALAN UPS,Planned,Closed,2026-06-03T06:25:00Z,2026-06-03T06:57:00Z,32
1868757,Border,TARN TARAN,RASULPUR,Unplanned,Closed,2026-06-03T06:25:00Z,2026-06-03T11:40:00Z,315
1868750,South,BARNALA,Badbar CAT-I,Unplanned,Closed,2026-06-03T06:25:00Z,2026-06-03T06:50:00Z,25
1868749,North,NAWANSHAHR,Industry,Unplanned,Closed,2026-06-03T06:21:00Z,2026-06-03T06:35:57Z,14
1868745,North,KAPURTHALA,Nirmal Kutiya,Unplanned,Closed,2026-06-03T06:20:00Z,2026-06-03T07:40:00Z,80
1868747,North,KAPURTHALA,URBAN Malsian,Unplanned,Closed,2026-06-03T06:19:00Z,2026-06-03T07:44:00Z,85
1868746,Central,CITY WEST LUDHIANA,BUS STAND,Unplanned,Closed,2026-06-03T06:16:44Z,2026-06-03T07:18:37Z,61
1868742,North,JALANDHAR,KALI MATA MANDIR,Unplanned,Closed,2026-06-03T06:13:00Z,2026-06-03T06:20:00Z,7
1868741,North,JALANDHAR,AMAN NAGAR,Unplanned,Closed,2026-06-03T06:13:00Z,2026-06-03T06:20:00Z,7
1868740,North,JALANDHAR,Khalsa Road,Unplanned,Closed,2026-06-03T06:13:00Z,2026-06-03T06:20:00Z,7
1868756,North,KAPURTHALA,URBAN SHEIKHUPUR,Unplanned,Closed,2026-06-03T06:12:00Z,2026-06-03T07:33:00Z,81
1868748,Border,GURDASPUR,Sri Hargobindpur,Unplanned,Closed,2026-06-03T06:12:00Z,2026-06-03T07:12:00Z,60
1868739,West,FARIDKOT,11 KV Fakkar Hamu Shah,Unplanned,Closed,2026-06-03T06:11:52Z,2026-06-03T06:17:42Z,5
1868737,Border,TARN TARAN,Adda Amarkot,Unplanned,Closed,2026-06-03T06:07:58Z,2026-06-03T08:05:00Z,117
1868763,West,FEROZPUR,GHANGA,Unplanned,Closed,2026-06-03T06:05:00Z,2026-06-03T07:45:00Z,100
1868743,West,BATHINDA,THERMAL UPS,Unplanned,Closed,2026-06-03T06:05:00Z,2026-06-03T07:40:00Z,95
1868735,Border,CITY AMRITSAR,GREEN AVENUE,Unplanned,Closed,2026-06-03T06:04:00Z,2026-06-03T06:49:07Z,45
1868734,Central,CITY WEST LUDHIANA,MODEL GRAM,Unplanned,Closed,2026-06-03T06:02:43Z,2026-06-03T12:30:09Z,387
1868736,South,SANGRUR,11KV KHERU ROAD CAT2,Unplanned,Closed,2026-06-03T06:00:00Z,2026-06-03T07:38:00Z,98
1868732,East,MOHALI,Jandpur Water Works,Unplanned,Closed,2026-06-03T05:56:00Z,2026-06-03T06:21:00Z,25
1868726,North,KAPURTHALA,URBAN DANA MANDI Shahkot,Unplanned,Closed,2026-06-03T05:53:00Z,2026-06-03T06:17:00Z,24
1868723,North,KAPURTHALA,Bauli Sahib,Unplanned,Closed,2026-06-03T05:52:00Z,2026-06-03T06:14:00Z,22
1868722,North,KAPURTHALA,UPS Badli Adda,Unplanned,Closed,2026-06-03T05:51:00Z,2026-06-03T07:45:00Z,114
1868721,North,KAPURTHALA,Shahjahanpur,Unplanned,Closed,2026-06-03T05:51:00Z,2026-06-03T06:23:00Z,32
1868718,North,KAPURTHALA,UPS DALLA,Unplanned,Closed,2026-06-03T05:50:00Z,2026-06-03T06:13:00Z,23
1868725,North,KAPURTHALA,Gobind Nagar,Unplanned,Closed,2026-06-03T05:49:00Z,2026-06-03T06:50:00Z,61
1868724,West,MUKATSAR,11 KV Chirag dhani,Unplanned,Closed,2026-06-03T05:47:00Z,2026-06-03T06:10:00Z,23
1868744,West,BATHINDA,Baba dunna urban chawke,Unplanned,Closed,2026-06-03T05:46:00Z,2026-06-03T06:40:00Z,54
1868716,West,BATHINDA,Talwandi Road,Unplanned,Closed,2026-06-03T05:46:00Z,2026-06-03T06:17:00Z,31
1868738,Border,TARN TARAN,BABA JALAN JI,Unplanned,Closed,2026-06-03T05:45:00Z,2026-06-03T06:25:00Z,40
1868720,North,HOSHIARPUR,Bihala,Unplanned,Closed,2026-06-03T05:45:00Z,2026-06-03T07:00:00Z,75
1868719,North,NAWANSHAHR,SUJJOWAL,Unplanned,Closed,2026-06-03T05:45:00Z,2026-06-03T06:25:00Z,40
1868703,Central,CITY WEST LUDHIANA,GURU GIAN VIHAR,Unplanned,Closed,2026-06-03T05:40:10Z,2026-06-03T07:57:28Z,137
1868728,Border,GURDASPUR,DEHRIWAL,Unplanned,Closed,2026-06-03T05:38:00Z,2026-06-03T06:30:00Z,52
1868702,West,FARIDKOT,11 KV GURU ANGAD DEV G UPS,Unplanned,Closed,2026-06-03T05:36:26Z,2026-06-03T06:49:24Z,72
1868727,Border,GURDASPUR,CHHINA,Unplanned,Closed,2026-06-03T05:35:00Z,2026-06-03T07:10:00Z,95
1868701,Border,GURDASPUR,Madhre,Unplanned,Closed,2026-06-03T05:35:00Z,2026-06-03T09:05:00Z,210
1868697,Central,CITY EAST LUDHIANA,Charan Nagar,Unplanned,Closed,2026-06-03T05:32:04Z,2026-06-03T06:33:33Z,61
1868696,Central,CITY WEST LUDHIANA,PREET NAGAR FEEDER,Unplanned,Closed,2026-06-03T05:31:37Z,2026-06-03T06:28:48Z,57
1868770,Border,GURDASPUR,Rampura,Unplanned,Closed,2026-06-03T05:31:00Z,2026-06-03T06:55:00Z,84
1868768,Border,GURDASPUR,MOHLO WALI,Unplanned,Closed,2026-06-03T05:31:00Z,2026-06-03T06:06:00Z,35
1868700,Border,GURDASPUR,Bhoma Boja,Unplanned,Closed,2026-06-03T05:31:00Z,2026-06-03T06:25:00Z,54
1868730,South,SANGRUR,Sherpur Urban,Unplanned,Closed,2026-06-03T05:30:00Z,2026-06-03T07:25:00Z,115
1868717,West,FARIDKOT,LOHARA UPS,Unplanned,Closed,2026-06-03T05:30:00Z,2026-06-03T05:45:00Z,15
1868695,North,KAPURTHALA,URBAN Malsian,Unplanned,Closed,2026-06-03T05:30:00Z,2026-06-03T06:01:00Z,31
1868694,West,BATHINDA,TAHLIAN URBAN,Unplanned,Closed,2026-06-03T05:30:00Z,2026-06-03T06:50:00Z,80
1868690,West,FARIDKOT,CITY MOGA,Unplanned,Closed,2026-06-03T05:22:00Z,2026-06-03T06:34:50Z,72
1868688,West,FARIDKOT,UPS NO.1 FGP,Unplanned,Closed,2026-06-03T05:20:00Z,2026-06-03T07:02:14Z,102
1868733,Border,TARN TARAN,11 KV Shekh Chuk UPS,Unplanned,Closed,2026-06-03T05:15:00Z,2026-06-03T06:30:00Z,75
1868693,Border,SUB URBAN AMRITSAR,Guruwali Independent,Unplanned,Closed,2026-06-03T05:15:00Z,2026-06-03T06:15:00Z,60
1868689,Border,SUB URBAN AMRITSAR,TALWANDI NAHAR,Unplanned,Closed,2026-06-03T05:15:00Z,2026-06-03T06:46:00Z,91
1868715,East,MOHALI,Bariali,Unplanned,Closed,2026-06-03T05:10:52Z,2026-06-03T06:05:00Z,54
1868692,West,FEROZPUR,BAGDADI GATE,Unplanned,Closed,2026-06-03T05:10:00Z,2026-06-03T07:24:00Z,134
1868674,Border,SUB URBAN AMRITSAR,24 Hrs Bhullar,Unplanned,Closed,2026-06-03T05:05:35Z,2026-06-03T06:18:00Z,72
1868677,North,NAWANSHAHR,DIBHALI,Unplanned,Closed,2026-06-03T05:03:00Z,2026-06-03T05:15:00Z,12
1868673,West,FARIDKOT,UPS NO.5 FGP,Unplanned,Closed,2026-06-03T05:03:00Z,2026-06-03T05:14:03Z,11
1868713,Border,GURDASPUR,Zahadpur,Unplanned,Closed,2026-06-03T05:02:00Z,2026-06-03T08:01:00Z,179
1868711,Border,GURDASPUR,11 KV Rangar Nangal (AP),Unplanned,Closed,2026-06-03T05:02:00Z,2026-06-03T07:20:00Z,138
1868687,Border,GURDASPUR,Aujla,Unplanned,Closed,2026-06-03T05:00:00Z,2026-06-03T06:25:00Z,85
1868676,Border,SUB URBAN AMRITSAR,UPS BHINDIAN SAIDAN,Unplanned,Closed,2026-06-03T05:00:00Z,2026-06-03T10:30:00Z,330
1868675,West,FARIDKOT,11 KV SMALSAR CAT-01,Unplanned,Closed,2026-06-03T05:00:00Z,2026-06-03T06:55:00Z,115
1868668,West,FARIDKOT,Green City UPS,Unplanned,Closed,2026-06-03T05:00:00Z,2026-06-03T06:00:00Z,60
1868667,West,FARIDKOT,NIDHANWALA,Unplanned,Closed,2026-06-03T05:00:00Z,2026-06-03T06:25:17Z,85
1868666,West,FARIDKOT,11 KV Dattewala UPS,Unplanned,Closed,2026-06-03T04:58:00Z,2026-06-03T06:20:32Z,82
1868678,Border,GURDASPUR,Roranwali 24 hrs.,Unplanned,Closed,2026-06-03T04:55:00Z,2026-06-03T06:35:00Z,100
1868652,West,FARIDKOT,11 KV MASITAN URBAN,Unplanned,Closed,2026-06-03T04:54:00Z,2026-06-03T06:47:59Z,113
1868648,Border,TARN TARAN,URBAN WADDI MANDI PATTI,Unplanned,Closed,2026-06-03T04:52:36Z,2026-06-03T05:35:31Z,42
1868672,South,SANGRUR,INDUSTRIAL CAT-II (Bhasour),Unplanned,Closed,2026-06-03T04:50:00Z,2026-06-03T07:10:00Z,140
1868671,Border,SUB URBAN AMRITSAR,Dalam,Unplanned,Closed,2026-06-03T04:50:00Z,2026-06-03T07:08:00Z,138
1868669,Border,SUB URBAN AMRITSAR,SENSRA UPS,Unplanned,Closed,2026-06-03T04:50:00Z,2026-06-03T08:20:00Z,210
1868665,Border,SUB URBAN AMRITSAR,SANGATPURA,Unplanned,Closed,2026-06-03T04:50:00Z,2026-06-03T06:20:00Z,90
1868664,North,HOSHIARPUR,PATHRALIAN,Unplanned,Closed,2026-06-03T04:50:00Z,2026-06-03T05:00:01Z,10
1868655,North,KAPURTHALA,Guru Nanak Nagar URBAN,Unplanned,Closed,2026-06-03T04:50:00Z,2026-06-03T06:20:00Z,90
1868653,Border,CITY AMRITSAR,MODEL TOWN,Unplanned,Closed,2026-06-03T04:50:00Z,2026-06-03T05:47:00Z,57
1868649,Border,CITY AMRITSAR,CANTT ROAD,Unplanned,Closed,2026-06-03T04:50:00Z,2026-06-03T05:00:00Z,10
1868663,West,FEROZPUR,KHUNDAR UTTAR UPS,Unplanned,Closed,2026-06-03T04:47:00Z,2026-06-03T07:52:00Z,185
1868662,West,FEROZPUR,KASU BEGHU,Unplanned,Closed,2026-06-03T04:47:00Z,2026-06-03T07:51:00Z,184
1868658,West,FEROZPUR,FATU WALA UPS,Unplanned,Closed,2026-06-03T04:47:00Z,2026-06-03T07:02:00Z,135
1868657,West,FEROZPUR,UPS DHIRA PATRA,Unplanned,Closed,2026-06-03T04:47:00Z,2026-06-03T07:53:00Z,186
1868651,West,FEROZPUR,ZIRA ROAD,Unplanned,Closed,2026-06-03T04:47:00Z,2026-06-03T08:41:00Z,234
1868644,Central,CITY EAST LUDHIANA,DIVISION-3,Unplanned,Closed,2026-06-03T04:44:00Z,2026-06-03T05:15:00Z,31
1868640,West,FARIDKOT,CHEEMA,Unplanned,Closed,2026-06-03T04:43:00Z,2026-06-03T06:36:23Z,113
1868660,Border,SUB URBAN AMRITSAR,KOTGURBAX,Unplanned,Closed,2026-06-03T04:42:00Z,2026-06-03T09:00:00Z,258
1868659,Border,SUB URBAN AMRITSAR,RAMDASS  BOP,Unplanned,Closed,2026-06-03T04:42:00Z,2026-06-03T10:01:00Z,319
1868656,Border,SUB URBAN AMRITSAR,Pandori UPS,Unplanned,Closed,2026-06-03T04:42:00Z,2026-06-03T08:50:00Z,248
1868654,Border,SUB URBAN AMRITSAR,AWAN,Unplanned,Closed,2026-06-03T04:42:00Z,2026-06-03T06:21:00Z,99
1868650,Border,SUB URBAN AMRITSAR,RAMDAS,Unplanned,Closed,2026-06-03T04:42:00Z,2026-06-03T10:01:00Z,319
1868639,West,FARIDKOT,KAMAL KE UPS,Unplanned,Closed,2026-06-03T04:42:00Z,2026-06-03T07:33:13Z,171
1868643,West,FARIDKOT,11 SODHI NAGAR URBAN,Unplanned,Closed,2026-06-03T04:40:00Z,2026-06-03T04:45:00Z,5
1868642,West,FARIDKOT,FCI URBAN,Unplanned,Closed,2026-06-03T04:40:00Z,2026-06-03T04:45:00Z,5
1868641,West,FARIDKOT,Zira Road,Unplanned,Closed,2026-06-03T04:40:00Z,2026-06-03T04:45:00Z,5
1868636,West,FARIDKOT,DHARAMKOT,Unplanned,Closed,2026-06-03T04:40:00Z,2026-06-03T06:35:46Z,115
1868686,South,PATIALA,11 KV RADHA SWAMI ROAD,Unplanned,Closed,2026-06-03T04:35:00Z,2026-06-03T05:32:38Z,57
1868638,West,FARIDKOT,Daudhar Garbi UPS,Unplanned,Closed,2026-06-03T04:35:00Z,2026-06-03T05:25:00Z,50
1868637,West,BATHINDA,Gurne UPS,Unplanned,Closed,2026-06-03T04:35:00Z,2026-06-03T06:50:00Z,135
1868632,Border,TARN TARAN,UPS KOT BUDDA,Unplanned,Closed,2026-06-03T04:33:16Z,2026-06-03T08:30:00Z,236
1868629,Border,TARN TARAN,URBAN SARHALI,Unplanned,Closed,2026-06-03T04:33:16Z,2026-06-03T12:25:00Z,471
1868731,West,FARIDKOT,AJITWAL URBAN 2,Unplanned,Closed,2026-06-03T04:31:00Z,2026-06-03T06:23:00Z,112
1868691,West,FEROZPUR,SUR SINGH  UPS,Unplanned,Closed,2026-06-03T04:31:00Z,2026-06-03T05:52:00Z,81
1868714,Border,GURDASPUR,11 KV BACHO KA THEH,Unplanned,Closed,2026-06-03T04:30:00Z,2026-06-03T07:29:00Z,179
1868712,Border,GURDASPUR,11 KV Dharmkot Bagga,Unplanned,Closed,2026-06-03T04:30:00Z,2026-06-03T07:29:00Z,179
1868646,Border,TARN TARAN,MANKPURA UPS,Unplanned,Closed,2026-06-03T04:30:00Z,2026-06-03T06:10:00Z,100
1868645,Border,TARN TARAN,GANDIWIND 24 HRS SUPPLY,Unplanned,Closed,2026-06-03T04:30:00Z,2026-06-03T06:55:00Z,145
1868729,Border,TARN TARAN,UPS TALWANDI BUDH SINGH,Unplanned,Closed,2026-06-03T04:29:00Z,2026-06-03T08:40:00Z,251
1868621,Border,TARN TARAN,UPS JAUR SINGH WALA,Unplanned,Closed,2026-06-03T04:25:37Z,2026-06-03T07:35:00Z,189
1868619,South,BARNALA,KALAL MAJRA UPS,Unplanned,Closed,2026-06-03T04:23:00Z,2026-06-03T05:48:00Z,85
1868625,North,JALANDHAR,Star,Unplanned,Closed,2026-06-03T04:22:00Z,2026-06-03T05:16:00Z,54
1868623,West,FARIDKOT,SURAJ NAGAR,Unplanned,Closed,2026-06-03T04:22:00Z,2026-06-03T08:09:38Z,227
1868661,South,BARNALA,Jangiana,Unplanned,Closed,2026-06-03T04:20:00Z,2026-06-03T07:15:00Z,175
1868627,North,JALANDHAR,SUKHAIN NAGAR,Unplanned,Closed,2026-06-03T04:20:00Z,2026-06-03T04:40:00Z,20
1868624,West,FARIDKOT,11KV NEW HARINDERA NAGAR,Unplanned,Closed,2026-06-03T04:20:00Z,2026-06-03T05:17:27Z,57
1868617,Border,GURDASPUR,BhojRaj,Unplanned,Closed,2026-06-03T04:16:00Z,2026-06-03T08:53:00Z,277
1868608,West,FARIDKOT,11KV SIDHU FARM URBAN,Unplanned,Closed,2026-06-03T04:16:00Z,2026-06-03T04:39:00Z,23
1868628,West,FARIDKOT,11 KV GHOLIA KALAN-CAT-01,Unplanned,Closed,2026-06-03T04:15:00Z,2026-06-03T06:32:00Z,137
1868612,Border,CITY AMRITSAR,CANTT ROAD,Unplanned,Closed,2026-06-03T04:15:00Z,2026-06-03T04:30:00Z,15
1868594,West,FARIDKOT,SUNDER NAGAR,Unplanned,Closed,2026-06-03T04:13:00Z,2026-06-03T04:38:00Z,25
1868590,West,FARIDKOT,KOT ISE KHAN,Unplanned,Closed,2026-06-03T04:12:00Z,2026-06-03T04:38:00Z,26
1868585,West,FARIDKOT,11KV NEW GEETA COLONY CAT-1,Unplanned,Closed,2026-06-03T04:11:00Z,2026-06-03T04:36:00Z,25
1868601,Border,SUB URBAN AMRITSAR,MANAWALA UPS,Unplanned,Closed,2026-06-03T04:10:58Z,2026-06-03T08:54:00Z,283
1868599,Border,SUB URBAN AMRITSAR,11 KVA URBAN BAGGA,Unplanned,Closed,2026-06-03T04:10:58Z,2026-06-03T07:29:00Z,198
1868597,Border,SUB URBAN AMRITSAR,UPS JAHNJOTI,Unplanned,Closed,2026-06-03T04:10:58Z,2026-06-03T07:29:00Z,198
1868595,Border,SUB URBAN AMRITSAR,24 HRS BHITTEWED UPS,Unplanned,Closed,2026-06-03T04:10:58Z,2026-06-03T10:05:00Z,354
1868588,Border,SUB URBAN AMRITSAR,PADHRI,Unplanned,Closed,2026-06-03T04:10:58Z,2026-06-03T08:47:00Z,276
1868587,Border,SUB URBAN AMRITSAR,MALLUWAL,Unplanned,Closed,2026-06-03T04:10:58Z,2026-06-03T06:36:00Z,145
1868584,Border,SUB URBAN AMRITSAR,KHASSA,Unplanned,Closed,2026-06-03T04:10:58Z,2026-06-03T07:53:00Z,222
1868607,Border,GURDASPUR,NANGAL UPS,Unplanned,Closed,2026-06-03T04:10:12Z,2026-06-03T04:35:00Z,24
1868606,Border,GURDASPUR,Ghuman,Unplanned,Closed,2026-06-03T04:10:12Z,2026-06-03T04:35:00Z,24
1868605,Border,GURDASPUR,Bolewal,Unplanned,Closed,2026-06-03T04:10:12Z,2026-06-03T04:35:00Z,24
1868604,Border,GURDASPUR,NEW BALLARWAL UPS,Unplanned,Closed,2026-06-03T04:10:12Z,2026-06-03T04:35:00Z,24
1868603,Border,GURDASPUR,dakoha,Unplanned,Closed,2026-06-03T04:10:12Z,2026-06-03T04:35:00Z,24
1868613,West,FARIDKOT,Rattian Urban,Unplanned,Closed,2026-06-03T04:10:00Z,2026-06-03T07:15:08Z,185
1868609,West,FARIDKOT,11 KV BMS NATHUWALA-CAT-01,Unplanned,Closed,2026-06-03T04:10:00Z,2026-06-03T07:15:00Z,185
1868582,West,FARIDKOT,VIDANT NAGAR,Unplanned,Closed,2026-06-03T04:10:00Z,2026-06-03T04:37:00Z,27
1868620,East,MOHALI,11KV NABI,Unplanned,Closed,2026-06-03T04:09:01Z,2026-06-03T05:25:00Z,75
1868580,West,FARIDKOT,Nigaha Road,Unplanned,Closed,2026-06-03T04:09:00Z,2026-06-03T04:35:00Z,26
1868578,North,HOSHIARPUR,RAMPUR,Unplanned,Closed,2026-06-03T04:08:00Z,2026-06-03T05:29:00Z,81
1868577,West,FARIDKOT,CITY MOGA,Unplanned,Closed,2026-06-03T04:08:00Z,2026-06-03T04:32:00Z,24
1868593,Border,GURDASPUR,Thireawal UPS feeder,Unplanned,Closed,2026-06-03T04:06:00Z,2026-06-03T05:05:00Z,59
1868575,West,FARIDKOT,CIVIL HOSPITAL,Unplanned,Closed,2026-06-03T04:06:00Z,2026-06-03T04:33:00Z,27
1868631,Border,TARN TARAN,Mallah,Unplanned,Closed,2026-06-03T04:05:00Z,2026-06-03T06:25:00Z,140
1868618,Border,SUB URBAN AMRITSAR,Urban 2 Nawapind,Unplanned,Closed,2026-06-03T04:05:00Z,2026-06-03T05:00:00Z,55
1868616,Border,TARN TARAN,BEAS CITY,Unplanned,Closed,2026-06-03T04:05:00Z,2026-06-03T05:55:00Z,110
1868611,West,FARIDKOT,INDUSTRIAL,Unplanned,Closed,2026-06-03T04:05:00Z,2026-06-03T05:00:00Z,55
1868598,West,FARIDKOT,LandeKe URBAN,Unplanned,Closed,2026-06-03T04:05:00Z,2026-06-03T11:10:00Z,425
1868592,East,ROPAR,11KV Belian UPS FEEDER,Unplanned,Closed,2026-06-03T04:05:00Z,2026-06-03T04:18:00Z,13
1868589,Border,GURDASPUR,Dulla Nangal,Unplanned,Closed,2026-06-03T04:05:00Z,2026-06-03T05:45:00Z,100
1868586,Border,TARN TARAN,24 Hrs. UPS (wan Tara Singh),Unplanned,Closed,2026-06-03T04:05:00Z,2026-06-03T07:21:00Z,196
1868583,Border,TARN TARAN,UPS WAN TARA SINGH,Unplanned,Closed,2026-06-03T04:05:00Z,2026-06-03T07:20:00Z,195
1868576,North,NAWANSHAHR,BHAJJAL,Unplanned,Closed,2026-06-03T04:05:00Z,2026-06-03T04:35:00Z,30
1868573,West,FARIDKOT,LOPON UPS,Unplanned,Closed,2026-06-03T04:05:00Z,2026-06-03T05:20:00Z,75
1868572,West,FARIDKOT,Ranian UPS,Unplanned,Closed,2026-06-03T04:05:00Z,2026-06-03T07:15:02Z,190
1868707,Border,GURDASPUR,Partapgarh,Unplanned,Closed,2026-06-03T04:04:00Z,2026-06-03T09:30:00Z,326
1868706,Border,GURDASPUR,Chhota enokot,Unplanned,Closed,2026-06-03T04:04:00Z,2026-06-03T07:50:00Z,226
1868709,Border,GURDASPUR,Misharpura,Unplanned,Closed,2026-06-03T04:02:00Z,2026-06-03T09:15:00Z,313
1868761,Border,TARN TARAN,UPS RAJOKE,Unplanned,Closed,2026-06-03T04:00:00Z,2026-06-03T08:50:00Z,290
1868760,Border,TARN TARAN,24 Hrs. UPS Lakhna,Unplanned,Closed,2026-06-03T04:00:00Z,2026-06-03T07:50:00Z,230
1868600,Border,TARN TARAN,UPS SAIDPUR,Unplanned,Closed,2026-06-03T04:00:00Z,2026-06-03T07:05:00Z,185
1868567,West,FARIDKOT,Rattian Urban,Unplanned,Closed,2026-06-03T04:00:00Z,2026-06-03T04:09:00Z,9
1868566,West,FARIDKOT,INDUSTRIAL,Unplanned,Closed,2026-06-03T04:00:00Z,2026-06-03T04:04:00Z,4
1868565,West,FARIDKOT,LandeKe URBAN,Unplanned,Closed,2026-06-03T04:00:00Z,2026-06-03T04:04:00Z,4
1868564,West,FARIDKOT,SURAJ NAGAR,Unplanned,Closed,2026-06-03T04:00:00Z,2026-06-03T04:08:00Z,8
1868563,West,FARIDKOT,Guru Ram Dass Nagar,Unplanned,Closed,2026-06-03T04:00:00Z,2026-06-03T04:09:00Z,9
1868561,Border,SUB URBAN AMRITSAR,DOORDARSHAN,Unplanned,Closed,2026-06-03T03:59:53Z,2026-06-03T07:43:00Z,223
1868559,Border,SUB URBAN AMRITSAR,Attari,Unplanned,Closed,2026-06-03T03:59:53Z,2026-06-03T07:43:00Z,223
1868558,Border,SUB URBAN AMRITSAR,Railway Station,Unplanned,Closed,2026-06-03T03:59:53Z,2026-06-03T07:43:00Z,223
1868557,Border,SUB URBAN AMRITSAR,UPS SHURA,Unplanned,Closed,2026-06-03T03:59:53Z,2026-06-03T07:10:00Z,190
1868556,Border,SUB URBAN AMRITSAR,24 Hrs Bhadiar,Unplanned,Closed,2026-06-03T03:59:53Z,2026-06-03T07:11:00Z,191
1868555,Border,SUB URBAN AMRITSAR,Rattan,Unplanned,Closed,2026-06-03T03:59:53Z,2026-06-03T07:42:00Z,222
1868554,West,FARIDKOT,PREM NAGAR,Unplanned,Closed,2026-06-03T03:58:00Z,2026-06-03T05:52:00Z,114
1868596,Border,GURDASPUR,AB Sugar Mill,Unplanned,Closed,2026-06-03T03:55:00Z,2026-06-03T04:55:00Z,60
1868581,Border,GURDASPUR,Dogar Mahesh,Unplanned,Closed,2026-06-03T03:55:00Z,2026-06-03T04:55:00Z,60
1868562,West,FARIDKOT,11KV HARINDERA NAGAR,Unplanned,Closed,2026-06-03T03:51:00Z,2026-06-03T05:00:48Z,69
1868560,West,FARIDKOT,POLICE LINE,Unplanned,Closed,2026-06-03T03:51:00Z,2026-06-03T05:50:00Z,119
1868622,South,BARNALA,SEHNA 24 Hrs.,Unplanned,Closed,2026-06-03T03:50:00Z,2026-06-03T04:45:00Z,55
1868550,North,HOSHIARPUR,BADLA,Unplanned,Closed,2026-06-03T03:50:00Z,2026-06-03T04:35:00Z,45
1868614,Border,SUB URBAN AMRITSAR,Bhalla Colony,Unplanned,Closed,2026-06-03T03:45:19Z,2026-06-03T05:35:00Z,109
1868670,West,BATHINDA,Talwandi Road,Unplanned,Closed,2026-06-03T03:45:00Z,2026-06-03T05:37:00Z,112
1868545,West,FARIDKOT,Dutt Road,Unplanned,Closed,2026-06-03T03:45:00Z,2026-06-03T04:42:00Z,57
1868542,West,FARIDKOT,JANDSAHIB UPS,Unplanned,Closed,2026-06-03T03:44:00Z,2026-06-03T05:41:00Z,117
1868553,Border,GURDASPUR,New Batala Road,Unplanned,Closed,2026-06-03T03:42:00Z,2026-06-03T04:30:00Z,48
1868547,Central,SUB URBAN LUDHIANA,RACHHIN,Unplanned,Closed,2026-06-03T03:40:00Z,2026-06-03T04:20:48Z,40
1868544,North,JALANDHAR,PEER PRANIA FEEDER,Unplanned,Closed,2026-06-03T03:40:00Z,2026-06-03T04:30:00Z,50
1868647,West,FARIDKOT,11 KV  CHANNU WALA UPS,Unplanned,Closed,2026-06-03T03:35:00Z,2026-06-03T06:30:00Z,175
1868571,Border,TARN TARAN,SUGAR MILL,Unplanned,Closed,2026-06-03T03:35:00Z,2026-06-03T06:20:00Z,165
1868570,Border,TARN TARAN,JAWANDY,Unplanned,Closed,2026-06-03T03:35:00Z,2026-06-03T05:50:00Z,135
1868569,Border,TARN TARAN,NAUSHEHRA PANNUN URBAN,Unplanned,Closed,2026-06-03T03:35:00Z,2026-06-03T05:55:00Z,140
1868568,Border,TARN TARAN,UPS KIRTOWAL,Unplanned,Closed,2026-06-03T03:35:00Z,2026-06-03T05:27:31Z,112
1868543,North,JALANDHAR,GANDHI NAGAR,Unplanned,Closed,2026-06-03T03:35:00Z,2026-06-03T04:15:00Z,40
1868540,North,HOSHIARPUR,INDUSTRIAL,Unplanned,Closed,2026-06-03T03:35:00Z,2026-06-03T04:20:01Z,45
1868539,North,HOSHIARPUR,SHAM-84,Unplanned,Closed,2026-06-03T03:35:00Z,2026-06-03T04:20:51Z,45
1868538,North,HOSHIARPUR,TARAGARH,Unplanned,Closed,2026-06-03T03:35:00Z,2026-06-03T04:20:39Z,45
1868537,North,HOSHIARPUR,JALBHEY,Unplanned,Closed,2026-06-03T03:35:00Z,2026-06-03T04:20:28Z,45
1868535,North,HOSHIARPUR,PATHRALIAN,Unplanned,Closed,2026-06-03T03:35:00Z,2026-06-03T04:20:00Z,45
1868534,Border,TARN TARAN,CITY 5,Unplanned,Closed,2026-06-03T03:35:00Z,2026-06-03T04:35:00Z,60
1868531,West,MUKATSAR,11 KV Bhagsar UPS,Unplanned,Closed,2026-06-03T03:35:00Z,2026-06-03T05:25:00Z,110
1868528,East,MOHALI,11 KV Sector-71,Unplanned,Closed,2026-06-03T03:35:00Z,2026-06-03T04:08:00Z,33
1868527,East,MOHALI,11 KV Sec-73,Unplanned,Closed,2026-06-03T03:33:00Z,2026-06-03T04:05:00Z,32
1868635,North,JALANDHAR,SABOWAL,Unplanned,Closed,2026-06-03T03:32:00Z,2026-06-03T05:16:00Z,104
1868526,West,FARIDKOT,khara UPS,Unplanned,Closed,2026-06-03T03:32:00Z,2026-06-03T05:45:00Z,133
1868633,Border,TARN TARAN,Udhonangal,Unplanned,Closed,2026-06-03T03:30:00Z,2026-06-03T06:15:00Z,165
1868610,Border,SUB URBAN AMRITSAR,Kotla Urban,Unplanned,Closed,2026-06-03T03:30:00Z,2026-06-03T06:10:00Z,160
1868602,Border,SUB URBAN AMRITSAR,DEO BATH,Unplanned,Closed,2026-06-03T03:30:00Z,2026-06-03T07:05:00Z,215
1868548,Border,TARN TARAN,JAWANDY KHURD,Unplanned,Closed,2026-06-03T03:30:00Z,2026-06-03T06:45:00Z,195
1868541,North,JALANDHAR,Urban Rural no 2,Unplanned,Closed,2026-06-03T03:30:00Z,2026-06-03T04:20:00Z,50
1868536,West,MUKATSAR,INDUSTRIAL,Unplanned,Closed,2026-06-03T03:30:00Z,2026-06-03T05:44:00Z,134
1868522,North,HOSHIARPUR,11Kv Bebhalmanj UPS,Unplanned,Closed,2026-06-03T03:30:00Z,2026-06-03T03:40:00Z,10
1868516,Border,SUB URBAN AMRITSAR,11 kv GreenLand,Unplanned,Closed,2026-06-03T03:30:00Z,2026-06-03T05:40:00Z,130
1868504,Border,TARN TARAN,UPS BABA MEHTAB SINGH,Unplanned,Closed,2026-06-03T03:25:24Z,2026-06-03T06:30:00Z,184
1868615,Border,SUB URBAN AMRITSAR,Jabowall,Unplanned,Closed,2026-06-03T03:25:00Z,2026-06-03T06:40:00Z,195
1868524,Border,GURDASPUR,SATKOHA,Unplanned,Closed,2026-06-03T03:25:00Z,2026-06-03T05:45:00Z,140
1868514,West,FEROZPUR,SODHE WALA,Unplanned,Closed,2026-06-03T03:25:00Z,2026-06-03T07:41:00Z,256
1868513,West,FEROZPUR,DANA MANDI,Unplanned,Closed,2026-06-03T03:25:00Z,2026-06-03T05:28:00Z,123
1868512,West,FEROZPUR,BAGDADI GATE,Unplanned,Closed,2026-06-03T03:25:00Z,2026-06-03T04:36:00Z,71
1868519,West,FEROZPUR,Attari Urban,Unplanned,Closed,2026-06-03T03:22:00Z,2026-06-03T05:00:00Z,98
1868515,West,FEROZPUR,Katora (UPS),Unplanned,Closed,2026-06-03T03:22:00Z,2026-06-03T07:30:00Z,248
1868552,Border,GURDASPUR,11kv UPS Khoje wal,Unplanned,Closed,2026-06-03T03:21:00Z,2026-06-03T06:02:00Z,161
1868579,Border,SUB URBAN AMRITSAR,Essma,Unplanned,Closed,2026-06-03T03:20:35Z,2026-06-03T05:30:00Z,129
1868574,Border,SUB URBAN AMRITSAR,Sadar bazar,Unplanned,Closed,2026-06-03T03:20:35Z,2026-06-03T04:30:00Z,69
1868546,Border,SUB URBAN AMRITSAR,Muradpura,Unplanned,Closed,2026-06-03T03:20:00Z,2026-06-03T06:15:00Z,175
1868530,Border,SUB URBAN AMRITSAR,City-3,Unplanned,Closed,2026-06-03T03:20:00Z,2026-06-03T04:00:00Z,40
1868529,West,FARIDKOT,Qila Nau,Unplanned,Closed,2026-06-03T03:20:00Z,2026-06-03T06:32:35Z,192
1868525,Border,SUB URBAN AMRITSAR,MES,Unplanned,Closed,2026-06-03T03:20:00Z,2026-06-03T03:50:00Z,30
1868502,West,FARIDKOT,HARDIAL NAGAR,Unplanned,Closed,2026-06-03T03:20:00Z,2026-06-03T04:25:00Z,65
1868495,West,FARIDKOT,11 KV Dana Mandi,Unplanned,Closed,2026-06-03T03:16:00Z,2026-06-03T04:15:00Z,59
1868533,North,JALANDHAR,FATEHGARH,Unplanned,Closed,2026-06-03T03:15:00Z,2026-06-03T04:15:00Z,60
1868511,West,FARIDKOT,Focal Point,Unplanned,Closed,2026-06-03T03:15:00Z,2026-06-03T07:05:00Z,230
1868499,Border,TARN TARAN,BHOIN UPS,Unplanned,Closed,2026-06-03T03:15:00Z,2026-06-03T04:01:00Z,46
1868498,Border,TARN TARAN,Fatehabad Urban .,Unplanned,Closed,2026-06-03T03:15:00Z,2026-06-03T04:40:00Z,85
1868501,Border,TARN TARAN,BALA CHAK,Unplanned,Closed,2026-06-03T03:14:00Z,2026-06-03T07:20:00Z,246
1868500,Border,TARN TARAN,VARPALCITY,Unplanned,Closed,2026-06-03T03:14:00Z,2026-06-03T08:15:00Z,301
1868494,West,FARIDKOT,KARYAAL URBAN,Unplanned,Closed,2026-06-03T03:14:00Z,2026-06-03T04:14:00Z,60
1868591,Border,TARN TARAN,UPS Baba Risiana Ji,Unplanned,Closed,2026-06-03T03:13:00Z,2026-06-03T06:50:00Z,217
1868493,West,FARIDKOT,KAMAL KE UPS,Unplanned,Closed,2026-06-03T03:13:00Z,2026-06-03T04:13:00Z,60
1868492,West,FARIDKOT,CHEEMA,Unplanned,Closed,2026-06-03T03:12:00Z,2026-06-03T04:12:00Z,60
1868523,West,FEROZPUR,Noor pur Sethan,Unplanned,Closed,2026-06-03T03:11:00Z,2026-06-03T05:43:00Z,152
1868521,West,FEROZPUR,BASTI TANKAN WALI,Unplanned,Closed,2026-06-03T03:11:00Z,2026-06-03T05:00:00Z,109
1868489,West,FARIDKOT,DHARAMKOT,Unplanned,Closed,2026-06-03T03:11:00Z,2026-06-03T04:11:00Z,60
1868510,Border,GURDASPUR,Jafferwal,Unplanned,Closed,2026-06-03T03:10:00Z,2026-06-03T04:40:00Z,90
1868508,Border,GURDASPUR,24Hrs SUPPLY KALA BALA,Unplanned,Closed,2026-06-03T03:10:00Z,2026-06-03T04:40:00Z,90
1868507,Border,GURDASPUR,24Hrs SUPPLY SEKHWAN,Unplanned,Closed,2026-06-03T03:10:00Z,2026-06-03T06:30:00Z,200
1868497,Border,SUB URBAN AMRITSAR,UPS  AMARKOT,Unplanned,Closed,2026-06-03T03:10:00Z,2026-06-03T06:15:00Z,185
1868496,Border,SUB URBAN AMRITSAR,Gunowall,Unplanned,Closed,2026-06-03T03:10:00Z,2026-06-03T06:10:00Z,180
1868487,West,FARIDKOT,11 KV GAGRA UPS,Unplanned,Closed,2026-06-03T03:10:00Z,2026-06-03T04:04:00Z,54
1868486,West,FARIDKOT,BABA TULSI DASS   (URBAN-11 kik),Unplanned,Closed,2026-06-03T03:09:00Z,2026-06-03T03:56:00Z,47
1868485,West,FARIDKOT,11KV SIDHU FARM URBAN,Unplanned,Closed,2026-06-03T03:08:00Z,2026-06-03T04:05:00Z,57
1868476,North,JALANDHAR,11KV HOUSING BOARD,Unplanned,Closed,2026-06-03T03:06:17Z,2026-06-03T03:45:17Z,39
1868475,North,JALANDHAR,11KV NIKKU PARK,Unplanned,Closed,2026-06-03T03:06:17Z,2026-06-03T03:48:17Z,42
1868474,North,JALANDHAR,SABOWAL,Unplanned,Closed,2026-06-03T03:06:17Z,2026-06-03T03:29:17Z,23
1868473,North,JALANDHAR,URBAN ESTATE,Unplanned,Closed,2026-06-03T03:06:17Z,2026-06-03T03:48:17Z,42
1868472,North,JALANDHAR,GEETA MANDIR,Unplanned,Closed,2026-06-03T03:06:17Z,2026-06-03T03:48:17Z,42
1868471,North,JALANDHAR,GURU NANAK NAGAR,Unplanned,Closed,2026-06-03T03:06:17Z,2026-06-03T03:42:17Z,36
1868470,North,JALANDHAR,WARYAM NAGAR,Unplanned,Closed,2026-06-03T03:06:17Z,2026-06-03T03:46:17Z,40
1868469,North,JALANDHAR,GOL MARKET,Unplanned,Closed,2026-06-03T03:06:17Z,2026-06-03T03:40:17Z,34
1868488,Border,TARN TARAN,UPS AHMADPUR,Unplanned,Closed,2026-06-03T03:06:00Z,2026-06-03T07:30:00Z,264
1868468,West,FARIDKOT,SUNDER NAGAR,Unplanned,Closed,2026-06-03T03:06:00Z,2026-06-03T04:04:00Z,58
1868483,North,JALANDHAR,Alipur,Unplanned,Closed,2026-06-03T03:05:07Z,2026-06-03T03:50:07Z,45
1868482,North,JALANDHAR,Eastwood,Unplanned,Closed,2026-06-03T03:05:07Z,2026-06-03T03:50:07Z,45
1868481,North,JALANDHAR,Vajra Vihar,Unplanned,Closed,2026-06-03T03:05:07Z,2026-06-03T03:50:07Z,45
1868480,North,JALANDHAR,New Defence Colony,Unplanned,Closed,2026-06-03T03:05:07Z,2026-06-03T03:50:07Z,45
1868479,North,JALANDHAR,Lucky Dhaba,Unplanned,Closed,2026-06-03T03:05:07Z,2026-06-03T03:50:07Z,45
1868478,North,JALANDHAR,Lilly Resort,Unplanned,Closed,2026-06-03T03:05:07Z,2026-06-03T03:50:07Z,45
1868477,North,JALANDHAR,Viva Collage New,Unplanned,Closed,2026-06-03T03:05:07Z,2026-06-03T03:50:07Z,45
1868490,Border,SUB URBAN AMRITSAR,BIRBAL PURA UPS,Unplanned,Closed,2026-06-03T03:05:00Z,2026-06-03T03:20:00Z,15
1868465,West,FARIDKOT,KOT ISE KHAN,Unplanned,Closed,2026-06-03T03:05:00Z,2026-06-03T04:04:00Z,59
1868464,West,FARIDKOT,BABA MANGAL SINGHUPS (BUGHIPURA),Unplanned,Closed,2026-06-03T03:04:00Z,2026-06-03T03:56:00Z,52
1868551,Border,GURDASPUR,11 kv Dhupshari ups,Unplanned,Closed,2026-06-03T03:03:00Z,2026-06-03T04:02:00Z,59
1868491,North,JALANDHAR,Guru Nanak Nagar,Unplanned,Closed,2026-06-03T03:02:00Z,2026-06-03T03:52:00Z,50
1868462,West,FARIDKOT,AJITWAL URBAN 2,Unplanned,Closed,2026-06-03T03:02:00Z,2026-06-03T04:30:00Z,88
1868460,West,FARIDKOT,PREM NAGAR,Unplanned,Closed,2026-06-03T03:02:00Z,2026-06-03T03:53:00Z,51
1868634,Border,TARN TARAN,BUTALA URBAN,Unplanned,Closed,2026-06-03T03:01:00Z,2026-06-03T07:01:00Z,240
1868506,Border,TARN TARAN,24 Hrs. UPS Ghariala,Unplanned,Closed,2026-06-03T03:00:00Z,2026-06-03T05:51:29Z,171
1868484,Border,TARN TARAN,URBAN GHARYALA,Unplanned,Closed,2026-06-03T03:00:00Z,2026-06-03T08:05:00Z,305
1868463,Border,TARN TARAN,UPS MAAN,Unplanned,Closed,2026-06-03T03:00:00Z,2026-06-03T07:55:00Z,295
1868458,West,FARIDKOT,BUDH RAM URBAN,Unplanned,Closed,2026-06-03T03:00:00Z,2026-06-03T03:51:00Z,51
1868454,West,FARIDKOT,Sai Dham,Unplanned,Closed,2026-06-03T03:00:00Z,2026-06-03T04:00:00Z,60
1868453,Central,CITY WEST LUDHIANA,ABDULLAPUR BASTI,Unplanned,Closed,2026-06-03T03:00:00Z,2026-06-03T04:02:14Z,62
1868451,West,FARIDKOT,Ram ganz,Unplanned,Closed,2026-06-03T03:00:00Z,2026-06-03T03:56:00Z,56
1868449,West,FARIDKOT,SARDAR NAGAR,Unplanned,Closed,2026-06-03T03:00:00Z,2026-06-03T03:54:00Z,54
1868427,West,FARIDKOT,11KV NEW GEETA COLONY CAT-1,Unplanned,Closed,2026-06-03T02:59:00Z,2026-06-03T03:59:00Z,60
1868426,West,FARIDKOT,VIDANT NAGAR,Unplanned,Closed,2026-06-03T02:58:00Z,2026-06-03T03:58:00Z,60
1868425,West,FARIDKOT,CITY MOGA,Unplanned,Closed,2026-06-03T02:57:00Z,2026-06-03T03:57:00Z,60
1868423,West,FARIDKOT,CIVIL HOSPITAL,Unplanned,Closed,2026-06-03T02:56:00Z,2026-06-03T03:56:00Z,60
1868549,Border,SUB URBAN AMRITSAR,B. Mill,Unplanned,Closed,2026-06-03T02:55:00Z,2026-06-03T05:10:00Z,135
1868448,North,JALANDHAR,MES,Unplanned,Closed,2026-06-03T02:55:00Z,2026-06-03T03:35:00Z,40
1868447,North,JALANDHAR,11 KV Cantt Mandi,Unplanned,Closed,2026-06-03T02:55:00Z,2026-06-03T03:35:00Z,40
1868446,North,JALANDHAR,11 KV Lal Kurti Feeder,Unplanned,Closed,2026-06-03T02:55:00Z,2026-06-03T03:35:00Z,40
1868445,North,JALANDHAR,Sewerage Treatment Plant,Unplanned,Closed,2026-06-03T02:55:00Z,2026-06-03T03:35:00Z,40
1868444,North,JALANDHAR,DEEP NAGAR,Unplanned,Closed,2026-06-03T02:55:00Z,2026-06-03T03:35:00Z,40
1868443,North,JALANDHAR,PROFFESSER COLONY,Unplanned,Closed,2026-06-03T02:55:00Z,2026-06-03T03:35:00Z,40
1868442,North,JALANDHAR,PRAGPUR,Unplanned,Closed,2026-06-03T02:55:00Z,2026-06-03T03:35:00Z,40
1868441,North,JALANDHAR,CHURCH,Unplanned,Closed,2026-06-03T02:55:00Z,2026-06-03T03:35:00Z,40
1868440,North,JALANDHAR,G T ROAD NO.1,Unplanned,Closed,2026-06-03T02:55:00Z,2026-06-03T03:35:00Z,40
1868439,North,JALANDHAR,GARHA,Unplanned,Closed,2026-06-03T02:55:00Z,2026-06-03T03:35:00Z,40
1868438,North,JALANDHAR,SOFIPIND,Unplanned,Closed,2026-06-03T02:55:00Z,2026-06-03T03:35:00Z,40
1868437,North,JALANDHAR,DHANOWALI,Unplanned,Closed,2026-06-03T02:55:00Z,2026-06-03T03:35:00Z,40
1868436,North,JALANDHAR,GT Road No. 2,Unplanned,Closed,2026-06-03T02:55:00Z,2026-06-03T03:35:00Z,40
1868435,North,JALANDHAR,RAMA MANDI,Unplanned,Closed,2026-06-03T02:55:00Z,2026-06-03T03:35:00Z,40
1868434,North,JALANDHAR,TV TOWER,Unplanned,Closed,2026-06-03T02:55:00Z,2026-06-03T03:35:00Z,40
1868433,North,JALANDHAR,PAP,Unplanned,Closed,2026-06-03T02:55:00Z,2026-06-03T03:35:00Z,40
1868432,North,JALANDHAR,veva collage,Unplanned,Closed,2026-06-03T02:55:00Z,2026-06-03T03:35:00Z,40
1868431,North,JALANDHAR,RAIWAY WORKSHOP,Unplanned,Closed,2026-06-03T02:55:00Z,2026-06-03T03:35:00Z,40
1868421,West,FARIDKOT,Nigaha Road,Unplanned,Closed,2026-06-03T02:55:00Z,2026-06-03T03:55:00Z,60
1868418,West,FARIDKOT,PARTAP ROAD,Unplanned,Closed,2026-06-03T02:55:00Z,2026-06-03T03:55:00Z,60
1868455,North,JALANDHAR,BASANT HILLS,Unplanned,Closed,2026-06-03T02:54:00Z,2026-06-03T03:20:00Z,26
1868413,West,FARIDKOT,MOGA-2,Unplanned,Closed,2026-06-03T02:54:00Z,2026-06-03T03:54:00Z,60
1868410,West,FARIDKOT,MOGA-1,Unplanned,Closed,2026-06-03T02:53:00Z,2026-06-03T03:53:00Z,60
1868452,North,JALANDHAR,CHANDERSEN,Unplanned,Closed,2026-06-03T02:52:00Z,2026-06-03T03:42:00Z,50
1868415,West,FARIDKOT,11 KV BHOLUWALA ROAD,Unplanned,Closed,2026-06-03T02:51:38Z,2026-06-03T03:50:44Z,59
1868414,West,FARIDKOT,11KV GREEN AVENUE,Unplanned,Closed,2026-06-03T02:51:38Z,2026-06-03T03:50:44Z,59
1868411,West,FARIDKOT,11KV SANJAY NAGAR,Unplanned,Closed,2026-06-03T02:51:38Z,2026-06-03T03:50:44Z,59
1868409,West,FARIDKOT,11KV Circular Road,Unplanned,Closed,2026-06-03T02:51:38Z,2026-06-03T03:50:44Z,59
1868407,West,FARIDKOT,11KV Chehal UPS,Unplanned,Closed,2026-06-03T02:51:38Z,2026-06-03T03:50:44Z,59
1868406,West,FARIDKOT,11 KV GURU ANGAD DEV G UPS,Unplanned,Closed,2026-06-03T02:51:38Z,2026-06-03T03:50:44Z,59
1868405,West,FARIDKOT,11KV HARINDERA NAGAR,Unplanned,Closed,2026-06-03T02:51:38Z,2026-06-03T03:50:44Z,59
1868404,West,FARIDKOT,BALBIR BASTI DHQ,Unplanned,Closed,2026-06-03T02:51:38Z,2026-06-03T03:50:44Z,59
1868403,West,FARIDKOT,POLICE LINE,Unplanned,Closed,2026-06-03T02:51:38Z,2026-06-03T03:50:44Z,59
1868466,North,JALANDHAR,NEW MODEL TOWN,Unplanned,Closed,2026-06-03T02:51:00Z,2026-06-03T03:46:00Z,55
1868395,West,FARIDKOT,Jawahar Nagar,Unplanned,Closed,2026-06-03T02:51:00Z,2026-06-03T03:51:00Z,60
1868630,Border,TARN TARAN,BANIA URBAN,Unplanned,Closed,2026-06-03T02:50:00Z,2026-06-03T06:10:00Z,200
1868518,North,JALANDHAR,11KV GTB NAGAR,Unplanned,Closed,2026-06-03T02:50:00Z,2026-06-03T03:48:00Z,58
1868517,Border,GURDASPUR,DABURJI,Unplanned,Closed,2026-06-03T02:50:00Z,2026-06-03T04:50:00Z,120
1868505,West,FARIDKOT,Bhai Veer Singh,Unplanned,Closed,2026-06-03T02:50:00Z,2026-06-03T04:55:00Z,125
1868503,West,FARIDKOT,Baba Fateh Singh,Unplanned,Closed,2026-06-03T02:50:00Z,2026-06-03T04:14:00Z,84
1868430,Border,SUB URBAN AMRITSAR,UPS Chattiwind,Unplanned,Closed,2026-06-03T02:50:00Z,2026-06-03T05:30:00Z,160
1868429,Border,GURDASPUR,BHALOWALI UPS,Unplanned,Closed,2026-06-03T02:50:00Z,2026-06-03T06:15:00Z,205
1868402,North,KAPURTHALA,MALL ROAD URBAN,Unplanned,Closed,2026-06-03T02:50:00Z,2026-06-03T03:40:00Z,50
1868461,West,FARIDKOT,BABA SHAHID UPS,Unplanned,Closed,2026-06-03T02:45:55Z,2026-06-03T04:16:40Z,90
1868626,West,FARIDKOT,11 KV INDUSTRIAL CAT-02,Unplanned,Closed,2026-06-03T02:45:00Z,2026-06-03T06:15:00Z,210
1868459,West,FARIDKOT,SURAJ NAGAR,Unplanned,Closed,2026-06-03T02:45:00Z,2026-06-03T03:44:00Z,59
1868457,West,FARIDKOT,11 KV BABA VISHAVKARMA,Unplanned,Closed,2026-06-03T02:45:00Z,2026-06-03T03:44:00Z,59
1868456,West,FARIDKOT,Guru Ram Dass Nagar,Unplanned,Closed,2026-06-03T02:45:00Z,2026-06-03T03:44:00Z,59
1868424,West,FARIDKOT,SHAHEED BHAGAT SINGH NAGAR,Unplanned,Closed,2026-06-03T02:45:00Z,2026-06-03T03:44:00Z,59
1868422,West,FARIDKOT,ITI,Unplanned,Closed,2026-06-03T02:45:00Z,2026-06-03T03:44:00Z,59
1868420,West,FARIDKOT,LandeKe URBAN,Unplanned,Closed,2026-06-03T02:45:00Z,2026-06-03T03:44:00Z,59
1868419,North,JALANDHAR,VAJU VIHAR,Unplanned,Closed,2026-06-03T02:45:00Z,2026-06-03T03:05:00Z,20
1868417,West,FARIDKOT,11 SODHI NAGAR URBAN,Unplanned,Closed,2026-06-03T02:45:00Z,2026-06-03T03:40:00Z,55
1868416,North,JALANDHAR,11KVMARKFEED FEEDER,Unplanned,Closed,2026-06-03T02:45:00Z,2026-06-03T03:05:00Z,20
1868412,West,FARIDKOT,SAHIBZADA AJIT SINGH NAGAR,Unplanned,Closed,2026-06-03T02:45:00Z,2026-06-03T03:40:00Z,55
1868408,West,FARIDKOT,AKALSAR,Unplanned,Closed,2026-06-03T02:45:00Z,2026-06-03T03:40:00Z,55
1868401,West,FARIDKOT,FCI URBAN,Unplanned,Closed,2026-06-03T02:45:00Z,2026-06-03T03:40:00Z,55
1868400,West,FARIDKOT,AMRITSAR ROAD URBAN,Unplanned,Closed,2026-06-03T02:45:00Z,2026-06-03T03:42:00Z,57
1868399,West,FARIDKOT,Dutt Road,Unplanned,Closed,2026-06-03T02:45:00Z,2026-06-03T03:44:00Z,59
1868397,West,FARIDKOT,Zira Road,Unplanned,Closed,2026-06-03T02:45:00Z,2026-06-03T03:44:00Z,59
1868398,West,FARIDKOT,MEHMOANA UPS,Unplanned,Closed,2026-06-03T02:43:17Z,2026-06-03T03:42:26Z,59
1868396,West,FARIDKOT,DHILWAN,Unplanned,Closed,2026-06-03T02:43:17Z,2026-06-03T03:42:26Z,59
1868394,West,FARIDKOT,11 KV Mann Singh Wala UPS,Unplanned,Closed,2026-06-03T02:43:17Z,2026-06-03T03:42:26Z,59
1868393,West,FARIDKOT,JANDSAHIB UPS,Unplanned,Closed,2026-06-03T02:43:17Z,2026-06-03T03:42:26Z,59
1868392,West,FARIDKOT,SADIQ,Unplanned,Closed,2026-06-03T02:43:17Z,2026-06-03T03:42:26Z,59
1868532,West,MUKATSAR,D.K.S.Enclave,Unplanned,Closed,2026-06-03T02:40:00Z,2026-06-03T05:30:00Z,170
1868509,West,MUKATSAR,New Patrewala UPS,Unplanned,Closed,2026-06-03T02:40:00Z,2026-06-03T03:55:00Z,75
1868428,West,FARIDKOT,BURJ HARIKA,Unplanned,Closed,2026-06-03T02:40:00Z,2026-06-03T02:55:00Z,15
1868450,Border,TARN TARAN,KAROWAL,Unplanned,Closed,2026-06-03T02:38:00Z,2026-06-03T06:13:00Z,215
1868377,Border,GURDASPUR,Sahowal,Unplanned,Closed,2026-06-03T02:36:00Z,2026-06-03T03:26:00Z,50
1868390,West,FARIDKOT,11KV MACHAKI MAL SINGH UPS,Unplanned,Closed,2026-06-03T02:35:17Z,2026-06-03T03:34:26Z,59
1868389,West,FARIDKOT,DOGAR BASTI,Unplanned,Closed,2026-06-03T02:35:17Z,2026-06-03T03:34:26Z,59
1868388,West,FARIDKOT,11KV MAI GODRI SHAIB,Unplanned,Closed,2026-06-03T02:35:17Z,2026-06-03T03:34:26Z,59
1868387,West,FARIDKOT,11KV NEW HARINDERA NAGAR,Unplanned,Closed,2026-06-03T02:35:17Z,2026-06-03T03:34:26Z,59
1868385,West,FARIDKOT,NEW TEACHER COLONY,Unplanned,Closed,2026-06-03T02:35:17Z,2026-06-03T03:34:26Z,59
1868382,West,FARIDKOT,JAIL,Unplanned,Closed,2026-06-03T02:35:17Z,2026-06-03T03:34:26Z,59
1868381,West,FARIDKOT,LINE BAZAR,Unplanned,Closed,2026-06-03T02:35:17Z,2026-06-03T03:32:26Z,57
1868380,West,FARIDKOT,CITY,Unplanned,Closed,2026-06-03T02:35:17Z,2026-06-03T03:32:26Z,57
1868379,West,FARIDKOT,FEROZPUR ROAD,Unplanned,Closed,2026-06-03T02:35:17Z,2026-06-03T03:34:26Z,59
1868378,West,FARIDKOT,BHAN SINGH COLONY,Unplanned,Closed,2026-06-03T02:35:17Z,2026-06-03T03:34:26Z,59
1868376,West,FARIDKOT,GURU NANAK COLONY,Unplanned,Closed,2026-06-03T02:35:17Z,2026-06-03T03:34:26Z,59
1868375,West,FARIDKOT,11 ADARSH NAGAR,Unplanned,Closed,2026-06-03T02:35:17Z,2026-06-03T03:34:26Z,59
1868374,West,FARIDKOT,BABA FARID,Unplanned,Closed,2026-06-03T02:35:17Z,2026-06-03T03:34:26Z,59
1868373,Border,GURDASPUR,HARDARWAL KALAN,Unplanned,Closed,2026-06-03T02:35:00Z,2026-06-03T04:40:00Z,125
1868363,Border,SUB URBAN AMRITSAR,A.S.FARM,Unplanned,Closed,2026-06-03T02:35:00Z,2026-06-03T03:00:00Z,25
1868356,Border,SUB URBAN AMRITSAR,Mustafabaad,Unplanned,Closed,2026-06-03T02:31:00Z,2026-06-03T04:30:00Z,119
1868467,Border,TARN TARAN,UPS Baba Bhai Jethe Ji,Unplanned,Closed,2026-06-03T02:30:27Z,2026-06-03T08:15:00Z,344
1868384,Border,TARN TARAN,MANOCHAL UPS,Unplanned,Closed,2026-06-03T02:30:00Z,2026-06-03T05:15:00Z,165
1868371,North,KAPURTHALA,AJIT NAGAR,Unplanned,Closed,2026-06-03T02:30:00Z,2026-06-03T03:30:00Z,60
1868370,North,KAPURTHALA,Guru Nanak Nagar URBAN,Unplanned,Closed,2026-06-03T02:30:00Z,2026-06-03T03:30:00Z,60
1868369,Border,SUB URBAN AMRITSAR,Khankot,Unplanned,Closed,2026-06-03T02:30:00Z,2026-06-03T03:30:00Z,60
1868361,Border,GURDASPUR,Roranwali 24 hrs.,Unplanned,Closed,2026-06-03T02:25:08Z,2026-06-03T03:25:08Z,60
1868360,Border,GURDASPUR,11 K.V UPS Balwanda,Unplanned,Closed,2026-06-03T02:25:08Z,2026-06-03T03:25:08Z,60
1868359,Border,GURDASPUR,Sathiali 24 hrs.,Unplanned,Closed,2026-06-03T02:25:08Z,2026-06-03T03:25:08Z,60
1868368,East,ROPAR,KTM,Unplanned,Closed,2026-06-03T02:24:00Z,2026-06-03T03:56:00Z,92
1868520,West,FEROZPUR,CHAND BAZAA(UPS),Unplanned,Closed,2026-06-03T02:22:00Z,2026-06-03T06:26:00Z,244
1868353,Border,TARN TARAN,KHEMKARAN ROAD,Unplanned,Closed,2026-06-03T02:20:27Z,2026-06-03T07:09:00Z,288
1868366,West,FARIDKOT,INDUSTRIAL,Unplanned,Closed,2026-06-03T02:20:00Z,2026-06-03T03:35:41Z,75
1868365,West,FARIDKOT,TEACHER COLONY,Unplanned,Closed,2026-06-03T02:20:00Z,2026-06-03T03:54:41Z,94
1868349,Border,SUB URBAN AMRITSAR,BSF,Unplanned,Closed,2026-06-03T02:16:31Z,2026-06-03T07:04:00Z,287
1868348,Border,SUB URBAN AMRITSAR,11 KV WADALA,Unplanned,Closed,2026-06-03T02:16:31Z,2026-06-03T06:35:00Z,258
1868345,Border,SUB URBAN AMRITSAR,BASKEGILLAN UPS,Unplanned,Closed,2026-06-03T02:13:30Z,2026-06-03T08:50:00Z,396
1868344,Border,SUB URBAN AMRITSAR,BASERKAY GILLAN,Unplanned,Closed,2026-06-03T02:13:30Z,2026-06-03T10:40:00Z,506
1868343,Border,SUB URBAN AMRITSAR,KOTLA UPS,Unplanned,Closed,2026-06-03T02:13:30Z,2026-06-03T10:12:00Z,478
1868372,Border,SUB URBAN AMRITSAR,Thathian,Unplanned,Closed,2026-06-03T02:10:00Z,2026-06-03T06:10:00Z,240
1868362,Border,CITY AMRITSAR,GREEN AVENUE,Unplanned,Closed,2026-06-03T02:10:00Z,2026-06-03T02:50:00Z,40
1868352,Border,GURDASPUR,Focal Point,Unplanned,Closed,2026-06-03T02:10:00Z,2026-06-03T05:40:00Z,210
1868351,Border,TARN TARAN,POLICE LINE,Unplanned,Closed,2026-06-03T02:10:00Z,2026-06-03T02:33:00Z,23
1868346,Border,SUB URBAN AMRITSAR,Bhai Manj Road,Unplanned,Closed,2026-06-03T02:10:00Z,2026-06-03T02:50:00Z,40
1868340,Border,SUB URBAN AMRITSAR,Mollechak,Unplanned,Closed,2026-06-03T02:10:00Z,2026-06-03T06:01:00Z,231
1868336,Border,SUB URBAN AMRITSAR,BABA NAHAR SINGH,Unplanned,Closed,2026-06-03T02:05:32Z,2026-06-03T07:39:00Z,333
1868335,Border,SUB URBAN AMRITSAR,BHUSSE,Unplanned,Closed,2026-06-03T02:05:32Z,2026-06-03T10:48:00Z,522
1868342,Border,SUB URBAN AMRITSAR,Faizpur,Unplanned,Closed,2026-06-03T02:05:00Z,2026-06-03T02:30:00Z,25
1868341,Border,CITY AMRITSAR,KISHANKOT,Unplanned,Closed,2026-06-03T02:02:00Z,2026-06-03T03:00:00Z,58
1868358,Border,GURDASPUR,24Hrs MALO GILL,Unplanned,Closed,2026-06-03T02:01:00Z,2026-06-03T02:55:00Z,54
1868357,Border,GURDASPUR,24Hrs Khanowal,Unplanned,Closed,2026-06-03T02:01:00Z,2026-06-03T02:55:00Z,54
1868350,Border,SUB URBAN AMRITSAR,UPS/ MANAWALA,Unplanned,Closed,2026-06-03T02:01:00Z,2026-06-03T06:15:00Z,254
1868334,Border,SUB URBAN AMRITSAR,NAWAN ADDA RAJA SANSI,Unplanned,Closed,2026-06-03T02:01:00Z,2026-06-03T06:10:00Z,249
1868333,Border,SUB URBAN AMRITSAR,GURU NANAKPURA,Unplanned,Closed,2026-06-03T02:01:00Z,2026-06-03T07:10:00Z,309
1868332,Border,SUB URBAN AMRITSAR,BAL SACHANDER,Unplanned,Closed,2026-06-03T02:01:00Z,2026-06-03T07:50:00Z,349
1868367,Border,TARN TARAN,24 Hur. Sohal,Unplanned,Closed,2026-06-03T02:00:00Z,2026-06-03T05:15:00Z,195
1868337,Border,GURDASPUR,SD Collage,Unplanned,Closed,2026-06-03T02:00:00Z,2026-06-03T02:25:00Z,25
1868391,Border,GURDASPUR,Civil line,Unplanned,Closed,2026-06-03T01:56:00Z,2026-06-03T02:51:00Z,55
1868364,Border,GURDASPUR,Industrial Area,Unplanned,Closed,2026-06-03T01:55:00Z,2026-06-03T03:18:00Z,83
1868338,Border,SUB URBAN AMRITSAR,MVN INDUSTRY,Unplanned,Closed,2026-06-03T01:55:00Z,2026-06-03T03:35:00Z,100
1868325,West,FEROZPUR,11 KV  Bhagat singh College,Unplanned,Closed,2026-06-03T01:53:43Z,2026-06-03T02:54:43Z,61
1868324,West,FEROZPUR,Gobar Mandi,Unplanned,Closed,2026-06-03T01:53:43Z,2026-06-03T02:54:43Z,61
1868323,West,FEROZPUR,Bahadur Wala,Unplanned,Closed,2026-06-03T01:53:43Z,2026-06-03T02:57:43Z,64
1868322,West,FEROZPUR,City Enclave,Unplanned,Closed,2026-06-03T01:53:43Z,2026-06-03T02:57:43Z,64
1868321,West,FEROZPUR,HAKE WALA,Unplanned,Closed,2026-06-03T01:53:43Z,2026-06-03T02:57:43Z,64
1868320,West,FEROZPUR,DANA MANDI,Unplanned,Closed,2026-06-03T01:53:43Z,2026-06-03T02:56:43Z,63
1868319,West,FEROZPUR,SUB STATION,Unplanned,Closed,2026-06-03T01:53:43Z,2026-06-03T02:54:43Z,61
1868318,West,FEROZPUR,Makhu Gate,Unplanned,Closed,2026-06-03T01:53:43Z,2026-06-03T02:54:43Z,61
1868317,West,FEROZPUR,POLYTECHNIC COLLEGE,Unplanned,Closed,2026-06-03T01:53:43Z,2026-06-03T02:54:43Z,61
1868316,West,FEROZPUR,BOP,Unplanned,Closed,2026-06-03T01:53:43Z,2026-06-03T02:57:43Z,64
1868315,West,FEROZPUR,SODHE WALA,Unplanned,Closed,2026-06-03T01:53:43Z,2026-06-03T02:57:43Z,64
1868330,West,FEROZPUR,11 KV Delhi Gate,Unplanned,Closed,2026-06-03T01:51:59Z,2026-06-03T02:56:59Z,65
1868329,West,FEROZPUR,Dhawan Colony,Unplanned,Closed,2026-06-03T01:51:59Z,2026-06-03T02:57:59Z,66
1868328,West,FEROZPUR,11 NAMDEV CHAUNK URBAN,Unplanned,Closed,2026-06-03T01:51:59Z,2026-06-03T03:01:59Z,70
1868327,West,FEROZPUR,ZILA PARISHAD,Unplanned,Closed,2026-06-03T01:51:59Z,2026-06-03T02:57:59Z,66
1868326,West,FEROZPUR,BAGDADI GATE,Unplanned,Closed,2026-06-03T01:51:59Z,2026-06-03T02:57:59Z,66
1868386,Border,SUB URBAN AMRITSAR,Pakhoke,Unplanned,Closed,2026-06-03T01:50:00Z,2026-06-03T06:20:00Z,270
1868347,Border,SUB URBAN AMRITSAR,Gehri,Unplanned,Closed,2026-06-03T01:50:00Z,2026-06-03T02:50:00Z,60
1868354,West,BATHINDA,Lakhiwal,Unplanned,Closed,2026-06-03T01:45:00Z,2026-06-03T08:35:00Z,410
1868699,Border,TARN TARAN,Khadoor Sahib URBAN.,Unplanned,Closed,2026-06-03T01:40:00Z,2026-06-03T06:00:00Z,260
1868698,Border,TARN TARAN,BIHARIPUR UPS,Unplanned,Closed,2026-06-03T01:40:00Z,2026-06-03T06:30:00Z,290
1868383,Border,SUB URBAN AMRITSAR,Jahangir,Unplanned,Closed,2026-06-03T01:40:00Z,2026-06-03T06:50:00Z,310
1868295,West,FARIDKOT,SUNDER NAGAR,Unplanned,Closed,2026-06-03T01:37:00Z,2026-06-03T02:09:00Z,32
1868299,Border,SUB URBAN AMRITSAR,KARAM PURA,Unplanned,Closed,2026-06-03T01:35:54Z,2026-06-03T02:20:54Z,45
1868298,Border,SUB URBAN AMRITSAR,MAJITHA ROAD BYE PASS,Unplanned,Closed,2026-06-03T01:35:54Z,2026-06-03T02:20:54Z,45
1868314,Border,SUB URBAN AMRITSAR,Dashmesh Nagar,Unplanned,Closed,2026-06-03T01:35:24Z,2026-06-03T03:04:48Z,89
1868313,Border,SUB URBAN AMRITSAR,KABIR PARK,Unplanned,Closed,2026-06-03T01:35:24Z,2026-06-03T04:30:24Z,175
1868312,Border,SUB URBAN AMRITSAR,Hakima Gate,Unplanned,Closed,2026-06-03T01:35:24Z,2026-06-03T03:04:47Z,89
1868311,Border,SUB URBAN AMRITSAR,Polytechnic,Unplanned,Closed,2026-06-03T01:35:24Z,2026-06-03T03:11:20Z,95
1868310,Border,SUB URBAN AMRITSAR,Guru nanak dev university,Unplanned,Closed,2026-06-03T01:35:24Z,2026-06-03T03:04:47Z,89
1868309,Border,SUB URBAN AMRITSAR,Essma,Unplanned,Closed,2026-06-03T01:35:24Z,2026-06-03T03:04:46Z,89
1868308,Border,SUB URBAN AMRITSAR,Kot khalsa,Unplanned,Closed,2026-06-03T01:35:24Z,2026-06-03T05:45:24Z,250
1868307,Border,SUB URBAN AMRITSAR,SANDHU COLONY,Unplanned,Closed,2026-06-03T01:35:24Z,2026-06-03T03:04:45Z,89
1868306,Border,SUB URBAN AMRITSAR,G.T.Road,Unplanned,Closed,2026-06-03T01:35:24Z,2026-06-03T03:04:44Z,89
1868305,Border,SUB URBAN AMRITSAR,Bhalla Colony,Unplanned,Closed,2026-06-03T01:35:24Z,2026-06-03T03:04:40Z,89
1868304,Border,SUB URBAN AMRITSAR,AZAD ROAD FEEDER,Unplanned,Closed,2026-06-03T01:35:24Z,2026-06-03T03:04:40Z,89
1868303,Border,SUB URBAN AMRITSAR,Partap Bazar,Unplanned,Closed,2026-06-03T01:35:24Z,2026-06-03T03:11:02Z,95
1868302,Border,SUB URBAN AMRITSAR,Sadar bazar,Unplanned,Closed,2026-06-03T01:35:24Z,2026-06-03T03:04:38Z,89
1868301,Border,SUB URBAN AMRITSAR,Industrial Estate,Unplanned,Closed,2026-06-03T01:35:24Z,2026-06-03T03:04:37Z,89
1868300,Border,SUB URBAN AMRITSAR,Disposal,Unplanned,Closed,2026-06-03T01:35:24Z,2026-06-03T03:04:36Z,89
1868355,Border,TARN TARAN,Sarhali Road,Unplanned,Closed,2026-06-03T01:30:00Z,2026-06-03T06:45:00Z,315
1868291,Central,CITY WEST LUDHIANA,URBAN VIHAR,Planned,Closed,2026-06-03T01:28:47Z,2026-06-03T02:14:08Z,45
1868297,North,JALANDHAR,GANDHI NAGAR,Unplanned,Closed,2026-06-03T01:25:00Z,2026-06-03T03:20:00Z,115
1868296,Border,SUB URBAN AMRITSAR,DADDIAN UPS,Unplanned,Closed,2026-06-03T01:25:00Z,2026-06-03T07:15:00Z,350
1868293,Border,SUB URBAN AMRITSAR,Mallan Wali,Unplanned,Closed,2026-06-03T01:25:00Z,2026-06-03T01:35:00Z,10
1868290,Border,SUB URBAN AMRITSAR,BSF,Unplanned,Closed,2026-06-03T01:22:32Z,2026-06-03T02:15:59Z,53
1868289,Border,SUB URBAN AMRITSAR,KOTLA UPS,Unplanned,Closed,2026-06-03T01:22:32Z,2026-06-03T02:13:00Z,50
1868288,Border,SUB URBAN AMRITSAR,11 KV WADALA,Unplanned,Closed,2026-06-03T01:22:32Z,2026-06-03T02:15:42Z,53
1868287,North,HOSHIARPUR,CHACK,Unplanned,Closed,2026-06-03T01:15:00Z,2026-06-03T01:45:00Z,30
1868331,Border,SUB URBAN AMRITSAR,JAGDEV KALAN CAT-1,Unplanned,Closed,2026-06-03T01:10:00Z,2026-06-03T06:45:00Z,335
1868294,East,Zirakpur,AMELIA,Unplanned,Closed,2026-06-03T01:00:00Z,2026-06-03T03:05:00Z,125
1868284,West,FARIDKOT,HARDIAL NAGAR,Unplanned,Closed,2026-06-03T00:58:00Z,2026-06-03T01:53:00Z,55
1868285,Border,GURDASPUR,Pangoli,Unplanned,Closed,2026-06-03T00:54:00Z,2026-06-03T01:20:00Z,26
1868339,Border,GURDASPUR,PASSNAWAL,Unplanned,Closed,2026-06-03T00:50:00Z,2026-06-03T05:14:00Z,264
1868283,Border,TARN TARAN,KOT MEHTAB URBAN,Unplanned,Closed,2026-06-03T00:45:00Z,2026-06-03T04:20:00Z,215
1868278,Central,CITY WEST LUDHIANA,SATGURU NAGAR,Unplanned,Closed,2026-06-03T00:37:11Z,2026-06-03T01:06:24Z,29
1868279,North,JALANDHAR,LADOWALI ROAD,Unplanned,Closed,2026-06-03T00:35:00Z,2026-06-03T00:48:00Z,13
1868282,Border,TARN TARAN,RAYYA BACK FEEDING,Unplanned,Closed,2026-06-03T00:30:00Z,2026-06-03T06:10:00Z,340
1868281,Border,GURDASPUR,SIDHWAN,Unplanned,Closed,2026-06-03T00:30:00Z,2026-06-03T05:40:00Z,310
1868277,South,PATIALA,Bharat colony,Unplanned,Closed,2026-06-03T00:30:00Z,2026-06-03T00:55:00Z,25
1868276,West,FARIDKOT,HARDIAL NAGAR,Unplanned,Closed,2026-06-03T00:28:00Z,2026-06-03T00:48:00Z,20
1868275,North,NAWANSHAHR,Industry,Unplanned,Closed,2026-06-03T00:25:00Z,2026-06-03T00:50:00Z,25
1868274,West,FEROZPUR,RAMPURA UPS,Unplanned,Closed,2026-06-03T00:20:00Z,2026-06-03T09:51:00Z,571
1868271,South,PATIALA,Deep nagar,Unplanned,Closed,2026-06-03T00:18:13Z,2026-06-03T00:39:01Z,20
1868273,East,ROPAR,UPS-II,Unplanned,Closed,2026-06-03T00:18:00Z,2026-06-03T00:35:00Z,17
1868269,West,BATHINDA,11 KV H P Road,Unplanned,Closed,2026-06-03T00:10:00Z,2026-06-03T01:11:00Z,61
1868272,North,JALANDHAR,NIHAL GARGH,Unplanned,Closed,2026-06-03T00:05:00Z,2026-06-03T00:45:00Z,40
1868268,North,NAWANSHAHR,UPS NO.1,Unplanned,Closed,2026-06-02T23:50:00Z,2026-06-03T00:15:24Z,25
1868266,East,Zirakpur,Dehar. Cat. 1,Planned,Closed,2026-06-02T23:45:00Z,2026-06-03T00:20:00Z,35
1868264,Border,GURDASPUR,CITY 2,Unplanned,Closed,2026-06-02T23:41:00Z,2026-06-03T00:39:00Z,58
1868265,West,BATHINDA,PHUL,Unplanned,Closed,2026-06-02T23:31:00Z,2026-06-03T00:55:00Z,84
1868260,Border,TARN TARAN,24 Hrs. UPS Lakhna,Unplanned,Closed,2026-06-02T23:26:01Z,2026-06-03T00:32:39Z,66
1868267,South,BARNALA,MEHAL KALAN CITY,Unplanned,Closed,2026-06-02T23:24:00Z,2026-06-03T00:15:00Z,51
1868262,West,FARIDKOT,11 KV BAGHAPURANA URBAN CAT-01,Unplanned,Closed,2026-06-02T23:22:00Z,2026-06-02T23:38:00Z,16
1868263,North,NAWANSHAHR,ups raipur dabba,Unplanned,Closed,2026-06-02T23:20:00Z,2026-06-03T00:21:14Z,61
1868261,East,Zirakpur,SEVEN STAR,Unplanned,Closed,2026-06-02T23:20:00Z,2026-06-02T23:35:00Z,15
1868286,Border,SUB URBAN AMRITSAR,NAG KALAN Anaitpura,Unplanned,Closed,2026-06-02T23:15:00Z,2026-06-03T05:45:00Z,390
1868257,North,HOSHIARPUR,KAKKON,Unplanned,Closed,2026-06-02T23:10:00Z,2026-06-02T23:32:00Z,22
1868256,West,FARIDKOT,Ajit Singh Wala,Unplanned,Closed,2026-06-02T23:09:00Z,2026-06-03T00:35:00Z,86
1868255,South,PATIALA,JANDOLI,Unplanned,Closed,2026-06-02T23:05:00Z,2026-06-03T00:10:00Z,65
1868251,Central,CITY WEST LUDHIANA,Roop nagar,Unplanned,Closed,2026-06-02T23:04:53Z,2026-06-03T00:17:42Z,72
1868280,Border,SUB URBAN AMRITSAR,chah nighan,Unplanned,Closed,2026-06-02T23:00:00Z,2026-06-03T00:45:48Z,105
1868253,Central,CITY EAST LUDHIANA,BASTI FEEDER,Unplanned,Closed,2026-06-02T23:00:00Z,2026-06-02T23:44:00Z,44
1868252,South,PATIALA,BABA DEEP SINGH,Unplanned,Closed,2026-06-02T22:55:00Z,2026-06-03T00:05:00Z,70
1868249,Border,GURDASPUR,BATHWALA,Unplanned,Closed,2026-06-02T22:51:00Z,2026-06-03T05:15:00Z,384
1868250,Border,SUB URBAN AMRITSAR,24 HORS TALWANDI,Unplanned,Closed,2026-06-02T22:50:00Z,2026-06-02T23:50:00Z,60
1868248,West,BATHINDA,11 KV WATER WORKS,Unplanned,Closed,2026-06-02T22:50:00Z,2026-06-02T23:11:00Z,21
1868232,Central,CITY WEST LUDHIANA,Ranchi Colony,Unplanned,Closed,2026-06-02T22:42:29Z,2026-06-02T23:47:28Z,64
1868235,West,BATHINDA,NATIONAL COLONY,Unplanned,Closed,2026-06-02T22:42:00Z,2026-06-02T23:10:00Z,28
1868231,Central,CITY WEST LUDHIANA,SATGURU NAGAR,Unplanned,Closed,2026-06-02T22:41:19Z,2026-06-02T23:34:45Z,53
1868236,East,Zirakpur,PANCHSHEEL,Planned,Closed,2026-06-02T22:40:00Z,2026-06-02T23:10:00Z,30
1868234,East,Zirakpur,OXFORD STREET,Planned,Closed,2026-06-02T22:40:00Z,2026-06-02T23:10:00Z,30
1868233,North,JALANDHAR,Shitla Mandir,Unplanned,Closed,2026-06-02T22:34:00Z,2026-06-02T23:13:28Z,39
1868230,Border,SUB URBAN AMRITSAR,MILK PLANT,Unplanned,Closed,2026-06-02T22:34:00Z,2026-06-02T23:59:00Z,85
1868227,Central,CITY EAST LUDHIANA,VASHISHT,Unplanned,Closed,2026-06-02T22:18:00Z,2026-06-02T23:31:00Z,73
1868247,Border,GURDASPUR,Gorsiya,Unplanned,Closed,2026-06-02T22:10:00Z,2026-06-02T23:45:00Z,95
1868229,Border,CITY AMRITSAR,Chatiwind Gate,Unplanned,Closed,2026-06-02T22:10:00Z,2026-06-03T05:10:00Z,420
1868228,East,Zirakpur,SEVEN STAR,Unplanned,Closed,2026-06-02T22:01:00Z,2026-06-02T22:58:00Z,57
1868224,Border,GURDASPUR,Meerpur,Unplanned,Closed,2026-06-02T21:50:00Z,2026-06-02T22:15:00Z,25
1868222,South,SANGRUR,banga C-1,Unplanned,Closed,2026-06-02T21:42:00Z,2026-06-02T22:27:00Z,45
1868223,Central,CITY EAST LUDHIANA,DHAHA,Unplanned,Closed,2026-06-02T21:34:07Z,2026-06-02T22:43:51Z,69
1868226,West,BATHINDA,11 KV GOPAL NAGAR,Unplanned,Closed,2026-06-02T21:31:00Z,2026-06-02T23:17:52Z,106
1868218,Central,KHANNA,GANPATI BODY BUILDERS,Unplanned,Closed,2026-06-02T21:30:00Z,2026-06-02T21:33:00Z,3
1868221,East,Zirakpur,11KV Chandigarh Royal City,Unplanned,Closed,2026-06-02T21:18:00Z,2026-06-02T21:45:00Z,27
1868225,West,FARIDKOT,GANGSAR,Unplanned,Closed,2026-06-02T21:16:00Z,2026-06-02T22:50:00Z,94
1868214,West,FEROZPUR,kallu arain,Unplanned,Closed,2026-06-02T21:13:00Z,2026-06-02T22:32:00Z,79
1868216,West,MUKATSAR,11 KV BAHAV WALA,Unplanned,Closed,2026-06-02T21:12:00Z,2026-06-02T21:38:46Z,26
1868215,East,Zirakpur,11 KV Aero Home Feeder,Unplanned,Closed,2026-06-02T21:10:00Z,2026-06-02T21:25:00Z,15
1868207,East,Zirakpur,PREET COLONY,Unplanned,Closed,2026-06-02T21:06:00Z,2026-06-02T23:10:00Z,124
1868219,Border,SUB URBAN AMRITSAR,KWALITY PHARMA,Unplanned,Closed,2026-06-02T21:05:00Z,2026-06-03T03:05:00Z,360
1868213,Border,TARN TARAN,BUTARI URBAN,Unplanned,Closed,2026-06-02T21:05:00Z,2026-06-02T22:40:00Z,95
1868198,South,PATIALA,UPS SUKHEWAL,Unplanned,Closed,2026-06-02T20:57:22Z,2026-06-02T21:55:47Z,58
1868195,Central,CITY EAST LUDHIANA,PINK PLAZA,Planned,Closed,2026-06-02T20:55:00Z,2026-06-02T21:27:00Z,32
1868196,Border,SUB URBAN AMRITSAR,24 HORS TALWANDI,Unplanned,Closed,2026-06-02T20:45:00Z,2026-06-02T22:35:00Z,110
1868197,North,HOSHIARPUR,JAIJON,Unplanned,Closed,2026-06-02T20:44:00Z,2026-06-02T21:30:00Z,46
1868194,North,HOSHIARPUR,BHAMBOTAR,Unplanned,Closed,2026-06-02T20:40:00Z,2026-06-02T21:08:00Z,28
1868193,North,HOSHIARPUR,SANDPUR,Unplanned,Closed,2026-06-02T20:40:00Z,2026-06-02T20:58:00Z,18
1868199,South,PATIALA,UPS ALLOWAL,Unplanned,Closed,2026-06-02T20:31:00Z,2026-06-02T21:25:30Z,54
1868191,North,NAWANSHAHR,UPS No. 2,Unplanned,Closed,2026-06-02T20:30:00Z,2026-06-02T20:50:00Z,20
1868190,Central,KHANNA,Friend colony,Unplanned,Closed,2026-06-02T20:25:00Z,2026-06-02T22:00:00Z,95
1868188,Central,CITY EAST LUDHIANA,BAJAJ SONS,Unplanned,Closed,2026-06-02T20:23:42Z,2026-06-02T21:07:33Z,43
1868192,West,BATHINDA,KANCHIAN,Unplanned,Closed,2026-06-02T20:22:00Z,2026-06-02T20:39:23Z,17
1868189,East,MOHALI,Sec-53A,Unplanned,Closed,2026-06-02T20:20:08Z,2026-06-02T21:20:00Z,59
1868187,West,FARIDKOT,Kothe Chakk Bhag Singh Wala,Unplanned,Closed,2026-06-02T20:17:00Z,2026-06-02T20:37:00Z,20
1868186,North,NAWANSHAHR,CHAHALPUR,Unplanned,Closed,2026-06-02T20:05:00Z,2026-06-02T20:18:00Z,13
1868185,North,HOSHIARPUR,URMAR,Unplanned,Closed,2026-06-02T20:01:00Z,2026-06-02T21:30:00Z,89
1868184,South,PATIALA,SYL (F.P),Unplanned,Closed,2026-06-02T19:55:00Z,2026-06-02T20:10:00Z,15
1868183,South,PATIALA,BABA DEEP SINGH,Unplanned,Closed,2026-06-02T19:55:00Z,2026-06-02T20:15:00Z,20
1868182,Central,CITY WEST LUDHIANA,JAIMAL ROAD,Unplanned,Closed,2026-06-02T19:54:41Z,2026-06-02T20:41:12Z,46
1868181,West,MUKATSAR,Kheowali,Unplanned,Closed,2026-06-02T19:50:00Z,2026-06-02T20:45:00Z,55
1868180,South,BARNALA,MALERKOTLA-1,Unplanned,Closed,2026-06-02T19:45:00Z,2026-06-02T20:55:00Z,70
1868178,Central,KHANNA,GANPATI BODY BUILDERS,Unplanned,Closed,2026-06-02T19:40:00Z,2026-06-02T21:00:00Z,80
1868175,Central,CITY WEST LUDHIANA,KUNDAN WOOD,Unplanned,Closed,2026-06-02T19:35:00Z,2026-06-02T20:22:55Z,47
1868179,West,BATHINDA,BUGGAR,Unplanned,Closed,2026-06-02T19:30:00Z,2026-06-02T20:35:00Z,65
1868177,North,KAPURTHALA,11 KV HIMMET UPS,Unplanned,Closed,2026-06-02T19:30:00Z,2026-06-02T19:52:00Z,22
1868173,Central,CITY WEST LUDHIANA,TIKONA PARK,Unplanned,Closed,2026-06-02T19:27:39Z,2026-06-02T19:53:41Z,26
1868176,North,KAPURTHALA,URBAN JANDIALA ROAD Nurmahal,Planned,Closed,2026-06-02T19:25:00Z,2026-06-02T19:45:00Z,20
1868171,Central,CITY EAST LUDHIANA,Dairy Complex,Unplanned,Closed,2026-06-02T19:20:48Z,2026-06-02T19:45:29Z,24
1868170,Central,CITY EAST LUDHIANA,B R Knitfab,Unplanned,Closed,2026-06-02T19:16:21Z,2026-06-02T19:27:17Z,10
1868174,East,MOHALI,ALAMPUR UPS,Unplanned,Closed,2026-06-02T19:15:00Z,2026-06-02T19:55:20Z,40
1868172,South,SANGRUR,11 KV ELAHI CHOWK URBAN,Unplanned,Closed,2026-06-02T19:15:00Z,2026-06-02T19:55:00Z,40
1868169,West,BATHINDA,11 KV Kapoor Singh Wala,Unplanned,Closed,2026-06-02T19:13:00Z,2026-06-02T20:13:00Z,60
1868167,Central,CITY WEST LUDHIANA,Ranchi Colony,Unplanned,Closed,2026-06-02T19:10:12Z,2026-06-02T19:50:15Z,40
1868168,Central,KHANNA,Jai Bhart,Unplanned,Closed,2026-06-02T19:09:00Z,2026-06-02T23:40:00Z,271
1868164,North,KAPURTHALA,Gobind Nagar,Unplanned,Closed,2026-06-02T18:53:00Z,2026-06-02T19:07:00Z,14
1868165,North,HOSHIARPUR,Chabbewal,Unplanned,Closed,2026-06-02T18:50:00Z,2026-06-02T19:45:00Z,55
1868163,East,MOHALI,JANTI DEVI,Unplanned,Closed,2026-06-02T18:48:15Z,2026-06-02T18:56:48Z,8
1868162,Border,GURDASPUR,City Ptk.,Unplanned,Closed,2026-06-02T18:47:00Z,2026-06-02T19:35:00Z,48
1868161,South,SANGRUR,SAMURAN A+B (GRID DIRBA),Unplanned,Closed,2026-06-02T18:40:00Z,2026-06-02T20:50:00Z,130
1868160,North,HOSHIARPUR,khudda,Unplanned,Closed,2026-06-02T18:37:00Z,2026-06-02T19:10:00Z,33
1868166,West,BATHINDA,KOT GURU,Unplanned,Closed,2026-06-02T18:30:14Z,2026-06-02T19:10:42Z,40
1868159,South,PATIALA,UPS SUKHEWAL,Unplanned,Closed,2026-06-02T18:29:00Z,2026-06-02T18:38:00Z,9
1868152,West,MUKATSAR,11 KV Panjpeer Nagar,Unplanned,Closed,2026-06-02T18:28:00Z,2026-06-02T18:59:32Z,31
1868157,West,FARIDKOT,JAITO CITY,Unplanned,Closed,2026-06-02T18:26:00Z,2026-06-02T18:32:00Z,6
1868146,North,HOSHIARPUR,Darapur,Unplanned,Closed,2026-06-02T18:21:00Z,2026-06-02T19:08:00Z,47
1868151,West,MUKATSAR,Ramgarh Chunga,Unplanned,Closed,2026-06-02T18:20:06Z,2026-06-02T19:15:06Z,55
1868150,West,MUKATSAR,KHAPIANWALI,Unplanned,Closed,2026-06-02T18:20:06Z,2026-06-02T19:15:06Z,55
1868149,West,MUKATSAR,Sohnewala,Unplanned,Closed,2026-06-02T18:20:06Z,2026-06-02T19:15:06Z,55
1868148,West,MUKATSAR,FATTANWALA,Unplanned,Closed,2026-06-02T18:20:06Z,2026-06-02T19:15:06Z,55
1868158,South,PATIALA,UPS RAJPURA,Unplanned,Closed,2026-06-02T18:20:00Z,2026-06-02T18:30:00Z,10
1868147,South,PATIALA,URBAN SANAUR,Unplanned,Closed,2026-06-02T18:20:00Z,2026-06-02T19:07:00Z,47
1868145,Border,SUB URBAN AMRITSAR,Bhaka Hari Singh,Unplanned,Closed,2026-06-02T18:20:00Z,2026-06-02T18:51:00Z,31
1868144,North,KAPURTHALA,11 KV HIMMET UPS,Unplanned,Closed,2026-06-02T18:13:00Z,2026-06-02T18:38:00Z,25
1868139,North,HOSHIARPUR,URMAR,Unplanned,Closed,2026-06-02T18:09:00Z,2026-06-02T19:52:00Z,103
1868143,South,PATIALA,SYL,Unplanned,Closed,2026-06-02T18:05:00Z,2026-06-02T18:40:00Z,35
1868138,North,JALANDHAR,MANDI ROAD,Unplanned,Closed,2026-06-02T18:05:00Z,2026-06-02T18:20:00Z,15
1868155,South,SANGRUR,11 KV DUGGAN 2 AP,Unplanned,Closed,2026-06-02T18:01:46Z,2026-06-02T18:05:06Z,3
1868141,West,BATHINDA,BHAGTA (U),Unplanned,Closed,2026-06-02T17:58:00Z,2026-06-02T19:50:00Z,112
1868142,West,FEROZPUR,GHANGA,Unplanned,Closed,2026-06-02T17:55:00Z,2026-06-02T19:35:00Z,100
1868136,Border,TARN TARAN,KOT MOHAMAD KHAN UPS,Unplanned,Closed,2026-06-02T17:55:00Z,2026-06-02T18:20:00Z,25
1868135,South,PATIALA,I.T.I,Unplanned,Closed,2026-06-02T17:55:00Z,2026-06-02T18:20:00Z,25
1868137,Border,TARN TARAN,BALA CHAK,Unplanned,Closed,2026-06-02T17:50:00Z,2026-06-02T18:30:00Z,40
1868134,North,JALANDHAR,TV TOWER,Unplanned,Closed,2026-06-02T17:50:00Z,2026-06-02T18:30:00Z,40
1868132,North,JALANDHAR,LADOWALI ROAD,Unplanned,Closed,2026-06-02T17:48:00Z,2026-06-02T18:30:00Z,42
1868133,South,PATIALA,UPS RAIPUR,Unplanned,Closed,2026-06-02T17:45:00Z,2026-06-02T19:25:00Z,100
1868140,East,Zirakpur,11KV BEHRA FEEDER,Unplanned,Closed,2026-06-02T17:40:48Z,2026-06-02T18:15:55Z,35
1868125,East,MOHALI,Sec 55,Unplanned,Closed,2026-06-02T17:38:57Z,2026-06-02T18:17:27Z,38
1868131,East,MOHALI,Sec 54,Unplanned,Closed,2026-06-02T17:38:39Z,2026-06-02T18:17:49Z,39
1868126,West,FARIDKOT,KOTKAPURA ROAD,Unplanned,Closed,2026-06-02T17:38:30Z,2026-06-02T18:59:00Z,80
1868124,Central,SUB URBAN LUDHIANA,Urban Anad Isher School,Unplanned,Closed,2026-06-02T17:35:00Z,2026-06-02T18:35:00Z,60
1868123,Central,SUB URBAN LUDHIANA,Urban Raikot Adda ( City-1),Unplanned,Closed,2026-06-02T17:35:00Z,2026-06-02T18:35:00Z,60
1868121,East,MOHALI,Sec-53A,Unplanned,Closed,2026-06-02T17:26:53Z,2026-06-02T17:40:00Z,13
1868120,West,FARIDKOT,chaina,Unplanned,Closed,2026-06-02T17:25:08Z,2026-06-02T18:40:00Z,74
1868119,West,FARIDKOT,Bhagtuana UPS,Unplanned,Closed,2026-06-02T17:25:08Z,2026-06-02T18:40:00Z,74
1868122,East,Zirakpur,SANULI,Unplanned,Closed,2026-06-02T17:25:00Z,2026-06-02T18:10:00Z,45
1868117,West,MUKATSAR,11 KV Sappan wali,Unplanned,Closed,2026-06-02T17:22:05Z,2026-06-02T18:02:22Z,40
1868116,Border,GURDASPUR,DUNERA,Unplanned,Closed,2026-06-02T17:20:00Z,2026-06-02T17:36:00Z,16
1868113,Central,CITY WEST LUDHIANA,VISHAL NAGAR,Planned,Closed,2026-06-02T17:15:35Z,2026-06-02T18:00:53Z,45
1868118,West,BATHINDA,LEHRA MOHABBAT,Unplanned,Closed,2026-06-02T17:15:00Z,2026-06-02T18:05:00Z,50
1868115,South,BARNALA,Kattu CAT-I,Unplanned,Closed,2026-06-02T17:15:00Z,2026-06-02T18:00:00Z,45
1868108,Border,TARN TARAN,WAJIR BHULLAR,Unplanned,Closed,2026-06-02T17:05:18Z,2026-06-02T19:21:20Z,136
1868111,East,MOHALI,Sec 55,Unplanned,Closed,2026-06-02T17:05:03Z,2026-06-02T17:38:42Z,33
1868114,Border,TARN TARAN,NAUSHEHRA PANNUN URBAN,Unplanned,Closed,2026-06-02T17:05:00Z,2026-06-02T18:10:00Z,65
1868112,West,BATHINDA,Jagdambe Road,Planned,Closed,2026-06-02T17:05:00Z,2026-06-02T18:00:22Z,55
1868110,Border,GURDASPUR,Gandhi Chownk,Unplanned,Closed,2026-06-02T17:05:00Z,2026-06-02T17:55:00Z,50
1868107,West,MUKATSAR,BAHAVAL BASI,Unplanned,Closed,2026-06-02T17:02:00Z,2026-06-02T18:05:00Z,63
1868109,West,BATHINDA,Patel Nagar,Unplanned,Closed,2026-06-02T17:00:00Z,2026-06-02T17:40:00Z,40
1868106,South,PATIALA,ups pilkhani,Unplanned,Closed,2026-06-02T16:59:42Z,2026-06-02T17:18:08Z,18
1868102,Border,SUB URBAN AMRITSAR,Urban 1 Tarsika,Unplanned,Closed,2026-06-02T16:40:08Z,2026-06-02T19:10:44Z,150
1868100,East,Zirakpur,Jastna Kandi Pure AP,Unplanned,Closed,2026-06-02T16:38:00Z,2026-06-02T17:22:00Z,44
1868103,South,PATIALA,Lang Cat-1,Unplanned,Closed,2026-06-02T16:37:00Z,2026-06-02T17:37:00Z,60
1868096,North,JALANDHAR,11 kv central town,Unplanned,Closed,2026-06-02T16:35:00Z,2026-06-02T17:20:00Z,45
1868101,East,Zirakpur,GBM,Planned,Closed,2026-06-02T16:30:00Z,2026-06-02T17:25:00Z,55
1868097,North,KAPURTHALA,UPS Sunner Kalan,Planned,Closed,2026-06-02T16:30:00Z,2026-06-02T17:20:00Z,50
1868095,East,Zirakpur,SAVITRY GREEN 2,Planned,Closed,2026-06-02T16:30:00Z,2026-06-02T17:23:00Z,53
1868099,Border,GURDASPUR,KISHANKOT UPS,Unplanned,Closed,2026-06-02T16:26:00Z,2026-06-02T17:38:00Z,72
1868098,Border,GURDASPUR,Rampur Talwara,Unplanned,Closed,2026-06-02T16:26:00Z,2026-06-02T17:38:00Z,72
1868093,West,BATHINDA,11 KV DEEP SINGH NAGAR,Unplanned,Closed,2026-06-02T16:26:00Z,2026-06-02T16:57:00Z,31
1868094,Border,SUB URBAN AMRITSAR,MALL MANDI,Unplanned,Closed,2026-06-02T16:25:00Z,2026-06-02T17:05:00Z,40
1868089,Border,GURDASPUR,CITY 2,Unplanned,Closed,2026-06-02T16:24:00Z,2026-06-02T16:57:00Z,33
1868090,South,SANGRUR,City,Unplanned,Closed,2026-06-02T16:20:12Z,2026-06-02T17:20:00Z,59
1868086,West,FARIDKOT,Jiwanwala,Unplanned,Closed,2026-06-02T16:15:40Z,2026-06-02T18:30:00Z,134
1868092,West,BATHINDA,PIPLI,Planned,Closed,2026-06-02T16:15:00Z,2026-06-02T18:14:00Z,119
1868091,West,BATHINDA,INDUSTRIES,Planned,Closed,2026-06-02T16:15:00Z,2026-06-02T18:14:00Z,119
1868088,West,MUKATSAR,11KV GILZEWALA UPS,Unplanned,Closed,2026-06-02T16:15:00Z,2026-06-02T16:35:00Z,20
1868083,South,SANGRUR,Hamirgarh City,Unplanned,Closed,2026-06-02T16:12:00Z,2026-06-02T17:08:00Z,56
1868085,South,PATIALA,Sher Majra,Unplanned,Closed,2026-06-02T16:10:00Z,2026-06-02T17:00:00Z,50
1868087,Border,TARN TARAN,UPS KOT BUDDA,Unplanned,Closed,2026-06-02T16:05:00Z,2026-06-02T17:40:50Z,95
1868078,Border,GURDASPUR,11 KV BHANDHRI MOHALLA,Planned,Closed,2026-06-02T16:05:00Z,2026-06-02T19:45:00Z,220
1868082,East,Zirakpur,BALTANA,Planned,Closed,2026-06-02T16:04:00Z,2026-06-02T16:48:00Z,44
1868081,East,Zirakpur,KALKA ROAD,Planned,Closed,2026-06-02T16:04:00Z,2026-06-02T16:48:00Z,44
1868079,East,Zirakpur,KALGIDHAR,Unplanned,Closed,2026-06-02T16:04:00Z,2026-06-02T16:48:00Z,44
1868076,East,Zirakpur,DEEPAK PIPE,Unplanned,Closed,2026-06-02T16:02:00Z,2026-06-02T16:32:00Z,30
1868156,South,SANGRUR,11 KV JANDIANWALA AP,Unplanned,Closed,2026-06-02T16:01:34Z,2026-06-02T16:05:42Z,4
1868080,South,BARNALA,DHANER,Unplanned,Closed,2026-06-02T16:01:00Z,2026-06-02T16:30:00Z,29
1868075,Border,GURDASPUR,11 KV Guru Nanak College,Unplanned,Closed,2026-06-02T16:01:00Z,2026-06-02T16:42:00Z,41
1867915,West,BATHINDA,BABA HARNAM SINGH,Planned,Closed,2026-06-02T16:01:00Z,2026-06-02T17:35:00Z,94
1868077,West,FARIDKOT,INDUSTRIAL,Unplanned,Closed,2026-06-02T16:00:00Z,2026-06-02T17:14:00Z,74
1868046,Central,KHANNA,DASHMESH (JALALPUR),Planned,Closed,2026-06-02T16:00:00Z,2026-06-02T17:00:00Z,60
1868084,West,MUKATSAR,pathrala Urban,Unplanned,Closed,2026-06-02T15:57:00Z,2026-06-02T16:37:00Z,40
1868070,Central,CITY WEST LUDHIANA,SHIMLA PURI FEEDER,Unplanned,Closed,2026-06-02T15:52:22Z,2026-06-02T16:39:24Z,47
1868073,South,SANGRUR,KHETLA A+B+C (GRID DIRBA),Unplanned,Closed,2026-06-02T15:50:00Z,2026-06-02T18:05:00Z,135
1868068,North,JALANDHAR,Pandori,Unplanned,Closed,2026-06-02T15:50:00Z,2026-06-02T15:55:00Z,5
1868072,Border,CITY AMRITSAR,KHOO BHALLA,Unplanned,Closed,2026-06-02T15:49:12Z,2026-06-02T16:25:40Z,36
1868069,West,BATHINDA,KOT GURU,Unplanned,Closed,2026-06-02T15:46:00Z,2026-06-02T16:44:33Z,58
1868066,West,FARIDKOT,11 KV Chaniya UPS,Unplanned,Closed,2026-06-02T15:45:00Z,2026-06-02T17:25:00Z,100
1868065,North,HOSHIARPUR,SAGRA,Unplanned,Closed,2026-06-02T15:45:00Z,2026-06-02T16:00:00Z,15
1868064,North,HOSHIARPUR,GHOGRA,Unplanned,Closed,2026-06-02T15:45:00Z,2026-06-02T16:00:00Z,15
1868063,North,HOSHIARPUR,BHOGPUR NO 2,Unplanned,Closed,2026-06-02T15:40:00Z,2026-06-02T16:45:00Z,65
1868074,West,BATHINDA,TOWN,Unplanned,Closed,2026-06-02T15:35:00Z,2026-06-02T17:00:00Z,85
1868062,South,PATIALA,BABA DEEP SINGH,Unplanned,Closed,2026-06-02T15:35:00Z,2026-06-02T16:25:00Z,50
1868061,South,PATIALA,SYL (F.P),Unplanned,Closed,2026-06-02T15:35:00Z,2026-06-02T16:25:00Z,50
1868058,Border,GURDASPUR,Batala City,Unplanned,Closed,2026-06-02T15:33:00Z,2026-06-02T19:45:00Z,252
1868057,North,NAWANSHAHR,Dheenpur,Unplanned,Closed,2026-06-02T15:31:00Z,2026-06-02T17:25:00Z,114
1868056,North,NAWANSHAHR,Rurki,Unplanned,Closed,2026-06-02T15:31:00Z,2026-06-02T17:25:00Z,114
1868055,North,NAWANSHAHR,Kahna Dhesian,Unplanned,Closed,2026-06-02T15:31:00Z,2026-06-02T17:25:00Z,114
1868067,Border,GURDASPUR,Gorsiya,Unplanned,Closed,2026-06-02T15:30:00Z,2026-06-02T16:30:00Z,60
1868053,East,ROPAR,11KV Mega Star,Unplanned,Closed,2026-06-02T15:30:00Z,2026-06-02T17:03:00Z,93
1868052,Border,TARN TARAN,PANDORI SIDHWAN,Unplanned,Closed,2026-06-02T15:27:05Z,2026-06-02T15:50:18Z,23
1868071,West,BATHINDA,MANDI KALAN,Unplanned,Closed,2026-06-02T15:25:00Z,2026-06-02T16:10:00Z,45
1868060,Border,SUB URBAN AMRITSAR,MAJITHA ROAD VERKA BYE PASS,Unplanned,Closed,2026-06-02T15:25:00Z,2026-06-02T15:50:00Z,25
1868054,Central,CITY EAST LUDHIANA,CENTRAL FEEDER,Unplanned,Closed,2026-06-02T15:25:00Z,2026-06-02T16:43:00Z,78
1868051,Central,CITY EAST LUDHIANA,Chand Cinema,Unplanned,Closed,2026-06-02T15:25:00Z,2026-06-02T16:45:00Z,80
1868050,South,PATIALA,Jhill,Unplanned,Closed,2026-06-02T15:20:00Z,2026-06-02T15:55:00Z,35
1868049,South,SANGRUR,Hassanpur,Unplanned,Closed,2026-06-02T15:20:00Z,2026-06-02T21:40:00Z,380
1868048,South,SANGRUR,LADDA (DHURI),Unplanned,Closed,2026-06-02T15:20:00Z,2026-06-02T21:40:00Z,380
1868047,South,SANGRUR,11KV JHARON ROAD,Unplanned,Closed,2026-06-02T15:18:21Z,2026-06-02T19:31:43Z,253
1868059,West,BATHINDA,INDUSTRIAL GROWTH CENTER,Unplanned,Closed,2026-06-02T15:16:00Z,2026-06-02T15:52:00Z,36
1868041,South,SANGRUR,Lidran,Planned,Closed,2026-06-02T15:12:59Z,2026-06-02T19:20:08Z,247
1868043,West,BATHINDA,JASSI,Unplanned,Closed,2026-06-02T15:12:00Z,2026-06-02T16:42:59Z,90
1868038,South,SANGRUR,BADRUKHAN,Planned,Closed,2026-06-02T15:11:53Z,2026-06-02T19:20:07Z,248
1868040,South,SANGRUR,Mandi Road,Planned,Closed,2026-06-02T15:11:39Z,2026-06-02T19:20:47Z,249
1868039,South,SANGRUR,CHANGAL,Planned,Closed,2026-06-02T15:11:20Z,2026-06-02T19:20:28Z,249
1868029,North,JALANDHAR,JANDAILI,Unplanned,Closed,2026-06-02T15:08:00Z,2026-06-02T15:32:00Z,24
1868042,Border,SUB URBAN AMRITSAR,AIR PORT.1,Unplanned,Closed,2026-06-02T15:05:00Z,2026-06-02T15:55:00Z,50
1868031,East,Zirakpur,RANBAXY,Planned,Closed,2026-06-02T15:05:00Z,2026-06-02T15:36:00Z,31
1868030,East,Zirakpur,Jaskaran,Planned,Closed,2026-06-02T15:05:00Z,2026-06-02T15:36:00Z,31
1868028,Border,TARN TARAN,DUNAR FOOD,Unplanned,Closed,2026-06-02T15:05:00Z,2026-06-02T15:50:00Z,45
1868027,South,PATIALA,I.T.I,Unplanned,Closed,2026-06-02T15:03:00Z,2026-06-02T16:40:00Z,97
1868022,Border,TARN TARAN,KADD GILL UPS,Unplanned,Closed,2026-06-02T15:01:00Z,2026-06-02T15:45:00Z,44
1868020,Central,CITY WEST LUDHIANA,BANK  COLONY,Unplanned,Closed,2026-06-02T14:50:00Z,2026-06-02T16:04:07Z,74
1868021,West,BATHINDA,KOT GURU,Unplanned,Closed,2026-06-02T14:46:00Z,2026-06-02T15:15:45Z,29
1868018,Border,GURDASPUR,BOP Tash,Unplanned,Closed,2026-06-02T14:45:00Z,2026-06-02T15:10:00Z,25
1868017,Border,GURDASPUR,N.J.Singh 24hrs,Unplanned,Closed,2026-06-02T14:45:00Z,2026-06-02T15:10:00Z,25
1868016,Border,GURDASPUR,N.J.Singh,Unplanned,Closed,2026-06-02T14:45:00Z,2026-06-02T15:10:00Z,25
1868015,West,MUKATSAR,Gaushala,Unplanned,Closed,2026-06-02T14:40:00Z,2026-06-02T15:56:00Z,76
1868013,West,FARIDKOT,LOHARA RURAL,Unplanned,Closed,2026-06-02T14:38:40Z,2026-06-02T17:10:04Z,151
1868014,Central,KHANNA,ANAJ MANDI,Unplanned,Closed,2026-06-02T14:36:04Z,2026-06-02T14:55:11Z,19
1868011,East,Zirakpur,ORBIT,Planned,Closed,2026-06-02T14:30:00Z,2026-06-02T14:50:00Z,20
1868008,South,SANGRUR,11 KV MAYA GARDEN,Unplanned,Closed,2026-06-02T14:30:00Z,2026-06-02T14:40:00Z,10
1868007,South,SANGRUR,11 Peeran Wala Gate Cat-1,Unplanned,Closed,2026-06-02T14:30:00Z,2026-06-02T14:40:00Z,10
1868003,West,MUKATSAR,11 KV Bhagsar UPS,Unplanned,Closed,2026-06-02T14:26:43Z,2026-06-02T15:08:50Z,42
1868002,West,MUKATSAR,11 KV SARDARPURA UPS,Unplanned,Closed,2026-06-02T14:26:28Z,2026-06-02T15:08:36Z,42
1868001,West,MUKATSAR,11 KV SUKHCHAIN,Unplanned,Closed,2026-06-02T14:26:00Z,2026-06-02T15:08:09Z,42
1868019,West,FARIDKOT,Bajakhana City,Unplanned,Closed,2026-06-02T14:25:57Z,2026-06-02T14:55:02Z,29
1868012,South,PATIALA,MOHINDER GANJ,Unplanned,Closed,2026-06-02T14:25:00Z,2026-06-02T14:45:00Z,20
1868009,North,NAWANSHAHR,JADLA,Unplanned,Closed,2026-06-02T14:25:00Z,2026-06-02T15:50:00Z,85
1868006,West,FARIDKOT,11 KV Kalgidhar ups,Unplanned,Closed,2026-06-02T14:24:41Z,2026-06-02T14:33:32Z,8
1868000,North,JALANDHAR,PAP,Unplanned,Closed,2026-06-02T14:20:00Z,2026-06-02T15:40:00Z,80
1868023,Central,SUB URBAN LUDHIANA,SUGAR-MILL,Planned,Closed,2026-06-02T14:17:00Z,2026-06-02T17:00:00Z,163
1868005,East,MOHALI,11KV SHAMPUR AP,Planned,Closed,2026-06-02T14:15:00Z,2026-06-02T17:20:07Z,185
1868004,East,MOHALI,11 KV RAIPUR KALAN UPS,Planned,Closed,2026-06-02T14:15:00Z,2026-06-02T17:20:29Z,185
1867999,North,KAPURTHALA,DHUGGAR,Unplanned,Closed,2026-06-02T14:15:00Z,2026-06-02T15:22:00Z,67
1867998,South,SANGRUR,11 KV RAM NAGAR URBAN,Unplanned,Closed,2026-06-02T14:14:09Z,2026-06-02T15:20:47Z,66
1867997,West,MUKATSAR,Khuddian,Unplanned,Closed,2026-06-02T14:10:00Z,2026-06-02T14:30:00Z,20
1867993,North,JALANDHAR,AMAN NAGAR,Unplanned,Closed,2026-06-02T14:03:00Z,2026-06-02T14:15:00Z,12
1867991,West,BATHINDA,Sukheana AP,Planned,Closed,2026-06-02T14:00:00Z,2026-06-02T14:43:00Z,43
1867990,West,BATHINDA,Hazara,Planned,Closed,2026-06-02T14:00:00Z,2026-06-02T14:43:00Z,43
1867994,North,KAPURTHALA,MALL ROAD URBAN,Unplanned,Closed,2026-06-02T13:58:00Z,2026-06-02T14:35:00Z,37
1868010,West,BATHINDA,Jagdambe Road,Unplanned,Closed,2026-06-02T13:56:14Z,2026-06-02T15:40:39Z,104
1867995,East,ROPAR,City-2,Unplanned,Closed,2026-06-02T13:50:24Z,2026-06-02T15:30:00Z,99
1867989,South,PATIALA,UPS Lout,Unplanned,Closed,2026-06-02T13:50:00Z,2026-06-02T14:23:00Z,33
1867987,Border,TARN TARAN,Mallah,Unplanned,Closed,2026-06-02T13:49:00Z,2026-06-02T15:00:00Z,71
1867985,West,FARIDKOT,SAHIBZADA AJIT SINGH NAGAR,Unplanned,Closed,2026-06-02T13:47:57Z,2026-06-02T14:50:53Z,62
1867984,West,FARIDKOT,11KV KHAMBE UPS..,Unplanned,Closed,2026-06-02T13:46:14Z,2026-06-02T14:49:49Z,63
1867986,North,HOSHIARPUR,khunda,Unplanned,Closed,2026-06-02T13:46:00Z,2026-06-02T14:20:00Z,34
1867988,North,HOSHIARPUR,DALLI shared feeder with s/divn,Unplanned,Closed,2026-06-02T13:45:00Z,2026-06-02T14:02:00Z,17
1867996,South,SANGRUR,11 kv Rasulpur channa UPS,Unplanned,Closed,2026-06-02T13:40:00Z,2026-06-02T14:35:00Z,55
1867992,Border,GURDASPUR,Chounta,Unplanned,Closed,2026-06-02T13:40:00Z,2026-06-02T14:10:00Z,30
1867983,South,PATIALA,OLIVER,Planned,Closed,2026-06-02T13:30:00Z,2026-06-02T16:15:00Z,165
1867977,North,JALANDHAR,NUCON,Unplanned,Closed,2026-06-02T13:29:00Z,2026-06-02T13:40:00Z,11
1867981,East,Zirakpur,GREEN LOTUS,Unplanned,Closed,2026-06-02T13:28:00Z,2026-06-02T15:10:00Z,102
1867975,Central,CITY WEST LUDHIANA,DUGRI,Unplanned,Closed,2026-06-02T13:25:21Z,2026-06-02T13:41:02Z,15
1867982,West,MUKATSAR,11KV GILZEWALA UPS,Unplanned,Closed,2026-06-02T13:25:00Z,2026-06-02T14:48:00Z,83
1867974,West,MUKATSAR,Khuddian,Unplanned,Closed,2026-06-02T13:22:00Z,2026-06-02T13:47:00Z,25
1867978,East,ROPAR,City-2,Unplanned,Closed,2026-06-02T13:20:00Z,2026-06-02T13:35:00Z,15
1867976,East,ROPAR,City-1,Unplanned,Closed,2026-06-02T13:19:00Z,2026-06-02T13:25:00Z,6
1867970,South,PATIALA,UPS FOCAL POINT,Unplanned,Closed,2026-06-02T13:19:00Z,2026-06-02T14:31:00Z,72
1867980,East,Zirakpur,RANBAXY,Unplanned,Closed,2026-06-02T13:15:00Z,2026-06-02T13:40:00Z,25
1867965,Border,CITY AMRITSAR,11Kv Ghee Mandi 2,Unplanned,Closed,2026-06-02T13:12:00Z,2026-06-02T14:50:31Z,98
1867963,North,JALANDHAR,11 KV Jalandhar Height-1,Unplanned,Closed,2026-06-02T13:12:00Z,2026-06-02T15:58:00Z,166
1867962,North,JALANDHAR,11KV Royal Residency,Unplanned,Closed,2026-06-02T13:12:00Z,2026-06-02T15:58:00Z,166
1867960,Border,GURDASPUR,Taragarh Cat-1,Unplanned,Closed,2026-06-02T13:05:00Z,2026-06-02T13:45:00Z,40
1867959,Central,KHANNA,Jalkheri,Unplanned,Closed,2026-06-02T13:03:00Z,2026-06-02T15:01:00Z,118
1867958,Central,KHANNA,Basantpura AP,Unplanned,Closed,2026-06-02T13:03:00Z,2026-06-02T15:01:00Z,118
1867973,East,MOHALI,KHERIGURNA AP,Unplanned,Closed,2026-06-02T13:01:00Z,2026-06-02T13:55:00Z,54
1867972,East,MOHALI,GHARAMA AP,Unplanned,Closed,2026-06-02T13:01:00Z,2026-06-02T13:55:00Z,54
1867971,East,MOHALI,BASMA,Unplanned,Closed,2026-06-02T13:01:00Z,2026-06-02T13:55:00Z,54
1867969,East,MOHALI,LOGISTIC,Unplanned,Closed,2026-06-02T13:01:00Z,2026-06-02T13:55:00Z,54
1867968,East,MOHALI,SIGMA,Unplanned,Closed,2026-06-02T13:01:00Z,2026-06-02T13:55:20Z,54
1867967,East,MOHALI,MOHIKALAN UPS,Unplanned,Closed,2026-06-02T13:01:00Z,2026-06-02T13:55:08Z,54
1867966,South,PATIALA,MOHINDER GANJ,Unplanned,Closed,2026-06-02T13:01:00Z,2026-06-02T13:20:00Z,19
1867964,East,ROPAR,MILL,Unplanned,Closed,2026-06-02T13:01:00Z,2026-06-02T14:24:00Z,83
1867957,Border,TARN TARAN,UPS SAIDPUR,Unplanned,Closed,2026-06-02T12:55:00Z,2026-06-02T13:18:00Z,23
1867955,East,Zirakpur,11 kv kuranwala industry,Unplanned,Closed,2026-06-02T12:54:52Z,2026-06-02T13:28:00Z,33
1867954,East,Zirakpur,JAI MULTI ENNG.,Unplanned,Closed,2026-06-02T12:54:02Z,2026-06-02T13:28:10Z,34
1867953,East,Zirakpur,AP PAPER,Unplanned,Closed,2026-06-02T12:53:37Z,2026-06-02T13:28:48Z,35
1867948,Border,GURDASPUR,SHANTI NAGAR,Planned,Closed,2026-06-02T12:51:00Z,2026-06-02T13:23:00Z,32
1867942,Central,CITY WEST LUDHIANA,SATPAL MITTAL,Planned,Closed,2026-06-02T12:45:02Z,2026-06-02T13:18:00Z,32
1867979,Border,GURDASPUR,11 KV Said Mubarak,Unplanned,Closed,2026-06-02T12:45:00Z,2026-06-02T13:31:00Z,46
1867961,West,FARIDKOT,BABA SHAHID UPS,Unplanned,Closed,2026-06-02T12:45:00Z,2026-06-02T13:15:00Z,30
1867956,Border,GURDASPUR,Court Complex,Unplanned,Closed,2026-06-02T12:45:00Z,2026-06-02T13:45:00Z,60
1867950,North,HOSHIARPUR,UPS katrala,Unplanned,Closed,2026-06-02T12:45:00Z,2026-06-02T13:10:00Z,25
1867938,West,FARIDKOT,11 KV PANDORI GATE URBAN,Unplanned,Closed,2026-06-02T12:38:01Z,2026-06-02T14:22:38Z,104
1867947,West,BATHINDA,INDUSTRIES,Unplanned,Closed,2026-06-02T12:35:00Z,2026-06-02T15:18:00Z,163
1867946,North,KAPURTHALA,11 KV SHERPURA,Unplanned,Closed,2026-06-02T12:35:00Z,2026-06-02T13:10:00Z,35
1867940,North,HOSHIARPUR,Ahiapur,Unplanned,Closed,2026-06-02T12:35:00Z,2026-06-02T12:50:00Z,15
1867935,West,MUKATSAR,11 KV Bhagsar UPS,Unplanned,Closed,2026-06-02T12:34:37Z,2026-06-02T13:30:44Z,56
1867933,West,MUKATSAR,11 KV SUKHCHAIN,Unplanned,Closed,2026-06-02T12:33:37Z,2026-06-02T13:30:53Z,57
1867934,West,MUKATSAR,11 KV SARDARPURA UPS,Unplanned,Closed,2026-06-02T12:33:12Z,2026-06-02T13:30:21Z,57
1867945,East,MOHALI,GIAN SAGAR,Unplanned,Closed,2026-06-02T12:30:00Z,2026-06-02T12:55:28Z,25
1867944,East,MOHALI,KALOMAJRA AP,Unplanned,Closed,2026-06-02T12:30:00Z,2026-06-02T12:55:51Z,25
1867943,East,MOHALI,THUA AP,Unplanned,Closed,2026-06-02T12:30:00Z,2026-06-02T12:55:51Z,25
1867941,East,MOHALI,MOHIKHURD AP,Unplanned,Closed,2026-06-02T12:30:00Z,2026-06-02T12:55:06Z,25
1867939,West,BATHINDA,Factory Road,Unplanned,Closed,2026-06-02T12:30:00Z,2026-06-02T13:24:00Z,54
1867937,West,BATHINDA,Mandi Khurd,Unplanned,Closed,2026-06-02T12:30:00Z,2026-06-02T14:45:00Z,135
1867929,South,PATIALA,Arya Samaj,Unplanned,Closed,2026-06-02T12:30:00Z,2026-06-02T12:35:00Z,5
1867923,Border,GURDASPUR,Pioneer Agro,Unplanned,Closed,2026-06-02T12:22:00Z,2026-06-02T12:59:00Z,37
1867921,East,Zirakpur,MIAN PUR,Unplanned,Closed,2026-06-02T12:22:00Z,2026-06-02T13:10:00Z,48
1867926,East,Zirakpur,PRITHIM,Unplanned,Closed,2026-06-02T12:21:00Z,2026-06-02T13:16:00Z,55
1867927,East,ROPAR,Haripur,Unplanned,Closed,2026-06-02T12:20:00Z,2026-06-02T12:54:00Z,34
1867916,West,MUKATSAR,11 KV BHAGU,Unplanned,Closed,2026-06-02T12:18:30Z,2026-06-02T13:10:52Z,52
1867924,East,MOHALI,11 KV Gura,Unplanned,Closed,2026-06-02T12:18:00Z,2026-06-02T12:41:00Z,23
1867922,South,SANGRUR,11 KV LEHRA ROAD C2,Unplanned,Closed,2026-06-02T12:15:41Z,2026-06-02T12:45:00Z,29
1867917,North,NAWANSHAHR,JADALI,Unplanned,Closed,2026-06-02T12:15:00Z,2026-06-02T13:42:00Z,87
1867918,West,FARIDKOT,CITY,Unplanned,Closed,2026-06-02T12:14:00Z,2026-06-02T13:10:00Z,56
1867911,South,SANGRUR,Akoi Sahab,Unplanned,Closed,2026-06-02T12:10:50Z,2026-06-02T14:39:01Z,148
1867912,South,SANGRUR,Colony AP,Unplanned,Closed,2026-06-02T12:10:28Z,2026-06-02T14:39:40Z,149
1867910,South,SANGRUR,HARERI,Unplanned,Closed,2026-06-02T12:10:27Z,2026-06-02T13:37:51Z,87
1867903,Central,CITY WEST LUDHIANA,SARDAR,Planned,Closed,2026-06-02T12:10:00Z,2026-06-02T13:30:00Z,80
1867902,Central,CITY WEST LUDHIANA,SINGLA,Planned,Closed,2026-06-02T12:10:00Z,2026-06-02T13:30:00Z,80
1867901,Central,CITY WEST LUDHIANA,GOBINDGARH,Planned,Closed,2026-06-02T12:10:00Z,2026-06-02T13:30:00Z,80
1867913,South,SANGRUR,Nehri AP,Unplanned,Closed,2026-06-02T12:09:59Z,2026-06-02T13:40:07Z,90
1867905,East,MOHALI,Commercial Complex,Unplanned,Closed,2026-06-02T12:05:00Z,2026-06-02T12:50:00Z,45
1867904,Border,GURDASPUR,DAAK KHANA CHOWK,Unplanned,Closed,2026-06-02T12:05:00Z,2026-06-02T12:06:00Z,1
1867936,East,MOHALI,11 KV Sec-60 C,Planned,Closed,2026-06-02T12:01:00Z,2026-06-02T13:15:00Z,74
1867931,East,MOHALI,60-A,Planned,Closed,2026-06-02T12:01:00Z,2026-06-02T13:15:00Z,74
1867914,West,BATHINDA,Baba dunna urban chawke,Unplanned,Closed,2026-06-02T12:01:00Z,2026-06-02T13:15:00Z,74
1867526,South,BARNALA,Kattu CAT-I,Planned,Closed,2026-06-02T12:00:00Z,2026-06-02T16:00:00Z,240
1867898,Border,SUB URBAN AMRITSAR,JALALPURA UPS,Unplanned,Closed,2026-06-02T11:57:26Z,2026-06-02T12:50:26Z,53
1867878,North,JALANDHAR,CHANDERSEN,Planned,Closed,2026-06-02T11:54:00Z,2026-06-02T12:12:00Z,18
1867877,North,JALANDHAR,King city,Planned,Closed,2026-06-02T11:54:00Z,2026-06-02T12:12:00Z,18
1867896,West,FARIDKOT,PREM NAGAR,Unplanned,Closed,2026-06-02T11:51:23Z,2026-06-02T12:12:43Z,21
1867900,South,PATIALA,SUNDER NAGAR RAJPURA,Unplanned,Closed,2026-06-02T11:50:00Z,2026-06-02T12:10:00Z,20
1867952,Border,GURDASPUR,LOHCHAP,Unplanned,Closed,2026-06-02T11:45:00Z,2026-06-02T15:02:00Z,197
1867951,Border,GURDASPUR,24Hrs SUPPLY KALA BALA,Unplanned,Closed,2026-06-02T11:45:00Z,2026-06-02T15:02:00Z,197
1867949,Border,GURDASPUR,Jafferwal,Unplanned,Closed,2026-06-02T11:45:00Z,2026-06-02T15:02:00Z,197
1867895,East,ROPAR,WINDSOR,Unplanned,Closed,2026-06-02T11:45:00Z,2026-06-02T12:03:00Z,18
1867894,Central,KHANNA,ANAJ MANDI,Unplanned,Closed,2026-06-02T11:41:00Z,2026-06-02T12:40:00Z,59
1867925,East,MOHALI,ALAMPUR UPS,Unplanned,Closed,2026-06-02T11:40:00Z,2026-06-02T12:55:00Z,75
1867889,North,HOSHIARPUR,Pandori Attwal,Unplanned,Closed,2026-06-02T11:40:00Z,2026-06-02T12:00:00Z,20
1867888,North,JALANDHAR,RAJOWAL,Unplanned,Closed,2026-06-02T11:40:00Z,2026-06-02T12:40:00Z,60
1867897,North,JALANDHAR,11 kv Syndicate,Unplanned,Closed,2026-06-02T11:38:00Z,2026-06-02T11:55:00Z,17
1867891,West,BATHINDA,JAGGA RAM TIRTH,Unplanned,Closed,2026-06-02T11:38:00Z,2026-06-02T12:38:00Z,60
1867886,South,BARNALA,LUDHIANA ROAD,Unplanned,Closed,2026-06-02T11:35:00Z,2026-06-02T12:25:00Z,50
1867880,North,JALANDHAR,RING MAIN,Unplanned,Closed,2026-06-02T11:35:00Z,2026-06-02T11:50:00Z,15
1867881,West,BATHINDA,11 KV Saspali AP,Unplanned,Closed,2026-06-02T11:33:00Z,2026-06-02T13:12:00Z,99
1867879,Border,GURDASPUR,Mata Sulakhni Ji,Planned,Closed,2026-06-02T11:32:00Z,2026-06-02T14:32:00Z,180
1867893,Border,TARN TARAN,KAROWAL,Planned,Closed,2026-06-02T11:30:00Z,2026-06-02T15:05:00Z,215
1867892,Border,GURDASPUR,Shikaar,Unplanned,Closed,2026-06-02T11:30:00Z,2026-06-02T12:50:00Z,80
1867885,West,BATHINDA,INDUSTRIAL,Planned,Closed,2026-06-02T11:30:00Z,2026-06-02T12:35:00Z,65
1867884,Border,SUB URBAN AMRITSAR,MALL MANDI,Unplanned,Closed,2026-06-02T11:30:00Z,2026-06-02T12:40:00Z,70
1867887,West,FARIDKOT,Heera Singh Nagar,Unplanned,Closed,2026-06-02T11:27:31Z,2026-06-02T12:13:06Z,45
1867883,West,MUKATSAR,WATER WORKS,Unplanned,Closed,2026-06-02T11:27:00Z,2026-06-02T12:03:00Z,36
1867882,West,MUKATSAR,Bus Stand Road,Unplanned,Closed,2026-06-02T11:27:00Z,2026-06-02T12:03:00Z,36
1867876,North,NAWANSHAHR,Danduwal,Unplanned,Closed,2026-06-02T11:26:00Z,2026-06-02T11:50:00Z,24
1867890,West,MUKATSAR,11 KV Chirag dhani,Unplanned,Closed,2026-06-02T11:24:00Z,2026-06-02T11:55:00Z,31
1867875,West,MUKATSAR,11 KV Chakra AP,Unplanned,Closed,2026-06-02T11:22:00Z,2026-06-02T12:10:00Z,48
1867874,West,MUKATSAR,11 KV Dhani Bisehesarnath,Unplanned,Closed,2026-06-02T11:22:00Z,2026-06-02T12:10:00Z,48
1867873,North,HOSHIARPUR,L I C,Unplanned,Closed,2026-06-02T11:15:00Z,2026-06-02T11:55:00Z,40
1867868,Border,GURDASPUR,HARNAM NAGAR,Planned,Closed,2026-06-02T11:15:00Z,2026-06-02T12:20:00Z,65
1867857,Border,GURDASPUR,Gurudwara Kandh Sahib,Planned,Closed,2026-06-02T11:15:00Z,2026-06-02T13:10:00Z,115
1867872,East,ROPAR,11 KV Sarsa Nangal,Unplanned,Closed,2026-06-02T11:13:00Z,2026-06-02T11:27:00Z,14
1867871,East,MOHALI,60-A,Unplanned,Closed,2026-06-02T11:13:00Z,2026-06-02T11:32:00Z,19
1867869,Border,GURDASPUR,Karnama,Unplanned,Closed,2026-06-02T11:10:00Z,2026-06-02T11:45:00Z,35
1867865,North,NAWANSHAHR,MesumPur,Unplanned,Closed,2026-06-02T11:10:00Z,2026-06-02T12:05:00Z,55
1867867,North,HOSHIARPUR,BHKALA,Unplanned,Closed,2026-06-02T11:05:00Z,2026-06-02T11:55:00Z,50
1867866,North,HOSHIARPUR,BULLOWAL,Unplanned,Closed,2026-06-02T11:05:00Z,2026-06-02T11:55:00Z,50
1867862,South,SANGRUR,INDUSTRIAL,Unplanned,Closed,2026-06-02T11:05:00Z,2026-06-02T12:50:00Z,105
1867863,South,SANGRUR,Rajindrapuri,Unplanned,Closed,2026-06-02T11:02:51Z,2026-06-02T12:40:00Z,97
1867864,West,FEROZPUR,GUMANI WALA ROAD,Unplanned,Closed,2026-06-02T11:01:00Z,2026-06-02T11:36:00Z,35
1867856,Border,GURDASPUR,Nawan Pind,Unplanned,Closed,2026-06-02T10:56:00Z,2026-06-02T12:35:00Z,99
1867870,Border,GURDASPUR,GHUMAN,Unplanned,Closed,2026-06-02T10:55:00Z,2026-06-02T13:20:00Z,145
1867855,Border,GURDASPUR,MUGRALA,Unplanned,Closed,2026-06-02T10:55:00Z,2026-06-02T12:35:00Z,100
1867851,West,MUKATSAR,INDRA NAGRI,Unplanned,Closed,2026-06-02T10:53:00Z,2026-06-02T11:47:00Z,54
1867850,South,SANGRUR,CITY SANGRUR,Unplanned,Closed,2026-06-02T10:51:58Z,2026-06-02T11:33:06Z,41
1867849,South,SANGRUR,DC ROAD SANGRUR,Unplanned,Closed,2026-06-02T10:51:25Z,2026-06-02T11:33:33Z,42
1867899,Border,GURDASPUR,Court Complex,Unplanned,Closed,2026-06-02T10:50:00Z,2026-06-02T12:30:00Z,100
1867846,North,HOSHIARPUR,manvta mander,Unplanned,Closed,2026-06-02T10:50:00Z,2026-06-02T11:45:00Z,55
1867840,Border,GURDASPUR,Ujjagar Nagar,Planned,Closed,2026-06-02T10:50:00Z,2026-06-02T12:45:00Z,115
1867860,West,BATHINDA,SANGAT,Unplanned,Closed,2026-06-02T10:45:00Z,2026-06-02T11:45:36Z,60
1867848,North,HOSHIARPUR,Sarangwal,Unplanned,Closed,2026-06-02T10:45:00Z,2026-06-02T11:25:00Z,40
1867845,South,BARNALA,UPS BEGOWAL,Unplanned,Closed,2026-06-02T10:45:00Z,2026-06-02T11:35:00Z,50
1867844,Border,GURDASPUR,DAAK KHANA CHOWK,Unplanned,Closed,2026-06-02T10:45:00Z,2026-06-02T11:52:00Z,67
1867843,Border,GURDASPUR,Dalla UPS,Unplanned,Closed,2026-06-02T10:45:00Z,2026-06-02T12:20:00Z,95
1867837,West,FARIDKOT,Sai Dham,Unplanned,Closed,2026-06-02T10:41:40Z,2026-06-02T11:30:38Z,48
1867836,West,FARIDKOT,SARDAR NAGAR,Unplanned,Closed,2026-06-02T10:40:58Z,2026-06-02T11:30:00Z,49
1867861,South,PATIALA,Chapraad,Unplanned,Closed,2026-06-02T10:40:00Z,2026-06-02T13:20:00Z,160
1867839,South,SANGRUR,City,Unplanned,Closed,2026-06-02T10:40:00Z,2026-06-02T11:50:43Z,70
1867838,West,BATHINDA,JAITO ROAD,Unplanned,Closed,2026-06-02T10:40:00Z,2026-06-02T11:10:00Z,30
1867834,West,FARIDKOT,11KV SIDHU FARM URBAN,Unplanned,Closed,2026-06-02T10:36:06Z,2026-06-02T13:31:05Z,174
1867831,Border,GURDASPUR,Sunder Nagar,Unplanned,Closed,2026-06-02T10:33:00Z,2026-06-02T11:48:00Z,75
1867827,West,MUKATSAR,11 KV KILLIANWALI,Unplanned,Closed,2026-06-02T10:30:54Z,2026-06-02T11:12:12Z,41
1867828,West,MUKATSAR,11 KV Chirag dhani,Unplanned,Closed,2026-06-02T10:30:34Z,2026-06-02T11:12:50Z,42
1867847,North,HOSHIARPUR,BASSI,Unplanned,Closed,2026-06-02T10:30:00Z,2026-06-02T12:20:00Z,110
1867833,North,KAPURTHALA,UPS MALLIWAL,Unplanned,Closed,2026-06-02T10:30:00Z,2026-06-02T11:40:00Z,70
1867832,West,MUKATSAR,New Patrewala UPS,Unplanned,Closed,2026-06-02T10:30:00Z,2026-06-02T11:01:00Z,31
1867830,South,SANGRUR,11 KV Mata Modi Road,Unplanned,Closed,2026-06-02T10:30:00Z,2026-06-02T10:45:00Z,15
1867826,South,SANGRUR,GEHLAN,Unplanned,Closed,2026-06-02T10:30:00Z,2026-06-02T15:00:00Z,270
1867825,South,SANGRUR,Panwan,Unplanned,Closed,2026-06-02T10:30:00Z,2026-06-02T15:00:00Z,270
1867792,West,BATHINDA,Jagdambe Road,Planned,Closed,2026-06-02T10:30:00Z,2026-06-02T13:55:00Z,205
1867829,Border,TARN TARAN,Botelkiri,Unplanned,Closed,2026-06-02T10:25:00Z,2026-06-02T12:15:00Z,110
1867824,Border,TARN TARAN,UPS KAIRON,Unplanned,Closed,2026-06-02T10:25:00Z,2026-06-02T10:30:00Z,5
1867823,West,FARIDKOT,FOCAL POINT,Unplanned,Closed,2026-06-02T10:24:22Z,2026-06-02T12:15:34Z,111
1867835,Border,GURDASPUR,Sathiali 24 hrs.,Unplanned,Closed,2026-06-02T10:18:00Z,2026-06-02T11:37:00Z,79
1867822,West,MUKATSAR,11 KV BHAGU,Unplanned,Closed,2026-06-02T10:16:30Z,2026-06-02T11:13:15Z,56
1867819,West,FARIDKOT,11 KV GAUSHALA AP,Unplanned,Closed,2026-06-02T10:05:33Z,2026-06-02T11:16:24Z,70
1867788,Border,SUB URBAN AMRITSAR,Jagdambey Colony,Planned,Closed,2026-06-02T10:05:21Z,2026-06-02T11:50:00Z,104
1867817,Border,SUB URBAN AMRITSAR,Chh UPS,Planned,Closed,2026-06-02T10:05:00Z,2026-06-02T14:12:00Z,247
1867577,Border,TARN TARAN,UPS NEW KHALRA,Planned,Closed,2026-06-02T10:00:13Z,2026-06-02T14:01:13Z,241
1867576,Border,TARN TARAN,UPS Baba Bhai Jethe Ji,Planned,Closed,2026-06-02T10:00:13Z,2026-06-02T14:01:13Z,241
1867575,Border,TARN TARAN,24 Hrs. UPS Narli,Planned,Closed,2026-06-02T10:00:13Z,2026-06-02T14:01:13Z,241
1867574,Border,TARN TARAN,BOP,Planned,Closed,2026-06-02T10:00:13Z,2026-06-02T14:01:13Z,241
1867573,Border,TARN TARAN,Khalra Urban,Planned,Closed,2026-06-02T10:00:13Z,2026-06-02T14:01:13Z,241
1867842,Border,SUB URBAN AMRITSAR,KALLEY,Planned,Closed,2026-06-02T10:00:00Z,2026-06-02T14:00:00Z,240
1867841,Border,SUB URBAN AMRITSAR,Ranjit Avenue B block,Planned,Closed,2026-06-02T10:00:00Z,2026-06-02T14:00:00Z,240
1867821,Central,KHANNA,IKOLAHI,Planned,Closed,2026-06-02T10:00:00Z,2026-06-02T11:13:00Z,73
1867798,Border,SUB URBAN AMRITSAR,MAJITHA ROAD VERKA BYE PASS,Planned,Closed,2026-06-02T10:00:00Z,2026-06-02T14:30:00Z,270
1867797,Border,SUB URBAN AMRITSAR,Dashmesh Nagar,Planned,Closed,2026-06-02T10:00:00Z,2026-06-02T13:45:00Z,225
1867727,Border,TARN TARAN,UPS KAIRON,Planned,Closed,2026-06-02T10:00:00Z,2026-06-02T14:01:00Z,241
1867725,Border,TARN TARAN,UPS JAUR SINGH WALA,Planned,Closed,2026-06-02T10:00:00Z,2026-06-02T14:20:00Z,260
1867724,Border,TARN TARAN,UPS MARHANA,Planned,Closed,2026-06-02T10:00:00Z,2026-06-02T14:05:00Z,245
1867723,Border,TARN TARAN,UPS SHAKRI,Planned,Closed,2026-06-02T10:00:00Z,2026-06-02T14:05:00Z,245
1867815,West,MUKATSAR,DALMIR KHERA,Unplanned,Closed,2026-06-02T09:56:47Z,2026-06-02T11:20:58Z,84
1867818,South,SANGRUR,Dhuri Gate,Unplanned,Closed,2026-06-02T09:56:00Z,2026-06-02T10:33:00Z,37
1867816,East,MOHALI,11KV AMBIKA,Unplanned,Closed,2026-06-02T09:55:00Z,2026-06-02T10:05:07Z,10
1867813,South,SANGRUR,KADIAL A+B (GRID DIRBA),Unplanned,Closed,2026-06-02T09:55:00Z,2026-06-02T15:20:00Z,325
1867812,Border,GURDASPUR,Seunty,Unplanned,Closed,2026-06-02T09:55:00Z,2026-06-02T10:57:00Z,62
1867811,Border,GURDASPUR,Manwal,Unplanned,Closed,2026-06-02T09:55:00Z,2026-06-02T10:57:00Z,62
1867809,North,JALANDHAR,NEW SHANKAR,Unplanned,Closed,2026-06-02T09:51:00Z,2026-06-02T10:20:00Z,29
1867810,West,FARIDKOT,Industrial,Unplanned,Closed,2026-06-02T09:50:24Z,2026-06-02T10:27:54Z,37
1867820,North,JALANDHAR,Lucky Dhaba,Unplanned,Closed,2026-06-02T09:50:00Z,2026-06-02T10:35:00Z,45
1867805,Border,TARN TARAN,URBAN HOSPITAL INDPT,Unplanned,Closed,2026-06-02T09:50:00Z,2026-06-02T10:35:00Z,45
1867807,West,MUKATSAR,11 KV GADDAN DOB,Unplanned,Closed,2026-06-02T09:48:00Z,2026-06-02T10:30:00Z,42
1867806,West,MUKATSAR,BAHAVAL BASI,Unplanned,Closed,2026-06-02T09:48:00Z,2026-06-02T10:19:00Z,31
1867803,West,MUKATSAR,11 KV Alamgarh,Unplanned,Closed,2026-06-02T09:45:40Z,2026-06-02T10:45:53Z,60
1867804,West,MUKATSAR,11 KV KIKKER KHERA,Unplanned,Closed,2026-06-02T09:45:12Z,2026-06-02T10:45:30Z,60
1867852,Border,GURDASPUR,UPPAL,Unplanned,Closed,2026-06-02T09:45:00Z,2026-06-02T10:15:00Z,30
1867808,Border,GURDASPUR,PASSNAWAL,Unplanned,Closed,2026-06-02T09:45:00Z,2026-06-02T09:57:00Z,12
1867801,West,MUKATSAR,11 KV Dharampura,Unplanned,Closed,2026-06-02T09:43:26Z,2026-06-02T10:52:45Z,69
1867802,South,SANGRUR,MAKORD SAHIB,Unplanned,Closed,2026-06-02T09:40:02Z,2026-06-02T11:20:11Z,100
1867800,Border,GURDASPUR,HOSPITAL,Unplanned,Closed,2026-06-02T09:40:00Z,2026-06-02T09:50:00Z,10
1867796,East,MOHALI,11KV NADIALI AP,Unplanned,Closed,2026-06-02T09:35:00Z,2026-06-02T09:55:35Z,20
1867793,North,HOSHIARPUR,KALYANPUR,Planned,Closed,2026-06-02T09:35:00Z,2026-06-02T10:11:00Z,36
1867790,North,JALANDHAR,INDUSTRY AREA,Unplanned,Closed,2026-06-02T09:30:00Z,2026-06-02T10:24:00Z,54
1867789,North,HOSHIARPUR,RAM MANDIR,Unplanned,Closed,2026-06-02T09:30:00Z,2026-06-02T09:45:00Z,15
1867779,West,MUKATSAR,11 KV Danewala AP,Unplanned,Closed,2026-06-02T09:28:02Z,2026-06-02T10:25:20Z,57
1867778,West,MUKATSAR,New Patrewala UPS,Unplanned,Closed,2026-06-02T09:28:02Z,2026-06-02T10:25:20Z,57
1867777,South,PATIALA,UPS DANDRALA,Planned,Closed,2026-06-02T09:27:24Z,2026-06-02T10:41:04Z,73
1867776,South,PATIALA,BIRDHANO,Planned,Closed,2026-06-02T09:27:24Z,2026-06-02T10:49:04Z,81
1867787,North,NAWANSHAHR,Mukandpur,Unplanned,Closed,2026-06-02T09:25:00Z,2026-06-02T09:45:00Z,20
1867775,North,NAWANSHAHR,TEHSIL COMPLEX,Unplanned,Closed,2026-06-02T09:25:00Z,2026-06-02T10:25:00Z,60
1867799,North,JALANDHAR,GUDAIPUR,Unplanned,Closed,2026-06-02T09:24:00Z,2026-06-02T10:54:00Z,90
1867794,East,MOHALI,11KV 66 Commercial,Unplanned,Closed,2026-06-02T09:23:00Z,2026-06-02T09:43:56Z,20
1867772,South,SANGRUR,GHAGAR,Unplanned,Closed,2026-06-02T09:22:28Z,2026-06-02T10:18:40Z,56
1867814,Border,TARN TARAN,JODHPUR UPS,Unplanned,Closed,2026-06-02T09:20:00Z,2026-06-02T10:30:00Z,70
1867791,West,FARIDKOT,Hariyali,Unplanned,Closed,2026-06-02T09:15:41Z,2026-06-02T09:55:23Z,39
1867795,Border,TARN TARAN,Baba Khekhi sah,Planned,Closed,2026-06-02T09:15:01Z,2026-06-02T12:27:01Z,192
1867771,West,BATHINDA,JAITO ROAD,Unplanned,Closed,2026-06-02T09:13:00Z,2026-06-02T09:30:00Z,17
1867774,West,FARIDKOT,Bhagtuana UPS,Unplanned,Closed,2026-06-02T09:12:37Z,2026-06-02T09:46:28Z,33
1867766,Border,GURDASPUR,Bhumbli,Unplanned,Closed,2026-06-02T09:12:00Z,2026-06-02T12:36:00Z,204
1867783,Border,TARN TARAN,MUSSE UPS,Planned,Closed,2026-06-02T09:11:40Z,2026-06-02T12:28:40Z,197
1867782,Border,TARN TARAN,24 HOURS SUPPLY,Planned,Closed,2026-06-02T09:11:40Z,2026-06-02T12:28:40Z,197
1867781,Border,TARN TARAN,11 KV Sur Singh Urban new,Planned,Closed,2026-06-02T09:11:40Z,2026-06-02T12:28:40Z,197
1867780,Border,TARN TARAN,SUR SINGH URBAN,Planned,Closed,2026-06-02T09:11:40Z,2026-06-02T12:28:40Z,197
1867770,Border,GURDASPUR,Shalla Urban,Unplanned,Closed,2026-06-02T09:10:00Z,2026-06-02T10:05:00Z,55
1867769,Border,TARN TARAN,24 Hur. Sohal,Planned,Closed,2026-06-02T09:10:00Z,2026-06-02T12:27:00Z,197
1867768,Border,TARN TARAN,GAGOBUA URBAN,Planned,Closed,2026-06-02T09:10:00Z,2026-06-02T12:27:00Z,197
1867767,North,HOSHIARPUR,SUSANA,Unplanned,Closed,2026-06-02T09:10:00Z,2026-06-02T10:30:00Z,80
1867764,West,FARIDKOT,NANAK  PURI  UPS,Unplanned,Closed,2026-06-02T09:05:22Z,2026-06-02T10:40:40Z,95
1867765,South,PATIALA,kishangarh,Unplanned,Closed,2026-06-02T09:05:00Z,2026-06-02T12:01:00Z,176
1867762,West,FARIDKOT,Nigaha Road,Unplanned,Closed,2026-06-02T09:02:10Z,2026-06-02T09:33:23Z,31
1867761,West,FARIDKOT,CIVIL HOSPITAL,Unplanned,Closed,2026-06-02T09:01:13Z,2026-06-02T09:32:56Z,31
1867763,South,SANGRUR,LADDI,Unplanned,Closed,2026-06-02T08:55:00Z,2026-06-02T09:50:00Z,55
1867760,North,JALANDHAR,D BLOCK,Unplanned,Closed,2026-06-02T08:55:00Z,2026-06-02T10:20:00Z,85
1867754,Central,CITY WEST LUDHIANA,SAS NAGAR,Unplanned,Closed,2026-06-02T08:50:10Z,2026-06-02T09:40:30Z,50
1867752,Central,CITY WEST LUDHIANA,RAM NAGAR FEEDER,Unplanned,Closed,2026-06-02T08:50:10Z,2026-06-02T09:40:19Z,50
1867756,North,HOSHIARPUR,SUNDER NAGAR,Unplanned,Closed,2026-06-02T08:50:00Z,2026-06-02T09:26:00Z,36
1867773,West,BATHINDA,Jagdambe Road,Unplanned,Closed,2026-06-02T08:48:00Z,2026-06-02T09:40:00Z,52
1867751,South,PATIALA,GURDITPURA CAT. 1,Unplanned,Closed,2026-06-02T08:47:00Z,2026-06-02T09:40:00Z,53
1867750,South,PATIALA,UPS SURAJPUR,Unplanned,Closed,2026-06-02T08:47:00Z,2026-06-02T10:32:00Z,105
1867759,Central,SUB URBAN LUDHIANA,CITY-4,Unplanned,Closed,2026-06-02T08:45:00Z,2026-06-02T09:40:00Z,55
1867758,West,MUKATSAR,Badal,Unplanned,Closed,2026-06-02T08:45:00Z,2026-06-02T10:06:00Z,81
1867755,West,BATHINDA,NANGLA,Unplanned,Closed,2026-06-02T08:45:00Z,2026-06-02T10:00:00Z,75
1867753,South,PATIALA,Palace Feeder,Unplanned,Closed,2026-06-02T08:45:00Z,2026-06-02T09:30:00Z,45
1867749,East,Zirakpur,11 KV Aero Home Feeder,Unplanned,Closed,2026-06-02T08:45:00Z,2026-06-02T09:44:00Z,59
1867748,Central,CITY EAST LUDHIANA,KOTWALI,Unplanned,Closed,2026-06-02T08:44:00Z,2026-06-02T09:45:00Z,61
1867747,Central,CITY EAST LUDHIANA,Harbanspura,Unplanned,Closed,2026-06-02T08:44:00Z,2026-06-02T09:48:00Z,64
1867743,North,JALANDHAR,URBAN STATE,Unplanned,Closed,2026-06-02T08:32:00Z,2026-06-02T08:45:00Z,13
1867744,North,NAWANSHAHR,Mithra UPS,Unplanned,Closed,2026-06-02T08:30:00Z,2026-06-02T09:50:00Z,80
1867746,North,KAPURTHALA,INDUSTRY AREA,Unplanned,Closed,2026-06-02T08:25:00Z,2026-06-02T08:45:00Z,20
1867741,South,BARNALA,DHURI ROAD,Unplanned,Closed,2026-06-02T08:25:00Z,2026-06-02T09:15:00Z,50
1867740,West,FARIDKOT,KARYAAL URBAN,Unplanned,Closed,2026-06-02T08:22:40Z,2026-06-02T10:11:27Z,108
1867739,North,JALANDHAR,11 KV Nagra,Unplanned,Closed,2026-06-02T08:18:00Z,2026-06-02T08:58:00Z,40
1867737,Central,CITY WEST LUDHIANA,MEHMOODPURA,Unplanned,Closed,2026-06-02T08:15:21Z,2026-06-02T09:45:29Z,90
1867757,Border,TARN TARAN,VARPALCITY,Unplanned,Closed,2026-06-02T08:15:00Z,2026-06-02T09:15:00Z,60
1867742,South,PATIALA,LAKKAR MANDI,Unplanned,Closed,2026-06-02T08:15:00Z,2026-06-02T09:10:00Z,55
1867738,West,MUKATSAR,ABOHAR ROAD,Unplanned,Closed,2026-06-02T08:15:00Z,2026-06-02T10:10:00Z,115
1867540,West,FEROZPUR,kallu arain,Planned,Closed,2026-06-02T08:05:25Z,2026-06-02T19:02:25Z,657
1867539,West,FEROZPUR,G-5,Planned,Closed,2026-06-02T08:05:25Z,2026-06-02T19:01:25Z,656
1867538,West,FEROZPUR,NANAKSIR,Planned,Closed,2026-06-02T08:05:25Z,2026-06-02T19:03:25Z,658
1867497,West,FEROZPUR,11 KV INDUSTRIAL,Planned,Closed,2026-06-02T08:05:00Z,2026-06-02T19:04:00Z,659
1867496,West,FEROZPUR,TIBBI KALAN,Planned,Closed,2026-06-02T08:05:00Z,2026-06-02T19:04:00Z,659
1867495,West,FEROZPUR,PEERU WALA,Planned,Closed,2026-06-02T08:05:00Z,2026-06-02T19:01:00Z,656
1867494,West,FEROZPUR,LAKHA HAZI UPS,Planned,Closed,2026-06-02T08:05:00Z,2026-06-02T19:01:00Z,656
1867493,West,FEROZPUR,TIBBI KHURD G-5,Planned,Closed,2026-06-02T08:05:00Z,2026-06-02T19:02:00Z,657
1867485,West,FEROZPUR,ARSONAL,Planned,Closed,2026-06-02T08:04:47Z,2026-06-02T19:02:47Z,658
1867484,West,FEROZPUR,RINGMAIN B,Planned,Closed,2026-06-02T08:04:47Z,2026-06-02T19:03:47Z,659
1867483,West,FEROZPUR,CIVIL HOSPITAL,Planned,Closed,2026-06-02T08:04:47Z,2026-06-02T19:02:47Z,658
1867482,West,FEROZPUR,11 KV NAMAK MANDI,Planned,Closed,2026-06-02T08:04:47Z,2026-06-02T19:02:47Z,658
1867481,West,FEROZPUR, P&T,Planned,Closed,2026-06-02T08:04:47Z,2026-06-02T19:02:47Z,658
1867480,West,FEROZPUR,MADHRE,Planned,Closed,2026-06-02T08:02:34Z,2026-06-02T19:00:34Z,658
1867479,West,FEROZPUR,BOP,Planned,Closed,2026-06-02T08:02:34Z,2026-06-02T19:01:34Z,659
1867478,West,FEROZPUR,Amritsari Gate,Planned,Closed,2026-06-02T08:02:34Z,2026-06-02T18:52:34Z,650
1867477,West,FEROZPUR,Police Line,Planned,Closed,2026-06-02T08:02:34Z,2026-06-02T19:02:34Z,660
1867476,West,FEROZPUR,UPS FEEDER,Planned,Closed,2026-06-02T08:02:34Z,2026-06-02T19:02:34Z,660
1867475,West,FEROZPUR,HABIB WALA,Planned,Closed,2026-06-02T08:02:34Z,2026-06-02T19:02:34Z,660
1867474,West,FEROZPUR,INDUSTRIAL,Planned,Closed,2026-06-02T08:02:34Z,2026-06-02T19:03:34Z,661
1867293,West,FEROZPUR,11 NAMDEV CHAUNK URBAN,Planned,Closed,2026-06-02T08:01:50Z,2026-06-02T18:33:50Z,632
1867292,West,FEROZPUR,ZILA PARISHAD,Planned,Closed,2026-06-02T08:01:50Z,2026-06-02T18:33:50Z,632
1867291,West,FEROZPUR,BAGDADI GATE,Planned,Closed,2026-06-02T08:01:50Z,2026-06-02T18:33:50Z,632
1867492,West,FEROZPUR,BHAWARA AZAM SHAH,Planned,Closed,2026-06-02T08:01:14Z,2026-06-02T19:04:14Z,663
1867491,West,FEROZPUR,UPS DHIRA PATRA,Planned,Closed,2026-06-02T08:01:14Z,2026-06-02T19:06:14Z,665
1867490,West,FEROZPUR,JHAG GROUND,Planned,Closed,2026-06-02T08:01:14Z,2026-06-02T19:04:14Z,663
1867489,West,FEROZPUR,FATU WALA UPS,Planned,Closed,2026-06-02T08:01:14Z,2026-06-02T19:05:14Z,664
1867488,West,FEROZPUR,URBAN JHOKE HARI HAR,Planned,Closed,2026-06-02T08:01:14Z,2026-06-02T19:02:14Z,661
1867487,West,FEROZPUR,KASU BEGHU,Planned,Closed,2026-06-02T08:01:14Z,2026-06-02T19:03:14Z,662
1867486,West,FEROZPUR,URBAN MEHAMA,Planned,Closed,2026-06-02T08:01:14Z,2026-06-02T19:04:14Z,663
1867736,South,SANGRUR,Ballran C-1,Unplanned,Closed,2026-06-02T08:00:00Z,2026-06-02T09:45:00Z,105
1867745,Border,GURDASPUR,Roranwali 24 hrs.,Unplanned,Closed,2026-06-02T07:56:00Z,2026-06-02T09:26:00Z,90
1867735,North,JALANDHAR,GHAI NAGAR,Unplanned,Closed,2026-06-02T07:56:00Z,2026-06-02T09:13:00Z,77
1867733,Central,KHANNA,Bija Urban,Unplanned,Closed,2026-06-02T07:55:00Z,2026-06-02T09:05:00Z,70
1867731,South,SANGRUR,CITY-3,Unplanned,Closed,2026-06-02T07:47:00Z,2026-06-02T08:45:00Z,58
1867734,East,MOHALI,KHERIGURNA AP,Unplanned,Closed,2026-06-02T07:45:14Z,2026-06-02T08:15:00Z,29
1867732,North,KAPURTHALA,URBAN SHAMSHABAD UPS,Unplanned,Closed,2026-06-02T07:45:00Z,2026-06-02T09:10:00Z,85
1867730,Border,CITY AMRITSAR,11 KV DABURJI,Unplanned,Closed,2026-06-02T07:40:00Z,2026-06-02T08:20:00Z,40
1867726,East,MOHALI,Urban,Unplanned,Closed,2026-06-02T07:35:00Z,2026-06-02T08:30:00Z,55
1867729,East,MOHALI,11 KV Sec 59,Unplanned,Closed,2026-06-02T07:34:00Z,2026-06-02T08:20:00Z,46
1867720,Border,GURDASPUR,Lamini,Unplanned,Closed,2026-06-02T07:34:00Z,2026-06-02T08:33:00Z,59
1867728,East,ROPAR,Mianpur,Unplanned,Closed,2026-06-02T07:26:00Z,2026-06-02T08:20:00Z,54
1867721,Central,KHANNA,jagat colony,Unplanned,Closed,2026-06-02T07:25:00Z,2026-06-02T08:20:00Z,55
1867716,South,PATIALA,UPS UPPLAN,Unplanned,Closed,2026-06-02T07:25:00Z,2026-06-02T07:47:00Z,22
1867718,West,MUKATSAR,DAULATPURA UPS,Unplanned,Closed,2026-06-02T07:23:29Z,2026-06-02T08:20:36Z,57
1867722,Border,TARN TARAN,JODHPUR UPS,Unplanned,Closed,2026-06-02T07:15:00Z,2026-06-02T09:10:00Z,115
1867719,West,MUKATSAR,11 KV Sappan wali,Unplanned,Closed,2026-06-02T07:14:57Z,2026-06-02T08:20:02Z,65
1867717,West,MUKATSAR,DALMIR KHERA,Unplanned,Closed,2026-06-02T07:12:52Z,2026-06-02T08:20:03Z,67
1867715,East,MOHALI,SEC-61A,Unplanned,Closed,2026-06-02T07:10:00Z,2026-06-02T07:44:00Z,34
1867714,East,ROPAR,CHATAULI,Unplanned,Closed,2026-06-02T07:10:00Z,2026-06-02T07:27:00Z,17
1867713,East,Zirakpur,SAINI VIHAR,Unplanned,Closed,2026-06-02T07:07:00Z,2026-06-02T08:02:00Z,55
1867711,North,JALANDHAR,11 KV Jalandhar Height-1,Unplanned,Closed,2026-06-02T07:00:00Z,2026-06-02T07:27:00Z,27
1867710,Border,SUB URBAN AMRITSAR,GUMTALA,Unplanned,Closed,2026-06-02T06:57:00Z,2026-06-02T07:40:00Z,43
1867707,North,NAWANSHAHR,GARHI,Unplanned,Closed,2026-06-02T06:39:00Z,2026-06-02T07:15:00Z,36
1867704,West,MUKATSAR,New Patrewala UPS,Unplanned,Closed,2026-06-02T06:37:41Z,2026-06-02T06:56:00Z,18
1867705,West,MUKATSAR,11 KV Danewala AP,Unplanned,Closed,2026-06-02T06:37:32Z,2026-06-02T06:56:30Z,18
1867709,Border,SUB URBAN AMRITSAR,Tarsikka  Urban 2,Unplanned,Closed,2026-06-02T06:35:00Z,2026-06-02T07:50:00Z,75
1867706,North,JALANDHAR,Munpur,Unplanned,Closed,2026-06-02T06:31:00Z,2026-06-02T06:48:00Z,17
1867712,East,MOHALI,NIPER,Unplanned,Closed,2026-06-02T06:30:11Z,2026-06-02T06:40:00Z,9
1867708,Border,GURDASPUR,KOT MAJLAS 24 Hrs,Unplanned,Closed,2026-06-02T06:30:00Z,2026-06-02T07:40:00Z,70
1867701,North,JALANDHAR,11 KV Lal Kurti Feeder,Unplanned,Closed,2026-06-02T06:26:00Z,2026-06-02T06:47:00Z,21
1867703,South,BARNALA,MALERKOTLA-2,Unplanned,Closed,2026-06-02T06:20:00Z,2026-06-02T07:40:00Z,80
1867699,West,MUKATSAR,11 KV COURT COMPLEX,Unplanned,Closed,2026-06-02T06:12:00Z,2026-06-02T07:47:00Z,95
1867700,South,PATIALA,UPS PAWALA,Unplanned,Closed,2026-06-02T06:10:00Z,2026-06-02T07:05:00Z,55
1867698,North,JALANDHAR,Chomon,Unplanned,Closed,2026-06-02T06:05:00Z,2026-06-02T07:05:00Z,60
1867668,West,MUKATSAR,11 KV SARDARPURA UPS,Planned,Closed,2026-06-02T06:01:20Z,2026-06-02T07:40:20Z,99
1867667,West,MUKATSAR,11 KV Bhagsar UPS,Planned,Closed,2026-06-02T06:01:20Z,2026-06-02T07:40:20Z,99
1867666,West,MUKATSAR,11 KV SITO,Planned,Closed,2026-06-02T06:01:20Z,2026-06-02T07:40:20Z,99
1867696,North,JALANDHAR,GUDAIPUR,Unplanned,Closed,2026-06-02T05:58:00Z,2026-06-02T06:42:00Z,44
1867695,East,MOHALI,11KV BLOCK-C,Unplanned,Closed,2026-06-02T05:58:00Z,2026-06-02T06:28:00Z,30
1867702,Border,SUB URBAN AMRITSAR,Khankot,Unplanned,Closed,2026-06-02T05:55:00Z,2026-06-02T06:56:00Z,61
1867693,North,NAWANSHAHR,KANGNA,Unplanned,Closed,2026-06-02T05:50:00Z,2026-06-02T06:10:00Z,20
1867694,East,MOHALI,11KV LANDRAN ROAD,Unplanned,Closed,2026-06-02T05:48:00Z,2026-06-02T06:42:00Z,54
1867697,Border,GURDASPUR,Gujran Lahri,Unplanned,Closed,2026-06-02T05:45:00Z,2026-06-02T06:44:00Z,59
1867692,South,PATIALA,UPS BHOJOMAJRI,Unplanned,Closed,2026-06-02T05:30:00Z,2026-06-02T07:25:00Z,115
1867691,East,MOHALI,11 KV Industrial-3,Unplanned,Closed,2026-06-02T05:22:00Z,2026-06-02T05:46:46Z,24
1867671,West,MUKATSAR,11 KV GADDAN DOB,Planned,Closed,2026-06-02T05:20:02Z,2026-06-02T06:45:02Z,85
1867670,West,MUKATSAR,11 KV TAJA PATTI,Planned,Closed,2026-06-02T05:20:02Z,2026-06-02T06:45:02Z,85
1867669,West,MUKATSAR,11 KV RATTA TIBBA,Planned,Closed,2026-06-02T05:20:02Z,2026-06-02T06:45:02Z,85
1867690,South,PATIALA,BABA DEEP SINGH,Unplanned,Closed,2026-06-02T05:17:00Z,2026-06-02T06:15:00Z,58
1867682,West,MUKATSAR,New Patrewala UPS,Planned,Closed,2026-06-02T05:15:11Z,2026-06-02T06:00:11Z,45
1867689,East,MOHALI,Sector-77B,Unplanned,Closed,2026-06-02T05:14:00Z,2026-06-02T05:30:00Z,16
1867665,West,MUKATSAR,11 KV Raipura,Planned,Closed,2026-06-02T05:10:56Z,2026-06-02T06:56:56Z,106
1867664,West,MUKATSAR,11 KV Dhaban Kokrian,Planned,Closed,2026-06-02T05:10:56Z,2026-06-02T06:56:56Z,106
1867663,West,MUKATSAR,11 KV Malookpura UPS,Planned,Closed,2026-06-02T05:10:56Z,2026-06-02T06:56:56Z,106
1867679,West,MUKATSAR,11 KV Sappan wali,Planned,Closed,2026-06-02T05:10:08Z,2026-06-02T06:01:08Z,51
1867678,West,MUKATSAR,NEFED,Planned,Closed,2026-06-02T05:10:08Z,2026-06-02T06:01:08Z,51
1867676,West,MUKATSAR,PANJKOSI,Planned,Closed,2026-06-02T05:10:08Z,2026-06-02T06:01:08Z,51
1867675,West,MUKATSAR,11 KV SAIDANWALI,Planned,Closed,2026-06-02T05:10:08Z,2026-06-02T06:01:08Z,51
1867674,West,MUKATSAR,DAULATPURA UPS,Planned,Closed,2026-06-02T05:10:08Z,2026-06-02T06:01:08Z,51
1867673,West,MUKATSAR,11 KV PUNJAB AGRO,Planned,Closed,2026-06-02T05:10:08Z,2026-06-02T06:01:08Z,51
1867672,West,MUKATSAR,DALMIR KHERA,Planned,Closed,2026-06-02T05:10:08Z,2026-06-02T06:01:08Z,51
1867681,West,MUKATSAR,11 KV Patrewala,Planned,Closed,2026-06-02T05:05:07Z,2026-06-02T06:05:07Z,60
1867662,West,MUKATSAR,11 KV RIDHI SIDHI URBAN,Planned,Closed,2026-06-02T05:01:41Z,2026-06-02T07:53:41Z,172
1867661,West,MUKATSAR,11 KV Circular Road,Planned,Closed,2026-06-02T05:01:41Z,2026-06-02T07:53:41Z,172
1867660,West,MUKATSAR,11 KV Focal Point-2,Planned,Closed,2026-06-02T05:01:41Z,2026-06-02T07:53:41Z,172
1867659,West,MUKATSAR,11 KV TARA ESTATE,Planned,Closed,2026-06-02T05:01:41Z,2026-06-02T07:53:41Z,172
1867658,West,MUKATSAR,11 KV BSF,Planned,Closed,2026-06-02T05:01:41Z,2026-06-02T07:53:41Z,172
1867657,West,MUKATSAR,11 KV GANGA NAGAR ROAD,Planned,Closed,2026-06-02T05:01:41Z,2026-06-02T07:53:41Z,172
1867656,West,MUKATSAR,11 KV Focal Point-1,Planned,Closed,2026-06-02T05:01:41Z,2026-06-02T07:53:41Z,172
1867655,West,MUKATSAR,INDRA NAGRI,Planned,Closed,2026-06-02T05:01:41Z,2026-06-02T07:53:41Z,172
1867654,West,MUKATSAR,11 KV Chirag dhani,Planned,Closed,2026-06-02T05:01:41Z,2026-06-02T07:53:41Z,172
1867653,West,MUKATSAR,11 KV Rajiv Nagar,Planned,Closed,2026-06-02T05:01:41Z,2026-06-02T07:53:41Z,172
1867652,West,MUKATSAR,11 KV SIDHU NAGRI,Planned,Closed,2026-06-02T05:01:41Z,2026-06-02T07:53:41Z,172
1867651,West,MUKATSAR,11 KV NAI ABADI,Planned,Closed,2026-06-02T05:01:41Z,2026-06-02T07:53:41Z,172
1867650,West,MUKATSAR,11 KV KANDHWALA Road Urban,Planned,Closed,2026-06-02T05:01:41Z,2026-06-02T07:53:41Z,172
1867649,West,MUKATSAR,11 KV Alamgarh,Planned,Closed,2026-06-02T05:01:41Z,2026-06-02T07:53:41Z,172
1867648,West,MUKATSAR,KRISHNA NAGRI,Planned,Closed,2026-06-02T05:01:41Z,2026-06-02T07:53:41Z,172
1867677,West,MUKATSAR,11 KV Telupura,Planned,Closed,2026-06-02T05:01:08Z,2026-06-02T06:01:08Z,60
1867605,West,MUKATSAR,Zorki Andhe Walli,Planned,Closed,2026-06-02T05:00:29Z,2026-06-02T06:00:29Z,60
1867604,West,MUKATSAR,KHEOWALA UPS,Planned,Closed,2026-06-02T05:00:29Z,2026-06-02T06:00:29Z,60
1867603,West,MUKATSAR,Chimne Wala urban Cat 1,Planned,Closed,2026-06-02T05:00:29Z,2026-06-02T06:00:29Z,60
1867602,West,MUKATSAR,Hauz Khas,Planned,Closed,2026-06-02T05:00:29Z,2026-06-02T06:00:29Z,60
1867609,West,MUKATSAR,dhani shaffi,Planned,Closed,2026-06-02T05:00:22Z,2026-06-02T06:00:22Z,60
1867608,West,MUKATSAR,Dhanger Khera,Planned,Closed,2026-06-02T05:00:22Z,2026-06-02T06:00:22Z,60
1867607,West,MUKATSAR,Bajidpur Katian Wali,Planned,Closed,2026-06-02T05:00:22Z,2026-06-02T06:00:22Z,60
1867606,West,MUKATSAR,Chouriwala Dhana,Planned,Closed,2026-06-02T05:00:22Z,2026-06-02T06:00:22Z,60
1867600,West,MUKATSAR,KHEO WALI DHAB URBAN,Planned,Closed,2026-06-02T05:00:18Z,2026-06-02T06:00:18Z,60
1867599,West,MUKATSAR,BANDI WALA UPS,Planned,Closed,2026-06-02T05:00:18Z,2026-06-02T06:00:18Z,60
1867688,Central,CITY WEST LUDHIANA,VISHAL NAGAR,Unplanned,Closed,2026-06-02T04:56:22Z,2026-06-02T05:51:39Z,55
1867685,Central,CITY EAST LUDHIANA,Chand Cinema,Unplanned,Closed,2026-06-02T03:29:00Z,2026-06-02T04:54:00Z,85
1867686,East,MOHALI,11 KV Industrial-3,Unplanned,Closed,2026-06-02T03:15:00Z,2026-06-02T04:15:00Z,60
1867684,Border,GURDASPUR,24 Hrs Amipur,Unplanned,Closed,2026-06-02T03:05:00Z,2026-06-02T05:09:00Z,124
1867687,North,JALANDHAR,11 KV Jalandhar Height-1,Unplanned,Closed,2026-06-02T03:00:00Z,2026-06-02T04:55:00Z,115
1867683,South,PATIALA,INDUSTRIAL,Unplanned,Closed,2026-06-02T02:24:26Z,2026-06-02T04:12:52Z,108
1867680,North,NAWANSHAHR,PANAM,Unplanned,Closed,2026-06-02T01:55:00Z,2026-06-02T02:21:00Z,26
1867643,Central,CITY WEST LUDHIANA,A block,Unplanned,Closed,2026-06-02T01:13:34Z,2026-06-02T02:13:18Z,59
1867647,North,HOSHIARPUR,MHP2,Unplanned,Closed,2026-06-02T01:10:00Z,2026-06-02T02:05:00Z,55
1867642,Central,CITY WEST LUDHIANA,METRO FEEDER,Unplanned,Closed,2026-06-02T01:06:47Z,2026-06-02T01:56:55Z,50
1867641,Central,SUB URBAN LUDHIANA,CENTER CITY,Unplanned,Closed,2026-06-02T00:50:00Z,2026-06-02T02:10:00Z,80
1867640,Central,SUB URBAN LUDHIANA,CITY-4,Unplanned,Closed,2026-06-02T00:50:00Z,2026-06-02T02:10:00Z,80
1867638,Border,SUB URBAN AMRITSAR,Hoshiar Nagar UPS,Unplanned,Closed,2026-06-02T00:37:18Z,2026-06-02T05:16:41Z,279
1867637,East,Zirakpur,BALTANA,Unplanned,Closed,2026-06-02T00:17:00Z,2026-06-02T01:05:00Z,48
1867636,Border,CITY AMRITSAR,NAVANKOT,Unplanned,Closed,2026-06-02T00:15:00Z,2026-06-02T00:25:00Z,10
1867634,Central,CITY EAST LUDHIANA,Star City,Unplanned,Closed,2026-06-02T00:10:41Z,2026-06-02T00:50:02Z,39
1867632,Border,GURDASPUR,Seunty,Unplanned,Closed,2026-06-02T00:03:00Z,2026-06-02T01:42:00Z,99
1867631,Border,GURDASPUR,Manwal,Unplanned,Closed,2026-06-02T00:03:00Z,2026-06-02T01:42:00Z,99
1867635,North,HOSHIARPUR,K.J. International,Unplanned,Closed,2026-06-02T00:01:50Z,2026-06-02T00:40:50Z,39
