outage_id,Zone,Circle,Feeder,Type of Outage,Status,Start Time,End Time,Diff in mins
1952161,West,MUKATSAR,Basti Hazoor Singh,Planned,Active,2026-10-04T14:31:00Z,2026-10-04T17:00:00Z,149
1952342,Central,CITY WEST LUDHIANA,BAROTA ROAD,Planned,Active,2026-10-04T14:08:00Z,2026-10-04T15:55:00Z,107
1952341,Central,CITY WEST LUDHIANA,LOHARA,Planned,Active,2026-10-04T14:08:00Z,2026-10-04T15:55:00Z,107
1952340,Central,CITY WEST LUDHIANA,MERADO FEEDER,Planned,Active,2026-10-04T14:08:00Z,2026-10-04T15:55:00Z,107
1952339,Central,CITY WEST LUDHIANA,SATGURU NAGAR,Planned,Active,2026-10-04T14:02:18Z,2026-10-04T16:00:00Z,117
1952338,Central,CITY WEST LUDHIANA,GURPAL NAGAR FEEDER,Planned,Active,2026-10-04T14:02:18Z,2026-10-04T16:00:00Z,117
1952323,West,MUKATSAR,11 KV Model Town,Planned,Active,2026-10-04T14:00:00Z,2026-10-04T16:00:00Z,120
1952322,West,MUKATSAR,11 KV Town,Planned,Active,2026-10-04T14:00:00Z,2026-10-04T16:00:00Z,120
1952321,West,MUKATSAR,Bus Stand Road,Planned,Active,2026-10-04T14:00:00Z,2026-10-04T16:00:00Z,120
1952320,West,MUKATSAR,Sito Road,Planned,Active,2026-10-04T14:00:00Z,2026-10-04T16:00:00Z,120
1952319,West,MUKATSAR,11 KV LINK NO. 2,Planned,Active,2026-10-04T14:00:00Z,2026-10-04T16:00:00Z,120
1952318,West,MUKATSAR,11 KV Panjpeer Nagar,Planned,Active,2026-10-04T14:00:00Z,2026-10-04T16:00:00Z,120
1951830,North,JALANDHAR,RERRU,Planned,Active,2026-10-04T14:00:00Z,2026-10-04T17:00:00Z,180
1951829,North,JALANDHAR,SAROOP NAGAR,Planned,Active,2026-10-04T14:00:00Z,2026-10-04T17:00:00Z,180
1952337,South,BARNALA,22 acre,Unplanned,Active,2026-10-04T13:55:00Z,2026-10-04T16:00:00Z,125
1952335,West,MUKATSAR,11 KV Dhani Bisehesarnath,Unplanned,Active,2026-10-04T13:53:11Z,2026-10-04T14:29:18Z,36
1952336,West,MUKATSAR,11 KV Azimgarh Urban,Unplanned,Active,2026-10-04T13:51:30Z,2026-10-04T14:29:36Z,38
1952334,West,MUKATSAR,11 KV PUNJAB AGRO,Planned,Active,2026-10-04T13:50:47Z,2026-10-04T17:30:02Z,219
1952332,South,PATIALA,AGETI,Unplanned,Active,2026-10-04T13:45:00Z,2026-10-04T15:00:00Z,75
1952331,South,PATIALA,SURAJPUR,Unplanned,Active,2026-10-04T13:45:00Z,2026-10-04T15:00:00Z,75
1952329,Central,CITY EAST LUDHIANA,BASTI JODHEWAL,Unplanned,Closed,2026-10-04T13:27:00Z,2026-10-04T14:05:00Z,38
1952330,East,Zirakpur,SAINI VIHAR,Planned,Active,2026-10-04T13:25:00Z,2026-10-04T15:00:00Z,95
1952327,South,PATIALA,UPS Mulabadha,Unplanned,Active,2026-10-04T13:20:15Z,2026-10-04T15:00:00Z,99
1952326,South,PATIALA,UPS RAIPUR,Unplanned,Closed,2026-10-04T13:20:15Z,2026-10-04T13:55:00Z,34
1952333,West,BATHINDA,INDUSTRIAL,Unplanned,Active,2026-10-04T13:20:00Z,2026-10-04T15:00:00Z,100
1952328,West,BATHINDA,JAITO ROAD,Unplanned,Active,2026-10-04T13:19:00Z,2026-10-04T15:00:00Z,101
1952325,Border,SUB URBAN AMRITSAR,RANJIT AVENUE,Unplanned,Active,2026-10-04T13:15:00Z,2026-10-04T15:46:00Z,151
1952324,North,JALANDHAR,GEETA MANDIR,Unplanned,Active,2026-10-04T13:10:00Z,2026-10-04T14:00:00Z,50
1952317,Central,CITY WEST LUDHIANA,AS CASTING,Planned,Active,2026-10-04T13:05:00Z,2026-10-04T17:00:00Z,235
1952316,Central,CITY WEST LUDHIANA,BAAZ,Planned,Active,2026-10-04T13:05:00Z,2026-10-04T17:00:00Z,235
1952315,North,JALANDHAR,NIHAL GARGH,Planned,Active,2026-10-04T13:05:00Z,2026-10-04T14:15:00Z,70
1952314,Central,CITY WEST LUDHIANA,SANGITA TOOLS,Planned,Active,2026-10-04T13:05:00Z,2026-10-04T17:00:00Z,235
1952313,Central,CITY WEST LUDHIANA,MAHADEV FORGING,Planned,Active,2026-10-04T13:05:00Z,2026-10-04T17:00:00Z,235
1952312,Central,CITY WEST LUDHIANA,SARTAJ,Planned,Active,2026-10-04T13:05:00Z,2026-10-04T17:00:00Z,235
1952311,West,MUKATSAR,New Patrewala UPS,Unplanned,Closed,2026-10-04T13:01:20Z,2026-10-04T13:30:31Z,29
1952291,South,SANGRUR,Industrial (Benra),Planned,Active,2026-10-04T13:00:00Z,2026-10-04T15:00:00Z,120
1951015,North,JALANDHAR,11KVMARKFEED FEEDER,Planned,Active,2026-10-04T13:00:00Z,2026-10-04T16:00:00Z,180
1951014,North,JALANDHAR,GANDHI NAGAR,Planned,Active,2026-10-04T13:00:00Z,2026-10-04T16:00:00Z,180
1951013,North,JALANDHAR,ADAMPUR,Planned,Active,2026-10-04T13:00:00Z,2026-10-04T16:00:00Z,180
1951012,North,JALANDHAR,Chomon,Planned,Active,2026-10-04T13:00:00Z,2026-10-04T16:00:00Z,180
1952310,Central,CITY WEST LUDHIANA,MERADO FEEDER,Planned,Closed,2026-10-04T12:58:08Z,2026-10-04T13:50:00Z,51
1952309,Central,CITY WEST LUDHIANA,BAROTA ROAD,Planned,Closed,2026-10-04T12:58:08Z,2026-10-04T13:50:00Z,51
1952308,Central,CITY WEST LUDHIANA,LOHARA,Planned,Closed,2026-10-04T12:58:08Z,2026-10-04T13:50:00Z,51
1952302,West,MUKATSAR,11 KV KANDHWALA UPS,Planned,Closed,2026-10-04T12:54:21Z,2026-10-04T13:15:52Z,21
1952306,West,BATHINDA,PHUL,Planned,Active,2026-10-04T12:51:06Z,2026-10-04T17:04:06Z,253
1952305,West,BATHINDA,shri Guru Aagand Dev Ji,Planned,Active,2026-10-04T12:51:06Z,2026-10-04T17:04:06Z,253
1952304,West,BATHINDA,College Road,Planned,Active,2026-10-04T12:51:06Z,2026-10-04T17:04:06Z,253
1952303,West,BATHINDA,INDUSTRIAL,Planned,Active,2026-10-04T12:51:06Z,2026-10-04T17:04:06Z,253
1952307,South,SANGRUR,BHANI,Planned,Active,2026-10-04T12:45:00Z,2026-10-04T17:00:00Z,255
1952301,South,SANGRUR,MILK PLANT,Unplanned,Closed,2026-10-04T12:45:00Z,2026-10-04T14:00:00Z,75
1952300,North,NAWANSHAHR,CITY II,Unplanned,Active,2026-10-04T12:40:00Z,2026-10-04T14:30:00Z,110
1952294,Central,CITY WEST LUDHIANA,PHULLANWAL,Planned,Closed,2026-10-04T12:36:00Z,2026-10-04T12:46:00Z,10
1952295,Border,SUB URBAN AMRITSAR,11 KV WADALA,Unplanned,Closed,2026-10-04T12:31:00Z,2026-10-04T13:41:00Z,70
1952293,Border,TARN TARAN,BOHRU UPS,Unplanned,Closed,2026-10-04T12:30:00Z,2026-10-04T12:55:00Z,25
1952292,West,FARIDKOT,11 KV MOGA ROAD CAT-02,Planned,Active,2026-10-04T12:22:00Z,2026-10-04T14:30:00Z,128
1952290,East,MOHALI,11 KV Masol,Unplanned,Closed,2026-10-04T12:17:11Z,2026-10-04T13:17:37Z,60
1952286,Border,SUB URBAN AMRITSAR,Bhalla Colony,Unplanned,Closed,2026-10-04T12:05:00Z,2026-10-04T12:40:00Z,35
1952285,North,NAWANSHAHR,TAJPUR,Unplanned,Closed,2026-10-04T12:05:00Z,2026-10-04T12:55:00Z,50
1952284,North,JALANDHAR,GOL MARKET,Unplanned,Closed,2026-10-04T12:01:00Z,2026-10-04T12:41:00Z,40
1952283,Central,CITY WEST LUDHIANA,PHULLANWAL,Planned,Closed,2026-10-04T12:00:00Z,2026-10-04T12:22:00Z,22
1950912,South,PATIALA,FOCAL POINT-IV,Planned,Active,2026-10-04T12:00:00Z,2026-10-04T16:00:00Z,240
1952288,West,BATHINDA,CHUGE KHURD UPS,Planned,Active,2026-10-04T11:50:00Z,2026-10-04T14:30:00Z,160
1952282,East,MOHALI,11KV NADIALI AP,Unplanned,Closed,2026-10-04T11:48:00Z,2026-10-04T12:10:00Z,22
1952281,East,MOHALI,11KV DHARAMGARH UPS,Unplanned,Closed,2026-10-04T11:45:00Z,2026-10-04T12:15:00Z,30
1952280,South,PATIALA,Yadwindra  Colony,Unplanned,Closed,2026-10-04T11:44:53Z,2026-10-04T12:47:00Z,62
1952278,South,BARNALA,INDUSTRIAL RATOLAN,Planned,Active,2026-10-04T11:40:14Z,2026-10-04T17:00:00Z,319
1952277,South,BARNALA,DHURI ROAD,Planned,Active,2026-10-04T11:40:14Z,2026-10-04T17:00:00Z,319
1952289,Border,TARN TARAN,KALAH UPS,Unplanned,Closed,2026-10-04T11:40:00Z,2026-10-04T14:01:00Z,141
1952287,West,BATHINDA,KUSLA,Planned,Closed,2026-10-04T11:35:00Z,2026-10-04T13:14:00Z,99
1952279,East,Zirakpur,Bauli Sahib,Unplanned,Closed,2026-10-04T11:35:00Z,2026-10-04T12:26:00Z,51
1952275,South,SANGRUR,Beed,Unplanned,Closed,2026-10-04T11:30:00Z,2026-10-04T14:00:00Z,150
1952274,South,SANGRUR,JHEOUR MAJRA,Unplanned,Closed,2026-10-04T11:30:00Z,2026-10-04T14:01:00Z,151
1952273,North,HOSHIARPUR,Pandori Attwal,Unplanned,Closed,2026-10-04T11:30:00Z,2026-10-04T13:00:00Z,90
1952272,Border,GURDASPUR,Dalia,Unplanned,Closed,2026-10-04T11:30:00Z,2026-10-04T11:53:00Z,23
1952271,South,PATIALA,CHAPROUDA,Unplanned,Closed,2026-10-04T11:30:00Z,2026-10-04T12:40:29Z,70
1952270,Border,GURDASPUR,Manj,Unplanned,Closed,2026-10-04T11:30:00Z,2026-10-04T11:53:00Z,23
1952269,South,PATIALA,UPS Mulabadha,Unplanned,Closed,2026-10-04T11:30:00Z,2026-10-04T12:40:40Z,70
1952268,Border,SUB URBAN AMRITSAR,Bhararri Wal,Unplanned,Closed,2026-10-04T11:20:00Z,2026-10-04T11:45:22Z,25
1952267,Border,GURDASPUR,Nawan Pind,Unplanned,Closed,2026-10-04T11:16:00Z,2026-10-04T11:47:00Z,31
1952265,West,FARIDKOT,JALALABAD UPS,Unplanned,Active,2026-10-04T11:13:04Z,2026-10-04T15:00:08Z,227
1952264,West,FARIDKOT,11 KV Dana Mandi,Unplanned,Active,2026-10-04T11:13:04Z,2026-10-04T15:00:08Z,227
1952266,South,PATIALA,SYL (F.P),Unplanned,Closed,2026-10-04T11:10:00Z,2026-10-04T11:30:00Z,20
1952262,North,NAWANSHAHR,CHAUHRA,Unplanned,Closed,2026-10-04T11:10:00Z,2026-10-04T11:25:00Z,15
1952261,East,ROPAR,Nurpur Bedi,Unplanned,Closed,2026-10-04T11:10:00Z,2026-10-04T11:50:00Z,40
1952202,West,MUKATSAR,11 KV Panjpeer Nagar,Planned,Closed,2026-10-04T11:03:00Z,2026-10-04T13:24:00Z,141
1952201,West,MUKATSAR,11 KV LINK NO. 2,Planned,Closed,2026-10-04T11:03:00Z,2026-10-04T13:24:00Z,141
1952200,West,MUKATSAR,Sito Road,Planned,Closed,2026-10-04T11:03:00Z,2026-10-04T13:24:00Z,141
1952199,West,MUKATSAR,Bus Stand Road,Planned,Closed,2026-10-04T11:03:00Z,2026-10-04T13:24:00Z,141
1952198,West,MUKATSAR,11 KV Model Town,Planned,Closed,2026-10-04T11:03:00Z,2026-10-04T13:24:00Z,141
1952197,West,MUKATSAR,11 KV Town,Planned,Closed,2026-10-04T11:03:00Z,2026-10-04T13:24:00Z,141
1952258,Border,TARN TARAN,GHAGGE,Unplanned,Active,2026-10-04T11:02:53Z,2026-10-04T13:30:06Z,147
1952299,North,KAPURTHALA,UPS Badli Adda,Unplanned,Closed,2026-10-04T11:00:41Z,2026-10-04T13:00:41Z,120
1952298,North,KAPURTHALA,Nirmal Kutiya,Unplanned,Closed,2026-10-04T11:00:41Z,2026-10-04T13:00:41Z,120
1952297,North,KAPURTHALA,UPS MURIWAL,Unplanned,Closed,2026-10-04T11:00:41Z,2026-10-04T13:00:41Z,120
1952296,North,KAPURTHALA,UPS Rupewal,Unplanned,Closed,2026-10-04T11:00:41Z,2026-10-04T13:00:41Z,120
1952260,West,FARIDKOT,11KV HARINDERA NAGAR,Planned,Closed,2026-10-04T11:00:00Z,2026-10-04T11:25:00Z,25
1952259,North,JALANDHAR,11 KV BHANOKI LINK FEEDER,Planned,Active,2026-10-04T11:00:00Z,2026-10-04T14:00:00Z,180
1952172,North,JALANDHAR,11KV PINK CITY,Planned,Closed,2026-10-04T11:00:00Z,2026-10-04T13:01:00Z,121
1951840,North,JALANDHAR,DOLIKE,Planned,Active,2026-10-04T11:00:00Z,2026-10-04T15:00:00Z,240
1951826,North,JALANDHAR,NEW ESTATE,Planned,Active,2026-10-04T11:00:00Z,2026-10-04T15:00:00Z,240
1951825,North,JALANDHAR,G.D.P.A.,Planned,Active,2026-10-04T11:00:00Z,2026-10-04T15:00:00Z,240
1951824,North,JALANDHAR,TRIBUNE,Planned,Active,2026-10-04T11:00:00Z,2026-10-04T15:00:00Z,240
1951822,North,JALANDHAR,MUBARAKPUR SHEKHE,Planned,Active,2026-10-04T11:00:00Z,2026-10-04T15:00:00Z,240
1951277,Central,CITY EAST LUDHIANA,GITANSH,Planned,Active,2026-10-04T11:00:00Z,2026-10-04T15:00:00Z,240
1951276,Central,CITY EAST LUDHIANA,SHAKTI,Planned,Active,2026-10-04T11:00:00Z,2026-10-04T15:00:00Z,240
1951275,Central,CITY EAST LUDHIANA,BAJRA ROAD,Planned,Active,2026-10-04T11:00:00Z,2026-10-04T15:00:00Z,240
1951274,Central,CITY EAST LUDHIANA,SEERA ROAD,Planned,Active,2026-10-04T11:00:00Z,2026-10-04T15:00:00Z,240
1951273,Central,CITY EAST LUDHIANA,SPORTKING,Planned,Active,2026-10-04T11:00:00Z,2026-10-04T15:00:00Z,240
1950813,Central,CITY WEST LUDHIANA,Maya Soap Street,Planned,Active,2026-10-04T11:00:00Z,2026-10-04T15:00:00Z,240
1950812,Central,CITY WEST LUDHIANA,PREET NAGAR FEEDER,Planned,Active,2026-10-04T11:00:00Z,2026-10-04T15:00:00Z,240
1950811,Central,CITY WEST LUDHIANA,SHIMLA PURI FEEDER,Planned,Active,2026-10-04T11:00:00Z,2026-10-04T15:00:00Z,240
1950810,Central,CITY WEST LUDHIANA,GURU NANAK STREET FEEDER,Planned,Active,2026-10-04T11:00:00Z,2026-10-04T15:00:00Z,240
1952263,South,SANGRUR,Babanpur,Planned,Active,2026-10-04T10:55:29Z,2026-10-04T17:00:37Z,365
1952249,Border,GURDASPUR,Gujran Lahri,Unplanned,Closed,2026-10-04T10:50:00Z,2026-10-04T11:42:00Z,52
1952247,Border,GURDASPUR,Ghesal,Unplanned,Closed,2026-10-04T10:50:00Z,2026-10-04T11:42:00Z,52
1952246,Border,GURDASPUR,Kanwan,Unplanned,Closed,2026-10-04T10:50:00Z,2026-10-04T11:42:00Z,52
1952248,West,BATHINDA,BHAI JAGTA JI,Planned,Closed,2026-10-04T10:48:00Z,2026-10-04T11:20:00Z,32
1952257,Border,GURDASPUR,Ghuman,Unplanned,Closed,2026-10-04T10:45:00Z,2026-10-04T12:45:00Z,120
1952256,East,MOHALI,SIGMA,Unplanned,Closed,2026-10-04T10:45:00Z,2026-10-04T11:45:00Z,60
1952255,East,MOHALI,LOGISTIC,Unplanned,Closed,2026-10-04T10:45:00Z,2026-10-04T11:45:00Z,60
1952254,East,MOHALI,MOHIKALAN UPS,Unplanned,Closed,2026-10-04T10:45:00Z,2026-10-04T11:45:00Z,60
1952253,East,MOHALI,BASMA,Unplanned,Closed,2026-10-04T10:45:00Z,2026-10-04T11:45:54Z,60
1952252,East,MOHALI,GHARAMA AP,Unplanned,Closed,2026-10-04T10:45:00Z,2026-10-04T11:45:00Z,60
1952251,North,NAWANSHAHR,11KV UPS SHRI RAJA SAHIB,Unplanned,Closed,2026-10-04T10:45:00Z,2026-10-04T11:29:17Z,44
1952250,East,MOHALI,KHERIGURNA AP,Unplanned,Closed,2026-10-04T10:45:00Z,2026-10-04T11:45:00Z,60
1952245,North,NAWANSHAHR,Talwandi Fattu,Unplanned,Closed,2026-10-04T10:45:00Z,2026-10-04T11:29:51Z,44
1952244,North,NAWANSHAHR,UPS NO.1,Unplanned,Closed,2026-10-04T10:45:00Z,2026-10-04T11:29:33Z,44
1952243,North,NAWANSHAHR,11KV UPS BAKHLOUR,Unplanned,Closed,2026-10-04T10:45:00Z,2026-10-04T10:51:42Z,6
1952215,South,SANGRUR,Meerheri,Planned,Active,2026-10-04T10:40:11Z,2026-10-04T18:00:00Z,439
1952214,South,SANGRUR,New Bardwal,Planned,Active,2026-10-04T10:40:11Z,2026-10-04T18:00:00Z,439
1952213,South,SANGRUR,Isra,Planned,Active,2026-10-04T10:40:11Z,2026-10-04T18:00:00Z,439
1952242,West,FARIDKOT,ARIYAWALA,Unplanned,Closed,2026-10-04T10:40:00Z,2026-10-04T12:20:00Z,100
1952241,North,HOSHIARPUR,Khozkipur,Unplanned,Closed,2026-10-04T10:40:00Z,2026-10-04T12:20:00Z,100
1952240,West,MUKATSAR,Kheowali,Planned,Closed,2026-10-04T10:40:00Z,2026-10-04T12:22:00Z,102
1952239,North,NAWANSHAHR,BHAJJAL,Unplanned,Closed,2026-10-04T10:40:00Z,2026-10-04T12:30:00Z,110
1952217,West,FARIDKOT,SAMAGH UPS,Planned,Active,2026-10-04T10:38:04Z,2026-10-04T14:00:00Z,201
1952238,South,SANGRUR,Daska C-1,Unplanned,Closed,2026-10-04T10:35:00Z,2026-10-04T10:55:00Z,20
1952216,West,BATHINDA,Jaude pul,Planned,Closed,2026-10-04T10:30:00Z,2026-10-04T13:29:00Z,179
1952210,South,PATIALA,UPS RAIPUR,Unplanned,Closed,2026-10-04T10:30:00Z,2026-10-04T12:25:00Z,115
1952211,Border,SUB URBAN AMRITSAR,RC VANASPATI,Unplanned,Closed,2026-10-04T10:29:50Z,2026-10-04T10:40:03Z,10
1952212,Central,CITY WEST LUDHIANA,NATISH VIHAR,Planned,Closed,2026-10-04T10:29:00Z,2026-10-04T12:56:00Z,147
1952207,South,BARNALA,SHERWANIKOT UPS,Planned,Closed,2026-10-04T10:25:20Z,2026-10-04T10:36:33Z,11
1952209,North,NAWANSHAHR,SADHOWAL,Unplanned,Closed,2026-10-04T10:25:00Z,2026-10-04T11:04:00Z,39
1952208,North,JALANDHAR,INDUSTRY AREA,Planned,Active,2026-10-04T10:20:00Z,2026-10-04T14:00:00Z,220
1952206,Border,SUB URBAN AMRITSAR,Sawdeshi Korean,Unplanned,Closed,2026-10-04T10:15:38Z,2026-10-04T10:25:48Z,10
1952205,South,SANGRUR,11 KV SATOJ URBAN,Planned,Closed,2026-10-04T10:15:28Z,2026-10-04T12:05:39Z,110
1950764,South,SANGRUR,Industrial (Dhuri),Planned,Active,2026-10-04T10:14:00Z,2026-10-04T18:00:00Z,466
1950763,South,SANGRUR,Bagrian Road,Planned,Active,2026-10-04T10:14:00Z,2026-10-04T18:00:00Z,466
1952204,North,HOSHIARPUR,MUKHLANA,Unplanned,Closed,2026-10-04T10:10:00Z,2026-10-04T10:55:00Z,45
1952203,West,FARIDKOT,DEEP SINGH WALA,Planned,Closed,2026-10-04T10:10:00Z,2026-10-04T12:09:00Z,119
1952193,South,SANGRUR,Khokhar UPS,Planned,Active,2026-10-04T10:01:20Z,2026-10-04T19:30:33Z,569
1952276,South,PATIALA,11KV NARENDRA ENCLAVE,Unplanned,Active,2026-10-04T10:00:05Z,2026-10-04T14:00:00Z,239
1952196,Central,KHANNA,Bedi Steel,Planned,Active,2026-10-04T10:00:00Z,2026-10-04T17:00:00Z,420
1952195,Central,KHANNA,kumar Export,Planned,Active,2026-10-04T10:00:00Z,2026-10-04T17:00:00Z,420
1952194,Central,KHANNA,B.T.C,Planned,Active,2026-10-04T10:00:00Z,2026-10-04T17:00:00Z,420
1952174,North,JALANDHAR,GANDA NALA,Planned,Active,2026-10-04T10:00:00Z,2026-10-04T14:00:00Z,240
1952173,North,JALANDHAR,BASTI PEER DAD,Planned,Closed,2026-10-04T10:00:00Z,2026-10-04T13:00:00Z,180
1952170,Central,CITY WEST LUDHIANA,BESTAVISION,Planned,Active,2026-10-04T10:00:00Z,2026-10-04T14:00:00Z,240
1952167,North,JALANDHAR,DOABA FEEDER,Planned,Active,2026-10-04T10:00:00Z,2026-10-04T14:00:00Z,240
1951836,North,JALANDHAR,BEAS PIND,Planned,Active,2026-10-04T10:00:00Z,2026-10-04T14:00:00Z,240
1951835,North,JALANDHAR,VIVEKANAND,Planned,Active,2026-10-04T10:00:00Z,2026-10-04T14:00:00Z,240
1951834,North,JALANDHAR,BABA MANDIR 132KV FOCAL POINT,Planned,Active,2026-10-04T10:00:00Z,2026-10-04T14:00:00Z,240
1951833,North,JALANDHAR,SANJAY GANDHI NAGAR,Planned,Active,2026-10-04T10:00:00Z,2026-10-04T14:00:00Z,240
1951832,North,JALANDHAR,B.S.N.L,Planned,Active,2026-10-04T10:00:00Z,2026-10-04T14:00:00Z,240
1951831,North,JALANDHAR,GLOBE COLONY,Planned,Active,2026-10-04T10:00:00Z,2026-10-04T14:00:00Z,240
1951821,North,JALANDHAR,KOTLA ROAD,Planned,Active,2026-10-04T10:00:00Z,2026-10-04T17:00:00Z,420
1951509,South,PATIALA,Ablowal Feeder,Planned,Active,2026-10-04T10:00:00Z,2026-10-04T17:00:00Z,420
1951508,South,PATIALA,OPH,Planned,Active,2026-10-04T10:00:00Z,2026-10-04T17:00:00Z,420
1951507,South,PATIALA,Puda enclave,Planned,Active,2026-10-04T10:00:00Z,2026-10-04T17:00:00Z,420
1951506,South,PATIALA,Prem Nagar Feeder,Planned,Active,2026-10-04T10:00:00Z,2026-10-04T17:00:00Z,420
1951505,South,PATIALA,District Admn. Complex,Planned,Active,2026-10-04T10:00:00Z,2026-10-04T17:00:00Z,420
1951278,South,PATIALA,Industrial Estate New,Planned,Active,2026-10-04T10:00:00Z,2026-10-04T14:00:00Z,240
1951272,Central,CITY EAST LUDHIANA,INDUSTRIAL,Planned,Active,2026-10-04T10:00:00Z,2026-10-04T17:00:00Z,420
1951271,Central,CITY EAST LUDHIANA,11K.V.KHAWAJKE,Planned,Active,2026-10-04T10:00:00Z,2026-10-04T17:00:00Z,420
1951270,Central,CITY EAST LUDHIANA,JAGIRPUR ROAD,Planned,Active,2026-10-04T10:00:00Z,2026-10-04T17:00:00Z,420
1951109,Central,CITY WEST LUDHIANA,SATGURU NAGAR,Planned,Closed,2026-10-04T10:00:00Z,2026-10-04T14:00:00Z,240
1951107,Central,CITY WEST LUDHIANA,HERKRISHAN NAGAR FEEDER,Planned,Active,2026-10-04T10:00:00Z,2026-10-04T14:00:00Z,240
1951009,North,JALANDHAR,11KV UDESIAN,Planned,Active,2026-10-04T10:00:00Z,2026-10-04T13:00:00Z,180
1951008,North,JALANDHAR,VAJU VIHAR,Planned,Active,2026-10-04T10:00:00Z,2026-10-04T13:00:00Z,180
1951007,North,JALANDHAR,Pandori,Planned,Active,2026-10-04T10:00:00Z,2026-10-04T13:00:00Z,180
1951006,North,JALANDHAR,RAJOWAL,Planned,Active,2026-10-04T10:00:00Z,2026-10-04T13:00:00Z,180
1950996,North,JALANDHAR,11 KV SUN SHINE,Planned,Active,2026-10-04T10:00:00Z,2026-10-04T14:00:00Z,240
1950995,North,JALANDHAR,VARINDERA TOOLS,Planned,Active,2026-10-04T10:00:00Z,2026-10-04T14:00:00Z,240
1950994,North,JALANDHAR,TK SPORTS,Planned,Active,2026-10-04T10:00:00Z,2026-10-04T14:00:00Z,240
1950993,North,JALANDHAR,SANT RUBBER,Planned,Active,2026-10-04T10:00:00Z,2026-10-04T14:00:00Z,240
1950992,North,JALANDHAR,PUNJAB RAJ CHAMRA UDYOG,Planned,Active,2026-10-04T10:00:00Z,2026-10-04T14:00:00Z,240
1950991,North,JALANDHAR,FLAIR INTERNATIONAL,Planned,Active,2026-10-04T10:00:00Z,2026-10-04T14:00:00Z,240
1950990,North,JALANDHAR,DRY LEATHER COMPLEX,Planned,Active,2026-10-04T10:00:00Z,2026-10-04T14:00:00Z,240
1950989,North,JALANDHAR,TREATMENT PLANT NO. 1,Planned,Active,2026-10-04T10:00:00Z,2026-10-04T14:00:00Z,240
1950756,Central,CITY WEST LUDHIANA,GURPAL NAGAR FEEDER,Planned,Closed,2026-10-04T10:00:00Z,2026-10-04T14:00:00Z,240
1950611,South,SANGRUR,Sangatpura,Planned,Active,2026-10-04T10:00:00Z,2026-10-04T17:00:00Z,420
1950610,South,SANGRUR,M K Road,Planned,Active,2026-10-04T10:00:00Z,2026-10-04T17:00:00Z,420
1952191,South,SANGRUR,SEKHUWAS CITY,Planned,Closed,2026-10-04T09:55:24Z,2026-10-04T11:30:39Z,95
1952190,West,BATHINDA,LEHRA MOHABBAT,Unplanned,Closed,2026-10-04T09:40:00Z,2026-10-04T10:40:00Z,60
1952237,East,MOHALI,Bank Colony,Unplanned,Closed,2026-10-04T09:36:50Z,2026-10-04T10:35:50Z,59
1952236,East,MOHALI,Trivikarma,Unplanned,Closed,2026-10-04T09:36:50Z,2026-10-04T10:35:50Z,59
1952235,East,MOHALI,I.T PARK,Unplanned,Closed,2026-10-04T09:36:50Z,2026-10-04T10:35:50Z,59
1952234,East,MOHALI,11KV Mohali walk,Unplanned,Closed,2026-10-04T09:36:50Z,2026-10-04T10:35:50Z,59
1952233,East,MOHALI,Sector-68 B,Unplanned,Closed,2026-10-04T09:36:50Z,2026-10-04T10:35:50Z,59
1952232,East,MOHALI,11 KV Feeder sec 68A,Unplanned,Closed,2026-10-04T09:36:50Z,2026-10-04T10:35:50Z,59
1952231,East,MOHALI,11 KV Feeder sec 69 B,Unplanned,Closed,2026-10-04T09:36:50Z,2026-10-04T10:35:50Z,59
1952230,East,MOHALI,11 KV 63 A,Unplanned,Closed,2026-10-04T09:36:50Z,2026-10-04T10:35:50Z,59
1952229,East,MOHALI,SEC-69,Unplanned,Closed,2026-10-04T09:36:50Z,2026-10-04T10:35:50Z,59
1952228,East,MOHALI,SEC-70,Unplanned,Closed,2026-10-04T09:36:50Z,2026-10-04T10:35:50Z,59
1952227,East,MOHALI,SEC 63,Unplanned,Closed,2026-10-04T09:36:50Z,2026-10-04T10:35:50Z,59
1952226,East,MOHALI,11KV FOREST FEEDER,Unplanned,Closed,2026-10-04T09:36:50Z,2026-10-04T10:35:50Z,59
1952225,East,MOHALI,PCA,Unplanned,Closed,2026-10-04T09:36:50Z,2026-10-04T10:35:50Z,59
1952224,East,MOHALI,64-C,Unplanned,Closed,2026-10-04T09:36:50Z,2026-10-04T10:35:50Z,59
1952223,East,MOHALI,64-B,Unplanned,Closed,2026-10-04T09:36:50Z,2026-10-04T10:35:50Z,59
1952222,East,MOHALI,URBAN PH-7,Unplanned,Closed,2026-10-04T09:36:50Z,2026-10-04T10:35:50Z,59
1952221,East,MOHALI,CITY PARK,Unplanned,Closed,2026-10-04T09:36:50Z,2026-10-04T10:35:50Z,59
1952220,East,MOHALI,FORTIS,Unplanned,Closed,2026-10-04T09:36:50Z,2026-10-04T10:35:50Z,59
1952219,East,MOHALI,11 KV Sec-69-A,Unplanned,Closed,2026-10-04T09:36:50Z,2026-10-04T10:35:50Z,59
1952218,East,MOHALI,SEC-68,Unplanned,Closed,2026-10-04T09:36:50Z,2026-10-04T10:35:50Z,59
1952189,Central,KHANNA,URBAN,Unplanned,Closed,2026-10-04T09:34:00Z,2026-10-04T10:18:00Z,44
1952186,South,SANGRUR,RANGLI SHAH,Planned,Closed,2026-10-04T09:30:00Z,2026-10-04T12:36:00Z,186
1952188,South,SANGRUR,11 KV BABA RUKHHAR DASS AP,Unplanned,Closed,2026-10-04T09:28:00Z,2026-10-04T10:35:00Z,67
1952187,East,ROPAR,11KV Gillco Velly,Unplanned,Closed,2026-10-04T09:26:00Z,2026-10-04T10:01:00Z,35
1952184,South,PATIALA,UPS RAIPUR,Unplanned,Closed,2026-10-04T09:10:00Z,2026-10-04T10:25:57Z,75
1952183,North,HOSHIARPUR,Khozkipur,Unplanned,Closed,2026-10-04T09:10:00Z,2026-10-04T10:10:00Z,60
1952192,South,BARNALA,LUDHIANA ROAD,Unplanned,Closed,2026-10-04T09:05:59Z,2026-10-04T10:21:49Z,75
1952182,North,NAWANSHAHR,Barnala Gate,Unplanned,Closed,2026-10-04T09:05:00Z,2026-10-04T09:45:00Z,40
1952181,West,FARIDKOT,UPS Fatehgarh-Korotana,Unplanned,Closed,2026-10-04T09:00:00Z,2026-10-04T09:45:43Z,45
1952180,West,FARIDKOT,11 KV Dattewala UPS,Unplanned,Closed,2026-10-04T09:00:00Z,2026-10-04T09:32:44Z,32
1952179,West,FARIDKOT,KHOSA KOTLA,Unplanned,Closed,2026-10-04T09:00:00Z,2026-10-04T09:33:39Z,33
1952178,West,FARIDKOT,DAMU SHAH,Unplanned,Closed,2026-10-04T09:00:00Z,2026-10-04T09:45:59Z,45
1952177,West,FARIDKOT,JANER UPS NEW,Unplanned,Closed,2026-10-04T09:00:00Z,2026-10-04T09:46:14Z,46
1952165,Central,CITY WEST LUDHIANA,AS CASTING,Planned,Closed,2026-10-04T09:00:00Z,2026-10-04T13:00:00Z,240
1952164,Central,CITY WEST LUDHIANA,BAAZ,Planned,Closed,2026-10-04T09:00:00Z,2026-10-04T13:00:00Z,240
1952163,Central,CITY WEST LUDHIANA,SANGITA TOOLS,Planned,Closed,2026-10-04T09:00:00Z,2026-10-04T13:00:00Z,240
1952162,Central,CITY WEST LUDHIANA,MAHADEV FORGING,Planned,Closed,2026-10-04T09:00:00Z,2026-10-04T13:00:00Z,240
1952160,Central,CITY WEST LUDHIANA,SARTAJ,Planned,Closed,2026-10-04T09:00:00Z,2026-10-04T13:00:00Z,240
1950784,Central,KHANNA,Galwaddi,Planned,Active,2026-10-04T09:00:00Z,2026-10-04T18:00:00Z,540
1950781,Central,KHANNA,Satsahib,Planned,Active,2026-10-04T09:00:00Z,2026-10-04T18:00:00Z,540
1950780,Central,KHANNA,JSM,Planned,Active,2026-10-04T09:00:00Z,2026-10-04T18:00:00Z,540
1950778,Central,KHANNA,APS,Planned,Active,2026-10-04T09:00:00Z,2026-10-04T18:00:00Z,540
1950777,Central,KHANNA,Neelkanth,Planned,Active,2026-10-04T09:00:00Z,2026-10-04T18:00:00Z,540
1950776,Central,KHANNA,Raimond,Planned,Active,2026-10-04T09:00:00Z,2026-10-04T18:00:00Z,540
1950775,Central,KHANNA,PS,Planned,Active,2026-10-04T09:00:00Z,2026-10-04T18:00:00Z,540
1950774,Central,KHANNA,Bhamra,Planned,Active,2026-10-04T09:00:00Z,2026-10-04T18:00:00Z,540
1952176,North,KAPURTHALA,MANGUPUR,Planned,Closed,2026-10-04T08:56:00Z,2026-10-04T10:00:00Z,64
1952175,Border,SUB URBAN AMRITSAR,UMARPURA UPS,Unplanned,Closed,2026-10-04T08:40:00Z,2026-10-04T12:45:00Z,245
1952171,North,NAWANSHAHR,CITY GARHSHANKAR-2,Unplanned,Closed,2026-10-04T08:40:00Z,2026-10-04T09:10:00Z,30
1952185,East,ROPAR,11 KV Casa Homes,Unplanned,Closed,2026-10-04T08:35:00Z,2026-10-04T10:20:00Z,105
1952168,East,MOHALI,Industry 7A,Unplanned,Closed,2026-10-04T08:32:00Z,2026-10-04T09:20:00Z,48
1952169,Border,SUB URBAN AMRITSAR,Bhararri Wal,Unplanned,Closed,2026-10-04T08:30:00Z,2026-10-04T10:30:16Z,120
1952166,North,JALANDHAR,11 KV Deol Nagar,Unplanned,Closed,2026-10-04T08:18:00Z,2026-10-04T08:35:00Z,17
1950987,West,BATHINDA,INDUSTRIAL,Planned,Closed,2026-10-04T08:00:00Z,2026-10-04T12:00:00Z,240
1952158,Border,CITY AMRITSAR,11Kv Kesri Bagh,Unplanned,Closed,2026-10-04T07:59:05Z,2026-10-04T09:52:19Z,113
1952159,South,PATIALA,UPS MUGAL SARAI,Unplanned,Closed,2026-10-04T07:25:00Z,2026-10-04T09:45:00Z,140
1952154,North,HOSHIARPUR,Khozkipur,Unplanned,Closed,2026-10-04T07:24:00Z,2026-10-04T09:00:00Z,96
1952157,South,SANGRUR,Dirba Urban,Unplanned,Closed,2026-10-04T07:22:00Z,2026-10-04T12:22:00Z,300
1952156,South,PATIALA,11 KV UPS BORAN-KALAN,Unplanned,Closed,2026-10-04T07:20:00Z,2026-10-04T08:40:28Z,80
1952155,South,SANGRUR,CITY-7,Unplanned,Closed,2026-10-04T07:20:00Z,2026-10-04T08:25:00Z,65
1952153,South,PATIALA,INDUSTRIAL 1,Unplanned,Closed,2026-10-04T07:17:00Z,2026-10-04T08:30:00Z,73
1952151,Border,SUB URBAN AMRITSAR,11 KV WADALA,Unplanned,Closed,2026-10-04T07:00:06Z,2026-10-04T07:31:00Z,30
1952152,West,FARIDKOT,11 KV BAGHAPURANA URBAN CAT-01,Planned,Closed,2026-10-04T06:50:00Z,2026-10-04T07:15:00Z,25
1952150,West,BATHINDA,BABA HARNAM SINGH,Unplanned,Closed,2026-10-04T06:45:00Z,2026-10-04T07:10:00Z,25
1952149,North,NAWANSHAHR,SADHOWAL,Unplanned,Closed,2026-10-04T06:45:00Z,2026-10-04T07:23:00Z,38
1952148,Border,GURDASPUR,I.T.I,Unplanned,Closed,2026-10-04T06:20:00Z,2026-10-04T07:25:00Z,65
1952147,Border,GURDASPUR,Ghuman,Unplanned,Closed,2026-10-04T05:45:00Z,2026-10-04T06:30:00Z,45
1952146,North,JALANDHAR,Pandori,Unplanned,Closed,2026-10-04T05:15:00Z,2026-10-04T05:35:00Z,20
1952145,Central,CITY EAST LUDHIANA,SAMRALA ROAD,Unplanned,Closed,2026-10-04T05:10:00Z,2026-10-04T06:30:00Z,80
1952144,Central,KHANNA,City-2,Unplanned,Closed,2026-10-04T04:05:00Z,2026-10-04T04:20:00Z,15
1952142,East,MOHALI,11KV MANANA,Unplanned,Closed,2026-10-04T03:30:41Z,2026-10-04T04:27:38Z,56
1952143,West,BATHINDA,Baba dunna urban chawke,Unplanned,Closed,2026-10-04T02:50:00Z,2026-10-04T07:45:00Z,295
1952141,Central,KHANNA,City-2,Unplanned,Closed,2026-10-04T02:25:00Z,2026-10-04T03:59:00Z,94
1952140,West,FARIDKOT,11KV GREEN AVENUE,Unplanned,Closed,2026-10-04T02:22:23Z,2026-10-04T03:00:12Z,37
1952139,East,MOHALI,11KV MANANA,Unplanned,Closed,2026-10-04T02:07:04Z,2026-10-04T03:22:33Z,75
1952123,North,HOSHIARPUR,Harsipind UPS,Unplanned,Closed,2026-10-04T01:00:00Z,2026-10-04T01:30:00Z,30
1952122,East,MOHALI,11KV MANANA,Unplanned,Closed,2026-10-04T00:35:01Z,2026-10-04T01:17:10Z,42
1952120,West,MUKATSAR,11 KV NAI ABADI,Unplanned,Closed,2026-10-04T00:32:08Z,2026-10-04T00:54:16Z,22
1952121,West,MUKATSAR,11 KV Town,Unplanned,Closed,2026-10-04T00:18:00Z,2026-10-04T03:40:00Z,202
1952097,North,JALANDHAR,EKTA NAGAR,Unplanned,Closed,2026-10-04T00:15:00Z,2026-10-04T01:21:00Z,66
1952094,East,ROPAR,ASRON,Unplanned,Closed,2026-10-04T00:02:00Z,2026-10-04T00:42:00Z,40
1952093,Central,KHANNA,MANGARH ROAD,Unplanned,Closed,2026-10-04T00:00:00Z,2026-10-04T00:20:00Z,20
1952074,South,SANGRUR,CITY-7,Unplanned,Closed,2026-10-03T23:42:00Z,2026-10-04T00:06:00Z,24
1952072,Border,SUB URBAN AMRITSAR,11 KV PASSPORT OFFICE,Unplanned,Closed,2026-10-03T23:40:00Z,2026-10-04T00:12:00Z,32
1952073,Central,CITY EAST LUDHIANA,BAL SINGH NAGAR,Unplanned,Closed,2026-10-03T23:37:00Z,2026-10-04T00:10:00Z,33
1951930,South,BARNALA,JAMALPURA,Unplanned,Closed,2026-10-03T23:10:00Z,2026-10-04T01:20:00Z,130
1951827,North,NAWANSHAHR,SADHOWAL,Unplanned,Closed,2026-10-03T22:51:00Z,2026-10-03T23:30:00Z,39
1951828,North,NAWANSHAHR,Barnala Gate,Unplanned,Closed,2026-10-03T22:50:00Z,2026-10-03T23:50:00Z,60
1951823,North,JALANDHAR,CHHOTI BARADARI,Unplanned,Closed,2026-10-03T22:40:00Z,2026-10-03T23:05:00Z,25
1951783,Central,CITY EAST LUDHIANA,11 KV MAYA PURI,Unplanned,Closed,2026-10-03T22:34:41Z,2026-10-03T23:41:41Z,67
1951782,Central,CITY EAST LUDHIANA,MOTI NAGAR,Unplanned,Closed,2026-10-03T22:34:41Z,2026-10-03T23:41:41Z,67
1951781,Central,CITY EAST LUDHIANA,HIRA NAGAR,Unplanned,Closed,2026-10-03T22:34:41Z,2026-10-03T23:40:41Z,66
1951780,Central,CITY EAST LUDHIANA,VISHKARMA NAGAR,Unplanned,Closed,2026-10-03T22:34:41Z,2026-10-03T23:40:41Z,66
1951779,Central,CITY EAST LUDHIANA,Kashmir Nagar,Unplanned,Closed,2026-10-03T22:34:41Z,2026-10-03T23:41:41Z,67
1951778,Central,CITY EAST LUDHIANA,SHIVAJI NAGAR,Unplanned,Closed,2026-10-03T22:34:41Z,2026-10-03T23:40:41Z,66
1951518,North,NAWANSHAHR,BHAJJAL,Unplanned,Closed,2026-10-03T22:10:00Z,2026-10-03T23:50:00Z,100
1951510,North,NAWANSHAHR,THOPIA,Unplanned,Closed,2026-10-03T22:10:00Z,2026-10-03T22:25:00Z,15
1951517,Border,GURDASPUR,11 kv Dhupshari ups,Unplanned,Closed,2026-10-03T22:02:58Z,2026-10-03T22:15:58Z,13
1951516,Border,GURDASPUR,11 KV Guru Nanak College,Unplanned,Closed,2026-10-03T22:02:58Z,2026-10-03T22:15:58Z,13
1951515,Border,GURDASPUR,11 KV HOT LINE CIVIL HOSPILAL,Unplanned,Closed,2026-10-03T22:02:58Z,2026-10-03T22:15:58Z,13
1951514,Border,GURDASPUR,Ujjagar Nagar,Unplanned,Closed,2026-10-03T22:02:58Z,2026-10-03T22:15:58Z,13
1951513,Border,GURDASPUR,South City,Unplanned,Closed,2026-10-03T22:02:58Z,2026-10-03T22:15:58Z,13
1951512,Border,GURDASPUR,Mata Sulakhni Ji,Unplanned,Closed,2026-10-03T22:02:58Z,2026-10-03T22:15:58Z,13
1951511,Border,GURDASPUR,Diamond Colony,Unplanned,Closed,2026-10-03T22:02:58Z,2026-10-03T22:15:58Z,13
1951721,East,ROPAR,PADIALA,Unplanned,Closed,2026-10-03T22:02:00Z,2026-10-03T22:22:00Z,20
1951503,North,HOSHIARPUR,Sutehri Road,Unplanned,Closed,2026-10-03T21:55:00Z,2026-10-03T22:20:00Z,25
1951504,North,KAPURTHALA,URBAN BUS STAND,Unplanned,Closed,2026-10-03T21:50:00Z,2026-10-03T22:20:00Z,30
1951502,North,JALANDHAR,ASHOK VIHAR,Unplanned,Closed,2026-10-03T21:40:00Z,2026-10-03T21:55:00Z,15
1951381,South,SANGRUR,PATTI KHALIL C-1,Unplanned,Closed,2026-10-03T21:10:00Z,2026-10-03T21:35:00Z,25
1951330,Central,KHANNA,City-2 khanna,Unplanned,Closed,2026-10-03T21:05:00Z,2026-10-03T21:56:00Z,51
1951286,North,HOSHIARPUR,SUNDER NAGAR,Unplanned,Closed,2026-10-03T20:40:00Z,2026-10-03T21:07:00Z,27
1951282,Central,KHANNA,RAM RAJAYA,Unplanned,Closed,2026-10-03T20:39:19Z,2026-10-03T21:59:34Z,80
1951283,East,Zirakpur,PRITHIM,Planned,Closed,2026-10-03T20:38:00Z,2026-10-03T20:46:00Z,8
1951280,North,JALANDHAR,BASANT HILLS,Unplanned,Closed,2026-10-03T20:35:25Z,2026-10-03T20:56:38Z,21
1951281,South,PATIALA,Thuhi Road,Unplanned,Closed,2026-10-03T20:20:00Z,2026-10-03T21:20:00Z,60
1951279,North,JALANDHAR,KALIA COLONY,Unplanned,Closed,2026-10-03T20:15:00Z,2026-10-03T21:30:00Z,75
1951269,Central,CITY EAST LUDHIANA,BAL SINGH NAGAR,Unplanned,Closed,2026-10-03T19:56:00Z,2026-10-03T21:00:00Z,64
1951268,Border,GURDASPUR,Bank colony,Unplanned,Closed,2026-10-03T19:55:00Z,2026-10-03T20:08:00Z,13
1951257,South,SANGRUR,Mandi Road,Unplanned,Closed,2026-10-03T19:35:00Z,2026-10-03T21:30:00Z,115
1951253,South,SANGRUR,GHAGGA CITY,Unplanned,Closed,2026-10-03T19:35:00Z,2026-10-03T21:13:00Z,98
1951138,Central,CITY EAST LUDHIANA,Kashmir Nagar,Unplanned,Closed,2026-10-03T19:25:00Z,2026-10-03T20:11:00Z,46
1951120,Border,CITY AMRITSAR,LAXMAN SAR,Unplanned,Closed,2026-10-03T19:09:38Z,2026-10-03T19:56:45Z,47
1951108,Central,CITY EAST LUDHIANA,SANTOKH NAGAR,Unplanned,Closed,2026-10-03T19:04:00Z,2026-10-03T19:41:00Z,37
1951127,North,HOSHIARPUR,11Kv Mushabpur UPS,Unplanned,Closed,2026-10-03T19:01:00Z,2026-10-03T19:25:00Z,24
1951098,South,BARNALA,Munday Paper Mill,Planned,Closed,2026-10-03T18:55:00Z,2026-10-03T19:25:00Z,30
1951099,Central,CITY WEST LUDHIANA,PREET NAGAR FEEDER,Unplanned,Closed,2026-10-03T18:52:03Z,2026-10-03T20:30:00Z,97
1951096,North,HOSHIARPUR,JAIJON,Unplanned,Closed,2026-10-03T18:48:00Z,2026-10-03T19:20:00Z,32
1951095,Central,CITY EAST LUDHIANA,GAU SHALA,Unplanned,Closed,2026-10-03T18:35:00Z,2026-10-03T19:36:00Z,61
1951097,Central,SUB URBAN LUDHIANA,CITY 8,Unplanned,Closed,2026-10-03T18:31:00Z,2026-10-03T19:10:00Z,39
1951085,West,BATHINDA,MEHTA,Unplanned,Closed,2026-10-03T18:25:00Z,2026-10-03T18:40:00Z,15
1951066,Central,KHANNA,Coca Cola,Planned,Closed,2026-10-03T18:22:00Z,2026-10-03T18:44:00Z,22
1952054,South,PATIALA,URBAN NANAKSAR,Unplanned,Closed,2026-10-03T18:20:00Z,2026-10-03T18:40:00Z,20
1951094,East,ROPAR,11KV Belian UPS FEEDER,Unplanned,Closed,2026-10-03T18:18:00Z,2026-10-03T19:24:00Z,66
1951022,North,NAWANSHAHR,Bundala Cat-1,Unplanned,Closed,2026-10-03T18:15:00Z,2026-10-03T19:40:00Z,85
1951067,South,BARNALA,WAZIDKE 24 HRS,Unplanned,Closed,2026-10-03T18:05:00Z,2026-10-03T20:25:00Z,140
1951018,West,BATHINDA,MODEL TOWN PHASE -2,Planned,Closed,2026-10-03T18:00:00Z,2026-10-03T18:30:00Z,30
1951021,East,Zirakpur,Jaskaran,Planned,Closed,2026-10-03T17:59:00Z,2026-10-03T18:18:00Z,19
1951020,East,Zirakpur,NABHA SAHIB,Planned,Closed,2026-10-03T17:59:00Z,2026-10-03T18:18:00Z,19
1951010,South,SANGRUR,POLICE LINE,Unplanned,Closed,2026-10-03T17:58:42Z,2026-10-03T19:08:51Z,70
1950984,Central,CITY WEST LUDHIANA,GURU NANAK STREET FEEDER,Unplanned,Closed,2026-10-03T17:42:54Z,2026-10-03T18:16:42Z,33
1951068,South,BARNALA,Chaunke UPS,Unplanned,Closed,2026-10-03T17:37:00Z,2026-10-03T19:15:00Z,98
1950971,North,HOSHIARPUR,KOLYA,Unplanned,Closed,2026-10-03T17:35:00Z,2026-10-03T18:15:00Z,40
1951011,South,BARNALA,DHAULA Cat-1,Unplanned,Closed,2026-10-03T17:30:00Z,2026-10-03T19:30:00Z,120
1950931,Central,KHANNA,Ajnodh,Planned,Closed,2026-10-03T17:30:00Z,2026-10-03T19:20:00Z,110
1950936,West,BATHINDA,hospital road,Unplanned,Closed,2026-10-03T17:29:00Z,2026-10-03T18:40:00Z,71
1950933,Border,GURDASPUR,CITY 2,Unplanned,Closed,2026-10-03T17:27:00Z,2026-10-03T17:42:00Z,15
1950934,East,MOHALI,Sec 54,Unplanned,Closed,2026-10-03T17:25:18Z,2026-10-03T18:21:25Z,56
1950985,South,BARNALA,SADAR BAZAR,Unplanned,Closed,2026-10-03T17:25:00Z,2026-10-03T17:55:00Z,30
1950932,Central,CITY EAST LUDHIANA,BROWN FEEDER,Unplanned,Closed,2026-10-03T17:24:00Z,2026-10-03T18:03:00Z,39
1950928,East,Zirakpur,NABHA SAHIB,Unplanned,Closed,2026-10-03T17:14:00Z,2026-10-03T17:36:00Z,22
1950929,North,JALANDHAR,EKTA NAGAR,Unplanned,Closed,2026-10-03T17:13:00Z,2026-10-03T19:00:00Z,107
1950924,South,SANGRUR,11kv Bank road,Planned,Closed,2026-10-03T17:12:00Z,2026-10-03T17:38:00Z,26
1950923,South,SANGRUR,ARYA COLLAGE,Planned,Closed,2026-10-03T17:12:00Z,2026-10-03T17:38:00Z,26
1950921,South,SANGRUR,City-I,Planned,Closed,2026-10-03T17:12:00Z,2026-10-03T17:38:00Z,26
1950930,Border,SUB URBAN AMRITSAR,MES,Unplanned,Closed,2026-10-03T17:10:00Z,2026-10-03T17:30:00Z,20
1950927,Central,KHANNA,Sangtpura,Unplanned,Closed,2026-10-03T17:04:46Z,2026-10-03T17:25:59Z,21
1950920,Central,CITY WEST LUDHIANA,RERU SAHIB ROAD FEEDER,Unplanned,Closed,2026-10-03T16:57:15Z,2026-10-03T17:30:55Z,33
1950926,Border,TARN TARAN,JAWANDY,Unplanned,Closed,2026-10-03T16:55:00Z,2026-10-03T17:45:00Z,50
1950925,South,BARNALA,Badbar CAT-I,Unplanned,Closed,2026-10-03T16:55:00Z,2026-10-03T19:40:00Z,165
1950918,West,FARIDKOT,11 KV Dattewala UPS,Unplanned,Closed,2026-10-03T16:55:00Z,2026-10-03T18:08:00Z,73
1950915,Central,CITY WEST LUDHIANA,GURU NANAK STREET FEEDER,Unplanned,Closed,2026-10-03T16:54:15Z,2026-10-03T17:31:07Z,36
1950917,North,KAPURTHALA,URBAN Khadar Bhandar,Planned,Closed,2026-10-03T16:45:00Z,2026-10-03T17:05:00Z,20
1950910,West,MUKATSAR,KRISHNA NAGRI,Planned,Closed,2026-10-03T16:42:41Z,2026-10-03T17:27:28Z,44
1950916,West,FEROZPUR,HAKE WALA,Unplanned,Closed,2026-10-03T16:40:00Z,2026-10-03T17:36:00Z,56
1950908,South,SANGRUR,11 KV SATOJ URBAN,Planned,Closed,2026-10-03T16:34:06Z,2026-10-03T17:47:17Z,73
1950907,East,MOHALI,11KV JAND PUR,Unplanned,Closed,2026-10-03T16:32:13Z,2026-10-03T17:45:37Z,73
1950909,North,HOSHIARPUR,L I C,Unplanned,Closed,2026-10-03T16:30:00Z,2026-10-03T16:55:00Z,25
1950904,North,KAPURTHALA,UPS SUJOKALIA,Planned,Closed,2026-10-03T16:30:00Z,2026-10-03T18:15:00Z,105
1950905,East,Zirakpur,11 KV Aero Home Feeder,Planned,Closed,2026-10-03T16:23:00Z,2026-10-03T16:38:00Z,15
1950903,North,JALANDHAR,VAJU VIHAR,Unplanned,Closed,2026-10-03T16:20:00Z,2026-10-03T17:10:00Z,50
1950901,East,Zirakpur,KALGIDHAR,Planned,Closed,2026-10-03T16:20:00Z,2026-10-03T16:30:00Z,10
1950899,Border,SUB URBAN AMRITSAR,AJNALA ROAD,Unplanned,Closed,2026-10-03T16:09:00Z,2026-10-03T17:30:00Z,81
1950897,West,MUKATSAR,11 KV Dhaban Kokrian,Unplanned,Closed,2026-10-03T16:08:22Z,2026-10-03T16:18:49Z,10
1950895,North,JALANDHAR,Pandori,Unplanned,Closed,2026-10-03T16:05:00Z,2026-10-03T16:35:00Z,30
1950850,West,MUKATSAR,11 KV SARDARPURA UPS,Planned,Closed,2026-10-03T16:01:58Z,2026-10-03T18:37:58Z,156
1950849,West,MUKATSAR,11 KV Bhagsar UPS,Planned,Closed,2026-10-03T16:01:58Z,2026-10-03T18:37:58Z,156
1950848,West,MUKATSAR,11 KV SITO,Planned,Closed,2026-10-03T16:01:58Z,2026-10-03T18:37:58Z,156
1950856,West,MUKATSAR,11 KV RAJPURA,Planned,Closed,2026-10-03T16:01:23Z,2026-10-03T18:37:23Z,156
1950855,West,MUKATSAR,11 KV KHATWAN,Planned,Closed,2026-10-03T16:01:23Z,2026-10-03T18:37:23Z,156
1950854,West,MUKATSAR,11 KV KANDHWALA UPS,Planned,Closed,2026-10-03T16:01:23Z,2026-10-03T18:37:23Z,156
1950853,West,MUKATSAR,11 KV BHAGU,Planned,Closed,2026-10-03T16:01:23Z,2026-10-03T18:37:23Z,156
1950852,West,MUKATSAR,11 KV BAHAV WALA,Planned,Closed,2026-10-03T16:01:23Z,2026-10-03T18:37:23Z,156
1950846,West,MUKATSAR,11 KV New Water Works -2,Planned,Closed,2026-10-03T16:01:22Z,2026-10-03T18:37:54Z,156
1950844,West,MUKATSAR,11 KV Dhani Bisehesarnath,Planned,Closed,2026-10-03T16:01:22Z,2026-10-03T18:37:22Z,156
1950843,West,MUKATSAR,11 KV Azimgarh Urban,Planned,Closed,2026-10-03T16:01:22Z,2026-10-03T18:37:22Z,156
1950842,West,MUKATSAR,11 KV South Avenue,Planned,Closed,2026-10-03T16:01:22Z,2026-10-03T18:37:22Z,156
1950845,West,MUKATSAR,11 KV BALA JI DHAM,Planned,Closed,2026-10-03T16:01:12Z,2026-10-03T18:37:22Z,156
1950847,West,MUKATSAR,Dhani Sucha Singh (Old Chakra),Planned,Closed,2026-10-03T16:01:03Z,2026-10-03T18:37:22Z,156
1950896,South,PATIALA,UPS RAJPURA,Unplanned,Closed,2026-10-03T16:01:00Z,2026-10-03T16:35:00Z,34
1950898,West,FARIDKOT,BAJA ROAD,Planned,Closed,2026-10-03T15:58:00Z,2026-10-03T16:14:00Z,16
1950888,West,MUKATSAR,11 KV Dhaban Kokrian,Unplanned,Closed,2026-10-03T15:56:18Z,2026-10-03T16:04:33Z,8
1950890,North,JALANDHAR,KOTLA ROAD,Unplanned,Closed,2026-10-03T15:55:00Z,2026-10-03T16:40:00Z,45
1950889,North,JALANDHAR,MUBARAKPUR SHEKHE,Unplanned,Closed,2026-10-03T15:55:00Z,2026-10-03T16:40:00Z,45
1950894,East,MOHALI,Colony phase 1,Unplanned,Closed,2026-10-03T15:52:00Z,2026-10-03T17:30:46Z,98
1950892,East,MOHALI,TDI 2,Unplanned,Closed,2026-10-03T15:51:00Z,2026-10-03T17:20:49Z,89
1950885,North,NAWANSHAHR,ROR MAJRA,Unplanned,Closed,2026-10-03T15:45:00Z,2026-10-03T16:25:00Z,40
1950883,North,HOSHIARPUR,11Kv Mushabpur UPS,Unplanned,Closed,2026-10-03T15:45:00Z,2026-10-03T16:12:00Z,27
1950882,West,FARIDKOT,HARDIAL NAGAR,Planned,Closed,2026-10-03T15:45:00Z,2026-10-03T16:23:00Z,38
1950874,South,SANGRUR,11 KV BAKSHIWALA AP(66 KV SUNAM),Planned,Closed,2026-10-03T15:43:47Z,2026-10-03T18:32:16Z,168
1950879,East,Zirakpur,SAVITRYGREEN,Planned,Closed,2026-10-03T15:36:00Z,2026-10-03T15:55:00Z,19
1950878,East,Zirakpur,ORBIT,Planned,Closed,2026-10-03T15:36:00Z,2026-10-03T15:55:00Z,19
1950881,North,JALANDHAR,PATARA,Unplanned,Closed,2026-10-03T15:35:00Z,2026-10-03T16:20:00Z,45
1950876,North,NAWANSHAHR,JAGATPUR,Unplanned,Closed,2026-10-03T15:35:00Z,2026-10-03T16:15:00Z,40
1950873,East,MOHALI,11KV MANANA,Unplanned,Closed,2026-10-03T15:32:40Z,2026-10-03T15:40:53Z,8
1950880,South,SANGRUR,NABHA GATE,Unplanned,Closed,2026-10-03T15:30:00Z,2026-10-03T16:15:00Z,45
1950887,Border,TARN TARAN,Khadoor Sahib URBAN.,Unplanned,Closed,2026-10-03T15:25:00Z,2026-10-03T16:15:00Z,50
1950877,West,FEROZPUR,Urban,Unplanned,Closed,2026-10-03T15:25:00Z,2026-10-03T17:40:00Z,135
1950867,East,Zirakpur,RANBAXY,Planned,Closed,2026-10-03T15:22:00Z,2026-10-03T16:03:00Z,41
1950870,West,MUKATSAR,Salemshah UPS,Unplanned,Closed,2026-10-03T15:18:00Z,2026-10-03T16:45:57Z,87
1950866,West,MUKATSAR,11 KV SAIDANWALI,Unplanned,Closed,2026-10-03T15:18:00Z,2026-10-03T15:56:00Z,38
1950871,Border,SUB URBAN AMRITSAR,GUJJAPEER,Unplanned,Closed,2026-10-03T15:15:00Z,2026-10-03T15:42:00Z,27
1950862,East,MOHALI,11KV JAND PUR,Unplanned,Closed,2026-10-03T15:14:25Z,2026-10-03T16:27:51Z,73
1950869,North,JALANDHAR,DHINA,Unplanned,Closed,2026-10-03T15:10:00Z,2026-10-03T16:15:00Z,65
1950868,North,JALANDHAR,HOUSING BOARD,Unplanned,Closed,2026-10-03T15:10:00Z,2026-10-03T16:15:00Z,65
1950860,West,MUKATSAR,11 KV GADDAN DOB,Unplanned,Closed,2026-10-03T15:07:00Z,2026-10-03T15:18:00Z,11
1950859,North,NAWANSHAHR,BIRAMPUR,Unplanned,Closed,2026-10-03T15:07:00Z,2026-10-03T15:30:00Z,23
1950841,West,MUKATSAR,11 KV KIKKER KHERA,Planned,Closed,2026-10-03T15:06:47Z,2026-10-03T19:17:34Z,250
1950589,West,MUKATSAR,11 KV Alamgarh,Planned,Closed,2026-10-03T15:06:00Z,2026-10-03T19:17:01Z,251
1950865,East,MOHALI,Sec 56,Unplanned,Closed,2026-10-03T15:00:25Z,2026-10-03T15:32:06Z,31
1950857,North,HOSHIARPUR,SOTLA,Unplanned,Closed,2026-10-03T15:00:00Z,2026-10-03T15:30:00Z,30
1950864,Border,GURDASPUR,dakoha,Unplanned,Closed,2026-10-03T14:55:00Z,2026-10-03T15:35:00Z,40
1950861,Border,GURDASPUR,CITY 2,Unplanned,Closed,2026-10-03T14:55:00Z,2026-10-03T15:35:00Z,40
1950840,South,SANGRUR,11kv Bank road,Planned,Closed,2026-10-03T14:55:00Z,2026-10-03T15:23:00Z,28
1950839,South,SANGRUR,City-I,Planned,Closed,2026-10-03T14:53:00Z,2026-10-03T16:44:00Z,111
1950838,Central,KHANNA,Manupur,Unplanned,Closed,2026-10-03T14:51:47Z,2026-10-03T18:49:05Z,237
1950858,West,BATHINDA,JAGGA RAM TIRTH,Unplanned,Closed,2026-10-03T14:47:00Z,2026-10-03T15:45:00Z,58
1950834,Central,CITY WEST LUDHIANA,Dhillon,Planned,Closed,2026-10-03T14:46:23Z,2026-10-03T14:59:04Z,12
1950837,South,PATIALA,Bharat colony,Unplanned,Closed,2026-10-03T14:45:00Z,2026-10-03T15:00:00Z,15
1950836,East,Zirakpur,CITY COURT,Planned,Closed,2026-10-03T14:40:00Z,2026-10-03T16:05:00Z,85
1950835,East,Zirakpur,SACHKHAND SAHIB,Planned,Closed,2026-10-03T14:40:00Z,2026-10-03T16:05:00Z,85
1950832,West,BATHINDA,GURU NANAK PURA,Planned,Closed,2026-10-03T14:35:00Z,2026-10-03T15:35:00Z,60
1950831,West,BATHINDA,DANA MANDI,Planned,Closed,2026-10-03T14:35:00Z,2026-10-03T14:39:00Z,4
1950851,East,MOHALI,11KV JAND PUR,Unplanned,Closed,2026-10-03T14:33:08Z,2026-10-03T15:12:27Z,39
1950829,Border,GURDASPUR,Dalia,Unplanned,Closed,2026-10-03T14:33:00Z,2026-10-03T15:07:00Z,34
1950830,North,HOSHIARPUR,UPS katrala,Unplanned,Closed,2026-10-03T14:30:00Z,2026-10-03T14:40:00Z,10
1950828,North,HOSHIARPUR,JANOURI,Planned,Closed,2026-10-03T14:30:00Z,2026-10-03T15:05:00Z,35
1950827,West,BATHINDA,MULTANIA ROAD,Planned,Closed,2026-10-03T14:26:40Z,2026-10-03T18:11:00Z,224
1950826,West,BATHINDA,11 KV AMBEDKAR NAGAR,Planned,Closed,2026-10-03T14:26:40Z,2026-10-03T15:11:00Z,44
1950825,West,BATHINDA,PARTAP NAGAR,Planned,Closed,2026-10-03T14:26:40Z,2026-10-03T15:12:00Z,45
1950824,West,BATHINDA,Hans Nagar,Planned,Closed,2026-10-03T14:26:40Z,2026-10-03T15:11:00Z,44
1950822,South,PATIALA,Puda enclave,Planned,Closed,2026-10-03T14:23:00Z,2026-10-03T17:52:00Z,209
1950823,South,PATIALA,SHRI THAKUR DWARA,Unplanned,Closed,2026-10-03T14:20:00Z,2026-10-03T14:40:00Z,20
1950820,West,MUKATSAR,11 KB BAZIDPURA,Unplanned,Closed,2026-10-03T14:19:35Z,2026-10-03T14:31:42Z,12
1950819,West,MUKATSAR,11 KV SITO,Unplanned,Closed,2026-10-03T14:19:07Z,2026-10-03T14:31:23Z,12
1950818,Central,CITY WEST LUDHIANA,GURU GIAN VIHAR,Planned,Closed,2026-10-03T14:18:07Z,2026-10-03T15:00:00Z,41
1950808,South,PATIALA,AGETI,Unplanned,Closed,2026-10-03T14:00:34Z,2026-10-03T15:50:00Z,109
1950815,North,HOSHIARPUR,RAMPUR,Planned,Closed,2026-10-03T14:00:00Z,2026-10-03T15:25:00Z,85
1950817,South,SANGRUR,Dharampura,Unplanned,Closed,2026-10-03T13:51:00Z,2026-10-03T14:33:00Z,42
1950807,South,SANGRUR,Kanoi,Unplanned,Closed,2026-10-03T13:50:56Z,2026-10-03T14:30:17Z,39
1950821,Central,CITY WEST LUDHIANA,GURU NANAK STREET FEEDER,Unplanned,Closed,2026-10-03T13:50:00Z,2026-10-03T14:32:00Z,42
1950805,Central,KHANNA,CITY-1,Unplanned,Closed,2026-10-03T13:49:00Z,2026-10-03T15:05:00Z,76
1950803,South,PATIALA,11 KV Amara Breweries,Unplanned,Closed,2026-10-03T13:45:32Z,2026-10-03T15:10:20Z,84
1950814,Border,TARN TARAN,3 WIRE (UPS) NURPUR,Unplanned,Closed,2026-10-03T13:45:00Z,2026-10-03T14:08:04Z,23
1950806,North,NAWANSHAHR,MEHIATPUR,Unplanned,Closed,2026-10-03T13:45:00Z,2026-10-03T14:45:00Z,60
1950804,East,MOHALI,11KV DHARAMGARH UPS,Unplanned,Closed,2026-10-03T13:45:00Z,2026-10-03T13:55:54Z,10
1950802,South,PATIALA,UPS RAJPURA,Unplanned,Closed,2026-10-03T13:45:00Z,2026-10-03T14:45:00Z,60
1950796,South,SANGRUR,M K Road,Planned,Closed,2026-10-03T13:42:51Z,2026-10-03T14:19:00Z,36
1950795,South,SANGRUR,Markfed,Planned,Closed,2026-10-03T13:42:51Z,2026-10-03T14:19:00Z,36
1950800,Central,CITY WEST LUDHIANA,JAWADDI,Planned,Closed,2026-10-03T13:38:27Z,2026-10-03T14:00:00Z,21
1950798,Central,CITY WEST LUDHIANA,JAGDAMBA,Planned,Closed,2026-10-03T13:35:46Z,2026-10-03T13:55:02Z,19
1950799,Central,CITY WEST LUDHIANA,SARTAJ,Planned,Closed,2026-10-03T13:35:38Z,2026-10-03T13:55:59Z,20
1950792,Central,CITY WEST LUDHIANA,JAGDAMBA,Planned,Closed,2026-10-03T13:31:25Z,2026-10-03T13:59:49Z,28
1950793,Central,CITY WEST LUDHIANA,SARTAJ,Planned,Closed,2026-10-03T13:31:20Z,2026-10-03T13:32:39Z,1
1950797,Central,SUB URBAN LUDHIANA,NATHUMAJRA,Unplanned,Closed,2026-10-03T13:30:42Z,2026-10-03T14:36:00Z,65
1950794,South,SANGRUR,KOHRIAN C1 (GRID KOHRIAN),Planned,Closed,2026-10-03T13:25:00Z,2026-10-03T13:55:00Z,30
1950791,North,NAWANSHAHR,KAULGARH,Unplanned,Closed,2026-10-03T13:25:00Z,2026-10-03T13:40:00Z,15
1950789,Border,GURDASPUR,Mallian,Unplanned,Closed,2026-10-03T13:23:00Z,2026-10-03T13:35:00Z,12
1950786,Border,GURDASPUR,Paniar,Unplanned,Closed,2026-10-03T13:22:00Z,2026-10-03T13:35:00Z,13
1950787,South,SANGRUR,Sangatpura,Unplanned,Closed,2026-10-03T13:20:08Z,2026-10-03T14:19:00Z,58
1950801,Border,TARN TARAN,FELLOKE,Unplanned,Closed,2026-10-03T13:20:00Z,2026-10-03T14:30:00Z,70
1950788,Central,CITY EAST LUDHIANA,BASTI JODHEWAL,Unplanned,Closed,2026-10-03T13:20:00Z,2026-10-03T14:39:00Z,79
1950782,North,KAPURTHALA,UPS KOHALA,Unplanned,Closed,2026-10-03T13:15:00Z,2026-10-03T13:46:00Z,31
1950816,West,FEROZPUR,COURT FEEDER,Unplanned,Closed,2026-10-03T13:12:00Z,2026-10-03T14:11:00Z,59
1950785,West,FARIDKOT,11 KV Mann Singh Wala UPS,Planned,Closed,2026-10-03T13:10:00Z,2026-10-03T14:10:00Z,60
1950783,West,FARIDKOT,SADIQ,Planned,Closed,2026-10-03T13:10:00Z,2026-10-03T14:10:00Z,60
1950773,West,FARIDKOT,11KV PAKHI,Planned,Closed,2026-10-03T13:10:00Z,2026-10-03T13:55:00Z,45
1950772,West,MUKATSAR,11 KV Dhani Bisehesarnath,Unplanned,Closed,2026-10-03T13:08:03Z,2026-10-03T13:24:09Z,16
1950426,Border,SUB URBAN AMRITSAR,MVN INDUSTRY,Planned,Closed,2026-10-03T13:05:00Z,2026-10-03T17:30:05Z,265
1950769,South,SANGRUR,GANOTA,Planned,Closed,2026-10-03T13:00:59Z,2026-10-03T15:13:08Z,132
1950770,South,SANGRUR,Gill,Planned,Closed,2026-10-03T13:00:33Z,2026-10-03T15:13:41Z,133
1950771,Border,SUB URBAN AMRITSAR,Avtar Avenue,Unplanned,Closed,2026-10-03T13:00:00Z,2026-10-03T13:56:00Z,56
1950766,Central,KHANNA,Khanyan Road,Unplanned,Closed,2026-10-03T12:57:00Z,2026-10-03T13:15:00Z,18
1950765,Central,KHANNA,City-2,Unplanned,Closed,2026-10-03T12:57:00Z,2026-10-03T13:15:00Z,18
1950768,Border,TARN TARAN,CITY 1,Unplanned,Closed,2026-10-03T12:50:00Z,2026-10-03T14:25:06Z,95
1950767,Border,TARN TARAN,CITY 6,Unplanned,Closed,2026-10-03T12:50:00Z,2026-10-03T14:25:00Z,95
1950779,East,MOHALI,11KV PEARL,Unplanned,Closed,2026-10-03T12:48:00Z,2026-10-03T13:48:00Z,60
1950760,Central,CITY EAST LUDHIANA,BAL SINGH NAGAR,Unplanned,Closed,2026-10-03T12:43:00Z,2026-10-03T13:16:00Z,33
1950755,West,FARIDKOT,KANER,Unplanned,Closed,2026-10-03T12:41:04Z,2026-10-03T14:32:07Z,111
1950790,North,KAPURTHALA,UPS SHAHPUR,Planned,Closed,2026-10-03T12:40:00Z,2026-10-03T16:20:00Z,220
1950833,North,KAPURTHALA,Lakhan Kalan,Unplanned,Closed,2026-10-03T12:37:51Z,2026-10-03T14:45:34Z,127
1950761,Border,GURDASPUR,11 K.V UPS Balwanda,Unplanned,Closed,2026-10-03T12:30:00Z,2026-10-03T12:50:00Z,20
1950757,West,FARIDKOT,SADIQ,Unplanned,Closed,2026-10-03T12:30:00Z,2026-10-03T13:09:00Z,39
1950751,South,PATIALA,UPS RAIPUR,Unplanned,Closed,2026-10-03T12:30:00Z,2026-10-03T14:25:14Z,115
1950752,South,PATIALA,INDUSTRIAL ESTATE,Unplanned,Closed,2026-10-03T12:28:00Z,2026-10-03T13:18:00Z,50
1950745,Central,KHANNA,Bhadalthua,Planned,Closed,2026-10-03T12:26:00Z,2026-10-03T14:00:00Z,94
1950749,North,NAWANSHAHR,Rahon Road,Unplanned,Closed,2026-10-03T12:25:00Z,2026-10-03T13:40:00Z,75
1950748,North,NAWANSHAHR,11 KV Railway Road,Unplanned,Closed,2026-10-03T12:25:00Z,2026-10-03T13:40:00Z,75
1950744,Border,GURDASPUR,City Ptk.,Unplanned,Closed,2026-10-03T12:23:00Z,2026-10-03T13:07:00Z,44
1950750,North,HOSHIARPUR,KANDHALA JATTAN,Unplanned,Closed,2026-10-03T12:20:00Z,2026-10-03T14:01:00Z,101
1950741,Border,SUB URBAN AMRITSAR,GUJJAPEER,Unplanned,Closed,2026-10-03T12:20:00Z,2026-10-03T12:45:00Z,25
1950739,Border,SUB URBAN AMRITSAR,Bhaka Hari Singh,Unplanned,Closed,2026-10-03T12:20:00Z,2026-10-03T12:46:00Z,26
1950754,East,Zirakpur,CITY COURT,Planned,Closed,2026-10-03T12:10:00Z,2026-10-03T13:08:00Z,58
1950753,East,Zirakpur,EKTA VIHAR,Planned,Closed,2026-10-03T12:10:00Z,2026-10-03T13:08:00Z,58
1950747,North,NAWANSHAHR,MOJOWAL MAJARA,Unplanned,Closed,2026-10-03T12:10:00Z,2026-10-03T13:50:00Z,100
1950746,East,ROPAR,Lamlehri,Unplanned,Closed,2026-10-03T12:10:00Z,2026-10-03T15:35:00Z,205
1950742,North,NAWANSHAHR,TEHSIL COMPLEX,Unplanned,Closed,2026-10-03T12:10:00Z,2026-10-03T13:35:00Z,85
1950740,North,JALANDHAR,HAZARA,Unplanned,Closed,2026-10-03T12:10:00Z,2026-10-03T12:50:00Z,40
1950738,North,JALANDHAR,KANGNIWAL,Unplanned,Closed,2026-10-03T12:10:00Z,2026-10-03T12:50:00Z,40
1950737,North,JALANDHAR,DHADDA,Unplanned,Closed,2026-10-03T12:10:00Z,2026-10-03T12:50:00Z,40
1950736,North,JALANDHAR,Johal,Unplanned,Closed,2026-10-03T12:10:00Z,2026-10-03T12:50:00Z,40
1950735,East,ROPAR,11KV Belian UPS FEEDER,Unplanned,Closed,2026-10-03T12:10:00Z,2026-10-03T12:30:00Z,20
1950731,East,ROPAR,MODLE  TOWN,Planned,Closed,2026-10-03T12:06:00Z,2026-10-03T14:30:00Z,144
1950730,East,ROPAR,KTM,Planned,Closed,2026-10-03T12:06:00Z,2026-10-03T14:30:00Z,144
1950734,West,BATHINDA,TOWN,Planned,Closed,2026-10-03T12:05:00Z,2026-10-03T13:05:00Z,60
1950733,North,NAWANSHAHR,RAWALPINDI,Unplanned,Closed,2026-10-03T12:05:00Z,2026-10-03T12:50:00Z,45
1950732,North,NAWANSHAHR,BADESARON,Unplanned,Closed,2026-10-03T12:05:00Z,2026-10-03T12:50:00Z,45
1950728,Central,KHANNA,C K UPS,Planned,Closed,2026-10-03T12:02:47Z,2026-10-03T13:30:00Z,87
1950639,North,KAPURTHALA,UPS Seowal,Planned,Closed,2026-10-03T12:00:38Z,2026-10-03T15:00:38Z,180
1950527,North,KAPURTHALA,Rai bhoe talwandi,Planned,Closed,2026-10-03T12:00:35Z,2026-10-03T15:00:35Z,180
1950526,North,KAPURTHALA,BILLI CHAHARMI,Planned,Closed,2026-10-03T12:00:35Z,2026-10-03T15:00:35Z,180
1950537,North,KAPURTHALA,Civil Hospital,Planned,Closed,2026-10-03T12:00:17Z,2026-10-03T15:00:17Z,180
1950536,North,KAPURTHALA,UPS Kotla Suraj Mall,Planned,Closed,2026-10-03T12:00:17Z,2026-10-03T15:00:17Z,180
1950535,North,KAPURTHALA,UPS Sangatpur,Planned,Closed,2026-10-03T12:00:17Z,2026-10-03T15:00:17Z,180
1950534,North,KAPURTHALA,URBAN MODEL TOWN Shahkot,Planned,Closed,2026-10-03T12:00:17Z,2026-10-03T15:00:17Z,180
1950533,North,KAPURTHALA,Fazalwal,Planned,Closed,2026-10-03T12:00:17Z,2026-10-03T15:00:17Z,180
1950532,North,KAPURTHALA,Gobind Nagar,Planned,Closed,2026-10-03T12:00:17Z,2026-10-03T15:00:17Z,180
1950531,North,KAPURTHALA,URBAN MAIN BAZAAR Shahkot,Planned,Closed,2026-10-03T12:00:17Z,2026-10-03T15:00:17Z,180
1950530,North,KAPURTHALA,UPS Nagal Ambian,Planned,Closed,2026-10-03T12:00:17Z,2026-10-03T15:00:17Z,180
1950529,North,KAPURTHALA,URBAN DANA MANDI Shahkot,Planned,Closed,2026-10-03T12:00:17Z,2026-10-03T15:00:17Z,180
1950524,North,KAPURTHALA,UPS MALLIWAL,Planned,Closed,2026-10-03T12:00:16Z,2026-10-03T12:40:16Z,40
1950523,North,KAPURTHALA,URBAN Malsian,Planned,Closed,2026-10-03T12:00:16Z,2026-10-03T12:40:16Z,40
1950522,North,KAPURTHALA,URBAN INDUSTRY,Planned,Closed,2026-10-03T12:00:16Z,2026-10-03T12:40:16Z,40
1950521,North,KAPURTHALA,Darbar Paper Mill,Planned,Closed,2026-10-03T12:00:16Z,2026-10-03T12:40:16Z,40
1950520,North,KAPURTHALA,UPS Kotli,Planned,Closed,2026-10-03T12:00:16Z,2026-10-03T12:40:16Z,40
1950519,North,KAPURTHALA,UPS KACHI SARAI KHAS,Planned,Closed,2026-10-03T12:00:16Z,2026-10-03T12:40:16Z,40
1950729,Central,CITY WEST LUDHIANA,DYAL NAGAR,Unplanned,Closed,2026-10-03T12:00:00Z,2026-10-03T13:00:00Z,60
1950719,South,SANGRUR,City-I,Planned,Closed,2026-10-03T11:57:00Z,2026-10-03T13:50:00Z,113
1949987,South,SANGRUR,11kv Bank road,Planned,Closed,2026-10-03T11:57:00Z,2026-10-03T13:50:00Z,113
1949986,South,SANGRUR,Dharampura,Planned,Closed,2026-10-03T11:57:00Z,2026-10-03T13:50:00Z,113
1950723,West,MUKATSAR,11 KV Dhani Bisehesarnath,Unplanned,Closed,2026-10-03T11:55:46Z,2026-10-03T13:01:18Z,65
1950722,West,MUKATSAR,11 KV New Water Works -2,Unplanned,Closed,2026-10-03T11:55:46Z,2026-10-03T13:01:18Z,65
1950727,West,FARIDKOT,SADIQ,Unplanned,Closed,2026-10-03T11:55:00Z,2026-10-03T12:20:00Z,25
1950721,Central,CITY EAST LUDHIANA,BY PASS,Unplanned,Closed,2026-10-03T11:54:00Z,2026-10-03T12:50:00Z,56
1950726,Border,TARN TARAN,KADD GILL UPS,Unplanned,Closed,2026-10-03T11:50:00Z,2026-10-03T12:50:00Z,60
1950725,Border,TARN TARAN,Jandiala Road Urban.,Unplanned,Closed,2026-10-03T11:50:00Z,2026-10-03T12:50:00Z,60
1950724,Border,TARN TARAN,11 KV Industrial Feeder,Unplanned,Closed,2026-10-03T11:50:00Z,2026-10-03T12:50:00Z,60
1950720,South,SANGRUR,ARYA COLLAGE,Planned,Closed,2026-10-03T11:50:00Z,2026-10-03T15:26:00Z,216
1950717,Central,KHANNA,CITY-1,Unplanned,Closed,2026-10-03T11:50:00Z,2026-10-03T13:46:00Z,116
1950743,East,ROPAR,Agampur,Unplanned,Closed,2026-10-03T11:45:00Z,2026-10-03T12:40:00Z,55
1950715,East,ROPAR,11KV Belian UPS FEEDER,Unplanned,Closed,2026-10-03T11:42:00Z,2026-10-03T12:07:00Z,25
1950716,South,SANGRUR,Natt UPS,Unplanned,Closed,2026-10-03T11:35:30Z,2026-10-03T12:05:24Z,29
1950718,South,BARNALA,Sanghera Road,Planned,Closed,2026-10-03T11:32:00Z,2026-10-03T12:05:00Z,33
1950710,Central,KHANNA,Khanna feeder,Unplanned,Closed,2026-10-03T11:31:00Z,2026-10-03T12:20:00Z,49
1950714,Central,KHANNA,LANDHA BOWANI,Planned,Closed,2026-10-03T11:30:00Z,2026-10-03T15:00:00Z,210
1950713,South,PATIALA,Industrial ( N),Unplanned,Closed,2026-10-03T11:30:00Z,2026-10-03T16:55:00Z,325
1950712,Border,GURDASPUR,Sukret,Unplanned,Closed,2026-10-03T11:25:00Z,2026-10-03T11:50:00Z,25
1950711,Border,TARN TARAN,MEHTA URBAN-II,Unplanned,Closed,2026-10-03T11:25:00Z,2026-10-03T12:20:00Z,55
1950707,South,BARNALA,Sanghera Road,Unplanned,Closed,2026-10-03T11:25:00Z,2026-10-03T11:30:00Z,5
1950706,East,MOHALI,11 KV DLF,Unplanned,Closed,2026-10-03T11:22:00Z,2026-10-03T12:55:00Z,93
1950709,North,JALANDHAR,NANDA,Unplanned,Closed,2026-10-03T11:20:00Z,2026-10-03T12:50:00Z,90
1950702,West,MUKATSAR,11 KV Alamgarh,Planned,Closed,2026-10-03T11:18:31Z,2026-10-03T12:21:48Z,63
1950703,West,MUKATSAR,11 KV KIKKER KHERA,Planned,Closed,2026-10-03T11:18:08Z,2026-10-03T12:21:21Z,63
1950708,West,FEROZPUR,COURT FEEDER,Planned,Closed,2026-10-03T11:17:00Z,2026-10-03T13:02:00Z,105
1950473,South,PATIALA,OPH,Planned,Closed,2026-10-03T11:15:55Z,2026-10-03T15:34:00Z,258
1950705,East,MOHALI,64-B,Unplanned,Closed,2026-10-03T11:15:00Z,2026-10-03T14:05:00Z,170
1950704,North,KAPURTHALA,Kotu Chownk,Planned,Closed,2026-10-03T11:15:00Z,2026-10-03T14:00:00Z,165
1950701,South,PATIALA,UPS RAJPURA,Unplanned,Closed,2026-10-03T11:10:00Z,2026-10-03T12:05:00Z,55
1950688,South,PATIALA,Patiala Road,Unplanned,Closed,2026-10-03T11:10:00Z,2026-10-03T12:50:48Z,100
1950687,Central,CITY WEST LUDHIANA,Ram Nagar,Planned,Closed,2026-10-03T11:07:32Z,2026-10-03T11:38:51Z,31
1950698,North,KAPURTHALA,11kv urban  Industrial,Unplanned,Closed,2026-10-03T11:07:00Z,2026-10-03T12:51:00Z,104
1950689,Central,CITY WEST LUDHIANA,Ranchi Colony,Planned,Closed,2026-10-03T11:07:00Z,2026-10-03T11:30:00Z,23
1950680,Border,GURDASPUR,KALANOUR CITY,Planned,Closed,2026-10-03T11:06:00Z,2026-10-03T14:55:00Z,229
1950694,East,MOHALI,11 KV CHADIALA UPS,Unplanned,Closed,2026-10-03T11:05:00Z,2026-10-03T11:40:54Z,35
1950691,East,MOHALI,11 KV GIDDARPUR AP,Unplanned,Closed,2026-10-03T11:05:00Z,2026-10-03T11:40:45Z,35
1950690,North,HOSHIARPUR,11kv Chanour UPS,Unplanned,Closed,2026-10-03T11:05:00Z,2026-10-03T11:30:00Z,25
1950683,South,PATIALA,11 KV Yadvindra Enclave,Unplanned,Closed,2026-10-03T11:04:22Z,2026-10-03T11:30:39Z,26
1950700,Border,TARN TARAN,Goindwal Road Urban.,Planned,Closed,2026-10-03T11:02:00Z,2026-10-03T16:30:00Z,328
1950686,North,HOSHIARPUR,HANDHWAL UPS,Unplanned,Closed,2026-10-03T11:02:00Z,2026-10-03T11:24:00Z,22
1950601,North,JALANDHAR,Dushiara Ground,Planned,Closed,2026-10-03T11:00:00Z,2026-10-03T13:42:00Z,162
1950677,West,FEROZPUR,11 KV Delhi Gate,Planned,Closed,2026-10-03T10:56:00Z,2026-10-03T12:21:00Z,85
1950605,North,JALANDHAR,UDHAM SINGH NAGAR,Planned,Closed,2026-10-03T10:56:00Z,2026-10-03T12:30:00Z,94
1950604,North,JALANDHAR,LAJPAT NAGAR,Planned,Closed,2026-10-03T10:56:00Z,2026-10-03T12:30:00Z,94
1950679,North,NAWANSHAHR,CHAK GURU,Unplanned,Closed,2026-10-03T10:55:00Z,2026-10-03T11:46:00Z,51
1950674,Border,GURDASPUR,Azizpur,Unplanned,Closed,2026-10-03T10:55:00Z,2026-10-03T11:18:00Z,23
1950693,East,Zirakpur,RANBAXY,Unplanned,Closed,2026-10-03T10:52:00Z,2026-10-03T11:12:00Z,20
1950685,Border,SUB URBAN AMRITSAR,KASHMIR AVANUE,Planned,Closed,2026-10-03T10:50:00Z,2026-10-03T15:10:00Z,260
1950684,Border,SUB URBAN AMRITSAR,PAWAN NAGAR,Planned,Closed,2026-10-03T10:50:00Z,2026-10-03T15:10:00Z,260
1950682,Border,SUB URBAN AMRITSAR,Tung pai,Planned,Closed,2026-10-03T10:50:00Z,2026-10-03T15:10:00Z,260
1950678,North,HOSHIARPUR,khudda,Planned,Closed,2026-10-03T10:50:00Z,2026-10-03T11:10:00Z,20
1950676,North,NAWANSHAHR,MEHIATPUR,Unplanned,Closed,2026-10-03T10:50:00Z,2026-10-03T11:55:00Z,65
1950675,North,JALANDHAR,CHURCH,Unplanned,Closed,2026-10-03T10:50:00Z,2026-10-03T11:05:00Z,15
1950673,East,ROPAR,ACME HEIGHT,Planned,Closed,2026-10-03T10:49:00Z,2026-10-03T11:04:00Z,15
1950489,South,PATIALA,Dashmesh Nagar,Planned,Closed,2026-10-03T10:46:51Z,2026-10-03T11:00:00Z,13
1950669,West,MUKATSAR,NEFED,Unplanned,Closed,2026-10-03T10:45:51Z,2026-10-03T12:40:01Z,114
1950668,South,PATIALA,Model Town 220kv,Unplanned,Closed,2026-10-03T10:45:09Z,2026-10-03T12:14:17Z,89
1950672,North,HOSHIARPUR,Bhogpur,Planned,Closed,2026-10-03T10:45:00Z,2026-10-03T11:45:00Z,60
1950665,Central,KHANNA,New Shanti Nagar,Planned,Closed,2026-10-03T10:43:00Z,2026-10-03T12:00:00Z,77
1950664,Central,KHANNA,TELEPHONE EXCH.,Planned,Closed,2026-10-03T10:43:00Z,2026-10-03T12:00:00Z,77
1950663,Central,KHANNA,Doaba,Planned,Closed,2026-10-03T10:43:00Z,2026-10-03T12:00:00Z,77
1950661,Central,KHANNA,SHIVPURI,Planned,Closed,2026-10-03T10:43:00Z,2026-10-03T12:00:00Z,77
1950671,East,ROPAR,UPS SAHO MAJRA,Unplanned,Closed,2026-10-03T10:40:00Z,2026-10-03T11:20:00Z,40
1950667,South,PATIALA,SHRI THAKUR DWARA,Unplanned,Closed,2026-10-03T10:40:00Z,2026-10-03T11:00:00Z,20
1950666,West,FARIDKOT,Industrial,Planned,Closed,2026-10-03T10:40:00Z,2026-10-03T11:10:00Z,30
1950659,North,HOSHIARPUR,RUPOWAL,Planned,Closed,2026-10-03T10:40:00Z,2026-10-03T11:50:00Z,70
1950662,North,KAPURTHALA,UPS Kotli,Unplanned,Closed,2026-10-03T10:36:00Z,2026-10-03T11:00:00Z,24
1950660,North,KAPURTHALA,UPS MALLIWAL,Unplanned,Closed,2026-10-03T10:36:00Z,2026-10-03T11:00:00Z,24
1950658,North,KAPURTHALA,Esewal,Unplanned,Closed,2026-10-03T10:35:00Z,2026-10-03T11:25:00Z,50
1950657,North,HOSHIARPUR,11KV ARGOWAL,Planned,Closed,2026-10-03T10:35:00Z,2026-10-03T11:50:00Z,75
1950656,West,FARIDKOT,Focal Point,Planned,Closed,2026-10-03T10:31:00Z,2026-10-03T10:37:00Z,6
1950655,South,PATIALA,11 KV UPS Assmanpur,Planned,Closed,2026-10-03T10:30:00Z,2026-10-03T12:50:00Z,140
1950654,North,NAWANSHAHR,City-1,Unplanned,Closed,2026-10-03T10:30:00Z,2026-10-03T11:30:00Z,60
1950653,South,PATIALA,UPS  KHANSIAN,Planned,Closed,2026-10-03T10:30:00Z,2026-10-03T12:50:00Z,140
1950652,North,NAWANSHAHR,11 KV Railway Road,Unplanned,Closed,2026-10-03T10:30:00Z,2026-10-03T11:30:00Z,60
1950651,South,PATIALA,BAGRIAN CAT-1,Unplanned,Closed,2026-10-03T10:30:00Z,2026-10-03T12:25:52Z,115
1950650,North,NAWANSHAHR,Saloh Road,Unplanned,Closed,2026-10-03T10:30:00Z,2026-10-03T11:30:00Z,60
1950649,South,PATIALA,11 KV URBAN ANAJ MANDI SNR,Planned,Closed,2026-10-03T10:30:00Z,2026-10-03T13:55:00Z,205
1950648,North,NAWANSHAHR,Rahon Road,Unplanned,Closed,2026-10-03T10:30:00Z,2026-10-03T11:30:00Z,60
1950647,North,NAWANSHAHR,Focal Point,Unplanned,Closed,2026-10-03T10:30:00Z,2026-10-03T10:40:00Z,10
1950528,Central,SUB URBAN LUDHIANA,LAKHA(UPS),Planned,Closed,2026-10-03T10:29:00Z,2026-10-03T16:00:00Z,331
1950640,Central,KHANNA,City 1,Unplanned,Closed,2026-10-03T10:21:00Z,2026-10-03T11:09:00Z,48
1950681,West,FARIDKOT,11 KV BMS NATHUWALA-CAT-01,Planned,Closed,2026-10-03T10:20:00Z,2026-10-03T11:48:00Z,88
1950645,North,HOSHIARPUR,11 KV Kotli,Planned,Closed,2026-10-03T10:20:00Z,2026-10-03T14:05:00Z,225
1950643,North,HOSHIARPUR,BHUNGA,Planned,Closed,2026-10-03T10:20:00Z,2026-10-03T14:05:00Z,225
1950641,North,HOSHIARPUR,JANOURI,Planned,Closed,2026-10-03T10:20:00Z,2026-10-03T14:15:00Z,235
1950670,West,BATHINDA,11 KV ANOOPGARH UPS,Planned,Closed,2026-10-03T10:19:00Z,2026-10-03T13:20:00Z,181
1950638,Central,CITY WEST LUDHIANA,GURU GIAN VIHAR,Planned,Closed,2026-10-03T10:15:35Z,2026-10-03T14:00:00Z,224
1950644,West,BATHINDA,Jaude pul,Planned,Closed,2026-10-03T10:15:00Z,2026-10-03T12:35:00Z,140
1950642,North,NAWANSHAHR,JADLA,Unplanned,Closed,2026-10-03T10:15:00Z,2026-10-03T12:10:00Z,115
1950634,Central,CITY WEST LUDHIANA,AMRIT FASTNER,Planned,Closed,2026-10-03T10:10:24Z,2026-10-03T10:34:52Z,24
1950633,West,FARIDKOT,GURU TEG BHADUR NAGAR,Planned,Closed,2026-10-03T10:10:00Z,2026-10-03T10:22:00Z,12
1950637,North,HOSHIARPUR,SHIMLA PAHARI,Planned,Closed,2026-10-03T10:08:00Z,2026-10-03T12:22:00Z,134
1950636,North,HOSHIARPUR,service club,Planned,Closed,2026-10-03T10:08:00Z,2026-10-03T12:22:00Z,134
1950646,North,KAPURTHALA,Nawi Abadi,Planned,Closed,2026-10-03T10:05:00Z,2026-10-03T11:55:00Z,110
1950495,East,ROPAR,SHRI DASHMESH ACADEMY,Planned,Closed,2026-10-03T10:02:00Z,2026-10-03T15:42:00Z,340
1950496,East,ROPAR,11KV  Dhahe Feeder,Planned,Closed,2026-10-03T10:01:00Z,2026-10-03T15:15:00Z,314
1950618,South,SANGRUR,INDUSTRIAL,Planned,Closed,2026-10-03T10:00:00Z,2026-10-03T15:40:00Z,340
1950603,North,JALANDHAR,L.I.C,Planned,Closed,2026-10-03T10:00:00Z,2026-10-03T12:30:00Z,150
1950602,North,JALANDHAR,11 kv central town,Planned,Closed,2026-10-03T10:00:00Z,2026-10-03T12:30:33Z,150
1950554,North,JALANDHAR,ASHOK VIHAR,Planned,Closed,2026-10-03T10:00:00Z,2026-10-03T14:45:00Z,285
1950553,North,JALANDHAR,HSP ROAD,Planned,Closed,2026-10-03T10:00:00Z,2026-10-03T14:15:00Z,255
1950552,North,JALANDHAR,KLARWARA GATE,Planned,Closed,2026-10-03T10:00:00Z,2026-10-03T14:15:00Z,255
1950481,Border,GURDASPUR,BATHWALA,Planned,Closed,2026-10-03T10:00:00Z,2026-10-03T15:32:00Z,332
1950480,Border,GURDASPUR,Gatta Factory,Planned,Closed,2026-10-03T10:00:00Z,2026-10-03T15:31:00Z,331
1950474,South,PATIALA,Ablowal Feeder,Planned,Closed,2026-10-03T10:00:00Z,2026-10-03T17:30:00Z,450
1950464,Central,CITY EAST LUDHIANA,SUDARSHAN CONCAST,Planned,Closed,2026-10-03T10:00:00Z,2026-10-03T17:00:00Z,420
1949949,South,PATIALA,SABJI MANDI,Planned,Closed,2026-10-03T10:00:00Z,2026-10-03T13:49:00Z,229
1949948,South,PATIALA,Park Avenue,Planned,Closed,2026-10-03T10:00:00Z,2026-10-03T12:30:00Z,150
1949538,South,PATIALA,BHAWANIGARH ROAD-2,Planned,Closed,2026-10-03T10:00:00Z,2026-10-03T12:30:00Z,150
1949535,South,PATIALA,JAGDAMBAY PATIALA COTSPIN,Planned,Closed,2026-10-03T10:00:00Z,2026-10-03T12:30:00Z,150
1950632,North,JALANDHAR,11 KV SHIV MANDIR,Unplanned,Closed,2026-10-03T09:52:00Z,2026-10-03T11:35:00Z,103
1950629,South,PATIALA,Sarabha Nagar feeder,Unplanned,Closed,2026-10-03T09:51:35Z,2026-10-03T11:09:44Z,78
1950631,Border,GURDASPUR,Thakarwal,Unplanned,Closed,2026-10-03T09:50:00Z,2026-10-03T11:00:00Z,70
1950628,North,KAPURTHALA,AJIT NAGAR,Planned,Closed,2026-10-03T09:48:26Z,2026-10-03T10:15:43Z,27
1950630,West,FARIDKOT,Heera Singh Nagar,Planned,Closed,2026-10-03T09:40:00Z,2026-10-03T11:22:00Z,102
1950626,West,BATHINDA,TIN KONI,Planned,Closed,2026-10-03T09:40:00Z,2026-10-03T10:05:00Z,25
1950625,West,BATHINDA,MATA JIVI NAGAR,Planned,Closed,2026-10-03T09:40:00Z,2026-10-03T10:05:00Z,25
1950624,North,HOSHIARPUR,BHOL,Unplanned,Closed,2026-10-03T09:40:00Z,2026-10-03T11:35:00Z,115
1950616,Central,CITY WEST LUDHIANA,SHIMLA PURI FEEDER,Unplanned,Closed,2026-10-03T09:30:49Z,2026-10-03T09:53:28Z,22
1950627,West,BATHINDA,DANA MANDI,Planned,Closed,2026-10-03T09:30:00Z,2026-10-03T12:41:00Z,191
1950623,East,ROPAR,11KV Dugri,Unplanned,Closed,2026-10-03T09:30:00Z,2026-10-03T10:05:00Z,35
1950621,West,BATHINDA,Station Basti,Planned,Closed,2026-10-03T09:30:00Z,2026-10-03T09:50:00Z,20
1950620,West,BATHINDA,BHUCHO MANDI,Planned,Closed,2026-10-03T09:30:00Z,2026-10-03T09:50:00Z,20
1950619,West,BATHINDA,Civil Hospital,Planned,Closed,2026-10-03T09:30:00Z,2026-10-03T09:50:00Z,20
1950617,West,BATHINDA,MAIN BAZAR,Planned,Closed,2026-10-03T09:30:00Z,2026-10-03T09:50:00Z,20
1950615,West,BATHINDA,AAWA BASTI,Planned,Closed,2026-10-03T09:27:19Z,2026-10-03T15:41:00Z,373
1950614,West,BATHINDA,BANK BAZAAR,Planned,Closed,2026-10-03T09:27:19Z,2026-10-03T15:42:00Z,374
1950613,West,BATHINDA,SIRKI BAZAAR,Planned,Closed,2026-10-03T09:27:19Z,2026-10-03T15:42:00Z,374
1950635,North,JALANDHAR,HOUSING BOARD,Unplanned,Closed,2026-10-03T09:15:00Z,2026-10-03T10:15:00Z,60
1950622,West,FARIDKOT,MACHIKE UPS,Planned,Closed,2026-10-03T09:15:00Z,2026-10-03T09:55:00Z,40
1950609,West,BATHINDA,TOWN,Unplanned,Closed,2026-10-03T09:10:00Z,2026-10-03T09:25:00Z,15
1950608,West,BATHINDA,BALLA RAM NAGAR,Unplanned,Closed,2026-10-03T09:00:00Z,2026-10-03T10:05:00Z,65
1950247,West,FEROZPUR,11 NAMDEV CHAUNK URBAN,Planned,Closed,2026-10-03T09:00:00Z,2026-10-03T18:50:00Z,590
1950607,West,FEROZPUR,ZILA PARISHAD,Unplanned,Closed,2026-10-03T08:50:00Z,2026-10-03T09:01:00Z,11
1950606,West,BATHINDA,BABA HARNAM SINGH,Unplanned,Closed,2026-10-03T08:45:00Z,2026-10-03T08:50:00Z,5
1950612,Border,TARN TARAN,CITY 1,Unplanned,Closed,2026-10-03T08:30:00Z,2026-10-03T09:25:00Z,55
1950600,North,KAPURTHALA,11KV RAIL TECH,Unplanned,Closed,2026-10-03T08:18:00Z,2026-10-03T09:12:00Z,54
1950588,East,MOHALI,Industry Phase 2,Unplanned,Closed,2026-10-03T08:15:20Z,2026-10-03T10:10:13Z,114
1950587,Central,KHANNA,Khanna feeder,Unplanned,Closed,2026-10-03T08:10:00Z,2026-10-03T09:40:00Z,90
1950599,West,MUKATSAR,MALOUT ROAD,Planned,Closed,2026-10-03T08:01:37Z,2026-10-03T12:50:37Z,289
1950598,West,MUKATSAR,11KV Danna Mandi,Planned,Closed,2026-10-03T08:01:37Z,2026-10-03T12:50:37Z,289
1950597,West,MUKATSAR,11KV Balam Garh Road,Planned,Closed,2026-10-03T08:01:37Z,2026-10-03T12:50:37Z,289
1950596,West,MUKATSAR,11KV Tarn Taran Sahib,Planned,Closed,2026-10-03T08:01:37Z,2026-10-03T12:50:37Z,289
1950595,West,MUKATSAR,DISPOSAL WORKS,Planned,Closed,2026-10-03T08:01:37Z,2026-10-03T12:50:37Z,289
1950594,West,MUKATSAR,Civil Hospital,Planned,Closed,2026-10-03T08:01:37Z,2026-10-03T12:50:37Z,289
1950593,West,MUKATSAR,MUKT-E-MINAR,Planned,Closed,2026-10-03T08:01:37Z,2026-10-03T12:50:37Z,289
1950592,West,MUKATSAR,RAHURIANWALI,Planned,Closed,2026-10-03T08:01:37Z,2026-10-03T12:50:37Z,289
1950591,West,MUKATSAR,ABOHAR ROAD,Planned,Closed,2026-10-03T08:01:37Z,2026-10-03T12:50:37Z,289
1950590,West,MUKATSAR,BUS STAND,Planned,Closed,2026-10-03T08:01:37Z,2026-10-03T12:50:37Z,289
1950542,South,PATIALA,Bhupindra Road,Planned,Closed,2026-10-03T08:00:00Z,2026-10-03T08:18:50Z,18
1950586,Border,GURDASPUR,Chhaurian,Unplanned,Closed,2026-10-03T07:55:00Z,2026-10-03T09:50:00Z,115
1950585,North,HOSHIARPUR,PENSRA,Unplanned,Closed,2026-10-03T07:55:00Z,2026-10-03T08:20:00Z,25
1950583,Central,CITY EAST LUDHIANA,GURU NANAK DEV NAGAR,Unplanned,Closed,2026-10-03T07:52:00Z,2026-10-03T08:32:00Z,40
1950584,North,NAWANSHAHR,DILAWARPUR,Unplanned,Closed,2026-10-03T07:50:00Z,2026-10-03T08:35:00Z,45
1950581,Central,CITY WEST LUDHIANA,MERADO FEEDER,Planned,Closed,2026-10-03T07:48:41Z,2026-10-03T08:50:43Z,62
1950582,North,HOSHIARPUR,MANJPUR,Unplanned,Closed,2026-10-03T07:40:00Z,2026-10-03T07:55:00Z,15
1950580,West,FARIDKOT,11KV GREEN AVENUE,Unplanned,Closed,2026-10-03T07:15:29Z,2026-10-03T07:46:05Z,30
1950578,Central,CITY WEST LUDHIANA,SATSANG GHAR,Unplanned,Closed,2026-10-03T07:12:11Z,2026-10-03T08:30:52Z,78
1950577,North,JALANDHAR,11 KV FRIEND COLONY,Unplanned,Closed,2026-10-03T07:02:00Z,2026-10-03T08:32:22Z,90
1950574,South,SANGRUR,Industrial (Dhuri),Unplanned,Closed,2026-10-03T06:50:29Z,2026-10-03T07:55:44Z,65
1950573,West,FARIDKOT,11 KV MOGA ROAD CAT-02,Unplanned,Closed,2026-10-03T06:48:00Z,2026-10-03T07:35:00Z,47
1950576,East,Zirakpur,EKTA VIHAR,Unplanned,Closed,2026-10-03T06:46:00Z,2026-10-03T07:51:00Z,65
1950575,East,MOHALI,11KV BLOCK-C,Unplanned,Closed,2026-10-03T06:35:00Z,2026-10-03T07:45:00Z,70
1950571,North,JALANDHAR,HOUSING BOARD,Unplanned,Closed,2026-10-03T06:25:00Z,2026-10-03T07:48:00Z,83
1950579,Central,CITY EAST LUDHIANA,TAJPUR ROAD,Unplanned,Closed,2026-10-03T06:20:00Z,2026-10-03T07:15:00Z,55
1950572,West,BATHINDA,PEERKHANA,Unplanned,Closed,2026-10-03T06:17:00Z,2026-10-03T06:58:00Z,41
1950570,South,SANGRUR,Sangatpura,Unplanned,Closed,2026-10-03T06:10:00Z,2026-10-03T07:10:02Z,60
1950569,South,SANGRUR,M K Road,Unplanned,Closed,2026-10-03T06:10:00Z,2026-10-03T07:12:29Z,62
1950568,South,BARNALA,Sekha Road,Unplanned,Closed,2026-10-03T05:54:00Z,2026-10-03T06:54:00Z,60
1950566,South,SANGRUR,ATTALIAN,Unplanned,Closed,2026-10-03T05:02:00Z,2026-10-03T12:35:00Z,453
1950565,South,PATIALA,AMARGARH UPS,Unplanned,Closed,2026-10-03T04:59:26Z,2026-10-03T07:55:52Z,176
1950567,North,HOSHIARPUR,MANJPUR,Unplanned,Closed,2026-10-03T04:50:00Z,2026-10-03T06:40:00Z,110
1950564,North,JALANDHAR,Vajra Vihar,Unplanned,Closed,2026-10-03T04:46:00Z,2026-10-03T06:55:00Z,129
1950563,West,FARIDKOT,GOLEWALA,Unplanned,Closed,2026-10-03T04:39:46Z,2026-10-03T06:16:12Z,96
1950562,East,ROPAR,11 KV Sarsa Nangal,Unplanned,Closed,2026-10-03T03:12:00Z,2026-10-03T04:10:00Z,58
1950561,North,NAWANSHAHR,MALEWAL,Unplanned,Closed,2026-10-03T02:55:00Z,2026-10-03T03:03:00Z,8
1950560,Border,TARN TARAN,Adda Bhikhiwind,Unplanned,Closed,2026-10-03T02:21:00Z,2026-10-03T06:25:04Z,244
1950559,Border,TARN TARAN,CITY 6,Unplanned,Closed,2026-10-03T01:45:00Z,2026-10-03T06:30:00Z,285
1950558,Central,CITY WEST LUDHIANA,SATGURU NAGAR,Unplanned,Closed,2026-10-03T01:42:00Z,2026-10-03T02:44:00Z,62
1950555,North,NAWANSHAHR,11 KV Railway Road,Unplanned,Closed,2026-10-03T01:15:00Z,2026-10-03T01:30:00Z,15
1950556,North,JALANDHAR,11 KV Manbro,Unplanned,Closed,2026-10-03T01:09:00Z,2026-10-03T01:39:00Z,30
1950557,West,BATHINDA,Civil Hospital,Unplanned,Closed,2026-10-03T00:40:00Z,2026-10-03T06:54:00Z,374
1950551,North,NAWANSHAHR,KATHGARH,Unplanned,Closed,2026-10-03T00:40:00Z,2026-10-03T01:15:00Z,35
1952119,West,MUKATSAR,11 KV NAI ABADI,Unplanned,Closed,2026-10-03T00:27:36Z,2026-10-03T00:54:47Z,27
1950549,North,NAWANSHAHR,Rahon Road,Unplanned,Closed,2026-10-03T00:01:00Z,2026-10-03T00:50:00Z,49
1950548,East,Zirakpur,MORTHIKRI INDUSTRIAL,Unplanned,Closed,2026-10-02T23:45:00Z,2026-10-03T00:54:00Z,69
1950547,North,JALANDHAR,Lilly Resort,Unplanned,Closed,2026-10-02T23:35:00Z,2026-10-03T00:20:00Z,45
1950546,South,PATIALA,Lakkar Mandi,Unplanned,Closed,2026-10-02T23:15:00Z,2026-10-02T23:45:00Z,30
1950545,North,JALANDHAR,Hoshiarpur Road,Unplanned,Closed,2026-10-02T23:05:00Z,2026-10-02T23:30:00Z,25
1950544,North,NAWANSHAHR,Rahon Road,Unplanned,Closed,2026-10-02T23:04:00Z,2026-10-02T23:59:00Z,55
1950550,South,SANGRUR,UPS THRWA,Unplanned,Closed,2026-10-02T23:00:00Z,2026-10-03T07:10:00Z,490
1950543,North,JALANDHAR,MODEL HOUSE,Unplanned,Closed,2026-10-02T23:00:00Z,2026-10-02T23:36:00Z,36
1950540,West,FARIDKOT,Arvind Nagar Feeder,Planned,Closed,2026-10-02T22:25:00Z,2026-10-02T22:35:00Z,10
1950541,East,Zirakpur,SEVEN STAR,Unplanned,Closed,2026-10-02T22:23:00Z,2026-10-02T23:15:00Z,52
1950539,North,JALANDHAR,NEW ESTATE,Unplanned,Closed,2026-10-02T22:15:00Z,2026-10-02T22:34:00Z,19
1950538,Border,GURDASPUR,11 K.V UPS Balwanda,Unplanned,Closed,2026-10-02T22:09:00Z,2026-10-02T22:55:00Z,46
1950525,North,KAPURTHALA,URBAN MOHABAT NAGAR,Unplanned,Closed,2026-10-02T21:33:00Z,2026-10-02T23:25:00Z,112
1950518,South,BARNALA,UPS HATHOA,Unplanned,Closed,2026-10-02T21:20:00Z,2026-10-02T22:20:00Z,60
1950517,North,NAWANSHAHR,CITY GARHSHANKAR-2,Unplanned,Closed,2026-10-02T21:11:00Z,2026-10-02T21:35:00Z,24
1950515,North,HOSHIARPUR,PRTC,Unplanned,Closed,2026-10-02T20:58:22Z,2026-10-02T21:23:22Z,25
1950514,North,HOSHIARPUR,KHARKAN,Unplanned,Closed,2026-10-02T20:58:22Z,2026-10-02T21:23:22Z,25
1950513,North,HOSHIARPUR,SSG. UNIVERCITY,Unplanned,Closed,2026-10-02T20:58:22Z,2026-10-02T21:23:22Z,25
1950512,North,HOSHIARPUR,11 KV Narayan Nagar,Unplanned,Closed,2026-10-02T20:58:22Z,2026-10-02T21:23:22Z,25
1950511,North,HOSHIARPUR,service club,Unplanned,Closed,2026-10-02T20:58:22Z,2026-10-02T21:23:22Z,25
1950510,North,HOSHIARPUR,CHAUNNI,Unplanned,Closed,2026-10-02T20:58:22Z,2026-10-02T21:23:22Z,25
1950509,North,HOSHIARPUR,BAJWARA,Unplanned,Closed,2026-10-02T20:58:22Z,2026-10-02T21:23:22Z,25
1950508,North,HOSHIARPUR,Bassi Gulam Hussian,Unplanned,Closed,2026-10-02T20:58:22Z,2026-10-02T21:23:22Z,25
1950507,North,HOSHIARPUR,new court complex,Unplanned,Closed,2026-10-02T20:58:22Z,2026-10-02T21:23:22Z,25
1950506,North,HOSHIARPUR,NARA DADA,Unplanned,Closed,2026-10-02T20:58:22Z,2026-10-02T21:23:22Z,25
1950505,North,HOSHIARPUR,ASLAMABAD,Unplanned,Closed,2026-10-02T20:58:22Z,2026-10-02T21:23:22Z,25
1950504,North,HOSHIARPUR,SHIMLA PAHARI,Unplanned,Closed,2026-10-02T20:58:22Z,2026-10-02T21:23:22Z,25
1950503,Border,TARN TARAN,24 HRS UPS,Unplanned,Closed,2026-10-02T20:50:00Z,2026-10-02T22:40:00Z,110
1950516,East,ROPAR,CHATAULI,Unplanned,Closed,2026-10-02T20:40:00Z,2026-10-02T21:15:00Z,35
1950502,North,JALANDHAR,Multicast,Unplanned,Closed,2026-10-02T20:40:00Z,2026-10-02T20:52:00Z,12
1950501,Border,GURDASPUR,Preet Nagar,Unplanned,Closed,2026-10-02T20:37:00Z,2026-10-02T21:22:00Z,45
1950499,South,BARNALA,22 acre,Planned,Closed,2026-10-02T20:15:00Z,2026-10-02T20:30:00Z,15
1950498,South,SANGRUR,11 KV Mata Modi Road,Unplanned,Closed,2026-10-02T20:11:00Z,2026-10-02T21:16:00Z,65
1950493,East,MOHALI,Sec 56,Unplanned,Closed,2026-10-02T19:59:04Z,2026-10-02T20:28:43Z,29
1950494,South,SANGRUR,CITY-5,Unplanned,Closed,2026-10-02T19:58:00Z,2026-10-02T20:35:00Z,37
1950500,East,Zirakpur,Bauli Sahib,Unplanned,Closed,2026-10-02T19:31:00Z,2026-10-02T20:34:00Z,63
1950490,West,FARIDKOT,BHAN SINGH COLONY,Planned,Closed,2026-10-02T19:16:57Z,2026-10-02T20:29:12Z,72
1950491,East,Zirakpur,SANULI,Planned,Closed,2026-10-02T19:10:00Z,2026-10-02T19:18:00Z,8
1950479,West,FARIDKOT,Neel Giri,Unplanned,Closed,2026-10-02T18:44:04Z,2026-10-02T20:19:56Z,95
1950482,East,ROPAR,Bassi,Unplanned,Closed,2026-10-02T18:41:00Z,2026-10-02T19:06:00Z,25
1950484,Border,GURDASPUR,BHARIAL LAHRI,Unplanned,Closed,2026-10-02T18:40:00Z,2026-10-02T19:49:00Z,69
1950483,West,BATHINDA,Swetch,Unplanned,Closed,2026-10-02T18:37:00Z,2026-10-02T19:02:00Z,25
1950492,East,Zirakpur,NIMBUA,Unplanned,Closed,2026-10-02T18:23:00Z,2026-10-02T19:27:00Z,64
1950475,West,MUKATSAR,INDRA NAGRI,Planned,Closed,2026-10-02T18:05:00Z,2026-10-02T18:28:45Z,23
1950478,West,BATHINDA,DD Mittal tower,Unplanned,Closed,2026-10-02T18:00:00Z,2026-10-02T19:39:13Z,99
1950477,East,Zirakpur,11 KV PREM NAGAR FEEDER,Unplanned,Closed,2026-10-02T18:00:00Z,2026-10-02T18:29:00Z,29
1950476,West,BATHINDA,MULTANIA ROAD,Unplanned,Closed,2026-10-02T18:00:00Z,2026-10-02T18:02:56Z,2
1950469,Central,CITY EAST LUDHIANA,BAL SINGH NAGAR,Unplanned,Closed,2026-10-02T17:51:00Z,2026-10-02T19:36:00Z,105
1950466,South,SANGRUR,11 KV BAKSHIWALA URBAN,Unplanned,Closed,2026-10-02T17:44:00Z,2026-10-02T18:01:00Z,17
1950467,East,MOHALI,11KV IT CITY,Unplanned,Closed,2026-10-02T17:40:51Z,2026-10-02T17:58:29Z,17
1950465,East,MOHALI,ECOCITY COMM1,Unplanned,Closed,2026-10-02T17:40:35Z,2026-10-02T18:43:37Z,63
1950439,West,MUKATSAR,dhani shaffi,Planned,Closed,2026-10-02T17:30:22Z,2026-10-02T18:25:46Z,55
1950438,West,MUKATSAR,Dhanger Khera,Planned,Closed,2026-10-02T17:30:22Z,2026-10-02T18:25:28Z,55
1950437,West,MUKATSAR,Bajidpur Katian Wali,Planned,Closed,2026-10-02T17:30:22Z,2026-10-02T18:25:12Z,54
1950436,West,MUKATSAR,Chouriwala Dhana,Planned,Closed,2026-10-02T17:30:22Z,2026-10-02T18:25:00Z,54
1950452,Central,CITY EAST LUDHIANA,B DEEP SINGH NAGAR,Unplanned,Closed,2026-10-02T17:29:00Z,2026-10-02T18:37:00Z,68
1950451,East,ROPAR,BHANGLAN,Unplanned,Closed,2026-10-02T17:20:00Z,2026-10-02T17:50:00Z,30
1950463,West,MUKATSAR,MALOUT ROAD,Unplanned,Closed,2026-10-02T17:15:56Z,2026-10-02T18:05:56Z,50
1950462,West,MUKATSAR,11KV Danna Mandi,Unplanned,Closed,2026-10-02T17:15:56Z,2026-10-02T18:05:56Z,50
1950461,West,MUKATSAR,11KV Balam Garh Road,Unplanned,Closed,2026-10-02T17:15:56Z,2026-10-02T18:05:56Z,50
1950460,West,MUKATSAR,11KV Tarn Taran Sahib,Unplanned,Closed,2026-10-02T17:15:56Z,2026-10-02T18:05:56Z,50
1950459,West,MUKATSAR,DISPOSAL WORKS,Unplanned,Closed,2026-10-02T17:15:56Z,2026-10-02T18:05:56Z,50
1950458,West,MUKATSAR,Civil Hospital,Unplanned,Closed,2026-10-02T17:15:56Z,2026-10-02T18:05:56Z,50
1950457,West,MUKATSAR,MUKT-E-MINAR,Unplanned,Closed,2026-10-02T17:15:56Z,2026-10-02T18:05:56Z,50
1950456,West,MUKATSAR,RAHURIANWALI,Unplanned,Closed,2026-10-02T17:15:56Z,2026-10-02T18:05:56Z,50
1950455,West,MUKATSAR,ABOHAR ROAD,Unplanned,Closed,2026-10-02T17:15:56Z,2026-10-02T18:05:56Z,50
1950454,West,MUKATSAR,BUS STAND,Unplanned,Closed,2026-10-02T17:15:56Z,2026-10-02T18:05:56Z,50
1950450,West,FARIDKOT,BHAN SINGH COLONY,Unplanned,Closed,2026-10-02T17:15:00Z,2026-10-02T19:13:00Z,118
1950468,South,PATIALA,SARHIND ROAD,Unplanned,Closed,2026-10-02T17:13:00Z,2026-10-02T17:50:00Z,37
1950446,East,MOHALI,11kv Saidpura,Unplanned,Closed,2026-10-02T17:01:38Z,2026-10-02T17:11:25Z,9
1950445,East,MOHALI,11 KV CHADIALA UPS,Unplanned,Closed,2026-10-02T17:01:38Z,2026-10-02T17:11:34Z,9
1950442,Central,CITY WEST LUDHIANA,AZAD NAGAR FEEDER,Unplanned,Closed,2026-10-02T17:00:42Z,2026-10-02T18:05:24Z,64
1950441,East,MOHALI,ECOCITY COMM1,Unplanned,Closed,2026-10-02T17:00:00Z,2026-10-02T17:22:33Z,22
1950397,South,PATIALA,RAJLA ROAD,Planned,Closed,2026-10-02T17:00:00Z,2026-10-02T18:00:00Z,60
1950444,East,MOHALI,11KV Sector 101,Unplanned,Closed,2026-10-02T16:54:00Z,2026-10-02T17:34:32Z,40
1950449,North,KAPURTHALA,UPS Sunner Kalan,Planned,Closed,2026-10-02T16:50:00Z,2026-10-02T18:35:00Z,105
1950443,South,PATIALA,Industrial ( N),Unplanned,Closed,2026-10-02T16:50:00Z,2026-10-02T17:10:00Z,20
1950440,South,BARNALA,UPS HATHOA,Unplanned,Closed,2026-10-02T16:50:00Z,2026-10-02T17:50:00Z,60
1950430,North,HOSHIARPUR,DEVIDASS,Planned,Closed,2026-10-02T16:45:00Z,2026-10-02T17:25:00Z,40
1950431,West,FARIDKOT,PARTAP ROAD,Unplanned,Closed,2026-10-02T16:44:57Z,2026-10-02T17:02:38Z,17
1950428,West,FARIDKOT,JANI KI PATTI,Unplanned,Closed,2026-10-02T16:40:20Z,2026-10-02T17:27:54Z,47
1950432,North,KAPURTHALA,UPS Kaimwala,Unplanned,Closed,2026-10-02T16:40:00Z,2026-10-02T17:00:00Z,20
1950433,East,MOHALI,SEC-68,Unplanned,Closed,2026-10-02T16:38:43Z,2026-10-02T17:38:43Z,60
1950429,Border,TARN TARAN,Piddi,Unplanned,Closed,2026-10-02T16:35:00Z,2026-10-02T18:01:00Z,86
1950427,East,Zirakpur,ZIRAKPUR-1,Planned,Closed,2026-10-02T16:35:00Z,2026-10-02T16:48:00Z,13
1950435,South,PATIALA,TDI,Unplanned,Closed,2026-10-02T16:30:00Z,2026-10-02T17:15:00Z,45
1950434,South,PATIALA,DALIMA,Unplanned,Closed,2026-10-02T16:30:00Z,2026-10-02T17:15:00Z,45
1950423,Central,CITY WEST LUDHIANA,SATSANG GHAR,Unplanned,Closed,2026-10-02T16:21:54Z,2026-10-02T17:14:04Z,52
1950422,Central,CITY WEST LUDHIANA,LOHARA,Unplanned,Closed,2026-10-02T16:21:54Z,2026-10-02T17:13:52Z,51
1950403,South,SANGRUR,24 HRS. BALRAN,Planned,Closed,2026-10-02T16:16:51Z,2026-10-02T18:35:11Z,138
1950420,West,MUKATSAR,11 KV Telupura,Unplanned,Closed,2026-10-02T16:16:33Z,2026-10-02T16:39:16Z,22
1950419,Central,CITY WEST LUDHIANA,STAR ROAD FEEDER,Planned,Closed,2026-10-02T16:10:10Z,2026-10-02T17:25:29Z,75
1950421,Central,KHANNA,New Shanti Nagar,Unplanned,Closed,2026-10-02T16:10:00Z,2026-10-02T16:40:00Z,30
1950416,South,PATIALA,UPS SANDARSI,Unplanned,Closed,2026-10-02T16:01:00Z,2026-10-02T17:02:00Z,61
1950406,West,MUKATSAR,11 KV Dharampura,Unplanned,Closed,2026-10-02T15:52:00Z,2026-10-02T16:56:49Z,64
1950405,Central,CITY WEST LUDHIANA,TIKONA PARK,Planned,Closed,2026-10-02T15:49:53Z,2026-10-02T16:23:59Z,34
1950408,Border,GURDASPUR,11KV UPS Datial Feeder,Unplanned,Closed,2026-10-02T15:45:00Z,2026-10-02T16:15:00Z,30
1950407,Border,GURDASPUR,N.J.Singh 24hrs,Unplanned,Closed,2026-10-02T15:45:00Z,2026-10-02T16:10:00Z,25
1950404,Central,KHANNA,Prem Nagar,Planned,Closed,2026-10-02T15:45:00Z,2026-10-02T16:15:00Z,30
1950402,South,SANGRUR,11 KV DHADRIAN URBAN,Unplanned,Closed,2026-10-02T15:43:00Z,2026-10-02T16:12:00Z,29
1950401,North,JALANDHAR,11KV UDESIAN,Unplanned,Closed,2026-10-02T15:43:00Z,2026-10-02T16:08:00Z,25
1950414,West,BATHINDA,LAL SINGH NAGAR,Planned,Closed,2026-10-02T15:37:00Z,2026-10-02T16:18:49Z,41
1950400,East,Zirakpur,ORBIT,Unplanned,Closed,2026-10-02T15:30:00Z,2026-10-02T16:30:00Z,60
1950398,South,BARNALA,GUARA  INDUS.CAT.1,Unplanned,Closed,2026-10-02T15:20:00Z,2026-10-02T16:10:00Z,50
1950396,South,SANGRUR,City,Planned,Closed,2026-10-02T15:19:21Z,2026-10-02T15:40:32Z,21
1950395,South,SANGRUR,11 KV BIR KALAN AP,Planned,Closed,2026-10-02T15:12:13Z,2026-10-02T15:57:25Z,45
1950394,Central,CITY WEST LUDHIANA,SHAM NAGAR,Planned,Closed,2026-10-02T15:12:05Z,2026-10-02T17:04:48Z,112
1950399,North,HOSHIARPUR,CHAUNNI,Planned,Closed,2026-10-02T15:05:00Z,2026-10-02T16:30:00Z,85
1950393,North,HOSHIARPUR,11kV Jandwal UPS,Planned,Closed,2026-10-02T15:05:00Z,2026-10-02T16:38:00Z,93
1950413,Central,CITY WEST LUDHIANA,NANDPUR,Planned,Closed,2026-10-02T15:00:00Z,2026-10-02T18:00:00Z,180
1950412,Central,CITY WEST LUDHIANA,Freeman,Planned,Closed,2026-10-02T15:00:00Z,2026-10-02T18:00:00Z,180
1950411,Central,CITY WEST LUDHIANA,Link Well,Planned,Closed,2026-10-02T15:00:00Z,2026-10-02T18:00:00Z,180
1950410,Central,CITY WEST LUDHIANA,UCO,Planned,Closed,2026-10-02T15:00:00Z,2026-10-02T18:00:00Z,180
1950409,Central,CITY WEST LUDHIANA,BALWINDERA,Planned,Closed,2026-10-02T15:00:00Z,2026-10-02T18:00:00Z,180
1950390,West,MUKATSAR,JANDWALA HANUWANTA,Unplanned,Closed,2026-10-02T14:52:49Z,2026-10-02T15:21:06Z,28
1950391,West,MUKATSAR,BHANGER KHERA,Unplanned,Closed,2026-10-02T14:52:00Z,2026-10-02T15:21:13Z,29
1950385,North,HOSHIARPUR,RARA,Unplanned,Closed,2026-10-02T14:52:00Z,2026-10-02T15:24:00Z,32
1950383,Border,GURDASPUR,Dalia,Unplanned,Closed,2026-10-02T14:48:00Z,2026-10-02T15:33:00Z,45
1950382,Border,GURDASPUR,Manj,Unplanned,Closed,2026-10-02T14:47:00Z,2026-10-02T15:33:00Z,46
1950392,East,Zirakpur,RANBAXY,Planned,Closed,2026-10-02T14:46:00Z,2026-10-02T15:09:00Z,23
1950389,South,PATIALA,SULAR,Unplanned,Closed,2026-10-02T14:44:00Z,2026-10-02T15:45:28Z,61
1950386,North,HOSHIARPUR,RAILWAY STATION,Unplanned,Closed,2026-10-02T14:40:00Z,2026-10-02T15:27:00Z,47
1950381,North,NAWANSHAHR,JALALPUR,Unplanned,Closed,2026-10-02T14:35:00Z,2026-10-02T15:15:00Z,40
1950384,South,SANGRUR,AMBEKAR NAGAR,Unplanned,Closed,2026-10-02T14:30:00Z,2026-10-02T15:20:00Z,50
1950377,Central,KHANNA,HOSPITAL,Unplanned,Closed,2026-10-02T14:28:17Z,2026-10-02T15:30:28Z,62
1950378,North,HOSHIARPUR,Urban qilla road,Unplanned,Closed,2026-10-02T14:25:00Z,2026-10-02T14:45:00Z,20
1950375,Central,KHANNA,FATEHGARH SAHIB,Unplanned,Closed,2026-10-02T14:24:11Z,2026-10-02T15:25:27Z,61
1950374,Central,CITY WEST LUDHIANA,URBAN ESTATE PH-1,Planned,Closed,2026-10-02T14:20:41Z,2026-10-02T14:50:00Z,29
1950380,East,ROPAR,Kansala,Unplanned,Closed,2026-10-02T14:20:00Z,2026-10-02T15:45:00Z,85
1950376,Central,SUB URBAN LUDHIANA,CITY 8,Unplanned,Closed,2026-10-02T14:15:00Z,2026-10-02T14:25:00Z,10
1950373,North,HOSHIARPUR,GARDIWAL,Planned,Closed,2026-10-02T14:15:00Z,2026-10-02T15:35:00Z,80
1950372,North,HOSHIARPUR,11KV ARGOWAL,Planned,Closed,2026-10-02T14:14:00Z,2026-10-02T15:37:00Z,83
1950370,Central,CITY WEST LUDHIANA,STAR ROAD FEEDER,Unplanned,Closed,2026-10-02T14:11:23Z,2026-10-02T16:05:00Z,113
1950369,Central,CITY WEST LUDHIANA,Kiran Vihar,Planned,Closed,2026-10-02T14:10:35Z,2026-10-02T14:30:00Z,19
1950371,North,NAWANSHAHR,SUJJOWAL,Unplanned,Closed,2026-10-02T14:10:00Z,2026-10-02T14:40:00Z,30
1950367,Border,CITY AMRITSAR,11Kv Kesri Bagh,Unplanned,Closed,2026-10-02T13:58:00Z,2026-10-02T14:15:00Z,17
1950368,South,PATIALA,LAKKAR MANDI,Unplanned,Closed,2026-10-02T13:55:00Z,2026-10-02T15:05:00Z,70
1950366,South,SANGRUR,UPS PAIND,Planned,Closed,2026-10-02T13:50:44Z,2026-10-02T15:35:04Z,104
1950365,West,MUKATSAR,11 KV ABC,Unplanned,Closed,2026-10-02T13:45:07Z,2026-10-02T15:40:14Z,115
1950361,South,SANGRUR,UPS KUANDERI,Planned,Closed,2026-10-02T13:30:11Z,2026-10-02T13:50:33Z,20
1950363,East,MOHALI,11KV Shivalik Vihar,Planned,Closed,2026-10-02T13:30:00Z,2026-10-02T14:30:00Z,60
1950362,East,MOHALI,11 KV Kansal,Planned,Closed,2026-10-02T13:30:00Z,2026-10-02T14:30:00Z,60
1950360,West,MUKATSAR,Gaushala,Unplanned,Closed,2026-10-02T13:29:08Z,2026-10-02T13:51:08Z,22
1950357,Central,CITY WEST LUDHIANA,THRAJ,Planned,Closed,2026-10-02T13:27:00Z,2026-10-02T17:00:00Z,213
1950355,Central,CITY WEST LUDHIANA,THAPSON,Planned,Closed,2026-10-02T13:26:00Z,2026-10-02T15:58:58Z,152
1950364,Border,CITY AMRITSAR,11kV Garden Enclave,Unplanned,Closed,2026-10-02T13:25:00Z,2026-10-02T14:10:00Z,45
1950358,East,ROPAR,Bassi,Unplanned,Closed,2026-10-02T13:23:00Z,2026-10-02T13:42:00Z,19
1950359,South,PATIALA,Bhoglan Road,Unplanned,Closed,2026-10-02T13:20:00Z,2026-10-02T13:45:00Z,25
1950356,North,KAPURTHALA,AJIT NAGAR,Unplanned,Closed,2026-10-02T13:20:00Z,2026-10-02T14:36:00Z,76
1950354,Central,CITY WEST LUDHIANA,L.S.R.,Planned,Closed,2026-10-02T13:20:00Z,2026-10-02T17:00:00Z,220
1950353,Central,CITY WEST LUDHIANA,MANSAROVAR,Planned,Closed,2026-10-02T13:20:00Z,2026-10-02T17:00:00Z,220
1950352,Central,CITY WEST LUDHIANA,FORMATIVE,Planned,Closed,2026-10-02T13:20:00Z,2026-10-02T17:00:00Z,220
1950351,Central,CITY WEST LUDHIANA,Shanker,Planned,Closed,2026-10-02T13:20:00Z,2026-10-02T17:00:00Z,220
1950346,South,PATIALA,UPS RAIPUR,Unplanned,Closed,2026-10-02T13:11:00Z,2026-10-02T15:05:00Z,114
1950348,North,HOSHIARPUR,CHAUNNI,Planned,Closed,2026-10-02T13:10:00Z,2026-10-02T15:00:00Z,110
1950345,Central,CITY WEST LUDHIANA,Banga,Planned,Closed,2026-10-02T13:10:00Z,2026-10-02T17:00:00Z,230
1950344,Central,CITY WEST LUDHIANA,Makkar Lane,Planned,Closed,2026-10-02T13:10:00Z,2026-10-02T17:00:00Z,230
1950343,Border,SUB URBAN AMRITSAR,DIAMOND AVENUE,Unplanned,Closed,2026-10-02T13:08:00Z,2026-10-02T13:30:00Z,22
1950342,Central,CITY WEST LUDHIANA,SATSANG GHAR,Unplanned,Closed,2026-10-02T13:07:21Z,2026-10-02T14:04:08Z,56
1950347,South,SANGRUR,City-1,Unplanned,Closed,2026-10-02T13:07:00Z,2026-10-02T13:37:00Z,30
1950341,South,SANGRUR,11 KV LONGOWAL URBAN,Unplanned,Closed,2026-10-02T13:04:45Z,2026-10-02T13:47:00Z,42
1950340,North,HOSHIARPUR,GARDIWAL,Unplanned,Closed,2026-10-02T13:03:00Z,2026-10-02T13:25:00Z,22
1950349,Central,CITY WEST LUDHIANA,LOHARA,Planned,Closed,2026-10-02T13:00:00Z,2026-10-02T14:04:21Z,64
1950339,South,PATIALA,AMARGARH UPS,Unplanned,Closed,2026-10-02T13:00:00Z,2026-10-02T14:31:00Z,91
1950333,Border,CITY AMRITSAR,GURUDWARA TAPOWAN,Planned,Closed,2026-10-02T13:00:00Z,2026-10-02T15:46:38Z,166
1950338,North,JALANDHAR,GEETA MANDIR,Unplanned,Closed,2026-10-02T12:56:00Z,2026-10-02T13:20:00Z,24
1950335,Central,CITY WEST LUDHIANA,BANK  COLONY,Planned,Closed,2026-10-02T12:55:30Z,2026-10-02T13:17:40Z,22
1950334,Border,GURDASPUR,Tharial,Unplanned,Closed,2026-10-02T12:55:00Z,2026-10-02T13:15:00Z,20
1950337,Border,TARN TARAN,Fatehabad Urban .,Unplanned,Closed,2026-10-02T12:50:00Z,2026-10-02T14:25:00Z,95
1950336,East,Zirakpur,11kv Hanumant Feeder,Planned,Closed,2026-10-02T12:50:00Z,2026-10-02T12:58:00Z,8
1950331,East,Zirakpur,PANCHSHEEL,Planned,Closed,2026-10-02T12:50:00Z,2026-10-02T13:12:00Z,22
1950329,North,NAWANSHAHR,BORA,Unplanned,Closed,2026-10-02T12:47:00Z,2026-10-02T13:13:00Z,26
1950330,East,MOHALI,SOHANA,Planned,Closed,2026-10-02T12:40:00Z,2026-10-02T13:52:00Z,72
1950328,Border,TARN TARAN,SHERON UPS,Unplanned,Closed,2026-10-02T12:40:00Z,2026-10-02T14:20:00Z,100
1950327,Border,TARN TARAN,SUGAR MILL,Unplanned,Closed,2026-10-02T12:40:00Z,2026-10-02T14:20:00Z,100
1950326,North,HOSHIARPUR,PURHIRAN URBAN,Unplanned,Closed,2026-10-02T12:37:00Z,2026-10-02T12:45:00Z,8
1950319,South,SANGRUR,CITY-3,Planned,Closed,2026-10-02T12:37:00Z,2026-10-02T13:04:00Z,27
1950322,South,SANGRUR,11 KV SAHID UDHAM SINGH URBAN,Unplanned,Closed,2026-10-02T12:36:06Z,2026-10-02T13:33:42Z,57
1950323,Border,SUB URBAN AMRITSAR,DHANWANTRI IND,Unplanned,Closed,2026-10-02T12:35:39Z,2026-10-02T13:30:51Z,55
1950321,South,SANGRUR,11 KV COURT COMPLEX URBAN,Unplanned,Closed,2026-10-02T12:32:30Z,2026-10-02T13:33:53Z,61
1950325,South,BARNALA,ALLI KE UPS,Unplanned,Closed,2026-10-02T12:30:00Z,2026-10-02T13:25:00Z,55
1950317,West,BATHINDA,Industry Mehta,Unplanned,Closed,2026-10-02T12:27:52Z,2026-10-02T12:37:40Z,9
1950316,West,BATHINDA,MEHTA,Unplanned,Closed,2026-10-02T12:27:52Z,2026-10-02T12:59:31Z,31
1950332,West,BATHINDA,JOGIPEER(UPS),Planned,Closed,2026-10-02T12:25:00Z,2026-10-02T15:55:36Z,210
1950315,North,HOSHIARPUR,Pandori Attwal,Unplanned,Closed,2026-10-02T12:25:00Z,2026-10-02T12:36:00Z,11
1950314,Border,TARN TARAN,THATHIAN 3 W URBAN`,Unplanned,Closed,2026-10-02T12:25:00Z,2026-10-02T13:40:00Z,75
1950324,South,PATIALA,11KV TECHNOPACK,Unplanned,Closed,2026-10-02T12:20:00Z,2026-10-02T12:50:00Z,30
1950313,North,HOSHIARPUR,KHUN KHUN,Planned,Closed,2026-10-02T12:20:00Z,2026-10-02T12:40:00Z,20
1950312,North,HOSHIARPUR,BAGPUR,Planned,Closed,2026-10-02T12:20:00Z,2026-10-02T12:40:00Z,20
1950311,North,JALANDHAR,RAJOWAL,Unplanned,Closed,2026-10-02T12:19:00Z,2026-10-02T12:37:00Z,18
1950309,North,JALANDHAR,KATHAR,Unplanned,Closed,2026-10-02T12:19:00Z,2026-10-02T12:37:00Z,18
1950304,Border,GURDASPUR,MUGRALA,Unplanned,Closed,2026-10-02T12:16:00Z,2026-10-02T13:00:00Z,44
1950302,Border,GURDASPUR,Nawan Pind,Unplanned,Closed,2026-10-02T12:14:00Z,2026-10-02T13:00:00Z,46
1950301,South,PATIALA,KISHAN NAGAR,Unplanned,Closed,2026-10-02T12:12:56Z,2026-10-02T12:36:34Z,23
1950305,South,SANGRUR,AMBEKAR NAGAR,Planned,Closed,2026-10-02T12:12:00Z,2026-10-02T14:10:00Z,118
1950310,Central,CITY WEST LUDHIANA,MAHADEV FORGING,Planned,Closed,2026-10-02T12:10:00Z,2026-10-02T16:00:00Z,230
1950308,Central,CITY WEST LUDHIANA,SINGLA COLONY,Planned,Closed,2026-10-02T12:10:00Z,2026-10-02T16:00:00Z,230
1950307,Central,CITY WEST LUDHIANA,Shiv Kripa,Planned,Closed,2026-10-02T12:10:00Z,2026-10-02T16:00:00Z,230
1950306,Central,CITY WEST LUDHIANA,GARG,Planned,Closed,2026-10-02T12:10:00Z,2026-10-02T16:00:00Z,230
1950303,West,BATHINDA,Baba dunna urban chawke,Unplanned,Closed,2026-10-02T12:07:00Z,2026-10-02T13:31:00Z,84
1950293,Central,KHANNA,kherinoudhsingh,Unplanned,Closed,2026-10-02T12:06:29Z,2026-10-02T12:37:54Z,31
1950318,West,FARIDKOT,"Factory Road, Kotkapura",Unplanned,Closed,2026-10-02T12:06:14Z,2026-10-02T12:59:28Z,53
1950297,East,Zirakpur,ROYAL ESTATE,Planned,Closed,2026-10-02T12:03:00Z,2026-10-02T13:06:00Z,63
1950296,East,Zirakpur,ZIRAKPUR-2,Planned,Closed,2026-10-02T12:03:00Z,2026-10-02T13:06:00Z,63
1950299,Central,SUB URBAN LUDHIANA,CITY 8,Unplanned,Closed,2026-10-02T12:00:00Z,2026-10-02T13:30:00Z,90
1950294,North,HOSHIARPUR,Soosa,Unplanned,Closed,2026-10-02T12:00:00Z,2026-10-02T13:20:00Z,80
1950292,North,HOSHIARPUR,SUSANA,Unplanned,Closed,2026-10-02T12:00:00Z,2026-10-02T13:20:00Z,80
1950291,North,HOSHIARPUR,MODEL  TOWN,Unplanned,Closed,2026-10-02T12:00:00Z,2026-10-02T12:12:00Z,12
1950298,North,KAPURTHALA,UPS KHUSROPUR,Unplanned,Closed,2026-10-02T11:58:00Z,2026-10-02T13:30:00Z,92
1950289,Central,KHANNA,CANNAL  AP,Unplanned,Closed,2026-10-02T11:58:00Z,2026-10-02T12:58:00Z,60
1950290,North,NAWANSHAHR,CHANDIANI,Unplanned,Closed,2026-10-02T11:55:00Z,2026-10-02T12:15:00Z,20
1950288,South,SANGRUR,City,Unplanned,Closed,2026-10-02T11:48:32Z,2026-10-02T12:16:41Z,28
1950286,North,HOSHIARPUR,PANWAN,Planned,Closed,2026-10-02T11:44:00Z,2026-10-02T12:03:00Z,19
1950285,North,HOSHIARPUR,SOTLA,Planned,Closed,2026-10-02T11:40:00Z,2026-10-02T12:50:00Z,70
1950284,North,HOSHIARPUR,NIKKIWAL,Planned,Closed,2026-10-02T11:40:00Z,2026-10-02T12:50:00Z,70
1950283,North,HOSHIARPUR,11 KV Kotli,Planned,Closed,2026-10-02T11:40:00Z,2026-10-02T12:50:00Z,70
1950287,South,PATIALA,11 KV Water Works,Unplanned,Closed,2026-10-02T11:35:00Z,2026-10-02T12:20:00Z,45
1950282,East,MOHALI,TEPLA ROAD BANUR,Unplanned,Closed,2026-10-02T11:30:00Z,2026-10-02T12:30:00Z,60
1950280,North,NAWANSHAHR,THOPIA,Unplanned,Closed,2026-10-02T11:30:00Z,2026-10-02T11:50:00Z,20
1950278,North,HOSHIARPUR,Naurangabad,Unplanned,Closed,2026-10-02T11:25:00Z,2026-10-02T11:40:00Z,15
1950276,South,SANGRUR,NEHRI AP,Unplanned,Closed,2026-10-02T11:25:00Z,2026-10-02T11:50:00Z,25
1950275,North,JALANDHAR,11KV UDESIAN,Unplanned,Closed,2026-10-02T11:25:00Z,2026-10-02T12:34:00Z,69
1950272,North,JALANDHAR,CHUHARWALI,Unplanned,Closed,2026-10-02T11:25:00Z,2026-10-02T12:34:00Z,69
1950274,North,JALANDHAR,11 kv CHILDERN PARK NO. 1,Unplanned,Closed,2026-10-02T11:20:00Z,2026-10-02T13:50:00Z,150
1950271,Border,TARN TARAN,24 Hour Supp Panjwar,Unplanned,Closed,2026-10-02T11:20:00Z,2026-10-02T11:50:00Z,30
1950277,East,MOHALI,60-A,Planned,Closed,2026-10-02T11:18:00Z,2026-10-02T12:02:00Z,44
1950273,South,SANGRUR,11 KV SITASAR URBAN,Unplanned,Closed,2026-10-02T11:17:00Z,2026-10-02T13:07:00Z,110
1950265,West,BATHINDA,GANESHA BASTI,Planned,Closed,2026-10-02T11:08:00Z,2026-10-02T17:10:00Z,362
1950269,North,JALANDHAR,Lilly Resort,Planned,Closed,2026-10-02T11:05:00Z,2026-10-02T13:15:00Z,130
1950268,North,JALANDHAR,Eastwood,Planned,Closed,2026-10-02T11:05:00Z,2026-10-02T13:15:00Z,130
1950263,North,HOSHIARPUR,11 kv Mansoorpur,Unplanned,Closed,2026-10-02T11:02:00Z,2026-10-02T11:22:00Z,20
1950264,North,HOSHIARPUR,CHAUNNI,Unplanned,Closed,2026-10-02T11:01:00Z,2026-10-02T11:19:00Z,18
1950266,East,MOHALI,11KV Sec-108,Unplanned,Closed,2026-10-02T10:56:00Z,2026-10-02T11:20:29Z,24
1950262,West,BATHINDA,AALIKE URBAN,Planned,Closed,2026-10-02T10:55:00Z,2026-10-02T14:47:13Z,232
1950259,North,HOSHIARPUR,CHAK KHELA,Unplanned,Closed,2026-10-02T10:54:00Z,2026-10-02T11:28:00Z,34
1950267,North,JALANDHAR,JANDAILI,Unplanned,Closed,2026-10-02T10:50:00Z,2026-10-02T11:50:00Z,60
1950253,Central,KHANNA,BILASPUR,Planned,Closed,2026-10-02T10:50:00Z,2026-10-02T13:00:00Z,130
1950257,South,SANGRUR,AMBEKAR NAGAR,Unplanned,Closed,2026-10-02T10:47:00Z,2026-10-02T12:02:00Z,75
1950261,South,BARNALA,UPS Bhure Kube,Unplanned,Closed,2026-10-02T10:46:00Z,2026-10-02T11:16:00Z,30
1950255,North,HOSHIARPUR,SANSARPUR,Planned,Closed,2026-10-02T10:46:00Z,2026-10-02T12:25:00Z,99
1950254,North,HOSHIARPUR,11KV MAKOWAL,Planned,Closed,2026-10-02T10:46:00Z,2026-10-02T12:30:00Z,104
1950256,South,BARNALA,11KV TARAKSHEEL ROAD,Unplanned,Closed,2026-10-02T10:45:00Z,2026-10-02T13:45:00Z,180
1950250,South,SANGRUR,City,Planned,Closed,2026-10-02T10:40:43Z,2026-10-02T11:20:03Z,39
1950252,West,MUKATSAR,RULDU SINGH WALA,Unplanned,Closed,2026-10-02T10:40:08Z,2026-10-02T10:58:08Z,18
1950251,West,MUKATSAR,pathrala Urban,Unplanned,Closed,2026-10-02T10:40:08Z,2026-10-02T10:58:08Z,18
1950260,East,Zirakpur,RANBAXY,Unplanned,Closed,2026-10-02T10:35:00Z,2026-10-02T10:55:00Z,20
1950248,Central,CITY EAST LUDHIANA,SANTOKH NAGAR,Unplanned,Closed,2026-10-02T10:35:00Z,2026-10-02T12:10:00Z,95
1950270,West,BATHINDA,MAUR ROAD,Unplanned,Closed,2026-10-02T10:34:00Z,2026-10-02T13:00:00Z,146
1950249,South,PATIALA,KISHAN NAGAR,Unplanned,Closed,2026-10-02T10:32:38Z,2026-10-02T11:20:54Z,48
1950243,West,MUKATSAR,11 KV PUNJAB AGRO,Planned,Closed,2026-10-02T10:25:04Z,2026-10-02T11:25:32Z,60
1950246,East,Zirakpur,SAINI VIHAR,Unplanned,Closed,2026-10-02T10:22:00Z,2026-10-02T10:32:00Z,10
1950245,East,Zirakpur,TRIBUNE COLONY,Unplanned,Closed,2026-10-02T10:22:00Z,2026-10-02T10:32:00Z,10
1950244,East,Zirakpur,KALKA ROAD,Unplanned,Closed,2026-10-02T10:22:00Z,2026-10-02T10:32:00Z,10
1950235,East,MOHALI,Sector-113,Planned,Closed,2026-10-02T10:22:00Z,2026-10-02T13:05:00Z,163
1950258,West,BATHINDA,INDUSTRIAL,Planned,Closed,2026-10-02T10:15:00Z,2026-10-02T12:35:00Z,140
1950237,North,JALANDHAR,DHANOWALI,Unplanned,Closed,2026-10-02T10:15:00Z,2026-10-02T10:40:00Z,25
1950239,East,MOHALI,NAYA GAON,Unplanned,Closed,2026-10-02T10:11:00Z,2026-10-02T11:52:00Z,101
1950234,East,MOHALI,Mullanpur,Planned,Closed,2026-10-02T10:11:00Z,2026-10-02T12:14:00Z,123
1950231,West,MUKATSAR,INDRA NAGRI,Planned,Closed,2026-10-02T10:10:20Z,2026-10-02T10:35:23Z,25
1950236,South,BARNALA,TEHSIL ROAD,Unplanned,Closed,2026-10-02T10:10:00Z,2026-10-02T11:10:00Z,60
1950015,South,PATIALA,OPH,Planned,Closed,2026-10-02T10:06:00Z,2026-10-02T18:04:00Z,478
1950242,South,SANGRUR,VERBIO,Unplanned,Closed,2026-10-02T10:05:46Z,2026-10-02T11:15:46Z,70
1950241,South,SANGRUR,lehra-II,Unplanned,Closed,2026-10-02T10:05:46Z,2026-10-02T11:15:46Z,70
1950240,South,SANGRUR,KHANDEBAD C-1,Unplanned,Closed,2026-10-02T10:05:46Z,2026-10-02T11:15:46Z,70
1950233,North,NAWANSHAHR,MALEWAL,Unplanned,Closed,2026-10-02T10:05:00Z,2026-10-02T10:35:00Z,30
1950224,Border,TARN TARAN,MUSSE UPS,Planned,Closed,2026-10-02T10:00:45Z,2026-10-02T15:55:45Z,355
1950223,Border,TARN TARAN,24 HOURS SUPPLY,Planned,Closed,2026-10-02T10:00:45Z,2026-10-02T15:55:45Z,355
1950222,Border,TARN TARAN,11 KV Sur Singh Urban new,Planned,Closed,2026-10-02T10:00:45Z,2026-10-02T15:55:45Z,355
1950221,Border,TARN TARAN,SUR SINGH URBAN,Planned,Closed,2026-10-02T10:00:45Z,2026-10-02T15:55:45Z,355
1950227,Border,TARN TARAN,Baba Khekhi sah,Planned,Closed,2026-10-02T10:00:35Z,2026-10-02T15:55:35Z,355
1950226,Border,TARN TARAN,GAGOBUA URBAN,Planned,Closed,2026-10-02T10:00:35Z,2026-10-02T15:55:35Z,355
1950225,Border,TARN TARAN,24 Hur. Sohal,Planned,Closed,2026-10-02T10:00:35Z,2026-10-02T15:55:35Z,355
1949900,West,MUKATSAR,KOTBHAI UPS,Planned,Closed,2026-10-02T10:00:27Z,2026-10-02T15:12:27Z,312
1949899,West,MUKATSAR,DAULA,Planned,Closed,2026-10-02T10:00:27Z,2026-10-02T15:12:27Z,312
1949898,West,MUKATSAR,BHARU UPS,Planned,Closed,2026-10-02T10:00:27Z,2026-10-02T15:13:27Z,313
1949832,Central,CITY WEST LUDHIANA,STAR ROAD FEEDER,Planned,Closed,2026-10-02T10:00:10Z,2026-10-02T14:00:55Z,240
1950238,South,SANGRUR,C1 - MUNSHIWALA (MUNSHIWALA),Unplanned,Closed,2026-10-02T10:00:00Z,2026-10-02T12:45:00Z,165
1950228,West,BATHINDA,DUBWALI ROAD,Planned,Closed,2026-10-02T10:00:00Z,2026-10-02T17:00:00Z,420
1950009,Central,KHANNA,New Chopra Alloy,Planned,Closed,2026-10-02T10:00:00Z,2026-10-02T14:00:00Z,240
1950008,Central,KHANNA,Chani,Planned,Closed,2026-10-02T10:00:00Z,2026-10-02T14:00:00Z,240
1950007,Central,KHANNA,Ashirwad,Planned,Closed,2026-10-02T10:00:00Z,2026-10-02T18:00:00Z,480
1950232,West,BATHINDA,BAJEWALA,Planned,Closed,2026-10-02T09:55:00Z,2026-10-02T17:20:35Z,445
1950230,North,NAWANSHAHR,BORA,Unplanned,Closed,2026-10-02T09:55:00Z,2026-10-02T10:30:00Z,35
1950229,North,JALANDHAR,TV TOWER,Unplanned,Closed,2026-10-02T09:50:00Z,2026-10-02T10:50:00Z,60
1950217,East,Zirakpur,Bhabat,Unplanned,Closed,2026-10-02T09:45:00Z,2026-10-02T10:02:00Z,17
1950216,East,Zirakpur,11 kv Japuria Feeder,Unplanned,Closed,2026-10-02T09:45:00Z,2026-10-02T10:02:00Z,17
1950215,East,Zirakpur,ECME,Unplanned,Closed,2026-10-02T09:45:00Z,2026-10-02T10:02:00Z,17
1950214,Central,KHANNA,Doburji,Unplanned,Closed,2026-10-02T09:45:00Z,2026-10-02T10:50:00Z,65
1950213,West,BATHINDA,11 KV House Fed,Planned,Closed,2026-10-02T09:40:00Z,2026-10-02T14:05:00Z,265
1950209,Central,CITY EAST LUDHIANA,GOPAL NAGAR,Planned,Closed,2026-10-02T09:30:49Z,2026-10-02T17:00:00Z,449
1950207,Central,CITY EAST LUDHIANA,RAJAN PROPERTY,Planned,Closed,2026-10-02T09:30:49Z,2026-10-02T17:00:00Z,449
1950206,Central,CITY EAST LUDHIANA,SHAKTI NAGAR,Planned,Closed,2026-10-02T09:30:49Z,2026-10-02T17:00:00Z,449
1950211,South,SANGRUR,11 KV KHADIAL ROAD C2,Planned,Closed,2026-10-02T09:30:40Z,2026-10-02T13:42:16Z,251
1950205,Central,CITY EAST LUDHIANA,KIRTI NAGAR,Planned,Closed,2026-10-02T09:30:29Z,2026-10-02T17:00:00Z,449
1950204,Central,CITY EAST LUDHIANA,Sarpanch Colony,Planned,Closed,2026-10-02T09:30:29Z,2026-10-02T17:00:00Z,449
1950203,Central,CITY EAST LUDHIANA,Dairy Complex,Planned,Closed,2026-10-02T09:30:29Z,2026-10-02T17:00:00Z,449
1950202,Central,CITY EAST LUDHIANA,B.C.M,Planned,Closed,2026-10-02T09:30:29Z,2026-10-02T17:00:00Z,449
1950201,Central,CITY EAST LUDHIANA,BALA JI,Planned,Closed,2026-10-02T09:30:29Z,2026-10-02T17:00:00Z,449
1950200,Central,CITY EAST LUDHIANA,MAHAVIR COMPLEX,Planned,Closed,2026-10-02T09:30:29Z,2026-10-02T17:00:00Z,449
1950199,Central,CITY EAST LUDHIANA,DENTAL COLLEGE,Planned,Closed,2026-10-02T09:30:29Z,2026-10-02T17:00:00Z,449
1950198,Central,CITY EAST LUDHIANA,SANJAY GANDHI,Planned,Closed,2026-10-02T09:30:29Z,2026-10-02T17:00:00Z,449
1950197,Central,CITY EAST LUDHIANA,Kishore Nagar,Planned,Closed,2026-10-02T09:30:29Z,2026-10-02T17:00:00Z,449
1950195,Central,CITY EAST LUDHIANA,Sukhdev Nagar,Planned,Closed,2026-10-02T09:30:29Z,2026-10-02T17:00:00Z,449
1950194,Central,CITY EAST LUDHIANA,GILCO,Planned,Closed,2026-10-02T09:30:29Z,2026-10-02T17:00:00Z,449
1950193,Central,CITY EAST LUDHIANA,SEC-32,Planned,Closed,2026-10-02T09:30:29Z,2026-10-02T17:00:00Z,449
1950192,Central,CITY EAST LUDHIANA,ANSAL,Planned,Closed,2026-10-02T09:30:29Z,2026-10-02T17:00:00Z,449
1950212,West,FEROZPUR,DANA MANDI,Unplanned,Closed,2026-10-02T09:30:00Z,2026-10-02T12:40:00Z,190
1950196,South,SANGRUR,BABA MITHU SHAH,Unplanned,Closed,2026-10-02T09:16:17Z,2026-10-02T09:52:20Z,36
1950208,North,NAWANSHAHR,TEHSIL COMPLEX,Unplanned,Closed,2026-10-02T09:15:00Z,2026-10-02T10:15:00Z,60
1950210,East,MOHALI,11KV BLOCK-C,Unplanned,Closed,2026-10-02T09:14:00Z,2026-10-02T09:50:00Z,36
1950219,West,BATHINDA,KISSAN UPS,Planned,Closed,2026-10-02T09:13:06Z,2026-10-02T09:49:06Z,36
1950218,West,BATHINDA,Bhagiwander UPS,Planned,Closed,2026-10-02T09:09:06Z,2026-10-02T09:53:06Z,44
1950220,West,BATHINDA,HPCL 2G Ethanol,Planned,Closed,2026-10-02T09:02:06Z,2026-10-02T09:44:06Z,42
1950155,Central,KHANNA,C K UPS,Planned,Closed,2026-10-02T09:01:53Z,2026-10-02T12:00:53Z,179
1950154,Central,KHANNA,Charnarthal UPS,Planned,Closed,2026-10-02T09:01:53Z,2026-10-02T12:00:53Z,179
1950153,Central,KHANNA,Tarkheri UPS,Planned,Closed,2026-10-02T09:01:53Z,2026-10-02T12:02:53Z,181
1950187,West,BATHINDA,BAHO (UPS),Planned,Closed,2026-10-02T09:00:00Z,2026-10-02T13:52:16Z,292
1950169,East,ROPAR,INDUSTRY,Planned,Closed,2026-10-02T09:00:00Z,2026-10-02T17:00:00Z,480
1950142,Central,CITY WEST LUDHIANA,NANDPUR,Planned,Closed,2026-10-02T09:00:00Z,2026-10-02T13:00:00Z,240
1950141,Central,CITY WEST LUDHIANA,BALWINDERA,Planned,Closed,2026-10-02T09:00:00Z,2026-10-02T13:00:00Z,240
1950140,Central,CITY WEST LUDHIANA,Freeman,Planned,Closed,2026-10-02T09:00:00Z,2026-10-02T13:00:00Z,240
1950139,Central,CITY WEST LUDHIANA,Link Well,Planned,Closed,2026-10-02T09:00:00Z,2026-10-02T13:00:00Z,240
1950138,Central,CITY WEST LUDHIANA,UCO,Planned,Closed,2026-10-02T09:00:00Z,2026-10-02T13:00:00Z,240
1950069,Central,CITY WEST LUDHIANA,THRAJ,Planned,Closed,2026-10-02T09:00:00Z,2026-10-02T13:00:00Z,240
1950068,Central,CITY WEST LUDHIANA,Shanker,Planned,Closed,2026-10-02T09:00:00Z,2026-10-02T13:00:00Z,240
1950067,Central,CITY WEST LUDHIANA,L.S.R.,Planned,Closed,2026-10-02T09:00:00Z,2026-10-02T13:00:00Z,240
1950066,Central,CITY WEST LUDHIANA,FORMATIVE,Planned,Closed,2026-10-02T09:00:00Z,2026-10-02T13:00:00Z,240
1950065,Central,CITY WEST LUDHIANA,MANSAROVAR,Planned,Closed,2026-10-02T09:00:00Z,2026-10-02T13:00:00Z,240
1950025,Central,CITY WEST LUDHIANA,Banga,Planned,Closed,2026-10-02T09:00:00Z,2026-10-02T13:00:00Z,240
1950024,Central,CITY WEST LUDHIANA,Makkar Lane,Planned,Closed,2026-10-02T09:00:00Z,2026-10-02T13:00:00Z,240
1950005,Central,KHANNA,SAGGAR,Planned,Closed,2026-10-02T09:00:00Z,2026-10-02T19:00:00Z,600
1950004,Central,KHANNA,JANDALI,Planned,Closed,2026-10-02T09:00:00Z,2026-10-02T16:00:00Z,420
1950003,Central,KHANNA,ARUN (G1),Planned,Closed,2026-10-02T09:00:00Z,2026-10-02T20:00:00Z,660
1950002,Central,KHANNA,ADARSH,Planned,Closed,2026-10-02T09:00:00Z,2026-10-02T20:25:00Z,685
1949999,Central,KHANNA,Chander Lok,Planned,Closed,2026-10-02T09:00:00Z,2026-10-02T15:50:00Z,410
1949998,Central,KHANNA,Royal,Planned,Closed,2026-10-02T09:00:00Z,2026-10-02T15:50:00Z,410
1949932,Central,CITY EAST LUDHIANA,11kv Narindra engg feeder,Planned,Closed,2026-10-02T09:00:00Z,2026-10-02T17:00:00Z,480
1949930,Central,CITY EAST LUDHIANA,KUNDAN TV,Planned,Closed,2026-10-02T09:00:00Z,2026-10-02T17:00:00Z,480
1949929,Central,CITY EAST LUDHIANA,Tushar Feeder,Planned,Closed,2026-10-02T09:00:00Z,2026-10-02T17:00:00Z,480
1949928,Central,CITY EAST LUDHIANA,BEANTPURA,Planned,Closed,2026-10-02T09:00:00Z,2026-10-02T17:00:00Z,480
1949927,Central,CITY EAST LUDHIANA,Green Land,Planned,Closed,2026-10-02T09:00:00Z,2026-10-02T17:00:00Z,480
1949926,Central,CITY EAST LUDHIANA,DR. NOHRIYA,Planned,Closed,2026-10-02T09:00:00Z,2026-10-02T17:00:00Z,480
1949925,Central,CITY EAST LUDHIANA,H.M,Planned,Closed,2026-10-02T09:00:00Z,2026-10-02T17:00:00Z,480
1949924,Central,CITY EAST LUDHIANA,SACRED HEART,Planned,Closed,2026-10-02T09:00:00Z,2026-10-02T17:00:00Z,480
1949923,Central,CITY EAST LUDHIANA,SEC-40,Planned,Closed,2026-10-02T09:00:00Z,2026-10-02T17:00:00Z,480
1950185,North,KAPURTHALA,AJIT NAGAR,Unplanned,Closed,2026-10-02T08:56:00Z,2026-10-02T10:00:00Z,64
1950186,North,NAWANSHAHR,Dagham,Unplanned,Closed,2026-10-02T08:51:00Z,2026-10-02T10:05:00Z,74
1950191,Border,GURDASPUR,dakoha,Unplanned,Closed,2026-10-02T08:50:00Z,2026-10-02T10:40:00Z,110
1950190,North,HOSHIARPUR,BOHAN,Unplanned,Closed,2026-10-02T08:45:00Z,2026-10-02T10:10:00Z,85
1950174,West,BATHINDA,11 KV GOPAL NAGAR,Unplanned,Closed,2026-10-02T08:41:14Z,2026-10-02T10:34:00Z,112
1950188,North,JALANDHAR,BHODE SAPRAI,Unplanned,Closed,2026-10-02T08:34:00Z,2026-10-02T12:50:00Z,256
1950167,South,SANGRUR,11 KV SUNAM ROAD (CHEEMA GRID),Planned,Closed,2026-10-02T08:30:00Z,2026-10-02T08:47:00Z,17
1950168,North,JALANDHAR,RAI PUR,Unplanned,Closed,2026-10-02T08:28:00Z,2026-10-02T08:36:00Z,8
1950184,East,Zirakpur,NIBBER CASTING,Planned,Closed,2026-10-02T08:25:00Z,2026-10-02T18:00:00Z,575
1950183,East,Zirakpur,11kv Hartmann,Planned,Closed,2026-10-02T08:25:00Z,2026-10-02T18:00:00Z,575
1950182,East,Zirakpur,Bauli Sahib,Planned,Closed,2026-10-02T08:25:00Z,2026-10-02T18:00:00Z,575
1950181,East,Zirakpur,MOHAN FIBRE,Planned,Closed,2026-10-02T08:25:00Z,2026-10-02T18:00:00Z,575
1950180,East,Zirakpur,NIMBUA,Planned,Closed,2026-10-02T08:25:00Z,2026-10-02T18:12:00Z,587
1950179,East,Zirakpur,11 KV Shiv Shakti Feeder,Planned,Closed,2026-10-02T08:25:00Z,2026-10-02T18:00:00Z,575
1950178,East,Zirakpur,MORTHIKRI INDUSTRIAL,Planned,Closed,2026-10-02T08:25:00Z,2026-10-02T18:00:00Z,575
1950177,East,Zirakpur,SUNRISE FIBER,Planned,Closed,2026-10-02T08:25:00Z,2026-10-02T18:00:00Z,575
1950176,East,Zirakpur,THEON LIFE SCIENCE,Planned,Closed,2026-10-02T08:25:00Z,2026-10-02T18:00:00Z,575
1950175,East,Zirakpur,AQUA FIBRE,Planned,Closed,2026-10-02T08:25:00Z,2026-10-02T18:00:00Z,575
1950173,East,Zirakpur,VARDHMAN,Planned,Closed,2026-10-02T08:25:00Z,2026-10-02T18:00:00Z,575
1950172,East,Zirakpur,11kv Saraswati Agro,Planned,Closed,2026-10-02T08:25:00Z,2026-10-02T18:00:00Z,575
1950171,East,Zirakpur,OASIS TEXTILE,Planned,Closed,2026-10-02T08:25:00Z,2026-10-02T18:00:00Z,575
1950170,East,Zirakpur,CEPHAM,Planned,Closed,2026-10-02T08:25:00Z,2026-10-02T18:00:00Z,575
1950166,West,BATHINDA,Bus Stand Road,Unplanned,Closed,2026-10-02T08:25:00Z,2026-10-02T08:40:00Z,15
1950165,North,JALANDHAR,PATHANKOT ROAD,Unplanned,Closed,2026-10-02T08:25:00Z,2026-10-02T08:34:00Z,9
1950164,North,JALANDHAR,11 KV J.J.COLONY,Unplanned,Closed,2026-10-02T08:25:00Z,2026-10-02T08:36:00Z,11
1950189,North,JALANDHAR,HOUSING BOARD,Unplanned,Closed,2026-10-02T08:21:00Z,2026-10-02T10:23:00Z,122
1950163,North,KAPURTHALA,URBAN Dana mandi,Unplanned,Closed,2026-10-02T08:10:00Z,2026-10-02T08:45:00Z,35
1950159,South,PATIALA,11 KV PUDA ENCLAVE,Unplanned,Closed,2026-10-02T08:10:00Z,2026-10-02T09:00:00Z,50
1950160,East,ROPAR,MUNDI KHARAR,Unplanned,Closed,2026-10-02T08:06:00Z,2026-10-02T09:24:00Z,78
1950151,North,HOSHIARPUR,KHARDEHER,Unplanned,Closed,2026-10-02T08:05:00Z,2026-10-02T09:05:00Z,60
1950150,East,MOHALI,Trivikarma,Unplanned,Closed,2026-10-02T08:02:00Z,2026-10-02T09:05:00Z,63
1950064,Central,CITY WEST LUDHIANA,D.M.K,Planned,Closed,2026-10-02T08:00:00Z,2026-10-02T10:30:00Z,150
1950063,Central,CITY WEST LUDHIANA,MJ Rubber,Planned,Closed,2026-10-02T08:00:00Z,2026-10-02T10:30:00Z,150
1950062,Central,CITY WEST LUDHIANA,Sukhmani,Planned,Closed,2026-10-02T08:00:00Z,2026-10-02T10:30:00Z,150
1950061,Central,CITY WEST LUDHIANA,Golden Auto,Planned,Closed,2026-10-02T08:00:00Z,2026-10-02T10:30:00Z,150
1950060,Central,CITY WEST LUDHIANA,NORTH STAR,Planned,Closed,2026-10-02T08:00:00Z,2026-10-02T10:30:00Z,150
1950059,Central,CITY WEST LUDHIANA,KL Ispat,Planned,Closed,2026-10-02T08:00:00Z,2026-10-02T10:30:00Z,150
1950058,Central,CITY WEST LUDHIANA,VAIDYA ALLOY,Planned,Closed,2026-10-02T08:00:00Z,2026-10-02T10:30:00Z,150
1950057,Central,CITY WEST LUDHIANA,KANGANWAL,Planned,Closed,2026-10-02T08:00:00Z,2026-10-02T10:30:00Z,150
1950056,Central,CITY WEST LUDHIANA,GOBIND RUBBER,Planned,Closed,2026-10-02T08:00:00Z,2026-10-02T10:30:00Z,150
1950055,Central,CITY WEST LUDHIANA,Batta,Planned,Closed,2026-10-02T08:00:00Z,2026-10-02T10:30:00Z,150
1950054,Central,CITY WEST LUDHIANA,Texla Road,Planned,Closed,2026-10-02T08:00:00Z,2026-10-02T10:30:00Z,150
1950053,Central,CITY WEST LUDHIANA,AMAR UDYOG,Planned,Closed,2026-10-02T08:00:00Z,2026-10-02T10:30:00Z,150
1950052,Central,CITY WEST LUDHIANA,HINDUSTAN TYRE,Planned,Closed,2026-10-02T08:00:00Z,2026-10-02T10:30:00Z,150
1950051,Central,CITY WEST LUDHIANA,GARG FURNACE,Planned,Closed,2026-10-02T08:00:00Z,2026-10-02T10:30:00Z,150
1950050,Central,CITY WEST LUDHIANA,GARG COTTON,Planned,Closed,2026-10-02T08:00:00Z,2026-10-02T10:30:00Z,150
1950049,Central,CITY WEST LUDHIANA,TURBO,Planned,Closed,2026-10-02T08:00:00Z,2026-10-02T10:30:00Z,150
1950048,Central,CITY WEST LUDHIANA,DEMARTE,Planned,Closed,2026-10-02T08:00:00Z,2026-10-02T10:30:00Z,150
1950047,Central,CITY WEST LUDHIANA,SHIVALYA,Planned,Closed,2026-10-02T08:00:00Z,2026-10-02T10:30:00Z,150
1950046,Central,CITY WEST LUDHIANA,RAJ CASTING,Planned,Closed,2026-10-02T08:00:00Z,2026-10-02T10:30:00Z,150
1950045,Central,CITY WEST LUDHIANA,Gobind Rubber-2 New,Planned,Closed,2026-10-02T08:00:00Z,2026-10-02T10:30:00Z,150
1950044,Central,CITY WEST LUDHIANA,KABIR EMPAX,Planned,Closed,2026-10-02T08:00:00Z,2026-10-02T10:30:00Z,150
1950043,Central,CITY WEST LUDHIANA,ANAND MANGAL,Planned,Closed,2026-10-02T08:00:00Z,2026-10-02T10:30:00Z,150
1950042,Central,CITY WEST LUDHIANA,Pawa Road,Planned,Closed,2026-10-02T08:00:00Z,2026-10-02T10:30:00Z,150
1950041,Central,CITY WEST LUDHIANA,V K CONCAST,Planned,Closed,2026-10-02T08:00:00Z,2026-10-02T10:30:00Z,150
1950040,Central,CITY WEST LUDHIANA,DURGA CONCAST,Planned,Closed,2026-10-02T08:00:00Z,2026-10-02T10:30:00Z,150
1950039,Central,CITY WEST LUDHIANA,SUDHIR FORGING,Planned,Closed,2026-10-02T08:00:00Z,2026-10-02T10:30:00Z,150
1950038,Central,CITY WEST LUDHIANA,PROMINENT,Planned,Closed,2026-10-02T08:00:00Z,2026-10-02T10:30:00Z,150
1950037,Central,CITY WEST LUDHIANA,OSWAL ALLOY,Planned,Closed,2026-10-02T08:00:00Z,2026-10-02T10:30:00Z,150
1950036,Central,CITY WEST LUDHIANA,S.B.J,Planned,Closed,2026-10-02T08:00:00Z,2026-10-02T10:30:00Z,150
1950035,Central,CITY WEST LUDHIANA,JASPAL BANGER RD,Planned,Closed,2026-10-02T08:00:00Z,2026-10-02T10:30:00Z,150
1950034,Central,CITY WEST LUDHIANA,Gobind Rubber 1 New,Planned,Closed,2026-10-02T08:00:00Z,2026-10-02T10:30:00Z,150
1950033,Central,CITY WEST LUDHIANA,SUA ROAD,Planned,Closed,2026-10-02T08:00:00Z,2026-10-02T10:30:00Z,150
1950032,Central,CITY WEST LUDHIANA,FITTEX,Planned,Closed,2026-10-02T08:00:00Z,2026-10-02T10:30:00Z,150
1950031,Central,CITY WEST LUDHIANA,AMRIT FASTNER,Planned,Closed,2026-10-02T08:00:00Z,2026-10-02T10:30:00Z,150
1950029,Central,CITY WEST LUDHIANA,GARG,Planned,Closed,2026-10-02T08:00:00Z,2026-10-02T12:00:00Z,240
1950028,Central,CITY WEST LUDHIANA,MAHADEV FORGING,Planned,Closed,2026-10-02T08:00:00Z,2026-10-02T12:00:00Z,240
1950027,Central,CITY WEST LUDHIANA,SINGLA COLONY,Planned,Closed,2026-10-02T08:00:00Z,2026-10-02T12:00:00Z,240
1950026,Central,CITY WEST LUDHIANA,Shiv Kripa,Planned,Closed,2026-10-02T08:00:00Z,2026-10-02T12:00:00Z,240
1950161,West,BATHINDA,JOGA (UPS),Unplanned,Closed,2026-10-02T07:55:00Z,2026-10-02T08:37:00Z,42
1950149,North,JALANDHAR,Chomon,Unplanned,Closed,2026-10-02T07:50:00Z,2026-10-02T08:10:00Z,20
1950148,South,PATIALA,UPS MANDOUR,Unplanned,Closed,2026-10-02T07:48:00Z,2026-10-02T09:20:00Z,92
1950147,North,NAWANSHAHR,SADHOWAL,Unplanned,Closed,2026-10-02T07:48:00Z,2026-10-02T08:38:00Z,50
1950145,Central,KHANNA,Nandi Colony,Unplanned,Closed,2026-10-02T07:32:00Z,2026-10-02T08:23:00Z,51
1950144,North,JALANDHAR,11 kv central town,Unplanned,Closed,2026-10-02T07:20:00Z,2026-10-02T08:50:25Z,90
1950146,Border,SUB URBAN AMRITSAR,HAMIDPURA,Unplanned,Closed,2026-10-02T07:16:42Z,2026-10-02T09:15:00Z,118
1950143,North,JALANDHAR,GURU NANAK NAGAR,Unplanned,Closed,2026-10-02T07:08:00Z,2026-10-02T08:05:00Z,57
1950137,North,JALANDHAR,11 KV SHIV MANDIR,Unplanned,Closed,2026-10-02T07:01:00Z,2026-10-02T07:51:00Z,50
1950136,North,HOSHIARPUR,Sarangwal,Unplanned,Closed,2026-10-02T06:35:00Z,2026-10-02T06:55:00Z,20
1950135,Central,CITY EAST LUDHIANA,Trikoni Park,Unplanned,Closed,2026-10-02T06:32:00Z,2026-10-02T07:21:00Z,49
1950162,East,Zirakpur,ORBIT,Unplanned,Closed,2026-10-02T06:20:00Z,2026-10-02T07:40:00Z,80
1950134,North,NAWANSHAHR,SADHOWAL,Unplanned,Closed,2026-10-02T06:09:00Z,2026-10-02T06:45:00Z,36
1950133,North,JALANDHAR,11 KV D.A.V,Unplanned,Closed,2026-10-02T05:15:50Z,2026-10-02T05:35:04Z,19
1950132,East,MOHALI,Sec-60,Unplanned,Closed,2026-10-02T04:30:00Z,2026-10-02T04:50:01Z,20
1950131,East,MOHALI,11 KV Sec 59,Unplanned,Closed,2026-10-02T04:30:00Z,2026-10-02T05:45:55Z,75
1950130,Central,CITY WEST LUDHIANA,GOLDEN PARK,Unplanned,Closed,2026-10-02T03:10:36Z,2026-10-02T03:51:16Z,40
1950127,Central,CITY EAST LUDHIANA,DIVISION-3,Unplanned,Closed,2026-10-02T01:55:00Z,2026-10-02T02:28:00Z,33
1950129,Border,GURDASPUR,Greater Kailash,Unplanned,Closed,2026-10-02T01:50:00Z,2026-10-02T02:55:00Z,65
1950126,Central,CITY EAST LUDHIANA,BY PASS,Unplanned,Closed,2026-10-02T01:50:00Z,2026-10-02T02:58:00Z,68
1950128,East,ROPAR,11KV Belian UPS FEEDER,Unplanned,Closed,2026-10-02T01:40:00Z,2026-10-02T01:58:00Z,18
1950125,Central,CITY WEST LUDHIANA,GOLDEN PARK,Unplanned,Closed,2026-10-02T01:20:01Z,2026-10-02T03:07:59Z,107
1950124,North,JALANDHAR,11KV HOUSING BOARD,Unplanned,Closed,2026-10-02T00:12:00Z,2026-10-02T00:35:00Z,23
1950123,Central,CITY WEST LUDHIANA,GILL ROAD FEEDER,Unplanned,Closed,2026-10-02T00:04:13Z,2026-10-02T00:33:31Z,29
1950104,East,Zirakpur,PEER BABA ROAD,Unplanned,Closed,2026-10-01T23:51:53Z,2026-10-02T00:02:53Z,11
1950103,East,Zirakpur,11 KV AMBALA ROAD,Unplanned,Closed,2026-10-01T23:51:53Z,2026-10-02T00:02:53Z,11
1950102,East,Zirakpur,M.E.S,Unplanned,Closed,2026-10-01T23:51:53Z,2026-10-02T00:02:53Z,11
1950101,East,Zirakpur,11 KV HLP1,Unplanned,Closed,2026-10-01T23:51:53Z,2026-10-02T00:02:53Z,11
1950100,East,Zirakpur,Sukhmani Sahib,Unplanned,Closed,2026-10-01T23:51:53Z,2026-10-02T00:02:53Z,11
1950099,East,Zirakpur,11 KV AURA GAZANIA,Unplanned,Closed,2026-10-01T23:51:53Z,2026-10-02T00:02:53Z,11
1950098,East,Zirakpur,AMELIA,Unplanned,Closed,2026-10-01T23:51:53Z,2026-10-02T00:02:53Z,11
1950097,East,Zirakpur,SKYLAR HOME,Unplanned,Closed,2026-10-01T23:51:53Z,2026-10-02T00:02:53Z,11
1950096,East,Zirakpur,ANANTA,Unplanned,Closed,2026-10-01T23:51:53Z,2026-10-02T00:02:53Z,11
1950095,East,Zirakpur,Jaskaran,Unplanned,Closed,2026-10-01T23:51:53Z,2026-10-02T00:02:53Z,11
1950094,East,Zirakpur,SILVERCITY,Unplanned,Closed,2026-10-01T23:51:53Z,2026-10-02T00:02:53Z,11
1950093,East,Zirakpur,RANBAXY,Unplanned,Closed,2026-10-01T23:51:53Z,2026-10-02T00:02:53Z,11
1950092,East,Zirakpur,ASSTHA,Unplanned,Closed,2026-10-01T23:51:53Z,2026-10-02T00:02:53Z,11
1950091,East,Zirakpur,Bhabat,Unplanned,Closed,2026-10-01T23:51:53Z,2026-10-02T00:02:53Z,11
1950090,East,Zirakpur,SINGHPURA,Unplanned,Closed,2026-10-01T23:51:53Z,2026-10-02T00:02:53Z,11
1950089,East,Zirakpur,11 KV VICTORIA,Unplanned,Closed,2026-10-01T23:51:53Z,2026-10-02T00:02:53Z,11
1950088,East,Zirakpur,11 KV DAULAT SINGH,Unplanned,Closed,2026-10-01T23:51:53Z,2026-10-02T00:02:53Z,11
1950087,East,Zirakpur,11 kv adda jhungia cat-1,Unplanned,Closed,2026-10-01T23:51:53Z,2026-10-02T00:02:53Z,11
1950086,East,Zirakpur,GREEN LOTUS,Unplanned,Closed,2026-10-01T23:51:53Z,2026-10-02T00:02:53Z,11
1950085,East,Zirakpur,SAVITRYGREEN,Unplanned,Closed,2026-10-01T23:51:53Z,2026-10-02T00:02:53Z,11
1950084,East,Zirakpur,NABHA SAHIB,Unplanned,Closed,2026-10-01T23:51:53Z,2026-10-02T00:02:53Z,11
1950083,East,Zirakpur,11 kv Japuria Feeder,Unplanned,Closed,2026-10-01T23:51:53Z,2026-10-02T00:02:53Z,11
1950082,East,Zirakpur,ZIRAKPUR-2,Unplanned,Closed,2026-10-01T23:51:53Z,2026-10-02T00:02:53Z,11
1950081,East,Zirakpur,ECME,Unplanned,Closed,2026-10-01T23:51:53Z,2026-10-02T00:02:53Z,11
1950080,East,Zirakpur,ROYAL ESTATE,Unplanned,Closed,2026-10-01T23:51:53Z,2026-10-02T00:02:53Z,11
1950079,East,Zirakpur,TRISHLA,Unplanned,Closed,2026-10-01T23:51:53Z,2026-10-02T00:02:53Z,11
1950078,East,Zirakpur,RAIL VIHAR,Unplanned,Closed,2026-10-01T23:51:53Z,2026-10-02T00:02:53Z,11
1950077,East,Zirakpur,PATIALA ROAD,Unplanned,Closed,2026-10-01T23:51:53Z,2026-10-02T00:02:53Z,11
1950076,East,Zirakpur,ZIRAKPUR-1,Unplanned,Closed,2026-10-01T23:51:53Z,2026-10-02T00:02:53Z,11
1950075,East,Zirakpur,ORBIT,Unplanned,Closed,2026-10-01T23:51:53Z,2026-10-02T00:02:53Z,11
1950122,East,Zirakpur,ALLWIN,Unplanned,Closed,2026-10-01T23:51:35Z,2026-10-02T00:02:35Z,11
1950121,East,Zirakpur,GREEN VALLEY,Unplanned,Closed,2026-10-01T23:51:35Z,2026-10-02T00:02:35Z,11
1950120,East,Zirakpur,11 KV ROSY,Unplanned,Closed,2026-10-01T23:51:35Z,2026-10-02T00:02:35Z,11
1950119,East,Zirakpur,11kv Sahib,Unplanned,Closed,2026-10-01T23:51:35Z,2026-10-02T00:02:35Z,11
1950118,East,Zirakpur,11kv Cosmo,Unplanned,Closed,2026-10-01T23:51:35Z,2026-10-02T00:02:35Z,11
1950117,East,Zirakpur,11 kv malwa,Unplanned,Closed,2026-10-01T23:51:35Z,2026-10-02T00:02:35Z,11
1950116,East,Zirakpur,Utsav,Unplanned,Closed,2026-10-01T23:51:35Z,2026-10-02T00:02:35Z,11
1950115,East,Zirakpur,HLP,Unplanned,Closed,2026-10-01T23:51:35Z,2026-10-02T00:02:35Z,11
1950114,East,Zirakpur,BEGAMPURA,Unplanned,Closed,2026-10-01T23:51:35Z,2026-10-02T00:02:35Z,11
1950113,East,Zirakpur,Bhudda Sahib,Unplanned,Closed,2026-10-01T23:51:35Z,2026-10-02T00:02:35Z,11
1950112,East,Zirakpur,CCC,Unplanned,Closed,2026-10-01T23:51:35Z,2026-10-02T00:02:35Z,11
1950111,East,Zirakpur,PRITHIM,Unplanned,Closed,2026-10-01T23:51:35Z,2026-10-02T00:02:35Z,11
1950110,East,Zirakpur,SUKHNA,Unplanned,Closed,2026-10-01T23:51:35Z,2026-10-02T00:02:35Z,11
1950109,East,Zirakpur,SATLUJ,Unplanned,Closed,2026-10-01T23:51:35Z,2026-10-02T00:02:35Z,11
1950108,East,Zirakpur,HERMITAGE,Unplanned,Closed,2026-10-01T23:51:35Z,2026-10-02T00:02:35Z,11
1950107,East,Zirakpur,PUNJAB,Unplanned,Closed,2026-10-01T23:51:35Z,2026-10-02T00:02:35Z,11
1950106,East,Zirakpur,SIMRAN,Unplanned,Closed,2026-10-01T23:51:35Z,2026-10-02T00:02:35Z,11
1950105,East,Zirakpur,DHILLON,Unplanned,Closed,2026-10-01T23:51:35Z,2026-10-02T00:02:35Z,11
1950074,North,KAPURTHALA,MALL ROAD URBAN,Unplanned,Closed,2026-10-01T23:40:00Z,2026-10-02T01:35:00Z,115
1950072,Border,TARN TARAN,JEOBALA UPS,Unplanned,Closed,2026-10-01T23:02:00Z,2026-10-02T00:00:00Z,58
1950073,North,JALANDHAR,B.S.N.L,Unplanned,Closed,2026-10-01T22:58:00Z,2026-10-02T00:30:00Z,92
1950070,Central,CITY EAST LUDHIANA,BAL SINGH NAGAR,Unplanned,Closed,2026-10-01T22:51:00Z,2026-10-01T23:50:00Z,59
1950071,North,JALANDHAR,11 KV Garden Colony,Unplanned,Closed,2026-10-01T22:45:00Z,2026-10-01T23:11:00Z,26
1950030,North,JALANDHAR,GADAIPUR-1,Unplanned,Closed,2026-10-01T22:35:00Z,2026-10-01T22:58:00Z,23
1950023,North,HOSHIARPUR,PURHIRAN URBAN,Unplanned,Closed,2026-10-01T21:50:00Z,2026-10-01T22:15:00Z,25
1950019,Central,CITY WEST LUDHIANA,Kiran Vihar,Planned,Closed,2026-10-01T21:04:02Z,2026-10-01T21:35:21Z,31
1950018,South,SANGRUR,24 HRS. HAMIRGARH,Unplanned,Closed,2026-10-01T20:59:14Z,2026-10-01T21:30:32Z,31
1950021,Central,SUB URBAN LUDHIANA,CITY-2,Unplanned,Closed,2026-10-01T20:55:00Z,2026-10-01T22:19:00Z,84
1950017,Central,CITY EAST LUDHIANA,BAL SINGH NAGAR,Unplanned,Closed,2026-10-01T20:48:00Z,2026-10-01T22:26:00Z,98
1950020,Border,GURDASPUR,11 KV RAILWAY ROAD,Unplanned,Closed,2026-10-01T20:45:00Z,2026-10-01T22:06:00Z,81
1950014,North,HOSHIARPUR,KHUN-2 KALAN,Unplanned,Closed,2026-10-01T20:39:00Z,2026-10-01T21:10:00Z,31
1950012,Central,CITY WEST LUDHIANA,SHIMLA PURI FEEDER,Unplanned,Closed,2026-10-01T20:37:05Z,2026-10-01T21:46:59Z,69
1950013,North,HOSHIARPUR,KHARDEHER,Unplanned,Closed,2026-10-01T20:35:00Z,2026-10-01T21:10:00Z,35
1950011,West,FEROZPUR,INDUSTRIAL,Unplanned,Closed,2026-10-01T20:31:00Z,2026-10-01T20:54:00Z,23
1950010,Central,CITY WEST LUDHIANA,Ranchi Colony,Planned,Closed,2026-10-01T20:29:00Z,2026-10-01T20:52:40Z,23
1950006,Central,CITY EAST LUDHIANA,HIRA NAGAR,Unplanned,Closed,2026-10-01T20:03:00Z,2026-10-01T20:55:00Z,52
1950001,Border,TARN TARAN,GURU NANAK HOSPITAL,Unplanned,Closed,2026-10-01T19:45:00Z,2026-10-01T20:20:00Z,35
1950000,Border,TARN TARAN,Railway Road Urban..,Unplanned,Closed,2026-10-01T19:45:00Z,2026-10-01T20:20:00Z,35
1949997,Border,GURDASPUR,Ghuman,Unplanned,Closed,2026-10-01T19:40:00Z,2026-10-01T21:20:00Z,100
1949994,North,KAPURTHALA,Civil Hospital,Unplanned,Closed,2026-10-01T19:30:40Z,2026-10-01T21:00:40Z,90
1949993,North,KAPURTHALA,11 KV urban sultanpur bus Stand,Unplanned,Closed,2026-10-01T19:30:40Z,2026-10-02T04:50:40Z,560
1949992,North,KAPURTHALA,11 KV urban Ber feeder,Unplanned,Closed,2026-10-01T19:30:40Z,2026-10-02T03:00:40Z,450
1949991,North,KAPURTHALA,11 KV urban New Dana Mandi,Unplanned,Closed,2026-10-01T19:30:40Z,2026-10-01T21:00:40Z,90
1949990,North,KAPURTHALA,11kv urban  Industrial,Unplanned,Closed,2026-10-01T19:30:40Z,2026-10-01T21:15:40Z,105
1949989,North,KAPURTHALA,11 KV urban Girl School,Unplanned,Closed,2026-10-01T19:30:40Z,2026-10-02T04:50:40Z,560
1949996,North,HOSHIARPUR,SARHALA,Unplanned,Closed,2026-10-01T19:30:00Z,2026-10-01T20:25:00Z,55
1949995,Border,TARN TARAN,JEOBALA UPS,Unplanned,Closed,2026-10-01T19:30:00Z,2026-10-01T20:10:00Z,40
1949988,Central,CITY WEST LUDHIANA,GOLDEN PARK,Unplanned,Closed,2026-10-01T19:25:18Z,2026-10-01T20:10:23Z,45
1949985,West,FEROZPUR,MADHRE,Unplanned,Closed,2026-10-01T19:00:00Z,2026-10-01T20:01:00Z,61
1949984,North,JALANDHAR,NAAZ,Unplanned,Closed,2026-10-01T18:48:24Z,2026-10-01T19:06:06Z,17
1949976,Border,GURDASPUR,City-2,Unplanned,Closed,2026-10-01T18:30:00Z,2026-10-01T19:35:00Z,65
1949975,West,MUKATSAR,11 KV SITO,Unplanned,Closed,2026-10-01T18:16:12Z,2026-10-01T18:46:25Z,30
1949974,South,BARNALA,MALERKOTLA-2,Unplanned,Closed,2026-10-01T18:10:00Z,2026-10-01T19:10:00Z,60
1949973,South,SANGRUR,Markfed,Unplanned,Closed,2026-10-01T18:04:00Z,2026-10-01T18:22:00Z,18
1949971,Central,KHANNA,DASHMESH (JALALPUR),Unplanned,Closed,2026-10-01T18:00:00Z,2026-10-01T18:39:00Z,39
1949970,South,SANGRUR,11 Peeran Wala Gate Cat-1,Unplanned,Closed,2026-10-01T17:52:28Z,2026-10-01T19:05:27Z,72
1949972,North,JALANDHAR,BASTI NOU (NEW),Unplanned,Closed,2026-10-01T17:50:00Z,2026-10-01T18:10:00Z,20
1949968,East,Zirakpur,11 kv Japuria Feeder,Unplanned,Closed,2026-10-01T17:50:00Z,2026-10-01T18:25:00Z,35
1949967,North,HOSHIARPUR,PALAKI,Unplanned,Closed,2026-10-01T17:50:00Z,2026-10-01T18:50:00Z,60
1949969,North,NAWANSHAHR,UPS-4,Unplanned,Closed,2026-10-01T17:40:03Z,2026-10-01T18:11:53Z,31
1949966,Border,GURDASPUR,Chakki,Unplanned,Closed,2026-10-01T17:37:00Z,2026-10-01T17:45:00Z,8
1949965,East,Zirakpur,JEOLY,Unplanned,Closed,2026-10-01T17:33:29Z,2026-10-01T18:03:37Z,30
1949964,East,Zirakpur,Bauli Sahib,Unplanned,Closed,2026-10-01T17:22:00Z,2026-10-01T19:01:00Z,99
1949962,East,Zirakpur,11KV  SUSHMA,Planned,Closed,2026-10-01T17:15:00Z,2026-10-01T17:25:00Z,10
1949961,East,Zirakpur,DHAKOLI,Planned,Closed,2026-10-01T17:15:00Z,2026-10-01T17:25:00Z,10
1949960,East,Zirakpur,HARMILAP NAGAR,Planned,Closed,2026-10-01T17:15:00Z,2026-10-01T17:25:00Z,10
1949959,North,NAWANSHAHR,CHANDIANI,Unplanned,Closed,2026-10-01T17:15:00Z,2026-10-01T17:45:00Z,30
1949963,Border,SUB URBAN AMRITSAR,MILK PLANT,Unplanned,Closed,2026-10-01T17:10:00Z,2026-10-01T18:05:00Z,55
1949954,Central,KHANNA,MANDHOR BRANCH,Planned,Closed,2026-10-01T17:05:32Z,2026-10-01T19:29:54Z,144
1949958,Border,GURDASPUR,N.N.Bandha,Unplanned,Closed,2026-10-01T17:02:00Z,2026-10-01T18:06:00Z,64
1949957,North,HOSHIARPUR,11KV Dagan UPS,Unplanned,Closed,2026-10-01T17:02:00Z,2026-10-01T17:10:00Z,8
1949956,Border,TARN TARAN,GURU NANAK HOSPITAL,Unplanned,Closed,2026-10-01T17:01:00Z,2026-10-01T17:25:00Z,24
1949955,Border,TARN TARAN,Railway Road Urban..,Unplanned,Closed,2026-10-01T17:01:00Z,2026-10-01T17:25:00Z,24
1949953,North,NAWANSHAHR,CITY GARHSHANKAR-2,Unplanned,Closed,2026-10-01T16:56:00Z,2026-10-01T17:08:00Z,12
1949951,Central,KHANNA,Chopra(Naraian),Unplanned,Closed,2026-10-01T16:51:00Z,2026-10-01T17:20:00Z,29
1949952,North,JALANDHAR,GANDHI NAGAR,Unplanned,Closed,2026-10-01T16:50:00Z,2026-10-01T17:00:00Z,10
1949950,Border,GURDASPUR,Basrawan,Unplanned,Closed,2026-10-01T16:50:00Z,2026-10-01T18:35:00Z,105
1949946,Central,KHANNA,AP concast,Planned,Closed,2026-10-01T16:49:19Z,2026-10-01T18:15:44Z,86
1949947,North,JALANDHAR,BASTI DANISJMANDA,Unplanned,Closed,2026-10-01T16:49:00Z,2026-10-01T17:25:00Z,36
1949944,Central,CITY WEST LUDHIANA,URBAN VIHAR,Planned,Closed,2026-10-01T16:44:30Z,2026-10-01T17:09:44Z,25
1949943,Central,CITY WEST LUDHIANA,URBAN ESTATE PH-1,Planned,Closed,2026-10-01T16:44:30Z,2026-10-01T17:10:26Z,25
1949942,Central,SUB URBAN LUDHIANA,City-11 Kamal Chownk,Planned,Closed,2026-10-01T16:40:00Z,2026-10-01T18:25:00Z,105
1949945,East,Zirakpur,ZIRAKPUR-1,Planned,Closed,2026-10-01T16:35:00Z,2026-10-01T16:55:00Z,20
1949938,North,JALANDHAR,11 KV New Amrit Vihar,Unplanned,Closed,2026-10-01T16:32:19Z,2026-10-01T16:37:00Z,4
1949941,Border,GURDASPUR,Sri Hargobindpur,Unplanned,Closed,2026-10-01T16:30:00Z,2026-10-01T17:25:00Z,55
1949940,North,HOSHIARPUR,MANJPUR,Unplanned,Closed,2026-10-01T16:30:00Z,2026-10-01T17:05:00Z,35
1949939,Central,CITY EAST LUDHIANA,NEW VISHNUPURI,Unplanned,Closed,2026-10-01T16:30:00Z,2026-10-01T17:21:00Z,51
1949934,South,BARNALA,UPS PANJGARIAN,Unplanned,Closed,2026-10-01T16:25:00Z,2026-10-01T18:25:00Z,120
1949933,Border,SUB URBAN AMRITSAR,chah nighan,Planned,Closed,2026-10-01T16:25:00Z,2026-10-01T16:30:00Z,5
1949936,North,HOSHIARPUR,khudda,Unplanned,Closed,2026-10-01T16:24:00Z,2026-10-01T16:35:00Z,11
1949937,Border,GURDASPUR,Ranipur,Unplanned,Closed,2026-10-01T16:20:00Z,2026-10-01T16:50:00Z,30
1949931,North,JALANDHAR,URBAN STATE,Unplanned,Closed,2026-10-01T16:10:00Z,2026-10-01T17:25:00Z,75
1949935,South,PATIALA,NABHA NO.2,Unplanned,Closed,2026-10-01T16:05:00Z,2026-10-01T17:15:00Z,70
1949920,South,SANGRUR,Markfed,Unplanned,Closed,2026-10-01T16:05:00Z,2026-10-01T18:00:00Z,115
1949919,North,JALANDHAR,11KV CHANDAN NAGAR,Unplanned,Closed,2026-10-01T16:04:00Z,2026-10-01T16:55:00Z,51
1949918,Border,GURDASPUR,Maira,Unplanned,Closed,2026-10-01T16:01:00Z,2026-10-01T16:35:00Z,34
1949916,Central,CITY WEST LUDHIANA,M.I.G. FLATS,Unplanned,Closed,2026-10-01T15:55:49Z,2026-10-01T16:47:41Z,51
1949922,North,HOSHIARPUR,Naurangabad,Unplanned,Closed,2026-10-01T15:55:00Z,2026-10-01T16:25:00Z,30
1949921,North,HOSHIARPUR,NARU NANGAL,Unplanned,Closed,2026-10-01T15:55:00Z,2026-10-01T15:59:00Z,4
1949912,Border,GURDASPUR,Dalia,Unplanned,Closed,2026-10-01T15:46:00Z,2026-10-01T16:19:00Z,33
1949911,Border,GURDASPUR,Manj,Unplanned,Closed,2026-10-01T15:46:00Z,2026-10-01T16:19:00Z,33
1949915,South,BARNALA,BEEHLA 24 Hrs.,Planned,Closed,2026-10-01T15:45:00Z,2026-10-01T19:05:00Z,200
1949913,South,SANGRUR,AGE,Unplanned,Closed,2026-10-01T15:45:00Z,2026-10-01T16:44:00Z,59
1949914,East,Zirakpur,GREEN VALLEY,Planned,Closed,2026-10-01T15:40:00Z,2026-10-01T18:10:00Z,150
1949910,North,HOSHIARPUR,CHACK NUR ALI,Unplanned,Closed,2026-10-01T15:40:00Z,2026-10-01T16:28:00Z,48
1949909,North,HOSHIARPUR,MASTIWAL,Unplanned,Closed,2026-10-01T15:39:00Z,2026-10-01T16:28:00Z,49
1949908,North,HOSHIARPUR,Khalsa College Garhdiwala,Unplanned,Closed,2026-10-01T15:39:00Z,2026-10-01T16:28:00Z,49
1949907,North,HOSHIARPUR,11KV ARGOWAL,Unplanned,Closed,2026-10-01T15:38:00Z,2026-10-01T16:28:00Z,50
1949906,North,HOSHIARPUR,Pandori Attwal,Unplanned,Closed,2026-10-01T15:38:00Z,2026-10-01T16:28:00Z,50
1949905,Central,KHANNA,Main Bazar,Unplanned,Closed,2026-10-01T15:35:00Z,2026-10-01T16:45:00Z,70
1949884,Border,CITY AMRITSAR,11 kv shaheed udam singh nagar,Planned,Closed,2026-10-01T15:30:41Z,2026-10-01T18:00:29Z,149
1949904,East,ROPAR,HIYATPUR,Unplanned,Closed,2026-10-01T15:30:00Z,2026-10-01T16:05:41Z,35
1949903,Border,GURDASPUR,Dalla UPS,Unplanned,Closed,2026-10-01T15:30:00Z,2026-10-01T17:10:00Z,100
1949901,Border,GURDASPUR,Sheh Bhattia,Unplanned,Closed,2026-10-01T15:30:00Z,2026-10-01T17:20:00Z,110
1949902,Central,CITY EAST LUDHIANA,GURMAMDI,Unplanned,Closed,2026-10-01T15:29:00Z,2026-10-01T16:00:00Z,31
1949894,Central,KHANNA,SALANA UPS,Unplanned,Closed,2026-10-01T15:23:48Z,2026-10-01T16:35:21Z,71
1949893,North,HOSHIARPUR,Darapur,Unplanned,Closed,2026-10-01T15:20:00Z,2026-10-01T16:20:00Z,60
1949888,Central,KHANNA,AP concast,Planned,Closed,2026-10-01T15:15:16Z,2026-10-01T16:42:37Z,87
1949891,Central,KHANNA,Labour Colony,Unplanned,Closed,2026-10-01T15:12:00Z,2026-10-01T16:10:00Z,58
1949897,East,Zirakpur,HARMILAP NAGAR,Planned,Closed,2026-10-01T15:10:00Z,2026-10-01T15:40:00Z,30
1949890,North,HOSHIARPUR,MHP2,Unplanned,Closed,2026-10-01T15:10:00Z,2026-10-01T16:15:00Z,65
1949889,Central,CITY WEST LUDHIANA,RANJIT NAGAR FEEDER,Unplanned,Closed,2026-10-01T15:07:41Z,2026-10-01T15:56:44Z,49
1949887,North,HOSHIARPUR,Tanda City,Unplanned,Closed,2026-10-01T15:05:00Z,2026-10-01T16:15:00Z,70
1949896,East,Zirakpur,DHAKOLI,Unplanned,Closed,2026-10-01T15:02:00Z,2026-10-01T15:40:00Z,38
1949892,Border,CITY AMRITSAR,BASANT AVENUE,Unplanned,Closed,2026-10-01T15:00:00Z,2026-10-01T15:25:05Z,25
1949882,West,MUKATSAR,11 KV SAIDANWALI,Unplanned,Closed,2026-10-01T14:56:58Z,2026-10-01T15:28:09Z,31
1949886,Border,TARN TARAN,SHERON UPS,Unplanned,Closed,2026-10-01T14:55:00Z,2026-10-01T16:50:00Z,115
1949885,Border,TARN TARAN,SUGAR MILL,Unplanned,Closed,2026-10-01T14:55:00Z,2026-10-01T16:50:00Z,115
1949881,North,JALANDHAR,MODEL HOUSE,Unplanned,Closed,2026-10-01T14:55:00Z,2026-10-01T15:25:00Z,30
1949895,South,PATIALA,Old MES,Unplanned,Closed,2026-10-01T14:52:00Z,2026-10-01T16:04:00Z,72
1949883,Border,TARN TARAN,Piddi,Unplanned,Closed,2026-10-01T14:45:00Z,2026-10-01T16:40:00Z,115
1949875,West,MUKATSAR,11 KV RAJPURA,Unplanned,Closed,2026-10-01T14:44:00Z,2026-10-01T15:44:33Z,60
1949874,West,MUKATSAR,11 KV KULAR,Unplanned,Closed,2026-10-01T14:44:00Z,2026-10-01T15:44:00Z,60
1949873,East,Zirakpur,MUKANDPUR,Unplanned,Closed,2026-10-01T14:44:00Z,2026-10-01T15:44:00Z,60
1949877,West,MUKATSAR,11 KV Alamgarh,Unplanned,Closed,2026-10-01T14:42:52Z,2026-10-01T15:33:59Z,51
1949876,West,MUKATSAR,11 KV GANGA NAGAR ROAD,Unplanned,Closed,2026-10-01T14:42:37Z,2026-10-01T15:29:39Z,47
1949879,West,MUKATSAR,11 KV TARA ESTATE,Unplanned,Closed,2026-10-01T14:40:41Z,2026-10-01T15:44:46Z,64
1949878,West,MUKATSAR,11 KV KIKKER KHERA,Unplanned,Closed,2026-10-01T14:39:17Z,2026-10-01T15:25:27Z,46
1949872,West,MUKATSAR,PANJKOSI,Unplanned,Closed,2026-10-01T14:35:23Z,2026-10-01T15:07:00Z,31
1949871,North,JALANDHAR,MODEL HOUSE,Unplanned,Closed,2026-10-01T14:30:00Z,2026-10-01T14:45:00Z,15
1949870,Central,CITY WEST LUDHIANA,SAHIB METAL,Planned,Closed,2026-10-01T14:20:00Z,2026-10-01T17:00:00Z,160
1949869,Central,CITY WEST LUDHIANA,PREMIUM COMPLEX,Planned,Closed,2026-10-01T14:20:00Z,2026-10-01T17:00:00Z,160
1949868,Central,CITY WEST LUDHIANA,KHURANA ROLLING,Planned,Closed,2026-10-01T14:18:00Z,2026-10-01T17:00:00Z,162
1949867,Central,CITY WEST LUDHIANA,SHAROMANI,Planned,Closed,2026-10-01T14:18:00Z,2026-10-01T17:00:00Z,162
1949864,Central,CITY WEST LUDHIANA,A-BLOCK,Planned,Closed,2026-10-01T14:15:00Z,2026-10-01T15:14:16Z,59
1949860,Border,GURDASPUR,Tharial,Planned,Closed,2026-10-01T14:15:00Z,2026-10-01T16:14:00Z,119
1949865,West,MUKATSAR,11 KV SAIDANWALI,Unplanned,Closed,2026-10-01T14:13:05Z,2026-10-01T14:43:15Z,30
1949866,North,JALANDHAR,11 KV New Amrit Vihar,Unplanned,Closed,2026-10-01T14:08:00Z,2026-10-01T15:40:43Z,92
1949862,North,JALANDHAR,11KV SHANTI VIHAR,Unplanned,Closed,2026-10-01T14:08:00Z,2026-10-01T14:42:00Z,34
1949863,West,MUKATSAR,11 KV PUNJAB AGRO,Unplanned,Closed,2026-10-01T14:07:47Z,2026-10-01T15:17:00Z,69
1949859,Border,GURDASPUR,Taragarh,Unplanned,Closed,2026-10-01T14:02:00Z,2026-10-01T14:29:00Z,27
1949858,Border,GURDASPUR,Saidipur,Unplanned,Closed,2026-10-01T14:02:00Z,2026-10-01T14:29:00Z,27
1949880,South,PATIALA,avantika cottspin,Unplanned,Closed,2026-10-01T14:00:00Z,2026-10-01T16:20:00Z,140
1949917,South,SANGRUR,City-II,Unplanned,Closed,2026-10-01T13:56:00Z,2026-10-01T14:27:00Z,31
1949857,Border,GURDASPUR,Civil Line,Unplanned,Closed,2026-10-01T13:55:00Z,2026-10-01T14:45:00Z,50
1949856,Border,GURDASPUR,City,Unplanned,Closed,2026-10-01T13:55:00Z,2026-10-01T14:45:00Z,50
1949855,Border,GURDASPUR,Manj,Unplanned,Closed,2026-10-01T13:54:00Z,2026-10-01T14:49:00Z,55
1949854,Border,GURDASPUR,Dalia,Unplanned,Closed,2026-10-01T13:53:00Z,2026-10-01T14:49:00Z,56
1949852,North,JALANDHAR,11 kv CHILDERN PARK NO. 1,Unplanned,Closed,2026-10-01T13:42:00Z,2026-10-01T13:58:00Z,16
1949861,Border,TARN TARAN,JAWANDY KHURD,Unplanned,Closed,2026-10-01T13:41:00Z,2026-10-01T14:40:00Z,59
1949853,Border,TARN TARAN,3 WIRE (UPS) NURPUR,Unplanned,Closed,2026-10-01T13:40:00Z,2026-10-01T14:15:00Z,35
1949851,Border,TARN TARAN,MANOCHAL UPS,Unplanned,Closed,2026-10-01T13:40:00Z,2026-10-01T14:15:00Z,35
1949850,North,HOSHIARPUR,BADLA,Unplanned,Closed,2026-10-01T13:40:00Z,2026-10-01T14:50:00Z,70
1949849,Border,GURDASPUR,ARYA NAGAR,Unplanned,Closed,2026-10-01T13:35:00Z,2026-10-01T15:47:00Z,132
1949848,Central,CITY WEST LUDHIANA,AZAD NAGAR FEEDER,Unplanned,Closed,2026-10-01T13:34:14Z,2026-10-01T14:25:46Z,51
1949845,Central,KHANNA,KRISHNA,Planned,Closed,2026-10-01T13:30:15Z,2026-10-01T14:21:43Z,51
1949846,North,KAPURTHALA,JALLOW KHANNA URBAN,Unplanned,Closed,2026-10-01T13:30:00Z,2026-10-01T14:04:00Z,34
1949847,East,ROPAR,Jhangrian,Unplanned,Closed,2026-10-01T13:28:00Z,2026-10-01T13:52:00Z,24
1949844,Border,GURDASPUR,Railway Road,Unplanned,Closed,2026-10-01T13:26:00Z,2026-10-01T13:50:00Z,24
1949843,South,SANGRUR,Meerheri,Unplanned,Closed,2026-10-01T13:20:12Z,2026-10-01T17:39:36Z,259
1949841,North,HOSHIARPUR,BADLA,Unplanned,Closed,2026-10-01T13:16:00Z,2026-10-01T13:36:00Z,20
1949842,North,KAPURTHALA,11 KV SHERPURA,Unplanned,Closed,2026-10-01T13:15:00Z,2026-10-01T13:30:00Z,15
1949840,East,Zirakpur,EKTA VIHAR,Unplanned,Closed,2026-10-01T13:05:00Z,2026-10-01T13:30:00Z,25
1949835,South,PATIALA,11 KV Yadvindra Enclave,Unplanned,Closed,2026-10-01T12:55:23Z,2026-10-01T14:04:27Z,69
1949837,Border,GURDASPUR,BEHBAL CHACK,Planned,Closed,2026-10-01T12:55:00Z,2026-10-01T14:05:00Z,70
1949836,Border,GURDASPUR,SIDHWAN,Unplanned,Closed,2026-10-01T12:55:00Z,2026-10-01T14:05:00Z,70
1949834,Border,GURDASPUR,City-2,Unplanned,Closed,2026-10-01T12:50:00Z,2026-10-01T13:29:00Z,39
1949827,South,SANGRUR,Patran Road,Unplanned,Closed,2026-10-01T12:45:27Z,2026-10-01T12:57:34Z,12
1949829,South,SANGRUR,BHAMNIWALA,Unplanned,Closed,2026-10-01T12:45:21Z,2026-10-01T14:00:30Z,75
1949828,South,SANGRUR,AZAD AP,Unplanned,Closed,2026-10-01T12:45:01Z,2026-10-01T14:00:11Z,75
1949833,North,HOSHIARPUR,PEALAN,Unplanned,Closed,2026-10-01T12:45:00Z,2026-10-01T14:00:00Z,75
1949831,East,Zirakpur,11 KV AMBALA ROAD,Unplanned,Closed,2026-10-01T12:45:00Z,2026-10-01T14:29:00Z,104
1949825,North,JALANDHAR,JALPOT,Unplanned,Closed,2026-10-01T12:43:00Z,2026-10-01T13:45:00Z,62
1949823,North,NAWANSHAHR,CITY GARHSHANKAR,Unplanned,Closed,2026-10-01T12:35:00Z,2026-10-01T13:03:00Z,28
1949824,East,Zirakpur,11 kv adda jhungia cat-1,Unplanned,Closed,2026-10-01T12:33:00Z,2026-10-01T13:20:00Z,47
1949822,West,MUKATSAR,Dhani Sucha Singh (Old Chakra),Unplanned,Closed,2026-10-01T12:32:53Z,2026-10-01T13:45:07Z,72
1949830,Border,TARN TARAN,RAYYA URBAN,Unplanned,Closed,2026-10-01T12:30:29Z,2026-10-01T14:40:51Z,130
1949826,Border,GURDASPUR,Sheh Bhattia,Unplanned,Closed,2026-10-01T12:30:00Z,2026-10-01T14:20:00Z,110
1949820,Central,KHANNA,11 KV MODEL TOWN,Unplanned,Closed,2026-10-01T12:28:00Z,2026-10-01T13:00:00Z,32
1949817,Central,CITY WEST LUDHIANA,MARUTI ALLOY,Planned,Closed,2026-10-01T12:23:00Z,2026-10-01T12:50:00Z,27
1949818,East,Zirakpur,Dehar. Cat. 1,Unplanned,Closed,2026-10-01T12:22:00Z,2026-10-01T12:56:00Z,34
1949821,North,JALANDHAR,KLARWARA GATE,Unplanned,Closed,2026-10-01T12:15:00Z,2026-10-01T13:35:00Z,80
1949816,North,HOSHIARPUR,DEVIDASS,Unplanned,Closed,2026-10-01T12:15:00Z,2026-10-01T13:50:00Z,95
1949810,South,SANGRUR,CHANGAL,Unplanned,Closed,2026-10-01T12:08:40Z,2026-10-01T12:38:00Z,29
1949815,South,PATIALA,Gurbax Colony,Unplanned,Closed,2026-10-01T12:08:32Z,2026-10-01T13:55:29Z,106
1949839,Border,TARN TARAN,MANKPURA UPS,Unplanned,Closed,2026-10-01T12:05:00Z,2026-10-01T13:55:00Z,110
1949838,Border,TARN TARAN,GANDIWIND 24 HRS SUPPLY,Unplanned,Closed,2026-10-01T12:05:00Z,2026-10-01T13:55:00Z,110
1949807,South,SANGRUR,Sunam Road,Unplanned,Closed,2026-10-01T12:04:10Z,2026-10-01T13:34:27Z,90
1949808,North,HOSHIARPUR,Abdulapur,Unplanned,Closed,2026-10-01T12:04:00Z,2026-10-01T12:54:00Z,50
1949819,East,ROPAR,11 KV Punnian,Unplanned,Closed,2026-10-01T12:00:00Z,2026-10-01T12:56:00Z,56
1949806,North,JALANDHAR,MODEL HOUSE,Unplanned,Closed,2026-10-01T11:59:00Z,2026-10-01T12:50:00Z,51
1949812,West,MUKATSAR,11 KV Alamgarh,Unplanned,Closed,2026-10-01T11:58:23Z,2026-10-01T12:55:35Z,57
1949814,West,MUKATSAR,11 KV TARA ESTATE,Unplanned,Closed,2026-10-01T11:58:12Z,2026-10-01T12:09:20Z,11
1949811,West,MUKATSAR,11 KV GANGA NAGAR ROAD,Unplanned,Closed,2026-10-01T11:58:01Z,2026-10-01T12:59:08Z,61
1949813,West,MUKATSAR,11 KV KIKKER KHERA,Unplanned,Closed,2026-10-01T11:56:55Z,2026-10-01T12:57:00Z,60
1949804,North,NAWANSHAHR,11 KV DOPALPUR UPS,Unplanned,Closed,2026-10-01T11:40:00Z,2026-10-01T11:55:00Z,15
1949800,Central,KHANNA,SANGATPURA,Planned,Closed,2026-10-01T11:35:04Z,2026-10-01T18:34:18Z,419
1949805,East,Zirakpur,PANCHSHEEL,Planned,Closed,2026-10-01T11:35:00Z,2026-10-01T13:35:00Z,120
1949803,East,Zirakpur,PREET COLONY,Planned,Closed,2026-10-01T11:35:00Z,2026-10-01T12:40:00Z,65
1949802,East,Zirakpur,OXFORD STREET,Planned,Closed,2026-10-01T11:35:00Z,2026-10-01T12:40:00Z,65
1949797,East,Zirakpur,ORBIT,Unplanned,Closed,2026-10-01T11:35:00Z,2026-10-01T12:08:00Z,33
1949796,Border,GURDASPUR,GAJIKOT,Unplanned,Closed,2026-10-01T11:33:00Z,2026-10-01T11:50:00Z,17
1949795,Border,GURDASPUR,TALIBPUR,Unplanned,Closed,2026-10-01T11:32:00Z,2026-10-01T11:50:00Z,18
1949801,Central,KHANNA,MALKO MAJRA,Planned,Closed,2026-10-01T11:30:39Z,2026-10-01T18:30:52Z,420
1949799,South,SANGRUR,Roxy road,Unplanned,Closed,2026-10-01T11:30:00Z,2026-10-01T13:07:00Z,97
1949798,South,SANGRUR,DHIBER BASTI,Unplanned,Closed,2026-10-01T11:30:00Z,2026-10-01T13:11:00Z,101
1949791,East,Zirakpur,DAPPAR,Unplanned,Closed,2026-10-01T11:28:00Z,2026-10-01T12:20:00Z,52
1949793,North,HOSHIARPUR,11kV Jandwal UPS,Unplanned,Closed,2026-10-01T11:20:00Z,2026-10-01T12:02:00Z,42
1949792,East,Zirakpur,Jaskaran,Unplanned,Closed,2026-10-01T11:20:00Z,2026-10-01T11:37:00Z,17
1949790,East,Zirakpur,NABHA SAHIB,Unplanned,Closed,2026-10-01T11:20:00Z,2026-10-01T11:37:00Z,17
1949781,Central,CITY WEST LUDHIANA,BUS STAND,Planned,Closed,2026-10-01T11:15:52Z,2026-10-01T14:15:00Z,179
1949789,East,Zirakpur,ZIRAKPUR-1,Unplanned,Closed,2026-10-01T11:15:00Z,2026-10-01T11:32:00Z,17
1949787,South,BARNALA,MADEVI,Planned,Closed,2026-10-01T11:12:00Z,2026-10-01T12:26:00Z,74
1949786,West,MUKATSAR,11 KB BAZIDPURA,Unplanned,Closed,2026-10-01T11:10:13Z,2026-10-01T11:40:08Z,29
1949788,North,HOSHIARPUR,11 kv Mansoorpur,Unplanned,Closed,2026-10-01T11:10:00Z,2026-10-01T11:50:00Z,40
1949634,South,PATIALA,Ablowal Feeder,Planned,Closed,2026-10-01T11:10:00Z,2026-10-01T11:58:41Z,48
1949784,Central,CITY WEST LUDHIANA,DUGRI,Planned,Closed,2026-10-01T11:09:43Z,2026-10-01T11:30:00Z,20
1949783,Central,CITY WEST LUDHIANA,RENTAL COLONY,Planned,Closed,2026-10-01T11:09:43Z,2026-10-01T11:30:00Z,20
1949785,West,MUKATSAR,11 KV SITO,Unplanned,Closed,2026-10-01T11:09:38Z,2026-10-01T11:39:49Z,30
1949782,Border,SUB URBAN AMRITSAR,PAWAN NAGAR,Unplanned,Closed,2026-10-01T11:03:00Z,2026-10-01T11:22:00Z,19
1949779,South,SANGRUR,11 KV SAMADHAN URBAN,Planned,Closed,2026-10-01T11:00:00Z,2026-10-01T12:30:00Z,90
1949778,South,PATIALA,UPS NABHA NO. 2,Unplanned,Closed,2026-10-01T11:00:00Z,2026-10-01T11:43:00Z,43
1949780,North,JALANDHAR,11 KV FRIEND COLONY,Unplanned,Closed,2026-10-01T10:57:00Z,2026-10-01T12:12:00Z,75
1949794,Border,GURDASPUR,24Hrs U.P.S. KOTLA CHAHAL,Unplanned,Closed,2026-10-01T10:50:00Z,2026-10-01T12:05:00Z,75
1949777,North,NAWANSHAHR,Phagwara road,Planned,Closed,2026-10-01T10:50:00Z,2026-10-01T12:40:00Z,110
1949776,North,NAWANSHAHR,Mauli,Planned,Closed,2026-10-01T10:50:00Z,2026-10-01T12:40:00Z,110
1949774,North,JALANDHAR,11 kv CHILDERN PARK NO. 1,Unplanned,Closed,2026-10-01T10:44:00Z,2026-10-01T11:25:00Z,41
1949773,Central,CITY WEST LUDHIANA,URBAN VIHAR,Planned,Closed,2026-10-01T10:35:24Z,2026-10-01T11:00:00Z,24
1949772,Central,CITY WEST LUDHIANA,URBAN ESTATE PH-1,Planned,Closed,2026-10-01T10:35:24Z,2026-10-01T11:00:00Z,24
1949770,North,KAPURTHALA,JALLOW KHANNA URBAN,Planned,Closed,2026-10-01T10:30:25Z,2026-10-01T11:25:35Z,55
1949649,Central,KHANNA,Jyoti Swaroop Sahib,Planned,Closed,2026-10-01T10:30:12Z,2026-10-01T16:00:43Z,330
1949633,South,PATIALA,OPH,Planned,Closed,2026-10-01T10:25:00Z,2026-10-01T18:05:00Z,460
1949769,North,JALANDHAR,INDUSTRIAL AREA 2,Unplanned,Closed,2026-10-01T10:22:00Z,2026-10-01T11:10:00Z,48
1949764,North,KAPURTHALA,AJIT NAGAR,Planned,Closed,2026-10-01T10:20:42Z,2026-10-01T11:30:03Z,69
1949763,North,JALANDHAR,KALRA,Planned,Closed,2026-10-01T10:18:00Z,2026-10-01T12:21:00Z,123
1949765,South,SANGRUR,KHOKHAR,Unplanned,Closed,2026-10-01T10:16:26Z,2026-10-01T11:00:15Z,43
1949766,South,SANGRUR,GEHLAN,Unplanned,Closed,2026-10-01T10:15:50Z,2026-10-01T11:00:05Z,44
1949767,South,SANGRUR,24 HRS. MAHASINGHWALA,Unplanned,Closed,2026-10-01T10:15:41Z,2026-10-01T11:00:00Z,44
1949762,South,PATIALA,11 kV Lehal Mandal,Unplanned,Closed,2026-10-01T10:15:28Z,2026-10-01T13:57:33Z,222
1949754,South,SANGRUR,Isra,Planned,Closed,2026-10-01T10:10:44Z,2026-10-01T17:38:16Z,447
1949755,South,SANGRUR,New Bardwal,Planned,Closed,2026-10-01T10:10:37Z,2026-10-01T17:38:55Z,448
1949758,Central,KHANNA,kherinoudhsingh,Unplanned,Closed,2026-10-01T10:09:13Z,2026-10-01T10:30:35Z,21
1949759,Border,GURDASPUR,Goal,Unplanned,Closed,2026-10-01T10:07:00Z,2026-10-01T12:19:00Z,132
1949756,Border,GURDASPUR,Chhaurian,Unplanned,Closed,2026-10-01T10:07:00Z,2026-10-01T12:19:00Z,132
1949771,Border,GURDASPUR,11 K.V UPS Balwanda,Unplanned,Closed,2026-10-01T10:05:00Z,2026-10-01T11:32:00Z,87
1949761,Border,GURDASPUR,Civil Line,Unplanned,Closed,2026-10-01T10:05:00Z,2026-10-01T10:18:00Z,13
1949760,Border,GURDASPUR,City,Unplanned,Closed,2026-10-01T10:05:00Z,2026-10-01T10:18:00Z,13
1949753,North,JALANDHAR,11kvPadiana,Unplanned,Closed,2026-10-01T10:04:00Z,2026-10-01T10:14:00Z,10
1949768,South,PATIALA,Vikas Colony,Unplanned,Closed,2026-10-01T10:02:13Z,2026-10-01T11:20:51Z,78
1949757,North,HOSHIARPUR,LOCAL INDUSTRY HOSHIARPUR,Planned,Closed,2026-10-01T10:00:00Z,2026-10-01T13:00:00Z,180
1949717,Central,CITY WEST LUDHIANA,KHURANA ROLLING,Planned,Closed,2026-10-01T10:00:00Z,2026-10-01T14:00:00Z,240
1949716,Central,CITY WEST LUDHIANA,SAHIB METAL,Planned,Closed,2026-10-01T10:00:00Z,2026-10-01T14:00:00Z,240
1949715,Central,CITY WEST LUDHIANA,SHAROMANI,Planned,Closed,2026-10-01T10:00:00Z,2026-10-01T14:00:00Z,240
1949714,Central,CITY WEST LUDHIANA,PREMIUM COMPLEX,Planned,Closed,2026-10-01T10:00:00Z,2026-10-01T14:00:00Z,240
1949702,East,Zirakpur,PANCHSHEEL,Planned,Closed,2026-10-01T10:00:00Z,2026-10-01T12:40:00Z,160
1949645,North,JALANDHAR,11KV SANGAT SINGH NAGAR,Planned,Closed,2026-10-01T10:00:00Z,2026-10-01T15:27:49Z,327
1949544,Border,GURDASPUR,BATHWALA,Planned,Closed,2026-10-01T10:00:00Z,2026-10-01T15:41:00Z,341
1949543,Border,GURDASPUR,Gatta Factory,Planned,Closed,2026-10-01T10:00:00Z,2026-10-01T15:40:00Z,340
1949520,North,HOSHIARPUR,KAKKON,Planned,Closed,2026-10-01T10:00:00Z,2026-10-01T13:05:00Z,185
1949371,South,SANGRUR,Industrial (Dhuri),Planned,Closed,2026-10-01T10:00:00Z,2026-10-01T17:37:00Z,457
1949370,South,SANGRUR,Bagrian Road,Planned,Closed,2026-10-01T10:00:00Z,2026-10-01T17:37:00Z,457
1949750,South,SANGRUR,Ratoke,Unplanned,Closed,2026-10-01T09:39:33Z,2026-10-01T10:20:46Z,41
1949751,North,JALANDHAR,Vishkarma Mandir,Unplanned,Closed,2026-10-01T09:36:00Z,2026-10-01T10:16:00Z,40
1949742,West,MUKATSAR,Industrial,Planned,Closed,2026-10-01T09:30:00Z,2026-10-01T15:30:00Z,360
1949752,North,KAPURTHALA,Taj city,Unplanned,Closed,2026-10-01T09:25:00Z,2026-10-01T10:05:00Z,40
1949749,Border,GURDASPUR,Roranwali 24 hrs.,Unplanned,Closed,2026-10-01T09:20:00Z,2026-10-01T09:45:00Z,25
1949748,Border,GURDASPUR,Sathiali 24 hrs.,Unplanned,Closed,2026-10-01T09:20:00Z,2026-10-01T09:45:00Z,25
1949746,South,PATIALA,Patiala Road,Unplanned,Closed,2026-10-01T09:15:00Z,2026-10-01T10:10:00Z,55
1949744,East,Zirakpur,DEEPAK PIPE,Unplanned,Closed,2026-10-01T09:15:00Z,2026-10-01T09:51:00Z,36
1949747,Border,GURDASPUR,RAILWAY ROAD CAT-1,Unplanned,Closed,2026-10-01T09:10:00Z,2026-10-01T09:21:00Z,11
1949745,Border,GURDASPUR,THEKERIWAL,Unplanned,Closed,2026-10-01T09:10:00Z,2026-10-01T09:21:00Z,11
1949726,Central,KHANNA,66 KV BIHARI LAL ISPAT,Planned,Closed,2026-10-01T09:00:46Z,2026-10-02T09:50:46Z,1490
1949725,Central,KHANNA,Belco steel,Planned,Closed,2026-10-01T09:00:46Z,2026-10-01T17:03:46Z,483
1949724,Central,KHANNA,Bihari Lal Ispat,Planned,Closed,2026-10-01T09:00:46Z,2026-10-01T17:03:46Z,483
1949723,Central,KHANNA,Amloh Road,Planned,Closed,2026-10-01T09:00:46Z,2026-10-01T17:03:46Z,483
1949743,North,HOSHIARPUR,BHOGPUR NO 2,Unplanned,Closed,2026-10-01T09:00:00Z,2026-10-01T10:15:00Z,75
1949640,West,FEROZPUR,Noor pur Sethan,Planned,Closed,2026-10-01T09:00:00Z,2026-10-01T17:00:00Z,480
1949741,South,PATIALA,Arya Samaj,Unplanned,Closed,2026-10-01T08:59:45Z,2026-10-01T09:30:01Z,30
1949740,North,JALANDHAR,NEW ESTATE,Unplanned,Closed,2026-10-01T08:52:00Z,2026-10-01T11:22:00Z,150
1949739,North,KAPURTHALA,URBAN MAIN BAZAAR Shahkot,Unplanned,Closed,2026-10-01T08:50:00Z,2026-10-01T10:00:00Z,70
1949738,North,KAPURTHALA,GTB Nagar,Planned,Closed,2026-10-01T08:50:00Z,2026-10-01T11:30:00Z,160
1949737,North,KAPURTHALA,Guru Nanak Nagar URBAN,Planned,Closed,2026-10-01T08:50:00Z,2026-10-01T11:30:00Z,160
1949775,Border,TARN TARAN,KAROWAL,Unplanned,Closed,2026-10-01T08:45:00Z,2026-10-01T15:30:00Z,405
1949736,South,SANGRUR,Rasaldar chhana,Unplanned,Closed,2026-10-01T08:41:17Z,2026-10-01T10:00:24Z,79
1949735,Central,CITY WEST LUDHIANA,GURPAL NAGAR FEEDER,Unplanned,Closed,2026-10-01T08:36:40Z,2026-10-01T09:10:00Z,33
1949734,North,KAPURTHALA,URBAN Mandi Road NURMAHAL,Unplanned,Closed,2026-10-01T08:30:00Z,2026-10-01T09:24:00Z,54
1949733,North,KAPURTHALA,BUS ADDA BILGA URBAN,Unplanned,Closed,2026-10-01T08:30:00Z,2026-10-01T09:05:00Z,35
1949731,North,JALANDHAR,Sewerage Treatment Plant,Unplanned,Closed,2026-10-01T08:25:00Z,2026-10-01T08:35:00Z,10
1949732,South,PATIALA,Shahi Samadhan,Unplanned,Closed,2026-10-01T08:22:00Z,2026-10-01T09:14:00Z,52
1949730,Border,GURDASPUR,Farida Nagar,Unplanned,Closed,2026-10-01T08:05:00Z,2026-10-01T08:36:00Z,31
1949729,North,KAPURTHALA,CAT-1 BHOLATH,Unplanned,Closed,2026-10-01T08:00:00Z,2026-10-01T08:35:00Z,35
1949722,West,MUKATSAR,DAULATPURA UPS,Planned,Closed,2026-10-01T07:37:57Z,2026-10-01T09:27:05Z,109
1949721,West,MUKATSAR,MAUJGARH,Planned,Closed,2026-10-01T07:37:18Z,2026-10-01T09:27:35Z,110
1949728,North,HOSHIARPUR,KHARDEHER,Unplanned,Closed,2026-10-01T07:35:00Z,2026-10-01T08:54:00Z,79
1949720,Border,SUB URBAN AMRITSAR,GUJJAPEER,Unplanned,Closed,2026-10-01T07:25:00Z,2026-10-01T08:15:00Z,50
1949727,North,HOSHIARPUR,Bihala,Unplanned,Closed,2026-10-01T07:20:00Z,2026-10-01T08:45:00Z,85
1949719,North,KAPURTHALA,URBAN JANDIALA ROAD Nurmahal,Planned,Closed,2026-10-01T07:20:00Z,2026-10-01T07:55:00Z,35
1949718,Border,CITY AMRITSAR,BIBI KAULAN JI,Unplanned,Closed,2026-10-01T06:50:00Z,2026-10-01T08:30:00Z,100
1949713,Border,GURDASPUR,11KV BUTTER UPS,Unplanned,Closed,2026-10-01T06:10:00Z,2026-10-01T09:21:00Z,191
1949712,Central,CITY EAST LUDHIANA,GURMAMDI,Unplanned,Closed,2026-10-01T06:01:00Z,2026-10-01T06:32:00Z,31
1949711,Central,CITY EAST LUDHIANA,PINK PLAZA,Planned,Closed,2026-10-01T05:31:00Z,2026-10-01T06:31:00Z,60
1949709,Central,CITY WEST LUDHIANA,GOLDEN PARK,Unplanned,Closed,2026-10-01T03:48:42Z,2026-10-01T04:25:00Z,36
1949708,Central,CITY EAST LUDHIANA,PINK PLAZA,Planned,Closed,2026-10-01T03:43:00Z,2026-10-01T04:12:00Z,29
1949710,North,HOSHIARPUR,Handowal,Unplanned,Closed,2026-10-01T02:50:00Z,2026-10-01T04:25:00Z,95
1949707,North,KAPURTHALA,URBAN JANDIALA ROAD Nurmahal,Unplanned,Closed,2026-10-01T01:50:00Z,2026-10-01T03:47:00Z,117
1949706,North,JALANDHAR,NEW ESTATE,Unplanned,Closed,2026-10-01T01:45:00Z,2026-10-01T02:35:00Z,50
1949705,South,SANGRUR,Industrial Siana road,Unplanned,Closed,2026-10-01T01:40:00Z,2026-10-01T03:03:00Z,83
1949704,Central,CITY EAST LUDHIANA,IQBAL GANJ,Planned,Closed,2026-10-01T01:30:00Z,2026-10-01T02:56:00Z,86
1949703,Central,CITY EAST LUDHIANA,GURMAMDI,Planned,Closed,2026-10-01T01:27:00Z,2026-10-01T02:59:00Z,92
1949677,East,ROPAR,Dhanaula,Unplanned,Closed,2026-10-01T00:23:04Z,2026-10-01T00:36:04Z,13
1949676,East,ROPAR,Khamanon Khurd,Unplanned,Closed,2026-10-01T00:23:04Z,2026-10-01T00:38:04Z,15
1949675,East,ROPAR,11KV Vaban Milk Food,Unplanned,Closed,2026-10-01T00:23:04Z,2026-10-01T00:34:04Z,11
1949674,East,ROPAR,11 KV Bhambri,Unplanned,Closed,2026-10-01T00:23:04Z,2026-10-01T00:37:04Z,14
1949673,East,ROPAR,11 KV Mansoorpur,Unplanned,Closed,2026-10-01T00:23:04Z,2026-10-01T00:40:04Z,17
1949672,East,ROPAR,11 KV Khamano,Unplanned,Closed,2026-10-01T00:23:04Z,2026-10-01T00:41:04Z,18
1949671,East,ROPAR,11 KV Luxmi,Unplanned,Closed,2026-10-01T00:23:04Z,2026-10-01T00:35:04Z,12
1949670,East,ROPAR,11 KV Navodya,Unplanned,Closed,2026-10-01T00:23:04Z,2026-10-01T00:38:04Z,15
1949700,East,ROPAR,11 KV Dhanoor,Unplanned,Closed,2026-10-01T00:19:55Z,2026-10-01T00:50:55Z,31
1949699,East,ROPAR,11 KV SHERIAN UPS,Unplanned,Closed,2026-10-01T00:19:55Z,2026-10-01T00:50:55Z,31
1949698,East,ROPAR,Sub station Transformer heddon,Unplanned,Closed,2026-10-01T00:19:55Z,2026-10-01T00:50:55Z,31
1949697,East,ROPAR,11 KV BAIRSAL KALAN,Unplanned,Closed,2026-10-01T00:19:55Z,2026-10-01T00:50:55Z,31
1949696,East,ROPAR,Guga Marri,Unplanned,Closed,2026-10-01T00:19:55Z,2026-10-01T00:50:55Z,31
1949695,East,ROPAR,11 KV Headdon Bet,Unplanned,Closed,2026-10-01T00:19:55Z,2026-10-01T00:50:55Z,31
1949669,East,ROPAR,11 KV Kotala,Unplanned,Closed,2026-10-01T00:19:50Z,2026-10-01T00:49:50Z,30
1949668,East,ROPAR,Baghor,Unplanned,Closed,2026-10-01T00:19:50Z,2026-10-01T00:49:50Z,30
1949667,East,ROPAR,Bhanglan,Unplanned,Closed,2026-10-01T00:19:50Z,2026-10-01T00:49:50Z,30
1949666,East,ROPAR,11 KV IOC,Unplanned,Closed,2026-10-01T00:19:50Z,2026-10-01T00:49:50Z,30
1949665,East,ROPAR,11 KV Ghungrali Sikhan,Unplanned,Closed,2026-10-01T00:19:50Z,2026-10-01T00:49:50Z,30
1949694,East,ROPAR,66 KV Adhunik Alloys,Unplanned,Closed,2026-10-01T00:19:01Z,2026-10-01T00:48:01Z,29
1949693,East,ROPAR,66 KV Shiva Tax Feb,Unplanned,Closed,2026-10-01T00:19:01Z,2026-10-01T00:48:01Z,29
1949692,East,ROPAR,Gani Khan Nabi Khan,Unplanned,Closed,2026-10-01T00:19:01Z,2026-10-01T00:48:01Z,29
1949691,East,ROPAR,Udhowal kalan,Unplanned,Closed,2026-10-01T00:19:01Z,2026-10-01T00:48:01Z,29
1949690,East,ROPAR,KOHARA ROAD,Unplanned,Closed,2026-10-01T00:19:01Z,2026-10-01T00:48:01Z,29
1949689,East,ROPAR,11 KV Machiwara,Unplanned,Closed,2026-10-01T00:19:01Z,2026-10-01T00:48:01Z,29
1949688,East,ROPAR,11 KV MAIN BAZAR,Unplanned,Closed,2026-10-01T00:19:01Z,2026-10-01T00:48:01Z,29
1949687,East,ROPAR,SUB STATION TRANSFORMER,Unplanned,Closed,2026-10-01T00:19:01Z,2026-10-01T00:48:01Z,29
1949686,East,ROPAR,Urna,Unplanned,Closed,2026-10-01T00:19:01Z,2026-10-01T00:48:01Z,29
1949685,East,ROPAR,11 KV Bindra Ispat,Unplanned,Closed,2026-10-01T00:19:01Z,2026-10-01T00:48:01Z,29
1949684,East,ROPAR,11 KV JULFGARH,Unplanned,Closed,2026-10-01T00:19:01Z,2026-10-01T00:48:01Z,29
1949683,East,ROPAR,Charan kanwal sahib,Unplanned,Closed,2026-10-01T00:19:01Z,2026-10-01T00:48:01Z,29
1949682,East,ROPAR,11 KV Markfed,Unplanned,Closed,2026-10-01T00:19:01Z,2026-10-01T00:48:01Z,29
1949681,East,ROPAR,11KV ADDIANA,Unplanned,Closed,2026-10-01T00:19:01Z,2026-10-01T00:48:01Z,29
1949680,East,ROPAR,11 KV Chakli Aadal,Unplanned,Closed,2026-10-01T00:19:01Z,2026-10-01T00:48:01Z,29
1949679,East,ROPAR,11 KV Methewal,Unplanned,Closed,2026-10-01T00:19:01Z,2026-10-01T00:48:01Z,29
1949678,East,ROPAR,11 KV Garg Concast,Unplanned,Closed,2026-10-01T00:19:01Z,2026-10-01T00:48:01Z,29
1949664,South,SANGRUR,UPS BOPUR,Unplanned,Closed,2026-09-30T23:55:00Z,2026-10-01T08:20:00Z,505
1949663,East,Zirakpur,TRY CITY,Unplanned,Closed,2026-09-30T23:49:00Z,2026-10-01T01:06:00Z,77
1949662,Central,CITY WEST LUDHIANA,JAWADDI,Planned,Closed,2026-09-30T23:42:18Z,2026-10-01T00:07:50Z,25
1949661,East,MOHALI,11KV MK TECHNOLOGY,Unplanned,Closed,2026-09-30T22:50:00Z,2026-10-01T01:40:47Z,170
1949660,North,HOSHIARPUR,Bihala,Unplanned,Closed,2026-09-30T22:40:00Z,2026-10-01T00:10:00Z,90
1949659,East,Zirakpur,PRITHIM,Planned,Closed,2026-09-30T22:40:00Z,2026-09-30T22:50:00Z,10
1949658,East,Zirakpur,WATER WORKS HANDESRA,Unplanned,Closed,2026-09-30T22:14:00Z,2026-09-30T22:45:00Z,31
1949657,Central,KHANNA,MALERKOTLA ROAD,Unplanned,Closed,2026-09-30T22:08:00Z,2026-09-30T23:26:00Z,78
1949656,West,BATHINDA,INDUSTRIES,Unplanned,Closed,2026-09-30T21:20:00Z,2026-09-30T22:30:00Z,70
1949655,North,HOSHIARPUR,Bihala,Unplanned,Closed,2026-09-30T21:20:00Z,2026-09-30T22:20:00Z,60
1949654,South,PATIALA,Bhupindra Road,Unplanned,Closed,2026-09-30T21:11:00Z,2026-09-30T21:21:00Z,10
1949651,North,HOSHIARPUR,NARA DADA,Unplanned,Closed,2026-09-30T21:02:00Z,2026-09-30T21:55:00Z,53
1949650,Central,KHANNA,City-2,Unplanned,Closed,2026-09-30T21:00:00Z,2026-09-30T21:50:00Z,50
1949648,Central,KHANNA,Prem Nagar,Unplanned,Closed,2026-09-30T20:35:00Z,2026-09-30T21:34:00Z,59
1949653,North,JALANDHAR,11KV Mithapur Feeder,Unplanned,Closed,2026-09-30T20:27:00Z,2026-09-30T21:03:00Z,36
1949647,Border,TARN TARAN,JEOBALA UPS,Unplanned,Closed,2026-09-30T20:05:00Z,2026-09-30T20:30:00Z,25
1949652,East,Zirakpur,UPS AGGANPUR,Unplanned,Closed,2026-09-30T20:00:00Z,2026-09-30T21:00:00Z,60
1949646,South,SANGRUR,CITY-2,Unplanned,Closed,2026-09-30T20:00:00Z,2026-09-30T21:35:00Z,95
1949643,Central,CITY WEST LUDHIANA,MERADO FEEDER,Unplanned,Closed,2026-09-30T19:57:31Z,2026-09-30T20:40:52Z,43
1949644,Central,KHANNA,Sangtpura,Unplanned,Closed,2026-09-30T19:56:00Z,2026-09-30T20:19:00Z,23
1949641,South,SANGRUR,MOONAK CITY,Unplanned,Closed,2026-09-30T19:44:04Z,2026-09-30T20:32:18Z,48
1949642,South,PATIALA,11 KV LAKHOMAJRA CAT-1,Unplanned,Closed,2026-09-30T19:31:00Z,2026-09-30T20:50:00Z,79
1949638,Central,KHANNA,Prem Nagar,Unplanned,Closed,2026-09-30T19:29:00Z,2026-09-30T20:28:00Z,59
1949639,South,PATIALA,Bhupindra Road,Unplanned,Closed,2026-09-30T19:28:00Z,2026-09-30T20:07:00Z,39
1949635,North,JALANDHAR,M.G.N,Unplanned,Closed,2026-09-30T19:21:53Z,2026-09-30T19:42:57Z,21
1949637,West,FARIDKOT,GANGSAR,Planned,Closed,2026-09-30T19:15:00Z,2026-09-30T19:33:00Z,18
1949632,West,FARIDKOT,Prem Nagar,Planned,Closed,2026-09-30T19:09:00Z,2026-09-30T19:29:00Z,20
1949631,North,JALANDHAR,Sewerage Treatment Plant,Unplanned,Closed,2026-09-30T19:00:00Z,2026-09-30T20:35:00Z,95
1949629,South,SANGRUR,MASTUANA SAHIB,Unplanned,Closed,2026-09-30T18:55:00Z,2026-09-30T19:04:00Z,9
1949630,South,SANGRUR,MATTRAN UPS,Unplanned,Closed,2026-09-30T18:49:00Z,2026-09-30T19:40:00Z,51
1949628,North,HOSHIARPUR,BHAMBOTAR,Unplanned,Closed,2026-09-30T18:45:00Z,2026-09-30T18:55:00Z,10
1949636,East,Zirakpur,UPS AGGANPUR,Unplanned,Closed,2026-09-30T18:38:00Z,2026-09-30T19:40:00Z,62
1949627,North,HOSHIARPUR,POSSI,Unplanned,Closed,2026-09-30T18:35:00Z,2026-09-30T19:35:00Z,60
1949626,East,Zirakpur,RAIL VIHAR,Planned,Closed,2026-09-30T18:35:00Z,2026-09-30T18:45:00Z,10
1949625,East,Zirakpur,ORBIT,Planned,Closed,2026-09-30T18:35:00Z,2026-09-30T18:45:00Z,10
1949624,East,Zirakpur,SAVITRYGREEN,Planned,Closed,2026-09-30T18:35:00Z,2026-09-30T18:45:00Z,10
1949623,West,FARIDKOT,KANER,Unplanned,Closed,2026-09-30T18:12:00Z,2026-09-30T18:36:17Z,24
1949619,West,BATHINDA,RAILWAY ROAD,Unplanned,Closed,2026-09-30T18:00:00Z,2026-09-30T20:00:00Z,120
1949615,East,MOHALI,11 KV BATHLANA UPS,Unplanned,Closed,2026-09-30T17:58:00Z,2026-09-30T18:11:00Z,13
1949561,Central,CITY WEST LUDHIANA,RERU SAHIB ROAD FEEDER,Unplanned,Closed,2026-09-30T17:55:04Z,2026-09-30T18:30:54Z,35
1949540,South,SANGRUR,Bhullarheri Cat-1,Planned,Closed,2026-09-30T17:55:00Z,2026-09-30T18:30:00Z,35
1949562,West,MUKATSAR,Malout Road,Unplanned,Closed,2026-09-30T17:53:00Z,2026-09-30T19:17:00Z,84
1949559,West,FARIDKOT,KOT ISE KHAN,Unplanned,Closed,2026-09-30T17:52:00Z,2026-09-30T19:10:58Z,78
1949560,North,JALANDHAR,RAJOWAL,Unplanned,Closed,2026-09-30T17:50:00Z,2026-09-30T18:40:00Z,50
1949556,North,HOSHIARPUR,11KV Dagan UPS,Unplanned,Closed,2026-09-30T17:40:00Z,2026-09-30T17:55:00Z,15
1949554,North,JALANDHAR,GAZZI GULLA,Unplanned,Closed,2026-09-30T17:36:32Z,2026-09-30T18:00:38Z,24
1949552,North,JALANDHAR,KALRA,Unplanned,Closed,2026-09-30T17:36:00Z,2026-09-30T18:10:00Z,34
1949555,South,BARNALA,B.B.ROAD,Unplanned,Closed,2026-09-30T17:35:00Z,2026-09-30T18:30:00Z,55
1949548,Border,SUB URBAN AMRITSAR,City-II,Planned,Closed,2026-09-30T17:31:00Z,2026-09-30T18:25:00Z,54
1949558,Border,GURDASPUR,Sri Hargobindpur,Unplanned,Closed,2026-09-30T17:30:00Z,2026-09-30T18:15:00Z,45
1949557,South,PATIALA,BHAWANIGARH ROAD-2,Unplanned,Closed,2026-09-30T17:30:00Z,2026-09-30T17:51:00Z,21
1949553,West,FARIDKOT,Industrial,Planned,Closed,2026-09-30T17:25:35Z,2026-09-30T18:23:57Z,58
1949547,North,JALANDHAR,Chomon,Unplanned,Closed,2026-09-30T17:25:00Z,2026-09-30T17:55:00Z,30
1949545,South,SANGRUR,MASTUANA SAHIB,Unplanned,Closed,2026-09-30T17:22:21Z,2026-09-30T17:50:44Z,28
1949551,North,HOSHIARPUR,BHAMBOTAR,Unplanned,Closed,2026-09-30T17:20:00Z,2026-09-30T17:55:00Z,35
1949549,South,PATIALA,FOCALPOINT CAT-2,Unplanned,Closed,2026-09-30T17:20:00Z,2026-09-30T18:15:00Z,55
1949546,North,HOSHIARPUR,Khozkipur,Unplanned,Closed,2026-09-30T17:20:00Z,2026-09-30T17:55:00Z,35
1949550,West,MUKATSAR,11 KV Bhagsar UPS,Unplanned,Closed,2026-09-30T17:16:00Z,2026-09-30T17:45:18Z,29
1949536,North,NAWANSHAHR,CITY GARHSHANKAR,Unplanned,Closed,2026-09-30T17:08:00Z,2026-09-30T17:30:00Z,22
1949542,South,SANGRUR,CITY-5,Unplanned,Closed,2026-09-30T17:05:00Z,2026-09-30T19:30:00Z,145
1949511,South,SANGRUR,Changi Road,Planned,Closed,2026-09-30T17:04:00Z,2026-09-30T17:29:00Z,25
1949541,West,BATHINDA,11 KV AMBEDKAR NAGAR,Planned,Closed,2026-09-30T16:58:00Z,2026-09-30T17:16:44Z,18
1949534,Central,CITY WEST LUDHIANA,DHURI  LINE,Planned,Closed,2026-09-30T16:57:25Z,2026-09-30T17:25:27Z,28
1949533,Central,CITY WEST LUDHIANA,JAMMU COLONY,Planned,Closed,2026-09-30T16:57:25Z,2026-09-30T17:25:27Z,28
1949537,West,BATHINDA,BUGGAR,Unplanned,Closed,2026-09-30T16:55:00Z,2026-09-30T18:10:00Z,75
1949531,North,JALANDHAR,Firoz,Unplanned,Closed,2026-09-30T16:53:00Z,2026-09-30T17:36:00Z,43
1949532,Central,KHANNA,Vishawkarma Nagar,Unplanned,Closed,2026-09-30T16:52:00Z,2026-09-30T17:18:00Z,26
1949528,South,SANGRUR,Ballran C-1,Planned,Closed,2026-09-30T16:51:06Z,2026-09-30T18:20:18Z,89
1949526,North,JALANDHAR,NIHAL GARGH,Unplanned,Closed,2026-09-30T16:47:00Z,2026-09-30T17:35:00Z,48
1949525,North,HOSHIARPUR,11KV KALLOWAL FEEDER,Unplanned,Closed,2026-09-30T16:45:00Z,2026-09-30T17:10:00Z,25
1949527,West,FARIDKOT,NEW TEACHER COLONY,Unplanned,Closed,2026-09-30T16:42:00Z,2026-09-30T17:59:00Z,77
1949530,Border,GURDASPUR,Diomand,Unplanned,Closed,2026-09-30T16:40:00Z,2026-09-30T18:17:00Z,97
1949529,Border,GURDASPUR,Mirthal,Unplanned,Closed,2026-09-30T16:40:00Z,2026-09-30T17:50:00Z,70
1949523,East,ROPAR,HIYATPUR,Planned,Closed,2026-09-30T16:35:00Z,2026-09-30T17:25:49Z,50
1949522,Border,GURDASPUR,I.T.I,Unplanned,Closed,2026-09-30T16:35:00Z,2026-09-30T17:20:00Z,45
1949524,West,BATHINDA,JHUNIR,Planned,Closed,2026-09-30T16:30:57Z,2026-09-30T17:00:38Z,29
1949519,Border,GURDASPUR,Sheh Bhattia,Unplanned,Closed,2026-09-30T16:30:00Z,2026-09-30T17:10:00Z,40
1949515,North,NAWANSHAHR,Lalo Mazara,Unplanned,Closed,2026-09-30T16:26:14Z,2026-09-30T17:11:42Z,45
1949513,North,NAWANSHAHR,ups raipur dabba,Unplanned,Closed,2026-09-30T16:25:02Z,2026-09-30T17:12:36Z,47
1949518,North,HOSHIARPUR,Patti,Unplanned,Closed,2026-09-30T16:25:00Z,2026-09-30T16:55:00Z,30
1949517,North,JALANDHAR,Chomon,Unplanned,Closed,2026-09-30T16:25:00Z,2026-09-30T17:20:00Z,55
1949512,Border,GURDASPUR,Pioneer Agro,Planned,Closed,2026-09-30T16:24:00Z,2026-09-30T16:42:00Z,18
1949514,North,NAWANSHAHR,FOCAL POINT,Unplanned,Closed,2026-09-30T16:20:00Z,2026-09-30T16:55:00Z,35
1949510,West,FARIDKOT,JAITO CITY,Unplanned,Closed,2026-09-30T16:15:33Z,2026-09-30T16:38:01Z,22
1949521,North,HOSHIARPUR,11KV UPS TERKIANA,Planned,Closed,2026-09-30T16:10:00Z,2026-09-30T18:45:00Z,155
1949516,North,HOSHIARPUR,JASSOWAL,Unplanned,Closed,2026-09-30T16:10:00Z,2026-09-30T16:30:00Z,20
1949508,West,MUKATSAR,11 KV Raipura,Unplanned,Closed,2026-09-30T16:06:46Z,2026-09-30T16:31:07Z,24
1949506,Central,CITY WEST LUDHIANA,DUGRI,Planned,Closed,2026-09-30T16:03:14Z,2026-09-30T16:34:56Z,31
1949507,South,SANGRUR,Patran Road,Unplanned,Closed,2026-09-30T16:02:24Z,2026-09-30T16:27:32Z,25
1949505,South,SANGRUR,11 KV KHADIAL ROAD C2,Unplanned,Closed,2026-09-30T16:00:18Z,2026-09-30T16:10:30Z,10
1949539,West,BATHINDA,MAIN BAZAR,Unplanned,Closed,2026-09-30T16:00:00Z,2026-09-30T19:55:28Z,235
1949503,South,SANGRUR,11 KV ROHI AP,Planned,Closed,2026-09-30T15:58:00Z,2026-09-30T18:02:00Z,124
1949504,Border,GURDASPUR,HOSPITAL,Unplanned,Closed,2026-09-30T15:50:00Z,2026-09-30T16:15:00Z,25
1949509,East,MOHALI,11KV BLOCK-C,Unplanned,Closed,2026-09-30T15:49:00Z,2026-09-30T16:20:00Z,31
1949500,Border,CITY AMRITSAR,KHOO BHALLA,Unplanned,Closed,2026-09-30T15:40:24Z,2026-09-30T16:30:08Z,49
1949502,South,PATIALA,rajpura,Unplanned,Closed,2026-09-30T15:40:00Z,2026-09-30T15:55:00Z,15
1949501,East,MOHALI,11 KV Industrial-3,Unplanned,Closed,2026-09-30T15:40:00Z,2026-09-30T16:48:00Z,68
1949499,Central,KHANNA,A.R. Pipe,Unplanned,Closed,2026-09-30T15:35:00Z,2026-09-30T16:25:00Z,50
1949497,South,BARNALA,MITHEWAL UPS,Unplanned,Closed,2026-09-30T15:30:00Z,2026-09-30T16:30:00Z,60
1949494,East,MOHALI,11 KV BATHLANA UPS,Unplanned,Closed,2026-09-30T15:28:49Z,2026-09-30T16:28:00Z,59
1949493,South,SANGRUR,Sohi,Planned,Closed,2026-09-30T15:27:00Z,2026-09-30T16:13:00Z,46
1949495,Border,TARN TARAN,24 HRS CHUTALA,Unplanned,Closed,2026-09-30T15:25:00Z,2026-09-30T16:15:00Z,50
1949492,Border,SUB URBAN AMRITSAR,MES,Unplanned,Closed,2026-09-30T15:23:00Z,2026-09-30T16:05:00Z,42
1949496,East,MOHALI,11KV DHARAMGARH UPS,Unplanned,Closed,2026-09-30T15:20:49Z,2026-09-30T16:05:00Z,44
1949498,Border,TARN TARAN,JAWANDY KHURD,Unplanned,Closed,2026-09-30T15:20:00Z,2026-09-30T16:30:00Z,70
1949490,South,PATIALA,Alipur,Unplanned,Closed,2026-09-30T15:20:00Z,2026-09-30T16:10:00Z,50
1949483,Central,CITY WEST LUDHIANA,METRO FEEDER,Unplanned,Closed,2026-09-30T15:18:16Z,2026-09-30T16:17:30Z,59
1949488,East,Zirakpur,ZIRAKPUR-1,Unplanned,Closed,2026-09-30T15:16:00Z,2026-09-30T15:38:00Z,22
1949485,East,Zirakpur,DHAKOLI,Planned,Closed,2026-09-30T15:13:00Z,2026-09-30T15:30:00Z,17
1949484,East,Zirakpur,HARMILAP NAGAR,Planned,Closed,2026-09-30T15:13:00Z,2026-09-30T15:30:00Z,17
1949481,East,Zirakpur,11KV  SUSHMA,Planned,Closed,2026-09-30T15:13:00Z,2026-09-30T15:30:00Z,17
1949487,East,ROPAR,11KV Alampur,Unplanned,Closed,2026-09-30T15:12:00Z,2026-09-30T15:45:00Z,33
1949491,South,SANGRUR,CHHAHAR UPS,Unplanned,Closed,2026-09-30T15:10:00Z,2026-09-30T16:50:00Z,100
1949486,South,BARNALA,Sekha Road,Unplanned,Closed,2026-09-30T15:10:00Z,2026-09-30T16:05:00Z,55
1949445,South,SANGRUR,City-II,Planned,Closed,2026-09-30T15:08:00Z,2026-09-30T17:30:00Z,142
1949444,South,SANGRUR,Mannwala,Planned,Closed,2026-09-30T15:08:00Z,2026-09-30T17:30:00Z,142
1949441,South,SANGRUR,Meerheri,Planned,Closed,2026-09-30T15:08:00Z,2026-09-30T17:30:00Z,142
1949474,Central,CITY WEST LUDHIANA,JAMMU COLONY,Planned,Closed,2026-09-30T14:57:10Z,2026-09-30T15:35:16Z,38
1949473,Central,CITY WEST LUDHIANA,E Block,Planned,Closed,2026-09-30T14:56:19Z,2026-09-30T15:34:44Z,38
1949476,South,PATIALA,UPS RAJPURA,Unplanned,Closed,2026-09-30T14:50:00Z,2026-09-30T15:10:00Z,20
1949475,South,PATIALA,Chandigarh Road,Unplanned,Closed,2026-09-30T14:50:00Z,2026-09-30T15:10:00Z,20
1949472,Border,GURDASPUR,Malpur,Planned,Closed,2026-09-30T14:50:00Z,2026-09-30T16:00:00Z,70
1949470,Border,GURDASPUR,Chakral,Unplanned,Closed,2026-09-30T14:50:00Z,2026-09-30T15:25:00Z,35
1949467,North,HOSHIARPUR,SANDPUR,Planned,Closed,2026-09-30T14:50:00Z,2026-09-30T17:55:00Z,185
1949466,North,HOSHIARPUR,TALWARA,Planned,Closed,2026-09-30T14:50:00Z,2026-09-30T17:55:00Z,185
1949464,East,Zirakpur,TRY CITY,Planned,Closed,2026-09-30T14:50:00Z,2026-09-30T16:15:00Z,85
1949478,West,BATHINDA,KUSLA,Unplanned,Closed,2026-09-30T14:47:34Z,2026-09-30T15:10:17Z,22
1949477,Border,CITY AMRITSAR,GREEN AVENUE,Unplanned,Closed,2026-09-30T14:45:00Z,2026-09-30T15:20:49Z,35
1949471,East,Zirakpur,RAIL VIHAR,Planned,Closed,2026-09-30T14:45:00Z,2026-09-30T15:07:00Z,22
1949469,East,Zirakpur,SAVITRYGREEN,Planned,Closed,2026-09-30T14:45:00Z,2026-09-30T15:07:00Z,22
1949468,East,Zirakpur,ORBIT,Planned,Closed,2026-09-30T14:45:00Z,2026-09-30T15:07:00Z,22
1949457,Central,CITY WEST LUDHIANA,11 KV Happy colony,Planned,Closed,2026-09-30T14:35:00Z,2026-09-30T14:53:00Z,18
1949455,North,NAWANSHAHR,Talwandi Fattu,Unplanned,Closed,2026-09-30T14:34:33Z,2026-09-30T15:45:48Z,71
1949452,Border,CITY AMRITSAR,11 kv shaheed udam singh nagar,Planned,Closed,2026-09-30T14:33:31Z,2026-09-30T15:23:51Z,50
1949450,Border,SUB URBAN AMRITSAR,MAJITHA ROAD VERKA BYE PASS,Unplanned,Closed,2026-09-30T14:30:00Z,2026-09-30T15:45:00Z,75
1949449,Central,CITY WEST LUDHIANA,Shiv Shakti,Unplanned,Closed,2026-09-30T14:27:02Z,2026-09-30T15:01:25Z,34
1949458,North,HOSHIARPUR,KAMHI DEVI,Unplanned,Closed,2026-09-30T14:25:00Z,2026-09-30T15:10:00Z,45
1949456,East,ROPAR,HIYATPUR,Unplanned,Closed,2026-09-30T14:25:00Z,2026-09-30T14:45:48Z,20
1949454,Border,TARN TARAN,JAWANDY,Unplanned,Closed,2026-09-30T14:25:00Z,2026-09-30T15:01:00Z,36
1949453,Border,TARN TARAN,SHERON UPS,Unplanned,Closed,2026-09-30T14:25:00Z,2026-09-30T15:01:00Z,36
1949440,Central,CITY WEST LUDHIANA,Aman Park,Planned,Closed,2026-09-30T14:22:00Z,2026-09-30T14:50:13Z,28
1949448,North,JALANDHAR,11KV HOUSING BOARD,Unplanned,Closed,2026-09-30T14:21:00Z,2026-09-30T14:41:00Z,20
1949443,Border,SUB URBAN AMRITSAR,Mallan Wali,Unplanned,Closed,2026-09-30T14:21:00Z,2026-09-30T14:48:00Z,27
1949442,South,PATIALA,FRIENDS COLONY,Unplanned,Closed,2026-09-30T14:20:45Z,2026-09-30T14:42:54Z,22
1949459,West,BATHINDA,RAMAN,Planned,Closed,2026-09-30T14:16:00Z,2026-09-30T15:18:00Z,62
1949430,South,SANGRUR,LADDA (DHURI),Planned,Closed,2026-09-30T14:12:00Z,2026-09-30T15:52:00Z,100
1949438,North,NAWANSHAHR,Barnala Gate,Unplanned,Closed,2026-09-30T14:10:00Z,2026-09-30T14:20:00Z,10
1949434,North,HOSHIARPUR,JANOURI,Planned,Closed,2026-09-30T14:10:00Z,2026-09-30T15:50:00Z,100
1949429,South,SANGRUR,11 KV RAM NAGAR URBAN,Unplanned,Closed,2026-09-30T14:08:35Z,2026-09-30T14:40:15Z,31
1949447,Border,GURDASPUR,Rampur Talwara,Unplanned,Closed,2026-09-30T14:05:00Z,2026-09-30T14:50:00Z,45
1949451,Border,TARN TARAN,GHAT SAHIB URBAN,Unplanned,Closed,2026-09-30T14:02:00Z,2026-09-30T14:50:00Z,48
1949439,Border,SUB URBAN AMRITSAR,11 kv Baba Deep Singh colony,Unplanned,Closed,2026-09-30T14:01:00Z,2026-09-30T14:47:34Z,46
1949428,North,JALANDHAR,KALI MATA MANDIR,Unplanned,Closed,2026-09-30T14:00:00Z,2026-09-30T15:14:00Z,74
1949427,South,SANGRUR,Ladda AP,Planned,Closed,2026-09-30T14:00:00Z,2026-09-30T14:11:00Z,11
1949425,South,SANGRUR,MAKORD SAHIB,Planned,Closed,2026-09-30T13:57:48Z,2026-09-30T15:25:55Z,88
1949426,South,SANGRUR,24 HRS. MAHASINGHWALA,Planned,Closed,2026-09-30T13:57:15Z,2026-09-30T15:33:22Z,96
1949446,Border,GURDASPUR,Sheh Bhattia,Unplanned,Closed,2026-09-30T13:50:00Z,2026-09-30T15:40:00Z,110
1949419,South,SANGRUR,Khokhar UPS,Planned,Closed,2026-09-30T13:47:44Z,2026-09-30T15:40:00Z,112
1949422,North,JALANDHAR,SUN FLAG,Unplanned,Closed,2026-09-30T13:47:00Z,2026-09-30T14:00:00Z,13
1949418,Border,CITY AMRITSAR,GOBIND PARK,Unplanned,Closed,2026-09-30T13:43:54Z,2026-09-30T14:00:00Z,16
1949424,West,BATHINDA,11 KV DHOBI BAZAR,Planned,Closed,2026-09-30T13:38:50Z,2026-09-30T14:19:41Z,40
1949423,West,BATHINDA,11 KV MALL ROAD,Planned,Closed,2026-09-30T13:38:50Z,2026-09-30T14:19:36Z,40
1949417,South,SANGRUR,Dhura AP(BENRA),Planned,Closed,2026-09-30T13:26:37Z,2026-09-30T19:45:57Z,379
1949416,South,SANGRUR,UPS RAMPURA,Planned,Closed,2026-09-30T13:25:39Z,2026-09-30T15:46:53Z,141
1949437,Border,GURDASPUR,24Hrs SUPPLY SEKHWAN,Unplanned,Closed,2026-09-30T13:25:31Z,2026-09-30T14:20:31Z,55
1949436,Border,GURDASPUR,24Hrs SUPPLY KALA BALA,Unplanned,Closed,2026-09-30T13:25:31Z,2026-09-30T14:20:31Z,55
1949435,Border,GURDASPUR,Jafferwal,Unplanned,Closed,2026-09-30T13:25:31Z,2026-09-30T14:20:31Z,55
1949433,Border,GURDASPUR,24Hrs U.P.S. KOTLA CHAHAL,Unplanned,Closed,2026-09-30T13:25:14Z,2026-09-30T14:20:14Z,55
1949432,Border,GURDASPUR,BHORA SAHIB,Unplanned,Closed,2026-09-30T13:25:14Z,2026-09-30T14:20:14Z,55
1949431,Border,GURDASPUR,BEHBAL CHACK,Unplanned,Closed,2026-09-30T13:25:14Z,2026-09-30T14:20:14Z,55
1949421,West,BATHINDA,BABA BAHAL DASS JI,Planned,Closed,2026-09-30T13:20:00Z,2026-09-30T14:25:00Z,65
1949420,West,BATHINDA,MIRPUR,Planned,Closed,2026-09-30T13:20:00Z,2026-09-30T15:20:43Z,120
1949410,South,SANGRUR,Khokhar UPS,Unplanned,Closed,2026-09-30T13:17:46Z,2026-09-30T13:28:13Z,10
1949415,North,NAWANSHAHR,11KV GHATARON,Unplanned,Closed,2026-09-30T13:15:00Z,2026-09-30T13:50:00Z,35
1949414,North,NAWANSHAHR,FOCAL POINT,Unplanned,Closed,2026-09-30T13:15:00Z,2026-09-30T14:55:00Z,100
1949406,East,ROPAR,Bassi,Unplanned,Closed,2026-09-30T13:10:00Z,2026-09-30T13:25:00Z,15
1949404,South,PATIALA,AGETI,Unplanned,Closed,2026-09-30T13:09:00Z,2026-09-30T13:50:00Z,41
1949403,East,ROPAR,PARADISE,Unplanned,Closed,2026-09-30T13:07:00Z,2026-09-30T14:15:00Z,68
1949402,East,ROPAR,11 KV Plazzo ELite,Unplanned,Closed,2026-09-30T13:07:00Z,2026-09-30T14:15:00Z,68
1949405,North,HOSHIARPUR,Mokal,Unplanned,Closed,2026-09-30T13:05:00Z,2026-09-30T13:40:00Z,35
1949401,South,SANGRUR,CAT-- 1 MAKORAR SAHIB,Unplanned,Closed,2026-09-30T13:04:15Z,2026-09-30T13:26:25Z,22
1949397,Central,CITY EAST LUDHIANA,BASTI FEEDER,Unplanned,Closed,2026-09-30T12:56:00Z,2026-09-30T14:45:00Z,109
1949396,North,HOSHIARPUR,Khozkipur,Unplanned,Closed,2026-09-30T12:50:00Z,2026-09-30T13:50:00Z,60
1949395,West,BATHINDA,ATLA UPS,Planned,Closed,2026-09-30T12:50:00Z,2026-09-30T16:05:52Z,195
1949391,West,MUKATSAR,11 KV Bhagsar UPS,Unplanned,Closed,2026-09-30T12:42:39Z,2026-09-30T13:25:36Z,42
1949390,West,MUKATSAR,11 KB BAZIDPURA,Unplanned,Closed,2026-09-30T12:42:02Z,2026-09-30T13:25:14Z,43
1949389,Central,CITY WEST LUDHIANA,MODEL TOWN,Planned,Closed,2026-09-30T12:41:08Z,2026-09-30T13:10:00Z,28
1949400,Border,TARN TARAN,Kendri Sudhar Ghar,Unplanned,Closed,2026-09-30T12:40:00Z,2026-09-30T14:01:00Z,81
1949399,Border,TARN TARAN,NEROLAC,Unplanned,Closed,2026-09-30T12:40:00Z,2026-09-30T14:01:00Z,81
1949398,Border,TARN TARAN,GHAT SAHIB URBAN,Unplanned,Closed,2026-09-30T12:40:00Z,2026-09-30T14:01:00Z,81
1949394,North,HOSHIARPUR,service club,Unplanned,Closed,2026-09-30T12:40:00Z,2026-09-30T13:07:00Z,27
1949393,Border,GURDASPUR,Basrawan,Unplanned,Closed,2026-09-30T12:35:00Z,2026-09-30T14:15:00Z,100
1949392,North,HOSHIARPUR,MANJPUR,Unplanned,Closed,2026-09-30T12:30:00Z,2026-09-30T13:05:00Z,35
1949388,North,HOSHIARPUR,PEALAN,Unplanned,Closed,2026-09-30T12:30:00Z,2026-09-30T13:50:00Z,80
1949386,North,NAWANSHAHR,CITY GARHSHANKAR,Unplanned,Closed,2026-09-30T12:30:00Z,2026-09-30T14:15:00Z,105
1949387,South,SANGRUR,Khokhar UPS,Unplanned,Closed,2026-09-30T12:25:00Z,2026-09-30T12:56:00Z,31
1949382,North,JALANDHAR,BHARAT,Unplanned,Closed,2026-09-30T12:25:00Z,2026-09-30T12:43:00Z,18
1949381,Central,CITY WEST LUDHIANA,MINT GUMRI,Planned,Closed,2026-09-30T12:22:43Z,2026-09-30T13:00:00Z,37
1949413,East,MOHALI,BASMA,Planned,Closed,2026-09-30T12:20:00Z,2026-09-30T15:40:14Z,200
1949412,East,MOHALI,GHARAMA AP,Planned,Closed,2026-09-30T12:20:00Z,2026-09-30T15:40:30Z,200
1949411,East,MOHALI,KHERIGURNA AP,Planned,Closed,2026-09-30T12:20:00Z,2026-09-30T15:40:08Z,200
1949409,East,MOHALI,SIGMA,Planned,Closed,2026-09-30T12:20:00Z,2026-09-30T15:40:56Z,200
1949408,East,MOHALI,LOGISTIC,Planned,Closed,2026-09-30T12:20:00Z,2026-09-30T15:40:11Z,200
1949407,East,MOHALI,MOHIKALAN UPS,Planned,Closed,2026-09-30T12:20:00Z,2026-09-30T15:40:11Z,200
1949384,North,KAPURTHALA,Nirmal Kutiya,Planned,Closed,2026-09-30T12:20:00Z,2026-09-30T13:23:00Z,63
1949383,North,KAPURTHALA,UPS Rupewal,Planned,Closed,2026-09-30T12:20:00Z,2026-09-30T13:23:00Z,63
1949378,East,ROPAR,Bassi,Unplanned,Closed,2026-09-30T12:15:00Z,2026-09-30T13:09:00Z,54
1949377,South,BARNALA,Green Colony,Planned,Closed,2026-09-30T12:15:00Z,2026-09-30T13:25:00Z,70
1949373,North,HOSHIARPUR,Pandori Attwal,Unplanned,Closed,2026-09-30T12:15:00Z,2026-09-30T13:00:00Z,45
1949372,North,HOSHIARPUR,MASTIWAL,Unplanned,Closed,2026-09-30T12:15:00Z,2026-09-30T13:00:00Z,45
1949368,East,ROPAR,SHIVJOT,Planned,Closed,2026-09-30T12:15:00Z,2026-09-30T15:05:00Z,170
1949369,South,PATIALA,SARHIND ROAD,Planned,Closed,2026-09-30T12:12:00Z,2026-09-30T12:35:00Z,23
1949375,Border,TARN TARAN,BOHRU UPS,Planned,Closed,2026-09-30T12:10:42Z,2026-09-30T15:30:42Z,200
1949380,Border,TARN TARAN,Piddi,Unplanned,Closed,2026-09-30T12:10:00Z,2026-09-30T13:40:00Z,90
1949374,South,PATIALA,JANDOLI,Unplanned,Closed,2026-09-30T12:10:00Z,2026-09-30T14:20:00Z,130
1949366,South,BARNALA,HATHAN CAT.1,Planned,Closed,2026-09-30T12:10:00Z,2026-09-30T13:03:00Z,53
1949365,Central,CITY WEST LUDHIANA,DUGRI,Planned,Closed,2026-09-30T12:06:12Z,2026-09-30T12:32:00Z,25
1949364,West,MUKATSAR,11 KV PUNJAB AGRO,Unplanned,Closed,2026-09-30T12:04:48Z,2026-09-30T13:05:58Z,61
1949363,Central,CITY WEST LUDHIANA,SATSANG GHAR,Planned,Closed,2026-09-30T12:00:57Z,2026-09-30T12:35:04Z,34
1949379,North,JALANDHAR,SUN FLAG,Unplanned,Closed,2026-09-30T12:00:00Z,2026-09-30T13:07:00Z,67
1949367,Border,GURDASPUR,Pioneer Agro,Unplanned,Closed,2026-09-30T12:00:00Z,2026-09-30T13:11:00Z,71
1949360,Border,GURDASPUR,CITY DHARIWAL,Planned,Closed,2026-09-30T11:58:00Z,2026-09-30T12:25:00Z,27
1949349,West,MUKATSAR,NEFED,Unplanned,Closed,2026-09-30T11:45:34Z,2026-09-30T12:28:11Z,42
1949362,Border,TARN TARAN,FELLOKE,Unplanned,Closed,2026-09-30T11:45:00Z,2026-09-30T12:35:00Z,50
1949348,Central,CITY WEST LUDHIANA,11 KV Happy colony,Planned,Closed,2026-09-30T11:45:00Z,2026-09-30T11:54:00Z,9
1949347,North,JALANDHAR,ADAMPUR,Unplanned,Closed,2026-09-30T11:45:00Z,2026-09-30T12:15:00Z,30
1949346,North,HOSHIARPUR,11KV ARGOWAL,Unplanned,Closed,2026-09-30T11:45:00Z,2026-09-30T12:15:00Z,30
1949345,North,HOSHIARPUR,GARDIWAL,Unplanned,Closed,2026-09-30T11:45:00Z,2026-09-30T12:15:00Z,30
1949344,North,HOSHIARPUR,MANGARH,Unplanned,Closed,2026-09-30T11:45:00Z,2026-09-30T12:15:00Z,30
1949350,West,MUKATSAR,11 KV Telupura,Unplanned,Closed,2026-09-30T11:44:49Z,2026-09-30T12:26:57Z,42
1949343,West,MUKATSAR,11 KV PUNJAB AGRO,Unplanned,Closed,2026-09-30T11:44:20Z,2026-09-30T11:59:48Z,15
1949385,South,BARNALA,JANDAWALA ROAD,Planned,Closed,2026-09-30T11:44:00Z,2026-09-30T14:00:00Z,136
1949361,West,BATHINDA,Giana,Planned,Closed,2026-09-30T11:41:00Z,2026-09-30T12:34:00Z,53
1949341,North,HOSHIARPUR,CHAK KHELA,Unplanned,Closed,2026-09-30T11:40:00Z,2026-09-30T12:15:00Z,35
1949340,North,HOSHIARPUR,BAGHA,Unplanned,Closed,2026-09-30T11:40:00Z,2026-09-30T12:15:00Z,35
1949352,North,KAPURTHALA,URBAN JANDIALA ROAD Nurmahal,Planned,Closed,2026-09-30T11:35:00Z,2026-09-30T13:25:00Z,110
1949342,North,JALANDHAR,11KV HOUSING BOARD,Unplanned,Closed,2026-09-30T11:35:00Z,2026-09-30T12:17:00Z,42
1949330,West,MUKATSAR,KRISHNA NAGRI,Planned,Closed,2026-09-30T11:33:59Z,2026-09-30T13:17:02Z,103
1949337,Border,SUB URBAN AMRITSAR,24 HRS RANIA,Unplanned,Closed,2026-09-30T11:31:55Z,2026-09-30T12:20:00Z,48
1949335,North,JALANDHAR,11KV MAI HIREAN GATE,Unplanned,Closed,2026-09-30T11:29:11Z,2026-09-30T11:53:00Z,23
1949336,South,SANGRUR,TOORBANJARA UPS,Unplanned,Closed,2026-09-30T11:29:00Z,2026-09-30T12:55:00Z,86
1949332,West,MUKATSAR,11 KV SAIDANWALI,Unplanned,Closed,2026-09-30T11:25:51Z,2026-09-30T11:55:01Z,29
1949328,South,SANGRUR,Mannwala,Planned,Closed,2026-09-30T11:25:44Z,2026-09-30T18:05:00Z,399
1949359,East,Zirakpur,SUNNY ENCLAVE,Planned,Closed,2026-09-30T11:25:00Z,2026-09-30T12:20:00Z,55
1949358,East,Zirakpur,KALGIDHAR,Planned,Closed,2026-09-30T11:25:00Z,2026-09-30T12:20:00Z,55
1949357,East,Zirakpur,BALTANA,Planned,Closed,2026-09-30T11:25:00Z,2026-09-30T12:20:00Z,55
1949356,East,Zirakpur,GBM,Planned,Closed,2026-09-30T11:25:00Z,2026-09-30T12:20:00Z,55
1949355,East,Zirakpur,TRIBUNE COLONY,Planned,Closed,2026-09-30T11:25:00Z,2026-09-30T12:20:00Z,55
1949354,East,Zirakpur,SAINI VIHAR,Planned,Closed,2026-09-30T11:25:00Z,2026-09-30T12:20:00Z,55
1949353,East,Zirakpur,PANCHSHEEL,Planned,Closed,2026-09-30T11:25:00Z,2026-09-30T12:20:00Z,55
1949351,East,Zirakpur,KALKA ROAD,Planned,Closed,2026-09-30T11:25:00Z,2026-09-30T12:20:00Z,55
1949339,South,PATIALA,GHANAUR,Unplanned,Closed,2026-09-30T11:25:00Z,2026-09-30T12:01:11Z,36
1949331,North,NAWANSHAHR,Bhardwajian,Unplanned,Closed,2026-09-30T11:24:00Z,2026-09-30T12:15:00Z,51
1949333,East,Zirakpur,RANBAXY,Unplanned,Closed,2026-09-30T11:17:00Z,2026-09-30T12:17:00Z,60
1949325,Border,TARN TARAN,PRINGRI R,Unplanned,Closed,2026-09-30T11:15:20Z,2026-09-30T11:26:50Z,11
1949334,South,BARNALA,SHERWANIKOT UPS,Unplanned,Closed,2026-09-30T11:15:00Z,2026-09-30T12:52:00Z,97
1949324,South,PATIALA,SHRI THAKUR DWARA,Unplanned,Closed,2026-09-30T11:10:00Z,2026-09-30T11:35:00Z,25
1949323,South,PATIALA,Bharat colony,Unplanned,Closed,2026-09-30T11:10:00Z,2026-09-30T11:35:00Z,25
1949317,Central,CITY WEST LUDHIANA,Aman Park,Unplanned,Closed,2026-09-30T11:08:44Z,2026-09-30T11:40:47Z,32
1949316,North,JALANDHAR,11KV Airport,Unplanned,Closed,2026-09-30T11:06:00Z,2026-09-30T11:55:00Z,49
1949327,South,BARNALA,UPS HAMIDI/GURMA,Unplanned,Closed,2026-09-30T11:05:00Z,2026-09-30T12:45:00Z,100
1949313,Border,TARN TARAN,Baba Khekhi sah,Planned,Closed,2026-09-30T11:00:52Z,2026-09-30T15:30:52Z,270
1949312,Border,TARN TARAN,GAGOBUA URBAN,Planned,Closed,2026-09-30T11:00:52Z,2026-09-30T15:30:52Z,270
1949311,Border,TARN TARAN,24 Hur. Sohal,Planned,Closed,2026-09-30T11:00:52Z,2026-09-30T15:30:52Z,270
1949338,Central,CITY EAST LUDHIANA,KAILASH NAGAR,Planned,Closed,2026-09-30T11:00:00Z,2026-09-30T18:00:00Z,420
1949322,West,BATHINDA,CHAKALI SHER UPS,Planned,Closed,2026-09-30T11:00:00Z,2026-09-30T13:30:00Z,150
1949321,West,BATHINDA,11 KV Kulrian Urban,Planned,Closed,2026-09-30T11:00:00Z,2026-09-30T13:30:00Z,150
1949320,West,BATHINDA,MAGHANIAN UPS,Planned,Closed,2026-09-30T11:00:00Z,2026-09-30T13:30:00Z,150
1949319,West,BATHINDA,Boha,Planned,Closed,2026-09-30T11:00:00Z,2026-09-30T13:30:00Z,150
1949248,Central,CITY EAST LUDHIANA,R.K.,Planned,Closed,2026-09-30T11:00:00Z,2026-09-30T18:00:00Z,420
1949329,South,SANGRUR,HARIPURA,Unplanned,Closed,2026-09-30T10:58:00Z,2026-09-30T11:35:00Z,37
1949309,West,MUKATSAR,11 KV Alamgarh,Unplanned,Closed,2026-09-30T10:56:04Z,2026-09-30T11:15:10Z,19
1949315,East,ROPAR,NILET,Unplanned,Closed,2026-09-30T10:56:00Z,2026-09-30T12:04:00Z,68
1949310,Border,GURDASPUR,Azizpur,Unplanned,Closed,2026-09-30T10:56:00Z,2026-09-30T11:22:00Z,26
1949318,Border,TARN TARAN,MOHAN SINGH TUR,Unplanned,Closed,2026-09-30T10:55:00Z,2026-09-30T12:05:00Z,70
1949314,East,MOHALI,11KV NADIALI AP,Unplanned,Closed,2026-09-30T10:55:00Z,2026-09-30T11:15:00Z,20
1949308,East,MOHALI,11 KV SUKHNA ENCLAVE,Planned,Closed,2026-09-30T10:53:00Z,2026-09-30T14:00:00Z,187
1949307,North,KAPURTHALA,URBAN MODEL TOWN Shahkot,Unplanned,Closed,2026-09-30T10:52:00Z,2026-09-30T12:04:00Z,72
1949301,South,SANGRUR,CHANGAL,Unplanned,Closed,2026-09-30T10:49:21Z,2026-09-30T12:19:30Z,90
1949297,South,SANGRUR,11 KV SATOJ URBAN,Planned,Closed,2026-09-30T10:48:00Z,2026-09-30T13:41:00Z,173
1949302,North,JALANDHAR,11 kv CHILDERN PARK NO. 1,Unplanned,Closed,2026-09-30T10:45:30Z,2026-09-30T11:16:00Z,30
1949326,East,ROPAR,11 KV SIDHUPUR,Unplanned,Closed,2026-09-30T10:45:00Z,2026-09-30T13:15:00Z,150
1949293,West,BATHINDA,BAHO (UPS),Planned,Closed,2026-09-30T10:44:00Z,2026-09-30T14:12:01Z,208
1949306,East,MOHALI,JANTI DEVI,Planned,Closed,2026-09-30T10:42:00Z,2026-09-30T12:23:00Z,101
1949305,East,MOHALI,11 KV Manohar,Planned,Closed,2026-09-30T10:42:00Z,2026-09-30T12:23:00Z,101
1949304,East,MOHALI,PCA NEW CRICKET STADIUM MULLAN,Planned,Closed,2026-09-30T10:42:00Z,2026-09-30T12:58:00Z,136
1949300,East,MOHALI,BASMA,Unplanned,Closed,2026-09-30T10:40:00Z,2026-09-30T12:15:58Z,95
1949299,East,MOHALI,GHARAMA AP,Unplanned,Closed,2026-09-30T10:40:00Z,2026-09-30T12:15:58Z,95
1949298,East,MOHALI,KHERIGURNA AP,Unplanned,Closed,2026-09-30T10:40:00Z,2026-09-30T12:15:58Z,95
1949296,East,MOHALI,SIGMA,Unplanned,Closed,2026-09-30T10:40:00Z,2026-09-30T12:15:07Z,95
1949295,East,MOHALI,LOGISTIC,Unplanned,Closed,2026-09-30T10:40:00Z,2026-09-30T12:15:56Z,95
1949294,East,MOHALI,MOHIKALAN UPS,Unplanned,Closed,2026-09-30T10:40:00Z,2026-09-30T11:46:31Z,66
1949291,Border,GURDASPUR,IGC,Unplanned,Closed,2026-09-30T10:40:00Z,2026-09-30T10:56:00Z,16
1949290,Border,CITY AMRITSAR,KHOO BHALLA,Unplanned,Closed,2026-09-30T10:34:00Z,2026-09-30T11:34:44Z,60
1949282,East,ROPAR,11 KV Plazzo ELite,Planned,Closed,2026-09-30T10:33:00Z,2026-09-30T10:35:00Z,2
1949283,South,SANGRUR,PAPRA(main+branch),Planned,Closed,2026-09-30T10:30:38Z,2026-09-30T13:58:50Z,208
1949289,Border,TARN TARAN,MATA BAGGO URBAN IND.,Unplanned,Closed,2026-09-30T10:30:00Z,2026-09-30T12:02:00Z,92
1949288,Border,TARN TARAN,24 Hours Supp Mir Pur,Unplanned,Closed,2026-09-30T10:30:00Z,2026-09-30T12:02:00Z,92
1949285,Border,SUB URBAN AMRITSAR,Mallan Wali,Unplanned,Closed,2026-09-30T10:30:00Z,2026-09-30T10:50:00Z,20
1949280,North,JALANDHAR,LINK FEEDER,Planned,Closed,2026-09-30T10:30:00Z,2026-09-30T12:20:00Z,110
1949284,South,SANGRUR,DHUNIDASS,Unplanned,Closed,2026-09-30T10:28:41Z,2026-09-30T13:10:06Z,161
1949281,Central,KHANNA,Friend colony,Unplanned,Closed,2026-09-30T10:28:00Z,2026-09-30T11:00:00Z,32
1949286,North,JALANDHAR,11 KV JANTA COLONY,Unplanned,Closed,2026-09-30T10:27:33Z,2026-09-30T11:24:56Z,57
1949287,North,HOSHIARPUR,Lajwanti Stadium,Planned,Closed,2026-09-30T10:25:00Z,2026-09-30T14:05:00Z,220
1949292,West,BATHINDA,CHAKRIAN ROAD URBAN,Unplanned,Closed,2026-09-30T10:24:00Z,2026-09-30T11:55:00Z,91
1949279,North,KAPURTHALA,URBAN BUS STAND,Planned,Closed,2026-09-30T10:20:00Z,2026-09-30T10:40:00Z,20
1949278,South,PATIALA,kotla,Unplanned,Closed,2026-09-30T10:20:00Z,2026-09-30T10:45:00Z,25
1949277,West,MUKATSAR,11 KV SARDARPURA UPS,Unplanned,Closed,2026-09-30T10:17:50Z,2026-09-30T10:44:50Z,27
1949276,West,MUKATSAR,11 KV Bhagsar UPS,Unplanned,Closed,2026-09-30T10:17:50Z,2026-09-30T10:44:50Z,27
1949275,West,MUKATSAR,11 KV SITO,Unplanned,Closed,2026-09-30T10:17:50Z,2026-09-30T10:44:50Z,27
1949269,West,MUKATSAR,Dhani Sucha Singh (Old Chakra),Unplanned,Closed,2026-09-30T10:17:22Z,2026-09-30T10:44:22Z,27
1949268,West,MUKATSAR,11 KV New Water Works -2,Unplanned,Closed,2026-09-30T10:17:22Z,2026-09-30T10:44:22Z,27
1949267,West,MUKATSAR,11 KV BALA JI DHAM,Unplanned,Closed,2026-09-30T10:17:22Z,2026-09-30T10:44:22Z,27
1949266,West,MUKATSAR,11 KV Dhani Bisehesarnath,Unplanned,Closed,2026-09-30T10:17:22Z,2026-09-30T10:44:22Z,27
1949265,West,MUKATSAR,11 KV Azimgarh Urban,Unplanned,Closed,2026-09-30T10:17:22Z,2026-09-30T10:44:22Z,27
1949264,West,MUKATSAR,11 KV South Avenue,Unplanned,Closed,2026-09-30T10:17:22Z,2026-09-30T10:44:22Z,27
1949274,West,MUKATSAR,11 KV RAJPURA,Unplanned,Closed,2026-09-30T10:17:10Z,2026-09-30T10:44:10Z,27
1949273,West,MUKATSAR,11 KV KHATWAN,Unplanned,Closed,2026-09-30T10:17:10Z,2026-09-30T10:44:10Z,27
1949272,West,MUKATSAR,11 KV KANDHWALA UPS,Unplanned,Closed,2026-09-30T10:17:10Z,2026-09-30T10:44:10Z,27
1949271,West,MUKATSAR,11 KV BHAGU,Unplanned,Closed,2026-09-30T10:17:10Z,2026-09-30T10:44:10Z,27
1949270,West,MUKATSAR,11 KV BAHAV WALA,Unplanned,Closed,2026-09-30T10:17:10Z,2026-09-30T10:44:10Z,27
1949263,Border,TARN TARAN,BUTTER KHURD,Unplanned,Closed,2026-09-30T10:17:07Z,2026-09-30T12:35:45Z,138
1949259,South,SANGRUR,HARERI,Unplanned,Closed,2026-09-30T10:15:00Z,2026-09-30T12:45:12Z,150
1949262,Border,TARN TARAN,BUTTER SEWIAN,Unplanned,Closed,2026-09-30T10:14:10Z,2026-09-30T12:17:11Z,123
1949303,North,JALANDHAR,11kv Nangal shama,Unplanned,Closed,2026-09-30T10:11:00Z,2026-09-30T12:10:00Z,119
1949258,East,MOHALI,11KV DHELPUR,Unplanned,Closed,2026-09-30T10:11:00Z,2026-09-30T10:52:22Z,41
1949260,West,FARIDKOT,GANGSAR,Unplanned,Closed,2026-09-30T10:10:17Z,2026-09-30T11:20:21Z,70
1949257,West,BATHINDA,BURJ SEMA,Unplanned,Closed,2026-09-30T10:07:00Z,2026-09-30T11:22:00Z,75
1949214,West,MUKATSAR,Zorki Andhe Walli,Planned,Closed,2026-09-30T10:00:48Z,2026-09-30T17:15:48Z,435
1949213,West,MUKATSAR,KHEOWALA UPS,Planned,Closed,2026-09-30T10:00:48Z,2026-09-30T17:14:48Z,434
1949212,West,MUKATSAR,Chimne Wala urban Cat 1,Planned,Closed,2026-09-30T10:00:48Z,2026-09-30T17:15:48Z,435
1949211,West,MUKATSAR,Hauz Khas,Planned,Closed,2026-09-30T10:00:48Z,2026-09-30T17:15:48Z,435
1949255,Border,GURDASPUR,Nanonangal,Unplanned,Closed,2026-09-30T10:00:00Z,2026-09-30T10:40:00Z,40
1949254,Border,GURDASPUR,Sahowal,Unplanned,Closed,2026-09-30T10:00:00Z,2026-09-30T10:40:00Z,40
1949244,North,KAPURTHALA,UPS Rahimpur,Planned,Closed,2026-09-30T10:00:00Z,2026-09-30T14:00:00Z,240
1949175,Border,GURDASPUR,Peeranbagh,Planned,Closed,2026-09-30T10:00:00Z,2026-09-30T15:26:00Z,326
1949174,Border,GURDASPUR,Kalanangal,Planned,Closed,2026-09-30T10:00:00Z,2026-09-30T15:26:00Z,326
1949173,Border,GURDASPUR,Sadhuchack,Planned,Closed,2026-09-30T10:00:00Z,2026-09-30T15:25:00Z,325
1949170,South,PATIALA,11KV NARENDRA ENCLAVE,Planned,Closed,2026-09-30T10:00:00Z,2026-09-30T14:15:00Z,255
1949252,South,SANGRUR,Akoi Sahab,Unplanned,Closed,2026-09-30T09:57:54Z,2026-09-30T13:07:03Z,189
1949251,South,SANGRUR,BADRUKHAN,Unplanned,Closed,2026-09-30T09:57:35Z,2026-09-30T11:29:42Z,92
1949253,South,SANGRUR,Bagguana,Unplanned,Closed,2026-09-30T09:57:15Z,2026-09-30T12:30:22Z,153
1949261,East,MOHALI,SEC 64-A,Planned,Closed,2026-09-30T09:50:00Z,2026-09-30T10:13:00Z,23
1949245,West,BATHINDA,PHULO MITHI,Unplanned,Closed,2026-09-30T09:46:33Z,2026-09-30T11:05:00Z,78
1949242,West,BATHINDA,JUJHAR SINGH NAGAR,Planned,Closed,2026-09-30T09:45:00Z,2026-09-30T10:18:00Z,33
1949239,East,MOHALI,RATWARA SAHIB,Unplanned,Closed,2026-09-30T09:43:00Z,2026-09-30T10:02:00Z,19
1949240,Border,TARN TARAN,ANIYATPUR 66KV LIDHAR,Unplanned,Closed,2026-09-30T09:42:15Z,2026-09-30T13:00:00Z,197
1949246,Border,TARN TARAN,JAMA RAI UPS,Unplanned,Closed,2026-09-30T09:40:00Z,2026-09-30T10:05:00Z,25
1949241,South,PATIALA,PREET AGRO,Unplanned,Closed,2026-09-30T09:40:00Z,2026-09-30T17:37:00Z,477
1949256,East,ROPAR,Siswan,Unplanned,Closed,2026-09-30T09:35:00Z,2026-09-30T10:30:00Z,55
1949247,West,BATHINDA,Mehraj,Unplanned,Closed,2026-09-30T09:35:00Z,2026-09-30T11:10:00Z,95
1949238,East,ROPAR,11KV Hargovind Nangar,Unplanned,Closed,2026-09-30T09:26:00Z,2026-09-30T09:47:00Z,21
1949237,North,JALANDHAR,TRIBUNE,Unplanned,Closed,2026-09-30T09:25:00Z,2026-09-30T11:18:00Z,113
1949236,Border,SUB URBAN AMRITSAR,Hari mandir,Unplanned,Closed,2026-09-30T09:25:00Z,2026-09-30T10:10:00Z,45
1949235,North,HOSHIARPUR,RAMPUR,Unplanned,Closed,2026-09-30T09:20:00Z,2026-09-30T10:23:00Z,63
1949233,North,HOSHIARPUR,Abdulapur,Unplanned,Closed,2026-09-30T09:20:00Z,2026-09-30T10:00:00Z,40
1949250,South,PATIALA,GAJJU KHERA URBAN,Unplanned,Closed,2026-09-30T09:15:00Z,2026-09-30T14:05:00Z,290
1949249,South,PATIALA,UPS PAWALA,Unplanned,Closed,2026-09-30T09:15:00Z,2026-09-30T14:05:00Z,290
1949234,Border,TARN TARAN,KADD GILL UPS,Unplanned,Closed,2026-09-30T09:10:00Z,2026-09-30T09:45:00Z,35
1949229,West,MUKATSAR,11 KV KIKKER KHERA,Planned,Closed,2026-09-30T09:05:07Z,2026-09-30T12:20:21Z,195
1949216,West,MUKATSAR,PHULEWALA CAT-1,Planned,Closed,2026-09-30T09:00:42Z,2026-09-30T12:40:42Z,220
1949215,West,MUKATSAR,TAMKOT UPS,Planned,Closed,2026-09-30T09:00:42Z,2026-09-30T12:40:42Z,220
1949230,North,KAPURTHALA,UPS GURSAR,Unplanned,Closed,2026-09-30T08:58:00Z,2026-09-30T10:15:00Z,77
1949232,North,HOSHIARPUR,PANKHUH,Unplanned,Closed,2026-09-30T08:56:00Z,2026-09-30T09:56:00Z,60
1949231,Border,SUB URBAN AMRITSAR,SANDHU COLONY,Unplanned,Closed,2026-09-30T08:55:00Z,2026-09-30T09:35:00Z,40
1949228,North,KAPURTHALA,DAINWIND (UPS),Unplanned,Closed,2026-09-30T08:47:00Z,2026-09-30T09:00:00Z,13
1949227,South,SANGRUR,11 KV NAMOL UPS,Unplanned,Closed,2026-09-30T08:45:00Z,2026-09-30T10:40:00Z,115
1949224,East,ROPAR,TIBBA TAPPRIAN,Unplanned,Closed,2026-09-30T08:40:00Z,2026-09-30T08:55:00Z,15
1949226,Border,TARN TARAN,GURU NANAK HOSPITAL,Unplanned,Closed,2026-09-30T08:30:00Z,2026-09-30T09:20:00Z,50
1949225,Border,TARN TARAN,Railway Road Urban..,Unplanned,Closed,2026-09-30T08:30:00Z,2026-09-30T09:20:00Z,50
1949148,West,BATHINDA,INDUSTRIAL,Planned,Closed,2026-09-30T08:30:00Z,2026-09-30T12:30:00Z,240
1949221,North,KAPURTHALA,URBAN NADALA,Unplanned,Closed,2026-09-30T08:26:00Z,2026-09-30T08:55:00Z,29
1949222,South,PATIALA,11 KV Air force,Unplanned,Closed,2026-09-30T08:25:00Z,2026-09-30T09:40:00Z,75
1949220,Central,CITY EAST LUDHIANA,BHADOUR HOUSE,Unplanned,Closed,2026-09-30T08:20:00Z,2026-09-30T09:10:00Z,50
1949217,North,JALANDHAR,Chomon,Unplanned,Closed,2026-09-30T08:20:00Z,2026-09-30T08:55:00Z,35
1949223,Border,GURDASPUR,DEHRIWAL KIRAN,Unplanned,Closed,2026-09-30T08:15:00Z,2026-09-30T10:01:00Z,106
1949218,Border,GURDASPUR,CITY DHARIWAL,Unplanned,Closed,2026-09-30T08:10:00Z,2026-09-30T08:20:00Z,10
1949210,North,NAWANSHAHR,BIRAMPUR,Unplanned,Closed,2026-09-30T08:05:00Z,2026-09-30T08:44:00Z,39
1949219,East,ROPAR,CHINTGARH FEEDER,Unplanned,Closed,2026-09-30T07:55:00Z,2026-09-30T08:28:00Z,33
1949208,Border,SUB URBAN AMRITSAR,KHANNA NAGAR,Unplanned,Closed,2026-09-30T07:55:00Z,2026-09-30T08:25:00Z,30
1949209,Border,CITY AMRITSAR,11 KV Gurbux Nagar,Unplanned,Closed,2026-09-30T07:45:00Z,2026-09-30T08:55:00Z,70
1949207,Central,CITY WEST LUDHIANA,STAR ROAD FEEDER,Unplanned,Closed,2026-09-30T07:41:56Z,2026-09-30T08:25:06Z,43
1949206,South,SANGRUR,Dirba Urban,Unplanned,Closed,2026-09-30T07:15:00Z,2026-09-30T08:15:00Z,60
1949203,North,NAWANSHAHR,CITY GARHSHANKAR,Unplanned,Closed,2026-09-30T06:55:00Z,2026-09-30T08:15:00Z,80
1949200,Central,CITY WEST LUDHIANA,NEW JANTA NAGAR,Unplanned,Closed,2026-09-30T06:49:39Z,2026-09-30T08:17:36Z,87
1949198,Central,CITY WEST LUDHIANA,SOKHI FEEDER,Unplanned,Closed,2026-09-30T06:46:56Z,2026-09-30T07:47:56Z,61
1949202,South,SANGRUR,Badesha,Unplanned,Closed,2026-09-30T06:45:00Z,2026-09-30T07:10:51Z,25
1949199,West,BATHINDA,LEHRA SONDHA,Unplanned,Closed,2026-09-30T06:45:00Z,2026-09-30T10:35:00Z,230
1949201,West,FARIDKOT,11 KV ALAMWALA-UPS,Unplanned,Closed,2026-09-30T06:40:00Z,2026-09-30T07:30:00Z,50
1949205,East,MOHALI,KHERIGURNA AP,Unplanned,Closed,2026-09-30T06:30:00Z,2026-09-30T08:01:07Z,91
1949204,North,JALANDHAR,URBAN STATE,Unplanned,Closed,2026-09-30T06:30:00Z,2026-09-30T07:30:00Z,60
1949197,East,MOHALI,DERRI AP,Unplanned,Closed,2026-09-30T06:18:00Z,2026-09-30T10:35:02Z,257
1949196,East,MOHALI,11KV NADIALI AP,Unplanned,Closed,2026-09-30T06:05:00Z,2026-09-30T08:56:26Z,171
1949195,South,BARNALA,11KV TARAKSHEEL ROAD,Unplanned,Closed,2026-09-30T06:05:00Z,2026-09-30T10:15:00Z,250
1949194,North,KAPURTHALA,11 KV SHERPURA,Unplanned,Closed,2026-09-30T05:05:00Z,2026-09-30T05:35:00Z,30
1949193,Central,CITY EAST LUDHIANA,BROWN FEEDER,Unplanned,Closed,2026-09-30T04:24:00Z,2026-09-30T04:48:00Z,24
1949192,North,JALANDHAR,NATIONAL,Unplanned,Closed,2026-09-30T03:47:11Z,2026-09-30T04:00:25Z,13
1949191,South,BARNALA,Manvi UPS,Unplanned,Closed,2026-09-30T03:00:00Z,2026-09-30T07:40:00Z,280
1949190,Border,SUB URBAN AMRITSAR,11 kv Baba Deep Singh colony,Unplanned,Closed,2026-09-29T23:50:00Z,2026-09-30T02:00:00Z,130
1949189,East,Zirakpur,SAVITRYGREEN,Planned,Closed,2026-09-29T22:35:00Z,2026-09-29T22:50:00Z,15
1949188,East,Zirakpur,11 kv adda jhungia cat-1,Planned,Closed,2026-09-29T22:35:00Z,2026-09-29T22:50:00Z,15
1949187,East,ROPAR,11 KV Moura,Unplanned,Closed,2026-09-29T21:48:00Z,2026-09-29T21:59:00Z,11
1949185,North,NAWANSHAHR,CITY GARHSHANKAR,Unplanned,Closed,2026-09-29T21:26:00Z,2026-09-29T21:56:00Z,30
1949184,Central,KHANNA,GT ROAD,Unplanned,Closed,2026-09-29T21:19:00Z,2026-09-29T21:55:00Z,36
1949182,Central,CITY EAST LUDHIANA,ISLAM GANJ,Unplanned,Closed,2026-09-29T20:50:00Z,2026-09-29T21:24:00Z,34
1949183,South,SANGRUR,Gurdaspura,Unplanned,Closed,2026-09-29T20:49:00Z,2026-09-29T22:57:00Z,128
1949181,East,Zirakpur,Dehar. Cat. 1,Unplanned,Closed,2026-09-29T20:37:00Z,2026-09-29T21:37:00Z,60
1949180,South,SANGRUR,11 KV MAYA GARDEN,Unplanned,Closed,2026-09-29T20:22:00Z,2026-09-29T20:26:00Z,4
1949179,West,MUKATSAR,11 KV Bhagsar UPS,Unplanned,Closed,2026-09-29T20:14:50Z,2026-09-29T21:25:56Z,71
1949178,West,MUKATSAR,11 KV SARDARPURA UPS,Unplanned,Closed,2026-09-29T20:14:10Z,2026-09-29T21:25:22Z,71
1949177,Border,GURDASPUR,Nangal,Unplanned,Closed,2026-09-29T20:05:00Z,2026-09-29T20:20:00Z,15
1949176,South,PATIALA,FRIENDS COLONY,Unplanned,Closed,2026-09-29T20:05:00Z,2026-09-29T22:15:00Z,130
1949186,South,BARNALA,SANGHAIN UPS,Unplanned,Closed,2026-09-29T19:58:00Z,2026-09-29T22:25:00Z,147
1949171,South,PATIALA,kotla,Unplanned,Closed,2026-09-29T19:40:00Z,2026-09-29T19:55:00Z,15
1949172,West,BATHINDA,MAUR KHURD,Unplanned,Closed,2026-09-29T19:27:00Z,2026-09-29T20:43:00Z,76
1949169,Border,SUB URBAN AMRITSAR,PAWAN NAGAR,Unplanned,Closed,2026-09-29T19:20:00Z,2026-09-29T20:19:00Z,59
1949168,West,BATHINDA,Kalewander,Planned,Closed,2026-09-29T19:17:00Z,2026-09-29T20:38:00Z,81
1949166,Central,CITY EAST LUDHIANA,JAIL ROAD,Unplanned,Closed,2026-09-29T19:16:51Z,2026-09-29T20:16:51Z,60
1949165,Central,CITY EAST LUDHIANA,CHAURA BAZAAR,Unplanned,Closed,2026-09-29T19:16:51Z,2026-09-29T20:16:51Z,60
1949164,Central,CITY EAST LUDHIANA,KOTWALI,Unplanned,Closed,2026-09-29T19:16:51Z,2026-09-29T20:16:51Z,60
1949163,Central,CITY EAST LUDHIANA,WAIT GANJ,Unplanned,Closed,2026-09-29T19:16:51Z,2026-09-29T20:16:51Z,60
1949162,Central,CITY EAST LUDHIANA,11 KV D-SUB STATION,Unplanned,Closed,2026-09-29T19:16:51Z,2026-09-29T20:16:51Z,60
1949161,Central,CITY EAST LUDHIANA,BASTI FEEDER,Unplanned,Closed,2026-09-29T19:16:51Z,2026-09-29T20:16:51Z,60
1949160,Central,CITY EAST LUDHIANA,CALIBER PLAZA,Unplanned,Closed,2026-09-29T19:16:51Z,2026-09-29T20:16:51Z,60
1949159,Central,CITY EAST LUDHIANA,Shivpuri,Unplanned,Closed,2026-09-29T19:16:51Z,2026-09-29T20:16:51Z,60
1949158,Central,CITY EAST LUDHIANA,BHADOUR HOUSE,Unplanned,Closed,2026-09-29T19:16:51Z,2026-09-29T20:16:51Z,60
1949157,Central,CITY EAST LUDHIANA,BRAHM PURI,Unplanned,Closed,2026-09-29T19:16:51Z,2026-09-29T20:16:51Z,60
1949167,South,SANGRUR,MANDVI CITY,Unplanned,Closed,2026-09-29T19:15:00Z,2026-09-29T20:00:00Z,45
1949152,South,PATIALA,DALIMA,Unplanned,Closed,2026-09-29T19:10:00Z,2026-09-29T19:20:00Z,10
1949151,Border,GURDASPUR,Maira,Unplanned,Closed,2026-09-29T19:08:00Z,2026-09-29T19:35:00Z,27
1949156,Border,SUB URBAN AMRITSAR,MALL MANDI,Unplanned,Closed,2026-09-29T19:05:00Z,2026-09-29T19:35:00Z,30
1949155,Border,SUB URBAN AMRITSAR,SUNDER NAGAR,Unplanned,Closed,2026-09-29T19:05:00Z,2026-09-29T19:35:00Z,30
1949154,Border,SUB URBAN AMRITSAR,SHIV NAGAR,Unplanned,Closed,2026-09-29T19:05:00Z,2026-09-29T19:35:00Z,30
1949153,Border,SUB URBAN AMRITSAR,Judge Nagar,Unplanned,Closed,2026-09-29T19:05:00Z,2026-09-29T19:35:00Z,30
1949150,Central,CITY EAST LUDHIANA,Kashmir Nagar,Unplanned,Closed,2026-09-29T19:00:44Z,2026-09-29T20:13:39Z,72
1949141,South,SANGRUR,Gaushala Road,Planned,Closed,2026-09-29T19:00:34Z,2026-09-29T19:25:41Z,25
1949146,Central,CITY EAST LUDHIANA,NEW VISHNUPURI,Unplanned,Closed,2026-09-29T19:00:00Z,2026-09-29T19:50:00Z,50
1949145,North,HOSHIARPUR,Salempur,Unplanned,Closed,2026-09-29T19:00:00Z,2026-09-29T19:30:00Z,30
1949147,West,FARIDKOT,JAITO CITY,Planned,Closed,2026-09-29T18:56:00Z,2026-09-29T19:03:01Z,7
1949149,Border,TARN TARAN,JEOBALA UPS,Unplanned,Closed,2026-09-29T18:55:00Z,2026-09-29T19:05:00Z,10
1949142,South,SANGRUR,24 HRS. CHANGALIWALA,Unplanned,Closed,2026-09-29T18:49:11Z,2026-09-29T19:20:26Z,31
1949143,South,SANGRUR,11 KV UPS HAMJHERI,Unplanned,Closed,2026-09-29T18:44:00Z,2026-09-29T19:07:00Z,23
1949144,West,BATHINDA,11 KV AMBEDKAR NAGAR,Unplanned,Closed,2026-09-29T18:31:00Z,2026-09-29T19:38:21Z,67
1949136,Central,CITY WEST LUDHIANA,Jindle Cycle,Planned,Closed,2026-09-29T18:30:54Z,2026-09-29T18:48:32Z,17
1949133,North,JALANDHAR,11 KV BABA MOHAN DASS NAGAR,Unplanned,Closed,2026-09-29T18:27:30Z,2026-09-29T18:41:36Z,14
1949132,East,Zirakpur,Hasanpur UPS,Unplanned,Closed,2026-09-29T18:27:00Z,2026-09-29T19:40:00Z,73
1949134,North,JALANDHAR,COMPANY BHAG,Unplanned,Closed,2026-09-29T18:25:12Z,2026-09-29T19:15:00Z,49
1949137,East,Zirakpur,NABHA SAHIB,Planned,Closed,2026-09-29T18:25:00Z,2026-09-29T18:34:00Z,9
1949135,East,Zirakpur,SILVERCITY,Planned,Closed,2026-09-29T18:25:00Z,2026-09-29T18:34:00Z,9
1949129,West,MUKATSAR,11 KV Bhagsar UPS,Unplanned,Closed,2026-09-29T18:12:43Z,2026-09-29T18:49:40Z,36
1949128,West,MUKATSAR,11 KV SARDARPURA UPS,Unplanned,Closed,2026-09-29T18:12:17Z,2026-09-29T18:49:25Z,37
1949131,East,Zirakpur,DHAKOLI,Planned,Closed,2026-09-29T18:05:00Z,2026-09-29T18:20:00Z,15
1949130,East,Zirakpur,HARMILAP NAGAR,Planned,Closed,2026-09-29T18:05:00Z,2026-09-29T18:20:00Z,15
1949127,East,Zirakpur,11KV  SUSHMA,Planned,Closed,2026-09-29T18:05:00Z,2026-09-29T18:20:00Z,15
1949126,North,JALANDHAR,JAINSON INDUSTRIES,Unplanned,Closed,2026-09-29T18:04:15Z,2026-09-29T18:40:21Z,36
1949140,West,BATHINDA,11 KV VISWASH COLONY,Planned,Closed,2026-09-29T18:00:00Z,2026-09-29T19:05:16Z,65
1949113,Central,KHANNA,Ismailpur feeder,Unplanned,Closed,2026-09-29T17:56:39Z,2026-09-29T18:48:50Z,52
1949105,East,Zirakpur,11 kv adda jhungia cat-1,Unplanned,Closed,2026-09-29T17:50:00Z,2026-09-29T18:28:00Z,38
1949114,East,Zirakpur,TRY CITY,Planned,Closed,2026-09-29T17:46:00Z,2026-09-29T18:30:00Z,44
1949077,North,HOSHIARPUR,KHARDEHER,Unplanned,Closed,2026-09-29T17:46:00Z,2026-09-29T18:25:00Z,39
1949070,North,NAWANSHAHR,SIKANDERPUR,Unplanned,Closed,2026-09-29T17:41:00Z,2026-09-29T18:06:00Z,25
1949068,West,MUKATSAR,11 KV SITO,Planned,Closed,2026-09-29T17:39:08Z,2026-09-29T18:10:17Z,31
1949069,North,HOSHIARPUR,MHP2,Unplanned,Closed,2026-09-29T17:35:00Z,2026-09-29T19:15:00Z,100
1949067,North,JALANDHAR,DHANOWALI,Unplanned,Closed,2026-09-29T17:25:00Z,2026-09-29T17:58:00Z,33
1949065,East,ROPAR,Puda Colony Ropar,Unplanned,Closed,2026-09-29T17:16:00Z,2026-09-29T17:53:00Z,37
1949064,North,JALANDHAR,RAJOWAL,Unplanned,Closed,2026-09-29T17:15:00Z,2026-09-29T17:55:00Z,40
1949063,West,MUKATSAR,FAZILKA ROAD,Unplanned,Closed,2026-09-29T17:08:40Z,2026-09-29T18:18:00Z,69
1949062,West,MUKATSAR,BAHAVAL BASI,Unplanned,Closed,2026-09-29T17:08:40Z,2026-09-29T18:18:00Z,69
1949066,West,FARIDKOT,BATHINDA ROAD,Planned,Closed,2026-09-29T17:07:00Z,2026-09-29T17:40:00Z,33
1949061,South,PATIALA,CITY SAMANA,Unplanned,Closed,2026-09-29T17:02:00Z,2026-09-29T18:00:00Z,58
1949055,South,SANGRUR,Banganwali,Planned,Closed,2026-09-29T16:58:48Z,2026-09-29T18:55:41Z,116
1949054,South,SANGRUR,Rajindrapuri,Planned,Closed,2026-09-29T16:58:40Z,2026-09-29T18:55:47Z,117
1949056,South,SANGRUR,ESSI,Planned,Closed,2026-09-29T16:58:13Z,2026-09-29T18:55:21Z,117
1949060,South,BARNALA,Sekha Road,Planned,Closed,2026-09-29T16:55:00Z,2026-09-29T17:20:00Z,25
1949059,South,BARNALA,JANDAWALA ROAD,Planned,Closed,2026-09-29T16:55:00Z,2026-09-29T17:20:00Z,25
1949053,Central,CITY EAST LUDHIANA,PRITAM PURI,Unplanned,Closed,2026-09-29T16:54:00Z,2026-09-29T18:07:00Z,73
1949057,South,PATIALA,Ablowal Feeder,Unplanned,Closed,2026-09-29T16:52:03Z,2026-09-29T17:56:00Z,63
1949052,West,BATHINDA,KOT DA TIBBA,Planned,Closed,2026-09-29T16:40:47Z,2026-09-29T17:40:25Z,59
1949058,West,BATHINDA,RAILWAY ROAD,Unplanned,Closed,2026-09-29T16:40:00Z,2026-09-29T17:30:00Z,50
1949051,West,MUKATSAR,11 KV KHATWAN,Unplanned,Closed,2026-09-29T16:35:00Z,2026-09-29T18:10:02Z,95
1949050,North,NAWANSHAHR,24 HRS RAHON,Unplanned,Closed,2026-09-29T16:34:00Z,2026-09-29T17:15:00Z,41
1949046,North,NAWANSHAHR,TAJPUR,Unplanned,Closed,2026-09-29T16:30:00Z,2026-09-29T17:15:00Z,45
1949045,North,HOSHIARPUR,Passi,Unplanned,Closed,2026-09-29T16:30:00Z,2026-09-29T16:40:00Z,10
1949048,Border,TARN TARAN,NAUSHEHRA PANNUN URBAN,Unplanned,Closed,2026-09-29T16:25:00Z,2026-09-29T17:20:00Z,55
1949044,South,PATIALA,ups Ambala Road,Unplanned,Closed,2026-09-29T16:25:00Z,2026-09-29T16:55:00Z,30
1949039,Central,KHANNA,Gagan Feeder,Unplanned,Closed,2026-09-29T16:21:00Z,2026-09-29T17:25:00Z,64
1949049,Border,TARN TARAN,GHAT SAHIB URBAN,Unplanned,Closed,2026-09-29T16:20:00Z,2026-09-29T18:15:00Z,115
1949047,North,JALANDHAR,NAGAL PURDAL,Unplanned,Closed,2026-09-29T16:20:00Z,2026-09-29T17:03:00Z,43
1949043,East,MOHALI,BALMAJRA AP,Unplanned,Closed,2026-09-29T16:15:00Z,2026-09-29T16:25:54Z,10
1949042,East,MOHALI,CHANGERA AP,Unplanned,Closed,2026-09-29T16:15:00Z,2026-09-29T16:25:00Z,10
1949041,East,MOHALI,CHARBARH UPS,Unplanned,Closed,2026-09-29T16:15:00Z,2026-09-29T16:25:00Z,10
1949038,North,HOSHIARPUR,Patti,Unplanned,Closed,2026-09-29T16:15:00Z,2026-09-29T16:55:00Z,40
1949036,West,FARIDKOT,JAITO CITY,Unplanned,Closed,2026-09-29T16:14:00Z,2026-09-29T16:23:00Z,9
1949034,East,MOHALI,11KV MANANA,Unplanned,Closed,2026-09-29T16:10:36Z,2026-09-29T16:32:54Z,22
1949028,South,SANGRUR,Bhullarheri Cat-1,Planned,Closed,2026-09-29T16:10:11Z,2026-09-29T17:12:47Z,62
1949040,West,MUKATSAR,Badal,Unplanned,Closed,2026-09-29T16:10:00Z,2026-09-29T16:40:00Z,30
1949035,South,PATIALA,SYL,Planned,Closed,2026-09-29T16:05:00Z,2026-09-29T17:35:00Z,90
1949033,South,PATIALA,11 KV RamNagar UPS,Unplanned,Closed,2026-09-29T16:05:00Z,2026-09-29T16:30:00Z,25
1949032,North,HOSHIARPUR,PEALAN,Unplanned,Closed,2026-09-29T16:05:00Z,2026-09-29T16:19:00Z,14
1949026,South,PATIALA,11 kV DHAMO MAJRA,Planned,Closed,2026-09-29T16:01:08Z,2026-09-29T17:25:44Z,84
1949031,South,PATIALA,Industrial Estate(old),Unplanned,Closed,2026-09-29T16:01:00Z,2026-09-29T16:30:00Z,29
1949030,Border,GURDASPUR,Roranwali 24 hrs.,Unplanned,Closed,2026-09-29T16:01:00Z,2026-09-29T16:40:00Z,39
1949029,South,PATIALA,Jhill,Unplanned,Closed,2026-09-29T16:01:00Z,2026-09-29T16:30:00Z,29
1949037,Central,KHANNA,Friend colony,Unplanned,Closed,2026-09-29T16:00:00Z,2026-09-29T16:28:00Z,28
1949027,Border,SUB URBAN AMRITSAR,city-1,Unplanned,Closed,2026-09-29T16:00:00Z,2026-09-29T16:46:00Z,46
1949024,Central,KHANNA,SALANA UPS,Unplanned,Closed,2026-09-29T16:00:00Z,2026-09-29T17:04:00Z,64
1949022,West,MUKATSAR,11 KV Danewala AP,Unplanned,Closed,2026-09-29T15:55:28Z,2026-09-29T16:26:37Z,31
1949023,East,MOHALI,Commercial Complex,Unplanned,Closed,2026-09-29T15:55:11Z,2026-09-29T16:10:53Z,15
1949025,South,BARNALA,Sanghera Road,Unplanned,Closed,2026-09-29T15:55:00Z,2026-09-29T17:20:00Z,85
1949021,West,MUKATSAR,New Patrewala UPS,Unplanned,Closed,2026-09-29T15:54:51Z,2026-09-29T16:26:57Z,32
1949020,South,BARNALA,KUTHALA CAT-1,Unplanned,Closed,2026-09-29T15:35:00Z,2026-09-29T17:55:00Z,140
1949018,North,NAWANSHAHR,RAM NAGAR,Unplanned,Closed,2026-09-29T15:30:00Z,2026-09-29T17:15:00Z,105
1949019,North,JALANDHAR,VIP,Unplanned,Closed,2026-09-29T15:25:00Z,2026-09-29T16:20:00Z,55
1949017,East,Zirakpur,11kv Hanumant Feeder,Planned,Closed,2026-09-29T15:25:00Z,2026-09-29T17:40:00Z,135
1949016,Central,CITY WEST LUDHIANA,Jindle Cycle,Planned,Closed,2026-09-29T15:22:55Z,2026-09-29T15:50:19Z,27
1949007,South,SANGRUR,11 KV SATOJ URBAN,Planned,Closed,2026-09-29T15:20:00Z,2026-09-29T18:15:00Z,175
1949006,Central,KHANNA,MALERKOTLA ROAD,Unplanned,Closed,2026-09-29T15:17:24Z,2026-09-29T15:50:27Z,33
1949015,Border,GURDASPUR,CITY 2,Unplanned,Closed,2026-09-29T15:15:00Z,2026-09-29T15:34:00Z,19
1949005,Border,GURDASPUR,HABIBPUR,Unplanned,Closed,2026-09-29T15:15:00Z,2026-09-29T16:00:00Z,45
1949001,Central,KHANNA,Focal Point 2,Unplanned,Closed,2026-09-29T15:12:00Z,2026-09-29T15:41:00Z,29
1949004,East,Zirakpur,S S INFRA,Unplanned,Closed,2026-09-29T15:10:00Z,2026-09-29T16:45:00Z,95
1949000,South,PATIALA,UPS RAJPURA,Unplanned,Closed,2026-09-29T15:10:00Z,2026-09-29T15:20:00Z,10
1948999,North,HOSHIARPUR,CHACK NUR ALI,Unplanned,Closed,2026-09-29T15:09:00Z,2026-09-29T15:20:00Z,11
1949003,South,SANGRUR,Gaushala Road,Unplanned,Closed,2026-09-29T15:08:16Z,2026-09-29T16:57:58Z,109
1949002,Border,SUB URBAN AMRITSAR,Khankot,Unplanned,Closed,2026-09-29T15:05:00Z,2026-09-29T16:50:00Z,105
1948998,North,KAPURTHALA,UPS Sangowal Bet,Planned,Closed,2026-09-29T15:05:00Z,2026-09-29T15:30:00Z,25
1948997,North,NAWANSHAHR,Jajja Kalan,Unplanned,Closed,2026-09-29T15:05:00Z,2026-09-29T15:45:00Z,40
1948996,North,NAWANSHAHR,MUTHADA UPS,Unplanned,Closed,2026-09-29T15:04:38Z,2026-09-29T15:45:00Z,40
1949014,East,ROPAR,Bhatton,Unplanned,Closed,2026-09-29T15:01:55Z,2026-09-29T16:08:55Z,67
1949013,East,ROPAR,SRAIN,Unplanned,Closed,2026-09-29T15:01:55Z,2026-09-29T16:08:55Z,67
1949012,East,ROPAR,BAINS,Unplanned,Closed,2026-09-29T15:01:55Z,2026-09-29T16:08:55Z,67
1949011,East,ROPAR,ABIANA,Unplanned,Closed,2026-09-29T15:01:55Z,2026-09-29T16:08:55Z,67
1949010,East,ROPAR,TIBBA TAPPRIAN,Unplanned,Closed,2026-09-29T15:01:55Z,2026-09-29T16:08:55Z,67
1949009,East,ROPAR,JHANDIAN,Unplanned,Closed,2026-09-29T15:01:55Z,2026-09-29T16:08:55Z,67
1949008,West,BATHINDA,Jassi Road,Unplanned,Closed,2026-09-29T14:55:00Z,2026-09-29T17:00:29Z,125
1948990,North,JALANDHAR,11 kv Euro,Unplanned,Closed,2026-09-29T14:52:00Z,2026-09-29T14:57:00Z,5
1948983,West,MUKATSAR,KRISHNA NAGRI,Planned,Closed,2026-09-29T14:51:00Z,2026-09-29T15:12:00Z,21
1948993,East,Zirakpur,11KV  SUSHMA,Unplanned,Closed,2026-09-29T14:50:00Z,2026-09-29T15:10:00Z,20
1948991,Border,GURDASPUR,Tharial,Unplanned,Closed,2026-09-29T14:50:00Z,2026-09-29T16:02:00Z,72
1948986,South,SANGRUR,CHULAR,Planned,Closed,2026-09-29T14:49:28Z,2026-09-29T15:15:22Z,25
1948985,South,SANGRUR,KARAIL(new+maru),Planned,Closed,2026-09-29T14:49:02Z,2026-09-29T15:15:11Z,26
1948994,North,JALANDHAR,11KV Baba Makhan Shah Lubana,Unplanned,Closed,2026-09-29T14:49:00Z,2026-09-29T16:03:00Z,74
1948992,North,HOSHIARPUR,SARHALA,Unplanned,Closed,2026-09-29T14:48:00Z,2026-09-29T15:20:00Z,32
1948981,Central,KHANNA,Ismailpur feeder,Unplanned,Closed,2026-09-29T14:46:00Z,2026-09-29T15:46:00Z,60
1948989,East,Zirakpur,ORBIT,Planned,Closed,2026-09-29T14:45:00Z,2026-09-29T15:02:00Z,17
1948984,West,BATHINDA,Cold Store,Unplanned,Closed,2026-09-29T14:45:00Z,2026-09-29T15:39:00Z,54
1948982,West,BATHINDA,Station Basti,Unplanned,Closed,2026-09-29T14:45:00Z,2026-09-29T15:29:00Z,44
1948980,North,HOSHIARPUR,BAGHA,Unplanned,Closed,2026-09-29T14:41:00Z,2026-09-29T15:00:00Z,19
1948973,West,BATHINDA,Chowke,Planned,Closed,2026-09-29T14:40:00Z,2026-09-29T15:51:00Z,71
1948972,West,BATHINDA,Baba dunna urban chawke,Planned,Closed,2026-09-29T14:40:00Z,2026-09-29T15:51:00Z,71
1948995,West,BATHINDA,COLD STORE,Planned,Closed,2026-09-29T14:35:00Z,2026-09-29T15:35:00Z,60
1948976,South,PATIALA,UPS DHADOGAL,Unplanned,Closed,2026-09-29T14:35:00Z,2026-09-29T15:30:34Z,55
1948979,Border,GURDASPUR,UPS Basau Barwan,Unplanned,Closed,2026-09-29T14:30:00Z,2026-09-29T15:40:00Z,70
1948975,South,PATIALA,rajpura,Unplanned,Closed,2026-09-29T14:30:00Z,2026-09-29T14:55:00Z,25
1948978,Border,GURDASPUR,Sunder Nagar,Unplanned,Closed,2026-09-29T14:25:00Z,2026-09-29T14:50:00Z,25
1948977,Border,GURDASPUR,Model Town,Unplanned,Closed,2026-09-29T14:25:00Z,2026-09-29T14:50:00Z,25
1948988,West,BATHINDA,LINK ROAD,Unplanned,Closed,2026-09-29T14:21:00Z,2026-09-29T15:45:35Z,84
1948971,North,KAPURTHALA,UPS Aujla,Unplanned,Closed,2026-09-29T14:20:00Z,2026-09-29T14:45:00Z,25
1948970,North,HOSHIARPUR,MAZARA DINGRIAN,Unplanned,Closed,2026-09-29T14:20:00Z,2026-09-29T14:35:00Z,15
1948987,West,BATHINDA,NEW BASTI,Unplanned,Closed,2026-09-29T14:19:00Z,2026-09-29T15:45:05Z,86
1948974,East,ROPAR,CHATAULI,Unplanned,Closed,2026-09-29T14:15:00Z,2026-09-29T14:45:00Z,30
1948967,South,PATIALA,MOHINDER GANJ,Unplanned,Closed,2026-09-29T14:10:00Z,2026-09-29T14:40:00Z,30
1948966,North,KAPURTHALA,UPS Partabpura,Planned,Closed,2026-09-29T14:05:00Z,2026-09-29T15:00:00Z,55
1948965,North,HOSHIARPUR,Tajowal,Unplanned,Closed,2026-09-29T14:05:00Z,2026-09-29T14:50:00Z,45
1948963,North,NAWANSHAHR,11 KV Buthgarh,Unplanned,Closed,2026-09-29T14:02:00Z,2026-09-29T15:20:00Z,78
1948964,East,MOHALI,CHITKARA,Unplanned,Closed,2026-09-29T13:55:16Z,2026-09-29T14:25:17Z,30
1948969,North,JALANDHAR,Bhanoki Road,Planned,Closed,2026-09-29T13:55:00Z,2026-09-29T15:35:00Z,100
1948962,North,NAWANSHAHR,TAJPUR,Unplanned,Closed,2026-09-29T13:50:00Z,2026-09-29T15:00:00Z,70
1948961,North,NAWANSHAHR,MALPUR,Unplanned,Closed,2026-09-29T13:50:00Z,2026-09-29T15:00:00Z,70
1948958,Border,GURDASPUR,Barnala,Unplanned,Closed,2026-09-29T13:50:00Z,2026-09-29T17:18:00Z,208
1948957,Border,GURDASPUR,Meerpur,Unplanned,Closed,2026-09-29T13:50:00Z,2026-09-29T17:18:00Z,208
1948955,North,JALANDHAR,PREET NAGAR,Unplanned,Closed,2026-09-29T13:48:00Z,2026-09-29T14:20:00Z,32
1948968,Border,TARN TARAN,JODHPUR UPS,Unplanned,Closed,2026-09-29T13:45:00Z,2026-09-29T15:15:00Z,90
1948956,East,ROPAR,Thana,Unplanned,Closed,2026-09-29T13:42:04Z,2026-09-29T14:34:49Z,52
1948951,West,MUKATSAR,11 KV NAI ABADI,Unplanned,Closed,2026-09-29T13:41:02Z,2026-09-29T14:32:07Z,51
1948950,West,MUKATSAR,11 KV GANGA NAGAR ROAD,Unplanned,Closed,2026-09-29T13:41:02Z,2026-09-29T14:32:07Z,51
1948948,West,MUKATSAR,11 KV SIDHU NAGRI,Unplanned,Closed,2026-09-29T13:41:02Z,2026-09-29T14:32:07Z,51
1948947,West,MUKATSAR,11 KV KANDHWALA Road Urban,Unplanned,Closed,2026-09-29T13:41:02Z,2026-09-29T14:32:07Z,51
1948946,Central,CITY WEST LUDHIANA,VISHAL NAGAR,Planned,Closed,2026-09-29T13:40:22Z,2026-09-29T14:25:07Z,44
1948945,Central,CITY WEST LUDHIANA,HIGHWAY FEEDER,Unplanned,Closed,2026-09-29T13:40:10Z,2026-09-29T14:49:34Z,69
1948960,Border,TARN TARAN,CITY 5,Unplanned,Closed,2026-09-29T13:40:00Z,2026-09-29T15:15:00Z,95
1948954,South,SANGRUR,11 KV DHADRIAN URBAN,Unplanned,Closed,2026-09-29T13:40:00Z,2026-09-29T14:15:00Z,35
1948953,South,PATIALA,FOCALPOINT CAT-2,Unplanned,Closed,2026-09-29T13:40:00Z,2026-09-29T14:25:00Z,45
1948952,South,PATIALA,11KV TECHNOPACK,Unplanned,Closed,2026-09-29T13:40:00Z,2026-09-29T14:25:00Z,45
1948949,North,JALANDHAR,11 kv CHILDERN PARK NO. 1,Unplanned,Closed,2026-09-29T13:35:53Z,2026-09-29T14:25:00Z,49
1948959,North,KAPURTHALA,URBAN Dhakni Gate,Planned,Closed,2026-09-29T13:35:00Z,2026-09-29T15:05:00Z,90
1948944,East,Zirakpur,LALRU CITY,Unplanned,Closed,2026-09-29T13:35:00Z,2026-09-29T14:35:00Z,60
1948560,West,MUKATSAR,KOTBHAI UPS,Planned,Closed,2026-09-29T13:30:52Z,2026-09-29T15:10:52Z,100
1948559,West,MUKATSAR,DAULA,Planned,Closed,2026-09-29T13:30:52Z,2026-09-29T15:10:52Z,100
1948558,West,MUKATSAR,BHARU UPS,Planned,Closed,2026-09-29T13:30:52Z,2026-09-29T15:10:52Z,100
1948942,Central,KHANNA,GT ROAD,Unplanned,Closed,2026-09-29T13:29:27Z,2026-09-29T13:50:09Z,20
1948935,North,JALANDHAR,GREEN PARK,Unplanned,Closed,2026-09-29T13:20:45Z,2026-09-29T15:35:31Z,134
1948941,East,MOHALI,GIAN SAGAR,Unplanned,Closed,2026-09-29T13:20:30Z,2026-09-29T14:20:15Z,59
1948937,North,HOSHIARPUR,PURHIRAN URBAN,Unplanned,Closed,2026-09-29T13:20:00Z,2026-09-29T14:25:00Z,65
1948940,North,HOSHIARPUR,Chabbewal,Unplanned,Closed,2026-09-29T13:15:00Z,2026-09-29T13:45:00Z,30
1948939,North,HOSHIARPUR,Handowal,Unplanned,Closed,2026-09-29T13:15:00Z,2026-09-29T13:45:00Z,30
1948938,North,HOSHIARPUR,BOHAN,Unplanned,Closed,2026-09-29T13:15:00Z,2026-09-29T14:10:00Z,55
1948925,Central,CITY WEST LUDHIANA,NATISH VIHAR,Planned,Closed,2026-09-29T13:10:00Z,2026-09-29T13:26:00Z,16
1948929,West,MUKATSAR,New Patrewala UPS,Unplanned,Closed,2026-09-29T13:08:08Z,2026-09-29T13:58:27Z,50
1948931,East,ROPAR,MUKARI,Unplanned,Closed,2026-09-29T13:08:04Z,2026-09-29T13:40:14Z,32
1948926,South,SANGRUR,CAT-- 1 MAKORAR SAHIB,Planned,Closed,2026-09-29T13:07:54Z,2026-09-29T15:18:02Z,130
1948924,North,JALANDHAR,FLAIR INTERNATIONAL,Unplanned,Closed,2026-09-29T13:02:10Z,2026-09-29T14:05:43Z,63
1948923,Border,SUB URBAN AMRITSAR,Bhalla Colony,Planned,Closed,2026-09-29T13:02:08Z,2026-09-29T14:10:40Z,68
1948928,Border,SUB URBAN AMRITSAR,Partap Bazar,Planned,Closed,2026-09-29T13:02:00Z,2026-09-29T14:10:11Z,68
1948936,South,PATIALA,Marori Jauramajra,Unplanned,Closed,2026-09-29T13:00:00Z,2026-09-29T15:00:00Z,120
1948934,Central,CITY WEST LUDHIANA,SATSANG GHAR,Planned,Closed,2026-09-29T13:00:00Z,2026-09-29T16:00:00Z,180
1948933,Central,CITY WEST LUDHIANA,ISHER NAGAR FEEDER,Planned,Closed,2026-09-29T13:00:00Z,2026-09-29T16:00:00Z,180
1948932,Central,CITY WEST LUDHIANA,Kartar Chowk,Planned,Closed,2026-09-29T13:00:00Z,2026-09-29T16:00:00Z,180
1948922,Central,CITY WEST LUDHIANA,Rolex Feeder,Unplanned,Closed,2026-09-29T13:00:00Z,2026-09-29T13:51:13Z,51
1948921,West,FARIDKOT,BATHINDA ROAD,Planned,Closed,2026-09-29T12:40:00Z,2026-09-29T13:06:00Z,26
1948918,South,SANGRUR,11 kV triveni,Planned,Closed,2026-09-29T12:39:56Z,2026-09-29T17:29:06Z,289
1948927,East,MOHALI,11kv University Feeder,Unplanned,Closed,2026-09-29T12:38:49Z,2026-09-29T14:25:24Z,106
1948930,East,MOHALI,KALOMAJRA AP,Unplanned,Closed,2026-09-29T12:38:30Z,2026-09-29T14:25:36Z,107
1948906,West,MUKATSAR,Para Medical Hot Line,Planned,Closed,2026-09-29T12:30:18Z,2026-09-29T16:00:18Z,210
1948905,West,MUKATSAR,Badal,Planned,Closed,2026-09-29T12:30:18Z,2026-09-29T16:00:18Z,210
1948917,East,ROPAR,11 KV Kakrala,Unplanned,Closed,2026-09-29T12:30:01Z,2026-09-29T14:25:00Z,114
1948903,Central,CITY WEST LUDHIANA,VISHAL NAGAR,Planned,Closed,2026-09-29T12:25:34Z,2026-09-29T13:23:47Z,58
1948943,West,FEROZPUR,CANTT FEEDER,Unplanned,Closed,2026-09-29T12:25:00Z,2026-09-29T13:18:00Z,53
1948916,North,JALANDHAR,Dushiara Ground,Unplanned,Closed,2026-09-29T12:25:00Z,2026-09-29T13:25:00Z,60
1948915,Border,SUB URBAN AMRITSAR,VERKA IND.1,Unplanned,Closed,2026-09-29T12:25:00Z,2026-09-29T13:10:00Z,45
1948913,West,FARIDKOT,HARDIAL NAGAR,Planned,Closed,2026-09-29T12:25:00Z,2026-09-29T13:06:00Z,41
1948912,West,FARIDKOT,KOTKAPURA ROAD,Planned,Closed,2026-09-29T12:25:00Z,2026-09-29T13:06:00Z,41
1948907,West,BATHINDA,GOBINDPURA,Planned,Closed,2026-09-29T12:25:00Z,2026-09-29T14:31:00Z,126
1948902,East,Zirakpur,DAPPAR,Unplanned,Closed,2026-09-29T12:23:00Z,2026-09-29T13:23:00Z,60
1948920,West,BATHINDA,Burj Dhilwan,Planned,Closed,2026-09-29T12:21:00Z,2026-09-29T14:25:00Z,124
1948909,North,JALANDHAR,BHARO CAMP,Unplanned,Closed,2026-09-29T12:21:00Z,2026-09-29T12:38:00Z,17
1948900,West,FARIDKOT,GANGSAR,Planned,Closed,2026-09-29T12:18:00Z,2026-09-29T12:35:00Z,17
1948899,West,FARIDKOT,BAJA ROAD,Planned,Closed,2026-09-29T12:18:00Z,2026-09-29T12:35:00Z,17
1948904,West,BATHINDA,MULTANIA ROAD,Unplanned,Closed,2026-09-29T12:17:28Z,2026-09-29T13:13:00Z,55
1948898,South,SANGRUR,HARIKA+KAMALPUR (GRID DYALGARH),Unplanned,Closed,2026-09-29T12:14:06Z,2026-09-29T13:10:20Z,56
1948896,Border,GURDASPUR,Manwal,Unplanned,Closed,2026-09-29T12:12:00Z,2026-09-29T13:48:00Z,96
1948895,Border,GURDASPUR,Seunty,Unplanned,Closed,2026-09-29T12:12:00Z,2026-09-29T13:48:00Z,96
1948893,South,SANGRUR,KHANAL A+B (GRID DIRBA),Planned,Closed,2026-09-29T12:09:00Z,2026-09-29T17:45:00Z,336
1948897,West,BATHINDA,Aklia,Planned,Closed,2026-09-29T12:06:00Z,2026-09-29T13:52:00Z,106
1948919,East,ROPAR,11 KV Sunny Mandir,Planned,Closed,2026-09-29T12:05:00Z,2026-09-29T14:25:00Z,140
1948914,East,Zirakpur,11kv Hanumant Feeder,Unplanned,Closed,2026-09-29T12:05:00Z,2026-09-29T17:45:00Z,340
1948911,East,Zirakpur,KHANNA,Unplanned,Closed,2026-09-29T12:05:00Z,2026-09-29T17:45:00Z,340
1948910,East,Zirakpur,11KV Dream Home,Unplanned,Closed,2026-09-29T12:05:00Z,2026-09-29T17:45:00Z,340
1948908,East,Zirakpur,TRY CITY,Unplanned,Closed,2026-09-29T12:05:00Z,2026-09-29T17:45:00Z,340
1948894,West,BATHINDA,JAGGA RAM TIRTH,Planned,Closed,2026-09-29T12:05:00Z,2026-09-29T12:21:00Z,16
1948889,West,MUKATSAR,11 KV Roopnagar,Planned,Closed,2026-09-29T12:04:55Z,2026-09-29T19:40:07Z,455
1948888,South,SANGRUR,UPS KHANOURI,Planned,Closed,2026-09-29T12:03:25Z,2026-09-29T12:30:38Z,27
1948901,East,ROPAR,Mianpur,Unplanned,Closed,2026-09-29T12:01:00Z,2026-09-29T12:28:00Z,27
1948850,South,SANGRUR,City-II,Planned,Closed,2026-09-29T12:00:00Z,2026-09-29T12:58:00Z,58
1948820,Central,SUB URBAN LUDHIANA,Diwana,Planned,Closed,2026-09-29T12:00:00Z,2026-09-29T14:31:00Z,151
1948881,West,BATHINDA,MEHTA,Planned,Closed,2026-09-29T11:57:59Z,2026-09-29T13:50:00Z,112
1948880,West,BATHINDA,STATION WALA,Planned,Closed,2026-09-29T11:57:59Z,2026-09-29T13:50:00Z,112
1948890,South,SANGRUR,UPS RAMPURA,Unplanned,Closed,2026-09-29T11:56:00Z,2026-09-29T12:38:00Z,42
1948891,East,MOHALI,KHALOUR,Unplanned,Closed,2026-09-29T11:55:09Z,2026-09-29T14:01:00Z,125
1948878,South,BARNALA,JANDAWALA ROAD,Planned,Closed,2026-09-29T11:55:00Z,2026-09-29T14:20:00Z,145
1948867,South,SANGRUR,11 KV Mata Modi Road,Planned,Closed,2026-09-29T11:55:00Z,2026-09-29T12:39:00Z,44
1948872,South,SANGRUR,DC ROAD SANGRUR,Planned,Closed,2026-09-29T11:54:42Z,2026-09-29T12:23:50Z,29
1948869,West,FARIDKOT,ARIYAWALA,Planned,Closed,2026-09-29T11:53:13Z,2026-09-29T13:52:00Z,118
1948877,West,MUKATSAR,11 KV South Avenue,Unplanned,Closed,2026-09-29T11:53:08Z,2026-09-29T14:07:54Z,134
1948874,Central,KHANNA,GOYAL MALLEABLES,Planned,Closed,2026-09-29T11:50:49Z,2026-09-29T18:01:58Z,371
1948875,Central,KHANNA,SS Steel,Planned,Closed,2026-09-29T11:50:45Z,2026-09-29T18:03:55Z,373
1948873,Central,KHANNA,SAMCAST,Planned,Closed,2026-09-29T11:50:09Z,2026-09-29T18:02:32Z,372
1948892,East,ROPAR,ANAJ MANDI,Unplanned,Closed,2026-09-29T11:50:00Z,2026-09-29T13:10:00Z,80
1948887,South,PATIALA,rajpura,Unplanned,Closed,2026-09-29T11:50:00Z,2026-09-29T12:30:00Z,40
1948879,South,SANGRUR,UBHIA UPS,Unplanned,Closed,2026-09-29T11:50:00Z,2026-09-29T13:30:00Z,100
1948868,Border,GURDASPUR,TALIBPUR,Unplanned,Closed,2026-09-29T11:50:00Z,2026-09-29T13:06:00Z,76
1948866,Border,GURDASPUR,GAJIKOT,Unplanned,Closed,2026-09-29T11:50:00Z,2026-09-29T13:06:00Z,76
1948886,West,BATHINDA,Kalewander,Planned,Closed,2026-09-29T11:48:00Z,2026-09-29T12:22:00Z,34
1948876,South,BARNALA,Sekha Road,Planned,Closed,2026-09-29T11:45:00Z,2026-09-29T14:10:00Z,145
1948863,Border,TARN TARAN,JAWANDY,Unplanned,Closed,2026-09-29T11:40:00Z,2026-09-29T13:15:00Z,95
1948864,West,BATHINDA,LAL SINGH NAGAR,Planned,Closed,2026-09-29T11:34:00Z,2026-09-29T12:37:39Z,63
1948855,East,MOHALI,JANTI DEVI,Planned,Closed,2026-09-29T11:34:00Z,2026-09-29T15:22:00Z,228
1948883,West,BATHINDA,RAILWAY FATAK,Planned,Closed,2026-09-29T11:33:00Z,2026-09-29T17:09:00Z,336
1948882,West,BATHINDA,GHASO KHANA,Planned,Closed,2026-09-29T11:33:00Z,2026-09-29T17:10:00Z,337
1948842,South,SANGRUR,UPS KHANEWAL,Planned,Closed,2026-09-29T11:30:45Z,2026-09-29T17:25:45Z,355
1948841,South,SANGRUR,11 KV UPS HAMJHERI,Planned,Closed,2026-09-29T11:30:45Z,2026-09-29T17:25:45Z,355
1948840,South,SANGRUR,S/S,Planned,Closed,2026-09-29T11:30:45Z,2026-09-29T17:25:45Z,355
1948839,South,SANGRUR,SELWALA Cat1,Planned,Closed,2026-09-29T11:30:45Z,2026-09-29T17:25:45Z,355
1948838,South,SANGRUR,UPS Sailwala,Planned,Closed,2026-09-29T11:30:45Z,2026-09-29T17:25:45Z,355
1948837,South,SANGRUR,11 KV PATRAN FOODS,Planned,Closed,2026-09-29T11:30:45Z,2026-09-29T17:25:45Z,355
1948862,East,MOHALI,KALOMAJRA AP,Unplanned,Closed,2026-09-29T11:30:39Z,2026-09-29T12:00:20Z,29
1948861,East,MOHALI,MOHIKHURD AP,Unplanned,Closed,2026-09-29T11:30:39Z,2026-09-29T12:00:05Z,29
1948860,East,MOHALI,ALAMPUR UPS,Unplanned,Closed,2026-09-29T11:30:20Z,2026-09-29T12:00:14Z,29
1948859,East,MOHALI,11kv University Feeder,Unplanned,Closed,2026-09-29T11:30:20Z,2026-09-29T12:00:53Z,30
1948858,East,MOHALI,CHITKARA,Unplanned,Closed,2026-09-29T11:30:20Z,2026-09-29T12:00:40Z,30
1948885,Central,KHANNA,MALKO MAJRA,Planned,Closed,2026-09-29T11:30:18Z,2026-09-29T18:03:23Z,393
1948870,Border,SUB URBAN AMRITSAR,PAWAN NAGAR,Unplanned,Closed,2026-09-29T11:30:00Z,2026-09-29T12:35:00Z,65
1948865,Border,TARN TARAN,BUTALA URBAN,Unplanned,Closed,2026-09-29T11:30:00Z,2026-09-29T12:30:00Z,60
1948847,South,SANGRUR,11 KV  LAKHMIRWALA UPS,Unplanned,Closed,2026-09-29T11:30:00Z,2026-09-29T12:38:00Z,68
1948845,East,MOHALI,11 KV BATHLANA UPS,Unplanned,Closed,2026-09-29T11:25:57Z,2026-09-29T12:25:59Z,60
1948852,West,BATHINDA,Bangi Ruldu,Planned,Closed,2026-09-29T11:20:00Z,2026-09-29T14:11:00Z,171
1948844,South,PATIALA,STAR ENCLAVE,Unplanned,Closed,2026-09-29T11:20:00Z,2026-09-29T12:15:00Z,55
1948834,South,SANGRUR,Khilrian,Unplanned,Closed,2026-09-29T11:15:12Z,2026-09-29T13:03:25Z,108
1948857,West,BATHINDA,LEHRA SONDHA,Planned,Closed,2026-09-29T11:15:00Z,2026-09-29T13:05:00Z,110
1948836,West,MUKATSAR,Badal,Unplanned,Closed,2026-09-29T11:15:00Z,2026-09-29T11:25:00Z,10
1948849,West,BATHINDA,Bhagiwander UPS,Planned,Closed,2026-09-29T11:13:00Z,2026-09-29T18:40:00Z,447
1948830,South,SANGRUR,24 HRS. MAHASINGHWALA,Planned,Closed,2026-09-29T11:10:57Z,2026-09-29T12:17:05Z,66
1948871,East,ROPAR,11 KV SIDHUPUR,Unplanned,Closed,2026-09-29T11:10:00Z,2026-09-29T12:50:00Z,100
1948848,Border,TARN TARAN,KHEMKARAN ROAD,Planned,Closed,2026-09-29T11:10:00Z,2026-09-29T13:05:00Z,115
1948835,Border,TARN TARAN,JAMA RAI UPS,Unplanned,Closed,2026-09-29T11:10:00Z,2026-09-29T12:10:00Z,60
1948833,North,HOSHIARPUR,MOUNT AVENUE,Planned,Closed,2026-09-29T11:10:00Z,2026-09-29T12:20:00Z,70
1948828,West,MUKATSAR,11 KV Dharampura,Unplanned,Closed,2026-09-29T11:05:49Z,2026-09-29T11:34:25Z,28
1948827,West,MUKATSAR,11 KV SAIDANWALI,Unplanned,Closed,2026-09-29T11:05:06Z,2026-09-29T11:34:25Z,29
1948846,West,BATHINDA,INDUSTRIAL,Unplanned,Closed,2026-09-29T11:05:00Z,2026-09-29T11:30:00Z,25
1948884,Central,KHANNA,SANGATPURA,Planned,Closed,2026-09-29T11:02:39Z,2026-09-29T18:04:54Z,422
1948823,North,HOSHIARPUR,KOTWALI BAZAR,Planned,Closed,2026-09-29T11:02:00Z,2026-09-29T14:10:00Z,188
1948843,Central,CITY WEST LUDHIANA,ABDULLAPUR BASTI,Planned,Closed,2026-09-29T11:00:14Z,2026-09-29T14:59:49Z,239
1948856,Central,CITY WEST LUDHIANA,TIKONA PARK,Planned,Closed,2026-09-29T11:00:00Z,2026-09-29T14:58:04Z,238
1948854,Central,CITY WEST LUDHIANA,CHILDREN PARK,Planned,Closed,2026-09-29T11:00:00Z,2026-09-29T14:58:35Z,238
1948853,Central,CITY WEST LUDHIANA,MODEL HOUSE,Planned,Closed,2026-09-29T11:00:00Z,2026-09-29T14:58:49Z,238
1948851,Central,CITY WEST LUDHIANA,MODEL TOWN,Planned,Closed,2026-09-29T11:00:00Z,2026-09-29T14:59:01Z,239
1948832,North,KAPURTHALA,Fazalwal,Unplanned,Closed,2026-09-29T11:00:00Z,2026-09-29T12:10:00Z,70
1948831,North,KAPURTHALA,URBAN MODEL TOWN Shahkot,Unplanned,Closed,2026-09-29T11:00:00Z,2026-09-29T12:10:00Z,70
1948825,North,JALANDHAR,11kv interlinking s/s sugar ml,Planned,Closed,2026-09-29T11:00:00Z,2026-09-29T12:45:00Z,105
1948824,North,HOSHIARPUR,Atwarapur,Unplanned,Closed,2026-09-29T11:00:00Z,2026-09-29T11:47:00Z,47
1948173,Border,GURDASPUR,SAILI ROAD,Planned,Closed,2026-09-29T11:00:00Z,2026-09-29T13:50:00Z,170
1948822,West,FARIDKOT,Bhagtuana UPS,Planned,Closed,2026-09-29T10:55:00Z,2026-09-29T12:20:00Z,85
1948817,North,HOSHIARPUR,GHOGRA,Unplanned,Closed,2026-09-29T10:54:00Z,2026-09-29T11:34:00Z,40
1948818,South,PATIALA,PREET AGRO,Unplanned,Closed,2026-09-29T10:53:00Z,2026-09-29T12:46:00Z,113
1948816,North,HOSHIARPUR,Talla,Unplanned,Closed,2026-09-29T10:53:00Z,2026-09-29T11:33:00Z,40
1948815,North,JALANDHAR,11KV CHANDAN NAGAR,Unplanned,Closed,2026-09-29T10:52:21Z,2026-09-29T11:14:00Z,21
1948814,North,HOSHIARPUR,11KV ARGOWAL,Unplanned,Closed,2026-09-29T10:51:00Z,2026-09-29T11:37:00Z,46
1948813,North,HOSHIARPUR,GARDIWAL,Unplanned,Closed,2026-09-29T10:51:00Z,2026-09-29T11:38:00Z,47
1948812,North,HOSHIARPUR,CHAK KHELA,Unplanned,Closed,2026-09-29T10:51:00Z,2026-09-29T11:39:00Z,48
1948810,Central,CITY WEST LUDHIANA,SATPAL MITTAL,Planned,Closed,2026-09-29T10:47:00Z,2026-09-29T10:55:00Z,8
1948821,West,FARIDKOT,GANGSAR,Planned,Closed,2026-09-29T10:45:00Z,2026-09-29T11:20:00Z,35
1948809,West,MUKATSAR,Badal,Unplanned,Closed,2026-09-29T10:41:00Z,2026-09-29T10:55:00Z,14
1948808,West,MUKATSAR,11 KV Ganganagar Road,Unplanned,Closed,2026-09-29T10:40:06Z,2026-09-29T11:02:06Z,22
1948807,West,MUKATSAR,11 KV Punjava Model,Unplanned,Closed,2026-09-29T10:40:06Z,2026-09-29T11:02:06Z,22
1948806,West,MUKATSAR,11 KALLER KHERA,Unplanned,Closed,2026-09-29T10:40:06Z,2026-09-29T11:02:06Z,22
1948805,West,MUKATSAR,JANDWALA HANUWANTA,Unplanned,Closed,2026-09-29T10:40:06Z,2026-09-29T11:02:06Z,22
1948802,West,MUKATSAR,11 KV KIKKER KHERA,Unplanned,Closed,2026-09-29T10:40:06Z,2026-09-29T11:25:32Z,45
1948819,North,KAPURTHALA,UPS KOHALA,Unplanned,Closed,2026-09-29T10:40:00Z,2026-09-29T11:25:00Z,45
1948801,East,MOHALI,11 KV GIDDARPUR AP,Unplanned,Closed,2026-09-29T10:38:26Z,2026-09-29T10:53:51Z,15
1948799,North,KAPURTHALA,AHEMADPUR,Planned,Closed,2026-09-29T10:37:28Z,2026-09-29T12:30:45Z,113
1948804,West,MUKATSAR,11 KV GADDAN DOB,Unplanned,Closed,2026-09-29T10:35:00Z,2026-09-29T11:15:00Z,40
1948796,North,HOSHIARPUR,CHACK NUR ALI,Unplanned,Closed,2026-09-29T10:33:00Z,2026-09-29T11:23:00Z,50
1948795,Central,KHANNA,SALANA UPS,Unplanned,Closed,2026-09-29T10:32:00Z,2026-09-29T12:15:00Z,103
1948826,West,BATHINDA,Khark Singh Wala,Planned,Closed,2026-09-29T10:31:00Z,2026-09-29T14:25:00Z,234
1948797,West,BATHINDA,DAYA NAND,Planned,Closed,2026-09-29T10:31:00Z,2026-09-29T10:50:00Z,19
1948555,West,MUKATSAR,Tharajwala,Planned,Closed,2026-09-29T10:30:56Z,2026-09-29T15:10:56Z,280
1948554,West,MUKATSAR,Dhoula Kingra,Planned,Closed,2026-09-29T10:30:56Z,2026-09-29T15:10:56Z,280
1948793,North,JALANDHAR,phagwara gate,Unplanned,Closed,2026-09-29T10:30:37Z,2026-09-29T11:35:00Z,64
1948565,Border,GURDASPUR,SAGARPURA,Planned,Closed,2026-09-29T10:30:16Z,2026-09-29T17:28:16Z,418
1948564,Border,GURDASPUR,Paroshah,Planned,Closed,2026-09-29T10:30:16Z,2026-09-29T17:28:16Z,418
1948563,Border,GURDASPUR,11 KV Chone UPS,Planned,Closed,2026-09-29T10:30:16Z,2026-09-29T17:28:16Z,418
1948803,West,FARIDKOT,Panj Grain,Unplanned,Closed,2026-09-29T10:30:00Z,2026-09-29T11:00:00Z,30
1948798,South,SANGRUR,11 kv Cheema Road urban,Unplanned,Closed,2026-09-29T10:30:00Z,2026-09-29T11:58:00Z,88
1948790,West,MUKATSAR,11 KV TAJA PATTI,Planned,Closed,2026-09-29T10:27:00Z,2026-09-29T12:40:25Z,133
1948789,West,MUKATSAR,11 KV DHARANGWALA,Planned,Closed,2026-09-29T10:27:00Z,2026-09-29T12:40:43Z,133
1948788,Central,CITY WEST LUDHIANA,VISHAL NAGAR,Planned,Closed,2026-09-29T10:25:37Z,2026-09-29T12:05:55Z,100
1948791,West,MUKATSAR,11 KV Bhagsar UPS,Unplanned,Closed,2026-09-29T10:25:04Z,2026-09-29T11:05:09Z,40
1948786,West,MUKATSAR,11 KV Alamgarh,Unplanned,Closed,2026-09-29T10:20:56Z,2026-09-29T11:25:00Z,64
1948811,East,MOHALI,GHARAMA AP,Unplanned,Closed,2026-09-29T10:20:27Z,2026-09-29T10:55:40Z,35
1948792,West,MUKATSAR,Kheowali,Unplanned,Closed,2026-09-29T10:20:00Z,2026-09-29T11:25:00Z,65
1948787,North,HOSHIARPUR,MHP2,Unplanned,Closed,2026-09-29T10:20:00Z,2026-09-29T11:57:00Z,97
1948829,West,FARIDKOT,11 KV ALAMWALA-UPS,Unplanned,Closed,2026-09-29T10:18:00Z,2026-09-29T12:15:00Z,117
1948785,North,NAWANSHAHR,IBRAHIMPUR,Unplanned,Closed,2026-09-29T10:12:00Z,2026-09-29T11:10:00Z,58
1948794,West,FEROZPUR,AMAR TAKIS,Planned,Closed,2026-09-29T10:10:00Z,2026-09-29T12:25:00Z,135
1948783,South,SANGRUR,11 KV SATOJ URBAN,Planned,Closed,2026-09-29T10:10:00Z,2026-09-29T13:40:00Z,210
1948784,Central,CITY EAST LUDHIANA,MADHO PURI,Unplanned,Closed,2026-09-29T10:05:00Z,2026-09-29T10:52:00Z,47
1948782,North,HOSHIARPUR,JALALPUR,Unplanned,Closed,2026-09-29T10:05:00Z,2026-09-29T10:42:00Z,37
1948632,West,MUKATSAR,New Civil Hospital (Hot Line),Planned,Closed,2026-09-29T10:00:00Z,2026-09-29T14:28:00Z,268
1948631,West,MUKATSAR,Bikaneri Road,Planned,Closed,2026-09-29T10:00:00Z,2026-09-29T14:22:00Z,262
1948775,South,SANGRUR,Lidran,Unplanned,Closed,2026-09-29T09:56:03Z,2026-09-29T10:35:08Z,39
1948779,South,SANGRUR,Ballran C-1,Unplanned,Closed,2026-09-29T09:55:00Z,2026-09-29T10:45:00Z,50
1948778,North,JALANDHAR,PRAGPUR,Unplanned,Closed,2026-09-29T09:55:00Z,2026-09-29T10:05:00Z,10
1948780,North,JALANDHAR,FAZIL PUR,Unplanned,Closed,2026-09-29T09:52:00Z,2026-09-29T11:00:00Z,68
1948774,West,BATHINDA,BHAI JAGTA JI,Planned,Closed,2026-09-29T09:50:00Z,2026-09-29T11:10:00Z,80
1948773,West,BATHINDA,GONIANA MANDI,Planned,Closed,2026-09-29T09:50:00Z,2026-09-29T11:10:00Z,80
1948777,East,MOHALI,11 kv sec 54A,Planned,Closed,2026-09-29T09:45:00Z,2026-09-29T10:48:00Z,63
1948776,East,MOHALI,Sec 53,Planned,Closed,2026-09-29T09:45:00Z,2026-09-29T10:48:00Z,63
1948772,East,ROPAR,Haripur,Unplanned,Closed,2026-09-29T09:45:00Z,2026-09-29T10:05:48Z,20
1948771,North,JALANDHAR,NEHRU GARDEN ROAD,Unplanned,Closed,2026-09-29T09:42:00Z,2026-09-29T10:40:00Z,58
1948761,West,FARIDKOT,11KV GREEN AVENUE,Planned,Closed,2026-09-29T09:40:28Z,2026-09-29T11:24:07Z,103
1948759,West,FARIDKOT,11KV HARINDERA NAGAR,Planned,Closed,2026-09-29T09:40:28Z,2026-09-29T11:24:26Z,103
1948762,Border,SUB URBAN AMRITSAR,Judge Nagar,Unplanned,Closed,2026-09-29T09:35:00Z,2026-09-29T10:00:00Z,25
1948781,East,Zirakpur,PATIALA ROAD,Unplanned,Closed,2026-09-29T09:31:00Z,2026-09-29T10:05:00Z,34
1948768,Border,TARN TARAN,Sanghey UPS,Unplanned,Closed,2026-09-29T09:30:00Z,2026-09-29T09:55:00Z,25
1948766,Border,TARN TARAN,Goindwal Road Urban.,Unplanned,Closed,2026-09-29T09:30:00Z,2026-09-29T09:55:00Z,25
1948770,East,MOHALI,KALOMAJRA AP,Unplanned,Closed,2026-09-29T09:25:00Z,2026-09-29T11:01:50Z,96
1948769,East,MOHALI,MOHIKHURD AP,Unplanned,Closed,2026-09-29T09:25:00Z,2026-09-29T11:01:39Z,96
1948767,East,MOHALI,ALAMPUR UPS,Unplanned,Closed,2026-09-29T09:25:00Z,2026-09-29T11:01:27Z,96
1948765,East,MOHALI,11kv University Feeder,Unplanned,Closed,2026-09-29T09:25:00Z,2026-09-29T11:01:10Z,96
1948764,East,MOHALI,CHITKARA,Unplanned,Closed,2026-09-29T09:25:00Z,2026-09-29T11:01:56Z,96
1948763,Border,GURDASPUR,DHINDSA,Unplanned,Closed,2026-09-29T09:25:00Z,2026-09-29T10:55:00Z,90
1948758,South,PATIALA,PATIALA RAOD,Unplanned,Closed,2026-09-29T09:24:25Z,2026-09-29T09:38:38Z,14
1948760,South,BARNALA,Jangiana,Unplanned,Closed,2026-09-29T09:20:00Z,2026-09-29T12:00:00Z,160
1948757,West,MUKATSAR,11 KV South Avenue,Unplanned,Closed,2026-09-29T09:18:00Z,2026-09-29T09:44:00Z,26
1948755,South,PATIALA,rajpura,Unplanned,Closed,2026-09-29T09:15:00Z,2026-09-29T09:30:00Z,15
1948752,South,SANGRUR,BABA MITHU SHAH,Unplanned,Closed,2026-09-29T09:13:12Z,2026-09-29T09:41:25Z,28
1948756,Border,SUB URBAN AMRITSAR,Gehri,Unplanned,Closed,2026-09-29T09:10:00Z,2026-09-29T10:30:00Z,80
1948751,West,BATHINDA,MAUR KHURD,Planned,Closed,2026-09-29T09:02:00Z,2026-09-29T18:50:00Z,588
1948467,Border,GURDASPUR,Chhaurian,Planned,Closed,2026-09-29T09:00:59Z,2026-09-29T17:40:59Z,520
1948475,Border,GURDASPUR,Sewearage Treatment Plant,Planned,Closed,2026-09-29T09:00:49Z,2026-09-29T17:40:49Z,520
1948474,Border,GURDASPUR,Najo Chack,Planned,Closed,2026-09-29T09:00:49Z,2026-09-29T17:40:49Z,520
1948473,Border,GURDASPUR,Civil Airport,Planned,Closed,2026-09-29T09:00:49Z,2026-09-29T17:40:49Z,520
1948472,Border,GURDASPUR,Dhira,Planned,Closed,2026-09-29T09:00:49Z,2026-09-29T17:40:49Z,520
1948471,Border,GURDASPUR,Dheriwal,Planned,Closed,2026-09-29T09:00:49Z,2026-09-29T17:40:49Z,520
1948470,Border,GURDASPUR,Dhakki,Planned,Closed,2026-09-29T09:00:49Z,2026-09-29T17:40:49Z,520
1948469,Border,GURDASPUR,N.N.Bandha,Planned,Closed,2026-09-29T09:00:49Z,2026-09-29T17:40:49Z,520
1948481,Border,GURDASPUR,Mirthal,Planned,Closed,2026-09-29T09:00:39Z,2026-09-29T17:40:39Z,520
1948480,Border,GURDASPUR,Diomand,Planned,Closed,2026-09-29T09:00:39Z,2026-09-29T17:40:39Z,520
1948479,Border,GURDASPUR,MES MIRTHAL,Planned,Closed,2026-09-29T09:00:39Z,2026-09-29T17:40:39Z,520
1948478,Border,GURDASPUR,Ghiala,Planned,Closed,2026-09-29T09:00:39Z,2026-09-29T17:40:39Z,520
1948477,Border,GURDASPUR,Nangal,Planned,Closed,2026-09-29T09:00:39Z,2026-09-29T17:40:39Z,520
1948485,Border,GURDASPUR,Andoi,Planned,Closed,2026-09-29T09:00:19Z,2026-09-29T17:40:19Z,520
1948484,Border,GURDASPUR,MES NANGAL BHOOR,Planned,Closed,2026-09-29T09:00:19Z,2026-09-29T17:40:19Z,520
1948483,Border,GURDASPUR,Nangal Bhoor,Planned,Closed,2026-09-29T09:00:19Z,2026-09-29T17:40:19Z,520
1948630,Border,GURDASPUR,11KV UPS BASSI,Planned,Closed,2026-09-29T09:00:11Z,2026-09-29T17:40:11Z,520
1948629,Border,GURDASPUR,Gharota,Planned,Closed,2026-09-29T09:00:11Z,2026-09-29T17:40:11Z,520
1948628,Border,GURDASPUR,Chounta,Planned,Closed,2026-09-29T09:00:11Z,2026-09-29T17:40:11Z,520
1948624,Border,GURDASPUR,Coco Cola ( Wave Beverages ),Planned,Closed,2026-09-29T09:00:05Z,2026-09-29T17:38:05Z,518
1948623,Border,GURDASPUR,ARYA NAGAR,Planned,Closed,2026-09-29T09:00:05Z,2026-09-29T17:38:05Z,518
1948622,Border,GURDASPUR,MUGRALA,Planned,Closed,2026-09-29T09:00:05Z,2026-09-29T17:38:05Z,518
1948621,Border,GURDASPUR,Gujran Lahri,Planned,Closed,2026-09-29T09:00:05Z,2026-09-29T17:38:05Z,518
1948620,Border,GURDASPUR,Manj,Planned,Closed,2026-09-29T09:00:05Z,2026-09-29T17:38:05Z,518
1948619,Border,GURDASPUR,City Thana,Planned,Closed,2026-09-29T09:00:05Z,2026-09-29T17:38:05Z,518
1948618,Border,GURDASPUR,CITY-3,Planned,Closed,2026-09-29T09:00:05Z,2026-09-29T17:38:05Z,518
1948617,Border,GURDASPUR,CITY AWANKHA,Planned,Closed,2026-09-29T09:00:05Z,2026-09-29T17:38:05Z,518
1948616,Border,GURDASPUR,City-2,Planned,Closed,2026-09-29T09:00:05Z,2026-09-29T17:38:05Z,518
1948615,Border,GURDASPUR,Saidipur,Planned,Closed,2026-09-29T09:00:05Z,2026-09-29T17:38:05Z,518
1948614,Border,GURDASPUR,City-1,Planned,Closed,2026-09-29T09:00:05Z,2026-09-29T17:38:05Z,518
1948465,Border,GURDASPUR,Farida Nagar,Planned,Closed,2026-09-29T09:00:02Z,2026-09-29T17:40:02Z,520
1948464,Border,GURDASPUR,Rashpalma,Planned,Closed,2026-09-29T09:00:02Z,2026-09-29T17:40:02Z,520
1948463,Border,GURDASPUR,GOBINDSAR,Planned,Closed,2026-09-29T09:00:02Z,2026-09-29T17:40:02Z,520
1948462,Border,GURDASPUR,BHARIAL LAHRI,Planned,Closed,2026-09-29T09:00:02Z,2026-09-29T17:40:02Z,520
1948461,Border,GURDASPUR,Kotli Mughlan,Planned,Closed,2026-09-29T09:00:02Z,2026-09-29T17:40:02Z,520
1948750,South,BARNALA,JABBOMAJRA UPS,Unplanned,Closed,2026-09-29T09:00:00Z,2026-09-29T10:55:09Z,115
1948746,South,SANGRUR,Ratoke,Unplanned,Closed,2026-09-29T08:56:06Z,2026-09-29T09:37:22Z,41
1948748,Central,KHANNA,GTB Nagar,Unplanned,Closed,2026-09-29T08:55:00Z,2026-09-29T09:32:00Z,37
1948754,East,ROPAR,CHANDIGARH NORTH,Unplanned,Closed,2026-09-29T08:53:00Z,2026-09-29T09:35:00Z,42
1948747,North,KAPURTHALA,GTB Nagar,Unplanned,Closed,2026-09-29T08:50:00Z,2026-09-29T09:32:00Z,42
1948745,North,JALANDHAR,Alipur,Unplanned,Closed,2026-09-29T08:44:00Z,2026-09-29T09:05:00Z,21
1948743,Border,SUB URBAN AMRITSAR,LALIAN UPS,Unplanned,Closed,2026-09-29T08:41:00Z,2026-09-29T09:30:00Z,49
1948749,North,KAPURTHALA,11kv urban  Industrial,Unplanned,Closed,2026-09-29T08:35:00Z,2026-09-29T09:26:00Z,51
1948740,North,HOSHIARPUR,11 KV GERA,Unplanned,Closed,2026-09-29T08:35:00Z,2026-09-29T08:50:00Z,15
1948739,North,HOSHIARPUR,HANDHWAL UPS,Unplanned,Closed,2026-09-29T08:35:00Z,2026-09-29T08:50:00Z,15
1948735,North,JALANDHAR,11 kv CHILDERN PARK NO. 1,Unplanned,Closed,2026-09-29T08:35:00Z,2026-09-29T09:02:59Z,27
1948744,North,JALANDHAR,UNIK,Unplanned,Closed,2026-09-29T08:34:00Z,2026-09-29T10:08:00Z,94
1948738,West,BATHINDA,11 KV WATER WORKS,Planned,Closed,2026-09-29T08:34:00Z,2026-09-29T09:00:00Z,26
1948737,West,BATHINDA,SHIV COLONY,Planned,Closed,2026-09-29T08:34:00Z,2026-09-29T09:00:00Z,26
1948736,West,BATHINDA,MODEL TOWN PHASE-4&5,Planned,Closed,2026-09-29T08:34:00Z,2026-09-29T09:00:00Z,26
1948753,West,MUKATSAR,Dhani Sucha Singh (Old Chakra),Unplanned,Closed,2026-09-29T08:33:01Z,2026-09-29T09:45:00Z,71
1948732,West,BATHINDA,MULTANIA ROAD,Planned,Closed,2026-09-29T08:31:52Z,2026-09-29T09:13:25Z,41
1948731,West,BATHINDA,11 KV VISWASH COLONY,Planned,Closed,2026-09-29T08:31:52Z,2026-09-29T09:13:38Z,41
1948730,West,BATHINDA,LAL SINGH NAGAR,Planned,Closed,2026-09-29T08:31:52Z,2026-09-29T09:13:52Z,42
1948729,West,BATHINDA,11 KV AMBEDKAR NAGAR,Planned,Closed,2026-09-29T08:31:52Z,2026-09-29T09:13:52Z,42
1948728,West,BATHINDA,Mian,Planned,Closed,2026-09-29T08:31:52Z,2026-09-29T09:14:52Z,43
1948727,West,BATHINDA,11 KV NEW RING ROAD FEEDER,Planned,Closed,2026-09-29T08:31:52Z,2026-09-29T09:14:52Z,43
1948726,West,BATHINDA,DD Mittal tower,Planned,Closed,2026-09-29T08:31:52Z,2026-09-29T09:14:52Z,43
1948725,West,BATHINDA,PARTAP NAGAR,Planned,Closed,2026-09-29T08:31:52Z,2026-09-29T09:13:52Z,42
1948724,West,BATHINDA,Hans Nagar,Planned,Closed,2026-09-29T08:31:52Z,2026-09-29T09:14:52Z,43
1948723,West,BATHINDA,BAHO (UPS),Planned,Closed,2026-09-29T08:31:52Z,2026-09-29T09:13:52Z,42
1948742,Border,GURDASPUR,City,Unplanned,Closed,2026-09-29T08:30:00Z,2026-09-29T09:01:00Z,31
1948741,South,BARNALA,11 Kv Chughan,Planned,Closed,2026-09-29T08:30:00Z,2026-09-29T10:11:00Z,101
1948733,Central,CITY EAST LUDHIANA,GAU SHALA,Unplanned,Closed,2026-09-29T08:28:00Z,2026-09-29T09:19:00Z,51
1948720,East,MOHALI,11 KV DLF,Unplanned,Closed,2026-09-29T08:03:27Z,2026-09-29T10:09:33Z,126
1948722,Border,TARN TARAN,GHAT SAHIB URBAN,Unplanned,Closed,2026-09-29T08:01:00Z,2026-09-29T08:25:00Z,24
1948721,East,MOHALI,11KV Shivalik,Unplanned,Closed,2026-09-29T07:55:00Z,2026-09-29T08:20:53Z,25
1948719,North,JALANDHAR,TRIBUNE,Unplanned,Closed,2026-09-29T07:55:00Z,2026-09-29T09:50:00Z,115
1948734,South,BARNALA,RAMGARH UPS,Unplanned,Closed,2026-09-29T07:50:00Z,2026-09-29T09:40:00Z,110
1948718,North,HOSHIARPUR,UPS katrala,Unplanned,Closed,2026-09-29T07:45:00Z,2026-09-29T08:05:00Z,20
1948714,North,NAWANSHAHR,CITY GARHSHANKAR-2,Unplanned,Closed,2026-09-29T07:44:00Z,2026-09-29T08:05:00Z,21
1948716,Central,SUB URBAN LUDHIANA,INDUSTRY,Unplanned,Closed,2026-09-29T07:40:26Z,2026-09-29T08:50:39Z,70
1948715,North,JALANDHAR,FAZIL PUR,Unplanned,Closed,2026-09-29T07:36:00Z,2026-09-29T08:58:00Z,82
1948713,Central,KHANNA,Friend colony,Unplanned,Closed,2026-09-29T07:27:00Z,2026-09-29T08:11:00Z,44
1948717,Border,TARN TARAN,GANDIWIND 24 HRS SUPPLY,Unplanned,Closed,2026-09-29T07:20:00Z,2026-09-29T08:00:00Z,40
1948712,West,BATHINDA,SIHAN PATTI URBAN,Unplanned,Closed,2026-09-29T07:05:00Z,2026-09-29T07:45:00Z,40
1948710,South,PATIALA,HIRA MAHAL,Unplanned,Closed,2026-09-29T06:55:46Z,2026-09-29T07:41:00Z,45
1948709,East,MOHALI,11 KV Kansal,Unplanned,Closed,2026-09-29T06:55:24Z,2026-09-29T08:07:14Z,71
1948707,Central,CITY WEST LUDHIANA,NEW JANTA NAGAR,Unplanned,Closed,2026-09-29T06:46:38Z,2026-09-29T07:46:18Z,59
1948703,Central,CITY WEST LUDHIANA,METRO FEEDER,Unplanned,Closed,2026-09-29T06:39:45Z,2026-09-29T08:03:46Z,84
1948704,North,HOSHIARPUR,11KV MAKOWAL,Unplanned,Closed,2026-09-29T06:39:00Z,2026-09-29T06:50:00Z,11
1948711,West,MUKATSAR,11 KV Bhagsar UPS,Unplanned,Closed,2026-09-29T06:38:00Z,2026-09-29T07:35:00Z,57
1948706,North,HOSHIARPUR,KOTLA,Unplanned,Closed,2026-09-29T06:30:00Z,2026-09-29T07:45:00Z,75
1948702,Border,SUB URBAN AMRITSAR,KAMBO,Unplanned,Closed,2026-09-29T06:25:00Z,2026-09-29T08:55:00Z,150
1948701,South,SANGRUR,DC ROAD SANGRUR,Unplanned,Closed,2026-09-29T06:20:00Z,2026-09-29T08:08:00Z,108
1948698,East,Zirakpur,WATER WORKS HANDESRA,Unplanned,Closed,2026-09-29T06:14:00Z,2026-09-29T06:45:00Z,31
1948700,West,FARIDKOT,GANGSAR,Unplanned,Closed,2026-09-29T06:10:00Z,2026-09-29T07:15:00Z,65
1948699,North,HOSHIARPUR,khudda,Unplanned,Closed,2026-09-29T06:10:00Z,2026-09-29T06:55:00Z,45
1948697,North,KAPURTHALA,Bhagwanpur,Unplanned,Closed,2026-09-29T06:10:00Z,2026-09-29T08:05:00Z,115
1948705,Border,TARN TARAN,BEAS CITY,Unplanned,Closed,2026-09-29T06:05:00Z,2026-09-29T07:00:00Z,55
1948693,North,HOSHIARPUR,HARIANA,Unplanned,Closed,2026-09-29T05:05:00Z,2026-09-29T06:00:00Z,55
1948694,South,SANGRUR,ANDANA,Unplanned,Closed,2026-09-29T05:01:00Z,2026-09-29T12:25:00Z,444
1948708,South,SANGRUR,Gurdaspura,Unplanned,Closed,2026-09-29T04:46:00Z,2026-09-29T07:50:00Z,184
1948692,East,ROPAR,11KV Belian UPS FEEDER,Unplanned,Closed,2026-09-29T04:46:00Z,2026-09-29T04:58:00Z,12
1948695,South,BARNALA,SHERWANIKOT UPS,Unplanned,Closed,2026-09-29T04:00:00Z,2026-09-29T07:47:00Z,227
1948691,North,HOSHIARPUR,khudda,Unplanned,Closed,2026-09-29T03:50:00Z,2026-09-29T04:05:00Z,15
1948690,North,HOSHIARPUR,BHAMBOTAR,Unplanned,Closed,2026-09-29T03:40:00Z,2026-09-29T04:25:00Z,45
1948696,Border,GURDASPUR,BABA RAJA RAM,Unplanned,Closed,2026-09-29T03:10:00Z,2026-09-29T05:50:00Z,160
1948689,South,PATIALA,Thuhi Road,Unplanned,Closed,2026-09-29T01:45:00Z,2026-09-29T03:05:25Z,80
1948687,West,FARIDKOT,GURU NANAK COLONY,Unplanned,Closed,2026-09-29T01:40:16Z,2026-09-29T03:10:37Z,90
1948686,North,JALANDHAR,GURU GOBIND SINGH AVENUE,Unplanned,Closed,2026-09-29T00:25:00Z,2026-09-29T01:05:00Z,40
1948685,South,PATIALA,I.T.I,Unplanned,Closed,2026-09-29T00:22:00Z,2026-09-29T02:02:03Z,100
