outage_id,Zone,Circle,Feeder,Type of Outage,Status,Start Time,End Time,Diff in mins
1927969,South,SANGRUR,Gaushala Road,Planned,Active,2026-09-08T14:01:00Z,2026-09-08T17:00:00Z,179
1928115,Border,SUB URBAN AMRITSAR,C-BLOCK RANJIT AVENUE,Planned,Active,2026-09-08T13:01:54Z,2026-09-08T16:00:00Z,178
1928125,Border,GURDASPUR,ARYA NAGAR,Unplanned,Active,2026-09-08T12:50:00Z,2026-09-08T13:32:00Z,42
1928120,South,SANGRUR,11KV UPS TOGAWAL,Planned,Active,2026-09-08T12:45:55Z,2026-09-08T13:15:05Z,29
1928119,South,SANGRUR,11KV KHIWA KHURD AP,Planned,Active,2026-09-08T12:45:29Z,2026-09-08T13:15:38Z,30
1928121,South,SANGRUR,HEERON KALAN AP,Planned,Active,2026-09-08T12:45:17Z,2026-09-08T13:16:24Z,31
1928124,East,MOHALI,11 KV RAIPUR KALAN UPS,Unplanned,Active,2026-09-08T12:45:00Z,2026-09-08T13:00:00Z,15
1928123,East,MOHALI,11KV SHAMPUR AP,Unplanned,Active,2026-09-08T12:45:00Z,2026-09-08T13:47:56Z,62
1928118,West,MUKATSAR,11 KV KIKKER KHERA,Unplanned,Active,2026-09-08T12:44:33Z,2026-09-08T13:14:46Z,30
1928122,West,FARIDKOT,Kothe Dhaliwal,Planned,Active,2026-09-08T12:43:19Z,2026-09-08T13:30:00Z,46
1928116,North,NAWANSHAHR,CITY II,Unplanned,Active,2026-09-08T12:40:00Z,2026-09-08T13:30:00Z,50
1928114,West,MUKATSAR,11 KV GANGA NAGAR ROAD,Unplanned,Active,2026-09-08T12:38:22Z,2026-09-08T13:30:25Z,52
1928113,West,MUKATSAR,11 KV Chirag dhani,Unplanned,Active,2026-09-08T12:38:22Z,2026-09-08T13:30:25Z,52
1928112,West,MUKATSAR,11 KV TARA ESTATE,Unplanned,Active,2026-09-08T12:38:22Z,2026-09-08T13:30:25Z,52
1928111,West,MUKATSAR,11 KV Alamgarh,Unplanned,Active,2026-09-08T12:38:22Z,2026-09-08T13:30:25Z,52
1928117,North,KAPURTHALA,UPS DHAPAI,Unplanned,Active,2026-09-08T12:38:00Z,2026-09-08T14:30:00Z,112
1928110,South,PATIALA,DARSHANI GATE,Planned,Active,2026-09-08T12:37:44Z,2026-09-08T14:50:55Z,133
1928109,North,JALANDHAR,11 kv central town,Unplanned,Active,2026-09-08T12:30:00Z,2026-09-08T13:20:00Z,50
1928108,Border,TARN TARAN,Jandiala Road Urban.,Unplanned,Active,2026-09-08T12:25:00Z,2026-09-08T15:00:00Z,155
1928107,Border,TARN TARAN,11 KV Industrial Feeder,Unplanned,Active,2026-09-08T12:25:00Z,2026-09-08T15:00:00Z,155
1928106,Border,TARN TARAN,KADD GILL UPS,Unplanned,Active,2026-09-08T12:25:00Z,2026-09-08T15:00:00Z,155
1928105,East,MOHALI,Sector-113,Unplanned,Active,2026-09-08T12:20:00Z,2026-09-08T14:00:00Z,100
1928104,Border,GURDASPUR,Pioneer Agro,Unplanned,Closed,2026-09-08T12:18:00Z,2026-09-08T12:45:00Z,27
1928101,North,JALANDHAR,INDUSTRIAL AREA 1,Unplanned,Closed,2026-09-08T12:14:00Z,2026-09-08T12:38:00Z,24
1928103,South,PATIALA,ups pilkhani,Unplanned,Active,2026-09-08T12:10:00Z,2026-09-08T13:00:00Z,50
1928102,North,HOSHIARPUR,BHKALA,Planned,Active,2026-09-08T12:10:00Z,2026-09-08T14:10:00Z,120
1928099,North,HOSHIARPUR,khudda,Unplanned,Closed,2026-09-08T12:10:00Z,2026-09-08T12:30:00Z,20
1928098,East,MOHALI,11KV DURALI UPS,Unplanned,Closed,2026-09-08T12:10:00Z,2026-09-08T12:23:29Z,13
1928096,North,NAWANSHAHR,THOPIA,Unplanned,Closed,2026-09-08T12:05:00Z,2026-09-08T12:20:00Z,15
1928091,South,BARNALA,ADAMWAL,Planned,Active,2026-09-08T12:05:00Z,2026-09-08T16:00:00Z,235
1928094,South,SANGRUR,AGE,Unplanned,Active,2026-09-08T12:00:00Z,2026-09-08T14:00:00Z,120
1928093,South,SANGRUR,NABHA GATE,Unplanned,Active,2026-09-08T12:00:00Z,2026-09-08T14:00:00Z,120
1928092,West,FARIDKOT,Dhana Basti,Planned,Closed,2026-09-08T11:57:49Z,2026-09-08T12:29:00Z,31
1928100,North,JALANDHAR,HIG,Unplanned,Active,2026-09-08T11:57:00Z,2026-09-08T12:30:00Z,33
1928097,North,JALANDHAR,JASWANT NAGAR,Unplanned,Active,2026-09-08T11:55:00Z,2026-09-08T13:53:00Z,118
1928090,North,NAWANSHAHR,AKALIANA,Unplanned,Closed,2026-09-08T11:55:00Z,2026-09-08T12:40:00Z,45
1928089,South,SANGRUR,UPS RAMPURA,Unplanned,Closed,2026-09-08T11:55:00Z,2026-09-08T12:35:00Z,40
1928087,Central,CITY EAST LUDHIANA,New Sahibana,Unplanned,Closed,2026-09-08T11:50:13Z,2026-09-08T12:20:00Z,29
1928088,South,SANGRUR,KULARAN AP (GRID SUNAM),Planned,Active,2026-09-08T11:50:00Z,2026-09-08T18:00:00Z,370
1927824,South,PATIALA,Tej Bagh Colony,Planned,Active,2026-09-08T11:46:00Z,2026-09-08T17:30:00Z,344
1928082,North,HOSHIARPUR,Talla,Unplanned,Closed,2026-09-08T11:40:00Z,2026-09-08T12:00:00Z,20
1928079,Border,GURDASPUR,City-1,Unplanned,Closed,2026-09-08T11:34:00Z,2026-09-08T12:04:00Z,30
1928095,West,FARIDKOT,GURU NANAK COLONY,Planned,Active,2026-09-08T11:30:00Z,2026-09-08T14:00:00Z,150
1928085,Border,GURDASPUR,DHINDSA,Unplanned,Closed,2026-09-08T11:25:00Z,2026-09-08T12:25:00Z,60
1928084,Border,GURDASPUR,THEKERIWAL,Unplanned,Active,2026-09-08T11:25:00Z,2026-09-08T17:00:00Z,335
1928083,Border,GURDASPUR,Basrawan,Unplanned,Active,2026-09-08T11:25:00Z,2026-09-08T17:00:00Z,335
1928081,Border,GURDASPUR,RAILWAY ROAD CAT-1,Unplanned,Active,2026-09-08T11:25:00Z,2026-09-08T17:00:00Z,335
1928070,East,ROPAR,11 KV LIC Colony,Planned,Active,2026-09-08T11:25:00Z,2026-09-08T13:00:00Z,95
1928075,Border,GURDASPUR,Model Town,Unplanned,Active,2026-09-08T11:22:00Z,2026-09-08T13:00:00Z,98
1928072,North,HOSHIARPUR,MASTIWAL,Unplanned,Closed,2026-09-08T11:20:00Z,2026-09-08T12:05:00Z,45
1928071,North,HOSHIARPUR,Pandori Attwal,Unplanned,Closed,2026-09-08T11:20:00Z,2026-09-08T12:05:00Z,45
1928068,East,Zirakpur,Jalalpur Kandi Pure AP,Unplanned,Closed,2026-09-08T11:20:00Z,2026-09-08T11:50:00Z,30
1928067,Central,KHANNA,Bhattian,Unplanned,Active,2026-09-08T11:20:00Z,2026-09-08T13:20:00Z,120
1928073,Border,GURDASPUR,City SJN,Unplanned,Active,2026-09-08T11:19:00Z,2026-09-08T13:00:00Z,101
1928086,South,PATIALA,UPS,Unplanned,Closed,2026-09-08T11:18:00Z,2026-09-08T11:50:00Z,32
1928080,South,PATIALA,ups pilkhani,Unplanned,Closed,2026-09-08T11:18:00Z,2026-09-08T11:50:00Z,32
1928074,Central,KHANNA,Gagan Feeder,Unplanned,Closed,2026-09-08T11:17:00Z,2026-09-08T11:50:00Z,33
1928076,East,MOHALI,11KV JAND PUR,Unplanned,Active,2026-09-08T11:15:52Z,2026-09-08T13:01:34Z,105
1928078,North,JALANDHAR,Viva Collage New,Unplanned,Closed,2026-09-08T11:15:00Z,2026-09-08T12:05:00Z,50
1928077,North,JALANDHAR,Lilly Resort,Unplanned,Closed,2026-09-08T11:15:00Z,2026-09-08T12:05:00Z,50
1928064,East,Zirakpur,Jastna Kandi Pure AP,Unplanned,Closed,2026-09-08T11:15:00Z,2026-09-08T11:20:00Z,5
1928063,East,Zirakpur,MES,Unplanned,Closed,2026-09-08T11:15:00Z,2026-09-08T12:15:00Z,60
1928066,North,JALANDHAR,11 kv central town,Unplanned,Closed,2026-09-08T11:14:30Z,2026-09-08T12:00:55Z,46
1928069,East,ROPAR,Asmanpur,Unplanned,Closed,2026-09-08T11:08:00Z,2026-09-08T11:40:08Z,32
1928062,East,Zirakpur,SANULI,Unplanned,Closed,2026-09-08T11:06:00Z,2026-09-08T11:23:00Z,17
1928061,North,NAWANSHAHR,CHANDIANI,Unplanned,Closed,2026-09-08T11:05:00Z,2026-09-08T11:45:00Z,40
1928059,North,NAWANSHAHR,Achan Chak,Unplanned,Closed,2026-09-08T11:05:00Z,2026-09-08T11:15:00Z,10
1928058,Central,CITY EAST LUDHIANA,BK engineering feeder,Unplanned,Closed,2026-09-08T11:03:19Z,2026-09-08T11:33:23Z,30
1928057,Central,CITY EAST LUDHIANA,Shivpuri,Unplanned,Closed,2026-09-08T10:58:00Z,2026-09-08T11:57:00Z,59
1928060,East,ROPAR,Nurpur Bedi,Unplanned,Closed,2026-09-08T10:55:38Z,2026-09-08T11:45:04Z,49
1928055,Central,CITY EAST LUDHIANA,GOLD STAR,Unplanned,Closed,2026-09-08T10:50:15Z,2026-09-08T11:05:06Z,14
1928065,Border,TARN TARAN,City 7,Unplanned,Active,2026-09-08T10:50:00Z,2026-09-08T13:00:00Z,130
1928054,Border,GURDASPUR,Ranipur,Unplanned,Closed,2026-09-08T10:48:00Z,2026-09-08T11:58:00Z,70
1928048,South,SANGRUR,BABA JEET SINGH WALA,Unplanned,Closed,2026-09-08T10:45:47Z,2026-09-08T11:59:24Z,73
1928049,Central,CITY EAST LUDHIANA,Gaurav Land Developer,Unplanned,Closed,2026-09-08T10:45:38Z,2026-09-08T11:04:26Z,18
1928047,South,SANGRUR,11 KV LONGOWAL ROAD AP(LOHAKHER),Unplanned,Closed,2026-09-08T10:45:20Z,2026-09-08T11:59:34Z,74
1928053,North,NAWANSHAHR,Danduwal,Unplanned,Closed,2026-09-08T10:45:00Z,2026-09-08T11:25:00Z,40
1928038,East,ROPAR,Nijjer Road,Planned,Active,2026-09-08T10:45:00Z,2026-09-08T13:00:00Z,135
1928040,Central,CITY EAST LUDHIANA,BHOLAPUR,Unplanned,Closed,2026-09-08T10:44:11Z,2026-09-08T11:00:07Z,15
1928039,Central,CITY EAST LUDHIANA,New Sahibana,Unplanned,Closed,2026-09-08T10:44:11Z,2026-09-08T11:03:42Z,19
1928026,East,ROPAR,11 KV Plazzo ELite,Planned,Active,2026-09-08T10:43:00Z,2026-09-08T13:00:00Z,137
1928027,Border,GURDASPUR,GAJIKOT,Unplanned,Closed,2026-09-08T10:38:00Z,2026-09-08T11:08:00Z,30
1928032,North,NAWANSHAHR,CHUSHMA,Unplanned,Closed,2026-09-08T10:35:00Z,2026-09-08T12:25:00Z,110
1928024,East,ROPAR,PARADISE,Planned,Active,2026-09-08T10:35:00Z,2026-09-08T13:00:00Z,145
1928023,South,SANGRUR,City-I,Unplanned,Active,2026-09-08T10:31:00Z,2026-09-08T13:00:00Z,149
1928033,East,MOHALI,11kv Saidpura,Unplanned,Closed,2026-09-08T10:30:00Z,2026-09-08T10:50:29Z,20
1928029,East,MOHALI,11 KV GIDDARPUR AP,Unplanned,Closed,2026-09-08T10:30:00Z,2026-09-08T10:50:18Z,20
1928025,East,MOHALI,Sec 70-c,Unplanned,Closed,2026-09-08T10:30:00Z,2026-09-08T12:42:17Z,132
1928056,West,BATHINDA,PARAS RAM NAGAR,Planned,Closed,2026-09-08T10:26:00Z,2026-09-08T11:30:02Z,64
1928021,Border,TARN TARAN,GTB Nagar,Planned,Active,2026-09-08T10:25:48Z,2026-09-08T14:00:48Z,215
1928020,Border,TARN TARAN,CITY 4,Planned,Active,2026-09-08T10:25:48Z,2026-09-08T14:00:48Z,215
1928028,Border,GURDASPUR,Kiari,Unplanned,Closed,2026-09-08T10:25:00Z,2026-09-08T12:10:00Z,105
1928022,South,BARNALA,11KV TARAKSHEEL ROAD,Unplanned,Active,2026-09-08T10:25:00Z,2026-09-08T12:25:00Z,120
1928037,Border,GURDASPUR,Sunder Chack,Planned,Active,2026-09-08T10:20:51Z,2026-09-08T17:00:51Z,400
1928036,Border,GURDASPUR,Malpur,Planned,Active,2026-09-08T10:20:51Z,2026-09-08T17:00:51Z,400
1928035,Border,GURDASPUR,Chakral,Planned,Active,2026-09-08T10:20:51Z,2026-09-08T17:00:51Z,400
1928034,Border,GURDASPUR,Bani Lodhi,Planned,Active,2026-09-08T10:20:51Z,2026-09-08T17:00:51Z,400
1928052,Border,GURDASPUR,11 KV UPS Muthi Feeder,Planned,Active,2026-09-08T10:20:43Z,2026-09-08T17:00:43Z,400
1928051,Border,GURDASPUR,11KV UPS Datial Feeder,Planned,Active,2026-09-08T10:20:43Z,2026-09-08T17:00:43Z,400
1928050,Border,GURDASPUR,Manwal,Planned,Active,2026-09-08T10:20:43Z,2026-09-08T17:00:43Z,400
1928018,South,SANGRUR,MANDVI CITY,Planned,Closed,2026-09-08T10:20:37Z,2026-09-08T11:20:54Z,60
1928046,Border,GURDASPUR,Jaswan,Planned,Active,2026-09-08T10:20:36Z,2026-09-08T17:00:36Z,400
1928045,Border,GURDASPUR,BOP Dhinda,Planned,Active,2026-09-08T10:20:36Z,2026-09-08T17:00:36Z,400
1928044,Border,GURDASPUR,UPS Basau Barwan,Planned,Active,2026-09-08T10:20:36Z,2026-09-08T17:00:36Z,400
1928043,Border,GURDASPUR,BOP Tash,Planned,Active,2026-09-08T10:20:36Z,2026-09-08T17:00:36Z,400
1928042,Border,GURDASPUR,Bamial 24hrs,Planned,Active,2026-09-08T10:20:36Z,2026-09-08T17:00:36Z,400
1928041,Border,GURDASPUR,N.J.Singh 24hrs,Planned,Active,2026-09-08T10:20:36Z,2026-09-08T17:00:36Z,400
1928031,North,JALANDHAR,RAJOWAL,Unplanned,Closed,2026-09-08T10:20:00Z,2026-09-08T10:45:00Z,25
1928019,West,FARIDKOT,Dana Mandi Old,Planned,Closed,2026-09-08T10:18:30Z,2026-09-08T10:45:39Z,27
1928010,Border,SUB URBAN AMRITSAR,DHING NANGAL AP,Planned,Closed,2026-09-08T10:16:39Z,2026-09-08T12:30:00Z,133
1928030,North,JALANDHAR,ADAMPUR,Unplanned,Closed,2026-09-08T10:15:00Z,2026-09-08T11:30:00Z,75
1928017,North,NAWANSHAHR,MAHIPUR,Unplanned,Closed,2026-09-08T10:15:00Z,2026-09-08T11:05:00Z,50
1928016,South,SANGRUR,Jaganwala AP,Unplanned,Closed,2026-09-08T10:15:00Z,2026-09-08T11:45:00Z,90
1928015,South,SANGRUR,Kothi Sahib AP,Unplanned,Closed,2026-09-08T10:15:00Z,2026-09-08T11:45:00Z,90
1928014,South,SANGRUR,KanjlaAP,Unplanned,Closed,2026-09-08T10:15:00Z,2026-09-08T11:45:00Z,90
1928012,South,SANGRUR,Patherwala,Unplanned,Closed,2026-09-08T10:15:00Z,2026-09-08T11:45:00Z,90
1928011,South,SANGRUR,Punnawal AP,Unplanned,Closed,2026-09-08T10:15:00Z,2026-09-08T11:45:00Z,90
1928009,East,Zirakpur,LALRU MANDI,Unplanned,Closed,2026-09-08T10:14:00Z,2026-09-08T10:30:00Z,16
1928008,Border,TARN TARAN,24 Hour Supp Panjwar,Planned,Active,2026-09-08T10:05:58Z,2026-09-08T14:00:58Z,235
1928007,Border,TARN TARAN,MATA BAGGO URBAN IND.,Planned,Active,2026-09-08T10:05:58Z,2026-09-08T14:00:58Z,235
1928006,Border,TARN TARAN,24 Hours Supp Mir Pur,Planned,Active,2026-09-08T10:05:58Z,2026-09-08T14:00:58Z,235
1928005,Border,TARN TARAN,24 Hours supp Khardin,Planned,Active,2026-09-08T10:05:58Z,2026-09-08T14:00:58Z,235
1928004,Border,TARN TARAN,Baba Bhuda Sahib,Planned,Active,2026-09-08T10:05:58Z,2026-09-08T14:00:58Z,235
1928003,Border,TARN TARAN,11 KV Attari Rod Chabhal,Planned,Active,2026-09-08T10:05:58Z,2026-09-08T14:00:58Z,235
1928013,Border,SUB URBAN AMRITSAR,Bhalla Colony,Unplanned,Closed,2026-09-08T10:05:00Z,2026-09-08T10:55:00Z,50
1928001,Border,GURDASPUR,Improvement Trust,Planned,Closed,2026-09-08T10:05:00Z,2026-09-08T10:58:00Z,53
1928000,Border,GURDASPUR,KHAJURI GATE,Planned,Closed,2026-09-08T10:05:00Z,2026-09-08T10:58:00Z,53
1927998,Border,GURDASPUR,Gurudwara Kandh Sahib,Planned,Closed,2026-09-08T10:05:00Z,2026-09-08T10:58:00Z,53
1927997,Border,GURDASPUR,11 KV BHANDHRI MOHALLA,Planned,Closed,2026-09-08T10:05:00Z,2026-09-08T10:58:00Z,53
1927996,Border,GURDASPUR,Batala City,Planned,Closed,2026-09-08T10:05:00Z,2026-09-08T10:58:00Z,53
1927995,Border,GURDASPUR,Bank colony,Planned,Closed,2026-09-08T10:05:00Z,2026-09-08T10:57:00Z,52
1927999,Central,CITY EAST LUDHIANA,METRO TYRE,Unplanned,Closed,2026-09-08T10:03:51Z,2026-09-08T10:33:00Z,29
1927986,East,ROPAR,KAJAULI - 2,Planned,Active,2026-09-08T10:01:38Z,2026-09-08T12:01:38Z,120
1927985,East,ROPAR,KAJAULI - 1,Planned,Active,2026-09-08T10:01:38Z,2026-09-08T12:01:38Z,120
1927984,East,ROPAR,MORINDA,Planned,Active,2026-09-08T10:01:38Z,2026-09-08T12:01:38Z,120
1927983,East,ROPAR,GMADA WATER WORKS,Planned,Active,2026-09-08T10:01:38Z,2026-09-08T12:01:38Z,120
1927982,East,ROPAR,11 KV SIDHUPUR,Planned,Active,2026-09-08T10:01:38Z,2026-09-08T12:01:38Z,120
1927981,East,ROPAR,BOOTHGARH,Planned,Active,2026-09-08T10:01:38Z,2026-09-08T12:01:38Z,120
1927980,East,ROPAR,11 KV SHISH GANJ,Planned,Active,2026-09-08T10:01:23Z,2026-09-08T12:30:23Z,149
1927979,East,ROPAR,11 KV GLOBAL,Planned,Active,2026-09-08T10:01:23Z,2026-09-08T12:01:23Z,120
1927978,East,ROPAR,RANGIAN,Planned,Active,2026-09-08T10:01:23Z,2026-09-08T12:01:23Z,120
1927977,East,ROPAR,DARPAN,Planned,Active,2026-09-08T10:01:23Z,2026-09-08T12:01:23Z,120
1927976,East,ROPAR,SUVI INDUSTRIES,Planned,Active,2026-09-08T10:01:23Z,2026-09-08T12:01:23Z,120
1927975,East,ROPAR,DATARPUR,Planned,Active,2026-09-08T10:01:23Z,2026-09-08T12:01:23Z,120
1927974,East,ROPAR,MUNDIAN,Planned,Active,2026-09-08T10:01:23Z,2026-09-08T12:01:23Z,120
1927973,East,ROPAR,SUGARMILL,Planned,Active,2026-09-08T10:01:23Z,2026-09-08T12:01:23Z,120
1927870,South,PATIALA,Dashmesh Nagar,Planned,Active,2026-09-08T10:00:00Z,2026-09-08T14:00:00Z,240
1927810,South,PATIALA,Lakkar Mandi,Planned,Active,2026-09-08T10:00:00Z,2026-09-08T13:00:00Z,180
1927776,South,PATIALA,Bachittar Nagar,Planned,Active,2026-09-08T10:00:00Z,2026-09-08T17:00:00Z,420
1927606,Border,SUB URBAN AMRITSAR,chah nighan,Planned,Active,2026-09-08T10:00:00Z,2026-09-08T15:00:00Z,300
1928002,West,BATHINDA,11 KV GOPAL NAGAR,Planned,Closed,2026-09-08T09:58:00Z,2026-09-08T11:28:07Z,90
1927994,Border,GURDASPUR,OLD HOSPITAL BATALA,Planned,Closed,2026-09-08T09:58:00Z,2026-09-08T11:57:00Z,119
1927992,South,PATIALA,Veer Singh Colony,Unplanned,Closed,2026-09-08T09:56:00Z,2026-09-08T10:51:00Z,55
1927993,North,JALANDHAR,11 KV D.A.V,Unplanned,Closed,2026-09-08T09:52:47Z,2026-09-08T10:10:31Z,17
1927991,East,Zirakpur,Jaskaran,Unplanned,Closed,2026-09-08T09:50:00Z,2026-09-08T11:03:00Z,73
1927990,Central,KHANNA,Birhh,Unplanned,Closed,2026-09-08T09:50:00Z,2026-09-08T11:40:00Z,110
1927989,Central,KHANNA,Agoul,Planned,Closed,2026-09-08T09:50:00Z,2026-09-08T11:40:00Z,110
1927988,North,HOSHIARPUR,RAMPUR,Unplanned,Closed,2026-09-08T09:35:00Z,2026-09-08T10:35:00Z,60
1927987,North,NAWANSHAHR,BIRAMPUR,Unplanned,Closed,2026-09-08T09:30:00Z,2026-09-08T09:50:00Z,20
1927972,Central,CITY EAST LUDHIANA,DUKH NIWARAN,Unplanned,Closed,2026-09-08T09:30:00Z,2026-09-08T10:27:00Z,57
1927971,West,BATHINDA,11 KV NH-7,Planned,Closed,2026-09-08T09:30:00Z,2026-09-08T11:55:00Z,145
1927970,North,KAPURTHALA,UPS Partabpura,Unplanned,Closed,2026-09-08T09:25:00Z,2026-09-08T09:46:00Z,21
1927965,West,MUKATSAR,11 KV Chirag dhani,Unplanned,Closed,2026-09-08T09:20:31Z,2026-09-08T10:06:42Z,46
1927968,Border,TARN TARAN,URBAN COURT ROAD PATTI,Unplanned,Closed,2026-09-08T09:20:00Z,2026-09-08T09:41:00Z,21
1927967,North,HOSHIARPUR,KHIZARPUR,Unplanned,Closed,2026-09-08T09:18:00Z,2026-09-08T09:35:00Z,17
1927963,Border,GURDASPUR,11KV BSF,Unplanned,Closed,2026-09-08T09:16:00Z,2026-09-08T10:15:00Z,59
1927966,East,MOHALI,11KV 83 ALPHA COMMERCIAL,Unplanned,Closed,2026-09-08T09:14:00Z,2026-09-08T09:58:26Z,44
1927962,West,FEROZPUR,HAKE WALA,Unplanned,Closed,2026-09-08T09:14:00Z,2026-09-08T10:30:00Z,76
1927961,West,MUKATSAR,11 KV GANGA NAGAR ROAD,Unplanned,Closed,2026-09-08T09:11:48Z,2026-09-08T09:35:56Z,24
1927964,South,BARNALA,Industrial,Unplanned,Closed,2026-09-08T09:05:00Z,2026-09-08T10:05:54Z,60
1927957,West,MUKATSAR,Salemshah UPS,Unplanned,Closed,2026-09-08T09:01:26Z,2026-09-08T09:44:29Z,43
1927959,East,Zirakpur,BIG BAZAAR,Unplanned,Closed,2026-09-08T09:01:00Z,2026-09-08T09:55:00Z,54
1927960,West,FARIDKOT,11KV HARINDERA NAGAR,Unplanned,Closed,2026-09-08T09:00:00Z,2026-09-08T09:39:00Z,39
1927833,West,BATHINDA,INDUSTRIAL,Planned,Closed,2026-09-08T09:00:00Z,2026-09-08T12:25:00Z,205
1927954,Central,CITY EAST LUDHIANA,G.K. ESTATE,Unplanned,Closed,2026-09-08T08:58:13Z,2026-09-08T09:30:00Z,31
1927955,Border,SUB URBAN AMRITSAR,RAKH NAG,Unplanned,Active,2026-09-08T08:57:28Z,2026-09-08T12:28:17Z,210
1927958,South,PATIALA,ups pilkhani,Unplanned,Closed,2026-09-08T08:56:00Z,2026-09-08T11:07:00Z,131
1927952,North,KAPURTHALA,UPS Malri,Unplanned,Closed,2026-09-08T08:50:00Z,2026-09-08T09:05:00Z,15
1927951,South,SANGRUR,Shaheed Bhagat Singh,Unplanned,Closed,2026-09-08T08:48:09Z,2026-09-08T09:05:18Z,17
1927953,South,PATIALA,INDUSTRIAL 1,Unplanned,Closed,2026-09-08T08:45:00Z,2026-09-08T09:25:00Z,40
1927948,Border,GURDASPUR,CITY-3,Unplanned,Closed,2026-09-08T08:44:00Z,2026-09-08T09:12:00Z,28
1927947,Border,GURDASPUR,ARYA NAGAR,Unplanned,Closed,2026-09-08T08:44:00Z,2026-09-08T09:12:00Z,28
1927949,Central,CITY EAST LUDHIANA,SHARU STEEL,Unplanned,Closed,2026-09-08T08:40:46Z,2026-09-08T09:30:00Z,49
1927956,East,ROPAR,Ranjit Nagar,Unplanned,Closed,2026-09-08T08:40:00Z,2026-09-08T09:22:00Z,42
1927950,Border,TARN TARAN,CITY 6,Unplanned,Active,2026-09-08T08:35:00Z,2026-09-08T12:30:00Z,235
1927928,West,MUKATSAR,11 KV Alamgarh,Unplanned,Closed,2026-09-08T08:27:03Z,2026-09-08T09:35:56Z,68
1927929,West,MUKATSAR,11 KV KIKKER KHERA,Unplanned,Closed,2026-09-08T08:27:02Z,2026-09-08T09:35:34Z,68
1927946,East,MOHALI,11KV MANAULI AP,Unplanned,Closed,2026-09-08T08:25:00Z,2026-09-08T08:36:00Z,11
1927944,East,MOHALI,11KV DURALI UPS,Unplanned,Closed,2026-09-08T08:25:00Z,2026-09-08T08:36:37Z,11
1927927,South,PATIALA,UPS NABHA NO.1,Unplanned,Closed,2026-09-08T08:20:00Z,2026-09-08T09:17:00Z,57
1927926,South,SANGRUR,11 KV Urban Truck Union Road,Unplanned,Closed,2026-09-08T08:20:00Z,2026-09-08T09:10:00Z,50
1927925,Central,CITY WEST LUDHIANA,LOHARA,Unplanned,Closed,2026-09-08T08:14:18Z,2026-09-08T09:00:22Z,46
1927923,Central,CITY WEST LUDHIANA,BASANT FEEDER,Unplanned,Closed,2026-09-08T07:55:08Z,2026-09-08T08:30:05Z,34
1927924,North,JALANDHAR,BASTI NAU (OLD),Unplanned,Closed,2026-09-08T07:52:00Z,2026-09-08T09:15:00Z,83
1927921,North,NAWANSHAHR,Raiway road,Unplanned,Closed,2026-09-08T07:50:00Z,2026-09-08T08:05:00Z,15
1927920,South,PATIALA,shera wala gate,Unplanned,Closed,2026-09-08T07:43:00Z,2026-09-08T08:41:00Z,58
1927918,Central,CITY WEST LUDHIANA,Rolex Feeder,Unplanned,Closed,2026-09-08T07:35:59Z,2026-09-08T08:12:57Z,36
1927922,North,JALANDHAR,PUNJABI BAGH,Unplanned,Closed,2026-09-08T07:35:00Z,2026-09-08T08:00:00Z,25
1927919,North,HOSHIARPUR,Soosa,Unplanned,Closed,2026-09-08T07:35:00Z,2026-09-08T08:50:00Z,75
1927916,West,FARIDKOT,JAITO CITY,Planned,Closed,2026-09-08T07:31:03Z,2026-09-08T07:56:33Z,25
1927945,West,FARIDKOT,11 KV BHOLUWALA ROAD,Unplanned,Closed,2026-09-08T07:30:00Z,2026-09-08T08:58:00Z,88
1927943,West,FARIDKOT,11 KV GURU ANGAD DEV G UPS,Unplanned,Closed,2026-09-08T07:30:00Z,2026-09-08T08:58:00Z,88
1927942,West,FARIDKOT,11 KV Pudda,Unplanned,Closed,2026-09-08T07:30:00Z,2026-09-08T08:58:00Z,88
1927941,West,FARIDKOT,11KV Tao Agro,Unplanned,Closed,2026-09-08T07:30:00Z,2026-09-08T08:58:00Z,88
1927940,West,FARIDKOT,11KV MODREN JAIL,Unplanned,Closed,2026-09-08T07:30:00Z,2026-09-08T08:58:00Z,88
1927939,West,FARIDKOT,11KV Chehal UPS,Unplanned,Closed,2026-09-08T07:30:00Z,2026-09-08T08:58:00Z,88
1927938,West,FARIDKOT,11KV SANJAY NAGAR,Unplanned,Closed,2026-09-08T07:30:00Z,2026-09-08T08:58:00Z,88
1927937,West,FARIDKOT,11KV WATER WORKS,Unplanned,Closed,2026-09-08T07:30:00Z,2026-09-08T08:58:00Z,88
1927936,West,FARIDKOT,11KV BHARAT CARD BOARD,Unplanned,Closed,2026-09-08T07:30:00Z,2026-09-08T08:58:00Z,88
1927935,West,FARIDKOT,11KV HARINDERA NAGAR,Unplanned,Closed,2026-09-08T07:30:00Z,2026-09-08T08:58:00Z,88
1927934,West,FARIDKOT,11KV GREEN AVENUE,Unplanned,Closed,2026-09-08T07:30:00Z,2026-09-08T08:58:00Z,88
1927933,West,FARIDKOT,11KV Circular Road,Unplanned,Closed,2026-09-08T07:30:00Z,2026-09-08T08:58:00Z,88
1927932,West,FARIDKOT,BALBIR BASTI DHQ,Unplanned,Closed,2026-09-08T07:30:00Z,2026-09-08T08:58:00Z,88
1927931,West,FARIDKOT,CITY FEEDER MINI SECTRYATE,Unplanned,Closed,2026-09-08T07:30:00Z,2026-09-08T08:58:00Z,88
1927930,West,FARIDKOT,POLICE LINE,Unplanned,Closed,2026-09-08T07:30:00Z,2026-09-08T08:58:00Z,88
1927915,Border,GURDASPUR,Tharial,Unplanned,Closed,2026-09-08T07:30:00Z,2026-09-08T07:45:00Z,15
1927914,East,MOHALI,Water Works,Unplanned,Closed,2026-09-08T07:26:08Z,2026-09-08T10:52:12Z,206
1927917,East,ROPAR,11 KV Kiratpur Sahib,Unplanned,Closed,2026-09-08T07:25:25Z,2026-09-08T08:05:15Z,39
1927907,West,BATHINDA,11KV THAKUR COLONY,Planned,Closed,2026-09-08T07:03:55Z,2026-09-08T10:15:55Z,192
1927906,West,BATHINDA,11 KV DHOBI BAZAR,Planned,Closed,2026-09-08T07:03:55Z,2026-09-08T10:15:55Z,192
1927905,West,BATHINDA,11KV KANHAIYA CHOWK,Planned,Closed,2026-09-08T07:03:55Z,2026-09-08T10:16:55Z,193
1927904,West,BATHINDA,11 KV ZILA PARISHAD,Planned,Closed,2026-09-08T07:03:55Z,2026-09-08T10:15:55Z,192
1927903,West,BATHINDA,11 KV NAI BASTI,Planned,Closed,2026-09-08T07:03:55Z,2026-09-08T10:15:55Z,192
1927902,West,BATHINDA,11 KV MALL ROAD,Planned,Closed,2026-09-08T07:03:55Z,2026-09-08T10:15:55Z,192
1927913,South,PATIALA,Mall Road,Unplanned,Closed,2026-09-08T06:58:00Z,2026-09-08T08:21:00Z,83
1927909,North,NAWANSHAHR,THOPIA,Unplanned,Closed,2026-09-08T06:57:00Z,2026-09-08T07:36:00Z,39
1927908,West,FARIDKOT,JAITO CITY,Planned,Closed,2026-09-08T06:50:00Z,2026-09-08T07:28:30Z,38
1927910,South,PATIALA,INDUSTRIAL 1,Unplanned,Closed,2026-09-08T06:45:00Z,2026-09-08T08:30:00Z,105
1927912,East,MOHALI,11KV LANDRAN ROAD,Unplanned,Closed,2026-09-08T06:38:00Z,2026-09-08T07:40:00Z,62
1927898,West,BATHINDA,TOWN,Unplanned,Closed,2026-09-08T06:35:00Z,2026-09-08T08:30:00Z,115
1927897,South,BARNALA,GREWAL UPS,Unplanned,Closed,2026-09-08T06:10:00Z,2026-09-08T07:45:00Z,95
1927894,South,SANGRUR,11 KV BAKSHIWALA URBAN,Unplanned,Closed,2026-09-08T06:02:00Z,2026-09-08T07:06:00Z,64
1927895,North,JALANDHAR,PATARA,Unplanned,Closed,2026-09-08T06:01:00Z,2026-09-08T06:25:00Z,24
1927893,Border,SUB URBAN AMRITSAR,City 1,Unplanned,Closed,2026-09-08T06:00:00Z,2026-09-08T07:05:00Z,65
1927892,North,JALANDHAR,11 KV D.A.V,Unplanned,Closed,2026-09-08T05:56:02Z,2026-09-08T06:08:17Z,12
1927896,North,KAPURTHALA,AJIT NAGAR,Unplanned,Closed,2026-09-08T05:48:00Z,2026-09-08T07:42:00Z,114
1927891,South,PATIALA,BAJWA COLONY,Unplanned,Closed,2026-09-08T05:01:00Z,2026-09-08T05:59:00Z,58
1927890,East,MOHALI,JANTI DEVI,Unplanned,Closed,2026-09-08T04:35:00Z,2026-09-08T05:31:43Z,56
1927889,Border,SUB URBAN AMRITSAR,BABA NAMDEV JI UPS,Unplanned,Closed,2026-09-08T04:20:00Z,2026-09-08T06:05:00Z,105
1927887,South,PATIALA,11 KV BIBIPUR,Unplanned,Closed,2026-09-08T04:00:00Z,2026-09-08T05:00:00Z,60
1927886,South,PATIALA,11 KV KHATOLI,Unplanned,Closed,2026-09-08T04:00:00Z,2026-09-08T05:00:00Z,60
1927888,North,NAWANSHAHR,Achan Chak,Unplanned,Closed,2026-09-08T03:55:00Z,2026-09-08T04:38:00Z,43
1927884,North,JALANDHAR,11KV SALEMPUR,Unplanned,Closed,2026-09-08T03:30:23Z,2026-09-08T11:05:00Z,454
1927885,South,PATIALA,INDUSTRIAL NO 2 (FP),Unplanned,Closed,2026-09-08T03:25:00Z,2026-09-08T05:05:00Z,100
1927883,South,PATIALA,Heera Bagh,Unplanned,Closed,2026-09-08T03:17:00Z,2026-09-08T03:42:00Z,25
1927882,South,SANGRUR,MEHLAN ROAD,Unplanned,Closed,2026-09-08T02:25:00Z,2026-09-08T04:16:00Z,111
1927881,South,SANGRUR,MOTHER INDIA,Unplanned,Closed,2026-09-08T02:02:00Z,2026-09-08T05:38:00Z,216
1927880,South,SANGRUR,City-1,Unplanned,Closed,2026-09-08T02:02:00Z,2026-09-08T03:08:00Z,66
1927879,South,SANGRUR,CITY-5,Unplanned,Closed,2026-09-08T02:02:00Z,2026-09-08T03:08:00Z,66
1927878,Border,CITY AMRITSAR,ADARSH,Unplanned,Closed,2026-09-08T01:40:00Z,2026-09-08T02:24:00Z,44
1927877,North,HOSHIARPUR,11KV SATOWALI,Unplanned,Closed,2026-09-08T01:00:00Z,2026-09-08T01:15:00Z,15
1927876,Central,KHANNA,Gagan Feeder,Unplanned,Closed,2026-09-08T00:25:00Z,2026-09-08T01:13:00Z,48
1927875,West,BATHINDA,AMARPURA,Unplanned,Closed,2026-09-07T23:59:44Z,2026-09-08T01:55:34Z,115
1927873,North,HOSHIARPUR,11 kv Mansoorpur,Unplanned,Closed,2026-09-07T23:25:00Z,2026-09-07T23:40:00Z,15
1927874,South,PATIALA,Sarabha Nagar feeder,Unplanned,Closed,2026-09-07T23:20:11Z,2026-09-08T00:16:06Z,55
1927871,North,JALANDHAR,Onkar nagar,Unplanned,Closed,2026-09-07T23:15:00Z,2026-09-07T23:50:00Z,35
1927872,North,NAWANSHAHR,BIRAMPUR,Unplanned,Closed,2026-09-07T23:13:00Z,2026-09-07T23:52:00Z,39
1927869,Central,CITY WEST LUDHIANA,GOLDEN PARK,Unplanned,Closed,2026-09-07T23:07:01Z,2026-09-08T00:29:10Z,82
1927868,West,FARIDKOT,JAITO CITY,Unplanned,Closed,2026-09-07T23:00:00Z,2026-09-07T23:46:03Z,46
1927867,Border,CITY AMRITSAR,ADARSH,Unplanned,Closed,2026-09-07T22:52:00Z,2026-09-08T00:02:00Z,70
1927865,West,MUKATSAR,11 KV BSF,Unplanned,Closed,2026-09-07T22:51:43Z,2026-09-07T23:40:45Z,49
1927863,Central,KHANNA,GTB Nagar,Unplanned,Closed,2026-09-07T22:40:00Z,2026-09-07T23:12:00Z,32
1927864,Central,KHANNA,Shastri Nagar,Unplanned,Closed,2026-09-07T22:39:00Z,2026-09-07T22:56:00Z,17
1927862,West,FARIDKOT,AMRITSAR ROAD URBAN,Unplanned,Closed,2026-09-07T22:32:07Z,2026-09-07T23:15:43Z,43
1927861,West,FARIDKOT,SAHIBZADA AJIT SINGH NAGAR,Unplanned,Closed,2026-09-07T22:32:07Z,2026-09-07T23:19:11Z,47
1927860,West,FARIDKOT,FCI URBAN,Unplanned,Closed,2026-09-07T22:32:07Z,2026-09-07T23:18:53Z,46
1927859,West,FARIDKOT,Dutt Road,Unplanned,Closed,2026-09-07T22:32:07Z,2026-09-07T23:18:02Z,45
1927858,West,FARIDKOT,AKALSAR,Unplanned,Closed,2026-09-07T22:32:07Z,2026-09-07T23:17:30Z,45
1927866,North,NAWANSHAHR,Rurka Kalan,Unplanned,Closed,2026-09-07T22:30:00Z,2026-09-07T23:30:00Z,60
1927857,West,MUKATSAR,11 KV Alamgarh,Unplanned,Closed,2026-09-07T22:25:00Z,2026-09-07T23:30:47Z,65
1927856,North,NAWANSHAHR,CITY GARHSHANKAR-2,Unplanned,Closed,2026-09-07T22:25:00Z,2026-09-07T22:55:00Z,30
1927850,West,BATHINDA,URBAN ESTATE,Unplanned,Closed,2026-09-07T22:11:00Z,2026-09-07T23:35:00Z,84
1927855,Border,TARN TARAN,KHABERAJPUTA,Unplanned,Closed,2026-09-07T22:10:00Z,2026-09-08T08:05:00Z,595
1927849,West,BATHINDA,URBAN ESTATE,Unplanned,Closed,2026-09-07T22:06:00Z,2026-09-07T23:35:00Z,89
1927854,West,MUKATSAR,11 KV BSF,Unplanned,Closed,2026-09-07T22:05:00Z,2026-09-07T22:20:00Z,15
1927853,West,MUKATSAR,11 KV GANGA NAGAR ROAD,Unplanned,Closed,2026-09-07T22:05:00Z,2026-09-07T22:20:00Z,15
1927852,West,MUKATSAR,11 KV Rajiv Nagar,Unplanned,Closed,2026-09-07T22:05:00Z,2026-09-07T22:20:00Z,15
1927851,West,MUKATSAR,11 KV KANDHWALA Road Urban,Unplanned,Closed,2026-09-07T22:05:00Z,2026-09-07T22:20:00Z,15
1927848,West,FARIDKOT,JAITO CITY,Planned,Closed,2026-09-07T22:04:00Z,2026-09-07T22:59:29Z,55
1927847,North,KAPURTHALA,MALL ROAD URBAN,Unplanned,Closed,2026-09-07T22:00:00Z,2026-09-07T22:35:00Z,35
1927845,Central,CITY WEST LUDHIANA,URBAN ESTATE PH-2,Planned,Closed,2026-09-07T21:51:00Z,2026-09-07T23:02:46Z,71
1927846,East,ROPAR,SAIDPUR,Unplanned,Closed,2026-09-07T21:49:00Z,2026-09-07T22:49:00Z,60
1927844,North,NAWANSHAHR,GOLUMAJRA,Unplanned,Closed,2026-09-07T21:40:00Z,2026-09-07T22:15:00Z,35
1927843,Central,KHANNA,SALANA UPS,Unplanned,Closed,2026-09-07T21:40:00Z,2026-09-07T22:20:00Z,40
1927841,West,FARIDKOT,MOGA-2,Unplanned,Closed,2026-09-07T21:30:52Z,2026-09-07T23:00:13Z,89
1927840,West,FARIDKOT,Jawahar Nagar,Unplanned,Closed,2026-09-07T21:30:52Z,2026-09-07T23:00:53Z,90
1927842,East,ROPAR,11 KV Moura,Unplanned,Closed,2026-09-07T21:29:00Z,2026-09-07T21:55:00Z,26
1927839,West,MUKATSAR,11 KV GANGA NAGAR ROAD,Unplanned,Closed,2026-09-07T21:15:00Z,2026-09-07T21:30:00Z,15
1927838,West,MUKATSAR,11 KV Chirag dhani,Unplanned,Closed,2026-09-07T21:15:00Z,2026-09-07T21:30:00Z,15
1927837,West,MUKATSAR,11 KV Alamgarh,Unplanned,Closed,2026-09-07T21:15:00Z,2026-09-07T21:30:00Z,15
1927836,West,MUKATSAR,11 KV Rajiv Nagar,Unplanned,Closed,2026-09-07T21:15:00Z,2026-09-07T21:30:00Z,15
1927835,West,MUKATSAR,11 KV KANDHWALA Road Urban,Unplanned,Closed,2026-09-07T21:15:00Z,2026-09-07T21:30:00Z,15
1927834,West,MUKATSAR,11 KV RIDHI SIDHI URBAN,Unplanned,Closed,2026-09-07T21:15:00Z,2026-09-07T21:30:00Z,15
1927832,South,SANGRUR,11 KV Rambagh,Unplanned,Closed,2026-09-07T21:05:46Z,2026-09-07T22:20:35Z,74
1927831,Central,KHANNA,MANGARH ROAD,Unplanned,Closed,2026-09-07T21:05:00Z,2026-09-07T21:48:00Z,43
1927830,East,Zirakpur,ZIRAKPUR-2,Planned,Closed,2026-09-07T20:58:00Z,2026-09-07T21:45:00Z,47
1927827,West,MUKATSAR,Dhani Sucha Singh (Old Chakra),Unplanned,Closed,2026-09-07T20:52:05Z,2026-09-07T22:52:06Z,120
1927828,North,NAWANSHAHR,CITY GARHSHANKAR-2,Unplanned,Closed,2026-09-07T20:52:00Z,2026-09-07T21:22:00Z,30
1927829,North,NAWANSHAHR,JINDAPUR,Unplanned,Closed,2026-09-07T20:50:00Z,2026-09-07T21:02:00Z,12
1927825,North,HOSHIARPUR,11 KV Banial Feeder,Unplanned,Closed,2026-09-07T20:47:00Z,2026-09-07T21:30:00Z,43
1927826,West,FARIDKOT,BAJA ROAD,Unplanned,Closed,2026-09-07T20:39:10Z,2026-09-07T21:55:26Z,76
1927823,West,MUKATSAR,11 KV New Water Works -2,Unplanned,Closed,2026-09-07T20:23:36Z,2026-09-07T21:23:57Z,60
1927822,South,PATIALA,Chandigarh Road,Unplanned,Closed,2026-09-07T20:10:00Z,2026-09-07T20:45:00Z,35
1927821,North,HOSHIARPUR,Meeranpur UPS,Unplanned,Closed,2026-09-07T20:10:00Z,2026-09-07T20:20:00Z,10
1927818,West,FARIDKOT,Dutt Road,Unplanned,Closed,2026-09-07T20:00:00Z,2026-09-07T22:00:00Z,120
1927817,West,FARIDKOT,SAHIBZADA AJIT SINGH NAGAR,Unplanned,Closed,2026-09-07T20:00:00Z,2026-09-07T22:00:00Z,120
1927816,West,FARIDKOT,AKALSAR,Unplanned,Closed,2026-09-07T20:00:00Z,2026-09-07T22:00:00Z,120
1927815,West,FARIDKOT,FCI URBAN,Unplanned,Closed,2026-09-07T20:00:00Z,2026-09-07T22:00:00Z,120
1927814,North,NAWANSHAHR,MOJOWAL MAJARA,Unplanned,Closed,2026-09-07T19:56:00Z,2026-09-07T20:30:00Z,34
1927813,Central,KHANNA,City-2 khanna,Unplanned,Closed,2026-09-07T19:54:00Z,2026-09-07T21:34:00Z,100
1927811,Border,CITY AMRITSAR,V.J.HOSPITAL,Unplanned,Closed,2026-09-07T19:52:23Z,2026-09-07T20:15:13Z,22
1927812,Central,CITY EAST LUDHIANA,BSNL,Unplanned,Closed,2026-09-07T19:52:00Z,2026-09-07T20:48:00Z,56
1927809,North,HOSHIARPUR,11KV MAKOWAL,Unplanned,Closed,2026-09-07T19:45:00Z,2026-09-07T20:25:00Z,40
1927820,West,MUKATSAR,11 KV ABC,Unplanned,Closed,2026-09-07T19:41:00Z,2026-09-07T22:46:00Z,185
1927806,North,JALANDHAR,JASWANT NAGAR,Unplanned,Closed,2026-09-07T19:35:00Z,2026-09-07T20:12:00Z,37
1927805,North,HOSHIARPUR,khudda,Unplanned,Closed,2026-09-07T19:30:00Z,2026-09-07T20:10:00Z,40
1927804,North,KAPURTHALA,MALL ROAD URBAN,Unplanned,Closed,2026-09-07T19:29:00Z,2026-09-07T20:10:00Z,41
1927808,West,MUKATSAR,11 KV GANGA NAGAR ROAD,Unplanned,Closed,2026-09-07T19:28:00Z,2026-09-07T20:50:00Z,82
1927807,West,MUKATSAR,11 KV RIDHI SIDHI URBAN,Unplanned,Closed,2026-09-07T19:28:00Z,2026-09-07T20:16:00Z,48
1927801,Central,CITY WEST LUDHIANA,MERADO FEEDER,Unplanned,Closed,2026-09-07T19:25:35Z,2026-09-07T20:12:37Z,47
1927799,Border,CITY AMRITSAR,V.J.HOSPITAL,Unplanned,Closed,2026-09-07T19:20:51Z,2026-09-07T19:40:46Z,19
1927803,West,BATHINDA,BALLIANWALI CITY,Unplanned,Closed,2026-09-07T19:15:00Z,2026-09-07T20:50:00Z,95
1927796,West,FARIDKOT,MOGA-2,Unplanned,Closed,2026-09-07T19:07:51Z,2026-09-07T20:58:25Z,110
1927795,West,FARIDKOT,Jawahar Nagar,Unplanned,Closed,2026-09-07T19:07:51Z,2026-09-07T20:58:15Z,110
1927798,Border,SUB URBAN AMRITSAR,U P S Iban,Unplanned,Closed,2026-09-07T19:05:00Z,2026-09-07T19:55:00Z,50
1927800,North,JALANDHAR,CHHOTI BARADARI,Unplanned,Closed,2026-09-07T19:01:00Z,2026-09-07T20:12:00Z,71
1927794,East,Zirakpur,K AREA,Unplanned,Closed,2026-09-07T18:55:00Z,2026-09-07T20:30:00Z,95
1927802,West,BATHINDA,MIRPUR,Unplanned,Closed,2026-09-07T18:54:27Z,2026-09-07T19:30:00Z,35
1927791,South,PATIALA,BSNL,Unplanned,Closed,2026-09-07T18:53:00Z,2026-09-07T19:09:00Z,16
1927793,Central,CITY EAST LUDHIANA,BASTI FEEDER,Unplanned,Closed,2026-09-07T18:50:00Z,2026-09-07T20:01:00Z,71
1927792,Central,CITY EAST LUDHIANA,Chand Cinema,Unplanned,Closed,2026-09-07T18:50:00Z,2026-09-07T20:01:00Z,71
1927788,Central,KHANNA,Nandi Colony,Unplanned,Closed,2026-09-07T18:50:00Z,2026-09-07T20:08:00Z,78
1927789,West,BATHINDA,INDUSTRIES,Planned,Closed,2026-09-07T18:48:00Z,2026-09-07T19:40:00Z,52
1927790,West,FARIDKOT,11 KV KOTKAPURA ROAD,Planned,Closed,2026-09-07T18:47:00Z,2026-09-07T18:57:00Z,10
1927784,North,JALANDHAR,DIC 2,Unplanned,Closed,2026-09-07T18:46:00Z,2026-09-07T19:10:00Z,24
1927787,West,MUKATSAR,RULDU SINGH WALA,Unplanned,Closed,2026-09-07T18:43:00Z,2026-09-07T19:00:00Z,17
1927797,South,PATIALA,11 KV Water Works,Unplanned,Closed,2026-09-07T18:40:00Z,2026-09-07T19:45:00Z,65
1927785,Border,CITY AMRITSAR,11 KV Chabbal Road,Unplanned,Closed,2026-09-07T18:40:00Z,2026-09-07T18:40:58Z,0
1927783,East,Zirakpur,11kv Cosmo,Unplanned,Closed,2026-09-07T18:40:00Z,2026-09-07T18:47:00Z,7
1927786,Border,SUB URBAN AMRITSAR,SUNCITY,Unplanned,Closed,2026-09-07T18:39:59Z,2026-09-07T19:15:00Z,35
1927782,South,PATIALA,KOALI,Unplanned,Closed,2026-09-07T18:36:48Z,2026-09-07T19:08:05Z,31
1927781,East,MOHALI,JANTI DEVI,Unplanned,Closed,2026-09-07T18:33:31Z,2026-09-07T19:07:13Z,33
1927780,West,FARIDKOT,JAITO CITY,Planned,Closed,2026-09-07T18:30:00Z,2026-09-07T19:30:00Z,60
1927778,East,Zirakpur,BEGAMPURA,Unplanned,Closed,2026-09-07T18:20:00Z,2026-09-07T19:18:00Z,58
1927768,Border,CITY AMRITSAR,Mohan Rice Mills,Planned,Closed,2026-09-07T18:15:00Z,2026-09-07T18:40:02Z,25
1927774,West,MUKATSAR,Namdev Nagar,Unplanned,Closed,2026-09-07T18:14:00Z,2026-09-07T18:42:00Z,28
1927773,West,MUKATSAR,11 KV Azimgarh Urban,Unplanned,Closed,2026-09-07T18:10:24Z,2026-09-07T18:45:32Z,35
1927772,West,MUKATSAR,11 KV Dhani Bisehesarnath,Unplanned,Closed,2026-09-07T18:09:02Z,2026-09-07T18:38:12Z,29
1927771,North,KAPURTHALA,11 KV HIMMET UPS,Unplanned,Closed,2026-09-07T18:05:00Z,2026-09-07T18:45:00Z,40
1927767,West,MUKATSAR,11 KV GADDAN DOB,Planned,Closed,2026-09-07T18:05:00Z,2026-09-07T18:50:00Z,45
1927777,East,MOHALI,11KV B&D BLOCK,Unplanned,Closed,2026-09-07T18:03:43Z,2026-09-07T18:48:00Z,44
1927770,Border,GURDASPUR,ARYA NAGAR,Unplanned,Closed,2026-09-07T18:02:00Z,2026-09-07T18:19:00Z,17
1927779,West,MUKATSAR,Odda Basti,Unplanned,Closed,2026-09-07T18:00:00Z,2026-09-07T19:00:00Z,60
1927775,Central,KHANNA,Motia Khan,Unplanned,Closed,2026-09-07T18:00:00Z,2026-09-07T18:30:00Z,30
1927764,North,JALANDHAR,GLOBE COLONY,Unplanned,Closed,2026-09-07T18:00:00Z,2026-09-07T18:15:00Z,15
1927765,West,BATHINDA,Kahnewala Urban,Unplanned,Closed,2026-09-07T17:55:33Z,2026-09-07T18:35:25Z,39
1927766,North,KAPURTHALA,UPS Partabpura,Unplanned,Closed,2026-09-07T17:55:00Z,2026-09-07T18:20:00Z,25
1927769,South,PATIALA,UPS 1,Unplanned,Closed,2026-09-07T17:50:00Z,2026-09-07T18:55:00Z,65
1927760,Central,CITY WEST LUDHIANA,HOUSEFED,Planned,Closed,2026-09-07T17:40:15Z,2026-09-07T18:40:24Z,60
1927762,West,FARIDKOT,Kotkapura-I,Unplanned,Closed,2026-09-07T17:35:00Z,2026-09-07T18:25:34Z,50
1927758,North,JALANDHAR,11KV UDESIAN,Unplanned,Closed,2026-09-07T17:35:00Z,2026-09-07T17:53:00Z,18
1927761,West,FARIDKOT,Dhana Basti,Unplanned,Closed,2026-09-07T17:34:00Z,2026-09-07T18:20:29Z,46
1927759,North,HOSHIARPUR,Bhogpur,Unplanned,Closed,2026-09-07T17:30:00Z,2026-09-07T17:55:00Z,25
1927756,Border,GURDASPUR,CITY-3,Unplanned,Closed,2026-09-07T17:29:00Z,2026-09-07T17:45:00Z,16
1927755,Border,GURDASPUR,ARYA NAGAR,Unplanned,Closed,2026-09-07T17:29:00Z,2026-09-07T18:01:00Z,32
1927754,Border,GURDASPUR,GAJIKOT,Unplanned,Closed,2026-09-07T17:27:00Z,2026-09-07T17:45:00Z,18
1927753,Border,GURDASPUR,TALIBPUR,Unplanned,Closed,2026-09-07T17:27:00Z,2026-09-07T17:45:00Z,18
1927757,North,KAPURTHALA,UPS Aujla,Unplanned,Closed,2026-09-07T17:25:00Z,2026-09-07T17:55:00Z,30
1927752,North,KAPURTHALA,UPS KAMALPUR,Unplanned,Closed,2026-09-07T17:20:00Z,2026-09-07T17:50:00Z,30
1927740,South,PATIALA,rangian,Unplanned,Closed,2026-09-07T17:17:15Z,2026-09-07T17:30:48Z,13
1927742,West,MUKATSAR,11 KV Malookpura UPS,Unplanned,Closed,2026-09-07T17:16:41Z,2026-09-07T17:46:35Z,29
1927745,West,MUKATSAR,11 KV Raipura,Unplanned,Closed,2026-09-07T17:16:31Z,2026-09-07T17:47:28Z,30
1927744,West,MUKATSAR,11 KV Dhaban Kokrian,Unplanned,Closed,2026-09-07T17:16:16Z,2026-09-07T17:47:24Z,31
1927741,West,MUKATSAR,11 KV Jodhpur,Unplanned,Closed,2026-09-07T17:16:13Z,2026-09-07T17:46:15Z,30
1927743,West,MUKATSAR,11 KV Kera Khera,Unplanned,Closed,2026-09-07T17:16:01Z,2026-09-07T17:46:59Z,30
1927738,North,NAWANSHAHR,Saloh Road,Unplanned,Closed,2026-09-07T17:15:00Z,2026-09-07T17:40:00Z,25
1927751,East,Zirakpur,SILVERCITY,Planned,Closed,2026-09-07T17:13:00Z,2026-09-07T17:29:00Z,16
1927749,East,Zirakpur,PEER BABA ROAD,Planned,Closed,2026-09-07T17:13:00Z,2026-09-07T18:45:00Z,92
1927748,East,Zirakpur,NABHA SAHIB,Planned,Closed,2026-09-07T17:13:00Z,2026-09-07T18:45:00Z,92
1927747,East,Zirakpur,Jaskaran,Planned,Closed,2026-09-07T17:13:00Z,2026-09-07T18:45:00Z,92
1927746,East,Zirakpur,RANBAXY,Unplanned,Closed,2026-09-07T17:13:00Z,2026-09-07T18:45:00Z,92
1927736,Border,SUB URBAN AMRITSAR,District Shopping complex (DSC),Unplanned,Closed,2026-09-07T17:12:00Z,2026-09-07T17:30:00Z,18
1927735,Border,TARN TARAN,24 HRS CHUTALA,Unplanned,Closed,2026-09-07T17:10:00Z,2026-09-07T18:01:00Z,51
1927730,East,Zirakpur,DEEPAK PIPE,Unplanned,Closed,2026-09-07T17:07:00Z,2026-09-07T17:43:00Z,36
1927750,South,PATIALA,UPS RAJPURA,Unplanned,Closed,2026-09-07T17:05:00Z,2026-09-07T19:20:00Z,135
1927737,West,MUKATSAR,Kandukhera,Unplanned,Closed,2026-09-07T17:04:00Z,2026-09-07T17:19:00Z,15
1927732,West,MUKATSAR,PANJKOSI,Unplanned,Closed,2026-09-07T17:03:04Z,2026-09-07T17:50:15Z,47
1927731,West,MUKATSAR,HARIPURA,Unplanned,Closed,2026-09-07T17:02:40Z,2026-09-07T17:50:50Z,48
1927734,West,MUKATSAR,Middukhera Urban,Unplanned,Closed,2026-09-07T17:01:00Z,2026-09-07T17:24:00Z,23
1927733,West,MUKATSAR,BRING KHERA,Unplanned,Closed,2026-09-07T17:01:00Z,2026-09-07T18:42:00Z,101
1927763,North,KAPURTHALA,UPS Kotli,Unplanned,Closed,2026-09-07T17:00:00Z,2026-09-07T19:50:00Z,170
1927725,South,BARNALA,JABBOMAJRA UPS,Unplanned,Closed,2026-09-07T16:59:07Z,2026-09-07T17:25:20Z,26
1927727,West,BATHINDA,KHIWA DIALLUWALA,Unplanned,Closed,2026-09-07T16:53:00Z,2026-09-07T17:20:00Z,27
1927739,East,MOHALI,11KV SIDHU UPS,Unplanned,Closed,2026-09-07T16:50:00Z,2026-09-07T18:38:32Z,108
1927728,North,KAPURTHALA,UPS Partabpura,Unplanned,Closed,2026-09-07T16:50:00Z,2026-09-07T17:15:00Z,25
1927729,West,BATHINDA,KUSLA,Unplanned,Closed,2026-09-07T16:45:00Z,2026-09-07T17:30:48Z,45
1927724,West,FARIDKOT,Nathewala,Planned,Closed,2026-09-07T16:45:00Z,2026-09-07T19:02:48Z,137
1927722,West,MUKATSAR,Kheowali,Unplanned,Closed,2026-09-07T16:45:00Z,2026-09-07T17:25:00Z,40
1927721,South,SANGRUR,ITI MOONAK,Planned,Closed,2026-09-07T16:42:16Z,2026-09-07T16:50:26Z,8
1927720,South,SANGRUR,AMBEKAR NAGAR,Unplanned,Closed,2026-09-07T16:33:46Z,2026-09-07T18:20:01Z,106
1927719,South,SANGRUR,PUNIA COLONY,Unplanned,Closed,2026-09-07T16:32:23Z,2026-09-07T18:08:19Z,95
1927718,West,BATHINDA,UPS-I,Unplanned,Closed,2026-09-07T16:25:55Z,2026-09-07T17:03:10Z,37
1927723,West,MUKATSAR,Town,Unplanned,Closed,2026-09-07T16:25:00Z,2026-09-07T18:22:00Z,117
1927717,East,MOHALI,Janta colony,Unplanned,Closed,2026-09-07T16:21:15Z,2026-09-07T18:05:32Z,104
1927716,North,HOSHIARPUR,PEALAN,Unplanned,Closed,2026-09-07T16:20:00Z,2026-09-07T17:20:00Z,60
1927714,South,BARNALA,MOTI BAZAR,Unplanned,Closed,2026-09-07T16:20:00Z,2026-09-07T18:30:00Z,130
1927711,Central,CITY EAST LUDHIANA,BASTI FEEDER,Unplanned,Closed,2026-09-07T16:11:00Z,2026-09-07T16:21:00Z,10
1927710,West,BATHINDA,Giana,Planned,Closed,2026-09-07T16:07:00Z,2026-09-07T16:58:00Z,51
1927703,East,Zirakpur,Jastna Kandi Pure AP,Unplanned,Closed,2026-09-07T16:06:00Z,2026-09-07T16:41:00Z,35
1927713,North,JALANDHAR,RURAL URBAN  (NAWAN PIND),Unplanned,Closed,2026-09-07T16:05:00Z,2026-09-07T16:40:00Z,35
1927712,East,Zirakpur,11 KV Aero Home Feeder,Planned,Closed,2026-09-07T16:05:00Z,2026-09-07T16:15:00Z,10
1927709,Border,SUB URBAN AMRITSAR,BAL SACHANDER,Unplanned,Closed,2026-09-07T16:05:00Z,2026-09-07T17:15:00Z,70
1927715,Border,GURDASPUR,Cheema Khuddi,Unplanned,Closed,2026-09-07T16:03:00Z,2026-09-07T16:45:00Z,42
1927704,North,JALANDHAR,DHANOWALI,Unplanned,Closed,2026-09-07T16:01:00Z,2026-09-07T17:01:00Z,60
1927705,North,KAPURTHALA,URBAN Mandi Road NURMAHAL,Unplanned,Closed,2026-09-07T16:00:00Z,2026-09-07T16:30:00Z,30
1927690,South,SANGRUR,24 HRS. BALRAN,Planned,Closed,2026-09-07T15:55:46Z,2026-09-07T16:56:02Z,60
1927707,North,KAPURTHALA,URBAN JANDIALA ROAD Nurmahal,Unplanned,Closed,2026-09-07T15:55:00Z,2026-09-07T16:25:00Z,30
1927702,East,MOHALI,MOHIKALAN UPS,Unplanned,Closed,2026-09-07T15:55:00Z,2026-09-07T16:27:37Z,32
1927695,East,Zirakpur,11KV Dream Home,Unplanned,Closed,2026-09-07T15:55:00Z,2026-09-07T16:35:00Z,40
1927708,West,BATHINDA,GHASO KHANA,Planned,Closed,2026-09-07T15:51:00Z,2026-09-07T17:11:00Z,80
1927706,West,BATHINDA,RAILWAY FATAK,Planned,Closed,2026-09-07T15:51:00Z,2026-09-07T17:10:00Z,79
1927701,West,BATHINDA,DANA MANDI,Planned,Closed,2026-09-07T15:50:00Z,2026-09-07T16:13:00Z,23
1927700,East,Zirakpur,GREEN LOTUS,Planned,Closed,2026-09-07T15:50:00Z,2026-09-07T16:47:00Z,57
1927699,East,Zirakpur,ORBIT,Planned,Closed,2026-09-07T15:50:00Z,2026-09-07T16:47:00Z,57
1927698,East,Zirakpur,SINGHPURA,Planned,Closed,2026-09-07T15:50:00Z,2026-09-07T16:47:00Z,57
1927697,East,Zirakpur,SAVITRYGREEN,Planned,Closed,2026-09-07T15:50:00Z,2026-09-07T16:47:00Z,57
1927696,East,Zirakpur,11 kv adda jhungia cat-1,Unplanned,Closed,2026-09-07T15:50:00Z,2026-09-07T16:47:00Z,57
1927689,West,MUKATSAR,11 KV Sappan wali,Unplanned,Closed,2026-09-07T15:49:05Z,2026-09-07T16:00:18Z,11
1927694,East,Zirakpur,SANULI,Unplanned,Closed,2026-09-07T15:45:00Z,2026-09-07T16:15:00Z,30
1927674,Central,KHANNA,ghunder,Unplanned,Closed,2026-09-07T15:43:00Z,2026-09-07T17:40:00Z,117
1927680,West,MUKATSAR,11 KV GADDAN DOB,Unplanned,Closed,2026-09-07T15:40:00Z,2026-09-07T16:38:00Z,58
1927679,West,MUKATSAR,11 KV TAJA PATTI,Unplanned,Closed,2026-09-07T15:40:00Z,2026-09-07T16:38:00Z,58
1927678,West,MUKATSAR,11 KV RATTA TIBBA,Unplanned,Closed,2026-09-07T15:40:00Z,2026-09-07T16:38:00Z,58
1927677,West,MUKATSAR,11 KV Raipura,Unplanned,Closed,2026-09-07T15:40:00Z,2026-09-07T16:38:00Z,58
1927676,West,MUKATSAR,11 KV Dhaban Kokrian,Unplanned,Closed,2026-09-07T15:40:00Z,2026-09-07T16:38:00Z,58
1927675,West,MUKATSAR,11 KV Malookpura UPS,Unplanned,Closed,2026-09-07T15:40:00Z,2026-09-07T16:38:00Z,58
1927673,North,HOSHIARPUR,BETT,Unplanned,Closed,2026-09-07T15:36:00Z,2026-09-07T16:20:00Z,44
1927688,West,MUKATSAR,11 KV BHAGU,Unplanned,Closed,2026-09-07T15:35:00Z,2026-09-07T16:31:00Z,56
1927687,West,MUKATSAR,11 KV BAHAV WALA,Unplanned,Closed,2026-09-07T15:35:00Z,2026-09-07T16:31:00Z,56
1927686,West,MUKATSAR,11 KV RAJPURA,Unplanned,Closed,2026-09-07T15:35:00Z,2026-09-07T16:31:00Z,56
1927685,West,MUKATSAR,11 KV KANDHWALA UPS,Unplanned,Closed,2026-09-07T15:35:00Z,2026-09-07T16:31:00Z,56
1927684,West,MUKATSAR,11 KV KHATWAN,Unplanned,Closed,2026-09-07T15:35:00Z,2026-09-07T16:31:00Z,56
1927683,West,MUKATSAR,11 KV SITO,Unplanned,Closed,2026-09-07T15:35:00Z,2026-09-07T16:31:00Z,56
1927682,West,MUKATSAR,11 KV Bhagsar UPS,Unplanned,Closed,2026-09-07T15:35:00Z,2026-09-07T16:31:00Z,56
1927681,West,MUKATSAR,11 KV SARDARPURA UPS,Unplanned,Closed,2026-09-07T15:35:00Z,2026-09-07T16:31:00Z,56
1927693,Border,SUB URBAN AMRITSAR,UPS SILAKA,Unplanned,Closed,2026-09-07T15:30:49Z,2026-09-07T16:30:12Z,59
1927672,West,MUKATSAR,11 KV MALOUT ROAD,Unplanned,Closed,2026-09-07T15:30:00Z,2026-09-07T16:29:57Z,59
1927671,West,MUKATSAR,BAHAVAL BASI,Unplanned,Closed,2026-09-07T15:30:00Z,2026-09-07T16:29:57Z,59
1927670,West,MUKATSAR,FAZILKA ROAD,Unplanned,Closed,2026-09-07T15:30:00Z,2026-09-07T16:29:57Z,59
1927669,West,MUKATSAR,INDUSTRIAL,Unplanned,Closed,2026-09-07T15:30:00Z,2026-09-07T16:29:57Z,59
1927668,West,MUKATSAR,LINK NO. 1,Unplanned,Closed,2026-09-07T15:30:00Z,2026-09-07T16:29:57Z,59
1927667,West,MUKATSAR,11 KV LINK NO. 2,Unplanned,Closed,2026-09-07T15:30:00Z,2026-09-07T16:29:57Z,59
1927666,West,MUKATSAR,Bus Stand Road,Unplanned,Closed,2026-09-07T15:30:00Z,2026-09-07T16:29:57Z,59
1927665,West,MUKATSAR,Sito Road,Unplanned,Closed,2026-09-07T15:30:00Z,2026-09-07T16:29:57Z,59
1927664,West,MUKATSAR,11 KV Model Town,Unplanned,Closed,2026-09-07T15:30:00Z,2026-09-07T16:29:57Z,59
1927663,West,MUKATSAR,11 KV Town,Unplanned,Closed,2026-09-07T15:30:00Z,2026-09-07T16:29:57Z,59
1927662,Border,CITY AMRITSAR,11KvTobha Bhai Salo,Unplanned,Closed,2026-09-07T15:25:00Z,2026-09-07T15:41:52Z,16
1927661,West,MUKATSAR,11 KV BSF,Unplanned,Closed,2026-09-07T15:25:00Z,2026-09-07T21:30:57Z,365
1927659,West,MUKATSAR,11 KV New Water Works -2,Unplanned,Closed,2026-09-07T15:24:00Z,2026-09-07T16:23:57Z,59
1927658,West,MUKATSAR,Dhani Sucha Singh (Old Chakra),Unplanned,Closed,2026-09-07T15:24:00Z,2026-09-07T16:23:57Z,59
1927657,West,MUKATSAR,11 KV South Avenue,Unplanned,Closed,2026-09-07T15:24:00Z,2026-09-07T16:23:57Z,59
1927656,West,MUKATSAR,11 KV BALA JI DHAM,Unplanned,Closed,2026-09-07T15:24:00Z,2026-09-07T16:23:57Z,59
1927655,West,MUKATSAR,11 KV Azimgarh Urban,Unplanned,Closed,2026-09-07T15:24:00Z,2026-09-07T16:23:57Z,59
1927660,West,BATHINDA,Bhatha Basti Urban,Unplanned,Closed,2026-09-07T15:22:39Z,2026-09-07T15:53:04Z,30
1927646,South,SANGRUR,Roshan Nagar,Unplanned,Closed,2026-09-07T15:21:55Z,2026-09-07T15:57:14Z,35
1927647,South,SANGRUR,RAJGARH Basti,Unplanned,Closed,2026-09-07T15:21:34Z,2026-09-07T15:58:46Z,37
1927645,West,MUKATSAR,11 KV Dhani Bisehesarnath,Unplanned,Closed,2026-09-07T15:20:00Z,2026-09-07T17:19:57Z,119
1927643,West,MUKATSAR,11 KV GANGA NAGAR ROAD,Unplanned,Closed,2026-09-07T15:20:00Z,2026-09-07T16:19:57Z,59
1927642,West,MUKATSAR,11 KV RIDHI SIDHI URBAN,Unplanned,Closed,2026-09-07T15:20:00Z,2026-09-07T16:19:57Z,59
1927641,West,MUKATSAR,11 KV TARA ESTATE,Unplanned,Closed,2026-09-07T15:20:00Z,2026-09-07T16:19:57Z,59
1927640,West,MUKATSAR,11 KV Rajiv Nagar,Unplanned,Closed,2026-09-07T15:20:00Z,2026-09-07T16:19:57Z,59
1927639,West,MUKATSAR,11 KV KANDHWALA Road Urban,Unplanned,Closed,2026-09-07T15:20:00Z,2026-09-07T16:19:57Z,59
1927638,West,MUKATSAR,11 KV SIDHU NAGRI,Unplanned,Closed,2026-09-07T15:20:00Z,2026-09-07T16:19:57Z,59
1927636,West,MUKATSAR,11 KV NAI ABADI,Unplanned,Closed,2026-09-07T15:20:00Z,2026-09-07T16:19:57Z,59
1927635,West,MUKATSAR,KRISHNA NAGRI,Unplanned,Closed,2026-09-07T15:20:00Z,2026-09-07T16:19:57Z,59
1927634,West,MUKATSAR,11 KV Circular Road,Unplanned,Closed,2026-09-07T15:20:00Z,2026-09-07T16:19:57Z,59
1927633,West,MUKATSAR,INDRA NAGRI,Unplanned,Closed,2026-09-07T15:20:00Z,2026-09-07T16:19:57Z,59
1927644,West,FARIDKOT,11 KV SMALSAR CAT-01,Planned,Closed,2026-09-07T15:17:00Z,2026-09-07T16:12:00Z,55
1927631,Border,SUB URBAN AMRITSAR,KARAM PURA,Unplanned,Closed,2026-09-07T15:15:00Z,2026-09-07T18:10:00Z,175
1927630,South,SANGRUR,11 KV CITY-9,Unplanned,Closed,2026-09-07T15:15:00Z,2026-09-07T16:00:00Z,45
1927653,West,MUKATSAR,11 KV Sappan wali,Unplanned,Closed,2026-09-07T15:13:00Z,2026-09-07T16:10:57Z,57
1927652,West,MUKATSAR,11 KV SAIDANWALI,Unplanned,Closed,2026-09-07T15:13:00Z,2026-09-07T16:10:57Z,57
1927651,West,MUKATSAR,PANJKOSI,Unplanned,Closed,2026-09-07T15:13:00Z,2026-09-07T16:10:57Z,57
1927650,West,MUKATSAR,NEFED,Unplanned,Closed,2026-09-07T15:13:00Z,2026-09-07T16:10:57Z,57
1927649,West,MUKATSAR,DALMIR KHERA,Unplanned,Closed,2026-09-07T15:13:00Z,2026-09-07T16:10:57Z,57
1927648,West,MUKATSAR,DAULATPURA UPS,Unplanned,Closed,2026-09-07T15:13:00Z,2026-09-07T16:10:57Z,57
1927632,South,PATIALA,NABHA NO.1,Unplanned,Closed,2026-09-07T15:13:00Z,2026-09-07T16:51:00Z,98
1927626,North,NAWANSHAHR,MAZARI,Unplanned,Closed,2026-09-07T15:10:00Z,2026-09-07T15:40:00Z,30
1927628,North,JALANDHAR,GANDHI NAGAR,Unplanned,Closed,2026-09-07T15:05:00Z,2026-09-07T15:25:00Z,20
1927621,Central,CITY EAST LUDHIANA,Chand Cinema,Unplanned,Closed,2026-09-07T15:04:00Z,2026-09-07T16:21:00Z,77
1927619,West,MUKATSAR,MAUJGARH,Unplanned,Closed,2026-09-07T15:03:10Z,2026-09-07T15:34:23Z,31
1927654,Central,KHANNA,JASARA,Unplanned,Closed,2026-09-07T15:01:00Z,2026-09-07T17:40:00Z,159
1927691,Border,SUB URBAN AMRITSAR,Sada Pind,Unplanned,Closed,2026-09-07T15:00:00Z,2026-09-07T16:31:00Z,91
1927637,Border,SUB URBAN AMRITSAR,Friends Avenue,Unplanned,Closed,2026-09-07T15:00:00Z,2026-09-07T15:41:00Z,41
1927625,West,MUKATSAR,11 KV Chirag dhani,Unplanned,Closed,2026-09-07T14:58:00Z,2026-09-07T16:10:53Z,72
1927624,West,MUKATSAR,11 KV Alamgarh,Unplanned,Closed,2026-09-07T14:56:00Z,2026-09-07T16:10:53Z,74
1927623,North,KAPURTHALA,URBAN INDUSTRY,Unplanned,Closed,2026-09-07T14:55:00Z,2026-09-07T16:50:00Z,115
1927622,North,KAPURTHALA,UPS KACHI SARAI KHAS,Unplanned,Closed,2026-09-07T14:55:00Z,2026-09-07T16:50:00Z,115
1927620,North,KAPURTHALA,UPS Kotli,Unplanned,Closed,2026-09-07T14:55:00Z,2026-09-07T16:50:00Z,115
1927615,Central,KHANNA,JASARA,Unplanned,Closed,2026-09-07T14:52:00Z,2026-09-07T15:00:00Z,8
1927617,South,SANGRUR,CITY SANGRUR,Unplanned,Closed,2026-09-07T14:51:20Z,2026-09-07T18:07:33Z,196
1927629,East,Zirakpur,MEHMADPUR,Unplanned,Closed,2026-09-07T14:50:00Z,2026-09-07T15:50:00Z,60
1927627,East,Zirakpur,11kv Dhanoni,Unplanned,Closed,2026-09-07T14:50:00Z,2026-09-07T15:50:00Z,60
1927614,North,JALANDHAR,11KV GANDHI CAMP,Unplanned,Closed,2026-09-07T14:49:48Z,2026-09-07T15:48:52Z,59
1927692,East,Zirakpur,SANULI,Unplanned,Closed,2026-09-07T14:45:00Z,2026-09-07T15:30:00Z,45
1927613,West,FARIDKOT,JAITO CITY,Planned,Closed,2026-09-07T14:45:00Z,2026-09-07T15:24:00Z,39
1927612,North,KAPURTHALA,Nawi Abadi,Unplanned,Closed,2026-09-07T14:45:00Z,2026-09-07T15:05:00Z,20
1927607,South,SANGRUR,CHANDU,Planned,Closed,2026-09-07T14:42:57Z,2026-09-07T15:20:09Z,37
1927605,South,SANGRUR,11 KV HEERO KALAN URBAN,Planned,Closed,2026-09-07T14:42:16Z,2026-09-07T15:51:33Z,69
1927608,Central,CITY WEST LUDHIANA,MES-2,Unplanned,Closed,2026-09-07T14:40:42Z,2026-09-07T15:31:01Z,50
1927618,West,BATHINDA,COURT,Unplanned,Closed,2026-09-07T14:40:00Z,2026-09-07T15:20:00Z,40
1927604,West,MUKATSAR,MAUJGARH,Unplanned,Closed,2026-09-07T14:39:16Z,2026-09-07T14:59:39Z,20
1927610,South,PATIALA,JANDOLI,Unplanned,Closed,2026-09-07T14:35:00Z,2026-09-07T14:55:00Z,20
1927609,West,BATHINDA,GREEN CITY,Planned,Closed,2026-09-07T14:35:00Z,2026-09-07T14:55:00Z,20
1927602,East,ROPAR,Thana,Unplanned,Closed,2026-09-07T14:30:00Z,2026-09-07T14:40:00Z,10
1927600,East,MOHALI,11 KV CHADIALA UPS,Unplanned,Closed,2026-09-07T14:25:00Z,2026-09-07T15:55:00Z,90
1927603,East,ROPAR,HIYATPUR,Unplanned,Closed,2026-09-07T14:24:00Z,2026-09-07T14:46:00Z,22
1927611,South,PATIALA,SYL (F.P),Unplanned,Closed,2026-09-07T14:23:00Z,2026-09-07T14:50:00Z,27
1927597,North,HOSHIARPUR,CHACK,Unplanned,Closed,2026-09-07T14:23:00Z,2026-09-07T15:05:00Z,42
1927596,South,SANGRUR,11 KV LAKHMIRWALA AP(66 KV SUNAM,Planned,Closed,2026-09-07T14:16:00Z,2026-09-07T17:20:49Z,184
1927601,East,MOHALI,11KV BHARATPUR AP,Unplanned,Closed,2026-09-07T14:15:00Z,2026-09-07T15:55:05Z,100
1927586,North,JALANDHAR,VIP,Planned,Closed,2026-09-07T14:10:00Z,2026-09-07T15:45:00Z,95
1927587,Central,KHANNA,MANGARH ROAD,Unplanned,Closed,2026-09-07T14:08:00Z,2026-09-07T15:19:00Z,71
1927594,West,BATHINDA,ANSAL MITTAL,Planned,Closed,2026-09-07T14:06:00Z,2026-09-07T15:09:00Z,63
1927593,West,BATHINDA,BATHINDA ROAD,Planned,Closed,2026-09-07T14:06:00Z,2026-09-07T15:09:00Z,63
1927591,West,BATHINDA,BHAGU,Planned,Closed,2026-09-07T14:06:00Z,2026-09-07T15:09:00Z,63
1927616,South,BARNALA,SADAR BAZAR,Unplanned,Closed,2026-09-07T14:05:00Z,2026-09-07T15:45:00Z,100
1927595,North,JALANDHAR,JAINA NAGAR,Unplanned,Closed,2026-09-07T14:04:00Z,2026-09-07T15:00:00Z,56
1927588,Border,CITY AMRITSAR,NAVANKOT,Unplanned,Closed,2026-09-07T14:02:00Z,2026-09-07T14:58:47Z,56
1927585,East,Zirakpur,BEGAMPURA,Unplanned,Closed,2026-09-07T14:02:00Z,2026-09-07T15:20:00Z,78
1927598,West,BATHINDA,11 KV AMBEDKAR NAGAR,Planned,Closed,2026-09-07T14:00:00Z,2026-09-07T16:59:29Z,179
1927582,South,SANGRUR,11KV UPS DHARMGARH,Planned,Closed,2026-09-07T13:55:00Z,2026-09-07T14:50:00Z,55
1927578,West,FARIDKOT,KANIYAWALI KHURD,Unplanned,Closed,2026-09-07T13:46:46Z,2026-09-07T14:50:06Z,63
1927577,Border,CITY AMRITSAR,DHAPAI INDUSTRIAL,Unplanned,Closed,2026-09-07T13:41:00Z,2026-09-07T15:39:00Z,118
1927583,South,PATIALA,INDUSTRIAL-(N) 2,Planned,Closed,2026-09-07T13:40:00Z,2026-09-07T16:35:00Z,175
1927576,North,KAPURTHALA,URBAN Dana mandi,Unplanned,Closed,2026-09-07T13:40:00Z,2026-09-07T14:25:00Z,45
1927589,Border,CITY AMRITSAR,11KvTobha Bhai Salo,Unplanned,Closed,2026-09-07T13:35:00Z,2026-09-07T14:23:48Z,48
1927584,Border,GURDASPUR,Sri Hargobindpur,Unplanned,Closed,2026-09-07T13:35:00Z,2026-09-07T14:01:00Z,26
1927581,Border,GURDASPUR,Thakarwal,Unplanned,Closed,2026-09-07T13:35:00Z,2026-09-07T14:35:00Z,60
1927580,North,KAPURTHALA,URBAN Parjian Kalan,Unplanned,Closed,2026-09-07T13:35:00Z,2026-09-07T16:00:00Z,145
1927579,North,KAPURTHALA,URBAN Mehatpur,Unplanned,Closed,2026-09-07T13:35:00Z,2026-09-07T16:00:00Z,145
1927574,South,SANGRUR,Kishanpura Road,Unplanned,Closed,2026-09-07T13:34:00Z,2026-09-07T14:15:00Z,41
1927573,South,SANGRUR,Manshahia Colony,Unplanned,Closed,2026-09-07T13:34:00Z,2026-09-07T14:15:00Z,41
1927569,East,Zirakpur,HML,Unplanned,Closed,2026-09-07T13:31:00Z,2026-09-07T13:55:00Z,24
1927575,North,JALANDHAR,GANDHI NAGAR,Unplanned,Closed,2026-09-07T13:30:00Z,2026-09-07T13:55:00Z,25
1927572,South,SANGRUR,UPS THRWA,Unplanned,Closed,2026-09-07T13:30:00Z,2026-09-07T14:45:00Z,75
1927571,South,SANGRUR,Rohi Babe ka Hambelwass,Planned,Closed,2026-09-07T13:30:00Z,2026-09-07T16:10:00Z,160
1927570,Border,SUB URBAN AMRITSAR,SUGAR MILL,Unplanned,Closed,2026-09-07T13:30:00Z,2026-09-07T14:25:00Z,55
1927568,North,JALANDHAR,GLOBE COLONY,Unplanned,Closed,2026-09-07T13:30:00Z,2026-09-07T13:55:00Z,25
1927567,East,Zirakpur,11 KV Aero Home Feeder,Unplanned,Closed,2026-09-07T13:25:00Z,2026-09-07T14:01:00Z,36
1927565,Central,KHANNA,ghunder,Planned,Closed,2026-09-07T13:21:00Z,2026-09-07T15:19:32Z,118
1927245,Border,SUB URBAN AMRITSAR,KARAM PURA,Planned,Closed,2026-09-07T13:15:00Z,2026-09-07T14:53:14Z,98
1927563,North,JALANDHAR,SUN FLAG,Unplanned,Closed,2026-09-07T13:12:00Z,2026-09-07T13:33:00Z,21
1927566,West,BATHINDA,Jawaharke,Unplanned,Closed,2026-09-07T13:10:00Z,2026-09-07T16:50:07Z,220
1927561,East,MOHALI,JANTI DEVI,Unplanned,Closed,2026-09-07T13:09:00Z,2026-09-07T13:41:00Z,32
1927564,West,BATHINDA,KOT DHARMU UPS,Planned,Closed,2026-09-07T13:05:00Z,2026-09-07T13:45:21Z,40
1927560,Central,KHANNA,LALHERI ROAD,Unplanned,Closed,2026-09-07T13:05:00Z,2026-09-07T13:40:00Z,35
1927559,South,SANGRUR,CITY-5,Unplanned,Closed,2026-09-07T13:05:00Z,2026-09-07T14:00:00Z,55
1927558,South,PATIALA,Jhill,Unplanned,Closed,2026-09-07T13:01:07Z,2026-09-07T13:55:21Z,54
1927555,Central,KHANNA,Khanyan Road,Planned,Closed,2026-09-07T13:00:00Z,2026-09-07T14:37:00Z,97
1927554,North,JALANDHAR,11KV UDESIAN,Unplanned,Closed,2026-09-07T13:00:00Z,2026-09-07T13:35:00Z,35
1927562,East,Zirakpur,EKTA VIHAR,Unplanned,Closed,2026-09-07T12:55:00Z,2026-09-07T13:35:00Z,40
1927557,North,HOSHIARPUR,NESHRA PATAN,Unplanned,Closed,2026-09-07T12:55:00Z,2026-09-07T13:25:00Z,30
1927556,North,HOSHIARPUR,RAILWAY ROAD MUKERIAN,Unplanned,Closed,2026-09-07T12:55:00Z,2026-09-07T13:25:00Z,30
1927553,South,BARNALA,LUCKY COLONY,Unplanned,Closed,2026-09-07T12:55:00Z,2026-09-07T13:20:00Z,25
1927552,South,BARNALA,COURT ROAD,Unplanned,Closed,2026-09-07T12:55:00Z,2026-09-07T13:20:00Z,25
1927547,Border,GURDASPUR,Kahnuwan Road,Unplanned,Closed,2026-09-07T12:55:00Z,2026-09-07T13:22:00Z,27
1927551,West,BATHINDA,11 KV VISWASH COLONY,Planned,Closed,2026-09-07T12:50:00Z,2026-09-07T14:04:00Z,74
1927548,Border,SUB URBAN AMRITSAR,Friends Avenue,Unplanned,Closed,2026-09-07T12:50:00Z,2026-09-07T13:14:00Z,24
1927544,East,Zirakpur,LALRU MANDI,Unplanned,Closed,2026-09-07T12:50:00Z,2026-09-07T13:10:00Z,20
1927550,North,HOSHIARPUR,Tanda City,Unplanned,Closed,2026-09-07T12:40:00Z,2026-09-07T13:50:00Z,70
1927541,Border,GURDASPUR,Islampur No. 1,Unplanned,Closed,2026-09-07T12:40:00Z,2026-09-07T13:08:00Z,28
1927539,South,PATIALA,Sub Station T/F,Unplanned,Closed,2026-09-07T12:37:51Z,2026-09-07T13:29:51Z,52
1927538,South,PATIALA,11 KV UPS BORAN-KALAN,Unplanned,Closed,2026-09-07T12:37:51Z,2026-09-07T13:28:51Z,51
1927537,South,PATIALA,11 KV JAIL CAT. 1,Unplanned,Closed,2026-09-07T12:37:51Z,2026-09-07T13:27:51Z,50
1927536,South,PATIALA,11 KV PSIEC Focal Point Nabha,Unplanned,Closed,2026-09-07T12:37:51Z,2026-09-07T13:27:51Z,50
1927535,South,PATIALA,Real Foods,Unplanned,Closed,2026-09-07T12:37:51Z,2026-09-07T13:27:51Z,50
1927546,Border,TARN TARAN,JAWANDY,Unplanned,Closed,2026-09-07T12:35:18Z,2026-09-07T13:35:18Z,60
1927545,Border,TARN TARAN,THATHIAN 3 W URBAN`,Unplanned,Closed,2026-09-07T12:35:18Z,2026-09-07T13:35:18Z,60
1927534,Border,GURDASPUR,GHO,Unplanned,Closed,2026-09-07T12:35:00Z,2026-09-07T12:50:00Z,15
1927533,South,SANGRUR,Chhajli road,Unplanned,Closed,2026-09-07T12:30:26Z,2026-09-07T12:48:38Z,18
1927532,Central,CITY WEST LUDHIANA,MES-2,Unplanned,Closed,2026-09-07T12:28:57Z,2026-09-07T13:26:42Z,57
1927549,Border,SUB URBAN AMRITSAR,Khushipur UPS,Unplanned,Closed,2026-09-07T12:25:00Z,2026-09-07T13:25:00Z,60
1927540,North,HOSHIARPUR,CHACK,Unplanned,Closed,2026-09-07T12:25:00Z,2026-09-07T14:20:00Z,115
1927531,South,PATIALA,UPS THUHI,Unplanned,Closed,2026-09-07T12:25:00Z,2026-09-07T13:29:00Z,64
1927530,South,PATIALA,Nagra Chownk,Unplanned,Closed,2026-09-07T12:23:58Z,2026-09-07T13:42:58Z,79
1927529,South,PATIALA,UPS Rohti Basta,Unplanned,Closed,2026-09-07T12:23:58Z,2026-09-07T13:40:58Z,77
1927528,South,PATIALA,Veer Singh Colony,Unplanned,Closed,2026-09-07T12:23:58Z,2026-09-07T13:35:58Z,72
1927527,South,PATIALA,Mehs Gate,Unplanned,Closed,2026-09-07T12:23:58Z,2026-09-07T13:29:58Z,66
1927526,South,PATIALA,Zila Jail,Unplanned,Closed,2026-09-07T12:23:58Z,2026-09-07T13:30:58Z,67
1927525,South,PATIALA,Ajit Nagar,Unplanned,Closed,2026-09-07T12:23:58Z,2026-09-07T13:27:58Z,64
1927524,South,PATIALA,Thuhi Road,Unplanned,Closed,2026-09-07T12:23:58Z,2026-09-07T13:29:58Z,66
1927521,North,JALANDHAR,BABA VISHKARMA MANDIR,Unplanned,Closed,2026-09-07T12:23:00Z,2026-09-07T12:37:00Z,14
1927523,Central,KHANNA,IKOLAHA,Unplanned,Closed,2026-09-07T12:20:00Z,2026-09-07T13:55:00Z,95
1927520,West,FEROZPUR,11 KV Delhi Gate,Unplanned,Closed,2026-09-07T12:15:00Z,2026-09-07T13:55:00Z,100
1927519,West,FARIDKOT,BAJA ROAD,Planned,Closed,2026-09-07T12:15:00Z,2026-09-07T12:36:00Z,21
1927518,West,FARIDKOT,GANGSAR,Planned,Closed,2026-09-07T12:15:00Z,2026-09-07T12:36:00Z,21
1927522,South,SANGRUR,Manshahia Colony,Unplanned,Closed,2026-09-07T12:12:00Z,2026-09-07T12:50:00Z,38
1927517,North,HOSHIARPUR,11 KV Banial Feeder,Unplanned,Closed,2026-09-07T12:12:00Z,2026-09-07T12:35:00Z,23
1927512,Border,SUB URBAN AMRITSAR,11 KV PASSPORT OFFICE,Planned,Closed,2026-09-07T12:05:00Z,2026-09-07T16:50:00Z,285
1927599,South,PATIALA,URBAN GHALORI,Unplanned,Closed,2026-09-07T12:00:00Z,2026-09-07T14:00:00Z,120
1927515,West,FARIDKOT,11 KV LANDE-UPS,Planned,Closed,2026-09-07T11:55:00Z,2026-09-07T13:23:00Z,88
1927514,East,ROPAR,BHAINI,Unplanned,Closed,2026-09-07T11:55:00Z,2026-09-07T12:45:00Z,50
1927510,South,PATIALA,Gurbax Colony,Unplanned,Closed,2026-09-07T11:45:57Z,2026-09-07T12:10:34Z,24
1927511,Border,GURDASPUR,Rattangarh,Unplanned,Closed,2026-09-07T11:45:00Z,2026-09-07T11:55:00Z,10
1927543,North,HOSHIARPUR,Meeranpur UPS,Unplanned,Closed,2026-09-07T11:44:00Z,2026-09-07T12:31:00Z,47
1927542,North,HOSHIARPUR,GIDARPINDI,Unplanned,Closed,2026-09-07T11:44:00Z,2026-09-07T12:30:00Z,46
1927513,South,BARNALA,SADAR BAZAR,Unplanned,Closed,2026-09-07T11:35:00Z,2026-09-07T13:25:00Z,110
1927508,North,HOSHIARPUR,JASSOWAL,Unplanned,Closed,2026-09-07T11:35:00Z,2026-09-07T11:55:00Z,20
1927265,Border,SUB URBAN AMRITSAR,GURU NAGAR,Planned,Closed,2026-09-07T11:35:00Z,2026-09-07T16:00:00Z,265
1927516,West,FARIDKOT,11 KV SMALSAR CAT-01,Planned,Closed,2026-09-07T11:34:00Z,2026-09-07T13:25:00Z,111
1927502,South,BARNALA,BABA VEERA DASS JI,Planned,Closed,2026-09-07T11:30:00Z,2026-09-07T18:00:00Z,390
1927495,North,HOSHIARPUR,BAGHA,Unplanned,Closed,2026-09-07T11:27:00Z,2026-09-07T12:06:00Z,39
1927509,South,PATIALA,Virk Colony,Unplanned,Closed,2026-09-07T11:25:57Z,2026-09-07T12:10:57Z,45
1927507,North,HOSHIARPUR,Bhangala,Unplanned,Closed,2026-09-07T11:25:00Z,2026-09-07T13:15:00Z,110
1927505,North,HOSHIARPUR,11Kv Mushabpur UPS,Unplanned,Closed,2026-09-07T11:25:00Z,2026-09-07T13:15:00Z,110
1927501,Border,GURDASPUR,TALWANDI,Unplanned,Closed,2026-09-07T11:25:00Z,2026-09-07T13:10:00Z,105
1927500,Border,GURDASPUR,Jafferwal,Unplanned,Closed,2026-09-07T11:25:00Z,2026-09-07T13:10:00Z,105
1927496,Border,GURDASPUR,24Hrs SUPPLY KALA BALA,Unplanned,Closed,2026-09-07T11:25:00Z,2026-09-07T13:10:00Z,105
1927494,North,KAPURTHALA,URBAN MOHABAT NAGAR,Unplanned,Closed,2026-09-07T11:25:00Z,2026-09-07T12:05:00Z,40
1927499,West,BATHINDA,BHAGI VANDER,Planned,Closed,2026-09-07T11:23:00Z,2026-09-07T12:01:00Z,38
1927492,West,BATHINDA,MODEL TOWN PHASE-4&5,Unplanned,Closed,2026-09-07T11:22:00Z,2026-09-07T11:44:00Z,22
1927503,Border,SUB URBAN AMRITSAR,GT road 2,Planned,Closed,2026-09-07T11:20:00Z,2026-09-07T15:10:00Z,230
1927493,Border,GURDASPUR,GHO,Unplanned,Closed,2026-09-07T11:20:00Z,2026-09-07T11:47:00Z,27
1927489,North,HOSHIARPUR,11KV MAKOWAL,Unplanned,Closed,2026-09-07T11:20:00Z,2026-09-07T12:00:00Z,40
1927487,North,HOSHIARPUR,PRTC,Planned,Closed,2026-09-07T11:10:00Z,2026-09-07T11:30:00Z,20
1927478,West,FARIDKOT,11 KV Jhok Sarkari UPS,Unplanned,Closed,2026-09-07T11:08:35Z,2026-09-07T11:25:03Z,16
1927506,Border,GURDASPUR,Gorsiya,Unplanned,Closed,2026-09-07T11:07:00Z,2026-09-07T11:40:00Z,33
1927491,Border,GURDASPUR,NANGAL UPS,Unplanned,Closed,2026-09-07T11:05:00Z,2026-09-07T11:35:00Z,30
1927490,Border,GURDASPUR,Roranwali 24 hrs.,Unplanned,Closed,2026-09-07T11:05:00Z,2026-09-07T11:34:00Z,29
1927481,West,BATHINDA,STATION WALA,Planned,Closed,2026-09-07T11:05:00Z,2026-09-07T12:05:00Z,60
1927479,West,BATHINDA,MEHTA,Planned,Closed,2026-09-07T11:05:00Z,2026-09-07T12:05:00Z,60
1927477,North,JALANDHAR,TV TOWER,Unplanned,Closed,2026-09-07T11:05:00Z,2026-09-07T11:30:00Z,25
1927476,Border,SUB URBAN AMRITSAR,NAG KALAN,Unplanned,Closed,2026-09-07T11:04:19Z,2026-09-07T16:23:42Z,319
1927480,North,HOSHIARPUR,CHAUNNI,Planned,Closed,2026-09-07T11:02:00Z,2026-09-07T11:15:00Z,13
1927504,Border,SUB URBAN AMRITSAR,AJNALA ROAD,Planned,Closed,2026-09-07T11:00:00Z,2026-09-07T17:30:00Z,390
1927475,East,MOHALI,HOUSEFED,Planned,Closed,2026-09-07T11:00:00Z,2026-09-07T12:41:00Z,101
1927437,Border,CITY AMRITSAR,11 KV Bhathian,Planned,Closed,2026-09-07T11:00:00Z,2026-09-07T14:54:00Z,234
1927273,South,PATIALA,11KV AZAD NAGAR,Planned,Closed,2026-09-07T11:00:00Z,2026-09-07T16:50:00Z,350
1927268,Border,SUB URBAN AMRITSAR,11 kv GreenLand,Planned,Closed,2026-09-07T11:00:00Z,2026-09-07T17:50:00Z,410
1927266,Border,SUB URBAN AMRITSAR,MILK PLANT,Planned,Closed,2026-09-07T11:00:00Z,2026-09-07T17:50:00Z,410
1927239,Border,SUB URBAN AMRITSAR,GOKAL NAGAR,Planned,Closed,2026-09-07T11:00:00Z,2026-09-07T15:30:14Z,270
1927235,Border,SUB URBAN AMRITSAR,VEER GARDEN,Planned,Closed,2026-09-07T11:00:00Z,2026-09-07T15:55:14Z,295
1927231,Border,SUB URBAN AMRITSAR,BABA SHRI CHAND AVNUE,Planned,Closed,2026-09-07T11:00:00Z,2026-09-07T16:52:14Z,352
1927044,West,FARIDKOT,GURU NANAK COLONY,Planned,Closed,2026-09-07T11:00:00Z,2026-09-07T12:26:02Z,86
1927488,South,SANGRUR,11 kv Cheema Road urban,Unplanned,Closed,2026-09-07T10:58:00Z,2026-09-07T12:26:00Z,88
1927472,North,HOSHIARPUR,BETT,Unplanned,Closed,2026-09-07T10:56:00Z,2026-09-07T11:23:00Z,27
1927474,West,FARIDKOT,JAITO CITY,Planned,Closed,2026-09-07T10:53:00Z,2026-09-07T11:30:00Z,37
1927473,West,FARIDKOT,BATHINDA ROAD,Unplanned,Closed,2026-09-07T10:52:00Z,2026-09-07T11:38:00Z,46
1927471,North,NAWANSHAHR,BIRAMPUR,Unplanned,Closed,2026-09-07T10:52:00Z,2026-09-07T12:04:00Z,72
1927469,South,BARNALA,Sehjra UPS,Planned,Closed,2026-09-07T10:49:00Z,2026-09-07T14:53:00Z,244
1927470,North,NAWANSHAHR,UPS-2,Unplanned,Closed,2026-09-07T10:40:00Z,2026-09-07T11:23:50Z,43
1927465,North,JALANDHAR,COMPANY BHAG,Unplanned,Closed,2026-09-07T10:35:22Z,2026-09-07T11:55:31Z,80
1927466,West,BATHINDA,11KV RAJA BAGH,Planned,Closed,2026-09-07T10:35:00Z,2026-09-07T12:29:00Z,114
1926931,South,SANGRUR,City-I,Planned,Closed,2026-09-07T10:31:00Z,2026-09-07T14:26:00Z,235
1927486,Central,KHANNA,RAIYEWAL CAT-1,Unplanned,Closed,2026-09-07T10:30:09Z,2026-09-07T11:46:09Z,76
1927485,Central,KHANNA,Khanoura UPS,Unplanned,Closed,2026-09-07T10:30:09Z,2026-09-07T11:46:09Z,76
1927484,Central,KHANNA,RURKI UPS,Unplanned,Closed,2026-09-07T10:30:09Z,2026-09-07T11:46:09Z,76
1927483,Central,KHANNA,TIBBI UPS,Unplanned,Closed,2026-09-07T10:30:09Z,2026-09-07T11:46:09Z,76
1927482,Central,KHANNA,Dhangeri,Unplanned,Closed,2026-09-07T10:30:09Z,2026-09-07T11:48:09Z,78
1927442,North,HOSHIARPUR,PANWAN,Unplanned,Closed,2026-09-07T10:26:00Z,2026-09-07T11:12:00Z,46
1927464,North,HOSHIARPUR,11kv kotli,Unplanned,Closed,2026-09-07T10:25:00Z,2026-09-07T11:10:00Z,45
1927459,North,HOSHIARPUR,Rajpur Ups,Unplanned,Closed,2026-09-07T10:25:00Z,2026-09-07T11:10:00Z,45
1927439,East,ROPAR,11 KV Arya College Road,Planned,Closed,2026-09-07T10:22:00Z,2026-09-07T14:27:00Z,245
1927438,Border,CITY AMRITSAR,11Kv saraswati,Planned,Closed,2026-09-07T10:21:00Z,2026-09-07T13:07:00Z,166
1927468,North,KAPURTHALA,UPS Sheller Wala,Unplanned,Closed,2026-09-07T10:20:00Z,2026-09-07T11:50:00Z,90
1927441,West,BATHINDA,MAX HOSPITAL,Unplanned,Closed,2026-09-07T10:19:00Z,2026-09-07T10:55:00Z,36
1927467,South,PATIALA,UPS Patton,Unplanned,Closed,2026-09-07T10:10:00Z,2026-09-07T11:35:00Z,85
1927435,South,PATIALA,SIRHIND,Unplanned,Closed,2026-09-07T10:10:00Z,2026-09-07T11:20:00Z,70
1927436,South,PATIALA,A P JAIN HOSPITAL,Unplanned,Closed,2026-09-07T10:05:00Z,2026-09-07T10:20:00Z,15
1927434,West,FARIDKOT,GANGSAR,Planned,Closed,2026-09-07T10:03:00Z,2026-09-07T10:16:00Z,13
1927433,West,FARIDKOT,BAJA ROAD,Planned,Closed,2026-09-07T10:03:00Z,2026-09-07T10:16:00Z,13
1926992,Border,CITY AMRITSAR,11kV Islamabad Link,Planned,Closed,2026-09-07T10:00:00Z,2026-09-07T13:44:00Z,224
1926991,Border,CITY AMRITSAR,NAVANKOT,Planned,Closed,2026-09-07T10:00:00Z,2026-09-07T14:00:30Z,240
1927432,East,Zirakpur,SUKHNA,Planned,Closed,2026-09-07T09:58:00Z,2026-09-07T17:46:00Z,468
1927431,East,Zirakpur,PUNJAB,Planned,Closed,2026-09-07T09:58:00Z,2026-09-07T17:46:00Z,468
1927430,East,Zirakpur,SIMRAN,Planned,Closed,2026-09-07T09:57:00Z,2026-09-07T17:01:00Z,424
1927463,Border,TARN TARAN,Bodewal  UPS,Unplanned,Closed,2026-09-07T09:56:56Z,2026-09-07T16:17:56Z,381
1927462,Border,TARN TARAN,Paddey,Unplanned,Closed,2026-09-07T09:56:56Z,2026-09-07T16:17:56Z,381
1927461,Border,TARN TARAN,LIDHAR,Unplanned,Closed,2026-09-07T09:56:56Z,2026-09-07T16:17:56Z,381
1927460,Border,TARN TARAN,BAHADARPUR,Unplanned,Closed,2026-09-07T09:56:56Z,2026-09-07T16:17:56Z,381
1927444,Border,TARN TARAN,KARTARRPUR UPS,Unplanned,Closed,2026-09-07T09:56:33Z,2026-09-07T16:17:28Z,380
1927443,Border,TARN TARAN,BUTALA UPS,Unplanned,Closed,2026-09-07T09:56:33Z,2026-09-07T16:17:12Z,380
1927458,Border,TARN TARAN,RAYYA KHURD,Unplanned,Closed,2026-09-07T09:56:18Z,2026-09-07T16:17:18Z,381
1927457,Border,TARN TARAN,BEAS CITY,Unplanned,Closed,2026-09-07T09:56:18Z,2026-09-07T16:17:18Z,381
1927456,Border,TARN TARAN,RAILWAY STATION-II,Unplanned,Closed,2026-09-07T09:56:18Z,2026-09-07T16:17:18Z,381
1927455,Border,TARN TARAN,Baba Bakala,Unplanned,Closed,2026-09-07T09:56:18Z,2026-09-07T16:17:18Z,381
1927454,Border,TARN TARAN,RAYYA BACK FEEDING,Unplanned,Closed,2026-09-07T09:56:18Z,2026-09-07T16:17:18Z,381
1927453,Border,TARN TARAN,KOT MEHTAB URBAN,Unplanned,Closed,2026-09-07T09:56:18Z,2026-09-07T16:17:18Z,381
1927452,Border,TARN TARAN,MSSC HOSPITAL,Unplanned,Closed,2026-09-07T09:56:18Z,2026-09-07T16:17:18Z,381
1927451,Border,TARN TARAN,MES-I,Unplanned,Closed,2026-09-07T09:56:18Z,2026-09-07T16:17:18Z,381
1927450,Border,TARN TARAN,CIVILHOSPITAL HOTLINE B/BAKALA,Unplanned,Closed,2026-09-07T09:56:15Z,2026-09-07T16:17:28Z,381
1927449,Border,TARN TARAN,BABA BHATA,Unplanned,Closed,2026-09-07T09:56:15Z,2026-09-07T16:17:20Z,381
1927448,Border,TARN TARAN,THATHIAN UPS,Unplanned,Closed,2026-09-07T09:56:15Z,2026-09-07T16:17:15Z,381
1927447,Border,TARN TARAN,SATHIALA URBAN,Unplanned,Closed,2026-09-07T09:56:15Z,2026-09-07T16:17:15Z,381
1927446,Border,TARN TARAN,RANA SUGAR MILL,Unplanned,Closed,2026-09-07T09:56:15Z,2026-09-07T16:17:15Z,381
1927445,Border,TARN TARAN,BUTALA URBAN,Unplanned,Closed,2026-09-07T09:56:15Z,2026-09-07T16:17:15Z,381
1927429,East,Zirakpur,GREEN VALLEY,Planned,Closed,2026-09-07T09:56:00Z,2026-09-07T17:01:00Z,425
1927428,East,Zirakpur,DHILLON,Planned,Closed,2026-09-07T09:56:00Z,2026-09-07T17:01:00Z,425
1927427,East,Zirakpur,11kv Cosmo,Planned,Closed,2026-09-07T09:56:00Z,2026-09-07T17:01:00Z,425
1927425,East,Zirakpur,PRITHIM,Planned,Closed,2026-09-07T09:56:00Z,2026-09-07T17:01:00Z,425
1927423,Central,KHANNA,Royal,Unplanned,Closed,2026-09-07T09:52:00Z,2026-09-07T11:20:00Z,88
1927422,Central,KHANNA,Chander Lok,Unplanned,Closed,2026-09-07T09:52:00Z,2026-09-07T11:20:00Z,88
1927421,East,Zirakpur,PEER BABA ROAD,Unplanned,Closed,2026-09-07T09:52:00Z,2026-09-07T11:29:00Z,97
1927426,Border,GURDASPUR,Thakarwal,Unplanned,Closed,2026-09-07T09:45:00Z,2026-09-07T10:10:00Z,25
1927424,Border,GURDASPUR,BABA RAJA RAM,Unplanned,Closed,2026-09-07T09:45:00Z,2026-09-07T10:10:00Z,25
1927419,North,HOSHIARPUR,RAM MANDIR,Unplanned,Closed,2026-09-07T09:35:00Z,2026-09-07T10:00:00Z,25
1927416,North,NAWANSHAHR,ALLOWAL,Unplanned,Closed,2026-09-07T09:31:00Z,2026-09-07T10:26:00Z,55
1927420,Central,KHANNA,Saunti UPS,Unplanned,Closed,2026-09-07T09:30:00Z,2026-09-07T10:10:00Z,40
1927417,North,KAPURTHALA,URBAN Civil Hospital,Unplanned,Closed,2026-09-07T09:30:00Z,2026-09-07T09:55:00Z,25
1927418,Border,TARN TARAN,Dhotian UPS (KMK),Unplanned,Closed,2026-09-07T09:25:00Z,2026-09-07T10:10:00Z,45
1927440,North,HOSHIARPUR,PANWAN,Unplanned,Closed,2026-09-07T09:20:00Z,2026-09-07T09:30:00Z,10
1927414,North,HOSHIARPUR,BHATIAN JATTAN,Unplanned,Closed,2026-09-07T09:20:00Z,2026-09-07T10:15:00Z,55
1927413,East,MOHALI,TEPLA ROAD BANUR,Unplanned,Closed,2026-09-07T09:15:00Z,2026-09-07T09:43:37Z,28
1927383,West,FARIDKOT,JAIL,Unplanned,Closed,2026-09-07T09:14:30Z,2026-09-07T10:25:06Z,70
1927384,East,Zirakpur,LALRU RURAL  Kandi Pure AP,Unplanned,Closed,2026-09-07T09:14:00Z,2026-09-07T10:00:00Z,46
1927382,East,Zirakpur,Dehar. Cat. 1,Unplanned,Closed,2026-09-07T09:14:00Z,2026-09-07T10:00:00Z,46
1927401,East,ROPAR,66 KV Adhunik Alloys,Unplanned,Closed,2026-09-07T09:13:59Z,2026-09-07T09:26:59Z,13
1927400,East,ROPAR,66 KV Shiva Tax Feb,Unplanned,Closed,2026-09-07T09:13:59Z,2026-09-07T09:26:59Z,13
1927399,East,ROPAR,Gani Khan Nabi Khan,Unplanned,Closed,2026-09-07T09:13:59Z,2026-09-07T09:26:59Z,13
1927398,East,ROPAR,Udhowal kalan,Unplanned,Closed,2026-09-07T09:13:59Z,2026-09-07T09:24:59Z,11
1927397,East,ROPAR,KOHARA ROAD,Unplanned,Closed,2026-09-07T09:13:59Z,2026-09-07T09:27:59Z,14
1927396,East,ROPAR,11 KV Bindra Ispat,Unplanned,Closed,2026-09-07T09:13:59Z,2026-09-07T09:24:59Z,11
1927395,East,ROPAR,11 KV Machiwara,Unplanned,Closed,2026-09-07T09:13:59Z,2026-09-07T09:28:59Z,15
1927394,East,ROPAR,11 KV MAIN BAZAR,Unplanned,Closed,2026-09-07T09:13:59Z,2026-09-07T09:26:59Z,13
1927393,East,ROPAR,SUB STATION TRANSFORMER,Unplanned,Closed,2026-09-07T09:13:59Z,2026-09-07T09:26:59Z,13
1927392,East,ROPAR,Urna,Unplanned,Closed,2026-09-07T09:13:59Z,2026-09-07T09:26:59Z,13
1927391,East,ROPAR,11 KV JULFGARH,Unplanned,Closed,2026-09-07T09:13:59Z,2026-09-07T09:27:59Z,14
1927390,East,ROPAR,Charan kanwal sahib,Unplanned,Closed,2026-09-07T09:13:59Z,2026-09-07T09:27:59Z,14
1927389,East,ROPAR,11 KV Markfed,Unplanned,Closed,2026-09-07T09:13:59Z,2026-09-07T09:27:59Z,14
1927388,East,ROPAR,11KV ADDIANA,Unplanned,Closed,2026-09-07T09:13:59Z,2026-09-07T09:27:59Z,14
1927387,East,ROPAR,11 KV Chakli Aadal,Unplanned,Closed,2026-09-07T09:13:59Z,2026-09-07T09:27:59Z,14
1927386,East,ROPAR,11 KV Methewal,Unplanned,Closed,2026-09-07T09:13:59Z,2026-09-07T09:24:59Z,11
1927385,East,ROPAR,11 KV Garg Concast,Unplanned,Closed,2026-09-07T09:13:59Z,2026-09-07T09:26:59Z,13
1927407,East,ROPAR,11 KV Dhanoor,Unplanned,Closed,2026-09-07T09:13:57Z,2026-09-07T09:28:57Z,15
1927406,East,ROPAR,11 KV SHERIAN UPS,Unplanned,Closed,2026-09-07T09:13:57Z,2026-09-07T09:26:57Z,13
1927405,East,ROPAR,Sub station Transformer heddon,Unplanned,Closed,2026-09-07T09:13:57Z,2026-09-07T09:28:57Z,15
1927404,East,ROPAR,11 KV BAIRSAL KALAN,Unplanned,Closed,2026-09-07T09:13:57Z,2026-09-07T09:24:57Z,11
1927403,East,ROPAR,Guga Marri,Unplanned,Closed,2026-09-07T09:13:57Z,2026-09-07T09:25:57Z,12
1927402,East,ROPAR,11 KV Headdon Bet,Unplanned,Closed,2026-09-07T09:13:57Z,2026-09-07T09:27:57Z,14
1927412,East,ROPAR,behlolpur CATGORY-1,Unplanned,Closed,2026-09-07T09:13:46Z,2026-09-07T09:24:46Z,11
1927411,East,ROPAR,11KV SEHJO MAJRA UPS,Unplanned,Closed,2026-09-07T09:13:46Z,2026-09-07T09:26:46Z,13
1927410,East,ROPAR,11 KV Kirhi Affgana,Unplanned,Closed,2026-09-07T09:13:46Z,2026-09-07T09:27:46Z,14
1927409,East,ROPAR,11KV Naanowal (UPS),Unplanned,Closed,2026-09-07T09:13:46Z,2026-09-07T09:24:46Z,11
1927408,East,ROPAR,11 KV Shatabgarh,Unplanned,Closed,2026-09-07T09:13:46Z,2026-09-07T09:27:46Z,14
1927415,West,FARIDKOT,HARDIAL NAGAR,Unplanned,Closed,2026-09-07T09:12:00Z,2026-09-07T11:15:00Z,123
1927592,South,PATIALA,Lang Cat-1,Unplanned,Closed,2026-09-07T09:01:00Z,2026-09-07T11:00:00Z,119
1927381,North,HOSHIARPUR,MUKHLANA,Unplanned,Closed,2026-09-07T09:00:00Z,2026-09-07T09:55:00Z,55
1927359,West,BATHINDA,JUJHAR SINGH NAGAR,Planned,Closed,2026-09-07T09:00:00Z,2026-09-07T17:30:00Z,510
1927380,West,FARIDKOT,11KV KOT SUKHIA,Unplanned,Closed,2026-09-07T08:53:32Z,2026-09-07T10:22:31Z,88
1927364,North,HOSHIARPUR,PENSRA,Unplanned,Closed,2026-09-07T08:45:00Z,2026-09-07T09:20:00Z,35
1927379,West,MUKATSAR,11 KV RIDHI SIDHI URBAN,Unplanned,Closed,2026-09-07T08:36:17Z,2026-09-07T11:18:17Z,162
1927378,West,MUKATSAR,11 KV Circular Road,Unplanned,Closed,2026-09-07T08:36:17Z,2026-09-07T11:18:17Z,162
1927377,West,MUKATSAR,11 KV Focal Point-2,Unplanned,Closed,2026-09-07T08:36:17Z,2026-09-07T11:18:17Z,162
1927376,West,MUKATSAR,11 KV TARA ESTATE,Unplanned,Closed,2026-09-07T08:36:17Z,2026-09-07T11:18:17Z,162
1927375,West,MUKATSAR,11 KV BSF,Unplanned,Closed,2026-09-07T08:36:17Z,2026-09-07T11:18:17Z,162
1927374,West,MUKATSAR,11 KV GANGA NAGAR ROAD,Unplanned,Closed,2026-09-07T08:36:17Z,2026-09-07T11:18:17Z,162
1927373,West,MUKATSAR,11 KV Focal Point-1,Unplanned,Closed,2026-09-07T08:36:17Z,2026-09-07T11:18:17Z,162
1927372,West,MUKATSAR,INDRA NAGRI,Unplanned,Closed,2026-09-07T08:36:17Z,2026-09-07T11:18:17Z,162
1927371,West,MUKATSAR,11 KV Chirag dhani,Unplanned,Closed,2026-09-07T08:36:17Z,2026-09-07T11:18:17Z,162
1927370,West,MUKATSAR,11 KV Rajiv Nagar,Unplanned,Closed,2026-09-07T08:36:17Z,2026-09-07T11:18:17Z,162
1927369,West,MUKATSAR,11 KV SIDHU NAGRI,Unplanned,Closed,2026-09-07T08:36:17Z,2026-09-07T11:18:17Z,162
1927368,West,MUKATSAR,11 KV NAI ABADI,Unplanned,Closed,2026-09-07T08:36:17Z,2026-09-07T11:18:17Z,162
1927367,West,MUKATSAR,11 KV KANDHWALA Road Urban,Unplanned,Closed,2026-09-07T08:36:17Z,2026-09-07T11:18:17Z,162
1927366,West,MUKATSAR,11 KV Alamgarh,Unplanned,Closed,2026-09-07T08:36:17Z,2026-09-07T11:18:17Z,162
1927365,West,MUKATSAR,KRISHNA NAGRI,Unplanned,Closed,2026-09-07T08:36:17Z,2026-09-07T11:18:17Z,162
1927363,North,KAPURTHALA,UPS Partabpura,Unplanned,Closed,2026-09-07T08:35:00Z,2026-09-07T08:45:00Z,10
1927362,Central,KHANNA,Hoshpital,Unplanned,Closed,2026-09-07T08:30:00Z,2026-09-07T09:42:00Z,72
1927361,North,NAWANSHAHR,Bundala Cat-1,Unplanned,Closed,2026-09-07T08:25:00Z,2026-09-07T09:25:00Z,60
1927358,North,HOSHIARPUR,11 KV ARMY GROUND,Unplanned,Closed,2026-09-07T08:20:00Z,2026-09-07T08:30:00Z,10
1927360,Central,SUB URBAN LUDHIANA,CITY 8,Unplanned,Closed,2026-09-07T08:15:00Z,2026-09-07T08:30:00Z,15
1927357,Border,SUB URBAN AMRITSAR,DADDIAN UPS,Unplanned,Closed,2026-09-07T08:10:00Z,2026-09-07T09:25:00Z,75
1927355,North,HOSHIARPUR,DEVIDASS,Unplanned,Closed,2026-09-07T08:10:00Z,2026-09-07T08:15:00Z,5
1927354,East,ROPAR,TIBBA TAPPRIAN,Unplanned,Closed,2026-09-07T08:10:00Z,2026-09-07T08:30:00Z,20
1927352,North,HOSHIARPUR,HOSPITAL,Unplanned,Closed,2026-09-07T08:05:00Z,2026-09-07T08:50:00Z,45
1927349,West,FARIDKOT,11 KV KOTKAPURA ROAD,Unplanned,Closed,2026-09-07T07:58:00Z,2026-09-07T08:15:00Z,17
1927353,East,ROPAR,SAIDPUR,Unplanned,Closed,2026-09-07T07:56:00Z,2026-09-07T08:18:00Z,22
1927356,Border,TARN TARAN,MES-I,Unplanned,Closed,2026-09-07T07:40:00Z,2026-09-07T09:40:16Z,120
1927351,Border,TARN TARAN,JODHPUR UPS,Unplanned,Closed,2026-09-07T07:40:00Z,2026-09-07T10:20:00Z,160
1927347,North,NAWANSHAHR,PAILY,Unplanned,Closed,2026-09-07T07:38:00Z,2026-09-07T07:48:00Z,10
1927344,West,MUKATSAR,11 KV GANGA NAGAR ROAD,Unplanned,Closed,2026-09-07T07:24:40Z,2026-09-07T07:46:47Z,22
1927342,East,MOHALI,QUARK CITY,Unplanned,Closed,2026-09-07T07:23:00Z,2026-09-07T08:20:00Z,57
1927348,West,BATHINDA,11 KV KOT LALLU,Unplanned,Closed,2026-09-07T07:20:00Z,2026-09-07T09:50:00Z,150
1927343,Border,GURDASPUR,24Hrs SUPPLY SEKHWAN,Unplanned,Closed,2026-09-07T07:10:00Z,2026-09-07T07:35:00Z,25
1927345,Border,SUB URBAN AMRITSAR,Friends Avenue,Unplanned,Closed,2026-09-07T07:09:00Z,2026-09-07T12:40:00Z,331
1927346,East,ROPAR,Chandpur,Unplanned,Closed,2026-09-07T07:05:00Z,2026-09-07T08:05:00Z,60
1927590,South,PATIALA,Lang Cat-1,Unplanned,Closed,2026-09-07T07:00:00Z,2026-09-07T09:00:00Z,120
1927341,West,MUKATSAR,INDRA NAGRI,Unplanned,Closed,2026-09-07T06:58:00Z,2026-09-07T07:33:00Z,35
1927340,North,HOSHIARPUR,Chaggran,Unplanned,Closed,2026-09-07T06:50:00Z,2026-09-07T07:50:00Z,60
1927350,South,SANGRUR,JHALLOR,Unplanned,Closed,2026-09-07T06:35:43Z,2026-09-07T09:07:43Z,152
1927338,South,BARNALA,Dhanaula Road,Unplanned,Closed,2026-09-07T06:35:00Z,2026-09-07T08:25:00Z,110
1927339,North,JALANDHAR,TV TOWER,Unplanned,Closed,2026-09-07T06:31:00Z,2026-09-07T08:05:00Z,94
1927334,West,MUKATSAR,Town,Unplanned,Closed,2026-09-07T06:30:51Z,2026-09-07T07:28:13Z,57
1927333,South,SANGRUR,City-I,Unplanned,Closed,2026-09-07T06:30:00Z,2026-09-07T07:35:00Z,65
1927336,Border,GURDASPUR,11 KV Chone UPS,Unplanned,Closed,2026-09-07T06:25:00Z,2026-09-07T07:55:00Z,90
1927335,Border,GURDASPUR,CITY 2,Unplanned,Closed,2026-09-07T06:20:00Z,2026-09-07T07:08:00Z,48
1927337,North,JALANDHAR,TV TOWER,Unplanned,Closed,2026-09-07T06:15:00Z,2026-09-07T06:30:00Z,15
1927332,North,HOSHIARPUR,DEVIDASS,Unplanned,Closed,2026-09-07T06:15:00Z,2026-09-07T08:05:00Z,110
1927328,Central,CITY WEST LUDHIANA,BHAGWAN CHOWK,Unplanned,Closed,2026-09-07T06:12:08Z,2026-09-07T07:20:10Z,68
1927330,East,Zirakpur,BALTANA,Unplanned,Closed,2026-09-07T06:10:00Z,2026-09-07T07:20:00Z,70
1927329,North,KAPURTHALA,UPS Partabpura,Unplanned,Closed,2026-09-07T06:05:00Z,2026-09-07T06:30:00Z,25
1927331,Border,GURDASPUR,Dalla UPS,Unplanned,Closed,2026-09-07T06:00:00Z,2026-09-07T08:01:00Z,121
1927325,West,MUKATSAR,Town,Unplanned,Closed,2026-09-07T04:33:33Z,2026-09-07T05:56:36Z,83
1927327,East,ROPAR,11 KV Sarsa Nangal,Unplanned,Closed,2026-09-07T04:33:00Z,2026-09-07T05:50:00Z,77
1927326,East,MOHALI,11kv Saidpura,Unplanned,Closed,2026-09-07T03:30:00Z,2026-09-07T05:50:09Z,140
1927324,West,BATHINDA,GOLEWALA,Unplanned,Closed,2026-09-07T02:55:00Z,2026-09-07T07:25:00Z,270
1927322,North,JALANDHAR,GADAI PUR - 2,Unplanned,Closed,2026-09-07T02:35:00Z,2026-09-07T03:25:00Z,50
1927321,North,JALANDHAR,GADAIPUR-1,Unplanned,Closed,2026-09-07T02:35:00Z,2026-09-07T03:25:00Z,50
1927320,West,FARIDKOT,Kothe Chakk Bhag Singh Wala,Unplanned,Closed,2026-09-07T01:07:18Z,2026-09-07T07:44:18Z,397
1927319,West,FARIDKOT,BEHBAL-KALAN UPS,Unplanned,Closed,2026-09-07T01:07:18Z,2026-09-07T07:44:18Z,397
1927318,West,FARIDKOT,SARAWAN URBAN,Unplanned,Closed,2026-09-07T01:07:18Z,2026-09-07T07:44:18Z,397
1927317,West,FARIDKOT,Nanaksar UPS,Unplanned,Closed,2026-09-07T01:07:08Z,2026-09-07T07:44:08Z,397
1927316,West,FARIDKOT,Arvind Nagar Feeder,Unplanned,Closed,2026-09-07T01:07:08Z,2026-09-07T07:44:08Z,397
1927315,West,FARIDKOT,DHILWAN URBAN,Unplanned,Closed,2026-09-07T01:07:08Z,2026-09-07T07:44:08Z,397
1927314,West,FARIDKOT,Kataria Rice Mill,Unplanned,Closed,2026-09-07T01:07:08Z,2026-09-07T07:44:08Z,397
1927305,North,JALANDHAR,TV TOWER,Unplanned,Closed,2026-09-07T00:55:00Z,2026-09-07T04:10:00Z,195
1927304,Central,CITY WEST LUDHIANA,GOBIND NAGAR FEEDER,Unplanned,Closed,2026-09-07T00:30:53Z,2026-09-07T01:40:49Z,69
1927313,South,PATIALA,Civil Hospital Nabha,Unplanned,Closed,2026-09-07T00:10:37Z,2026-09-07T01:25:43Z,75
1927312,South,PATIALA,Nagra Chownk,Unplanned,Closed,2026-09-07T00:10:37Z,2026-09-07T01:25:49Z,75
1927311,South,PATIALA,UPS Rohti Basta,Unplanned,Closed,2026-09-07T00:10:37Z,2026-09-07T01:25:25Z,74
1927310,South,PATIALA,Stn T.F Nabha New,Unplanned,Closed,2026-09-07T00:10:37Z,2026-09-07T01:25:52Z,75
1927309,South,PATIALA,Veer Singh Colony,Unplanned,Closed,2026-09-07T00:10:37Z,2026-09-07T01:25:16Z,74
1927308,South,PATIALA,Mehs Gate,Unplanned,Closed,2026-09-07T00:10:37Z,2026-09-07T01:25:03Z,74
1927307,South,PATIALA,Zila Jail,Unplanned,Closed,2026-09-07T00:10:37Z,2026-09-07T01:25:00Z,74
1927306,South,PATIALA,Ajit Nagar,Unplanned,Closed,2026-09-07T00:10:37Z,2026-09-07T01:25:09Z,74
1927303,South,PATIALA,Thuhi Road,Unplanned,Closed,2026-09-07T00:08:06Z,2026-09-07T01:25:16Z,77
1927298,East,MOHALI,Urban,Unplanned,Closed,2026-09-06T23:31:33Z,2026-09-07T00:46:01Z,74
1927323,West,BATHINDA,INDUSTRIAL,Unplanned,Closed,2026-09-06T23:30:00Z,2026-09-07T01:26:00Z,116
1927296,Central,CITY EAST LUDHIANA,IQBAL GANJ,Unplanned,Closed,2026-09-06T23:25:00Z,2026-09-06T23:50:00Z,25
1927300,Central,CITY EAST LUDHIANA,WEST,Unplanned,Closed,2026-09-06T23:17:00Z,2026-09-07T00:00:00Z,43
1927299,Central,CITY EAST LUDHIANA,TUBEWELL,Unplanned,Closed,2026-09-06T23:17:00Z,2026-09-07T00:20:00Z,63
1927297,Central,KHANNA,Grian Market,Unplanned,Closed,2026-09-06T23:15:00Z,2026-09-06T23:35:00Z,20
1927295,Central,CITY EAST LUDHIANA,Thakur Dwara,Unplanned,Closed,2026-09-06T23:10:00Z,2026-09-07T00:11:00Z,61
1927302,Central,CITY EAST LUDHIANA,HIRA NAGAR,Unplanned,Closed,2026-09-06T23:00:00Z,2026-09-07T00:15:00Z,75
1927301,Central,CITY EAST LUDHIANA,TAJPUR ROAD,Unplanned,Closed,2026-09-06T23:00:00Z,2026-09-07T00:10:00Z,70
1927294,South,PATIALA,Ajit Nagar,Unplanned,Closed,2026-09-06T22:50:00Z,2026-09-06T23:19:00Z,29
1927293,North,NAWANSHAHR,11kv Behloor Kalan,Unplanned,Closed,2026-09-06T22:50:00Z,2026-09-06T23:55:00Z,65
1927292,South,BARNALA,Substation Kattu,Unplanned,Closed,2026-09-06T22:30:42Z,2026-09-07T00:36:42Z,126
1927291,South,BARNALA,Kattu CAT-I,Unplanned,Closed,2026-09-06T22:30:42Z,2026-09-07T00:37:42Z,127
1927290,North,NAWANSHAHR,UPS NO.3,Unplanned,Closed,2026-09-06T22:20:00Z,2026-09-06T23:20:00Z,60
1927289,North,NAWANSHAHR,Mukandpur,Unplanned,Closed,2026-09-06T22:05:00Z,2026-09-06T23:05:00Z,60
1927283,Central,CITY EAST LUDHIANA,11KV Mahindra Colony,Unplanned,Closed,2026-09-06T22:00:44Z,2026-09-06T23:15:44Z,75
1927279,North,HOSHIARPUR,Chabbewal,Unplanned,Closed,2026-09-06T21:40:00Z,2026-09-06T23:25:00Z,105
1927280,Border,GURDASPUR,24Hrs U.P.S. KOTLA CHAHAL,Unplanned,Closed,2026-09-06T21:35:00Z,2026-09-07T06:15:00Z,520
1927278,South,PATIALA,gobind colony,Unplanned,Closed,2026-09-06T21:35:00Z,2026-09-06T22:15:00Z,40
1927277,South,SANGRUR,Gurdaspura,Unplanned,Closed,2026-09-06T21:15:00Z,2026-09-06T21:50:00Z,35
1927269,South,PATIALA,A P JAIN HOSPITAL,Unplanned,Closed,2026-09-06T21:11:38Z,2026-09-06T21:15:50Z,4
1927272,South,SANGRUR,11 KV CITY-9,Unplanned,Closed,2026-09-06T21:05:00Z,2026-09-06T21:30:00Z,25
1927270,North,NAWANSHAHR,11kv Behloor Kalan,Unplanned,Closed,2026-09-06T21:05:00Z,2026-09-06T21:40:00Z,35
1927267,Central,CITY EAST LUDHIANA,TEXTILE,Unplanned,Closed,2026-09-06T21:02:59Z,2026-09-06T22:02:59Z,60
1927263,West,FARIDKOT,DEEP SINGH WALA,Unplanned,Closed,2026-09-06T20:46:11Z,2026-09-06T22:30:00Z,103
1927259,South,PATIALA,11 KV Yadvindra Enclave,Unplanned,Closed,2026-09-06T20:44:58Z,2026-09-06T21:31:36Z,46
1927262,East,MOHALI,Sec 54,Unplanned,Closed,2026-09-06T20:43:11Z,2026-09-06T21:55:36Z,72
1927264,Central,KHANNA,New Shanti Nagar,Unplanned,Closed,2026-09-06T20:35:00Z,2026-09-06T21:02:00Z,27
1927232,East,Zirakpur,11KV Dream Home,Unplanned,Closed,2026-09-06T20:35:00Z,2026-09-06T21:05:00Z,30
1927260,South,PATIALA,UPS ONE 3 WIRE (KAULI),Unplanned,Closed,2026-09-06T20:32:00Z,2026-09-06T21:28:11Z,56
1927276,South,BARNALA,Kattu CAT-I,Unplanned,Closed,2026-09-06T20:26:00Z,2026-09-06T21:26:00Z,60
1927261,South,SANGRUR,Balian,Unplanned,Closed,2026-09-06T20:26:00Z,2026-09-06T21:26:00Z,60
1927179,Border,CITY AMRITSAR,swadeshi mill,Unplanned,Closed,2026-09-06T20:20:20Z,2026-09-06T20:52:28Z,32
1927192,South,BARNALA,URBAN DHAUNALA CITY,Unplanned,Closed,2026-09-06T20:15:00Z,2026-09-06T21:05:00Z,50
1927159,North,JALANDHAR,BASTI DANISJMANDA,Unplanned,Closed,2026-09-06T20:10:00Z,2026-09-06T20:30:00Z,20
1927189,South,PATIALA,UPS MARU,Unplanned,Closed,2026-09-06T20:05:00Z,2026-09-06T21:20:44Z,75
1927122,Central,CITY EAST LUDHIANA,pearl,Unplanned,Closed,2026-09-06T20:01:41Z,2026-09-06T21:00:41Z,59
1927169,South,SANGRUR,11 KV SULARGHRAT UPS,Unplanned,Closed,2026-09-06T20:00:18Z,2026-09-06T20:30:26Z,30
1927187,East,Zirakpur,HANDESRA UPS,Unplanned,Closed,2026-09-06T20:00:00Z,2026-09-06T20:04:00Z,4
1927180,East,Zirakpur,INDUSTRIAL,Unplanned,Closed,2026-09-06T20:00:00Z,2026-09-06T20:02:00Z,2
1927046,Central,CITY WEST LUDHIANA,GURU GIAN VIHAR,Planned,Closed,2026-09-06T19:48:47Z,2026-09-06T20:18:52Z,30
1927047,North,JALANDHAR,LINK FEEDER,Unplanned,Closed,2026-09-06T19:45:00Z,2026-09-06T19:55:00Z,10
1927045,West,BATHINDA,BAHO (UPS),Unplanned,Closed,2026-09-06T19:39:00Z,2026-09-06T21:06:00Z,87
1927048,South,PATIALA,UPS Rohti Basta,Unplanned,Closed,2026-09-06T19:35:00Z,2026-09-06T21:50:25Z,135
1927212,Border,SUB URBAN AMRITSAR,MILK PLANT,Unplanned,Closed,2026-09-06T19:30:01Z,2026-09-06T23:59:08Z,269
1927210,Border,SUB URBAN AMRITSAR,MAJITHA ROAD,Unplanned,Closed,2026-09-06T19:30:01Z,2026-09-06T23:59:08Z,269
1927209,Border,SUB URBAN AMRITSAR,A.S.FARM,Unplanned,Closed,2026-09-06T19:30:01Z,2026-09-06T23:59:08Z,269
1927042,Central,KHANNA,New Shanti Nagar,Unplanned,Closed,2026-09-06T19:30:00Z,2026-09-06T20:15:00Z,45
1927036,West,MUKATSAR,KALGIDHAR G,Planned,Closed,2026-09-06T19:26:00Z,2026-09-06T20:15:00Z,49
1927039,East,Zirakpur,SANULI,Unplanned,Closed,2026-09-06T19:25:00Z,2026-09-06T19:38:00Z,13
1927043,Central,KHANNA,Labour Colony,Unplanned,Closed,2026-09-06T19:19:00Z,2026-09-06T19:50:00Z,31
1927040,East,Zirakpur,11 KV SAB COLONY,Unplanned,Closed,2026-09-06T19:16:00Z,2026-09-06T20:23:00Z,67
1927037,South,SANGRUR,VRC,Unplanned,Closed,2026-09-06T19:05:00Z,2026-09-06T20:59:00Z,114
1927032,West,FEROZPUR,Arman Pura,Unplanned,Closed,2026-09-06T19:05:00Z,2026-09-06T19:45:00Z,40
1927038,East,MOHALI,COURT COMPLEX,Unplanned,Closed,2026-09-06T19:01:00Z,2026-09-06T19:56:00Z,55
1927035,Border,SUB URBAN AMRITSAR,HAMIDPURA,Unplanned,Closed,2026-09-06T19:00:00Z,2026-09-06T19:55:12Z,55
1927031,West,MUKATSAR,Civil Line,Unplanned,Closed,2026-09-06T19:00:00Z,2026-09-06T19:52:00Z,52
1927033,North,JALANDHAR,BASANT HILLS,Unplanned,Closed,2026-09-06T18:57:00Z,2026-09-06T19:20:00Z,23
1927030,West,FARIDKOT,SARAWAN URBAN,Planned,Closed,2026-09-06T18:56:00Z,2026-09-06T19:10:00Z,14
1927034,Border,GURDASPUR,South City,Unplanned,Closed,2026-09-06T18:44:00Z,2026-09-06T19:36:00Z,52
1927023,West,BATHINDA,BARETA City,Planned,Closed,2026-09-06T18:43:00Z,2026-09-06T19:20:00Z,37
1927022,South,SANGRUR,Bangawali,Unplanned,Closed,2026-09-06T18:42:10Z,2026-09-06T19:14:18Z,32
1927021,South,SANGRUR,UPPLI UPS,Unplanned,Closed,2026-09-06T18:41:07Z,2026-09-06T19:11:14Z,30
1927024,North,HOSHIARPUR,11kV Jandwal UPS,Unplanned,Closed,2026-09-06T18:40:00Z,2026-09-06T19:35:00Z,55
1927020,Central,CITY WEST LUDHIANA,GURU GIAN VIHAR,Planned,Closed,2026-09-06T18:37:01Z,2026-09-06T19:09:27Z,32
1927018,North,KAPURTHALA,URBAN MARKFED,Unplanned,Closed,2026-09-06T18:34:00Z,2026-09-06T19:15:00Z,41
1927019,West,FARIDKOT,BAJA ROAD,Planned,Closed,2026-09-06T18:30:00Z,2026-09-06T18:45:00Z,15
1927017,Central,CITY EAST LUDHIANA,MUNDIAN,Unplanned,Closed,2026-09-06T18:27:55Z,2026-09-06T19:27:59Z,60
1927016,East,Zirakpur,DAPPAR,Unplanned,Closed,2026-09-06T18:26:00Z,2026-09-06T19:17:00Z,51
1927015,Border,TARN TARAN,URBAN ADDA HARIKE,Unplanned,Closed,2026-09-06T18:20:00Z,2026-09-06T18:58:00Z,38
1927014,North,JALANDHAR,BASTI DANISJMANDA,Unplanned,Closed,2026-09-06T18:15:00Z,2026-09-06T19:30:00Z,75
1927013,North,JALANDHAR,11KV BASTI GUJAN,Unplanned,Closed,2026-09-06T18:13:00Z,2026-09-06T18:14:00Z,1
1927012,West,MUKATSAR,Civil Line,Unplanned,Closed,2026-09-06T18:11:00Z,2026-09-06T18:31:00Z,20
1927011,North,JALANDHAR,PAP,Unplanned,Closed,2026-09-06T18:10:00Z,2026-09-06T18:35:00Z,25
1927008,Border,CITY AMRITSAR,Queens Road,Unplanned,Closed,2026-09-06T18:08:00Z,2026-09-06T19:13:08Z,65
1927007,Central,KHANNA,RAM RAJAYA,Unplanned,Closed,2026-09-06T18:05:16Z,2026-09-06T18:37:27Z,32
1927009,East,Zirakpur,HLP,Unplanned,Closed,2026-09-06T18:04:00Z,2026-09-06T18:25:00Z,21
1927010,West,MUKATSAR,Adarsh Nagar,Unplanned,Closed,2026-09-06T18:00:00Z,2026-09-06T18:31:00Z,31
1927006,Central,KHANNA,APS,Unplanned,Closed,2026-09-06T18:00:00Z,2026-09-06T19:34:00Z,94
1927005,West,FARIDKOT,SARAWAN URBAN,Unplanned,Closed,2026-09-06T17:50:35Z,2026-09-06T18:35:00Z,44
1927004,North,NAWANSHAHR,ACHALPUR,Unplanned,Closed,2026-09-06T17:45:00Z,2026-09-06T18:02:00Z,17
1927002,Central,KHANNA,RAM RAJAYA,Unplanned,Closed,2026-09-06T17:43:00Z,2026-09-06T18:36:00Z,53
1927001,South,BARNALA,JABBOMAJRA UPS,Unplanned,Closed,2026-09-06T17:42:01Z,2026-09-06T17:55:16Z,13
1926994,East,Zirakpur,MUKANDPUR,Unplanned,Closed,2026-09-06T17:35:00Z,2026-09-06T18:10:00Z,35
1927000,Border,SUB URBAN AMRITSAR,Mahabir,Unplanned,Closed,2026-09-06T17:33:00Z,2026-09-06T17:55:25Z,22
1927003,West,MUKATSAR,Badal,Unplanned,Closed,2026-09-06T17:30:00Z,2026-09-06T18:40:00Z,70
1926999,East,Zirakpur,RANBAXY,Unplanned,Closed,2026-09-06T17:30:00Z,2026-09-06T18:20:00Z,50
1926998,East,Zirakpur,Jaskaran,Planned,Closed,2026-09-06T17:30:00Z,2026-09-06T18:20:00Z,50
1926997,East,Zirakpur,NABHA SAHIB,Planned,Closed,2026-09-06T17:30:00Z,2026-09-06T18:20:00Z,50
1926996,East,Zirakpur,PEER BABA ROAD,Planned,Closed,2026-09-06T17:30:00Z,2026-09-06T18:20:00Z,50
1926995,East,Zirakpur,Sukhmani Sahib,Planned,Closed,2026-09-06T17:30:00Z,2026-09-06T18:20:00Z,50
1926990,South,BARNALA,Barkatpura,Planned,Closed,2026-09-06T17:30:00Z,2026-09-06T17:40:00Z,10
1926989,South,BARNALA,11 KV Baba Bule Shah,Planned,Closed,2026-09-06T17:30:00Z,2026-09-06T17:40:00Z,10
1926993,Border,GURDASPUR,ARYA NAGAR,Unplanned,Closed,2026-09-06T17:27:00Z,2026-09-06T17:57:00Z,30
1926988,North,HOSHIARPUR,Lajwanti Stadium,Unplanned,Closed,2026-09-06T17:10:00Z,2026-09-06T17:59:00Z,49
1926985,Central,CITY WEST LUDHIANA,WAHEGURU ROAD,Unplanned,Closed,2026-09-06T17:09:18Z,2026-09-06T17:55:42Z,46
1926984,West,MUKATSAR,11 KV Sappan wali,Unplanned,Closed,2026-09-06T17:05:14Z,2026-09-06T17:54:30Z,49
1926982,South,SANGRUR,11 KV SATOJ URBAN,Planned,Closed,2026-09-06T17:05:00Z,2026-09-06T17:25:31Z,20
1926987,South,SANGRUR,Kakarwal,Unplanned,Closed,2026-09-06T17:02:00Z,2026-09-06T18:17:00Z,75
1926986,South,SANGRUR,MASTUANA SAHIB,Unplanned,Closed,2026-09-06T17:00:51Z,2026-09-06T18:20:11Z,79
1926983,South,PATIALA,INDUSTRIAL-(N) 2,Unplanned,Closed,2026-09-06T16:55:00Z,2026-09-06T17:10:00Z,15
1926981,East,ROPAR,11KV Hargovind Nangar,Unplanned,Closed,2026-09-06T16:50:00Z,2026-09-06T17:32:00Z,42
1926980,Central,CITY WEST LUDHIANA,Baghi Stand,Unplanned,Closed,2026-09-06T16:49:59Z,2026-09-06T17:25:30Z,35
1926977,Central,CITY WEST LUDHIANA,GOBIND NAGAR FEEDER,Unplanned,Closed,2026-09-06T16:45:10Z,2026-09-06T17:16:53Z,31
1926979,South,PATIALA,SARHIND ROAD,Unplanned,Closed,2026-09-06T16:41:00Z,2026-09-06T17:37:00Z,56
1926973,West,FEROZPUR,TOWN,Unplanned,Closed,2026-09-06T16:37:00Z,2026-09-06T17:15:00Z,38
1926974,North,KAPURTHALA,UPS MIRZAPUR,Unplanned,Closed,2026-09-06T16:35:00Z,2026-09-06T17:15:00Z,40
1926978,East,Zirakpur,BAHORA,Unplanned,Closed,2026-09-06T16:34:00Z,2026-09-06T17:16:00Z,42
1926976,East,Zirakpur,11kv Dhanoni,Unplanned,Closed,2026-09-06T16:34:00Z,2026-09-06T17:20:00Z,46
1926975,East,Zirakpur,MEHMADPUR,Unplanned,Closed,2026-09-06T16:34:00Z,2026-09-06T17:18:00Z,44
1926972,East,ROPAR,BARWA,Unplanned,Closed,2026-09-06T16:32:00Z,2026-09-06T17:05:00Z,33
1926959,North,NAWANSHAHR,11 KV JABOWAL,Unplanned,Closed,2026-09-06T16:30:00Z,2026-09-06T17:15:00Z,45
1926971,North,HOSHIARPUR,NARA DADA,Unplanned,Closed,2026-09-06T16:25:00Z,2026-09-06T17:12:00Z,47
1926970,North,HOSHIARPUR,CHAUNNI,Unplanned,Closed,2026-09-06T16:25:00Z,2026-09-06T17:12:00Z,47
1926969,North,HOSHIARPUR,11 KV Narayan Nagar,Unplanned,Closed,2026-09-06T16:25:00Z,2026-09-06T17:12:00Z,47
1926968,North,HOSHIARPUR,KHARKAN,Unplanned,Closed,2026-09-06T16:25:00Z,2026-09-06T17:12:00Z,47
1926967,North,HOSHIARPUR,Bassi Gulam Hussian,Unplanned,Closed,2026-09-06T16:25:00Z,2026-09-06T17:12:00Z,47
1926966,North,HOSHIARPUR,service club,Unplanned,Closed,2026-09-06T16:25:00Z,2026-09-06T17:12:00Z,47
1926965,North,HOSHIARPUR,SSG. UNIVERCITY,Unplanned,Closed,2026-09-06T16:25:00Z,2026-09-06T17:12:00Z,47
1926964,North,HOSHIARPUR,PB. AGRO,Unplanned,Closed,2026-09-06T16:25:00Z,2026-09-06T17:12:00Z,47
1926963,North,HOSHIARPUR,BAJWARA,Unplanned,Closed,2026-09-06T16:25:00Z,2026-09-06T17:12:00Z,47
1926962,North,HOSHIARPUR,PRTC,Unplanned,Closed,2026-09-06T16:25:00Z,2026-09-06T17:12:00Z,47
1926961,North,HOSHIARPUR,SHIMLA PAHARI,Unplanned,Closed,2026-09-06T16:25:00Z,2026-09-06T17:12:00Z,47
1926960,North,HOSHIARPUR,ASLAMABAD,Unplanned,Closed,2026-09-06T16:25:00Z,2026-09-06T17:12:00Z,47
1926953,South,BARNALA,NABHA PAPER MILL,Planned,Closed,2026-09-06T16:20:00Z,2026-09-06T18:40:00Z,140
1926957,Border,GURDASPUR,Dhakki,Unplanned,Closed,2026-09-06T16:15:00Z,2026-09-06T17:40:00Z,85
1926958,West,FEROZPUR,Attari Urban,Unplanned,Closed,2026-09-06T16:05:00Z,2026-09-06T18:00:00Z,115
1926954,West,BATHINDA,DELUANA,Unplanned,Closed,2026-09-06T16:05:00Z,2026-09-06T19:30:16Z,205
1926949,South,BARNALA,VISHAL PAPER MILL,Planned,Closed,2026-09-06T16:05:00Z,2026-09-06T18:40:00Z,155
1926952,East,Zirakpur,TRISHLA,Unplanned,Closed,2026-09-06T16:04:00Z,2026-09-06T16:10:00Z,6
1926951,Border,SUB URBAN AMRITSAR,VERKA IND.1,Unplanned,Closed,2026-09-06T16:00:05Z,2026-09-06T17:25:00Z,84
1926956,North,JALANDHAR,GURU NANAK NAGAR,Unplanned,Closed,2026-09-06T15:50:00Z,2026-09-06T18:13:00Z,143
1926948,North,KAPURTHALA,URBAN JANDIALA ROAD Nurmahal,Unplanned,Closed,2026-09-06T15:50:00Z,2026-09-06T16:05:00Z,15
1926946,West,BATHINDA,MATA JIVI NAGAR,Planned,Closed,2026-09-06T15:50:00Z,2026-09-06T16:45:00Z,55
1926950,Border,GURDASPUR,CITY 2,Unplanned,Closed,2026-09-06T15:48:00Z,2026-09-06T16:07:00Z,19
1926943,Central,CITY EAST LUDHIANA,PRITAM PURI,Unplanned,Closed,2026-09-06T15:45:00Z,2026-09-06T16:15:00Z,30
1926942,Border,GURDASPUR,Maira,Unplanned,Closed,2026-09-06T15:41:00Z,2026-09-06T15:55:00Z,14
1926947,South,PATIALA,UPS FOCAL POINT,Unplanned,Closed,2026-09-06T15:35:00Z,2026-09-06T16:35:00Z,60
1926945,South,SANGRUR,RAIDHRANA CAT-1,Unplanned,Closed,2026-09-06T15:35:00Z,2026-09-06T16:30:00Z,55
1926944,West,BATHINDA,Gurne UPS,Unplanned,Closed,2026-09-06T15:35:00Z,2026-09-06T16:20:00Z,45
1926941,South,PATIALA,INDUSTRIAL NO 2 (FP),Planned,Closed,2026-09-06T15:35:00Z,2026-09-06T19:01:00Z,206
1926939,North,HOSHIARPUR,Banjarbag,Unplanned,Closed,2026-09-06T15:28:00Z,2026-09-06T16:44:00Z,76
1926940,West,BATHINDA,BABA BAHAL DASS JI,Unplanned,Closed,2026-09-06T15:27:01Z,2026-09-06T16:10:08Z,43
1926938,Central,CITY WEST LUDHIANA,LOHARA,Unplanned,Closed,2026-09-06T15:24:37Z,2026-09-06T16:03:43Z,39
1926937,East,MOHALI,11KV JAND PUR,Unplanned,Closed,2026-09-06T15:12:43Z,2026-09-06T15:55:04Z,42
1926936,North,HOSHIARPUR,KALYANPUR,Unplanned,Closed,2026-09-06T15:08:00Z,2026-09-06T15:58:00Z,50
1926912,West,FEROZPUR,MOGA ROAD,Planned,Closed,2026-09-06T15:00:00Z,2026-09-06T19:00:00Z,240
1926935,East,MOHALI,11 kv CPM,Unplanned,Closed,2026-09-06T14:55:00Z,2026-09-06T16:00:00Z,65
1926934,South,SANGRUR,11 KV DUGGAN URBAN,Unplanned,Closed,2026-09-06T14:55:00Z,2026-09-06T15:30:00Z,35
1926933,Border,GURDASPUR,Ranipur,Unplanned,Closed,2026-09-06T14:55:00Z,2026-09-06T16:10:00Z,75
1926932,Border,GURDASPUR,Maira,Unplanned,Closed,2026-09-06T14:45:00Z,2026-09-06T15:30:00Z,45
1926930,Border,GURDASPUR,CITY 2,Unplanned,Closed,2026-09-06T14:39:00Z,2026-09-06T15:20:00Z,41
1926928,Border,GURDASPUR,Behrian,Unplanned,Closed,2026-09-06T14:38:00Z,2026-09-06T15:10:00Z,32
1926927,Border,GURDASPUR,Raavi,Unplanned,Closed,2026-09-06T14:38:00Z,2026-09-06T15:11:00Z,33
1926924,South,PATIALA,Bakhshiwal,Unplanned,Closed,2026-09-06T14:34:57Z,2026-09-06T16:07:14Z,92
1926921,South,PATIALA,HARMAN,Planned,Closed,2026-09-06T14:32:00Z,2026-09-06T16:00:00Z,88
1926929,South,PATIALA,UPS RAJPURA,Planned,Closed,2026-09-06T14:20:00Z,2026-09-06T20:05:00Z,345
1926925,East,Zirakpur,11 KV Sidhu Feeder,Unplanned,Closed,2026-09-06T14:20:00Z,2026-09-06T14:55:00Z,35
1926923,East,Zirakpur,11 KV TEHSIL ROAD FEEDER,Unplanned,Closed,2026-09-06T14:20:00Z,2026-09-06T14:55:00Z,35
1926918,West,MUKATSAR,11 KV Focal Point-2,Unplanned,Closed,2026-09-06T14:19:19Z,2026-09-06T14:39:53Z,20
1926917,West,MUKATSAR,11 KV Focal Point-1,Unplanned,Closed,2026-09-06T14:19:00Z,2026-09-06T14:39:17Z,20
1926920,West,MUKATSAR,WATER WORKS,Unplanned,Closed,2026-09-06T14:18:03Z,2026-09-06T16:45:11Z,147
1926915,Central,CITY WEST LUDHIANA,SHIMLA PURI FEEDER,Unplanned,Closed,2026-09-06T14:11:35Z,2026-09-06T14:52:38Z,41
1926916,South,PATIALA,INDUSTRIAL 1,Unplanned,Closed,2026-09-06T14:10:00Z,2026-09-06T14:25:00Z,15
1926919,Central,KHANNA,Labour Colony,Unplanned,Closed,2026-09-06T14:09:00Z,2026-09-06T14:40:00Z,31
1926913,North,JALANDHAR,M.G.N,Unplanned,Closed,2026-09-06T14:08:00Z,2026-09-06T14:55:44Z,47
1926922,East,MOHALI,11 KV Feeder sec 66 B,Unplanned,Closed,2026-09-06T14:05:00Z,2026-09-06T15:25:00Z,80
1926914,West,FEROZPUR,CANTT FEEDER,Unplanned,Closed,2026-09-06T14:00:00Z,2026-09-06T15:35:00Z,95
1926628,Central,CITY WEST LUDHIANA,SPORTKING,Planned,Closed,2026-09-06T14:00:00Z,2026-09-06T18:00:00Z,240
1926626,Central,CITY WEST LUDHIANA,MULARD,Planned,Closed,2026-09-06T14:00:00Z,2026-09-06T18:00:00Z,240
1926625,Central,CITY WEST LUDHIANA,VARDHMAN,Planned,Closed,2026-09-06T14:00:00Z,2026-09-06T18:00:00Z,240
1926911,North,NAWANSHAHR,SHAHPUR,Unplanned,Closed,2026-09-06T13:58:00Z,2026-09-06T14:58:00Z,60
1926910,Border,TARN TARAN,MEHTA URBAN-II,Unplanned,Closed,2026-09-06T13:50:00Z,2026-09-06T15:00:00Z,70
1926909,Border,TARN TARAN,Udhonangal,Unplanned,Closed,2026-09-06T13:50:00Z,2026-09-06T15:00:00Z,70
1926715,West,MUKATSAR,11 KV Azimgarh Urban,Planned,Closed,2026-09-06T13:32:22Z,2026-09-06T15:05:28Z,93
1926908,South,SANGRUR,CITY-7,Unplanned,Closed,2026-09-06T13:30:00Z,2026-09-06T15:05:00Z,95
1926907,West,MUKATSAR,11 KV Dhani Bisehesarnath,Unplanned,Closed,2026-09-06T13:23:10Z,2026-09-06T15:05:10Z,102
1926902,South,BARNALA,SANGALA,Planned,Closed,2026-09-06T13:20:11Z,2026-09-06T15:00:00Z,99
1926901,South,BARNALA,RATOLAN AP,Planned,Closed,2026-09-06T13:20:11Z,2026-09-06T18:25:00Z,304
1926900,Central,CITY WEST LUDHIANA,MERADO FEEDER,Unplanned,Closed,2026-09-06T13:19:42Z,2026-09-06T14:12:50Z,53
1926905,Border,TARN TARAN,Darbar Sahib,Unplanned,Closed,2026-09-06T13:17:00Z,2026-09-06T13:55:00Z,38
1926897,North,JALANDHAR,PUNJABI BAGH,Unplanned,Closed,2026-09-06T13:15:00Z,2026-09-06T13:38:00Z,23
1926898,West,BATHINDA,MODEL TOWN PHASE -1,Planned,Closed,2026-09-06T13:12:00Z,2026-09-06T14:42:00Z,90
1926895,Central,KHANNA,Jai Bhart,Unplanned,Closed,2026-09-06T13:10:00Z,2026-09-06T13:40:00Z,30
1926892,Central,KHANNA,Nandi Colony,Unplanned,Closed,2026-09-06T13:10:00Z,2026-09-06T13:40:00Z,30
1926891,Central,CITY WEST LUDHIANA,KABIR NAGAR,Planned,Closed,2026-09-06T13:06:00Z,2026-09-06T17:00:00Z,234
1926890,Central,CITY WEST LUDHIANA,Gurpal Nagar,Planned,Closed,2026-09-06T13:06:00Z,2026-09-06T17:00:00Z,234
1926889,Central,CITY WEST LUDHIANA,Hargobind Nagar,Planned,Closed,2026-09-06T13:06:00Z,2026-09-06T17:00:00Z,234
1926888,Central,CITY WEST LUDHIANA,BABA MUKAND SINGH,Planned,Closed,2026-09-06T13:06:00Z,2026-09-06T17:00:00Z,234
1926887,Central,CITY WEST LUDHIANA,Rider Export,Planned,Closed,2026-09-06T13:06:00Z,2026-09-06T17:00:00Z,234
1926896,Border,TARN TARAN,JAMA RAI UPS,Unplanned,Closed,2026-09-06T13:05:00Z,2026-09-06T13:15:00Z,10
1926894,East,MOHALI,11 KV RAIPUR KALAN UPS,Unplanned,Closed,2026-09-06T13:05:00Z,2026-09-06T13:15:17Z,10
1926884,Border,SUB URBAN AMRITSAR,Sawdeshi Korean,Unplanned,Closed,2026-09-06T13:01:31Z,2026-09-06T14:20:43Z,79
1926886,North,JALANDHAR,CHACHOKI COLONY,Planned,Closed,2026-09-06T13:00:00Z,2026-09-06T13:30:00Z,30
1926885,North,JALANDHAR,NIHAL GARGH,Planned,Closed,2026-09-06T13:00:00Z,2026-09-06T13:30:00Z,30
1926882,North,HOSHIARPUR,GARDIWAL,Unplanned,Closed,2026-09-06T12:58:00Z,2026-09-06T13:07:00Z,9
1926881,East,ROPAR,Nijjer Road,Unplanned,Closed,2026-09-06T12:55:00Z,2026-09-06T13:30:00Z,35
1926883,South,PATIALA,HARINDER NAGAR,Planned,Closed,2026-09-06T12:50:00Z,2026-09-06T14:01:00Z,71
1926880,South,PATIALA,FACTORY AREA (NEW),Planned,Closed,2026-09-06T12:50:00Z,2026-09-06T14:07:00Z,77
1926878,South,PATIALA,new anaj mandi,Planned,Closed,2026-09-06T12:50:00Z,2026-09-06T14:07:00Z,77
1926862,West,MUKATSAR,11 KV Circular Road,Planned,Closed,2026-09-06T12:48:00Z,2026-09-06T13:15:00Z,27
1926899,South,BARNALA,UPS Bhure Kube,Unplanned,Closed,2026-09-06T12:45:00Z,2026-09-06T14:25:00Z,100
1926876,North,HOSHIARPUR,PURHIRAN URBAN,Unplanned,Closed,2026-09-06T12:45:00Z,2026-09-06T13:20:00Z,35
1926870,South,SANGRUR,11 KV RAM NAGAR URBAN,Planned,Closed,2026-09-06T12:42:00Z,2026-09-06T13:26:00Z,44
1926875,West,MUKATSAR,INDRA NAGRI,Unplanned,Closed,2026-09-06T12:40:26Z,2026-09-06T13:15:42Z,35
1926873,South,BARNALA,DOULATPUR,Planned,Closed,2026-09-06T12:40:07Z,2026-09-06T13:20:53Z,40
1926893,Border,TARN TARAN,Goindwal Road Urban.,Unplanned,Closed,2026-09-06T12:40:00Z,2026-09-06T13:30:00Z,50
1926877,South,PATIALA,FOCAL POINT-IV,Planned,Closed,2026-09-06T12:40:00Z,2026-09-06T16:25:00Z,225
1926872,Central,KHANNA,New Shanti Nagar,Unplanned,Closed,2026-09-06T12:36:00Z,2026-09-06T12:54:00Z,18
1926868,South,PATIALA,BSNL,Unplanned,Closed,2026-09-06T12:33:51Z,2026-09-06T13:46:10Z,72
1926867,North,JALANDHAR,CHOGITTI,Unplanned,Closed,2026-09-06T12:31:03Z,2026-09-06T12:55:18Z,24
1926874,North,HOSHIARPUR,SUSANA,Unplanned,Closed,2026-09-06T12:30:00Z,2026-09-06T13:29:00Z,59
1926871,West,MUKATSAR,Sajrana UPS,Unplanned,Closed,2026-09-06T12:30:00Z,2026-09-06T12:58:34Z,28
1926865,West,FEROZPUR,Amritsari Gate,Planned,Closed,2026-09-06T12:24:00Z,2026-09-06T12:52:00Z,28
1926866,West,MUKATSAR,11 KV RAJPURA,Unplanned,Closed,2026-09-06T12:22:36Z,2026-09-06T12:44:00Z,21
1926864,North,KAPURTHALA,UPS Sangatpur,Unplanned,Closed,2026-09-06T12:22:00Z,2026-09-06T12:40:00Z,18
1926863,North,KAPURTHALA,Bangiwal UPS,Unplanned,Closed,2026-09-06T12:22:00Z,2026-09-06T13:20:00Z,58
1926861,East,Zirakpur,Jalalpur Kandi Pure AP,Unplanned,Closed,2026-09-06T12:18:00Z,2026-09-06T13:15:00Z,57
1926860,East,Zirakpur,Hasanpur UPS,Unplanned,Closed,2026-09-06T12:18:00Z,2026-09-06T13:05:00Z,47
1926853,Border,SUB URBAN AMRITSAR,KWALITY PHARMA,Planned,Closed,2026-09-06T12:15:24Z,2026-09-06T12:55:34Z,40
1926858,West,BATHINDA,Balahar Vinju,Planned,Closed,2026-09-06T12:10:00Z,2026-09-06T13:30:00Z,80
1926857,West,BATHINDA,NEHIAN WALA,Planned,Closed,2026-09-06T12:10:00Z,2026-09-06T13:30:00Z,80
1926856,Central,CITY WEST LUDHIANA,SAS NAGAR,Unplanned,Closed,2026-09-06T12:08:43Z,2026-09-06T12:47:39Z,38
1926855,North,HOSHIARPUR,NATHUPUR,Unplanned,Closed,2026-09-06T12:06:00Z,2026-09-06T12:56:00Z,50
1926879,West,FEROZPUR,CIVIL HOSPITAL,Planned,Closed,2026-09-06T12:00:00Z,2026-09-06T13:53:00Z,113
1926859,West,FEROZPUR,ZILA PARISHAD,Unplanned,Closed,2026-09-06T12:00:00Z,2026-09-06T12:45:00Z,45
1926854,West,MUKATSAR,11 KV Dhani Bisehesarnath,Unplanned,Closed,2026-09-06T11:58:46Z,2026-09-06T12:27:55Z,29
1926851,East,Zirakpur,JEOLY,Unplanned,Closed,2026-09-06T11:55:00Z,2026-09-06T12:20:00Z,25
1926852,South,SANGRUR,Industrial,Unplanned,Closed,2026-09-06T11:53:24Z,2026-09-06T12:26:39Z,33
1926847,East,MOHALI,JANTI DEVI,Unplanned,Closed,2026-09-06T11:50:00Z,2026-09-06T12:04:00Z,14
1926848,East,ROPAR,Bassi,Unplanned,Closed,2026-09-06T11:48:00Z,2026-09-06T12:08:00Z,20
1926850,South,BARNALA,11KV TARAKSHEEL ROAD,Unplanned,Closed,2026-09-06T11:45:00Z,2026-09-06T12:50:00Z,65
1926846,East,Zirakpur,MIAN PUR,Unplanned,Closed,2026-09-06T11:45:00Z,2026-09-06T12:45:00Z,60
1926845,Central,CITY WEST LUDHIANA,RERU SAHIB ROAD FEEDER,Unplanned,Closed,2026-09-06T11:41:59Z,2026-09-06T12:24:38Z,42
1926849,Border,GURDASPUR,Sukret,Unplanned,Closed,2026-09-06T11:40:00Z,2026-09-06T13:10:00Z,90
1926840,Border,GURDASPUR,ARYA NAGAR,Unplanned,Closed,2026-09-06T11:28:00Z,2026-09-06T13:01:00Z,93
1926841,North,HOSHIARPUR,HANDHWAL UPS,Unplanned,Closed,2026-09-06T11:25:00Z,2026-09-06T12:12:00Z,47
1926839,East,MOHALI,Nirankari feeder,Unplanned,Closed,2026-09-06T11:24:00Z,2026-09-06T12:04:00Z,40
1926838,West,FARIDKOT,11KV HARINDERA NAGAR,Unplanned,Closed,2026-09-06T11:24:00Z,2026-09-06T11:41:00Z,17
1926804,South,PATIALA,UPS BHOJOMAJRI,Unplanned,Closed,2026-09-06T11:23:00Z,2026-09-06T12:03:00Z,40
1926842,Border,SUB URBAN AMRITSAR,Guru ki wadali,Planned,Closed,2026-09-06T11:20:00Z,2026-09-06T14:17:00Z,177
1926805,North,KAPURTHALA,KADUPUR,Unplanned,Closed,2026-09-06T11:20:00Z,2026-09-06T11:55:00Z,35
1926801,Central,CITY WEST LUDHIANA,AVON FEEDER,Unplanned,Closed,2026-09-06T11:19:38Z,2026-09-06T12:23:54Z,64
1926800,Central,CITY WEST LUDHIANA,ESTATE FEEDER,Unplanned,Closed,2026-09-06T11:19:38Z,2026-09-06T12:24:13Z,64
1926799,North,HOSHIARPUR,BAINSAN,Unplanned,Closed,2026-09-06T11:18:00Z,2026-09-06T11:40:00Z,22
1926802,Border,SUB URBAN AMRITSAR,RANJIT AVENUE,Unplanned,Closed,2026-09-06T11:16:00Z,2026-09-06T12:00:00Z,44
1926837,East,MOHALI,Industry Phase 2,Planned,Closed,2026-09-06T11:15:12Z,2026-09-06T12:09:01Z,53
1926836,East,MOHALI,11 KV VERKA,Planned,Closed,2026-09-06T11:15:12Z,2026-09-06T12:09:01Z,53
1926835,East,MOHALI,JUJHAR NAGAR,Planned,Closed,2026-09-06T11:15:12Z,2026-09-06T12:09:01Z,53
1926834,East,MOHALI,CIVIL HOSPITAL,Planned,Closed,2026-09-06T11:15:12Z,2026-09-06T15:10:08Z,234
1926833,East,MOHALI,TDI 2,Planned,Closed,2026-09-06T11:15:12Z,2026-09-06T12:09:01Z,53
1926832,East,MOHALI,11 KV Govt. Press,Planned,Closed,2026-09-06T11:15:12Z,2026-09-06T12:09:01Z,53
1926831,East,MOHALI,11 KV Sec 59,Planned,Closed,2026-09-06T11:15:12Z,2026-09-06T12:09:01Z,53
1926830,East,MOHALI,ATS,Planned,Closed,2026-09-06T11:15:12Z,2026-09-06T12:09:01Z,53
1926829,East,MOHALI,Colony phase 1,Planned,Closed,2026-09-06T11:15:12Z,2026-09-06T17:50:01Z,394
1926828,East,MOHALI,TDI,Planned,Closed,2026-09-06T11:15:12Z,2026-09-06T12:09:01Z,53
1926827,East,MOHALI,Sec-60,Planned,Closed,2026-09-06T11:15:12Z,2026-09-06T12:09:01Z,53
1926826,East,MOHALI,11KV SHAHIMAJRA INDUSTRY,Planned,Closed,2026-09-06T11:15:12Z,2026-09-06T17:50:00Z,394
1926825,East,MOHALI,11 kv sec 54A,Planned,Closed,2026-09-06T11:15:12Z,2026-09-06T17:50:00Z,394
1926824,East,MOHALI,Industrial,Planned,Closed,2026-09-06T11:15:12Z,2026-09-06T17:50:00Z,394
1926823,East,MOHALI,Jandpur Water Works,Planned,Closed,2026-09-06T11:15:12Z,2026-09-06T17:50:00Z,394
1926822,East,MOHALI,Sec 56,Planned,Closed,2026-09-06T11:15:12Z,2026-09-06T17:50:00Z,394
1926821,East,MOHALI,11KV SUB STATION,Planned,Closed,2026-09-06T11:15:12Z,2026-09-06T17:50:00Z,394
1926820,East,MOHALI,Water Works,Planned,Closed,2026-09-06T11:15:12Z,2026-09-06T17:50:00Z,394
1926819,East,MOHALI,Sec 53,Planned,Closed,2026-09-06T11:15:12Z,2026-09-06T17:50:00Z,394
1926818,East,MOHALI,Swani Rubber,Planned,Closed,2026-09-06T11:15:12Z,2026-09-06T17:50:00Z,394
1926817,East,MOHALI,Industry 7A,Planned,Closed,2026-09-06T11:15:12Z,2026-09-06T17:50:00Z,394
1926816,East,MOHALI,11 KV Mohali Vill.,Planned,Closed,2026-09-06T11:15:12Z,2026-09-06T12:09:01Z,53
1926815,East,MOHALI,Rubber Plant,Planned,Closed,2026-09-06T11:15:12Z,2026-09-06T12:09:01Z,53
1926814,East,MOHALI,Badmajra,Planned,Closed,2026-09-06T11:15:12Z,2026-09-06T17:00:13Z,345
1926813,East,MOHALI,Green Enclave,Planned,Closed,2026-09-06T11:15:12Z,2026-09-06T12:09:01Z,53
1926812,East,MOHALI,39 west,Planned,Closed,2026-09-06T11:15:12Z,2026-09-06T12:09:12Z,54
1926811,East,MOHALI,11 KV Indus,Planned,Closed,2026-09-06T11:15:12Z,2026-09-06T17:50:00Z,394
1926810,East,MOHALI,INDUSTRY PHASE 3,Planned,Closed,2026-09-06T11:15:12Z,2026-09-06T17:50:00Z,394
1926809,East,MOHALI,11 KV Azad Nagar,Planned,Closed,2026-09-06T11:15:12Z,2026-09-06T17:50:00Z,394
1926808,East,MOHALI,Sec 55,Planned,Closed,2026-09-06T11:15:12Z,2026-09-06T17:50:00Z,394
1926807,East,MOHALI,Sec 54,Planned,Closed,2026-09-06T11:15:12Z,2026-09-06T17:50:00Z,394
1926806,East,MOHALI,Balongi,Planned,Closed,2026-09-06T11:15:12Z,2026-09-06T17:50:00Z,394
1926803,Central,KHANNA,New Shanti Nagar,Unplanned,Closed,2026-09-06T11:15:00Z,2026-09-06T12:31:00Z,76
1926796,South,SANGRUR,24 HRS. CHANGALIWALA,Unplanned,Closed,2026-09-06T11:15:00Z,2026-09-06T13:00:00Z,105
1926785,West,BATHINDA,11 KV ZILA PARISHAD,Planned,Closed,2026-09-06T11:13:00Z,2026-09-06T11:23:00Z,10
1926795,South,SANGRUR,SULAR,Unplanned,Closed,2026-09-06T11:11:15Z,2026-09-06T13:47:15Z,156
1926794,South,SANGRUR,GHARAT,Unplanned,Closed,2026-09-06T11:11:15Z,2026-09-06T13:47:15Z,156
1926793,South,SANGRUR,SULAR CITY,Unplanned,Closed,2026-09-06T11:11:15Z,2026-09-06T13:47:15Z,156
1926798,South,SANGRUR,BIJALPUR UPS,Unplanned,Closed,2026-09-06T11:11:14Z,2026-09-06T13:47:14Z,156
1926797,South,SANGRUR,GUJJRAN  C1,Unplanned,Closed,2026-09-06T11:11:14Z,2026-09-06T13:47:14Z,156
1926843,West,FARIDKOT,11 KV BHAGIKE-UPS,Unplanned,Closed,2026-09-06T11:10:00Z,2026-09-06T12:30:00Z,80
1926784,Central,CITY EAST LUDHIANA,BASTI FEEDER,Unplanned,Closed,2026-09-06T11:00:00Z,2026-09-06T12:50:00Z,110
1926783,North,KAPURTHALA,URBAN Parjian Kalan,Unplanned,Closed,2026-09-06T11:00:00Z,2026-09-06T12:00:00Z,60
1926780,Border,GURDASPUR,Ghesal,Unplanned,Closed,2026-09-06T11:00:00Z,2026-09-06T12:52:00Z,112
1926779,Border,GURDASPUR,Kanwan,Unplanned,Closed,2026-09-06T11:00:00Z,2026-09-06T12:52:00Z,112
1926778,Border,GURDASPUR,Gujran Lahri,Unplanned,Closed,2026-09-06T11:00:00Z,2026-09-06T12:52:00Z,112
1926777,East,Zirakpur,MUKANDPUR,Unplanned,Closed,2026-09-06T10:57:00Z,2026-09-06T11:22:00Z,25
1926776,East,Zirakpur,MIAN PUR,Unplanned,Closed,2026-09-06T10:57:00Z,2026-09-06T11:22:00Z,25
1926781,West,BATHINDA,JHANDA KHURD,Unplanned,Closed,2026-09-06T10:55:00Z,2026-09-06T13:10:17Z,135
1926792,South,BARNALA,VALMIKI CHOWNK,Unplanned,Closed,2026-09-06T10:50:17Z,2026-09-06T11:48:17Z,58
1926791,South,BARNALA,TAPA-1,Unplanned,Closed,2026-09-06T10:50:17Z,2026-09-06T11:48:17Z,58
1926790,South,BARNALA,SADAR BAZAR,Unplanned,Closed,2026-09-06T10:50:17Z,2026-09-06T11:48:17Z,58
1926789,South,BARNALA,ALLI KE UPS,Unplanned,Closed,2026-09-06T10:50:17Z,2026-09-06T11:48:17Z,58
1926788,South,BARNALA,Tapa-3,Unplanned,Closed,2026-09-06T10:50:17Z,2026-09-06T11:48:17Z,58
1926787,South,BARNALA,Barnala Road,Unplanned,Closed,2026-09-06T10:50:17Z,2026-09-06T11:48:17Z,58
1926786,South,BARNALA,BADIALA UPS,Unplanned,Closed,2026-09-06T10:50:17Z,2026-09-06T11:48:17Z,58
1926774,Border,TARN TARAN,Sarhali Road,Unplanned,Closed,2026-09-06T10:45:00Z,2026-09-06T13:30:00Z,165
1926772,East,ROPAR,SWARA,Unplanned,Closed,2026-09-06T10:45:00Z,2026-09-06T11:20:00Z,35
1926767,North,JALANDHAR,GREEN PARK,Unplanned,Closed,2026-09-06T10:40:57Z,2026-09-06T11:15:48Z,34
1926766,Central,KHANNA,Samrala Road,Unplanned,Closed,2026-09-06T10:40:00Z,2026-09-06T11:12:00Z,32
1926763,Central,CITY WEST LUDHIANA,JAIMAL ROAD,Unplanned,Closed,2026-09-06T10:36:20Z,2026-09-06T12:35:42Z,119
1926764,Border,GURDASPUR,CITY 2,Unplanned,Closed,2026-09-06T10:36:00Z,2026-09-06T11:15:00Z,39
1926757,East,ROPAR,Bassi,Unplanned,Closed,2026-09-06T10:31:00Z,2026-09-06T10:46:00Z,15
1926782,West,BATHINDA,Mian,Unplanned,Closed,2026-09-06T10:30:00Z,2026-09-06T11:20:00Z,50
1926762,North,JALANDHAR,HAZARA,Unplanned,Closed,2026-09-06T10:30:00Z,2026-09-06T11:00:00Z,30
1926759,North,JALANDHAR,GEETA MANDIR,Unplanned,Closed,2026-09-06T10:30:00Z,2026-09-06T11:50:00Z,80
1926758,North,HOSHIARPUR,Tagore Nagar,Unplanned,Closed,2026-09-06T10:30:00Z,2026-09-06T10:47:00Z,17
1926755,North,HOSHIARPUR,11KV SWITHCHING SUB STN.DASUYA,Unplanned,Closed,2026-09-06T10:28:00Z,2026-09-06T11:10:00Z,42
1926765,Central,SUB URBAN LUDHIANA,INDUSTRY,Unplanned,Closed,2026-09-06T10:25:00Z,2026-09-06T12:05:00Z,100
1926761,West,BATHINDA,Cold Store,Unplanned,Closed,2026-09-06T10:25:00Z,2026-09-06T11:02:00Z,37
1926760,West,BATHINDA,RAILWAY ROAD,Unplanned,Closed,2026-09-06T10:25:00Z,2026-09-06T11:07:00Z,42
1926756,North,JALANDHAR,RAJOWAL,Unplanned,Closed,2026-09-06T10:25:00Z,2026-09-06T10:45:00Z,20
1926752,Central,CITY WEST LUDHIANA,DABA ROAD FEEDER,Unplanned,Closed,2026-09-06T10:24:54Z,2026-09-06T12:33:00Z,128
1926754,Central,CITY WEST LUDHIANA,G.T.B.,Planned,Closed,2026-09-06T10:24:22Z,2026-09-06T11:30:23Z,66
1926751,West,MUKATSAR,11 KV KIKKER KHERA,Unplanned,Closed,2026-09-06T10:23:17Z,2026-09-06T10:45:57Z,22
1926750,West,MUKATSAR,11 KV Alamgarh,Unplanned,Closed,2026-09-06T10:23:00Z,2026-09-06T10:45:25Z,22
1926753,North,JALANDHAR,11KV CHANDAN NAGAR,Unplanned,Closed,2026-09-06T10:22:58Z,2026-09-06T12:20:30Z,117
1926771,West,BATHINDA,GOLEWALA,Unplanned,Closed,2026-09-06T10:22:00Z,2026-09-06T11:17:00Z,55
1926770,West,BATHINDA,Tamkot,Unplanned,Closed,2026-09-06T10:17:00Z,2026-09-06T11:49:00Z,92
1926748,North,NAWANSHAHR,Chandigarh Road,Unplanned,Closed,2026-09-06T10:15:00Z,2026-09-06T11:50:00Z,95
1926743,West,FEROZPUR,AMAR TAKIS,Unplanned,Closed,2026-09-06T10:15:00Z,2026-09-06T11:33:00Z,78
1926742,Central,CITY WEST LUDHIANA,BAROTA ROAD,Unplanned,Closed,2026-09-06T10:14:07Z,2026-09-06T11:00:06Z,45
1926749,South,SANGRUR,CITY-8,Unplanned,Closed,2026-09-06T10:13:00Z,2026-09-06T11:20:00Z,67
1926744,West,BATHINDA,BABA FARID NAGAR,Planned,Closed,2026-09-06T10:12:00Z,2026-09-06T13:50:00Z,218
1926746,North,KAPURTHALA,UPS MURIWAL,Unplanned,Closed,2026-09-06T10:11:00Z,2026-09-06T11:30:00Z,79
1926745,North,KAPURTHALA,UPS Badli Adda,Unplanned,Closed,2026-09-06T10:11:00Z,2026-09-06T10:40:00Z,29
1926741,South,SANGRUR,11 KV RAM NAGAR URBAN,Unplanned,Closed,2026-09-06T10:10:00Z,2026-09-06T12:04:00Z,114
1926740,North,HOSHIARPUR,DHOOT KALAN,Unplanned,Closed,2026-09-06T10:05:00Z,2026-09-06T10:50:00Z,45
1926738,South,SANGRUR,11 KV New Grain Markit,Unplanned,Closed,2026-09-06T10:05:00Z,2026-09-06T11:00:00Z,55
1926737,South,SANGRUR,11 KV MAYA GARDEN,Unplanned,Closed,2026-09-06T10:05:00Z,2026-09-06T10:55:00Z,50
1926736,West,FEROZPUR,Amritsari Gate,Unplanned,Closed,2026-09-06T10:05:00Z,2026-09-06T10:18:00Z,13
1926730,East,Zirakpur,WATER WORKS HANDESRA,Unplanned,Closed,2026-09-06T10:03:00Z,2026-09-06T11:00:00Z,57
1926731,North,JALANDHAR,GAZZI GULLA,Unplanned,Closed,2026-09-06T10:01:04Z,2026-09-06T10:51:29Z,50
1926773,Border,SUB URBAN AMRITSAR,PUTLIGHAR,Unplanned,Closed,2026-09-06T10:00:00Z,2026-09-06T11:14:00Z,74
1926769,West,BATHINDA,Chehlawala,Unplanned,Closed,2026-09-06T10:00:00Z,2026-09-06T10:50:00Z,50
1926768,West,BATHINDA,Sooch UPS,Unplanned,Closed,2026-09-06T10:00:00Z,2026-09-06T10:40:00Z,40
1926739,South,PATIALA,JAMITGARH UPS,Unplanned,Closed,2026-09-06T10:00:00Z,2026-09-06T11:30:00Z,90
1926700,North,JALANDHAR,BASTI PEER DAD,Planned,Closed,2026-09-06T10:00:00Z,2026-09-06T13:00:00Z,180
1926484,Border,GURDASPUR,Irrigation,Planned,Closed,2026-09-06T10:00:00Z,2026-09-06T17:07:00Z,427
1926483,Border,GURDASPUR,MES Madhopur,Planned,Closed,2026-09-06T10:00:00Z,2026-09-06T17:07:00Z,427
1926091,South,SANGRUR,Chhajli road,Planned,Closed,2026-09-06T10:00:00Z,2026-09-06T13:26:00Z,206
1926081,Central,CITY WEST LUDHIANA,SOMAL PIPE,Planned,Closed,2026-09-06T10:00:00Z,2026-09-06T14:30:00Z,270
1926729,East,ROPAR,SRAIN,Unplanned,Closed,2026-09-06T09:57:00Z,2026-09-06T10:23:00Z,26
1926747,Border,CITY AMRITSAR,11 KV Beri gate,Unplanned,Closed,2026-09-06T09:50:00Z,2026-09-06T12:10:00Z,140
1926735,North,JALANDHAR,RAIWAY WORKSHOP,Unplanned,Closed,2026-09-06T09:50:00Z,2026-09-06T10:15:00Z,25
1926734,North,JALANDHAR,RAMA MANDI,Unplanned,Closed,2026-09-06T09:50:00Z,2026-09-06T10:15:00Z,25
1926733,North,JALANDHAR,PROFFESSER COLONY,Unplanned,Closed,2026-09-06T09:50:00Z,2026-09-06T10:15:00Z,25
1926732,North,JALANDHAR,DHANOWALI,Unplanned,Closed,2026-09-06T09:50:00Z,2026-09-06T10:15:00Z,25
1926727,North,HOSHIARPUR,PEALAN,Unplanned,Closed,2026-09-06T09:50:00Z,2026-09-06T10:54:00Z,64
1926726,South,SANGRUR,11 KV SHERON CITY,Unplanned,Closed,2026-09-06T09:50:00Z,2026-09-06T10:12:00Z,22
1926723,East,ROPAR,Jain feeder,Unplanned,Closed,2026-09-06T09:50:00Z,2026-09-06T10:58:00Z,68
1926719,Central,CITY EAST LUDHIANA,BASTI FEEDER,Unplanned,Closed,2026-09-06T09:50:00Z,2026-09-06T10:25:00Z,35
1926718,West,MUKATSAR,Fatehgarh,Unplanned,Closed,2026-09-06T09:43:56Z,2026-09-06T10:05:26Z,21
1926717,South,SANGRUR,11 KV SATOJ URBAN,Planned,Closed,2026-09-06T09:42:43Z,2026-09-06T11:35:53Z,113
1926728,North,JALANDHAR,Urban Rural no 2,Unplanned,Closed,2026-09-06T09:40:00Z,2026-09-06T10:20:00Z,40
1926725,Border,GURDASPUR,Maira,Unplanned,Closed,2026-09-06T09:40:00Z,2026-09-06T10:10:00Z,30
1926724,Border,GURDASPUR,Ranipur,Unplanned,Closed,2026-09-06T09:40:00Z,2026-09-06T10:35:00Z,55
1926722,Border,GURDASPUR,Pangoli,Unplanned,Closed,2026-09-06T09:40:00Z,2026-09-06T11:33:00Z,113
1926720,South,BARNALA,RAMGARH UPS,Unplanned,Closed,2026-09-06T09:40:00Z,2026-09-06T10:26:00Z,46
1926716,North,NAWANSHAHR,PANDRAWAL,Unplanned,Closed,2026-09-06T09:35:00Z,2026-09-06T10:30:00Z,55
1926713,North,HOSHIARPUR,BADLA,Unplanned,Closed,2026-09-06T09:34:00Z,2026-09-06T10:12:00Z,38
1926709,West,FARIDKOT,CITY MOGA,Unplanned,Closed,2026-09-06T09:32:05Z,2026-09-06T09:56:37Z,24
1926708,West,BATHINDA,Bangi Ruldu,Unplanned,Closed,2026-09-06T09:31:00Z,2026-09-06T09:45:00Z,14
1926721,North,HOSHIARPUR,11kv Chanour UPS,Unplanned,Closed,2026-09-06T09:25:00Z,2026-09-06T11:15:00Z,110
1926710,South,BARNALA,Tapa-II,Unplanned,Closed,2026-09-06T09:25:00Z,2026-09-06T12:25:00Z,180
1926705,North,JALANDHAR,URBAN RURAL,Unplanned,Closed,2026-09-06T09:25:00Z,2026-09-06T09:55:00Z,30
1926707,West,BATHINDA,GILL,Unplanned,Closed,2026-09-06T09:24:00Z,2026-09-06T10:00:00Z,36
1926701,West,BATHINDA,STATION WALA,Unplanned,Closed,2026-09-06T09:23:43Z,2026-09-06T11:22:00Z,118
1926712,West,MUKATSAR,INDRA NAGRI,Unplanned,Closed,2026-09-06T09:22:00Z,2026-09-06T10:04:40Z,42
1926699,West,BATHINDA,KOT GURU,Unplanned,Closed,2026-09-06T09:21:56Z,2026-09-06T10:09:14Z,47
1926703,North,KAPURTHALA,UPS Sangowal Bet,Unplanned,Closed,2026-09-06T09:20:00Z,2026-09-06T09:50:00Z,30
1926702,Border,SUB URBAN AMRITSAR,Kot khalsa,Unplanned,Closed,2026-09-06T09:20:00Z,2026-09-06T09:30:00Z,10
1926698,North,HOSHIARPUR,UPS katrala,Unplanned,Closed,2026-09-06T09:20:00Z,2026-09-06T09:48:00Z,28
1926697,Border,GURDASPUR,11 K.V UPS Balwanda,Unplanned,Closed,2026-09-06T09:18:00Z,2026-09-06T10:33:00Z,75
1926695,North,HOSHIARPUR,Mirpur,Unplanned,Closed,2026-09-06T09:18:00Z,2026-09-06T09:36:00Z,18
1926706,East,ROPAR,Jawahar market,Unplanned,Closed,2026-09-06T09:17:00Z,2026-09-06T11:29:00Z,132
1926694,North,HOSHIARPUR,GHOGRA,Unplanned,Closed,2026-09-06T09:17:00Z,2026-09-06T09:59:00Z,42
1926711,East,MOHALI,11 KV Masol,Unplanned,Closed,2026-09-06T09:15:00Z,2026-09-06T10:14:00Z,59
1926704,Border,GURDASPUR,Chhaurian,Unplanned,Closed,2026-09-06T09:15:00Z,2026-09-06T10:25:00Z,70
1926693,North,JALANDHAR,RAJOWAL,Unplanned,Closed,2026-09-06T09:10:00Z,2026-09-06T09:35:00Z,25
1926692,West,BATHINDA,DEPTU,Unplanned,Closed,2026-09-06T09:06:00Z,2026-09-06T10:40:00Z,94
1926689,Border,TARN TARAN,GANDIWIND 24 HRS SUPPLY,Unplanned,Closed,2026-09-06T09:05:00Z,2026-09-06T10:40:00Z,95
1926687,North,HOSHIARPUR,11KV Dagan UPS,Unplanned,Closed,2026-09-06T09:05:00Z,2026-09-06T09:35:00Z,30
1926686,North,HOSHIARPUR,11 kv Mansoorpur,Unplanned,Closed,2026-09-06T09:05:00Z,2026-09-06T09:40:00Z,35
1926685,North,HOSHIARPUR,NANGAL BIHALAN,Unplanned,Closed,2026-09-06T09:05:00Z,2026-09-06T09:35:00Z,30
1926683,North,HOSHIARPUR,11KV UPS TERKIANA,Unplanned,Closed,2026-09-06T09:05:00Z,2026-09-06T09:40:00Z,35
1926671,Border,CITY AMRITSAR,Tilak Nagar,Unplanned,Closed,2026-09-06T09:02:51Z,2026-09-06T09:46:36Z,43
1926691,North,KAPURTHALA,UPS Saidowal,Unplanned,Closed,2026-09-06T09:00:00Z,2026-09-06T09:10:00Z,10
1926673,West,BATHINDA,Mian,Unplanned,Closed,2026-09-06T09:00:00Z,2026-09-06T10:17:01Z,77
1926672,West,BATHINDA,BAHO (UPS),Unplanned,Closed,2026-09-06T09:00:00Z,2026-09-06T09:36:23Z,36
1925853,Central,CITY WEST LUDHIANA,Rider Export,Planned,Closed,2026-09-06T09:00:00Z,2026-09-06T13:00:00Z,240
1925852,Central,CITY WEST LUDHIANA,BABA MUKAND SINGH,Planned,Closed,2026-09-06T09:00:00Z,2026-09-06T13:00:00Z,240
1925851,Central,CITY WEST LUDHIANA,Hargobind Nagar,Planned,Closed,2026-09-06T09:00:00Z,2026-09-06T13:00:00Z,240
1925850,Central,CITY WEST LUDHIANA,Gurpal Nagar,Planned,Closed,2026-09-06T09:00:00Z,2026-09-06T13:00:00Z,240
1925848,Central,CITY WEST LUDHIANA,KABIR NAGAR,Planned,Closed,2026-09-06T09:00:00Z,2026-09-06T13:00:00Z,240
1926670,North,JALANDHAR,11KV GANDHI CAMP,Unplanned,Closed,2026-09-06T08:58:30Z,2026-09-06T09:51:46Z,53
1926680,North,HOSHIARPUR,11Kv Bebhalmanj UPS,Unplanned,Closed,2026-09-06T08:58:00Z,2026-09-06T09:15:00Z,17
1926679,North,HOSHIARPUR,Rajpur Ups,Unplanned,Closed,2026-09-06T08:58:00Z,2026-09-06T09:15:00Z,17
1926678,North,HOSHIARPUR,PALAKI,Unplanned,Closed,2026-09-06T08:58:00Z,2026-09-06T09:15:00Z,17
1926677,North,HOSHIARPUR,11kV Jandwal UPS,Unplanned,Closed,2026-09-06T08:58:00Z,2026-09-06T09:15:00Z,17
1926676,North,HOSHIARPUR,MANJPUR,Unplanned,Closed,2026-09-06T08:58:00Z,2026-09-06T09:15:00Z,17
1926675,North,HOSHIARPUR,11Kv Mushabpur UPS,Unplanned,Closed,2026-09-06T08:58:00Z,2026-09-06T09:15:00Z,17
1926674,North,JALANDHAR,11KVMARKFEED FEEDER,Unplanned,Closed,2026-09-06T08:55:00Z,2026-09-06T10:05:00Z,70
1926669,North,HOSHIARPUR,HANDHWAL UPS,Unplanned,Closed,2026-09-06T08:55:00Z,2026-09-06T09:45:00Z,50
1926668,North,HOSHIARPUR,KHIZARPUR,Unplanned,Closed,2026-09-06T08:55:00Z,2026-09-06T09:42:00Z,47
1926667,North,HOSHIARPUR,MHP2,Unplanned,Closed,2026-09-06T08:55:00Z,2026-09-06T09:47:00Z,52
1926666,North,HOSHIARPUR,SAWAR,Unplanned,Closed,2026-09-06T08:55:00Z,2026-09-06T09:46:00Z,51
1926665,North,HOSHIARPUR,HAJIPUR,Unplanned,Closed,2026-09-06T08:55:00Z,2026-09-06T09:42:00Z,47
1926664,North,HOSHIARPUR,WAZIRAN,Unplanned,Closed,2026-09-06T08:55:00Z,2026-09-06T09:40:00Z,45
1926659,West,MUKATSAR,Badal,Unplanned,Closed,2026-09-06T08:51:00Z,2026-09-06T09:27:00Z,36
1926684,Border,GURDASPUR,Miltary Hospital,Unplanned,Closed,2026-09-06T08:50:00Z,2026-09-06T09:40:00Z,50
1926663,North,HOSHIARPUR,11kv Chanour UPS,Unplanned,Closed,2026-09-06T08:50:00Z,2026-09-06T09:24:00Z,34
1926662,North,HOSHIARPUR,BUDHABAR,Unplanned,Closed,2026-09-06T08:50:00Z,2026-09-06T10:10:00Z,80
1926661,North,HOSHIARPUR,PANKHUH,Unplanned,Closed,2026-09-06T08:50:00Z,2026-09-06T10:10:00Z,80
1926696,Border,GURDASPUR,24Hrs MALO GILL,Unplanned,Closed,2026-09-06T08:45:00Z,2026-09-06T10:40:00Z,115
1926690,North,HOSHIARPUR,Puda Colony,Unplanned,Closed,2026-09-06T08:45:00Z,2026-09-06T10:35:00Z,110
1926658,Border,GURDASPUR,Withwan,Unplanned,Closed,2026-09-06T08:45:00Z,2026-09-06T09:35:00Z,50
1926654,North,NAWANSHAHR,BIRAMPUR,Unplanned,Closed,2026-09-06T08:44:00Z,2026-09-06T09:30:00Z,46
1926651,Border,CITY AMRITSAR,KHOO BHALLA,Unplanned,Closed,2026-09-06T08:43:59Z,2026-09-06T10:13:54Z,89
1926656,West,FARIDKOT,11 KV NIHAL SINGH WALA CAT-01,Unplanned,Closed,2026-09-06T08:42:00Z,2026-09-06T10:10:00Z,88
1926682,West,BATHINDA,INDUSTRIES,Unplanned,Closed,2026-09-06T08:40:00Z,2026-09-06T10:30:00Z,110
1926681,West,BATHINDA,INDUSTRIAL,Unplanned,Closed,2026-09-06T08:40:00Z,2026-09-06T10:25:00Z,105
1926657,Border,GURDASPUR,Rattangarh,Unplanned,Closed,2026-09-06T08:40:00Z,2026-09-06T10:10:00Z,90
1926655,West,BATHINDA,GONIANA MANDI,Unplanned,Closed,2026-09-06T08:40:00Z,2026-09-06T09:48:00Z,68
1926653,West,MUKATSAR,Salemshah UPS,Unplanned,Closed,2026-09-06T08:40:00Z,2026-09-06T09:11:57Z,31
1926652,West,FEROZPUR,BSF,Unplanned,Closed,2026-09-06T08:40:00Z,2026-09-06T10:30:00Z,110
1926650,West,FARIDKOT,11KV PATTO HAIR SINGH  UPS,Unplanned,Closed,2026-09-06T08:40:00Z,2026-09-06T10:28:00Z,108
1926646,Central,CITY WEST LUDHIANA,GILL ROAD FEEDER,Unplanned,Closed,2026-09-06T08:37:00Z,2026-09-06T09:06:04Z,29
1926648,Border,GURDASPUR,HOSPITAL,Unplanned,Closed,2026-09-06T08:35:00Z,2026-09-06T09:10:00Z,35
1926645,North,HOSHIARPUR,UPS katrala,Unplanned,Closed,2026-09-06T08:35:00Z,2026-09-06T09:15:00Z,40
1926660,West,FARIDKOT,Bhagtuana UPS,Unplanned,Closed,2026-09-06T08:30:47Z,2026-09-06T09:15:33Z,44
1926688,Central,CITY EAST LUDHIANA,11 KV MAYA PURI,Unplanned,Closed,2026-09-06T08:30:00Z,2026-09-06T09:21:00Z,51
1926649,West,MUKATSAR,pathrala Urban,Unplanned,Closed,2026-09-06T08:30:00Z,2026-09-06T09:05:00Z,35
1926643,North,HOSHIARPUR,11KV SATOWALI,Unplanned,Closed,2026-09-06T08:30:00Z,2026-09-06T08:55:00Z,25
1926642,West,FEROZPUR,Shehzadi,Unplanned,Closed,2026-09-06T08:25:00Z,2026-09-06T09:30:00Z,65
1926641,West,FEROZPUR,Katora (UPS),Unplanned,Closed,2026-09-06T08:25:00Z,2026-09-06T08:40:00Z,15
1926640,West,FEROZPUR,Noor pur Sethan,Unplanned,Closed,2026-09-06T08:25:00Z,2026-09-06T09:10:00Z,45
1926644,West,BATHINDA,DUBWALI ROAD,Unplanned,Closed,2026-09-06T08:21:00Z,2026-09-06T09:42:46Z,81
1926637,West,MUKATSAR,11 KV Chirag dhani,Unplanned,Closed,2026-09-06T08:20:57Z,2026-09-06T09:16:01Z,55
1926639,West,MUKATSAR,11 KV Azimgarh Urban,Unplanned,Closed,2026-09-06T08:20:00Z,2026-09-06T09:28:00Z,68
1926638,West,FEROZPUR,AMAR TAKIS,Unplanned,Closed,2026-09-06T08:20:00Z,2026-09-06T10:09:00Z,109
1926635,West,MUKATSAR,11 KV Punjava Model,Unplanned,Closed,2026-09-06T08:15:00Z,2026-09-06T09:05:12Z,50
1926632,North,HOSHIARPUR,SOTLA,Unplanned,Closed,2026-09-06T08:08:00Z,2026-09-06T08:54:00Z,46
1926630,Central,CITY WEST LUDHIANA,MERADO FEEDER,Unplanned,Closed,2026-09-06T08:06:23Z,2026-09-06T09:09:22Z,62
1926633,East,ROPAR,COLD STORE,Unplanned,Closed,2026-09-06T08:00:00Z,2026-09-06T08:51:00Z,51
1925960,South,BARNALA,Dasonda Singh wala CAT-1,Planned,Closed,2026-09-06T08:00:00Z,2026-09-06T11:30:00Z,210
1926624,West,FARIDKOT,11KV MODREN JAIL,Unplanned,Closed,2026-09-06T07:59:40Z,2026-09-06T08:45:00Z,45
1926623,West,FARIDKOT,11KV GREEN AVENUE,Unplanned,Closed,2026-09-06T07:59:40Z,2026-09-06T09:56:00Z,116
1926647,West,FARIDKOT,FEROZPUR ROAD,Unplanned,Closed,2026-09-06T07:59:00Z,2026-09-06T08:57:00Z,58
1926634,West,MUKATSAR,11 KV PUNJAB AGRO,Unplanned,Closed,2026-09-06T07:59:00Z,2026-09-06T09:25:12Z,86
1926618,Central,CITY WEST LUDHIANA,SATSANG GHAR,Unplanned,Closed,2026-09-06T07:55:13Z,2026-09-06T08:38:37Z,43
1926775,Border,SUB URBAN AMRITSAR,Urban-3,Unplanned,Closed,2026-09-06T07:55:00Z,2026-09-06T09:15:00Z,80
1926629,North,NAWANSHAHR,PARAGPUR,Unplanned,Closed,2026-09-06T07:55:00Z,2026-09-06T08:32:00Z,37
1926636,West,FARIDKOT,11 KV INDUSTRY,Unplanned,Closed,2026-09-06T07:50:00Z,2026-09-06T09:40:00Z,110
1926599,West,MUKATSAR,Salemshah UPS,Unplanned,Closed,2026-09-06T07:48:56Z,2026-09-06T08:23:04Z,34
1926598,West,MUKATSAR,Malout Road,Unplanned,Closed,2026-09-06T07:48:56Z,2026-09-06T07:59:24Z,10
1926610,West,MUKATSAR,INDRA NAGRI,Unplanned,Closed,2026-09-06T07:48:00Z,2026-09-06T08:10:00Z,22
1926609,West,MUKATSAR,KRISHNA NAGRI,Unplanned,Closed,2026-09-06T07:48:00Z,2026-09-06T08:10:00Z,22
1926608,West,MUKATSAR,11 KV Circular Road,Unplanned,Closed,2026-09-06T07:48:00Z,2026-09-06T08:10:00Z,22
1926606,West,MUKATSAR,11 KV RIDHI SIDHI URBAN,Unplanned,Closed,2026-09-06T07:48:00Z,2026-09-06T08:10:00Z,22
1926605,West,MUKATSAR,11 KV SIDHU NAGRI,Unplanned,Closed,2026-09-06T07:48:00Z,2026-09-06T08:10:00Z,22
1926604,West,MUKATSAR,11 KV Alamgarh,Unplanned,Closed,2026-09-06T07:48:00Z,2026-09-06T08:10:00Z,22
1926603,West,MUKATSAR,11 KV TARA ESTATE,Unplanned,Closed,2026-09-06T07:48:00Z,2026-09-06T08:10:00Z,22
1926602,West,MUKATSAR,11 KV GANGA NAGAR ROAD,Unplanned,Closed,2026-09-06T07:48:00Z,2026-09-06T08:10:00Z,22
1926601,West,MUKATSAR,11 KV KANDHWALA Road Urban,Unplanned,Closed,2026-09-06T07:48:00Z,2026-09-06T08:10:00Z,22
1926600,West,MUKATSAR,11 KV NAI ABADI,Unplanned,Closed,2026-09-06T07:48:00Z,2026-09-06T08:10:00Z,22
1926615,West,MUKATSAR,Dhani Sucha Singh (Old Chakra),Unplanned,Closed,2026-09-06T07:46:00Z,2026-09-06T08:13:00Z,27
1926614,West,MUKATSAR,11 KV Dhani Bisehesarnath,Unplanned,Closed,2026-09-06T07:46:00Z,2026-09-06T08:13:00Z,27
1926613,West,MUKATSAR,11 KV Azimgarh Urban,Unplanned,Closed,2026-09-06T07:46:00Z,2026-09-06T08:13:00Z,27
1926612,West,MUKATSAR,11 KV BALA JI DHAM,Unplanned,Closed,2026-09-06T07:46:00Z,2026-09-06T08:13:00Z,27
1926611,West,MUKATSAR,11 KV South Avenue,Unplanned,Closed,2026-09-06T07:46:00Z,2026-09-06T08:13:00Z,27
1926607,East,MOHALI,11 KV GIDDARPUR AP,Unplanned,Closed,2026-09-06T07:46:00Z,2026-09-06T08:11:19Z,25
1926621,West,MUKATSAR,11 KV Raipura,Unplanned,Closed,2026-09-06T07:45:00Z,2026-09-06T08:20:00Z,35
1926620,West,MUKATSAR,11 KV Dhaban Kokrian,Unplanned,Closed,2026-09-06T07:45:00Z,2026-09-06T08:20:00Z,35
1926619,West,MUKATSAR,11 KV Malookpura UPS,Unplanned,Closed,2026-09-06T07:45:00Z,2026-09-06T08:20:00Z,35
1926616,Border,TARN TARAN,BOHRU UPS,Unplanned,Closed,2026-09-06T07:45:00Z,2026-09-06T08:30:00Z,45
1926597,West,FEROZPUR,INDUSTRIAL,Unplanned,Closed,2026-09-06T07:45:00Z,2026-09-06T09:40:00Z,115
1926622,South,SANGRUR,11 KV LONGOWAL URBAN,Unplanned,Closed,2026-09-06T07:43:00Z,2026-09-06T08:40:00Z,57
1926589,North,JALANDHAR,11KV GANDHI CAMP,Unplanned,Closed,2026-09-06T07:42:08Z,2026-09-06T08:15:29Z,33
1926596,West,MUKATSAR,11 KV Ganganagar Road,Unplanned,Closed,2026-09-06T07:42:00Z,2026-09-06T08:02:00Z,20
1926595,West,MUKATSAR,11 KV Punjava Model,Unplanned,Closed,2026-09-06T07:42:00Z,2026-09-06T08:02:00Z,20
1926594,West,MUKATSAR,JANDWALA HANUWANTA,Unplanned,Closed,2026-09-06T07:42:00Z,2026-09-06T08:02:00Z,20
1926593,West,MUKATSAR,11 KALLER KHERA,Unplanned,Closed,2026-09-06T07:42:00Z,2026-09-06T08:02:00Z,20
1926592,South,PATIALA,Moderen City,Unplanned,Closed,2026-09-06T07:40:25Z,2026-09-06T09:03:00Z,82
1926590,West,FARIDKOT,DHILWAN,Unplanned,Closed,2026-09-06T07:40:00Z,2026-09-06T08:45:00Z,65
1926588,North,JALANDHAR,11 KV Lal Kurti Feeder,Unplanned,Closed,2026-09-06T07:40:00Z,2026-09-06T08:20:00Z,40
1926627,South,PATIALA,Kartarpura,Unplanned,Closed,2026-09-06T07:35:00Z,2026-09-06T11:00:00Z,205
1926585,Border,CITY AMRITSAR,BHAI MANJ ROAD,Unplanned,Closed,2026-09-06T07:35:00Z,2026-09-06T08:45:25Z,70
1926581,North,NAWANSHAHR,PAILY,Unplanned,Closed,2026-09-06T07:35:00Z,2026-09-06T07:58:00Z,23
1926617,West,MUKATSAR,11 KV PUDA COlONY,Unplanned,Closed,2026-09-06T07:32:00Z,2026-09-06T07:33:00Z,1
1926591,West,MUKATSAR,11 KV SAIDANWALI,Unplanned,Closed,2026-09-06T07:32:00Z,2026-09-06T09:28:00Z,116
1926579,North,NAWANSHAHR,SAHIBA,Unplanned,Closed,2026-09-06T07:32:00Z,2026-09-06T07:52:00Z,20
1926578,North,NAWANSHAHR,THOPIA,Unplanned,Closed,2026-09-06T07:32:00Z,2026-09-06T07:50:00Z,18
1926587,West,MUKATSAR,11 KV GADDAN DOB,Unplanned,Closed,2026-09-06T07:30:00Z,2026-09-06T08:06:00Z,36
1926586,West,MUKATSAR,11 KV TAJA PATTI,Unplanned,Closed,2026-09-06T07:30:00Z,2026-09-06T08:06:00Z,36
1926584,West,MUKATSAR,11 KV RATTA TIBBA,Unplanned,Closed,2026-09-06T07:30:00Z,2026-09-06T08:06:00Z,36
1926576,Border,SUB URBAN AMRITSAR,DIAMOND AVENUE,Unplanned,Closed,2026-09-06T07:28:00Z,2026-09-06T07:47:00Z,19
1926575,Border,SUB URBAN AMRITSAR,BABA SHRI CHAND AVNUE,Unplanned,Closed,2026-09-06T07:28:00Z,2026-09-06T09:47:00Z,139
1926573,North,HOSHIARPUR,KHANPUR,Unplanned,Closed,2026-09-06T07:23:00Z,2026-09-06T07:50:00Z,27
1926570,West,FARIDKOT,JAITO CITY,Planned,Closed,2026-09-06T07:20:50Z,2026-09-06T08:25:05Z,64
1926631,Border,GURDASPUR,Gorsiya,Unplanned,Closed,2026-09-06T07:20:00Z,2026-09-06T09:02:00Z,102
1926577,North,JALANDHAR,VIP,Unplanned,Closed,2026-09-06T07:20:00Z,2026-09-06T08:10:00Z,50
1926574,Border,TARN TARAN,NAUSHEHRA PANNUN URBAN,Unplanned,Closed,2026-09-06T07:15:00Z,2026-09-06T08:20:00Z,65
1926571,North,NAWANSHAHR,ALLOWAL,Unplanned,Closed,2026-09-06T07:15:00Z,2026-09-06T07:45:00Z,30
1926582,West,MUKATSAR,11 KV Patrewala,Unplanned,Closed,2026-09-06T07:10:00Z,2026-09-06T07:55:00Z,45
1926572,Border,TARN TARAN,Sarhali Road,Unplanned,Closed,2026-09-06T07:10:00Z,2026-09-06T07:30:00Z,20
1926558,Border,CITY AMRITSAR,JOSHI COLONY,Unplanned,Closed,2026-09-06T07:09:05Z,2026-09-06T08:48:09Z,99
1926583,East,MOHALI,11KV Sec-105,Unplanned,Closed,2026-09-06T07:07:00Z,2026-09-06T08:40:38Z,93
1926568,Border,TARN TARAN,Behla ups,Unplanned,Closed,2026-09-06T07:05:00Z,2026-09-06T08:02:00Z,57
1926564,Border,TARN TARAN,Fatehabad Urban .,Unplanned,Closed,2026-09-06T07:05:00Z,2026-09-06T07:45:00Z,40
1926560,North,JALANDHAR,NEW MODEL TOWN,Unplanned,Closed,2026-09-06T07:04:00Z,2026-09-06T08:03:00Z,59
1926562,North,KAPURTHALA,URBAN Malsian,Unplanned,Closed,2026-09-06T07:00:00Z,2026-09-06T07:30:00Z,30
1926554,South,PATIALA,URBAN GHALORI,Unplanned,Closed,2026-09-06T07:00:00Z,2026-09-06T08:32:00Z,92
1926548,Border,CITY AMRITSAR,11kV Islamabad Link,Unplanned,Closed,2026-09-06T06:54:52Z,2026-09-06T08:00:47Z,65
1926547,Border,CITY AMRITSAR,CIRCULAR ROAD,Unplanned,Closed,2026-09-06T06:54:52Z,2026-09-06T08:46:05Z,111
1926550,Border,SUB URBAN AMRITSAR,Bhalla Colony,Unplanned,Closed,2026-09-06T06:50:16Z,2026-09-06T07:30:05Z,39
1926567,West,FEROZPUR,CANTT FEEDER,Unplanned,Closed,2026-09-06T06:50:00Z,2026-09-06T08:16:00Z,86
1926566,West,FEROZPUR,COURT FEEDER,Unplanned,Closed,2026-09-06T06:50:00Z,2026-09-06T08:16:00Z,86
1926565,West,FEROZPUR,AMAR TAKIS,Unplanned,Closed,2026-09-06T06:50:00Z,2026-09-06T08:19:00Z,89
1926563,West,FEROZPUR,Amritsari Gate,Unplanned,Closed,2026-09-06T06:50:00Z,2026-09-06T07:43:00Z,53
1926557,Border,SUB URBAN AMRITSAR,U P S Iban,Unplanned,Closed,2026-09-06T06:50:00Z,2026-09-06T08:40:00Z,110
1926556,Border,SUB URBAN AMRITSAR,UPS Chattiwind,Unplanned,Closed,2026-09-06T06:50:00Z,2026-09-06T08:40:00Z,110
1926552,Border,SUB URBAN AMRITSAR,City-II,Unplanned,Closed,2026-09-06T06:50:00Z,2026-09-06T07:40:00Z,50
1926549,Border,TARN TARAN,Baba Bhuda Sahib,Unplanned,Closed,2026-09-06T06:50:00Z,2026-09-06T08:30:00Z,100
1926569,South,BARNALA,UPS SANDOUR,Unplanned,Closed,2026-09-06T06:45:00Z,2026-09-06T10:30:00Z,225
1926580,Central,SUB URBAN LUDHIANA,CITY-5,Unplanned,Closed,2026-09-06T06:40:00Z,2026-09-06T07:25:00Z,45
1926555,Border,SUB URBAN AMRITSAR,Mollechak,Unplanned,Closed,2026-09-06T06:40:00Z,2026-09-06T08:35:00Z,115
1926551,Border,TARN TARAN,CITY 1,Unplanned,Closed,2026-09-06T06:40:00Z,2026-09-06T07:30:00Z,50
1926559,Border,SUB URBAN AMRITSAR,MILK PLANT,Unplanned,Closed,2026-09-06T06:35:00Z,2026-09-06T07:25:00Z,50
1926536,Border,SUB URBAN AMRITSAR,88 feet road,Unplanned,Closed,2026-09-06T06:35:00Z,2026-09-06T07:05:00Z,30
1926537,Border,SUB URBAN AMRITSAR,Mahabir,Unplanned,Closed,2026-09-06T06:34:32Z,2026-09-06T07:20:00Z,45
1926546,Border,SUB URBAN AMRITSAR,GURU NANAKPURA,Unplanned,Closed,2026-09-06T06:30:00Z,2026-09-06T07:40:00Z,70
1926535,Border,CITY AMRITSAR,11 KV Bhathian,Unplanned,Closed,2026-09-06T06:30:00Z,2026-09-06T07:20:00Z,50
1926544,Border,CITY AMRITSAR,11 kv shaheed udam singh nagar,Planned,Closed,2026-09-06T06:28:17Z,2026-09-06T06:58:06Z,29
1926543,Border,CITY AMRITSAR,11 kv B.D.S FEEDER,Planned,Closed,2026-09-06T06:28:17Z,2026-09-06T06:58:45Z,30
1926542,Border,CITY AMRITSAR,BIBI KAULAN JI,Planned,Closed,2026-09-06T06:28:17Z,2026-09-06T06:58:17Z,30
1926541,Border,CITY AMRITSAR,GURNAM NAGAR,Planned,Closed,2026-09-06T06:28:17Z,2026-09-06T06:58:17Z,30
1926540,Border,CITY AMRITSAR,BHAI MANJ ROAD,Planned,Closed,2026-09-06T06:28:17Z,2026-09-06T06:58:17Z,30
1926539,Border,CITY AMRITSAR,Guru Arjan Dev nagar,Planned,Closed,2026-09-06T06:28:17Z,2026-09-06T06:58:17Z,30
1926538,Border,CITY AMRITSAR,Friends Colony,Planned,Closed,2026-09-06T06:28:17Z,2026-09-06T06:58:22Z,30
1926561,Border,SUB URBAN AMRITSAR,A.S.FARM,Unplanned,Closed,2026-09-06T06:25:00Z,2026-09-06T12:40:00Z,375
1926534,Border,SUB URBAN AMRITSAR,BSF HEAD QUARTER,Unplanned,Closed,2026-09-06T06:22:13Z,2026-09-06T08:10:00Z,107
1926533,Border,TARN TARAN,24 HRS UPS,Unplanned,Closed,2026-09-06T06:20:00Z,2026-09-06T08:45:00Z,145
1926531,North,HOSHIARPUR,MASTIWAL,Unplanned,Closed,2026-09-06T06:13:00Z,2026-09-06T06:22:00Z,9
1926532,North,HOSHIARPUR,NANGAL BIHALAN,Unplanned,Closed,2026-09-06T06:10:00Z,2026-09-06T06:35:00Z,25
1926545,East,ROPAR,MUNDIAN,Unplanned,Closed,2026-09-06T06:05:00Z,2026-09-06T07:05:00Z,60
1926553,South,BARNALA,MEHAL KHURAD UPS,Unplanned,Closed,2026-09-06T06:04:00Z,2026-09-06T07:30:00Z,86
1926498,North,JALANDHAR,PPR Mall,Planned,Closed,2026-09-06T06:00:21Z,2026-09-06T08:00:21Z,120
1926497,North,JALANDHAR,MOTA SINGH NAGAR,Planned,Closed,2026-09-06T06:00:21Z,2026-09-06T08:00:21Z,120
1926496,North,JALANDHAR,11KV Royal Residency,Planned,Closed,2026-09-06T06:00:21Z,2026-09-06T08:00:21Z,120
1926495,North,JALANDHAR,11KV Baba Makhan Shah Lubana,Planned,Closed,2026-09-06T06:00:21Z,2026-09-06T08:00:21Z,120
1926494,North,JALANDHAR,11 KV Curo Mall,Planned,Closed,2026-09-06T06:00:21Z,2026-09-06T08:00:21Z,120
1926493,North,JALANDHAR,11KV Mithapur Feeder,Planned,Closed,2026-09-06T06:00:21Z,2026-09-06T08:00:21Z,120
1926492,North,JALANDHAR,11 KV Jalandhar Height-1,Planned,Closed,2026-09-06T06:00:21Z,2026-09-06T08:00:21Z,120
1926491,North,JALANDHAR,11 KV Garden Colony,Planned,Closed,2026-09-06T06:00:21Z,2026-09-06T08:00:21Z,120
1926530,North,HOSHIARPUR,MUKERIAN,Planned,Closed,2026-09-06T05:50:00Z,2026-09-06T06:50:00Z,60
1926529,North,HOSHIARPUR,DATARPUR,Unplanned,Closed,2026-09-06T05:20:00Z,2026-09-06T05:55:00Z,35
1926528,Border,CITY AMRITSAR,11KvGoal Bagh,Unplanned,Closed,2026-09-06T04:40:00Z,2026-09-06T11:02:00Z,382
1926514,West,FARIDKOT,Jawahar Nagar,Unplanned,Closed,2026-09-06T04:30:38Z,2026-09-06T05:08:53Z,38
1926527,West,MUKATSAR,11 KV BHAGU,Unplanned,Closed,2026-09-06T04:19:00Z,2026-09-06T04:43:00Z,24
1926526,West,MUKATSAR,11 KV SARDARPURA UPS,Unplanned,Closed,2026-09-06T04:19:00Z,2026-09-06T04:43:00Z,24
1926525,West,MUKATSAR,11 KV Bhagsar UPS,Unplanned,Closed,2026-09-06T04:19:00Z,2026-09-06T04:43:00Z,24
1926524,West,MUKATSAR,11 KV SITO,Unplanned,Closed,2026-09-06T04:19:00Z,2026-09-06T04:43:00Z,24
1926523,West,MUKATSAR,11 KV BAHAV WALA,Unplanned,Closed,2026-09-06T04:19:00Z,2026-09-06T04:43:00Z,24
1926522,West,MUKATSAR,11 KV RAJPURA,Unplanned,Closed,2026-09-06T04:19:00Z,2026-09-06T04:43:00Z,24
1926521,West,MUKATSAR,11 KV KHATWAN,Unplanned,Closed,2026-09-06T04:19:00Z,2026-09-06T04:43:00Z,24
1926520,West,MUKATSAR,11 KV KANDHWALA UPS,Unplanned,Closed,2026-09-06T04:19:00Z,2026-09-06T04:43:00Z,24
1926519,West,MUKATSAR,Dhani Sucha Singh (Old Chakra),Unplanned,Closed,2026-09-06T04:19:00Z,2026-09-06T04:43:00Z,24
1926518,West,MUKATSAR,11 KV Dhani Bisehesarnath,Unplanned,Closed,2026-09-06T04:19:00Z,2026-09-06T04:43:00Z,24
1926517,West,MUKATSAR,11 KV BALA JI DHAM,Unplanned,Closed,2026-09-06T04:19:00Z,2026-09-06T04:43:00Z,24
1926516,West,MUKATSAR,11 KV Azimgarh Urban,Unplanned,Closed,2026-09-06T04:19:00Z,2026-09-06T04:43:00Z,24
1926515,West,MUKATSAR,11 KV South Avenue,Unplanned,Closed,2026-09-06T04:19:00Z,2026-09-06T04:43:00Z,24
1926714,West,MUKATSAR,Fatehgarh,Unplanned,Closed,2026-09-06T04:09:38Z,2026-09-06T04:19:15Z,9
1926512,Border,TARN TARAN,Dhotian UPS (KMK),Unplanned,Closed,2026-09-06T03:45:00Z,2026-09-06T05:55:00Z,130
1926513,East,Zirakpur,TRY CITY,Unplanned,Closed,2026-09-06T03:10:00Z,2026-09-06T05:10:00Z,120
1926508,North,HOSHIARPUR,MHP2,Unplanned,Closed,2026-09-06T02:50:00Z,2026-09-06T03:25:00Z,35
1926511,Border,SUB URBAN AMRITSAR,UPS Janina,Unplanned,Closed,2026-09-06T02:45:00Z,2026-09-06T05:00:00Z,135
1926507,North,HOSHIARPUR,HOSPITAL MUKERIAN,Unplanned,Closed,2026-09-06T02:35:00Z,2026-09-06T06:50:00Z,255
1926505,North,HOSHIARPUR,khunda,Unplanned,Closed,2026-09-06T02:08:00Z,2026-09-06T02:28:00Z,20
1926509,Border,CITY AMRITSAR,shri guru ram dass hospital,Unplanned,Closed,2026-09-06T02:05:00Z,2026-09-06T03:35:00Z,90
1926506,Border,CITY AMRITSAR,sarai guru ram dass,Unplanned,Closed,2026-09-06T02:05:00Z,2026-09-06T02:51:00Z,46
1926504,Central,CITY EAST LUDHIANA,GURU NANAK DEV NAGAR,Unplanned,Closed,2026-09-06T01:56:00Z,2026-09-06T03:15:00Z,79
1926503,Border,GURDASPUR,Model Town,Unplanned,Closed,2026-09-06T01:46:00Z,2026-09-06T02:15:00Z,29
1926502,Border,SUB URBAN AMRITSAR,Guru AmarDass Avenue,Unplanned,Closed,2026-09-06T01:41:00Z,2026-09-06T02:12:00Z,31
1926501,Border,SUB URBAN AMRITSAR,Guru AmarDass Avenue,Unplanned,Closed,2026-09-06T01:16:00Z,2026-09-06T01:32:00Z,16
1926500,North,JALANDHAR,DIC 2,Unplanned,Closed,2026-09-06T01:12:00Z,2026-09-06T01:30:00Z,18
1926510,South,PATIALA,INDUSTRIAL-(N) 2,Unplanned,Closed,2026-09-06T00:40:00Z,2026-09-06T08:16:00Z,456
1926499,South,SANGRUR,INDUSTRY,Unplanned,Closed,2026-09-06T00:01:00Z,2026-09-06T07:10:00Z,429
1926490,East,MOHALI,Rubber Plant,Unplanned,Closed,2026-09-06T00:00:00Z,2026-09-06T00:51:00Z,51
1926489,East,MOHALI,JHAMPUR FEEDER,Unplanned,Closed,2026-09-05T23:40:00Z,2026-09-06T01:33:00Z,113
1926488,South,SANGRUR,Dharampura,Unplanned,Closed,2026-09-05T23:18:28Z,2026-09-06T00:30:00Z,71
1926486,South,SANGRUR,Cinema Road,Unplanned,Closed,2026-09-05T23:10:56Z,2026-09-05T23:40:39Z,29
1926487,West,BATHINDA,BUGGAR,Unplanned,Closed,2026-09-05T23:00:00Z,2026-09-06T07:01:00Z,481
1926482,North,NAWANSHAHR,HAZIPUR,Unplanned,Closed,2026-09-05T22:10:00Z,2026-09-05T22:30:00Z,20
1926479,Central,CITY EAST LUDHIANA,pearl,Unplanned,Closed,2026-09-05T22:00:34Z,2026-09-06T00:14:34Z,134
1926481,Border,CITY AMRITSAR,GOKAL KA BAGH,Planned,Closed,2026-09-05T22:00:15Z,2026-09-06T00:00:54Z,120
1926480,Border,CITY AMRITSAR,EAST MOHAN NAGAR,Planned,Closed,2026-09-05T22:00:15Z,2026-09-06T00:00:54Z,120
1926473,Central,CITY WEST LUDHIANA,RENTAL COLONY,Planned,Closed,2026-09-05T21:55:38Z,2026-09-05T22:39:26Z,43
1926472,Central,CITY WEST LUDHIANA,SATSANG GHAR,Unplanned,Closed,2026-09-05T21:50:17Z,2026-09-05T22:30:51Z,40
1926470,Border,GURDASPUR,Udhanwal,Unplanned,Closed,2026-09-05T21:45:00Z,2026-09-05T21:55:00Z,10
1926468,North,NAWANSHAHR,UPS-1,Unplanned,Closed,2026-09-05T21:31:19Z,2026-09-05T22:05:00Z,33
1926469,East,ROPAR,UPS SAHO MAJRA,Unplanned,Closed,2026-09-05T21:31:00Z,2026-09-05T22:10:00Z,39
1926467,East,Zirakpur,ZIRAKPUR-1,Unplanned,Closed,2026-09-05T21:30:00Z,2026-09-05T21:36:00Z,6
1926471,East,MOHALI,11KV One Business,Unplanned,Closed,2026-09-05T21:28:00Z,2026-09-05T22:10:00Z,42
1926464,West,BATHINDA,11 kv Dera mastan das,Unplanned,Closed,2026-09-05T21:25:00Z,2026-09-05T22:15:00Z,50
1926463,North,JALANDHAR,11KV BASTI GUJAN,Unplanned,Closed,2026-09-05T21:15:00Z,2026-09-05T21:35:00Z,20
1926462,South,SANGRUR,AMBEKAR NAGAR,Unplanned,Closed,2026-09-05T21:11:00Z,2026-09-05T21:30:00Z,19
1926465,Central,CITY EAST LUDHIANA,11 KV Shiv Chowk,Unplanned,Closed,2026-09-05T21:01:53Z,2026-09-05T22:02:53Z,61
1926460,Central,CITY WEST LUDHIANA,Jagjit Nagar,Unplanned,Closed,2026-09-05T21:00:01Z,2026-09-05T21:30:19Z,30
1926447,Central,KHANNA,Main Bazar,Planned,Closed,2026-09-05T21:00:00Z,2026-09-05T21:04:00Z,4
1926457,Central,KHANNA,Royal,Planned,Closed,2026-09-05T20:55:06Z,2026-09-05T21:11:48Z,16
1926458,Central,CITY WEST LUDHIANA,DUGRI,Planned,Closed,2026-09-05T20:55:03Z,2026-09-05T21:36:57Z,41
1926459,North,NAWANSHAHR,BULLEWAL,Unplanned,Closed,2026-09-05T20:55:00Z,2026-09-05T21:10:00Z,15
1926461,North,NAWANSHAHR,CHANDIANI,Unplanned,Closed,2026-09-05T20:50:00Z,2026-09-05T21:13:00Z,23
1926450,Central,KHANNA,Tooran,Unplanned,Closed,2026-09-05T20:39:00Z,2026-09-05T21:40:00Z,61
1926436,North,NAWANSHAHR,NANGLAN,Unplanned,Closed,2026-09-05T20:30:00Z,2026-09-05T21:15:00Z,45
1926421,East,Zirakpur,Jalalpur Kandi Pure AP,Unplanned,Closed,2026-09-05T20:30:00Z,2026-09-05T20:56:00Z,26
1926420,Central,CITY WEST LUDHIANA,GILL ROAD FEEDER,Unplanned,Closed,2026-09-05T20:28:29Z,2026-09-05T20:53:34Z,25
1926466,South,SANGRUR,VRC,Unplanned,Closed,2026-09-05T20:25:26Z,2026-09-05T22:20:44Z,115
1926404,West,FARIDKOT,Arvind Nagar Feeder,Unplanned,Closed,2026-09-05T20:19:00Z,2026-09-05T20:43:42Z,24
1926388,West,FARIDKOT,11KV HARINDERA NAGAR,Unplanned,Closed,2026-09-05T20:11:53Z,2026-09-05T20:44:24Z,32
1926396,Central,CITY EAST LUDHIANA,TUBEWELL,Unplanned,Closed,2026-09-05T20:02:24Z,2026-09-05T21:01:24Z,59
1926416,South,BARNALA,MALERKOTLA UPS,Unplanned,Closed,2026-09-05T20:00:00Z,2026-09-05T20:45:00Z,45
1926250,Central,CITY EAST LUDHIANA,JAIL ROAD,Unplanned,Closed,2026-09-05T20:00:00Z,2026-09-05T21:00:00Z,60
1926207,Central,CITY WEST LUDHIANA,MERADO FEEDER,Unplanned,Closed,2026-09-05T19:59:03Z,2026-09-05T20:53:29Z,54
1926337,West,MUKATSAR,RORAANWALI  (UPS),Unplanned,Closed,2026-09-05T19:56:00Z,2026-09-05T20:25:00Z,29
1926205,Central,CITY WEST LUDHIANA,Shiv Shakti,Unplanned,Closed,2026-09-05T19:50:04Z,2026-09-05T21:44:17Z,114
1926376,South,BARNALA,GURUDWARA HAA DA NARA,Unplanned,Closed,2026-09-05T19:50:00Z,2026-09-05T20:45:00Z,55
1926374,South,BARNALA,Industrial-I,Unplanned,Closed,2026-09-05T19:50:00Z,2026-09-05T20:45:00Z,55
1926369,South,BARNALA,MALERKOTLA-1,Unplanned,Closed,2026-09-05T19:50:00Z,2026-09-05T20:45:00Z,55
1926206,North,HOSHIARPUR,GUGGA-PATTI,Unplanned,Closed,2026-09-05T19:50:00Z,2026-09-05T20:00:00Z,10
1926203,North,HOSHIARPUR,Banjarbag,Unplanned,Closed,2026-09-05T19:49:00Z,2026-09-05T20:50:00Z,61
1926197,North,HOSHIARPUR,KAKKON,Unplanned,Closed,2026-09-05T19:38:00Z,2026-09-05T20:00:00Z,22
1926195,Central,KHANNA,Charnarthal UPS,Planned,Closed,2026-09-05T19:36:11Z,2026-09-05T20:35:10Z,58
1926298,South,PATIALA,URBAN GHALORI,Unplanned,Closed,2026-09-05T19:35:00Z,2026-09-05T20:15:00Z,40
1926244,Border,SUB URBAN AMRITSAR,Purana Adda Gandhinagar,Unplanned,Closed,2026-09-05T19:35:00Z,2026-09-05T20:35:00Z,60
1926198,Border,TARN TARAN,BABA BHATA,Unplanned,Closed,2026-09-05T19:30:00Z,2026-09-05T20:50:00Z,80
1926196,Border,GURDASPUR,Behrian,Unplanned,Closed,2026-09-05T19:30:00Z,2026-09-05T19:54:00Z,24
1926193,South,PATIALA,WARICHAN ROAD,Unplanned,Closed,2026-09-05T19:30:00Z,2026-09-05T19:45:00Z,15
1926169,Central,CITY EAST LUDHIANA,SHIVAJI NAGAR,Unplanned,Closed,2026-09-05T19:20:00Z,2026-09-05T20:16:00Z,56
1926165,North,JALANDHAR,UDHOPUR,Unplanned,Closed,2026-09-05T19:15:49Z,2026-09-05T19:55:02Z,39
1926164,North,JALANDHAR,CHITTI (R),Unplanned,Closed,2026-09-05T19:15:17Z,2026-09-05T19:55:31Z,40
1926170,Border,GURDASPUR,Ranipur,Unplanned,Closed,2026-09-05T19:15:00Z,2026-09-05T19:55:00Z,40
1926168,North,JALANDHAR,Shitla Mandir,Unplanned,Closed,2026-09-05T19:15:00Z,2026-09-05T19:24:00Z,9
1926163,Central,CITY WEST LUDHIANA,KALGIDHAR MARG,Unplanned,Closed,2026-09-05T19:13:26Z,2026-09-05T20:38:07Z,84
1926166,Central,KHANNA,Khanna feeder,Unplanned,Closed,2026-09-05T19:10:00Z,2026-09-05T19:41:00Z,31
1926167,Central,KHANNA,Sohavi,Unplanned,Closed,2026-09-05T19:07:00Z,2026-09-05T19:30:00Z,23
1926157,Central,KHANNA,Charnarthal UPS,Planned,Closed,2026-09-05T19:06:00Z,2026-09-05T19:35:53Z,29
1926158,Central,KHANNA,Sanjay Agro,Unplanned,Closed,2026-09-05T19:02:00Z,2026-09-05T20:42:00Z,100
1926154,East,Zirakpur,PATIALA ROAD,Unplanned,Closed,2026-09-05T18:59:00Z,2026-09-05T19:57:00Z,58
1926125,Central,KHANNA,Samrala Road,Unplanned,Closed,2026-09-05T18:50:00Z,2026-09-05T21:18:00Z,148
1926143,Central,KHANNA,SALANA UPS,Unplanned,Closed,2026-09-05T18:48:00Z,2026-09-05T20:12:00Z,84
1926107,East,Zirakpur,Hasanpur UPS,Unplanned,Closed,2026-09-05T18:44:00Z,2026-09-05T18:52:00Z,8
1926124,South,SANGRUR,11KV UPS DHARMGARH,Unplanned,Closed,2026-09-05T18:41:00Z,2026-09-05T18:55:00Z,14
1926105,North,KAPURTHALA,URBAN MARKFED,Unplanned,Closed,2026-09-05T18:35:00Z,2026-09-05T19:24:00Z,49
1926104,Central,SUB URBAN LUDHIANA,CITY NO 07,Unplanned,Closed,2026-09-05T18:31:00Z,2026-09-05T19:20:00Z,49
1926098,North,HOSHIARPUR,Bassi Gulam Hussian,Unplanned,Closed,2026-09-05T18:30:00Z,2026-09-05T19:16:00Z,46
1926097,Border,GURDASPUR,Irrigation,Unplanned,Closed,2026-09-05T18:30:00Z,2026-09-05T18:35:00Z,5
1926096,Border,GURDASPUR,MES Madhopur,Unplanned,Closed,2026-09-05T18:30:00Z,2026-09-05T18:35:00Z,5
1926106,South,SANGRUR,AMBEKAR NAGAR,Unplanned,Closed,2026-09-05T18:27:00Z,2026-09-05T19:50:00Z,83
1926095,South,PATIALA,ANAND NAGAR,Unplanned,Closed,2026-09-05T18:25:00Z,2026-09-05T19:21:00Z,56
1926093,West,BATHINDA,INDUSTRIAL,Unplanned,Closed,2026-09-05T18:25:00Z,2026-09-05T19:15:00Z,50
1926100,North,NAWANSHAHR,Danduwal,Unplanned,Closed,2026-09-05T18:22:00Z,2026-09-05T19:50:00Z,88
1926090,East,Zirakpur,GREEN LOTUS,Planned,Closed,2026-09-05T18:20:00Z,2026-09-05T19:45:00Z,85
1926089,West,BATHINDA,BABA FARID NAGAR,Unplanned,Closed,2026-09-05T18:20:00Z,2026-09-05T18:30:00Z,10
1926088,North,HOSHIARPUR,KAKKON,Unplanned,Closed,2026-09-05T18:20:00Z,2026-09-05T19:00:00Z,40
1926087,North,JALANDHAR,11KV PARTAP BHAG,Unplanned,Closed,2026-09-05T18:18:50Z,2026-09-05T18:49:00Z,30
1926103,South,PATIALA,Ekta Vihar,Unplanned,Closed,2026-09-05T18:17:00Z,2026-09-05T19:29:00Z,72
1926094,North,KAPURTHALA,UPS DALLA,Planned,Closed,2026-09-05T18:15:00Z,2026-09-05T18:45:00Z,30
1926092,South,SANGRUR,UPS RAMPURA,Unplanned,Closed,2026-09-05T18:10:00Z,2026-09-05T19:55:00Z,105
1926086,North,HOSHIARPUR,URMAR,Unplanned,Closed,2026-09-05T18:10:00Z,2026-09-05T18:25:00Z,15
1926085,North,NAWANSHAHR,UPS-1,Unplanned,Closed,2026-09-05T18:10:00Z,2026-09-05T19:19:30Z,69
1926084,Border,GURDASPUR,Islampur No. 1,Unplanned,Closed,2026-09-05T18:10:00Z,2026-09-05T18:30:00Z,20
1926083,Border,GURDASPUR,11kv nirankari,Unplanned,Closed,2026-09-05T18:10:00Z,2026-09-05T18:30:00Z,20
1926102,Border,GURDASPUR,BHARTH,Unplanned,Closed,2026-09-05T18:05:00Z,2026-09-05T18:45:00Z,40
1926082,West,FARIDKOT,JAITO CITY,Unplanned,Closed,2026-09-05T18:05:00Z,2026-09-05T18:40:09Z,35
1926070,Central,CITY WEST LUDHIANA,Shiv Shakti,Unplanned,Closed,2026-09-05T18:02:24Z,2026-09-05T19:08:50Z,66
1926101,East,ROPAR,DARPAN,Unplanned,Closed,2026-09-05T18:02:00Z,2026-09-05T18:45:00Z,43
1926080,North,KAPURTHALA,Santpura,Unplanned,Closed,2026-09-05T18:00:00Z,2026-09-05T18:53:00Z,53
1926099,Border,GURDASPUR,Rampur Talwara,Unplanned,Closed,2026-09-05T17:57:00Z,2026-09-05T18:55:00Z,58
1926053,Central,CITY WEST LUDHIANA,Rajguru Nagar,Unplanned,Closed,2026-09-05T17:55:51Z,2026-09-05T18:19:47Z,23
1926051,Central,CITY WEST LUDHIANA,JAIMAL ROAD,Unplanned,Closed,2026-09-05T17:47:23Z,2026-09-05T18:27:29Z,40
1926054,Central,KHANNA,Prem Nagar,Unplanned,Closed,2026-09-05T17:46:00Z,2026-09-05T18:57:00Z,71
1926049,West,BATHINDA,SIHAN PATTI URBAN,Unplanned,Closed,2026-09-05T17:40:00Z,2026-09-05T18:40:00Z,60
1926047,South,PATIALA,Jagdish Colony,Unplanned,Closed,2026-09-05T17:28:00Z,2026-09-05T17:43:00Z,15
1926042,North,JALANDHAR,Gupta Feeder,Unplanned,Closed,2026-09-05T17:27:00Z,2026-09-05T17:45:00Z,18
1926039,West,FARIDKOT,CITY MOGA,Unplanned,Closed,2026-09-05T17:25:18Z,2026-09-05T18:13:53Z,48
1926046,East,Zirakpur,Bhabat,Planned,Closed,2026-09-05T17:25:00Z,2026-09-05T19:20:00Z,115
1926045,East,Zirakpur,RAIL VIHAR,Planned,Closed,2026-09-05T17:25:00Z,2026-09-05T19:20:00Z,115
1926044,East,Zirakpur,SINGHPURA,Planned,Closed,2026-09-05T17:25:00Z,2026-09-05T19:20:00Z,115
1926043,East,Zirakpur,SAVITRYGREEN,Planned,Closed,2026-09-05T17:25:00Z,2026-09-05T19:20:00Z,115
1926041,East,Zirakpur,ORBIT,Planned,Closed,2026-09-05T17:25:00Z,2026-09-05T19:20:00Z,115
1926040,North,JALANDHAR,VIP,Planned,Closed,2026-09-05T17:25:00Z,2026-09-05T17:57:00Z,32
1926048,East,MOHALI,64-B,Unplanned,Closed,2026-09-05T17:22:00Z,2026-09-05T18:50:00Z,88
1926037,East,Zirakpur,BPCL,Unplanned,Closed,2026-09-05T17:21:00Z,2026-09-05T17:51:00Z,30
1926034,West,MUKATSAR,11 KV SAIDANWALI,Unplanned,Closed,2026-09-05T17:17:46Z,2026-09-05T17:35:40Z,17
1926036,West,MUKATSAR,11 KV Dharampura,Unplanned,Closed,2026-09-05T17:17:37Z,2026-09-05T17:35:25Z,17
1926033,West,MUKATSAR,11 KV Bhagsar UPS,Unplanned,Closed,2026-09-05T17:17:36Z,2026-09-05T17:31:45Z,14
1926032,West,MUKATSAR,11 KV SARDARPURA UPS,Unplanned,Closed,2026-09-05T17:17:04Z,2026-09-05T17:31:29Z,14
1926031,West,MUKATSAR,11 KV SUKHCHAIN,Unplanned,Closed,2026-09-05T17:16:45Z,2026-09-05T17:31:25Z,14
1926030,Central,KHANNA,GTB Nagar,Unplanned,Closed,2026-09-05T17:15:00Z,2026-09-05T17:49:00Z,34
1926029,Central,KHANNA,New Shanti Nagar,Unplanned,Closed,2026-09-05T17:13:00Z,2026-09-05T17:56:00Z,43
1926026,East,MOHALI,39 west,Unplanned,Closed,2026-09-05T17:12:26Z,2026-09-05T17:58:15Z,45
1926025,Central,CITY WEST LUDHIANA,KOT MANGAL SINGH,Unplanned,Closed,2026-09-05T17:11:38Z,2026-09-05T18:08:25Z,56
1926028,East,ROPAR,Thana,Unplanned,Closed,2026-09-05T17:05:00Z,2026-09-05T17:58:00Z,53
1926027,East,ROPAR,SAIDPUR,Unplanned,Closed,2026-09-05T17:04:00Z,2026-09-05T17:55:00Z,51
1926035,South,PATIALA,avantika cottspin,Unplanned,Closed,2026-09-05T17:03:00Z,2026-09-05T18:31:00Z,88
1925971,Border,GURDASPUR,MUGRALA,Unplanned,Closed,2026-09-05T16:57:00Z,2026-09-05T18:52:00Z,115
1925965,West,MUKATSAR,11 KV Dharampura,Unplanned,Closed,2026-09-05T16:45:46Z,2026-09-05T16:52:00Z,6
1925963,West,MUKATSAR,11 KV SAIDANWALI,Unplanned,Closed,2026-09-05T16:45:21Z,2026-09-05T16:54:40Z,9
1925999,Central,CITY EAST LUDHIANA,B DEEP SINGH NAGAR,Unplanned,Closed,2026-09-05T16:45:00Z,2026-09-05T17:12:00Z,27
1925968,Border,TARN TARAN,Sanghey UPS,Unplanned,Closed,2026-09-05T16:45:00Z,2026-09-05T17:25:00Z,40
1925964,East,Zirakpur,MUKANDPUR,Unplanned,Closed,2026-09-05T16:45:00Z,2026-09-05T17:41:00Z,56
1925966,East,ROPAR,11 KV Bhanaupli-1,Unplanned,Closed,2026-09-05T16:41:00Z,2026-09-05T16:58:00Z,17
1925970,West,FARIDKOT,JAITO CITY,Unplanned,Closed,2026-09-05T16:40:00Z,2026-09-05T17:48:00Z,68
1925962,West,BATHINDA,AZAD,Unplanned,Closed,2026-09-05T16:40:00Z,2026-09-05T19:15:00Z,155
1925957,East,MOHALI,Sec 56,Unplanned,Closed,2026-09-05T16:38:10Z,2026-09-05T18:37:36Z,119
1925969,East,MOHALI,11KV Sec-108,Unplanned,Closed,2026-09-05T16:36:00Z,2026-09-05T18:31:23Z,115
1925959,West,FARIDKOT,11KV MODREN JAIL,Unplanned,Closed,2026-09-05T16:36:00Z,2026-09-05T17:21:00Z,45
1925958,West,FARIDKOT,11 KV GURU ANGAD DEV G UPS,Unplanned,Closed,2026-09-05T16:36:00Z,2026-09-05T17:21:00Z,45
1925961,East,MOHALI,11KV Desumajra,Unplanned,Closed,2026-09-05T16:35:42Z,2026-09-05T17:45:40Z,69
1925967,West,FARIDKOT,Siriewala UPS,Planned,Closed,2026-09-05T16:35:00Z,2026-09-05T18:02:16Z,87
1925955,Border,GURDASPUR,City Ptk.,Unplanned,Closed,2026-09-05T16:34:00Z,2026-09-05T17:40:00Z,66
1925978,East,MOHALI,SEC 63,Unplanned,Closed,2026-09-05T16:31:00Z,2026-09-05T18:35:00Z,124
1925949,East,Zirakpur,SUKHNA,Unplanned,Closed,2026-09-05T16:29:00Z,2026-09-05T16:58:00Z,29
1925948,East,Zirakpur,PUNJAB,Planned,Closed,2026-09-05T16:29:00Z,2026-09-05T16:58:00Z,29
1925947,East,Zirakpur,HERMITAGE,Planned,Closed,2026-09-05T16:29:00Z,2026-09-05T16:58:00Z,29
1925946,East,Zirakpur,SIMRAN,Planned,Closed,2026-09-05T16:29:00Z,2026-09-05T16:58:00Z,29
1925944,East,Zirakpur,PRITHIM,Planned,Closed,2026-09-05T16:29:00Z,2026-09-05T16:58:00Z,29
1925940,Border,GURDASPUR,Tharial,Unplanned,Closed,2026-09-05T16:28:00Z,2026-09-05T17:05:00Z,37
1925943,West,MUKATSAR,HUSNAR,Unplanned,Closed,2026-09-05T16:26:00Z,2026-09-05T17:01:00Z,35
1925952,South,SANGRUR,Sant Nagar,Unplanned,Closed,2026-09-05T16:25:45Z,2026-09-05T17:40:02Z,74
1925953,South,SANGRUR,Jeewan Nagar,Unplanned,Closed,2026-09-05T16:25:21Z,2026-09-05T17:40:30Z,75
1925935,South,SANGRUR,Gill,Unplanned,Closed,2026-09-05T16:20:26Z,2026-09-05T16:55:34Z,35
1925950,South,PATIALA,Bachittar Nagar,Unplanned,Closed,2026-09-05T16:20:07Z,2026-09-05T16:51:44Z,31
1925934,South,SANGRUR,GANOTA,Unplanned,Closed,2026-09-05T16:20:03Z,2026-09-05T16:55:13Z,35
1925954,North,NAWANSHAHR,Randhawa,Unplanned,Closed,2026-09-05T16:20:00Z,2026-09-05T17:20:00Z,60
1925951,Border,GURDASPUR,Rampur Talwara,Unplanned,Closed,2026-09-05T16:20:00Z,2026-09-05T16:40:00Z,20
1925939,East,ROPAR,Bassi,Unplanned,Closed,2026-09-05T16:20:00Z,2026-09-05T16:40:00Z,20
1925936,North,JALANDHAR,Multicast,Unplanned,Closed,2026-09-05T16:20:00Z,2026-09-05T16:35:00Z,15
1925945,North,HOSHIARPUR,DATARPUR,Unplanned,Closed,2026-09-05T16:18:00Z,2026-09-05T16:35:00Z,17
1925942,East,MOHALI,11kV Sector-123,Unplanned,Closed,2026-09-05T16:15:39Z,2026-09-05T17:31:03Z,75
1925938,East,ROPAR,MUKARI,Unplanned,Closed,2026-09-05T16:15:00Z,2026-09-05T17:15:00Z,60
1925937,East,ROPAR,BHAINI,Unplanned,Closed,2026-09-05T16:15:00Z,2026-09-05T16:45:00Z,30
1925932,North,NAWANSHAHR,DHADWAR,Unplanned,Closed,2026-09-05T16:13:22Z,2026-09-05T17:16:45Z,63
1925931,North,NAWANSHAHR,Hakimpur,Unplanned,Closed,2026-09-05T16:13:22Z,2026-09-05T17:16:15Z,62
1925930,North,NAWANSHAHR,CHAHAL KALAN,Unplanned,Closed,2026-09-05T16:13:22Z,2026-09-05T17:16:13Z,62
1925929,North,NAWANSHAHR,UPS No. 2,Unplanned,Closed,2026-09-05T16:12:21Z,2026-09-05T17:17:47Z,65
1925941,East,ROPAR,11 KV Gajhpur,Unplanned,Closed,2026-09-05T16:12:00Z,2026-09-05T18:10:00Z,118
1925928,Central,KHANNA,LALHERI ROAD,Unplanned,Closed,2026-09-05T16:12:00Z,2026-09-05T16:45:00Z,33
1925926,South,PATIALA,Polo Ground,Unplanned,Closed,2026-09-05T16:11:07Z,2026-09-05T17:05:10Z,54
1925925,West,MUKATSAR,11 KV Raipura,Unplanned,Closed,2026-09-05T16:10:50Z,2026-09-05T17:24:59Z,74
1925933,South,BARNALA,PHARWALI,Unplanned,Closed,2026-09-05T16:10:00Z,2026-09-05T17:10:00Z,60
1925924,West,MUKATSAR,11 KV Kera Khera,Unplanned,Closed,2026-09-05T16:06:10Z,2026-09-05T16:13:22Z,7
1925956,West,FEROZPUR,Amritsari Gate,Planned,Closed,2026-09-05T16:05:00Z,2026-09-05T17:26:00Z,81
1925920,Central,CITY WEST LUDHIANA,LOHARA,Unplanned,Closed,2026-09-05T16:03:41Z,2026-09-05T17:12:53Z,69
1925927,East,Zirakpur,ZIRAKPUR-1,Unplanned,Closed,2026-09-05T16:02:00Z,2026-09-05T17:20:00Z,78
1925919,West,FARIDKOT,11KV HARINDERA NAGAR,Unplanned,Closed,2026-09-05T16:00:00Z,2026-09-05T16:36:00Z,36
1925923,Border,GURDASPUR,THEKERIWAL,Unplanned,Closed,2026-09-05T15:55:00Z,2026-09-05T16:25:00Z,30
1925922,Border,GURDASPUR,I.T.I,Unplanned,Closed,2026-09-05T15:55:00Z,2026-09-05T16:25:00Z,30
1925921,Border,GURDASPUR,RAILWAY ROAD CAT-1,Unplanned,Closed,2026-09-05T15:55:00Z,2026-09-05T16:25:00Z,30
1925917,North,JALANDHAR,GURU AMAR DASS NAGAR,Unplanned,Closed,2026-09-05T15:53:00Z,2026-09-05T16:15:00Z,22
1925911,Central,KHANNA,Rachna Fastner,Planned,Closed,2026-09-05T15:50:00Z,2026-09-05T16:45:00Z,55
1925918,East,ROPAR,11KV Alampur,Unplanned,Closed,2026-09-05T15:47:00Z,2026-09-05T16:10:00Z,23
1925914,South,PATIALA,Officer Colony,Unplanned,Closed,2026-09-05T15:46:31Z,2026-09-05T17:24:00Z,97
1925913,West,FARIDKOT,GANGSAR,Planned,Closed,2026-09-05T15:43:00Z,2026-09-05T16:24:00Z,41
1925915,Border,GURDASPUR,Civil Line,Unplanned,Closed,2026-09-05T15:40:00Z,2026-09-05T16:50:00Z,70
1925912,East,Zirakpur,KALGIDHAR,Unplanned,Closed,2026-09-05T15:37:00Z,2026-09-05T16:27:00Z,50
1925910,East,Zirakpur,SANULI,Unplanned,Closed,2026-09-05T15:35:00Z,2026-09-05T16:05:00Z,30
1925905,South,SANGRUR,Dharampura,Unplanned,Closed,2026-09-05T15:33:01Z,2026-09-05T16:40:00Z,66
1925909,East,Zirakpur,PATIALA ROAD,Planned,Closed,2026-09-05T15:30:00Z,2026-09-05T15:50:00Z,20
1925908,East,Zirakpur,ZIRAKPUR-2,Planned,Closed,2026-09-05T15:30:00Z,2026-09-05T15:50:00Z,20
1925907,South,SANGRUR,24 BANGAN,Unplanned,Closed,2026-09-05T15:30:00Z,2026-09-05T16:10:00Z,40
1925906,East,Zirakpur,ROYAL ESTATE,Planned,Closed,2026-09-05T15:30:00Z,2026-09-05T15:50:00Z,20
1925902,Central,CITY EAST LUDHIANA,PATIALA HOUSE,Unplanned,Closed,2026-09-05T15:29:00Z,2026-09-05T16:31:00Z,62
1925904,North,JALANDHAR,11 KV LAW GATE FEEDER,Unplanned,Closed,2026-09-05T15:25:00Z,2026-09-05T15:35:00Z,10
1925897,South,PATIALA,Bharat colony,Unplanned,Closed,2026-09-05T15:25:00Z,2026-09-05T15:40:00Z,15
1925901,Central,CITY EAST LUDHIANA,Thakur Dwara,Unplanned,Closed,2026-09-05T15:20:00Z,2026-09-05T15:50:00Z,30
1925900,South,PATIALA,HARINDER NAGAR,Unplanned,Closed,2026-09-05T15:20:00Z,2026-09-05T16:10:00Z,50
1925898,South,PATIALA,UPS RAJPURA,Unplanned,Closed,2026-09-05T15:20:00Z,2026-09-05T16:50:00Z,90
1925894,Central,CITY WEST LUDHIANA,STAR ROAD FEEDER,Unplanned,Closed,2026-09-05T15:17:01Z,2026-09-05T16:08:12Z,51
1925895,North,HOSHIARPUR,CHACK,Unplanned,Closed,2026-09-05T15:15:00Z,2026-09-05T15:35:00Z,20
1925899,North,KAPURTHALA,UPS DALLA,Unplanned,Closed,2026-09-05T15:10:00Z,2026-09-05T15:40:00Z,30
1925892,East,Zirakpur,ZIRAKPUR-1,Unplanned,Closed,2026-09-05T15:10:00Z,2026-09-05T15:50:00Z,40
1925890,Border,SUB URBAN AMRITSAR,Mallan Wali,Unplanned,Closed,2026-09-05T15:06:00Z,2026-09-05T15:43:00Z,37
1925903,South,PATIALA,ANAAJ MANDI,Unplanned,Closed,2026-09-05T15:05:00Z,2026-09-05T18:00:00Z,175
1925888,Central,CITY WEST LUDHIANA,DASHMESH NAGAR FEEDER,Unplanned,Closed,2026-09-05T15:04:50Z,2026-09-05T15:55:01Z,50
1925893,North,JALANDHAR,HAZARA,Unplanned,Closed,2026-09-05T15:01:00Z,2026-09-05T15:30:00Z,29
1925896,Central,CITY EAST LUDHIANA,B DEEP SINGH NAGAR,Unplanned,Closed,2026-09-05T15:00:00Z,2026-09-05T16:10:00Z,70
1925882,North,JALANDHAR,D.I.C .. 1,Unplanned,Closed,2026-09-05T14:57:00Z,2026-09-05T15:30:00Z,33
1925891,Border,SUB URBAN AMRITSAR,Urban 2 Nawapind,Unplanned,Closed,2026-09-05T14:55:00Z,2026-09-05T15:10:00Z,15
1925887,East,Zirakpur,RANBAXY,Unplanned,Closed,2026-09-05T14:54:00Z,2026-09-05T15:50:00Z,56
1925886,East,Zirakpur,Bhabat,Planned,Closed,2026-09-05T14:54:00Z,2026-09-05T15:50:00Z,56
1925885,East,Zirakpur,ECME,Planned,Closed,2026-09-05T14:54:00Z,2026-09-05T15:50:00Z,56
1925884,East,Zirakpur,11 kv Japuria Feeder,Planned,Closed,2026-09-05T14:54:00Z,2026-09-05T15:50:00Z,56
1925881,West,MUKATSAR,Dhani Sucha Singh (Old Chakra),Unplanned,Closed,2026-09-05T14:53:08Z,2026-09-05T15:29:15Z,36
1925883,East,ROPAR,Bassi,Unplanned,Closed,2026-09-05T14:50:00Z,2026-09-05T15:48:00Z,58
1925880,West,FEROZPUR,UPS FEEDER,Planned,Closed,2026-09-05T14:50:00Z,2026-09-05T16:02:00Z,72
1925889,Border,SUB URBAN AMRITSAR,Mallan Wali,Unplanned,Closed,2026-09-05T14:43:00Z,2026-09-05T15:43:00Z,60
1925879,Border,SUB URBAN AMRITSAR,BAL KALAN INDUSTRY,Unplanned,Closed,2026-09-05T14:32:00Z,2026-09-05T15:25:00Z,53
1925878,Border,TARN TARAN,KOT MEHTAB URBAN,Unplanned,Closed,2026-09-05T14:30:00Z,2026-09-05T15:15:00Z,45
1925875,South,SANGRUR,UPS DORALI,Unplanned,Closed,2026-09-05T14:30:00Z,2026-09-05T15:00:00Z,30
1925916,East,MOHALI,11KV Preet City,Unplanned,Closed,2026-09-05T14:29:00Z,2026-09-05T17:51:00Z,202
1925871,Border,GURDASPUR,Azizpur,Unplanned,Closed,2026-09-05T14:27:00Z,2026-09-05T18:26:00Z,239
1925877,West,FARIDKOT,chaina,Planned,Closed,2026-09-05T14:25:00Z,2026-09-05T15:25:00Z,60
1925876,West,FARIDKOT,Bhagtuana UPS,Planned,Closed,2026-09-05T14:25:00Z,2026-09-05T15:25:00Z,60
1925874,East,ROPAR,SWARA,Unplanned,Closed,2026-09-05T14:24:00Z,2026-09-05T14:55:00Z,31
1925873,North,HOSHIARPUR,URMAR,Unplanned,Closed,2026-09-05T14:22:00Z,2026-09-05T15:02:00Z,40
1925872,South,PATIALA,WARICHAN ROAD,Planned,Closed,2026-09-05T14:20:00Z,2026-09-05T19:00:00Z,280
1925863,Border,GURDASPUR,CITY 2,Unplanned,Closed,2026-09-05T14:16:00Z,2026-09-05T14:51:00Z,35
1925869,South,PATIALA,Tej Bagh Colony,Unplanned,Closed,2026-09-05T14:15:00Z,2026-09-05T14:30:00Z,15
1925868,Border,GURDASPUR,Irrigation,Unplanned,Closed,2026-09-05T14:15:00Z,2026-09-05T18:26:00Z,251
1925867,Border,GURDASPUR,MES Madhopur,Unplanned,Closed,2026-09-05T14:15:00Z,2026-09-05T18:26:00Z,251
1925870,West,MUKATSAR,11 KV New Water Works -2,Unplanned,Closed,2026-09-05T14:14:36Z,2026-09-05T15:29:42Z,75
1925862,South,PATIALA,FACTORY AREA (NEW),Unplanned,Closed,2026-09-05T14:13:04Z,2026-09-05T15:56:00Z,102
1925865,South,SANGRUR,KHANOURI  PEER,Unplanned,Closed,2026-09-05T14:10:00Z,2026-09-05T17:35:00Z,205
1925866,East,Zirakpur,SILVERCITY,Unplanned,Closed,2026-09-05T14:05:00Z,2026-09-05T15:50:00Z,105
1925864,East,Zirakpur,NABHA SAHIB,Unplanned,Closed,2026-09-05T14:05:00Z,2026-09-05T15:50:00Z,105
1925861,Central,KHANNA,Chani,Unplanned,Closed,2026-09-05T14:05:00Z,2026-09-05T14:31:00Z,26
1925858,South,SANGRUR,KHANAL A+B (GRID DIRBA),Unplanned,Closed,2026-09-05T13:58:55Z,2026-09-05T14:25:04Z,26
1925860,North,HOSHIARPUR,SARHALA,Unplanned,Closed,2026-09-05T13:57:00Z,2026-09-05T14:25:00Z,28
1925859,North,JALANDHAR,GEETA MANDIR,Unplanned,Closed,2026-09-05T13:56:00Z,2026-09-05T15:13:00Z,77
1925857,West,BATHINDA,Station Basti,Unplanned,Closed,2026-09-05T13:55:00Z,2026-09-05T14:00:00Z,5
1925854,South,SANGRUR,City-1,Unplanned,Closed,2026-09-05T13:50:00Z,2026-09-05T13:55:00Z,5
1925849,North,JALANDHAR,URBAN ESTATE,Unplanned,Closed,2026-09-05T13:42:00Z,2026-09-05T15:27:00Z,105
1925847,North,JALANDHAR,11 KV Garden Colony,Unplanned,Closed,2026-09-05T13:42:00Z,2026-09-05T14:58:00Z,76
1925846,West,FARIDKOT,GANGSAR,Unplanned,Closed,2026-09-05T13:42:00Z,2026-09-05T14:28:00Z,46
1925843,South,SANGRUR,Kishanpura Road,Unplanned,Closed,2026-09-05T13:40:50Z,2026-09-05T14:05:13Z,24
1925855,South,PATIALA,ANAAJ MANDI,Unplanned,Closed,2026-09-05T13:40:00Z,2026-09-05T14:15:00Z,35
1925844,East,Zirakpur,Bhabat,Unplanned,Closed,2026-09-05T13:38:00Z,2026-09-05T14:00:00Z,22
1925840,West,BATHINDA,KOT GURU,Planned,Closed,2026-09-05T13:35:01Z,2026-09-05T14:31:24Z,56
1925856,South,PATIALA,gobind colony,Unplanned,Closed,2026-09-05T13:35:00Z,2026-09-05T14:40:00Z,65
1925845,South,BARNALA,UPS HAMIDI/GURMA,Unplanned,Closed,2026-09-05T13:35:00Z,2026-09-05T14:45:00Z,70
1925837,South,PATIALA,new anaj mandi,Unplanned,Closed,2026-09-05T13:33:16Z,2026-09-05T14:15:08Z,41
1925836,South,PATIALA,HARINDER NAGAR,Unplanned,Closed,2026-09-05T13:30:50Z,2026-09-05T13:45:26Z,14
1925838,West,FARIDKOT,Kothe Warring (Samgh),Planned,Closed,2026-09-05T13:30:00Z,2026-09-05T13:38:00Z,8
1925835,West,FARIDKOT,MAANA WALA UPS,Planned,Closed,2026-09-05T13:30:00Z,2026-09-05T14:06:00Z,36
1925833,West,BATHINDA,LOCAL FEEDER,Planned,Closed,2026-09-05T13:24:00Z,2026-09-05T14:17:00Z,53
1925834,South,PATIALA,City Feeder,Unplanned,Closed,2026-09-05T13:22:00Z,2026-09-05T13:46:00Z,24
1925839,South,PATIALA,FACTORY AREA (NEW),Unplanned,Closed,2026-09-05T13:21:00Z,2026-09-05T14:10:15Z,49
1925830,West,MUKATSAR,11 KV Dhaban Kokrian,Unplanned,Closed,2026-09-05T13:19:15Z,2026-09-05T13:40:31Z,21
1925829,West,MUKATSAR,11 KV Jodhpur,Unplanned,Closed,2026-09-05T13:18:49Z,2026-09-05T13:40:58Z,22
1925842,East,MOHALI,Sec 54,Planned,Closed,2026-09-05T13:17:00Z,2026-09-05T14:12:00Z,55
1925841,East,MOHALI,INDUSTRY PHASE 3,Planned,Closed,2026-09-05T13:17:00Z,2026-09-05T14:12:00Z,55
1925832,Border,GURDASPUR,Basrawan,Unplanned,Closed,2026-09-05T13:15:00Z,2026-09-05T13:55:00Z,40
1925828,East,Zirakpur,11kv Cosmo,Planned,Closed,2026-09-05T13:10:00Z,2026-09-05T14:40:00Z,90
1925827,East,Zirakpur,DHILLON,Planned,Closed,2026-09-05T13:10:00Z,2026-09-05T14:40:00Z,90
1925826,East,Zirakpur,PRITHIM,Planned,Closed,2026-09-05T13:10:00Z,2026-09-05T14:40:00Z,90
1925831,South,PATIALA,Focal Point-III,Unplanned,Closed,2026-09-05T13:05:39Z,2026-09-05T13:55:22Z,49
1925825,Border,TARN TARAN,Railway Road Urban..,Unplanned,Closed,2026-09-05T13:05:00Z,2026-09-05T14:15:00Z,70
1925824,North,HOSHIARPUR,service club,Planned,Closed,2026-09-05T13:01:00Z,2026-09-05T15:40:00Z,159
1925818,Central,KHANNA,Ajar Amar Steel,Planned,Closed,2026-09-05T13:00:00Z,2026-09-05T14:55:00Z,115
1925823,North,JALANDHAR,CIVIL LINE,Unplanned,Closed,2026-09-05T12:55:05Z,2026-09-05T13:10:16Z,15
1925822,West,FARIDKOT,BAJA ROAD,Planned,Closed,2026-09-05T12:50:00Z,2026-09-05T13:07:00Z,17
1925821,Border,GURDASPUR,RAILWAY ROAD CAT-1,Unplanned,Closed,2026-09-05T12:50:00Z,2026-09-05T13:50:00Z,60
1925820,West,FARIDKOT,GANGSAR,Planned,Closed,2026-09-05T12:50:00Z,2026-09-05T13:07:00Z,17
1925819,North,HOSHIARPUR,SOTLA,Unplanned,Closed,2026-09-05T12:50:00Z,2026-09-05T12:55:00Z,5
1925815,South,PATIALA,Thuhi Road,Unplanned,Closed,2026-09-05T12:43:00Z,2026-09-05T13:00:00Z,17
1925817,North,JALANDHAR,NEW MODEL TOWN,Unplanned,Closed,2026-09-05T12:41:00Z,2026-09-05T13:22:00Z,41
1925814,Central,CITY EAST LUDHIANA,MOTI NAGAR,Unplanned,Closed,2026-09-05T12:40:00Z,2026-09-05T13:30:00Z,50
1925813,North,JALANDHAR,DOABA FEEDER,Unplanned,Closed,2026-09-05T12:35:00Z,2026-09-05T13:25:00Z,50
1925811,East,Zirakpur,PEER BABA ROAD,Planned,Closed,2026-09-05T12:35:00Z,2026-09-05T14:30:00Z,115
1925810,East,Zirakpur,Jaskaran,Planned,Closed,2026-09-05T12:35:00Z,2026-09-05T14:30:00Z,115
1925809,East,Zirakpur,RANBAXY,Planned,Closed,2026-09-05T12:35:00Z,2026-09-05T14:30:00Z,115
1925807,South,PATIALA,Nabha Gate,Unplanned,Closed,2026-09-05T12:32:52Z,2026-09-05T12:58:33Z,25
1925816,Border,TARN TARAN,LIDHAR,Unplanned,Closed,2026-09-05T12:30:00Z,2026-09-05T13:45:00Z,75
1925812,South,BARNALA,Chaunke UPS,Planned,Closed,2026-09-05T12:30:00Z,2026-09-05T12:45:00Z,15
1925808,East,MOHALI,11 KV GIDDARPUR AP,Unplanned,Closed,2026-09-05T12:25:54Z,2026-09-05T13:15:00Z,49
1925805,South,BARNALA,11KV TARAKSHEEL ROAD,Unplanned,Closed,2026-09-05T12:25:00Z,2026-09-05T15:55:00Z,210
1925804,South,BARNALA,Bajakhana Road,Unplanned,Closed,2026-09-05T12:25:00Z,2026-09-05T15:55:00Z,210
1925693,West,FEROZPUR,MOGA ROAD,Planned,Closed,2026-09-05T12:21:00Z,2026-09-05T19:14:00Z,413
1925784,Border,TARN TARAN,SHERON UPS,Unplanned,Closed,2026-09-05T12:20:00Z,2026-09-05T13:00:00Z,40
1925783,Border,TARN TARAN,JAWANDY,Unplanned,Closed,2026-09-05T12:20:00Z,2026-09-05T13:00:00Z,40
1925768,South,SANGRUR,11 KV LOHAKHERA URBAN C1,Planned,Closed,2026-09-05T12:16:00Z,2026-09-05T13:24:00Z,68
1925769,Central,CITY EAST LUDHIANA,TAJPUR ROAD,Unplanned,Closed,2026-09-05T12:15:00Z,2026-09-05T13:00:00Z,45
1925772,East,Zirakpur,GREEN LOTUS,Planned,Closed,2026-09-05T12:10:00Z,2026-09-05T13:12:00Z,62
1925771,East,Zirakpur,SAVITRYGREEN,Planned,Closed,2026-09-05T12:10:00Z,2026-09-05T13:12:00Z,62
1925770,East,Zirakpur,ORBIT,Planned,Closed,2026-09-05T12:10:00Z,2026-09-05T13:12:00Z,62
1925761,South,PATIALA,Polo Ground,Unplanned,Closed,2026-09-05T12:10:00Z,2026-09-05T13:36:00Z,86
1925762,North,HOSHIARPUR,11 KV AP KANDI PATIARIAN,Planned,Closed,2026-09-05T12:08:00Z,2026-09-05T12:15:00Z,7
1925760,West,FEROZPUR,COURT FEEDER,Planned,Closed,2026-09-05T12:07:00Z,2026-09-05T13:56:00Z,109
1925806,East,ROPAR,11 KV Bharatgarh,Unplanned,Closed,2026-09-05T12:05:00Z,2026-09-05T13:35:00Z,90
1925753,Border,GURDASPUR,Ranipur,Unplanned,Closed,2026-09-05T12:05:00Z,2026-09-05T12:42:00Z,37
1925750,Border,GURDASPUR,Tharial,Unplanned,Closed,2026-09-05T12:05:00Z,2026-09-05T12:42:00Z,37
1925767,North,NAWANSHAHR,BHADDI URBAN,Unplanned,Closed,2026-09-05T12:01:12Z,2026-09-05T14:00:12Z,119
1925766,North,NAWANSHAHR,TAKARLA,Unplanned,Closed,2026-09-05T12:01:12Z,2026-09-05T14:00:12Z,119
1925765,North,NAWANSHAHR,MOJOWAL MAJARA,Unplanned,Closed,2026-09-05T12:01:12Z,2026-09-05T14:00:12Z,119
1925764,North,NAWANSHAHR,MAHIPUR,Unplanned,Closed,2026-09-05T12:01:12Z,2026-09-05T14:00:12Z,119
1925763,North,NAWANSHAHR,AKALIANA,Unplanned,Closed,2026-09-05T12:01:12Z,2026-09-05T14:00:12Z,119
1925746,Border,TARN TARAN,Jandiala Road Urban.,Unplanned,Closed,2026-09-05T12:01:00Z,2026-09-05T12:30:00Z,29
1925745,Border,TARN TARAN,Goindwal Road Urban.,Unplanned,Closed,2026-09-05T12:01:00Z,2026-09-05T12:30:00Z,29
1925744,Border,TARN TARAN,KADD GILL UPS,Unplanned,Closed,2026-09-05T12:01:00Z,2026-09-05T12:30:00Z,29
1925743,Border,GURDASPUR,SAILI ROAD,Unplanned,Closed,2026-09-05T12:01:00Z,2026-09-05T12:34:00Z,33
1925782,North,NAWANSHAHR,NIGHI,Unplanned,Closed,2026-09-05T12:00:31Z,2026-09-05T13:59:31Z,119
1925781,North,NAWANSHAHR,KAMALPUR,Unplanned,Closed,2026-09-05T12:00:31Z,2026-09-05T14:00:31Z,120
1925780,North,NAWANSHAHR,RATTEWAL,Unplanned,Closed,2026-09-05T12:00:31Z,2026-09-05T14:00:31Z,120
1925779,North,NAWANSHAHR,JINDAPUR,Unplanned,Closed,2026-09-05T12:00:31Z,2026-09-05T14:00:31Z,120
1925778,North,NAWANSHAHR,DIBHALI,Unplanned,Closed,2026-09-05T12:00:31Z,2026-09-05T14:00:31Z,120
1925777,North,NAWANSHAHR,HEDONBET,Unplanned,Closed,2026-09-05T12:00:31Z,2026-09-05T14:00:31Z,120
1925776,North,NAWANSHAHR,PANYALI,Unplanned,Closed,2026-09-05T12:00:31Z,2026-09-05T14:00:31Z,120
1925775,North,NAWANSHAHR,BALLOWAL,Unplanned,Closed,2026-09-05T12:00:31Z,2026-09-05T14:00:31Z,120
1925774,North,NAWANSHAHR,GOLUMAJRA,Unplanned,Closed,2026-09-05T12:00:31Z,2026-09-05T14:00:31Z,120
1925773,North,NAWANSHAHR,KATHGARH,Unplanned,Closed,2026-09-05T12:00:31Z,2026-09-05T14:00:31Z,120
1925798,North,NAWANSHAHR,BALACHAUR CITY-3,Unplanned,Closed,2026-09-05T12:00:16Z,2026-09-05T13:57:16Z,117
1925797,North,NAWANSHAHR,SUDHA MAJRA,Unplanned,Closed,2026-09-05T12:00:16Z,2026-09-05T13:56:16Z,116
1925796,North,NAWANSHAHR,CIVIL HOSPITAL BALACHAUR,Unplanned,Closed,2026-09-05T12:00:16Z,2026-09-05T13:56:16Z,116
1925795,North,NAWANSHAHR,RAM NAGAR,Unplanned,Closed,2026-09-05T12:00:16Z,2026-09-05T13:55:16Z,115
1925794,North,NAWANSHAHR,CITY BALACHAUR NO-2,Unplanned,Closed,2026-09-05T12:00:16Z,2026-09-05T13:55:16Z,115
1925793,North,NAWANSHAHR,THOPIA,Unplanned,Closed,2026-09-05T12:00:16Z,2026-09-05T13:55:16Z,115
1925792,North,NAWANSHAHR,BHADDI,Unplanned,Closed,2026-09-05T12:00:16Z,2026-09-05T13:54:16Z,114
1925791,North,NAWANSHAHR,BALACHAUR,Unplanned,Closed,2026-09-05T12:00:16Z,2026-09-05T13:53:16Z,113
1925790,North,NAWANSHAHR,BULLEWAL,Unplanned,Closed,2026-09-05T12:00:16Z,2026-09-05T13:52:16Z,112
1925789,North,NAWANSHAHR,MEHIATPUR,Unplanned,Closed,2026-09-05T12:00:16Z,2026-09-05T13:57:16Z,117
1925788,North,NAWANSHAHR,TEHSIL COMPLEX,Unplanned,Closed,2026-09-05T12:00:16Z,2026-09-05T13:51:16Z,111
1925787,North,NAWANSHAHR,JAGATPUR,Unplanned,Closed,2026-09-05T12:00:16Z,2026-09-05T13:57:16Z,117
1925786,North,NAWANSHAHR,CHANDIANI,Unplanned,Closed,2026-09-05T12:00:16Z,2026-09-05T13:57:16Z,117
1925785,North,NAWANSHAHR,CHUSHMA,Unplanned,Closed,2026-09-05T12:00:16Z,2026-09-05T13:59:16Z,119
1925803,North,NAWANSHAHR,11 KV DOPALPUR UPS,Unplanned,Closed,2026-09-05T12:00:00Z,2026-09-05T14:00:00Z,120
1925802,North,NAWANSHAHR,11 KV Usmanpur,Unplanned,Closed,2026-09-05T12:00:00Z,2026-09-05T14:00:00Z,120
1925801,North,NAWANSHAHR,TAJOWAL,Unplanned,Closed,2026-09-05T12:00:00Z,2026-09-05T14:00:00Z,120
1925800,North,NAWANSHAHR,BARWA,Unplanned,Closed,2026-09-05T12:00:00Z,2026-09-05T14:00:00Z,120
1925799,North,NAWANSHAHR,JADLA,Unplanned,Closed,2026-09-05T12:00:00Z,2026-09-05T14:00:00Z,120
1925759,North,NAWANSHAHR,SUGER MILL,Unplanned,Closed,2026-09-05T12:00:00Z,2026-09-05T12:15:00Z,15
1925758,North,NAWANSHAHR,11KV CITY-3,Unplanned,Closed,2026-09-05T12:00:00Z,2026-09-05T12:15:00Z,15
1925757,North,NAWANSHAHR,Barnala Gate,Unplanned,Closed,2026-09-05T12:00:00Z,2026-09-05T12:15:00Z,15
1925756,North,NAWANSHAHR,11 KV Begam Pur,Unplanned,Closed,2026-09-05T12:00:00Z,2026-09-05T12:15:00Z,15
1925755,North,NAWANSHAHR,11 KV Civil Hospital,Unplanned,Closed,2026-09-05T12:00:00Z,2026-09-05T12:15:00Z,15
1925754,North,NAWANSHAHR,11 KV Railway Road,Unplanned,Closed,2026-09-05T12:00:00Z,2026-09-05T12:15:00Z,15
1925752,North,NAWANSHAHR,Saloh Road,Unplanned,Closed,2026-09-05T12:00:00Z,2026-09-05T12:15:00Z,15
1925751,North,NAWANSHAHR,City-1,Unplanned,Closed,2026-09-05T12:00:00Z,2026-09-05T12:15:00Z,15
1925749,North,NAWANSHAHR,Ghaas mandi,Unplanned,Closed,2026-09-05T12:00:00Z,2026-09-05T12:15:00Z,15
1925748,North,NAWANSHAHR,Dana Mandi,Unplanned,Closed,2026-09-05T12:00:00Z,2026-09-05T12:15:00Z,15
1925747,North,NAWANSHAHR,Focal Point,Unplanned,Closed,2026-09-05T12:00:00Z,2026-09-05T12:15:00Z,15
1925742,East,Zirakpur,ZIRAKPUR-1,Planned,Closed,2026-09-05T11:58:00Z,2026-09-05T12:50:00Z,52
1925737,North,KAPURTHALA,UPS Kotli,Unplanned,Closed,2026-09-05T11:55:00Z,2026-09-05T12:34:00Z,39
1925741,North,KAPURTHALA,Saidpur,Unplanned,Closed,2026-09-05T11:54:00Z,2026-09-05T12:32:00Z,38
1925740,North,KAPURTHALA,nawajipur,Unplanned,Closed,2026-09-05T11:54:00Z,2026-09-05T12:32:00Z,38
1925739,North,KAPURTHALA,Kotli Gajran,Unplanned,Closed,2026-09-05T11:54:00Z,2026-09-05T12:32:00Z,38
1925729,Central,CITY WEST LUDHIANA,TIKONA PARK,Planned,Closed,2026-09-05T11:43:48Z,2026-09-05T13:30:00Z,106
1925736,North,JALANDHAR,QILA MOHALLA,Unplanned,Closed,2026-09-05T11:42:00Z,2026-09-05T12:10:00Z,28
1925731,Central,KHANNA,Samrala Road,Unplanned,Closed,2026-09-05T11:42:00Z,2026-09-05T12:00:00Z,18
1925733,West,FARIDKOT,JHARI WALA,Unplanned,Closed,2026-09-05T11:40:00Z,2026-09-05T12:05:00Z,25
1925732,South,SANGRUR,UPS  raidharana,Unplanned,Closed,2026-09-05T11:40:00Z,2026-09-05T13:28:00Z,108
1925738,North,NAWANSHAHR,BHADDI,Unplanned,Closed,2026-09-05T11:35:00Z,2026-09-05T12:00:00Z,25
1925735,North,NAWANSHAHR,BULLEWAL,Unplanned,Closed,2026-09-05T11:35:00Z,2026-09-05T12:00:00Z,25
1925734,North,NAWANSHAHR,BHADDI URBAN,Unplanned,Closed,2026-09-05T11:35:00Z,2026-09-05T11:40:00Z,5
1925730,West,BATHINDA,Cold Store,Planned,Closed,2026-09-05T11:35:00Z,2026-09-05T13:35:00Z,120
1925728,West,BATHINDA,Station Basti,Planned,Closed,2026-09-05T11:35:00Z,2026-09-05T13:35:00Z,120
1925727,East,ROPAR,Golhani,Planned,Closed,2026-09-05T11:35:00Z,2026-09-05T12:50:00Z,75
1925724,South,PATIALA,BABA DEEP SINGH,Unplanned,Closed,2026-09-05T11:35:00Z,2026-09-05T12:50:00Z,75
1925726,East,MOHALI,11 KV Masol,Unplanned,Closed,2026-09-05T11:34:00Z,2026-09-05T13:05:00Z,91
1925705,South,SANGRUR,11 KV ROHI AP,Planned,Closed,2026-09-05T11:31:40Z,2026-09-05T18:05:53Z,394
1925717,West,BATHINDA,Bangi Ruldu,Planned,Closed,2026-09-05T11:31:00Z,2026-09-05T13:16:00Z,105
1925725,North,HOSHIARPUR,Khozkipur,Unplanned,Closed,2026-09-05T11:30:00Z,2026-09-05T11:50:00Z,20
1925720,North,NAWANSHAHR,BALACHAUR CITY-3,Unplanned,Closed,2026-09-05T11:30:00Z,2026-09-05T12:00:00Z,30
1925718,North,NAWANSHAHR,BALACHAUR,Unplanned,Closed,2026-09-05T11:30:00Z,2026-09-05T12:00:00Z,30
1925703,East,Zirakpur,DAPPAR,Unplanned,Closed,2026-09-05T11:30:00Z,2026-09-05T12:00:00Z,30
1925719,North,JALANDHAR,11 kv CHILDERN PARK NO. 1,Unplanned,Closed,2026-09-05T11:27:58Z,2026-09-05T12:40:39Z,72
1925702,South,PATIALA,GOBIND BAGH,Unplanned,Closed,2026-09-05T11:27:24Z,2026-09-05T11:38:13Z,10
1925722,West,BATHINDA,11 KV KOT LALLU,Unplanned,Closed,2026-09-05T11:27:00Z,2026-09-05T13:15:42Z,108
1925716,North,JALANDHAR,11KV Kotli,Unplanned,Closed,2026-09-05T11:25:00Z,2026-09-05T11:55:00Z,30
1925721,Central,CITY EAST LUDHIANA,11 KV MAYA PURI,Unplanned,Closed,2026-09-05T11:22:00Z,2026-09-05T12:15:00Z,53
1925700,Central,KHANNA,Royal,Unplanned,Closed,2026-09-05T11:22:00Z,2026-09-05T12:10:00Z,48
1925723,North,JALANDHAR,11 KV Jalandhar Height-1,Unplanned,Closed,2026-09-05T11:20:00Z,2026-09-05T12:25:00Z,65
1925706,North,JALANDHAR,SABOWAL,Unplanned,Closed,2026-09-05T11:20:00Z,2026-09-05T12:23:00Z,63
1925696,South,SANGRUR,11 KV UPS NAIWALA,Planned,Closed,2026-09-05T11:19:02Z,2026-09-05T11:30:22Z,11
1925695,South,SANGRUR,Rasoli + rasoli 2,Planned,Closed,2026-09-05T11:17:51Z,2026-09-05T11:30:21Z,12
1925697,Central,CITY EAST LUDHIANA,BRAHM PURI,Unplanned,Closed,2026-09-05T11:15:00Z,2026-09-05T12:15:00Z,60
1925701,East,MOHALI,HITECH,Unplanned,Closed,2026-09-05T11:14:00Z,2026-09-05T11:59:00Z,45
1925699,West,BATHINDA,Autawali,Planned,Closed,2026-09-05T11:12:00Z,2026-09-05T12:15:36Z,63
1925683,Central,CITY WEST LUDHIANA,SHIMLA PURI FEEDER,Unplanned,Closed,2026-09-05T11:07:11Z,2026-09-05T12:04:28Z,57
1925698,West,FEROZPUR,ARSONAL,Planned,Closed,2026-09-05T11:06:00Z,2026-09-05T12:00:00Z,54
1925691,South,PATIALA,UPS Mavi kalan,Planned,Closed,2026-09-05T11:05:36Z,2026-09-05T12:00:36Z,55
1925690,South,PATIALA,UPS marrori,Planned,Closed,2026-09-05T11:05:36Z,2026-09-05T12:00:36Z,55
1925692,South,PATIALA,Badungar,Unplanned,Closed,2026-09-05T11:05:00Z,2026-09-05T11:40:00Z,35
1925688,West,FEROZPUR,11 KV Delhi Gate,Unplanned,Closed,2026-09-05T11:05:00Z,2026-09-05T12:09:00Z,64
1925682,Border,GURDASPUR,City Ptk.,Unplanned,Closed,2026-09-05T11:04:00Z,2026-09-05T11:23:00Z,19
1925715,Central,CITY WEST LUDHIANA,11 KV SCADA,Planned,Closed,2026-09-05T11:00:51Z,2026-09-05T13:07:54Z,127
1925714,Central,CITY WEST LUDHIANA,Aarti Chowk,Planned,Closed,2026-09-05T11:00:51Z,2026-09-05T13:05:36Z,124
1925713,Central,CITY WEST LUDHIANA,Malhar Road,Planned,Closed,2026-09-05T11:00:51Z,2026-09-05T13:05:59Z,125
1925712,Central,CITY WEST LUDHIANA,SIGMA,Planned,Closed,2026-09-05T11:00:51Z,2026-09-05T13:06:16Z,125
1925711,Central,CITY WEST LUDHIANA,New Sec. School,Planned,Closed,2026-09-05T11:00:51Z,2026-09-05T13:06:44Z,125
1925710,Central,CITY WEST LUDHIANA,Church Feeder,Planned,Closed,2026-09-05T11:00:51Z,2026-09-05T13:06:56Z,126
1925709,Central,CITY WEST LUDHIANA,H-Block Market,Planned,Closed,2026-09-05T11:00:51Z,2026-09-05T13:08:06Z,127
1925708,Central,CITY WEST LUDHIANA,Durga Mandir,Planned,Closed,2026-09-05T11:00:51Z,2026-09-05T13:07:16Z,126
1925707,Central,CITY WEST LUDHIANA,Deepak Hospital,Planned,Closed,2026-09-05T11:00:51Z,2026-09-05T13:07:26Z,126
1926050,South,PATIALA,11 kV Udham Singh Nagar,Unplanned,Closed,2026-09-05T11:00:00Z,2026-09-05T14:00:00Z,180
1925684,North,KAPURTHALA,UPS Kotli,Unplanned,Closed,2026-09-05T11:00:00Z,2026-09-05T12:45:00Z,105
1925681,North,HOSHIARPUR,KOTLA,Unplanned,Closed,2026-09-05T11:00:00Z,2026-09-05T11:30:00Z,30
1925680,North,HOSHIARPUR,Talla,Unplanned,Closed,2026-09-05T11:00:00Z,2026-09-05T11:30:00Z,30
1925679,North,HOSHIARPUR,GILZIAN,Unplanned,Closed,2026-09-05T11:00:00Z,2026-09-05T11:30:00Z,30
1925687,South,PATIALA,Dental College,Unplanned,Closed,2026-09-05T10:56:00Z,2026-09-05T11:35:00Z,39
1925674,South,PATIALA,MAHAVIR,Unplanned,Closed,2026-09-05T10:55:25Z,2026-09-05T12:35:57Z,100
1925686,East,MOHALI,11 KV BATHLANA UPS,Unplanned,Closed,2026-09-05T10:55:00Z,2026-09-05T11:35:00Z,40
1925685,East,MOHALI,11KV DHELPUR,Unplanned,Closed,2026-09-05T10:55:00Z,2026-09-05T11:35:44Z,40
1925678,West,BATHINDA,BHAI JAGTA JI,Planned,Closed,2026-09-05T10:55:00Z,2026-09-05T11:09:00Z,14
1925673,Border,GURDASPUR,Kiari,Unplanned,Closed,2026-09-05T10:55:00Z,2026-09-05T12:24:00Z,89
1925668,West,MUKATSAR,11 KV Raipura,Unplanned,Closed,2026-09-05T10:53:07Z,2026-09-05T11:25:15Z,32
1925672,West,MUKATSAR,Salemshah UPS,Unplanned,Closed,2026-09-05T10:51:48Z,2026-09-05T13:14:08Z,142
1925694,Border,GURDASPUR,BEHBAL CHACK,Unplanned,Closed,2026-09-05T10:50:00Z,2026-09-05T11:15:00Z,25
1925670,North,NAWANSHAHR,Talwandi Fattu,Unplanned,Closed,2026-09-05T10:50:00Z,2026-09-05T11:56:00Z,66
1925667,North,NAWANSHAHR,11KV UPS SHRI RAJA SAHIB,Unplanned,Closed,2026-09-05T10:50:00Z,2026-09-05T11:56:00Z,66
1925689,South,PATIALA,11 KV PUNJABI BAGH,Unplanned,Closed,2026-09-05T10:49:00Z,2026-09-05T11:21:00Z,32
1925676,West,MUKATSAR,dhani shaffi,Unplanned,Closed,2026-09-05T10:48:48Z,2026-09-05T17:50:00Z,421
1925675,West,MUKATSAR,NIHAL KHERA UPS,Unplanned,Closed,2026-09-05T10:48:48Z,2026-09-05T12:04:17Z,75
1925669,North,NAWANSHAHR,SAROYA,Unplanned,Closed,2026-09-05T10:45:00Z,2026-09-05T11:20:00Z,35
1925704,East,MOHALI,39 west,Unplanned,Closed,2026-09-05T10:44:00Z,2026-09-05T11:48:00Z,64
1925666,South,SANGRUR,NABHA GATE,Unplanned,Closed,2026-09-05T10:44:00Z,2026-09-05T12:40:00Z,116
1925665,South,SANGRUR,AGE,Unplanned,Closed,2026-09-05T10:44:00Z,2026-09-05T12:40:00Z,116
1925664,West,BATHINDA,GOLE MARKET -1,Planned,Closed,2026-09-05T10:42:28Z,2026-09-05T11:59:10Z,76
1925671,Border,TARN TARAN,Khadoor Sahib URBAN.,Unplanned,Closed,2026-09-05T10:40:00Z,2026-09-05T12:35:00Z,115
1925662,Border,CITY AMRITSAR,11Kv Ghee Mandi 2,Unplanned,Closed,2026-09-05T10:35:22Z,2026-09-05T11:40:43Z,65
1925677,Border,GURDASPUR,11 K.V UPS Balwanda,Unplanned,Closed,2026-09-05T10:30:00Z,2026-09-05T10:58:00Z,28
1925663,West,BATHINDA,KOT DA TIBBA,Planned,Closed,2026-09-05T10:30:00Z,2026-09-05T16:45:57Z,375
1925661,South,PATIALA,Arya Samaj,Unplanned,Closed,2026-09-05T10:30:00Z,2026-09-05T11:25:00Z,55
1925660,South,BARNALA,MOTI BAZAR,Planned,Closed,2026-09-05T10:25:00Z,2026-09-05T13:35:18Z,190
1925659,North,JALANDHAR,GADAI PUR - 2,Unplanned,Closed,2026-09-05T10:25:00Z,2026-09-05T10:45:00Z,20
1925658,North,JALANDHAR,UDYOG NAGAR,Unplanned,Closed,2026-09-05T10:25:00Z,2026-09-05T10:45:00Z,20
1925657,East,ROPAR,11 KV Khairabad UPS,Unplanned,Closed,2026-09-05T10:22:00Z,2026-09-05T10:53:00Z,31
1925655,East,Zirakpur,DEEPAK PIPE,Unplanned,Closed,2026-09-05T10:21:00Z,2026-09-05T11:20:00Z,59
1925654,East,Zirakpur,INDUSTRIAL LALRU,Unplanned,Closed,2026-09-05T10:21:00Z,2026-09-05T11:20:00Z,59
1925656,East,ROPAR,Dashmesh Nagar,Planned,Closed,2026-09-05T10:20:00Z,2026-09-05T11:56:00Z,96
1925653,Border,GURDASPUR,Tharial,Unplanned,Closed,2026-09-05T10:15:00Z,2026-09-05T11:24:00Z,69
1925652,North,JALANDHAR,INDIAN OIL,Unplanned,Closed,2026-09-05T10:10:00Z,2026-09-05T11:12:00Z,62
1925650,West,FEROZPUR,COURT FEEDER,Planned,Closed,2026-09-05T10:06:00Z,2026-09-05T12:04:00Z,118
1925651,West,BATHINDA,CHAK FATEH SINGH CAT-1,Planned,Closed,2026-09-05T10:05:00Z,2026-09-05T12:05:00Z,120
1925646,North,JALANDHAR,GADAIPUR-1,Unplanned,Closed,2026-09-05T10:03:00Z,2026-09-05T10:15:00Z,12
1925647,West,BATHINDA,TOWN,Unplanned,Closed,2026-09-05T10:00:00Z,2026-09-05T10:45:00Z,45
1925649,West,BATHINDA,TALWANDI ROAD,Planned,Closed,2026-09-05T09:51:00Z,2026-09-05T13:02:00Z,191
1925648,North,HOSHIARPUR,Puda Colony,Unplanned,Closed,2026-09-05T09:50:00Z,2026-09-05T10:10:00Z,20
1925621,Border,GURDASPUR,IGC,Unplanned,Closed,2026-09-05T09:39:00Z,2026-09-05T11:25:00Z,106
1925622,South,SANGRUR,Natt UPS,Unplanned,Closed,2026-09-05T09:35:00Z,2026-09-05T10:30:00Z,55
1925639,East,ROPAR,BHAINI,Unplanned,Closed,2026-09-05T09:24:26Z,2026-09-05T11:16:26Z,112
1925638,East,ROPAR,BARWA,Unplanned,Closed,2026-09-05T09:24:26Z,2026-09-05T11:16:26Z,112
1925637,East,ROPAR,Jhangrian,Unplanned,Closed,2026-09-05T09:24:26Z,2026-09-05T11:16:26Z,112
1925636,East,ROPAR,Nurpur Bedi,Unplanned,Closed,2026-09-05T09:24:26Z,2026-09-05T11:16:26Z,112
1925635,East,ROPAR,SAIDPUR,Unplanned,Closed,2026-09-05T09:24:26Z,2026-09-05T11:16:26Z,112
1925634,East,ROPAR,MUKARI,Unplanned,Closed,2026-09-05T09:24:26Z,2026-09-05T11:16:26Z,112
1925633,East,ROPAR,Bassi,Unplanned,Closed,2026-09-05T09:24:26Z,2026-09-05T11:16:26Z,112
1925632,East,ROPAR,HIYATPUR,Unplanned,Closed,2026-09-05T09:24:26Z,2026-09-05T11:16:26Z,112
1925631,East,ROPAR,Asmanpur,Unplanned,Closed,2026-09-05T09:24:26Z,2026-09-05T11:16:26Z,112
1925630,East,ROPAR,Haripur,Unplanned,Closed,2026-09-05T09:24:26Z,2026-09-05T11:16:26Z,112
1925629,East,ROPAR,Thana,Unplanned,Closed,2026-09-05T09:24:26Z,2026-09-05T11:16:26Z,112
1925628,East,ROPAR,AILGRAN,Unplanned,Closed,2026-09-05T09:24:06Z,2026-09-05T11:16:06Z,112
1925627,East,ROPAR,KALWAN,Unplanned,Closed,2026-09-05T09:24:06Z,2026-09-05T11:16:06Z,112
1925626,East,ROPAR,NALHOTI,Unplanned,Closed,2026-09-05T09:24:06Z,2026-09-05T11:16:06Z,112
1925625,East,ROPAR,BHANGLAN,Unplanned,Closed,2026-09-05T09:24:06Z,2026-09-05T11:16:06Z,112
1925624,East,ROPAR,PLATA,Unplanned,Closed,2026-09-05T09:24:06Z,2026-09-05T11:16:06Z,112
1925623,East,ROPAR,SWARA,Unplanned,Closed,2026-09-05T09:24:06Z,2026-09-05T11:16:06Z,112
1925645,East,ROPAR,Bhatton,Unplanned,Closed,2026-09-05T09:24:01Z,2026-09-05T11:16:01Z,112
1925644,East,ROPAR,SRAIN,Unplanned,Closed,2026-09-05T09:24:01Z,2026-09-05T11:16:01Z,112
1925643,East,ROPAR,BAINS,Unplanned,Closed,2026-09-05T09:24:01Z,2026-09-05T11:16:01Z,112
1925642,East,ROPAR,ABIANA,Unplanned,Closed,2026-09-05T09:24:01Z,2026-09-05T11:16:01Z,112
1925641,East,ROPAR,TIBBA TAPPRIAN,Unplanned,Closed,2026-09-05T09:24:01Z,2026-09-05T11:16:01Z,112
1925640,East,ROPAR,JHANDIAN,Unplanned,Closed,2026-09-05T09:24:01Z,2026-09-05T11:16:01Z,112
1925616,Border,GURDASPUR,Tharial,Unplanned,Closed,2026-09-05T09:21:00Z,2026-09-05T10:14:00Z,53
1925620,Border,GURDASPUR,Rampur Talwara,Unplanned,Closed,2026-09-05T09:20:00Z,2026-09-05T11:08:00Z,108
1925619,North,HOSHIARPUR,11KV UPS TERKIANA,Unplanned,Closed,2026-09-05T09:15:00Z,2026-09-05T09:40:00Z,25
1925618,North,HOSHIARPUR,TANDA,Unplanned,Closed,2026-09-05T09:15:00Z,2026-09-05T09:40:00Z,25
1925617,North,JALANDHAR,JULKA ESTATE,Unplanned,Closed,2026-09-05T09:12:00Z,2026-09-05T09:40:00Z,28
1925614,West,FEROZPUR,Gobar Mandi,Unplanned,Closed,2026-09-05T09:10:00Z,2026-09-05T10:21:00Z,71
1925610,West,MUKATSAR,11 KV BAHAV WALA,Planned,Closed,2026-09-05T09:05:45Z,2026-09-05T12:30:44Z,204
1925615,Border,TARN TARAN,KAROWAL,Unplanned,Closed,2026-09-05T09:05:00Z,2026-09-05T09:30:00Z,25
1925613,Central,CITY EAST LUDHIANA,SANTOKH NAGAR,Unplanned,Closed,2026-09-05T09:05:00Z,2026-09-05T09:55:00Z,50
1925612,East,ROPAR,BHANGLAN,Unplanned,Closed,2026-09-05T08:56:00Z,2026-09-05T09:15:00Z,19
1925611,East,MOHALI,Mullanpur,Unplanned,Closed,2026-09-05T08:52:00Z,2026-09-05T09:06:00Z,14
1925608,West,MUKATSAR,11 KV SARDARPURA UPS,Unplanned,Closed,2026-09-05T08:33:59Z,2026-09-05T09:03:04Z,29
1925609,West,FARIDKOT,Qila Nau,Unplanned,Closed,2026-09-05T08:28:00Z,2026-09-05T09:50:00Z,82
1925605,South,SANGRUR,11kv Bank road,Unplanned,Closed,2026-09-05T08:25:03Z,2026-09-05T09:30:00Z,64
1925607,Border,GURDASPUR,Ranipur,Unplanned,Closed,2026-09-05T08:25:00Z,2026-09-05T09:05:00Z,40
1925606,Border,GURDASPUR,Tharial,Unplanned,Closed,2026-09-05T08:25:00Z,2026-09-05T09:05:00Z,40
1925604,West,BATHINDA,11KV KANHAIYA CHOWK,Planned,Closed,2026-09-05T08:11:00Z,2026-09-05T08:22:00Z,11
1925603,Border,GURDASPUR,Najo Chack,Unplanned,Closed,2026-09-05T08:11:00Z,2026-09-05T09:13:00Z,62
1925599,West,FARIDKOT,VIDANT NAGAR,Unplanned,Closed,2026-09-05T07:56:07Z,2026-09-05T09:50:28Z,114
1925601,South,PATIALA,11 KV MILKFOOD,Unplanned,Closed,2026-09-05T07:55:00Z,2026-09-05T09:35:03Z,100
1925600,Border,SUB URBAN AMRITSAR,MAJITHA ROAD BYE PASS,Unplanned,Closed,2026-09-05T07:53:00Z,2026-09-05T09:30:00Z,97
1925602,Border,SUB URBAN AMRITSAR,24 HORS DHADDY,Unplanned,Closed,2026-09-05T07:50:00Z,2026-09-05T09:15:00Z,85
1925598,East,MOHALI,60-A,Unplanned,Closed,2026-09-05T07:50:00Z,2026-09-05T09:00:00Z,70
1925596,West,BATHINDA,JAID,Unplanned,Closed,2026-09-05T07:50:00Z,2026-09-05T09:50:00Z,120
1925595,East,ROPAR,11 KV Badala Road,Unplanned,Closed,2026-09-05T07:49:00Z,2026-09-05T08:52:00Z,63
1925593,South,BARNALA,Bajakhana Road,Unplanned,Closed,2026-09-05T07:45:00Z,2026-09-05T10:55:00Z,190
1925594,East,ROPAR,11 KV Moura,Unplanned,Closed,2026-09-05T07:42:00Z,2026-09-05T07:56:00Z,14
1925597,Border,GURDASPUR,Pangoli,Unplanned,Closed,2026-09-05T07:40:00Z,2026-09-05T08:10:00Z,30
1925587,South,PATIALA,TEHSIL ROAD,Unplanned,Closed,2026-09-05T07:29:00Z,2026-09-05T09:15:00Z,106
1925586,South,PATIALA,CITY SAMANA,Unplanned,Closed,2026-09-05T07:29:00Z,2026-09-05T08:38:00Z,69
1925585,South,PATIALA,MANDI ROAD,Unplanned,Closed,2026-09-05T07:29:00Z,2026-09-05T08:00:00Z,31
1925588,East,MOHALI,Industry Phase 2,Unplanned,Closed,2026-09-05T07:27:00Z,2026-09-05T08:12:00Z,45
1925592,South,PATIALA,Rishi Colony Feeder,Unplanned,Closed,2026-09-05T07:26:00Z,2026-09-05T07:46:00Z,20
1925591,North,NAWANSHAHR,11 KV SALEMPUR,Unplanned,Closed,2026-09-05T07:26:00Z,2026-09-05T08:10:00Z,44
1925590,North,NAWANSHAHR,MALEWAL,Unplanned,Closed,2026-09-05T07:26:00Z,2026-09-05T08:02:00Z,36
1925589,North,NAWANSHAHR,DHARAMPUR,Unplanned,Closed,2026-09-05T07:26:00Z,2026-09-05T07:40:00Z,14
1925584,Border,TARN TARAN,BANIA URBAN,Unplanned,Closed,2026-09-05T07:20:00Z,2026-09-05T14:25:00Z,425
1925583,North,JALANDHAR,11KV UDESIAN,Unplanned,Closed,2026-09-05T07:15:00Z,2026-09-05T07:25:00Z,10
1925579,Central,CITY WEST LUDHIANA,HERKRISHAN NAGAR FEEDER,Unplanned,Closed,2026-09-05T07:05:56Z,2026-09-05T07:40:52Z,34
1925581,Border,GURDASPUR,Taragarh Cat-1,Unplanned,Closed,2026-09-05T07:05:00Z,2026-09-05T08:17:00Z,72
1925580,North,HOSHIARPUR,TANDA,Unplanned,Closed,2026-09-05T07:05:00Z,2026-09-05T08:55:00Z,110
1926052,South,PATIALA,11 kV Cinema Colony,Unplanned,Closed,2026-09-05T07:00:00Z,2026-09-05T10:35:00Z,215
1925582,West,FEROZPUR,MOGA ROAD,Unplanned,Closed,2026-09-05T07:00:00Z,2026-09-05T08:02:00Z,62
1925578,North,KAPURTHALA,Nawi Abadi,Unplanned,Closed,2026-09-05T06:55:00Z,2026-09-05T08:40:00Z,105
1925577,North,HOSHIARPUR,service club,Unplanned,Closed,2026-09-05T06:50:00Z,2026-09-05T08:33:00Z,103
1925576,West,MUKATSAR,Madhav Nagri,Unplanned,Closed,2026-09-05T06:46:11Z,2026-09-05T07:50:39Z,64
1925575,East,ROPAR,Bassi,Unplanned,Closed,2026-09-05T06:40:46Z,2026-09-05T07:05:29Z,24
1925574,North,KAPURTHALA,UPS Sohal Jagir,Unplanned,Closed,2026-09-05T06:30:00Z,2026-09-05T07:23:00Z,53
1925572,North,HOSHIARPUR,BOHAN,Unplanned,Closed,2026-09-05T06:25:00Z,2026-09-05T07:30:00Z,65
1925573,Border,TARN TARAN,Udhonangal,Unplanned,Closed,2026-09-05T06:15:21Z,2026-09-05T07:55:00Z,99
1925570,Border,SUB URBAN AMRITSAR,CHAND INDUSTRY,Unplanned,Closed,2026-09-05T06:05:00Z,2026-09-05T06:55:00Z,50
1925568,West,FARIDKOT,11KV GREEN AVENUE,Unplanned,Closed,2026-09-05T05:57:46Z,2026-09-05T07:10:03Z,72
1925571,South,SANGRUR,INDUSTRIAL,Unplanned,Closed,2026-09-05T05:55:00Z,2026-09-05T07:35:00Z,100
1925569,West,FARIDKOT,MAANA WALA UPS,Unplanned,Closed,2026-09-05T05:51:00Z,2026-09-05T07:48:00Z,117
1925567,North,KAPURTHALA,UPS MAND,Unplanned,Closed,2026-09-05T05:40:00Z,2026-09-05T07:35:00Z,115
1925566,West,FARIDKOT,Bhagtuana UPS,Unplanned,Closed,2026-09-05T05:31:00Z,2026-09-05T06:07:00Z,36
1925538,East,ROPAR,11 KV Gajhpur,Unplanned,Closed,2026-09-05T05:14:00Z,2026-09-05T06:48:35Z,94
1925536,East,ROPAR,Siswan,Unplanned,Closed,2026-09-05T04:05:00Z,2026-09-05T07:15:00Z,190
1925537,Border,GURDASPUR,South City,Unplanned,Closed,2026-09-05T03:50:00Z,2026-09-05T08:55:00Z,305
1925535,Border,GURDASPUR,Roranwali 24 hrs.,Unplanned,Closed,2026-09-05T03:48:00Z,2026-09-05T04:42:00Z,54
1925534,Border,GURDASPUR,DHINDSA,Unplanned,Closed,2026-09-05T03:35:00Z,2026-09-05T06:55:00Z,200
1925533,Central,CITY EAST LUDHIANA,Chand Cinema,Unplanned,Closed,2026-09-05T01:42:00Z,2026-09-05T02:04:00Z,22
1925532,East,ROPAR,11 KV Khairabad UPS,Unplanned,Closed,2026-09-05T01:15:00Z,2026-09-05T01:48:00Z,33
1925531,North,HOSHIARPUR,KHIZARPUR,Unplanned,Closed,2026-09-05T01:05:00Z,2026-09-05T01:40:00Z,35
1925530,Border,GURDASPUR,Islampur No. 1,Unplanned,Closed,2026-09-05T01:00:00Z,2026-09-05T11:05:00Z,605
1925529,East,Zirakpur,NABHA SAHIB,Planned,Closed,2026-09-05T00:57:00Z,2026-09-05T01:40:00Z,43
1925528,East,ROPAR,SHIVJOT,Unplanned,Closed,2026-09-05T00:45:00Z,2026-09-05T01:16:00Z,31
1925527,East,MOHALI,Industrial,Unplanned,Closed,2026-09-05T00:31:00Z,2026-09-05T01:11:00Z,40
1925524,West,FEROZPUR,INDUSTRIAL,Unplanned,Closed,2026-09-05T00:23:00Z,2026-09-05T01:30:00Z,67
1925525,North,NAWANSHAHR,LALLIAN,Unplanned,Closed,2026-09-05T00:18:00Z,2026-09-05T00:48:00Z,30
1925523,East,MOHALI,11KV DERRI UPS,Unplanned,Closed,2026-09-05T00:10:00Z,2026-09-05T00:30:00Z,20
1925526,Border,CITY AMRITSAR,MAKBOOL PURA,Unplanned,Closed,2026-09-05T00:05:00Z,2026-09-05T00:25:00Z,20
1925520,South,SANGRUR,11kv Bank road,Unplanned,Closed,2026-09-04T23:30:25Z,2026-09-04T23:48:11Z,17
1925522,South,PATIALA,BABA DEEP SINGH,Unplanned,Closed,2026-09-04T23:25:00Z,2026-09-05T00:20:00Z,55
1925521,West,BATHINDA,Pakho(URBAN),Unplanned,Closed,2026-09-04T23:20:00Z,2026-09-05T06:00:00Z,400
1925519,North,HOSHIARPUR,BILASPUR,Unplanned,Closed,2026-09-04T23:20:00Z,2026-09-05T00:25:00Z,65
1925518,East,ROPAR,11 KV Khairabad UPS,Unplanned,Closed,2026-09-04T23:00:00Z,2026-09-04T23:20:00Z,20
1925517,East,Zirakpur,SANULI,Unplanned,Closed,2026-09-04T22:51:00Z,2026-09-04T23:30:00Z,39
1925512,Central,CITY EAST LUDHIANA,11KV Mahindra Colony,Unplanned,Closed,2026-09-04T22:05:42Z,2026-09-04T23:00:42Z,55
1925504,Central,CITY WEST LUDHIANA,RANJIT NAGAR FEEDER,Unplanned,Closed,2026-09-04T21:41:39Z,2026-09-04T22:10:38Z,28
1925503,West,BATHINDA,TALWANDI ROAD,Unplanned,Closed,2026-09-04T21:20:00Z,2026-09-04T21:49:00Z,29
1925502,Central,CITY EAST LUDHIANA,R.K.,Unplanned,Closed,2026-09-04T21:19:52Z,2026-09-04T22:05:52Z,46
1925477,Central,CITY WEST LUDHIANA,AZAD NAGAR FEEDER,Unplanned,Closed,2026-09-04T21:01:03Z,2026-09-04T21:51:38Z,50
1925489,Central,KHANNA,Labour Colony,Unplanned,Closed,2026-09-04T21:00:00Z,2026-09-04T23:30:00Z,150
1925476,East,Zirakpur,Sukhmani Sahib,Planned,Closed,2026-09-04T20:50:00Z,2026-09-04T21:05:00Z,15
1925475,East,Zirakpur,NABHA SAHIB,Planned,Closed,2026-09-04T20:50:00Z,2026-09-04T21:05:00Z,15
1925473,West,FEROZPUR,DANA MANDI,Unplanned,Closed,2026-09-04T20:45:00Z,2026-09-04T21:12:00Z,27
1925471,East,Zirakpur,PUNJAB,Unplanned,Closed,2026-09-04T20:45:00Z,2026-09-04T21:17:00Z,32
1925467,West,MUKATSAR,DALMIR KHERA,Unplanned,Closed,2026-09-04T20:41:27Z,2026-09-04T21:17:40Z,36
1925469,West,MUKATSAR,DAULATPURA UPS,Unplanned,Closed,2026-09-04T20:40:47Z,2026-09-04T21:17:59Z,37
1925480,West,BATHINDA,Khark Singh Wala,Unplanned,Closed,2026-09-04T20:40:00Z,2026-09-04T21:58:00Z,78
1925474,East,Zirakpur,RANBAXY,Unplanned,Closed,2026-09-04T20:40:00Z,2026-09-04T21:05:00Z,25
1925470,East,Zirakpur,PEER BABA ROAD,Planned,Closed,2026-09-04T20:40:00Z,2026-09-04T21:05:00Z,25
1925465,East,Zirakpur,Jaskaran,Unplanned,Closed,2026-09-04T20:40:00Z,2026-09-04T21:05:00Z,25
1925468,West,MUKATSAR,MAUJGARH,Unplanned,Closed,2026-09-04T20:37:57Z,2026-09-04T21:17:27Z,39
1925481,North,JALANDHAR,NIHAL GARGH,Unplanned,Closed,2026-09-04T20:35:00Z,2026-09-04T21:30:00Z,55
1925466,South,PATIALA,gobind colony,Unplanned,Closed,2026-09-04T20:35:00Z,2026-09-04T20:50:00Z,15
1925472,Central,CITY EAST LUDHIANA,pearl,Unplanned,Closed,2026-09-04T20:30:59Z,2026-09-04T21:20:59Z,50
1925460,North,JALANDHAR,Chomon,Unplanned,Closed,2026-09-04T20:30:00Z,2026-09-04T21:45:00Z,75
1925455,North,KAPURTHALA,URBAN MARKFED,Unplanned,Closed,2026-09-04T20:30:00Z,2026-09-04T21:03:00Z,33
1925459,West,FARIDKOT,11 KV HIMMATPURA -ups,Unplanned,Closed,2026-09-04T20:26:00Z,2026-09-04T21:01:00Z,35
1925373,North,JALANDHAR,CANAL,Unplanned,Closed,2026-09-04T20:14:00Z,2026-09-04T20:32:00Z,18
1925261,Border,GURDASPUR,CITY 2,Unplanned,Closed,2026-09-04T19:42:00Z,2026-09-04T20:48:00Z,66
1925255,East,Zirakpur,ZIRAKPUR-2,Planned,Closed,2026-09-04T19:38:00Z,2026-09-04T19:45:00Z,7
1925254,East,Zirakpur,ROYAL ESTATE,Planned,Closed,2026-09-04T19:38:00Z,2026-09-04T19:45:00Z,7
1925258,Central,CITY WEST LUDHIANA,ISHER NAGAR FEEDER,Unplanned,Closed,2026-09-04T19:35:11Z,2026-09-04T20:32:21Z,57
1925227,East,Zirakpur,GOLDEN HUT,Unplanned,Closed,2026-09-04T19:33:00Z,2026-09-04T19:51:00Z,18
1925226,East,Zirakpur,MES,Unplanned,Closed,2026-09-04T19:33:00Z,2026-09-04T19:51:00Z,18
1925225,East,Zirakpur,INDUSTRIAL LALRU,Unplanned,Closed,2026-09-04T19:33:00Z,2026-09-04T19:51:00Z,18
1925233,West,MUKATSAR,11 KV TARA ESTATE,Unplanned,Closed,2026-09-04T19:28:50Z,2026-09-04T19:51:58Z,23
1925232,West,MUKATSAR,11 KV GANGA NAGAR ROAD,Unplanned,Closed,2026-09-04T19:28:33Z,2026-09-04T19:51:38Z,23
1925209,East,MOHALI,NIPER,Unplanned,Closed,2026-09-04T19:26:00Z,2026-09-04T20:55:00Z,89
1925206,Central,KHANNA,Tooran,Unplanned,Closed,2026-09-04T19:25:00Z,2026-09-04T20:28:00Z,63
1925205,Central,KHANNA,Labour Colony,Unplanned,Closed,2026-09-04T19:25:00Z,2026-09-04T20:52:00Z,87
1925203,East,Zirakpur,DAPPAR,Unplanned,Closed,2026-09-04T19:22:00Z,2026-09-04T19:50:00Z,28
1925202,East,Zirakpur,DEEPAK PIPE,Unplanned,Closed,2026-09-04T19:22:00Z,2026-09-04T19:51:00Z,29
1925224,Border,GURDASPUR,Behrian,Unplanned,Closed,2026-09-04T19:20:00Z,2026-09-04T19:35:00Z,15
1925204,North,JALANDHAR,CHHOTI BARADARI,Unplanned,Closed,2026-09-04T19:20:00Z,2026-09-04T19:47:00Z,27
1925184,South,SANGRUR,City-I,Unplanned,Closed,2026-09-04T19:15:00Z,2026-09-04T19:45:00Z,30
1925200,Central,KHANNA,JASARA,Unplanned,Closed,2026-09-04T19:09:00Z,2026-09-04T19:38:00Z,29
1925176,West,FARIDKOT,CITY FEEDER MINI SECTRYATE,Unplanned,Closed,2026-09-04T19:05:43Z,2026-09-04T19:50:41Z,44
1925177,West,FEROZPUR,TOWN-2,Unplanned,Closed,2026-09-04T19:00:00Z,2026-09-04T21:12:00Z,132
1925174,South,SANGRUR,UPS THRWA,Unplanned,Closed,2026-09-04T18:55:00Z,2026-09-04T19:35:00Z,40
1925173,South,PATIALA,UPS SANDARSI,Unplanned,Closed,2026-09-04T18:55:00Z,2026-09-04T19:10:00Z,15
1925170,Central,CITY EAST LUDHIANA,WAIT GANJ,Unplanned,Closed,2026-09-04T18:55:00Z,2026-09-04T20:43:00Z,108
1925175,East,Zirakpur,HLP,Unplanned,Closed,2026-09-04T18:54:00Z,2026-09-04T19:35:00Z,41
1925172,Border,GURDASPUR,Dalla UPS,Unplanned,Closed,2026-09-04T18:50:00Z,2026-09-04T19:40:00Z,50
1925171,South,PATIALA,11 KV RADHA SWAMI ROAD,Unplanned,Closed,2026-09-04T18:50:00Z,2026-09-04T19:43:00Z,53
1925169,West,FEROZPUR,COURT FEEDER,Unplanned,Closed,2026-09-04T18:44:00Z,2026-09-04T20:30:00Z,106
1925179,East,Zirakpur,NIMBUA,Unplanned,Closed,2026-09-04T18:40:00Z,2026-09-04T19:10:00Z,30
1925178,East,Zirakpur,MUBARIK PUR INDUSTRIAL,Unplanned,Closed,2026-09-04T18:40:00Z,2026-09-04T19:10:00Z,30
1925168,North,NAWANSHAHR,CITY II,Unplanned,Closed,2026-09-04T18:33:00Z,2026-09-04T19:09:00Z,36
1925135,Central,CITY WEST LUDHIANA,HAPPY FORGING 66KV,Planned,Closed,2026-09-04T18:30:16Z,2026-09-04T22:00:16Z,210
1925134,Central,CITY WEST LUDHIANA,VISHKARMA ALLOYS,Planned,Closed,2026-09-04T18:30:16Z,2026-09-04T22:00:16Z,210
1925133,Central,CITY WEST LUDHIANA,GARG FURNACE U-2 66KV,Planned,Closed,2026-09-04T18:30:16Z,2026-09-04T22:00:16Z,210
1925132,Central,CITY WEST LUDHIANA,SKYWAY,Planned,Closed,2026-09-04T18:30:16Z,2026-09-04T22:00:16Z,210
1925131,Central,CITY WEST LUDHIANA,Batta,Planned,Closed,2026-09-04T18:30:16Z,2026-09-04T22:00:16Z,210
1925130,Central,CITY WEST LUDHIANA,"BALA JI, KNG",Planned,Closed,2026-09-04T18:30:16Z,2026-09-04T22:00:16Z,210
1925129,Central,CITY WEST LUDHIANA,OSWAL ALLOY,Planned,Closed,2026-09-04T18:30:16Z,2026-09-04T22:00:16Z,210
1925128,Central,CITY WEST LUDHIANA,AMAR UDYOG,Planned,Closed,2026-09-04T18:30:16Z,2026-09-04T22:00:16Z,210
1925127,Central,CITY WEST LUDHIANA,JASPAL BANGER RD,Planned,Closed,2026-09-04T18:30:16Z,2026-09-04T22:00:16Z,210
1925126,Central,CITY WEST LUDHIANA,GOBIND RUBBER,Planned,Closed,2026-09-04T18:30:16Z,2026-09-04T22:00:16Z,210
1925125,Central,CITY WEST LUDHIANA,KANGANWAL,Planned,Closed,2026-09-04T18:30:16Z,2026-09-04T22:00:16Z,210
1925124,Central,CITY WEST LUDHIANA,VAIDYA ALLOY,Planned,Closed,2026-09-04T18:30:16Z,2026-09-04T22:00:16Z,210
1925123,Central,CITY WEST LUDHIANA,Texla Road,Planned,Closed,2026-09-04T18:30:16Z,2026-09-04T22:00:16Z,210
1925122,Central,CITY WEST LUDHIANA,SUA ROAD,Planned,Closed,2026-09-04T18:30:16Z,2026-09-04T22:00:16Z,210
1925121,Central,CITY WEST LUDHIANA,S.B.J,Planned,Closed,2026-09-04T18:30:16Z,2026-09-04T22:00:16Z,210
1925120,Central,CITY WEST LUDHIANA,Gobind Rubber 1 New,Planned,Closed,2026-09-04T18:30:16Z,2026-09-04T22:00:16Z,210
1925119,Central,CITY WEST LUDHIANA,HINDUSTAN TYRE,Planned,Closed,2026-09-04T18:30:16Z,2026-09-04T22:00:16Z,210
1925118,Central,CITY WEST LUDHIANA,EASTMAN,Planned,Closed,2026-09-04T18:30:16Z,2026-09-04T22:00:16Z,210
1925117,Central,CITY WEST LUDHIANA,GARG FURNACE,Planned,Closed,2026-09-04T18:30:16Z,2026-09-04T22:00:16Z,210
1925116,Central,CITY WEST LUDHIANA,MAHADEV FORGING,Planned,Closed,2026-09-04T18:30:16Z,2026-09-04T22:00:16Z,210
1925115,Central,CITY WEST LUDHIANA,GARG,Planned,Closed,2026-09-04T18:30:16Z,2026-09-04T22:00:16Z,210
1925114,Central,CITY WEST LUDHIANA,FITTEX,Planned,Closed,2026-09-04T18:30:16Z,2026-09-04T22:00:16Z,210
1925113,Central,CITY WEST LUDHIANA,PANAMA ALLOYS,Planned,Closed,2026-09-04T18:30:16Z,2026-09-04T22:00:16Z,210
1925112,Central,CITY WEST LUDHIANA,SHIVALYA,Planned,Closed,2026-09-04T18:30:16Z,2026-09-04T22:00:16Z,210
1925111,Central,CITY WEST LUDHIANA,THAPSON,Planned,Closed,2026-09-04T18:30:16Z,2026-09-04T22:00:16Z,210
1925110,Central,CITY WEST LUDHIANA,DEMARTE,Planned,Closed,2026-09-04T18:30:16Z,2026-09-04T22:00:16Z,210
1925109,Central,CITY WEST LUDHIANA,GARG COTTON,Planned,Closed,2026-09-04T18:30:16Z,2026-09-04T22:00:16Z,210
1925108,Central,CITY WEST LUDHIANA,TURBO,Planned,Closed,2026-09-04T18:30:16Z,2026-09-04T22:00:16Z,210
1925107,Central,CITY WEST LUDHIANA,NORTH STAR,Planned,Closed,2026-09-04T18:30:16Z,2026-09-04T22:00:16Z,210
1925106,Central,CITY WEST LUDHIANA,RAJ CASTING,Planned,Closed,2026-09-04T18:30:16Z,2026-09-04T22:00:16Z,210
1925105,Central,CITY WEST LUDHIANA,KABIR EMPAX,Planned,Closed,2026-09-04T18:30:16Z,2026-09-04T22:00:16Z,210
1925104,Central,CITY WEST LUDHIANA,SINGLA COLONY,Planned,Closed,2026-09-04T18:30:16Z,2026-09-04T22:00:16Z,210
1925103,Central,CITY WEST LUDHIANA,ANAND MANGAL,Planned,Closed,2026-09-04T18:30:16Z,2026-09-04T22:00:16Z,210
1925102,Central,CITY WEST LUDHIANA,VISHKARMA,Planned,Closed,2026-09-04T18:30:16Z,2026-09-04T22:00:16Z,210
1925101,Central,CITY WEST LUDHIANA,Ujala,Planned,Closed,2026-09-04T18:30:16Z,2026-09-04T22:00:16Z,210
1925100,Central,CITY WEST LUDHIANA,Pawa Road,Planned,Closed,2026-09-04T18:30:16Z,2026-09-04T22:00:16Z,210
1925099,Central,CITY WEST LUDHIANA,Shiv Kripa,Planned,Closed,2026-09-04T18:30:16Z,2026-09-04T22:00:16Z,210
1925098,Central,CITY WEST LUDHIANA,Sukhmani,Planned,Closed,2026-09-04T18:30:16Z,2026-09-04T22:00:16Z,210
1925097,Central,CITY WEST LUDHIANA,Gobind Rubber-2 New,Planned,Closed,2026-09-04T18:30:16Z,2026-09-04T22:00:16Z,210
1925096,Central,CITY WEST LUDHIANA,JD FEBRIC,Planned,Closed,2026-09-04T18:30:16Z,2026-09-04T22:00:16Z,210
1925095,Central,CITY WEST LUDHIANA,DURGA CONCAST,Planned,Closed,2026-09-04T18:30:16Z,2026-09-04T22:00:16Z,210
1925094,Central,CITY WEST LUDHIANA,PROMINENT,Planned,Closed,2026-09-04T18:30:16Z,2026-09-04T22:00:16Z,210
1925093,Central,CITY WEST LUDHIANA,V K CONCAST,Planned,Closed,2026-09-04T18:30:16Z,2026-09-04T22:00:16Z,210
1925092,Central,CITY WEST LUDHIANA,AMRIT RUBBER,Planned,Closed,2026-09-04T18:30:16Z,2026-09-04T22:00:16Z,210
1925091,Central,CITY WEST LUDHIANA,SUDHIR FORGING,Planned,Closed,2026-09-04T18:30:16Z,2026-09-04T22:00:16Z,210
1925090,Central,CITY WEST LUDHIANA,METRO AZAD,Planned,Closed,2026-09-04T18:30:16Z,2026-09-04T22:00:16Z,210
1925089,Central,CITY WEST LUDHIANA,A.S ALLOY,Planned,Closed,2026-09-04T18:30:16Z,2026-09-04T22:00:16Z,210
1925140,Central,CITY WEST LUDHIANA,MANSAROVAR,Planned,Closed,2026-09-04T18:30:13Z,2026-09-04T22:00:13Z,210
1925139,Central,CITY WEST LUDHIANA,Shanker,Planned,Closed,2026-09-04T18:30:13Z,2026-09-04T22:00:13Z,210
1925138,Central,CITY WEST LUDHIANA,L.S.R.,Planned,Closed,2026-09-04T18:30:13Z,2026-09-04T22:00:13Z,210
1925137,Central,CITY WEST LUDHIANA,FORMATIVE,Planned,Closed,2026-09-04T18:30:13Z,2026-09-04T22:00:13Z,210
1925167,South,BARNALA,UPS KUPKALAN,Unplanned,Closed,2026-09-04T18:25:00Z,2026-09-04T18:55:00Z,30
1925163,West,FARIDKOT,11KV Circular Road,Unplanned,Closed,2026-09-04T18:19:14Z,2026-09-04T19:05:45Z,46
1925162,Central,CITY EAST LUDHIANA,NEW VISHNUPURI,Planned,Closed,2026-09-04T18:15:00Z,2026-09-04T18:52:00Z,37
1925149,East,Zirakpur,DAPPAR,Unplanned,Closed,2026-09-04T18:10:00Z,2026-09-04T18:35:00Z,25
1925153,East,Zirakpur,PRITHIM,Planned,Closed,2026-09-04T18:08:00Z,2026-09-04T18:20:00Z,12
1925161,West,MUKATSAR,11 KV Chirag dhani,Unplanned,Closed,2026-09-04T18:06:00Z,2026-09-04T18:16:00Z,10
1925160,West,MUKATSAR,11 KV GANGA NAGAR ROAD,Unplanned,Closed,2026-09-04T18:06:00Z,2026-09-04T18:16:00Z,10
1925159,West,MUKATSAR,11 KV KANDHWALA Road Urban,Unplanned,Closed,2026-09-04T18:06:00Z,2026-09-04T18:16:00Z,10
1925158,West,MUKATSAR,11 KV RIDHI SIDHI URBAN,Unplanned,Closed,2026-09-04T18:06:00Z,2026-09-04T18:16:00Z,10
1925157,West,MUKATSAR,11 KV TARA ESTATE,Unplanned,Closed,2026-09-04T18:06:00Z,2026-09-04T18:16:00Z,10
1925156,West,MUKATSAR,11 KV Alamgarh,Unplanned,Closed,2026-09-04T18:06:00Z,2026-09-04T18:16:00Z,10
1925155,West,MUKATSAR,KRISHNA NAGRI,Unplanned,Closed,2026-09-04T18:06:00Z,2026-09-04T18:16:00Z,10
1925154,West,MUKATSAR,11 KV SIDHU NAGRI,Unplanned,Closed,2026-09-04T18:06:00Z,2026-09-04T18:16:00Z,10
1925152,West,MUKATSAR,INDRA NAGRI,Unplanned,Closed,2026-09-04T18:06:00Z,2026-09-04T18:16:00Z,10
1925151,West,MUKATSAR,11 KV Circular Road,Unplanned,Closed,2026-09-04T18:06:00Z,2026-09-04T18:16:00Z,10
1925150,West,MUKATSAR,11 KV NAI ABADI,Unplanned,Closed,2026-09-04T18:06:00Z,2026-09-04T18:16:00Z,10
1925147,East,Zirakpur,PEER BABA ROAD,Planned,Closed,2026-09-04T17:58:00Z,2026-09-04T19:20:00Z,82
1925146,East,Zirakpur,Sukhmani Sahib,Planned,Closed,2026-09-04T17:58:00Z,2026-09-04T19:20:00Z,82
1925144,Central,CITY WEST LUDHIANA,DABA ROAD FEEDER,Unplanned,Closed,2026-09-04T17:57:15Z,2026-09-04T18:19:55Z,22
1925148,Border,TARN TARAN,KARTARRPUR UPS,Unplanned,Closed,2026-09-04T17:55:00Z,2026-09-04T18:30:47Z,35
1925136,East,Zirakpur,DEEPAK PIPE,Unplanned,Closed,2026-09-04T17:53:00Z,2026-09-04T18:30:00Z,37
1925086,Central,CITY WEST LUDHIANA,METRO FEEDER,Unplanned,Closed,2026-09-04T17:50:20Z,2026-09-04T18:52:23Z,62
1925087,Central,KHANNA,CHANNI,Unplanned,Closed,2026-09-04T17:50:00Z,2026-09-04T18:21:00Z,31
1925143,North,NAWANSHAHR,Barnala Gate,Unplanned,Closed,2026-09-04T17:48:00Z,2026-09-04T18:15:00Z,27
1925088,North,HOSHIARPUR,PENSRA,Unplanned,Closed,2026-09-04T17:48:00Z,2026-09-04T17:55:00Z,7
1925145,West,MUKATSAR,11 KV TAJA PATTI,Unplanned,Closed,2026-09-04T17:45:00Z,2026-09-04T18:09:00Z,24
1925142,West,MUKATSAR,11 KV RATTA TIBBA,Unplanned,Closed,2026-09-04T17:45:00Z,2026-09-04T18:09:00Z,24
1925141,West,MUKATSAR,11 KV GADDAN DOB,Unplanned,Closed,2026-09-04T17:45:00Z,2026-09-04T18:09:00Z,24
1925064,North,KAPURTHALA,UPS TANDA AURA,Unplanned,Closed,2026-09-04T17:42:00Z,2026-09-04T18:00:00Z,18
1925063,North,KAPURTHALA,URBAN MODEL TOWN Shahkot,Unplanned,Closed,2026-09-04T17:42:00Z,2026-09-04T18:10:00Z,28
1925065,North,HOSHIARPUR,NANGAL BIHALAN,Unplanned,Closed,2026-09-04T17:40:00Z,2026-09-04T17:55:00Z,15
1925062,East,MOHALI,11KV Sector 101,Unplanned,Closed,2026-09-04T17:37:39Z,2026-09-04T17:56:05Z,18
1925070,East,Zirakpur,ZIRAKPUR-2,Planned,Closed,2026-09-04T17:37:00Z,2026-09-04T17:46:00Z,9
1925066,East,Zirakpur,ROYAL ESTATE,Planned,Closed,2026-09-04T17:37:00Z,2026-09-04T17:46:00Z,9
1925060,South,SANGRUR,24 HRS. CHANGALIWALA,Unplanned,Closed,2026-09-04T17:30:00Z,2026-09-04T19:25:00Z,115
1925061,West,MUKATSAR,Mithri,Unplanned,Closed,2026-09-04T17:26:00Z,2026-09-04T18:10:00Z,44
1925058,West,FARIDKOT,JHARI WALA,Unplanned,Closed,2026-09-04T17:25:24Z,2026-09-04T18:06:26Z,41
1925057,West,FARIDKOT,GOLEWALA,Unplanned,Closed,2026-09-04T17:25:24Z,2026-09-04T18:15:30Z,50
1925082,North,NAWANSHAHR,GNA-II,Unplanned,Closed,2026-09-04T17:25:00Z,2026-09-04T18:25:00Z,60
1925059,Central,CITY EAST LUDHIANA,11 KV MAYA PURI,Unplanned,Closed,2026-09-04T17:25:00Z,2026-09-04T19:10:00Z,105
1925054,Central,KHANNA,Labour Colony,Unplanned,Closed,2026-09-04T17:14:00Z,2026-09-04T17:47:00Z,33
1925053,Border,SUB URBAN AMRITSAR,BASKEGILLAN UPS,Unplanned,Closed,2026-09-04T17:13:24Z,2026-09-04T17:25:12Z,11
1925051,Border,SUB URBAN AMRITSAR,24 Hrs Bhadiar,Unplanned,Closed,2026-09-04T17:12:32Z,2026-09-04T17:21:09Z,8
1925049,South,SANGRUR,11 KV ROHI AP,Planned,Closed,2026-09-04T17:10:03Z,2026-09-04T18:45:23Z,95
1925055,North,HOSHIARPUR,PATTI NO-2,Unplanned,Closed,2026-09-04T17:10:00Z,2026-09-04T18:45:00Z,95
1925046,Central,CITY WEST LUDHIANA,LOHARA,Unplanned,Closed,2026-09-04T17:09:27Z,2026-09-04T18:13:51Z,64
1925048,West,FARIDKOT,11KV Chehal UPS,Unplanned,Closed,2026-09-04T17:08:19Z,2026-09-04T17:21:25Z,13
1925052,North,HOSHIARPUR,RAILWAY STATION,Unplanned,Closed,2026-09-04T17:08:00Z,2026-09-04T17:48:00Z,40
1925050,East,MOHALI,11 KV RAIPUR KALAN UPS,Unplanned,Closed,2026-09-04T17:05:00Z,2026-09-04T17:18:09Z,13
1925045,North,HOSHIARPUR,MEGHOWAL,Unplanned,Closed,2026-09-04T17:03:00Z,2026-09-04T17:42:00Z,39
1925041,Border,CITY AMRITSAR,City Feeder,Unplanned,Closed,2026-09-04T17:02:09Z,2026-09-04T18:55:49Z,113
1925039,Border,CITY AMRITSAR,EAST MOHAN NAGAR,Unplanned,Closed,2026-09-04T17:02:09Z,2026-09-04T17:55:31Z,53
1925040,South,SANGRUR,Dhura Road,Unplanned,Closed,2026-09-04T17:02:00Z,2026-09-04T17:55:00Z,53
1925043,East,Zirakpur,JEOLY,Unplanned,Closed,2026-09-04T17:01:00Z,2026-09-04T18:00:00Z,59
1925056,West,FEROZPUR,COURT FEEDER,Unplanned,Closed,2026-09-04T17:00:00Z,2026-09-04T18:40:00Z,100
1925047,West,FEROZPUR,MADHRE,Unplanned,Closed,2026-09-04T17:00:00Z,2026-09-04T18:40:00Z,100
1925019,West,MUKATSAR,11 KV Malookpura UPS,Unplanned,Closed,2026-09-04T16:56:20Z,2026-09-04T17:28:29Z,32
1925042,East,Zirakpur,INDUSTRIAL LALRU,Unplanned,Closed,2026-09-04T16:55:00Z,2026-09-04T17:57:00Z,62
1925038,North,JALANDHAR,BADDON,Unplanned,Closed,2026-09-04T16:55:00Z,2026-09-04T17:25:00Z,30
1925037,East,Zirakpur,11KV Dream Home,Planned,Closed,2026-09-04T16:55:00Z,2026-09-04T17:10:00Z,15
1925025,East,Zirakpur,11kv Hanumant Feeder,Planned,Closed,2026-09-04T16:55:00Z,2026-09-04T17:10:00Z,15
1925024,East,Zirakpur,TRY CITY,Planned,Closed,2026-09-04T16:55:00Z,2026-09-04T17:10:00Z,15
1925022,East,Zirakpur,Sukhmani Sahib,Planned,Closed,2026-09-04T16:54:00Z,2026-09-04T17:40:00Z,46
1925021,East,Zirakpur,NABHA SAHIB,Planned,Closed,2026-09-04T16:54:00Z,2026-09-04T17:40:00Z,46
1925020,East,Zirakpur,PEER BABA ROAD,Planned,Closed,2026-09-04T16:54:00Z,2026-09-04T17:40:00Z,46
1925017,East,MOHALI,11 KV SUKHNA ENCLAVE,Unplanned,Closed,2026-09-04T16:53:22Z,2026-09-04T17:21:30Z,28
1925016,West,FEROZPUR,11 KV Delhi Gate,Unplanned,Closed,2026-09-04T16:50:00Z,2026-09-04T17:50:00Z,60
1925015,Border,TARN TARAN,URBAN PATTI CITY,Unplanned,Closed,2026-09-04T16:50:00Z,2026-09-04T17:50:00Z,60
1925036,North,NAWANSHAHR,NANGLAN,Unplanned,Closed,2026-09-04T16:42:14Z,2026-09-04T18:47:14Z,125
1925035,North,NAWANSHAHR,CHANDPUR RURKI,Unplanned,Closed,2026-09-04T16:42:14Z,2026-09-04T18:47:14Z,125
1925034,North,NAWANSHAHR,ROR MAJRA,Unplanned,Closed,2026-09-04T16:42:14Z,2026-09-04T18:47:14Z,125
1925033,North,NAWANSHAHR,BINEWAL,Unplanned,Closed,2026-09-04T16:42:14Z,2026-09-04T18:47:14Z,125
1925032,North,NAWANSHAHR,SAROYA,Unplanned,Closed,2026-09-04T16:42:14Z,2026-09-04T18:47:14Z,125
1925031,North,NAWANSHAHR,KARIMPUR DHIANI,Unplanned,Closed,2026-09-04T16:42:14Z,2026-09-04T18:47:14Z,125
1925030,North,NAWANSHAHR,11 KV Buthgarh,Unplanned,Closed,2026-09-04T16:42:14Z,2026-09-04T18:47:14Z,125
1925029,North,NAWANSHAHR,MALEWAL,Unplanned,Closed,2026-09-04T16:42:14Z,2026-09-04T18:47:14Z,125
1925028,North,NAWANSHAHR,DAYALAN,Unplanned,Closed,2026-09-04T16:42:14Z,2026-09-04T18:47:14Z,125
1925027,North,NAWANSHAHR,CHAK GURU,Unplanned,Closed,2026-09-04T16:42:14Z,2026-09-04T18:47:14Z,125
1925026,North,NAWANSHAHR,ALLOWAL,Unplanned,Closed,2026-09-04T16:42:14Z,2026-09-04T18:47:14Z,125
1925010,South,SANGRUR,11 KV JAKHEPAL URBAN,Unplanned,Closed,2026-09-04T16:40:00Z,2026-09-04T17:38:00Z,58
1925009,South,SANGRUR,Rohi Babe ka Hambelwass,Unplanned,Closed,2026-09-04T16:40:00Z,2026-09-04T17:36:00Z,56
1925008,East,Zirakpur,DEEPAK PIPE,Unplanned,Closed,2026-09-04T16:40:00Z,2026-09-04T17:30:00Z,50
1925018,East,Zirakpur,ORBIT,Unplanned,Closed,2026-09-04T16:36:00Z,2026-09-04T17:35:00Z,59
1925014,West,FEROZPUR,SODHE WALA,Unplanned,Closed,2026-09-04T16:30:00Z,2026-09-04T17:06:00Z,36
1925013,West,FEROZPUR,Makhu Gate,Unplanned,Closed,2026-09-04T16:30:00Z,2026-09-04T17:09:00Z,39
1925012,West,FEROZPUR,DANA MANDI,Unplanned,Closed,2026-09-04T16:30:00Z,2026-09-04T17:20:00Z,50
1925011,West,BATHINDA,COURT,Unplanned,Closed,2026-09-04T16:30:00Z,2026-09-04T17:10:00Z,40
1925005,East,Zirakpur,SEVEN STAR,Unplanned,Closed,2026-09-04T16:30:00Z,2026-09-04T17:15:00Z,45
1925004,South,PATIALA,GURU NANAK NAGAR,Unplanned,Closed,2026-09-04T16:30:00Z,2026-09-04T17:15:00Z,45
1925002,Border,TARN TARAN,Jandiala Road Urban.,Unplanned,Closed,2026-09-04T16:30:00Z,2026-09-04T16:45:00Z,15
1925000,West,FEROZPUR,JUNG,Planned,Closed,2026-09-04T16:30:00Z,2026-09-04T17:16:00Z,46
1925079,East,ROPAR,SHEIKHPURA,Unplanned,Closed,2026-09-04T16:25:00Z,2026-09-04T19:55:00Z,210
1925023,South,PATIALA,ANAAJ MANDI,Unplanned,Closed,2026-09-04T16:25:00Z,2026-09-04T16:55:00Z,30
1925007,West,BATHINDA,MAIN BAZAR,Unplanned,Closed,2026-09-04T16:25:00Z,2026-09-04T18:35:00Z,130
1924999,North,KAPURTHALA,Hundal Feeder,Unplanned,Closed,2026-09-04T16:23:00Z,2026-09-04T17:40:00Z,77
1924998,North,KAPURTHALA,UPS Seowal,Unplanned,Closed,2026-09-04T16:23:00Z,2026-09-04T17:40:00Z,77
1924993,West,FARIDKOT,11 KV BUTTAR,Unplanned,Closed,2026-09-04T16:17:36Z,2026-09-04T17:47:24Z,89
1925006,West,BATHINDA,Giana,Unplanned,Closed,2026-09-04T16:16:00Z,2026-09-04T17:55:00Z,99
1925001,South,SANGRUR,CHURAL UPS,Unplanned,Closed,2026-09-04T16:15:00Z,2026-09-04T17:15:00Z,60
1924997,East,Zirakpur,PEER MUCHHALA,Planned,Closed,2026-09-04T16:15:00Z,2026-09-04T16:25:00Z,10
1924996,East,Zirakpur,11KV Dream Home,Unplanned,Closed,2026-09-04T16:15:00Z,2026-09-04T16:25:00Z,10
1924994,West,MUKATSAR,11 KV SARDARPURA UPS,Unplanned,Closed,2026-09-04T16:13:00Z,2026-09-04T17:03:05Z,50
1924995,South,SANGRUR,11 KV SULARGHRAT UPS,Unplanned,Closed,2026-09-04T16:12:00Z,2026-09-04T16:55:00Z,43
1924992,South,SANGRUR,UBHEWAL,Unplanned,Closed,2026-09-04T16:11:45Z,2026-09-04T18:41:55Z,150
1924988,West,FARIDKOT,KANIYAWALI KHURD,Unplanned,Closed,2026-09-04T16:05:29Z,2026-09-04T16:12:41Z,7
1924991,West,BATHINDA,INDUSTRIAL,Unplanned,Closed,2026-09-04T16:05:00Z,2026-09-04T16:45:00Z,40
1924990,South,SANGRUR,Sunam Road,Unplanned,Closed,2026-09-04T16:05:00Z,2026-09-04T18:00:00Z,115
1925003,South,BARNALA,MOTI BAZAR,Unplanned,Closed,2026-09-04T16:00:00Z,2026-09-04T16:40:00Z,40
1924986,East,Zirakpur,LALRU MANDI,Unplanned,Closed,2026-09-04T16:00:00Z,2026-09-04T16:30:00Z,30
1924983,Central,CITY EAST LUDHIANA,B.P ALLOYS,Unplanned,Closed,2026-09-04T15:58:23Z,2026-09-04T16:20:27Z,22
1924987,West,BATHINDA,BUNGA SAHIB UPS,Unplanned,Closed,2026-09-04T15:55:00Z,2026-09-04T18:10:00Z,135
1924985,East,Zirakpur,LALRU MANDI,Unplanned,Closed,2026-09-04T15:55:00Z,2026-09-04T16:50:00Z,55
1924989,South,SANGRUR,UBHEWAL,Unplanned,Closed,2026-09-04T15:53:18Z,2026-09-04T16:04:32Z,11
1924981,South,SANGRUR,KOHRIAN C1 (GRID KOHRIAN),Unplanned,Closed,2026-09-04T15:50:00Z,2026-09-04T17:10:00Z,80
1924980,Border,GURDASPUR,24Hrs U.P.S. KOTLA CHAHAL,Unplanned,Closed,2026-09-04T15:45:00Z,2026-09-04T16:15:00Z,30
1924978,Central,KHANNA,Chander Lok,Planned,Closed,2026-09-04T15:44:22Z,2026-09-04T16:16:38Z,32
1924979,South,SANGRUR,UPS PATRAN,Unplanned,Closed,2026-09-04T15:40:00Z,2026-09-04T18:20:00Z,160
1924977,West,BATHINDA,Mehraj,Planned,Closed,2026-09-04T15:40:00Z,2026-09-04T16:55:00Z,75
1924976,Central,KHANNA,SALANA UPS,Unplanned,Closed,2026-09-04T15:40:00Z,2026-09-04T16:00:00Z,20
1924984,West,BATHINDA,Aehmadpur UPS,Unplanned,Closed,2026-09-04T15:34:00Z,2026-09-04T18:10:00Z,156
1924973,South,PATIALA,Bahera Road,Unplanned,Closed,2026-09-04T15:30:11Z,2026-09-04T16:57:00Z,86
1924972,South,PATIALA,11 KV BANK FEEDER,Unplanned,Closed,2026-09-04T15:30:10Z,2026-09-04T15:41:20Z,11
1924982,West,BATHINDA,SIHAN PATTI URBAN,Unplanned,Closed,2026-09-04T15:30:00Z,2026-09-04T16:42:00Z,72
1924974,South,SANGRUR,KULAR KHURD C-1,Unplanned,Closed,2026-09-04T15:30:00Z,2026-09-04T17:10:00Z,100
1924969,South,BARNALA,Badbar CAT-I,Unplanned,Closed,2026-09-04T15:30:00Z,2026-09-04T16:20:00Z,50
1924971,Border,SUB URBAN AMRITSAR,11 KV PASSPORT OFFICE,Unplanned,Closed,2026-09-04T15:26:00Z,2026-09-04T16:00:00Z,34
1924967,Border,GURDASPUR,BHAM UPS,Unplanned,Closed,2026-09-04T15:25:00Z,2026-09-04T15:45:00Z,20
1924965,East,Zirakpur,HAIBAT PUR INDUSTRY,Unplanned,Closed,2026-09-04T15:25:00Z,2026-09-04T16:18:00Z,53
1924964,West,FEROZPUR,Police Line,Unplanned,Closed,2026-09-04T15:24:00Z,2026-09-04T16:49:00Z,85
1924966,East,ROPAR,UPS SAHO MAJRA,Unplanned,Closed,2026-09-04T15:22:00Z,2026-09-04T16:21:00Z,59
1924962,West,BATHINDA,Bhikhi Urban,Unplanned,Closed,2026-09-04T15:20:00Z,2026-09-04T16:35:00Z,75
1924956,North,NAWANSHAHR,TAKARLA,Unplanned,Closed,2026-09-04T15:20:00Z,2026-09-04T15:50:00Z,30
1924959,East,Zirakpur,Main Bazar,Unplanned,Closed,2026-09-04T15:19:00Z,2026-09-04T16:19:00Z,60
1924970,West,FEROZPUR,HABIB WALA,Unplanned,Closed,2026-09-04T15:18:00Z,2026-09-04T16:52:00Z,94
1924968,West,FEROZPUR,UPS FEEDER,Unplanned,Closed,2026-09-04T15:18:00Z,2026-09-04T16:50:00Z,92
1924963,West,BATHINDA,Budhlada Road,Unplanned,Closed,2026-09-04T15:15:00Z,2026-09-04T16:35:00Z,80
1924958,South,BARNALA,BABA VEERA DASS JI,Unplanned,Closed,2026-09-04T15:15:00Z,2026-09-04T16:50:00Z,95
1924955,South,SANGRUR,BAMAL,Unplanned,Closed,2026-09-04T15:15:00Z,2026-09-04T16:15:00Z,60
1924954,East,Zirakpur,MIAN PUR,Unplanned,Closed,2026-09-04T15:15:00Z,2026-09-04T15:45:00Z,30
1924952,West,MUKATSAR,KRISHNA NAGRI,Unplanned,Closed,2026-09-04T15:14:45Z,2026-09-04T15:28:52Z,14
1924950,North,HOSHIARPUR,11kV Jandwal UPS,Unplanned,Closed,2026-09-04T15:12:00Z,2026-09-04T15:15:00Z,3
1924975,Central,CITY EAST LUDHIANA,11 KV MAYA PURI,Unplanned,Closed,2026-09-04T15:10:00Z,2026-09-04T17:00:00Z,110
1924957,West,MUKATSAR,BADAL-2,Unplanned,Closed,2026-09-04T15:10:00Z,2026-09-04T16:22:00Z,72
1925044,Border,GURDASPUR,KHUNDA,Unplanned,Closed,2026-09-04T15:05:00Z,2026-09-04T16:58:00Z,113
1924948,South,SANGRUR,Haryou UPS,Unplanned,Closed,2026-09-04T15:05:00Z,2026-09-04T15:50:00Z,45
1924941,North,JALANDHAR,CHACHOKI COLONY,Unplanned,Closed,2026-09-04T15:00:00Z,2026-09-04T15:13:00Z,13
1924940,North,JALANDHAR,INDUSTRY AREA,Unplanned,Closed,2026-09-04T15:00:00Z,2026-09-04T15:13:00Z,13
1924938,Border,CITY AMRITSAR,City Feeder,Unplanned,Closed,2026-09-04T14:55:08Z,2026-09-04T15:18:55Z,23
1924951,South,SANGRUR,UPS Guru Nanak Nagar,Unplanned,Closed,2026-09-04T14:55:00Z,2026-09-04T16:50:00Z,115
1924944,East,Zirakpur,KALGIDHAR,Planned,Closed,2026-09-04T14:55:00Z,2026-09-04T15:30:00Z,35
1924943,East,Zirakpur,TRY CITY,Planned,Closed,2026-09-04T14:55:00Z,2026-09-04T14:59:00Z,4
1924942,East,Zirakpur,11kv Hanumant Feeder,Unplanned,Closed,2026-09-04T14:55:00Z,2026-09-04T14:59:00Z,4
1924949,West,FEROZPUR,POLYTECHNIC COLLEGE,Unplanned,Closed,2026-09-04T14:50:00Z,2026-09-04T16:22:00Z,92
1924947,South,SANGRUR,POLICE LINE,Unplanned,Closed,2026-09-04T14:50:00Z,2026-09-04T15:45:00Z,55
1924939,South,SANGRUR,UPS BOPUR,Unplanned,Closed,2026-09-04T14:50:00Z,2026-09-04T16:25:00Z,95
1924933,East,Zirakpur,Sukhmani Sahib,Unplanned,Closed,2026-09-04T14:47:00Z,2026-09-04T15:07:00Z,20
1924935,South,SANGRUR,11KV UPS TOGAWAL,Unplanned,Closed,2026-09-04T14:46:00Z,2026-09-04T15:14:00Z,28
1924945,Border,GURDASPUR,PASSNAWAL,Unplanned,Closed,2026-09-04T14:40:00Z,2026-09-04T17:40:00Z,180
1924932,South,SANGRUR,CITY LEHRA,Unplanned,Closed,2026-09-04T14:40:00Z,2026-09-04T16:30:00Z,110
1924930,North,KAPURTHALA,Chawinda,Unplanned,Closed,2026-09-04T14:39:00Z,2026-09-04T15:23:00Z,44
1924929,North,KAPURTHALA,UPS MALLIWAL,Unplanned,Closed,2026-09-04T14:39:00Z,2026-09-04T15:24:00Z,45
1924946,South,SANGRUR,11 KV SITASAR URBAN,Unplanned,Closed,2026-09-04T14:38:00Z,2026-09-04T16:15:00Z,97
1924927,South,SANGRUR,DYALGARH,Unplanned,Closed,2026-09-04T14:36:00Z,2026-09-04T16:28:00Z,112
1924931,Border,SUB URBAN AMRITSAR,silverstate,Unplanned,Closed,2026-09-04T14:32:24Z,2026-09-04T15:18:00Z,45
1924961,South,PATIALA,Panjiri Plant,Unplanned,Closed,2026-09-04T14:30:00Z,2026-09-04T16:55:00Z,145
1924960,South,PATIALA,PATIALA RAOD,Unplanned,Closed,2026-09-04T14:30:00Z,2026-09-04T16:20:00Z,110
1924937,South,SANGRUR,11 KV LEHRA ROAD C2,Unplanned,Closed,2026-09-04T14:30:00Z,2026-09-04T15:16:00Z,46
1924936,South,SANGRUR,11 KV KHADIAL ROAD C2,Unplanned,Closed,2026-09-04T14:30:00Z,2026-09-04T15:15:00Z,45
1924934,South,BARNALA,UPS HATHOA,Unplanned,Closed,2026-09-04T14:30:00Z,2026-09-04T15:10:00Z,40
1924926,Border,TARN TARAN,Piddi,Unplanned,Closed,2026-09-04T14:30:00Z,2026-09-04T16:02:00Z,92
1924925,North,JALANDHAR,11 KV Lal Kurti Feeder,Unplanned,Closed,2026-09-04T14:30:00Z,2026-09-04T14:45:00Z,15
1924928,Border,SUB URBAN AMRITSAR,SUNCITY,Unplanned,Closed,2026-09-04T14:28:24Z,2026-09-04T15:39:00Z,70
1924921,Central,CITY WEST LUDHIANA,DABA ROAD FEEDER,Unplanned,Closed,2026-09-04T14:25:40Z,2026-09-04T15:08:39Z,42
1924924,North,NAWANSHAHR,Danduwal,Unplanned,Closed,2026-09-04T14:25:00Z,2026-09-04T16:15:00Z,110
1924922,South,SANGRUR,MOONAK CITY,Unplanned,Closed,2026-09-04T14:25:00Z,2026-09-04T16:15:00Z,110
1924923,South,SANGRUR,11 KV BHRAMKUMARI,Unplanned,Closed,2026-09-04T14:23:00Z,2026-09-04T15:47:00Z,84
1924917,Central,KHANNA,MALERKOTLA ROAD,Unplanned,Closed,2026-09-04T14:21:35Z,2026-09-04T14:54:50Z,33
1924953,South,SANGRUR,11 KV BAHADURPUR UPS,Unplanned,Closed,2026-09-04T14:21:00Z,2026-09-04T16:13:00Z,112
1924920,South,PATIALA,DARSHANI GATE,Unplanned,Closed,2026-09-04T14:20:00Z,2026-09-04T15:05:00Z,45
1924919,South,SANGRUR,11 KV SULARGHRAT UPS,Unplanned,Closed,2026-09-04T14:20:00Z,2026-09-04T15:47:00Z,87
1924918,North,JALANDHAR,11 kv central town,Unplanned,Closed,2026-09-04T14:20:00Z,2026-09-04T15:10:00Z,50
1924915,East,Zirakpur,PUNJAB,Unplanned,Closed,2026-09-04T14:16:00Z,2026-09-04T14:58:00Z,42
1924911,South,SANGRUR,11kv Bank road,Unplanned,Closed,2026-09-04T14:15:00Z,2026-09-04T14:52:00Z,37
1924910,South,SANGRUR,Dharampura,Unplanned,Closed,2026-09-04T14:15:00Z,2026-09-04T14:52:00Z,37
1924916,South,SANGRUR,BUGRAN UPS,Unplanned,Closed,2026-09-04T14:12:00Z,2026-09-04T16:07:00Z,115
1924905,South,PATIALA,URBAN NANAKSAR,Unplanned,Closed,2026-09-04T14:10:00Z,2026-09-04T14:35:00Z,25
1924903,Central,CITY EAST LUDHIANA,RAMAL INDUSTRY,Unplanned,Closed,2026-09-04T14:07:48Z,2026-09-04T14:37:55Z,30
1924912,North,JALANDHAR,11 kv CHILDERN PARK NO. 1,Unplanned,Closed,2026-09-04T14:05:00Z,2026-09-04T14:35:00Z,30
1924906,North,KAPURTHALA,11 KV urban New Dana Mandi,Unplanned,Closed,2026-09-04T14:04:00Z,2026-09-04T14:45:00Z,41
1924898,East,MOHALI,11 KV Kansal,Unplanned,Closed,2026-09-04T14:02:19Z,2026-09-04T14:42:59Z,40
1924901,North,HOSHIARPUR,11 KV Jahankhelan,Planned,Closed,2026-09-04T14:02:00Z,2026-09-04T14:15:00Z,13
1924904,South,SANGRUR,CHHAHAR UPS,Unplanned,Closed,2026-09-04T14:01:00Z,2026-09-04T15:40:00Z,99
1924902,South,SANGRUR,Bangawali,Unplanned,Closed,2026-09-04T14:01:00Z,2026-09-04T15:49:00Z,108
1924899,South,PATIALA,UPS Mulabadha,Unplanned,Closed,2026-09-04T14:01:00Z,2026-09-04T14:31:00Z,30
1924908,South,SANGRUR,UPS BHAMANMAJARA,Unplanned,Closed,2026-09-04T14:00:00Z,2026-09-04T16:10:00Z,130
1924907,South,SANGRUR,Mandi Road,Unplanned,Closed,2026-09-04T14:00:00Z,2026-09-04T14:30:00Z,30
1924909,East,Zirakpur,Jaskaran,Unplanned,Closed,2026-09-04T13:55:00Z,2026-09-04T18:50:00Z,295
1924900,South,SANGRUR,Jeewan Nagar,Unplanned,Closed,2026-09-04T13:55:00Z,2026-09-04T15:50:00Z,115
1924894,East,ROPAR,11 KV Arya College Road,Unplanned,Closed,2026-09-04T13:52:00Z,2026-09-04T14:38:00Z,46
1924896,East,MOHALI,Mullanpur,Unplanned,Closed,2026-09-04T13:50:36Z,2026-09-04T14:18:09Z,27
1924913,East,Zirakpur,HARMILAP NAGAR,Unplanned,Closed,2026-09-04T13:50:00Z,2026-09-04T15:05:00Z,75
1924897,North,HOSHIARPUR,Tanda City,Unplanned,Closed,2026-09-04T13:50:00Z,2026-09-04T15:20:00Z,90
1924892,South,PATIALA,ups Ambala Road,Unplanned,Closed,2026-09-04T13:50:00Z,2026-09-04T15:15:00Z,85
1924893,South,PATIALA,BSNL,Unplanned,Closed,2026-09-04T13:48:00Z,2026-09-04T16:35:00Z,167
1924895,South,SANGRUR,NANKIANA SAHIB,Unplanned,Closed,2026-09-04T13:47:00Z,2026-09-04T15:25:00Z,98
1924891,Central,CITY WEST LUDHIANA,BASANT AVENUE,Planned,Closed,2026-09-04T13:46:39Z,2026-09-04T14:04:57Z,18
1924890,North,NAWANSHAHR,BHAJJAL,Unplanned,Closed,2026-09-04T13:44:00Z,2026-09-04T14:26:00Z,42
1924889,Central,CITY EAST LUDHIANA,SAINI PRECESSION,Unplanned,Closed,2026-09-04T13:43:49Z,2026-09-04T14:08:11Z,24
1924914,South,SANGRUR,Natt UPS,Unplanned,Closed,2026-09-04T13:43:00Z,2026-09-04T16:15:00Z,152
1924884,South,SANGRUR,11 KV RAM NAGAR URBAN,Unplanned,Closed,2026-09-04T13:35:00Z,2026-09-04T14:24:00Z,49
1924887,North,HOSHIARPUR,11kv kotli,Unplanned,Closed,2026-09-04T13:30:00Z,2026-09-04T15:10:00Z,100
1924886,North,HOSHIARPUR,11kV Jandwal UPS,Unplanned,Closed,2026-09-04T13:30:00Z,2026-09-04T15:10:00Z,100
1924878,North,JALANDHAR,11 KV GULAB DEVI,Unplanned,Closed,2026-09-04T13:26:00Z,2026-09-04T13:52:00Z,26
1924885,South,SANGRUR,Punnawal  UPS,Unplanned,Closed,2026-09-04T13:23:00Z,2026-09-04T16:05:00Z,162
1924877,South,PATIALA,Anardana,Unplanned,Closed,2026-09-04T13:22:00Z,2026-09-04T14:43:00Z,81
1924876,South,PATIALA,shera wala gate,Unplanned,Closed,2026-09-04T13:22:00Z,2026-09-04T14:43:04Z,81
1924875,South,BARNALA,Moom UPS,Unplanned,Closed,2026-09-04T13:20:00Z,2026-09-04T15:20:00Z,120
1924874,Border,TARN TARAN,Dhotian UPS (KMK),Unplanned,Closed,2026-09-04T13:20:00Z,2026-09-04T14:30:00Z,70
1924873,South,SANGRUR,UPS SIHAL,Unplanned,Closed,2026-09-04T13:20:00Z,2026-09-04T15:10:00Z,110
1924869,East,ROPAR,TIBBA TAPPRIAN,Unplanned,Closed,2026-09-04T13:15:00Z,2026-09-04T13:50:00Z,35
1924868,East,MOHALI,11KV BARI AP,Unplanned,Closed,2026-09-04T13:14:14Z,2026-09-04T15:00:00Z,105
1924882,South,BARNALA,WAZIDKE 24 HRS,Unplanned,Closed,2026-09-04T13:11:00Z,2026-09-04T15:15:00Z,124
1924888,South,PATIALA,INDUSTRIAL NO 2 (FP),Unplanned,Closed,2026-09-04T13:10:00Z,2026-09-04T13:45:00Z,35
1924883,Border,TARN TARAN,KARTARRPUR UPS,Unplanned,Closed,2026-09-04T13:10:00Z,2026-09-04T14:05:23Z,55
1924872,South,PATIALA,Nabha Gate,Unplanned,Closed,2026-09-04T13:10:00Z,2026-09-04T14:35:57Z,85
1924871,South,PATIALA,KISHAN NAGAR,Unplanned,Closed,2026-09-04T13:10:00Z,2026-09-04T14:35:37Z,85
1924860,Central,CITY EAST LUDHIANA,ARORA DYEING,Unplanned,Closed,2026-09-04T13:08:49Z,2026-09-04T13:40:00Z,31
1924862,North,JALANDHAR,NEW MODEL TOWN,Unplanned,Closed,2026-09-04T13:06:00Z,2026-09-04T13:20:00Z,14
1924870,South,BARNALA,UPS PANJGARIAN,Unplanned,Closed,2026-09-04T13:05:17Z,2026-09-04T13:55:56Z,50
1924867,South,BARNALA,THIKRIWALA CITY,Unplanned,Closed,2026-09-04T13:05:00Z,2026-09-04T15:40:00Z,155
1924861,South,PATIALA,URBAN NANAKSAR,Unplanned,Closed,2026-09-04T13:05:00Z,2026-09-04T14:05:00Z,60
1924855,Central,CITY WEST LUDHIANA,LOHARA,Unplanned,Closed,2026-09-04T13:04:44Z,2026-09-04T14:10:47Z,66
1924866,East,MOHALI,LOGISTIC,Unplanned,Closed,2026-09-04T13:01:22Z,2026-09-04T15:00:00Z,118
1924865,East,MOHALI,SIGMA,Unplanned,Closed,2026-09-04T13:01:22Z,2026-09-04T15:00:00Z,118
1924863,South,PATIALA,11 KV RAI MAJRA,Unplanned,Closed,2026-09-04T13:01:08Z,2026-09-04T14:12:18Z,71
1924854,South,PATIALA,ANAJ MANDI,Unplanned,Closed,2026-09-04T13:00:00Z,2026-09-04T16:02:00Z,182
1924852,North,JALANDHAR,ADDA HOSHIARPUR,Unplanned,Closed,2026-09-04T12:58:00Z,2026-09-04T13:55:00Z,57
1924848,North,JALANDHAR,SUN FLAG,Unplanned,Closed,2026-09-04T12:57:00Z,2026-09-04T13:36:00Z,39
1924847,Central,KHANNA,City-2,Unplanned,Closed,2026-09-04T12:57:00Z,2026-09-04T13:40:00Z,43
1924853,South,SANGRUR,Cinema Road,Unplanned,Closed,2026-09-04T12:55:00Z,2026-09-04T15:10:00Z,135
1924851,East,Zirakpur,SANULI,Unplanned,Closed,2026-09-04T12:55:00Z,2026-09-04T13:55:00Z,60
1924849,South,SANGRUR,City-I,Unplanned,Closed,2026-09-04T12:50:00Z,2026-09-04T14:52:00Z,122
1924846,Central,CITY WEST LUDHIANA,SHAM NAGAR,Planned,Closed,2026-09-04T12:49:12Z,2026-09-04T13:30:07Z,40
1924844,South,PATIALA,HARINDER NAGAR,Unplanned,Closed,2026-09-04T12:47:00Z,2026-09-04T13:01:53Z,14
1924850,Border,TARN TARAN,BHOIN UPS,Unplanned,Closed,2026-09-04T12:45:00Z,2026-09-04T14:25:00Z,100
1924842,West,BATHINDA,Cold Store,Unplanned,Closed,2026-09-04T12:45:00Z,2026-09-04T13:10:00Z,25
1924839,Central,CITY EAST LUDHIANA,K.K. Rubber,Unplanned,Closed,2026-09-04T12:42:14Z,2026-09-04T13:13:00Z,30
1924838,North,NAWANSHAHR,BHAJJAL,Unplanned,Closed,2026-09-04T12:42:00Z,2026-09-04T13:40:00Z,58
1924857,Border,GURDASPUR,Dogar Mahesh,Unplanned,Closed,2026-09-04T12:40:00Z,2026-09-04T14:20:00Z,100
1924856,Border,GURDASPUR,Rajoa,Unplanned,Closed,2026-09-04T12:40:00Z,2026-09-04T14:20:00Z,100
1924845,North,JALANDHAR,GARHA,Unplanned,Closed,2026-09-04T12:40:00Z,2026-09-04T13:35:00Z,55
1924840,South,PATIALA,11 KV BANK FEEDER,Unplanned,Closed,2026-09-04T12:40:00Z,2026-09-04T14:10:00Z,90
1924881,South,BARNALA,INDUSTRIAL,Unplanned,Closed,2026-09-04T12:37:00Z,2026-09-04T13:20:00Z,43
1924841,West,FARIDKOT,HARDIAL NAGAR,Unplanned,Closed,2026-09-04T12:36:11Z,2026-09-04T14:01:00Z,84
1924836,South,SANGRUR,Dera Baba Saul Dass,Unplanned,Closed,2026-09-04T12:35:00Z,2026-09-04T15:10:00Z,155
1924880,South,BARNALA,MEHAL KHURAD UPS,Unplanned,Closed,2026-09-04T12:31:00Z,2026-09-04T15:10:00Z,159
1924833,Central,CITY WEST LUDHIANA,DHANDRA,Planned,Closed,2026-09-04T12:30:18Z,2026-09-04T13:20:00Z,49
1924837,South,SANGRUR,ARYA COLLAGE,Unplanned,Closed,2026-09-04T12:30:00Z,2026-09-04T15:30:00Z,180
1924835,North,JALANDHAR,L.I.C,Unplanned,Closed,2026-09-04T12:30:00Z,2026-09-04T12:45:00Z,15
1924832,East,Zirakpur,PREET COLONY,Planned,Closed,2026-09-04T12:30:00Z,2026-09-04T13:50:00Z,80
1924879,South,BARNALA,KALAL MAJRA UPS,Unplanned,Closed,2026-09-04T12:28:00Z,2026-09-04T14:30:00Z,122
1924829,North,NAWANSHAHR,SADHOWAL,Unplanned,Closed,2026-09-04T12:28:00Z,2026-09-04T14:20:00Z,112
1924828,South,PATIALA,Dashmesh Nagar,Unplanned,Closed,2026-09-04T12:27:00Z,2026-09-04T13:14:00Z,47
1924831,East,Zirakpur,TRY CITY,Planned,Closed,2026-09-04T12:25:00Z,2026-09-04T12:30:00Z,5
1924830,East,Zirakpur,11kv Hanumant Feeder,Planned,Closed,2026-09-04T12:25:00Z,2026-09-04T12:30:00Z,5
1924825,West,BATHINDA,GOLE MARKET -1,Unplanned,Closed,2026-09-04T12:22:34Z,2026-09-04T12:50:15Z,27
1924834,South,PATIALA,Bharat colony,Unplanned,Closed,2026-09-04T12:20:00Z,2026-09-04T13:10:00Z,50
1924827,South,BARNALA,MALERKOTLA UPS,Unplanned,Closed,2026-09-04T12:20:00Z,2026-09-04T13:15:00Z,55
1924826,West,BATHINDA,INDUSTRIAL COMPLEX,Unplanned,Closed,2026-09-04T12:20:00Z,2026-09-04T13:29:00Z,69
1924859,South,PATIALA,11kv raju thernoformer,Unplanned,Closed,2026-09-04T12:15:00Z,2026-09-04T14:55:00Z,160
1924843,South,SANGRUR,24 HOURS NIDAMPUR,Unplanned,Closed,2026-09-04T12:15:00Z,2026-09-04T13:50:00Z,95
1924823,Border,TARN TARAN,JAMA RAI UPS,Unplanned,Closed,2026-09-04T12:10:00Z,2026-09-04T13:45:00Z,95
1924858,South,PATIALA,11 KV URBAN ANAJ MANDI SNR,Unplanned,Closed,2026-09-04T12:05:00Z,2026-09-04T14:05:00Z,120
1924821,South,SANGRUR,Kandhargarh,Unplanned,Closed,2026-09-04T12:05:00Z,2026-09-04T13:15:00Z,70
1924816,North,JALANDHAR,SABOWAL,Unplanned,Closed,2026-09-04T12:04:00Z,2026-09-04T12:20:00Z,16
1924815,Central,CITY EAST LUDHIANA,M.K.PROCESSOR,Unplanned,Closed,2026-09-04T12:01:26Z,2026-09-04T12:33:19Z,31
1924810,North,JALANDHAR,11 KV BHANOKI LINK FEEDER,Unplanned,Closed,2026-09-04T12:01:00Z,2026-09-04T12:33:00Z,32
1924824,South,PATIALA,FACTORY AREA (NEW),Unplanned,Closed,2026-09-04T12:00:00Z,2026-09-04T13:30:05Z,90
1924822,South,PATIALA,Nabha Gate,Unplanned,Closed,2026-09-04T12:00:00Z,2026-09-04T13:08:00Z,68
1924820,South,PATIALA,Lower Mall,Unplanned,Closed,2026-09-04T12:00:00Z,2026-09-04T14:57:21Z,177
1924819,South,PATIALA,Mall Road,Unplanned,Closed,2026-09-04T12:00:00Z,2026-09-04T13:11:00Z,71
1924808,West,FARIDKOT,GOLEWALA,Unplanned,Closed,2026-09-04T11:57:02Z,2026-09-04T13:00:38Z,63
1924814,South,PATIALA,new anaj mandi,Unplanned,Closed,2026-09-04T11:56:48Z,2026-09-04T13:15:11Z,78
1924803,Central,CITY WEST LUDHIANA,RADHA SWAMI ROAD,Unplanned,Closed,2026-09-04T11:55:11Z,2026-09-04T13:46:16Z,111
1924813,East,MOHALI,11KV 83 ALPHA COMMERCIAL,Unplanned,Closed,2026-09-04T11:54:03Z,2026-09-04T12:45:45Z,51
1924798,North,NAWANSHAHR,UPS-1,Unplanned,Closed,2026-09-04T11:52:23Z,2026-09-04T12:55:00Z,62
1924799,East,Zirakpur,Jalalpur Kandi Pure AP,Unplanned,Closed,2026-09-04T11:52:00Z,2026-09-04T12:25:00Z,33
1924797,East,Zirakpur,MIAN PUR,Unplanned,Closed,2026-09-04T11:52:00Z,2026-09-04T12:25:00Z,33
1924801,East,MOHALI,11 KV RAIPUR KALAN UPS,Planned,Closed,2026-09-04T11:50:19Z,2026-09-04T12:45:25Z,55
1924807,Border,SUB URBAN AMRITSAR,HARSHA CHHINA UPS,Unplanned,Closed,2026-09-04T11:50:00Z,2026-09-04T14:30:00Z,160
1924804,East,MOHALI,11KV SHAMPUR AP,Planned,Closed,2026-09-04T11:50:00Z,2026-09-04T14:00:00Z,130
1924800,Central,SUB URBAN LUDHIANA,CENTER CITY,Unplanned,Closed,2026-09-04T11:48:00Z,2026-09-04T13:04:00Z,76
1924806,South,PATIALA,Hira Nagar,Unplanned,Closed,2026-09-04T11:47:50Z,2026-09-04T12:53:50Z,66
1924794,Central,CITY EAST LUDHIANA,R.K CONCAST,Unplanned,Closed,2026-09-04T11:46:35Z,2026-09-04T12:17:00Z,30
1924812,Border,TARN TARAN,BUTALA UPS,Unplanned,Closed,2026-09-04T11:45:59Z,2026-09-04T13:05:32Z,79
1924793,North,JALANDHAR,11KV LAXMI PURA,Unplanned,Closed,2026-09-04T11:45:15Z,2026-09-04T12:05:00Z,19
1924818,South,PATIALA,Bhupindra Road,Unplanned,Closed,2026-09-04T11:45:00Z,2026-09-04T13:46:49Z,121
1924817,West,BATHINDA,JOGIPEER(UPS),Planned,Closed,2026-09-04T11:45:00Z,2026-09-04T12:10:25Z,25
1924811,West,BATHINDA,Gill Kalan,Planned,Closed,2026-09-04T11:45:00Z,2026-09-04T14:01:00Z,136
1924796,East,ROPAR,TIBBA TAPPRIAN,Unplanned,Closed,2026-09-04T11:45:00Z,2026-09-04T12:25:00Z,40
1924792,Central,SUB URBAN LUDHIANA,Urban Main Bazar (City-4),Unplanned,Closed,2026-09-04T11:45:00Z,2026-09-04T12:10:00Z,25
1924809,East,MOHALI,11KV BLOCK-C,Unplanned,Closed,2026-09-04T11:44:50Z,2026-09-04T12:37:03Z,52
1924795,South,PATIALA,Focal Point-III,Unplanned,Closed,2026-09-04T11:40:47Z,2026-09-04T12:55:03Z,74
1924805,South,BARNALA,UPS MAHOLI KHURD,Unplanned,Closed,2026-09-04T11:40:00Z,2026-09-04T12:55:00Z,75
1924802,North,KAPURTHALA,UPS BAJAJ,Unplanned,Closed,2026-09-04T11:40:00Z,2026-09-04T11:55:00Z,15
1924786,South,SANGRUR,11 KV MAYA GARDEN,Unplanned,Closed,2026-09-04T11:37:40Z,2026-09-04T12:31:56Z,54
1924789,South,PATIALA,PC-I,Unplanned,Closed,2026-09-04T11:35:00Z,2026-09-04T13:47:00Z,132
1924787,South,PATIALA,UPS RAJPURA,Unplanned,Closed,2026-09-04T11:35:00Z,2026-09-04T13:20:00Z,105
1924785,North,NAWANSHAHR,BASIALA,Unplanned,Closed,2026-09-04T11:35:00Z,2026-09-04T12:40:00Z,65
1924783,Border,GURDASPUR,Model Town,Unplanned,Closed,2026-09-04T11:30:00Z,2026-09-04T12:12:00Z,42
1924790,West,MUKATSAR,11 KV SIDHU NAGRI,Unplanned,Closed,2026-09-04T11:25:24Z,2026-09-04T12:58:46Z,93
1924779,South,PATIALA,UPS ROHTA SAHIB,Unplanned,Closed,2026-09-04T11:24:00Z,2026-09-04T12:34:00Z,70
1924778,South,PATIALA,Veer Singh Colony,Unplanned,Closed,2026-09-04T11:24:00Z,2026-09-04T12:50:00Z,86
1924777,South,PATIALA,Thuhi Road,Unplanned,Closed,2026-09-04T11:24:00Z,2026-09-04T12:42:00Z,78
1924788,Central,SUB URBAN LUDHIANA,CITY 8,Unplanned,Closed,2026-09-04T11:20:00Z,2026-09-04T11:50:00Z,30
1924781,West,BATHINDA,CITY MANSA,Planned,Closed,2026-09-04T11:15:00Z,2026-09-04T13:40:34Z,145
1924776,North,HOSHIARPUR,Talla,Unplanned,Closed,2026-09-04T11:15:00Z,2026-09-04T12:10:00Z,55
1924791,West,MUKATSAR,11 KV KANDHWALA Road Urban,Unplanned,Closed,2026-09-04T11:13:49Z,2026-09-04T12:58:42Z,104
1924775,North,JALANDHAR,Basti Bawa Khel,Unplanned,Closed,2026-09-04T11:13:14Z,2026-09-04T11:50:00Z,36
1924772,South,PATIALA,Patiala Road,Unplanned,Closed,2026-09-04T11:12:00Z,2026-09-04T13:35:00Z,143
1924771,Border,GURDASPUR,HABIBPUR,Unplanned,Closed,2026-09-04T11:12:00Z,2026-09-04T11:44:00Z,32
1924770,South,PATIALA,UPS MANDOUR,Unplanned,Closed,2026-09-04T11:12:00Z,2026-09-04T13:30:00Z,138
1924784,West,BATHINDA,MANDI KALAN,Planned,Closed,2026-09-04T11:10:00Z,2026-09-04T13:54:00Z,164
1924782,South,BARNALA,THIKRIWALA CITY,Unplanned,Closed,2026-09-04T11:10:00Z,2026-09-04T11:51:00Z,41
1924774,North,HOSHIARPUR,MUKHLANA,Unplanned,Closed,2026-09-04T11:10:00Z,2026-09-04T12:10:00Z,60
1924773,North,HOSHIARPUR,CHACK NUR ALI,Unplanned,Closed,2026-09-04T11:10:00Z,2026-09-04T11:25:00Z,15
1924780,Border,SUB URBAN AMRITSAR,Mahabir,Unplanned,Closed,2026-09-04T11:05:00Z,2026-09-04T11:55:55Z,50
1924768,North,HOSHIARPUR,Motia Mill,Unplanned,Closed,2026-09-04T11:00:00Z,2026-09-04T12:30:00Z,90
1924762,Central,CITY EAST LUDHIANA,New Sahibana,Unplanned,Closed,2026-09-04T10:58:32Z,2026-09-04T11:30:34Z,32
1924763,Border,GURDASPUR,City SJN,Unplanned,Closed,2026-09-04T10:57:00Z,2026-09-04T11:07:00Z,10
1924755,South,SANGRUR,11 KV NAVA BAZAR C-1,Unplanned,Closed,2026-09-04T10:56:23Z,2026-09-04T11:12:44Z,16
1924764,Border,GURDASPUR,11kv nirankari,Unplanned,Closed,2026-09-04T10:55:00Z,2026-09-04T11:07:00Z,12
1924754,Central,CITY WEST LUDHIANA,DABA ROAD FEEDER,Unplanned,Closed,2026-09-04T10:54:59Z,2026-09-04T11:40:56Z,45
1924758,Central,CITY EAST LUDHIANA,NANDISH ALLOYS,Unplanned,Closed,2026-09-04T10:54:53Z,2026-09-04T11:30:34Z,35
1924765,Central,KHANNA,kherinoudhsingh,Unplanned,Closed,2026-09-04T10:53:00Z,2026-09-04T12:05:00Z,72
1924753,North,KAPURTHALA,Kasupur,Unplanned,Closed,2026-09-04T10:52:00Z,2026-09-04T12:20:00Z,88
1924751,North,KAPURTHALA,Esewal,Unplanned,Closed,2026-09-04T10:52:00Z,2026-09-04T12:20:00Z,88
1924760,Central,CITY EAST LUDHIANA,11 KV MAYA PURI,Unplanned,Closed,2026-09-04T10:51:00Z,2026-09-04T11:45:00Z,54
1924748,North,KAPURTHALA,UPS Kotli,Unplanned,Closed,2026-09-04T10:51:00Z,2026-09-04T12:20:00Z,89
1924745,North,KAPURTHALA,URBAN Malsian,Unplanned,Closed,2026-09-04T10:51:00Z,2026-09-04T12:20:00Z,89
1924744,North,KAPURTHALA,UPS MALLIWAL,Unplanned,Closed,2026-09-04T10:51:00Z,2026-09-04T12:20:00Z,89
1924752,East,MOHALI,GHARAMA AP,Planned,Closed,2026-09-04T10:50:16Z,2026-09-04T11:30:52Z,40
1924769,East,Zirakpur,KALGIDHAR,Unplanned,Closed,2026-09-04T10:50:00Z,2026-09-04T11:15:00Z,25
1924767,West,BATHINDA,BABA HARNAM SINGH,Unplanned,Closed,2026-09-04T10:50:00Z,2026-09-04T13:01:00Z,131
1924761,East,MOHALI,MOHIKALAN UPS,Planned,Closed,2026-09-04T10:50:00Z,2026-09-04T11:30:25Z,40
1924759,East,MOHALI,LOGISTIC,Planned,Closed,2026-09-04T10:50:00Z,2026-09-04T11:30:59Z,40
1924757,North,HOSHIARPUR,BASSI,Unplanned,Closed,2026-09-04T10:50:00Z,2026-09-04T12:35:00Z,105
1924756,East,MOHALI,SIGMA,Planned,Closed,2026-09-04T10:50:00Z,2026-09-04T11:30:41Z,40
1924766,Border,SUB URBAN AMRITSAR,SUGAR MILL,Unplanned,Closed,2026-09-04T10:40:00Z,2026-09-04T11:10:00Z,30
1924750,Border,TARN TARAN,11 KV Industrial Feeder,Unplanned,Closed,2026-09-04T10:40:00Z,2026-09-04T11:30:00Z,50
1924749,North,HOSHIARPUR,Rajpur Ups,Unplanned,Closed,2026-09-04T10:40:00Z,2026-09-04T11:20:00Z,40
1924747,North,HOSHIARPUR,11kV Jandwal UPS,Unplanned,Closed,2026-09-04T10:40:00Z,2026-09-04T11:20:00Z,40
1924746,North,HOSHIARPUR,11Kv Mushabpur UPS,Unplanned,Closed,2026-09-04T10:40:00Z,2026-09-04T11:20:00Z,40
1924742,West,MUKATSAR,11 KV LINK NO. 2,Unplanned,Closed,2026-09-04T10:38:17Z,2026-09-04T11:33:36Z,55
1924740,South,PATIALA,UPS ALLOWAL,Unplanned,Closed,2026-09-04T10:37:00Z,2026-09-04T10:52:00Z,15
1924738,South,PATIALA,UPS UPPLAN,Unplanned,Closed,2026-09-04T10:37:00Z,2026-09-04T11:26:00Z,49
1924736,South,PATIALA,UPS Mulabadha,Unplanned,Closed,2026-09-04T10:37:00Z,2026-09-04T11:28:00Z,51
1924734,Central,CITY WEST LUDHIANA,AZAD NAGAR FEEDER,Unplanned,Closed,2026-09-04T10:34:53Z,2026-09-04T11:58:47Z,83
1924737,Border,GURDASPUR,City SJN,Unplanned,Closed,2026-09-04T10:33:00Z,2026-09-04T10:53:00Z,20
1924732,West,FARIDKOT,BUDH RAM URBAN,Unplanned,Closed,2026-09-04T10:30:44Z,2026-09-04T11:00:12Z,29
1924731,Central,CITY EAST LUDHIANA,GANESH FEEDER,Unplanned,Closed,2026-09-04T10:30:43Z,2026-09-04T11:00:50Z,30
1924739,North,HOSHIARPUR,SUNNI,Unplanned,Closed,2026-09-04T10:30:00Z,2026-09-04T11:10:00Z,40
1924733,Border,GURDASPUR,KISHANPUR,Unplanned,Closed,2026-09-04T10:30:00Z,2026-09-04T11:05:00Z,35
1924735,Border,GURDASPUR,11kv nirankari,Unplanned,Closed,2026-09-04T10:28:00Z,2026-09-04T10:53:00Z,25
1924741,Border,GURDASPUR,Dalla UPS,Unplanned,Closed,2026-09-04T10:25:00Z,2026-09-04T11:35:00Z,70
1924727,North,NAWANSHAHR,CITY GARHSHANKAR,Unplanned,Closed,2026-09-04T10:24:00Z,2026-09-04T10:56:00Z,32
1924726,North,JALANDHAR,KALI MATA MANDIR,Unplanned,Closed,2026-09-04T10:22:00Z,2026-09-04T11:15:00Z,53
1924724,North,JALANDHAR,Khalsa Road,Unplanned,Closed,2026-09-04T10:22:00Z,2026-09-04T11:15:00Z,53
1924723,North,JALANDHAR,GURU AMAR DASS NAGAR,Unplanned,Closed,2026-09-04T10:22:00Z,2026-09-04T11:15:00Z,53
1924720,Border,GURDASPUR,Nawan Pind,Unplanned,Closed,2026-09-04T10:22:00Z,2026-09-04T11:47:00Z,85
1924719,Border,GURDASPUR,MUGRALA,Unplanned,Closed,2026-09-04T10:21:00Z,2026-09-04T11:47:00Z,86
1924714,Border,SUB URBAN AMRITSAR,Rai Poultry Farm,Planned,Closed,2026-09-04T10:20:26Z,2026-09-04T11:30:00Z,69
1924713,Border,SUB URBAN AMRITSAR,SANT BHAGAT SINGH UPS,Planned,Closed,2026-09-04T10:20:26Z,2026-09-04T11:30:00Z,69
1924712,Border,SUB URBAN AMRITSAR,WADALA VERAM CAT 1,Planned,Closed,2026-09-04T10:20:26Z,2026-09-04T11:30:00Z,69
1924711,Border,SUB URBAN AMRITSAR,PANDER UPS,Planned,Closed,2026-09-04T10:20:26Z,2026-09-04T11:30:00Z,69
1924710,Border,SUB URBAN AMRITSAR,UMARPURA UPS,Planned,Closed,2026-09-04T10:20:26Z,2026-09-04T11:30:00Z,69
1924743,Border,GURDASPUR,LOHCHAP,Unplanned,Closed,2026-09-04T10:20:00Z,2026-09-04T13:40:00Z,200
1924729,North,JALANDHAR,veva collage,Unplanned,Closed,2026-09-04T10:20:00Z,2026-09-04T10:45:00Z,25
1924728,North,JALANDHAR,Lilly Resort,Unplanned,Closed,2026-09-04T10:20:00Z,2026-09-04T10:45:00Z,25
1924725,North,KAPURTHALA,UPS Partabpura,Unplanned,Closed,2026-09-04T10:20:00Z,2026-09-04T11:10:00Z,50
1924722,North,KAPURTHALA,Taj city,Unplanned,Closed,2026-09-04T10:15:00Z,2026-09-04T10:45:00Z,30
1924721,North,KAPURTHALA,UPS DALLA,Unplanned,Closed,2026-09-04T10:15:00Z,2026-09-04T11:45:00Z,90
1924718,Border,GURDASPUR,RAILWAY ROAD CAT-1,Unplanned,Closed,2026-09-04T10:15:00Z,2026-09-04T11:01:00Z,46
1924717,Border,GURDASPUR,THEKERIWAL,Unplanned,Closed,2026-09-04T10:15:00Z,2026-09-04T11:01:00Z,46
1924709,East,MOHALI,11KV SHAMPUR AP,Planned,Closed,2026-09-04T10:13:28Z,2026-09-04T10:50:34Z,37
1924708,East,MOHALI,11 KV RAIPUR KALAN UPS,Planned,Closed,2026-09-04T10:13:04Z,2026-09-04T10:50:43Z,37
1924706,East,MOHALI,INDUSTRIAL-II,Unplanned,Closed,2026-09-04T10:12:00Z,2026-09-04T10:42:00Z,30
1924703,West,FARIDKOT,11 KV GANJI GULAB SINGH WALA-,Planned,Closed,2026-09-04T10:10:26Z,2026-09-04T13:00:36Z,170
1924707,South,PATIALA,SYL (F.P),Unplanned,Closed,2026-09-04T10:10:00Z,2026-09-04T10:55:00Z,45
1924716,North,HOSHIARPUR,11 KV DHADEKATWAL,Unplanned,Closed,2026-09-04T10:05:00Z,2026-09-04T11:25:00Z,80
1924715,North,HOSHIARPUR,WAZIRAN,Unplanned,Closed,2026-09-04T10:05:00Z,2026-09-04T11:25:00Z,80
1924705,Border,TARN TARAN,MOHAN SINGH TUR,Unplanned,Closed,2026-09-04T10:05:00Z,2026-09-04T10:15:00Z,10
1924702,North,HOSHIARPUR,KOLYA,Unplanned,Closed,2026-09-04T10:05:00Z,2026-09-04T10:35:00Z,30
1924701,East,Zirakpur,DAPPAR,Unplanned,Closed,2026-09-04T10:05:00Z,2026-09-04T10:40:00Z,35
1924699,East,Zirakpur,DEEPAK PIPE,Unplanned,Closed,2026-09-04T10:05:00Z,2026-09-04T10:40:00Z,35
1924697,Central,KHANNA,Lalheri city,Unplanned,Closed,2026-09-04T10:03:00Z,2026-09-04T11:56:00Z,113
1924704,Central,CITY EAST LUDHIANA,11 KV MAYA PURI,Unplanned,Closed,2026-09-04T09:56:00Z,2026-09-04T10:50:00Z,54
1924700,Border,CITY AMRITSAR,MAHINDERA COLONY,Unplanned,Closed,2026-09-04T09:56:00Z,2026-09-04T10:10:48Z,14
1924692,Central,KHANNA,Samrala Road,Unplanned,Closed,2026-09-04T09:52:00Z,2026-09-04T10:20:00Z,28
1924696,South,BARNALA,KHANPUR UPS,Unplanned,Closed,2026-09-04T09:50:54Z,2026-09-04T11:45:46Z,114
1924730,Border,GURDASPUR,SIDHWAN,Unplanned,Closed,2026-09-04T09:50:00Z,2026-09-04T12:10:00Z,140
1924695,South,PATIALA,11 KV UPS-2 ?azror Feeder,Unplanned,Closed,2026-09-04T09:50:00Z,2026-09-04T10:25:07Z,35
1924694,North,HOSHIARPUR,Khozkipur,Unplanned,Closed,2026-09-04T09:50:00Z,2026-09-04T10:05:00Z,15
1924691,Central,CITY EAST LUDHIANA,Gaurav Land Developer,Unplanned,Closed,2026-09-04T09:49:43Z,2026-09-04T10:20:50Z,31
1924690,Central,CITY EAST LUDHIANA,BHOLAPUR,Unplanned,Closed,2026-09-04T09:49:43Z,2026-09-04T10:20:50Z,31
1924698,East,MOHALI,11KV E&G Block,Unplanned,Closed,2026-09-04T09:48:03Z,2026-09-04T10:40:00Z,51
1924693,Central,KHANNA,Bhamra,Unplanned,Closed,2026-09-04T09:47:00Z,2026-09-04T11:37:00Z,110
1924688,North,HOSHIARPUR,JAKOWAL,Unplanned,Closed,2026-09-04T09:45:00Z,2026-09-04T10:00:00Z,15
1924687,North,NAWANSHAHR,JADLA,Unplanned,Closed,2026-09-04T09:42:00Z,2026-09-04T10:43:00Z,61
1924685,North,JALANDHAR,GLOBE COLONY,Unplanned,Closed,2026-09-04T09:38:00Z,2026-09-04T11:20:00Z,102
1924686,North,JALANDHAR,BASTI MITHU,Unplanned,Closed,2026-09-04T09:30:00Z,2026-09-04T09:55:00Z,25
1924684,Central,KHANNA,GT ROAD,Unplanned,Closed,2026-09-04T09:30:00Z,2026-09-04T10:25:00Z,55
1924679,North,JALANDHAR,11 KV NEW SHARP CHUCK,Unplanned,Closed,2026-09-04T09:30:00Z,2026-09-04T11:17:00Z,107
1924682,South,SANGRUR,Khokhar UPS,Unplanned,Closed,2026-09-04T09:29:40Z,2026-09-04T09:52:53Z,23
1924681,South,SANGRUR,Bhakhra,Unplanned,Closed,2026-09-04T09:29:18Z,2026-09-04T09:52:19Z,23
1924677,Border,GURDASPUR,CITY 2,Unplanned,Closed,2026-09-04T09:27:00Z,2026-09-04T09:56:00Z,29
1924683,East,ROPAR,11 KV RTP,Unplanned,Closed,2026-09-04T09:25:00Z,2026-09-04T09:43:00Z,18
1924675,North,JALANDHAR,KOTLA ROAD,Unplanned,Closed,2026-09-04T09:20:00Z,2026-09-04T13:13:00Z,233
1924680,North,KAPURTHALA,CHANNIA UPS,Unplanned,Closed,2026-09-04T09:15:00Z,2026-09-04T10:00:00Z,45
1924672,North,HOSHIARPUR,MASTIWAL,Unplanned,Closed,2026-09-04T09:15:00Z,2026-09-04T09:40:00Z,25
1924678,East,MOHALI,AP CHILLA,Unplanned,Closed,2026-09-04T09:14:00Z,2026-09-04T15:48:00Z,394
1924670,North,JALANDHAR,SUN FLAG,Unplanned,Closed,2026-09-04T09:12:00Z,2026-09-04T09:53:00Z,41
1924676,East,MOHALI,MOULI,Unplanned,Closed,2026-09-04T09:10:00Z,2026-09-04T13:42:00Z,272
1924673,North,JALANDHAR,Onkar nagar,Unplanned,Closed,2026-09-04T09:10:00Z,2026-09-04T09:40:00Z,30
1924668,North,KAPURTHALA,UPS MIANI,Unplanned,Closed,2026-09-04T09:10:00Z,2026-09-04T09:55:00Z,45
1924667,North,KAPURTHALA,UPS FEROZESANGOWAL,Unplanned,Closed,2026-09-04T09:10:00Z,2026-09-04T09:30:00Z,20
1924662,East,ROPAR,11 KV Sarsa Nangal,Unplanned,Closed,2026-09-04T09:05:41Z,2026-09-04T09:40:00Z,34
1924661,East,ROPAR,11 KV Kakrala,Unplanned,Closed,2026-09-04T09:02:00Z,2026-09-04T10:40:00Z,98
1924669,Border,TARN TARAN,Sarhali Road,Unplanned,Closed,2026-09-04T09:01:00Z,2026-09-04T10:05:00Z,64
1924689,Central,CITY EAST LUDHIANA,11 KV MAYA PURI,Unplanned,Closed,2026-09-04T09:00:00Z,2026-09-04T09:55:00Z,55
1924674,Border,GURDASPUR,City SJN,Unplanned,Closed,2026-09-04T09:00:00Z,2026-09-04T10:30:00Z,90
1924664,North,JALANDHAR,Sudhama Vihar,Unplanned,Closed,2026-09-04T09:00:00Z,2026-09-04T10:14:00Z,74
1924663,North,JALANDHAR,11 KV Manbro,Unplanned,Closed,2026-09-04T09:00:00Z,2026-09-04T10:34:00Z,94
1924659,North,HOSHIARPUR,Tanda City,Unplanned,Closed,2026-09-04T09:00:00Z,2026-09-04T09:25:00Z,25
1924666,North,JALANDHAR,NEW MODEL TOWN,Unplanned,Closed,2026-09-04T08:58:00Z,2026-09-04T10:45:00Z,107
1924665,North,JALANDHAR,11 KV Garden Colony,Unplanned,Closed,2026-09-04T08:58:00Z,2026-09-04T11:42:00Z,164
1924658,North,HOSHIARPUR,TARAGARH,Unplanned,Closed,2026-09-04T08:50:00Z,2026-09-04T10:20:00Z,90
1924655,East,Zirakpur,Hasanpur UPS,Unplanned,Closed,2026-09-04T08:50:00Z,2026-09-04T09:20:00Z,30
1924657,East,ROPAR,11 KV Bharatgarh,Unplanned,Closed,2026-09-04T08:48:00Z,2026-09-04T09:55:00Z,67
1924656,East,ROPAR,11KV Belian UPS FEEDER,Unplanned,Closed,2026-09-04T08:45:00Z,2026-09-04T09:45:00Z,60
1924660,East,MOHALI,11 kv sec 54A,Unplanned,Closed,2026-09-04T08:42:56Z,2026-09-04T09:18:25Z,35
1924651,Central,CITY WEST LUDHIANA,Rolex Feeder,Unplanned,Closed,2026-09-04T08:41:16Z,2026-09-04T09:47:00Z,65
1924653,East,ROPAR,Bassi,Unplanned,Closed,2026-09-04T08:40:00Z,2026-09-04T09:20:00Z,40
1924652,East,ROPAR,BARWA,Unplanned,Closed,2026-09-04T08:40:00Z,2026-09-04T09:25:00Z,45
1924654,Border,TARN TARAN,NAURANGABAD UPS,Unplanned,Closed,2026-09-04T08:35:00Z,2026-09-04T09:40:00Z,65
1924671,North,JALANDHAR,KADIAN,Unplanned,Closed,2026-09-04T08:33:00Z,2026-09-04T13:15:00Z,282
1924650,East,ROPAR,MUKARI,Unplanned,Closed,2026-09-04T08:32:00Z,2026-09-04T09:45:00Z,73
1924649,East,ROPAR,Thana,Unplanned,Closed,2026-09-04T08:32:00Z,2026-09-04T09:45:00Z,73
1924645,East,ROPAR,SAIDPUR,Unplanned,Closed,2026-09-04T08:28:00Z,2026-09-04T09:10:00Z,42
1924643,North,KAPURTHALA,URBAN MEHRAJWALA,Unplanned,Closed,2026-09-04T08:28:00Z,2026-09-04T12:10:00Z,222
1924644,East,ROPAR,Haripur,Unplanned,Closed,2026-09-04T08:26:00Z,2026-09-04T09:10:00Z,44
1924642,North,JALANDHAR,11 KV GRAIN MARKET (Old),Unplanned,Closed,2026-09-04T08:23:00Z,2026-09-04T09:07:00Z,44
1924641,North,JALANDHAR,DHANOWALI,Unplanned,Closed,2026-09-04T08:20:00Z,2026-09-04T08:45:00Z,25
1924640,North,JALANDHAR,11 KV GULAB DEVI,Unplanned,Closed,2026-09-04T08:18:00Z,2026-09-04T09:35:00Z,77
1924638,East,MOHALI,AP CHILLA,Unplanned,Closed,2026-09-04T08:18:00Z,2026-09-04T08:42:00Z,24
1924637,North,NAWANSHAHR,CITY GARHSHANKAR,Unplanned,Closed,2026-09-04T08:16:00Z,2026-09-04T09:20:00Z,64
1924636,Central,CITY WEST LUDHIANA,Shiv Shakti,Unplanned,Closed,2026-09-04T08:14:07Z,2026-09-04T09:50:32Z,96
1924648,West,BATHINDA,BHAGIPIR URBAN,Planned,Closed,2026-09-04T08:13:33Z,2026-09-04T09:40:30Z,86
1924647,West,BATHINDA,INDUSTRIAL,Planned,Closed,2026-09-04T08:13:33Z,2026-09-04T09:40:15Z,86
1924646,West,BATHINDA,BHAGIPEER,Planned,Closed,2026-09-04T08:13:33Z,2026-09-04T09:40:56Z,87
1924639,Border,SUB URBAN AMRITSAR,Guru ki wadali,Unplanned,Closed,2026-09-04T08:12:00Z,2026-09-04T09:20:34Z,68
1924629,Central,CITY WEST LUDHIANA,METRO FEEDER,Unplanned,Closed,2026-09-04T08:07:25Z,2026-09-04T08:53:58Z,46
1924628,Central,CITY WEST LUDHIANA,DASHMESH NAGAR FEEDER,Unplanned,Closed,2026-09-04T08:07:25Z,2026-09-04T08:53:17Z,45
1924635,North,KAPURTHALA,UPS NADALI,Unplanned,Closed,2026-09-04T08:05:00Z,2026-09-04T08:35:00Z,30
1924634,North,KAPURTHALA,Fatehgarh,Unplanned,Closed,2026-09-04T08:05:00Z,2026-09-04T08:35:00Z,30
1924633,North,KAPURTHALA,CAT 1 CIVIL HOSPITAL,Unplanned,Closed,2026-09-04T08:05:00Z,2026-09-04T08:35:00Z,30
1924632,North,KAPURTHALA,UPS MIANI,Unplanned,Closed,2026-09-04T08:05:00Z,2026-09-04T09:05:00Z,60
1924631,North,KAPURTHALA,UPS FEROZESANGOWAL,Unplanned,Closed,2026-09-04T08:05:00Z,2026-09-04T09:05:00Z,60
1924630,North,KAPURTHALA,CAT 1 BEGOWAL,Unplanned,Closed,2026-09-04T08:05:00Z,2026-09-04T08:35:00Z,30
1924864,South,PATIALA,UPS  KHANSIAN,Unplanned,Closed,2026-09-04T08:00:00Z,2026-09-04T11:00:00Z,180
1924627,North,HOSHIARPUR,KHARDEHER,Unplanned,Closed,2026-09-04T08:00:00Z,2026-09-04T09:03:00Z,63
1924626,North,HOSHIARPUR,KHUN-2 KALAN,Unplanned,Closed,2026-09-04T07:48:00Z,2026-09-04T08:15:00Z,27
1924625,South,PATIALA,UPS Rohti Basta,Unplanned,Closed,2026-09-04T07:46:00Z,2026-09-04T11:00:00Z,194
1924624,Border,GURDASPUR,Seunty,Unplanned,Closed,2026-09-04T07:43:00Z,2026-09-04T08:46:00Z,63
1924621,Border,GURDASPUR,Manwal,Unplanned,Closed,2026-09-04T07:43:00Z,2026-09-04T08:46:00Z,63
1924618,East,Zirakpur,PEER BABA ROAD,Unplanned,Closed,2026-09-04T07:40:00Z,2026-09-04T08:54:00Z,74
1924623,East,MOHALI,64-B,Unplanned,Closed,2026-09-04T07:37:00Z,2026-09-04T08:20:00Z,43
1924622,West,BATHINDA,KUSLA,Unplanned,Closed,2026-09-04T07:30:57Z,2026-09-04T08:53:31Z,82
1924617,West,MUKATSAR,Sikhwala Urban,Unplanned,Closed,2026-09-04T07:30:00Z,2026-09-04T09:10:00Z,100
1924613,North,NAWANSHAHR,KAHLON,Unplanned,Closed,2026-09-04T07:30:00Z,2026-09-04T08:10:00Z,40
1924607,West,MUKATSAR,11 KV KIKKER KHERA,Unplanned,Closed,2026-09-04T07:26:28Z,2026-09-04T07:52:33Z,26
1924606,West,MUKATSAR,11 KV Alamgarh,Unplanned,Closed,2026-09-04T07:26:02Z,2026-09-04T07:56:15Z,30
1924612,North,NAWANSHAHR,CITY RAHON,Unplanned,Closed,2026-09-04T07:25:00Z,2026-09-04T08:10:00Z,45
1924611,North,NAWANSHAHR,24 HRS RAHON,Unplanned,Closed,2026-09-04T07:25:00Z,2026-09-04T08:10:00Z,45
1924610,North,NAWANSHAHR,11kv Behloor Kalan,Unplanned,Closed,2026-09-04T07:20:00Z,2026-09-04T08:15:00Z,55
1924609,North,NAWANSHAHR,11KV BARNALA,Unplanned,Closed,2026-09-04T07:20:00Z,2026-09-04T07:58:00Z,38
1924608,North,NAWANSHAHR,CITY II,Unplanned,Closed,2026-09-04T07:15:00Z,2026-09-04T08:02:00Z,47
1924604,North,NAWANSHAHR,UPS NO.3,Unplanned,Closed,2026-09-04T07:15:00Z,2026-09-04T07:40:00Z,25
1924603,North,NAWANSHAHR,KHOJA,Unplanned,Closed,2026-09-04T07:15:00Z,2026-09-04T07:30:00Z,15
1924605,South,PATIALA,Bharat colony,Unplanned,Closed,2026-09-04T07:05:00Z,2026-09-04T08:10:00Z,65
1924601,North,HOSHIARPUR,DALLI shared feeder with s/divn,Unplanned,Closed,2026-09-04T07:04:00Z,2026-09-04T07:52:00Z,48
1924600,North,HOSHIARPUR,11 KV Shri Guru Nanak Nagar,Unplanned,Closed,2026-09-04T07:04:00Z,2026-09-04T07:52:00Z,48
1924602,Border,GURDASPUR,City Ptk.,Unplanned,Closed,2026-09-04T07:02:00Z,2026-09-04T07:40:00Z,38
1924588,West,FARIDKOT,BABA MANGAL SINGHUPS (BUGHIPURA),Unplanned,Closed,2026-09-04T06:55:10Z,2026-09-04T08:05:40Z,70
1924596,North,HOSHIARPUR,KOLYA,Unplanned,Closed,2026-09-04T06:55:00Z,2026-09-04T07:50:00Z,55
1924591,South,PATIALA,ups Ambala Road,Unplanned,Closed,2026-09-04T06:55:00Z,2026-09-04T07:30:00Z,35
1924593,Border,GURDASPUR,Pioneer Agro,Unplanned,Closed,2026-09-04T06:54:00Z,2026-09-04T08:40:00Z,106
1924590,Border,CITY AMRITSAR,11 kv shaheed udam singh nagar,Unplanned,Closed,2026-09-04T06:52:00Z,2026-09-04T07:51:00Z,59
1924587,North,HOSHIARPUR,BAINSAN,Unplanned,Closed,2026-09-04T06:52:00Z,2026-09-04T07:40:00Z,48
1924597,East,ROPAR,11KV Hospital,Unplanned,Closed,2026-09-04T06:50:46Z,2026-09-04T07:10:00Z,19
1924595,Border,GURDASPUR,Pangoli,Unplanned,Closed,2026-09-04T06:50:00Z,2026-09-04T08:40:00Z,110
1924586,North,HOSHIARPUR,Salempur,Unplanned,Closed,2026-09-04T06:50:00Z,2026-09-04T07:40:00Z,50
1924584,North,HOSHIARPUR,MASTIWAL,Unplanned,Closed,2026-09-04T06:50:00Z,2026-09-04T07:10:00Z,20
1924581,West,MUKATSAR,INDUSTRIAL,Unplanned,Closed,2026-09-04T06:46:00Z,2026-09-04T07:52:00Z,66
1924594,Border,GURDASPUR,Shahpurkandi,Unplanned,Closed,2026-09-04T06:45:00Z,2026-09-04T07:45:00Z,60
1924580,North,NAWANSHAHR,UPS No. 2,Unplanned,Closed,2026-09-04T06:45:00Z,2026-09-04T07:24:00Z,39
1924582,North,NAWANSHAHR,11KV24HRS NO-4,Unplanned,Closed,2026-09-04T06:44:00Z,2026-09-04T07:22:00Z,38
1924578,East,MOHALI,Sector-77B,Unplanned,Closed,2026-09-04T06:42:00Z,2026-09-04T07:02:00Z,20
1924579,South,PATIALA,Chandigarh Road,Unplanned,Closed,2026-09-04T06:40:00Z,2026-09-04T09:10:00Z,150
1924583,East,ROPAR,11 KV Kiratpur Sahib,Unplanned,Closed,2026-09-04T06:38:46Z,2026-09-04T07:28:00Z,49
1924592,Border,GURDASPUR,Karoli,Unplanned,Closed,2026-09-04T06:37:00Z,2026-09-04T07:03:00Z,26
1924585,West,FARIDKOT,BEER ROAD,Unplanned,Closed,2026-09-04T06:36:00Z,2026-09-04T07:10:07Z,34
1924589,North,JALANDHAR,11 KV Lal Kurti Feeder,Unplanned,Closed,2026-09-04T06:35:00Z,2026-09-04T11:01:00Z,266
1924577,South,PATIALA,INDUSTRIAL,Unplanned,Closed,2026-09-04T06:33:00Z,2026-09-04T08:20:00Z,107
1924620,North,KAPURTHALA,URBAN Focal Point,Unplanned,Closed,2026-09-04T06:30:00Z,2026-09-04T10:30:00Z,240
1924619,North,KAPURTHALA,UPS Bhathe,Unplanned,Closed,2026-09-04T06:30:00Z,2026-09-04T10:30:00Z,240
1924576,North,NAWANSHAHR,UPS-5,Unplanned,Closed,2026-09-04T06:25:00Z,2026-09-04T07:05:00Z,40
1924571,Border,GURDASPUR,Andoi,Unplanned,Closed,2026-09-04T06:25:00Z,2026-09-04T06:40:00Z,15
1924567,South,SANGRUR,11 KV BAKSHIWALA URBAN,Unplanned,Closed,2026-09-04T06:21:00Z,2026-09-04T08:20:00Z,119
1924569,North,JALANDHAR,VIP,Unplanned,Closed,2026-09-04T06:20:00Z,2026-09-04T09:12:00Z,172
1924572,East,MOHALI,INDUSTRIAL-II,Unplanned,Closed,2026-09-04T06:17:00Z,2026-09-04T09:22:00Z,185
1924565,North,NAWANSHAHR,UPS-1,Unplanned,Closed,2026-09-04T06:16:00Z,2026-09-04T07:35:00Z,79
1924599,North,JALANDHAR,RING MAIN,Unplanned,Closed,2026-09-04T06:15:00Z,2026-09-04T07:25:00Z,70
1924563,East,MOHALI,11 KV OMAXE,Unplanned,Closed,2026-09-04T06:14:00Z,2026-09-04T07:25:00Z,71
1924598,North,JALANDHAR,URBAN STATE,Unplanned,Closed,2026-09-04T06:10:00Z,2026-09-04T08:55:00Z,165
1924568,Border,SUB URBAN AMRITSAR,Mahabir,Unplanned,Closed,2026-09-04T06:10:00Z,2026-09-04T07:31:00Z,81
1924564,North,NAWANSHAHR,City Behram,Unplanned,Closed,2026-09-04T06:10:00Z,2026-09-04T07:20:00Z,70
1924575,South,SANGRUR,DC ROAD SANGRUR,Unplanned,Closed,2026-09-04T06:08:00Z,2026-09-04T08:00:00Z,112
1924574,South,SANGRUR,MES,Unplanned,Closed,2026-09-04T06:08:00Z,2026-09-04T08:00:00Z,112
1924570,Border,GURDASPUR,Sarti,Unplanned,Closed,2026-09-04T06:07:00Z,2026-09-04T07:42:00Z,95
1924560,East,Zirakpur,ZIRAKPUR-1,Unplanned,Closed,2026-09-04T06:05:00Z,2026-09-04T08:01:00Z,116
1924566,Border,GURDASPUR,Preet Nagar,Unplanned,Closed,2026-09-04T06:02:00Z,2026-09-04T06:20:00Z,18
1924559,South,PATIALA,Arya Samaj,Unplanned,Closed,2026-09-04T05:57:00Z,2026-09-04T06:30:28Z,33
1924562,East,MOHALI,Sector-113,Unplanned,Closed,2026-09-04T05:50:00Z,2026-09-04T06:17:00Z,27
1924561,Border,GURDASPUR,Lamini,Unplanned,Closed,2026-09-04T05:50:00Z,2026-09-04T08:15:00Z,145
1924554,Border,GURDASPUR,Azizpur,Unplanned,Closed,2026-09-04T05:41:00Z,2026-09-04T05:52:00Z,11
1924573,Border,TARN TARAN,UPS Machike,Unplanned,Closed,2026-09-04T05:40:00Z,2026-09-04T07:46:00Z,126
1924558,East,MOHALI,11 KV Sec 59,Unplanned,Closed,2026-09-04T05:40:00Z,2026-09-04T06:57:00Z,77
1924557,North,NAWANSHAHR,DUGRI,Unplanned,Closed,2026-09-04T05:40:00Z,2026-09-04T06:14:00Z,34
1924556,East,MOHALI,11 KV Azad Nagar,Unplanned,Closed,2026-09-04T05:40:00Z,2026-09-04T07:34:00Z,114
1924555,East,Zirakpur,SAVITRYGREEN,Unplanned,Closed,2026-09-04T05:40:00Z,2026-09-04T06:55:00Z,75
1924552,East,MOHALI,60-A,Unplanned,Closed,2026-09-04T05:37:00Z,2026-09-04T06:28:00Z,51
1924551,East,MOHALI,Green Enclave,Unplanned,Closed,2026-09-04T05:37:00Z,2026-09-04T06:47:00Z,70
1924553,North,JALANDHAR,NEW MODEL TOWN,Unplanned,Closed,2026-09-04T05:35:00Z,2026-09-04T06:30:00Z,55
1924549,East,MOHALI,Kasauli,Unplanned,Closed,2026-09-04T05:26:00Z,2026-09-04T07:43:00Z,137
1924550,North,JALANDHAR,LADOWALI ROAD,Unplanned,Closed,2026-09-04T05:24:28Z,2026-09-04T07:54:40Z,150
1924548,East,Zirakpur,PANCHSHEEL,Unplanned,Closed,2026-09-04T05:20:00Z,2026-09-04T09:23:00Z,243
1924547,South,PATIALA,UPS PAWALA,Unplanned,Closed,2026-09-04T05:20:00Z,2026-09-04T09:40:00Z,260
1924545,Border,GURDASPUR,Andoi,Unplanned,Closed,2026-09-04T05:15:00Z,2026-09-04T06:10:00Z,55
1924544,East,MOHALI,11 KV Feeder sec 66 B,Unplanned,Closed,2026-09-04T05:10:00Z,2026-09-04T08:17:00Z,187
1924541,East,MOHALI,RATWARA SAHIB,Unplanned,Closed,2026-09-04T05:00:00Z,2026-09-04T07:25:00Z,145
1924540,East,MOHALI,64-B,Unplanned,Closed,2026-09-04T05:00:00Z,2026-09-04T06:50:00Z,110
1924539,East,Zirakpur,SIMRAN,Unplanned,Closed,2026-09-04T04:59:00Z,2026-09-04T07:01:00Z,122
1924542,Border,GURDASPUR,KISHANKOT UPS,Unplanned,Closed,2026-09-04T04:58:00Z,2026-09-04T05:38:00Z,40
1924537,East,Zirakpur,ORBIT,Unplanned,Closed,2026-09-04T04:45:00Z,2026-09-04T07:09:00Z,144
1924538,West,MUKATSAR,11 KV Alamgarh,Unplanned,Closed,2026-09-04T04:40:00Z,2026-09-04T06:35:00Z,115
1924536,East,Zirakpur,11 kv adda jhungia cat-1,Unplanned,Closed,2026-09-04T04:35:00Z,2026-09-04T07:15:00Z,160
1924534,North,HOSHIARPUR,D.C ROAD,Unplanned,Closed,2026-09-04T04:31:00Z,2026-09-04T05:22:00Z,51
1924533,Border,GURDASPUR,Raavi,Unplanned,Closed,2026-09-04T04:22:00Z,2026-09-04T05:55:00Z,93
1924532,Border,GURDASPUR,Jagat Floor Mill,Unplanned,Closed,2026-09-04T04:20:00Z,2026-09-04T06:10:00Z,110
1924530,East,MOHALI,SEC-68,Unplanned,Closed,2026-09-04T04:19:00Z,2026-09-04T07:30:00Z,191
1924535,Border,GURDASPUR,Behrian,Unplanned,Closed,2026-09-04T04:16:00Z,2026-09-04T05:58:00Z,102
1924531,East,MOHALI,11KV 82 ALPHA,Unplanned,Closed,2026-09-04T04:15:00Z,2026-09-04T06:42:00Z,147
1924543,West,FARIDKOT,11 KV GLOBAL UPS,Unplanned,Closed,2026-09-04T04:05:00Z,2026-09-04T05:35:01Z,90
1924546,South,PATIALA,UPS ROHTA SAHIB,Unplanned,Closed,2026-09-04T03:55:00Z,2026-09-04T05:30:41Z,95
1924528,South,SANGRUR,11 KV BAKSHIWALA URBAN,Unplanned,Closed,2026-09-04T03:53:00Z,2026-09-04T05:18:00Z,85
1924527,East,MOHALI,11 KV CHADIALA UPS,Unplanned,Closed,2026-09-04T03:40:00Z,2026-09-04T05:50:00Z,130
1924523,North,HOSHIARPUR,DEVIDASS,Unplanned,Closed,2026-09-04T03:40:00Z,2026-09-04T04:50:00Z,70
1924522,North,HOSHIARPUR,11KV SINGHPUR UPS,Unplanned,Closed,2026-09-04T03:40:00Z,2026-09-04T04:20:00Z,40
1924521,East,MOHALI,11 KV Kansal,Unplanned,Closed,2026-09-04T03:30:00Z,2026-09-04T04:01:00Z,31
1924520,East,MOHALI,Mullanpur,Unplanned,Closed,2026-09-04T03:21:00Z,2026-09-04T03:56:00Z,35
1924526,Border,GURDASPUR,Gorsiya,Unplanned,Closed,2026-09-04T03:10:01Z,2026-09-04T03:50:00Z,39
1924525,Border,GURDASPUR,UPS Feeder,Unplanned,Closed,2026-09-04T03:10:01Z,2026-09-04T03:50:00Z,39
1924524,Border,GURDASPUR,Bhaini Mian Khan,Unplanned,Closed,2026-09-04T03:10:01Z,2026-09-04T03:50:00Z,39
1924501,Central,CITY EAST LUDHIANA,SANTOKH NAGAR,Unplanned,Closed,2026-09-04T03:08:00Z,2026-09-04T04:48:00Z,100
1924499,North,HOSHIARPUR,SANDPUR,Unplanned,Closed,2026-09-04T03:03:00Z,2026-09-04T03:40:00Z,37
1924500,North,HOSHIARPUR,NANGAL BIHALAN,Unplanned,Closed,2026-09-04T02:55:00Z,2026-09-04T03:50:00Z,55
1924497,North,HOSHIARPUR,Rajpur Ups,Unplanned,Closed,2026-09-04T02:55:00Z,2026-09-04T03:35:00Z,40
1924491,Border,GURDASPUR,ARYA NAGAR,Unplanned,Closed,2026-09-04T02:54:00Z,2026-09-04T03:17:00Z,23
1924490,North,HOSHIARPUR,TALWARA,Unplanned,Closed,2026-09-04T02:42:00Z,2026-09-04T04:05:00Z,83
1924478,North,HOSHIARPUR,Rest House,Unplanned,Closed,2026-09-04T02:30:00Z,2026-09-04T03:30:00Z,60
1924477,North,HOSHIARPUR,Model Town,Unplanned,Closed,2026-09-04T02:30:00Z,2026-09-04T03:30:00Z,60
1924476,North,HOSHIARPUR,RAILWAY ROAD MUKERIAN,Unplanned,Closed,2026-09-04T02:30:00Z,2026-09-04T03:30:00Z,60
1924475,North,HOSHIARPUR,KOTLI,Unplanned,Closed,2026-09-04T02:30:00Z,2026-09-04T03:30:00Z,60
1924474,North,HOSHIARPUR,MUKERIAN,Unplanned,Closed,2026-09-04T02:30:00Z,2026-09-04T03:30:00Z,60
1924473,North,HOSHIARPUR,CHACK,Unplanned,Closed,2026-09-04T02:30:00Z,2026-09-04T03:30:00Z,60
1924496,East,ROPAR,11KV Belian UPS FEEDER,Unplanned,Closed,2026-09-04T02:27:00Z,2026-09-04T05:35:14Z,188
1924495,East,ROPAR,11 KV Kakrala,Unplanned,Closed,2026-09-04T02:27:00Z,2026-09-04T05:35:42Z,188
1924494,East,ROPAR,11 KV Sarsa Nangal,Unplanned,Closed,2026-09-04T02:27:00Z,2026-09-04T05:35:25Z,188
1924493,East,ROPAR,11 KV RTP,Unplanned,Closed,2026-09-04T02:27:00Z,2026-09-04T05:35:25Z,188
1924492,East,ROPAR,11 KV Bharatgarh,Unplanned,Closed,2026-09-04T02:27:00Z,2026-09-04T05:35:01Z,188
1924471,North,JALANDHAR,GARHA,Unplanned,Closed,2026-09-04T02:15:00Z,2026-09-04T02:30:00Z,15
1924498,South,PATIALA,Ajit Nagar,Unplanned,Closed,2026-09-04T02:10:00Z,2026-09-04T03:05:03Z,55
1924472,East,ROPAR,11 KV LIC Colony,Unplanned,Closed,2026-09-04T01:42:00Z,2026-09-04T02:58:00Z,76
1924470,East,ROPAR,11 KV Plazzo ELite,Unplanned,Closed,2026-09-04T01:30:00Z,2026-09-04T03:05:00Z,95
1924467,East,ROPAR,Nijjer Road,Unplanned,Closed,2026-09-04T01:30:00Z,2026-09-04T03:45:00Z,135
1924465,East,ROPAR,11 KV Chajjumajra,Unplanned,Closed,2026-09-04T01:20:00Z,2026-09-04T02:45:00Z,85
1924462,North,HOSHIARPUR,SAILA CITY,Unplanned,Closed,2026-09-04T01:20:00Z,2026-09-04T01:32:00Z,12
1924406,Border,CITY AMRITSAR,Mohan Rice Mills,Unplanned,Closed,2026-09-04T00:51:00Z,2026-09-04T01:35:00Z,44
1924373,North,JALANDHAR,PAP,Unplanned,Closed,2026-09-04T00:45:00Z,2026-09-04T01:10:00Z,25
1924368,East,MOHALI,MOHIKALAN UPS,Unplanned,Closed,2026-09-04T00:37:00Z,2026-09-04T02:15:00Z,98
1924370,West,FEROZPUR,AMAR TAKIS,Unplanned,Closed,2026-09-04T00:35:00Z,2026-09-04T01:30:00Z,55
1924358,Border,CITY AMRITSAR,JOSHI COLONY,Unplanned,Closed,2026-09-04T00:34:00Z,2026-09-04T01:58:00Z,84
1924288,West,MUKATSAR,Bikaneri Road,Unplanned,Closed,2026-09-04T00:22:30Z,2026-09-04T00:31:30Z,9
1924334,East,MOHALI,TDI,Unplanned,Closed,2026-09-04T00:20:59Z,2026-09-04T01:25:08Z,64
1924256,East,ROPAR,INDUSTRIAL,Unplanned,Closed,2026-09-04T00:00:00Z,2026-09-04T00:45:00Z,45
1924254,North,NAWANSHAHR,SADHOWAL,Unplanned,Closed,2026-09-03T23:57:00Z,2026-09-04T01:13:00Z,76
1924253,West,FARIDKOT,Dutt Road,Unplanned,Closed,2026-09-03T23:41:59Z,2026-09-04T00:12:33Z,30
1924252,West,FARIDKOT,FCI URBAN,Unplanned,Closed,2026-09-03T23:41:59Z,2026-09-04T00:04:39Z,22
1924251,West,FARIDKOT,11 SODHI NAGAR URBAN,Unplanned,Closed,2026-09-03T23:41:59Z,2026-09-04T00:04:09Z,22
1924244,West,FARIDKOT,Zira Road,Unplanned,Closed,2026-09-03T23:41:59Z,2026-09-04T00:05:54Z,23
1924242,Central,KHANNA,GT ROAD,Unplanned,Closed,2026-09-03T23:41:27Z,2026-09-03T23:56:38Z,15
1924255,Border,GURDASPUR,11KV UPS BASSI,Unplanned,Closed,2026-09-03T23:35:00Z,2026-09-04T00:37:00Z,62
1924243,North,HOSHIARPUR,RAILWAY ROAD MUKERIAN,Unplanned,Closed,2026-09-03T23:35:00Z,2026-09-04T00:30:00Z,55
1924241,West,FEROZPUR,Makhu Gate,Unplanned,Closed,2026-09-03T23:35:00Z,2026-09-04T00:05:00Z,30
1924240,West,BATHINDA,SIHAN PATTI URBAN,Unplanned,Closed,2026-09-03T23:35:00Z,2026-09-04T00:12:00Z,37
1924239,North,JALANDHAR,GAZZI GULLA,Unplanned,Closed,2026-09-03T23:31:11Z,2026-09-04T00:02:43Z,31
1924227,West,MUKATSAR,11 KV Circular Road,Planned,Closed,2026-09-03T23:20:58Z,2026-09-03T23:45:24Z,24
1924228,North,JALANDHAR,RAMA MANDI,Unplanned,Closed,2026-09-03T23:15:00Z,2026-09-03T23:45:00Z,30
1924131,North,NAWANSHAHR,SADHOWAL,Unplanned,Closed,2026-09-03T23:08:00Z,2026-09-03T23:47:00Z,39
1924175,West,FEROZPUR,City Enclave,Unplanned,Closed,2026-09-03T23:07:00Z,2026-09-03T23:59:00Z,52
1924162,West,FEROZPUR,BASTI TANKAN WALI,Unplanned,Closed,2026-09-03T23:07:00Z,2026-09-03T23:59:00Z,52
1924152,West,FEROZPUR,CITY,Unplanned,Closed,2026-09-03T23:06:00Z,2026-09-03T23:59:00Z,53
1924142,West,FEROZPUR,Amritsari Gate,Planned,Closed,2026-09-03T23:05:00Z,2026-09-03T23:59:00Z,54
1924140,West,FEROZPUR,11 KV NAMAK MANDI,Planned,Closed,2026-09-03T23:05:00Z,2026-09-03T23:59:00Z,54
1924138,West,FEROZPUR,ARSONAL,Planned,Closed,2026-09-03T23:05:00Z,2026-09-03T23:59:00Z,54
1924135,West,FEROZPUR,RINGMAIN B,Planned,Closed,2026-09-03T23:05:00Z,2026-09-04T00:03:00Z,58
1924134,West,FEROZPUR,ZIRA ROAD,Planned,Closed,2026-09-03T23:05:00Z,2026-09-03T23:59:00Z,54
1924133,West,FEROZPUR,COURT FEEDER,Planned,Closed,2026-09-03T23:05:00Z,2026-09-03T23:59:00Z,54
1924132,West,FEROZPUR,CANTT FEEDER,Planned,Closed,2026-09-03T23:05:00Z,2026-09-04T00:03:00Z,58
1924122,West,BATHINDA,KOT FATTA,Unplanned,Closed,2026-09-03T23:02:00Z,2026-09-03T23:40:00Z,38
1924107,North,NAWANSHAHR,CITY GARHSHANKAR-2,Unplanned,Closed,2026-09-03T23:01:00Z,2026-09-03T23:34:00Z,33
1924125,West,BATHINDA,Station Basti,Unplanned,Closed,2026-09-03T23:00:00Z,2026-09-04T00:45:00Z,105
1924108,North,JALANDHAR,Dhadde,Unplanned,Closed,2026-09-03T23:00:00Z,2026-09-03T23:30:00Z,30
1924088,South,SANGRUR,11kv Bank road,Planned,Closed,2026-09-03T23:00:00Z,2026-09-04T00:06:56Z,66
1924091,Central,CITY EAST LUDHIANA,BAL SINGH NAGAR,Unplanned,Closed,2026-09-03T22:57:00Z,2026-09-04T00:38:00Z,101
1924147,North,NAWANSHAHR,11KV UPS BAKHLOUR,Unplanned,Closed,2026-09-03T22:55:00Z,2026-09-03T23:20:00Z,25
1924090,West,MUKATSAR,BADAL-2,Unplanned,Closed,2026-09-03T22:50:00Z,2026-09-03T23:35:00Z,45
1924089,West,MUKATSAR,Badal,Unplanned,Closed,2026-09-03T22:50:00Z,2026-09-03T23:15:00Z,25
1924063,East,Zirakpur,Dehar. Cat. 1,Unplanned,Closed,2026-09-03T22:47:00Z,2026-09-03T22:56:00Z,9
1924274,West,FARIDKOT,GOLEWALA,Unplanned,Closed,2026-09-03T22:45:00Z,2026-09-04T01:22:56Z,157
1924065,West,FEROZPUR,AMAR TAKIS,Unplanned,Closed,2026-09-03T22:35:00Z,2026-09-04T00:34:00Z,119
1924021,West,FEROZPUR,POLYTECHNIC COLLEGE,Unplanned,Closed,2026-09-03T22:30:00Z,2026-09-03T23:35:00Z,65
1924007,North,JALANDHAR,DANA MANDI RAIPUR,Unplanned,Closed,2026-09-03T22:30:00Z,2026-09-03T23:10:00Z,40
1924224,West,BATHINDA,TEONA PUJARIAN,Unplanned,Closed,2026-09-03T22:25:00Z,2026-09-03T23:51:00Z,86
1924012,North,HOSHIARPUR,MANJPUR,Unplanned,Closed,2026-09-03T22:22:00Z,2026-09-03T22:55:00Z,33
1923955,Central,KHANNA,Saunti UPS,Unplanned,Closed,2026-09-03T22:20:00Z,2026-09-03T23:18:00Z,58
1923992,North,NAWANSHAHR,SADHOWAL,Unplanned,Closed,2026-09-03T22:18:00Z,2026-09-03T22:32:00Z,14
1923987,North,JALANDHAR,Dhadde,Unplanned,Closed,2026-09-03T22:15:00Z,2026-09-03T22:40:00Z,25
1923941,Border,GURDASPUR,Dalla UPS,Unplanned,Closed,2026-09-03T22:10:00Z,2026-09-03T23:50:00Z,100
1923861,South,SANGRUR,UPS BALAD KALAN,Unplanned,Closed,2026-09-03T22:02:00Z,2026-09-03T22:40:00Z,38
1923894,Border,GURDASPUR,Ranipur,Unplanned,Closed,2026-09-03T21:57:00Z,2026-09-03T22:17:00Z,20
1923856,South,PATIALA,DAV FEEDER,Unplanned,Closed,2026-09-03T21:55:00Z,2026-09-03T23:01:00Z,66
1923759,West,FEROZPUR,DANA MANDI,Unplanned,Closed,2026-09-03T21:45:00Z,2026-09-03T22:30:00Z,45
1923746,West,MUKATSAR,Civil Line,Unplanned,Closed,2026-09-03T21:37:00Z,2026-09-03T21:41:00Z,4
1923745,North,JALANDHAR,BASANT HILLS,Unplanned,Closed,2026-09-03T21:34:00Z,2026-09-03T22:14:00Z,40
1923831,Border,GURDASPUR,Rampur Talwara,Unplanned,Closed,2026-09-03T21:30:00Z,2026-09-03T22:25:00Z,55
1923707,North,JALANDHAR,RAMA MANDI,Unplanned,Closed,2026-09-03T21:20:00Z,2026-09-03T22:15:00Z,55
1923588,South,PATIALA,FACTORY AREA (NEW),Unplanned,Closed,2026-09-03T20:55:00Z,2026-09-03T21:21:00Z,26
1923587,West,MUKATSAR,BRING KHERA,Unplanned,Closed,2026-09-03T20:55:00Z,2026-09-03T21:20:00Z,25
1923633,East,ROPAR,11 KV Sarsa Nangal,Unplanned,Closed,2026-09-03T20:52:00Z,2026-09-03T21:45:00Z,53
1923568,Central,KHANNA,SHIVPURI,Planned,Closed,2026-09-03T20:50:34Z,2026-09-03T21:35:53Z,45
1923567,Central,KHANNA,Surindra,Planned,Closed,2026-09-03T20:50:22Z,2026-09-03T21:35:41Z,45
1923569,Central,KHANNA,Sangtpura,Planned,Closed,2026-09-03T20:50:08Z,2026-09-03T21:10:25Z,20
1923627,East,ROPAR,11 KV Bharatgarh,Unplanned,Closed,2026-09-03T20:50:00Z,2026-09-03T21:08:00Z,18
1923570,North,JALANDHAR,Guru Nanak Nagar,Unplanned,Closed,2026-09-03T20:41:00Z,2026-09-03T22:23:00Z,102
1923554,West,FARIDKOT,SADIQ,Unplanned,Closed,2026-09-03T20:39:55Z,2026-09-03T21:47:13Z,67
1923512,East,ROPAR,TIBBA TAPPRIAN,Unplanned,Closed,2026-09-03T20:35:00Z,2026-09-03T21:28:00Z,53
1923506,West,MUKATSAR,BRING KHERA,Unplanned,Closed,2026-09-03T20:35:00Z,2026-09-03T20:44:00Z,9
1923572,East,Zirakpur,11KV BEHRA FEEDER,Unplanned,Closed,2026-09-03T20:34:25Z,2026-09-03T21:00:37Z,26
1923504,East,ROPAR,UPS-I,Unplanned,Closed,2026-09-03T20:33:00Z,2026-09-03T21:20:00Z,47
1923589,West,FEROZPUR,Gobar Mandi,Unplanned,Closed,2026-09-03T20:30:00Z,2026-09-03T21:30:00Z,60
1923586,West,FEROZPUR,POLYTECHNIC COLLEGE,Unplanned,Closed,2026-09-03T20:30:00Z,2026-09-03T21:30:00Z,60
1923389,East,ROPAR,BAINS,Unplanned,Closed,2026-09-03T20:30:00Z,2026-09-03T20:55:00Z,25
1923326,South,SANGRUR,NABHA GATE,Unplanned,Closed,2026-09-03T20:25:00Z,2026-09-03T21:09:00Z,44
1923320,South,SANGRUR,Kishanpura Road,Unplanned,Closed,2026-09-03T20:20:00Z,2026-09-03T21:07:00Z,47
1923319,West,FEROZPUR,Makhu Gate,Unplanned,Closed,2026-09-03T20:20:00Z,2026-09-03T21:30:00Z,70
1923551,Central,CITY EAST LUDHIANA,11 KV DHOKA MOHALLA,Unplanned,Closed,2026-09-03T20:15:26Z,2026-09-03T21:14:26Z,59
1923321,North,NAWANSHAHR,11KVCITY-2,Unplanned,Closed,2026-09-03T20:15:00Z,2026-09-03T22:06:33Z,111
1923260,Border,TARN TARAN,URBAN GARDEN COLONY,Unplanned,Closed,2026-09-03T20:00:00Z,2026-09-03T20:33:00Z,33
1923212,Central,CITY EAST LUDHIANA,NEW VISHNUPURI,Planned,Closed,2026-09-03T19:59:00Z,2026-09-03T20:37:00Z,38
1923225,East,ROPAR,Asmanpur,Unplanned,Closed,2026-09-03T19:55:00Z,2026-09-03T20:25:00Z,30
1923189,South,BARNALA,SHERWANIKOT UPS,Unplanned,Closed,2026-09-03T19:41:00Z,2026-09-03T22:55:00Z,194
1923211,West,FEROZPUR,PEERU WALA,Planned,Closed,2026-09-03T19:35:00Z,2026-09-03T21:00:00Z,85
1923201,Border,GURDASPUR,UPS Feeder,Unplanned,Closed,2026-09-03T19:35:00Z,2026-09-03T21:30:00Z,115
1923173,East,ROPAR,HIYATPUR,Unplanned,Closed,2026-09-03T19:35:00Z,2026-09-03T20:30:00Z,55
1923172,North,HOSHIARPUR,SAWAR,Unplanned,Closed,2026-09-03T19:33:00Z,2026-09-03T19:58:00Z,25
1923206,West,FEROZPUR,URBAN MEHAMA,Planned,Closed,2026-09-03T19:30:00Z,2026-09-03T21:00:00Z,90
1923205,West,BATHINDA,HARI NAGAR,Planned,Closed,2026-09-03T19:30:00Z,2026-09-03T22:01:15Z,151
1923204,West,FEROZPUR,MADHRE,Planned,Closed,2026-09-03T19:30:00Z,2026-09-03T21:00:00Z,90
1923202,West,FEROZPUR,UPS FEEDER,Planned,Closed,2026-09-03T19:30:00Z,2026-09-03T21:00:00Z,90
1923179,Central,SUB URBAN LUDHIANA,CITY 8,Unplanned,Closed,2026-09-03T19:30:00Z,2026-09-03T20:05:00Z,35
1923177,West,BATHINDA,PARTAP NAGAR,Unplanned,Closed,2026-09-03T19:28:00Z,2026-09-03T19:55:11Z,27
1923174,Central,CITY EAST LUDHIANA,Kashmir Nagar,Unplanned,Closed,2026-09-03T19:20:28Z,2026-09-03T20:15:28Z,55
1923152,North,NAWANSHAHR,ROR MAJRA,Unplanned,Closed,2026-09-03T19:19:00Z,2026-09-03T20:19:00Z,60
1923104,Border,SUB URBAN AMRITSAR,11 kv Baba Deep Singh colony,Unplanned,Closed,2026-09-03T19:13:07Z,2026-09-03T19:42:00Z,28
1923109,South,SANGRUR,CITY-5,Unplanned,Closed,2026-09-03T19:12:00Z,2026-09-03T20:30:00Z,78
1923103,Central,CITY EAST LUDHIANA,WEST,Unplanned,Closed,2026-09-03T19:10:25Z,2026-09-03T20:05:25Z,55
1923105,West,FEROZPUR,TOWN,Unplanned,Closed,2026-09-03T19:10:00Z,2026-09-03T19:50:00Z,40
1923101,West,FARIDKOT,11 KV RAJEANA UPS (66KV RODE),Unplanned,Closed,2026-09-03T19:07:00Z,2026-09-03T19:20:00Z,13
1923113,East,ROPAR,11KV Gillco Velly,Unplanned,Closed,2026-09-03T19:03:00Z,2026-09-03T19:40:00Z,37
1923099,Central,KHANNA,ANAJ MANDI,Unplanned,Closed,2026-09-03T19:00:00Z,2026-09-03T19:55:00Z,55
1923062,South,PATIALA,Industrial Estate New,Unplanned,Closed,2026-09-03T18:51:00Z,2026-09-03T19:35:00Z,44
1923145,Border,SUB URBAN AMRITSAR,SUGAR MILL,Unplanned,Closed,2026-09-03T18:50:00Z,2026-09-03T19:50:00Z,60
1923098,North,JALANDHAR,Rainak Bazar,Unplanned,Closed,2026-09-03T18:45:23Z,2026-09-03T19:10:00Z,24
1923061,South,PATIALA,11KV NARENDRA ENCLAVE,Unplanned,Closed,2026-09-03T18:42:00Z,2026-09-03T19:36:00Z,54
1923060,South,PATIALA,Deep nagar,Unplanned,Closed,2026-09-03T18:41:00Z,2026-09-03T19:02:00Z,21
1923058,East,Zirakpur,LALRU MANDI,Unplanned,Closed,2026-09-03T18:40:00Z,2026-09-03T18:55:00Z,15
1923057,Central,CITY EAST LUDHIANA,Chand Cinema,Unplanned,Closed,2026-09-03T18:30:00Z,2026-09-03T19:53:00Z,83
1923053,Central,CITY EAST LUDHIANA,ISLAM GANJ,Unplanned,Closed,2026-09-03T18:28:40Z,2026-09-03T19:27:40Z,59
1923052,Central,CITY EAST LUDHIANA,PREM NAGAR,Unplanned,Closed,2026-09-03T18:28:40Z,2026-09-03T19:27:40Z,59
1923059,East,ROPAR,11KV Dugri,Unplanned,Closed,2026-09-03T18:28:00Z,2026-09-03T19:00:00Z,32
1923054,North,NAWANSHAHR,11KV GHATARON,Unplanned,Closed,2026-09-03T18:25:00Z,2026-09-03T18:48:00Z,23
1923055,Border,SUB URBAN AMRITSAR,MES,Unplanned,Closed,2026-09-03T18:20:00Z,2026-09-03T19:30:00Z,70
1923051,Border,TARN TARAN,Jandiala Road Urban.,Unplanned,Closed,2026-09-03T18:20:00Z,2026-09-03T18:50:00Z,30
1923048,East,Zirakpur,SUKHNA,Unplanned,Closed,2026-09-03T18:18:00Z,2026-09-03T18:52:00Z,34
1923047,East,Zirakpur,PUNJAB,Unplanned,Closed,2026-09-03T18:18:00Z,2026-09-03T18:52:00Z,34
1923050,East,MOHALI,11KV JAGATPURA,Unplanned,Closed,2026-09-03T18:16:00Z,2026-09-03T18:46:55Z,30
1923041,South,PATIALA,BSNL,Unplanned,Closed,2026-09-03T18:14:00Z,2026-09-03T19:38:00Z,84
1923043,South,PATIALA,Kartarpura,Unplanned,Closed,2026-09-03T18:10:00Z,2026-09-03T19:40:00Z,90
1923045,East,MOHALI,Rubber Plant,Unplanned,Closed,2026-09-03T18:08:12Z,2026-09-03T18:55:02Z,46
1923042,South,PATIALA,SARHIND ROAD,Unplanned,Closed,2026-09-03T18:05:00Z,2026-09-03T19:10:00Z,65
1923040,East,ROPAR,11KV Belian UPS FEEDER,Unplanned,Closed,2026-09-03T18:03:00Z,2026-09-03T18:35:00Z,32
1923044,Central,CITY EAST LUDHIANA,11 KV MAYA PURI,Unplanned,Closed,2026-09-03T18:00:43Z,2026-09-03T19:00:43Z,60
1923049,South,PATIALA,rajpura,Unplanned,Closed,2026-09-03T18:00:00Z,2026-09-03T19:25:00Z,85
1923046,South,PATIALA,SUNDER NAGAR RAJPURA,Unplanned,Closed,2026-09-03T18:00:00Z,2026-09-03T19:25:00Z,85
1923038,North,KAPURTHALA,Kangna,Unplanned,Closed,2026-09-03T18:00:00Z,2026-09-03T18:31:00Z,31
1923037,North,KAPURTHALA,Railway Station,Unplanned,Closed,2026-09-03T18:00:00Z,2026-09-03T18:31:00Z,31
1923036,North,KAPURTHALA,Gill,Unplanned,Closed,2026-09-03T18:00:00Z,2026-09-03T18:31:00Z,31
1923035,North,KAPURTHALA,URBAN Malsian,Unplanned,Closed,2026-09-03T18:00:00Z,2026-09-03T18:30:00Z,30
1923034,North,KAPURTHALA,URBAN INDUSTRY,Unplanned,Closed,2026-09-03T18:00:00Z,2026-09-03T18:30:00Z,30
1923033,North,KAPURTHALA,UPS KACHI SARAI KHAS,Unplanned,Closed,2026-09-03T18:00:00Z,2026-09-03T18:30:00Z,30
1923039,North,JALANDHAR,SABOWAL,Unplanned,Closed,2026-09-03T17:59:00Z,2026-09-03T18:22:00Z,23
1923032,North,NAWANSHAHR,11 KV Buthgarh,Unplanned,Closed,2026-09-03T17:55:00Z,2026-09-03T18:16:00Z,21
1923029,North,JALANDHAR,11KV GTB NAGAR,Unplanned,Closed,2026-09-03T17:52:00Z,2026-09-03T19:08:00Z,76
1923022,West,FEROZPUR,COURT FEEDER,Unplanned,Closed,2026-09-03T17:51:00Z,2026-09-03T19:00:00Z,69
1923020,North,JALANDHAR,PUNJABI BAGH,Unplanned,Closed,2026-09-03T17:51:00Z,2026-09-03T18:15:00Z,24
1923028,East,Zirakpur,SAINI VIHAR,Planned,Closed,2026-09-03T17:50:00Z,2026-09-03T18:20:00Z,30
1923014,North,NAWANSHAHR,DUGRI,Unplanned,Closed,2026-09-03T17:46:00Z,2026-09-03T18:30:00Z,44
1923056,North,KAPURTHALA,URBAN Jandiala,Planned,Closed,2026-09-03T17:45:00Z,2026-09-03T19:40:00Z,115
1923019,Central,KHANNA,Friend colony,Unplanned,Closed,2026-09-03T17:45:00Z,2026-09-03T18:03:00Z,18
1923012,West,BATHINDA,11KV KANHAIYA CHOWK,Planned,Closed,2026-09-03T17:45:00Z,2026-09-03T18:02:00Z,17
1923009,Central,CITY WEST LUDHIANA,RANJIT NAGAR FEEDER,Unplanned,Closed,2026-09-03T17:42:29Z,2026-09-03T19:30:34Z,108
1923008,East,MOHALI,11 KV CHADIALA UPS,Unplanned,Closed,2026-09-03T17:35:30Z,2026-09-03T18:05:00Z,29
1923015,North,JALANDHAR,LINK ROAD,Unplanned,Closed,2026-09-03T17:35:00Z,2026-09-03T17:55:00Z,20
1923011,West,BATHINDA,KISHANGARH URBAN,Unplanned,Closed,2026-09-03T17:35:00Z,2026-09-03T18:20:00Z,45
1923010,North,HOSHIARPUR,BOHAN,Unplanned,Closed,2026-09-03T17:35:00Z,2026-09-03T18:10:00Z,35
1923002,North,HOSHIARPUR,CHACK,Unplanned,Closed,2026-09-03T17:25:00Z,2026-09-03T17:45:00Z,20
1923006,North,HOSHIARPUR,Patti,Unplanned,Closed,2026-09-03T17:20:00Z,2026-09-03T18:10:00Z,50
1923005,North,HOSHIARPUR,Chaggran,Unplanned,Closed,2026-09-03T17:20:00Z,2026-09-03T17:50:00Z,30
1923007,South,PATIALA,Ghuman Nagar,Unplanned,Closed,2026-09-03T17:15:00Z,2026-09-03T18:35:00Z,80
1923004,South,PATIALA,Industrial Estate New,Unplanned,Closed,2026-09-03T17:15:00Z,2026-09-03T17:56:00Z,41
1923003,North,HOSHIARPUR,BHOL,Unplanned,Closed,2026-09-03T17:15:00Z,2026-09-03T17:40:00Z,25
1922992,Border,GURDASPUR,TALIBPUR,Unplanned,Closed,2026-09-03T17:15:00Z,2026-09-03T17:30:00Z,15
1922991,North,JALANDHAR,Begampura,Unplanned,Closed,2026-09-03T17:10:00Z,2026-09-03T17:40:00Z,30
1923001,North,HOSHIARPUR,HANDHWAL UPS,Unplanned,Closed,2026-09-03T17:05:00Z,2026-09-03T17:35:00Z,30
1922998,North,HOSHIARPUR,HAJIPUR,Unplanned,Closed,2026-09-03T17:05:00Z,2026-09-03T17:35:00Z,30
1922988,East,MOHALI,JANTI DEVI,Unplanned,Closed,2026-09-03T17:04:17Z,2026-09-03T17:14:54Z,10
1922990,East,Zirakpur,PATIALA ROAD,Unplanned,Closed,2026-09-03T17:03:00Z,2026-09-03T17:24:00Z,21
1923000,Central,CITY EAST LUDHIANA,SHINGAR,Unplanned,Closed,2026-09-03T17:00:31Z,2026-09-03T18:02:31Z,62
1922999,Central,CITY EAST LUDHIANA,SHIVAJI NAGAR,Unplanned,Closed,2026-09-03T17:00:31Z,2026-09-03T18:02:31Z,62
1922994,East,MOHALI,11KV DERRI UPS,Unplanned,Closed,2026-09-03T16:55:00Z,2026-09-03T17:25:00Z,30
1922993,East,MOHALI,11 KV BATHLANA UPS,Unplanned,Closed,2026-09-03T16:55:00Z,2026-09-03T17:25:01Z,30
1922984,Central,CITY WEST LUDHIANA,RANJIT NAGAR FEEDER,Unplanned,Closed,2026-09-03T16:50:21Z,2026-09-03T17:15:02Z,24
1922997,West,FARIDKOT,Dhana Basti,Planned,Closed,2026-09-03T16:50:00Z,2026-09-03T17:36:00Z,46
1922987,Central,SUB URBAN LUDHIANA,Urban New Gau Shala (City-2),Unplanned,Closed,2026-09-03T16:45:00Z,2026-09-03T17:55:00Z,70
1922986,North,JALANDHAR,WARYAM NAGAR,Unplanned,Closed,2026-09-03T16:45:00Z,2026-09-03T17:19:00Z,34
1922985,East,ROPAR,UPS-II,Unplanned,Closed,2026-09-03T16:45:00Z,2026-09-03T16:52:00Z,7
1922989,North,JALANDHAR,ASHOK VIHAR,Unplanned,Closed,2026-09-03T16:40:00Z,2026-09-03T17:20:00Z,40
1922982,South,SANGRUR,Daska C-1,Unplanned,Closed,2026-09-03T16:40:00Z,2026-09-03T18:15:00Z,95
1922980,Central,SUB URBAN LUDHIANA,CITY-5,Unplanned,Closed,2026-09-03T16:25:00Z,2026-09-03T17:55:00Z,90
1922967,South,SANGRUR,Baba Todar Mall,Unplanned,Closed,2026-09-03T16:23:23Z,2026-09-03T17:10:51Z,47
1922966,South,SANGRUR,BAKHOPIR,Unplanned,Closed,2026-09-03T16:22:22Z,2026-09-03T17:10:51Z,48
1922979,East,ROPAR,RP ENGINEERING,Unplanned,Closed,2026-09-03T16:20:15Z,2026-09-03T20:30:15Z,250
1922978,East,ROPAR,11 KV Budhewal Road,Unplanned,Closed,2026-09-03T16:20:15Z,2026-09-03T20:32:15Z,252
1922977,East,ROPAR,11 KV Paharuwal Road,Unplanned,Closed,2026-09-03T16:20:15Z,2026-09-03T20:32:15Z,252
1922976,East,ROPAR,Hero Cycle,Unplanned,Closed,2026-09-03T16:20:15Z,2026-09-03T20:30:15Z,250
1922975,East,ROPAR,11 KV Gangotri Rubber,Unplanned,Closed,2026-09-03T16:20:15Z,2026-09-03T20:33:15Z,253
1922974,East,ROPAR,11 KV acme,Unplanned,Closed,2026-09-03T16:20:15Z,2026-09-03T20:33:15Z,253
1922973,East,ROPAR,11KV AMWAY Forging,Unplanned,Closed,2026-09-03T16:20:15Z,2026-09-03T20:32:15Z,252
1922972,East,ROPAR,11 KV Osho tool,Unplanned,Closed,2026-09-03T16:20:15Z,2026-09-03T20:32:15Z,252
1922971,East,ROPAR,11 KV Jindal Agro,Unplanned,Closed,2026-09-03T16:20:15Z,2026-09-03T20:33:15Z,253
1922970,East,ROPAR,11 KV Asian Lacto,Unplanned,Closed,2026-09-03T16:20:15Z,2026-09-03T20:32:15Z,252
1922969,East,ROPAR,11 KV Jandiali,Unplanned,Closed,2026-09-03T16:20:15Z,2026-09-03T20:33:15Z,253
1922983,Border,GURDASPUR,METLE,Unplanned,Closed,2026-09-03T16:20:00Z,2026-09-03T17:05:00Z,45
1922968,South,SANGRUR,11 KV UPS PHULAD,Unplanned,Closed,2026-09-03T16:20:00Z,2026-09-03T17:58:12Z,98
1922965,West,MUKATSAR,Bus Stand Road,Unplanned,Closed,2026-09-03T16:18:00Z,2026-09-03T17:12:05Z,54
1922964,West,BATHINDA,MANSA KALAN,Planned,Closed,2026-09-03T16:05:00Z,2026-09-03T16:30:00Z,25
1922962,South,PATIALA,Panjiri Plant,Unplanned,Closed,2026-09-03T16:05:00Z,2026-09-03T17:20:00Z,75
1922957,East,Zirakpur,SACHKHAND SAHIB,Unplanned,Closed,2026-09-03T16:01:00Z,2026-09-03T16:05:00Z,4
1922960,Central,CITY EAST LUDHIANA,MOHAR SINGH NAGAR,Unplanned,Closed,2026-09-03T16:00:03Z,2026-09-03T17:00:03Z,60
1922959,Central,CITY EAST LUDHIANA,FATEH GANJ,Unplanned,Closed,2026-09-03T16:00:03Z,2026-09-03T17:00:03Z,60
1922963,South,PATIALA,URBAN NANAKSAR,Unplanned,Closed,2026-09-03T16:00:00Z,2026-09-03T16:20:34Z,20
1922961,South,PATIALA,BABA DEEP SINGH,Unplanned,Closed,2026-09-03T16:00:00Z,2026-09-03T19:25:00Z,205
1922956,South,PATIALA,Chandigarh Road,Unplanned,Closed,2026-09-03T16:00:00Z,2026-09-03T16:20:00Z,20
1922955,South,PATIALA,Bharat colony,Unplanned,Closed,2026-09-03T16:00:00Z,2026-09-03T18:00:00Z,120
1922954,Border,GURDASPUR,Ghurala,Unplanned,Closed,2026-09-03T16:00:00Z,2026-09-03T16:54:00Z,54
1922946,Central,KHANNA,MALERKOTLA ROAD,Unplanned,Closed,2026-09-03T15:55:30Z,2026-09-03T16:20:52Z,25
1922958,North,HOSHIARPUR,Naurangabad,Unplanned,Closed,2026-09-03T15:55:00Z,2026-09-03T17:45:00Z,110
1922947,North,NAWANSHAHR,LALLIAN,Unplanned,Closed,2026-09-03T15:55:00Z,2026-09-03T16:10:00Z,15
1922951,Central,CITY WEST LUDHIANA,HOUSEFED,Planned,Closed,2026-09-03T15:53:42Z,2026-09-03T17:22:45Z,89
1922942,South,SANGRUR,11 KV HEERO KALAN UPS,Planned,Closed,2026-09-03T15:50:49Z,2026-09-03T17:37:59Z,107
1922949,East,Zirakpur,KALGIDHAR,Unplanned,Closed,2026-09-03T15:50:00Z,2026-09-03T15:58:00Z,8
1922945,North,KAPURTHALA,UPS KHUSROPUR,Unplanned,Closed,2026-09-03T15:50:00Z,2026-09-03T16:45:00Z,55
1922944,East,MOHALI,HOUSEFED,Unplanned,Closed,2026-09-03T15:44:38Z,2026-09-03T17:00:00Z,75
1922943,East,MOHALI,BANUR URBAN 1,Unplanned,Closed,2026-09-03T15:44:38Z,2026-09-03T17:00:00Z,75
1922939,South,PATIALA,BAJWA COLONY,Unplanned,Closed,2026-09-03T15:43:00Z,2026-09-03T16:05:00Z,22
1922950,West,FARIDKOT,Baba Jiwan Singh Nagar,Unplanned,Closed,2026-09-03T15:42:00Z,2026-09-03T16:55:00Z,73
1922938,Border,GURDASPUR,Ranipur,Unplanned,Closed,2026-09-03T15:42:00Z,2026-09-03T16:01:00Z,19
1922981,Border,GURDASPUR,DHINDSA,Unplanned,Closed,2026-09-03T15:40:00Z,2026-09-03T17:50:00Z,130
1922953,Border,SUB URBAN AMRITSAR,DEO BATH,Planned,Closed,2026-09-03T15:40:00Z,2026-09-03T16:40:00Z,60
1922948,Border,SUB URBAN AMRITSAR,SGRD Hospital,Unplanned,Closed,2026-09-03T15:40:00Z,2026-09-03T16:55:00Z,75
1922935,South,SANGRUR,Gaushala Road,Unplanned,Closed,2026-09-03T15:37:33Z,2026-09-03T17:10:00Z,92
1922936,North,HOSHIARPUR,RUPOWAL,Unplanned,Closed,2026-09-03T15:37:00Z,2026-09-03T16:00:00Z,23
1922952,North,JALANDHAR,ME LAB,Unplanned,Closed,2026-09-03T15:32:00Z,2026-09-03T16:04:00Z,32
1922940,North,KAPURTHALA,CHANNIA UPS,Unplanned,Closed,2026-09-03T15:30:00Z,2026-09-03T15:50:00Z,20
1922937,West,BATHINDA,INDUSTRIAL COMPLEX,Unplanned,Closed,2026-09-03T15:30:00Z,2026-09-03T15:53:00Z,23
1922934,West,FARIDKOT,HARDIAL NAGAR,Planned,Closed,2026-09-03T15:26:00Z,2026-09-03T15:36:00Z,10
1922930,Central,KHANNA,MALKO MAJRA,Unplanned,Closed,2026-09-03T15:25:44Z,2026-09-03T16:15:52Z,50
1922933,North,KAPURTHALA,Lohgarh,Unplanned,Closed,2026-09-03T15:25:00Z,2026-09-03T17:15:00Z,110
1922932,North,KAPURTHALA,Khurlapur,Unplanned,Closed,2026-09-03T15:25:00Z,2026-09-03T17:15:00Z,110
1922931,North,HOSHIARPUR,PENSRA,Unplanned,Closed,2026-09-03T15:25:00Z,2026-09-03T16:30:00Z,65
1922929,North,KAPURTHALA,DHUGGAR,Unplanned,Closed,2026-09-03T15:25:00Z,2026-09-03T17:15:00Z,110
1922928,South,SANGRUR,Hospital Road,Unplanned,Closed,2026-09-03T15:22:50Z,2026-09-03T15:50:56Z,28
1922926,Central,CITY WEST LUDHIANA,AZAD NAGAR FEEDER,Unplanned,Closed,2026-09-03T15:20:28Z,2026-09-03T16:21:14Z,60
1922925,Central,CITY WEST LUDHIANA,KARNAIL SINGH NAGAR FEEDER,Unplanned,Closed,2026-09-03T15:20:28Z,2026-09-03T17:04:37Z,104
1922927,West,MUKATSAR,11 KV BALLUANA UPS,Unplanned,Closed,2026-09-03T15:15:58Z,2026-09-03T17:02:02Z,106
1922923,Central,CITY EAST LUDHIANA,11 KV DHOKA MOHALLA,Unplanned,Closed,2026-09-03T15:10:44Z,2026-09-03T16:05:44Z,55
1922922,Central,CITY EAST LUDHIANA,Kashmir Nagar,Unplanned,Closed,2026-09-03T15:10:44Z,2026-09-03T16:05:44Z,55
1922941,Border,SUB URBAN AMRITSAR,Faizpur,Unplanned,Closed,2026-09-03T15:10:00Z,2026-09-03T16:02:23Z,52
1922924,South,SANGRUR,11 KV HOSPITAL ROAD URBAN,Unplanned,Closed,2026-09-03T15:10:00Z,2026-09-03T15:33:00Z,23
1922921,Border,GURDASPUR,Bajechack,Unplanned,Closed,2026-09-03T15:10:00Z,2026-09-03T15:59:00Z,49
1922920,North,JALANDHAR,GREEN PARK,Unplanned,Closed,2026-09-03T15:10:00Z,2026-09-03T16:35:00Z,85
1922917,Border,GURDASPUR,Babbri Nangal,Unplanned,Closed,2026-09-03T15:10:00Z,2026-09-03T16:03:00Z,53
1922919,North,JALANDHAR,CIVIL LINE,Unplanned,Closed,2026-09-03T15:08:00Z,2026-09-03T15:40:00Z,32
1922910,North,JALANDHAR,VAJU VIHAR,Unplanned,Closed,2026-09-03T15:05:00Z,2026-09-03T15:40:00Z,35
1922912,North,JALANDHAR,GEETA MANDIR,Unplanned,Closed,2026-09-03T15:03:00Z,2026-09-03T18:26:00Z,203
1922911,Border,TARN TARAN,Railway Road Urban..,Unplanned,Closed,2026-09-03T15:01:00Z,2026-09-03T15:40:00Z,39
1922907,North,JALANDHAR,RAJA GARDEN,Unplanned,Closed,2026-09-03T14:56:00Z,2026-09-03T16:16:00Z,80
1922905,East,MOHALI,KHALOUR,Unplanned,Closed,2026-09-03T14:50:32Z,2026-09-03T15:30:56Z,40
1922904,East,MOHALI,CHANGERA AP,Unplanned,Closed,2026-09-03T14:50:32Z,2026-09-03T15:30:12Z,39
1922903,East,MOHALI,CHARBARH UPS,Unplanned,Closed,2026-09-03T14:50:23Z,2026-09-03T15:30:35Z,40
1922916,South,PATIALA,ups Ambala Road,Unplanned,Closed,2026-09-03T14:50:00Z,2026-09-03T18:00:00Z,190
1922915,South,PATIALA,UPS RAJPURA,Unplanned,Closed,2026-09-03T14:50:00Z,2026-09-03T18:00:00Z,190
1922914,South,PATIALA,SYL (F.P),Unplanned,Closed,2026-09-03T14:50:00Z,2026-09-03T18:00:00Z,190
1922913,South,PATIALA,SUNDER NAGAR RAJPURA,Unplanned,Closed,2026-09-03T14:50:00Z,2026-09-03T16:00:00Z,70
1922906,North,JALANDHAR,MIG,Unplanned,Closed,2026-09-03T14:50:00Z,2026-09-03T16:37:00Z,107
1922908,North,JALANDHAR,11KV Mithapur Feeder,Unplanned,Closed,2026-09-03T14:49:00Z,2026-09-03T15:52:00Z,63
1922900,North,JALANDHAR,11 kv CHILDERN PARK NO. 1,Unplanned,Closed,2026-09-03T14:45:17Z,2026-09-03T15:58:22Z,73
1922891,Central,CITY EAST LUDHIANA,Trikoni Park,Unplanned,Closed,2026-09-03T14:45:00Z,2026-09-03T15:48:00Z,63
1922899,North,JALANDHAR,11 KV Manbro,Unplanned,Closed,2026-09-03T14:44:00Z,2026-09-03T16:25:00Z,101
1922895,North,JALANDHAR,Sudhama Vihar,Unplanned,Closed,2026-09-03T14:44:00Z,2026-09-03T16:09:00Z,85
1922893,North,JALANDHAR,11KV GTB NAGAR,Unplanned,Closed,2026-09-03T14:43:00Z,2026-09-03T17:05:00Z,142
1922898,North,JALANDHAR,11 KV Garden Colony,Unplanned,Closed,2026-09-03T14:42:00Z,2026-09-03T16:07:00Z,85
1922897,North,JALANDHAR,NEW PIONEER SPORTS,Unplanned,Closed,2026-09-03T14:42:00Z,2026-09-03T15:55:00Z,73
1922902,North,JALANDHAR,KADIAN,Unplanned,Closed,2026-09-03T14:41:00Z,2026-09-03T17:58:00Z,197
1922890,West,FEROZPUR,COURT FEEDER,Unplanned,Closed,2026-09-03T14:41:00Z,2026-09-03T16:22:00Z,101
1922887,Central,CITY WEST LUDHIANA,ISHER NAGAR FEEDER,Unplanned,Closed,2026-09-03T14:40:45Z,2026-09-03T16:31:54Z,111
1922886,Central,CITY WEST LUDHIANA,MERADO FEEDER,Unplanned,Closed,2026-09-03T14:40:45Z,2026-09-03T16:25:48Z,105
1922901,North,JALANDHAR,NAGAL PURDAL,Unplanned,Closed,2026-09-03T14:40:00Z,2026-09-03T17:57:00Z,197
1922894,Central,CITY EAST LUDHIANA,NEW VISHNUPURI,Unplanned,Closed,2026-09-03T14:40:00Z,2026-09-03T15:08:00Z,28
1922892,North,JALANDHAR,SABOWAL,Unplanned,Closed,2026-09-03T14:40:00Z,2026-09-03T15:47:00Z,67
1922880,North,JALANDHAR,11 KV GRAIN MARKET (Old),Unplanned,Closed,2026-09-03T14:34:45Z,2026-09-03T15:45:50Z,71
1922882,North,JALANDHAR,GURU NANAK NAGAR,Unplanned,Closed,2026-09-03T14:30:00Z,2026-09-03T16:53:00Z,143
1922871,Central,KHANNA,Bhagwanpura,Planned,Closed,2026-09-03T14:30:00Z,2026-09-03T16:14:00Z,104
1922881,North,JALANDHAR,GAZZI GULLA,Unplanned,Closed,2026-09-03T14:29:45Z,2026-09-03T16:03:50Z,94
1922874,East,Zirakpur,PEER MUCHHALA,Unplanned,Closed,2026-09-03T14:28:00Z,2026-09-03T14:38:00Z,10
1922872,East,Zirakpur,11KV Dream Home,Unplanned,Closed,2026-09-03T14:28:00Z,2026-09-03T14:38:00Z,10
1922869,East,ROPAR,11 KV Bharatgarh,Unplanned,Closed,2026-09-03T14:28:00Z,2026-09-03T14:40:00Z,12
1922888,West,FARIDKOT,11 KV KOTKAPURA ROAD,Unplanned,Closed,2026-09-03T14:26:00Z,2026-09-03T15:02:00Z,36
1922867,Central,CITY WEST LUDHIANA,RERU SAHIB ROAD FEEDER,Unplanned,Closed,2026-09-03T14:25:50Z,2026-09-03T15:58:04Z,92
1922879,North,JALANDHAR,DOABA CHOWK,Unplanned,Closed,2026-09-03T14:25:00Z,2026-09-03T15:25:00Z,60
1922878,North,JALANDHAR,SODAL,Unplanned,Closed,2026-09-03T14:25:00Z,2026-09-03T15:25:00Z,60
1922875,North,JALANDHAR,GARHA,Unplanned,Closed,2026-09-03T14:25:00Z,2026-09-03T15:55:00Z,90
1922866,Central,KHANNA,ghunder,Planned,Closed,2026-09-03T14:24:00Z,2026-09-03T16:20:00Z,116
1922868,North,JALANDHAR,Dushiara Ground,Unplanned,Closed,2026-09-03T14:22:00Z,2026-09-03T16:50:00Z,148
1922896,West,MUKATSAR,Madhav Nagri,Unplanned,Closed,2026-09-03T14:21:00Z,2026-09-03T15:37:00Z,76
1922885,East,MOHALI,MOHIKALAN UPS,Unplanned,Closed,2026-09-03T14:20:00Z,2026-09-03T15:35:29Z,75
1922884,East,MOHALI,SIGMA,Unplanned,Closed,2026-09-03T14:20:00Z,2026-09-03T15:35:58Z,75
1922883,East,MOHALI,LOGISTIC,Unplanned,Closed,2026-09-03T14:20:00Z,2026-09-03T15:35:16Z,75
1922873,North,JALANDHAR,TV TOWER,Unplanned,Closed,2026-09-03T14:20:00Z,2026-09-03T15:55:00Z,95
1922870,South,SANGRUR,CHURAL UPS,Unplanned,Closed,2026-09-03T14:20:00Z,2026-09-03T15:05:00Z,45
1922865,North,JALANDHAR,WARYAM NAGAR,Unplanned,Closed,2026-09-03T14:20:00Z,2026-09-03T16:10:00Z,110
1922864,West,MUKATSAR,Kaljharani,Unplanned,Closed,2026-09-03T14:20:00Z,2026-09-03T14:55:00Z,35
1922863,Border,SUB URBAN AMRITSAR,Industry NAG,Planned,Closed,2026-09-03T14:20:00Z,2026-09-03T16:05:54Z,105
1922876,Border,CITY AMRITSAR,11 KV Gurbux Nagar,Planned,Closed,2026-09-03T14:19:30Z,2026-09-03T15:10:53Z,51
1922856,Central,CITY EAST LUDHIANA,11 KV MAYA PURI,Unplanned,Closed,2026-09-03T14:16:00Z,2026-09-03T16:00:00Z,104
1922860,North,JALANDHAR,LADOWALI ROAD,Unplanned,Closed,2026-09-03T14:15:43Z,2026-09-03T15:38:49Z,83
1922889,West,BATHINDA,11KV THAKUR COLONY,Unplanned,Closed,2026-09-03T14:15:00Z,2026-09-03T15:45:00Z,90
1922861,North,JALANDHAR,NEW MODEL TOWN,Unplanned,Closed,2026-09-03T14:15:00Z,2026-09-03T16:06:00Z,111
1922858,North,HOSHIARPUR,Patti,Unplanned,Closed,2026-09-03T14:15:00Z,2026-09-03T14:30:00Z,15
1922862,South,PATIALA,KISHAN NAGAR,Unplanned,Closed,2026-09-03T14:14:18Z,2026-09-03T14:25:36Z,11
1922859,West,BATHINDA,GHORA CHOWNK,Planned,Closed,2026-09-03T14:13:00Z,2026-09-03T14:35:00Z,22
1922855,North,JALANDHAR,11 KV Lal Kurti Feeder,Unplanned,Closed,2026-09-03T14:05:00Z,2026-09-03T15:45:00Z,100
1922854,North,HOSHIARPUR,SANDPUR,Unplanned,Closed,2026-09-03T13:58:00Z,2026-09-03T14:35:00Z,37
1922852,Border,GURDASPUR,HABIBPUR,Unplanned,Closed,2026-09-03T13:56:00Z,2026-09-03T14:45:00Z,49
1922853,North,JALANDHAR,LADHAYWALI,Unplanned,Closed,2026-09-03T13:55:00Z,2026-09-03T16:04:00Z,129
1922851,West,BATHINDA,HARI NAGAR,Unplanned,Closed,2026-09-03T13:52:00Z,2026-09-03T15:04:00Z,72
1922849,Border,SUB URBAN AMRITSAR,Sethan Wala,Unplanned,Closed,2026-09-03T13:50:52Z,2026-09-03T14:30:04Z,39
1922848,Border,SUB URBAN AMRITSAR,MAJITHA,Unplanned,Closed,2026-09-03T13:50:07Z,2026-09-03T14:30:30Z,40
1922877,West,BATHINDA,GOLE MARKET -1,Unplanned,Closed,2026-09-03T13:50:00Z,2026-09-03T15:00:39Z,70
1922850,South,BARNALA,INDUSTRIAL RATOLAN,Unplanned,Closed,2026-09-03T13:45:00Z,2026-09-03T14:28:00Z,43
1922845,North,KAPURTHALA,UPS MALLIWAL,Unplanned,Closed,2026-09-03T13:45:00Z,2026-09-03T15:00:00Z,75
1922857,West,BATHINDA,INDUSTRIAL COMPLEX,Unplanned,Closed,2026-09-03T13:40:00Z,2026-09-03T15:20:00Z,100
1922844,South,SANGRUR,GHANOURI KALAN C1,Unplanned,Closed,2026-09-03T13:35:00Z,2026-09-03T14:30:00Z,55
1922842,Border,CITY AMRITSAR,Tilak Nagar,Unplanned,Closed,2026-09-03T13:31:27Z,2026-09-03T13:47:01Z,15
1922843,North,JALANDHAR,11 KV FRIEND COLONY,Unplanned,Closed,2026-09-03T13:30:57Z,2026-09-03T14:29:02Z,58
1922841,East,Zirakpur,SACHKHAND SAHIB,Planned,Closed,2026-09-03T13:28:00Z,2026-09-03T13:50:00Z,22
1922846,Central,CITY EAST LUDHIANA,SHIVAJI NAGAR,Unplanned,Closed,2026-09-03T13:20:00Z,2026-09-03T14:15:00Z,55
1922840,North,JALANDHAR,Nanak Nagri,Unplanned,Closed,2026-09-03T13:20:00Z,2026-09-03T13:55:00Z,35
1922836,West,MUKATSAR,Gaushala,Unplanned,Closed,2026-09-03T13:19:52Z,2026-09-03T14:30:00Z,70
1922835,North,HOSHIARPUR,BADLA,Unplanned,Closed,2026-09-03T13:18:00Z,2026-09-03T14:00:00Z,42
1922838,North,KAPURTHALA,UPS Mustfabad,Unplanned,Closed,2026-09-03T13:15:00Z,2026-09-03T15:05:00Z,110
1922832,East,Zirakpur,INDUSTRIAL LALRU,Unplanned,Closed,2026-09-03T13:15:00Z,2026-09-03T14:12:00Z,57
1922833,North,NAWANSHAHR,DUGRI,Unplanned,Closed,2026-09-03T13:13:00Z,2026-09-03T13:29:00Z,16
1922830,North,NAWANSHAHR,BHADDI URBAN,Unplanned,Closed,2026-09-03T13:12:00Z,2026-09-03T14:12:00Z,60
1922839,North,HOSHIARPUR,Bihala,Unplanned,Closed,2026-09-03T13:10:00Z,2026-09-03T13:55:00Z,45
1922834,North,KAPURTHALA,CAT 1 CIVIL HOSPITAL,Unplanned,Closed,2026-09-03T13:10:00Z,2026-09-03T14:20:00Z,70
1922831,North,KAPURTHALA,URBAN Malsian,Unplanned,Closed,2026-09-03T13:10:00Z,2026-09-03T15:00:00Z,110
1922829,North,NAWANSHAHR,11 KV Begam Pur,Unplanned,Closed,2026-09-03T13:10:00Z,2026-09-03T13:50:00Z,40
1922828,East,Zirakpur,MIAN PUR,Unplanned,Closed,2026-09-03T13:10:00Z,2026-09-03T14:00:00Z,50
1922827,East,Zirakpur,DAPPAR,Unplanned,Closed,2026-09-03T13:10:00Z,2026-09-03T13:40:00Z,30
1922774,Central,CITY EAST LUDHIANA,SANJAY GANDHI,Planned,Closed,2026-09-03T13:03:38Z,2026-09-03T14:30:38Z,87
1922773,Central,CITY EAST LUDHIANA,BHARAT BOX,Planned,Closed,2026-09-03T13:03:38Z,2026-09-03T14:30:38Z,87
1922772,Central,CITY EAST LUDHIANA,B.C.M,Planned,Closed,2026-09-03T13:03:38Z,2026-09-03T14:30:38Z,87
1922771,Central,CITY EAST LUDHIANA,Sarpanch Colony,Planned,Closed,2026-09-03T13:03:38Z,2026-09-03T14:30:38Z,87
1922770,Central,CITY EAST LUDHIANA,Sukhdev Nagar,Planned,Closed,2026-09-03T13:03:38Z,2026-09-03T14:30:38Z,87
1922769,Central,CITY EAST LUDHIANA,Kishore Nagar,Planned,Closed,2026-09-03T13:03:38Z,2026-09-03T14:30:38Z,87
1922768,Central,CITY EAST LUDHIANA,GOPAL NAGAR,Planned,Closed,2026-09-03T13:03:38Z,2026-09-03T14:30:38Z,87
1922767,Central,CITY EAST LUDHIANA,BALA JI,Planned,Closed,2026-09-03T13:03:38Z,2026-09-03T14:30:38Z,87
1922766,Central,CITY EAST LUDHIANA,KIRTI NAGAR,Planned,Closed,2026-09-03T13:03:38Z,2026-09-03T14:30:38Z,87
1922765,Central,CITY EAST LUDHIANA,Dairy Complex,Planned,Closed,2026-09-03T13:03:38Z,2026-09-03T14:30:38Z,87
1922764,Central,CITY EAST LUDHIANA,DENTAL COLLEGE,Planned,Closed,2026-09-03T13:03:38Z,2026-09-03T14:30:38Z,87
1922763,Central,CITY EAST LUDHIANA,MAHAVIR COMPLEX,Planned,Closed,2026-09-03T13:03:38Z,2026-09-03T14:30:38Z,87
1922762,Central,CITY EAST LUDHIANA,RAJAN PROPERTY,Planned,Closed,2026-09-03T13:03:38Z,2026-09-03T14:30:38Z,87
1922761,Central,CITY EAST LUDHIANA,GILCO,Planned,Closed,2026-09-03T13:03:38Z,2026-09-03T14:30:38Z,87
1922760,Central,CITY EAST LUDHIANA,SHAKTI NAGAR,Planned,Closed,2026-09-03T13:03:38Z,2026-09-03T14:30:38Z,87
1922759,Central,CITY EAST LUDHIANA,ANSAL,Planned,Closed,2026-09-03T13:03:38Z,2026-09-03T14:30:38Z,87
1922758,Central,CITY EAST LUDHIANA,SEC-32,Planned,Closed,2026-09-03T13:03:38Z,2026-09-03T15:20:38Z,137
1922837,Central,CITY EAST LUDHIANA,11 KV KIDWAI NAGAR,Unplanned,Closed,2026-09-03T13:00:00Z,2026-09-03T13:27:00Z,27
1922825,Central,KHANNA,Shastri Nagar,Unplanned,Closed,2026-09-03T12:52:00Z,2026-09-03T13:41:00Z,49
1922826,West,BATHINDA,DD Mittal tower,Unplanned,Closed,2026-09-03T12:50:00Z,2026-09-03T14:23:00Z,93
1922822,Central,KHANNA,MALERKOTLA ROAD,Unplanned,Closed,2026-09-03T12:42:10Z,2026-09-03T13:37:29Z,55
1922821,Central,KHANNA,MALERKOTLA ROAD,Unplanned,Closed,2026-09-03T12:40:00Z,2026-09-03T12:41:00Z,1
1922820,Central,KHANNA,DEVI DAWALA feeder,Unplanned,Closed,2026-09-03T12:37:00Z,2026-09-03T12:59:00Z,22
1922823,North,NAWANSHAHR,KAHLON,Unplanned,Closed,2026-09-03T12:35:00Z,2026-09-03T13:30:00Z,55
1922819,Central,CITY WEST LUDHIANA,PHULLANWAL,Planned,Closed,2026-09-03T12:33:34Z,2026-09-03T13:08:45Z,35
1922818,Central,CITY WEST LUDHIANA,CENTRA GREENS,Planned,Closed,2026-09-03T12:33:34Z,2026-09-03T15:09:09Z,155
1922816,North,NAWANSHAHR,Dagham,Unplanned,Closed,2026-09-03T12:30:00Z,2026-09-03T13:11:00Z,41
1922814,North,HOSHIARPUR,CHACK NUR ALI,Unplanned,Closed,2026-09-03T12:30:00Z,2026-09-03T13:15:00Z,45
1922817,North,JALANDHAR,DHALIWAL,Unplanned,Closed,2026-09-03T12:28:00Z,2026-09-03T13:05:00Z,37
1922812,North,HOSHIARPUR,UNCHIBASSI,Unplanned,Closed,2026-09-03T12:24:00Z,2026-09-03T13:03:00Z,39
1922813,South,SANGRUR,Rohi Babe ka Hambelwass,Unplanned,Closed,2026-09-03T12:23:00Z,2026-09-03T13:53:00Z,90
1922810,Central,KHANNA,KHANPUR,Planned,Closed,2026-09-03T12:21:31Z,2026-09-03T17:45:19Z,323
1922824,North,KAPURTHALA,UPS Malri,Planned,Closed,2026-09-03T12:20:00Z,2026-09-03T14:10:00Z,110
1922809,North,JALANDHAR,GADAI PUR - 2,Unplanned,Closed,2026-09-03T12:17:00Z,2026-09-03T13:05:00Z,48
1922808,South,PATIALA,Gurbax Colony,Unplanned,Closed,2026-09-03T12:15:53Z,2026-09-03T14:15:53Z,120
1922815,Central,CITY EAST LUDHIANA,GAJJA JAIN COLONY,Unplanned,Closed,2026-09-03T12:11:00Z,2026-09-03T13:01:00Z,50
1922805,East,MOHALI,39 west,Unplanned,Closed,2026-09-03T12:11:00Z,2026-09-03T13:22:00Z,71
1922811,South,SANGRUR,11 KV KANAKWAL URBAN,Unplanned,Closed,2026-09-03T12:10:00Z,2026-09-03T12:30:00Z,20
1922804,South,BARNALA,Sekha Road,Planned,Closed,2026-09-03T12:06:00Z,2026-09-03T13:50:00Z,104
1922803,North,HOSHIARPUR,11 KV GERA,Unplanned,Closed,2026-09-03T12:05:00Z,2026-09-03T12:58:00Z,53
1922668,North,HOSHIARPUR,BAINS KHURD,Planned,Closed,2026-09-03T12:00:15Z,2026-09-03T13:52:15Z,112
1922667,North,HOSHIARPUR,LACHOWAL,Planned,Closed,2026-09-03T12:00:15Z,2026-09-03T13:52:15Z,112
1922801,South,SANGRUR,HARIOU -2,Unplanned,Closed,2026-09-03T12:00:00Z,2026-09-03T12:30:00Z,30
1922800,East,Zirakpur,Dehar. Cat. 1,Unplanned,Closed,2026-09-03T11:58:00Z,2026-09-03T12:53:00Z,55
1922807,Border,GURDASPUR,Focal Point,Unplanned,Closed,2026-09-03T11:55:00Z,2026-09-03T12:30:00Z,35
1922802,South,PATIALA,DARSHANI GATE,Unplanned,Closed,2026-09-03T11:55:00Z,2026-09-03T13:00:35Z,65
1922795,East,Zirakpur,NABHA SAHIB,Planned,Closed,2026-09-03T11:55:00Z,2026-09-03T13:24:00Z,89
1922794,East,Zirakpur,PEER BABA ROAD,Planned,Closed,2026-09-03T11:55:00Z,2026-09-03T13:24:00Z,89
1922793,East,Zirakpur,Jaskaran,Planned,Closed,2026-09-03T11:55:00Z,2026-09-03T13:24:00Z,89
1922806,Border,GURDASPUR,TALWANDI,Unplanned,Closed,2026-09-03T11:50:00Z,2026-09-03T12:24:00Z,34
1922799,Border,TARN TARAN,SUGAR MILL,Unplanned,Closed,2026-09-03T11:50:00Z,2026-09-03T12:50:00Z,60
1922798,Border,TARN TARAN,JAWANDY,Unplanned,Closed,2026-09-03T11:50:00Z,2026-09-03T12:50:00Z,60
1922797,Border,TARN TARAN,SHERON UPS,Unplanned,Closed,2026-09-03T11:50:00Z,2026-09-03T12:50:00Z,60
1922796,North,JALANDHAR,Bhanoki Road,Unplanned,Closed,2026-09-03T11:50:00Z,2026-09-03T12:35:00Z,45
1922566,South,PATIALA,Tej Bagh Colony,Planned,Closed,2026-09-03T11:50:00Z,2026-09-03T18:06:18Z,376
1922788,West,FARIDKOT,FOCAL POINT,Unplanned,Closed,2026-09-03T11:45:12Z,2026-09-03T12:00:46Z,15
1922909,Border,SUB URBAN AMRITSAR,Friends Avenue,Unplanned,Closed,2026-09-03T11:40:00Z,2026-09-03T16:48:00Z,308
1922792,East,ROPAR,11 KV Kakrala,Unplanned,Closed,2026-09-03T11:40:00Z,2026-09-03T13:37:00Z,117
1922789,North,JALANDHAR,HSP ROAD,Planned,Closed,2026-09-03T11:40:00Z,2026-09-03T13:30:00Z,110
1922785,Central,KHANNA,RAM RAJAYA,Unplanned,Closed,2026-09-03T11:40:00Z,2026-09-03T11:41:00Z,1
1922787,Border,SUB URBAN AMRITSAR,RAJASANSI/RS,Unplanned,Closed,2026-09-03T11:35:00Z,2026-09-03T11:50:00Z,15
1922786,Central,CITY EAST LUDHIANA,BAL SINGH NAGAR,Unplanned,Closed,2026-09-03T11:35:00Z,2026-09-03T12:15:00Z,40
1922782,South,SANGRUR,Manshahia Colony,Planned,Closed,2026-09-03T11:32:37Z,2026-09-03T14:20:51Z,168
1922781,South,SANGRUR,Kishanpura Road,Planned,Closed,2026-09-03T11:32:02Z,2026-09-03T14:20:55Z,168
1922784,North,HOSHIARPUR,TALWARA,Unplanned,Closed,2026-09-03T11:30:00Z,2026-09-03T12:35:00Z,65
1922783,West,BATHINDA,ADRASH NAGAR,Planned,Closed,2026-09-03T11:30:00Z,2026-09-03T12:09:00Z,39
1922790,North,JALANDHAR,11KV Mithapur Feeder,Unplanned,Closed,2026-09-03T11:25:00Z,2026-09-03T11:52:00Z,27
1922791,South,BARNALA,DHAULA Cat-1,Unplanned,Closed,2026-09-03T11:20:00Z,2026-09-03T14:10:00Z,170
1922780,South,PATIALA,UPS RAJPURA,Unplanned,Closed,2026-09-03T11:20:00Z,2026-09-03T11:50:00Z,30
1922778,East,ROPAR,Indira nagar,Unplanned,Closed,2026-09-03T11:20:00Z,2026-09-03T12:29:00Z,69
1922776,East,Zirakpur,DAPPAR,Unplanned,Closed,2026-09-03T11:20:00Z,2026-09-03T11:50:00Z,30
1922777,Central,KHANNA,Sangtpura,Unplanned,Closed,2026-09-03T11:19:00Z,2026-09-03T11:47:00Z,28
1922779,Central,CITY EAST LUDHIANA,GAJJA JAIN COLONY,Unplanned,Closed,2026-09-03T11:18:00Z,2026-09-03T12:10:00Z,52
1922775,South,SANGRUR,UPS RAMPURA,Unplanned,Closed,2026-09-03T11:15:34Z,2026-09-03T12:26:40Z,71
1922737,Border,SUB URBAN AMRITSAR,Guru ki wadali,Planned,Closed,2026-09-03T11:15:00Z,2026-09-03T12:30:00Z,75
1922756,Central,CITY WEST LUDHIANA,Ranchi Colony,Planned,Closed,2026-09-03T11:11:17Z,2026-09-03T11:37:33Z,26
1922755,North,NAWANSHAHR,Dagham,Unplanned,Closed,2026-09-03T11:09:00Z,2026-09-03T12:09:00Z,60
1922748,South,BARNALA,Sanghera Road,Planned,Closed,2026-09-03T11:08:00Z,2026-09-03T12:33:00Z,85
1922757,East,Zirakpur,ORBIT,Planned,Closed,2026-09-03T11:06:00Z,2026-09-03T11:21:00Z,15
1922754,East,Zirakpur,SAVITRYGREEN,Planned,Closed,2026-09-03T11:06:00Z,2026-09-03T11:21:00Z,15
1922749,South,PATIALA,DARSHANI GATE,Unplanned,Closed,2026-09-03T11:05:00Z,2026-09-03T11:40:00Z,35
1922751,North,HOSHIARPUR,KHARDEHER,Unplanned,Closed,2026-09-03T11:00:00Z,2026-09-03T11:30:00Z,30
1922750,North,HOSHIARPUR,Meeranpur UPS,Unplanned,Closed,2026-09-03T11:00:00Z,2026-09-03T12:05:00Z,65
1922744,South,SANGRUR,Dharampura,Unplanned,Closed,2026-09-03T11:00:00Z,2026-09-03T12:01:00Z,61
1922747,North,HOSHIARPUR,11 KV DHADEKATWAL,Unplanned,Closed,2026-09-03T10:58:00Z,2026-09-03T11:13:00Z,15
1922745,North,HOSHIARPUR,WAZIRAN,Unplanned,Closed,2026-09-03T10:58:00Z,2026-09-03T11:13:00Z,15
1922742,East,MOHALI,JANTI DEVI,Unplanned,Closed,2026-09-03T10:56:00Z,2026-09-03T12:02:00Z,66
1922740,West,MUKATSAR,NEFED,Unplanned,Closed,2026-09-03T10:55:25Z,2026-09-03T11:21:40Z,26
1922739,Central,KHANNA,Nanoki,Unplanned,Closed,2026-09-03T10:53:00Z,2026-09-03T12:20:00Z,87
1922738,Central,KHANNA,Sudhewal,Unplanned,Closed,2026-09-03T10:53:00Z,2026-09-03T12:21:00Z,88
1922743,South,PATIALA,11 kv vikas  nagar,Unplanned,Closed,2026-09-03T10:52:16Z,2026-09-03T13:00:07Z,127
1922753,Border,SUB URBAN AMRITSAR,RAJASANSI/HC,Unplanned,Closed,2026-09-03T10:45:00Z,2026-09-03T11:35:00Z,50
1922752,Border,SUB URBAN AMRITSAR,RANEWALI UPS,Unplanned,Closed,2026-09-03T10:45:00Z,2026-09-03T17:05:00Z,380
1922746,West,BATHINDA,TOWN,Unplanned,Closed,2026-09-03T10:45:00Z,2026-09-03T11:00:00Z,15
1922735,Border,GURDASPUR,Babbri Nangal,Unplanned,Closed,2026-09-03T10:45:00Z,2026-09-03T11:06:00Z,21
1922734,Border,GURDASPUR,Bajechack,Unplanned,Closed,2026-09-03T10:45:00Z,2026-09-03T11:06:00Z,21
1922741,East,ROPAR,11 KV Paharpur,Unplanned,Closed,2026-09-03T10:40:00Z,2026-09-03T12:10:00Z,90
1922731,North,HOSHIARPUR,11KV MAKOWAL,Unplanned,Closed,2026-09-03T10:39:00Z,2026-09-03T11:15:00Z,36
1922730,South,PATIALA,HIRA MAHAL,Unplanned,Closed,2026-09-03T10:37:00Z,2026-09-03T11:26:00Z,49
1922733,South,SANGRUR,11 KV ELAHI CHOWK URBAN,Unplanned,Closed,2026-09-03T10:36:00Z,2026-09-03T11:06:00Z,30
1922728,North,HOSHIARPUR,HANDHWAL UPS,Unplanned,Closed,2026-09-03T10:32:00Z,2026-09-03T10:55:00Z,23
1922727,West,FARIDKOT,CITY FEEDER MINI SECTRYATE,Unplanned,Closed,2026-09-03T10:31:08Z,2026-09-03T10:42:43Z,11
1922726,West,FARIDKOT,ARIYAWALA,Unplanned,Closed,2026-09-03T10:30:56Z,2026-09-03T10:47:51Z,16
1922736,Border,GURDASPUR,THEKERIWAL,Unplanned,Closed,2026-09-03T10:30:00Z,2026-09-03T11:35:00Z,65
1922729,West,FARIDKOT,GUMTI KHURD UPS,Planned,Closed,2026-09-03T10:30:00Z,2026-09-03T11:16:00Z,46
1922725,Central,KHANNA,CITY ONE,Planned,Closed,2026-09-03T10:30:00Z,2026-09-03T14:02:00Z,212
1922724,South,PATIALA,Dashmesh Nagar,Unplanned,Closed,2026-09-03T10:29:08Z,2026-09-03T10:53:15Z,24
1922719,Central,KHANNA,DEVI DAWALA feeder,Unplanned,Closed,2026-09-03T10:25:00Z,2026-09-03T10:35:00Z,10
1922720,West,MUKATSAR,11 KV NAI ABADI,Unplanned,Closed,2026-09-03T10:21:07Z,2026-09-03T10:47:20Z,26
1922718,East,Zirakpur,Jaskaran,Planned,Closed,2026-09-03T10:20:00Z,2026-09-03T10:29:00Z,9
1922717,East,Zirakpur,Sukhmani Sahib,Unplanned,Closed,2026-09-03T10:20:00Z,2026-09-03T10:21:00Z,1
1922716,North,KAPURTHALA,JALLOW KHANNA URBAN,Unplanned,Closed,2026-09-03T10:19:00Z,2026-09-03T12:04:00Z,105
1922721,West,MUKATSAR,11 KV GANGA NAGAR ROAD,Unplanned,Closed,2026-09-03T10:18:36Z,2026-09-03T10:47:42Z,29
1922713,South,SANGRUR,11 KV SAMADHAN URBAN,Planned,Closed,2026-09-03T10:15:00Z,2026-09-03T11:01:00Z,46
1922722,West,MUKATSAR,11 KV SIDHU NAGRI,Unplanned,Closed,2026-09-03T10:14:54Z,2026-09-03T10:47:59Z,33
1922714,Border,GURDASPUR,Islampur No. 1,Unplanned,Closed,2026-09-03T10:14:00Z,2026-09-03T10:44:00Z,30
1922723,West,MUKATSAR,11 KV KANDHWALA Road Urban,Unplanned,Closed,2026-09-03T10:13:09Z,2026-09-03T10:47:14Z,34
1922715,East,Zirakpur,PEER BABA ROAD,Unplanned,Closed,2026-09-03T10:13:00Z,2026-09-03T10:48:00Z,35
1922709,Border,SUB URBAN AMRITSAR,Pakharpura,Planned,Closed,2026-09-03T10:06:00Z,2026-09-03T14:22:00Z,256
1922712,Border,GURDASPUR,TALWANDI,Unplanned,Closed,2026-09-03T10:04:00Z,2026-09-03T10:20:00Z,16
1922632,South,PATIALA,Lakkar Mandi,Planned,Closed,2026-09-03T10:00:00Z,2026-09-03T18:05:00Z,485
1922375,South,PATIALA,Sarabha Nagar feeder,Planned,Closed,2026-09-03T10:00:00Z,2026-09-03T10:42:00Z,42
1922710,East,ROPAR,11 KV Paharpur,Unplanned,Closed,2026-09-03T09:57:00Z,2026-09-03T10:39:00Z,42
1922732,West,BATHINDA,LAL SINGH BASTI,Unplanned,Closed,2026-09-03T09:55:00Z,2026-09-03T12:45:00Z,170
1922707,North,HOSHIARPUR,CHACK,Unplanned,Closed,2026-09-03T09:55:00Z,2026-09-03T10:10:00Z,15
1922706,West,BATHINDA,KAMLA NEHRU,Planned,Closed,2026-09-03T09:54:00Z,2026-09-03T12:55:00Z,181
1922711,Border,GURDASPUR,SIDHWAN,Unplanned,Closed,2026-09-03T09:50:00Z,2026-09-03T12:55:00Z,185
1922703,North,HOSHIARPUR,GHOGRA,Unplanned,Closed,2026-09-03T09:47:00Z,2026-09-03T10:07:00Z,20
1922702,South,PATIALA,Rishi Colony Feeder,Unplanned,Closed,2026-09-03T09:46:33Z,2026-09-03T10:49:31Z,62
1922705,West,BATHINDA,NEW PUNJAB POLYTECHNIC COLLEGE,Unplanned,Closed,2026-09-03T09:46:00Z,2026-09-03T10:16:00Z,30
1922708,Border,SUB URBAN AMRITSAR,JAGDEV KALAN CAT-1,Unplanned,Closed,2026-09-03T09:41:00Z,2026-09-03T10:10:00Z,29
1922701,West,BATHINDA,AKLIA,Unplanned,Closed,2026-09-03T09:40:12Z,2026-09-03T10:13:41Z,33
1922697,North,JALANDHAR,GAZZI GULLA,Unplanned,Closed,2026-09-03T09:37:58Z,2026-09-03T09:56:27Z,18
1922699,West,BATHINDA,FOUJI CHOWK,Planned,Closed,2026-09-03T09:37:00Z,2026-09-03T09:55:00Z,18
1922698,West,BATHINDA,DAYA NAND,Planned,Closed,2026-09-03T09:37:00Z,2026-09-03T12:50:00Z,193
1922696,South,SANGRUR,CITY-4 NEW,Unplanned,Closed,2026-09-03T09:34:00Z,2026-09-03T10:28:00Z,54
1922694,West,MUKATSAR,BAHAVAL BASI,Unplanned,Closed,2026-09-03T09:30:48Z,2026-09-03T10:07:45Z,36
1922693,West,MUKATSAR,11 KV MALOUT ROAD,Unplanned,Closed,2026-09-03T09:30:48Z,2026-09-03T10:07:13Z,36
1922692,North,KAPURTHALA,UPS Sarih,Unplanned,Closed,2026-09-03T09:20:00Z,2026-09-03T09:41:00Z,21
1922691,Border,GURDASPUR,24Hrs U.P.S. KOTLA CHAHAL,Unplanned,Closed,2026-09-03T09:15:00Z,2026-09-03T10:40:00Z,85
1922689,West,MUKATSAR,11 KV BALLUANA UPS,Unplanned,Closed,2026-09-03T09:14:41Z,2026-09-03T10:15:40Z,60
1922687,Central,KHANNA,Kalamajra,Unplanned,Closed,2026-09-03T09:11:35Z,2026-09-03T11:40:00Z,148
1922686,Central,KHANNA,BADALI UPS,Unplanned,Closed,2026-09-03T09:11:35Z,2026-09-03T11:40:00Z,148
1922684,South,SANGRUR,11 KV TAKIPUR AP,Unplanned,Closed,2026-09-03T09:00:18Z,2026-09-03T11:37:34Z,157
1922685,South,SANGRUR,DYALGARH,Unplanned,Closed,2026-09-03T09:00:16Z,2026-09-03T11:37:23Z,157
1922695,Border,SUB URBAN AMRITSAR,11 KV PASSPORT OFFICE,Unplanned,Closed,2026-09-03T09:00:00Z,2026-09-03T09:56:00Z,56
1922313,West,BATHINDA,INDUSTRIAL,Planned,Closed,2026-09-03T09:00:00Z,2026-09-03T13:00:00Z,240
1922690,East,ROPAR,SUGARMILL,Unplanned,Closed,2026-09-03T08:50:00Z,2026-09-03T09:50:00Z,60
1922688,West,BATHINDA,PIPLI,Unplanned,Closed,2026-09-03T08:50:00Z,2026-09-03T10:36:00Z,106
1922704,North,KAPURTHALA,UPS Khiwa,Unplanned,Closed,2026-09-03T08:45:00Z,2026-09-03T10:00:00Z,75
1922683,West,MUKATSAR,Bidowali,Unplanned,Closed,2026-09-03T08:42:00Z,2026-09-03T09:45:00Z,63
1922681,North,HOSHIARPUR,PEALAN,Unplanned,Closed,2026-09-03T08:40:00Z,2026-09-03T08:53:00Z,13
1922682,Border,GURDASPUR,Jafferwal,Unplanned,Closed,2026-09-03T08:34:00Z,2026-09-03T12:45:00Z,251
1922674,Border,SUB URBAN AMRITSAR,SEC-4 RANJIT AVENUE,Unplanned,Closed,2026-09-03T08:33:00Z,2026-09-03T09:05:00Z,32
1922679,South,PATIALA,11 KV UPS Assmanpur,Unplanned,Closed,2026-09-03T08:30:00Z,2026-09-03T09:25:00Z,55
1922680,East,MOHALI,COURT COMPLEX,Unplanned,Closed,2026-09-03T08:15:14Z,2026-09-03T09:50:21Z,95
1922672,Border,TARN TARAN,NAUSHEHRA PANNUN URBAN,Unplanned,Closed,2026-09-03T08:15:00Z,2026-09-03T10:05:00Z,110
1922678,Border,TARN TARAN,Piddi,Unplanned,Closed,2026-09-03T08:08:32Z,2026-09-03T09:55:32Z,107
1922677,Border,TARN TARAN,COURT COMPLEX,Unplanned,Closed,2026-09-03T08:08:32Z,2026-09-03T09:55:32Z,107
1922676,Border,TARN TARAN,RASULPUR,Unplanned,Closed,2026-09-03T08:08:32Z,2026-09-03T09:55:32Z,107
1922675,Border,TARN TARAN,JODHPUR UPS,Unplanned,Closed,2026-09-03T08:08:32Z,2026-09-03T09:55:32Z,107
1922669,Border,GURDASPUR,24Hrs U.P.S. KOTLA CHAHAL,Unplanned,Closed,2026-09-03T08:05:00Z,2026-09-03T08:54:00Z,49
1922673,North,JALANDHAR,DRP,Unplanned,Closed,2026-09-03T08:00:00Z,2026-09-03T09:27:00Z,87
1922666,North,HOSHIARPUR,PURHIRAN URBAN,Unplanned,Closed,2026-09-03T08:00:00Z,2026-09-03T09:30:00Z,90
1922649,North,HOSHIARPUR,Talla,Unplanned,Closed,2026-09-03T07:57:00Z,2026-09-03T08:15:00Z,18
1922650,North,NAWANSHAHR,JINDAPUR,Unplanned,Closed,2026-09-03T07:56:00Z,2026-09-03T09:45:00Z,109
1922671,Border,TARN TARAN,BOHRU UPS,Unplanned,Closed,2026-09-03T07:55:00Z,2026-09-03T09:17:00Z,82
1922651,North,NAWANSHAHR,BALLOWAL,Unplanned,Closed,2026-09-03T07:52:00Z,2026-09-03T09:42:00Z,110
1922653,Border,TARN TARAN,JAWANDY,Unplanned,Closed,2026-09-03T07:50:00Z,2026-09-03T09:35:00Z,105
1922652,Border,TARN TARAN,SHERON UPS,Unplanned,Closed,2026-09-03T07:50:00Z,2026-09-03T09:40:00Z,110
1922647,North,HOSHIARPUR,Soosa,Unplanned,Closed,2026-09-03T07:50:00Z,2026-09-03T08:05:00Z,15
1922648,North,JALANDHAR,PUNJABI BAGH,Unplanned,Closed,2026-09-03T07:46:00Z,2026-09-03T08:05:00Z,19
1922670,West,BATHINDA,Mastuana Sahib,Unplanned,Closed,2026-09-03T07:43:00Z,2026-09-03T08:19:00Z,36
1922665,South,PATIALA,11 KV NEXGEN FEEDER,Unplanned,Closed,2026-09-03T07:38:05Z,2026-09-03T08:53:05Z,75
1922664,South,PATIALA,11 KV BANK FEEDER,Unplanned,Closed,2026-09-03T07:38:05Z,2026-09-03T08:53:05Z,75
1922663,South,PATIALA,11 KV UPS-2 ?azror Feeder,Unplanned,Closed,2026-09-03T07:38:05Z,2026-09-03T08:53:05Z,75
1922662,South,PATIALA,11 KV URBAN ESTATE,Unplanned,Closed,2026-09-03T07:38:05Z,2026-09-03T08:53:05Z,75
1922661,South,PATIALA,11 KV UPS 1,Unplanned,Closed,2026-09-03T07:38:05Z,2026-09-03T08:53:05Z,75
1922660,South,PATIALA,rajpura road,Unplanned,Closed,2026-09-03T07:38:05Z,2026-09-03T08:53:05Z,75
1922659,South,PATIALA,spade mettalices,Unplanned,Closed,2026-09-03T07:38:05Z,2026-09-03T08:53:09Z,75
1922658,South,PATIALA,PUNJABI UNIVERSITY,Unplanned,Closed,2026-09-03T07:38:05Z,2026-09-03T08:53:05Z,75
1922657,South,PATIALA,Substation Bhadurgarh,Unplanned,Closed,2026-09-03T07:38:05Z,2026-09-03T08:53:05Z,75
1922656,South,PATIALA,11 KV MILKFOOD,Unplanned,Closed,2026-09-03T07:38:05Z,2026-09-03T08:53:05Z,75
1922655,South,PATIALA,11 KV BAHADURGARH,Unplanned,Closed,2026-09-03T07:38:05Z,2026-09-03T08:53:05Z,75
1922654,South,PATIALA,11 kV MDB FEEDER,Unplanned,Closed,2026-09-03T07:38:05Z,2026-09-03T08:53:05Z,75
1922644,North,KAPURTHALA,UPS DALLA,Unplanned,Closed,2026-09-03T07:35:00Z,2026-09-03T09:30:00Z,115
1922643,Border,SUB URBAN AMRITSAR,Bhaka Hari Singh,Unplanned,Closed,2026-09-03T07:30:00Z,2026-09-03T08:20:00Z,50
1922642,Central,KHANNA,Mahpur,Unplanned,Closed,2026-09-03T07:30:00Z,2026-09-03T09:22:00Z,112
1922640,North,HOSHIARPUR,MIANI,Unplanned,Closed,2026-09-03T07:28:00Z,2026-09-03T08:07:00Z,39
1922645,Border,GURDASPUR,Wara,Unplanned,Closed,2026-09-03T07:25:00Z,2026-09-03T09:00:00Z,95
1922638,South,PATIALA,Bakhshiwal,Unplanned,Closed,2026-09-03T07:24:10Z,2026-09-03T08:20:24Z,56
1922639,South,PATIALA,Ablowal,Unplanned,Closed,2026-09-03T07:24:05Z,2026-09-03T08:20:15Z,56
1922641,Border,CITY AMRITSAR,Chatiwind Gate,Unplanned,Closed,2026-09-03T07:23:00Z,2026-09-03T09:55:00Z,152
1922646,South,PATIALA,OPH,Unplanned,Closed,2026-09-03T07:20:00Z,2026-09-03T09:13:00Z,113
1922637,South,BARNALA,MALERKOTLA-1,Unplanned,Closed,2026-09-03T07:20:00Z,2026-09-03T07:50:00Z,30
1922635,West,MUKATSAR,11 KV Circular Road,Planned,Closed,2026-09-03T07:20:00Z,2026-09-03T08:24:00Z,64
1922634,West,MUKATSAR,KRISHNA NAGRI,Planned,Closed,2026-09-03T07:20:00Z,2026-09-03T08:24:00Z,64
1922636,East,ROPAR,ANAJ MANDI,Unplanned,Closed,2026-09-03T07:14:00Z,2026-09-03T08:06:00Z,52
1922631,Central,CITY WEST LUDHIANA,STAR ROAD FEEDER,Unplanned,Closed,2026-09-03T06:56:17Z,2026-09-03T07:50:38Z,54
1922633,Border,GURDASPUR,Mamoon,Unplanned,Closed,2026-09-03T06:55:00Z,2026-09-03T08:04:00Z,69
1922630,North,JALANDHAR,KHURLA KINGRA,Unplanned,Closed,2026-09-03T06:54:00Z,2026-09-03T07:29:00Z,35
1922628,Border,GURDASPUR,N.J.Singh 24hrs,Unplanned,Closed,2026-09-03T06:30:00Z,2026-09-03T06:55:00Z,25
1922624,Central,CITY WEST LUDHIANA,KOT MANGAL SINGH,Unplanned,Closed,2026-09-03T06:25:43Z,2026-09-03T07:22:37Z,56
1922627,North,HOSHIARPUR,TANDA,Unplanned,Closed,2026-09-03T06:25:00Z,2026-09-03T06:50:00Z,25
1922629,Border,SUB URBAN AMRITSAR,11 kv Baba Deep Singh colony,Unplanned,Closed,2026-09-03T06:22:00Z,2026-09-03T10:03:00Z,221
1922623,West,MUKATSAR,11 KV Alamgarh,Unplanned,Closed,2026-09-03T06:13:00Z,2026-09-03T07:38:00Z,85
1922626,North,HOSHIARPUR,11Kv Bebhalmanj UPS,Unplanned,Closed,2026-09-03T06:10:00Z,2026-09-03T06:30:00Z,20
1922622,Border,TARN TARAN,JHENDER  UPS,Unplanned,Closed,2026-09-03T06:01:00Z,2026-09-03T07:30:00Z,89
1922514,Central,CITY WEST LUDHIANA,NATIONAL ROAD,Planned,Closed,2026-09-03T06:00:50Z,2026-09-03T09:15:50Z,195
1922513,Central,CITY WEST LUDHIANA,SATLUJ CLUB,Planned,Closed,2026-09-03T06:00:50Z,2026-09-03T09:15:50Z,195
1922512,Central,CITY WEST LUDHIANA,STOCK EXCHANGE,Planned,Closed,2026-09-03T06:00:50Z,2026-09-03T09:15:50Z,195
1922511,Central,CITY WEST LUDHIANA,NEW COURT,Planned,Closed,2026-09-03T06:00:50Z,2026-09-03T09:15:50Z,195
1922510,Central,CITY WEST LUDHIANA,FEROZEGANDHI MARKET,Planned,Closed,2026-09-03T06:00:50Z,2026-09-03T09:15:50Z,195
1922509,Central,CITY WEST LUDHIANA,SANT ISHER SINGH NAGAR,Planned,Closed,2026-09-03T06:00:50Z,2026-09-03T09:15:50Z,195
1922526,Central,CITY WEST LUDHIANA,Mall Enclave,Planned,Closed,2026-09-03T06:00:41Z,2026-09-03T09:15:41Z,195
1922525,Central,CITY WEST LUDHIANA,Prince,Planned,Closed,2026-09-03T06:00:41Z,2026-09-03T09:15:41Z,195
1922524,Central,CITY WEST LUDHIANA,Bharat Nagar,Planned,Closed,2026-09-03T06:00:41Z,2026-09-03T09:15:41Z,195
1922523,Central,CITY WEST LUDHIANA,Ram Nagar,Planned,Closed,2026-09-03T06:00:41Z,2026-09-03T09:15:41Z,195
1922522,Central,CITY WEST LUDHIANA,D.C. Residence,Planned,Closed,2026-09-03T06:00:41Z,2026-09-03T09:15:41Z,195
1922521,Central,CITY WEST LUDHIANA,Sadar Thana,Planned,Closed,2026-09-03T06:00:41Z,2026-09-03T09:15:41Z,195
1922520,Central,CITY WEST LUDHIANA,POLICE LINE,Planned,Closed,2026-09-03T06:00:41Z,2026-09-03T09:15:41Z,195
1922519,Central,CITY WEST LUDHIANA,Rani Jhansi Road,Planned,Closed,2026-09-03T06:00:41Z,2026-09-03T09:15:41Z,195
1922518,Central,CITY WEST LUDHIANA,Dandi Swami,Planned,Closed,2026-09-03T06:00:41Z,2026-09-03T09:15:41Z,195
1922517,Central,CITY WEST LUDHIANA,SHAI MOHALLA,Planned,Closed,2026-09-03T06:00:41Z,2026-09-03T09:15:41Z,195
1922516,Central,CITY WEST LUDHIANA,Guru Nanak Stadium,Planned,Closed,2026-09-03T06:00:41Z,2026-09-03T09:15:41Z,195
1922507,Central,CITY WEST LUDHIANA,DYAL NAGAR,Planned,Closed,2026-09-03T06:00:33Z,2026-09-03T09:14:33Z,194
1922506,Central,CITY WEST LUDHIANA,11 KV AARTI CHOWK,Planned,Closed,2026-09-03T06:00:33Z,2026-09-03T09:14:33Z,194
1922505,Central,CITY WEST LUDHIANA,Maharaj Nagar,Planned,Closed,2026-09-03T06:00:33Z,2026-09-03T09:14:33Z,194
1922504,Central,CITY WEST LUDHIANA,GHUMAR MANDI2,Planned,Closed,2026-09-03T06:00:33Z,2026-09-03T09:14:33Z,194
1922503,Central,CITY WEST LUDHIANA,MARITORIOUS SCHOOL,Planned,Closed,2026-09-03T06:00:33Z,2026-09-03T09:14:33Z,194
1922502,Central,CITY WEST LUDHIANA,TAGORE NAGAR,Planned,Closed,2026-09-03T06:00:33Z,2026-09-03T09:14:33Z,194
1922501,Central,CITY WEST LUDHIANA,MAYA NAGAR,Planned,Closed,2026-09-03T06:00:33Z,2026-09-03T09:14:33Z,194
1922500,Central,CITY WEST LUDHIANA,TELEPHONE EXCHANGE,Planned,Closed,2026-09-03T06:00:33Z,2026-09-03T09:14:33Z,194
1922499,Central,CITY WEST LUDHIANA,GOBIND NAGAR,Planned,Closed,2026-09-03T06:00:33Z,2026-09-03T09:14:33Z,194
1922625,West,BATHINDA,Mastuana Sahib,Unplanned,Closed,2026-09-03T05:55:00Z,2026-09-03T07:04:00Z,69
1922620,West,FARIDKOT,MUSEWAALA (MASITAN),Unplanned,Closed,2026-09-03T05:40:36Z,2026-09-03T06:47:07Z,66
1922619,North,HOSHIARPUR,Chabbewal,Unplanned,Closed,2026-09-03T05:05:00Z,2026-09-03T06:15:00Z,70
1922621,South,PATIALA,GSA 2,Unplanned,Closed,2026-09-03T04:58:00Z,2026-09-03T06:30:00Z,92
1922617,North,HOSHIARPUR,Patti,Unplanned,Closed,2026-09-03T04:50:00Z,2026-09-03T05:50:00Z,60
1922615,North,HOSHIARPUR,Urban qilla road,Unplanned,Closed,2026-09-03T04:40:00Z,2026-09-03T05:05:00Z,25
1922616,Border,GURDASPUR,Dalla UPS,Unplanned,Closed,2026-09-03T04:30:00Z,2026-09-03T05:35:00Z,65
1922614,South,PATIALA,Hospital feeder,Unplanned,Closed,2026-09-03T04:30:00Z,2026-09-03T07:01:00Z,151
1922613,North,JALANDHAR,PUNJABI BAGH,Unplanned,Closed,2026-09-03T04:30:00Z,2026-09-03T04:55:00Z,25
1922618,East,Zirakpur,11kv Hanumant Feeder,Unplanned,Closed,2026-09-03T04:20:00Z,2026-09-03T05:25:00Z,65
1922611,South,SANGRUR,MEHLAN ROAD,Unplanned,Closed,2026-09-03T04:14:00Z,2026-09-03T05:45:00Z,91
1922700,South,PATIALA,Rishi Colony Feeder,Unplanned,Closed,2026-09-03T04:09:44Z,2026-09-03T04:20:29Z,10
1922610,South,SANGRUR,SOHIAN,Unplanned,Closed,2026-09-03T03:58:00Z,2026-09-03T05:40:00Z,102
1922612,North,NAWANSHAHR,Khehra,Unplanned,Closed,2026-09-03T03:55:00Z,2026-09-03T04:40:00Z,45
1922608,North,HOSHIARPUR,SATHWAN,Unplanned,Closed,2026-09-03T03:20:00Z,2026-09-03T03:57:00Z,37
1922607,Central,KHANNA,MALERKOTLA ROAD,Unplanned,Closed,2026-09-03T02:39:00Z,2026-09-03T04:27:00Z,108
1922606,North,JALANDHAR,11 KV Lal Kurti Feeder,Unplanned,Closed,2026-09-03T02:10:00Z,2026-09-03T02:25:00Z,15
1922609,Border,TARN TARAN,LAL PUR HATTA UPS,Unplanned,Closed,2026-09-03T02:05:00Z,2026-09-03T05:50:00Z,225
1922605,East,Zirakpur,11KV Dream Home,Unplanned,Closed,2026-09-03T02:05:00Z,2026-09-03T02:55:00Z,50
1922604,West,MUKATSAR,11 KV GANGA NAGAR ROAD,Unplanned,Closed,2026-09-03T00:25:15Z,2026-09-03T00:55:14Z,29
1922601,West,MUKATSAR,11 KV KIKKER KHERA,Unplanned,Closed,2026-09-03T00:07:00Z,2026-09-03T00:55:15Z,48
1922600,West,MUKATSAR,11 KV Alamgarh,Unplanned,Closed,2026-09-03T00:07:00Z,2026-09-03T00:55:41Z,48
1922603,North,JALANDHAR,RAJOWAL,Unplanned,Closed,2026-09-03T00:05:00Z,2026-09-03T00:25:00Z,20
