PTW Request ID,Circle,Feeder,Status,Request Date,Start Date
14888,GURDASPUR,N.N.Bandha(FL01),Approved/ Active Permit,2026-05-09T10:50:16Z,2026-05-09T10:48:00Z
14887,SANGRUR,11 kv Dera Harnam Dass AP(FL08),Approved/ Active Permit,2026-05-09T10:38:43Z,2026-05-09T10:37:00Z
14886,NAWANSHAHR,11 KV City-2(FL20),Approved/ Active Permit,2026-05-09T10:37:56Z,2026-05-09T10:35:00Z
14885,GURDASPUR,Sunder Nagar(FL10),Approved/ Active Permit,2026-05-09T10:32:37Z,2026-05-09T10:25:00Z
14884,SANGRUR,11 KV GHASIWAL AP(MODEL TOWN GR)(FL04),Approved/ Active Permit,2026-05-09T10:29:41Z,2026-05-09T10:28:00Z
14883,SANGRUR,Bhakhra(FL03),Approved/ Active Permit,2026-05-09T10:27:02Z,2026-05-09T10:25:00Z
14882,SANGRUR,"11 KV UPS PHULAD(FL14), Baba Nimm Nath(FL12), 24 HRS. GHAMOORGHAT(FL06)",Approved/ Active Permit,2026-05-09T10:24:26Z,2026-05-09T10:21:00Z
14881,SANGRUR,"Lidran(FL18), CHANGAL(FL06)",Cancellation Request Approved (Permit not active),2026-05-09T10:21:13Z,2026-05-09T10:20:00Z
14880,GURDASPUR,I.T.I(FL02),Approved/ Active Permit,2026-05-09T10:20:11Z,2026-05-09T10:18:00Z
14879,GURDASPUR,City-2(FL04),Cancellation Request Approved (Permit not active),2026-05-09T10:11:53Z,2026-05-09T10:10:00Z
14878,NAWANSHAHR,BHAJJAL(FL13),Approved/ Active Permit,2026-05-09T10:08:27Z,2026-05-09T10:03:00Z
14877,KAPURTHALA,Bhagwanpur(FL10),Approved/ Active Permit,2026-05-09T10:02:16Z,2026-05-09T10:00:00Z
14876,KAPURTHALA,UPS Siyala(FL06),Approved/ Active Permit,2026-05-09T10:00:35Z,2026-05-09T09:59:00Z
14875,GURDASPUR,Gurdaspur Road(FL12),Approved/ Active Permit,2026-05-09T10:00:08Z,2026-05-09T09:59:00Z
14874,NAWANSHAHR,"Barnala Gate(F14L), 11 KV Civil Hospital(FL06)",Approved/ Active Permit,2026-05-09T09:56:53Z,2026-05-09T09:54:00Z
14873,SANGRUR,11 KV NAVA BAZAR C-1(FL-2),Cancellation Request Approved (Permit not active),2026-05-09T09:55:59Z,2026-05-09T09:53:00Z
14872,PATIALA,Panjiri Plant(FL24),Cancellation Request Approved (Permit not active),2026-05-09T09:48:53Z,2026-05-09T09:48:00Z
14871,BARNALA,"U.P.S-1 KOTDUNA(FL02), ASPAL KALAN CAT--1(FL09)",Approved/ Active Permit,2026-05-09T09:46:07Z,2026-05-09T09:44:00Z
14870,JALANDHAR,GAZZI GULLA(FL05),Approved/ Active Permit,2026-05-09T09:40:43Z,2026-05-09T09:36:00Z
14869,GURDASPUR,Islampur No. 1(FL17),Approved/ Active Permit,2026-05-09T09:37:07Z,2026-05-09T09:36:00Z
14868,GURDASPUR,"Model Town(FL01), Sunder Nagar(FL10)",Rejected BY SSA/SSO,2026-05-09T09:33:57Z,2026-05-09T09:23:00Z
14867,ROPAR,COLD STORE(FL06),Approved/ Active Permit,2026-05-09T09:32:30Z,2026-05-09T09:28:00Z
14866,GURDASPUR,Model Town(FL01),Permit Request Submitted (Permit not active),2026-05-09T09:29:19Z,2026-05-09T09:27:00Z
14865,GURDASPUR,Model Town(FL01),Approved/ Active Permit,2026-05-09T09:26:30Z,2026-05-09T09:24:00Z
14864,CITY AMRITSAR,11 KV Bhai Gurdas Ji Nagar(DL11),Approved/ Active Permit,2026-05-09T09:21:53Z,2026-05-09T09:20:00Z
14863,GURDASPUR,Jugial(FL09),Approved/ Active Permit,2026-05-09T09:19:36Z,2026-05-09T09:17:00Z
14862,BARNALA,Kattu CAT-I(FL05),Permit Request Submitted (Permit not active),2026-05-09T09:04:55Z,2026-05-09T09:02:00Z
14861,PATIALA,"MAGGAR(FL11), SALEMPUR(FL14), UPS RURKI(FL16)",Permit Request Submitted (Permit not active),2026-05-09T09:01:42Z,2026-05-09T08:57:00Z
14860,GURDASPUR,"Kalanangal(FL10), BATHWALA(FL09)",Cancellation Request Approved (Permit not active),2026-05-09T08:11:45Z,2026-05-09T08:10:00Z
14859,GURDASPUR,"24Hrs. GUNIAN(FL04), ALOWAL(FL05)",Cancellation Request Approved (Permit not active),2026-05-09T08:11:32Z,2026-05-09T08:10:00Z
14858,MUKATSAR,"DALMIR KHERA(FL01), 11 KV Sappan wali(FL11), DAULATPURA UPS(FL08), MAUJGARH(FL05)",Cancellation Request Approved (Permit not active),2026-05-09T07:19:01Z,2026-05-09T07:18:00Z
14856,JALANDHAR,T. V. TOWER(FL18),Permit Request Submitted (Permit not active),2026-05-09T06:58:57Z,2026-05-09T06:57:00Z
14855,JALANDHAR,GADAI PUR - 2(FL22),Cancellation Request Approved (Permit not active),2026-05-08T20:06:18Z,2026-05-08T20:04:00Z
14854,KHANNA,"Solitair(FL08), Tooran(FL09)",Cancellation Request Approved (Permit not active),2026-05-08T20:05:38Z,2026-05-08T20:05:00Z
14853,PATIALA,11 KV BABU SINGH colony(FL13),Cancellation Request Approved (Permit not active),2026-05-08T19:01:39Z,2026-05-08T18:59:00Z
14852,CITY WEST LUDHIANA,GURU GIAN VIHAR(FL14),Rejected BY SSA/SSO,2026-05-08T18:50:34Z,2026-05-08T18:48:00Z
14851,KAPURTHALA,AJIT NAGAR(FL03),Cancellation Request Approved (Permit not active),2026-05-08T18:36:27Z,2026-05-08T18:35:00Z
14850,KAPURTHALA,"Kangna(FL01), UPS KACHI SARAI KHAS(FL11), Gill(FL08)",Cancellation Request Approved (Permit not active),2026-05-08T17:59:47Z,2026-05-08T17:57:00Z
14849,GURDASPUR,"MUGRALA(FL7), Nawan Pind(FL06)",Cancellation Request Approved (Permit not active),2026-05-08T17:53:50Z,2026-05-08T17:51:00Z
14848,GURDASPUR,"Meerpur(FL01), Barnala(FL16)",Cancellation Request Approved (Permit not active),2026-05-08T17:47:35Z,2026-05-08T17:46:00Z
14847,JALANDHAR,RAJA GARDEN(FL08),Cancellation Request Approved (Permit not active),2026-05-08T16:24:26Z,2026-05-08T16:22:00Z
14846,JALANDHAR,FAZIL PUR(FL28),Cancellation Request Approved (Permit not active),2026-05-08T16:22:47Z,2026-05-08T16:21:00Z
14845,GURDASPUR,"Nawan Pind(FL06), MUGRALA(FL7)",Cancellation Request Approved (Permit not active),2026-05-08T16:20:49Z,2026-05-08T16:18:00Z
14844,JALANDHAR,"Begampura(FL19), JAITEWALI(FL03)",Cancellation Request Approved (Permit not active),2026-05-08T16:09:27Z,2026-05-08T16:08:00Z
14843,Zirakpur,MUKANDPUR(FL03),Cancellation Request Approved (Permit not active),2026-05-08T15:55:49Z,2026-05-08T15:54:00Z
14842,CITY WEST LUDHIANA,GURU GIAN VIHAR(FL14),Cancellation Request Approved (Permit not active),2026-05-08T15:54:39Z,2026-05-08T15:53:00Z
14841,Zirakpur,MUKANDPUR(FL03),Permit Request Submitted (Permit not active),2026-05-08T15:51:54Z,2026-05-08T15:50:00Z
14840,SUB URBAN AMRITSAR,Sethan Wala(FL17),Cancellation Request Approved (Permit not active),2026-05-08T15:51:37Z,2026-05-08T15:49:00Z
14839,GURDASPUR,Babbri Nangal(FL05),Cancellation Request Approved (Permit not active),2026-05-08T15:50:01Z,2026-05-08T15:49:00Z
14838,MUKATSAR,HARIPURA(FL02),Cancellation Request Approved (Permit not active),2026-05-08T15:47:59Z,2026-05-08T15:46:00Z
14837,MUKATSAR,11 KV Chirag dhani(FL17),Cancellation Request Approved (Permit not active),2026-05-08T15:47:13Z,2026-05-08T15:45:00Z
14836,Zirakpur,LALRU MANDI(FL12),Cancellation Request Approved (Permit not active),2026-05-08T15:24:53Z,2026-05-08T15:24:00Z
14835,GURDASPUR,Pioneer Agro(FL10),Permit Request Submitted (Permit not active),2026-05-08T15:22:46Z,2026-05-08T15:21:00Z
14834,GURDASPUR,Pioneer Agro(FL10),Permit Request Submitted (Permit not active),2026-05-08T15:19:59Z,2026-05-08T15:19:00Z
14833,Zirakpur,LALRU MANDI(FL12),Permit Request Submitted (Permit not active),2026-05-08T15:19:41Z,2026-05-08T15:18:00Z
14832,TARN TARAN,BEAS CITY(FL10),Cancellation Request Approved (Permit not active),2026-05-08T15:19:21Z,2026-05-08T15:17:00Z
14831,Zirakpur,"VATIKA(FL02), 11 KV BEHRA ROAD(E43)",Cancellation Request Approved (Permit not active),2026-05-08T15:18:31Z,2026-05-08T15:17:00Z
14830,GURDASPUR,"Dhapai(FL10), Basrawan(FL14), Leel Kalan(FL12)",Cancellation Request Approved (Permit not active),2026-05-08T15:18:16Z,2026-05-08T15:15:00Z
14829,KAPURTHALA,AJIT NAGAR(FL03),Cancellation Request Approved (Permit not active),2026-05-08T15:16:53Z,2026-05-08T15:16:00Z
14828,GURDASPUR,"Butter(FL07), 11KV BUTTER UPS(FL16)",Cancellation Request Approved (Permit not active),2026-05-08T15:13:08Z,2026-05-08T15:12:00Z
14827,GURDASPUR,Dalla UPS(FL06),Cancellation Request Approved (Permit not active),2026-05-08T15:05:46Z,2026-05-08T15:03:00Z
14826,GURDASPUR,"Kot Todermal(FL04), Pandori(FL02), THEKERIWAL(FL09)",Cancellation Request Approved (Permit not active),2026-05-08T14:48:05Z,2026-05-08T14:46:00Z
14825,BARNALA,SHERGARH CHEEMA UPS(FL05),Cancellation Request Approved (Permit not active),2026-05-08T14:47:35Z,2026-05-08T14:46:00Z
14824,BARNALA,SHERGARH CHEEMA UPS(FL05),Rejected BY SSA/SSO,2026-05-08T14:43:17Z,2026-05-08T14:40:00Z
14823,KHANNA,DHAMOT UPS(FL08),Cancellation Request Approved (Permit not active),2026-05-08T14:29:39Z,2026-05-08T14:27:00Z
14822,SANGRUR,Markfed(FL06),Cancellation Request Approved (Permit not active),2026-05-08T14:21:09Z,2026-05-08T14:20:00Z
14821,SANGRUR,"Chhajli road(FL24), 11 KV LEHRA ROAD C2(FL10)",Cancellation Request Approved (Permit not active),2026-05-08T14:11:08Z,2026-05-08T14:08:00Z
14820,CITY AMRITSAR,BIBI KAULAN JI(FL09),Cancellation Request Approved (Permit not active),2026-05-08T14:09:46Z,2026-05-08T14:09:00Z
14819,KHANNA,FCI(FL09),Cancellation Request Approved (Permit not active),2026-05-08T14:06:48Z,2026-05-08T14:02:00Z
14818,SANGRUR,BABA JEET SINGH WALA(FL11),Cancellation Request Approved (Permit not active),2026-05-08T13:47:24Z,2026-05-08T13:46:00Z
14817,JALANDHAR,SUNRA(FL17),Active But Cancellation Request Submitted,2026-05-08T13:32:49Z,2026-05-08T13:31:00Z
14816,JALANDHAR,SUNRA(FL17),Permit Request Submitted (Permit not active),2026-05-08T13:29:26Z,2026-05-08T13:27:00Z
14815,CITY AMRITSAR,11Kv New Ravi Dass Road(FL08),Cancellation Request Approved (Permit not active),2026-05-08T13:22:02Z,2026-05-08T13:21:00Z
14814,SANGRUR,NANKIANA SAHIB(FL04),Cancellation Request Approved (Permit not active),2026-05-08T13:16:34Z,2026-05-08T13:14:00Z
14813,CITY AMRITSAR,11Kv Navdeep Theatre(FL03),Cancellation Request Approved (Permit not active),2026-05-08T13:15:44Z,2026-05-08T13:15:00Z
14812,PATIALA,11 AAKAR(FL01),Cancellation Request Approved (Permit not active),2026-05-08T13:08:54Z,2026-05-08T13:06:00Z
14811,JALANDHAR,GURU AMAR DASS NAGAR(FL14),Cancellation Request Approved (Permit not active),2026-05-08T13:02:35Z,2026-05-08T13:01:00Z
14810,PATIALA,Ablowal Feeder(FL01),Cancellation Request Approved (Permit not active),2026-05-08T13:01:25Z,2026-05-08T12:59:00Z
14809,JALANDHAR,VIVEKANAND(FL09),Cancellation Request Approved (Permit not active),2026-05-08T12:54:59Z,2026-05-08T12:54:00Z
14808,KHANNA,LALHERI ROAD(FL26),Cancellation Request Approved (Permit not active),2026-05-08T12:48:52Z,2026-05-08T12:47:00Z
14807,GURDASPUR,Ganji(FL12),Cancellation Request Approved (Permit not active),2026-05-08T12:48:32Z,2026-05-08T12:47:00Z
14806,FARIDKOT,MAANA WALA UPS(FL11),Cancellation Request Approved (Permit not active),2026-05-08T12:38:43Z,2026-05-08T12:35:00Z
14805,GURDASPUR,G.T Road(FL08),Cancellation Request Approved (Permit not active),2026-05-08T12:34:10Z,2026-05-08T12:30:00Z
14804,GURDASPUR,24Hrs DALERPUR(FL13),Cancellation Request Approved (Permit not active),2026-05-08T12:23:34Z,2026-05-08T12:22:00Z
14803,CITY AMRITSAR,11KvKatra Sher Singh(FL05),Cancellation Request Approved (Permit not active),2026-05-08T12:15:10Z,2026-05-08T12:12:00Z
14802,CITY AMRITSAR,Cheel Mandi(FL05),Cancellation Request Approved (Permit not active),2026-05-08T12:13:32Z,2026-05-08T12:12:00Z
14801,GURDASPUR,"Barnala(FL16), Meerpur(FL01)",Cancellation Request Approved (Permit not active),2026-05-08T12:13:21Z,2026-05-08T12:12:00Z
14800,GURDASPUR,"Butter(FL07), 11KV BUTTER UPS(FL16), City(FL05), Civil Line(FL08)",Cancellation Request Approved (Permit not active),2026-05-08T12:12:12Z,2026-05-08T12:11:00Z
14799,MUKATSAR,"11 KV SUKHCHAIN(FL02), 11 KV SARDARPURA UPS(FL06)",Cancellation Request Approved (Permit not active),2026-05-08T11:57:30Z,2026-05-08T11:57:00Z
14798,GURDASPUR,"City Ptk.(FL03), Telephone Exchange(FL14), Preet Nagar(FL05)",Cancellation Request Approved (Permit not active),2026-05-08T11:39:09Z,2026-05-08T11:37:00Z
14797,MUKATSAR,11 KV Telupura(FL10),Cancellation Request Approved (Permit not active),2026-05-08T11:36:52Z,2026-05-08T11:35:00Z
14796,SANGRUR,11 KV SAHID UDHAM SINGH URBAN(FL21),Cancellation Request Approved (Permit not active),2026-05-08T11:33:08Z,2026-05-08T11:31:00Z
14795,MUKATSAR,"11 KV Sappan wali(FL11), DAULATPURA UPS(FL08), MAUJGARH(FL05), DALMIR KHERA(FL01)",Cancellation Request Approved (Permit not active),2026-05-08T11:31:31Z,2026-05-08T11:30:00Z
14794,GURDASPUR,"City Ptk.(FL03), Telephone Exchange(FL14), Preet Nagar(FL05)",Rejected BY SSA/SSO,2026-05-08T11:28:52Z,2026-05-08T11:27:00Z
14793,MUKATSAR,11 KV TARA ESTATE(FL09),Cancellation Request Approved (Permit not active),2026-05-08T11:24:01Z,2026-05-08T11:23:00Z
14792,GURDASPUR,"SADANA(FLO6), KOT BHALLA(FL01)",Cancellation Request Approved (Permit not active),2026-05-08T11:21:01Z,2026-05-08T11:19:00Z
14791,KHANNA,RURKI UPS(FL09),Rejected BY SSA/SSO,2026-05-08T11:20:57Z,2026-05-08T11:19:00Z
14790,SANGRUR,GHARAT(FL05),Cancellation Request Approved (Permit not active),2026-05-08T11:19:52Z,2026-05-08T11:18:00Z
14789,SANGRUR,11 KV DIALGARH AP(FL07),Cancellation Request Approved (Permit not active),2026-05-08T11:19:26Z,2026-05-08T11:18:00Z
14788,TARN TARAN,BHOEWAL(FL12),Cancellation Request Approved (Permit not active),2026-05-08T11:16:19Z,2026-05-08T11:15:00Z
14787,KHANNA,RURKI UPS(FL09),Cancellation Request Approved (Permit not active),2026-05-08T11:16:13Z,2026-05-08T11:15:00Z
14786,ROPAR,"THERI(FL05), AKALGARH(FL09), 11 KV Chandigarh Road(FL15)",Permit Request Submitted (Permit not active),2026-05-08T11:13:45Z,2026-05-08T11:10:00Z
14777,PATIALA,"Sirhind Road(FL11), Factory Area(old)(FL13)",Cancellation Request Approved (Permit not active),2026-05-08T11:09:26Z,2026-05-08T11:08:00Z
14776,CITY AMRITSAR,11Kv Kesri Bagh(FL01),Cancellation Request Approved (Permit not active),2026-05-08T11:05:37Z,2026-05-08T11:04:00Z
14775,PATIALA,SEHRA2(FL06),Cancellation Request Approved (Permit not active),2026-05-08T11:01:50Z,2026-05-08T10:58:00Z
14774,CITY AMRITSAR,11KvKatra Sher Singh(FL05),Cancellation Request Approved (Permit not active),2026-05-08T11:01:20Z,2026-05-08T11:00:00Z
14773,SANGRUR,Sadar Bazar(FL01),Cancellation Request Approved (Permit not active),2026-05-08T11:00:31Z,2026-05-08T10:59:00Z
14772,CITY AMRITSAR,11KvKatra Sher Singh(FL05),Rejected BY SSA/SSO,2026-05-08T10:58:00Z,2026-05-08T10:56:00Z
14771,CITY AMRITSAR,11KvKatra Sher Singh(FL05),Rejected BY SSA/SSO,2026-05-08T10:47:49Z,2026-05-08T10:44:00Z
14770,MUKATSAR,Dhani Bachan Singh(FL16),Permit Request Submitted (Permit not active),2026-05-08T10:46:32Z,2026-05-08T10:45:00Z
14769,Zirakpur,LALRU RURAL  Kandi Pure AP(FL23),Cancellation Request Approved (Permit not active),2026-05-08T10:42:01Z,2026-05-08T10:40:00Z
14768,KHANNA,Amloh Road(FL12),Cancellation Request Approved (Permit not active),2026-05-08T10:23:40Z,2026-05-08T10:21:00Z
14767,SANGRUR,"KHOKHAR(FL01), BHAMNIWALA(NE04), AZAD AP(FL08), GEHLAN(FL10)",Cancellation Request Approved (Permit not active),2026-05-08T10:21:48Z,2026-05-08T10:20:00Z
14766,SANGRUR,"11 KV NAVA BAZAR C-1(FL-2), 11 KV BHRAMKUMARI(FL-1), 11 KV Mata Modi Road(FL05)",Cancellation Request Approved (Permit not active),2026-05-08T10:21:24Z,2026-05-08T10:18:00Z
14765,CITY AMRITSAR,11Kv Navdeep Theatre(FL03),Cancellation Request Approved (Permit not active),2026-05-08T10:07:52Z,2026-05-08T10:07:00Z
14764,CITY AMRITSAR,LAKKAR MANDI(FL06),Cancellation Request Approved (Permit not active),2026-05-08T09:32:12Z,2026-05-08T09:27:00Z
14763,GURDASPUR,City SJN(FL06),Cancellation Request Approved (Permit not active),2026-05-08T09:24:48Z,2026-05-08T09:23:00Z
14762,GURDASPUR,"Azizpur(FL03), Behrian(FL13)",Cancellation Request Approved (Permit not active),2026-05-08T09:23:19Z,2026-05-08T09:22:00Z
14761,CITY AMRITSAR,11Kv Ghee Mandi 2(FL02),Cancellation Request Approved (Permit not active),2026-05-08T09:12:52Z,2026-05-08T09:12:00Z
14760,KAPURTHALA,Bhagwanpur(FL10),Cancellation Request Approved (Permit not active),2026-05-08T09:11:33Z,2026-05-08T09:03:00Z
14759,GURDASPUR,Pangoli(FL04),Cancellation Request Approved (Permit not active),2026-05-08T09:08:20Z,2026-05-08T09:06:00Z
14758,JALANDHAR,GURU AMAR DASS NAGAR(FL14),Cancellation Request Approved (Permit not active),2026-05-08T08:50:00Z,2026-05-08T08:49:00Z
14757,MUKATSAR,11 KV SIDHU NAGRI(FL05),Cancellation Request Approved (Permit not active),2026-05-08T08:09:13Z,2026-05-08T08:08:00Z
14756,GURDASPUR,Seunty(FL04),Cancellation Request Approved (Permit not active),2026-05-08T07:37:50Z,2026-05-08T07:35:00Z
14755,JALANDHAR,GLOBE COLONY(FL06),Cancellation Request Approved (Permit not active),2026-05-08T00:52:56Z,2026-05-08T00:51:00Z
14754,CITY WEST LUDHIANA,GURU GIAN VIHAR(FL14),Cancellation Request Approved (Permit not active),2026-05-08T00:20:54Z,2026-05-08T00:17:00Z
14753,SUB URBAN AMRITSAR,Sawdeshi Korean(FL07),Cancellation Request Approved (Permit not active),2026-05-07T23:17:56Z,2026-05-07T23:17:00Z
14752,SUB URBAN AMRITSAR,Mallan Wali(FL18),Cancellation Request Approved (Permit not active),2026-05-07T22:29:50Z,2026-05-07T22:28:00Z
14751,SANGRUR,11 KV NAVA BAZAR C-1(FL-2),Cancellation Request Approved (Permit not active),2026-05-07T21:00:13Z,2026-05-07T20:58:00Z
14750,GURDASPUR,11kv nirankari(Fl12),Cancellation Request Approved (Permit not active),2026-05-07T19:23:34Z,2026-05-07T19:22:00Z
14749,SUB URBAN AMRITSAR,Mallan Wali(FL18),Cancellation Request Approved (Permit not active),2026-05-07T18:36:20Z,2026-05-07T18:34:00Z
14748,BARNALA,GURUDWARA HAA DA NARA(FL02),Cancellation Request Approved (Permit not active),2026-05-07T18:26:27Z,2026-05-07T18:24:00Z
14747,Zirakpur,LALRU MANDI(FL12),Cancellation Request Approved (Permit not active),2026-05-07T18:13:38Z,2026-05-07T18:12:00Z
14746,SANGRUR,11 KV CHHAJLI INDUSTRIAL(FL04),Cancellation Request Approved (Permit not active),2026-05-07T17:57:36Z,2026-05-07T17:56:00Z
14745,KHANNA,Solitair(FL08),Cancellation Request Approved (Permit not active),2026-05-07T17:57:02Z,2026-05-07T17:54:00Z
14744,GURDASPUR,11kv nirankari(Fl12),Cancellation Request Approved (Permit not active),2026-05-07T17:44:39Z,2026-05-07T17:44:00Z
14743,GURDASPUR,City Thana(FL17),Cancellation Request Approved (Permit not active),2026-05-07T17:42:47Z,2026-05-07T17:39:00Z
14742,Zirakpur,MIAN PUR(FL18),Cancellation Request Approved (Permit not active),2026-05-07T17:25:15Z,2026-05-07T17:24:00Z
14741,Zirakpur,"DAPPAR(FL16), MUKANDPUR(FL03)",Cancellation Request Approved (Permit not active),2026-05-07T17:20:56Z,2026-05-07T17:20:00Z
14740,GURDASPUR,"Nawan Pind(FL06), MUGRALA(FL7)",Cancellation Request Approved (Permit not active),2026-05-07T17:15:44Z,2026-05-07T17:14:00Z
14739,KHANNA,AP concast(FL32),Cancellation Request Approved (Permit not active),2026-05-07T17:14:23Z,2026-05-07T17:13:00Z
14738,Zirakpur,Jastna Kandi Pure AP(FL25),Cancellation Request Approved (Permit not active),2026-05-07T17:08:38Z,2026-05-07T17:06:00Z
14737,CITY WEST LUDHIANA,Ranchi Colony(D028),Rejected BY SSA/SSO,2026-05-07T17:08:03Z,2026-05-07T17:07:00Z
14736,CITY AMRITSAR,ADARSH(FL06),Cancellation Request Approved (Permit not active),2026-05-07T17:07:32Z,2026-05-07T17:06:00Z
14735,PATIALA,INDUSTRIAL 1(FL23),Cancellation Request Approved (Permit not active),2026-05-07T17:05:21Z,2026-05-07T17:03:00Z
14734,CITY WEST LUDHIANA,MARUTI ALLOY(FL16),Cancellation Request Approved (Permit not active),2026-05-07T17:00:10Z,2026-05-07T16:59:00Z
14733,CITY AMRITSAR,11kV Gaushala Focal Point(FL15),Cancellation Request Approved (Permit not active),2026-05-07T16:54:38Z,2026-05-07T16:52:00Z
14732,GURDASPUR,"Nawan Pind(FL06), MUGRALA(FL7)",Permit Request Submitted (Permit not active),2026-05-07T16:51:40Z,2026-05-07T16:50:00Z
14731,PATIALA,INDUSTRIAL(FL07),Cancellation Request Approved (Permit not active),2026-05-07T16:45:03Z,2026-05-07T16:44:00Z
14730,KHANNA,kherinoudhsingh(FL13),Cancellation Request Approved (Permit not active),2026-05-07T16:42:01Z,2026-05-07T16:41:00Z
14729,GURDASPUR,Manj(FL08),Cancellation Request Approved (Permit not active),2026-05-07T16:34:06Z,2026-05-07T16:33:00Z
14728,MUKATSAR,11 KV SARDARPURA UPS(FL06),Cancellation Request Approved (Permit not active),2026-05-07T16:28:28Z,2026-05-07T16:27:00Z
14727,CITY WEST LUDHIANA,CENTRA GREENS(FL16),Cancellation Request Approved (Permit not active),2026-05-07T16:13:33Z,2026-05-07T16:12:00Z
14726,CITY WEST LUDHIANA,HOUSEFED(FL14),Cancellation Request Approved (Permit not active),2026-05-07T16:02:00Z,2026-05-07T16:00:00Z
14725,GURDASPUR,Gurdaspur Road(FL12),Cancellation Request Approved (Permit not active),2026-05-07T16:00:04Z,2026-05-07T15:58:00Z
14724,KAPURTHALA,"Kangna(FL01), Gill(FL08)",Cancellation Request Approved (Permit not active),2026-05-07T15:41:57Z,2026-05-07T15:40:00Z
14723,JALANDHAR,FAZIL PUR(FL28),Cancellation Request Approved (Permit not active),2026-05-07T15:39:07Z,2026-05-07T15:37:00Z
14722,MUKATSAR,11 KV Alamgarh(FL03),Cancellation Request Approved (Permit not active),2026-05-07T15:33:55Z,2026-05-07T15:33:00Z
14721,GURDASPUR,"PAKHOWAL(FL05), NADALA(FL04)",Cancellation Request Approved (Permit not active),2026-05-07T15:21:53Z,2026-05-07T15:21:00Z
14720,GURDASPUR,"Basrawan(FL14), Leel Kalan(FL12), Dhapai(FL10)",Cancellation Request Approved (Permit not active),2026-05-07T15:21:42Z,2026-05-07T15:20:00Z
14719,KHANNA,jagat colony(FL25),Cancellation Request Approved (Permit not active),2026-05-07T14:49:07Z,2026-05-07T14:45:00Z
14718,Zirakpur,11 Kv Cold Store Road(E41),Cancellation Request Approved (Permit not active),2026-05-07T14:34:18Z,2026-05-07T14:33:00Z
14717,SANGRUR,KATRON 1(FL20),Cancellation Request Approved (Permit not active),2026-05-07T14:32:57Z,2026-05-07T14:30:00Z
14716,KHANNA,"Hoshpital(FL14), Peer Khana(FL32), City-2 khanna(FL13), DEVI DAWALA feeder(FL23)",Cancellation Request Approved (Permit not active),2026-05-07T14:28:02Z,2026-05-07T14:26:00Z
14715,SANGRUR,"AMBEKAR NAGAR(FL13), HARIPURA(FL15), PUNIA COLONY(FL12)",Cancellation Request Approved (Permit not active),2026-05-07T14:18:57Z,2026-05-07T14:18:00Z
14714,MUKATSAR,PANJKOSI(FL06),Cancellation Request Approved (Permit not active),2026-05-07T13:55:29Z,2026-05-07T13:54:00Z
14713,GURDASPUR,"Ghesal(FL11), Kanwan(FL09), Gujran Lahri(FL05)",Cancellation Request Approved (Permit not active),2026-05-07T13:45:46Z,2026-05-07T13:41:00Z
14712,GURDASPUR,Pioneer Agro(FL10),Cancellation Request Approved (Permit not active),2026-05-07T13:44:59Z,2026-05-07T13:44:00Z
14711,MUKATSAR,"11 KV Dhaban Kokrian(FL04), 11 KV Raipura(FLO5)",Cancellation Request Approved (Permit not active),2026-05-07T13:42:35Z,2026-05-07T13:42:00Z
14710,GURDASPUR,Nanonangal(FL01),Cancellation Request Approved (Permit not active),2026-05-07T13:25:29Z,2026-05-07T13:21:00Z
14709,Zirakpur,"VATIKA(FL02), 11KV BEHRA FEEDER(E39)",Cancellation Request Approved (Permit not active),2026-05-07T13:20:39Z,2026-05-07T13:20:00Z
14708,CITY AMRITSAR,GOBIND PARK(FL07),Cancellation Request Approved (Permit not active),2026-05-07T13:09:09Z,2026-05-07T13:07:00Z
14707,KHANNA,Samrala Road(FL04),Cancellation Request Approved (Permit not active),2026-05-07T13:08:19Z,2026-05-07T13:07:00Z
14706,GURDASPUR,Ganji(FL12),Cancellation Request Approved (Permit not active),2026-05-07T13:07:15Z,2026-05-07T12:52:00Z
14705,PATIALA,BSNL(FL07),Cancellation Request Approved (Permit not active),2026-05-07T13:06:10Z,2026-05-07T13:05:00Z
14704,PATIALA,Gudaya(FL21),Permit Request Submitted (Permit not active),2026-05-07T13:03:50Z,2026-05-07T13:00:00Z
14703,KHANNA,Rachna Fastner(FL07),Cancellation Request Approved (Permit not active),2026-05-07T13:01:55Z,2026-05-07T13:00:00Z
14702,PATIALA,"HARIGARH(FL01), Gudaya(FL21)",Cancellation Request Approved (Permit not active),2026-05-07T12:55:19Z,2026-05-07T12:52:00Z
14701,GURDASPUR,I.T.I(FL15),Cancellation Request Approved (Permit not active),2026-05-07T12:50:12Z,2026-05-07T12:49:00Z
14700,Zirakpur,RAM PUR SAINIAN(FL04),Rejected BY SSA/SSO,2026-05-07T12:49:43Z,2026-05-07T12:49:00Z
14699,MUKATSAR,"11 KV SITO(FL03), 11 KB BAZIDPURA(FL05)",Cancellation Request Approved (Permit not active),2026-05-07T12:44:31Z,2026-05-07T12:43:00Z
14698,GURDASPUR,"Leel Kalan(FL12), Basrawan(FL14)",Cancellation Request Approved (Permit not active),2026-05-07T12:42:50Z,2026-05-07T12:40:00Z
14697,SANGRUR,DIALGARH CITY(FL12),Cancellation Request Approved (Permit not active),2026-05-07T12:41:38Z,2026-05-07T12:40:00Z
14696,JALANDHAR,DHANI PIND(FL03),Permit Request Submitted (Permit not active),2026-05-07T12:38:13Z,2026-05-07T12:36:00Z
14695,GURDASPUR,RAILWAY ROAD CAT-1(FL17),Cancellation Request Approved (Permit not active),2026-05-07T12:29:35Z,2026-05-07T12:26:00Z
14694,JALANDHAR,"11KV Airport(FL17), KALRA(FL03), AJRAM FEEDER(FL05), 11kv Daroli kalan(FL15)",Rejected BY SSA/SSO,2026-05-07T12:22:39Z,2026-05-07T12:21:00Z
14693,CITY AMRITSAR,11Kv Ghee Mandi 2(FL02),Cancellation Request Approved (Permit not active),2026-05-07T12:10:02Z,2026-05-07T12:09:00Z
14692,KHANNA,MALKO MAJRA(FL01),Cancellation Request Approved (Permit not active),2026-05-07T11:59:32Z,2026-05-07T11:58:00Z
14691,JALANDHAR,TRIBUNE(FL19),Permit Request Submitted (Permit not active),2026-05-07T11:56:34Z,2026-05-07T11:55:00Z
14690,GURDASPUR,11kv nirankari(Fl12),Cancellation Request Approved (Permit not active),2026-05-07T11:54:21Z,2026-05-07T11:53:00Z
14689,JALANDHAR,"DARVESH PIND(FLO9), 11KV KIRPALPUR FEEDER(FL16)",Cancellation Request Approved (Permit not active),2026-05-07T11:50:22Z,2026-05-07T11:48:00Z
14688,MUKATSAR,SHAM KHERA (UPS)(FL04),Cancellation Request Approved (Permit not active),2026-05-07T11:36:03Z,2026-05-07T11:35:00Z
14687,JALANDHAR,LINK FEEDER(FL09),Cancellation Request Approved (Permit not active),2026-05-07T11:23:21Z,2026-05-07T11:20:00Z
14686,SANGRUR,MANGWAL(FL01),Cancellation Request Approved (Permit not active),2026-05-07T11:22:29Z,2026-05-07T11:20:00Z
14685,Zirakpur,Jastna Kandi Pure AP(FL25),Cancellation Request Approved (Permit not active),2026-05-07T11:15:30Z,2026-05-07T11:14:00Z
14684,GURDASPUR,Barnala(FL16),Cancellation Request Approved (Permit not active),2026-05-07T11:15:03Z,2026-05-07T11:14:00Z
14683,JALANDHAR,G.D.P.A.(FL09),Cancellation Request Approved (Permit not active),2026-05-07T11:10:36Z,2026-05-07T11:10:00Z
14682,JALANDHAR,LOVELY(FL08),Cancellation Request Approved (Permit not active),2026-05-07T11:10:11Z,2026-05-07T11:04:00Z
14681,MUKATSAR,"11 KV Bhagsar UPS(FL07), 11 KV SARDARPURA UPS(FL06)",Cancellation Request Approved (Permit not active),2026-05-07T11:06:53Z,2026-05-07T11:06:00Z
14680,MUKATSAR,11 KV South Avenue(FL01),Cancellation Request Approved (Permit not active),2026-05-07T10:55:57Z,2026-05-07T10:50:00Z
14679,TARN TARAN,BANIA URBAN(FL01),Permit Request Submitted (Permit not active),2026-05-07T10:54:13Z,2026-05-07T10:52:00Z
14678,GURDASPUR,"Dalla UPS(FL06), Dalla(FL13), Thind Dhariwal(FL11)",Cancellation Request Approved (Permit not active),2026-05-07T10:46:51Z,2026-05-07T10:44:00Z
14677,KHANNA,Hoshpital(FL14),Rejected BY SSA/SSO,2026-05-07T10:46:33Z,2026-05-07T10:45:00Z
14676,MUKATSAR,DAULATPURA UPS(FL08),Cancellation Request Approved (Permit not active),2026-05-07T10:28:52Z,2026-05-07T10:28:00Z
14675,MUKATSAR,"MAUJGARH(FL05), DALMIR KHERA(FL01)",Cancellation Request Approved (Permit not active),2026-05-07T10:28:15Z,2026-05-07T10:27:00Z
14674,KAPURTHALA,"UPS MITHRA(FL07), UPS SUJOKALIA(FL10)",Cancellation Request Approved (Permit not active),2026-05-07T10:23:46Z,2026-05-07T10:22:00Z
14673,CITY AMRITSAR,SUBHASH PARK(FL30),Cancellation Request Approved (Permit not active),2026-05-07T10:22:56Z,2026-05-07T10:19:00Z
14672,GURDASPUR,"Sadhuchack(FL04), Peeranbagh(FL08)",Cancellation Request Approved (Permit not active),2026-05-07T10:21:16Z,2026-05-07T10:19:00Z
14671,GURDASPUR,Jappuwal(FL19),Cancellation Request Approved (Permit not active),2026-05-07T10:17:29Z,2026-05-07T10:14:00Z
14670,GURDASPUR,Meerpur(FL01),Cancellation Request Approved (Permit not active),2026-05-07T10:14:27Z,2026-05-07T10:13:00Z
14669,NAWANSHAHR,11 KV UPS KATANA(FL15),Cancellation Request Approved (Permit not active),2026-05-07T10:11:07Z,2026-05-07T10:06:00Z
14668,Zirakpur,DEHAR UPS(FL21),Cancellation Request Approved (Permit not active),2026-05-07T10:09:33Z,2026-05-07T10:08:00Z
14667,NAWANSHAHR,Urban Pattren(FL07),Cancellation Request Approved (Permit not active),2026-05-07T10:05:33Z,2026-05-07T10:01:00Z
14666,NAWANSHAHR,11 KV JABOWAL(FL07),Cancellation Request Approved (Permit not active),2026-05-07T10:03:45Z,2026-05-07T10:02:00Z
14665,GURDASPUR,"Chawa(FL05), Shalla Urban(FL04)",Cancellation Request Approved (Permit not active),2026-05-07T10:03:26Z,2026-05-07T10:01:00Z
14664,KAPURTHALA,Bulandpuri(FL16),Cancellation Request Approved (Permit not active),2026-05-07T10:01:03Z,2026-05-07T09:59:00Z
14663,ROPAR,COLD STORE(FL06),Cancellation Request Approved (Permit not active),2026-05-07T10:00:59Z,2026-05-07T09:58:00Z
14662,JALANDHAR,"SARNANA(FL09), DHANOWALI(FL06)",Cancellation Request Approved (Permit not active),2026-05-07T09:44:48Z,2026-05-07T09:44:00Z
14661,CITY WEST LUDHIANA,Kiran Vihar(FL20),Cancellation Request Approved (Permit not active),2026-05-07T09:41:24Z,2026-05-07T09:40:00Z
14660,GURDASPUR,"Bhumbli(FL07), Khundi(FL11)",Cancellation Request Approved (Permit not active),2026-05-07T09:27:55Z,2026-05-07T09:25:00Z
14659,KHANNA,AP concast(FL32),Cancellation Request Approved (Permit not active),2026-05-07T09:20:43Z,2026-05-07T09:19:00Z
14658,JALANDHAR,H.B GLOBAL(FL13),Cancellation Request Approved (Permit not active),2026-05-07T09:14:08Z,2026-05-07T09:12:00Z
14657,MUKATSAR,"11 KV Punjava Model(FL06), BHANGER KHERA(FL03)",Cancellation Request Approved (Permit not active),2026-05-07T09:04:42Z,2026-05-07T09:04:00Z
14656,TARN TARAN,Botelkiri(FL11),Cancellation Request Approved (Permit not active),2026-05-07T08:38:51Z,2026-05-07T08:37:00Z
14655,JALANDHAR,Chomon(FL26),Cancellation Request Approved (Permit not active),2026-05-07T08:19:48Z,2026-05-07T08:18:00Z
14654,Zirakpur,LALRU RURAL  Kandi Pure AP(FL23),Cancellation Request Approved (Permit not active),2026-05-07T08:12:04Z,2026-05-07T08:08:00Z
14653,Zirakpur,LALRU RURAL  Kandi Pure AP(FL23),Permit Request Submitted (Permit not active),2026-05-07T07:58:39Z,2026-05-07T07:57:00Z
14652,MUKATSAR,Dhani Sucha Singh (Old Chakra)(FL07),Cancellation Request Approved (Permit not active),2026-05-07T07:23:55Z,2026-05-07T07:23:00Z
14651,JALANDHAR,SUN FLAG(FL29),Cancellation Request Approved (Permit not active),2026-05-07T05:54:21Z,2026-05-07T05:52:00Z
14650,JALANDHAR,SUN FLAG(FL29),Cancellation Request Approved (Permit not active),2026-05-07T03:38:20Z,2026-05-07T03:36:00Z
14649,JALANDHAR,LINK FEEDER(FL09),Cancellation Request Approved (Permit not active),2026-05-07T00:36:19Z,2026-05-07T00:34:00Z
14648,KHANNA,Samrala Road(FL04),Cancellation Request Approved (Permit not active),2026-05-06T23:07:58Z,2026-05-06T23:06:00Z
14647,SANGRUR,Panchait Bhawan(FL07),Cancellation Request Approved (Permit not active),2026-05-06T22:26:06Z,2026-05-06T22:25:00Z
14646,KHANNA,kherinoudhsingh(FL13),Cancellation Request Approved (Permit not active),2026-05-06T21:53:38Z,2026-05-06T21:52:00Z
14645,CITY WEST LUDHIANA,JAWADDI(FL17),Cancellation Request Approved (Permit not active),2026-05-06T21:24:00Z,2026-05-06T21:23:00Z
14644,Zirakpur,JAGAN TUBE(FL02),Cancellation Request Approved (Permit not active),2026-05-06T21:06:25Z,2026-05-06T21:04:00Z
14643,PATIALA,DIDAR STEEL(FL09),Cancellation Request Approved (Permit not active),2026-05-06T20:12:02Z,2026-05-06T20:10:00Z
14642,JALANDHAR,"Chomon(FL26), DAROLI KHURD(FL04)",Cancellation Request Approved (Permit not active),2026-05-06T19:04:45Z,2026-05-06T19:04:00Z
14641,SUB URBAN AMRITSAR,silverstate(Fl09),Cancellation Request Approved (Permit not active),2026-05-06T18:52:59Z,2026-05-06T18:50:00Z
14640,JALANDHAR,ADAMPUR(FL10),Cancellation Request Approved (Permit not active),2026-05-06T18:47:28Z,2026-05-06T18:47:00Z
14639,MUKATSAR,11 KV GANGA NAGAR ROAD(FL01),Cancellation Request Approved (Permit not active),2026-05-06T18:34:17Z,2026-05-06T18:33:00Z
14638,JALANDHAR,GADAI PUR - 2(FL22),Cancellation Request Approved (Permit not active),2026-05-06T18:10:09Z,2026-05-06T18:09:00Z
14637,KHANNA,MALERKOTLA ROAD(FL01),Cancellation Request Approved (Permit not active),2026-05-06T17:52:01Z,2026-05-06T17:51:00Z
14636,GURDASPUR,KOT BHALLA(FL01),Cancellation Request Approved (Permit not active),2026-05-06T17:21:15Z,2026-05-06T17:20:00Z
14635,PATIALA,UPS marrori(FL12),Cancellation Request Approved (Permit not active),2026-05-06T16:59:47Z,2026-05-06T16:58:00Z
14634,MUKATSAR,11 KV Dhani Bisehesarnath(FL02),Cancellation Request Approved (Permit not active),2026-05-06T16:47:28Z,2026-05-06T16:46:00Z
14633,BARNALA,Industrial-I(FL07),Cancellation Request Approved (Permit not active),2026-05-06T16:46:16Z,2026-05-06T16:45:00Z
14632,MUKATSAR,11 KV KANDHWALA Road Urban(FL10),Cancellation Request Approved (Permit not active),2026-05-06T16:43:17Z,2026-05-06T16:42:00Z
14631,PATIALA,jiwan complex(FL14),Cancellation Request Approved (Permit not active),2026-05-06T16:26:16Z,2026-05-06T16:24:00Z
14630,KAPURTHALA,"Saidpur(FL03), UPS Kotli(FL09)",Cancellation Request Approved (Permit not active),2026-05-06T16:23:57Z,2026-05-06T16:21:00Z
14629,SANGRUR,Mannwala(FL11),Cancellation Request Approved (Permit not active),2026-05-06T15:50:30Z,2026-05-06T15:49:00Z
14628,MUKATSAR,"11 KV KILLIANWALI(FL06), 11 KV KIKKER KHERA(FL08), 11 KV Alamgarh(FL03), 11 KV TARA ESTATE(FL09)",Cancellation Request Approved (Permit not active),2026-05-06T15:46:15Z,2026-05-06T15:44:00Z
14627,SANGRUR,11 KV CHHAJLI URBAN(FL06),Cancellation Request Approved (Permit not active),2026-05-06T15:34:06Z,2026-05-06T15:33:00Z
14626,CITY AMRITSAR,Toot Sahib(FL16),Cancellation Request Approved (Permit not active),2026-05-06T15:32:45Z,2026-05-06T15:27:00Z
14625,JALANDHAR,ADAMPUR(FL10),Cancellation Request Approved (Permit not active),2026-05-06T15:24:48Z,2026-05-06T15:23:00Z
14624,CITY WEST LUDHIANA,MARUTI ALLOY(FL16),Cancellation Request Approved (Permit not active),2026-05-06T15:16:55Z,2026-05-06T15:16:00Z
14623,MUKATSAR,11 KV BSF(FL11),Approved/ Active Permit,2026-05-06T15:15:49Z,2026-05-06T15:15:00Z
14621,SUB URBAN AMRITSAR,MAJITHA ROAD VERKA BYE PASS(FL05),Cancellation Request Approved (Permit not active),2026-05-06T15:11:23Z,2026-05-06T15:10:00Z
14620,GURDASPUR,"Rattowal(FL08), Talwandivirk(FL04), Babbri Nangal(FL05)",Cancellation Request Approved (Permit not active),2026-05-06T15:07:12Z,2026-05-06T15:06:00Z
14619,Zirakpur,"MES(FL04), DEEPAK PIPE(FL10)",Cancellation Request Approved (Permit not active),2026-05-06T14:53:09Z,2026-05-06T14:51:00Z
14618,GURDASPUR,"MUGRALA(FL7), Nawan Pind(FL06)",Cancellation Request Approved (Permit not active),2026-05-06T14:19:43Z,2026-05-06T14:18:00Z
14617,GURDASPUR,"Rura Butter(FL13), DHINDSA(FL15), Bhattian(FL04)",Cancellation Request Approved (Permit not active),2026-05-06T14:18:39Z,2026-05-06T14:17:00Z
14616,PATIALA,Model Town 220kv(FL08),Cancellation Request Approved (Permit not active),2026-05-06T14:16:39Z,2026-05-06T14:15:00Z
14615,GURDASPUR,"Mallian(FL10), Paniar(FL05)",Cancellation Request Approved (Permit not active),2026-05-06T14:14:27Z,2026-05-06T14:13:00Z
14614,KAPURTHALA,"Kasupur(FL07), UPS MALLIWAL(FL16)",Cancellation Request Approved (Permit not active),2026-05-06T14:12:24Z,2026-05-06T14:11:00Z
14613,PATIALA,11 kV DHAMO MAJRA(FL23),Cancellation Request Approved (Permit not active),2026-05-06T13:34:27Z,2026-05-06T13:33:00Z
14612,SUB URBAN LUDHIANA,MILL-2(FL03),Cancellation Request Approved (Permit not active),2026-05-06T13:25:12Z,2026-05-06T13:23:00Z
14611,JALANDHAR,SUN FLAG(FL29),Cancellation Request Approved (Permit not active),2026-05-06T13:13:00Z,2026-05-06T13:11:00Z
14610,PATIALA,UPS(FL04),Cancellation Request Approved (Permit not active),2026-05-06T13:10:37Z,2026-05-06T13:08:00Z
14609,GURDASPUR,"Sujanpur(FL01), Bhumbli(FL07), Khundi(FL11)",Cancellation Request Approved (Permit not active),2026-05-06T13:00:39Z,2026-05-06T12:51:00Z
14608,TARN TARAN,BALA CHAK(FL14),Permit Request Submitted (Permit not active),2026-05-06T12:59:38Z,2026-05-06T12:59:00Z
14607,KHANNA,Ghai Agro(FL06),Cancellation Request Approved (Permit not active),2026-05-06T12:43:44Z,2026-05-06T12:43:00Z
14606,JALANDHAR,GANDHI NAGAR(FL14),Cancellation Request Approved (Permit not active),2026-05-06T12:40:23Z,2026-05-06T12:39:00Z
14605,HOSHIARPUR,SARHALA(FL12),Cancellation Request Approved (Permit not active),2026-05-06T12:35:32Z,2026-05-06T12:34:00Z
14604,SANGRUR,Radhe krishan+(handa branch)a.p(FL09),Rejected BY SSA/SSO,2026-05-06T12:35:00Z,2026-05-06T12:34:00Z
14603,GURDASPUR,"Ghesal(FL11), Kanwan(FL09), Gujran Lahri(FL05)",Cancellation Request Approved (Permit not active),2026-05-06T12:29:25Z,2026-05-06T12:27:00Z
14602,JALANDHAR,EKTA NAGAR(FL11),Cancellation Request Approved (Permit not active),2026-05-06T12:28:38Z,2026-05-06T12:28:00Z
14601,KAPURTHALA,UPS Sarih(FL12),Cancellation Request Approved (Permit not active),2026-05-06T12:28:36Z,2026-05-06T12:27:00Z
14600,SANGRUR,Bhakhra(FL03),Cancellation Request Approved (Permit not active),2026-05-06T12:24:51Z,2026-05-06T12:23:00Z
14599,KAPURTHALA,UPS Sarih(FL12),Rejected BY SSA/SSO,2026-05-06T12:22:38Z,2026-05-06T12:17:00Z
14598,MUKATSAR,11 KV Chirag dhani(FL17),Cancellation Request Approved (Permit not active),2026-05-06T12:20:29Z,2026-05-06T12:18:00Z
14597,JALANDHAR,KATHAR(FL01),Cancellation Request Approved (Permit not active),2026-05-06T12:15:21Z,2026-05-06T12:13:00Z
14596,PATIALA,DALLOMAJRA(FL18),Cancellation Request Approved (Permit not active),2026-05-06T12:12:18Z,2026-05-06T12:11:00Z
14595,SUB URBAN AMRITSAR,Labh Nagar(FL02),Cancellation Request Approved (Permit not active),2026-05-06T12:11:51Z,2026-05-06T12:07:00Z
14594,GURDASPUR,"Dharamkot(FL01), THETHERKE 24Hrs(FL14)",Cancellation Request Approved (Permit not active),2026-05-06T12:10:09Z,2026-05-06T12:09:00Z
14593,GURDASPUR,ADDA BEHRAMPUR(FL07),Cancellation Request Approved (Permit not active),2026-05-06T11:54:20Z,2026-05-06T11:52:00Z
14592,GURDASPUR,Improvement Trust(FL04),Cancellation Request Approved (Permit not active),2026-05-06T11:53:06Z,2026-05-06T11:50:00Z
14591,GURDASPUR,Goal Mandir(FL02),Cancellation Request Approved (Permit not active),2026-05-06T11:49:34Z,2026-05-06T11:48:00Z
14590,JALANDHAR,PUNJABI BAGH(FL31),Cancellation Request Approved (Permit not active),2026-05-06T11:41:46Z,2026-05-06T11:40:00Z
14589,GURDASPUR,Aujla(FL05),Cancellation Request Approved (Permit not active),2026-05-06T11:34:40Z,2026-05-06T11:33:00Z
14588,JALANDHAR,"LINK FEEDER(FL09), KOT RANI(FL14), SUNRA(FL17), 11KV KIRPALPUR FEEDER(FL16)",Cancellation Request Approved (Permit not active),2026-05-06T11:22:12Z,2026-05-06T11:21:00Z
14587,JALANDHAR,"RURAL URBAN  (NAWAN PIND)(FLO4), MEHTAN(FLO5), DAULAT PUR(FL05)",Cancellation Request Approved (Permit not active),2026-05-06T11:21:05Z,2026-05-06T11:20:00Z
14586,MUKATSAR,"11 KV SARDARPURA UPS(FL06), 11 KV Bhagsar UPS(FL07)",Cancellation Request Approved (Permit not active),2026-05-06T11:18:16Z,2026-05-06T11:17:00Z
14585,NAWANSHAHR,MUTHADA UPS(FL10),Cancellation Request Approved (Permit not active),2026-05-06T11:17:58Z,2026-05-06T11:15:00Z
14584,GURDASPUR,Awan(FL02),Cancellation Request Approved (Permit not active),2026-05-06T11:17:19Z,2026-05-06T11:10:00Z
14583,GURDASPUR,SD Collage(FL03),Cancellation Request Approved (Permit not active),2026-05-06T11:16:17Z,2026-05-06T11:13:00Z
14582,NAWANSHAHR,CITY GARHSHANKAR(FL06),Cancellation Request Approved (Permit not active),2026-05-06T11:15:16Z,2026-05-06T11:14:00Z
14581,GURDASPUR,Goal Mandir(FL02),Permit Request Submitted (Permit not active),2026-05-06T11:07:18Z,2026-05-06T11:04:00Z
14580,CITY WEST LUDHIANA,Bhagat Naam Dev(FL15),Cancellation Request Approved (Permit not active),2026-05-06T11:02:32Z,2026-05-06T11:01:00Z
14579,GURDASPUR,Baba Tehal Singh(FL01),Cancellation Request Approved (Permit not active),2026-05-06T10:59:46Z,2026-05-06T10:57:00Z
14578,CITY WEST LUDHIANA,SATJOT  NAGAR(FL15),Cancellation Request Approved (Permit not active),2026-05-06T10:55:46Z,2026-05-06T10:54:00Z
14577,MUKATSAR,"11 KV KIKKER KHERA(FL08), 11 KV Chirag dhani(FL17), 11 KV Alamgarh(FL03), 11 KV TARA ESTATE(FL09)",Cancellation Request Approved (Permit not active),2026-05-06T10:54:38Z,2026-05-06T10:50:00Z
14576,GURDASPUR,Goal Mandir(FL02),Permit Request Submitted (Permit not active),2026-05-06T10:53:16Z,2026-05-06T10:42:00Z
14575,FARIDKOT,11 KV GHOLIA KHURD UPS(FL18),Rejected BY SSA/SSO,2026-05-06T10:52:39Z,2026-05-06T10:51:00Z
14574,KHANNA,Akalgarh(FL18),Cancellation Request Approved (Permit not active),2026-05-06T10:51:50Z,2026-05-06T10:51:00Z
14573,NAWANSHAHR,"Jajja Kalan(FL02), Muthada urban(FL07)",Cancellation Request Approved (Permit not active),2026-05-06T10:51:34Z,2026-05-06T10:48:00Z
14572,ROPAR,MIAN PUR(FL09),Cancellation Request Approved (Permit not active),2026-05-06T10:50:09Z,2026-05-06T10:49:00Z
14571,MUKATSAR,"JANDWALA HANUWANTA(FL02), BHANGER KHERA(FL03), 11 KALLER KHERA(FL01)",Cancellation Request Approved (Permit not active),2026-05-06T10:47:31Z,2026-05-06T10:46:00Z
14570,GURDASPUR,Kahnuwan Road(FL03),Cancellation Request Approved (Permit not active),2026-05-06T10:46:38Z,2026-05-06T10:44:00Z
14569,NAWANSHAHR,Dyal pur(FL09),Cancellation Request Approved (Permit not active),2026-05-06T10:41:22Z,2026-05-06T10:39:00Z
14568,NAWANSHAHR,BHAJJAL(FL13),Cancellation Request Approved (Permit not active),2026-05-06T10:37:04Z,2026-05-06T10:33:00Z
14567,TARN TARAN,BEAS CITY(FL10),Cancellation Request Approved (Permit not active),2026-05-06T10:36:18Z,2026-05-06T10:34:00Z
14566,KAPURTHALA,UPS TANDA AURA(FLO1),Cancellation Request Approved (Permit not active),2026-05-06T10:35:44Z,2026-05-06T10:32:00Z
14565,JALANDHAR,SATYAM(FL10),Cancellation Request Approved (Permit not active),2026-05-06T10:34:29Z,2026-05-06T10:33:00Z
14564,CITY AMRITSAR,11KvGoal Bagh(FL08),Cancellation Request Approved (Permit not active),2026-05-06T10:32:29Z,2026-05-06T10:31:00Z
14563,CITY WEST LUDHIANA,Aman Park(FL03),Cancellation Request Approved (Permit not active),2026-05-06T10:27:26Z,2026-05-06T10:27:00Z
14562,KHANNA,MALERKOTLA ROAD(FL01),Cancellation Request Approved (Permit not active),2026-05-06T10:20:19Z,2026-05-06T10:19:00Z
14561,ROPAR,Rangeel Pur(FL16),Cancellation Request Approved (Permit not active),2026-05-06T10:20:08Z,2026-05-06T10:18:00Z
14560,JALANDHAR,KAPOOR PIND(FL07),Cancellation Request Approved (Permit not active),2026-05-06T10:15:19Z,2026-05-06T10:14:00Z
14559,KHANNA,Ghai Agro(FL06),Cancellation Request Approved (Permit not active),2026-05-06T10:05:11Z,2026-05-06T10:03:00Z
14558,SANGRUR,11 KV Jawanda UPS(FL02),Cancellation Request Approved (Permit not active),2026-05-06T10:01:35Z,2026-05-06T10:00:00Z
14557,KHANNA,AAM KHASS BAGH(FL08),Cancellation Request Approved (Permit not active),2026-05-06T10:01:32Z,2026-05-06T09:59:00Z
14556,JALANDHAR,GLOBE COLONY(FL06),Cancellation Request Approved (Permit not active),2026-05-06T10:01:31Z,2026-05-06T10:00:00Z
14555,NAWANSHAHR,"JAGATPUR(FL11), Hakimpur(FL03), Aujla(FL05), DHADWAR(FL18), CHAHAL KALAN(FL15), UPS No. 2(FL09)",Cancellation Request Approved (Permit not active),2026-05-06T10:01:25Z,2026-05-06T10:00:00Z
14554,SANGRUR,"Khokhar UPS(FL06), Bhakhra(FL03)",Cancellation Request Approved (Permit not active),2026-05-06T09:58:41Z,2026-05-06T09:56:00Z
14553,GURDASPUR,"MASTKOT(FL03), KALANOUR CITY(FL07), 24Hrs DALERPUR(FL13), HAKIMPUR(FL10)",Cancellation Request Approved (Permit not active),2026-05-06T09:48:47Z,2026-05-06T09:45:00Z
14552,CITY AMRITSAR,11 KV Namak Mandi(FL12),Cancellation Request Approved (Permit not active),2026-05-06T09:46:48Z,2026-05-06T09:44:00Z
14551,SANGRUR,"HARIPURA(FL15), NABHA GATE(FL03)",Cancellation Request Approved (Permit not active),2026-05-06T09:34:20Z,2026-05-06T09:32:00Z
14550,SANGRUR,Radhe krishan+(handa branch)a.p(FL09),Cancellation Request Approved (Permit not active),2026-05-06T09:29:12Z,2026-05-06T09:28:00Z
14549,SANGRUR,11 KV LOHAKHERA URBAN C1(FL01),Cancellation Request Approved (Permit not active),2026-05-06T09:27:46Z,2026-05-06T09:27:00Z
14548,SANGRUR,UPS RAMPURA(FL21),Cancellation Request Approved (Permit not active),2026-05-06T09:27:33Z,2026-05-06T09:27:00Z
14547,MUKATSAR,11 KV GANGA NAGAR ROAD(FL01),Cancellation Request Approved (Permit not active),2026-05-06T09:26:08Z,2026-05-06T09:25:00Z
14546,NAWANSHAHR,HAZIPUR(FL03),Cancellation Request Approved (Permit not active),2026-05-06T09:25:21Z,2026-05-06T09:23:00Z
14545,JALANDHAR,KATHAR(FL01),Cancellation Request Approved (Permit not active),2026-05-06T09:02:16Z,2026-05-06T09:01:00Z
14544,NAWANSHAHR,CITY GARHSHANKAR(FL06),Cancellation Request Approved (Permit not active),2026-05-06T08:49:48Z,2026-05-06T08:49:00Z
14543,JALANDHAR,CHUHARWALI(FL03),Cancellation Request Approved (Permit not active),2026-05-06T08:49:30Z,2026-05-06T08:48:00Z
14542,GURDASPUR,Kahnuwan Road(FL03),Cancellation Request Approved (Permit not active),2026-05-06T08:47:37Z,2026-05-06T08:43:00Z
14541,JALANDHAR,11kvPadiana(FL14),Cancellation Request Approved (Permit not active),2026-05-06T08:13:09Z,2026-05-06T08:12:00Z
14540,JALANDHAR,CANAL(FL11),Cancellation Request Approved (Permit not active),2026-05-06T08:07:25Z,2026-05-06T08:06:00Z
14539,JALANDHAR,BASANT HILLS(FL10),Cancellation Request Approved (Permit not active),2026-05-06T02:59:17Z,2026-05-06T02:57:00Z
14538,CITY WEST LUDHIANA,11 KV Happy colony(FL17),Cancellation Request Approved (Permit not active),2026-05-05T20:57:12Z,2026-05-05T20:56:00Z
14537,CITY WEST LUDHIANA,MOTI  BAGG(FL03),Cancellation Request Approved (Permit not active),2026-05-05T20:49:40Z,2026-05-05T20:48:00Z
14536,CITY AMRITSAR,Dasondha Singh Road(FL01),Permit Request Submitted (Permit not active),2026-05-05T20:09:02Z,2026-05-05T20:07:00Z
14535,GURDASPUR,Mirthal(FL04),Cancellation Request Approved (Permit not active),2026-05-05T18:39:36Z,2026-05-05T18:38:00Z
14534,SANGRUR,Bhakhra(FL03),Cancellation Request Approved (Permit not active),2026-05-05T18:06:39Z,2026-05-05T18:05:00Z
14533,MUKATSAR,"11 KV Sappan wali(FL11), MAUJGARH(FL05)",Cancellation Request Approved (Permit not active),2026-05-05T17:49:52Z,2026-05-05T17:49:00Z
14532,GURDASPUR,Heer(FL17),Cancellation Request Approved (Permit not active),2026-05-05T17:49:17Z,2026-05-05T17:47:00Z
14531,MUKATSAR,11 KV PUNJAB AGRO(FL03),Cancellation Request Approved (Permit not active),2026-05-05T17:46:38Z,2026-05-05T17:46:00Z
14530,CITY WEST LUDHIANA,"City Enclave(D034), DANA MANDI(FL05)",Cancellation Request Approved (Permit not active),2026-05-05T17:31:43Z,2026-05-05T17:30:00Z
14529,CITY WEST LUDHIANA,VISHAL NAGAR(FL05),Cancellation Request Approved (Permit not active),2026-05-05T17:30:19Z,2026-05-05T17:29:00Z
14528,CITY AMRITSAR,11Kv New Ravi Dass Road(FL08),Cancellation Request Approved (Permit not active),2026-05-05T17:08:53Z,2026-05-05T17:07:00Z
14527,CITY AMRITSAR,11Kv Navdeep Theatre(FL03),Cancellation Request Approved (Permit not active),2026-05-05T17:01:58Z,2026-05-05T17:01:00Z
14526,SANGRUR,"lati(L008), 24 HRS. GHAMOORGHAT(FL06)",Cancellation Request Approved (Permit not active),2026-05-05T16:59:18Z,2026-05-05T16:58:00Z
14525,SUB URBAN AMRITSAR,GUMTALA(FL10),Cancellation Request Approved (Permit not active),2026-05-05T16:56:34Z,2026-05-05T16:54:00Z
14524,MUKATSAR,11 KV SITO(FL03),Cancellation Request Approved (Permit not active),2026-05-05T16:46:14Z,2026-05-05T16:45:00Z
14523,KHANNA,RAM RAJAYA(FL12),Cancellation Request Approved (Permit not active),2026-05-05T16:44:55Z,2026-05-05T16:42:00Z
14522,JALANDHAR,TOWER(FL02),Permit Request Submitted (Permit not active),2026-05-05T16:37:17Z,2026-05-05T16:36:00Z
14521,KHANNA,Barmalipur city(FL09),Cancellation Request Approved (Permit not active),2026-05-05T16:32:26Z,2026-05-05T16:31:00Z
14520,KHANNA,MALERKOTLA ROAD(FL01),Cancellation Request Approved (Permit not active),2026-05-05T16:25:15Z,2026-05-05T16:23:00Z
14519,CITY AMRITSAR,11KvTobha Bhai Salo(FL12),Cancellation Request Approved (Permit not active),2026-05-05T16:18:58Z,2026-05-05T16:16:00Z
14518,NAWANSHAHR,CITY GARHSHANKAR(FL06),Cancellation Request Approved (Permit not active),2026-05-05T16:17:56Z,2026-05-05T16:17:00Z
14517,KAPURTHALA,"Kangna(FL01), UPS KACHI SARAI KHAS(FL11), URBAN INDUSTRY(FL17)",Cancellation Request Approved (Permit not active),2026-05-05T16:12:49Z,2026-05-05T16:11:00Z
14516,MUKATSAR,KRISHNA NAGRI(FL02),Cancellation Request Approved (Permit not active),2026-05-05T16:04:17Z,2026-05-05T16:03:00Z
14515,GURDASPUR,Majra(FL02),Cancellation Request Approved (Permit not active),2026-05-05T16:01:08Z,2026-05-05T15:47:00Z
14514,Zirakpur,DAPPAR(FL16),Cancellation Request Approved (Permit not active),2026-05-05T15:48:45Z,2026-05-05T15:47:00Z
14513,GURDASPUR,Pioneer Agro(FL10),Cancellation Request Approved (Permit not active),2026-05-05T15:48:13Z,2026-05-05T15:46:00Z
14512,KHANNA,Chander Lok(FL03),Cancellation Request Approved (Permit not active),2026-05-05T15:44:14Z,2026-05-05T15:42:00Z
14511,CITY WEST LUDHIANA,JAWADDI(FL17),Cancellation Request Approved (Permit not active),2026-05-05T15:27:56Z,2026-05-05T15:27:00Z
14510,GURDASPUR,Pioneer Agro(FL10),Cancellation Request Approved (Permit not active),2026-05-05T15:25:50Z,2026-05-05T15:25:00Z
14509,BARNALA,KUTHALA ( SANDAUR)(FL11),Cancellation Request Approved (Permit not active),2026-05-05T15:22:32Z,2026-05-05T15:15:00Z
14508,KHANNA,DEVI DAWALA feeder(FL23),Cancellation Request Approved (Permit not active),2026-05-05T15:13:50Z,2026-05-05T15:13:00Z
14507,GURDASPUR,Mallian(FL10),Cancellation Request Approved (Permit not active),2026-05-05T15:12:42Z,2026-05-05T15:11:00Z
14506,MUKATSAR,11 KV Raipura(FLO5),Cancellation Request Approved (Permit not active),2026-05-05T15:10:31Z,2026-05-05T15:09:00Z
14505,KHANNA,"JSM(FL20), SALANA UPS(FL06)",Cancellation Request Approved (Permit not active),2026-05-05T15:04:51Z,2026-05-05T15:03:00Z
14504,TARN TARAN,Budha Theh(FL06),Cancellation Request Approved (Permit not active),2026-05-05T15:02:58Z,2026-05-05T15:05:00Z
14503,Zirakpur,DAPPAR(FL16),Cancellation Request Approved (Permit not active),2026-05-05T14:52:58Z,2026-05-05T14:51:00Z
14502,SANGRUR,24 HRS. MAHASINGHWALA(FL07),Cancellation Request Approved (Permit not active),2026-05-05T14:43:34Z,2026-05-05T14:42:00Z
14501,SANGRUR,"11 KV UPS PHULAD(FL14), Dhhaake wala peer(FL13), PULAD NEW(FL05)",Cancellation Request Approved (Permit not active),2026-05-05T14:41:35Z,2026-05-05T14:40:00Z
14500,KAPURTHALA,UPS TANDA AURA(FLO1),Cancellation Request Approved (Permit not active),2026-05-05T14:37:47Z,2026-05-05T14:34:00Z
14499,Zirakpur,JEOLY(FL08),Cancellation Request Approved (Permit not active),2026-05-05T14:26:12Z,2026-05-05T14:25:00Z
14498,CITY WEST LUDHIANA,MARUTI ALLOY(FL16),Cancellation Request Approved (Permit not active),2026-05-05T14:25:27Z,2026-05-05T14:24:00Z
14497,PATIALA,SIRHIND(FL12),Cancellation Request Approved (Permit not active),2026-05-05T14:24:28Z,2026-05-05T14:23:00Z
14496,Zirakpur,LALRU MANDI(FL12),Cancellation Request Approved (Permit not active),2026-05-05T14:22:56Z,2026-05-05T14:22:00Z
14495,CITY AMRITSAR,11Kv New Ravi Dass Road(FL08),Cancellation Request Approved (Permit not active),2026-05-05T14:22:12Z,2026-05-05T14:18:00Z
14494,MUKATSAR,PANJKOSI(FL06),Cancellation Request Approved (Permit not active),2026-05-05T14:15:53Z,2026-05-05T14:15:00Z
14493,FEROZPUR,"11KV WAKILAN WALA-2(FL14), ZIRA INDUSTRY 2(FL13), SUGAR MILL(FL05), UPS 1(FL06), WAKILAN WALA/MALSIAN(FL11)",Cancellation Request Approved (Permit not active),2026-05-05T14:07:06Z,2026-05-05T14:05:00Z
14492,MUKATSAR,"11 KV KIKKER KHERA(FL08), 11 KV Alamgarh(FL03)",Cancellation Request Approved (Permit not active),2026-05-05T13:48:31Z,2026-05-05T13:45:00Z
14491,MUKATSAR,"11 KV Alamgarh(FL03), 11 KV GANGA NAGAR ROAD(FL01), 11 KV KIKKER KHERA(FL08)",Cancellation Request Approved (Permit not active),2026-05-05T13:37:33Z,2026-05-05T13:37:00Z
14490,JALANDHAR,GUDAIPUR(FL15),Cancellation Request Approved (Permit not active),2026-05-05T13:33:23Z,2026-05-05T13:32:00Z
14489,JALANDHAR,GLOBE COLONY(FL06),Cancellation Request Approved (Permit not active),2026-05-05T13:31:41Z,2026-05-05T13:30:00Z
14488,Zirakpur,JAGAN TUBE(FL02),Cancellation Request Approved (Permit not active),2026-05-05T13:24:26Z,2026-05-05T13:23:00Z
14487,KHANNA,Sangtpura(FL15),Cancellation Request Approved (Permit not active),2026-05-05T13:22:41Z,2026-05-05T13:21:00Z
14486,Zirakpur,Jastna Kandi Pure AP(FL25),Cancellation Request Approved (Permit not active),2026-05-05T13:21:05Z,2026-05-05T13:20:00Z
14485,SANGRUR,Bagguana(FL11),Cancellation Request Approved (Permit not active),2026-05-05T13:18:03Z,2026-05-05T13:16:00Z
14484,Zirakpur,JAGAN TUBE(FL02),Permit Request Submitted (Permit not active),2026-05-05T13:14:33Z,2026-05-05T13:12:00Z
14483,SANGRUR,11 KV BABA RUKHHAR DASS AP(FL04),Cancellation Request Approved (Permit not active),2026-05-05T13:09:02Z,2026-05-05T13:07:00Z
14482,GURDASPUR,"PAKHOWAL(FL05), NADALA(FL04)",Cancellation Request Approved (Permit not active),2026-05-05T13:07:11Z,2026-05-05T13:06:00Z
14481,SANGRUR,Chhajli road(FL24),Cancellation Request Approved (Permit not active),2026-05-05T13:06:03Z,2026-05-05T13:02:00Z
14478,SANGRUR,"NABHA GATE(FL03), AGE(FL11)",Cancellation Request Approved (Permit not active),2026-05-05T13:03:32Z,2026-05-05T13:02:00Z
14477,SANGRUR,11 KV LEHRA ROAD C2(FL10),Cancellation Request Approved (Permit not active),2026-05-05T12:58:32Z,2026-05-05T12:56:00Z
14476,Zirakpur,DERA BASSI URBAN(FL05),Cancellation Request Approved (Permit not active),2026-05-05T12:58:11Z,2026-05-05T12:57:00Z
14475,SANGRUR,"BABA MITHU SHAH(FL10), DYALGARH(FL09)",Cancellation Request Approved (Permit not active),2026-05-05T12:57:28Z,2026-05-05T12:56:00Z
14474,SUB URBAN AMRITSAR,Labh Nagar(FL02),Cancellation Request Approved (Permit not active),2026-05-05T12:53:53Z,2026-05-05T12:46:00Z
14473,GURDASPUR,"Rattowal(FL08), Talwandivirk(FL04), Babbri Nangal(FL05)",Cancellation Request Approved (Permit not active),2026-05-05T12:52:52Z,2026-05-05T12:52:00Z
14472,MUKATSAR,"JANDWALA HANUWANTA(FL02), BHANGER KHERA(FL03), 11 KALLER KHERA(FL01)",Cancellation Request Approved (Permit not active),2026-05-05T12:48:06Z,2026-05-05T12:47:00Z
14471,GURDASPUR,KALANOUR CITY(FL07),Cancellation Request Approved (Permit not active),2026-05-05T12:44:53Z,2026-05-05T12:42:00Z
14470,JALANDHAR,EKTA NAGAR(FL11),Cancellation Request Approved (Permit not active),2026-05-05T12:43:56Z,2026-05-05T12:42:00Z
14469,MUKATSAR,PANJKOSI(FL06),Cancellation Request Approved (Permit not active),2026-05-05T12:41:04Z,2026-05-05T12:40:00Z
14468,GURDASPUR,SD Collage(FL03),Cancellation Request Approved (Permit not active),2026-05-05T12:38:42Z,2026-05-05T12:27:00Z
14467,MUKATSAR,11 KV Chirag dhani(FL17),Cancellation Request Approved (Permit not active),2026-05-05T12:33:48Z,2026-05-05T12:32:00Z
14466,KHANNA,SALANA UPS(FL06),Cancellation Request Approved (Permit not active),2026-05-05T12:32:00Z,2026-05-05T12:30:00Z
14465,JALANDHAR,11 KV Lal Kurti Feeder(FL21),Cancellation Request Approved (Permit not active),2026-05-05T12:27:26Z,2026-05-05T12:25:00Z
14464,SANGRUR,24 HRS. MAHASINGHWALA(FL07),Cancellation Request Approved (Permit not active),2026-05-05T12:24:07Z,2026-05-05T12:23:00Z
14463,SUB URBAN AMRITSAR,SHAM NAGAR AP(FL05),Cancellation Request Approved (Permit not active),2026-05-05T12:23:32Z,2026-05-05T12:21:00Z
14462,GURDASPUR,"SADANA(FLO6), KOT BHALLA(FL01)",Cancellation Request Approved (Permit not active),2026-05-05T12:19:52Z,2026-05-05T12:18:00Z
14461,SUB URBAN AMRITSAR,"NANGALI UPS(FL14), BAHAINI GILL(FL13)",Rejected BY SSA/SSO,2026-05-05T12:02:36Z,2026-05-05T12:01:00Z
14460,SANGRUR,11 KV SULARGHRAT UPS(FL02),Cancellation Request Approved (Permit not active),2026-05-05T11:59:41Z,2026-05-05T11:58:00Z
14459,KHANNA,Motia Khan(FL01),Cancellation Request Approved (Permit not active),2026-05-05T11:56:48Z,2026-05-05T11:55:00Z
14458,CITY AMRITSAR,11Kv Chattiwind(FL04),Cancellation Request Approved (Permit not active),2026-05-05T11:48:19Z,2026-05-05T11:47:00Z
14457,Zirakpur,11KV BEHRA FEEDER(E39),Cancellation Request Approved (Permit not active),2026-05-05T11:47:56Z,2026-05-05T11:47:00Z
14456,GURDASPUR,"Shalla Urban(FL04), Chawa(FL05)",Cancellation Request Approved (Permit not active),2026-05-05T11:41:12Z,2026-05-05T11:39:00Z
14455,SANGRUR,"11 KV LOHAKHERA URBAN C1(FL01), 11 KV LONGOWAL ROAD AP(LOHAKHER)(FL05)",Cancellation Request Approved (Permit not active),2026-05-05T11:38:58Z,2026-05-05T11:37:00Z
14454,MUKATSAR,"11 KV Focal Point-1(FL14), 11 KV Focal Point-2(FL15)",Cancellation Request Approved (Permit not active),2026-05-05T11:38:26Z,2026-05-05T11:36:00Z
14453,SUB URBAN AMRITSAR,Friends Avenue(FL14),Cancellation Request Approved (Permit not active),2026-05-05T11:38:15Z,2026-05-05T11:35:00Z
14452,GURDASPUR,"SARWALI(FL03), Bhagowal Khurd(FL06)",Cancellation Request Approved (Permit not active),2026-05-05T11:34:15Z,2026-05-05T11:30:00Z
14451,MUKATSAR,"11 KV Alamgarh(FL03), 11 KV GANGA NAGAR ROAD(FL01), 11 KV KIKKER KHERA(FL08)",Cancellation Request Approved (Permit not active),2026-05-05T11:31:16Z,2026-05-05T11:30:00Z
14450,GURDASPUR,"SARWALI(FL03), Bhagowal Khurd(FL06)",Permit Request Submitted (Permit not active),2026-05-05T11:29:00Z,2026-05-05T11:26:00Z
14449,FARIDKOT,"11 KV DARVESHAN R(FL11), 11 KV MANUKE -R(FL06), 11 KV GHOLIA KALAN -UPS(FL10)",Cancellation Request Approved (Permit not active),2026-05-05T11:26:02Z,2026-05-05T11:25:00Z
14448,SUB URBAN AMRITSAR,Mandiala(FL08),Cancellation Request Approved (Permit not active),2026-05-05T11:25:07Z,2026-05-05T11:24:00Z
14447,KHANNA,Lalheri city(FL06),Cancellation Request Approved (Permit not active),2026-05-05T11:22:48Z,2026-05-05T11:21:00Z
14446,GURDASPUR,"Dargabaad(FL03), Daalam Dihaati(FL06), 11 KV BHAGWANPUR UPS(FL20)",Cancellation Request Approved (Permit not active),2026-05-05T11:20:34Z,2026-05-05T11:18:00Z
14445,SUB URBAN AMRITSAR,KALLEY(FL12),Cancellation Request Approved (Permit not active),2026-05-05T11:11:45Z,2026-05-05T11:11:00Z
14444,SUB URBAN AMRITSAR,Mallan Wali(FL18),Cancellation Request Approved (Permit not active),2026-05-05T11:11:41Z,2026-05-05T11:09:00Z
14443,MUKATSAR,11 KV Dhani Bisehesarnath(FL02),Cancellation Request Approved (Permit not active),2026-05-05T11:02:40Z,2026-05-05T11:01:00Z
14442,JALANDHAR,SANJAY GANDHI NAGAR(FL32),Cancellation Request Approved (Permit not active),2026-05-05T11:01:21Z,2026-05-05T10:59:00Z
14441,SUB URBAN AMRITSAR,"UPS Chattiwind(FL10), Chatiwind(FL05)",Cancellation Request Approved (Permit not active),2026-05-05T10:54:22Z,2026-05-05T10:53:00Z
14440,SANGRUR,New Bardwal(FL18),Cancellation Request Approved (Permit not active),2026-05-05T10:52:15Z,2026-05-05T10:50:00Z
14439,GURDASPUR,"Saidipur(FL02), Taragarh(FL13)",Cancellation Request Approved (Permit not active),2026-05-05T10:50:50Z,2026-05-05T10:48:00Z
14438,GURDASPUR,Tharial(FL5),Cancellation Request Approved (Permit not active),2026-05-05T10:43:50Z,2026-05-05T10:43:00Z
14437,KAPURTHALA,DHUGGAR(FL19),Cancellation Request Approved (Permit not active),2026-05-05T10:40:38Z,2026-05-05T10:39:00Z
14436,FARIDKOT,BAJA ROAD(FL11),Cancellation Request Approved (Permit not active),2026-05-05T10:40:14Z,2026-05-05T10:37:00Z
14435,FARIDKOT,SAMAGH UPS(FL02),Cancellation Request Approved (Permit not active),2026-05-05T10:37:33Z,2026-05-05T10:36:00Z
14434,JALANDHAR,NURPUR UPS(FL02),Cancellation Request Approved (Permit not active),2026-05-05T10:27:47Z,2026-05-05T10:27:00Z
14433,GURDASPUR,Dalla UPS(FL06),Cancellation Request Approved (Permit not active),2026-05-05T10:27:11Z,2026-05-05T10:24:00Z
14432,SUB URBAN AMRITSAR,KALLEY(FL12),Rejected BY SSA/SSO,2026-05-05T10:24:41Z,2026-05-05T10:23:00Z
14431,GURDASPUR,I.T.I(FL02),Cancellation Request Approved (Permit not active),2026-05-05T10:16:43Z,2026-05-05T10:13:00Z
14430,MUKATSAR,11 KV Chirag dhani(FL17),Cancellation Request Approved (Permit not active),2026-05-05T10:11:40Z,2026-05-05T10:10:00Z
14429,JALANDHAR,KATHAR(FL01),Cancellation Request Approved (Permit not active),2026-05-05T10:03:56Z,2026-05-05T10:02:00Z
14428,JALANDHAR,MIG(FL03),Cancellation Request Approved (Permit not active),2026-05-05T10:01:09Z,2026-05-05T10:00:00Z
14427,CITY AMRITSAR,11 KV Dhab Tilli Bhanna(FL04),Cancellation Request Approved (Permit not active),2026-05-05T09:59:42Z,2026-05-05T09:57:00Z
14426,KHANNA,11 KV MIRPUR(FL17),Cancellation Request Approved (Permit not active),2026-05-05T09:59:29Z,2026-05-05T09:58:00Z
14425,GURDASPUR,Anandpur Road(FL03),Rejected BY SSA/SSO,2026-05-05T09:58:57Z,2026-05-05T09:57:00Z
14424,CITY AMRITSAR,11 KV Lahori Gate(FL06),Cancellation Request Approved (Permit not active),2026-05-05T09:55:40Z,2026-05-05T09:54:00Z
14423,GURDASPUR,Anandpur Road(FL03),Rejected BY SSA/SSO,2026-05-05T09:54:32Z,2026-05-05T09:51:00Z
14422,GURDASPUR,Abrol Nagar(FL10),Rejected BY SSA/SSO,2026-05-05T09:48:01Z,2026-05-05T09:46:00Z
14421,GURDASPUR,Abrol Nagar(FL10),Rejected BY SSA/SSO,2026-05-05T09:43:37Z,2026-05-05T09:38:00Z
14420,SANGRUR,Hamirgarh(FL13),Cancellation Request Approved (Permit not active),2026-05-05T09:43:29Z,2026-05-05T09:42:00Z
14419,MUKATSAR,11 KV SAIDANWALI(FL07),Cancellation Request Approved (Permit not active),2026-05-05T09:39:16Z,2026-05-05T09:38:00Z
14418,GURDASPUR,HARNAM NAGAR(FL01),Cancellation Request Approved (Permit not active),2026-05-05T09:37:58Z,2026-05-05T09:37:00Z
14417,GURDASPUR,Abrol Nagar(FL10),Cancellation Request Approved (Permit not active),2026-05-05T09:37:08Z,2026-05-05T09:31:00Z
14416,MUKATSAR,"MAUJGARH(FL05), DALMIR KHERA(FL01)",Cancellation Request Approved (Permit not active),2026-05-05T09:36:12Z,2026-05-05T09:35:00Z
14415,NAWANSHAHR,CITY GARHSHANKAR(FL06),Cancellation Request Approved (Permit not active),2026-05-05T09:35:48Z,2026-05-05T09:34:00Z
14414,Zirakpur,JEOLY(FL08),Cancellation Request Approved (Permit not active),2026-05-05T09:35:13Z,2026-05-05T09:34:00Z
14413,GURDASPUR,Sujanpur(FL01),Cancellation Request Approved (Permit not active),2026-05-05T09:33:44Z,2026-05-05T09:30:00Z
14412,MUKATSAR,"BHANGER KHERA(FL03), 11 KV Punjava Model(FL06)",Cancellation Request Approved (Permit not active),2026-05-05T09:29:30Z,2026-05-05T09:28:00Z
14411,GURDASPUR,Khundi(FL11),Cancellation Request Approved (Permit not active),2026-05-05T09:29:08Z,2026-05-05T09:26:00Z
14410,GURDASPUR,Rattowal(FL08),Cancellation Request Approved (Permit not active),2026-05-05T09:25:18Z,2026-05-05T09:23:00Z
14409,GURDASPUR,Rattangarh(FL01),Cancellation Request Approved (Permit not active),2026-05-05T09:16:24Z,2026-05-05T09:14:00Z
14408,SANGRUR,24 HRS. MAHASINGHWALA(FL07),Cancellation Request Approved (Permit not active),2026-05-05T09:15:09Z,2026-05-05T09:13:00Z
14407,GURDASPUR,Anandpur Road(FL03),Cancellation Request Approved (Permit not active),2026-05-05T09:09:35Z,2026-05-05T09:08:00Z
14406,MUKATSAR,"11 KV Alamgarh(FL03), 11 KV GANGA NAGAR ROAD(FL01)",Cancellation Request Approved (Permit not active),2026-05-05T08:53:39Z,2026-05-05T08:52:00Z
14405,MUKATSAR,11 KV BSF(FL11),Cancellation Request Approved (Permit not active),2026-05-05T08:46:37Z,2026-05-05T08:46:00Z
14404,CITY AMRITSAR,11Kv Ghee Mandi 2(FL02),Cancellation Request Approved (Permit not active),2026-05-05T08:13:05Z,2026-05-05T08:12:00Z
14403,SANGRUR,11 Peeran Wala Gate Cat-1(FL06),Cancellation Request Approved (Permit not active),2026-05-05T07:40:22Z,2026-05-05T07:39:00Z
14402,JALANDHAR,BABA MANDIR 132KV FOCAL POINT(FL05),Cancellation Request Approved (Permit not active),2026-05-05T06:48:43Z,2026-05-05T06:47:00Z
14401,PATIALA,DIDAR STEEL(FL09),Cancellation Request Approved (Permit not active),2026-05-05T05:58:02Z,2026-05-05T05:56:00Z
14400,PATIALA,Mohindra College(FL07),Cancellation Request Approved (Permit not active),2026-05-05T00:51:46Z,2026-05-05T00:49:00Z
14399,KHANNA,"JSM(FL20), Raimond(FL09), Neelkanth(FL17), Bhamra(FL08), PS(FL02)",Cancellation Request Approved (Permit not active),2026-05-04T22:14:14Z,2026-05-04T22:11:00Z
14398,SANGRUR,11 Peeran Wala Gate Cat-1(FL06),Cancellation Request Approved (Permit not active),2026-05-04T21:48:36Z,2026-05-04T21:46:00Z
14397,SANGRUR,Gurdaspura(FL05),Cancellation Request Approved (Permit not active),2026-05-04T20:12:49Z,2026-05-04T20:11:00Z
14396,MUKATSAR,11 KV GANGA NAGAR ROAD(FL01),Cancellation Request Approved (Permit not active),2026-05-04T19:46:51Z,2026-05-04T19:45:00Z
14395,JALANDHAR,KHIALA(FL13),Cancellation Request Approved (Permit not active),2026-05-04T19:41:36Z,2026-05-04T19:41:00Z
14394,Zirakpur,Hasanpur UPS(FL24),Cancellation Request Approved (Permit not active),2026-05-04T19:02:20Z,2026-05-04T18:56:00Z
14393,KAPURTHALA,"nawajipur(FL05), UPS Kotli(FL09)",Cancellation Request Approved (Permit not active),2026-05-04T19:01:43Z,2026-05-04T19:00:00Z
14392,KAPURTHALA,"nawajipur(FL05), UPS Kotli(FL09)",Permit Request Submitted (Permit not active),2026-05-04T18:59:19Z,2026-05-04T18:53:00Z
14391,HOSHIARPUR,"GUGGA-PATTI(FL14), HARIANA(FL03)",Cancellation Request Approved (Permit not active),2026-05-04T18:57:35Z,2026-05-04T18:55:00Z
14390,MUKATSAR,"11 KV Punjava Model(FL06), BHANGER KHERA(FL03)",Cancellation Request Approved (Permit not active),2026-05-04T18:39:06Z,2026-05-04T18:38:00Z
14389,JALANDHAR,"Begampura(FL19), HAZARA(FL11)",Cancellation Request Approved (Permit not active),2026-05-04T18:28:57Z,2026-05-04T18:23:00Z
14388,KHANNA,Ajnodh(FL05),Cancellation Request Approved (Permit not active),2026-05-04T18:09:17Z,2026-05-04T18:07:00Z
14387,MUKATSAR,"11 KV KILLIANWALI(FL06), 11 KV Chirag dhani(FL17)",Cancellation Request Approved (Permit not active),2026-05-04T18:08:01Z,2026-05-04T18:07:00Z
14386,JALANDHAR,INDUSTRY AREA(FL05),Cancellation Request Approved (Permit not active),2026-05-04T17:41:01Z,2026-05-04T17:40:00Z
14385,KHANNA,"Raimond(FL09), Neelkanth(FL17), Bhamra(FL08), PS(FL02), JSM(FL20)",Cancellation Request Approved (Permit not active),2026-05-04T17:36:16Z,2026-05-04T17:35:00Z
14384,JALANDHAR,11KV SANGAT SINGH NAGAR(FL10),Cancellation Request Approved (Permit not active),2026-05-04T17:35:11Z,2026-05-04T17:34:00Z
14383,SUB URBAN AMRITSAR,UPS SILAKA(FL15),Cancellation Request Approved (Permit not active),2026-05-04T17:33:08Z,2026-05-04T17:32:00Z
14382,Zirakpur,"LALRU MANDI(FL12), DEHAR UPS(FL21)",Cancellation Request Approved (Permit not active),2026-05-04T17:29:08Z,2026-05-04T17:27:00Z
14381,SANGRUR,Khokhar UPS(FL06),Cancellation Request Approved (Permit not active),2026-05-04T17:21:20Z,2026-05-04T17:20:00Z
14380,CITY WEST LUDHIANA,Bhagat Naam Dev(FL15),Cancellation Request Approved (Permit not active),2026-05-04T17:16:20Z,2026-05-04T17:15:00Z
14379,CITY AMRITSAR,LAKKAR MANDI(FL06),Cancellation Request Approved (Permit not active),2026-05-04T17:12:46Z,2026-05-04T17:09:00Z
14378,SUB URBAN AMRITSAR,UPS SILAKA(FL15),Cancellation Request Approved (Permit not active),2026-05-04T17:11:33Z,2026-05-04T17:10:00Z
14377,SUB URBAN AMRITSAR,Mallan Wali(FL18),Cancellation Request Approved (Permit not active),2026-05-04T17:03:51Z,2026-05-04T17:02:00Z
14376,JALANDHAR,TV TOWER(FL03),Cancellation Request Approved (Permit not active),2026-05-04T17:02:54Z,2026-05-04T17:02:00Z
14375,GURDASPUR,Khatib(FL06),Cancellation Request Approved (Permit not active),2026-05-04T17:00:08Z,2026-05-04T16:56:00Z
14374,PATIALA,UPS SANDARSI(FL02),Cancellation Request Approved (Permit not active),2026-05-04T16:58:03Z,2026-05-04T16:56:00Z
14373,CITY WEST LUDHIANA,Ferozpur Road(FL18),Cancellation Request Approved (Permit not active),2026-05-04T16:56:23Z,2026-05-04T16:55:00Z
14372,CITY WEST LUDHIANA,"SHEETLA MANDHIR(F), LODHI CLUB(FL07)",Cancellation Request Approved (Permit not active),2026-05-04T16:53:05Z,2026-05-04T16:52:00Z
14371,GURDASPUR,"Manj(FL08), Dalia(FL03)",Cancellation Request Approved (Permit not active),2026-05-04T16:38:45Z,2026-05-04T16:36:00Z
14370,CITY WEST LUDHIANA,BASANT CITY(FL16),Cancellation Request Approved (Permit not active),2026-05-04T16:36:43Z,2026-05-04T16:35:00Z
14369,CITY WEST LUDHIANA,MAHAVIR NAGAR(FL09),Cancellation Request Approved (Permit not active),2026-05-04T16:30:43Z,2026-05-04T16:30:00Z
14368,CITY AMRITSAR,DISTRICT COURT(FL07),Cancellation Request Approved (Permit not active),2026-05-04T16:29:44Z,2026-05-04T16:26:00Z
14367,CITY WEST LUDHIANA,MAGNET ROAD(FL13),Cancellation Request Approved (Permit not active),2026-05-04T16:29:17Z,2026-05-04T16:28:00Z
14366,GURDASPUR,Tharial(FL5),Cancellation Request Approved (Permit not active),2026-05-04T16:27:32Z,2026-05-04T16:27:00Z
14365,NAWANSHAHR,SIKANDERPUR(FL14),Cancellation Request Approved (Permit not active),2026-05-04T16:23:43Z,2026-05-04T16:22:00Z
14364,SUB URBAN AMRITSAR,CHAND INDUSTRY(D831),Cancellation Request Approved (Permit not active),2026-05-04T16:18:41Z,2026-05-04T16:17:00Z
14363,SANGRUR,"Colony AP(FL19), HARERI(FL07)",Cancellation Request Approved (Permit not active),2026-05-04T16:17:31Z,2026-05-04T16:16:00Z
14362,GURDASPUR,Seunty(FL04),Cancellation Request Approved (Permit not active),2026-05-04T16:07:43Z,2026-05-04T16:06:00Z
14361,SANGRUR,11 KV  LAKHMIRWALA UPS(FL11),Cancellation Request Approved (Permit not active),2026-05-04T15:59:32Z,2026-05-04T15:48:00Z
14360,SANGRUR,11 KV Khadial Cat-1(FL-4),Cancellation Request Approved (Permit not active),2026-05-04T15:48:56Z,2026-05-04T15:47:00Z
14359,KHANNA,City-2 khanna(FL13),Cancellation Request Approved (Permit not active),2026-05-04T15:32:51Z,2026-05-04T15:31:00Z
14358,SUB URBAN AMRITSAR,silverstate(Fl09),Cancellation Request Approved (Permit not active),2026-05-04T15:28:30Z,2026-05-04T15:27:00Z
14357,CITY WEST LUDHIANA,Aman Park(FL03),Cancellation Request Approved (Permit not active),2026-05-04T15:26:40Z,2026-05-04T15:25:00Z
14356,KHANNA,"RAM RAJAYA(FL12), MALERKOTLA ROAD(FL01)",Cancellation Request Approved (Permit not active),2026-05-04T15:24:18Z,2026-05-04T15:22:00Z
14355,Zirakpur,DAPPAR(FL16),Cancellation Request Approved (Permit not active),2026-05-04T15:15:51Z,2026-05-04T15:14:00Z
14354,Zirakpur,11 KV PREM NAGAR FEEDER(FL29),Cancellation Request Approved (Permit not active),2026-05-04T15:07:23Z,2026-05-04T15:05:00Z
14353,CITY AMRITSAR,DISTRICT COURT(FL07),Cancellation Request Approved (Permit not active),2026-05-04T15:04:12Z,2026-05-04T15:02:00Z
14352,MUKATSAR,DHABWALI DHAB CAT-1(FL01),Cancellation Request Approved (Permit not active),2026-05-04T15:01:28Z,2026-05-04T15:00:00Z
14351,CITY WEST LUDHIANA,MARUTI ALLOY(FL16),Cancellation Request Approved (Permit not active),2026-05-04T15:00:18Z,2026-05-04T14:58:00Z
14350,SANGRUR,11 KV Mata Modi Road(FL05),Cancellation Request Approved (Permit not active),2026-05-04T14:54:53Z,2026-05-04T14:53:00Z
14349,FARIDKOT,"11 KV FATEH SINGH(FL13), 11 KV GHOLIA KHURD-R(FL05), CHANNU WALA AP(FL22), 11 KV KOTHE RAJPOOT(FL20)",Cancellation Request Approved (Permit not active),2026-05-04T14:36:25Z,2026-05-04T14:34:00Z
14348,CITY WEST LUDHIANA,Kiran Vihar(FL20),Cancellation Request Approved (Permit not active),2026-05-04T14:29:03Z,2026-05-04T14:28:00Z
14347,CITY AMRITSAR,Kot Baba Deep singh(FL03),Cancellation Request Approved (Permit not active),2026-05-04T14:26:50Z,2026-05-04T14:26:00Z
14346,SANGRUR,Industrial (Dhuri)(FL16),Cancellation Request Approved (Permit not active),2026-05-04T14:26:24Z,2026-05-04T14:25:00Z
14345,CITY WEST LUDHIANA,Ishmeet Acadmy(FL),Cancellation Request Approved (Permit not active),2026-05-04T14:23:59Z,2026-05-04T14:23:00Z
14344,GURDASPUR,"RAILWAY ROAD CAT-1(FL17), I.T.I(FL15), Thind Dhariwal(FL11)",Cancellation Request Approved (Permit not active),2026-05-04T14:15:58Z,2026-05-04T14:14:00Z
14343,GURDASPUR,CITY 2(FL11),Cancellation Request Approved (Permit not active),2026-05-04T14:08:17Z,2026-05-04T14:05:00Z
14342,FARIDKOT,"11 KV BABA GURDITTA(FL18), 11 KV FATEH SINGH(FL13)",Cancellation Request Approved (Permit not active),2026-05-04T13:52:38Z,2026-05-04T13:52:00Z
14341,KHANNA,CHARHI(FL14),Cancellation Request Approved (Permit not active),2026-05-04T13:50:48Z,2026-05-04T13:48:00Z
14340,KHANNA,Sahpur(FL20),Cancellation Request Approved (Permit not active),2026-05-04T13:43:45Z,2026-05-04T13:41:00Z
14339,MUKATSAR,"11 KV SAIDANWALI(FL07), 11 KV Dharampura(FL09)",Cancellation Request Approved (Permit not active),2026-05-04T13:25:34Z,2026-05-04T13:24:00Z
14338,SUB URBAN AMRITSAR,Mallan Wali(FL18),Cancellation Request Approved (Permit not active),2026-05-04T13:25:03Z,2026-05-04T13:22:00Z
14337,GURDASPUR,Lamini(FL02),Cancellation Request Approved (Permit not active),2026-05-04T13:24:17Z,2026-05-04T13:22:00Z
14336,SANGRUR,"11 KV KOTHE ROHI RAM AP(FL01), 11 KV CHHAJLI INDUSTRIAL(FL04)",Cancellation Request Approved (Permit not active),2026-05-04T13:23:53Z,2026-05-04T13:23:00Z
14335,SANGRUR,"11 KV KOTHE ROHI RAM AP(FL01), 11 KV CHHAJLI INDUSTRIAL(FL04)",Rejected BY SSA/SSO,2026-05-04T13:19:21Z,2026-05-04T13:18:00Z
14334,GURDASPUR,Lamini(FL02),Rejected BY SSA/SSO,2026-05-04T13:18:46Z,2026-05-04T13:17:00Z
14333,JALANDHAR,FAZIL PUR(FL28),Cancellation Request Approved (Permit not active),2026-05-04T13:17:15Z,2026-05-04T13:16:00Z
14332,GURDASPUR,"KOT BHALLA(FL01), SADANA(FLO6)",Cancellation Request Approved (Permit not active),2026-05-04T13:11:18Z,2026-05-04T13:07:00Z
14331,JALANDHAR,DEEP NAGAR(FL16),Cancellation Request Approved (Permit not active),2026-05-04T12:52:07Z,2026-05-04T12:47:00Z
14330,KHANNA,MAHON(FL20),Cancellation Request Approved (Permit not active),2026-05-04T12:51:31Z,2026-05-04T12:48:00Z
14329,CITY AMRITSAR,Kapoor Nagar(FL14),Cancellation Request Approved (Permit not active),2026-05-04T12:49:52Z,2026-05-04T12:46:00Z
14328,SUB URBAN AMRITSAR,Sada Pind(FL03),Cancellation Request Approved (Permit not active),2026-05-04T12:48:11Z,2026-05-04T12:47:00Z
14327,SUB URBAN AMRITSAR,Meritorious School(Fl10),Cancellation Request Approved (Permit not active),2026-05-04T12:46:38Z,2026-05-04T12:44:00Z
14326,FEROZPUR,"ZIRA INDUSTRY 2(FL13), UPS 1(FL06)",Cancellation Request Approved (Permit not active),2026-05-04T12:42:37Z,2026-05-04T12:41:00Z
14325,FEROZPUR,ZIRA INDUSTRY 2(FL13),Cancellation Request Approved (Permit not active),2026-05-04T12:33:31Z,2026-05-04T12:32:00Z
14324,CITY AMRITSAR,MAQBOOL ROAD(FL08),Cancellation Request Approved (Permit not active),2026-05-04T12:33:29Z,2026-05-04T12:32:00Z
14323,SANGRUR,"11 KV  LAKHMIRWALA UPS(FL11), 11 KV LAKHMIRWALA AP(66 KV SUNAM(FL04)",Cancellation Request Approved (Permit not active),2026-05-04T12:27:23Z,2026-05-04T12:26:00Z
14322,NAWANSHAHR,PANAM(FL18),Cancellation Request Approved (Permit not active),2026-05-04T12:25:52Z,2026-05-04T12:23:00Z
14321,NAWANSHAHR,Dana Mandi(FL02),Cancellation Request Approved (Permit not active),2026-05-04T12:22:40Z,2026-05-04T12:20:00Z
14320,KHANNA,"SALANA UPS(FL06), RP CONCAST(FL24), JSM(FL20)",Permit Request Submitted (Permit not active),2026-05-04T12:22:32Z,2026-05-04T12:21:00Z
14319,JALANDHAR,EKTA NAGAR(FL11),Cancellation Request Approved (Permit not active),2026-05-04T12:13:18Z,2026-05-04T12:12:00Z
14318,MUKATSAR,"11 KV KIKKER KHERA(FL08), 11 KV Alamgarh(FL03)",Cancellation Request Approved (Permit not active),2026-05-04T12:04:43Z,2026-05-04T12:04:00Z
14317,JALANDHAR,"KAPURTHALA ROAD(FL09), Sangal Sohal(Fl11)",Cancellation Request Approved (Permit not active),2026-05-04T11:58:30Z,2026-05-04T11:57:00Z
14316,KHANNA,Samadhi Road(FL09),Cancellation Request Approved (Permit not active),2026-05-04T11:48:24Z,2026-05-04T11:47:00Z
14315,JALANDHAR,SAROOP NAGAR(FL03),Cancellation Request Approved (Permit not active),2026-05-04T11:46:52Z,2026-05-04T11:46:00Z
14314,JALANDHAR,GANDHI NAGAR(FL14),Cancellation Request Approved (Permit not active),2026-05-04T11:42:46Z,2026-05-04T11:41:00Z
14313,KHANNA,Samrala Road(FL04),Cancellation Request Approved (Permit not active),2026-05-04T11:41:11Z,2026-05-04T11:40:00Z
14312,PATIALA,Arya Samaj(FL20),Cancellation Request Approved (Permit not active),2026-05-04T11:40:20Z,2026-05-04T11:39:00Z
14311,JALANDHAR,MALKO(FL15),Cancellation Request Approved (Permit not active),2026-05-04T11:37:36Z,2026-05-04T11:37:00Z
14310,JALANDHAR,UDHOPUR(D555),Cancellation Request Approved (Permit not active),2026-05-04T11:26:36Z,2026-05-04T11:25:00Z
14309,KHANNA,Shiva Casting(FL10),Cancellation Request Approved (Permit not active),2026-05-04T11:18:22Z,2026-05-04T11:16:00Z
14308,JALANDHAR,SAROOP NAGAR(FL03),Cancellation Request Approved (Permit not active),2026-05-04T11:15:14Z,2026-05-04T11:14:00Z
14307,JALANDHAR,G.T.ROAD(FL01),Cancellation Request Approved (Permit not active),2026-05-04T11:09:07Z,2026-05-04T11:07:00Z
14306,SANGRUR,UBHEWAL(FL04),Cancellation Request Approved (Permit not active),2026-05-04T11:06:30Z,2026-05-04T11:06:00Z
14305,JALANDHAR,ADAMPUR(FL10),Cancellation Request Approved (Permit not active),2026-05-04T11:03:00Z,2026-05-04T11:02:00Z
14304,SANGRUR,KHANOURI  PEER(FL04),Cancellation Request Approved (Permit not active),2026-05-04T10:59:36Z,2026-05-04T10:58:00Z
14303,JALANDHAR,TUBEWELL CORPORATION(FL13),Cancellation Request Approved (Permit not active),2026-05-04T10:53:43Z,2026-05-04T10:52:00Z
14302,CITY AMRITSAR,"Dilbagh Nagar(FL01), Kot Baba Deep singh(FL03)",Cancellation Request Approved (Permit not active),2026-05-04T10:53:36Z,2026-05-04T10:51:00Z
14301,CITY AMRITSAR,Dilbagh Nagar(FL01),Permit Request Submitted (Permit not active),2026-05-04T10:51:24Z,2026-05-04T10:49:00Z
14300,SANGRUR,UPS PAIND(D180),Cancellation Request Approved (Permit not active),2026-05-04T10:42:38Z,2026-05-04T10:41:00Z
14299,SANGRUR,11 KV DHADRIAN URBAN(FL03),Cancellation Request Approved (Permit not active),2026-05-04T10:40:58Z,2026-05-04T10:39:00Z
14298,CITY AMRITSAR,CHATIWIND 1(FL07),Cancellation Request Approved (Permit not active),2026-05-04T10:38:16Z,2026-05-04T10:36:00Z
14297,KHANNA,DEVI DAWALA feeder(FL23),Cancellation Request Approved (Permit not active),2026-05-04T10:37:04Z,2026-05-04T10:36:00Z
14296,TARN TARAN,KOT DASANDI MAL(FL02),Cancellation Request Approved (Permit not active),2026-05-04T10:36:21Z,2026-05-04T10:35:00Z
14295,GURDASPUR,"Thind Dhariwal(FL11), Dalla UPS(FL06)",Cancellation Request Approved (Permit not active),2026-05-04T10:35:44Z,2026-05-04T10:34:00Z
14294,GURDASPUR,"Kanwan(FL09), Gujran Lahri(FL05), Ghesal(FL11)",Cancellation Request Approved (Permit not active),2026-05-04T10:19:11Z,2026-05-04T10:15:00Z
14293,CITY AMRITSAR,11kV Garden Enclave(FL14),Cancellation Request Approved (Permit not active),2026-05-04T10:13:35Z,2026-05-04T10:11:00Z
14292,SUB URBAN AMRITSAR,Chaba(FL04),Cancellation Request Approved (Permit not active),2026-05-04T10:12:00Z,2026-05-04T10:11:00Z
14291,CITY AMRITSAR,Bhai  Ghaniyia ji(FL04),Cancellation Request Approved (Permit not active),2026-05-04T10:06:25Z,2026-05-04T10:04:00Z
14290,JALANDHAR,NUCON(FL11),Cancellation Request Approved (Permit not active),2026-05-04T10:06:11Z,2026-05-04T10:05:00Z
14289,CITY AMRITSAR,DISTRICT COURT(FL07),Cancellation Request Approved (Permit not active),2026-05-04T10:05:24Z,2026-05-04T10:04:00Z
14288,JALANDHAR,GURU AMAR DASS NAGAR(FL14),Cancellation Request Approved (Permit not active),2026-05-04T09:59:06Z,2026-05-04T09:58:00Z
14287,NAWANSHAHR,CITY GARHSHANKAR-2(FL10),Cancellation Request Approved (Permit not active),2026-05-04T09:58:13Z,2026-05-04T09:57:00Z
14286,CITY AMRITSAR,NAVANKOT(FL08),Cancellation Request Approved (Permit not active),2026-05-04T09:55:20Z,2026-05-04T09:51:00Z
14285,SANGRUR,24 HRS. MAHASINGHWALA(FL07),Rejected BY SSA/SSO,2026-05-04T09:35:30Z,2026-05-04T09:34:00Z
14284,JALANDHAR,BASTI DANISJMANDA(FL04),Cancellation Request Approved (Permit not active),2026-05-04T09:30:51Z,2026-05-04T09:28:00Z
14283,JALANDHAR,INDUSTRY AREA(FL05),Cancellation Request Approved (Permit not active),2026-05-04T09:18:26Z,2026-05-04T09:17:00Z
14282,GURDASPUR,Ranipur(FL03),Cancellation Request Approved (Permit not active),2026-05-04T09:12:47Z,2026-05-04T09:10:00Z
14281,Zirakpur,ALFA DRUG(FL01),Cancellation Request Approved (Permit not active),2026-05-04T08:45:38Z,2026-05-04T08:44:00Z
14280,SANGRUR,11 Peeran Wala Gate Cat-1(FL06),Cancellation Request Approved (Permit not active),2026-05-04T08:36:47Z,2026-05-04T08:35:00Z
14279,MUKATSAR,11 KV Sappan wali(FL11),Cancellation Request Approved (Permit not active),2026-05-04T08:24:00Z,2026-05-04T08:23:00Z
14278,PATIALA,DALIMA(FL04),Cancellation Request Approved (Permit not active),2026-05-04T08:04:55Z,2026-05-04T08:01:00Z
14277,PATIALA,11 KV Amara Breweries(FL06),Cancellation Request Approved (Permit not active),2026-05-04T06:27:33Z,2026-05-04T06:25:00Z
14276,KHANNA,DASHMESH (JALALPUR)(FL-0),Cancellation Request Approved (Permit not active),2026-05-04T05:55:15Z,2026-05-04T05:53:00Z
14275,SUB URBAN AMRITSAR,GUMTALA(FL10),Cancellation Request Approved (Permit not active),2026-05-03T23:54:43Z,2026-05-03T23:53:00Z
14274,CITY AMRITSAR,Queens Road(FL16),Cancellation Request Approved (Permit not active),2026-05-03T22:54:03Z,2026-05-03T22:51:00Z
14273,GURDASPUR,CITY AWANKHA(FL14),Cancellation Request Approved (Permit not active),2026-05-03T21:40:14Z,2026-05-03T21:39:00Z
14272,MUKATSAR,"11 KV Dhani Bisehesarnath(FL02), 11 KV Azimgarh Urban(FL03)",Cancellation Request Approved (Permit not active),2026-05-03T21:33:19Z,2026-05-03T21:32:00Z
14271,GURDASPUR,CITY AWANKHA(FL14),Cancellation Request Approved (Permit not active),2026-05-03T21:23:40Z,2026-05-03T21:22:00Z
14270,Zirakpur,MES(FL04),Cancellation Request Approved (Permit not active),2026-05-03T21:17:12Z,2026-05-03T21:15:00Z
14269,SANGRUR,Kishanpura Road(FL04),Cancellation Request Approved (Permit not active),2026-05-03T21:17:06Z,2026-05-03T21:13:00Z
14268,NAWANSHAHR,DUGRI(FL15),Cancellation Request Approved (Permit not active),2026-05-03T21:09:24Z,2026-05-03T21:08:00Z
14267,Zirakpur,11 KV PREM NAGAR FEEDER(FL29),Cancellation Request Approved (Permit not active),2026-05-03T20:47:31Z,2026-05-03T20:38:00Z
14266,JALANDHAR,EKTA NAGAR(FL11),Cancellation Request Approved (Permit not active),2026-05-03T20:46:46Z,2026-05-03T20:46:00Z
14265,JALANDHAR,GILL COLONY(FL04),Cancellation Request Approved (Permit not active),2026-05-03T20:44:40Z,2026-05-03T20:44:00Z
14264,SANGRUR,11 KV MANDER KALAN UPS(FL07),Cancellation Request Approved (Permit not active),2026-05-03T20:36:28Z,2026-05-03T20:35:00Z
14263,SUB URBAN AMRITSAR,PUTLIGHAR(FL02),Cancellation Request Approved (Permit not active),2026-05-03T20:36:20Z,2026-05-03T20:32:00Z
14262,CITY WEST LUDHIANA,GURU GIAN VIHAR(FL14),Cancellation Request Approved (Permit not active),2026-05-03T20:30:13Z,2026-05-03T20:29:00Z
14261,CITY AMRITSAR,Queens Road(FL16),Cancellation Request Approved (Permit not active),2026-05-03T20:14:23Z,2026-05-03T20:12:00Z
14260,SUB URBAN AMRITSAR,Mallan Wali(FL18),Cancellation Request Approved (Permit not active),2026-05-03T20:03:12Z,2026-05-03T20:01:00Z
14259,CITY WEST LUDHIANA,VISHAL NAGAR(FL05),Cancellation Request Approved (Permit not active),2026-05-03T20:01:48Z,2026-05-03T20:00:00Z
14258,GURDASPUR,Pioneer Agro(FL10),Cancellation Request Approved (Permit not active),2026-05-03T19:56:55Z,2026-05-03T19:56:00Z
14257,JALANDHAR,GILL COLONY(FL04),Cancellation Request Approved (Permit not active),2026-05-03T19:46:58Z,2026-05-03T19:46:00Z
14256,KHANNA,City-2 khanna(FL13),Cancellation Request Approved (Permit not active),2026-05-03T19:31:14Z,2026-05-03T19:28:00Z
14255,NAWANSHAHR,CITY GARHSHANKAR-2(FL10),Cancellation Request Approved (Permit not active),2026-05-03T19:29:07Z,2026-05-03T19:28:00Z
14254,MUKATSAR,"BHANGER KHERA(FL03), 11 KV Punjava Model(FL06)",Cancellation Request Approved (Permit not active),2026-05-03T18:54:26Z,2026-05-03T18:53:00Z
14253,Zirakpur,LALRU CITY(FL22),Cancellation Request Approved (Permit not active),2026-05-03T18:37:28Z,2026-05-03T18:35:00Z
14252,KHANNA,Amloh Road(FL22),Cancellation Request Approved (Permit not active),2026-05-03T18:35:11Z,2026-05-03T18:32:00Z
14251,CITY WEST LUDHIANA,RENTAL COLONY(FL11),Cancellation Request Approved (Permit not active),2026-05-03T18:33:32Z,2026-05-03T18:31:00Z
14250,KHANNA,Samrala Road(FL04),Cancellation Request Approved (Permit not active),2026-05-03T18:12:48Z,2026-05-03T18:11:00Z
14249,CITY AMRITSAR,JOSHI COLONY(FL05),Cancellation Request Approved (Permit not active),2026-05-03T17:56:31Z,2026-05-03T17:51:00Z
14248,GURDASPUR,Babbri Nangal(FL05),Cancellation Request Approved (Permit not active),2026-05-03T17:53:30Z,2026-05-03T17:52:00Z
14247,JALANDHAR,TOWER ENCLAVE(FL09),Cancellation Request Approved (Permit not active),2026-05-03T17:51:45Z,2026-05-03T17:50:00Z
14246,JALANDHAR,UDYOG NAGAR(FL12),Cancellation Request Approved (Permit not active),2026-05-03T17:47:14Z,2026-05-03T17:45:00Z
14245,JALANDHAR,"NEW SARHALI FEEDER(FL17), Phagwara Road(FL23)",Cancellation Request Approved (Permit not active),2026-05-03T17:42:13Z,2026-05-03T17:41:00Z
14244,KAPURTHALA,"Industrial Area(FL16), Tower Colony(FL15)",Cancellation Request Approved (Permit not active),2026-05-03T17:41:13Z,2026-05-03T17:40:00Z
14243,NAWANSHAHR,CITY GARHSHANKAR-2(FL10),Cancellation Request Approved (Permit not active),2026-05-03T17:24:07Z,2026-05-03T17:23:00Z
14242,JALANDHAR,11kv Nangal shama(FL40),Cancellation Request Approved (Permit not active),2026-05-03T17:16:48Z,2026-05-03T17:16:00Z
14241,GURDASPUR,Abdaal 24 Hrs.(FL12),Cancellation Request Approved (Permit not active),2026-05-03T17:11:16Z,2026-05-03T17:03:00Z
14240,SANGRUR,"Bagrian Road(FL02), Industrial (Dhuri)(FL16)",Cancellation Request Approved (Permit not active),2026-05-03T16:55:12Z,2026-05-03T16:54:00Z
14239,JALANDHAR,BABA VISHKARMA MANDIR(FL06),Cancellation Request Approved (Permit not active),2026-05-03T16:37:26Z,2026-05-03T16:36:00Z
14238,KHANNA,RAM RAJAYA(FL12),Cancellation Request Approved (Permit not active),2026-05-03T16:30:02Z,2026-05-03T16:29:00Z
14237,JALANDHAR,11kv Nangal shama(FL40),Cancellation Request Approved (Permit not active),2026-05-03T16:24:15Z,2026-05-03T16:23:00Z
14236,CITY AMRITSAR,majitha road(FL14),Cancellation Request Approved (Permit not active),2026-05-03T16:17:04Z,2026-05-03T16:15:00Z
14235,Zirakpur,"DEHAR UPS(FL21), LALRU RURAL  Kandi Pure AP(FL23)",Cancellation Request Approved (Permit not active),2026-05-03T16:11:57Z,2026-05-03T16:11:00Z
14234,PATIALA,gobind colony(FL10),Cancellation Request Approved (Permit not active),2026-05-03T16:11:23Z,2026-05-03T16:09:00Z
14233,KAPURTHALA,URBAN Jandiala(FL01),Cancellation Request Approved (Permit not active),2026-05-03T16:06:51Z,2026-05-03T16:04:00Z
14232,CITY AMRITSAR,11 KV Haripura Feeder(FL06),Cancellation Request Approved (Permit not active),2026-05-03T16:05:12Z,2026-05-03T15:59:00Z
14231,SANGRUR,"BADRUKHAN(FL05), CHANGAL(FL06)",Cancellation Request Approved (Permit not active),2026-05-03T15:32:30Z,2026-05-03T15:31:00Z
14230,NAWANSHAHR,CITY GARHSHANKAR(FL06),Cancellation Request Approved (Permit not active),2026-05-03T15:18:14Z,2026-05-03T15:17:00Z
14229,KHANNA,11 KV MODEL TOWN(FL34),Cancellation Request Approved (Permit not active),2026-05-03T15:09:41Z,2026-05-03T15:08:00Z
14228,PATIALA,SARHIND ROAD(FL08),Permit Request Submitted (Permit not active),2026-05-03T15:08:30Z,2026-05-03T15:07:00Z
14227,JALANDHAR,"VAJU VIHAR(FL12), GANDHI NAGAR(FL14)",Cancellation Request Approved (Permit not active),2026-05-03T15:01:50Z,2026-05-03T15:00:00Z
14226,KAPURTHALA,"Kotli Gajran(FL04), nawajipur(FL05), UPS Kotli(FL09), Saidpur(FL03)",Cancellation Request Approved (Permit not active),2026-05-03T14:53:24Z,2026-05-03T14:52:00Z
14225,KHANNA,"PAGRO(FL22), NABIPUR(FL11)",Cancellation Request Approved (Permit not active),2026-05-03T14:51:56Z,2026-05-03T14:45:00Z
14224,MUKATSAR,"BHANGER KHERA(FL03), 11 KV Punjava Model(FL06), JANDWALA HANUWANTA(FL02)",Cancellation Request Approved (Permit not active),2026-05-03T14:37:05Z,2026-05-03T14:36:00Z
14223,SANGRUR,24 HRS. HAMIRGARH(FL16),Cancellation Request Approved (Permit not active),2026-05-03T14:35:30Z,2026-05-03T14:34:00Z
14222,JALANDHAR,SATYAM(FL10),Cancellation Request Approved (Permit not active),2026-05-03T14:31:53Z,2026-05-03T14:30:00Z
14221,JALANDHAR,11KV GTB NAGAR(FL07),Cancellation Request Approved (Permit not active),2026-05-03T14:28:19Z,2026-05-03T14:27:00Z
14220,JALANDHAR,TV TOWER(FL03),Cancellation Request Approved (Permit not active),2026-05-03T14:19:42Z,2026-05-03T14:18:00Z
14219,CITY WEST LUDHIANA,E Block(DO28),Cancellation Request Approved (Permit not active),2026-05-03T14:13:31Z,2026-05-03T14:12:00Z
14218,SANGRUR,"11 KV UPS PHULAD(FL14), Dhhaake wala peer(FL13), PULAD NEW(FL05)",Cancellation Request Approved (Permit not active),2026-05-03T14:05:45Z,2026-05-03T14:04:00Z
14217,GURDASPUR,Manj(FL08),Cancellation Request Approved (Permit not active),2026-05-03T13:53:24Z,2026-05-03T13:52:00Z
14216,Zirakpur,"LALRU RURAL  Kandi Pure AP(FL23), DEHAR UPS(FL21)",Cancellation Request Approved (Permit not active),2026-05-03T13:44:39Z,2026-05-03T13:43:00Z
14215,Zirakpur,"DAPPAR(FL16), LALRU RURAL  Kandi Pure AP(FL23)",Permit Request Submitted (Permit not active),2026-05-03T13:29:01Z,2026-05-03T13:27:00Z
14214,FARIDKOT,11 KV BABA GURDITTA(FL18),Cancellation Request Approved (Permit not active),2026-05-03T13:23:51Z,2026-05-03T13:23:00Z
14213,FARIDKOT,LandeKe URBAN(FL12),Cancellation Request Approved (Permit not active),2026-05-03T13:18:25Z,2026-05-03T13:20:00Z
14212,Zirakpur,DAPPAR(FL16),Cancellation Request Approved (Permit not active),2026-05-03T13:16:34Z,2026-05-03T13:14:00Z
14211,Zirakpur,DAPPAR(FL16),Rejected BY SSA/SSO,2026-05-03T13:12:43Z,2026-05-03T13:11:00Z
14210,FEROZPUR,11 KV Railway Basti(FL20),Cancellation Request Approved (Permit not active),2026-05-03T12:42:42Z,2026-05-03T12:42:00Z
14209,KHANNA,Bhattian(FL10),Cancellation Request Approved (Permit not active),2026-05-03T12:38:06Z,2026-05-03T12:37:00Z
14208,FEROZPUR,Town-4(FL17),Cancellation Request Approved (Permit not active),2026-05-03T12:32:19Z,2026-05-03T12:29:00Z
14207,JALANDHAR,ADAMPUR(FL10),Cancellation Request Approved (Permit not active),2026-05-03T12:17:35Z,2026-05-03T12:16:00Z
14206,SUB URBAN AMRITSAR,MAJITHA(FL11),Cancellation Request Approved (Permit not active),2026-05-03T12:13:06Z,2026-05-03T12:10:00Z
14205,GURDASPUR,G.T Road(FL08),Cancellation Request Approved (Permit not active),2026-05-03T12:11:57Z,2026-05-03T12:09:00Z
14204,BARNALA,"DHURI ROAD(FL11), INDUSTRIAL RATOLAN(FL19)",Cancellation Request Approved (Permit not active),2026-05-03T11:59:47Z,2026-05-03T11:58:00Z
14203,MUKATSAR,11 KV Punjava Model(FL06),Cancellation Request Approved (Permit not active),2026-05-03T11:46:17Z,2026-05-03T11:45:00Z
14202,SANGRUR,Rasaldar chhana(FL01),Cancellation Request Approved (Permit not active),2026-05-03T11:34:56Z,2026-05-03T11:34:00Z
14200,SUB URBAN LUDHIANA,SHAHPUR UPS(FL23),Cancellation Request Approved (Permit not active),2026-05-03T11:30:59Z,2026-05-03T11:29:00Z
14199,CITY AMRITSAR,11 KV Namak Mandi(FL12),Permit Request Submitted (Permit not active),2026-05-03T11:26:20Z,2026-05-03T11:14:00Z
14198,TARN TARAN,KOCHAR(FL01),Cancellation Request Approved (Permit not active),2026-05-03T11:23:04Z,2026-05-03T11:21:00Z
14197,GURDASPUR,"TALIBPUR(FL03), GAJIKOT(FL02)",Cancellation Request Approved (Permit not active),2026-05-03T11:18:17Z,2026-05-03T11:16:00Z
14196,CITY AMRITSAR,MALL ROAD(FL15),Cancellation Request Approved (Permit not active),2026-05-03T11:15:51Z,2026-05-03T11:15:00Z
14195,KAPURTHALA,URBAN DHILWAN(FL06),Cancellation Request Approved (Permit not active),2026-05-03T11:12:32Z,2026-05-03T11:11:00Z
14194,JALANDHAR,CHACHOKI COLONY(FL10),Cancellation Request Approved (Permit not active),2026-05-03T11:01:01Z,2026-05-03T11:00:00Z
14193,GURDASPUR,"Saidipur(FL02), Taragarh(FL13)",Cancellation Request Approved (Permit not active),2026-05-03T10:58:43Z,2026-05-03T10:58:00Z
14192,SUB URBAN AMRITSAR,Chaba(FL04),Cancellation Request Approved (Permit not active),2026-05-03T10:52:35Z,2026-05-03T10:51:00Z
14191,JALANDHAR,"DAROLI KHURD(FL04), Chomon(FL26), RAJOWAL(FL11)",Cancellation Request Approved (Permit not active),2026-05-03T10:49:22Z,2026-05-03T10:47:00Z
14190,JALANDHAR,GURU AMAR DASS NAGAR(FL14),Cancellation Request Approved (Permit not active),2026-05-03T10:44:55Z,2026-05-03T10:43:00Z
14189,MUKATSAR,"11 KV SITO(FL03), 11 KB BAZIDPURA(FL05)",Cancellation Request Approved (Permit not active),2026-05-03T10:44:52Z,2026-05-03T10:44:00Z
14188,SUB URBAN AMRITSAR,Chaba(FL04),Rejected BY SSA/SSO,2026-05-03T10:40:21Z,2026-05-03T10:39:00Z
14187,CITY AMRITSAR,11 KV Namak Mandi(FL12),Cancellation Request Approved (Permit not active),2026-05-03T10:36:51Z,2026-05-03T10:29:00Z
14186,MUKATSAR,"11 KV KIKKER KHERA(FL08), 11 KV Alamgarh(FL03), 11 KV GANGA NAGAR ROAD(FL01)",Cancellation Request Approved (Permit not active),2026-05-03T10:32:17Z,2026-05-03T10:31:00Z
14185,JALANDHAR,"DHANOWALI(FL06), RAIWAY WORKSHOP(FL14), PROFFESSER COLONY(FL15), RAMA MANDI(FL11)",Permit Request Submitted (Permit not active),2026-05-03T10:27:36Z,2026-05-03T10:26:00Z
14184,BARNALA,Bajakhana Road(FL08),Permit Request Submitted (Permit not active),2026-05-03T10:15:19Z,2026-05-03T10:14:00Z
14183,JALANDHAR,BASTI NAU (OLD)(FL13),Cancellation Request Approved (Permit not active),2026-05-03T10:14:50Z,2026-05-03T10:08:00Z
14182,BARNALA,Bajakhana Road(FL08),Permit Request Submitted (Permit not active),2026-05-03T10:13:34Z,2026-05-03T10:11:00Z
14181,CITY AMRITSAR,GOBIND PARK(FL07),Cancellation Request Approved (Permit not active),2026-05-03T10:08:34Z,2026-05-03T10:07:00Z
14180,GURDASPUR,"Meerpur(FL01), Barnala(FL16)",Cancellation Request Approved (Permit not active),2026-05-03T09:59:53Z,2026-05-03T09:58:00Z
14179,SUB URBAN AMRITSAR,"JALALPURA UPS(FL02), BOREWAL UPS(FL04)",Cancellation Request Approved (Permit not active),2026-05-03T09:59:37Z,2026-05-03T09:55:00Z
14177,SUB URBAN AMRITSAR,"BOREWAL UPS(FL04), JALALPURA UPS(FL02)",Rejected BY SSA/SSO,2026-05-03T09:41:31Z,2026-05-03T09:39:00Z
14176,FARIDKOT,"11 KV GHOLIA KHURD-R(FL05), CHANNU WALA AP(FL22), 11 KV FATEH SINGH(FL13), 11 KV KOTHE RAJPOOT(FL20)",Cancellation Request Approved (Permit not active),2026-05-03T09:34:23Z,2026-05-03T09:33:00Z
14175,JALANDHAR,GURU AMAR DASS NAGAR(FL14),Cancellation Request Approved (Permit not active),2026-05-03T09:25:38Z,2026-05-03T09:23:00Z
14174,SUB URBAN AMRITSAR,"BOREWAL UPS(FL04), JALALPURA UPS(FL02)",Rejected BY SSA/SSO,2026-05-03T09:21:55Z,2026-05-03T09:19:00Z
14173,GURDASPUR,Seunty(FL04),Cancellation Request Approved (Permit not active),2026-05-03T09:07:48Z,2026-05-03T09:06:00Z
14172,JALANDHAR,SARNANA(FL09),Cancellation Request Approved (Permit not active),2026-05-03T09:06:33Z,2026-05-03T09:03:00Z
14171,GURDASPUR,ARYA NAGAR(FL19),Cancellation Request Approved (Permit not active),2026-05-03T09:02:36Z,2026-05-03T09:00:00Z
14170,JALANDHAR,GADAI PUR - 2(FL22),Cancellation Request Approved (Permit not active),2026-05-03T08:57:21Z,2026-05-03T08:56:00Z
14169,GURDASPUR,"SADANA(FLO6), KOT BHALLA(FL01)",Cancellation Request Approved (Permit not active),2026-05-03T08:57:04Z,2026-05-03T08:52:00Z
14168,JALANDHAR,UDYOG NAGAR(FL12),Cancellation Request Approved (Permit not active),2026-05-03T08:55:49Z,2026-05-03T08:44:00Z
14167,KHANNA,SAMCAST(FL14),Cancellation Request Approved (Permit not active),2026-05-03T08:49:57Z,2026-05-03T08:49:00Z
14166,JALANDHAR,11kv Nangal shama(FL40),Cancellation Request Approved (Permit not active),2026-05-03T08:34:38Z,2026-05-03T08:34:00Z
14165,GURDASPUR,"Pakho Chack(FL03), Rattangarh(FL01), Taragarh Cat-1(FL08)",Cancellation Request Approved (Permit not active),2026-05-03T08:19:33Z,2026-05-03T08:16:00Z
14164,JALANDHAR,KHURLA KINGRA(FL05),Cancellation Request Approved (Permit not active),2026-05-03T08:12:39Z,2026-05-03T08:12:00Z
14163,JALANDHAR,INDUSTRIAL AREA 2(FL17),Cancellation Request Approved (Permit not active),2026-05-03T07:49:09Z,2026-05-03T07:41:00Z
14162,JALANDHAR,TOWER ENCLAVE(FL09),Cancellation Request Approved (Permit not active),2026-05-03T07:44:36Z,2026-05-03T07:43:00Z
14161,JALANDHAR,SHANKAR(FL01),Cancellation Request Approved (Permit not active),2026-05-03T07:27:53Z,2026-05-03T07:25:00Z
14160,JALANDHAR,NEW PIONEER SPORTS(FL02),Rejected BY SSA/SSO,2026-05-03T07:22:04Z,2026-05-03T07:21:00Z
14159,JALANDHAR,NEW PIONEER SPORTS(FL02),Rejected BY SSA/SSO,2026-05-03T07:18:39Z,2026-05-03T07:17:00Z
14158,GURDASPUR,MUGRALA(FL7),Cancellation Request Approved (Permit not active),2026-05-03T07:07:18Z,2026-05-03T07:06:00Z
14157,SUB URBAN AMRITSAR,Holy City(FL01),Cancellation Request Approved (Permit not active),2026-05-03T06:51:40Z,2026-05-03T06:50:00Z
14156,JALANDHAR,BOMBAY NAGAR(FL10),Cancellation Request Approved (Permit not active),2026-05-03T06:47:58Z,2026-05-03T06:44:00Z
14155,JALANDHAR,VARINDERA TOOLS(FL27),Cancellation Request Approved (Permit not active),2026-05-03T06:33:53Z,2026-05-03T06:32:00Z
14154,HOSHIARPUR,Kamalpur(FL04),Cancellation Request Approved (Permit not active),2026-05-03T06:30:40Z,2026-05-03T06:24:00Z
14153,JALANDHAR,VARINDERA TOOLS(FL27),Rejected BY SSA/SSO,2026-05-03T06:30:22Z,2026-05-03T06:29:00Z
14152,JALANDHAR,VARINDERA TOOLS(FL27),Rejected BY SSA/SSO,2026-05-03T06:28:41Z,2026-05-03T06:27:00Z
14151,JALANDHAR,VARINDERA TOOLS(FL27),Rejected BY SSA/SSO,2026-05-03T06:17:03Z,2026-05-03T06:16:00Z
14150,JALANDHAR,DRY LEATHER COMPLEX(FL01),Cancellation Request Approved (Permit not active),2026-05-03T06:15:09Z,2026-05-03T06:14:00Z
14149,JALANDHAR,VIVEKANAND(FL09),Cancellation Request Approved (Permit not active),2026-05-03T05:17:47Z,2026-05-03T05:16:00Z
14148,JALANDHAR,RAJA GARDEN(FL08),Cancellation Request Approved (Permit not active),2026-05-03T05:14:57Z,2026-05-03T05:13:00Z
14147,KHANNA,"PAGRO(FL22), NABIPUR(FL11)",Cancellation Request Approved (Permit not active),2026-05-02T22:48:49Z,2026-05-02T22:47:00Z
14146,MUKATSAR,PANJKOSI(FL06),Cancellation Request Approved (Permit not active),2026-05-02T21:21:29Z,2026-05-02T21:20:00Z
14145,JALANDHAR,ADAMPUR(FL10),Rejected BY SSA/SSO,2026-05-02T20:08:56Z,2026-05-02T20:08:00Z
14144,KHANNA,"NABIPUR(FL11), PAGRO(FL22)",Cancellation Request Approved (Permit not active),2026-05-02T20:01:44Z,2026-05-02T20:00:00Z
14143,SANGRUR,Bhagwanpura(FL11),Rejected BY SSA/SSO,2026-05-02T18:42:57Z,2026-05-02T18:38:00Z
14142,SANGRUR,Bhagwanpura(FL11),Rejected BY SSA/SSO,2026-05-02T18:20:19Z,2026-05-02T18:11:00Z
14141,GURDASPUR,Telephone Exchange(FL14),Rejected BY SSA/SSO,2026-05-02T18:15:36Z,2026-05-02T18:14:00Z
14140,GURDASPUR,"City Ptk.(FL03), Telephone Exchange(FL14)",Cancellation Request Approved (Permit not active),2026-05-02T18:13:45Z,2026-05-02T18:12:00Z
14139,GURDASPUR,Ranipur(FL03),Cancellation Request Approved (Permit not active),2026-05-02T17:52:14Z,2026-05-02T17:50:00Z
14138,KHANNA,HANSALI(FL07),Cancellation Request Approved (Permit not active),2026-05-02T17:45:39Z,2026-05-02T17:43:00Z
14137,CITY AMRITSAR,Queens Road(FL16),Cancellation Request Approved (Permit not active),2026-05-02T17:45:20Z,2026-05-02T17:44:00Z
14136,SANGRUR,11 KV  LAKHMIRWALA UPS(FL11),Permit Request Submitted (Permit not active),2026-05-02T17:17:58Z,2026-05-02T17:17:00Z
14135,SANGRUR,11 KV  LAKHMIRWALA UPS(FL11),Cancellation Request Approved (Permit not active),2026-05-02T17:04:57Z,2026-05-02T17:03:00Z
14134,JALANDHAR,INDUSTRY AREA(FL05),Cancellation Request Approved (Permit not active),2026-05-02T16:57:35Z,2026-05-02T16:56:00Z
14133,GURDASPUR,Heer(FL17),Cancellation Request Approved (Permit not active),2026-05-02T16:57:16Z,2026-05-02T16:56:00Z
14132,TARN TARAN,"DARAPUR(FL18), VEROWAL(FL09)",Cancellation Request Approved (Permit not active),2026-05-02T16:45:19Z,2026-05-02T16:44:00Z
14131,JALANDHAR,GUDAIPUR(FL15),Cancellation Request Approved (Permit not active),2026-05-02T16:35:26Z,2026-05-02T16:33:00Z
14130,KHANNA,Bhamra(FL08),Cancellation Request Approved (Permit not active),2026-05-02T16:29:05Z,2026-05-02T16:27:00Z
14129,JALANDHAR,UNIVERSIY(FL04),Cancellation Request Approved (Permit not active),2026-05-02T16:27:36Z,2026-05-02T16:26:00Z
14128,CITY WEST LUDHIANA,NATISH VIHAR(FL07),Cancellation Request Approved (Permit not active),2026-05-02T16:21:32Z,2026-05-02T16:21:00Z
14127,Zirakpur,"DEHAR UPS(FL21), LALRU RURAL  Kandi Pure AP(FL23)",Cancellation Request Approved (Permit not active),2026-05-02T16:02:06Z,2026-05-02T16:00:00Z
14126,SUB URBAN AMRITSAR,"NANGALI UPS(FL14), BAHAINI GILL(FL13), DAYA NAND NAGAR(FL19)",Cancellation Request Approved (Permit not active),2026-05-02T15:33:41Z,2026-05-02T15:32:00Z
14125,SANGRUR,11 KV KHADIAL ROAD C2(FL08),Cancellation Request Approved (Permit not active),2026-05-02T15:12:12Z,2026-05-02T15:02:00Z
14124,KHANNA,DEVI DAWALA feeder(FL23),Cancellation Request Approved (Permit not active),2026-05-02T15:04:53Z,2026-05-02T15:03:00Z
14123,MUKATSAR,Bajidpur Katian Wali(FL15),Cancellation Request Approved (Permit not active),2026-05-02T14:52:37Z,2026-05-02T14:51:00Z
14122,MUKATSAR,"11 KV Alamgarh(FL03), 11 KV GANGA NAGAR ROAD(FL01)",Cancellation Request Approved (Permit not active),2026-05-02T14:40:44Z,2026-05-02T14:39:00Z
14121,CITY WEST LUDHIANA,CENTRA GREENS(FL16),Rejected BY SSA/SSO,2026-05-02T14:37:00Z,2026-05-02T14:35:00Z
14120,JALANDHAR,11 KV Deol Nagar(FL19),Cancellation Request Approved (Permit not active),2026-05-02T14:36:27Z,2026-05-02T14:35:00Z
14119,CITY WEST LUDHIANA,"HOUSEFED(FL14), CENTRA GREENS(FL16)",Cancellation Request Approved (Permit not active),2026-05-02T14:33:08Z,2026-05-02T14:31:00Z
14118,MUKATSAR,"11 KV Raipura(FLO5), 11 KV Dhaban Kokrian(FL04), 11 KV Malookpura UPS(FL02)",Cancellation Request Approved (Permit not active),2026-05-02T14:20:35Z,2026-05-02T14:20:00Z
14117,KHANNA,Mahpur(FL19),Cancellation Request Approved (Permit not active),2026-05-02T14:18:50Z,2026-05-02T14:15:00Z
14116,SANGRUR,Dhuri Gate(FL01),Permit Request Submitted (Permit not active),2026-05-02T13:54:10Z,2026-05-02T13:51:00Z
14115,GURDASPUR,Tharial(FL5),Cancellation Request Approved (Permit not active),2026-05-02T13:46:00Z,2026-05-02T13:45:00Z
14114,MUKATSAR,"BHANGER KHERA(FL03), 11 KV Punjava Model(FL06), JANDWALA HANUWANTA(FL02)",Cancellation Request Approved (Permit not active),2026-05-02T13:24:46Z,2026-05-02T13:24:00Z
14113,SANGRUR,Panchait Bhawan(FL07),Cancellation Request Approved (Permit not active),2026-05-02T13:19:48Z,2026-05-02T13:18:00Z
14112,JALANDHAR,TRIBUNE(FL19),Cancellation Request Approved (Permit not active),2026-05-02T13:18:46Z,2026-05-02T13:18:00Z
14111,KHANNA,LALHERI ROAD(FL26),Cancellation Request Approved (Permit not active),2026-05-02T13:16:12Z,2026-05-02T13:15:00Z
14110,JALANDHAR,SANTOKHPURA(FL41),Cancellation Request Approved (Permit not active),2026-05-02T13:15:46Z,2026-05-02T13:15:00Z
14109,KHANNA,Solitair(FL08),Cancellation Request Approved (Permit not active),2026-05-02T13:10:18Z,2026-05-02T13:08:00Z
14108,GURDASPUR,CITY 2(FL11),Cancellation Request Approved (Permit not active),2026-05-02T13:06:58Z,2026-05-02T13:05:00Z
14107,SUB URBAN AMRITSAR,GAURI SHANKAR(FL10),Cancellation Request Approved (Permit not active),2026-05-02T12:38:13Z,2026-05-02T12:36:00Z
14106,GURDASPUR,"City-2(FL04), ARYA NAGAR(FL19), CITY-3(FL15)",Cancellation Request Approved (Permit not active),2026-05-02T12:28:37Z,2026-05-02T12:25:00Z
14105,GURDASPUR,Heer(FL17),Cancellation Request Approved (Permit not active),2026-05-02T12:18:56Z,2026-05-02T12:16:00Z
14104,GURDASPUR,"Saidipur(FL02), Taragarh(FL13)",Cancellation Request Approved (Permit not active),2026-05-02T12:08:45Z,2026-05-02T12:07:00Z
14103,PATIALA,GURDITPURA 2(FL05),Cancellation Request Approved (Permit not active),2026-05-02T12:06:50Z,2026-05-02T12:06:00Z
14102,CITY WEST LUDHIANA,BDS Nagar(FL11),Cancellation Request Approved (Permit not active),2026-05-02T11:59:56Z,2026-05-02T11:59:00Z
14101,TARN TARAN,"UPS BALLOWALI(FL03), Bhoewal AP(FL09)",Cancellation Request Approved (Permit not active),2026-05-02T11:33:55Z,2026-05-02T11:32:00Z
14100,GURDASPUR,"MUGRALA(FL7), Nawan Pind(FL06)",Cancellation Request Approved (Permit not active),2026-05-02T11:26:07Z,2026-05-02T11:25:00Z
14099,JALANDHAR,GAZZI GULLA(FL05),Cancellation Request Approved (Permit not active),2026-05-02T11:23:18Z,2026-05-02T11:19:00Z
14098,JALANDHAR,KALI MATA MANDIR(FL16),Cancellation Request Approved (Permit not active),2026-05-02T11:19:23Z,2026-05-02T11:18:00Z
14097,JALANDHAR,STATE BANK FEEDER(FL29),Cancellation Request Approved (Permit not active),2026-05-02T11:14:15Z,2026-05-02T11:13:00Z
14096,GURDASPUR,Pioneer Agro(FL10),Cancellation Request Approved (Permit not active),2026-05-02T10:58:34Z,2026-05-02T10:57:00Z
14095,KHANNA,11KV NANDPUR KESHO(FL05),Cancellation Request Approved (Permit not active),2026-05-02T10:52:42Z,2026-05-02T10:50:00Z
14094,KHANNA,City-2 khanna(FL13),Rejected BY SSA/SSO,2026-05-02T10:43:58Z,2026-05-02T10:42:00Z
14093,GURDASPUR,SD Collage(FL03),Cancellation Request Approved (Permit not active),2026-05-02T10:42:48Z,2026-05-02T10:37:00Z
14092,CITY AMRITSAR,swadeshi mill(FL08),Cancellation Request Approved (Permit not active),2026-05-02T10:26:54Z,2026-05-02T10:25:00Z
14091,TARN TARAN,MEHTA URBAN-II(FL05),Cancellation Request Approved (Permit not active),2026-05-02T10:18:22Z,2026-05-02T10:15:00Z
14090,GURDASPUR,Rattangarh(FL01),Rejected BY SSA/SSO,2026-05-02T10:14:19Z,2026-05-02T10:12:00Z
14089,KHANNA,BISHANPURA(FL16),Cancellation Request Approved (Permit not active),2026-05-02T10:13:43Z,2026-05-02T10:09:00Z
14088,KAPURTHALA,BHANOLANGA(FL07),Cancellation Request Approved (Permit not active),2026-05-02T10:05:14Z,2026-05-02T10:04:00Z
14087,TARN TARAN,Sarja UPS(FL13),Cancellation Request Approved (Permit not active),2026-05-02T10:05:11Z,2026-05-02T10:02:00Z
14086,KHANNA,Barmalipur city(FL09),Cancellation Request Approved (Permit not active),2026-05-02T10:00:53Z,2026-05-02T09:56:00Z
14085,KHANNA,"CHASWAL UPS(FL25), Patiala Road(FL14)",Cancellation Request Approved (Permit not active),2026-05-02T09:59:17Z,2026-05-02T09:57:00Z
14084,KHANNA,SANIPUR(FL23),Cancellation Request Approved (Permit not active),2026-05-02T09:55:02Z,2026-05-02T09:54:00Z
14083,KHANNA,Majra(FL30),Cancellation Request Approved (Permit not active),2026-05-02T09:41:48Z,2026-05-02T09:41:00Z
14082,JALANDHAR,VIP(FL15),Cancellation Request Approved (Permit not active),2026-05-02T08:21:41Z,2026-05-02T08:20:00Z
14081,SUB URBAN AMRITSAR,BABA SHRI CHAND AVNUE(FL12),Cancellation Request Approved (Permit not active),2026-05-02T07:50:09Z,2026-05-02T07:49:00Z
14080,KAPURTHALA,URBAN Malsian(FL02),Cancellation Request Approved (Permit not active),2026-05-02T05:15:25Z,2026-05-02T05:13:00Z
14079,SUB URBAN AMRITSAR,Mallan Wali(FL18),Cancellation Request Approved (Permit not active),2026-05-02T00:10:03Z,2026-05-02T00:07:00Z
