outage_id,Zone,Circle,Feeder,Type of Outage,Status,Start Time,End Time,Diff in mins
1953951,South,PATIALA,AMARGARH UPS,Unplanned,Active,2026-10-06T14:40:11Z,2026-10-06T16:30:00Z,109
1953950,South,BARNALA,MEHAL KALAN CITY,Planned,Active,2026-10-06T14:30:00Z,2026-10-06T16:00:00Z,90
1953949,North,HOSHIARPUR,11 KV DHADEKATWAL,Planned,Active,2026-10-06T14:12:00Z,2026-10-06T15:12:00Z,60
1953948,North,HOSHIARPUR,11 KV SARIANA,Planned,Active,2026-10-06T14:12:00Z,2026-10-06T15:12:00Z,60
1953947,North,HOSHIARPUR,WAZIRAN,Planned,Active,2026-10-06T14:12:00Z,2026-10-06T15:12:00Z,60
1953941,South,PATIALA,UPS NABHA NO. 2,Unplanned,Active,2026-10-06T14:10:11Z,2026-10-06T16:00:00Z,109
1953939,South,SANGRUR,11 KV RAM NAGAR URBAN,Unplanned,Closed,2026-10-06T14:06:20Z,2026-10-06T14:14:42Z,8
1953946,North,HOSHIARPUR,RAMPUR,Planned,Active,2026-10-06T14:05:00Z,2026-10-06T15:27:00Z,82
1953945,East,Zirakpur,SUNNY ENCLAVE,Unplanned,Active,2026-10-06T14:05:00Z,2026-10-06T16:00:00Z,115
1953944,North,HOSHIARPUR,KANDHALA JATTAN,Planned,Active,2026-10-06T14:05:00Z,2026-10-06T15:27:00Z,82
1953942,West,BATHINDA,Lakhiwal,Unplanned,Active,2026-10-06T14:05:00Z,2026-10-06T16:00:00Z,115
1953940,West,BATHINDA,JOGIPEER(UPS),Planned,Active,2026-10-06T14:05:00Z,2026-10-06T17:00:00Z,175
1953943,South,BARNALA,SHERWANIKOT UPS,Unplanned,Active,2026-10-06T14:01:00Z,2026-10-06T16:00:00Z,119
1952925,Central,SUB URBAN LUDHIANA,Urban Victoria Collage,Planned,Active,2026-10-06T14:00:00Z,2026-10-06T16:00:00Z,120
1953937,North,KAPURTHALA,UPS KACHI SARAI KHAS,Unplanned,Active,2026-10-06T13:55:00Z,2026-10-06T15:49:00Z,114
1953936,Border,GURDASPUR,City Thana,Unplanned,Active,2026-10-06T13:54:00Z,2026-10-06T15:30:00Z,96
1953935,Border,GURDASPUR,CITY-3,Unplanned,Active,2026-10-06T13:54:00Z,2026-10-06T15:30:00Z,96
1953938,East,ROPAR,11 KV Plazzo ELite,Planned,Active,2026-10-06T13:52:00Z,2026-10-06T15:00:00Z,68
1953934,South,SANGRUR,BABA AMARDAS+VIRAMDASS (DYALGARH,Unplanned,Closed,2026-10-06T13:50:52Z,2026-10-06T14:30:12Z,39
1953933,North,JALANDHAR,Urban Rural no 2,Planned,Active,2026-10-06T13:40:00Z,2026-10-06T15:00:00Z,80
1953932,North,JALANDHAR,URBAN RURAL,Planned,Active,2026-10-06T13:40:00Z,2026-10-06T15:00:00Z,80
1953931,Central,SUB URBAN LUDHIANA,SHAHPUR UPS,Planned,Active,2026-10-06T13:40:00Z,2026-10-06T14:10:00Z,30
1953929,West,BATHINDA,BATHINDA TOWN,Planned,Active,2026-10-06T13:40:00Z,2026-10-06T16:00:00Z,140
1953930,South,SANGRUR,CHHAHAR UPS,Unplanned,Closed,2026-10-06T13:35:00Z,2026-10-06T14:25:00Z,50
1953926,South,BARNALA,UPS PANJGARIAN,Unplanned,Active,2026-10-06T13:35:00Z,2026-10-06T15:35:00Z,120
1953928,Central,CITY EAST LUDHIANA,WAIT GANJ,Unplanned,Active,2026-10-06T13:30:00Z,2026-10-06T15:00:00Z,90
1953927,Central,CITY EAST LUDHIANA,GAU SHALA,Unplanned,Active,2026-10-06T13:30:00Z,2026-10-06T15:00:00Z,90
1953924,Central,SUB URBAN LUDHIANA,Urban,Planned,Active,2026-10-06T13:30:00Z,2026-10-06T14:10:00Z,40
1953922,Central,SUB URBAN LUDHIANA,Baba Rattan Singh,Planned,Active,2026-10-06T13:30:00Z,2026-10-06T14:10:00Z,40
1953925,North,JALANDHAR,CITY1,Unplanned,Closed,2026-10-06T13:25:00Z,2026-10-06T14:00:00Z,35
1953923,North,HOSHIARPUR,khudda,Planned,Closed,2026-10-06T13:20:00Z,2026-10-06T14:20:00Z,60
1953918,Border,GURDASPUR,Meerpur,Unplanned,Closed,2026-10-06T13:15:00Z,2026-10-06T14:30:00Z,75
1953917,Border,GURDASPUR,BATHWALA,Unplanned,Closed,2026-10-06T13:15:00Z,2026-10-06T14:30:00Z,75
1953921,Border,SUB URBAN AMRITSAR,Avtar Avenue,Unplanned,Active,2026-10-06T13:10:00Z,2026-10-06T14:15:00Z,65
1953920,South,PATIALA,AMARGARH UPS,Unplanned,Closed,2026-10-06T13:10:00Z,2026-10-06T13:30:38Z,20
1953916,North,JALANDHAR,11KV NIKKU PARK,Unplanned,Closed,2026-10-06T13:10:00Z,2026-10-06T13:20:00Z,10
1953915,East,ROPAR,Bassi,Unplanned,Closed,2026-10-06T13:10:00Z,2026-10-06T13:42:00Z,32
1953913,Central,CITY WEST LUDHIANA,MANAKWAL,Planned,Closed,2026-10-06T13:10:00Z,2026-10-06T13:26:00Z,16
1953919,Central,CITY EAST LUDHIANA,JAIL ROAD,Unplanned,Closed,2026-10-06T13:05:00Z,2026-10-06T14:30:00Z,85
1953914,Border,GURDASPUR,Dogar Mahesh,Unplanned,Active,2026-10-06T13:05:00Z,2026-10-06T16:00:00Z,175
1953889,South,BARNALA,Industrial,Planned,Closed,2026-10-06T13:05:00Z,2026-10-06T14:15:00Z,70
1953888,North,HOSHIARPUR,GARDIWAL,Planned,Closed,2026-10-06T13:01:00Z,2026-10-06T13:33:00Z,32
1953826,South,PATIALA,ANAJ MANDI,Planned,Active,2026-10-06T13:00:00Z,2026-10-06T15:00:00Z,120
1953912,Border,GURDASPUR,24Hrs SUPPLY KALA BALA,Unplanned,Closed,2026-10-06T12:55:00Z,2026-10-06T13:15:00Z,20
1953885,Central,CITY WEST LUDHIANA,VISHAL NAGAR,Planned,Closed,2026-10-06T12:53:06Z,2026-10-06T13:15:07Z,22
1953879,Border,SUB URBAN AMRITSAR,BAL SACHANDER,Planned,Active,2026-10-06T12:50:00Z,2026-10-06T14:00:00Z,70
1953881,West,MUKATSAR,Dhani Sucha Singh (Old Chakra),Unplanned,Closed,2026-10-06T12:45:18Z,2026-10-06T13:57:35Z,72
1953886,Border,TARN TARAN,UPS BABA DEEP SINGH,Unplanned,Closed,2026-10-06T12:45:00Z,2026-10-06T13:54:00Z,69
1953878,Border,GURDASPUR,GHO,Unplanned,Closed,2026-10-06T12:45:00Z,2026-10-06T13:22:00Z,37
1953875,Border,TARN TARAN,BHOEWAL,Planned,Active,2026-10-06T12:40:39Z,2026-10-06T14:30:39Z,110
1953874,Border,TARN TARAN,MEHTA URBAN-I,Planned,Active,2026-10-06T12:40:39Z,2026-10-06T14:30:39Z,110
1953911,South,PATIALA,M/S VIVITHA INFRASTRUCTURE,Planned,Active,2026-10-06T12:40:30Z,2026-10-06T14:40:30Z,120
1953910,South,PATIALA,ASIANFINE CEMENT,Planned,Active,2026-10-06T12:40:30Z,2026-10-06T14:40:30Z,120
1953909,South,PATIALA,ABC,Planned,Active,2026-10-06T12:40:30Z,2026-10-06T14:40:30Z,120
1953908,South,PATIALA,HUL ROAD,Planned,Active,2026-10-06T12:40:30Z,2026-10-06T14:40:30Z,120
1953907,South,PATIALA,SHRI THAKUR DWARA,Planned,Active,2026-10-06T12:40:30Z,2026-10-06T14:40:30Z,120
1953906,South,PATIALA,STAR ENCLAVE,Planned,Active,2026-10-06T12:40:30Z,2026-10-06T14:40:30Z,120
1953905,South,PATIALA,DANBURY YARN,Planned,Active,2026-10-06T12:40:30Z,2026-10-06T14:40:30Z,120
1953904,South,PATIALA,Chandigarh Road,Planned,Active,2026-10-06T12:40:30Z,2026-10-06T14:40:30Z,120
1953903,South,PATIALA,Substation T/F Rajpura F.P,Planned,Active,2026-10-06T12:40:30Z,2026-10-06T14:40:30Z,120
1953902,South,PATIALA,kotla,Planned,Active,2026-10-06T12:40:30Z,2026-10-06T14:40:30Z,120
1953901,South,PATIALA,ups Ambala Road,Planned,Active,2026-10-06T12:40:30Z,2026-10-06T14:40:30Z,120
1953900,South,PATIALA,11 KV Sood packers,Planned,Active,2026-10-06T12:40:30Z,2026-10-06T14:40:30Z,120
1953899,South,PATIALA,BABA DEEP SINGH,Planned,Active,2026-10-06T12:40:30Z,2026-10-06T14:40:30Z,120
1953898,South,PATIALA,SUNDER NAGAR RAJPURA,Planned,Active,2026-10-06T12:40:30Z,2026-10-06T14:40:30Z,120
1953897,South,PATIALA,INDUSTRIAL NO 2 (FP),Planned,Active,2026-10-06T12:40:30Z,2026-10-06T14:40:30Z,120
1953896,South,PATIALA,FOCALPOINT CAT-2,Planned,Active,2026-10-06T12:40:30Z,2026-10-06T14:40:30Z,120
1953895,South,PATIALA,rajpura,Planned,Active,2026-10-06T12:40:30Z,2026-10-06T14:40:30Z,120
1953894,South,PATIALA,Bharat colony,Planned,Active,2026-10-06T12:40:30Z,2026-10-06T14:40:30Z,120
1953893,South,PATIALA,11KV TECHNOPACK,Planned,Active,2026-10-06T12:40:30Z,2026-10-06T14:40:30Z,120
1953892,South,PATIALA,UPS RAJPURA,Planned,Active,2026-10-06T12:40:30Z,2026-10-06T14:40:30Z,120
1953891,South,PATIALA,SYL (F.P),Planned,Active,2026-10-06T12:40:30Z,2026-10-06T14:40:30Z,120
1953890,South,PATIALA,stephen chemical,Planned,Active,2026-10-06T12:40:30Z,2026-10-06T14:39:30Z,119
1953866,Border,SUB URBAN AMRITSAR,Sawdeshi Korean,Planned,Closed,2026-10-06T12:40:11Z,2026-10-06T12:57:00Z,16
1953887,North,HOSHIARPUR,NARU NANGAL,Unplanned,Closed,2026-10-06T12:40:00Z,2026-10-06T13:10:00Z,30
1953884,East,MOHALI,BALMAJRA AP,Unplanned,Closed,2026-10-06T12:40:00Z,2026-10-06T14:35:43Z,115
1953883,East,MOHALI,CHANGERA AP,Unplanned,Closed,2026-10-06T12:40:00Z,2026-10-06T14:36:08Z,116
1953882,East,MOHALI,KHALOUR,Unplanned,Closed,2026-10-06T12:40:00Z,2026-10-06T14:36:16Z,116
1953873,Central,KHANNA,RASULARA,Unplanned,Closed,2026-10-06T12:37:21Z,2026-10-06T13:07:35Z,30
1953880,South,PATIALA,DAV FEEDER,Unplanned,Closed,2026-10-06T12:30:51Z,2026-10-06T12:54:46Z,23
1953877,South,PATIALA,HARINDER NAGAR,Unplanned,Closed,2026-10-06T12:30:00Z,2026-10-06T14:20:00Z,110
1953876,West,BATHINDA,MODEL TOWN PHASE -1,Planned,Closed,2026-10-06T12:30:00Z,2026-10-06T13:24:00Z,54
1953872,South,SANGRUR,BALAKNATH,Unplanned,Closed,2026-10-06T12:30:00Z,2026-10-06T13:57:00Z,87
1953871,East,MOHALI,11KV A&C BLOCK,Unplanned,Closed,2026-10-06T12:24:00Z,2026-10-06T13:10:00Z,46
1953864,Central,CITY WEST LUDHIANA,JAWADDI,Planned,Closed,2026-10-06T12:20:17Z,2026-10-06T12:51:00Z,30
1953869,North,HOSHIARPUR,Salwara,Unplanned,Closed,2026-10-06T12:20:00Z,2026-10-06T13:09:00Z,49
1953868,South,SANGRUR,CITY 6,Unplanned,Closed,2026-10-06T12:20:00Z,2026-10-06T13:28:00Z,68
1953870,North,KAPURTHALA,MALL ROAD URBAN,Unplanned,Closed,2026-10-06T12:15:00Z,2026-10-06T13:25:00Z,70
1953859,North,HOSHIARPUR,11KV MAKOWAL,Planned,Closed,2026-10-06T12:14:00Z,2026-10-06T12:45:00Z,31
1953857,North,HOSHIARPUR,SANSARPUR,Planned,Closed,2026-10-06T12:13:00Z,2026-10-06T12:44:00Z,31
1953855,Central,CITY WEST LUDHIANA,MUNJAL FEEDER,Unplanned,Closed,2026-10-06T12:12:00Z,2026-10-06T12:57:11Z,45
1953858,West,BATHINDA,STADIUM,Planned,Closed,2026-10-06T12:10:00Z,2026-10-06T12:30:00Z,20
1953867,Central,SUB URBAN LUDHIANA,CITY-4,Unplanned,Closed,2026-10-06T12:05:00Z,2026-10-06T13:07:00Z,62
1953862,South,SANGRUR,UBHIA UPS,Planned,Closed,2026-10-06T12:05:00Z,2026-10-06T13:45:00Z,100
1953861,Border,TARN TARAN,Behla ups,Unplanned,Closed,2026-10-06T12:05:00Z,2026-10-06T12:30:00Z,25
1953844,Central,SUB URBAN LUDHIANA,NATHUMAJRA,Unplanned,Closed,2026-10-06T12:05:00Z,2026-10-06T12:30:43Z,25
1953865,East,ROPAR,ABIANA,Unplanned,Closed,2026-10-06T12:01:00Z,2026-10-06T12:31:00Z,30
1953852,West,BATHINDA,11KV Gill Patti,Planned,Closed,2026-10-06T12:01:00Z,2026-10-06T13:41:00Z,100
1953849,West,BATHINDA,Bhokra,Planned,Closed,2026-10-06T12:01:00Z,2026-10-06T13:42:00Z,101
1953863,Border,GURDASPUR,CITY-3,Unplanned,Closed,2026-10-06T12:00:00Z,2026-10-06T13:41:00Z,101
1953853,South,PATIALA,UPS TEPLA,Unplanned,Active,2026-10-06T12:00:00Z,2026-10-06T13:00:00Z,60
1953836,West,FARIDKOT,DANA ROMANA,Unplanned,Closed,2026-10-06T11:55:31Z,2026-10-06T12:33:00Z,37
1953843,West,MUKATSAR,11 KV Bhagsar UPS,Unplanned,Closed,2026-10-06T11:55:24Z,2026-10-06T12:25:00Z,29
1953842,West,MUKATSAR,11 KV SARDARPURA UPS,Unplanned,Closed,2026-10-06T11:55:24Z,2026-10-06T12:25:00Z,29
1953837,South,SANGRUR,MardKhera (Sunam) AP,Unplanned,Closed,2026-10-06T11:55:00Z,2026-10-06T13:20:00Z,85
1953828,South,SANGRUR,11 KV UPS PHULAD,Planned,Closed,2026-10-06T11:54:02Z,2026-10-06T12:29:46Z,35
1953832,West,MUKATSAR,11 KV Dhaban Kokrian,Unplanned,Closed,2026-10-06T11:50:36Z,2026-10-06T12:17:40Z,27
1953831,West,MUKATSAR,11 KV Kera Khera,Unplanned,Closed,2026-10-06T11:50:25Z,2026-10-06T12:17:41Z,27
1953835,North,JALANDHAR,HAZARA,Unplanned,Closed,2026-10-06T11:50:00Z,2026-10-06T12:15:00Z,25
1953841,North,HOSHIARPUR,MODEL  TOWN,Planned,Closed,2026-10-06T11:47:00Z,2026-10-06T12:12:00Z,25
1953840,North,HOSHIARPUR,Darapur,Planned,Closed,2026-10-06T11:47:00Z,2026-10-06T12:12:00Z,25
1953839,North,HOSHIARPUR,URMAR,Planned,Closed,2026-10-06T11:47:00Z,2026-10-06T12:12:00Z,25
1953838,North,HOSHIARPUR,Ahiapur,Planned,Closed,2026-10-06T11:47:00Z,2026-10-06T12:12:00Z,25
1953825,East,MOHALI,11 KV Gura,Planned,Closed,2026-10-06T11:47:00Z,2026-10-06T13:53:26Z,126
1953860,East,Zirakpur,11KV Dream Home,Planned,Active,2026-10-06T11:46:00Z,2026-10-06T17:00:00Z,314
1953856,East,Zirakpur,CITY COURT,Planned,Active,2026-10-06T11:46:00Z,2026-10-06T17:00:00Z,314
1953854,East,Zirakpur,KHANNA,Planned,Active,2026-10-06T11:46:00Z,2026-10-06T17:00:00Z,314
1952958,East,Zirakpur,TRY CITY,Planned,Active,2026-10-06T11:46:00Z,2026-10-06T17:00:00Z,314
1952957,East,Zirakpur,DHAKOLI,Planned,Active,2026-10-06T11:46:00Z,2026-10-06T17:00:00Z,314
1952956,East,Zirakpur,HARMILAP NAGAR,Planned,Active,2026-10-06T11:46:00Z,2026-10-06T17:00:00Z,314
1953833,Border,TARN TARAN,24 Hur. Sohal,Unplanned,Closed,2026-10-06T11:45:00Z,2026-10-06T12:02:00Z,17
1953830,Border,TARN TARAN,Baba Khekhi sah,Unplanned,Closed,2026-10-06T11:45:00Z,2026-10-06T12:02:00Z,17
1953829,Border,TARN TARAN,GAGOBUA URBAN,Unplanned,Closed,2026-10-06T11:45:00Z,2026-10-06T12:02:00Z,17
1953827,East,ROPAR,Haripur,Unplanned,Closed,2026-10-06T11:45:00Z,2026-10-06T12:20:00Z,35
1953834,North,HOSHIARPUR,Harsipind UPS,Planned,Closed,2026-10-06T11:42:00Z,2026-10-06T12:10:00Z,28
1953823,East,MOHALI,Kasauli,Planned,Closed,2026-10-06T11:41:00Z,2026-10-06T13:30:00Z,109
1953824,Border,SUB URBAN AMRITSAR,Industrial Estate,Unplanned,Closed,2026-10-06T11:40:36Z,2026-10-06T12:25:41Z,45
1953822,North,KAPURTHALA,Bhagwanpur,Unplanned,Closed,2026-10-06T11:40:00Z,2026-10-06T13:34:00Z,114
1953821,Central,KHANNA,Dehru,Unplanned,Closed,2026-10-06T11:40:00Z,2026-10-06T12:35:00Z,55
1953820,Central,KHANNA,Microwave,Unplanned,Closed,2026-10-06T11:40:00Z,2026-10-06T12:35:00Z,55
1953818,Central,KHANNA,Mahpur,Unplanned,Closed,2026-10-06T11:35:00Z,2026-10-06T11:50:00Z,15
1953816,North,HOSHIARPUR,JAKOWAL,Planned,Closed,2026-10-06T11:31:00Z,2026-10-06T12:30:00Z,59
1953819,South,PATIALA,industrial No.1 (FP),Planned,Closed,2026-10-06T11:30:00Z,2026-10-06T12:55:00Z,85
1953809,North,KAPURTHALA,Guru Nanak Nagar URBAN,Planned,Closed,2026-10-06T11:27:18Z,2026-10-06T12:00:41Z,33
1953851,East,MOHALI,BASMA,Planned,Closed,2026-10-06T11:25:00Z,2026-10-06T12:50:57Z,85
1953850,East,MOHALI,KHERIGURNA AP,Planned,Closed,2026-10-06T11:25:00Z,2026-10-06T12:50:57Z,85
1953848,East,MOHALI,GHARAMA AP,Planned,Closed,2026-10-06T11:25:00Z,2026-10-06T12:50:57Z,85
1953847,East,MOHALI,LOGISTIC,Planned,Closed,2026-10-06T11:25:00Z,2026-10-06T12:50:26Z,85
1953846,East,MOHALI,SIGMA,Planned,Closed,2026-10-06T11:25:00Z,2026-10-06T12:50:26Z,85
1953845,East,MOHALI,MOHIKALAN UPS,Planned,Closed,2026-10-06T11:25:00Z,2026-10-06T12:50:45Z,85
1953815,South,PATIALA,BABA DEEP SINGH,Unplanned,Closed,2026-10-06T11:25:00Z,2026-10-06T12:25:00Z,60
1953814,South,PATIALA,UPS RAJPURA,Unplanned,Closed,2026-10-06T11:25:00Z,2026-10-06T12:25:00Z,60
1953813,South,PATIALA,Bharat colony,Unplanned,Closed,2026-10-06T11:25:00Z,2026-10-06T12:25:00Z,60
1953808,Central,KHANNA,LALHERI ROAD,Unplanned,Closed,2026-10-06T11:25:00Z,2026-10-06T11:55:00Z,30
1953800,Central,CITY WEST LUDHIANA,MAGNET ROAD,Unplanned,Closed,2026-10-06T11:20:03Z,2026-10-06T12:23:26Z,63
1953810,South,SANGRUR,UPS GULARI,Unplanned,Closed,2026-10-06T11:20:00Z,2026-10-06T11:45:00Z,25
1953801,Border,TARN TARAN,MEHTA URBAN-II,Unplanned,Closed,2026-10-06T11:16:22Z,2026-10-06T13:00:05Z,103
1953799,West,BATHINDA,11 KV ZILA PARISHAD,Planned,Closed,2026-10-06T11:16:00Z,2026-10-06T11:31:00Z,15
1953811,West,FEROZPUR,11 KV NAMAK MANDI,Planned,Closed,2026-10-06T11:15:00Z,2026-10-06T12:24:00Z,69
1953798,South,SANGRUR,CITY-5,Unplanned,Closed,2026-10-06T11:10:00Z,2026-10-06T11:52:00Z,42
1953796,South,SANGRUR,24 HRS. BALRAN,Planned,Closed,2026-10-06T11:07:23Z,2026-10-06T11:35:39Z,28
1953797,West,FARIDKOT,MOGA-1,Unplanned,Closed,2026-10-06T11:06:37Z,2026-10-06T11:41:13Z,34
1953601,North,JALANDHAR,UDHAM SINGH NAGAR,Planned,Closed,2026-10-06T11:00:33Z,2026-10-06T13:50:00Z,169
1953817,South,PATIALA,Sant Nagar,Planned,Closed,2026-10-06T11:00:00Z,2026-10-06T12:33:00Z,93
1953795,West,FARIDKOT,KANIYAWALI KHURD,Planned,Closed,2026-10-06T11:00:00Z,2026-10-06T14:00:00Z,180
1953794,North,HOSHIARPUR,MANGARH,Unplanned,Closed,2026-10-06T11:00:00Z,2026-10-06T11:20:00Z,20
1953793,South,PATIALA,Raja enclave,Planned,Closed,2026-10-06T11:00:00Z,2026-10-06T12:34:00Z,94
1953792,Border,GURDASPUR,Maira,Planned,Closed,2026-10-06T11:00:00Z,2026-10-06T12:35:00Z,95
1953771,Border,GURDASPUR,Miani,Planned,Active,2026-10-06T11:00:00Z,2026-10-06T14:00:00Z,180
1953715,North,JALANDHAR,11KV SANGAT SINGH NAGAR,Planned,Active,2026-10-06T11:00:00Z,2026-10-06T15:00:00Z,240
1952924,Central,SUB URBAN LUDHIANA,URBAN BAJRANG AKHARA,Planned,Closed,2026-10-06T11:00:00Z,2026-10-06T13:25:00Z,145
1953788,West,MUKATSAR,11 KV BALA JI DHAM,Unplanned,Closed,2026-10-06T10:59:18Z,2026-10-06T11:25:23Z,26
1953789,Border,SUB URBAN AMRITSAR,RANJIT AVENUE,Unplanned,Closed,2026-10-06T10:56:00Z,2026-10-06T11:22:00Z,26
1953791,North,JALANDHAR,11 KV GRAIN MARKET (Old),Unplanned,Closed,2026-10-06T10:50:00Z,2026-10-06T11:47:46Z,57
1953790,North,HOSHIARPUR,RAMPUR,Planned,Closed,2026-10-06T10:50:00Z,2026-10-06T11:44:00Z,54
1953787,East,MOHALI,11KV E&G Block,Unplanned,Closed,2026-10-06T10:50:00Z,2026-10-06T12:54:43Z,124
1953785,East,ROPAR,ACME HEIGHT,Planned,Closed,2026-10-06T10:50:00Z,2026-10-06T12:52:00Z,122
1953783,North,NAWANSHAHR,BARWA,Unplanned,Closed,2026-10-06T10:50:00Z,2026-10-06T10:56:00Z,6
1953781,Central,CITY WEST LUDHIANA,A block,Planned,Closed,2026-10-06T10:49:40Z,2026-10-06T11:41:18Z,51
1953780,South,PATIALA,Polo Ground,Unplanned,Closed,2026-10-06T10:46:00Z,2026-10-06T11:40:00Z,54
1953784,North,KAPURTHALA,URBAN Dana mandi,Unplanned,Closed,2026-10-06T10:45:00Z,2026-10-06T11:40:00Z,55
1953786,West,MUKATSAR,11 KV Ganganagar Road,Unplanned,Closed,2026-10-06T10:43:58Z,2026-10-06T11:05:00Z,21
1953774,Central,CITY WEST LUDHIANA,E Block,Planned,Closed,2026-10-06T10:42:10Z,2026-10-06T10:49:57Z,7
1953767,South,SANGRUR,UPPLI UPS,Planned,Active,2026-10-06T10:40:08Z,2026-10-06T15:00:08Z,260
1953766,South,SANGRUR,MASTUANA SAHIB,Planned,Active,2026-10-06T10:40:08Z,2026-10-06T15:00:08Z,260
1953765,South,SANGRUR,Industrial Siana road,Planned,Active,2026-10-06T10:40:08Z,2026-10-06T15:00:08Z,260
1953764,South,SANGRUR,Industrial,Planned,Active,2026-10-06T10:40:08Z,2026-10-06T15:00:08Z,260
1953763,South,SANGRUR,HOSPITAL,Planned,Active,2026-10-06T10:40:08Z,2026-10-06T15:00:08Z,260
1953762,South,SANGRUR,CITY SANGRUR,Planned,Active,2026-10-06T10:40:08Z,2026-10-06T15:00:08Z,260
1953761,South,SANGRUR,DC ROAD SANGRUR,Planned,Active,2026-10-06T10:40:08Z,2026-10-06T15:00:08Z,260
1953760,South,SANGRUR,POLICE LINE,Planned,Active,2026-10-06T10:40:08Z,2026-10-06T15:00:08Z,260
1953775,Central,KHANNA,PS,Unplanned,Closed,2026-10-06T10:40:00Z,2026-10-06T11:21:00Z,41
1953779,East,MOHALI,CHARBARH UPS,Planned,Closed,2026-10-06T10:35:00Z,2026-10-06T12:35:03Z,120
1953778,East,MOHALI,KHALOUR,Planned,Closed,2026-10-06T10:35:00Z,2026-10-06T12:35:12Z,120
1953777,East,MOHALI,BALMAJRA AP,Planned,Closed,2026-10-06T10:35:00Z,2026-10-06T12:35:12Z,120
1953776,East,MOHALI,CHANGERA AP,Planned,Closed,2026-10-06T10:35:00Z,2026-10-06T12:35:12Z,120
1953773,North,HOSHIARPUR,DEVIDASS,Planned,Closed,2026-10-06T10:35:00Z,2026-10-06T12:25:00Z,110
1953772,South,BARNALA,UPS Bhure Kube,Unplanned,Closed,2026-10-06T10:31:00Z,2026-10-06T11:55:00Z,84
1953758,North,HOSHIARPUR,JANOURI,Planned,Closed,2026-10-06T10:30:00Z,2026-10-06T13:20:00Z,170
1953754,Central,KHANNA,Chopra(Naraian),Planned,Active,2026-10-06T10:30:00Z,2026-10-06T15:00:00Z,270
1953753,Central,KHANNA,Shastri Nagar,Planned,Active,2026-10-06T10:30:00Z,2026-10-06T15:00:00Z,270
1953744,West,FEROZPUR,DANA MANDI,Planned,Closed,2026-10-06T10:28:00Z,2026-10-06T13:21:00Z,173
1953782,East,ROPAR,Siswan,Unplanned,Closed,2026-10-06T10:25:00Z,2026-10-06T12:20:00Z,115
1953759,South,BARNALA,TAPA-1,Planned,Closed,2026-10-06T10:25:00Z,2026-10-06T13:55:00Z,210
1953748,South,SANGRUR,KanjlaAP,Planned,Closed,2026-10-06T10:20:59Z,2026-10-06T11:10:00Z,49
1953747,South,SANGRUR,Kothi Sahib AP,Planned,Closed,2026-10-06T10:20:59Z,2026-10-06T11:10:00Z,49
1953755,Border,CITY AMRITSAR,SERVER PURA,Unplanned,Closed,2026-10-06T10:20:00Z,2026-10-06T10:50:00Z,30
1953750,North,JALANDHAR,DOABA FEEDER,Unplanned,Closed,2026-10-06T10:20:00Z,2026-10-06T10:31:00Z,11
1953743,West,BATHINDA,MOJO KALAN,Planned,Active,2026-10-06T10:17:00Z,2026-10-06T15:00:00Z,283
1953749,Border,TARN TARAN,BEAS CITY,Planned,Active,2026-10-06T10:16:50Z,2026-10-06T14:47:53Z,271
1953769,East,Zirakpur,DHILLON,Planned,Closed,2026-10-06T10:15:00Z,2026-10-06T11:10:00Z,55
1953768,East,Zirakpur,SIMRAN,Planned,Closed,2026-10-06T10:15:00Z,2026-10-06T11:10:00Z,55
1953742,Border,CITY AMRITSAR,LAKKAR MANDI,Planned,Closed,2026-10-06T10:15:00Z,2026-10-06T10:45:00Z,30
1953746,North,HOSHIARPUR,RAHIMPUR/SUNCITY,Planned,Closed,2026-10-06T10:12:00Z,2026-10-06T11:30:00Z,78
1953752,Border,SUB URBAN AMRITSAR,Byepas Verka,Unplanned,Closed,2026-10-06T10:10:00Z,2026-10-06T11:10:00Z,60
1953751,North,JALANDHAR,11KV Baba Makhan Shah Lubana,Unplanned,Closed,2026-10-06T10:08:00Z,2026-10-06T10:23:00Z,15
1953741,Border,GURDASPUR,HABIBPUR,Unplanned,Closed,2026-10-06T10:05:00Z,2026-10-06T10:55:00Z,50
1953770,East,MOHALI,BANUR URBAN 3,Unplanned,Closed,2026-10-06T10:01:00Z,2026-10-06T10:31:50Z,30
1953717,North,HOSHIARPUR,MEHENGROWAL,Planned,Closed,2026-10-06T10:00:48Z,2026-10-06T12:50:48Z,170
1953716,North,HOSHIARPUR,CHOHAL,Planned,Closed,2026-10-06T10:00:48Z,2026-10-06T12:50:48Z,170
1953344,Border,TARN TARAN,RAYYA KHURD,Planned,Active,2026-10-06T10:00:37Z,2026-10-06T15:00:37Z,300
1953343,Border,TARN TARAN,BEAS CITY,Planned,Active,2026-10-06T10:00:37Z,2026-10-06T15:00:37Z,300
1953342,Border,TARN TARAN,RAILWAY STATION-II,Planned,Active,2026-10-06T10:00:37Z,2026-10-06T15:00:37Z,300
1953738,West,BATHINDA,COMMUNITY CENTRE,Planned,Closed,2026-10-06T10:00:00Z,2026-10-06T12:25:00Z,145
1953737,North,HOSHIARPUR,Pandori Attwal,Planned,Closed,2026-10-06T10:00:00Z,2026-10-06T10:54:00Z,54
1953719,North,HOSHIARPUR,Saleran,Planned,Closed,2026-10-06T10:00:00Z,2026-10-06T12:50:00Z,170
1953683,North,JALANDHAR,11 KV Deol Nagar,Planned,Closed,2026-10-06T10:00:00Z,2026-10-06T13:00:00Z,180
1953658,South,PATIALA,Ablowal Feeder,Planned,Active,2026-10-06T10:00:00Z,2026-10-06T17:00:00Z,420
1953350,West,FEROZPUR,City Enclave,Planned,Active,2026-10-06T10:00:00Z,2026-10-06T18:10:00Z,490
1953348,Border,GURDASPUR,Abrol Nagar,Planned,Closed,2026-10-06T10:00:00Z,2026-10-06T13:15:00Z,195
1952971,Border,GURDASPUR,Model Town,Planned,Closed,2026-10-06T10:00:00Z,2026-10-06T14:00:00Z,240
1952804,Border,GURDASPUR,Preet Nagar,Planned,Closed,2026-10-06T10:00:00Z,2026-10-06T13:04:00Z,184
1952803,Border,GURDASPUR,City Ptk.,Planned,Closed,2026-10-06T10:00:00Z,2026-10-06T13:40:00Z,220
1953736,East,Zirakpur,PATIALA ROAD,Unplanned,Closed,2026-10-06T09:57:00Z,2026-10-06T11:32:00Z,95
1953756,Border,TARN TARAN,JAWANDY KHURD,Unplanned,Closed,2026-10-06T09:56:00Z,2026-10-06T11:15:00Z,79
1953807,West,MUKATSAR,Kotli Road,Unplanned,Closed,2026-10-06T09:55:18Z,2026-10-06T11:45:18Z,110
1953806,West,MUKATSAR,11KV Disposal,Unplanned,Closed,2026-10-06T09:55:18Z,2026-10-06T11:45:18Z,110
1953805,West,MUKATSAR,11KV Fattanwala Road.,Unplanned,Closed,2026-10-06T09:55:18Z,2026-10-06T11:45:18Z,110
1953804,West,MUKATSAR,11KV New Jallalabad Road.,Unplanned,Closed,2026-10-06T09:55:18Z,2026-10-06T11:45:18Z,110
1953803,West,MUKATSAR,11KV Old Grain Market.,Unplanned,Closed,2026-10-06T09:55:18Z,2026-10-06T11:45:18Z,110
1953802,West,MUKATSAR,11KV Gaushalla Road,Unplanned,Closed,2026-10-06T09:55:18Z,2026-10-06T11:45:18Z,110
1953735,North,HOSHIARPUR,KALYANPUR,Unplanned,Closed,2026-10-06T09:54:00Z,2026-10-06T10:38:00Z,44
1953733,Central,CITY WEST LUDHIANA,RENTAL COLONY,Planned,Closed,2026-10-06T09:50:48Z,2026-10-06T10:25:34Z,34
1953739,Border,GURDASPUR,Rampur Talwara,Unplanned,Active,2026-10-06T09:50:00Z,2026-10-06T13:00:00Z,190
1953740,Border,TARN TARAN,GHAT SAHIB URBAN,Unplanned,Closed,2026-10-06T09:45:00Z,2026-10-06T10:10:00Z,25
1953734,West,BATHINDA,KRISHNA CONTINENTAL,Planned,Active,2026-10-06T09:41:00Z,2026-10-06T15:00:00Z,319
1953745,North,JALANDHAR,SHAKTI NAGAR,Unplanned,Closed,2026-10-06T09:35:00Z,2026-10-06T10:32:00Z,57
1953728,South,SANGRUR,Kanjla C-1,Unplanned,Closed,2026-10-06T09:30:00Z,2026-10-06T11:10:00Z,100
1953727,Border,CITY AMRITSAR,BIBI KAULAN JI,Unplanned,Closed,2026-10-06T09:30:00Z,2026-10-06T11:02:00Z,92
1953732,South,PATIALA,UPS RAJPURA,Unplanned,Closed,2026-10-06T09:25:00Z,2026-10-06T10:25:00Z,60
1953731,South,PATIALA,SHRI THAKUR DWARA,Unplanned,Closed,2026-10-06T09:25:00Z,2026-10-06T10:25:00Z,60
1953730,South,PATIALA,Bharat colony,Unplanned,Closed,2026-10-06T09:25:00Z,2026-10-06T10:25:00Z,60
1953729,South,PATIALA,BABA DEEP SINGH,Unplanned,Closed,2026-10-06T09:25:00Z,2026-10-06T10:25:00Z,60
1953726,West,FARIDKOT,Gurdawara Sahib Feeder,Planned,Closed,2026-10-06T09:15:56Z,2026-10-06T10:40:00Z,84
1953722,South,PATIALA,UPS 3-Wire Shambhu,Unplanned,Closed,2026-10-06T09:01:00Z,2026-10-06T11:00:00Z,119
1953720,South,PATIALA,UPS TEPLA,Unplanned,Closed,2026-10-06T09:01:00Z,2026-10-06T11:00:00Z,119
1952943,West,FEROZPUR,UPS FERO KE,Planned,Active,2026-10-06T09:00:30Z,2026-10-06T17:00:30Z,480
1952942,West,FEROZPUR,11KV UPS NO.2,Planned,Active,2026-10-06T09:00:30Z,2026-10-06T17:00:30Z,480
1952941,West,FEROZPUR,UPS,Planned,Active,2026-10-06T09:00:30Z,2026-10-06T17:00:30Z,480
1952940,West,FEROZPUR,11KV UPS-3 BOTIAN WALA,Planned,Active,2026-10-06T09:00:30Z,2026-10-06T17:00:30Z,480
1953725,North,JALANDHAR,RAJOWAL,Unplanned,Closed,2026-10-06T09:00:00Z,2026-10-06T10:05:00Z,65
1952952,West,FEROZPUR,11KV MEHAR SINGH WALA 02,Planned,Active,2026-10-06T09:00:00Z,2026-10-06T17:00:00Z,480
1952951,West,FEROZPUR,BEHAK,Planned,Active,2026-10-06T09:00:00Z,2026-10-06T17:00:00Z,480
1952950,West,FEROZPUR,NEW ZIRA,Planned,Active,2026-10-06T09:00:00Z,2026-10-06T17:00:00Z,480
1952949,West,FEROZPUR,FAROKE,Planned,Active,2026-10-06T09:00:00Z,2026-10-06T17:00:00Z,480
1952948,West,FEROZPUR,BOTIAN WALA,Planned,Active,2026-10-06T09:00:00Z,2026-10-06T17:00:00Z,480
1953718,North,KAPURTHALA,Rai bhoe talwandi,Unplanned,Closed,2026-10-06T08:53:00Z,2026-10-06T09:45:00Z,52
1953710,Central,CITY WEST LUDHIANA,RENTAL COLONY,Planned,Closed,2026-10-06T08:45:54Z,2026-10-06T09:20:24Z,34
1953712,West,BATHINDA,INDUSTRIES,Unplanned,Closed,2026-10-06T08:45:00Z,2026-10-06T09:35:00Z,50
1953724,South,SANGRUR,SUGARMILL,Unplanned,Closed,2026-10-06T08:41:00Z,2026-10-06T12:57:00Z,256
1953723,South,SANGRUR,UPS PATRAN,Unplanned,Closed,2026-10-06T08:41:00Z,2026-10-06T12:57:00Z,256
1953708,North,HOSHIARPUR,LAMBRA,Unplanned,Closed,2026-10-06T08:41:00Z,2026-10-06T10:30:00Z,109
1953711,West,MUKATSAR,FAZILKA ROAD,Unplanned,Closed,2026-10-06T08:40:00Z,2026-10-06T10:22:00Z,102
1953709,North,HOSHIARPUR,BHOL,Unplanned,Closed,2026-10-06T08:40:00Z,2026-10-06T09:10:00Z,30
1953702,Central,CITY WEST LUDHIANA,SHIMLA PURI FEEDER,Unplanned,Closed,2026-10-06T08:34:12Z,2026-10-06T09:11:17Z,37
1953701,South,SANGRUR,11 KV SATOJ URBAN,Planned,Closed,2026-10-06T08:29:58Z,2026-10-06T09:40:08Z,70
1953721,East,ROPAR,11 KV Old Sunny,Planned,Closed,2026-10-06T08:25:00Z,2026-10-06T09:15:00Z,50
1953707,South,PATIALA,rajpura,Unplanned,Closed,2026-10-06T08:25:00Z,2026-10-06T09:25:00Z,60
1953706,South,PATIALA,STAR ENCLAVE,Unplanned,Closed,2026-10-06T08:25:00Z,2026-10-06T09:25:00Z,60
1953705,South,PATIALA,SYL (F.P),Unplanned,Closed,2026-10-06T08:25:00Z,2026-10-06T09:25:00Z,60
1953704,South,PATIALA,SUNDER NAGAR RAJPURA,Unplanned,Closed,2026-10-06T08:25:00Z,2026-10-06T09:25:00Z,60
1953703,South,PATIALA,ups Ambala Road,Unplanned,Closed,2026-10-06T08:25:00Z,2026-10-06T09:25:00Z,60
1953699,North,HOSHIARPUR,PRTC,Unplanned,Closed,2026-10-06T08:20:00Z,2026-10-06T08:30:00Z,10
1953695,South,PATIALA,UPS MARU,Unplanned,Closed,2026-10-06T08:11:29Z,2026-10-06T08:50:49Z,39
1953697,South,SANGRUR,MILK PLANT,Unplanned,Closed,2026-10-06T08:10:00Z,2026-10-06T09:46:00Z,96
1953693,North,HOSHIARPUR,11 KV Sataur,Unplanned,Closed,2026-10-06T08:10:00Z,2026-10-06T09:00:00Z,50
1953694,South,PATIALA,Hospital feeder,Unplanned,Closed,2026-10-06T08:09:55Z,2026-10-06T08:50:42Z,40
1953700,Border,GURDASPUR,BHAM UPS,Unplanned,Closed,2026-10-06T08:05:00Z,2026-10-06T09:30:00Z,85
1953696,North,JALANDHAR,Dushiara Ground,Unplanned,Closed,2026-10-06T08:02:00Z,2026-10-06T10:37:00Z,155
1953713,West,MUKATSAR,New Patrewala UPS,Planned,Closed,2026-10-06T08:01:00Z,2026-10-06T12:30:00Z,269
1953679,West,MUKATSAR,dhani shaffi,Planned,Closed,2026-10-06T08:00:37Z,2026-10-06T13:00:37Z,300
1953678,West,MUKATSAR,Dhanger Khera,Planned,Closed,2026-10-06T08:00:37Z,2026-10-06T13:00:37Z,300
1953677,West,MUKATSAR,Bajidpur Katian Wali,Planned,Closed,2026-10-06T08:00:37Z,2026-10-06T13:00:37Z,300
1953676,West,MUKATSAR,Chouriwala Dhana,Planned,Closed,2026-10-06T08:00:37Z,2026-10-06T13:00:37Z,300
1953692,South,PATIALA,UPS MUGAL SARAI,Unplanned,Closed,2026-10-06T08:00:00Z,2026-10-06T09:01:00Z,61
1953691,South,PATIALA,SYL,Unplanned,Closed,2026-10-06T08:00:00Z,2026-10-06T09:01:00Z,61
1953698,East,ROPAR,AKALGARH,Unplanned,Closed,2026-10-06T07:55:00Z,2026-10-06T08:40:00Z,45
1953689,West,BATHINDA,Chehlawala,Unplanned,Closed,2026-10-06T07:40:00Z,2026-10-06T09:32:00Z,112
1953688,East,ROPAR,11 KV Sarsa Nangal,Unplanned,Closed,2026-10-06T07:30:00Z,2026-10-06T07:50:00Z,20
1953681,Central,KHANNA,DFL,Unplanned,Closed,2026-10-06T07:28:00Z,2026-10-06T08:05:00Z,37
1953680,Central,KHANNA,Bhattian,Unplanned,Closed,2026-10-06T07:28:00Z,2026-10-06T08:05:00Z,37
1953687,South,PATIALA,UPS RAJPURA,Unplanned,Closed,2026-10-06T07:25:00Z,2026-10-06T08:25:00Z,60
1953686,North,HOSHIARPUR,RAMPUR,Unplanned,Closed,2026-10-06T07:25:00Z,2026-10-06T08:32:00Z,67
1953685,South,PATIALA,BABA DEEP SINGH,Unplanned,Closed,2026-10-06T07:25:00Z,2026-10-06T08:25:00Z,60
1953684,South,PATIALA,Bharat colony,Unplanned,Closed,2026-10-06T07:25:00Z,2026-10-06T08:25:00Z,60
1953690,East,ROPAR,KTM,Unplanned,Closed,2026-10-06T07:15:00Z,2026-10-06T07:56:00Z,41
1953682,North,JALANDHAR,JASWANT NAGAR,Unplanned,Closed,2026-10-06T07:05:00Z,2026-10-06T08:25:00Z,80
1953675,Central,CITY WEST LUDHIANA,POPULAR FEEDER,Unplanned,Closed,2026-10-06T07:01:14Z,2026-10-06T07:47:14Z,46
1953673,North,KAPURTHALA,UPS KACHI SARAI KHAS,Unplanned,Closed,2026-10-06T06:41:00Z,2026-10-06T07:34:00Z,53
1953674,East,Zirakpur,DHIRE MAJRA,Unplanned,Closed,2026-10-06T06:40:00Z,2026-10-06T08:10:00Z,90
1953672,Border,GURDASPUR,Andoi,Unplanned,Closed,2026-10-06T06:20:00Z,2026-10-06T06:45:00Z,25
1953667,East,MOHALI,11 KV New Sunny,Unplanned,Closed,2026-10-06T06:01:00Z,2026-10-06T09:14:00Z,193
1953671,South,BARNALA,HANDIAYA URBAN,Unplanned,Closed,2026-10-06T06:00:00Z,2026-10-06T07:00:00Z,60
1953666,Central,CITY WEST LUDHIANA,RADHA SWAMI ROAD,Unplanned,Closed,2026-10-06T05:47:55Z,2026-10-06T07:03:04Z,75
1953664,Central,CITY WEST LUDHIANA,LOHARA,Unplanned,Closed,2026-10-06T05:42:21Z,2026-10-06T06:50:41Z,68
1953663,Central,CITY WEST LUDHIANA,RANJIT NAGAR FEEDER,Unplanned,Closed,2026-10-06T05:42:21Z,2026-10-06T06:33:46Z,51
1953665,East,MOHALI,11 KV New Sunny,Unplanned,Closed,2026-10-06T05:35:45Z,2026-10-06T05:42:04Z,6
1953670,West,FARIDKOT,MAANA WALA UPS,Unplanned,Closed,2026-10-06T05:27:26Z,2026-10-06T11:50:47Z,383
1953669,West,FARIDKOT,MOUR URBAN,Unplanned,Closed,2026-10-06T05:27:26Z,2026-10-06T11:50:05Z,382
1953668,West,FARIDKOT,SAMAGH UPS,Unplanned,Closed,2026-10-06T05:27:26Z,2026-10-06T11:50:39Z,383
1953662,West,BATHINDA,Station Basti,Unplanned,Closed,2026-10-06T02:45:00Z,2026-10-06T06:30:00Z,225
1953661,East,Zirakpur,HAIBAT PUR RURAL,Unplanned,Closed,2026-10-06T01:56:00Z,2026-10-06T03:03:00Z,67
1953660,South,SANGRUR,11 KV MAYA GARDEN,Unplanned,Closed,2026-10-06T01:49:00Z,2026-10-06T03:38:00Z,109
1953659,West,MUKATSAR,Mithri,Unplanned,Closed,2026-10-06T01:38:00Z,2026-10-06T04:20:00Z,162
1953654,South,PATIALA,Polo Ground,Unplanned,Closed,2026-10-06T01:10:00Z,2026-10-06T02:45:06Z,95
1953652,Central,CITY EAST LUDHIANA,FARID NAGAR,Unplanned,Closed,2026-10-06T00:54:54Z,2026-10-06T02:07:00Z,72
1953653,West,BATHINDA,EXPRESS,Unplanned,Closed,2026-10-06T00:53:00Z,2026-10-06T02:30:00Z,97
1953649,East,Zirakpur,SIMRAN,Unplanned,Closed,2026-10-06T00:01:00Z,2026-10-06T01:40:00Z,99
1953650,North,JALANDHAR,HSP ROAD,Unplanned,Closed,2026-10-05T23:50:00Z,2026-10-06T00:45:00Z,55
1953651,North,KAPURTHALA,UPS Kahlwan,Unplanned,Closed,2026-10-05T23:17:00Z,2026-10-06T01:12:00Z,115
1953648,East,Zirakpur,PATIALA ROAD,Planned,Closed,2026-10-05T23:13:00Z,2026-10-05T23:28:00Z,15
1953647,South,PATIALA,UPS RAJPURA,Unplanned,Closed,2026-10-05T23:12:00Z,2026-10-05T23:17:00Z,5
1953646,East,ROPAR,11 KV Gajhpur,Unplanned,Closed,2026-10-05T22:55:00Z,2026-10-05T23:20:00Z,25
1953612,North,HOSHIARPUR,Chaggran,Unplanned,Closed,2026-10-05T22:40:00Z,2026-10-05T22:41:00Z,1
1953611,Central,CITY EAST LUDHIANA,BAL SINGH NAGAR,Unplanned,Closed,2026-10-05T22:35:00Z,2026-10-05T23:59:00Z,84
1953616,North,HOSHIARPUR,SHIVAM HOSPITAL,Unplanned,Closed,2026-10-05T22:33:00Z,2026-10-05T23:50:00Z,77
1953615,North,HOSHIARPUR,Sutehri Road,Unplanned,Closed,2026-10-05T22:33:00Z,2026-10-05T23:50:00Z,77
1953614,North,HOSHIARPUR,MOUNT AVENUE,Unplanned,Closed,2026-10-05T22:33:00Z,2026-10-05T23:50:00Z,77
1953613,North,HOSHIARPUR,SUNDER NAGAR,Unplanned,Closed,2026-10-05T22:33:00Z,2026-10-05T23:50:00Z,77
1953606,Central,KHANNA,IKOLAHA,Unplanned,Closed,2026-10-05T22:25:00Z,2026-10-06T00:15:00Z,110
1953603,Central,CITY WEST LUDHIANA,SATSANG GHAR,Unplanned,Closed,2026-10-05T22:16:21Z,2026-10-05T23:11:59Z,55
1953593,West,FARIDKOT,GUMTI KHURD UPS,Planned,Closed,2026-10-05T22:15:21Z,2026-10-06T00:07:16Z,111
1953592,West,FARIDKOT,RAM LEELA GROUND,Planned,Closed,2026-10-05T22:15:21Z,2026-10-06T00:07:48Z,112
1953591,West,FARIDKOT,GANGA COTTEX,Planned,Closed,2026-10-05T22:15:21Z,2026-10-06T00:07:46Z,112
1953590,West,FARIDKOT,JAITO CITY,Planned,Closed,2026-10-05T22:15:21Z,2026-10-06T00:07:14Z,111
1953589,West,FARIDKOT,GANGSAR,Planned,Closed,2026-10-05T22:15:21Z,2026-10-06T00:07:48Z,112
1953588,West,FARIDKOT,CIVIL HOSPITAL,Planned,Closed,2026-10-05T22:15:21Z,2026-10-06T00:07:20Z,111
1953587,West,FARIDKOT,BATHINDA ROAD,Planned,Closed,2026-10-05T22:15:21Z,2026-10-06T00:07:43Z,112
1953586,West,FARIDKOT,BAJA ROAD,Planned,Closed,2026-10-05T22:15:21Z,2026-10-06T00:07:15Z,111
1953585,West,FARIDKOT,KOTKAPURA ROAD,Planned,Closed,2026-10-05T22:15:21Z,2026-10-06T00:07:34Z,112
1953584,West,FARIDKOT,HARDIAL NAGAR,Planned,Closed,2026-10-05T22:15:21Z,2026-10-06T00:07:55Z,112
1953602,North,HOSHIARPUR,RAMPUR,Planned,Closed,2026-10-05T22:15:00Z,2026-10-05T22:55:00Z,40
1953610,North,JALANDHAR,SANTOKHPURA,Unplanned,Closed,2026-10-05T22:12:00Z,2026-10-05T22:55:00Z,43
1953604,West,BATHINDA,SARDULGARH,Unplanned,Closed,2026-10-05T21:55:00Z,2026-10-05T23:25:00Z,90
1953594,North,NAWANSHAHR,CITY BALACHAUR NO-2,Unplanned,Closed,2026-10-05T21:55:00Z,2026-10-05T22:30:00Z,35
1953446,East,ROPAR,11KV Belian UPS FEEDER,Unplanned,Closed,2026-10-05T21:32:00Z,2026-10-05T23:40:00Z,128
1953443,East,ROPAR,11 KV RTP,Unplanned,Closed,2026-10-05T21:32:00Z,2026-10-05T23:40:00Z,128
1953440,East,ROPAR,11 KV Sarsa Nangal,Unplanned,Closed,2026-10-05T21:32:00Z,2026-10-05T23:40:00Z,128
1953439,East,ROPAR,11 KV Kakrala,Unplanned,Closed,2026-10-05T21:32:00Z,2026-10-05T23:40:00Z,128
1953437,East,ROPAR,11 KV Bharatgarh,Unplanned,Closed,2026-10-05T21:32:00Z,2026-10-05T23:40:00Z,128
1953375,Central,CITY EAST LUDHIANA,BAL SINGH NAGAR,Unplanned,Closed,2026-10-05T21:19:00Z,2026-10-05T22:07:00Z,48
1953370,North,HOSHIARPUR,CHAUNNI,Unplanned,Closed,2026-10-05T21:07:00Z,2026-10-05T21:30:00Z,23
1953367,North,JALANDHAR,11 KV Gopal Nagar,Unplanned,Closed,2026-10-05T20:57:00Z,2026-10-05T21:42:00Z,45
1953366,West,BATHINDA,NANGLA,Unplanned,Closed,2026-10-05T20:56:00Z,2026-10-05T23:20:00Z,144
1953365,West,BATHINDA,NANGLA,Unplanned,Closed,2026-10-05T20:55:00Z,2026-10-05T21:05:00Z,10
1953406,West,BATHINDA,Station Basti,Unplanned,Closed,2026-10-05T20:51:00Z,2026-10-05T22:10:00Z,79
1953369,West,BATHINDA,DHADE,Unplanned,Closed,2026-10-05T20:50:00Z,2026-10-05T21:55:00Z,65
1953361,Central,KHANNA,BAGHOUR,Unplanned,Closed,2026-10-05T20:38:00Z,2026-10-05T20:56:00Z,18
1953363,West,BATHINDA,SARDULGARH,Unplanned,Closed,2026-10-05T20:35:00Z,2026-10-05T21:41:34Z,66
1953362,North,JALANDHAR,BOMBAY NAGAR,Unplanned,Closed,2026-10-05T20:34:00Z,2026-10-05T21:25:00Z,51
1953364,South,PATIALA,11KV NARENDRA ENCLAVE,Unplanned,Closed,2026-10-05T20:32:32Z,2026-10-05T21:18:32Z,46
1953419,South,PATIALA,STAR ENCLAVE,Unplanned,Closed,2026-10-05T20:30:13Z,2026-10-05T22:35:13Z,125
1953418,South,PATIALA,ups Ambala Road,Unplanned,Closed,2026-10-05T20:30:13Z,2026-10-05T22:35:13Z,125
1953417,South,PATIALA,BABA DEEP SINGH,Unplanned,Closed,2026-10-05T20:30:13Z,2026-10-05T22:35:13Z,125
1953416,South,PATIALA,SUNDER NAGAR RAJPURA,Unplanned,Closed,2026-10-05T20:30:13Z,2026-10-05T22:35:13Z,125
1953415,South,PATIALA,rajpura,Unplanned,Closed,2026-10-05T20:30:13Z,2026-10-05T22:35:13Z,125
1953414,South,PATIALA,Bharat colony,Unplanned,Closed,2026-10-05T20:30:13Z,2026-10-05T22:35:13Z,125
1953413,South,PATIALA,UPS RAJPURA,Unplanned,Closed,2026-10-05T20:30:13Z,2026-10-05T22:35:13Z,125
1953412,South,PATIALA,SYL (F.P),Unplanned,Closed,2026-10-05T20:30:13Z,2026-10-05T22:35:13Z,125
1953411,South,PATIALA,industrial No.1 (FP),Unplanned,Closed,2026-10-05T20:30:13Z,2026-10-05T22:35:13Z,125
1953368,South,BARNALA,SANDHU KALAN UPS,Unplanned,Closed,2026-10-05T20:30:00Z,2026-10-05T21:20:00Z,50
1953359,Central,CITY WEST LUDHIANA,VISHAL NAGAR,Planned,Closed,2026-10-05T20:14:00Z,2026-10-05T20:29:00Z,15
1953360,North,HOSHIARPUR,KANDHALA JATTAN,Unplanned,Closed,2026-10-05T20:10:00Z,2026-10-05T21:40:00Z,90
1953358,South,PATIALA,jiwan complex,Unplanned,Closed,2026-10-05T20:09:28Z,2026-10-05T20:26:36Z,17
1953356,North,NAWANSHAHR,BANNAH,Unplanned,Closed,2026-10-05T20:08:00Z,2026-10-05T21:20:00Z,72
1953355,West,BATHINDA,JHANDA KHURD,Unplanned,Closed,2026-10-05T19:55:00Z,2026-10-05T20:30:12Z,35
1953354,North,HOSHIARPUR,CHAUNNI,Unplanned,Closed,2026-10-05T19:45:00Z,2026-10-05T20:10:00Z,25
1953353,West,MUKATSAR,LINK NO. 1,Unplanned,Closed,2026-10-05T19:40:54Z,2026-10-05T20:58:19Z,77
1953349,South,SANGRUR,11 KV KAMALPUR UPS,Unplanned,Closed,2026-10-05T19:21:00Z,2026-10-05T20:10:00Z,49
1953346,West,BATHINDA,BAJEWALA,Unplanned,Closed,2026-10-05T19:20:54Z,2026-10-05T20:06:20Z,45
1953347,West,BATHINDA,DHADE,Unplanned,Closed,2026-10-05T19:20:00Z,2026-10-05T19:50:00Z,30
1953345,North,JALANDHAR,GAZZI GULLA,Unplanned,Closed,2026-10-05T19:20:00Z,2026-10-05T19:37:00Z,17
1953341,West,FEROZPUR,BOP,Unplanned,Closed,2026-10-05T19:20:00Z,2026-10-05T21:04:00Z,104
1953352,East,ROPAR,Siswan,Unplanned,Closed,2026-10-05T19:15:00Z,2026-10-05T20:01:00Z,46
1953340,Border,GURDASPUR,Karoli,Unplanned,Closed,2026-10-05T19:15:00Z,2026-10-05T19:40:00Z,25
1953307,East,ROPAR,KTM,Unplanned,Closed,2026-10-05T18:55:00Z,2026-10-05T19:15:00Z,20
1953216,North,JALANDHAR,11 KV JANTA COLONY,Unplanned,Closed,2026-10-05T18:50:00Z,2026-10-05T19:28:00Z,38
1953140,West,MUKATSAR,PANJKOSI,Unplanned,Closed,2026-10-05T18:46:15Z,2026-10-05T19:03:48Z,17
1953236,Border,GURDASPUR,City Thana,Planned,Closed,2026-10-05T18:45:00Z,2026-10-05T20:00:00Z,75
1953222,Border,GURDASPUR,CITY 2,Unplanned,Closed,2026-10-05T18:45:00Z,2026-10-05T18:53:00Z,8
1953271,East,Zirakpur,SINGHPURA,Unplanned,Closed,2026-10-05T18:40:12Z,2026-10-05T18:41:12Z,1
1952981,East,Zirakpur,PREET COLONY,Unplanned,Closed,2026-10-05T18:23:00Z,2026-10-05T18:56:00Z,33
1952976,East,ROPAR,11 KV Sarsa Nangal,Unplanned,Closed,2026-10-05T18:10:00Z,2026-10-05T18:25:00Z,15
1952980,South,PATIALA,UPS TEPLA,Unplanned,Closed,2026-10-05T18:05:00Z,2026-10-05T18:30:00Z,25
1952978,South,SANGRUR,Kandhargarh,Unplanned,Closed,2026-10-05T18:01:26Z,2026-10-05T18:20:26Z,19
1952977,South,SANGRUR,Samundgarh UPS,Unplanned,Closed,2026-10-05T18:01:26Z,2026-10-05T18:20:26Z,19
1952982,West,BATHINDA,WATER WORKS,Unplanned,Closed,2026-10-05T18:00:00Z,2026-10-05T19:30:00Z,90
1952974,East,Zirakpur,SANULI,Planned,Closed,2026-10-05T17:50:00Z,2026-10-05T18:05:00Z,15
1952979,Central,KHANNA,Shastri Nagar,Unplanned,Closed,2026-10-05T17:45:00Z,2026-10-05T19:40:00Z,115
1952968,Border,GURDASPUR,CITY AWANKHA,Unplanned,Closed,2026-10-05T17:42:00Z,2026-10-05T18:47:00Z,65
1952972,West,BATHINDA,Kothe Niranjan Singh UPS,Unplanned,Closed,2026-10-05T17:40:07Z,2026-10-05T18:58:47Z,78
1952970,Border,TARN TARAN,SUR SINGH URBAN,Unplanned,Closed,2026-10-05T17:35:00Z,2026-10-05T18:30:00Z,55
1952973,East,Zirakpur,SAINI VIHAR,Unplanned,Closed,2026-10-05T17:33:00Z,2026-10-05T18:20:00Z,47
1952967,West,FARIDKOT,JAITO CITY,Planned,Closed,2026-10-05T17:32:00Z,2026-10-05T17:45:00Z,13
1952975,South,PATIALA,SYL,Unplanned,Closed,2026-10-05T17:31:00Z,2026-10-05T19:30:00Z,119
1952965,North,JALANDHAR,SUTLAJ,Unplanned,Closed,2026-10-05T17:31:00Z,2026-10-05T17:59:00Z,28
1952964,Border,SUB URBAN AMRITSAR,NANGAL PANNUAN,Unplanned,Closed,2026-10-05T17:30:15Z,2026-10-05T17:59:18Z,29
1952966,North,HOSHIARPUR,Bhogpur,Planned,Closed,2026-10-05T17:30:00Z,2026-10-05T18:02:00Z,32
1952962,North,JALANDHAR,KHIALA,Unplanned,Closed,2026-10-05T17:27:00Z,2026-10-05T18:20:00Z,53
1952960,Central,CITY WEST LUDHIANA,DASHMESH NAGAR FEEDER,Unplanned,Closed,2026-10-05T17:21:00Z,2026-10-05T18:05:00Z,44
1952955,Central,CITY WEST LUDHIANA,SATSANG GHAR,Unplanned,Closed,2026-10-05T17:13:10Z,2026-10-05T18:43:53Z,90
1952954,Border,GURDASPUR,I.T.I,Unplanned,Closed,2026-10-05T17:10:00Z,2026-10-05T17:20:00Z,10
1952947,Border,GURDASPUR,Taragarh Cat-1,Unplanned,Closed,2026-10-05T17:08:00Z,2026-10-05T17:30:00Z,22
1952946,Border,GURDASPUR,Saidipur,Unplanned,Closed,2026-10-05T17:07:00Z,2026-10-05T17:32:00Z,25
1952945,Border,GURDASPUR,Taragarh,Unplanned,Closed,2026-10-05T17:07:00Z,2026-10-05T17:32:00Z,25
1952953,North,KAPURTHALA,UPS KACHI SARAI KHAS,Unplanned,Closed,2026-10-05T17:06:00Z,2026-10-05T17:47:00Z,41
1952944,Border,GURDASPUR,Pakho Chack,Unplanned,Closed,2026-10-05T17:06:00Z,2026-10-05T17:30:00Z,24
1952961,West,BATHINDA,KRISHNA CONTINENTAL,Planned,Closed,2026-10-05T17:02:00Z,2026-10-05T18:55:00Z,113
1952939,North,JALANDHAR,RAMA MANDI,Unplanned,Closed,2026-10-05T17:02:00Z,2026-10-05T17:12:00Z,10
1952963,East,Zirakpur,BHANKHERPUR,Unplanned,Closed,2026-10-05T17:00:00Z,2026-10-05T17:31:00Z,31
1952932,Central,KHANNA,Charnarthal UPS,Planned,Closed,2026-10-05T16:55:42Z,2026-10-05T17:30:59Z,35
1952937,East,MOHALI,Janta colony,Unplanned,Closed,2026-10-05T16:55:12Z,2026-10-05T17:35:51Z,40
1952936,East,MOHALI,11 KV Sec 74 D,Unplanned,Closed,2026-10-05T16:50:49Z,2026-10-05T17:15:00Z,24
1952938,North,KAPURTHALA,UPS DALLA,Unplanned,Closed,2026-10-05T16:50:00Z,2026-10-05T17:20:00Z,30
1952935,South,BARNALA,NABHA ROAD INDUSTRY,Unplanned,Closed,2026-10-05T16:50:00Z,2026-10-05T17:40:00Z,50
1952930,Border,GURDASPUR,HABIBPUR,Unplanned,Closed,2026-10-05T16:46:00Z,2026-10-05T17:38:00Z,52
1952931,South,PATIALA,UPS 3-Wire Shambhu,Unplanned,Closed,2026-10-05T16:45:00Z,2026-10-05T16:55:00Z,10
1952929,Central,KHANNA,RAM RAJAYA,Unplanned,Closed,2026-10-05T16:41:40Z,2026-10-05T17:39:01Z,57
1952928,West,MUKATSAR,M.R. Enclave,Unplanned,Closed,2026-10-05T16:40:29Z,2026-10-05T18:05:10Z,84
1952933,South,PATIALA,SYL,Unplanned,Closed,2026-10-05T16:40:00Z,2026-10-05T17:30:00Z,50
1952926,Border,GURDASPUR,MUGRALA,Unplanned,Closed,2026-10-05T16:36:00Z,2026-10-05T17:59:00Z,83
1952969,North,JALANDHAR,GEETA MANDIR,Unplanned,Closed,2026-10-05T16:35:00Z,2026-10-05T17:50:00Z,75
1952934,West,FARIDKOT,RAM LEELA GROUND,Unplanned,Closed,2026-10-05T16:25:00Z,2026-10-05T17:45:00Z,80
1952923,East,Zirakpur,11 KV AMBALA ROAD,Planned,Closed,2026-10-05T16:22:00Z,2026-10-05T16:35:00Z,13
1952914,North,NAWANSHAHR,TEHSIL COMPLEX GSR,Unplanned,Closed,2026-10-05T16:14:00Z,2026-10-05T17:01:00Z,47
1952922,West,FARIDKOT,11KV GREEN AVENUE,Planned,Closed,2026-10-05T16:13:00Z,2026-10-05T17:03:00Z,50
1952918,North,HOSHIARPUR,11KV UPS TERKIANA,Planned,Closed,2026-10-05T16:05:00Z,2026-10-05T17:55:00Z,110
1952905,Border,TARN TARAN,24 HRS UPS,Unplanned,Closed,2026-10-05T16:05:00Z,2026-10-05T17:30:00Z,85
1952889,Central,KHANNA,LALHERI ROAD,Unplanned,Closed,2026-10-05T16:05:00Z,2026-10-05T17:30:00Z,85
1952921,West,FEROZPUR,NIDHANA UPS,Planned,Closed,2026-10-05T16:01:58Z,2026-10-05T17:33:58Z,92
1952920,West,FEROZPUR,TIRPAL KE,Planned,Closed,2026-10-05T16:01:58Z,2026-10-05T17:33:58Z,92
1952919,West,FEROZPUR,Jiwan Arian 3 Ph 24 Hours UPS,Planned,Closed,2026-10-05T16:01:58Z,2026-10-05T17:33:58Z,92
1952883,South,BARNALA,Raikot Road Industry Cat-2,Planned,Closed,2026-10-05T16:01:23Z,2026-10-05T16:29:02Z,27
1952913,West,FEROZPUR,Issa Panj Garai,Planned,Closed,2026-10-05T16:01:21Z,2026-10-05T17:33:21Z,92
1952912,West,FEROZPUR,Urban Noore ke,Planned,Closed,2026-10-05T16:01:21Z,2026-10-05T17:33:21Z,92
1952911,West,FEROZPUR,3Ph UPS Noore Ke,Planned,Closed,2026-10-05T16:01:21Z,2026-10-05T17:33:21Z,92
1952910,West,FEROZPUR,Peer Mohammad,Planned,Closed,2026-10-05T16:01:16Z,2026-10-05T17:33:16Z,92
1952909,West,FEROZPUR,Amir Khas UPS,Planned,Closed,2026-10-05T16:01:16Z,2026-10-05T17:33:16Z,92
1952908,West,FEROZPUR,Peer Baksh Chouhan Road,Planned,Closed,2026-10-05T16:01:16Z,2026-10-05T17:33:16Z,92
1952907,West,FEROZPUR,Peer Bakash Chouhan Urban,Planned,Closed,2026-10-05T16:01:16Z,2026-10-05T17:33:16Z,92
1952906,West,FEROZPUR,Thara Singh UPS,Planned,Closed,2026-10-05T16:01:16Z,2026-10-05T17:33:16Z,92
1952902,West,FEROZPUR,BASTI KERA UPS,Planned,Closed,2026-10-05T16:01:15Z,2026-10-05T17:33:15Z,92
1952901,West,FEROZPUR,Jodha Bhaini UPS,Planned,Closed,2026-10-05T16:01:15Z,2026-10-05T17:33:15Z,92
1952900,West,FEROZPUR,Gariba Sander,Planned,Closed,2026-10-05T16:01:15Z,2026-10-05T17:33:15Z,92
1952917,West,FEROZPUR,UPS MOSSE WALA,Planned,Closed,2026-10-05T16:01:13Z,2026-10-05T17:33:13Z,92
1952916,West,FEROZPUR,11KV UPS 3WIRE,Planned,Closed,2026-10-05T16:01:13Z,2026-10-05T17:33:13Z,92
1952915,West,FEROZPUR,11kv PANJE KE URBAN,Planned,Closed,2026-10-05T16:01:13Z,2026-10-05T17:33:13Z,92
1952894,West,FEROZPUR,BAGHE KE UPS,Planned,Closed,2026-10-05T16:01:03Z,2026-10-05T17:33:03Z,92
1952893,West,FEROZPUR,Urban Dhandi Qudim,Planned,Closed,2026-10-05T16:01:03Z,2026-10-05T17:33:03Z,92
1952892,West,FEROZPUR,3 Ph 3 Wire Santokh Singh Wala,Planned,Closed,2026-10-05T16:01:03Z,2026-10-05T17:33:03Z,92
1952891,West,FEROZPUR,3Ph UPS (Peere Ke),Planned,Closed,2026-10-05T16:01:03Z,2026-10-05T17:33:03Z,92
1952890,West,FEROZPUR,Bop,Planned,Closed,2026-10-05T16:01:03Z,2026-10-05T17:33:03Z,92
1952896,South,PATIALA,TPI,Planned,Closed,2026-10-05T16:01:00Z,2026-10-05T16:21:00Z,20
1952895,South,PATIALA,UPS SANDARSI,Planned,Closed,2026-10-05T16:01:00Z,2026-10-05T16:21:00Z,20
1952848,West,MUKATSAR,Sajrana UPS,Planned,Closed,2026-10-05T16:00:32Z,2026-10-05T18:08:34Z,128
1952847,West,MUKATSAR,UPS Korian Wali,Planned,Closed,2026-10-05T16:00:32Z,2026-10-05T18:09:19Z,128
1952856,West,MUKATSAR,UPS No. 2 Karni Khera,Planned,Closed,2026-10-05T16:00:24Z,2026-10-05T18:08:38Z,128
1952855,West,MUKATSAR,UPS Mandi Hazoor Singh,Planned,Closed,2026-10-05T16:00:24Z,2026-10-05T18:09:03Z,128
1952854,West,MUKATSAR,UPS No. 1 Karni Khera,Planned,Closed,2026-10-05T16:00:24Z,2026-10-05T18:08:49Z,128
1952851,West,MUKATSAR,Rana UPS No. 1,Planned,Closed,2026-10-05T16:00:19Z,2026-10-05T18:09:45Z,129
1952850,West,MUKATSAR,UPS No. 2 Rana,Planned,Closed,2026-10-05T16:00:19Z,2026-10-05T18:10:30Z,130
1952927,East,Zirakpur,ZIRAKPUR-1,Planned,Closed,2026-10-05T16:00:00Z,2026-10-05T16:58:00Z,58
1952904,East,ROPAR,11 KV RTP,Unplanned,Closed,2026-10-05T15:55:00Z,2026-10-05T17:55:00Z,120
1952903,East,ROPAR,11KV Belian UPS FEEDER,Unplanned,Closed,2026-10-05T15:55:00Z,2026-10-05T17:55:00Z,120
1952899,East,ROPAR,11 KV Sarsa Nangal,Unplanned,Closed,2026-10-05T15:55:00Z,2026-10-05T17:55:00Z,120
1952898,East,ROPAR,11 KV Kakrala,Unplanned,Closed,2026-10-05T15:55:00Z,2026-10-05T17:55:00Z,120
1952897,East,ROPAR,11 KV Bharatgarh,Unplanned,Closed,2026-10-05T15:55:00Z,2026-10-05T17:55:00Z,120
1952887,North,NAWANSHAHR,AKALIANA,Unplanned,Closed,2026-10-05T15:55:00Z,2026-10-05T16:50:00Z,55
1952885,West,MUKATSAR,Bus Stand Road,Unplanned,Closed,2026-10-05T15:55:00Z,2026-10-05T17:48:19Z,113
1952884,North,HOSHIARPUR,KANDHALA JATTAN,Planned,Closed,2026-10-05T15:50:00Z,2026-10-05T16:05:00Z,15
1952882,Border,TARN TARAN,Udhonangal,Unplanned,Closed,2026-10-05T15:46:32Z,2026-10-05T16:48:51Z,62
1952880,South,PATIALA,Jhill,Unplanned,Closed,2026-10-05T15:45:57Z,2026-10-05T16:25:53Z,39
1952881,Border,TARN TARAN,MEHTA URBAN-I,Unplanned,Closed,2026-10-05T15:45:46Z,2026-10-05T16:48:04Z,62
1952888,South,PATIALA,JANDOLI,Unplanned,Closed,2026-10-05T15:45:00Z,2026-10-05T17:45:00Z,120
1952879,Border,SUB URBAN AMRITSAR,BOREWAL UPS,Unplanned,Closed,2026-10-05T15:45:00Z,2026-10-05T17:35:00Z,110
1952876,Border,CITY AMRITSAR,Queens Road,Unplanned,Closed,2026-10-05T15:40:45Z,2026-10-05T18:00:15Z,139
1952872,South,PATIALA,DALIMA,Unplanned,Closed,2026-10-05T15:35:56Z,2026-10-05T15:55:58Z,20
1952875,North,HOSHIARPUR,KHUN-2 KALAN,Unplanned,Closed,2026-10-05T15:35:00Z,2026-10-05T15:54:00Z,19
1952871,Border,GURDASPUR,HABIBPUR,Unplanned,Closed,2026-10-05T15:35:00Z,2026-10-05T15:48:00Z,13
1952873,Border,CITY AMRITSAR,11 KV MOTI BAZAR,Unplanned,Closed,2026-10-05T15:30:49Z,2026-10-05T16:00:17Z,29
1952877,South,SANGRUR,HARIPURA,Unplanned,Closed,2026-10-05T15:29:00Z,2026-10-05T17:00:00Z,91
1952870,Central,CITY WEST LUDHIANA,SATSANG GHAR,Unplanned,Closed,2026-10-05T15:26:54Z,2026-10-05T17:12:00Z,105
1952874,Border,TARN TARAN,Jhamka UPS,Unplanned,Closed,2026-10-05T15:25:00Z,2026-10-05T16:10:00Z,45
1952869,North,HOSHIARPUR,Mirpur,Unplanned,Closed,2026-10-05T15:23:00Z,2026-10-05T15:43:00Z,20
1952863,South,SANGRUR,Dera rajputa,Unplanned,Closed,2026-10-05T15:15:36Z,2026-10-05T15:37:46Z,22
1952868,North,HOSHIARPUR,Tanda City,Planned,Closed,2026-10-05T15:15:00Z,2026-10-05T16:55:00Z,100
1952865,South,SANGRUR,MEHLAN AP (GRID SUNAM),Unplanned,Closed,2026-10-05T15:15:00Z,2026-10-05T17:44:00Z,149
1952864,South,SANGRUR,KULARAN AP (GRID SUNAM),Unplanned,Closed,2026-10-05T15:15:00Z,2026-10-05T17:44:00Z,149
1952862,Border,GURDASPUR,Taragarh Cat-1,Unplanned,Closed,2026-10-05T15:14:00Z,2026-10-05T17:03:00Z,109
1952861,Border,GURDASPUR,Saidipur,Unplanned,Closed,2026-10-05T15:14:00Z,2026-10-05T16:58:00Z,104
1952860,Border,GURDASPUR,Taragarh,Unplanned,Closed,2026-10-05T15:13:00Z,2026-10-05T16:58:00Z,105
1952859,Border,GURDASPUR,Pakho Chack,Unplanned,Closed,2026-10-05T15:11:00Z,2026-10-05T17:03:00Z,112
1952867,North,NAWANSHAHR,Chandigarh Road,Unplanned,Closed,2026-10-05T15:10:00Z,2026-10-05T15:30:00Z,20
1952857,Central,KHANNA,FCI,Unplanned,Closed,2026-10-05T15:05:00Z,2026-10-05T16:08:00Z,63
1952858,South,SANGRUR,ARNO UPS,Unplanned,Closed,2026-10-05T15:04:52Z,2026-10-05T15:37:14Z,32
1952866,East,MOHALI,11 KV SBP Homes,Unplanned,Closed,2026-10-05T15:00:00Z,2026-10-05T15:40:11Z,40
1952852,North,JALANDHAR,11 KV MAKSUDPUR,Unplanned,Closed,2026-10-05T14:51:29Z,2026-10-05T15:19:31Z,28
1952853,South,SANGRUR,UPS  raidharana,Unplanned,Closed,2026-10-05T14:50:00Z,2026-10-05T16:04:00Z,74
1952849,West,BATHINDA,DAYA NAND,Planned,Closed,2026-10-05T14:35:00Z,2026-10-05T15:10:00Z,35
1952846,West,BATHINDA,FOUJI CHOWK,Planned,Closed,2026-10-05T14:35:00Z,2026-10-05T15:10:00Z,35
1952844,North,KAPURTHALA,11 KV HIMMET UPS,Planned,Closed,2026-10-05T14:30:00Z,2026-10-05T15:20:00Z,50
1952842,South,PATIALA,UPS RAJPURA,Unplanned,Closed,2026-10-05T14:25:00Z,2026-10-05T16:10:00Z,105
1952843,North,JALANDHAR,Karol bagh,Unplanned,Closed,2026-10-05T14:24:00Z,2026-10-05T14:52:00Z,28
1952840,Central,KHANNA,DEVI DAWALA feeder,Unplanned,Closed,2026-10-05T14:24:00Z,2026-10-05T16:00:00Z,96
1952839,North,HOSHIARPUR,11KV MAKOWAL,Planned,Closed,2026-10-05T14:21:00Z,2026-10-05T15:00:00Z,39
1952838,North,HOSHIARPUR,SANSARPUR,Planned,Closed,2026-10-05T14:21:00Z,2026-10-05T15:00:00Z,39
1952836,Border,GURDASPUR,Mallian,Unplanned,Closed,2026-10-05T14:16:00Z,2026-10-05T16:20:00Z,124
1952834,North,HOSHIARPUR,RALHAN,Planned,Closed,2026-10-05T14:14:00Z,2026-10-05T15:22:00Z,68
1952841,South,SANGRUR,24 HRS. CHANGALIWALA,Unplanned,Closed,2026-10-05T14:11:00Z,2026-10-05T16:32:00Z,141
1952832,Border,SUB URBAN AMRITSAR,Mahal,Unplanned,Closed,2026-10-05T14:08:31Z,2026-10-05T16:08:00Z,119
1952830,Border,GURDASPUR,Bhagokawan,Unplanned,Closed,2026-10-05T14:08:00Z,2026-10-05T15:22:00Z,74
1952828,Border,GURDASPUR,Sadda,Unplanned,Closed,2026-10-05T14:06:00Z,2026-10-05T15:22:00Z,76
1952833,South,PATIALA,INDUSTRIAL 1,Unplanned,Closed,2026-10-05T14:05:00Z,2026-10-05T14:30:00Z,25
1952831,South,PATIALA,PATIALA RAOD,Unplanned,Closed,2026-10-05T14:05:00Z,2026-10-05T14:30:00Z,25
1952829,West,MUKATSAR,Dhani Sucha Singh (Old Chakra),Unplanned,Closed,2026-10-05T14:04:00Z,2026-10-05T15:10:00Z,66
1952827,South,PATIALA,SURAJPUR,Unplanned,Closed,2026-10-05T14:03:00Z,2026-10-05T14:42:00Z,39
1952826,Border,GURDASPUR,Roranwali 24 hrs.,Unplanned,Closed,2026-10-05T14:02:00Z,2026-10-05T17:02:00Z,180
1952835,North,JALANDHAR,MANDI,Unplanned,Closed,2026-10-05T14:01:00Z,2026-10-05T14:21:00Z,20
1952814,Central,KHANNA,Shamshpur UPS,Planned,Closed,2026-10-05T14:00:43Z,2026-10-05T17:00:43Z,180
1952813,Central,KHANNA,KARTAR AGRO,Planned,Closed,2026-10-05T14:00:43Z,2026-10-05T17:00:43Z,180
1952812,Central,KHANNA,Akalgarh,Planned,Closed,2026-10-05T14:00:43Z,2026-10-05T17:00:43Z,180
1952811,Central,KHANNA,ghunder,Planned,Closed,2026-10-05T14:00:43Z,2026-10-05T17:00:43Z,180
1952810,Central,KHANNA,Patiala Road,Planned,Closed,2026-10-05T14:00:43Z,2026-10-05T17:00:43Z,180
1952809,Central,KHANNA,CHASWAL UPS,Planned,Closed,2026-10-05T14:00:43Z,2026-10-05T17:00:43Z,180
1952808,Central,KHANNA,Bhadson,Planned,Closed,2026-10-05T14:00:43Z,2026-10-05T17:00:43Z,180
1952837,South,SANGRUR,AMBEKAR NAGAR,Unplanned,Closed,2026-10-05T14:00:00Z,2026-10-05T15:00:00Z,60
1952845,East,ROPAR,Chandpur,Unplanned,Closed,2026-10-05T13:50:00Z,2026-10-05T15:05:00Z,75
1952824,Border,CITY AMRITSAR,NAVANKOT,Planned,Closed,2026-10-05T13:49:41Z,2026-10-05T19:01:41Z,312
1952823,Border,CITY AMRITSAR,11 KV Haripura Feeder,Planned,Closed,2026-10-05T13:49:41Z,2026-10-05T19:02:41Z,313
1952822,Border,CITY AMRITSAR,DHAPAI INDUSTRIAL,Planned,Closed,2026-10-05T13:49:41Z,2026-10-05T19:02:41Z,313
1952821,Border,CITY AMRITSAR,KHOO BHALLA,Planned,Closed,2026-10-05T13:49:41Z,2026-10-05T19:03:44Z,314
1952820,Border,CITY AMRITSAR,GURUDWARA TAPOWAN,Planned,Closed,2026-10-05T13:49:41Z,2026-10-05T19:02:53Z,313
1952819,Border,CITY AMRITSAR,BHANDARI CHOWK,Planned,Closed,2026-10-05T13:49:41Z,2026-10-05T19:02:41Z,313
1952818,Border,CITY AMRITSAR,KISHANKOT,Planned,Closed,2026-10-05T13:49:41Z,2026-10-05T19:03:41Z,314
1952825,South,PATIALA,SYL,Unplanned,Closed,2026-10-05T13:48:00Z,2026-10-05T15:10:00Z,82
1952807,West,MUKATSAR,FAZILKA ROAD,Unplanned,Closed,2026-10-05T13:44:00Z,2026-10-05T14:12:00Z,28
1952806,Border,SUB URBAN AMRITSAR,GURU NANAKPURA,Planned,Closed,2026-10-05T13:40:00Z,2026-10-05T17:50:00Z,250
1952817,Border,GURDASPUR,Gorsiya,Unplanned,Closed,2026-10-05T13:35:00Z,2026-10-05T17:15:00Z,220
1952800,South,SANGRUR,City-I,Planned,Closed,2026-10-05T13:32:00Z,2026-10-05T13:47:41Z,15
1952815,East,ROPAR,SHIVJOT,Unplanned,Closed,2026-10-05T13:30:00Z,2026-10-05T14:21:00Z,51
1952801,North,JALANDHAR,KLARWARA GATE,Unplanned,Closed,2026-10-05T13:30:00Z,2026-10-05T14:05:00Z,35
1952805,East,MOHALI,11KV NADIALI AP,Unplanned,Closed,2026-10-05T13:27:00Z,2026-10-05T13:45:56Z,18
1952799,North,HOSHIARPUR,khudda,Planned,Closed,2026-10-05T13:20:00Z,2026-10-05T15:25:00Z,125
1952798,North,JALANDHAR,JANDAILI,Unplanned,Closed,2026-10-05T13:15:00Z,2026-10-05T13:30:00Z,15
1952796,Border,GURDASPUR,Taragarh,Unplanned,Closed,2026-10-05T13:15:00Z,2026-10-05T15:02:00Z,107
1952795,Border,GURDASPUR,Pakho Chack,Unplanned,Closed,2026-10-05T13:15:00Z,2026-10-05T15:03:00Z,108
1952792,Border,GURDASPUR,Taragarh Cat-1,Unplanned,Closed,2026-10-05T13:14:00Z,2026-10-05T15:03:00Z,109
1952791,Border,GURDASPUR,Saidipur,Unplanned,Closed,2026-10-05T13:14:00Z,2026-10-05T15:02:00Z,108
1952797,North,HOSHIARPUR,D.C ROAD,Unplanned,Closed,2026-10-05T13:10:00Z,2026-10-05T13:32:00Z,22
1952793,North,HOSHIARPUR,Chabbewal,Unplanned,Closed,2026-10-05T13:10:00Z,2026-10-05T13:30:00Z,20
1952770,West,MUKATSAR,11 KV Alamgarh,Planned,Closed,2026-10-05T13:07:32Z,2026-10-05T18:17:48Z,310
1952794,South,PATIALA,Arya Samaj,Unplanned,Closed,2026-10-05T13:05:00Z,2026-10-05T14:30:00Z,85
1952788,Border,GURDASPUR,Basrawan,Unplanned,Closed,2026-10-05T13:05:00Z,2026-10-05T13:45:00Z,40
1952787,Central,KHANNA,HUSSIANPURA,Unplanned,Closed,2026-10-05T13:00:22Z,2026-10-05T19:21:22Z,381
1952816,Central,CITY EAST LUDHIANA,JAIL ROAD,Unplanned,Closed,2026-10-05T13:00:00Z,2026-10-05T14:30:00Z,90
1952781,South,PATIALA,Thuhi Road,Unplanned,Closed,2026-10-05T12:57:00Z,2026-10-05T14:40:00Z,103
1952786,East,Zirakpur,11 kv adda jhungia cat-1,Unplanned,Closed,2026-10-05T12:56:00Z,2026-10-05T13:54:00Z,58
1952782,South,SANGRUR,SANGTIWALA,Planned,Closed,2026-10-05T12:55:59Z,2026-10-05T15:28:25Z,152
1952771,West,MUKATSAR,11 KV KIKKER KHERA,Planned,Closed,2026-10-05T12:51:05Z,2026-10-05T13:06:25Z,15
1952790,West,FARIDKOT,Nathewala,Planned,Closed,2026-10-05T12:50:00Z,2026-10-05T13:50:00Z,60
1952780,South,PATIALA,UPS 3-Wire Shambhu,Unplanned,Closed,2026-10-05T12:48:00Z,2026-10-05T13:50:00Z,62
1952773,Border,GURDASPUR,Paniar,Unplanned,Closed,2026-10-05T12:47:00Z,2026-10-05T14:01:00Z,74
1952784,East,MOHALI,BASMA,Planned,Closed,2026-10-05T12:46:00Z,2026-10-05T14:23:55Z,97
1952783,East,MOHALI,KHERIGURNA AP,Planned,Closed,2026-10-05T12:46:00Z,2026-10-05T14:23:55Z,97
1952775,East,MOHALI,Nirankari feeder,Planned,Closed,2026-10-05T12:45:00Z,2026-10-05T13:57:00Z,72
1952774,East,MOHALI,Janta colony,Planned,Closed,2026-10-05T12:45:00Z,2026-10-05T13:57:00Z,72
1952789,South,PATIALA,GURU NANAK NAGAR,Unplanned,Closed,2026-10-05T12:42:00Z,2026-10-05T13:32:00Z,50
1952779,West,FARIDKOT,11KV Circular Road,Planned,Closed,2026-10-05T12:36:00Z,2026-10-05T14:33:00Z,117
1952778,West,FARIDKOT,11KV GREEN AVENUE,Planned,Closed,2026-10-05T12:36:00Z,2026-10-05T14:33:00Z,117
1952777,West,FARIDKOT,POLICE LINE,Planned,Closed,2026-10-05T12:36:00Z,2026-10-05T14:33:00Z,117
1952776,West,FARIDKOT,11 KV GURU ANGAD DEV G UPS,Planned,Closed,2026-10-05T12:36:00Z,2026-10-05T14:33:00Z,117
1952772,West,FARIDKOT,JAITO CITY,Planned,Closed,2026-10-05T12:32:00Z,2026-10-05T13:35:00Z,63
1952764,Central,KHANNA,GTB Nagar,Unplanned,Closed,2026-10-05T12:32:00Z,2026-10-05T14:30:00Z,118
1952761,Central,KHANNA,Bhamaddi,Planned,Closed,2026-10-05T12:30:00Z,2026-10-05T16:10:00Z,220
1952754,Border,GURDASPUR,CITY AWANKHA,Unplanned,Closed,2026-10-05T12:26:00Z,2026-10-05T12:55:00Z,29
1952763,Border,SUB URBAN AMRITSAR,silverstate,Planned,Closed,2026-10-05T12:25:00Z,2026-10-05T13:25:00Z,60
1952762,Border,SUB URBAN AMRITSAR,11 kv New Greenland,Planned,Closed,2026-10-05T12:25:00Z,2026-10-05T17:48:23Z,323
1952752,North,JALANDHAR,11 KV BABA MOHAN DASS NAGAR,Unplanned,Closed,2026-10-05T12:23:35Z,2026-10-05T12:55:39Z,32
1952802,East,MOHALI,11KV HANSALA UPS FEEDER,Unplanned,Closed,2026-10-05T12:20:00Z,2026-10-05T14:13:33Z,113
1952749,West,MUKATSAR,11 KV Bhagsar UPS,Unplanned,Closed,2026-10-05T12:18:56Z,2026-10-05T13:07:05Z,48
1952748,West,MUKATSAR,11 KB BAZIDPURA,Unplanned,Closed,2026-10-05T12:18:29Z,2026-10-05T13:07:36Z,49
1952747,West,MUKATSAR,11 KV SUKHCHAIN,Unplanned,Closed,2026-10-05T12:18:11Z,2026-10-05T13:07:19Z,49
1952760,North,NAWANSHAHR,11 KV Begam Pur,Unplanned,Closed,2026-10-05T12:15:00Z,2026-10-05T14:05:00Z,110
1952759,North,NAWANSHAHR,City-1,Unplanned,Closed,2026-10-05T12:15:00Z,2026-10-05T14:05:00Z,110
1952758,North,NAWANSHAHR,Dana Mandi,Unplanned,Closed,2026-10-05T12:15:00Z,2026-10-05T14:05:00Z,110
1952756,North,NAWANSHAHR,11 KV Railway Road,Unplanned,Closed,2026-10-05T12:15:00Z,2026-10-05T14:05:00Z,110
1952755,North,NAWANSHAHR,Saloh Road,Unplanned,Closed,2026-10-05T12:15:00Z,2026-10-05T14:05:00Z,110
1952753,North,NAWANSHAHR,Rahon Road,Unplanned,Closed,2026-10-05T12:15:00Z,2026-10-05T14:05:00Z,110
1952751,South,PATIALA,UPS TEPLA,Unplanned,Closed,2026-10-05T12:15:00Z,2026-10-05T12:25:00Z,10
1952750,East,MOHALI,11 KV Gura,Unplanned,Closed,2026-10-05T12:15:00Z,2026-10-05T12:45:00Z,30
1952757,North,JALANDHAR,11KV Baba Makhan Shah Lubana,Unplanned,Closed,2026-10-05T12:12:00Z,2026-10-05T12:24:00Z,12
1952745,North,NAWANSHAHR,ups raipur dabba,Unplanned,Closed,2026-10-05T12:12:00Z,2026-10-05T13:32:00Z,80
1952743,North,NAWANSHAHR,Lalo Mazara,Unplanned,Closed,2026-10-05T12:12:00Z,2026-10-05T13:32:00Z,80
1952746,South,PATIALA,BABA DEEP SINGH,Planned,Closed,2026-10-05T12:10:00Z,2026-10-05T14:20:00Z,130
1952740,North,JALANDHAR,11 KV BHANOKI LINK FEEDER,Planned,Closed,2026-10-05T12:10:00Z,2026-10-05T15:57:00Z,227
1952741,South,SANGRUR,AMBEKAR NAGAR,Unplanned,Closed,2026-10-05T12:08:00Z,2026-10-05T13:50:00Z,102
1952739,Central,CITY WEST LUDHIANA,HOUSEFED,Planned,Closed,2026-10-05T12:06:48Z,2026-10-05T13:20:00Z,73
1952738,Central,CITY WEST LUDHIANA,B.V.M.,Planned,Closed,2026-10-05T12:06:48Z,2026-10-05T13:20:00Z,73
1952736,Central,CITY WEST LUDHIANA,URBAN ESTATE PH-2,Planned,Closed,2026-10-05T12:06:48Z,2026-10-05T13:20:00Z,73
1952735,Central,CITY WEST LUDHIANA,A W H O,Planned,Closed,2026-10-05T12:06:48Z,2026-10-05T13:20:00Z,73
1952734,Central,CITY WEST LUDHIANA,PHULLANWAL,Planned,Closed,2026-10-05T12:06:48Z,2026-10-05T13:20:00Z,73
1952733,Central,CITY WEST LUDHIANA,BASANT AVENUE,Planned,Closed,2026-10-05T12:06:48Z,2026-10-05T13:20:00Z,73
1952742,South,PATIALA,Gurbax Colony,Unplanned,Closed,2026-10-05T12:06:00Z,2026-10-05T12:40:00Z,34
1952785,Border,SUB URBAN AMRITSAR,City 2,Planned,Closed,2026-10-05T12:05:00Z,2026-10-05T15:00:00Z,175
1952731,Central,KHANNA,GT ROAD 2,Planned,Closed,2026-10-05T12:05:00Z,2026-10-05T15:46:12Z,221
1952732,Central,CITY WEST LUDHIANA,BANK  COLONY,Planned,Closed,2026-10-05T12:03:11Z,2026-10-05T12:28:16Z,25
1952730,Central,KHANNA,GT ROAD 1,Planned,Closed,2026-10-05T12:02:01Z,2026-10-05T15:45:07Z,223
1952744,East,ROPAR,11 KV Arya College Road,Planned,Closed,2026-10-05T12:00:00Z,2026-10-05T14:17:00Z,137
1952725,Central,KHANNA,LALHERI ROAD,Unplanned,Closed,2026-10-05T11:58:00Z,2026-10-05T12:30:00Z,32
1952722,Border,GURDASPUR,Kala Goraya,Planned,Closed,2026-10-05T11:57:00Z,2026-10-05T13:30:00Z,93
1952721,Border,GURDASPUR,Dulla Nangal,Planned,Closed,2026-10-05T11:57:00Z,2026-10-05T13:30:00Z,93
1952719,Border,GURDASPUR,BhojRaj,Planned,Closed,2026-10-05T11:57:00Z,2026-10-05T13:30:00Z,93
1952729,West,MUKATSAR,MAUJGARH,Unplanned,Closed,2026-10-05T11:55:35Z,2026-10-05T12:56:43Z,61
1952728,West,MUKATSAR,DALMIR KHERA,Unplanned,Closed,2026-10-05T11:55:08Z,2026-10-05T12:56:20Z,61
1952737,East,Zirakpur,SANULI,Planned,Closed,2026-10-05T11:50:00Z,2026-10-05T14:05:00Z,135
1952717,Central,KHANNA,RAMGARH,Unplanned,Closed,2026-10-05T11:46:39Z,2026-10-05T12:25:59Z,39
1952723,Border,TARN TARAN,BALA CHAK,Unplanned,Closed,2026-10-05T11:45:00Z,2026-10-05T12:20:00Z,35
1952715,North,JALANDHAR,NURPUR UPS,Unplanned,Closed,2026-10-05T11:41:00Z,2026-10-05T11:56:00Z,15
1952727,East,MOHALI,11kv Saidpura,Unplanned,Closed,2026-10-05T11:40:00Z,2026-10-05T12:20:00Z,40
1952724,East,MOHALI,11 KV GIDDARPUR AP,Unplanned,Closed,2026-10-05T11:40:00Z,2026-10-05T12:20:00Z,40
1952720,West,FEROZPUR,RINGMAIN B,Unplanned,Closed,2026-10-05T11:40:00Z,2026-10-05T12:00:00Z,20
1952718,Border,GURDASPUR,Dulla Nangal,Unplanned,Closed,2026-10-05T11:40:00Z,2026-10-05T11:45:00Z,5
1952716,South,SANGRUR,UPS ROREWALA (Grid Kohrian),Unplanned,Closed,2026-10-05T11:40:00Z,2026-10-05T15:55:00Z,255
1952714,West,MUKATSAR,11 KV KANDHWALA UPS,Unplanned,Closed,2026-10-05T11:36:00Z,2026-10-05T13:25:00Z,109
1952713,West,MUKATSAR,11 KV KULAR,Unplanned,Closed,2026-10-05T11:36:00Z,2026-10-05T13:25:00Z,109
1952712,West,MUKATSAR,11 KV BHAGU,Unplanned,Closed,2026-10-05T11:36:00Z,2026-10-05T13:25:00Z,109
1952701,West,MUKATSAR,New Patrewala UPS,Unplanned,Closed,2026-10-05T11:31:50Z,2026-10-05T12:22:03Z,50
1952702,West,MUKATSAR,11 KV Danewala AP,Unplanned,Closed,2026-10-05T11:31:47Z,2026-10-05T12:22:57Z,51
1952705,South,PATIALA,Dakala Urban,Unplanned,Closed,2026-10-05T11:30:00Z,2026-10-05T12:35:00Z,65
1952703,North,KAPURTHALA,Bangiwal UPS,Unplanned,Closed,2026-10-05T11:30:00Z,2026-10-05T12:45:00Z,75
1952667,North,KAPURTHALA,JALLOW KHANNA URBAN,Planned,Closed,2026-10-05T11:30:00Z,2026-10-05T14:50:00Z,200
1952700,Border,GURDASPUR,Pakho Chack,Unplanned,Closed,2026-10-05T11:29:00Z,2026-10-05T13:04:00Z,95
1952699,Border,GURDASPUR,Taragarh,Unplanned,Closed,2026-10-05T11:29:00Z,2026-10-05T13:04:00Z,95
1952698,Border,GURDASPUR,Taragarh Cat-1,Unplanned,Closed,2026-10-05T11:28:00Z,2026-10-05T13:04:00Z,96
1952697,Border,GURDASPUR,Saidipur,Unplanned,Closed,2026-10-05T11:28:00Z,2026-10-05T13:04:00Z,96
1952711,East,ROPAR,11 KV Paharpur,Planned,Closed,2026-10-05T11:25:00Z,2026-10-05T12:33:52Z,68
1952704,North,JALANDHAR,PUNJABI BAGH,Unplanned,Closed,2026-10-05T11:25:00Z,2026-10-05T12:05:00Z,40
1952696,Central,KHANNA,LALHERI ROAD,Unplanned,Closed,2026-10-05T11:25:00Z,2026-10-05T11:26:00Z,1
1952710,South,PATIALA,Urban Estate Phase -4,Unplanned,Closed,2026-10-05T11:24:36Z,2026-10-05T11:56:42Z,32
1952666,Border,SUB URBAN AMRITSAR,KAMBO,Planned,Closed,2026-10-05T11:20:00Z,2026-10-05T17:50:00Z,390
1952665,Border,SUB URBAN AMRITSAR,BAL SACHANDER,Planned,Closed,2026-10-05T11:20:00Z,2026-10-05T17:50:00Z,390
1952709,East,Zirakpur,RAIL VIHAR,Planned,Closed,2026-10-05T11:19:00Z,2026-10-05T12:19:00Z,60
1952708,East,Zirakpur,ZIRAKPUR-1,Planned,Closed,2026-10-05T11:19:00Z,2026-10-05T12:19:00Z,60
1952707,East,Zirakpur,SAVITRYGREEN,Planned,Closed,2026-10-05T11:19:00Z,2026-10-05T12:19:00Z,60
1952706,East,Zirakpur,ORBIT,Planned,Closed,2026-10-05T11:19:00Z,2026-10-05T12:19:00Z,60
1952695,Border,TARN TARAN,SHERON UPS,Unplanned,Closed,2026-10-05T11:15:00Z,2026-10-05T11:50:00Z,35
1952768,Border,SUB URBAN AMRITSAR,Bhararri Wal,Unplanned,Closed,2026-10-05T11:10:00Z,2026-10-05T13:58:00Z,168
1952767,Border,SUB URBAN AMRITSAR,Satnam Nagar,Unplanned,Closed,2026-10-05T11:10:00Z,2026-10-05T13:58:00Z,168
1952766,Border,SUB URBAN AMRITSAR,Central Jaail,Unplanned,Closed,2026-10-05T11:10:00Z,2026-10-05T13:58:00Z,168
1952670,North,HOSHIARPUR,khudda,Planned,Closed,2026-10-05T11:10:00Z,2026-10-05T11:37:00Z,27
1952669,North,HOSHIARPUR,Ahiapur,Planned,Closed,2026-10-05T11:10:00Z,2026-10-05T12:21:00Z,71
1952668,North,HOSHIARPUR,URMAR,Planned,Closed,2026-10-05T11:10:00Z,2026-10-05T12:22:00Z,72
1952661,South,SANGRUR,UBHIA UPS,Planned,Closed,2026-10-05T11:10:00Z,2026-10-05T12:50:00Z,100
1952652,Central,KHANNA,Barmalipur city,Planned,Closed,2026-10-05T11:10:00Z,2026-10-05T12:45:00Z,95
1952663,East,MOHALI,11 KV Manohar,Planned,Closed,2026-10-05T11:08:00Z,2026-10-05T13:19:00Z,131
1952662,East,MOHALI,JANTI DEVI,Planned,Closed,2026-10-05T11:08:00Z,2026-10-05T13:19:00Z,131
1952648,West,MUKATSAR,11 KV Sappan wali,Planned,Closed,2026-10-05T11:05:55Z,2026-10-05T12:56:04Z,110
1952681,South,PATIALA,11 KV NEXGEN FEEDER,Unplanned,Closed,2026-10-05T11:05:45Z,2026-10-05T11:23:45Z,18
1952680,South,PATIALA,11 KV BANK FEEDER,Unplanned,Closed,2026-10-05T11:05:45Z,2026-10-05T11:23:19Z,17
1952679,South,PATIALA,11 KV UPS-2 ?azror Feeder,Unplanned,Closed,2026-10-05T11:05:45Z,2026-10-05T11:23:30Z,17
1952678,South,PATIALA,11 KV URBAN ESTATE,Unplanned,Closed,2026-10-05T11:05:45Z,2026-10-05T11:23:41Z,17
1952677,South,PATIALA,11 KV UPS 1,Unplanned,Closed,2026-10-05T11:05:45Z,2026-10-05T11:23:52Z,18
1952676,South,PATIALA,rajpura road,Unplanned,Closed,2026-10-05T11:05:45Z,2026-10-05T11:23:04Z,17
1952675,South,PATIALA,spade mettalices,Unplanned,Closed,2026-10-05T11:05:45Z,2026-10-05T11:23:45Z,18
1952674,South,PATIALA,PUNJABI UNIVERSITY,Unplanned,Closed,2026-10-05T11:05:45Z,2026-10-05T11:23:26Z,17
1952673,South,PATIALA,11 KV MILKFOOD,Unplanned,Closed,2026-10-05T11:05:45Z,2026-10-05T11:23:35Z,17
1952672,South,PATIALA,11 KV BAHADURGARH,Unplanned,Closed,2026-10-05T11:05:45Z,2026-10-05T11:23:45Z,18
1952671,South,PATIALA,11 kV MDB FEEDER,Unplanned,Closed,2026-10-05T11:05:45Z,2026-10-05T11:23:45Z,18
1952694,South,PATIALA,Urban Estate Phase -4,Unplanned,Closed,2026-10-05T11:05:32Z,2026-10-05T11:23:37Z,18
1952693,South,PATIALA,URBAN ESTATE,Unplanned,Closed,2026-10-05T11:05:32Z,2026-10-05T11:23:47Z,18
1952692,South,PATIALA,DEELWAL,Unplanned,Closed,2026-10-05T11:05:32Z,2026-10-05T11:23:00Z,17
1952691,South,PATIALA,FRIENDS COLONY,Unplanned,Closed,2026-10-05T11:05:32Z,2026-10-05T11:23:12Z,17
1952690,South,PATIALA,PROFESSOR COLONY,Unplanned,Closed,2026-10-05T11:05:32Z,2026-10-05T11:23:23Z,17
1952689,South,PATIALA,DAV FEEDER,Unplanned,Closed,2026-10-05T11:05:32Z,2026-10-05T11:23:30Z,17
1952688,South,PATIALA,Rishi Colony Feeder,Unplanned,Closed,2026-10-05T11:05:32Z,2026-10-05T11:23:39Z,18
1952687,South,PATIALA,MEHTA COLONY,Unplanned,Closed,2026-10-05T11:05:32Z,2026-10-05T11:23:47Z,18
1952686,South,PATIALA,BANK FEEDER,Unplanned,Closed,2026-10-05T11:05:32Z,2026-10-05T11:23:56Z,18
1952685,South,PATIALA,ALL INDIA RADIO,Unplanned,Closed,2026-10-05T11:05:32Z,2026-10-05T11:23:06Z,17
1952684,South,PATIALA,SALARIA VIHAR,Unplanned,Closed,2026-10-05T11:05:32Z,2026-10-05T11:23:14Z,17
1952683,South,PATIALA,Panchvati Feeder,Unplanned,Closed,2026-10-05T11:05:32Z,2026-10-05T11:23:24Z,17
1952664,East,Zirakpur,ESCON ERENA,Planned,Closed,2026-10-05T11:05:00Z,2026-10-05T11:45:00Z,40
1952656,West,BATHINDA,VISHAL NAGAR,Planned,Closed,2026-10-05T11:03:00Z,2026-10-05T16:10:51Z,307
1952654,West,MUKATSAR,FAZILKA ROAD,Unplanned,Closed,2026-10-05T11:02:00Z,2026-10-05T12:32:00Z,90
1952653,North,HOSHIARPUR,RAMGHAR,Unplanned,Closed,2026-10-05T11:02:00Z,2026-10-05T11:12:00Z,10
1952649,North,JALANDHAR,11 KV MAKSUDPUR,Planned,Closed,2026-10-05T11:01:50Z,2026-10-05T13:30:38Z,148
1952647,Central,KHANNA,LIBRA,Unplanned,Closed,2026-10-05T11:01:44Z,2026-10-05T11:45:00Z,43
1952660,East,MOHALI,LOGISTIC,Planned,Closed,2026-10-05T11:01:00Z,2026-10-05T12:45:41Z,104
1952659,East,MOHALI,SIGMA,Planned,Closed,2026-10-05T11:01:00Z,2026-10-05T12:45:21Z,104
1952658,East,MOHALI,MOHIKALAN UPS,Planned,Closed,2026-10-05T11:01:00Z,2026-10-05T12:45:49Z,104
1952657,East,MOHALI,GHARAMA AP,Planned,Closed,2026-10-05T11:01:00Z,2026-10-05T12:45:39Z,104
1952655,East,MOHALI,BASMA,Planned,Closed,2026-10-05T11:01:00Z,2026-10-05T12:45:27Z,104
1952650,East,MOHALI,KHERIGURNA AP,Planned,Closed,2026-10-05T11:01:00Z,2026-10-05T12:45:10Z,104
1952540,North,JALANDHAR,11KV HOUSING BOARD,Planned,Closed,2026-10-05T11:00:55Z,2026-10-05T14:00:55Z,180
1952539,North,JALANDHAR,11KV NIKKU PARK,Planned,Closed,2026-10-05T11:00:55Z,2026-10-05T14:00:55Z,180
1952538,North,JALANDHAR,SABOWAL,Planned,Closed,2026-10-05T11:00:55Z,2026-10-05T14:00:55Z,180
1952537,North,JALANDHAR,URBAN ESTATE,Planned,Closed,2026-10-05T11:00:55Z,2026-10-05T14:00:55Z,180
1952536,North,JALANDHAR,GEETA MANDIR,Planned,Closed,2026-10-05T11:00:55Z,2026-10-05T14:00:55Z,180
1952535,North,JALANDHAR,GURU NANAK NAGAR,Planned,Closed,2026-10-05T11:00:55Z,2026-10-05T14:00:55Z,180
1952534,North,JALANDHAR,WARYAM NAGAR,Planned,Closed,2026-10-05T11:00:55Z,2026-10-05T14:00:55Z,180
1952533,North,JALANDHAR,NEW MODEL TOWN,Planned,Closed,2026-10-05T11:00:55Z,2026-10-05T14:00:55Z,180
1952532,North,JALANDHAR,GOL MARKET,Planned,Closed,2026-10-05T11:00:55Z,2026-10-05T14:00:55Z,180
1952639,Central,KHANNA,RAIYEWAL CAT-1,Planned,Closed,2026-10-05T11:00:54Z,2026-10-05T14:00:54Z,180
1952638,Central,KHANNA,Khanoura UPS,Planned,Closed,2026-10-05T11:00:54Z,2026-10-05T14:00:54Z,180
1952637,Central,KHANNA,RURKI UPS,Planned,Closed,2026-10-05T11:00:54Z,2026-10-05T14:00:54Z,180
1952636,Central,KHANNA,TIBBI UPS,Planned,Closed,2026-10-05T11:00:54Z,2026-10-05T14:00:54Z,180
1952635,Central,KHANNA,Dhangeri,Planned,Closed,2026-10-05T11:00:54Z,2026-10-05T14:00:54Z,180
1952651,West,BATHINDA,JUJHAR SINGH NAGAR,Planned,Closed,2026-10-05T11:00:00Z,2026-10-05T16:45:00Z,345
1952605,Border,GURDASPUR,Pahra,Planned,Closed,2026-10-05T11:00:00Z,2026-10-05T14:46:00Z,226
1952604,Border,SUB URBAN AMRITSAR,HOUSING BOARD COLONY,Planned,Closed,2026-10-05T11:00:00Z,2026-10-05T17:25:00Z,385
1952602,Border,SUB URBAN AMRITSAR,C-BLOCK RANJIT AVENUE,Planned,Closed,2026-10-05T11:00:00Z,2026-10-05T17:25:00Z,385
1952456,Border,SUB URBAN AMRITSAR,HAMIDPURA,Planned,Closed,2026-10-05T11:00:00Z,2026-10-05T15:50:00Z,290
1952455,Border,SUB URBAN AMRITSAR,Mahabir,Planned,Closed,2026-10-05T11:00:00Z,2026-10-05T15:50:00Z,290
1952394,Border,SUB URBAN AMRITSAR,Mustafabaad,Planned,Closed,2026-10-05T11:00:00Z,2026-10-05T15:54:00Z,294
1952393,Border,SUB URBAN AMRITSAR,VERKA IND.2,Planned,Closed,2026-10-05T11:00:00Z,2026-10-05T17:40:00Z,400
1952391,Border,SUB URBAN AMRITSAR,VERKA IND.1,Planned,Closed,2026-10-05T11:00:00Z,2026-10-05T17:40:52Z,400
1952682,South,PATIALA,new anaj mandi,Unplanned,Closed,2026-10-05T10:55:00Z,2026-10-05T11:55:00Z,60
1952646,North,HOSHIARPUR,HANDHWAL UPS,Unplanned,Closed,2026-10-05T10:55:00Z,2026-10-05T12:45:00Z,110
1952633,West,FEROZPUR,BASTI TANKAN WALI,Planned,Closed,2026-10-05T10:51:00Z,2026-10-05T15:32:00Z,281
1952643,West,MUKATSAR,Gaushala,Unplanned,Closed,2026-10-05T10:50:42Z,2026-10-05T11:21:05Z,30
1952645,North,HOSHIARPUR,HARKOWAL,Planned,Closed,2026-10-05T10:50:00Z,2026-10-05T12:47:00Z,117
1952644,North,HOSHIARPUR,Tajowal,Planned,Closed,2026-10-05T10:50:00Z,2026-10-05T12:45:00Z,115
1952642,North,HOSHIARPUR,Lajwanti Stadium,Unplanned,Closed,2026-10-05T10:50:00Z,2026-10-05T11:25:00Z,35
1952641,West,MUKATSAR,11 KV TAJA PATTI,Unplanned,Closed,2026-10-05T10:48:00Z,2026-10-05T11:08:00Z,20
1952640,West,MUKATSAR,11 KV DHARANGWALA,Unplanned,Closed,2026-10-05T10:48:00Z,2026-10-05T11:08:00Z,20
1952634,North,KAPURTHALA,URBAN Malsian,Unplanned,Closed,2026-10-05T10:40:00Z,2026-10-05T12:00:00Z,80
1952726,South,BARNALA,U.P.S. KALEKE,Unplanned,Closed,2026-10-05T10:35:00Z,2026-10-05T14:35:00Z,240
1952632,North,KAPURTHALA,MALL ROAD URBAN,Unplanned,Closed,2026-10-05T10:35:00Z,2026-10-05T11:30:00Z,55
1952631,South,SANGRUR,11 KV SATOJ URBAN,Planned,Closed,2026-10-05T10:34:48Z,2026-10-05T12:32:07Z,117
1952624,North,JALANDHAR,Railway Road,Planned,Closed,2026-10-05T10:33:00Z,2026-10-05T14:25:00Z,232
1952626,North,JALANDHAR,11 KV MAKSUDPUR,Unplanned,Closed,2026-10-05T10:30:14Z,2026-10-05T11:00:42Z,30
1952630,North,KAPURTHALA,UPS DALLA,Planned,Closed,2026-10-05T10:30:00Z,2026-10-05T12:10:00Z,100
1952629,Central,KHANNA,City-3,Planned,Closed,2026-10-05T10:30:00Z,2026-10-05T15:31:00Z,301
1952625,North,NAWANSHAHR,SADHOWAL,Unplanned,Closed,2026-10-05T10:30:00Z,2026-10-05T12:19:00Z,109
1952622,West,MUKATSAR,11 KV South Avenue,Unplanned,Closed,2026-10-05T10:28:28Z,2026-10-05T11:37:30Z,69
1952628,North,NAWANSHAHR,MALEWAL,Unplanned,Closed,2026-10-05T10:25:00Z,2026-10-05T11:45:00Z,80
1952623,North,KAPURTHALA,UPS SUJOKALIA,Unplanned,Closed,2026-10-05T10:25:00Z,2026-10-05T10:45:00Z,20
1952615,North,JALANDHAR,JALPOT,Unplanned,Closed,2026-10-05T10:21:00Z,2026-10-05T11:34:00Z,73
1952627,Border,SUB URBAN AMRITSAR,MIRI PIRI,Unplanned,Closed,2026-10-05T10:20:52Z,2026-10-05T11:40:00Z,79
1952451,Border,SUB URBAN AMRITSAR,Guru ki wadali,Planned,Closed,2026-10-05T10:18:27Z,2026-10-05T14:45:29Z,267
1952621,North,KAPURTHALA,URBAN Dana mandi,Unplanned,Closed,2026-10-05T10:15:00Z,2026-10-05T11:05:00Z,50
1952617,Border,TARN TARAN,SUGAR MILL,Unplanned,Closed,2026-10-05T10:15:00Z,2026-10-05T11:10:00Z,55
1952620,Border,SUB URBAN AMRITSAR,UPS Kot Khera,Planned,Closed,2026-10-05T10:13:00Z,2026-10-05T15:52:00Z,339
1952619,Border,SUB URBAN AMRITSAR,UPS-3 Pandher,Planned,Closed,2026-10-05T10:13:00Z,2026-10-05T15:52:00Z,339
1952618,Border,SUB URBAN AMRITSAR,Tarsikka  Urban 2,Planned,Closed,2026-10-05T10:13:00Z,2026-10-05T15:52:00Z,339
1952616,Border,SUB URBAN AMRITSAR,Urban 1 Tarsika,Planned,Closed,2026-10-05T10:13:00Z,2026-10-05T15:52:00Z,339
1952614,Border,GURDASPUR,GAJIKOT,Unplanned,Closed,2026-10-05T10:12:00Z,2026-10-05T10:40:00Z,28
1952613,Border,GURDASPUR,TALIBPUR,Unplanned,Closed,2026-10-05T10:11:00Z,2026-10-05T10:40:00Z,29
1952612,South,PATIALA,11 KV Yadvindra Enclave,Unplanned,Closed,2026-10-05T10:10:19Z,2026-10-05T11:06:34Z,56
1952597,Border,SUB URBAN AMRITSAR,RAM NAGAR AP,Planned,Closed,2026-10-05T10:08:19Z,2026-10-05T18:05:25Z,477
1952596,Border,SUB URBAN AMRITSAR,NAVE NAAG AP,Planned,Closed,2026-10-05T10:05:56Z,2026-10-05T18:05:03Z,479
1952607,North,JALANDHAR,RAMA MANDI,Unplanned,Closed,2026-10-05T10:05:00Z,2026-10-05T11:05:00Z,60
1952595,Border,SUB URBAN AMRITSAR,Pandori,Planned,Closed,2026-10-05T10:04:54Z,2026-10-05T18:05:02Z,480
1952443,Border,SUB URBAN AMRITSAR,11 Kv Shere Punjab Avenue,Planned,Closed,2026-10-05T10:00:52Z,2026-10-05T13:25:00Z,204
1952442,Border,SUB URBAN AMRITSAR,M.E.S,Planned,Closed,2026-10-05T10:00:52Z,2026-10-05T15:16:00Z,315
1952441,Border,SUB URBAN AMRITSAR,Jagdambey Colony,Planned,Closed,2026-10-05T10:00:52Z,2026-10-05T15:11:00Z,310
1952440,Border,SUB URBAN AMRITSAR,SG enclave,Planned,Closed,2026-10-05T10:00:52Z,2026-10-05T13:10:00Z,189
1952439,Border,SUB URBAN AMRITSAR,KARAM PURA,Planned,Closed,2026-10-05T10:00:52Z,2026-10-05T15:40:00Z,339
1952437,Border,SUB URBAN AMRITSAR,11 kv Baba Deep Singh colony,Planned,Closed,2026-10-05T10:00:52Z,2026-10-05T15:15:00Z,314
1952435,Border,SUB URBAN AMRITSAR,MAJITHA ROAD VERKA BYE PASS,Planned,Closed,2026-10-05T10:00:52Z,2026-10-05T17:12:39Z,431
1952582,Border,SUB URBAN AMRITSAR,BOP Gagomahal,Planned,Closed,2026-10-05T10:00:31Z,2026-10-05T16:30:31Z,390
1952581,Border,SUB URBAN AMRITSAR,Baba jewan singh,Planned,Closed,2026-10-05T10:00:31Z,2026-10-05T16:30:31Z,390
1952580,Border,SUB URBAN AMRITSAR,11KV Dhurian UPS,Planned,Closed,2026-10-05T10:00:31Z,2026-10-05T16:30:31Z,390
1952579,Border,SUB URBAN AMRITSAR,11KV UPS Sahowal,Planned,Closed,2026-10-05T10:00:31Z,2026-10-05T16:30:31Z,390
1952578,Border,SUB URBAN AMRITSAR,city gaggomahal,Planned,Closed,2026-10-05T10:00:31Z,2026-10-05T16:30:31Z,390
1952549,Border,SUB URBAN AMRITSAR,11KV Granthgar,Planned,Closed,2026-10-05T10:00:26Z,2026-10-05T14:10:26Z,250
1952548,Border,SUB URBAN AMRITSAR,11KV Jagiwal,Planned,Closed,2026-10-05T10:00:26Z,2026-10-05T14:10:26Z,250
1952547,Border,SUB URBAN AMRITSAR,11KV CHAK DOGRA,Planned,Closed,2026-10-05T10:00:26Z,2026-10-05T14:10:26Z,250
1952577,Border,SUB URBAN AMRITSAR,Pandori UPS,Planned,Closed,2026-10-05T10:00:24Z,2026-10-05T16:30:24Z,390
1952576,Border,SUB URBAN AMRITSAR,RAMDASS  BOP,Planned,Closed,2026-10-05T10:00:24Z,2026-10-05T16:30:24Z,390
1952575,Border,SUB URBAN AMRITSAR,RAMDAS,Planned,Closed,2026-10-05T10:00:24Z,2026-10-05T16:30:24Z,390
1952574,Border,SUB URBAN AMRITSAR,KOTGURBAX,Planned,Closed,2026-10-05T10:00:24Z,2026-10-05T16:30:24Z,390
1952573,Border,SUB URBAN AMRITSAR,11KV Kotli Jamit Singh,Planned,Closed,2026-10-05T10:00:24Z,2026-10-05T16:30:24Z,390
1952572,Border,SUB URBAN AMRITSAR,Shampura UPS,Planned,Closed,2026-10-05T10:00:24Z,2026-10-05T16:30:24Z,390
1952571,Border,SUB URBAN AMRITSAR,AWAN,Planned,Closed,2026-10-05T10:00:24Z,2026-10-05T16:30:24Z,390
1952611,East,MOHALI,48-C,Planned,Closed,2026-10-05T10:00:00Z,2026-10-05T11:35:00Z,95
1952610,Border,SUB URBAN AMRITSAR,Urban Ekalgada,Planned,Closed,2026-10-05T10:00:00Z,2026-10-05T14:00:00Z,240
1952609,West,BATHINDA,BABA HARNAM SINGH,Planned,Closed,2026-10-05T10:00:00Z,2026-10-05T15:40:00Z,340
1952608,Border,SUB URBAN AMRITSAR,Friends Avenue,Planned,Closed,2026-10-05T10:00:00Z,2026-10-05T15:35:00Z,335
1952606,Border,TARN TARAN,UPS SARHALI MAND,Unplanned,Closed,2026-10-05T10:00:00Z,2026-10-05T10:50:00Z,50
1952601,Border,SUB URBAN AMRITSAR,District Shopping complex (DSC),Planned,Closed,2026-10-05T10:00:00Z,2026-10-05T14:00:00Z,240
1952600,West,FEROZPUR,CITY,Planned,Closed,2026-10-05T10:00:00Z,2026-10-05T18:05:00Z,485
1952599,Border,SUB URBAN AMRITSAR,Josan colony,Planned,Closed,2026-10-05T10:00:00Z,2026-10-05T18:20:00Z,500
1952594,Border,SUB URBAN AMRITSAR,NAG KALAN URBAN,Planned,Closed,2026-10-05T10:00:00Z,2026-10-05T18:05:00Z,485
1952593,Border,SUB URBAN AMRITSAR,Pandori UPS,Planned,Closed,2026-10-05T10:00:00Z,2026-10-05T18:05:00Z,485
1952592,Border,SUB URBAN AMRITSAR,DADDIAN UPS,Planned,Closed,2026-10-05T10:00:00Z,2026-10-05T18:05:00Z,485
1952591,Border,SUB URBAN AMRITSAR,Sawdeshi Korean,Planned,Closed,2026-10-05T10:00:00Z,2026-10-05T18:05:00Z,485
1952590,Border,SUB URBAN AMRITSAR,Industry NAG,Planned,Closed,2026-10-05T10:00:00Z,2026-10-05T18:05:00Z,485
1952589,Border,SUB URBAN AMRITSAR,CHAND INDUSTRY,Planned,Closed,2026-10-05T10:00:00Z,2026-10-05T18:05:00Z,485
1952588,Border,SUB URBAN AMRITSAR,KWALITY PHARMA,Planned,Closed,2026-10-05T10:00:00Z,2026-10-05T18:05:00Z,485
1952587,Border,SUB URBAN AMRITSAR,BAL KALAN INDUSTRY,Planned,Closed,2026-10-05T10:00:00Z,2026-10-05T18:05:00Z,485
1952586,Border,SUB URBAN AMRITSAR,DHANWANTRI IND,Planned,Closed,2026-10-05T10:00:00Z,2026-10-05T18:05:00Z,485
1952546,Border,SUB URBAN AMRITSAR,city-1,Planned,Closed,2026-10-05T10:00:00Z,2026-10-05T14:20:00Z,260
1952545,Border,SUB URBAN AMRITSAR,LAKHUWAL,Planned,Closed,2026-10-05T10:00:00Z,2026-10-05T14:20:00Z,260
1952544,Border,SUB URBAN AMRITSAR,City-II,Planned,Closed,2026-10-05T10:00:00Z,2026-10-05T14:20:00Z,260
1952543,Border,SUB URBAN AMRITSAR,11KV City4,Planned,Closed,2026-10-05T10:00:00Z,2026-10-05T14:20:00Z,260
1952351,Border,SUB URBAN AMRITSAR,Industrial Estate,Planned,Closed,2026-10-05T10:00:00Z,2026-10-05T15:45:11Z,345
1952349,Border,SUB URBAN AMRITSAR,KABIR PARK,Planned,Closed,2026-10-05T10:00:00Z,2026-10-05T14:00:00Z,240
1950759,Border,SUB URBAN AMRITSAR,Hakima Gate,Planned,Closed,2026-10-05T10:00:00Z,2026-10-05T14:20:00Z,260
1950758,Border,SUB URBAN AMRITSAR,Kot khalsa,Planned,Closed,2026-10-05T10:00:00Z,2026-10-05T14:20:00Z,260
1952603,Border,TARN TARAN,JEOBALA UPS,Unplanned,Closed,2026-10-05T09:55:00Z,2026-10-05T12:50:00Z,175
1952598,South,SANGRUR,11 KV KHADIAL ROAD C2,Unplanned,Closed,2026-10-05T09:45:42Z,2026-10-05T10:15:17Z,29
1952585,West,MUKATSAR,11 KV Azimgarh Urban,Unplanned,Closed,2026-10-05T09:41:31Z,2026-10-05T10:38:36Z,57
1952570,South,SANGRUR,Khokhar UPS,Planned,Closed,2026-10-05T09:32:41Z,2026-10-05T18:33:51Z,541
1952583,East,Zirakpur,ZIRAKPUR-1,Planned,Closed,2026-10-05T09:31:00Z,2026-10-05T09:51:00Z,20
1952560,Central,CITY WEST LUDHIANA,A-BLOCK,Planned,Closed,2026-10-05T09:25:28Z,2026-10-05T09:50:37Z,25
1952567,East,ROPAR,Indira nagar,Unplanned,Closed,2026-10-05T09:11:42Z,2026-10-05T09:45:25Z,33
1952566,East,ROPAR,11 KV Bhanaupli-1,Unplanned,Closed,2026-10-05T09:11:42Z,2026-10-05T09:45:45Z,34
1952565,East,ROPAR,Bhallan,Unplanned,Closed,2026-10-05T09:11:42Z,2026-10-05T09:45:19Z,33
1952564,East,ROPAR,Nikku Nangal,Unplanned,Closed,2026-10-05T09:11:42Z,2026-10-05T09:45:21Z,33
1952563,East,ROPAR,Jawahar market,Unplanned,Closed,2026-10-05T09:11:42Z,2026-10-05T09:45:43Z,34
1952562,East,ROPAR,Bhabour sahib,Unplanned,Closed,2026-10-05T09:11:42Z,2026-10-05T09:45:16Z,33
1952561,East,ROPAR,Giani market,Unplanned,Closed,2026-10-05T09:11:42Z,2026-10-05T09:45:52Z,34
1952569,East,ROPAR,Golhani,Unplanned,Closed,2026-10-05T09:11:13Z,2026-10-05T09:45:42Z,34
1952568,East,ROPAR,Jain feeder,Unplanned,Closed,2026-10-05T09:11:13Z,2026-10-05T09:45:10Z,33
1952558,Border,TARN TARAN,FELLOKE,Unplanned,Closed,2026-10-05T09:10:00Z,2026-10-05T09:35:00Z,25
1952557,North,HOSHIARPUR,11 KV KAILON,Unplanned,Closed,2026-10-05T09:10:00Z,2026-10-05T10:05:00Z,55
1952376,South,SANGRUR,UPS KUNNRAN,Planned,Closed,2026-10-05T09:00:59Z,2026-10-05T13:01:59Z,241
1952375,South,SANGRUR,11KV BAHADURPUR UPS(DUGGAN GRID),Planned,Closed,2026-10-05T09:00:59Z,2026-10-05T13:01:59Z,241
1952374,South,SANGRUR,11 KV DUGGAN URBAN,Planned,Closed,2026-10-05T09:00:59Z,2026-10-05T13:01:59Z,241
1952584,Border,SUB URBAN AMRITSAR,Mallan Wali,Planned,Closed,2026-10-05T09:00:00Z,2026-10-05T15:55:00Z,415
1952556,North,KAPURTHALA,SALAMATPUR,Unplanned,Closed,2026-10-05T08:55:00Z,2026-10-05T10:05:00Z,70
1952555,Border,GURDASPUR,CITY AWANKHA,Unplanned,Closed,2026-10-05T08:36:00Z,2026-10-05T08:59:00Z,23
1952553,Central,CITY WEST LUDHIANA,GURU NANAK STREET FEEDER,Unplanned,Closed,2026-10-05T08:35:55Z,2026-10-05T09:23:49Z,47
1952554,West,MUKATSAR,M.R. Enclave,Unplanned,Closed,2026-10-05T08:35:13Z,2026-10-05T09:27:53Z,52
1952551,West,BATHINDA,FOUJI CHOWK,Planned,Closed,2026-10-05T08:30:00Z,2026-10-05T09:20:00Z,50
1952550,West,BATHINDA,DAYA NAND,Planned,Closed,2026-10-05T08:30:00Z,2026-10-05T10:45:00Z,135
1952552,South,SANGRUR,11 KV Mata Modi Road,Unplanned,Closed,2026-10-05T08:28:00Z,2026-10-05T09:21:00Z,53
1952542,North,NAWANSHAHR,BAKAPUR,Unplanned,Closed,2026-10-05T08:10:00Z,2026-10-05T08:35:00Z,25
1952541,Border,CITY AMRITSAR,11KvTobha Bhai Salo,Unplanned,Closed,2026-10-05T08:00:00Z,2026-10-05T09:28:00Z,88
1952531,Central,KHANNA,Ratanheri,Unplanned,Closed,2026-10-05T07:45:00Z,2026-10-05T08:50:00Z,65
1952530,South,PATIALA,ANAJ MANDI,Unplanned,Closed,2026-10-05T07:35:00Z,2026-10-05T08:05:00Z,30
1952528,North,HOSHIARPUR,Tajowal,Unplanned,Closed,2026-10-05T07:30:00Z,2026-10-05T09:20:00Z,110
1952527,Central,CITY WEST LUDHIANA,UDAM SINGH,Unplanned,Closed,2026-10-05T07:25:01Z,2026-10-05T08:34:49Z,69
1952524,South,SANGRUR,ARNO UPS,Unplanned,Closed,2026-10-05T07:14:09Z,2026-10-05T07:45:34Z,31
1952529,Border,GURDASPUR,Kahnuwan City,Unplanned,Closed,2026-10-05T07:10:00Z,2026-10-05T11:30:00Z,260
1952517,Border,SUB URBAN AMRITSAR,WADALA VERAM CAT 1,Unplanned,Closed,2026-10-05T07:00:00Z,2026-10-05T09:30:00Z,150
1952515,South,PATIALA,OPH,Unplanned,Closed,2026-10-05T06:56:00Z,2026-10-05T08:58:00Z,122
1952514,Central,CITY EAST LUDHIANA,BROWN FEEDER,Unplanned,Closed,2026-10-05T06:56:00Z,2026-10-05T07:26:00Z,30
1952526,East,MOHALI,JHAMPUR FEEDER,Unplanned,Closed,2026-10-05T06:55:00Z,2026-10-05T07:42:00Z,47
1952525,East,MOHALI,11KV MANANA,Unplanned,Closed,2026-10-05T06:55:00Z,2026-10-05T07:42:00Z,47
1952513,South,SANGRUR,11 KV UBHEWAL URBAN,Unplanned,Closed,2026-10-05T06:55:00Z,2026-10-05T08:07:00Z,72
1952512,South,SANGRUR,Markfed,Unplanned,Closed,2026-10-05T06:52:00Z,2026-10-05T07:18:47Z,26
1952511,South,SANGRUR,M K Road,Unplanned,Closed,2026-10-05T06:52:00Z,2026-10-05T07:18:59Z,26
1952510,South,SANGRUR,Sangatpura,Unplanned,Closed,2026-10-05T06:52:00Z,2026-10-05T07:18:18Z,26
1952516,North,KAPURTHALA,UPS Sohal Jagir,Unplanned,Closed,2026-10-05T06:45:00Z,2026-10-05T07:33:00Z,48
1952507,Central,CITY WEST LUDHIANA,DABA ROAD FEEDER,Unplanned,Closed,2026-10-05T06:42:15Z,2026-10-05T07:09:32Z,27
1952508,South,BARNALA,KARAMGARH URBAN,Unplanned,Closed,2026-10-05T06:40:00Z,2026-10-05T10:00:00Z,200
1952509,Border,GURDASPUR,CITY-3,Unplanned,Closed,2026-10-05T06:25:00Z,2026-10-05T07:45:00Z,80
1952506,South,SANGRUR,11 KV BHRAMKUMARI,Unplanned,Closed,2026-10-05T06:20:00Z,2026-10-05T07:09:00Z,49
1952520,South,SANGRUR,G/S/S GIDRIANI,Unplanned,Closed,2026-10-05T06:12:10Z,2026-10-05T11:10:10Z,298
1952519,South,SANGRUR,Gidriani C-1,Unplanned,Closed,2026-10-05T06:12:10Z,2026-10-05T11:10:10Z,298
1952518,South,SANGRUR,Haryou UPS,Unplanned,Closed,2026-10-05T06:12:10Z,2026-10-05T11:10:10Z,298
1952523,South,SANGRUR,G/S/S DASKA,Unplanned,Closed,2026-10-05T06:12:06Z,2026-10-05T11:10:06Z,298
1952522,South,SANGRUR,24 HRS. DASKA,Unplanned,Closed,2026-10-05T06:12:06Z,2026-10-05T11:10:06Z,298
1952521,South,SANGRUR,Daska C-1,Unplanned,Closed,2026-10-05T06:12:06Z,2026-10-05T11:10:06Z,298
1952505,Central,CITY EAST LUDHIANA,SEKHEWAL,Unplanned,Closed,2026-10-05T05:55:00Z,2026-10-05T06:31:00Z,36
1952504,East,MOHALI,11KV E&G Block,Unplanned,Closed,2026-10-05T05:38:00Z,2026-10-05T06:20:00Z,42
1952503,West,MUKATSAR,11 KV Circular Road,Unplanned,Closed,2026-10-05T05:27:00Z,2026-10-05T05:56:00Z,29
1952502,South,SANGRUR,Sangatpura,Unplanned,Closed,2026-10-05T05:05:00Z,2026-10-05T06:30:00Z,85
1952501,North,HOSHIARPUR,Sarangwal,Unplanned,Closed,2026-10-05T04:26:00Z,2026-10-05T05:00:00Z,34
1952559,Central,KHANNA,Bardhalan,Unplanned,Closed,2026-10-05T03:51:19Z,2026-10-05T04:10:22Z,19
1952499,Central,CITY WEST LUDHIANA,BAROTA ROAD,Unplanned,Closed,2026-10-05T03:36:47Z,2026-10-05T04:22:06Z,45
1952498,Border,GURDASPUR,Kahnuwan City,Unplanned,Closed,2026-10-05T02:40:00Z,2026-10-05T07:02:00Z,262
1952500,North,HOSHIARPUR,Sarangwal,Unplanned,Closed,2026-10-05T02:34:00Z,2026-10-05T04:25:00Z,111
1952497,East,MOHALI,11KV MANANA,Unplanned,Closed,2026-10-05T02:20:16Z,2026-10-05T03:39:52Z,79
1952496,Central,CITY WEST LUDHIANA,PREET NAGAR FEEDER,Unplanned,Closed,2026-10-05T01:36:26Z,2026-10-05T02:20:07Z,43
1952495,West,FEROZPUR,INDUSTRIAL,Unplanned,Closed,2026-10-05T01:25:00Z,2026-10-05T02:20:00Z,55
1952494,East,MOHALI,60-A,Unplanned,Closed,2026-10-05T01:17:37Z,2026-10-05T01:57:56Z,40
1952493,Central,CITY EAST LUDHIANA,SEKHEWAL,Unplanned,Closed,2026-10-05T00:53:00Z,2026-10-05T01:22:00Z,29
1952489,North,JALANDHAR,GAZZI GULLA,Unplanned,Closed,2026-10-05T00:03:40Z,2026-10-05T00:44:57Z,41
1952491,Central,KHANNA,Jim Khana,Unplanned,Closed,2026-10-05T00:00:00Z,2026-10-05T00:36:00Z,36
1952490,Central,KHANNA,Main Bazar,Unplanned,Closed,2026-10-05T00:00:00Z,2026-10-05T00:36:00Z,36
1952492,West,FEROZPUR,Amritsari Gate,Unplanned,Closed,2026-10-04T23:48:00Z,2026-10-05T01:15:00Z,87
1952488,North,JALANDHAR,CENTRAL MILL,Unplanned,Closed,2026-10-04T23:10:00Z,2026-10-04T23:40:00Z,30
1952487,Central,KHANNA,Chopra(Naraian),Unplanned,Closed,2026-10-04T22:43:00Z,2026-10-04T23:07:00Z,24
1952484,Central,CITY WEST LUDHIANA,JAWADDI,Planned,Closed,2026-10-04T22:38:10Z,2026-10-04T22:56:35Z,18
1952486,East,MOHALI,MOULI,Unplanned,Closed,2026-10-04T22:23:25Z,2026-10-05T00:35:11Z,131
1952485,East,MOHALI,SEC 67,Unplanned,Closed,2026-10-04T22:23:25Z,2026-10-05T00:14:11Z,110
1952480,South,SANGRUR,11 KV KHADIAL ROAD C2,Unplanned,Closed,2026-10-04T22:01:00Z,2026-10-04T22:18:00Z,17
1952481,South,PATIALA,UPS 3-Wire Shambhu,Unplanned,Closed,2026-10-04T21:55:00Z,2026-10-04T23:15:00Z,80
1952479,East,MOHALI,11KV PEARL,Unplanned,Closed,2026-10-04T21:48:00Z,2026-10-04T22:14:00Z,26
1952478,South,BARNALA,BANBHOURA CAT.1,Unplanned,Closed,2026-10-04T21:15:00Z,2026-10-04T21:50:00Z,35
1952477,South,BARNALA,BANBHOURA,Unplanned,Closed,2026-10-04T21:15:00Z,2026-10-04T21:20:00Z,5
1952474,West,MUKATSAR,11 KV South Avenue,Unplanned,Closed,2026-10-04T20:55:00Z,2026-10-04T21:59:00Z,64
1952482,Border,SUB URBAN AMRITSAR,SANT BHAGAT SINGH UPS,Unplanned,Closed,2026-10-04T20:52:00Z,2026-10-05T10:10:00Z,798
1952476,Border,TARN TARAN,UPS Kotli,Unplanned,Closed,2026-10-04T20:51:00Z,2026-10-04T21:50:58Z,59
1952470,East,Zirakpur,BEGAMPURA,Unplanned,Closed,2026-10-04T20:46:00Z,2026-10-04T21:45:00Z,59
1952469,Central,CITY EAST LUDHIANA,FARID NAGAR,Unplanned,Closed,2026-10-04T20:41:00Z,2026-10-04T21:32:00Z,51
1952468,Central,CITY EAST LUDHIANA,BAL SINGH NAGAR,Unplanned,Closed,2026-10-04T20:41:00Z,2026-10-04T21:32:00Z,51
1952467,West,BATHINDA,KANCHIAN,Unplanned,Closed,2026-10-04T20:28:00Z,2026-10-04T21:23:36Z,55
1952462,South,SANGRUR,11 KV KHADIAL ROAD C2,Unplanned,Closed,2026-10-04T20:25:00Z,2026-10-04T21:54:00Z,89
1952459,North,NAWANSHAHR,11KV BARNALA,Unplanned,Closed,2026-10-04T19:51:00Z,2026-10-04T20:05:00Z,14
1952460,Border,SUB URBAN AMRITSAR,City 2,Unplanned,Closed,2026-10-04T19:47:00Z,2026-10-04T21:19:00Z,92
1952454,West,BATHINDA,Joend,Unplanned,Closed,2026-10-04T19:40:18Z,2026-10-04T23:43:18Z,243
1952453,West,BATHINDA,JAID,Unplanned,Closed,2026-10-04T19:40:18Z,2026-10-04T23:42:18Z,242
1952457,West,MUKATSAR,11 KV Azimgarh Urban,Unplanned,Closed,2026-10-04T19:39:09Z,2026-10-04T20:08:18Z,29
1952452,North,HOSHIARPUR,BHOGPUR NO 2,Unplanned,Closed,2026-10-04T19:32:00Z,2026-10-04T19:50:00Z,18
1952458,South,BARNALA,MEHAL KALAN CITY,Unplanned,Closed,2026-10-04T19:30:00Z,2026-10-04T19:50:00Z,20
1952448,South,SANGRUR,Sangatpura,Unplanned,Closed,2026-10-04T19:25:00Z,2026-10-04T21:20:48Z,115
1952447,North,HOSHIARPUR,Bhogpur,Unplanned,Closed,2026-10-04T19:20:00Z,2026-10-04T20:19:00Z,59
1952446,East,Zirakpur,BEGAMPURA,Planned,Closed,2026-10-04T19:01:00Z,2026-10-04T19:25:00Z,24
1952445,South,PATIALA,DEELWAL,Unplanned,Closed,2026-10-04T18:50:00Z,2026-10-04T19:15:00Z,25
1952444,North,JALANDHAR,TV TOWER,Unplanned,Closed,2026-10-04T18:35:00Z,2026-10-04T19:20:00Z,45
1952436,West,MUKATSAR,11 KV SAIDANWALI,Planned,Closed,2026-10-04T18:30:27Z,2026-10-04T19:01:42Z,31
1952438,North,JALANDHAR,11 KV BABA MOHAN DASS NAGAR,Unplanned,Closed,2026-10-04T18:15:49Z,2026-10-04T19:15:15Z,59
1952431,West,MUKATSAR,11 KV GANGA NAGAR ROAD,Unplanned,Closed,2026-10-04T18:12:41Z,2026-10-04T18:41:48Z,29
1952432,North,JALANDHAR,BABA GADHIYA,Unplanned,Closed,2026-10-04T18:05:00Z,2026-10-04T18:40:00Z,35
1952429,North,NAWANSHAHR,UPS-2,Unplanned,Closed,2026-10-04T18:05:00Z,2026-10-04T18:40:00Z,35
1952428,East,Zirakpur,Bhudda Sahib,Planned,Closed,2026-10-04T17:55:00Z,2026-10-04T18:38:00Z,43
1952427,East,Zirakpur,BEGAMPURA,Unplanned,Closed,2026-10-04T17:55:00Z,2026-10-04T18:00:00Z,5
1952422,Central,SUB URBAN LUDHIANA,UPS,Unplanned,Closed,2026-10-04T17:50:00Z,2026-10-04T18:30:00Z,40
1952421,South,SANGRUR,11 KV Khadial Cat-1,Unplanned,Closed,2026-10-04T17:46:00Z,2026-10-04T19:15:00Z,89
1952425,West,FEROZPUR,COURT FEEDER,Unplanned,Closed,2026-10-04T17:45:00Z,2026-10-04T21:40:00Z,235
1952424,West,MUKATSAR,11 KV Azimgarh Urban,Unplanned,Closed,2026-10-04T17:42:00Z,2026-10-04T19:22:16Z,100
1952423,Border,TARN TARAN,Dhotian UPS (KMK),Unplanned,Closed,2026-10-04T17:35:00Z,2026-10-04T19:45:00Z,130
1952415,East,MOHALI,11 KV Sec-60 C,Unplanned,Closed,2026-10-04T17:29:12Z,2026-10-04T18:05:00Z,35
1952414,East,MOHALI,Janta colony,Unplanned,Closed,2026-10-04T17:24:27Z,2026-10-04T18:15:41Z,51
1952408,Central,CITY WEST LUDHIANA,SATPAL MITTAL,Planned,Closed,2026-10-04T17:13:44Z,2026-10-04T17:44:01Z,30
1952407,West,BATHINDA,MAL SINGH WALA UPS,Unplanned,Closed,2026-10-04T17:10:00Z,2026-10-04T17:30:00Z,20
1952398,West,FARIDKOT,SAMAGH UPS,Planned,Closed,2026-10-04T17:08:42Z,2026-10-04T17:35:00Z,26
1952417,North,KAPURTHALA,URBAN Dana mandi,Unplanned,Closed,2026-10-04T17:05:00Z,2026-10-04T18:40:00Z,95
1952406,Central,CITY WEST LUDHIANA,SHIMLA PURI FEEDER,Planned,Closed,2026-10-04T17:02:00Z,2026-10-04T18:50:38Z,108
1952405,Central,CITY WEST LUDHIANA,PREET NAGAR FEEDER,Planned,Closed,2026-10-04T17:02:00Z,2026-10-04T18:50:00Z,108
1952404,Central,CITY WEST LUDHIANA,Baghi Stand,Planned,Closed,2026-10-04T17:00:00Z,2026-10-04T18:50:00Z,110
1952403,Central,CITY WEST LUDHIANA,GURU NANAK STREET FEEDER,Planned,Closed,2026-10-04T17:00:00Z,2026-10-04T18:50:00Z,110
1952401,Border,GURDASPUR,Basrawan,Unplanned,Closed,2026-10-04T16:55:00Z,2026-10-04T17:45:00Z,50
1952399,North,JALANDHAR,BHODE SAPRAI,Unplanned,Closed,2026-10-04T16:55:00Z,2026-10-04T17:52:00Z,57
1952412,East,MOHALI,CHARBARH UPS,Unplanned,Closed,2026-10-04T16:50:00Z,2026-10-04T17:26:30Z,36
1952411,East,MOHALI,ALAMPUR UPS,Unplanned,Closed,2026-10-04T16:50:00Z,2026-10-04T17:26:21Z,36
1952161,West,MUKATSAR,Basti Hazoor Singh,Planned,Closed,2026-10-04T16:38:52Z,2026-10-04T20:33:15Z,234
1952396,West,MUKATSAR,11 KV Dharampura,Planned,Closed,2026-10-04T16:32:46Z,2026-10-04T16:50:00Z,17
1952395,West,MUKATSAR,11 KV SAIDANWALI,Planned,Closed,2026-10-04T16:32:04Z,2026-10-04T16:50:25Z,18
1952392,South,SANGRUR,CHOTIAN CITY,Unplanned,Closed,2026-10-04T16:30:00Z,2026-10-04T17:05:00Z,35
1952397,North,JALANDHAR,DHINA,Unplanned,Closed,2026-10-04T16:26:00Z,2026-10-04T17:04:00Z,38
1952450,West,BATHINDA,JETHUKE,Unplanned,Closed,2026-10-04T16:25:19Z,2026-10-04T23:41:19Z,436
1952449,West,BATHINDA,BUGGAR,Unplanned,Closed,2026-10-04T16:25:19Z,2026-10-04T23:40:34Z,435
1952390,East,Zirakpur,Gulmohar City,Unplanned,Closed,2026-10-04T16:24:00Z,2026-10-04T17:20:00Z,56
1952388,South,PATIALA,BANERA NO. 2,Unplanned,Closed,2026-10-04T16:20:00Z,2026-10-04T17:30:00Z,70
1952387,South,PATIALA,DEWANGARH,Unplanned,Closed,2026-10-04T16:20:00Z,2026-10-04T17:30:00Z,70
1952386,South,PATIALA,PREET AGRO,Unplanned,Closed,2026-10-04T16:20:00Z,2026-10-04T17:35:00Z,75
1951830,North,JALANDHAR,RERRU,Planned,Closed,2026-10-04T16:20:00Z,2026-10-04T17:15:00Z,55
1951829,North,JALANDHAR,SAROOP NAGAR,Planned,Closed,2026-10-04T16:20:00Z,2026-10-04T17:15:00Z,55
1952410,East,MOHALI,11kv Saidpura,Unplanned,Closed,2026-10-04T16:15:00Z,2026-10-04T17:20:40Z,65
1952409,East,MOHALI,11 KV CHADIALA UPS,Unplanned,Closed,2026-10-04T16:15:00Z,2026-10-04T17:20:54Z,65
1952389,Central,KHANNA,BAGHOUR,Unplanned,Closed,2026-10-04T16:10:00Z,2026-10-04T17:26:00Z,76
1952384,South,SANGRUR,UPS GULARI,Unplanned,Closed,2026-10-04T16:10:00Z,2026-10-04T16:26:16Z,16
1952383,South,SANGRUR,Nagar khera,Unplanned,Closed,2026-10-04T16:10:00Z,2026-10-04T16:29:23Z,19
1952385,East,Zirakpur,HERMITAGE,Planned,Closed,2026-10-04T16:07:00Z,2026-10-04T17:05:00Z,58
1952382,South,SANGRUR,CITY-4 NEW,Unplanned,Closed,2026-10-04T16:01:00Z,2026-10-04T17:15:00Z,74
1952380,Border,SUB URBAN AMRITSAR,Jagdambey Colony,Unplanned,Closed,2026-10-04T15:57:03Z,2026-10-04T16:31:35Z,34
1952381,North,NAWANSHAHR,MAHIPUR,Unplanned,Closed,2026-10-04T15:55:00Z,2026-10-04T16:30:00Z,35
1952323,West,MUKATSAR,11 KV Model Town,Planned,Closed,2026-10-04T15:46:50Z,2026-10-04T16:48:00Z,61
1952319,West,MUKATSAR,11 KV LINK NO. 2,Planned,Closed,2026-10-04T15:46:40Z,2026-10-04T16:48:00Z,61
1952320,West,MUKATSAR,Sito Road,Planned,Closed,2026-10-04T15:46:28Z,2026-10-04T16:48:00Z,61
1952322,West,MUKATSAR,11 KV Town,Planned,Closed,2026-10-04T15:46:19Z,2026-10-04T16:48:00Z,61
1952321,West,MUKATSAR,Bus Stand Road,Planned,Closed,2026-10-04T15:46:13Z,2026-10-04T16:48:00Z,61
1952318,West,MUKATSAR,11 KV Panjpeer Nagar,Planned,Closed,2026-10-04T15:46:00Z,2026-10-04T16:48:00Z,62
1952378,East,Zirakpur,11 KV TEHSIL ROAD FEEDER,Unplanned,Closed,2026-10-04T15:40:00Z,2026-10-04T16:26:00Z,46
1952377,South,SANGRUR,11 KV KAMALPUR UPS,Unplanned,Closed,2026-10-04T15:30:00Z,2026-10-04T15:52:00Z,22
1952373,Central,SUB URBAN LUDHIANA,11 KV LEHRA UPS FEEDER,Unplanned,Closed,2026-10-04T15:25:00Z,2026-10-04T16:15:00Z,50
1952370,Border,GURDASPUR,Solvex,Unplanned,Closed,2026-10-04T15:24:00Z,2026-10-04T15:51:00Z,27
1952379,Border,SUB URBAN AMRITSAR,HARSHA CHHINA UPS,Unplanned,Closed,2026-10-04T15:20:00Z,2026-10-04T16:25:00Z,65
1952372,East,Zirakpur,Gulmohar City,Unplanned,Closed,2026-10-04T15:20:00Z,2026-10-04T15:55:00Z,35
1952366,South,PATIALA,Industrial ( N),Planned,Closed,2026-10-04T15:15:00Z,2026-10-04T17:10:00Z,115
1952371,West,BATHINDA,JHANDA KHURD,Planned,Closed,2026-10-04T15:10:00Z,2026-10-04T15:40:00Z,30
1952364,Central,CITY WEST LUDHIANA,GURU NANAK STREET FEEDER,Planned,Closed,2026-10-04T15:05:00Z,2026-10-04T16:58:59Z,113
1952363,Central,CITY WEST LUDHIANA,SHIMLA PURI FEEDER,Planned,Closed,2026-10-04T15:05:00Z,2026-10-04T17:00:10Z,115
1952362,Central,CITY WEST LUDHIANA,PREET NAGAR FEEDER,Planned,Closed,2026-10-04T15:05:00Z,2026-10-04T17:00:00Z,115
1952361,Central,CITY WEST LUDHIANA,Maya Soap Street,Planned,Closed,2026-10-04T15:05:00Z,2026-10-04T17:00:00Z,115
1952334,West,MUKATSAR,11 KV PUNJAB AGRO,Planned,Closed,2026-10-04T14:59:47Z,2026-10-04T16:30:02Z,90
1952360,West,MUKATSAR,11 KV SIDHU NAGRI,Unplanned,Closed,2026-10-04T14:59:09Z,2026-10-04T15:41:32Z,42
1952359,West,MUKATSAR,11 KV NAI ABADI,Unplanned,Closed,2026-10-04T14:59:09Z,2026-10-04T15:41:17Z,42
1952365,North,JALANDHAR,TK SPORTS,Unplanned,Closed,2026-10-04T14:55:33Z,2026-10-04T17:20:05Z,144
1952367,North,JALANDHAR,Bhanoki Road,Unplanned,Closed,2026-10-04T14:55:00Z,2026-10-04T15:45:00Z,50
1952358,North,HOSHIARPUR,PURHIRAN URBAN,Unplanned,Closed,2026-10-04T14:52:00Z,2026-10-04T15:52:00Z,60
1952357,West,MUKATSAR,11 KV Dharampura,Planned,Closed,2026-10-04T14:50:41Z,2026-10-04T19:16:56Z,266
1952356,West,BATHINDA,Sekhu,Unplanned,Closed,2026-10-04T14:35:00Z,2026-10-04T15:47:00Z,72
1952348,West,MUKATSAR,11 KV Alamgarh,Planned,Closed,2026-10-04T14:30:14Z,2026-10-04T19:16:00Z,285
1952354,North,HOSHIARPUR,DEVIDASS,Unplanned,Closed,2026-10-04T14:30:00Z,2026-10-04T16:10:00Z,100
1952355,West,BATHINDA,KOTLI KALAN,Unplanned,Closed,2026-10-04T14:29:00Z,2026-10-04T15:31:00Z,62
1952353,West,MUKATSAR,11 KV KIKKER KHERA,Planned,Closed,2026-10-04T14:25:05Z,2026-10-04T19:16:23Z,291
1952350,Central,CITY WEST LUDHIANA,HERKRISHAN NAGAR FEEDER,Planned,Closed,2026-10-04T14:23:00Z,2026-10-04T16:18:00Z,115
1952352,East,ROPAR,11 KV Sarsa Nangal,Unplanned,Closed,2026-10-04T14:20:00Z,2026-10-04T14:40:00Z,20
1952347,Border,TARN TARAN,Behla ups,Unplanned,Closed,2026-10-04T14:15:00Z,2026-10-04T15:30:00Z,75
1952343,North,JALANDHAR,Heera pur,Unplanned,Closed,2026-10-04T14:13:00Z,2026-10-04T14:45:00Z,32
1952346,North,HOSHIARPUR,SANDPUR,Planned,Closed,2026-10-04T14:10:00Z,2026-10-04T17:25:00Z,195
1952345,North,HOSHIARPUR,BHAMBOTAR,Planned,Closed,2026-10-04T14:10:00Z,2026-10-04T17:25:00Z,195
1952344,North,HOSHIARPUR,TALWARA,Planned,Closed,2026-10-04T14:10:00Z,2026-10-04T17:25:00Z,195
1952342,Central,CITY WEST LUDHIANA,BAROTA ROAD,Planned,Closed,2026-10-04T14:08:00Z,2026-10-04T15:55:00Z,107
1952341,Central,CITY WEST LUDHIANA,LOHARA,Planned,Closed,2026-10-04T14:08:00Z,2026-10-04T15:55:00Z,107
1952340,Central,CITY WEST LUDHIANA,MERADO FEEDER,Planned,Closed,2026-10-04T14:08:00Z,2026-10-04T15:55:00Z,107
1952339,Central,CITY WEST LUDHIANA,SATGURU NAGAR,Planned,Closed,2026-10-04T14:02:18Z,2026-10-04T15:55:53Z,113
1952338,Central,CITY WEST LUDHIANA,GURPAL NAGAR FEEDER,Planned,Closed,2026-10-04T14:02:18Z,2026-10-04T15:55:29Z,113
1952337,South,BARNALA,22 acre,Unplanned,Closed,2026-10-04T13:55:00Z,2026-10-04T16:30:00Z,155
1952335,West,MUKATSAR,11 KV Dhani Bisehesarnath,Unplanned,Closed,2026-10-04T13:53:11Z,2026-10-04T14:24:18Z,31
1952336,West,MUKATSAR,11 KV Azimgarh Urban,Unplanned,Closed,2026-10-04T13:51:30Z,2026-10-04T14:24:36Z,33
1952332,South,PATIALA,AGETI,Unplanned,Closed,2026-10-04T13:45:00Z,2026-10-04T17:30:00Z,225
1952331,South,PATIALA,SURAJPUR,Unplanned,Closed,2026-10-04T13:45:00Z,2026-10-04T17:30:00Z,225
1952329,Central,CITY EAST LUDHIANA,BASTI JODHEWAL,Unplanned,Closed,2026-10-04T13:27:00Z,2026-10-04T14:05:00Z,38
1952330,East,Zirakpur,SAINI VIHAR,Planned,Closed,2026-10-04T13:25:00Z,2026-10-04T14:15:00Z,50
1952327,South,PATIALA,UPS Mulabadha,Unplanned,Closed,2026-10-04T13:20:15Z,2026-10-04T13:55:00Z,34
1952326,South,PATIALA,UPS RAIPUR,Unplanned,Closed,2026-10-04T13:20:15Z,2026-10-04T13:55:00Z,34
1952333,West,BATHINDA,INDUSTRIAL,Unplanned,Closed,2026-10-04T13:20:00Z,2026-10-04T14:05:10Z,45
1952328,West,BATHINDA,JAITO ROAD,Unplanned,Closed,2026-10-04T13:19:00Z,2026-10-04T16:00:00Z,161
1952325,Border,SUB URBAN AMRITSAR,RANJIT AVENUE,Unplanned,Closed,2026-10-04T13:15:00Z,2026-10-04T14:44:20Z,89
1952324,North,JALANDHAR,GEETA MANDIR,Unplanned,Closed,2026-10-04T13:10:00Z,2026-10-04T14:25:00Z,75
1952317,Central,CITY WEST LUDHIANA,AS CASTING,Planned,Closed,2026-10-04T13:05:00Z,2026-10-04T17:00:00Z,235
1952316,Central,CITY WEST LUDHIANA,BAAZ,Planned,Closed,2026-10-04T13:05:00Z,2026-10-04T17:00:00Z,235
1952315,North,JALANDHAR,NIHAL GARGH,Planned,Closed,2026-10-04T13:05:00Z,2026-10-04T14:10:00Z,65
1952314,Central,CITY WEST LUDHIANA,SANGITA TOOLS,Planned,Closed,2026-10-04T13:05:00Z,2026-10-04T17:00:00Z,235
1952313,Central,CITY WEST LUDHIANA,MAHADEV FORGING,Planned,Closed,2026-10-04T13:05:00Z,2026-10-04T17:00:00Z,235
1952312,Central,CITY WEST LUDHIANA,SARTAJ,Planned,Closed,2026-10-04T13:05:00Z,2026-10-04T17:00:00Z,235
1952311,West,MUKATSAR,New Patrewala UPS,Unplanned,Closed,2026-10-04T13:01:20Z,2026-10-04T13:30:31Z,29
1952291,South,SANGRUR,Industrial (Benra),Planned,Closed,2026-10-04T13:00:00Z,2026-10-04T16:10:54Z,190
1951015,North,JALANDHAR,11KVMARKFEED FEEDER,Planned,Closed,2026-10-04T13:00:00Z,2026-10-04T16:10:00Z,190
1951014,North,JALANDHAR,GANDHI NAGAR,Planned,Closed,2026-10-04T13:00:00Z,2026-10-04T16:10:00Z,190
1951013,North,JALANDHAR,ADAMPUR,Planned,Closed,2026-10-04T13:00:00Z,2026-10-04T16:10:00Z,190
1951012,North,JALANDHAR,Chomon,Planned,Closed,2026-10-04T13:00:00Z,2026-10-04T16:10:00Z,190
1952310,Central,CITY WEST LUDHIANA,MERADO FEEDER,Planned,Closed,2026-10-04T12:58:08Z,2026-10-04T13:50:00Z,51
1952309,Central,CITY WEST LUDHIANA,BAROTA ROAD,Planned,Closed,2026-10-04T12:58:08Z,2026-10-04T13:50:00Z,51
1952308,Central,CITY WEST LUDHIANA,LOHARA,Planned,Closed,2026-10-04T12:58:08Z,2026-10-04T13:50:00Z,51
1952302,West,MUKATSAR,11 KV KANDHWALA UPS,Planned,Closed,2026-10-04T12:54:21Z,2026-10-04T13:15:52Z,21
1952306,West,BATHINDA,PHUL,Planned,Closed,2026-10-04T12:51:06Z,2026-10-04T17:04:06Z,253
1952305,West,BATHINDA,shri Guru Aagand Dev Ji,Planned,Closed,2026-10-04T12:51:06Z,2026-10-04T17:04:06Z,253
1952304,West,BATHINDA,College Road,Planned,Closed,2026-10-04T12:51:06Z,2026-10-04T17:04:06Z,253
1952303,West,BATHINDA,INDUSTRIAL,Planned,Closed,2026-10-04T12:51:06Z,2026-10-04T17:04:06Z,253
1951826,North,JALANDHAR,NEW ESTATE,Planned,Closed,2026-10-04T12:50:00Z,2026-10-04T15:30:00Z,160
1951824,North,JALANDHAR,TRIBUNE,Planned,Closed,2026-10-04T12:50:00Z,2026-10-04T16:35:00Z,225
1951822,North,JALANDHAR,MUBARAKPUR SHEKHE,Planned,Closed,2026-10-04T12:50:00Z,2026-10-04T13:28:00Z,38
1952307,South,SANGRUR,BHANI,Planned,Closed,2026-10-04T12:45:00Z,2026-10-04T19:20:00Z,395
1952301,South,SANGRUR,MILK PLANT,Unplanned,Closed,2026-10-04T12:45:00Z,2026-10-04T14:00:00Z,75
1952300,North,NAWANSHAHR,CITY II,Unplanned,Closed,2026-10-04T12:40:00Z,2026-10-04T14:25:00Z,105
1952294,Central,CITY WEST LUDHIANA,PHULLANWAL,Planned,Closed,2026-10-04T12:36:00Z,2026-10-04T12:46:00Z,10
1952295,Border,SUB URBAN AMRITSAR,11 KV WADALA,Unplanned,Closed,2026-10-04T12:31:00Z,2026-10-04T13:41:00Z,70
1952293,Border,TARN TARAN,BOHRU UPS,Unplanned,Closed,2026-10-04T12:30:00Z,2026-10-04T12:55:00Z,25
1952292,West,FARIDKOT,11 KV MOGA ROAD CAT-02,Planned,Closed,2026-10-04T12:22:00Z,2026-10-04T16:12:00Z,230
1952290,East,MOHALI,11 KV Masol,Unplanned,Closed,2026-10-04T12:17:11Z,2026-10-04T13:17:37Z,60
1952286,Border,SUB URBAN AMRITSAR,Bhalla Colony,Unplanned,Closed,2026-10-04T12:05:00Z,2026-10-04T12:40:00Z,35
1952285,North,NAWANSHAHR,TAJPUR,Unplanned,Closed,2026-10-04T12:05:00Z,2026-10-04T12:55:00Z,50
1951825,North,JALANDHAR,G.D.P.A.,Planned,Closed,2026-10-04T12:05:00Z,2026-10-04T15:55:00Z,230
1952284,North,JALANDHAR,GOL MARKET,Unplanned,Closed,2026-10-04T12:01:00Z,2026-10-04T12:41:00Z,40
1952283,Central,CITY WEST LUDHIANA,PHULLANWAL,Planned,Closed,2026-10-04T12:00:00Z,2026-10-04T12:22:00Z,22
1950912,South,PATIALA,FOCAL POINT-IV,Planned,Closed,2026-10-04T12:00:00Z,2026-10-04T17:10:00Z,310
1952288,West,BATHINDA,CHUGE KHURD UPS,Planned,Closed,2026-10-04T11:50:00Z,2026-10-04T14:30:00Z,160
1952282,East,MOHALI,11KV NADIALI AP,Unplanned,Closed,2026-10-04T11:48:00Z,2026-10-04T12:10:00Z,22
1952281,East,MOHALI,11KV DHARAMGARH UPS,Unplanned,Closed,2026-10-04T11:45:00Z,2026-10-04T12:15:00Z,30
1952280,South,PATIALA,Yadwindra  Colony,Unplanned,Closed,2026-10-04T11:44:53Z,2026-10-04T12:47:00Z,62
1952278,South,BARNALA,INDUSTRIAL RATOLAN,Planned,Closed,2026-10-04T11:40:14Z,2026-10-04T17:50:00Z,369
1952277,South,BARNALA,DHURI ROAD,Planned,Closed,2026-10-04T11:40:14Z,2026-10-04T17:50:00Z,369
1952289,Border,TARN TARAN,KALAH UPS,Unplanned,Closed,2026-10-04T11:40:00Z,2026-10-04T14:01:00Z,141
1952287,West,BATHINDA,KUSLA,Planned,Closed,2026-10-04T11:35:00Z,2026-10-04T13:14:00Z,99
1952279,East,Zirakpur,Bauli Sahib,Unplanned,Closed,2026-10-04T11:35:00Z,2026-10-04T12:26:00Z,51
1952275,South,SANGRUR,Beed,Unplanned,Closed,2026-10-04T11:30:00Z,2026-10-04T14:00:00Z,150
1952274,South,SANGRUR,JHEOUR MAJRA,Unplanned,Closed,2026-10-04T11:30:00Z,2026-10-04T14:01:00Z,151
1952273,North,HOSHIARPUR,Pandori Attwal,Unplanned,Closed,2026-10-04T11:30:00Z,2026-10-04T13:00:00Z,90
1952272,Border,GURDASPUR,Dalia,Unplanned,Closed,2026-10-04T11:30:00Z,2026-10-04T11:53:00Z,23
1952271,South,PATIALA,CHAPROUDA,Unplanned,Closed,2026-10-04T11:30:00Z,2026-10-04T12:40:29Z,70
1952270,Border,GURDASPUR,Manj,Unplanned,Closed,2026-10-04T11:30:00Z,2026-10-04T11:53:00Z,23
1952269,South,PATIALA,UPS Mulabadha,Unplanned,Closed,2026-10-04T11:30:00Z,2026-10-04T12:40:40Z,70
1952268,Border,SUB URBAN AMRITSAR,Bhararri Wal,Unplanned,Closed,2026-10-04T11:20:00Z,2026-10-04T11:45:22Z,25
1952267,Border,GURDASPUR,Nawan Pind,Unplanned,Closed,2026-10-04T11:16:00Z,2026-10-04T11:47:00Z,31
1952265,West,FARIDKOT,JALALABAD UPS,Unplanned,Closed,2026-10-04T11:13:04Z,2026-10-04T15:00:08Z,227
1952264,West,FARIDKOT,11 KV Dana Mandi,Unplanned,Closed,2026-10-04T11:13:04Z,2026-10-04T15:00:08Z,227
1952266,South,PATIALA,SYL (F.P),Unplanned,Closed,2026-10-04T11:10:00Z,2026-10-04T11:30:00Z,20
1952262,North,NAWANSHAHR,CHAUHRA,Unplanned,Closed,2026-10-04T11:10:00Z,2026-10-04T11:25:00Z,15
1952261,East,ROPAR,Nurpur Bedi,Unplanned,Closed,2026-10-04T11:10:00Z,2026-10-04T11:50:00Z,40
1952202,West,MUKATSAR,11 KV Panjpeer Nagar,Planned,Closed,2026-10-04T11:03:00Z,2026-10-04T13:24:00Z,141
1952201,West,MUKATSAR,11 KV LINK NO. 2,Planned,Closed,2026-10-04T11:03:00Z,2026-10-04T13:24:00Z,141
1952200,West,MUKATSAR,Sito Road,Planned,Closed,2026-10-04T11:03:00Z,2026-10-04T13:24:00Z,141
1952199,West,MUKATSAR,Bus Stand Road,Planned,Closed,2026-10-04T11:03:00Z,2026-10-04T13:24:00Z,141
1952198,West,MUKATSAR,11 KV Model Town,Planned,Closed,2026-10-04T11:03:00Z,2026-10-04T13:24:00Z,141
1952197,West,MUKATSAR,11 KV Town,Planned,Closed,2026-10-04T11:03:00Z,2026-10-04T13:24:00Z,141
1952258,Border,TARN TARAN,GHAGGE,Unplanned,Closed,2026-10-04T11:02:53Z,2026-10-04T13:30:06Z,147
1952299,North,KAPURTHALA,UPS Badli Adda,Unplanned,Closed,2026-10-04T11:00:41Z,2026-10-04T13:00:41Z,120
1952298,North,KAPURTHALA,Nirmal Kutiya,Unplanned,Closed,2026-10-04T11:00:41Z,2026-10-04T13:00:41Z,120
1952297,North,KAPURTHALA,UPS MURIWAL,Unplanned,Closed,2026-10-04T11:00:41Z,2026-10-04T13:00:41Z,120
1952296,North,KAPURTHALA,UPS Rupewal,Unplanned,Closed,2026-10-04T11:00:41Z,2026-10-04T13:00:41Z,120
1952260,West,FARIDKOT,11KV HARINDERA NAGAR,Planned,Closed,2026-10-04T11:00:00Z,2026-10-04T11:25:00Z,25
1952259,North,JALANDHAR,11 KV BHANOKI LINK FEEDER,Planned,Closed,2026-10-04T11:00:00Z,2026-10-04T14:15:00Z,195
1952172,North,JALANDHAR,11KV PINK CITY,Planned,Closed,2026-10-04T11:00:00Z,2026-10-04T13:01:00Z,121
1951277,Central,CITY EAST LUDHIANA,GITANSH,Planned,Closed,2026-10-04T11:00:00Z,2026-10-04T15:16:06Z,256
1951276,Central,CITY EAST LUDHIANA,SHAKTI,Planned,Closed,2026-10-04T11:00:00Z,2026-10-04T15:17:29Z,257
1951275,Central,CITY EAST LUDHIANA,BAJRA ROAD,Planned,Closed,2026-10-04T11:00:00Z,2026-10-04T15:16:24Z,256
1951274,Central,CITY EAST LUDHIANA,SEERA ROAD,Planned,Closed,2026-10-04T11:00:00Z,2026-10-04T15:16:39Z,256
1951273,Central,CITY EAST LUDHIANA,SPORTKING,Planned,Closed,2026-10-04T11:00:00Z,2026-10-04T15:04:59Z,244
1950813,Central,CITY WEST LUDHIANA,Maya Soap Street,Planned,Closed,2026-10-04T11:00:00Z,2026-10-04T14:55:00Z,235
1950812,Central,CITY WEST LUDHIANA,PREET NAGAR FEEDER,Planned,Closed,2026-10-04T11:00:00Z,2026-10-04T14:55:00Z,235
1950811,Central,CITY WEST LUDHIANA,SHIMLA PURI FEEDER,Planned,Closed,2026-10-04T11:00:00Z,2026-10-04T14:56:00Z,236
1950810,Central,CITY WEST LUDHIANA,GURU NANAK STREET FEEDER,Planned,Closed,2026-10-04T11:00:00Z,2026-10-04T14:56:00Z,236
1952263,South,SANGRUR,Babanpur,Planned,Closed,2026-10-04T10:55:29Z,2026-10-04T18:44:02Z,468
1951833,North,JALANDHAR,SANJAY GANDHI NAGAR,Planned,Closed,2026-10-04T10:51:00Z,2026-10-04T14:47:00Z,236
1952249,Border,GURDASPUR,Gujran Lahri,Unplanned,Closed,2026-10-04T10:50:00Z,2026-10-04T11:42:00Z,52
1952247,Border,GURDASPUR,Ghesal,Unplanned,Closed,2026-10-04T10:50:00Z,2026-10-04T11:42:00Z,52
1952246,Border,GURDASPUR,Kanwan,Unplanned,Closed,2026-10-04T10:50:00Z,2026-10-04T11:42:00Z,52
1951832,North,JALANDHAR,B.S.N.L,Planned,Closed,2026-10-04T10:50:00Z,2026-10-04T14:50:00Z,240
1952248,West,BATHINDA,BHAI JAGTA JI,Planned,Closed,2026-10-04T10:48:00Z,2026-10-04T11:20:00Z,32
1952257,Border,GURDASPUR,Ghuman,Unplanned,Closed,2026-10-04T10:45:00Z,2026-10-04T12:45:00Z,120
1952256,East,MOHALI,SIGMA,Unplanned,Closed,2026-10-04T10:45:00Z,2026-10-04T11:45:00Z,60
1952255,East,MOHALI,LOGISTIC,Unplanned,Closed,2026-10-04T10:45:00Z,2026-10-04T11:45:00Z,60
1952254,East,MOHALI,MOHIKALAN UPS,Unplanned,Closed,2026-10-04T10:45:00Z,2026-10-04T11:45:00Z,60
1952253,East,MOHALI,BASMA,Unplanned,Closed,2026-10-04T10:45:00Z,2026-10-04T11:45:54Z,60
1952252,East,MOHALI,GHARAMA AP,Unplanned,Closed,2026-10-04T10:45:00Z,2026-10-04T11:45:00Z,60
1952251,North,NAWANSHAHR,11KV UPS SHRI RAJA SAHIB,Unplanned,Closed,2026-10-04T10:45:00Z,2026-10-04T11:29:17Z,44
1952250,East,MOHALI,KHERIGURNA AP,Unplanned,Closed,2026-10-04T10:45:00Z,2026-10-04T11:45:00Z,60
1952245,North,NAWANSHAHR,Talwandi Fattu,Unplanned,Closed,2026-10-04T10:45:00Z,2026-10-04T11:29:51Z,44
1952244,North,NAWANSHAHR,UPS NO.1,Unplanned,Closed,2026-10-04T10:45:00Z,2026-10-04T11:29:33Z,44
1952243,North,NAWANSHAHR,11KV UPS BAKHLOUR,Unplanned,Closed,2026-10-04T10:45:00Z,2026-10-04T10:51:42Z,6
1952215,South,SANGRUR,Meerheri,Planned,Closed,2026-10-04T10:40:11Z,2026-10-04T17:25:16Z,405
1952214,South,SANGRUR,New Bardwal,Planned,Closed,2026-10-04T10:40:11Z,2026-10-04T17:25:55Z,405
1952213,South,SANGRUR,Isra,Planned,Closed,2026-10-04T10:40:11Z,2026-10-04T17:25:44Z,405
1952242,West,FARIDKOT,ARIYAWALA,Unplanned,Closed,2026-10-04T10:40:00Z,2026-10-04T12:20:00Z,100
1952241,North,HOSHIARPUR,Khozkipur,Unplanned,Closed,2026-10-04T10:40:00Z,2026-10-04T12:20:00Z,100
1952240,West,MUKATSAR,Kheowali,Planned,Closed,2026-10-04T10:40:00Z,2026-10-04T12:22:00Z,102
1952239,North,NAWANSHAHR,BHAJJAL,Unplanned,Closed,2026-10-04T10:40:00Z,2026-10-04T12:30:00Z,110
1952217,West,FARIDKOT,SAMAGH UPS,Planned,Closed,2026-10-04T10:38:04Z,2026-10-04T14:11:49Z,213
1952238,South,SANGRUR,Daska C-1,Unplanned,Closed,2026-10-04T10:35:00Z,2026-10-04T10:55:00Z,20
1952216,West,BATHINDA,Jaude pul,Planned,Closed,2026-10-04T10:30:00Z,2026-10-04T13:29:00Z,179
1952210,South,PATIALA,UPS RAIPUR,Unplanned,Closed,2026-10-04T10:30:00Z,2026-10-04T12:25:00Z,115
1951821,North,JALANDHAR,KOTLA ROAD,Planned,Closed,2026-10-04T10:30:00Z,2026-10-04T18:30:00Z,480
1952211,Border,SUB URBAN AMRITSAR,RC VANASPATI,Unplanned,Closed,2026-10-04T10:29:50Z,2026-10-04T10:40:03Z,10
1952212,Central,CITY WEST LUDHIANA,NATISH VIHAR,Planned,Closed,2026-10-04T10:29:00Z,2026-10-04T12:56:00Z,147
1951836,North,JALANDHAR,BEAS PIND,Planned,Closed,2026-10-04T10:26:00Z,2026-10-04T13:45:00Z,199
1952207,South,BARNALA,SHERWANIKOT UPS,Planned,Closed,2026-10-04T10:25:20Z,2026-10-04T10:36:33Z,11
1952209,North,NAWANSHAHR,SADHOWAL,Unplanned,Closed,2026-10-04T10:25:00Z,2026-10-04T11:04:00Z,39
1952208,North,JALANDHAR,INDUSTRY AREA,Planned,Closed,2026-10-04T10:20:00Z,2026-10-04T14:10:00Z,230
1951835,North,JALANDHAR,VIVEKANAND,Planned,Closed,2026-10-04T10:20:00Z,2026-10-04T14:20:00Z,240
1951834,North,JALANDHAR,BABA MANDIR 132KV FOCAL POINT,Planned,Closed,2026-10-04T10:20:00Z,2026-10-04T14:20:00Z,240
1952206,Border,SUB URBAN AMRITSAR,Sawdeshi Korean,Unplanned,Closed,2026-10-04T10:15:38Z,2026-10-04T10:25:48Z,10
1952205,South,SANGRUR,11 KV SATOJ URBAN,Planned,Closed,2026-10-04T10:15:28Z,2026-10-04T12:05:39Z,110
1951831,North,JALANDHAR,GLOBE COLONY,Planned,Closed,2026-10-04T10:15:00Z,2026-10-04T13:35:00Z,200
1950764,South,SANGRUR,Industrial (Dhuri),Planned,Closed,2026-10-04T10:14:00Z,2026-10-04T17:26:12Z,432
1950763,South,SANGRUR,Bagrian Road,Planned,Closed,2026-10-04T10:14:00Z,2026-10-04T17:26:25Z,432
1952204,North,HOSHIARPUR,MUKHLANA,Unplanned,Closed,2026-10-04T10:10:00Z,2026-10-04T10:55:00Z,45
1952203,West,FARIDKOT,DEEP SINGH WALA,Planned,Closed,2026-10-04T10:10:00Z,2026-10-04T12:09:00Z,119
1952193,South,SANGRUR,Khokhar UPS,Planned,Closed,2026-10-04T10:01:20Z,2026-10-04T16:33:33Z,392
1952276,South,PATIALA,11KV NARENDRA ENCLAVE,Unplanned,Closed,2026-10-04T10:00:05Z,2026-10-04T14:19:45Z,259
1952196,Central,KHANNA,Bedi Steel,Planned,Closed,2026-10-04T10:00:00Z,2026-10-04T18:20:00Z,500
1952195,Central,KHANNA,kumar Export,Planned,Closed,2026-10-04T10:00:00Z,2026-10-04T18:20:00Z,500
1952194,Central,KHANNA,B.T.C,Planned,Closed,2026-10-04T10:00:00Z,2026-10-04T18:20:00Z,500
1952174,North,JALANDHAR,GANDA NALA,Planned,Closed,2026-10-04T10:00:00Z,2026-10-04T15:45:49Z,345
1952173,North,JALANDHAR,BASTI PEER DAD,Planned,Closed,2026-10-04T10:00:00Z,2026-10-04T13:00:00Z,180
1952170,Central,CITY WEST LUDHIANA,BESTAVISION,Planned,Closed,2026-10-04T10:00:00Z,2026-10-04T14:00:00Z,240
1952167,North,JALANDHAR,DOABA FEEDER,Planned,Closed,2026-10-04T10:00:00Z,2026-10-04T14:18:00Z,258
1951278,South,PATIALA,Industrial Estate New,Planned,Closed,2026-10-04T10:00:00Z,2026-10-04T14:18:56Z,258
1951272,Central,CITY EAST LUDHIANA,INDUSTRIAL,Planned,Closed,2026-10-04T10:00:00Z,2026-10-04T17:12:05Z,432
1951271,Central,CITY EAST LUDHIANA,11K.V.KHAWAJKE,Planned,Closed,2026-10-04T10:00:00Z,2026-10-04T17:11:33Z,431
1951270,Central,CITY EAST LUDHIANA,JAGIRPUR ROAD,Planned,Closed,2026-10-04T10:00:00Z,2026-10-04T17:11:45Z,431
1951109,Central,CITY WEST LUDHIANA,SATGURU NAGAR,Planned,Closed,2026-10-04T10:00:00Z,2026-10-04T14:00:00Z,240
1951107,Central,CITY WEST LUDHIANA,HERKRISHAN NAGAR FEEDER,Planned,Closed,2026-10-04T10:00:00Z,2026-10-04T14:00:00Z,240
1951009,North,JALANDHAR,11KV UDESIAN,Planned,Closed,2026-10-04T10:00:00Z,2026-10-04T13:20:00Z,200
1951008,North,JALANDHAR,VAJU VIHAR,Planned,Closed,2026-10-04T10:00:00Z,2026-10-04T13:20:00Z,200
1951007,North,JALANDHAR,Pandori,Planned,Closed,2026-10-04T10:00:00Z,2026-10-04T13:20:00Z,200
1951006,North,JALANDHAR,RAJOWAL,Planned,Closed,2026-10-04T10:00:00Z,2026-10-04T13:20:00Z,200
1950996,North,JALANDHAR,11 KV SUN SHINE,Planned,Closed,2026-10-04T10:00:00Z,2026-10-04T14:10:00Z,250
1950995,North,JALANDHAR,VARINDERA TOOLS,Planned,Closed,2026-10-04T10:00:00Z,2026-10-04T14:10:00Z,250
1950994,North,JALANDHAR,TK SPORTS,Planned,Closed,2026-10-04T10:00:00Z,2026-10-04T14:10:00Z,250
1950993,North,JALANDHAR,SANT RUBBER,Planned,Closed,2026-10-04T10:00:00Z,2026-10-04T14:10:00Z,250
1950992,North,JALANDHAR,PUNJAB RAJ CHAMRA UDYOG,Planned,Closed,2026-10-04T10:00:00Z,2026-10-04T14:10:00Z,250
1950991,North,JALANDHAR,FLAIR INTERNATIONAL,Planned,Closed,2026-10-04T10:00:00Z,2026-10-04T14:10:00Z,250
1950990,North,JALANDHAR,DRY LEATHER COMPLEX,Planned,Closed,2026-10-04T10:00:00Z,2026-10-04T14:10:00Z,250
1950989,North,JALANDHAR,TREATMENT PLANT NO. 1,Planned,Closed,2026-10-04T10:00:00Z,2026-10-04T14:10:00Z,250
1950756,Central,CITY WEST LUDHIANA,GURPAL NAGAR FEEDER,Planned,Closed,2026-10-04T10:00:00Z,2026-10-04T14:00:00Z,240
1950611,South,SANGRUR,Sangatpura,Planned,Closed,2026-10-04T10:00:00Z,2026-10-04T18:40:08Z,520
1950610,South,SANGRUR,M K Road,Planned,Closed,2026-10-04T10:00:00Z,2026-10-04T18:40:21Z,520
1952191,South,SANGRUR,SEKHUWAS CITY,Planned,Closed,2026-10-04T09:55:24Z,2026-10-04T11:30:39Z,95
1952369,Central,KHANNA,Salana Dara Singh Wala,Unplanned,Closed,2026-10-04T09:54:18Z,2026-10-04T10:15:21Z,21
1952368,Central,KHANNA,SALANA UPS,Unplanned,Closed,2026-10-04T09:53:35Z,2026-10-04T10:15:47Z,22
1952190,West,BATHINDA,LEHRA MOHABBAT,Unplanned,Closed,2026-10-04T09:40:00Z,2026-10-04T10:40:00Z,60
1952237,East,MOHALI,Bank Colony,Unplanned,Closed,2026-10-04T09:36:50Z,2026-10-04T10:35:50Z,59
1952236,East,MOHALI,Trivikarma,Unplanned,Closed,2026-10-04T09:36:50Z,2026-10-04T10:35:50Z,59
1952235,East,MOHALI,I.T PARK,Unplanned,Closed,2026-10-04T09:36:50Z,2026-10-04T10:35:50Z,59
1952234,East,MOHALI,11KV Mohali walk,Unplanned,Closed,2026-10-04T09:36:50Z,2026-10-04T10:35:50Z,59
1952233,East,MOHALI,Sector-68 B,Unplanned,Closed,2026-10-04T09:36:50Z,2026-10-04T10:35:50Z,59
1952232,East,MOHALI,11 KV Feeder sec 68A,Unplanned,Closed,2026-10-04T09:36:50Z,2026-10-04T10:35:50Z,59
1952231,East,MOHALI,11 KV Feeder sec 69 B,Unplanned,Closed,2026-10-04T09:36:50Z,2026-10-04T10:35:50Z,59
1952230,East,MOHALI,11 KV 63 A,Unplanned,Closed,2026-10-04T09:36:50Z,2026-10-04T10:35:50Z,59
1952229,East,MOHALI,SEC-69,Unplanned,Closed,2026-10-04T09:36:50Z,2026-10-04T10:35:50Z,59
1952228,East,MOHALI,SEC-70,Unplanned,Closed,2026-10-04T09:36:50Z,2026-10-04T10:35:50Z,59
1952227,East,MOHALI,SEC 63,Unplanned,Closed,2026-10-04T09:36:50Z,2026-10-04T10:35:50Z,59
1952226,East,MOHALI,11KV FOREST FEEDER,Unplanned,Closed,2026-10-04T09:36:50Z,2026-10-04T10:35:50Z,59
1952225,East,MOHALI,PCA,Unplanned,Closed,2026-10-04T09:36:50Z,2026-10-04T10:35:50Z,59
1952224,East,MOHALI,64-C,Unplanned,Closed,2026-10-04T09:36:50Z,2026-10-04T10:35:50Z,59
1952223,East,MOHALI,64-B,Unplanned,Closed,2026-10-04T09:36:50Z,2026-10-04T10:35:50Z,59
1952222,East,MOHALI,URBAN PH-7,Unplanned,Closed,2026-10-04T09:36:50Z,2026-10-04T10:35:50Z,59
1952221,East,MOHALI,CITY PARK,Unplanned,Closed,2026-10-04T09:36:50Z,2026-10-04T10:35:50Z,59
1952220,East,MOHALI,FORTIS,Unplanned,Closed,2026-10-04T09:36:50Z,2026-10-04T10:35:50Z,59
1952219,East,MOHALI,11 KV Sec-69-A,Unplanned,Closed,2026-10-04T09:36:50Z,2026-10-04T10:35:50Z,59
1952218,East,MOHALI,SEC-68,Unplanned,Closed,2026-10-04T09:36:50Z,2026-10-04T10:35:50Z,59
1952189,Central,KHANNA,URBAN,Unplanned,Closed,2026-10-04T09:34:00Z,2026-10-04T10:18:00Z,44
1952186,South,SANGRUR,RANGLI SHAH,Planned,Closed,2026-10-04T09:30:00Z,2026-10-04T12:36:00Z,186
1952188,South,SANGRUR,11 KV BABA RUKHHAR DASS AP,Unplanned,Closed,2026-10-04T09:28:00Z,2026-10-04T10:35:00Z,67
1952187,East,ROPAR,11KV Gillco Velly,Unplanned,Closed,2026-10-04T09:26:00Z,2026-10-04T10:01:00Z,35
1951508,South,PATIALA,OPH,Planned,Closed,2026-10-04T09:22:00Z,2026-10-04T18:24:00Z,542
1952184,South,PATIALA,UPS RAIPUR,Unplanned,Closed,2026-10-04T09:10:00Z,2026-10-04T10:25:57Z,75
1952183,North,HOSHIARPUR,Khozkipur,Unplanned,Closed,2026-10-04T09:10:00Z,2026-10-04T10:10:00Z,60
1952192,South,BARNALA,LUDHIANA ROAD,Unplanned,Closed,2026-10-04T09:05:59Z,2026-10-04T10:21:49Z,75
1952182,North,NAWANSHAHR,Barnala Gate,Unplanned,Closed,2026-10-04T09:05:00Z,2026-10-04T09:45:00Z,40
1952181,West,FARIDKOT,UPS Fatehgarh-Korotana,Unplanned,Closed,2026-10-04T09:00:00Z,2026-10-04T09:45:43Z,45
1952180,West,FARIDKOT,11 KV Dattewala UPS,Unplanned,Closed,2026-10-04T09:00:00Z,2026-10-04T09:32:44Z,32
1952179,West,FARIDKOT,KHOSA KOTLA,Unplanned,Closed,2026-10-04T09:00:00Z,2026-10-04T09:33:39Z,33
1952178,West,FARIDKOT,DAMU SHAH,Unplanned,Closed,2026-10-04T09:00:00Z,2026-10-04T09:45:59Z,45
1952177,West,FARIDKOT,JANER UPS NEW,Unplanned,Closed,2026-10-04T09:00:00Z,2026-10-04T09:46:14Z,46
1952165,Central,CITY WEST LUDHIANA,AS CASTING,Planned,Closed,2026-10-04T09:00:00Z,2026-10-04T13:00:00Z,240
1952164,Central,CITY WEST LUDHIANA,BAAZ,Planned,Closed,2026-10-04T09:00:00Z,2026-10-04T13:00:00Z,240
1952163,Central,CITY WEST LUDHIANA,SANGITA TOOLS,Planned,Closed,2026-10-04T09:00:00Z,2026-10-04T13:00:00Z,240
1952162,Central,CITY WEST LUDHIANA,MAHADEV FORGING,Planned,Closed,2026-10-04T09:00:00Z,2026-10-04T13:00:00Z,240
1952160,Central,CITY WEST LUDHIANA,SARTAJ,Planned,Closed,2026-10-04T09:00:00Z,2026-10-04T13:00:00Z,240
1950784,Central,KHANNA,Galwaddi,Planned,Closed,2026-10-04T09:00:00Z,2026-10-04T17:30:00Z,510
1950781,Central,KHANNA,Satsahib,Planned,Closed,2026-10-04T09:00:00Z,2026-10-04T17:30:00Z,510
1950780,Central,KHANNA,JSM,Planned,Closed,2026-10-04T09:00:00Z,2026-10-04T17:30:00Z,510
1950778,Central,KHANNA,APS,Planned,Closed,2026-10-04T09:00:00Z,2026-10-04T17:30:00Z,510
1950777,Central,KHANNA,Neelkanth,Planned,Closed,2026-10-04T09:00:00Z,2026-10-04T17:30:00Z,510
1950776,Central,KHANNA,Raimond,Planned,Closed,2026-10-04T09:00:00Z,2026-10-04T17:30:00Z,510
1950775,Central,KHANNA,PS,Planned,Closed,2026-10-04T09:00:00Z,2026-10-04T17:30:00Z,510
1950774,Central,KHANNA,Bhamra,Planned,Closed,2026-10-04T09:00:00Z,2026-10-04T17:30:00Z,510
1952176,North,KAPURTHALA,MANGUPUR,Planned,Closed,2026-10-04T08:56:00Z,2026-10-04T10:00:00Z,64
1952175,Border,SUB URBAN AMRITSAR,UMARPURA UPS,Unplanned,Closed,2026-10-04T08:40:00Z,2026-10-04T12:45:00Z,245
1952171,North,NAWANSHAHR,CITY GARHSHANKAR-2,Unplanned,Closed,2026-10-04T08:40:00Z,2026-10-04T09:10:00Z,30
1952185,East,ROPAR,11 KV Casa Homes,Unplanned,Closed,2026-10-04T08:35:00Z,2026-10-04T10:20:00Z,105
1952168,East,MOHALI,Industry 7A,Unplanned,Closed,2026-10-04T08:32:00Z,2026-10-04T09:20:00Z,48
1952169,Border,SUB URBAN AMRITSAR,Bhararri Wal,Unplanned,Closed,2026-10-04T08:30:00Z,2026-10-04T10:30:16Z,120
1952166,North,JALANDHAR,11 KV Deol Nagar,Unplanned,Closed,2026-10-04T08:18:00Z,2026-10-04T08:35:00Z,17
1950987,West,BATHINDA,INDUSTRIAL,Planned,Closed,2026-10-04T08:00:00Z,2026-10-04T12:00:00Z,240
1952158,Border,CITY AMRITSAR,11Kv Kesri Bagh,Unplanned,Closed,2026-10-04T07:59:05Z,2026-10-04T09:52:19Z,113
1952159,South,PATIALA,UPS MUGAL SARAI,Unplanned,Closed,2026-10-04T07:25:00Z,2026-10-04T09:45:00Z,140
1952154,North,HOSHIARPUR,Khozkipur,Unplanned,Closed,2026-10-04T07:24:00Z,2026-10-04T09:00:00Z,96
1952157,South,SANGRUR,Dirba Urban,Unplanned,Closed,2026-10-04T07:22:00Z,2026-10-04T12:22:00Z,300
1952156,South,PATIALA,11 KV UPS BORAN-KALAN,Unplanned,Closed,2026-10-04T07:20:00Z,2026-10-04T08:40:28Z,80
1952155,South,SANGRUR,CITY-7,Unplanned,Closed,2026-10-04T07:20:00Z,2026-10-04T08:25:00Z,65
1952153,South,PATIALA,INDUSTRIAL 1,Unplanned,Closed,2026-10-04T07:17:00Z,2026-10-04T08:30:00Z,73
1952151,Border,SUB URBAN AMRITSAR,11 KV WADALA,Unplanned,Closed,2026-10-04T07:00:06Z,2026-10-04T07:31:00Z,30
1952152,West,FARIDKOT,11 KV BAGHAPURANA URBAN CAT-01,Planned,Closed,2026-10-04T06:50:00Z,2026-10-04T07:15:00Z,25
1952150,West,BATHINDA,BABA HARNAM SINGH,Unplanned,Closed,2026-10-04T06:45:00Z,2026-10-04T07:10:00Z,25
1952149,North,NAWANSHAHR,SADHOWAL,Unplanned,Closed,2026-10-04T06:45:00Z,2026-10-04T07:23:00Z,38
1952148,Border,GURDASPUR,I.T.I,Unplanned,Closed,2026-10-04T06:20:00Z,2026-10-04T07:25:00Z,65
1952147,Border,GURDASPUR,Ghuman,Unplanned,Closed,2026-10-04T05:45:00Z,2026-10-04T06:30:00Z,45
1952146,North,JALANDHAR,Pandori,Unplanned,Closed,2026-10-04T05:15:00Z,2026-10-04T05:35:00Z,20
1952145,Central,CITY EAST LUDHIANA,SAMRALA ROAD,Unplanned,Closed,2026-10-04T05:10:00Z,2026-10-04T06:30:00Z,80
1952144,Central,KHANNA,City-2,Unplanned,Closed,2026-10-04T04:05:00Z,2026-10-04T04:20:00Z,15
1952142,East,MOHALI,11KV MANANA,Unplanned,Closed,2026-10-04T03:30:41Z,2026-10-04T04:27:38Z,56
1952143,West,BATHINDA,Baba dunna urban chawke,Unplanned,Closed,2026-10-04T02:50:00Z,2026-10-04T07:45:00Z,295
1952141,Central,KHANNA,City-2,Unplanned,Closed,2026-10-04T02:25:00Z,2026-10-04T03:59:00Z,94
1952140,West,FARIDKOT,11KV GREEN AVENUE,Unplanned,Closed,2026-10-04T02:22:23Z,2026-10-04T03:00:12Z,37
1952139,East,MOHALI,11KV MANANA,Unplanned,Closed,2026-10-04T02:07:04Z,2026-10-04T03:22:33Z,75
1952123,North,HOSHIARPUR,Harsipind UPS,Unplanned,Closed,2026-10-04T01:00:00Z,2026-10-04T01:30:00Z,30
1952122,East,MOHALI,11KV MANANA,Unplanned,Closed,2026-10-04T00:35:01Z,2026-10-04T01:17:10Z,42
1952120,West,MUKATSAR,11 KV NAI ABADI,Unplanned,Closed,2026-10-04T00:32:08Z,2026-10-04T00:54:16Z,22
1952121,West,MUKATSAR,11 KV Town,Unplanned,Closed,2026-10-04T00:18:00Z,2026-10-04T03:40:00Z,202
1952097,North,JALANDHAR,EKTA NAGAR,Unplanned,Closed,2026-10-04T00:15:00Z,2026-10-04T01:21:00Z,66
1952094,East,ROPAR,ASRON,Unplanned,Closed,2026-10-04T00:02:00Z,2026-10-04T00:42:00Z,40
1952093,Central,KHANNA,MANGARH ROAD,Unplanned,Closed,2026-10-04T00:00:00Z,2026-10-04T00:20:00Z,20
1952074,South,SANGRUR,CITY-7,Unplanned,Closed,2026-10-03T23:42:00Z,2026-10-04T00:06:00Z,24
1952072,Border,SUB URBAN AMRITSAR,11 KV PASSPORT OFFICE,Unplanned,Closed,2026-10-03T23:40:00Z,2026-10-04T00:12:00Z,32
1952073,Central,CITY EAST LUDHIANA,BAL SINGH NAGAR,Unplanned,Closed,2026-10-03T23:37:00Z,2026-10-04T00:10:00Z,33
1951930,South,BARNALA,JAMALPURA,Unplanned,Closed,2026-10-03T23:10:00Z,2026-10-04T01:20:00Z,130
1951827,North,NAWANSHAHR,SADHOWAL,Unplanned,Closed,2026-10-03T22:51:00Z,2026-10-03T23:30:00Z,39
1951828,North,NAWANSHAHR,Barnala Gate,Unplanned,Closed,2026-10-03T22:50:00Z,2026-10-03T23:50:00Z,60
1951823,North,JALANDHAR,CHHOTI BARADARI,Unplanned,Closed,2026-10-03T22:40:00Z,2026-10-03T23:05:00Z,25
1951783,Central,CITY EAST LUDHIANA,11 KV MAYA PURI,Unplanned,Closed,2026-10-03T22:34:41Z,2026-10-03T23:41:41Z,67
1951782,Central,CITY EAST LUDHIANA,MOTI NAGAR,Unplanned,Closed,2026-10-03T22:34:41Z,2026-10-03T23:41:41Z,67
1951781,Central,CITY EAST LUDHIANA,HIRA NAGAR,Unplanned,Closed,2026-10-03T22:34:41Z,2026-10-03T23:40:41Z,66
1951780,Central,CITY EAST LUDHIANA,VISHKARMA NAGAR,Unplanned,Closed,2026-10-03T22:34:41Z,2026-10-03T23:40:41Z,66
1951779,Central,CITY EAST LUDHIANA,Kashmir Nagar,Unplanned,Closed,2026-10-03T22:34:41Z,2026-10-03T23:41:41Z,67
1951778,Central,CITY EAST LUDHIANA,SHIVAJI NAGAR,Unplanned,Closed,2026-10-03T22:34:41Z,2026-10-03T23:40:41Z,66
1952413,West,MUKATSAR,City,Unplanned,Closed,2026-10-03T22:18:02Z,2026-10-04T00:00:02Z,102
1951518,North,NAWANSHAHR,BHAJJAL,Unplanned,Closed,2026-10-03T22:10:00Z,2026-10-03T23:50:00Z,100
1951510,North,NAWANSHAHR,THOPIA,Unplanned,Closed,2026-10-03T22:10:00Z,2026-10-03T22:25:00Z,15
1951517,Border,GURDASPUR,11 kv Dhupshari ups,Unplanned,Closed,2026-10-03T22:02:58Z,2026-10-03T22:15:58Z,13
1951516,Border,GURDASPUR,11 KV Guru Nanak College,Unplanned,Closed,2026-10-03T22:02:58Z,2026-10-03T22:15:58Z,13
1951515,Border,GURDASPUR,11 KV HOT LINE CIVIL HOSPILAL,Unplanned,Closed,2026-10-03T22:02:58Z,2026-10-03T22:15:58Z,13
1951514,Border,GURDASPUR,Ujjagar Nagar,Unplanned,Closed,2026-10-03T22:02:58Z,2026-10-03T22:15:58Z,13
1951513,Border,GURDASPUR,South City,Unplanned,Closed,2026-10-03T22:02:58Z,2026-10-03T22:15:58Z,13
1951512,Border,GURDASPUR,Mata Sulakhni Ji,Unplanned,Closed,2026-10-03T22:02:58Z,2026-10-03T22:15:58Z,13
1951511,Border,GURDASPUR,Diamond Colony,Unplanned,Closed,2026-10-03T22:02:58Z,2026-10-03T22:15:58Z,13
1951721,East,ROPAR,PADIALA,Unplanned,Closed,2026-10-03T22:02:00Z,2026-10-03T22:22:00Z,20
1951503,North,HOSHIARPUR,Sutehri Road,Unplanned,Closed,2026-10-03T21:55:00Z,2026-10-03T22:20:00Z,25
1951504,North,KAPURTHALA,URBAN BUS STAND,Unplanned,Closed,2026-10-03T21:50:00Z,2026-10-03T22:20:00Z,30
1951502,North,JALANDHAR,ASHOK VIHAR,Unplanned,Closed,2026-10-03T21:40:00Z,2026-10-03T21:55:00Z,15
1951381,South,SANGRUR,PATTI KHALIL C-1,Unplanned,Closed,2026-10-03T21:10:00Z,2026-10-03T21:35:00Z,25
1951330,Central,KHANNA,City-2 khanna,Unplanned,Closed,2026-10-03T21:05:00Z,2026-10-03T21:56:00Z,51
1952416,West,MUKATSAR,Industrial,Unplanned,Closed,2026-10-03T20:43:21Z,2026-10-03T22:02:21Z,79
1951286,North,HOSHIARPUR,SUNDER NAGAR,Unplanned,Closed,2026-10-03T20:40:00Z,2026-10-03T21:07:00Z,27
1951282,Central,KHANNA,RAM RAJAYA,Unplanned,Closed,2026-10-03T20:39:19Z,2026-10-03T21:59:34Z,80
1951283,East,Zirakpur,PRITHIM,Planned,Closed,2026-10-03T20:38:00Z,2026-10-03T20:46:00Z,8
1951280,North,JALANDHAR,BASANT HILLS,Unplanned,Closed,2026-10-03T20:35:25Z,2026-10-03T20:56:38Z,21
1951281,South,PATIALA,Thuhi Road,Unplanned,Closed,2026-10-03T20:20:00Z,2026-10-03T21:20:00Z,60
1951279,North,JALANDHAR,KALIA COLONY,Unplanned,Closed,2026-10-03T20:15:00Z,2026-10-03T21:30:00Z,75
1951269,Central,CITY EAST LUDHIANA,BAL SINGH NAGAR,Unplanned,Closed,2026-10-03T19:56:00Z,2026-10-03T21:00:00Z,64
1951268,Border,GURDASPUR,Bank colony,Unplanned,Closed,2026-10-03T19:55:00Z,2026-10-03T20:08:00Z,13
1951257,South,SANGRUR,Mandi Road,Unplanned,Closed,2026-10-03T19:35:00Z,2026-10-03T21:30:00Z,115
1951253,South,SANGRUR,GHAGGA CITY,Unplanned,Closed,2026-10-03T19:35:00Z,2026-10-03T21:13:00Z,98
1951138,Central,CITY EAST LUDHIANA,Kashmir Nagar,Unplanned,Closed,2026-10-03T19:25:00Z,2026-10-03T20:11:00Z,46
1951120,Border,CITY AMRITSAR,LAXMAN SAR,Unplanned,Closed,2026-10-03T19:09:38Z,2026-10-03T19:56:45Z,47
1951108,Central,CITY EAST LUDHIANA,SANTOKH NAGAR,Unplanned,Closed,2026-10-03T19:04:00Z,2026-10-03T19:41:00Z,37
1951127,North,HOSHIARPUR,11Kv Mushabpur UPS,Unplanned,Closed,2026-10-03T19:01:00Z,2026-10-03T19:25:00Z,24
1951098,South,BARNALA,Munday Paper Mill,Planned,Closed,2026-10-03T18:55:00Z,2026-10-03T19:25:00Z,30
1951099,Central,CITY WEST LUDHIANA,PREET NAGAR FEEDER,Unplanned,Closed,2026-10-03T18:52:03Z,2026-10-03T20:30:00Z,97
1951096,North,HOSHIARPUR,JAIJON,Unplanned,Closed,2026-10-03T18:48:00Z,2026-10-03T19:20:00Z,32
1951095,Central,CITY EAST LUDHIANA,GAU SHALA,Unplanned,Closed,2026-10-03T18:35:00Z,2026-10-03T19:36:00Z,61
1951097,Central,SUB URBAN LUDHIANA,CITY 8,Unplanned,Closed,2026-10-03T18:31:00Z,2026-10-03T19:10:00Z,39
1952418,West,MUKATSAR,GT Road,Unplanned,Closed,2026-10-03T18:28:47Z,2026-10-03T20:18:47Z,110
1951085,West,BATHINDA,MEHTA,Unplanned,Closed,2026-10-03T18:25:00Z,2026-10-03T18:40:00Z,15
1951066,Central,KHANNA,Coca Cola,Planned,Closed,2026-10-03T18:22:00Z,2026-10-03T18:44:00Z,22
1952054,South,PATIALA,URBAN NANAKSAR,Unplanned,Closed,2026-10-03T18:20:00Z,2026-10-03T18:40:00Z,20
1951094,East,ROPAR,11KV Belian UPS FEEDER,Unplanned,Closed,2026-10-03T18:18:00Z,2026-10-03T19:24:00Z,66
1951022,North,NAWANSHAHR,Bundala Cat-1,Unplanned,Closed,2026-10-03T18:15:00Z,2026-10-03T19:40:00Z,85
1951067,South,BARNALA,WAZIDKE 24 HRS,Unplanned,Closed,2026-10-03T18:05:00Z,2026-10-03T20:25:00Z,140
1951018,West,BATHINDA,MODEL TOWN PHASE -2,Planned,Closed,2026-10-03T18:00:00Z,2026-10-03T18:30:00Z,30
1951021,East,Zirakpur,Jaskaran,Planned,Closed,2026-10-03T17:59:00Z,2026-10-03T18:18:00Z,19
1951020,East,Zirakpur,NABHA SAHIB,Planned,Closed,2026-10-03T17:59:00Z,2026-10-03T18:18:00Z,19
1951010,South,SANGRUR,POLICE LINE,Unplanned,Closed,2026-10-03T17:58:42Z,2026-10-03T19:08:51Z,70
1950984,Central,CITY WEST LUDHIANA,GURU NANAK STREET FEEDER,Unplanned,Closed,2026-10-03T17:42:54Z,2026-10-03T18:16:42Z,33
1951068,South,BARNALA,Chaunke UPS,Unplanned,Closed,2026-10-03T17:37:00Z,2026-10-03T19:15:00Z,98
1950971,North,HOSHIARPUR,KOLYA,Unplanned,Closed,2026-10-03T17:35:00Z,2026-10-03T18:15:00Z,40
1951011,South,BARNALA,DHAULA Cat-1,Unplanned,Closed,2026-10-03T17:30:00Z,2026-10-03T19:30:00Z,120
1950931,Central,KHANNA,Ajnodh,Planned,Closed,2026-10-03T17:30:00Z,2026-10-03T19:20:00Z,110
1950936,West,BATHINDA,hospital road,Unplanned,Closed,2026-10-03T17:29:00Z,2026-10-03T18:40:00Z,71
1950933,Border,GURDASPUR,CITY 2,Unplanned,Closed,2026-10-03T17:27:00Z,2026-10-03T17:42:00Z,15
1950934,East,MOHALI,Sec 54,Unplanned,Closed,2026-10-03T17:25:18Z,2026-10-03T18:21:25Z,56
1950985,South,BARNALA,SADAR BAZAR,Unplanned,Closed,2026-10-03T17:25:00Z,2026-10-03T17:55:00Z,30
1950932,Central,CITY EAST LUDHIANA,BROWN FEEDER,Unplanned,Closed,2026-10-03T17:24:00Z,2026-10-03T18:03:00Z,39
1950928,East,Zirakpur,NABHA SAHIB,Unplanned,Closed,2026-10-03T17:14:00Z,2026-10-03T17:36:00Z,22
1950929,North,JALANDHAR,EKTA NAGAR,Unplanned,Closed,2026-10-03T17:13:00Z,2026-10-03T19:00:00Z,107
1950924,South,SANGRUR,11kv Bank road,Planned,Closed,2026-10-03T17:12:00Z,2026-10-03T17:38:00Z,26
1950923,South,SANGRUR,ARYA COLLAGE,Planned,Closed,2026-10-03T17:12:00Z,2026-10-03T17:38:00Z,26
1950921,South,SANGRUR,City-I,Planned,Closed,2026-10-03T17:12:00Z,2026-10-03T17:38:00Z,26
1950930,Border,SUB URBAN AMRITSAR,MES,Unplanned,Closed,2026-10-03T17:10:00Z,2026-10-03T17:30:00Z,20
1950927,Central,KHANNA,Sangtpura,Unplanned,Closed,2026-10-03T17:04:46Z,2026-10-03T17:25:59Z,21
1950920,Central,CITY WEST LUDHIANA,RERU SAHIB ROAD FEEDER,Unplanned,Closed,2026-10-03T16:57:15Z,2026-10-03T17:30:55Z,33
1950926,Border,TARN TARAN,JAWANDY,Unplanned,Closed,2026-10-03T16:55:00Z,2026-10-03T17:45:00Z,50
1950925,South,BARNALA,Badbar CAT-I,Unplanned,Closed,2026-10-03T16:55:00Z,2026-10-03T19:40:00Z,165
1950918,West,FARIDKOT,11 KV Dattewala UPS,Unplanned,Closed,2026-10-03T16:55:00Z,2026-10-03T18:08:00Z,73
1950915,Central,CITY WEST LUDHIANA,GURU NANAK STREET FEEDER,Unplanned,Closed,2026-10-03T16:54:15Z,2026-10-03T17:31:07Z,36
1950917,North,KAPURTHALA,URBAN Khadar Bhandar,Planned,Closed,2026-10-03T16:45:00Z,2026-10-03T17:05:00Z,20
1950910,West,MUKATSAR,KRISHNA NAGRI,Planned,Closed,2026-10-03T16:42:41Z,2026-10-03T17:27:28Z,44
1950916,West,FEROZPUR,HAKE WALA,Unplanned,Closed,2026-10-03T16:40:00Z,2026-10-03T17:36:00Z,56
1950908,South,SANGRUR,11 KV SATOJ URBAN,Planned,Closed,2026-10-03T16:34:06Z,2026-10-03T17:47:17Z,73
1950907,East,MOHALI,11KV JAND PUR,Unplanned,Closed,2026-10-03T16:32:13Z,2026-10-03T17:45:37Z,73
1950909,North,HOSHIARPUR,L I C,Unplanned,Closed,2026-10-03T16:30:00Z,2026-10-03T16:55:00Z,25
1950904,North,KAPURTHALA,UPS SUJOKALIA,Planned,Closed,2026-10-03T16:30:00Z,2026-10-03T18:15:00Z,105
1950905,East,Zirakpur,11 KV Aero Home Feeder,Planned,Closed,2026-10-03T16:23:00Z,2026-10-03T16:38:00Z,15
1950903,North,JALANDHAR,VAJU VIHAR,Unplanned,Closed,2026-10-03T16:20:00Z,2026-10-03T17:10:00Z,50
1950901,East,Zirakpur,KALGIDHAR,Planned,Closed,2026-10-03T16:20:00Z,2026-10-03T16:30:00Z,10
1950899,Border,SUB URBAN AMRITSAR,AJNALA ROAD,Unplanned,Closed,2026-10-03T16:09:00Z,2026-10-03T17:30:00Z,81
1950897,West,MUKATSAR,11 KV Dhaban Kokrian,Unplanned,Closed,2026-10-03T16:08:22Z,2026-10-03T16:18:49Z,10
1950895,North,JALANDHAR,Pandori,Unplanned,Closed,2026-10-03T16:05:00Z,2026-10-03T16:35:00Z,30
1950850,West,MUKATSAR,11 KV SARDARPURA UPS,Planned,Closed,2026-10-03T16:01:58Z,2026-10-03T18:37:58Z,156
1950849,West,MUKATSAR,11 KV Bhagsar UPS,Planned,Closed,2026-10-03T16:01:58Z,2026-10-03T18:37:58Z,156
1950848,West,MUKATSAR,11 KV SITO,Planned,Closed,2026-10-03T16:01:58Z,2026-10-03T18:37:58Z,156
1950856,West,MUKATSAR,11 KV RAJPURA,Planned,Closed,2026-10-03T16:01:23Z,2026-10-03T18:37:23Z,156
1950855,West,MUKATSAR,11 KV KHATWAN,Planned,Closed,2026-10-03T16:01:23Z,2026-10-03T18:37:23Z,156
1950854,West,MUKATSAR,11 KV KANDHWALA UPS,Planned,Closed,2026-10-03T16:01:23Z,2026-10-03T18:37:23Z,156
1950853,West,MUKATSAR,11 KV BHAGU,Planned,Closed,2026-10-03T16:01:23Z,2026-10-03T18:37:23Z,156
1950852,West,MUKATSAR,11 KV BAHAV WALA,Planned,Closed,2026-10-03T16:01:23Z,2026-10-03T18:37:23Z,156
1950846,West,MUKATSAR,11 KV New Water Works -2,Planned,Closed,2026-10-03T16:01:22Z,2026-10-03T18:37:54Z,156
1950844,West,MUKATSAR,11 KV Dhani Bisehesarnath,Planned,Closed,2026-10-03T16:01:22Z,2026-10-03T18:37:22Z,156
1950843,West,MUKATSAR,11 KV Azimgarh Urban,Planned,Closed,2026-10-03T16:01:22Z,2026-10-03T18:37:22Z,156
1950842,West,MUKATSAR,11 KV South Avenue,Planned,Closed,2026-10-03T16:01:22Z,2026-10-03T18:37:22Z,156
1950845,West,MUKATSAR,11 KV BALA JI DHAM,Planned,Closed,2026-10-03T16:01:12Z,2026-10-03T18:37:22Z,156
1950847,West,MUKATSAR,Dhani Sucha Singh (Old Chakra),Planned,Closed,2026-10-03T16:01:03Z,2026-10-03T18:37:22Z,156
1950896,South,PATIALA,UPS RAJPURA,Unplanned,Closed,2026-10-03T16:01:00Z,2026-10-03T16:35:00Z,34
1950898,West,FARIDKOT,BAJA ROAD,Planned,Closed,2026-10-03T15:58:00Z,2026-10-03T16:14:00Z,16
1950888,West,MUKATSAR,11 KV Dhaban Kokrian,Unplanned,Closed,2026-10-03T15:56:18Z,2026-10-03T16:04:33Z,8
1950890,North,JALANDHAR,KOTLA ROAD,Unplanned,Closed,2026-10-03T15:55:00Z,2026-10-03T16:40:00Z,45
1950889,North,JALANDHAR,MUBARAKPUR SHEKHE,Unplanned,Closed,2026-10-03T15:55:00Z,2026-10-03T16:40:00Z,45
1950894,East,MOHALI,Colony phase 1,Unplanned,Closed,2026-10-03T15:52:00Z,2026-10-03T17:30:46Z,98
1950892,East,MOHALI,TDI 2,Unplanned,Closed,2026-10-03T15:51:00Z,2026-10-03T17:20:49Z,89
1950885,North,NAWANSHAHR,ROR MAJRA,Unplanned,Closed,2026-10-03T15:45:00Z,2026-10-03T16:25:00Z,40
1950883,North,HOSHIARPUR,11Kv Mushabpur UPS,Unplanned,Closed,2026-10-03T15:45:00Z,2026-10-03T16:12:00Z,27
1950882,West,FARIDKOT,HARDIAL NAGAR,Planned,Closed,2026-10-03T15:45:00Z,2026-10-03T16:23:00Z,38
1950874,South,SANGRUR,11 KV BAKSHIWALA AP(66 KV SUNAM),Planned,Closed,2026-10-03T15:43:47Z,2026-10-03T18:32:16Z,168
1950879,East,Zirakpur,SAVITRYGREEN,Planned,Closed,2026-10-03T15:36:00Z,2026-10-03T15:55:00Z,19
1950878,East,Zirakpur,ORBIT,Planned,Closed,2026-10-03T15:36:00Z,2026-10-03T15:55:00Z,19
1950881,North,JALANDHAR,PATARA,Unplanned,Closed,2026-10-03T15:35:00Z,2026-10-03T16:20:00Z,45
1950876,North,NAWANSHAHR,JAGATPUR,Unplanned,Closed,2026-10-03T15:35:00Z,2026-10-03T16:15:00Z,40
1950873,East,MOHALI,11KV MANANA,Unplanned,Closed,2026-10-03T15:32:40Z,2026-10-03T15:40:53Z,8
1950880,South,SANGRUR,NABHA GATE,Unplanned,Closed,2026-10-03T15:30:00Z,2026-10-03T16:15:00Z,45
1950887,Border,TARN TARAN,Khadoor Sahib URBAN.,Unplanned,Closed,2026-10-03T15:25:00Z,2026-10-03T16:15:00Z,50
1950877,West,FEROZPUR,Urban,Unplanned,Closed,2026-10-03T15:25:00Z,2026-10-03T17:40:00Z,135
1950867,East,Zirakpur,RANBAXY,Planned,Closed,2026-10-03T15:22:00Z,2026-10-03T16:03:00Z,41
1950870,West,MUKATSAR,Salemshah UPS,Unplanned,Closed,2026-10-03T15:18:00Z,2026-10-03T16:45:57Z,87
1950866,West,MUKATSAR,11 KV SAIDANWALI,Unplanned,Closed,2026-10-03T15:18:00Z,2026-10-03T15:56:00Z,38
1950871,Border,SUB URBAN AMRITSAR,GUJJAPEER,Unplanned,Closed,2026-10-03T15:15:00Z,2026-10-03T15:42:00Z,27
1950862,East,MOHALI,11KV JAND PUR,Unplanned,Closed,2026-10-03T15:14:25Z,2026-10-03T16:27:51Z,73
1950869,North,JALANDHAR,DHINA,Unplanned,Closed,2026-10-03T15:10:00Z,2026-10-03T16:15:00Z,65
1950868,North,JALANDHAR,HOUSING BOARD,Unplanned,Closed,2026-10-03T15:10:00Z,2026-10-03T16:15:00Z,65
1950860,West,MUKATSAR,11 KV GADDAN DOB,Unplanned,Closed,2026-10-03T15:07:00Z,2026-10-03T15:18:00Z,11
1950859,North,NAWANSHAHR,BIRAMPUR,Unplanned,Closed,2026-10-03T15:07:00Z,2026-10-03T15:30:00Z,23
1950841,West,MUKATSAR,11 KV KIKKER KHERA,Planned,Closed,2026-10-03T15:06:47Z,2026-10-03T19:17:34Z,250
1950589,West,MUKATSAR,11 KV Alamgarh,Planned,Closed,2026-10-03T15:06:00Z,2026-10-03T19:17:01Z,251
1950865,East,MOHALI,Sec 56,Unplanned,Closed,2026-10-03T15:00:25Z,2026-10-03T15:32:06Z,31
1950857,North,HOSHIARPUR,SOTLA,Unplanned,Closed,2026-10-03T15:00:00Z,2026-10-03T15:30:00Z,30
1950864,Border,GURDASPUR,dakoha,Unplanned,Closed,2026-10-03T14:55:00Z,2026-10-03T15:35:00Z,40
1950861,Border,GURDASPUR,CITY 2,Unplanned,Closed,2026-10-03T14:55:00Z,2026-10-03T15:35:00Z,40
1950840,South,SANGRUR,11kv Bank road,Planned,Closed,2026-10-03T14:55:00Z,2026-10-03T15:23:00Z,28
1950839,South,SANGRUR,City-I,Planned,Closed,2026-10-03T14:53:00Z,2026-10-03T16:44:00Z,111
1950838,Central,KHANNA,Manupur,Unplanned,Closed,2026-10-03T14:51:47Z,2026-10-03T18:49:05Z,237
1950858,West,BATHINDA,JAGGA RAM TIRTH,Unplanned,Closed,2026-10-03T14:47:00Z,2026-10-03T15:45:00Z,58
1950834,Central,CITY WEST LUDHIANA,Dhillon,Planned,Closed,2026-10-03T14:46:23Z,2026-10-03T14:59:04Z,12
1950837,South,PATIALA,Bharat colony,Unplanned,Closed,2026-10-03T14:45:00Z,2026-10-03T15:00:00Z,15
1950836,East,Zirakpur,CITY COURT,Planned,Closed,2026-10-03T14:40:00Z,2026-10-03T16:05:00Z,85
1950835,East,Zirakpur,SACHKHAND SAHIB,Planned,Closed,2026-10-03T14:40:00Z,2026-10-03T16:05:00Z,85
1950832,West,BATHINDA,GURU NANAK PURA,Planned,Closed,2026-10-03T14:35:00Z,2026-10-03T15:35:00Z,60
1950831,West,BATHINDA,DANA MANDI,Planned,Closed,2026-10-03T14:35:00Z,2026-10-03T14:39:00Z,4
1950851,East,MOHALI,11KV JAND PUR,Unplanned,Closed,2026-10-03T14:33:08Z,2026-10-03T15:12:27Z,39
1950829,Border,GURDASPUR,Dalia,Unplanned,Closed,2026-10-03T14:33:00Z,2026-10-03T15:07:00Z,34
1950830,North,HOSHIARPUR,UPS katrala,Unplanned,Closed,2026-10-03T14:30:00Z,2026-10-03T14:40:00Z,10
1950828,North,HOSHIARPUR,JANOURI,Planned,Closed,2026-10-03T14:30:00Z,2026-10-03T15:05:00Z,35
1950827,West,BATHINDA,MULTANIA ROAD,Planned,Closed,2026-10-03T14:26:40Z,2026-10-03T18:11:00Z,224
1950826,West,BATHINDA,11 KV AMBEDKAR NAGAR,Planned,Closed,2026-10-03T14:26:40Z,2026-10-03T15:11:00Z,44
1950825,West,BATHINDA,PARTAP NAGAR,Planned,Closed,2026-10-03T14:26:40Z,2026-10-03T15:12:00Z,45
1950824,West,BATHINDA,Hans Nagar,Planned,Closed,2026-10-03T14:26:40Z,2026-10-03T15:11:00Z,44
1950822,South,PATIALA,Puda enclave,Planned,Closed,2026-10-03T14:23:00Z,2026-10-03T17:52:00Z,209
1950823,South,PATIALA,SHRI THAKUR DWARA,Unplanned,Closed,2026-10-03T14:20:00Z,2026-10-03T14:40:00Z,20
1950820,West,MUKATSAR,11 KB BAZIDPURA,Unplanned,Closed,2026-10-03T14:19:35Z,2026-10-03T14:31:42Z,12
1950819,West,MUKATSAR,11 KV SITO,Unplanned,Closed,2026-10-03T14:19:07Z,2026-10-03T14:31:23Z,12
1950818,Central,CITY WEST LUDHIANA,GURU GIAN VIHAR,Planned,Closed,2026-10-03T14:18:07Z,2026-10-03T15:00:00Z,41
1950808,South,PATIALA,AGETI,Unplanned,Closed,2026-10-03T14:00:34Z,2026-10-03T15:50:00Z,109
1950815,North,HOSHIARPUR,RAMPUR,Planned,Closed,2026-10-03T14:00:00Z,2026-10-03T15:25:00Z,85
1950817,South,SANGRUR,Dharampura,Unplanned,Closed,2026-10-03T13:51:00Z,2026-10-03T14:33:00Z,42
1950807,South,SANGRUR,Kanoi,Unplanned,Closed,2026-10-03T13:50:56Z,2026-10-03T14:30:17Z,39
1950821,Central,CITY WEST LUDHIANA,GURU NANAK STREET FEEDER,Unplanned,Closed,2026-10-03T13:50:00Z,2026-10-03T14:32:00Z,42
1950805,Central,KHANNA,CITY-1,Unplanned,Closed,2026-10-03T13:49:00Z,2026-10-03T15:05:00Z,76
1950803,South,PATIALA,11 KV Amara Breweries,Unplanned,Closed,2026-10-03T13:45:32Z,2026-10-03T15:10:20Z,84
1950814,Border,TARN TARAN,3 WIRE (UPS) NURPUR,Unplanned,Closed,2026-10-03T13:45:00Z,2026-10-03T14:08:04Z,23
1950806,North,NAWANSHAHR,MEHIATPUR,Unplanned,Closed,2026-10-03T13:45:00Z,2026-10-03T14:45:00Z,60
1950804,East,MOHALI,11KV DHARAMGARH UPS,Unplanned,Closed,2026-10-03T13:45:00Z,2026-10-03T13:55:54Z,10
1950802,South,PATIALA,UPS RAJPURA,Unplanned,Closed,2026-10-03T13:45:00Z,2026-10-03T14:45:00Z,60
1950796,South,SANGRUR,M K Road,Planned,Closed,2026-10-03T13:42:51Z,2026-10-03T14:19:00Z,36
1950795,South,SANGRUR,Markfed,Planned,Closed,2026-10-03T13:42:51Z,2026-10-03T14:19:00Z,36
1950800,Central,CITY WEST LUDHIANA,JAWADDI,Planned,Closed,2026-10-03T13:38:27Z,2026-10-03T14:00:00Z,21
1950798,Central,CITY WEST LUDHIANA,JAGDAMBA,Planned,Closed,2026-10-03T13:35:46Z,2026-10-03T13:55:02Z,19
1950799,Central,CITY WEST LUDHIANA,SARTAJ,Planned,Closed,2026-10-03T13:35:38Z,2026-10-03T13:55:59Z,20
1950792,Central,CITY WEST LUDHIANA,JAGDAMBA,Planned,Closed,2026-10-03T13:31:25Z,2026-10-03T13:59:49Z,28
1950793,Central,CITY WEST LUDHIANA,SARTAJ,Planned,Closed,2026-10-03T13:31:20Z,2026-10-03T13:32:39Z,1
1950797,Central,SUB URBAN LUDHIANA,NATHUMAJRA,Unplanned,Closed,2026-10-03T13:30:42Z,2026-10-03T14:36:00Z,65
1950794,South,SANGRUR,KOHRIAN C1 (GRID KOHRIAN),Planned,Closed,2026-10-03T13:25:00Z,2026-10-03T13:55:00Z,30
1950791,North,NAWANSHAHR,KAULGARH,Unplanned,Closed,2026-10-03T13:25:00Z,2026-10-03T13:40:00Z,15
1950789,Border,GURDASPUR,Mallian,Unplanned,Closed,2026-10-03T13:23:00Z,2026-10-03T13:35:00Z,12
1950786,Border,GURDASPUR,Paniar,Unplanned,Closed,2026-10-03T13:22:00Z,2026-10-03T13:35:00Z,13
1950787,South,SANGRUR,Sangatpura,Unplanned,Closed,2026-10-03T13:20:08Z,2026-10-03T14:19:00Z,58
1950801,Border,TARN TARAN,FELLOKE,Unplanned,Closed,2026-10-03T13:20:00Z,2026-10-03T14:30:00Z,70
1950788,Central,CITY EAST LUDHIANA,BASTI JODHEWAL,Unplanned,Closed,2026-10-03T13:20:00Z,2026-10-03T14:39:00Z,79
1950782,North,KAPURTHALA,UPS KOHALA,Unplanned,Closed,2026-10-03T13:15:00Z,2026-10-03T13:46:00Z,31
1950816,West,FEROZPUR,COURT FEEDER,Unplanned,Closed,2026-10-03T13:12:00Z,2026-10-03T14:11:00Z,59
1950785,West,FARIDKOT,11 KV Mann Singh Wala UPS,Planned,Closed,2026-10-03T13:10:00Z,2026-10-03T14:10:00Z,60
1950783,West,FARIDKOT,SADIQ,Planned,Closed,2026-10-03T13:10:00Z,2026-10-03T14:10:00Z,60
1950773,West,FARIDKOT,11KV PAKHI,Planned,Closed,2026-10-03T13:10:00Z,2026-10-03T13:55:00Z,45
1950772,West,MUKATSAR,11 KV Dhani Bisehesarnath,Unplanned,Closed,2026-10-03T13:08:03Z,2026-10-03T13:24:09Z,16
1950426,Border,SUB URBAN AMRITSAR,MVN INDUSTRY,Planned,Closed,2026-10-03T13:05:00Z,2026-10-03T17:30:05Z,265
1950769,South,SANGRUR,GANOTA,Planned,Closed,2026-10-03T13:00:59Z,2026-10-03T15:13:08Z,132
1950770,South,SANGRUR,Gill,Planned,Closed,2026-10-03T13:00:33Z,2026-10-03T15:13:41Z,133
1950771,Border,SUB URBAN AMRITSAR,Avtar Avenue,Unplanned,Closed,2026-10-03T13:00:00Z,2026-10-03T13:56:00Z,56
1950766,Central,KHANNA,Khanyan Road,Unplanned,Closed,2026-10-03T12:57:00Z,2026-10-03T13:15:00Z,18
1950765,Central,KHANNA,City-2,Unplanned,Closed,2026-10-03T12:57:00Z,2026-10-03T13:15:00Z,18
1950768,Border,TARN TARAN,CITY 1,Unplanned,Closed,2026-10-03T12:50:00Z,2026-10-03T14:25:06Z,95
1950767,Border,TARN TARAN,CITY 6,Unplanned,Closed,2026-10-03T12:50:00Z,2026-10-03T14:25:00Z,95
1950779,East,MOHALI,11KV PEARL,Unplanned,Closed,2026-10-03T12:48:00Z,2026-10-03T13:48:00Z,60
1952420,West,MUKATSAR,Guru Nanak Nagri,Unplanned,Closed,2026-10-03T12:45:14Z,2026-10-03T14:30:14Z,105
1950760,Central,CITY EAST LUDHIANA,BAL SINGH NAGAR,Unplanned,Closed,2026-10-03T12:43:00Z,2026-10-03T13:16:00Z,33
1950755,West,FARIDKOT,KANER,Unplanned,Closed,2026-10-03T12:41:04Z,2026-10-03T14:32:07Z,111
1950790,North,KAPURTHALA,UPS SHAHPUR,Planned,Closed,2026-10-03T12:40:00Z,2026-10-03T16:20:00Z,220
1950833,North,KAPURTHALA,Lakhan Kalan,Unplanned,Closed,2026-10-03T12:37:51Z,2026-10-03T14:45:34Z,127
1950761,Border,GURDASPUR,11 K.V UPS Balwanda,Unplanned,Closed,2026-10-03T12:30:00Z,2026-10-03T12:50:00Z,20
1950757,West,FARIDKOT,SADIQ,Unplanned,Closed,2026-10-03T12:30:00Z,2026-10-03T13:09:00Z,39
1950751,South,PATIALA,UPS RAIPUR,Unplanned,Closed,2026-10-03T12:30:00Z,2026-10-03T14:25:14Z,115
1950752,South,PATIALA,INDUSTRIAL ESTATE,Unplanned,Closed,2026-10-03T12:28:00Z,2026-10-03T13:18:00Z,50
1950745,Central,KHANNA,Bhadalthua,Planned,Closed,2026-10-03T12:26:00Z,2026-10-03T14:00:00Z,94
1950749,North,NAWANSHAHR,Rahon Road,Unplanned,Closed,2026-10-03T12:25:00Z,2026-10-03T13:40:00Z,75
1950748,North,NAWANSHAHR,11 KV Railway Road,Unplanned,Closed,2026-10-03T12:25:00Z,2026-10-03T13:40:00Z,75
1950744,Border,GURDASPUR,City Ptk.,Unplanned,Closed,2026-10-03T12:23:00Z,2026-10-03T13:07:00Z,44
1950750,North,HOSHIARPUR,KANDHALA JATTAN,Unplanned,Closed,2026-10-03T12:20:00Z,2026-10-03T14:01:00Z,101
1950741,Border,SUB URBAN AMRITSAR,GUJJAPEER,Unplanned,Closed,2026-10-03T12:20:00Z,2026-10-03T12:45:00Z,25
1950739,Border,SUB URBAN AMRITSAR,Bhaka Hari Singh,Unplanned,Closed,2026-10-03T12:20:00Z,2026-10-03T12:46:00Z,26
1950754,East,Zirakpur,CITY COURT,Planned,Closed,2026-10-03T12:10:00Z,2026-10-03T13:08:00Z,58
1950753,East,Zirakpur,EKTA VIHAR,Planned,Closed,2026-10-03T12:10:00Z,2026-10-03T13:08:00Z,58
1950747,North,NAWANSHAHR,MOJOWAL MAJARA,Unplanned,Closed,2026-10-03T12:10:00Z,2026-10-03T13:50:00Z,100
1950746,East,ROPAR,Lamlehri,Unplanned,Closed,2026-10-03T12:10:00Z,2026-10-03T15:35:00Z,205
1950742,North,NAWANSHAHR,TEHSIL COMPLEX,Unplanned,Closed,2026-10-03T12:10:00Z,2026-10-03T13:35:00Z,85
1950740,North,JALANDHAR,HAZARA,Unplanned,Closed,2026-10-03T12:10:00Z,2026-10-03T12:50:00Z,40
1950738,North,JALANDHAR,KANGNIWAL,Unplanned,Closed,2026-10-03T12:10:00Z,2026-10-03T12:50:00Z,40
1950737,North,JALANDHAR,DHADDA,Unplanned,Closed,2026-10-03T12:10:00Z,2026-10-03T12:50:00Z,40
1950736,North,JALANDHAR,Johal,Unplanned,Closed,2026-10-03T12:10:00Z,2026-10-03T12:50:00Z,40
1950735,East,ROPAR,11KV Belian UPS FEEDER,Unplanned,Closed,2026-10-03T12:10:00Z,2026-10-03T12:30:00Z,20
1950731,East,ROPAR,MODLE  TOWN,Planned,Closed,2026-10-03T12:06:00Z,2026-10-03T14:30:00Z,144
1950730,East,ROPAR,KTM,Planned,Closed,2026-10-03T12:06:00Z,2026-10-03T14:30:00Z,144
1950734,West,BATHINDA,TOWN,Planned,Closed,2026-10-03T12:05:00Z,2026-10-03T13:05:00Z,60
1950733,North,NAWANSHAHR,RAWALPINDI,Unplanned,Closed,2026-10-03T12:05:00Z,2026-10-03T12:50:00Z,45
1950732,North,NAWANSHAHR,BADESARON,Unplanned,Closed,2026-10-03T12:05:00Z,2026-10-03T12:50:00Z,45
1950728,Central,KHANNA,C K UPS,Planned,Closed,2026-10-03T12:02:47Z,2026-10-03T13:30:00Z,87
1950639,North,KAPURTHALA,UPS Seowal,Planned,Closed,2026-10-03T12:00:38Z,2026-10-03T15:00:38Z,180
1950527,North,KAPURTHALA,Rai bhoe talwandi,Planned,Closed,2026-10-03T12:00:35Z,2026-10-03T15:00:35Z,180
1950526,North,KAPURTHALA,BILLI CHAHARMI,Planned,Closed,2026-10-03T12:00:35Z,2026-10-03T15:00:35Z,180
1950537,North,KAPURTHALA,Civil Hospital,Planned,Closed,2026-10-03T12:00:17Z,2026-10-03T15:00:17Z,180
1950536,North,KAPURTHALA,UPS Kotla Suraj Mall,Planned,Closed,2026-10-03T12:00:17Z,2026-10-03T15:00:17Z,180
1950535,North,KAPURTHALA,UPS Sangatpur,Planned,Closed,2026-10-03T12:00:17Z,2026-10-03T15:00:17Z,180
1950534,North,KAPURTHALA,URBAN MODEL TOWN Shahkot,Planned,Closed,2026-10-03T12:00:17Z,2026-10-03T15:00:17Z,180
1950533,North,KAPURTHALA,Fazalwal,Planned,Closed,2026-10-03T12:00:17Z,2026-10-03T15:00:17Z,180
1950532,North,KAPURTHALA,Gobind Nagar,Planned,Closed,2026-10-03T12:00:17Z,2026-10-03T15:00:17Z,180
1950531,North,KAPURTHALA,URBAN MAIN BAZAAR Shahkot,Planned,Closed,2026-10-03T12:00:17Z,2026-10-03T15:00:17Z,180
1950530,North,KAPURTHALA,UPS Nagal Ambian,Planned,Closed,2026-10-03T12:00:17Z,2026-10-03T15:00:17Z,180
1950529,North,KAPURTHALA,URBAN DANA MANDI Shahkot,Planned,Closed,2026-10-03T12:00:17Z,2026-10-03T15:00:17Z,180
1950524,North,KAPURTHALA,UPS MALLIWAL,Planned,Closed,2026-10-03T12:00:16Z,2026-10-03T12:40:16Z,40
1950523,North,KAPURTHALA,URBAN Malsian,Planned,Closed,2026-10-03T12:00:16Z,2026-10-03T12:40:16Z,40
1950522,North,KAPURTHALA,URBAN INDUSTRY,Planned,Closed,2026-10-03T12:00:16Z,2026-10-03T12:40:16Z,40
1950521,North,KAPURTHALA,Darbar Paper Mill,Planned,Closed,2026-10-03T12:00:16Z,2026-10-03T12:40:16Z,40
1950520,North,KAPURTHALA,UPS Kotli,Planned,Closed,2026-10-03T12:00:16Z,2026-10-03T12:40:16Z,40
1950519,North,KAPURTHALA,UPS KACHI SARAI KHAS,Planned,Closed,2026-10-03T12:00:16Z,2026-10-03T12:40:16Z,40
1950729,Central,CITY WEST LUDHIANA,DYAL NAGAR,Unplanned,Closed,2026-10-03T12:00:00Z,2026-10-03T13:00:00Z,60
1950719,South,SANGRUR,City-I,Planned,Closed,2026-10-03T11:57:00Z,2026-10-03T13:50:00Z,113
1949987,South,SANGRUR,11kv Bank road,Planned,Closed,2026-10-03T11:57:00Z,2026-10-03T13:50:00Z,113
1949986,South,SANGRUR,Dharampura,Planned,Closed,2026-10-03T11:57:00Z,2026-10-03T13:50:00Z,113
1950723,West,MUKATSAR,11 KV Dhani Bisehesarnath,Unplanned,Closed,2026-10-03T11:55:46Z,2026-10-03T13:01:18Z,65
1950722,West,MUKATSAR,11 KV New Water Works -2,Unplanned,Closed,2026-10-03T11:55:46Z,2026-10-03T13:01:18Z,65
1950727,West,FARIDKOT,SADIQ,Unplanned,Closed,2026-10-03T11:55:00Z,2026-10-03T12:20:00Z,25
1950721,Central,CITY EAST LUDHIANA,BY PASS,Unplanned,Closed,2026-10-03T11:54:00Z,2026-10-03T12:50:00Z,56
1950726,Border,TARN TARAN,KADD GILL UPS,Unplanned,Closed,2026-10-03T11:50:00Z,2026-10-03T12:50:00Z,60
1950725,Border,TARN TARAN,Jandiala Road Urban.,Unplanned,Closed,2026-10-03T11:50:00Z,2026-10-03T12:50:00Z,60
1950724,Border,TARN TARAN,11 KV Industrial Feeder,Unplanned,Closed,2026-10-03T11:50:00Z,2026-10-03T12:50:00Z,60
1950720,South,SANGRUR,ARYA COLLAGE,Planned,Closed,2026-10-03T11:50:00Z,2026-10-03T15:26:00Z,216
1950717,Central,KHANNA,CITY-1,Unplanned,Closed,2026-10-03T11:50:00Z,2026-10-03T13:46:00Z,116
1950743,East,ROPAR,Agampur,Unplanned,Closed,2026-10-03T11:45:00Z,2026-10-03T12:40:00Z,55
1950715,East,ROPAR,11KV Belian UPS FEEDER,Unplanned,Closed,2026-10-03T11:42:00Z,2026-10-03T12:07:00Z,25
1950716,South,SANGRUR,Natt UPS,Unplanned,Closed,2026-10-03T11:35:30Z,2026-10-03T12:05:24Z,29
1950718,South,BARNALA,Sanghera Road,Planned,Closed,2026-10-03T11:32:00Z,2026-10-03T12:05:00Z,33
1950710,Central,KHANNA,Khanna feeder,Unplanned,Closed,2026-10-03T11:31:00Z,2026-10-03T12:20:00Z,49
1950714,Central,KHANNA,LANDHA BOWANI,Planned,Closed,2026-10-03T11:30:00Z,2026-10-03T15:00:00Z,210
1950713,South,PATIALA,Industrial ( N),Unplanned,Closed,2026-10-03T11:30:00Z,2026-10-03T16:55:00Z,325
1950712,Border,GURDASPUR,Sukret,Unplanned,Closed,2026-10-03T11:25:00Z,2026-10-03T11:50:00Z,25
1950711,Border,TARN TARAN,MEHTA URBAN-II,Unplanned,Closed,2026-10-03T11:25:00Z,2026-10-03T12:20:00Z,55
1950707,South,BARNALA,Sanghera Road,Unplanned,Closed,2026-10-03T11:25:00Z,2026-10-03T11:30:00Z,5
1950706,East,MOHALI,11 KV DLF,Unplanned,Closed,2026-10-03T11:22:00Z,2026-10-03T12:55:00Z,93
1950709,North,JALANDHAR,NANDA,Unplanned,Closed,2026-10-03T11:20:00Z,2026-10-03T12:50:00Z,90
1950702,West,MUKATSAR,11 KV Alamgarh,Planned,Closed,2026-10-03T11:18:31Z,2026-10-03T12:21:48Z,63
1950703,West,MUKATSAR,11 KV KIKKER KHERA,Planned,Closed,2026-10-03T11:18:08Z,2026-10-03T12:21:21Z,63
1950708,West,FEROZPUR,COURT FEEDER,Planned,Closed,2026-10-03T11:17:00Z,2026-10-03T13:02:00Z,105
1950473,South,PATIALA,OPH,Planned,Closed,2026-10-03T11:15:55Z,2026-10-03T15:34:00Z,258
1950705,East,MOHALI,64-B,Unplanned,Closed,2026-10-03T11:15:00Z,2026-10-03T14:05:00Z,170
1950704,North,KAPURTHALA,Kotu Chownk,Planned,Closed,2026-10-03T11:15:00Z,2026-10-03T14:00:00Z,165
1950701,South,PATIALA,UPS RAJPURA,Unplanned,Closed,2026-10-03T11:10:00Z,2026-10-03T12:05:00Z,55
1950688,South,PATIALA,Patiala Road,Unplanned,Closed,2026-10-03T11:10:00Z,2026-10-03T12:50:48Z,100
1950687,Central,CITY WEST LUDHIANA,Ram Nagar,Planned,Closed,2026-10-03T11:07:32Z,2026-10-03T11:38:51Z,31
1950698,North,KAPURTHALA,11kv urban  Industrial,Unplanned,Closed,2026-10-03T11:07:00Z,2026-10-03T12:51:00Z,104
1950689,Central,CITY WEST LUDHIANA,Ranchi Colony,Planned,Closed,2026-10-03T11:07:00Z,2026-10-03T11:30:00Z,23
1950680,Border,GURDASPUR,KALANOUR CITY,Planned,Closed,2026-10-03T11:06:00Z,2026-10-03T14:55:00Z,229
1950694,East,MOHALI,11 KV CHADIALA UPS,Unplanned,Closed,2026-10-03T11:05:00Z,2026-10-03T11:40:54Z,35
1950691,East,MOHALI,11 KV GIDDARPUR AP,Unplanned,Closed,2026-10-03T11:05:00Z,2026-10-03T11:40:45Z,35
1950690,North,HOSHIARPUR,11kv Chanour UPS,Unplanned,Closed,2026-10-03T11:05:00Z,2026-10-03T11:30:00Z,25
1950683,South,PATIALA,11 KV Yadvindra Enclave,Unplanned,Closed,2026-10-03T11:04:22Z,2026-10-03T11:30:39Z,26
1950700,Border,TARN TARAN,Goindwal Road Urban.,Planned,Closed,2026-10-03T11:02:00Z,2026-10-03T16:30:00Z,328
1950686,North,HOSHIARPUR,HANDHWAL UPS,Unplanned,Closed,2026-10-03T11:02:00Z,2026-10-03T11:24:00Z,22
1952419,West,MUKATSAR,Surja,Unplanned,Closed,2026-10-03T11:00:28Z,2026-10-03T12:45:28Z,105
1950601,North,JALANDHAR,Dushiara Ground,Planned,Closed,2026-10-03T11:00:00Z,2026-10-03T13:42:00Z,162
1950677,West,FEROZPUR,11 KV Delhi Gate,Planned,Closed,2026-10-03T10:56:00Z,2026-10-03T12:21:00Z,85
1950605,North,JALANDHAR,UDHAM SINGH NAGAR,Planned,Closed,2026-10-03T10:56:00Z,2026-10-03T12:30:00Z,94
1950604,North,JALANDHAR,LAJPAT NAGAR,Planned,Closed,2026-10-03T10:56:00Z,2026-10-03T12:30:00Z,94
1950679,North,NAWANSHAHR,CHAK GURU,Unplanned,Closed,2026-10-03T10:55:00Z,2026-10-03T11:46:00Z,51
1950674,Border,GURDASPUR,Azizpur,Unplanned,Closed,2026-10-03T10:55:00Z,2026-10-03T11:18:00Z,23
1950693,East,Zirakpur,RANBAXY,Unplanned,Closed,2026-10-03T10:52:00Z,2026-10-03T11:12:00Z,20
1950685,Border,SUB URBAN AMRITSAR,KASHMIR AVANUE,Planned,Closed,2026-10-03T10:50:00Z,2026-10-03T15:10:00Z,260
1950684,Border,SUB URBAN AMRITSAR,PAWAN NAGAR,Planned,Closed,2026-10-03T10:50:00Z,2026-10-03T15:10:00Z,260
1950682,Border,SUB URBAN AMRITSAR,Tung pai,Planned,Closed,2026-10-03T10:50:00Z,2026-10-03T15:10:00Z,260
1950678,North,HOSHIARPUR,khudda,Planned,Closed,2026-10-03T10:50:00Z,2026-10-03T11:10:00Z,20
1950676,North,NAWANSHAHR,MEHIATPUR,Unplanned,Closed,2026-10-03T10:50:00Z,2026-10-03T11:55:00Z,65
1950675,North,JALANDHAR,CHURCH,Unplanned,Closed,2026-10-03T10:50:00Z,2026-10-03T11:05:00Z,15
1950673,East,ROPAR,ACME HEIGHT,Planned,Closed,2026-10-03T10:49:00Z,2026-10-03T11:04:00Z,15
1950489,South,PATIALA,Dashmesh Nagar,Planned,Closed,2026-10-03T10:46:51Z,2026-10-03T11:00:00Z,13
1950669,West,MUKATSAR,NEFED,Unplanned,Closed,2026-10-03T10:45:51Z,2026-10-03T12:40:01Z,114
1950668,South,PATIALA,Model Town 220kv,Unplanned,Closed,2026-10-03T10:45:09Z,2026-10-03T12:14:17Z,89
1950672,North,HOSHIARPUR,Bhogpur,Planned,Closed,2026-10-03T10:45:00Z,2026-10-03T11:45:00Z,60
1950665,Central,KHANNA,New Shanti Nagar,Planned,Closed,2026-10-03T10:43:00Z,2026-10-03T12:00:00Z,77
1950664,Central,KHANNA,TELEPHONE EXCH.,Planned,Closed,2026-10-03T10:43:00Z,2026-10-03T12:00:00Z,77
1950663,Central,KHANNA,Doaba,Planned,Closed,2026-10-03T10:43:00Z,2026-10-03T12:00:00Z,77
1950661,Central,KHANNA,SHIVPURI,Planned,Closed,2026-10-03T10:43:00Z,2026-10-03T12:00:00Z,77
1950671,East,ROPAR,UPS SAHO MAJRA,Unplanned,Closed,2026-10-03T10:40:00Z,2026-10-03T11:20:00Z,40
1950667,South,PATIALA,SHRI THAKUR DWARA,Unplanned,Closed,2026-10-03T10:40:00Z,2026-10-03T11:00:00Z,20
1950666,West,FARIDKOT,Industrial,Planned,Closed,2026-10-03T10:40:00Z,2026-10-03T11:10:00Z,30
1950659,North,HOSHIARPUR,RUPOWAL,Planned,Closed,2026-10-03T10:40:00Z,2026-10-03T11:50:00Z,70
1950662,North,KAPURTHALA,UPS Kotli,Unplanned,Closed,2026-10-03T10:36:00Z,2026-10-03T11:00:00Z,24
1950660,North,KAPURTHALA,UPS MALLIWAL,Unplanned,Closed,2026-10-03T10:36:00Z,2026-10-03T11:00:00Z,24
1950658,North,KAPURTHALA,Esewal,Unplanned,Closed,2026-10-03T10:35:00Z,2026-10-03T11:25:00Z,50
1950657,North,HOSHIARPUR,11KV ARGOWAL,Planned,Closed,2026-10-03T10:35:00Z,2026-10-03T11:50:00Z,75
1950656,West,FARIDKOT,Focal Point,Planned,Closed,2026-10-03T10:31:00Z,2026-10-03T10:37:00Z,6
1950655,South,PATIALA,11 KV UPS Assmanpur,Planned,Closed,2026-10-03T10:30:00Z,2026-10-03T12:50:00Z,140
1950654,North,NAWANSHAHR,City-1,Unplanned,Closed,2026-10-03T10:30:00Z,2026-10-03T11:30:00Z,60
1950653,South,PATIALA,UPS  KHANSIAN,Planned,Closed,2026-10-03T10:30:00Z,2026-10-03T12:50:00Z,140
1950652,North,NAWANSHAHR,11 KV Railway Road,Unplanned,Closed,2026-10-03T10:30:00Z,2026-10-03T11:30:00Z,60
1950651,South,PATIALA,BAGRIAN CAT-1,Unplanned,Closed,2026-10-03T10:30:00Z,2026-10-03T12:25:52Z,115
1950650,North,NAWANSHAHR,Saloh Road,Unplanned,Closed,2026-10-03T10:30:00Z,2026-10-03T11:30:00Z,60
1950649,South,PATIALA,11 KV URBAN ANAJ MANDI SNR,Planned,Closed,2026-10-03T10:30:00Z,2026-10-03T13:55:00Z,205
1950648,North,NAWANSHAHR,Rahon Road,Unplanned,Closed,2026-10-03T10:30:00Z,2026-10-03T11:30:00Z,60
1950647,North,NAWANSHAHR,Focal Point,Unplanned,Closed,2026-10-03T10:30:00Z,2026-10-03T10:40:00Z,10
1950528,Central,SUB URBAN LUDHIANA,LAKHA(UPS),Planned,Closed,2026-10-03T10:29:00Z,2026-10-03T16:00:00Z,331
1950640,Central,KHANNA,City 1,Unplanned,Closed,2026-10-03T10:21:00Z,2026-10-03T11:09:00Z,48
1950681,West,FARIDKOT,11 KV BMS NATHUWALA-CAT-01,Planned,Closed,2026-10-03T10:20:00Z,2026-10-03T11:48:00Z,88
1950645,North,HOSHIARPUR,11 KV Kotli,Planned,Closed,2026-10-03T10:20:00Z,2026-10-03T14:05:00Z,225
1950643,North,HOSHIARPUR,BHUNGA,Planned,Closed,2026-10-03T10:20:00Z,2026-10-03T14:05:00Z,225
1950641,North,HOSHIARPUR,JANOURI,Planned,Closed,2026-10-03T10:20:00Z,2026-10-03T14:15:00Z,235
1950670,West,BATHINDA,11 KV ANOOPGARH UPS,Planned,Closed,2026-10-03T10:19:00Z,2026-10-03T13:20:00Z,181
1950638,Central,CITY WEST LUDHIANA,GURU GIAN VIHAR,Planned,Closed,2026-10-03T10:15:35Z,2026-10-03T14:00:00Z,224
1950644,West,BATHINDA,Jaude pul,Planned,Closed,2026-10-03T10:15:00Z,2026-10-03T12:35:00Z,140
1950642,North,NAWANSHAHR,JADLA,Unplanned,Closed,2026-10-03T10:15:00Z,2026-10-03T12:10:00Z,115
1950634,Central,CITY WEST LUDHIANA,AMRIT FASTNER,Planned,Closed,2026-10-03T10:10:24Z,2026-10-03T10:34:52Z,24
1950633,West,FARIDKOT,GURU TEG BHADUR NAGAR,Planned,Closed,2026-10-03T10:10:00Z,2026-10-03T10:22:00Z,12
1950637,North,HOSHIARPUR,SHIMLA PAHARI,Planned,Closed,2026-10-03T10:08:00Z,2026-10-03T12:22:00Z,134
1950636,North,HOSHIARPUR,service club,Planned,Closed,2026-10-03T10:08:00Z,2026-10-03T12:22:00Z,134
1950646,North,KAPURTHALA,Nawi Abadi,Planned,Closed,2026-10-03T10:05:00Z,2026-10-03T11:55:00Z,110
1950495,East,ROPAR,SHRI DASHMESH ACADEMY,Planned,Closed,2026-10-03T10:02:00Z,2026-10-03T15:42:00Z,340
1950496,East,ROPAR,11KV  Dhahe Feeder,Planned,Closed,2026-10-03T10:01:00Z,2026-10-03T15:15:00Z,314
1950618,South,SANGRUR,INDUSTRIAL,Planned,Closed,2026-10-03T10:00:00Z,2026-10-03T15:40:00Z,340
1950603,North,JALANDHAR,L.I.C,Planned,Closed,2026-10-03T10:00:00Z,2026-10-03T12:30:00Z,150
1950602,North,JALANDHAR,11 kv central town,Planned,Closed,2026-10-03T10:00:00Z,2026-10-03T12:30:33Z,150
1950554,North,JALANDHAR,ASHOK VIHAR,Planned,Closed,2026-10-03T10:00:00Z,2026-10-03T14:45:00Z,285
1950553,North,JALANDHAR,HSP ROAD,Planned,Closed,2026-10-03T10:00:00Z,2026-10-03T14:15:00Z,255
1950552,North,JALANDHAR,KLARWARA GATE,Planned,Closed,2026-10-03T10:00:00Z,2026-10-03T14:15:00Z,255
1950481,Border,GURDASPUR,BATHWALA,Planned,Closed,2026-10-03T10:00:00Z,2026-10-03T15:32:00Z,332
1950480,Border,GURDASPUR,Gatta Factory,Planned,Closed,2026-10-03T10:00:00Z,2026-10-03T15:31:00Z,331
1950474,South,PATIALA,Ablowal Feeder,Planned,Closed,2026-10-03T10:00:00Z,2026-10-03T17:30:00Z,450
1950464,Central,CITY EAST LUDHIANA,SUDARSHAN CONCAST,Planned,Closed,2026-10-03T10:00:00Z,2026-10-03T17:00:00Z,420
1949949,South,PATIALA,SABJI MANDI,Planned,Closed,2026-10-03T10:00:00Z,2026-10-03T13:49:00Z,229
1949948,South,PATIALA,Park Avenue,Planned,Closed,2026-10-03T10:00:00Z,2026-10-03T12:30:00Z,150
1949538,South,PATIALA,BHAWANIGARH ROAD-2,Planned,Closed,2026-10-03T10:00:00Z,2026-10-03T12:30:00Z,150
1949535,South,PATIALA,JAGDAMBAY PATIALA COTSPIN,Planned,Closed,2026-10-03T10:00:00Z,2026-10-03T12:30:00Z,150
1950632,North,JALANDHAR,11 KV SHIV MANDIR,Unplanned,Closed,2026-10-03T09:52:00Z,2026-10-03T11:35:00Z,103
1950629,South,PATIALA,Sarabha Nagar feeder,Unplanned,Closed,2026-10-03T09:51:35Z,2026-10-03T11:09:44Z,78
1950631,Border,GURDASPUR,Thakarwal,Unplanned,Closed,2026-10-03T09:50:00Z,2026-10-03T11:00:00Z,70
1950628,North,KAPURTHALA,AJIT NAGAR,Planned,Closed,2026-10-03T09:48:26Z,2026-10-03T10:15:43Z,27
1950630,West,FARIDKOT,Heera Singh Nagar,Planned,Closed,2026-10-03T09:40:00Z,2026-10-03T11:22:00Z,102
1950626,West,BATHINDA,TIN KONI,Planned,Closed,2026-10-03T09:40:00Z,2026-10-03T10:05:00Z,25
1950625,West,BATHINDA,MATA JIVI NAGAR,Planned,Closed,2026-10-03T09:40:00Z,2026-10-03T10:05:00Z,25
1950624,North,HOSHIARPUR,BHOL,Unplanned,Closed,2026-10-03T09:40:00Z,2026-10-03T11:35:00Z,115
1950616,Central,CITY WEST LUDHIANA,SHIMLA PURI FEEDER,Unplanned,Closed,2026-10-03T09:30:49Z,2026-10-03T09:53:28Z,22
1950627,West,BATHINDA,DANA MANDI,Planned,Closed,2026-10-03T09:30:00Z,2026-10-03T12:41:00Z,191
1950623,East,ROPAR,11KV Dugri,Unplanned,Closed,2026-10-03T09:30:00Z,2026-10-03T10:05:00Z,35
1950621,West,BATHINDA,Station Basti,Planned,Closed,2026-10-03T09:30:00Z,2026-10-03T09:50:00Z,20
1950620,West,BATHINDA,BHUCHO MANDI,Planned,Closed,2026-10-03T09:30:00Z,2026-10-03T09:50:00Z,20
1950619,West,BATHINDA,Civil Hospital,Planned,Closed,2026-10-03T09:30:00Z,2026-10-03T09:50:00Z,20
1950617,West,BATHINDA,MAIN BAZAR,Planned,Closed,2026-10-03T09:30:00Z,2026-10-03T09:50:00Z,20
1950615,West,BATHINDA,AAWA BASTI,Planned,Closed,2026-10-03T09:27:19Z,2026-10-03T15:41:00Z,373
1950614,West,BATHINDA,BANK BAZAAR,Planned,Closed,2026-10-03T09:27:19Z,2026-10-03T15:42:00Z,374
1950613,West,BATHINDA,SIRKI BAZAAR,Planned,Closed,2026-10-03T09:27:19Z,2026-10-03T15:42:00Z,374
1950635,North,JALANDHAR,HOUSING BOARD,Unplanned,Closed,2026-10-03T09:15:00Z,2026-10-03T10:15:00Z,60
1950622,West,FARIDKOT,MACHIKE UPS,Planned,Closed,2026-10-03T09:15:00Z,2026-10-03T09:55:00Z,40
1950609,West,BATHINDA,TOWN,Unplanned,Closed,2026-10-03T09:10:00Z,2026-10-03T09:25:00Z,15
1950608,West,BATHINDA,BALLA RAM NAGAR,Unplanned,Closed,2026-10-03T09:00:00Z,2026-10-03T10:05:00Z,65
1950247,West,FEROZPUR,11 NAMDEV CHAUNK URBAN,Planned,Closed,2026-10-03T09:00:00Z,2026-10-03T18:50:00Z,590
1950607,West,FEROZPUR,ZILA PARISHAD,Unplanned,Closed,2026-10-03T08:50:00Z,2026-10-03T09:01:00Z,11
1950606,West,BATHINDA,BABA HARNAM SINGH,Unplanned,Closed,2026-10-03T08:45:00Z,2026-10-03T08:50:00Z,5
1950612,Border,TARN TARAN,CITY 1,Unplanned,Closed,2026-10-03T08:30:00Z,2026-10-03T09:25:00Z,55
1950600,North,KAPURTHALA,11KV RAIL TECH,Unplanned,Closed,2026-10-03T08:18:00Z,2026-10-03T09:12:00Z,54
1950588,East,MOHALI,Industry Phase 2,Unplanned,Closed,2026-10-03T08:15:20Z,2026-10-03T10:10:13Z,114
1950587,Central,KHANNA,Khanna feeder,Unplanned,Closed,2026-10-03T08:10:00Z,2026-10-03T09:40:00Z,90
1950599,West,MUKATSAR,MALOUT ROAD,Planned,Closed,2026-10-03T08:01:37Z,2026-10-03T12:50:37Z,289
1950598,West,MUKATSAR,11KV Danna Mandi,Planned,Closed,2026-10-03T08:01:37Z,2026-10-03T12:50:37Z,289
1950597,West,MUKATSAR,11KV Balam Garh Road,Planned,Closed,2026-10-03T08:01:37Z,2026-10-03T12:50:37Z,289
1950596,West,MUKATSAR,11KV Tarn Taran Sahib,Planned,Closed,2026-10-03T08:01:37Z,2026-10-03T12:50:37Z,289
1950595,West,MUKATSAR,DISPOSAL WORKS,Planned,Closed,2026-10-03T08:01:37Z,2026-10-03T12:50:37Z,289
1950594,West,MUKATSAR,Civil Hospital,Planned,Closed,2026-10-03T08:01:37Z,2026-10-03T12:50:37Z,289
1950593,West,MUKATSAR,MUKT-E-MINAR,Planned,Closed,2026-10-03T08:01:37Z,2026-10-03T12:50:37Z,289
1950592,West,MUKATSAR,RAHURIANWALI,Planned,Closed,2026-10-03T08:01:37Z,2026-10-03T12:50:37Z,289
1950591,West,MUKATSAR,ABOHAR ROAD,Planned,Closed,2026-10-03T08:01:37Z,2026-10-03T12:50:37Z,289
1950590,West,MUKATSAR,BUS STAND,Planned,Closed,2026-10-03T08:01:37Z,2026-10-03T12:50:37Z,289
1950542,South,PATIALA,Bhupindra Road,Planned,Closed,2026-10-03T08:00:00Z,2026-10-03T08:18:50Z,18
1950586,Border,GURDASPUR,Chhaurian,Unplanned,Closed,2026-10-03T07:55:00Z,2026-10-03T09:50:00Z,115
1950585,North,HOSHIARPUR,PENSRA,Unplanned,Closed,2026-10-03T07:55:00Z,2026-10-03T08:20:00Z,25
1950583,Central,CITY EAST LUDHIANA,GURU NANAK DEV NAGAR,Unplanned,Closed,2026-10-03T07:52:00Z,2026-10-03T08:32:00Z,40
1950584,North,NAWANSHAHR,DILAWARPUR,Unplanned,Closed,2026-10-03T07:50:00Z,2026-10-03T08:35:00Z,45
1950581,Central,CITY WEST LUDHIANA,MERADO FEEDER,Planned,Closed,2026-10-03T07:48:41Z,2026-10-03T08:50:43Z,62
1950582,North,HOSHIARPUR,MANJPUR,Unplanned,Closed,2026-10-03T07:40:00Z,2026-10-03T07:55:00Z,15
1950580,West,FARIDKOT,11KV GREEN AVENUE,Unplanned,Closed,2026-10-03T07:15:29Z,2026-10-03T07:46:05Z,30
1950578,Central,CITY WEST LUDHIANA,SATSANG GHAR,Unplanned,Closed,2026-10-03T07:12:11Z,2026-10-03T08:30:52Z,78
1950577,North,JALANDHAR,11 KV FRIEND COLONY,Unplanned,Closed,2026-10-03T07:02:00Z,2026-10-03T08:32:22Z,90
1950574,South,SANGRUR,Industrial (Dhuri),Unplanned,Closed,2026-10-03T06:50:29Z,2026-10-03T07:55:44Z,65
1950573,West,FARIDKOT,11 KV MOGA ROAD CAT-02,Unplanned,Closed,2026-10-03T06:48:00Z,2026-10-03T07:35:00Z,47
1950576,East,Zirakpur,EKTA VIHAR,Unplanned,Closed,2026-10-03T06:46:00Z,2026-10-03T07:51:00Z,65
1950575,East,MOHALI,11KV BLOCK-C,Unplanned,Closed,2026-10-03T06:35:00Z,2026-10-03T07:45:00Z,70
1950571,North,JALANDHAR,HOUSING BOARD,Unplanned,Closed,2026-10-03T06:25:00Z,2026-10-03T07:48:00Z,83
1950579,Central,CITY EAST LUDHIANA,TAJPUR ROAD,Unplanned,Closed,2026-10-03T06:20:00Z,2026-10-03T07:15:00Z,55
1950572,West,BATHINDA,PEERKHANA,Unplanned,Closed,2026-10-03T06:17:00Z,2026-10-03T06:58:00Z,41
1950570,South,SANGRUR,Sangatpura,Unplanned,Closed,2026-10-03T06:10:00Z,2026-10-03T07:10:02Z,60
1950569,South,SANGRUR,M K Road,Unplanned,Closed,2026-10-03T06:10:00Z,2026-10-03T07:12:29Z,62
1950568,South,BARNALA,Sekha Road,Unplanned,Closed,2026-10-03T05:54:00Z,2026-10-03T06:54:00Z,60
1950566,South,SANGRUR,ATTALIAN,Unplanned,Closed,2026-10-03T05:02:00Z,2026-10-03T12:35:00Z,453
1950565,South,PATIALA,AMARGARH UPS,Unplanned,Closed,2026-10-03T04:59:26Z,2026-10-03T07:55:52Z,176
1950567,North,HOSHIARPUR,MANJPUR,Unplanned,Closed,2026-10-03T04:50:00Z,2026-10-03T06:40:00Z,110
1950564,North,JALANDHAR,Vajra Vihar,Unplanned,Closed,2026-10-03T04:46:00Z,2026-10-03T06:55:00Z,129
1950563,West,FARIDKOT,GOLEWALA,Unplanned,Closed,2026-10-03T04:39:46Z,2026-10-03T06:16:12Z,96
1950562,East,ROPAR,11 KV Sarsa Nangal,Unplanned,Closed,2026-10-03T03:12:00Z,2026-10-03T04:10:00Z,58
1950561,North,NAWANSHAHR,MALEWAL,Unplanned,Closed,2026-10-03T02:55:00Z,2026-10-03T03:03:00Z,8
1950560,Border,TARN TARAN,Adda Bhikhiwind,Unplanned,Closed,2026-10-03T02:21:00Z,2026-10-03T06:25:04Z,244
1950559,Border,TARN TARAN,CITY 6,Unplanned,Closed,2026-10-03T01:45:00Z,2026-10-03T06:30:00Z,285
1950558,Central,CITY WEST LUDHIANA,SATGURU NAGAR,Unplanned,Closed,2026-10-03T01:42:00Z,2026-10-03T02:44:00Z,62
1950555,North,NAWANSHAHR,11 KV Railway Road,Unplanned,Closed,2026-10-03T01:15:00Z,2026-10-03T01:30:00Z,15
1950556,North,JALANDHAR,11 KV Manbro,Unplanned,Closed,2026-10-03T01:09:00Z,2026-10-03T01:39:00Z,30
1950557,West,BATHINDA,Civil Hospital,Unplanned,Closed,2026-10-03T00:40:00Z,2026-10-03T06:54:00Z,374
1950551,North,NAWANSHAHR,KATHGARH,Unplanned,Closed,2026-10-03T00:40:00Z,2026-10-03T01:15:00Z,35
1952119,West,MUKATSAR,11 KV NAI ABADI,Unplanned,Closed,2026-10-03T00:27:36Z,2026-10-03T00:54:47Z,27
1950549,North,NAWANSHAHR,Rahon Road,Unplanned,Closed,2026-10-03T00:01:00Z,2026-10-03T00:50:00Z,49
1950548,East,Zirakpur,MORTHIKRI INDUSTRIAL,Unplanned,Closed,2026-10-02T23:45:00Z,2026-10-03T00:54:00Z,69
1950547,North,JALANDHAR,Lilly Resort,Unplanned,Closed,2026-10-02T23:35:00Z,2026-10-03T00:20:00Z,45
1950546,South,PATIALA,Lakkar Mandi,Unplanned,Closed,2026-10-02T23:15:00Z,2026-10-02T23:45:00Z,30
1950545,North,JALANDHAR,Hoshiarpur Road,Unplanned,Closed,2026-10-02T23:05:00Z,2026-10-02T23:30:00Z,25
1950544,North,NAWANSHAHR,Rahon Road,Unplanned,Closed,2026-10-02T23:04:00Z,2026-10-02T23:59:00Z,55
1950550,South,SANGRUR,UPS THRWA,Unplanned,Closed,2026-10-02T23:00:00Z,2026-10-03T07:10:00Z,490
1950543,North,JALANDHAR,MODEL HOUSE,Unplanned,Closed,2026-10-02T23:00:00Z,2026-10-02T23:36:00Z,36
1950540,West,FARIDKOT,Arvind Nagar Feeder,Planned,Closed,2026-10-02T22:25:00Z,2026-10-02T22:35:00Z,10
1950541,East,Zirakpur,SEVEN STAR,Unplanned,Closed,2026-10-02T22:23:00Z,2026-10-02T23:15:00Z,52
1950539,North,JALANDHAR,NEW ESTATE,Unplanned,Closed,2026-10-02T22:15:00Z,2026-10-02T22:34:00Z,19
1950538,Border,GURDASPUR,11 K.V UPS Balwanda,Unplanned,Closed,2026-10-02T22:09:00Z,2026-10-02T22:55:00Z,46
1950525,North,KAPURTHALA,URBAN MOHABAT NAGAR,Unplanned,Closed,2026-10-02T21:33:00Z,2026-10-02T23:25:00Z,112
1950518,South,BARNALA,UPS HATHOA,Unplanned,Closed,2026-10-02T21:20:00Z,2026-10-02T22:20:00Z,60
1950517,North,NAWANSHAHR,CITY GARHSHANKAR-2,Unplanned,Closed,2026-10-02T21:11:00Z,2026-10-02T21:35:00Z,24
1950515,North,HOSHIARPUR,PRTC,Unplanned,Closed,2026-10-02T20:58:22Z,2026-10-02T21:23:22Z,25
1950514,North,HOSHIARPUR,KHARKAN,Unplanned,Closed,2026-10-02T20:58:22Z,2026-10-02T21:23:22Z,25
1950513,North,HOSHIARPUR,SSG. UNIVERCITY,Unplanned,Closed,2026-10-02T20:58:22Z,2026-10-02T21:23:22Z,25
1950512,North,HOSHIARPUR,11 KV Narayan Nagar,Unplanned,Closed,2026-10-02T20:58:22Z,2026-10-02T21:23:22Z,25
1950511,North,HOSHIARPUR,service club,Unplanned,Closed,2026-10-02T20:58:22Z,2026-10-02T21:23:22Z,25
1950510,North,HOSHIARPUR,CHAUNNI,Unplanned,Closed,2026-10-02T20:58:22Z,2026-10-02T21:23:22Z,25
1950509,North,HOSHIARPUR,BAJWARA,Unplanned,Closed,2026-10-02T20:58:22Z,2026-10-02T21:23:22Z,25
1950508,North,HOSHIARPUR,Bassi Gulam Hussian,Unplanned,Closed,2026-10-02T20:58:22Z,2026-10-02T21:23:22Z,25
1950507,North,HOSHIARPUR,new court complex,Unplanned,Closed,2026-10-02T20:58:22Z,2026-10-02T21:23:22Z,25
1950506,North,HOSHIARPUR,NARA DADA,Unplanned,Closed,2026-10-02T20:58:22Z,2026-10-02T21:23:22Z,25
1950505,North,HOSHIARPUR,ASLAMABAD,Unplanned,Closed,2026-10-02T20:58:22Z,2026-10-02T21:23:22Z,25
1950504,North,HOSHIARPUR,SHIMLA PAHARI,Unplanned,Closed,2026-10-02T20:58:22Z,2026-10-02T21:23:22Z,25
1950503,Border,TARN TARAN,24 HRS UPS,Unplanned,Closed,2026-10-02T20:50:00Z,2026-10-02T22:40:00Z,110
1950516,East,ROPAR,CHATAULI,Unplanned,Closed,2026-10-02T20:40:00Z,2026-10-02T21:15:00Z,35
1950502,North,JALANDHAR,Multicast,Unplanned,Closed,2026-10-02T20:40:00Z,2026-10-02T20:52:00Z,12
1950501,Border,GURDASPUR,Preet Nagar,Unplanned,Closed,2026-10-02T20:37:00Z,2026-10-02T21:22:00Z,45
1950499,South,BARNALA,22 acre,Planned,Closed,2026-10-02T20:15:00Z,2026-10-02T20:30:00Z,15
1950498,South,SANGRUR,11 KV Mata Modi Road,Unplanned,Closed,2026-10-02T20:11:00Z,2026-10-02T21:16:00Z,65
1950493,East,MOHALI,Sec 56,Unplanned,Closed,2026-10-02T19:59:04Z,2026-10-02T20:28:43Z,29
1950494,South,SANGRUR,CITY-5,Unplanned,Closed,2026-10-02T19:58:00Z,2026-10-02T20:35:00Z,37
1950500,East,Zirakpur,Bauli Sahib,Unplanned,Closed,2026-10-02T19:31:00Z,2026-10-02T20:34:00Z,63
1950490,West,FARIDKOT,BHAN SINGH COLONY,Planned,Closed,2026-10-02T19:16:57Z,2026-10-02T20:29:12Z,72
1950491,East,Zirakpur,SANULI,Planned,Closed,2026-10-02T19:10:00Z,2026-10-02T19:18:00Z,8
1950479,West,FARIDKOT,Neel Giri,Unplanned,Closed,2026-10-02T18:44:04Z,2026-10-02T20:19:56Z,95
1950482,East,ROPAR,Bassi,Unplanned,Closed,2026-10-02T18:41:00Z,2026-10-02T19:06:00Z,25
1950484,Border,GURDASPUR,BHARIAL LAHRI,Unplanned,Closed,2026-10-02T18:40:00Z,2026-10-02T19:49:00Z,69
1950483,West,BATHINDA,Swetch,Unplanned,Closed,2026-10-02T18:37:00Z,2026-10-02T19:02:00Z,25
1950492,East,Zirakpur,NIMBUA,Unplanned,Closed,2026-10-02T18:23:00Z,2026-10-02T19:27:00Z,64
1950475,West,MUKATSAR,INDRA NAGRI,Planned,Closed,2026-10-02T18:05:00Z,2026-10-02T18:28:45Z,23
1950478,West,BATHINDA,DD Mittal tower,Unplanned,Closed,2026-10-02T18:00:00Z,2026-10-02T19:39:13Z,99
1950477,East,Zirakpur,11 KV PREM NAGAR FEEDER,Unplanned,Closed,2026-10-02T18:00:00Z,2026-10-02T18:29:00Z,29
1950476,West,BATHINDA,MULTANIA ROAD,Unplanned,Closed,2026-10-02T18:00:00Z,2026-10-02T18:02:56Z,2
1950469,Central,CITY EAST LUDHIANA,BAL SINGH NAGAR,Unplanned,Closed,2026-10-02T17:51:00Z,2026-10-02T19:36:00Z,105
1950466,South,SANGRUR,11 KV BAKSHIWALA URBAN,Unplanned,Closed,2026-10-02T17:44:00Z,2026-10-02T18:01:00Z,17
1950467,East,MOHALI,11KV IT CITY,Unplanned,Closed,2026-10-02T17:40:51Z,2026-10-02T17:58:29Z,17
1950465,East,MOHALI,ECOCITY COMM1,Unplanned,Closed,2026-10-02T17:40:35Z,2026-10-02T18:43:37Z,63
1950439,West,MUKATSAR,dhani shaffi,Planned,Closed,2026-10-02T17:30:22Z,2026-10-02T18:25:46Z,55
1950438,West,MUKATSAR,Dhanger Khera,Planned,Closed,2026-10-02T17:30:22Z,2026-10-02T18:25:28Z,55
1950437,West,MUKATSAR,Bajidpur Katian Wali,Planned,Closed,2026-10-02T17:30:22Z,2026-10-02T18:25:12Z,54
1950436,West,MUKATSAR,Chouriwala Dhana,Planned,Closed,2026-10-02T17:30:22Z,2026-10-02T18:25:00Z,54
1950452,Central,CITY EAST LUDHIANA,B DEEP SINGH NAGAR,Unplanned,Closed,2026-10-02T17:29:00Z,2026-10-02T18:37:00Z,68
1950451,East,ROPAR,BHANGLAN,Unplanned,Closed,2026-10-02T17:20:00Z,2026-10-02T17:50:00Z,30
1950463,West,MUKATSAR,MALOUT ROAD,Unplanned,Closed,2026-10-02T17:15:56Z,2026-10-02T18:05:56Z,50
1950462,West,MUKATSAR,11KV Danna Mandi,Unplanned,Closed,2026-10-02T17:15:56Z,2026-10-02T18:05:56Z,50
1950461,West,MUKATSAR,11KV Balam Garh Road,Unplanned,Closed,2026-10-02T17:15:56Z,2026-10-02T18:05:56Z,50
1950460,West,MUKATSAR,11KV Tarn Taran Sahib,Unplanned,Closed,2026-10-02T17:15:56Z,2026-10-02T18:05:56Z,50
1950459,West,MUKATSAR,DISPOSAL WORKS,Unplanned,Closed,2026-10-02T17:15:56Z,2026-10-02T18:05:56Z,50
1950458,West,MUKATSAR,Civil Hospital,Unplanned,Closed,2026-10-02T17:15:56Z,2026-10-02T18:05:56Z,50
1950457,West,MUKATSAR,MUKT-E-MINAR,Unplanned,Closed,2026-10-02T17:15:56Z,2026-10-02T18:05:56Z,50
1950456,West,MUKATSAR,RAHURIANWALI,Unplanned,Closed,2026-10-02T17:15:56Z,2026-10-02T18:05:56Z,50
1950455,West,MUKATSAR,ABOHAR ROAD,Unplanned,Closed,2026-10-02T17:15:56Z,2026-10-02T18:05:56Z,50
1950454,West,MUKATSAR,BUS STAND,Unplanned,Closed,2026-10-02T17:15:56Z,2026-10-02T18:05:56Z,50
1950450,West,FARIDKOT,BHAN SINGH COLONY,Unplanned,Closed,2026-10-02T17:15:00Z,2026-10-02T19:13:00Z,118
1950468,South,PATIALA,SARHIND ROAD,Unplanned,Closed,2026-10-02T17:13:00Z,2026-10-02T17:50:00Z,37
1950446,East,MOHALI,11kv Saidpura,Unplanned,Closed,2026-10-02T17:01:38Z,2026-10-02T17:11:25Z,9
1950445,East,MOHALI,11 KV CHADIALA UPS,Unplanned,Closed,2026-10-02T17:01:38Z,2026-10-02T17:11:34Z,9
1950442,Central,CITY WEST LUDHIANA,AZAD NAGAR FEEDER,Unplanned,Closed,2026-10-02T17:00:42Z,2026-10-02T18:05:24Z,64
1950441,East,MOHALI,ECOCITY COMM1,Unplanned,Closed,2026-10-02T17:00:00Z,2026-10-02T17:22:33Z,22
1950397,South,PATIALA,RAJLA ROAD,Planned,Closed,2026-10-02T17:00:00Z,2026-10-02T18:00:00Z,60
1950444,East,MOHALI,11KV Sector 101,Unplanned,Closed,2026-10-02T16:54:00Z,2026-10-02T17:34:32Z,40
1950449,North,KAPURTHALA,UPS Sunner Kalan,Planned,Closed,2026-10-02T16:50:00Z,2026-10-02T18:35:00Z,105
1950443,South,PATIALA,Industrial ( N),Unplanned,Closed,2026-10-02T16:50:00Z,2026-10-02T17:10:00Z,20
1950440,South,BARNALA,UPS HATHOA,Unplanned,Closed,2026-10-02T16:50:00Z,2026-10-02T17:50:00Z,60
1950430,North,HOSHIARPUR,DEVIDASS,Planned,Closed,2026-10-02T16:45:00Z,2026-10-02T17:25:00Z,40
1950431,West,FARIDKOT,PARTAP ROAD,Unplanned,Closed,2026-10-02T16:44:57Z,2026-10-02T17:02:38Z,17
1950428,West,FARIDKOT,JANI KI PATTI,Unplanned,Closed,2026-10-02T16:40:20Z,2026-10-02T17:27:54Z,47
1950432,North,KAPURTHALA,UPS Kaimwala,Unplanned,Closed,2026-10-02T16:40:00Z,2026-10-02T17:00:00Z,20
1950433,East,MOHALI,SEC-68,Unplanned,Closed,2026-10-02T16:38:43Z,2026-10-02T17:38:43Z,60
1950429,Border,TARN TARAN,Piddi,Unplanned,Closed,2026-10-02T16:35:00Z,2026-10-02T18:01:00Z,86
1950427,East,Zirakpur,ZIRAKPUR-1,Planned,Closed,2026-10-02T16:35:00Z,2026-10-02T16:48:00Z,13
1950435,South,PATIALA,TDI,Unplanned,Closed,2026-10-02T16:30:00Z,2026-10-02T17:15:00Z,45
1950434,South,PATIALA,DALIMA,Unplanned,Closed,2026-10-02T16:30:00Z,2026-10-02T17:15:00Z,45
1950423,Central,CITY WEST LUDHIANA,SATSANG GHAR,Unplanned,Closed,2026-10-02T16:21:54Z,2026-10-02T17:14:04Z,52
1950422,Central,CITY WEST LUDHIANA,LOHARA,Unplanned,Closed,2026-10-02T16:21:54Z,2026-10-02T17:13:52Z,51
1950403,South,SANGRUR,24 HRS. BALRAN,Planned,Closed,2026-10-02T16:16:51Z,2026-10-02T18:35:11Z,138
1950420,West,MUKATSAR,11 KV Telupura,Unplanned,Closed,2026-10-02T16:16:33Z,2026-10-02T16:39:16Z,22
1950419,Central,CITY WEST LUDHIANA,STAR ROAD FEEDER,Planned,Closed,2026-10-02T16:10:10Z,2026-10-02T17:25:29Z,75
1950421,Central,KHANNA,New Shanti Nagar,Unplanned,Closed,2026-10-02T16:10:00Z,2026-10-02T16:40:00Z,30
1950416,South,PATIALA,UPS SANDARSI,Unplanned,Closed,2026-10-02T16:01:00Z,2026-10-02T17:02:00Z,61
1950406,West,MUKATSAR,11 KV Dharampura,Unplanned,Closed,2026-10-02T15:52:00Z,2026-10-02T16:56:49Z,64
1950405,Central,CITY WEST LUDHIANA,TIKONA PARK,Planned,Closed,2026-10-02T15:49:53Z,2026-10-02T16:23:59Z,34
1950408,Border,GURDASPUR,11KV UPS Datial Feeder,Unplanned,Closed,2026-10-02T15:45:00Z,2026-10-02T16:15:00Z,30
1950407,Border,GURDASPUR,N.J.Singh 24hrs,Unplanned,Closed,2026-10-02T15:45:00Z,2026-10-02T16:10:00Z,25
1950404,Central,KHANNA,Prem Nagar,Planned,Closed,2026-10-02T15:45:00Z,2026-10-02T16:15:00Z,30
1950402,South,SANGRUR,11 KV DHADRIAN URBAN,Unplanned,Closed,2026-10-02T15:43:00Z,2026-10-02T16:12:00Z,29
1950401,North,JALANDHAR,11KV UDESIAN,Unplanned,Closed,2026-10-02T15:43:00Z,2026-10-02T16:08:00Z,25
1950414,West,BATHINDA,LAL SINGH NAGAR,Planned,Closed,2026-10-02T15:37:00Z,2026-10-02T16:18:49Z,41
1950400,East,Zirakpur,ORBIT,Unplanned,Closed,2026-10-02T15:30:00Z,2026-10-02T16:30:00Z,60
1950398,South,BARNALA,GUARA  INDUS.CAT.1,Unplanned,Closed,2026-10-02T15:20:00Z,2026-10-02T16:10:00Z,50
1950396,South,SANGRUR,City,Planned,Closed,2026-10-02T15:19:21Z,2026-10-02T15:40:32Z,21
1950395,South,SANGRUR,11 KV BIR KALAN AP,Planned,Closed,2026-10-02T15:12:13Z,2026-10-02T15:57:25Z,45
1950394,Central,CITY WEST LUDHIANA,SHAM NAGAR,Planned,Closed,2026-10-02T15:12:05Z,2026-10-02T17:04:48Z,112
1950399,North,HOSHIARPUR,CHAUNNI,Planned,Closed,2026-10-02T15:05:00Z,2026-10-02T16:30:00Z,85
1950393,North,HOSHIARPUR,11kV Jandwal UPS,Planned,Closed,2026-10-02T15:05:00Z,2026-10-02T16:38:00Z,93
1950413,Central,CITY WEST LUDHIANA,NANDPUR,Planned,Closed,2026-10-02T15:00:00Z,2026-10-02T18:00:00Z,180
1950412,Central,CITY WEST LUDHIANA,Freeman,Planned,Closed,2026-10-02T15:00:00Z,2026-10-02T18:00:00Z,180
1950411,Central,CITY WEST LUDHIANA,Link Well,Planned,Closed,2026-10-02T15:00:00Z,2026-10-02T18:00:00Z,180
1950410,Central,CITY WEST LUDHIANA,UCO,Planned,Closed,2026-10-02T15:00:00Z,2026-10-02T18:00:00Z,180
1950409,Central,CITY WEST LUDHIANA,BALWINDERA,Planned,Closed,2026-10-02T15:00:00Z,2026-10-02T18:00:00Z,180
1950390,West,MUKATSAR,JANDWALA HANUWANTA,Unplanned,Closed,2026-10-02T14:52:49Z,2026-10-02T15:21:06Z,28
1950391,West,MUKATSAR,BHANGER KHERA,Unplanned,Closed,2026-10-02T14:52:00Z,2026-10-02T15:21:13Z,29
1950385,North,HOSHIARPUR,RARA,Unplanned,Closed,2026-10-02T14:52:00Z,2026-10-02T15:24:00Z,32
1950383,Border,GURDASPUR,Dalia,Unplanned,Closed,2026-10-02T14:48:00Z,2026-10-02T15:33:00Z,45
1950382,Border,GURDASPUR,Manj,Unplanned,Closed,2026-10-02T14:47:00Z,2026-10-02T15:33:00Z,46
1950392,East,Zirakpur,RANBAXY,Planned,Closed,2026-10-02T14:46:00Z,2026-10-02T15:09:00Z,23
1950389,South,PATIALA,SULAR,Unplanned,Closed,2026-10-02T14:44:00Z,2026-10-02T15:45:28Z,61
1950386,North,HOSHIARPUR,RAILWAY STATION,Unplanned,Closed,2026-10-02T14:40:00Z,2026-10-02T15:27:00Z,47
1950381,North,NAWANSHAHR,JALALPUR,Unplanned,Closed,2026-10-02T14:35:00Z,2026-10-02T15:15:00Z,40
1950384,South,SANGRUR,AMBEKAR NAGAR,Unplanned,Closed,2026-10-02T14:30:00Z,2026-10-02T15:20:00Z,50
1950377,Central,KHANNA,HOSPITAL,Unplanned,Closed,2026-10-02T14:28:17Z,2026-10-02T15:30:28Z,62
1950378,North,HOSHIARPUR,Urban qilla road,Unplanned,Closed,2026-10-02T14:25:00Z,2026-10-02T14:45:00Z,20
1950375,Central,KHANNA,FATEHGARH SAHIB,Unplanned,Closed,2026-10-02T14:24:11Z,2026-10-02T15:25:27Z,61
1950374,Central,CITY WEST LUDHIANA,URBAN ESTATE PH-1,Planned,Closed,2026-10-02T14:20:41Z,2026-10-02T14:50:00Z,29
1950380,East,ROPAR,Kansala,Unplanned,Closed,2026-10-02T14:20:00Z,2026-10-02T15:45:00Z,85
1950376,Central,SUB URBAN LUDHIANA,CITY 8,Unplanned,Closed,2026-10-02T14:15:00Z,2026-10-02T14:25:00Z,10
1950373,North,HOSHIARPUR,GARDIWAL,Planned,Closed,2026-10-02T14:15:00Z,2026-10-02T15:35:00Z,80
1950372,North,HOSHIARPUR,11KV ARGOWAL,Planned,Closed,2026-10-02T14:14:00Z,2026-10-02T15:37:00Z,83
1950370,Central,CITY WEST LUDHIANA,STAR ROAD FEEDER,Unplanned,Closed,2026-10-02T14:11:23Z,2026-10-02T16:05:00Z,113
1950369,Central,CITY WEST LUDHIANA,Kiran Vihar,Planned,Closed,2026-10-02T14:10:35Z,2026-10-02T14:30:00Z,19
1950371,North,NAWANSHAHR,SUJJOWAL,Unplanned,Closed,2026-10-02T14:10:00Z,2026-10-02T14:40:00Z,30
1950367,Border,CITY AMRITSAR,11Kv Kesri Bagh,Unplanned,Closed,2026-10-02T13:58:00Z,2026-10-02T14:15:00Z,17
1950368,South,PATIALA,LAKKAR MANDI,Unplanned,Closed,2026-10-02T13:55:00Z,2026-10-02T15:05:00Z,70
1950366,South,SANGRUR,UPS PAIND,Planned,Closed,2026-10-02T13:50:44Z,2026-10-02T15:35:04Z,104
1950365,West,MUKATSAR,11 KV ABC,Unplanned,Closed,2026-10-02T13:45:07Z,2026-10-02T15:40:14Z,115
1950361,South,SANGRUR,UPS KUANDERI,Planned,Closed,2026-10-02T13:30:11Z,2026-10-02T13:50:33Z,20
1950363,East,MOHALI,11KV Shivalik Vihar,Planned,Closed,2026-10-02T13:30:00Z,2026-10-02T14:30:00Z,60
1950362,East,MOHALI,11 KV Kansal,Planned,Closed,2026-10-02T13:30:00Z,2026-10-02T14:30:00Z,60
1950360,West,MUKATSAR,Gaushala,Unplanned,Closed,2026-10-02T13:29:08Z,2026-10-02T13:51:08Z,22
1950357,Central,CITY WEST LUDHIANA,THRAJ,Planned,Closed,2026-10-02T13:27:00Z,2026-10-02T17:00:00Z,213
1950355,Central,CITY WEST LUDHIANA,THAPSON,Planned,Closed,2026-10-02T13:26:00Z,2026-10-02T15:58:58Z,152
1950364,Border,CITY AMRITSAR,11kV Garden Enclave,Unplanned,Closed,2026-10-02T13:25:00Z,2026-10-02T14:10:00Z,45
1950358,East,ROPAR,Bassi,Unplanned,Closed,2026-10-02T13:23:00Z,2026-10-02T13:42:00Z,19
1950359,South,PATIALA,Bhoglan Road,Unplanned,Closed,2026-10-02T13:20:00Z,2026-10-02T13:45:00Z,25
1950356,North,KAPURTHALA,AJIT NAGAR,Unplanned,Closed,2026-10-02T13:20:00Z,2026-10-02T14:36:00Z,76
1950354,Central,CITY WEST LUDHIANA,L.S.R.,Planned,Closed,2026-10-02T13:20:00Z,2026-10-02T17:00:00Z,220
1950353,Central,CITY WEST LUDHIANA,MANSAROVAR,Planned,Closed,2026-10-02T13:20:00Z,2026-10-02T17:00:00Z,220
1950352,Central,CITY WEST LUDHIANA,FORMATIVE,Planned,Closed,2026-10-02T13:20:00Z,2026-10-02T17:00:00Z,220
1950351,Central,CITY WEST LUDHIANA,Shanker,Planned,Closed,2026-10-02T13:20:00Z,2026-10-02T17:00:00Z,220
1950346,South,PATIALA,UPS RAIPUR,Unplanned,Closed,2026-10-02T13:11:00Z,2026-10-02T15:05:00Z,114
1950348,North,HOSHIARPUR,CHAUNNI,Planned,Closed,2026-10-02T13:10:00Z,2026-10-02T15:00:00Z,110
1950345,Central,CITY WEST LUDHIANA,Banga,Planned,Closed,2026-10-02T13:10:00Z,2026-10-02T17:00:00Z,230
1950344,Central,CITY WEST LUDHIANA,Makkar Lane,Planned,Closed,2026-10-02T13:10:00Z,2026-10-02T17:00:00Z,230
1950343,Border,SUB URBAN AMRITSAR,DIAMOND AVENUE,Unplanned,Closed,2026-10-02T13:08:00Z,2026-10-02T13:30:00Z,22
1950342,Central,CITY WEST LUDHIANA,SATSANG GHAR,Unplanned,Closed,2026-10-02T13:07:21Z,2026-10-02T14:04:08Z,56
1950347,South,SANGRUR,City-1,Unplanned,Closed,2026-10-02T13:07:00Z,2026-10-02T13:37:00Z,30
1950341,South,SANGRUR,11 KV LONGOWAL URBAN,Unplanned,Closed,2026-10-02T13:04:45Z,2026-10-02T13:47:00Z,42
1950340,North,HOSHIARPUR,GARDIWAL,Unplanned,Closed,2026-10-02T13:03:00Z,2026-10-02T13:25:00Z,22
1950349,Central,CITY WEST LUDHIANA,LOHARA,Planned,Closed,2026-10-02T13:00:00Z,2026-10-02T14:04:21Z,64
1950339,South,PATIALA,AMARGARH UPS,Unplanned,Closed,2026-10-02T13:00:00Z,2026-10-02T14:31:00Z,91
1950333,Border,CITY AMRITSAR,GURUDWARA TAPOWAN,Planned,Closed,2026-10-02T13:00:00Z,2026-10-02T15:46:38Z,166
1950338,North,JALANDHAR,GEETA MANDIR,Unplanned,Closed,2026-10-02T12:56:00Z,2026-10-02T13:20:00Z,24
1950335,Central,CITY WEST LUDHIANA,BANK  COLONY,Planned,Closed,2026-10-02T12:55:30Z,2026-10-02T13:17:40Z,22
1950334,Border,GURDASPUR,Tharial,Unplanned,Closed,2026-10-02T12:55:00Z,2026-10-02T13:15:00Z,20
1950337,Border,TARN TARAN,Fatehabad Urban .,Unplanned,Closed,2026-10-02T12:50:00Z,2026-10-02T14:25:00Z,95
1950336,East,Zirakpur,11kv Hanumant Feeder,Planned,Closed,2026-10-02T12:50:00Z,2026-10-02T12:58:00Z,8
1950331,East,Zirakpur,PANCHSHEEL,Planned,Closed,2026-10-02T12:50:00Z,2026-10-02T13:12:00Z,22
1950329,North,NAWANSHAHR,BORA,Unplanned,Closed,2026-10-02T12:47:00Z,2026-10-02T13:13:00Z,26
1950330,East,MOHALI,SOHANA,Planned,Closed,2026-10-02T12:40:00Z,2026-10-02T13:52:00Z,72
1950328,Border,TARN TARAN,SHERON UPS,Unplanned,Closed,2026-10-02T12:40:00Z,2026-10-02T14:20:00Z,100
1950327,Border,TARN TARAN,SUGAR MILL,Unplanned,Closed,2026-10-02T12:40:00Z,2026-10-02T14:20:00Z,100
1950326,North,HOSHIARPUR,PURHIRAN URBAN,Unplanned,Closed,2026-10-02T12:37:00Z,2026-10-02T12:45:00Z,8
1950319,South,SANGRUR,CITY-3,Planned,Closed,2026-10-02T12:37:00Z,2026-10-02T13:04:00Z,27
1950322,South,SANGRUR,11 KV SAHID UDHAM SINGH URBAN,Unplanned,Closed,2026-10-02T12:36:06Z,2026-10-02T13:33:42Z,57
1950323,Border,SUB URBAN AMRITSAR,DHANWANTRI IND,Unplanned,Closed,2026-10-02T12:35:39Z,2026-10-02T13:30:51Z,55
1950321,South,SANGRUR,11 KV COURT COMPLEX URBAN,Unplanned,Closed,2026-10-02T12:32:30Z,2026-10-02T13:33:53Z,61
1950325,South,BARNALA,ALLI KE UPS,Unplanned,Closed,2026-10-02T12:30:00Z,2026-10-02T13:25:00Z,55
1950317,West,BATHINDA,Industry Mehta,Unplanned,Closed,2026-10-02T12:27:52Z,2026-10-02T12:37:40Z,9
1950316,West,BATHINDA,MEHTA,Unplanned,Closed,2026-10-02T12:27:52Z,2026-10-02T12:59:31Z,31
1950332,West,BATHINDA,JOGIPEER(UPS),Planned,Closed,2026-10-02T12:25:00Z,2026-10-02T15:55:36Z,210
1950315,North,HOSHIARPUR,Pandori Attwal,Unplanned,Closed,2026-10-02T12:25:00Z,2026-10-02T12:36:00Z,11
1950314,Border,TARN TARAN,THATHIAN 3 W URBAN`,Unplanned,Closed,2026-10-02T12:25:00Z,2026-10-02T13:40:00Z,75
1950324,South,PATIALA,11KV TECHNOPACK,Unplanned,Closed,2026-10-02T12:20:00Z,2026-10-02T12:50:00Z,30
1950313,North,HOSHIARPUR,KHUN KHUN,Planned,Closed,2026-10-02T12:20:00Z,2026-10-02T12:40:00Z,20
1950312,North,HOSHIARPUR,BAGPUR,Planned,Closed,2026-10-02T12:20:00Z,2026-10-02T12:40:00Z,20
1950311,North,JALANDHAR,RAJOWAL,Unplanned,Closed,2026-10-02T12:19:00Z,2026-10-02T12:37:00Z,18
1950309,North,JALANDHAR,KATHAR,Unplanned,Closed,2026-10-02T12:19:00Z,2026-10-02T12:37:00Z,18
1950304,Border,GURDASPUR,MUGRALA,Unplanned,Closed,2026-10-02T12:16:00Z,2026-10-02T13:00:00Z,44
1950302,Border,GURDASPUR,Nawan Pind,Unplanned,Closed,2026-10-02T12:14:00Z,2026-10-02T13:00:00Z,46
1950301,South,PATIALA,KISHAN NAGAR,Unplanned,Closed,2026-10-02T12:12:56Z,2026-10-02T12:36:34Z,23
1950305,South,SANGRUR,AMBEKAR NAGAR,Planned,Closed,2026-10-02T12:12:00Z,2026-10-02T14:10:00Z,118
1950310,Central,CITY WEST LUDHIANA,MAHADEV FORGING,Planned,Closed,2026-10-02T12:10:00Z,2026-10-02T16:00:00Z,230
1950308,Central,CITY WEST LUDHIANA,SINGLA COLONY,Planned,Closed,2026-10-02T12:10:00Z,2026-10-02T16:00:00Z,230
1950307,Central,CITY WEST LUDHIANA,Shiv Kripa,Planned,Closed,2026-10-02T12:10:00Z,2026-10-02T16:00:00Z,230
1950306,Central,CITY WEST LUDHIANA,GARG,Planned,Closed,2026-10-02T12:10:00Z,2026-10-02T16:00:00Z,230
1950303,West,BATHINDA,Baba dunna urban chawke,Unplanned,Closed,2026-10-02T12:07:00Z,2026-10-02T13:31:00Z,84
1950293,Central,KHANNA,kherinoudhsingh,Unplanned,Closed,2026-10-02T12:06:29Z,2026-10-02T12:37:54Z,31
1950318,West,FARIDKOT,"Factory Road, Kotkapura",Unplanned,Closed,2026-10-02T12:06:14Z,2026-10-02T12:59:28Z,53
1950297,East,Zirakpur,ROYAL ESTATE,Planned,Closed,2026-10-02T12:03:00Z,2026-10-02T13:06:00Z,63
1950296,East,Zirakpur,ZIRAKPUR-2,Planned,Closed,2026-10-02T12:03:00Z,2026-10-02T13:06:00Z,63
1950299,Central,SUB URBAN LUDHIANA,CITY 8,Unplanned,Closed,2026-10-02T12:00:00Z,2026-10-02T13:30:00Z,90
1950294,North,HOSHIARPUR,Soosa,Unplanned,Closed,2026-10-02T12:00:00Z,2026-10-02T13:20:00Z,80
1950292,North,HOSHIARPUR,SUSANA,Unplanned,Closed,2026-10-02T12:00:00Z,2026-10-02T13:20:00Z,80
1950291,North,HOSHIARPUR,MODEL  TOWN,Unplanned,Closed,2026-10-02T12:00:00Z,2026-10-02T12:12:00Z,12
1950298,North,KAPURTHALA,UPS KHUSROPUR,Unplanned,Closed,2026-10-02T11:58:00Z,2026-10-02T13:30:00Z,92
1950289,Central,KHANNA,CANNAL  AP,Unplanned,Closed,2026-10-02T11:58:00Z,2026-10-02T12:58:00Z,60
1950290,North,NAWANSHAHR,CHANDIANI,Unplanned,Closed,2026-10-02T11:55:00Z,2026-10-02T12:15:00Z,20
1950288,South,SANGRUR,City,Unplanned,Closed,2026-10-02T11:48:32Z,2026-10-02T12:16:41Z,28
1950286,North,HOSHIARPUR,PANWAN,Planned,Closed,2026-10-02T11:44:00Z,2026-10-02T12:03:00Z,19
1950285,North,HOSHIARPUR,SOTLA,Planned,Closed,2026-10-02T11:40:00Z,2026-10-02T12:50:00Z,70
1950284,North,HOSHIARPUR,NIKKIWAL,Planned,Closed,2026-10-02T11:40:00Z,2026-10-02T12:50:00Z,70
1950283,North,HOSHIARPUR,11 KV Kotli,Planned,Closed,2026-10-02T11:40:00Z,2026-10-02T12:50:00Z,70
1950287,South,PATIALA,11 KV Water Works,Unplanned,Closed,2026-10-02T11:35:00Z,2026-10-02T12:20:00Z,45
1950282,East,MOHALI,TEPLA ROAD BANUR,Unplanned,Closed,2026-10-02T11:30:00Z,2026-10-02T12:30:00Z,60
1950280,North,NAWANSHAHR,THOPIA,Unplanned,Closed,2026-10-02T11:30:00Z,2026-10-02T11:50:00Z,20
1950278,North,HOSHIARPUR,Naurangabad,Unplanned,Closed,2026-10-02T11:25:00Z,2026-10-02T11:40:00Z,15
1950276,South,SANGRUR,NEHRI AP,Unplanned,Closed,2026-10-02T11:25:00Z,2026-10-02T11:50:00Z,25
1950275,North,JALANDHAR,11KV UDESIAN,Unplanned,Closed,2026-10-02T11:25:00Z,2026-10-02T12:34:00Z,69
1950272,North,JALANDHAR,CHUHARWALI,Unplanned,Closed,2026-10-02T11:25:00Z,2026-10-02T12:34:00Z,69
1950274,North,JALANDHAR,11 kv CHILDERN PARK NO. 1,Unplanned,Closed,2026-10-02T11:20:00Z,2026-10-02T13:50:00Z,150
1950271,Border,TARN TARAN,24 Hour Supp Panjwar,Unplanned,Closed,2026-10-02T11:20:00Z,2026-10-02T11:50:00Z,30
1950277,East,MOHALI,60-A,Planned,Closed,2026-10-02T11:18:00Z,2026-10-02T12:02:00Z,44
1950273,South,SANGRUR,11 KV SITASAR URBAN,Unplanned,Closed,2026-10-02T11:17:00Z,2026-10-02T13:07:00Z,110
1950265,West,BATHINDA,GANESHA BASTI,Planned,Closed,2026-10-02T11:08:00Z,2026-10-02T17:10:00Z,362
1950269,North,JALANDHAR,Lilly Resort,Planned,Closed,2026-10-02T11:05:00Z,2026-10-02T13:15:00Z,130
1950268,North,JALANDHAR,Eastwood,Planned,Closed,2026-10-02T11:05:00Z,2026-10-02T13:15:00Z,130
1950263,North,HOSHIARPUR,11 kv Mansoorpur,Unplanned,Closed,2026-10-02T11:02:00Z,2026-10-02T11:22:00Z,20
1950264,North,HOSHIARPUR,CHAUNNI,Unplanned,Closed,2026-10-02T11:01:00Z,2026-10-02T11:19:00Z,18
1950266,East,MOHALI,11KV Sec-108,Unplanned,Closed,2026-10-02T10:56:00Z,2026-10-02T11:20:29Z,24
1950262,West,BATHINDA,AALIKE URBAN,Planned,Closed,2026-10-02T10:55:00Z,2026-10-02T14:47:13Z,232
1950259,North,HOSHIARPUR,CHAK KHELA,Unplanned,Closed,2026-10-02T10:54:00Z,2026-10-02T11:28:00Z,34
1950267,North,JALANDHAR,JANDAILI,Unplanned,Closed,2026-10-02T10:50:00Z,2026-10-02T11:50:00Z,60
1950253,Central,KHANNA,BILASPUR,Planned,Closed,2026-10-02T10:50:00Z,2026-10-02T13:00:00Z,130
1950257,South,SANGRUR,AMBEKAR NAGAR,Unplanned,Closed,2026-10-02T10:47:00Z,2026-10-02T12:02:00Z,75
1950261,South,BARNALA,UPS Bhure Kube,Unplanned,Closed,2026-10-02T10:46:00Z,2026-10-02T11:16:00Z,30
1950255,North,HOSHIARPUR,SANSARPUR,Planned,Closed,2026-10-02T10:46:00Z,2026-10-02T12:25:00Z,99
1950254,North,HOSHIARPUR,11KV MAKOWAL,Planned,Closed,2026-10-02T10:46:00Z,2026-10-02T12:30:00Z,104
1950256,South,BARNALA,11KV TARAKSHEEL ROAD,Unplanned,Closed,2026-10-02T10:45:00Z,2026-10-02T13:45:00Z,180
1950250,South,SANGRUR,City,Planned,Closed,2026-10-02T10:40:43Z,2026-10-02T11:20:03Z,39
1950252,West,MUKATSAR,RULDU SINGH WALA,Unplanned,Closed,2026-10-02T10:40:08Z,2026-10-02T10:58:08Z,18
1950251,West,MUKATSAR,pathrala Urban,Unplanned,Closed,2026-10-02T10:40:08Z,2026-10-02T10:58:08Z,18
1950260,East,Zirakpur,RANBAXY,Unplanned,Closed,2026-10-02T10:35:00Z,2026-10-02T10:55:00Z,20
1950248,Central,CITY EAST LUDHIANA,SANTOKH NAGAR,Unplanned,Closed,2026-10-02T10:35:00Z,2026-10-02T12:10:00Z,95
1950270,West,BATHINDA,MAUR ROAD,Unplanned,Closed,2026-10-02T10:34:00Z,2026-10-02T13:00:00Z,146
1950249,South,PATIALA,KISHAN NAGAR,Unplanned,Closed,2026-10-02T10:32:38Z,2026-10-02T11:20:54Z,48
1950243,West,MUKATSAR,11 KV PUNJAB AGRO,Planned,Closed,2026-10-02T10:25:04Z,2026-10-02T11:25:32Z,60
1950246,East,Zirakpur,SAINI VIHAR,Unplanned,Closed,2026-10-02T10:22:00Z,2026-10-02T10:32:00Z,10
1950245,East,Zirakpur,TRIBUNE COLONY,Unplanned,Closed,2026-10-02T10:22:00Z,2026-10-02T10:32:00Z,10
1950244,East,Zirakpur,KALKA ROAD,Unplanned,Closed,2026-10-02T10:22:00Z,2026-10-02T10:32:00Z,10
1950235,East,MOHALI,Sector-113,Planned,Closed,2026-10-02T10:22:00Z,2026-10-02T13:05:00Z,163
1950258,West,BATHINDA,INDUSTRIAL,Planned,Closed,2026-10-02T10:15:00Z,2026-10-02T12:35:00Z,140
1950237,North,JALANDHAR,DHANOWALI,Unplanned,Closed,2026-10-02T10:15:00Z,2026-10-02T10:40:00Z,25
1950239,East,MOHALI,NAYA GAON,Unplanned,Closed,2026-10-02T10:11:00Z,2026-10-02T11:52:00Z,101
1950234,East,MOHALI,Mullanpur,Planned,Closed,2026-10-02T10:11:00Z,2026-10-02T12:14:00Z,123
1950231,West,MUKATSAR,INDRA NAGRI,Planned,Closed,2026-10-02T10:10:20Z,2026-10-02T10:35:23Z,25
1950236,South,BARNALA,TEHSIL ROAD,Unplanned,Closed,2026-10-02T10:10:00Z,2026-10-02T11:10:00Z,60
1950015,South,PATIALA,OPH,Planned,Closed,2026-10-02T10:06:00Z,2026-10-02T18:04:00Z,478
1950242,South,SANGRUR,VERBIO,Unplanned,Closed,2026-10-02T10:05:46Z,2026-10-02T11:15:46Z,70
1950241,South,SANGRUR,lehra-II,Unplanned,Closed,2026-10-02T10:05:46Z,2026-10-02T11:15:46Z,70
1950240,South,SANGRUR,KHANDEBAD C-1,Unplanned,Closed,2026-10-02T10:05:46Z,2026-10-02T11:15:46Z,70
1950233,North,NAWANSHAHR,MALEWAL,Unplanned,Closed,2026-10-02T10:05:00Z,2026-10-02T10:35:00Z,30
1950224,Border,TARN TARAN,MUSSE UPS,Planned,Closed,2026-10-02T10:00:45Z,2026-10-02T15:55:45Z,355
1950223,Border,TARN TARAN,24 HOURS SUPPLY,Planned,Closed,2026-10-02T10:00:45Z,2026-10-02T15:55:45Z,355
1950222,Border,TARN TARAN,11 KV Sur Singh Urban new,Planned,Closed,2026-10-02T10:00:45Z,2026-10-02T15:55:45Z,355
1950221,Border,TARN TARAN,SUR SINGH URBAN,Planned,Closed,2026-10-02T10:00:45Z,2026-10-02T15:55:45Z,355
1950227,Border,TARN TARAN,Baba Khekhi sah,Planned,Closed,2026-10-02T10:00:35Z,2026-10-02T15:55:35Z,355
1950226,Border,TARN TARAN,GAGOBUA URBAN,Planned,Closed,2026-10-02T10:00:35Z,2026-10-02T15:55:35Z,355
1950225,Border,TARN TARAN,24 Hur. Sohal,Planned,Closed,2026-10-02T10:00:35Z,2026-10-02T15:55:35Z,355
1949900,West,MUKATSAR,KOTBHAI UPS,Planned,Closed,2026-10-02T10:00:27Z,2026-10-02T15:12:27Z,312
1949899,West,MUKATSAR,DAULA,Planned,Closed,2026-10-02T10:00:27Z,2026-10-02T15:12:27Z,312
1949898,West,MUKATSAR,BHARU UPS,Planned,Closed,2026-10-02T10:00:27Z,2026-10-02T15:13:27Z,313
1949832,Central,CITY WEST LUDHIANA,STAR ROAD FEEDER,Planned,Closed,2026-10-02T10:00:10Z,2026-10-02T14:00:55Z,240
1950238,South,SANGRUR,C1 - MUNSHIWALA (MUNSHIWALA),Unplanned,Closed,2026-10-02T10:00:00Z,2026-10-02T12:45:00Z,165
1950228,West,BATHINDA,DUBWALI ROAD,Planned,Closed,2026-10-02T10:00:00Z,2026-10-02T17:00:00Z,420
1950009,Central,KHANNA,New Chopra Alloy,Planned,Closed,2026-10-02T10:00:00Z,2026-10-02T14:00:00Z,240
1950008,Central,KHANNA,Chani,Planned,Closed,2026-10-02T10:00:00Z,2026-10-02T14:00:00Z,240
1950007,Central,KHANNA,Ashirwad,Planned,Closed,2026-10-02T10:00:00Z,2026-10-02T18:00:00Z,480
1950232,West,BATHINDA,BAJEWALA,Planned,Closed,2026-10-02T09:55:00Z,2026-10-02T17:20:35Z,445
1950230,North,NAWANSHAHR,BORA,Unplanned,Closed,2026-10-02T09:55:00Z,2026-10-02T10:30:00Z,35
1950229,North,JALANDHAR,TV TOWER,Unplanned,Closed,2026-10-02T09:50:00Z,2026-10-02T10:50:00Z,60
1950217,East,Zirakpur,Bhabat,Unplanned,Closed,2026-10-02T09:45:00Z,2026-10-02T10:02:00Z,17
1950216,East,Zirakpur,11 kv Japuria Feeder,Unplanned,Closed,2026-10-02T09:45:00Z,2026-10-02T10:02:00Z,17
1950215,East,Zirakpur,ECME,Unplanned,Closed,2026-10-02T09:45:00Z,2026-10-02T10:02:00Z,17
1950214,Central,KHANNA,Doburji,Unplanned,Closed,2026-10-02T09:45:00Z,2026-10-02T10:50:00Z,65
1950213,West,BATHINDA,11 KV House Fed,Planned,Closed,2026-10-02T09:40:00Z,2026-10-02T14:05:00Z,265
1950209,Central,CITY EAST LUDHIANA,GOPAL NAGAR,Planned,Closed,2026-10-02T09:30:49Z,2026-10-02T17:00:00Z,449
1950207,Central,CITY EAST LUDHIANA,RAJAN PROPERTY,Planned,Closed,2026-10-02T09:30:49Z,2026-10-02T17:00:00Z,449
1950206,Central,CITY EAST LUDHIANA,SHAKTI NAGAR,Planned,Closed,2026-10-02T09:30:49Z,2026-10-02T17:00:00Z,449
1950211,South,SANGRUR,11 KV KHADIAL ROAD C2,Planned,Closed,2026-10-02T09:30:40Z,2026-10-02T13:42:16Z,251
1950205,Central,CITY EAST LUDHIANA,KIRTI NAGAR,Planned,Closed,2026-10-02T09:30:29Z,2026-10-02T17:00:00Z,449
1950204,Central,CITY EAST LUDHIANA,Sarpanch Colony,Planned,Closed,2026-10-02T09:30:29Z,2026-10-02T17:00:00Z,449
1950203,Central,CITY EAST LUDHIANA,Dairy Complex,Planned,Closed,2026-10-02T09:30:29Z,2026-10-02T17:00:00Z,449
1950202,Central,CITY EAST LUDHIANA,B.C.M,Planned,Closed,2026-10-02T09:30:29Z,2026-10-02T17:00:00Z,449
1950201,Central,CITY EAST LUDHIANA,BALA JI,Planned,Closed,2026-10-02T09:30:29Z,2026-10-02T17:00:00Z,449
1950200,Central,CITY EAST LUDHIANA,MAHAVIR COMPLEX,Planned,Closed,2026-10-02T09:30:29Z,2026-10-02T17:00:00Z,449
1950199,Central,CITY EAST LUDHIANA,DENTAL COLLEGE,Planned,Closed,2026-10-02T09:30:29Z,2026-10-02T17:00:00Z,449
1950198,Central,CITY EAST LUDHIANA,SANJAY GANDHI,Planned,Closed,2026-10-02T09:30:29Z,2026-10-02T17:00:00Z,449
1950197,Central,CITY EAST LUDHIANA,Kishore Nagar,Planned,Closed,2026-10-02T09:30:29Z,2026-10-02T17:00:00Z,449
1950195,Central,CITY EAST LUDHIANA,Sukhdev Nagar,Planned,Closed,2026-10-02T09:30:29Z,2026-10-02T17:00:00Z,449
1950194,Central,CITY EAST LUDHIANA,GILCO,Planned,Closed,2026-10-02T09:30:29Z,2026-10-02T17:00:00Z,449
1950193,Central,CITY EAST LUDHIANA,SEC-32,Planned,Closed,2026-10-02T09:30:29Z,2026-10-02T17:00:00Z,449
1950192,Central,CITY EAST LUDHIANA,ANSAL,Planned,Closed,2026-10-02T09:30:29Z,2026-10-02T17:00:00Z,449
1950212,West,FEROZPUR,DANA MANDI,Unplanned,Closed,2026-10-02T09:30:00Z,2026-10-02T12:40:00Z,190
1950196,South,SANGRUR,BABA MITHU SHAH,Unplanned,Closed,2026-10-02T09:16:17Z,2026-10-02T09:52:20Z,36
1950208,North,NAWANSHAHR,TEHSIL COMPLEX,Unplanned,Closed,2026-10-02T09:15:00Z,2026-10-02T10:15:00Z,60
1950210,East,MOHALI,11KV BLOCK-C,Unplanned,Closed,2026-10-02T09:14:00Z,2026-10-02T09:50:00Z,36
1950219,West,BATHINDA,KISSAN UPS,Planned,Closed,2026-10-02T09:13:06Z,2026-10-02T09:49:06Z,36
1950218,West,BATHINDA,Bhagiwander UPS,Planned,Closed,2026-10-02T09:09:06Z,2026-10-02T09:53:06Z,44
1950220,West,BATHINDA,HPCL 2G Ethanol,Planned,Closed,2026-10-02T09:02:06Z,2026-10-02T09:44:06Z,42
1950155,Central,KHANNA,C K UPS,Planned,Closed,2026-10-02T09:01:53Z,2026-10-02T12:00:53Z,179
1950154,Central,KHANNA,Charnarthal UPS,Planned,Closed,2026-10-02T09:01:53Z,2026-10-02T12:00:53Z,179
1950153,Central,KHANNA,Tarkheri UPS,Planned,Closed,2026-10-02T09:01:53Z,2026-10-02T12:02:53Z,181
1950187,West,BATHINDA,BAHO (UPS),Planned,Closed,2026-10-02T09:00:00Z,2026-10-02T13:52:16Z,292
1950169,East,ROPAR,INDUSTRY,Planned,Closed,2026-10-02T09:00:00Z,2026-10-02T17:00:00Z,480
1950142,Central,CITY WEST LUDHIANA,NANDPUR,Planned,Closed,2026-10-02T09:00:00Z,2026-10-02T13:00:00Z,240
1950141,Central,CITY WEST LUDHIANA,BALWINDERA,Planned,Closed,2026-10-02T09:00:00Z,2026-10-02T13:00:00Z,240
1950140,Central,CITY WEST LUDHIANA,Freeman,Planned,Closed,2026-10-02T09:00:00Z,2026-10-02T13:00:00Z,240
1950139,Central,CITY WEST LUDHIANA,Link Well,Planned,Closed,2026-10-02T09:00:00Z,2026-10-02T13:00:00Z,240
1950138,Central,CITY WEST LUDHIANA,UCO,Planned,Closed,2026-10-02T09:00:00Z,2026-10-02T13:00:00Z,240
1950069,Central,CITY WEST LUDHIANA,THRAJ,Planned,Closed,2026-10-02T09:00:00Z,2026-10-02T13:00:00Z,240
1950068,Central,CITY WEST LUDHIANA,Shanker,Planned,Closed,2026-10-02T09:00:00Z,2026-10-02T13:00:00Z,240
1950067,Central,CITY WEST LUDHIANA,L.S.R.,Planned,Closed,2026-10-02T09:00:00Z,2026-10-02T13:00:00Z,240
1950066,Central,CITY WEST LUDHIANA,FORMATIVE,Planned,Closed,2026-10-02T09:00:00Z,2026-10-02T13:00:00Z,240
1950065,Central,CITY WEST LUDHIANA,MANSAROVAR,Planned,Closed,2026-10-02T09:00:00Z,2026-10-02T13:00:00Z,240
1950025,Central,CITY WEST LUDHIANA,Banga,Planned,Closed,2026-10-02T09:00:00Z,2026-10-02T13:00:00Z,240
1950024,Central,CITY WEST LUDHIANA,Makkar Lane,Planned,Closed,2026-10-02T09:00:00Z,2026-10-02T13:00:00Z,240
1950005,Central,KHANNA,SAGGAR,Planned,Closed,2026-10-02T09:00:00Z,2026-10-02T19:00:00Z,600
1950004,Central,KHANNA,JANDALI,Planned,Closed,2026-10-02T09:00:00Z,2026-10-02T16:00:00Z,420
1950003,Central,KHANNA,ARUN (G1),Planned,Closed,2026-10-02T09:00:00Z,2026-10-02T20:00:00Z,660
1950002,Central,KHANNA,ADARSH,Planned,Closed,2026-10-02T09:00:00Z,2026-10-02T20:25:00Z,685
1949999,Central,KHANNA,Chander Lok,Planned,Closed,2026-10-02T09:00:00Z,2026-10-02T15:50:00Z,410
1949998,Central,KHANNA,Royal,Planned,Closed,2026-10-02T09:00:00Z,2026-10-02T15:50:00Z,410
1949932,Central,CITY EAST LUDHIANA,11kv Narindra engg feeder,Planned,Closed,2026-10-02T09:00:00Z,2026-10-02T17:00:00Z,480
1949930,Central,CITY EAST LUDHIANA,KUNDAN TV,Planned,Closed,2026-10-02T09:00:00Z,2026-10-02T17:00:00Z,480
1949929,Central,CITY EAST LUDHIANA,Tushar Feeder,Planned,Closed,2026-10-02T09:00:00Z,2026-10-02T17:00:00Z,480
1949928,Central,CITY EAST LUDHIANA,BEANTPURA,Planned,Closed,2026-10-02T09:00:00Z,2026-10-02T17:00:00Z,480
1949927,Central,CITY EAST LUDHIANA,Green Land,Planned,Closed,2026-10-02T09:00:00Z,2026-10-02T17:00:00Z,480
1949926,Central,CITY EAST LUDHIANA,DR. NOHRIYA,Planned,Closed,2026-10-02T09:00:00Z,2026-10-02T17:00:00Z,480
1949925,Central,CITY EAST LUDHIANA,H.M,Planned,Closed,2026-10-02T09:00:00Z,2026-10-02T17:00:00Z,480
1949924,Central,CITY EAST LUDHIANA,SACRED HEART,Planned,Closed,2026-10-02T09:00:00Z,2026-10-02T17:00:00Z,480
1949923,Central,CITY EAST LUDHIANA,SEC-40,Planned,Closed,2026-10-02T09:00:00Z,2026-10-02T17:00:00Z,480
1950185,North,KAPURTHALA,AJIT NAGAR,Unplanned,Closed,2026-10-02T08:56:00Z,2026-10-02T10:00:00Z,64
1950186,North,NAWANSHAHR,Dagham,Unplanned,Closed,2026-10-02T08:51:00Z,2026-10-02T10:05:00Z,74
1950191,Border,GURDASPUR,dakoha,Unplanned,Closed,2026-10-02T08:50:00Z,2026-10-02T10:40:00Z,110
1950190,North,HOSHIARPUR,BOHAN,Unplanned,Closed,2026-10-02T08:45:00Z,2026-10-02T10:10:00Z,85
1950174,West,BATHINDA,11 KV GOPAL NAGAR,Unplanned,Closed,2026-10-02T08:41:14Z,2026-10-02T10:34:00Z,112
1950188,North,JALANDHAR,BHODE SAPRAI,Unplanned,Closed,2026-10-02T08:34:00Z,2026-10-02T12:50:00Z,256
1950167,South,SANGRUR,11 KV SUNAM ROAD (CHEEMA GRID),Planned,Closed,2026-10-02T08:30:00Z,2026-10-02T08:47:00Z,17
1950168,North,JALANDHAR,RAI PUR,Unplanned,Closed,2026-10-02T08:28:00Z,2026-10-02T08:36:00Z,8
1950184,East,Zirakpur,NIBBER CASTING,Planned,Closed,2026-10-02T08:25:00Z,2026-10-02T18:00:00Z,575
1950183,East,Zirakpur,11kv Hartmann,Planned,Closed,2026-10-02T08:25:00Z,2026-10-02T18:00:00Z,575
1950182,East,Zirakpur,Bauli Sahib,Planned,Closed,2026-10-02T08:25:00Z,2026-10-02T18:00:00Z,575
1950181,East,Zirakpur,MOHAN FIBRE,Planned,Closed,2026-10-02T08:25:00Z,2026-10-02T18:00:00Z,575
1950180,East,Zirakpur,NIMBUA,Planned,Closed,2026-10-02T08:25:00Z,2026-10-02T18:12:00Z,587
1950179,East,Zirakpur,11 KV Shiv Shakti Feeder,Planned,Closed,2026-10-02T08:25:00Z,2026-10-02T18:00:00Z,575
1950178,East,Zirakpur,MORTHIKRI INDUSTRIAL,Planned,Closed,2026-10-02T08:25:00Z,2026-10-02T18:00:00Z,575
1950177,East,Zirakpur,SUNRISE FIBER,Planned,Closed,2026-10-02T08:25:00Z,2026-10-02T18:00:00Z,575
1950176,East,Zirakpur,THEON LIFE SCIENCE,Planned,Closed,2026-10-02T08:25:00Z,2026-10-02T18:00:00Z,575
1950175,East,Zirakpur,AQUA FIBRE,Planned,Closed,2026-10-02T08:25:00Z,2026-10-02T18:00:00Z,575
1950173,East,Zirakpur,VARDHMAN,Planned,Closed,2026-10-02T08:25:00Z,2026-10-02T18:00:00Z,575
1950172,East,Zirakpur,11kv Saraswati Agro,Planned,Closed,2026-10-02T08:25:00Z,2026-10-02T18:00:00Z,575
1950171,East,Zirakpur,OASIS TEXTILE,Planned,Closed,2026-10-02T08:25:00Z,2026-10-02T18:00:00Z,575
1950170,East,Zirakpur,CEPHAM,Planned,Closed,2026-10-02T08:25:00Z,2026-10-02T18:00:00Z,575
1950166,West,BATHINDA,Bus Stand Road,Unplanned,Closed,2026-10-02T08:25:00Z,2026-10-02T08:40:00Z,15
1950165,North,JALANDHAR,PATHANKOT ROAD,Unplanned,Closed,2026-10-02T08:25:00Z,2026-10-02T08:34:00Z,9
1950164,North,JALANDHAR,11 KV J.J.COLONY,Unplanned,Closed,2026-10-02T08:25:00Z,2026-10-02T08:36:00Z,11
1950189,North,JALANDHAR,HOUSING BOARD,Unplanned,Closed,2026-10-02T08:21:00Z,2026-10-02T10:23:00Z,122
1950163,North,KAPURTHALA,URBAN Dana mandi,Unplanned,Closed,2026-10-02T08:10:00Z,2026-10-02T08:45:00Z,35
1950159,South,PATIALA,11 KV PUDA ENCLAVE,Unplanned,Closed,2026-10-02T08:10:00Z,2026-10-02T09:00:00Z,50
1950160,East,ROPAR,MUNDI KHARAR,Unplanned,Closed,2026-10-02T08:06:00Z,2026-10-02T09:24:00Z,78
1950151,North,HOSHIARPUR,KHARDEHER,Unplanned,Closed,2026-10-02T08:05:00Z,2026-10-02T09:05:00Z,60
1950150,East,MOHALI,Trivikarma,Unplanned,Closed,2026-10-02T08:02:00Z,2026-10-02T09:05:00Z,63
1950064,Central,CITY WEST LUDHIANA,D.M.K,Planned,Closed,2026-10-02T08:00:00Z,2026-10-02T10:30:00Z,150
1950063,Central,CITY WEST LUDHIANA,MJ Rubber,Planned,Closed,2026-10-02T08:00:00Z,2026-10-02T10:30:00Z,150
1950062,Central,CITY WEST LUDHIANA,Sukhmani,Planned,Closed,2026-10-02T08:00:00Z,2026-10-02T10:30:00Z,150
1950061,Central,CITY WEST LUDHIANA,Golden Auto,Planned,Closed,2026-10-02T08:00:00Z,2026-10-02T10:30:00Z,150
1950060,Central,CITY WEST LUDHIANA,NORTH STAR,Planned,Closed,2026-10-02T08:00:00Z,2026-10-02T10:30:00Z,150
1950059,Central,CITY WEST LUDHIANA,KL Ispat,Planned,Closed,2026-10-02T08:00:00Z,2026-10-02T10:30:00Z,150
1950058,Central,CITY WEST LUDHIANA,VAIDYA ALLOY,Planned,Closed,2026-10-02T08:00:00Z,2026-10-02T10:30:00Z,150
1950057,Central,CITY WEST LUDHIANA,KANGANWAL,Planned,Closed,2026-10-02T08:00:00Z,2026-10-02T10:30:00Z,150
1950056,Central,CITY WEST LUDHIANA,GOBIND RUBBER,Planned,Closed,2026-10-02T08:00:00Z,2026-10-02T10:30:00Z,150
1950055,Central,CITY WEST LUDHIANA,Batta,Planned,Closed,2026-10-02T08:00:00Z,2026-10-02T10:30:00Z,150
1950054,Central,CITY WEST LUDHIANA,Texla Road,Planned,Closed,2026-10-02T08:00:00Z,2026-10-02T10:30:00Z,150
1950053,Central,CITY WEST LUDHIANA,AMAR UDYOG,Planned,Closed,2026-10-02T08:00:00Z,2026-10-02T10:30:00Z,150
1950052,Central,CITY WEST LUDHIANA,HINDUSTAN TYRE,Planned,Closed,2026-10-02T08:00:00Z,2026-10-02T10:30:00Z,150
1950051,Central,CITY WEST LUDHIANA,GARG FURNACE,Planned,Closed,2026-10-02T08:00:00Z,2026-10-02T10:30:00Z,150
1950050,Central,CITY WEST LUDHIANA,GARG COTTON,Planned,Closed,2026-10-02T08:00:00Z,2026-10-02T10:30:00Z,150
1950049,Central,CITY WEST LUDHIANA,TURBO,Planned,Closed,2026-10-02T08:00:00Z,2026-10-02T10:30:00Z,150
1950048,Central,CITY WEST LUDHIANA,DEMARTE,Planned,Closed,2026-10-02T08:00:00Z,2026-10-02T10:30:00Z,150
1950047,Central,CITY WEST LUDHIANA,SHIVALYA,Planned,Closed,2026-10-02T08:00:00Z,2026-10-02T10:30:00Z,150
1950046,Central,CITY WEST LUDHIANA,RAJ CASTING,Planned,Closed,2026-10-02T08:00:00Z,2026-10-02T10:30:00Z,150
1950045,Central,CITY WEST LUDHIANA,Gobind Rubber-2 New,Planned,Closed,2026-10-02T08:00:00Z,2026-10-02T10:30:00Z,150
1950044,Central,CITY WEST LUDHIANA,KABIR EMPAX,Planned,Closed,2026-10-02T08:00:00Z,2026-10-02T10:30:00Z,150
1950043,Central,CITY WEST LUDHIANA,ANAND MANGAL,Planned,Closed,2026-10-02T08:00:00Z,2026-10-02T10:30:00Z,150
1950042,Central,CITY WEST LUDHIANA,Pawa Road,Planned,Closed,2026-10-02T08:00:00Z,2026-10-02T10:30:00Z,150
1950041,Central,CITY WEST LUDHIANA,V K CONCAST,Planned,Closed,2026-10-02T08:00:00Z,2026-10-02T10:30:00Z,150
1950040,Central,CITY WEST LUDHIANA,DURGA CONCAST,Planned,Closed,2026-10-02T08:00:00Z,2026-10-02T10:30:00Z,150
1950039,Central,CITY WEST LUDHIANA,SUDHIR FORGING,Planned,Closed,2026-10-02T08:00:00Z,2026-10-02T10:30:00Z,150
1950038,Central,CITY WEST LUDHIANA,PROMINENT,Planned,Closed,2026-10-02T08:00:00Z,2026-10-02T10:30:00Z,150
1950037,Central,CITY WEST LUDHIANA,OSWAL ALLOY,Planned,Closed,2026-10-02T08:00:00Z,2026-10-02T10:30:00Z,150
1950036,Central,CITY WEST LUDHIANA,S.B.J,Planned,Closed,2026-10-02T08:00:00Z,2026-10-02T10:30:00Z,150
1950035,Central,CITY WEST LUDHIANA,JASPAL BANGER RD,Planned,Closed,2026-10-02T08:00:00Z,2026-10-02T10:30:00Z,150
1950034,Central,CITY WEST LUDHIANA,Gobind Rubber 1 New,Planned,Closed,2026-10-02T08:00:00Z,2026-10-02T10:30:00Z,150
1950033,Central,CITY WEST LUDHIANA,SUA ROAD,Planned,Closed,2026-10-02T08:00:00Z,2026-10-02T10:30:00Z,150
1950032,Central,CITY WEST LUDHIANA,FITTEX,Planned,Closed,2026-10-02T08:00:00Z,2026-10-02T10:30:00Z,150
1950031,Central,CITY WEST LUDHIANA,AMRIT FASTNER,Planned,Closed,2026-10-02T08:00:00Z,2026-10-02T10:30:00Z,150
1950029,Central,CITY WEST LUDHIANA,GARG,Planned,Closed,2026-10-02T08:00:00Z,2026-10-02T12:00:00Z,240
1950028,Central,CITY WEST LUDHIANA,MAHADEV FORGING,Planned,Closed,2026-10-02T08:00:00Z,2026-10-02T12:00:00Z,240
1950027,Central,CITY WEST LUDHIANA,SINGLA COLONY,Planned,Closed,2026-10-02T08:00:00Z,2026-10-02T12:00:00Z,240
1950026,Central,CITY WEST LUDHIANA,Shiv Kripa,Planned,Closed,2026-10-02T08:00:00Z,2026-10-02T12:00:00Z,240
1950161,West,BATHINDA,JOGA (UPS),Unplanned,Closed,2026-10-02T07:55:00Z,2026-10-02T08:37:00Z,42
1950149,North,JALANDHAR,Chomon,Unplanned,Closed,2026-10-02T07:50:00Z,2026-10-02T08:10:00Z,20
1950148,South,PATIALA,UPS MANDOUR,Unplanned,Closed,2026-10-02T07:48:00Z,2026-10-02T09:20:00Z,92
1950147,North,NAWANSHAHR,SADHOWAL,Unplanned,Closed,2026-10-02T07:48:00Z,2026-10-02T08:38:00Z,50
1950145,Central,KHANNA,Nandi Colony,Unplanned,Closed,2026-10-02T07:32:00Z,2026-10-02T08:23:00Z,51
1950144,North,JALANDHAR,11 kv central town,Unplanned,Closed,2026-10-02T07:20:00Z,2026-10-02T08:50:25Z,90
1950146,Border,SUB URBAN AMRITSAR,HAMIDPURA,Unplanned,Closed,2026-10-02T07:16:42Z,2026-10-02T09:15:00Z,118
1950143,North,JALANDHAR,GURU NANAK NAGAR,Unplanned,Closed,2026-10-02T07:08:00Z,2026-10-02T08:05:00Z,57
1950137,North,JALANDHAR,11 KV SHIV MANDIR,Unplanned,Closed,2026-10-02T07:01:00Z,2026-10-02T07:51:00Z,50
1950136,North,HOSHIARPUR,Sarangwal,Unplanned,Closed,2026-10-02T06:35:00Z,2026-10-02T06:55:00Z,20
1950135,Central,CITY EAST LUDHIANA,Trikoni Park,Unplanned,Closed,2026-10-02T06:32:00Z,2026-10-02T07:21:00Z,49
1950162,East,Zirakpur,ORBIT,Unplanned,Closed,2026-10-02T06:20:00Z,2026-10-02T07:40:00Z,80
1950134,North,NAWANSHAHR,SADHOWAL,Unplanned,Closed,2026-10-02T06:09:00Z,2026-10-02T06:45:00Z,36
1950133,North,JALANDHAR,11 KV D.A.V,Unplanned,Closed,2026-10-02T05:15:50Z,2026-10-02T05:35:04Z,19
1950132,East,MOHALI,Sec-60,Unplanned,Closed,2026-10-02T04:30:00Z,2026-10-02T04:50:01Z,20
1950131,East,MOHALI,11 KV Sec 59,Unplanned,Closed,2026-10-02T04:30:00Z,2026-10-02T05:45:55Z,75
1950130,Central,CITY WEST LUDHIANA,GOLDEN PARK,Unplanned,Closed,2026-10-02T03:10:36Z,2026-10-02T03:51:16Z,40
1950127,Central,CITY EAST LUDHIANA,DIVISION-3,Unplanned,Closed,2026-10-02T01:55:00Z,2026-10-02T02:28:00Z,33
1950129,Border,GURDASPUR,Greater Kailash,Unplanned,Closed,2026-10-02T01:50:00Z,2026-10-02T02:55:00Z,65
1950126,Central,CITY EAST LUDHIANA,BY PASS,Unplanned,Closed,2026-10-02T01:50:00Z,2026-10-02T02:58:00Z,68
1950128,East,ROPAR,11KV Belian UPS FEEDER,Unplanned,Closed,2026-10-02T01:40:00Z,2026-10-02T01:58:00Z,18
1950125,Central,CITY WEST LUDHIANA,GOLDEN PARK,Unplanned,Closed,2026-10-02T01:20:01Z,2026-10-02T03:07:59Z,107
1950124,North,JALANDHAR,11KV HOUSING BOARD,Unplanned,Closed,2026-10-02T00:12:00Z,2026-10-02T00:35:00Z,23
1950123,Central,CITY WEST LUDHIANA,GILL ROAD FEEDER,Unplanned,Closed,2026-10-02T00:04:13Z,2026-10-02T00:33:31Z,29
1950104,East,Zirakpur,PEER BABA ROAD,Unplanned,Closed,2026-10-01T23:51:53Z,2026-10-02T00:02:53Z,11
1950103,East,Zirakpur,11 KV AMBALA ROAD,Unplanned,Closed,2026-10-01T23:51:53Z,2026-10-02T00:02:53Z,11
1950102,East,Zirakpur,M.E.S,Unplanned,Closed,2026-10-01T23:51:53Z,2026-10-02T00:02:53Z,11
1950101,East,Zirakpur,11 KV HLP1,Unplanned,Closed,2026-10-01T23:51:53Z,2026-10-02T00:02:53Z,11
1950100,East,Zirakpur,Sukhmani Sahib,Unplanned,Closed,2026-10-01T23:51:53Z,2026-10-02T00:02:53Z,11
1950099,East,Zirakpur,11 KV AURA GAZANIA,Unplanned,Closed,2026-10-01T23:51:53Z,2026-10-02T00:02:53Z,11
1950098,East,Zirakpur,AMELIA,Unplanned,Closed,2026-10-01T23:51:53Z,2026-10-02T00:02:53Z,11
1950097,East,Zirakpur,SKYLAR HOME,Unplanned,Closed,2026-10-01T23:51:53Z,2026-10-02T00:02:53Z,11
1950096,East,Zirakpur,ANANTA,Unplanned,Closed,2026-10-01T23:51:53Z,2026-10-02T00:02:53Z,11
1950095,East,Zirakpur,Jaskaran,Unplanned,Closed,2026-10-01T23:51:53Z,2026-10-02T00:02:53Z,11
1950094,East,Zirakpur,SILVERCITY,Unplanned,Closed,2026-10-01T23:51:53Z,2026-10-02T00:02:53Z,11
1950093,East,Zirakpur,RANBAXY,Unplanned,Closed,2026-10-01T23:51:53Z,2026-10-02T00:02:53Z,11
1950092,East,Zirakpur,ASSTHA,Unplanned,Closed,2026-10-01T23:51:53Z,2026-10-02T00:02:53Z,11
1950091,East,Zirakpur,Bhabat,Unplanned,Closed,2026-10-01T23:51:53Z,2026-10-02T00:02:53Z,11
1950090,East,Zirakpur,SINGHPURA,Unplanned,Closed,2026-10-01T23:51:53Z,2026-10-02T00:02:53Z,11
1950089,East,Zirakpur,11 KV VICTORIA,Unplanned,Closed,2026-10-01T23:51:53Z,2026-10-02T00:02:53Z,11
1950088,East,Zirakpur,11 KV DAULAT SINGH,Unplanned,Closed,2026-10-01T23:51:53Z,2026-10-02T00:02:53Z,11
1950087,East,Zirakpur,11 kv adda jhungia cat-1,Unplanned,Closed,2026-10-01T23:51:53Z,2026-10-02T00:02:53Z,11
1950086,East,Zirakpur,GREEN LOTUS,Unplanned,Closed,2026-10-01T23:51:53Z,2026-10-02T00:02:53Z,11
1950085,East,Zirakpur,SAVITRYGREEN,Unplanned,Closed,2026-10-01T23:51:53Z,2026-10-02T00:02:53Z,11
1950084,East,Zirakpur,NABHA SAHIB,Unplanned,Closed,2026-10-01T23:51:53Z,2026-10-02T00:02:53Z,11
1950083,East,Zirakpur,11 kv Japuria Feeder,Unplanned,Closed,2026-10-01T23:51:53Z,2026-10-02T00:02:53Z,11
1950082,East,Zirakpur,ZIRAKPUR-2,Unplanned,Closed,2026-10-01T23:51:53Z,2026-10-02T00:02:53Z,11
1950081,East,Zirakpur,ECME,Unplanned,Closed,2026-10-01T23:51:53Z,2026-10-02T00:02:53Z,11
1950080,East,Zirakpur,ROYAL ESTATE,Unplanned,Closed,2026-10-01T23:51:53Z,2026-10-02T00:02:53Z,11
1950079,East,Zirakpur,TRISHLA,Unplanned,Closed,2026-10-01T23:51:53Z,2026-10-02T00:02:53Z,11
1950078,East,Zirakpur,RAIL VIHAR,Unplanned,Closed,2026-10-01T23:51:53Z,2026-10-02T00:02:53Z,11
1950077,East,Zirakpur,PATIALA ROAD,Unplanned,Closed,2026-10-01T23:51:53Z,2026-10-02T00:02:53Z,11
1950076,East,Zirakpur,ZIRAKPUR-1,Unplanned,Closed,2026-10-01T23:51:53Z,2026-10-02T00:02:53Z,11
1950075,East,Zirakpur,ORBIT,Unplanned,Closed,2026-10-01T23:51:53Z,2026-10-02T00:02:53Z,11
1950122,East,Zirakpur,ALLWIN,Unplanned,Closed,2026-10-01T23:51:35Z,2026-10-02T00:02:35Z,11
1950121,East,Zirakpur,GREEN VALLEY,Unplanned,Closed,2026-10-01T23:51:35Z,2026-10-02T00:02:35Z,11
1950120,East,Zirakpur,11 KV ROSY,Unplanned,Closed,2026-10-01T23:51:35Z,2026-10-02T00:02:35Z,11
1950119,East,Zirakpur,11kv Sahib,Unplanned,Closed,2026-10-01T23:51:35Z,2026-10-02T00:02:35Z,11
1950118,East,Zirakpur,11kv Cosmo,Unplanned,Closed,2026-10-01T23:51:35Z,2026-10-02T00:02:35Z,11
1950117,East,Zirakpur,11 kv malwa,Unplanned,Closed,2026-10-01T23:51:35Z,2026-10-02T00:02:35Z,11
1950116,East,Zirakpur,Utsav,Unplanned,Closed,2026-10-01T23:51:35Z,2026-10-02T00:02:35Z,11
1950115,East,Zirakpur,HLP,Unplanned,Closed,2026-10-01T23:51:35Z,2026-10-02T00:02:35Z,11
1950114,East,Zirakpur,BEGAMPURA,Unplanned,Closed,2026-10-01T23:51:35Z,2026-10-02T00:02:35Z,11
1950113,East,Zirakpur,Bhudda Sahib,Unplanned,Closed,2026-10-01T23:51:35Z,2026-10-02T00:02:35Z,11
1950112,East,Zirakpur,CCC,Unplanned,Closed,2026-10-01T23:51:35Z,2026-10-02T00:02:35Z,11
1950111,East,Zirakpur,PRITHIM,Unplanned,Closed,2026-10-01T23:51:35Z,2026-10-02T00:02:35Z,11
1950110,East,Zirakpur,SUKHNA,Unplanned,Closed,2026-10-01T23:51:35Z,2026-10-02T00:02:35Z,11
1950109,East,Zirakpur,SATLUJ,Unplanned,Closed,2026-10-01T23:51:35Z,2026-10-02T00:02:35Z,11
1950108,East,Zirakpur,HERMITAGE,Unplanned,Closed,2026-10-01T23:51:35Z,2026-10-02T00:02:35Z,11
1950107,East,Zirakpur,PUNJAB,Unplanned,Closed,2026-10-01T23:51:35Z,2026-10-02T00:02:35Z,11
1950106,East,Zirakpur,SIMRAN,Unplanned,Closed,2026-10-01T23:51:35Z,2026-10-02T00:02:35Z,11
1950105,East,Zirakpur,DHILLON,Unplanned,Closed,2026-10-01T23:51:35Z,2026-10-02T00:02:35Z,11
1950074,North,KAPURTHALA,MALL ROAD URBAN,Unplanned,Closed,2026-10-01T23:40:00Z,2026-10-02T01:35:00Z,115
1950072,Border,TARN TARAN,JEOBALA UPS,Unplanned,Closed,2026-10-01T23:02:00Z,2026-10-02T00:00:00Z,58
1950073,North,JALANDHAR,B.S.N.L,Unplanned,Closed,2026-10-01T22:58:00Z,2026-10-02T00:30:00Z,92
1950070,Central,CITY EAST LUDHIANA,BAL SINGH NAGAR,Unplanned,Closed,2026-10-01T22:51:00Z,2026-10-01T23:50:00Z,59
1950071,North,JALANDHAR,11 KV Garden Colony,Unplanned,Closed,2026-10-01T22:45:00Z,2026-10-01T23:11:00Z,26
1950030,North,JALANDHAR,GADAIPUR-1,Unplanned,Closed,2026-10-01T22:35:00Z,2026-10-01T22:58:00Z,23
1950023,North,HOSHIARPUR,PURHIRAN URBAN,Unplanned,Closed,2026-10-01T21:50:00Z,2026-10-01T22:15:00Z,25
1950019,Central,CITY WEST LUDHIANA,Kiran Vihar,Planned,Closed,2026-10-01T21:04:02Z,2026-10-01T21:35:21Z,31
1950018,South,SANGRUR,24 HRS. HAMIRGARH,Unplanned,Closed,2026-10-01T20:59:14Z,2026-10-01T21:30:32Z,31
1950021,Central,SUB URBAN LUDHIANA,CITY-2,Unplanned,Closed,2026-10-01T20:55:00Z,2026-10-01T22:19:00Z,84
1950017,Central,CITY EAST LUDHIANA,BAL SINGH NAGAR,Unplanned,Closed,2026-10-01T20:48:00Z,2026-10-01T22:26:00Z,98
1950020,Border,GURDASPUR,11 KV RAILWAY ROAD,Unplanned,Closed,2026-10-01T20:45:00Z,2026-10-01T22:06:00Z,81
1950014,North,HOSHIARPUR,KHUN-2 KALAN,Unplanned,Closed,2026-10-01T20:39:00Z,2026-10-01T21:10:00Z,31
1950012,Central,CITY WEST LUDHIANA,SHIMLA PURI FEEDER,Unplanned,Closed,2026-10-01T20:37:05Z,2026-10-01T21:46:59Z,69
1950013,North,HOSHIARPUR,KHARDEHER,Unplanned,Closed,2026-10-01T20:35:00Z,2026-10-01T21:10:00Z,35
1950011,West,FEROZPUR,INDUSTRIAL,Unplanned,Closed,2026-10-01T20:31:00Z,2026-10-01T20:54:00Z,23
1950010,Central,CITY WEST LUDHIANA,Ranchi Colony,Planned,Closed,2026-10-01T20:29:00Z,2026-10-01T20:52:40Z,23
1950006,Central,CITY EAST LUDHIANA,HIRA NAGAR,Unplanned,Closed,2026-10-01T20:03:00Z,2026-10-01T20:55:00Z,52
1950001,Border,TARN TARAN,GURU NANAK HOSPITAL,Unplanned,Closed,2026-10-01T19:45:00Z,2026-10-01T20:20:00Z,35
1950000,Border,TARN TARAN,Railway Road Urban..,Unplanned,Closed,2026-10-01T19:45:00Z,2026-10-01T20:20:00Z,35
1949997,Border,GURDASPUR,Ghuman,Unplanned,Closed,2026-10-01T19:40:00Z,2026-10-01T21:20:00Z,100
1949994,North,KAPURTHALA,Civil Hospital,Unplanned,Closed,2026-10-01T19:30:40Z,2026-10-01T21:00:40Z,90
1949993,North,KAPURTHALA,11 KV urban sultanpur bus Stand,Unplanned,Closed,2026-10-01T19:30:40Z,2026-10-02T04:50:40Z,560
1949992,North,KAPURTHALA,11 KV urban Ber feeder,Unplanned,Closed,2026-10-01T19:30:40Z,2026-10-02T03:00:40Z,450
1949991,North,KAPURTHALA,11 KV urban New Dana Mandi,Unplanned,Closed,2026-10-01T19:30:40Z,2026-10-01T21:00:40Z,90
1949990,North,KAPURTHALA,11kv urban  Industrial,Unplanned,Closed,2026-10-01T19:30:40Z,2026-10-01T21:15:40Z,105
1949989,North,KAPURTHALA,11 KV urban Girl School,Unplanned,Closed,2026-10-01T19:30:40Z,2026-10-02T04:50:40Z,560
1949996,North,HOSHIARPUR,SARHALA,Unplanned,Closed,2026-10-01T19:30:00Z,2026-10-01T20:25:00Z,55
1949995,Border,TARN TARAN,JEOBALA UPS,Unplanned,Closed,2026-10-01T19:30:00Z,2026-10-01T20:10:00Z,40
1949988,Central,CITY WEST LUDHIANA,GOLDEN PARK,Unplanned,Closed,2026-10-01T19:25:18Z,2026-10-01T20:10:23Z,45
1949985,West,FEROZPUR,MADHRE,Unplanned,Closed,2026-10-01T19:00:00Z,2026-10-01T20:01:00Z,61
1949984,North,JALANDHAR,NAAZ,Unplanned,Closed,2026-10-01T18:48:24Z,2026-10-01T19:06:06Z,17
1949976,Border,GURDASPUR,City-2,Unplanned,Closed,2026-10-01T18:30:00Z,2026-10-01T19:35:00Z,65
1949975,West,MUKATSAR,11 KV SITO,Unplanned,Closed,2026-10-01T18:16:12Z,2026-10-01T18:46:25Z,30
1949974,South,BARNALA,MALERKOTLA-2,Unplanned,Closed,2026-10-01T18:10:00Z,2026-10-01T19:10:00Z,60
1949973,South,SANGRUR,Markfed,Unplanned,Closed,2026-10-01T18:04:00Z,2026-10-01T18:22:00Z,18
1949971,Central,KHANNA,DASHMESH (JALALPUR),Unplanned,Closed,2026-10-01T18:00:00Z,2026-10-01T18:39:00Z,39
1949970,South,SANGRUR,11 Peeran Wala Gate Cat-1,Unplanned,Closed,2026-10-01T17:52:28Z,2026-10-01T19:05:27Z,72
1949972,North,JALANDHAR,BASTI NOU (NEW),Unplanned,Closed,2026-10-01T17:50:00Z,2026-10-01T18:10:00Z,20
1949968,East,Zirakpur,11 kv Japuria Feeder,Unplanned,Closed,2026-10-01T17:50:00Z,2026-10-01T18:25:00Z,35
1949967,North,HOSHIARPUR,PALAKI,Unplanned,Closed,2026-10-01T17:50:00Z,2026-10-01T18:50:00Z,60
1949969,North,NAWANSHAHR,UPS-4,Unplanned,Closed,2026-10-01T17:40:03Z,2026-10-01T18:11:53Z,31
1949966,Border,GURDASPUR,Chakki,Unplanned,Closed,2026-10-01T17:37:00Z,2026-10-01T17:45:00Z,8
1949965,East,Zirakpur,JEOLY,Unplanned,Closed,2026-10-01T17:33:29Z,2026-10-01T18:03:37Z,30
1949964,East,Zirakpur,Bauli Sahib,Unplanned,Closed,2026-10-01T17:22:00Z,2026-10-01T19:01:00Z,99
1949962,East,Zirakpur,11KV  SUSHMA,Planned,Closed,2026-10-01T17:15:00Z,2026-10-01T17:25:00Z,10
1949961,East,Zirakpur,DHAKOLI,Planned,Closed,2026-10-01T17:15:00Z,2026-10-01T17:25:00Z,10
1949960,East,Zirakpur,HARMILAP NAGAR,Planned,Closed,2026-10-01T17:15:00Z,2026-10-01T17:25:00Z,10
1949959,North,NAWANSHAHR,CHANDIANI,Unplanned,Closed,2026-10-01T17:15:00Z,2026-10-01T17:45:00Z,30
1949963,Border,SUB URBAN AMRITSAR,MILK PLANT,Unplanned,Closed,2026-10-01T17:10:00Z,2026-10-01T18:05:00Z,55
1949954,Central,KHANNA,MANDHOR BRANCH,Planned,Closed,2026-10-01T17:05:32Z,2026-10-01T19:29:54Z,144
1949958,Border,GURDASPUR,N.N.Bandha,Unplanned,Closed,2026-10-01T17:02:00Z,2026-10-01T18:06:00Z,64
1949957,North,HOSHIARPUR,11KV Dagan UPS,Unplanned,Closed,2026-10-01T17:02:00Z,2026-10-01T17:10:00Z,8
1949956,Border,TARN TARAN,GURU NANAK HOSPITAL,Unplanned,Closed,2026-10-01T17:01:00Z,2026-10-01T17:25:00Z,24
1949955,Border,TARN TARAN,Railway Road Urban..,Unplanned,Closed,2026-10-01T17:01:00Z,2026-10-01T17:25:00Z,24
1949953,North,NAWANSHAHR,CITY GARHSHANKAR-2,Unplanned,Closed,2026-10-01T16:56:00Z,2026-10-01T17:08:00Z,12
1949951,Central,KHANNA,Chopra(Naraian),Unplanned,Closed,2026-10-01T16:51:00Z,2026-10-01T17:20:00Z,29
1949952,North,JALANDHAR,GANDHI NAGAR,Unplanned,Closed,2026-10-01T16:50:00Z,2026-10-01T17:00:00Z,10
1949950,Border,GURDASPUR,Basrawan,Unplanned,Closed,2026-10-01T16:50:00Z,2026-10-01T18:35:00Z,105
1949946,Central,KHANNA,AP concast,Planned,Closed,2026-10-01T16:49:19Z,2026-10-01T18:15:44Z,86
1949947,North,JALANDHAR,BASTI DANISJMANDA,Unplanned,Closed,2026-10-01T16:49:00Z,2026-10-01T17:25:00Z,36
1949944,Central,CITY WEST LUDHIANA,URBAN VIHAR,Planned,Closed,2026-10-01T16:44:30Z,2026-10-01T17:09:44Z,25
1949943,Central,CITY WEST LUDHIANA,URBAN ESTATE PH-1,Planned,Closed,2026-10-01T16:44:30Z,2026-10-01T17:10:26Z,25
1949942,Central,SUB URBAN LUDHIANA,City-11 Kamal Chownk,Planned,Closed,2026-10-01T16:40:00Z,2026-10-01T18:25:00Z,105
1949945,East,Zirakpur,ZIRAKPUR-1,Planned,Closed,2026-10-01T16:35:00Z,2026-10-01T16:55:00Z,20
1949938,North,JALANDHAR,11 KV New Amrit Vihar,Unplanned,Closed,2026-10-01T16:32:19Z,2026-10-01T16:37:00Z,4
1949941,Border,GURDASPUR,Sri Hargobindpur,Unplanned,Closed,2026-10-01T16:30:00Z,2026-10-01T17:25:00Z,55
1949940,North,HOSHIARPUR,MANJPUR,Unplanned,Closed,2026-10-01T16:30:00Z,2026-10-01T17:05:00Z,35
1949939,Central,CITY EAST LUDHIANA,NEW VISHNUPURI,Unplanned,Closed,2026-10-01T16:30:00Z,2026-10-01T17:21:00Z,51
1949934,South,BARNALA,UPS PANJGARIAN,Unplanned,Closed,2026-10-01T16:25:00Z,2026-10-01T18:25:00Z,120
1949933,Border,SUB URBAN AMRITSAR,chah nighan,Planned,Closed,2026-10-01T16:25:00Z,2026-10-01T16:30:00Z,5
1949936,North,HOSHIARPUR,khudda,Unplanned,Closed,2026-10-01T16:24:00Z,2026-10-01T16:35:00Z,11
1949937,Border,GURDASPUR,Ranipur,Unplanned,Closed,2026-10-01T16:20:00Z,2026-10-01T16:50:00Z,30
1949931,North,JALANDHAR,URBAN STATE,Unplanned,Closed,2026-10-01T16:10:00Z,2026-10-01T17:25:00Z,75
1949935,South,PATIALA,NABHA NO.2,Unplanned,Closed,2026-10-01T16:05:00Z,2026-10-01T17:15:00Z,70
1949920,South,SANGRUR,Markfed,Unplanned,Closed,2026-10-01T16:05:00Z,2026-10-01T18:00:00Z,115
1949919,North,JALANDHAR,11KV CHANDAN NAGAR,Unplanned,Closed,2026-10-01T16:04:00Z,2026-10-01T16:55:00Z,51
1949918,Border,GURDASPUR,Maira,Unplanned,Closed,2026-10-01T16:01:00Z,2026-10-01T16:35:00Z,34
1949916,Central,CITY WEST LUDHIANA,M.I.G. FLATS,Unplanned,Closed,2026-10-01T15:55:49Z,2026-10-01T16:47:41Z,51
1949922,North,HOSHIARPUR,Naurangabad,Unplanned,Closed,2026-10-01T15:55:00Z,2026-10-01T16:25:00Z,30
1949921,North,HOSHIARPUR,NARU NANGAL,Unplanned,Closed,2026-10-01T15:55:00Z,2026-10-01T15:59:00Z,4
1949912,Border,GURDASPUR,Dalia,Unplanned,Closed,2026-10-01T15:46:00Z,2026-10-01T16:19:00Z,33
1949911,Border,GURDASPUR,Manj,Unplanned,Closed,2026-10-01T15:46:00Z,2026-10-01T16:19:00Z,33
1949915,South,BARNALA,BEEHLA 24 Hrs.,Planned,Closed,2026-10-01T15:45:00Z,2026-10-01T19:05:00Z,200
1949913,South,SANGRUR,AGE,Unplanned,Closed,2026-10-01T15:45:00Z,2026-10-01T16:44:00Z,59
1949914,East,Zirakpur,GREEN VALLEY,Planned,Closed,2026-10-01T15:40:00Z,2026-10-01T18:10:00Z,150
1949910,North,HOSHIARPUR,CHACK NUR ALI,Unplanned,Closed,2026-10-01T15:40:00Z,2026-10-01T16:28:00Z,48
1949909,North,HOSHIARPUR,MASTIWAL,Unplanned,Closed,2026-10-01T15:39:00Z,2026-10-01T16:28:00Z,49
1949908,North,HOSHIARPUR,Khalsa College Garhdiwala,Unplanned,Closed,2026-10-01T15:39:00Z,2026-10-01T16:28:00Z,49
1949907,North,HOSHIARPUR,11KV ARGOWAL,Unplanned,Closed,2026-10-01T15:38:00Z,2026-10-01T16:28:00Z,50
1949906,North,HOSHIARPUR,Pandori Attwal,Unplanned,Closed,2026-10-01T15:38:00Z,2026-10-01T16:28:00Z,50
1949905,Central,KHANNA,Main Bazar,Unplanned,Closed,2026-10-01T15:35:00Z,2026-10-01T16:45:00Z,70
1949884,Border,CITY AMRITSAR,11 kv shaheed udam singh nagar,Planned,Closed,2026-10-01T15:30:41Z,2026-10-01T18:00:29Z,149
1949904,East,ROPAR,HIYATPUR,Unplanned,Closed,2026-10-01T15:30:00Z,2026-10-01T16:05:41Z,35
1949903,Border,GURDASPUR,Dalla UPS,Unplanned,Closed,2026-10-01T15:30:00Z,2026-10-01T17:10:00Z,100
1949901,Border,GURDASPUR,Sheh Bhattia,Unplanned,Closed,2026-10-01T15:30:00Z,2026-10-01T17:20:00Z,110
1949902,Central,CITY EAST LUDHIANA,GURMAMDI,Unplanned,Closed,2026-10-01T15:29:00Z,2026-10-01T16:00:00Z,31
1949894,Central,KHANNA,SALANA UPS,Unplanned,Closed,2026-10-01T15:23:48Z,2026-10-01T16:35:21Z,71
1949893,North,HOSHIARPUR,Darapur,Unplanned,Closed,2026-10-01T15:20:00Z,2026-10-01T16:20:00Z,60
1949888,Central,KHANNA,AP concast,Planned,Closed,2026-10-01T15:15:16Z,2026-10-01T16:42:37Z,87
1949891,Central,KHANNA,Labour Colony,Unplanned,Closed,2026-10-01T15:12:00Z,2026-10-01T16:10:00Z,58
1949897,East,Zirakpur,HARMILAP NAGAR,Planned,Closed,2026-10-01T15:10:00Z,2026-10-01T15:40:00Z,30
1949890,North,HOSHIARPUR,MHP2,Unplanned,Closed,2026-10-01T15:10:00Z,2026-10-01T16:15:00Z,65
1949889,Central,CITY WEST LUDHIANA,RANJIT NAGAR FEEDER,Unplanned,Closed,2026-10-01T15:07:41Z,2026-10-01T15:56:44Z,49
1949887,North,HOSHIARPUR,Tanda City,Unplanned,Closed,2026-10-01T15:05:00Z,2026-10-01T16:15:00Z,70
1949896,East,Zirakpur,DHAKOLI,Unplanned,Closed,2026-10-01T15:02:00Z,2026-10-01T15:40:00Z,38
1949892,Border,CITY AMRITSAR,BASANT AVENUE,Unplanned,Closed,2026-10-01T15:00:00Z,2026-10-01T15:25:05Z,25
1949882,West,MUKATSAR,11 KV SAIDANWALI,Unplanned,Closed,2026-10-01T14:56:58Z,2026-10-01T15:28:09Z,31
1949886,Border,TARN TARAN,SHERON UPS,Unplanned,Closed,2026-10-01T14:55:00Z,2026-10-01T16:50:00Z,115
1949885,Border,TARN TARAN,SUGAR MILL,Unplanned,Closed,2026-10-01T14:55:00Z,2026-10-01T16:50:00Z,115
1949881,North,JALANDHAR,MODEL HOUSE,Unplanned,Closed,2026-10-01T14:55:00Z,2026-10-01T15:25:00Z,30
1949895,South,PATIALA,Old MES,Unplanned,Closed,2026-10-01T14:52:00Z,2026-10-01T16:04:00Z,72
1949883,Border,TARN TARAN,Piddi,Unplanned,Closed,2026-10-01T14:45:00Z,2026-10-01T16:40:00Z,115
1949875,West,MUKATSAR,11 KV RAJPURA,Unplanned,Closed,2026-10-01T14:44:00Z,2026-10-01T15:44:33Z,60
1949874,West,MUKATSAR,11 KV KULAR,Unplanned,Closed,2026-10-01T14:44:00Z,2026-10-01T15:44:00Z,60
1949873,East,Zirakpur,MUKANDPUR,Unplanned,Closed,2026-10-01T14:44:00Z,2026-10-01T15:44:00Z,60
1949877,West,MUKATSAR,11 KV Alamgarh,Unplanned,Closed,2026-10-01T14:42:52Z,2026-10-01T15:33:59Z,51
1949876,West,MUKATSAR,11 KV GANGA NAGAR ROAD,Unplanned,Closed,2026-10-01T14:42:37Z,2026-10-01T15:29:39Z,47
1949879,West,MUKATSAR,11 KV TARA ESTATE,Unplanned,Closed,2026-10-01T14:40:41Z,2026-10-01T15:44:46Z,64
1949878,West,MUKATSAR,11 KV KIKKER KHERA,Unplanned,Closed,2026-10-01T14:39:17Z,2026-10-01T15:25:27Z,46
1949872,West,MUKATSAR,PANJKOSI,Unplanned,Closed,2026-10-01T14:35:23Z,2026-10-01T15:07:00Z,31
1949871,North,JALANDHAR,MODEL HOUSE,Unplanned,Closed,2026-10-01T14:30:00Z,2026-10-01T14:45:00Z,15
1949870,Central,CITY WEST LUDHIANA,SAHIB METAL,Planned,Closed,2026-10-01T14:20:00Z,2026-10-01T17:00:00Z,160
1949869,Central,CITY WEST LUDHIANA,PREMIUM COMPLEX,Planned,Closed,2026-10-01T14:20:00Z,2026-10-01T17:00:00Z,160
1949868,Central,CITY WEST LUDHIANA,KHURANA ROLLING,Planned,Closed,2026-10-01T14:18:00Z,2026-10-01T17:00:00Z,162
1949867,Central,CITY WEST LUDHIANA,SHAROMANI,Planned,Closed,2026-10-01T14:18:00Z,2026-10-01T17:00:00Z,162
1949864,Central,CITY WEST LUDHIANA,A-BLOCK,Planned,Closed,2026-10-01T14:15:00Z,2026-10-01T15:14:16Z,59
1949860,Border,GURDASPUR,Tharial,Planned,Closed,2026-10-01T14:15:00Z,2026-10-01T16:14:00Z,119
1949865,West,MUKATSAR,11 KV SAIDANWALI,Unplanned,Closed,2026-10-01T14:13:05Z,2026-10-01T14:43:15Z,30
1949866,North,JALANDHAR,11 KV New Amrit Vihar,Unplanned,Closed,2026-10-01T14:08:00Z,2026-10-01T15:40:43Z,92
1949862,North,JALANDHAR,11KV SHANTI VIHAR,Unplanned,Closed,2026-10-01T14:08:00Z,2026-10-01T14:42:00Z,34
1949863,West,MUKATSAR,11 KV PUNJAB AGRO,Unplanned,Closed,2026-10-01T14:07:47Z,2026-10-01T15:17:00Z,69
1949859,Border,GURDASPUR,Taragarh,Unplanned,Closed,2026-10-01T14:02:00Z,2026-10-01T14:29:00Z,27
1949858,Border,GURDASPUR,Saidipur,Unplanned,Closed,2026-10-01T14:02:00Z,2026-10-01T14:29:00Z,27
1949880,South,PATIALA,avantika cottspin,Unplanned,Closed,2026-10-01T14:00:00Z,2026-10-01T16:20:00Z,140
1949917,South,SANGRUR,City-II,Unplanned,Closed,2026-10-01T13:56:00Z,2026-10-01T14:27:00Z,31
1949857,Border,GURDASPUR,Civil Line,Unplanned,Closed,2026-10-01T13:55:00Z,2026-10-01T14:45:00Z,50
1949856,Border,GURDASPUR,City,Unplanned,Closed,2026-10-01T13:55:00Z,2026-10-01T14:45:00Z,50
1949855,Border,GURDASPUR,Manj,Unplanned,Closed,2026-10-01T13:54:00Z,2026-10-01T14:49:00Z,55
1949854,Border,GURDASPUR,Dalia,Unplanned,Closed,2026-10-01T13:53:00Z,2026-10-01T14:49:00Z,56
1949852,North,JALANDHAR,11 kv CHILDERN PARK NO. 1,Unplanned,Closed,2026-10-01T13:42:00Z,2026-10-01T13:58:00Z,16
1949861,Border,TARN TARAN,JAWANDY KHURD,Unplanned,Closed,2026-10-01T13:41:00Z,2026-10-01T14:40:00Z,59
1949853,Border,TARN TARAN,3 WIRE (UPS) NURPUR,Unplanned,Closed,2026-10-01T13:40:00Z,2026-10-01T14:15:00Z,35
1949851,Border,TARN TARAN,MANOCHAL UPS,Unplanned,Closed,2026-10-01T13:40:00Z,2026-10-01T14:15:00Z,35
1949850,North,HOSHIARPUR,BADLA,Unplanned,Closed,2026-10-01T13:40:00Z,2026-10-01T14:50:00Z,70
1949849,Border,GURDASPUR,ARYA NAGAR,Unplanned,Closed,2026-10-01T13:35:00Z,2026-10-01T15:47:00Z,132
1949848,Central,CITY WEST LUDHIANA,AZAD NAGAR FEEDER,Unplanned,Closed,2026-10-01T13:34:14Z,2026-10-01T14:25:46Z,51
1949845,Central,KHANNA,KRISHNA,Planned,Closed,2026-10-01T13:30:15Z,2026-10-01T14:21:43Z,51
1949846,North,KAPURTHALA,JALLOW KHANNA URBAN,Unplanned,Closed,2026-10-01T13:30:00Z,2026-10-01T14:04:00Z,34
1949847,East,ROPAR,Jhangrian,Unplanned,Closed,2026-10-01T13:28:00Z,2026-10-01T13:52:00Z,24
1949844,Border,GURDASPUR,Railway Road,Unplanned,Closed,2026-10-01T13:26:00Z,2026-10-01T13:50:00Z,24
1949843,South,SANGRUR,Meerheri,Unplanned,Closed,2026-10-01T13:20:12Z,2026-10-01T17:39:36Z,259
1949841,North,HOSHIARPUR,BADLA,Unplanned,Closed,2026-10-01T13:16:00Z,2026-10-01T13:36:00Z,20
1949842,North,KAPURTHALA,11 KV SHERPURA,Unplanned,Closed,2026-10-01T13:15:00Z,2026-10-01T13:30:00Z,15
1949840,East,Zirakpur,EKTA VIHAR,Unplanned,Closed,2026-10-01T13:05:00Z,2026-10-01T13:30:00Z,25
1949835,South,PATIALA,11 KV Yadvindra Enclave,Unplanned,Closed,2026-10-01T12:55:23Z,2026-10-01T14:04:27Z,69
1949837,Border,GURDASPUR,BEHBAL CHACK,Planned,Closed,2026-10-01T12:55:00Z,2026-10-01T14:05:00Z,70
1949836,Border,GURDASPUR,SIDHWAN,Unplanned,Closed,2026-10-01T12:55:00Z,2026-10-01T14:05:00Z,70
1949834,Border,GURDASPUR,City-2,Unplanned,Closed,2026-10-01T12:50:00Z,2026-10-01T13:29:00Z,39
1949827,South,SANGRUR,Patran Road,Unplanned,Closed,2026-10-01T12:45:27Z,2026-10-01T12:57:34Z,12
1949829,South,SANGRUR,BHAMNIWALA,Unplanned,Closed,2026-10-01T12:45:21Z,2026-10-01T14:00:30Z,75
1949828,South,SANGRUR,AZAD AP,Unplanned,Closed,2026-10-01T12:45:01Z,2026-10-01T14:00:11Z,75
1949833,North,HOSHIARPUR,PEALAN,Unplanned,Closed,2026-10-01T12:45:00Z,2026-10-01T14:00:00Z,75
1949831,East,Zirakpur,11 KV AMBALA ROAD,Unplanned,Closed,2026-10-01T12:45:00Z,2026-10-01T14:29:00Z,104
1949825,North,JALANDHAR,JALPOT,Unplanned,Closed,2026-10-01T12:43:00Z,2026-10-01T13:45:00Z,62
1949823,North,NAWANSHAHR,CITY GARHSHANKAR,Unplanned,Closed,2026-10-01T12:35:00Z,2026-10-01T13:03:00Z,28
1949824,East,Zirakpur,11 kv adda jhungia cat-1,Unplanned,Closed,2026-10-01T12:33:00Z,2026-10-01T13:20:00Z,47
1949822,West,MUKATSAR,Dhani Sucha Singh (Old Chakra),Unplanned,Closed,2026-10-01T12:32:53Z,2026-10-01T13:45:07Z,72
1949830,Border,TARN TARAN,RAYYA URBAN,Unplanned,Closed,2026-10-01T12:30:29Z,2026-10-01T14:40:51Z,130
1949826,Border,GURDASPUR,Sheh Bhattia,Unplanned,Closed,2026-10-01T12:30:00Z,2026-10-01T14:20:00Z,110
1949820,Central,KHANNA,11 KV MODEL TOWN,Unplanned,Closed,2026-10-01T12:28:00Z,2026-10-01T13:00:00Z,32
1949817,Central,CITY WEST LUDHIANA,MARUTI ALLOY,Planned,Closed,2026-10-01T12:23:00Z,2026-10-01T12:50:00Z,27
1949818,East,Zirakpur,Dehar. Cat. 1,Unplanned,Closed,2026-10-01T12:22:00Z,2026-10-01T12:56:00Z,34
1949821,North,JALANDHAR,KLARWARA GATE,Unplanned,Closed,2026-10-01T12:15:00Z,2026-10-01T13:35:00Z,80
1949816,North,HOSHIARPUR,DEVIDASS,Unplanned,Closed,2026-10-01T12:15:00Z,2026-10-01T13:50:00Z,95
1949810,South,SANGRUR,CHANGAL,Unplanned,Closed,2026-10-01T12:08:40Z,2026-10-01T12:38:00Z,29
1949815,South,PATIALA,Gurbax Colony,Unplanned,Closed,2026-10-01T12:08:32Z,2026-10-01T13:55:29Z,106
1949839,Border,TARN TARAN,MANKPURA UPS,Unplanned,Closed,2026-10-01T12:05:00Z,2026-10-01T13:55:00Z,110
1949838,Border,TARN TARAN,GANDIWIND 24 HRS SUPPLY,Unplanned,Closed,2026-10-01T12:05:00Z,2026-10-01T13:55:00Z,110
1949807,South,SANGRUR,Sunam Road,Unplanned,Closed,2026-10-01T12:04:10Z,2026-10-01T13:34:27Z,90
1949808,North,HOSHIARPUR,Abdulapur,Unplanned,Closed,2026-10-01T12:04:00Z,2026-10-01T12:54:00Z,50
1949819,East,ROPAR,11 KV Punnian,Unplanned,Closed,2026-10-01T12:00:00Z,2026-10-01T12:56:00Z,56
1949806,North,JALANDHAR,MODEL HOUSE,Unplanned,Closed,2026-10-01T11:59:00Z,2026-10-01T12:50:00Z,51
1949812,West,MUKATSAR,11 KV Alamgarh,Unplanned,Closed,2026-10-01T11:58:23Z,2026-10-01T12:55:35Z,57
1949814,West,MUKATSAR,11 KV TARA ESTATE,Unplanned,Closed,2026-10-01T11:58:12Z,2026-10-01T12:09:20Z,11
1949811,West,MUKATSAR,11 KV GANGA NAGAR ROAD,Unplanned,Closed,2026-10-01T11:58:01Z,2026-10-01T12:59:08Z,61
1949813,West,MUKATSAR,11 KV KIKKER KHERA,Unplanned,Closed,2026-10-01T11:56:55Z,2026-10-01T12:57:00Z,60
1949804,North,NAWANSHAHR,11 KV DOPALPUR UPS,Unplanned,Closed,2026-10-01T11:40:00Z,2026-10-01T11:55:00Z,15
1949800,Central,KHANNA,SANGATPURA,Planned,Closed,2026-10-01T11:35:04Z,2026-10-01T18:34:18Z,419
1949805,East,Zirakpur,PANCHSHEEL,Planned,Closed,2026-10-01T11:35:00Z,2026-10-01T13:35:00Z,120
1949803,East,Zirakpur,PREET COLONY,Planned,Closed,2026-10-01T11:35:00Z,2026-10-01T12:40:00Z,65
1949802,East,Zirakpur,OXFORD STREET,Planned,Closed,2026-10-01T11:35:00Z,2026-10-01T12:40:00Z,65
1949797,East,Zirakpur,ORBIT,Unplanned,Closed,2026-10-01T11:35:00Z,2026-10-01T12:08:00Z,33
1949796,Border,GURDASPUR,GAJIKOT,Unplanned,Closed,2026-10-01T11:33:00Z,2026-10-01T11:50:00Z,17
1949795,Border,GURDASPUR,TALIBPUR,Unplanned,Closed,2026-10-01T11:32:00Z,2026-10-01T11:50:00Z,18
1949801,Central,KHANNA,MALKO MAJRA,Planned,Closed,2026-10-01T11:30:39Z,2026-10-01T18:30:52Z,420
1949799,South,SANGRUR,Roxy road,Unplanned,Closed,2026-10-01T11:30:00Z,2026-10-01T13:07:00Z,97
1949798,South,SANGRUR,DHIBER BASTI,Unplanned,Closed,2026-10-01T11:30:00Z,2026-10-01T13:11:00Z,101
1949791,East,Zirakpur,DAPPAR,Unplanned,Closed,2026-10-01T11:28:00Z,2026-10-01T12:20:00Z,52
1949793,North,HOSHIARPUR,11kV Jandwal UPS,Unplanned,Closed,2026-10-01T11:20:00Z,2026-10-01T12:02:00Z,42
1949792,East,Zirakpur,Jaskaran,Unplanned,Closed,2026-10-01T11:20:00Z,2026-10-01T11:37:00Z,17
1949790,East,Zirakpur,NABHA SAHIB,Unplanned,Closed,2026-10-01T11:20:00Z,2026-10-01T11:37:00Z,17
1949781,Central,CITY WEST LUDHIANA,BUS STAND,Planned,Closed,2026-10-01T11:15:52Z,2026-10-01T14:15:00Z,179
1949789,East,Zirakpur,ZIRAKPUR-1,Unplanned,Closed,2026-10-01T11:15:00Z,2026-10-01T11:32:00Z,17
1949787,South,BARNALA,MADEVI,Planned,Closed,2026-10-01T11:12:00Z,2026-10-01T12:26:00Z,74
1949786,West,MUKATSAR,11 KB BAZIDPURA,Unplanned,Closed,2026-10-01T11:10:13Z,2026-10-01T11:40:08Z,29
1949788,North,HOSHIARPUR,11 kv Mansoorpur,Unplanned,Closed,2026-10-01T11:10:00Z,2026-10-01T11:50:00Z,40
1949634,South,PATIALA,Ablowal Feeder,Planned,Closed,2026-10-01T11:10:00Z,2026-10-01T11:58:41Z,48
1949784,Central,CITY WEST LUDHIANA,DUGRI,Planned,Closed,2026-10-01T11:09:43Z,2026-10-01T11:30:00Z,20
1949783,Central,CITY WEST LUDHIANA,RENTAL COLONY,Planned,Closed,2026-10-01T11:09:43Z,2026-10-01T11:30:00Z,20
1949785,West,MUKATSAR,11 KV SITO,Unplanned,Closed,2026-10-01T11:09:38Z,2026-10-01T11:39:49Z,30
1949782,Border,SUB URBAN AMRITSAR,PAWAN NAGAR,Unplanned,Closed,2026-10-01T11:03:00Z,2026-10-01T11:22:00Z,19
1949779,South,SANGRUR,11 KV SAMADHAN URBAN,Planned,Closed,2026-10-01T11:00:00Z,2026-10-01T12:30:00Z,90
1949778,South,PATIALA,UPS NABHA NO. 2,Unplanned,Closed,2026-10-01T11:00:00Z,2026-10-01T11:43:00Z,43
1949780,North,JALANDHAR,11 KV FRIEND COLONY,Unplanned,Closed,2026-10-01T10:57:00Z,2026-10-01T12:12:00Z,75
1949794,Border,GURDASPUR,24Hrs U.P.S. KOTLA CHAHAL,Unplanned,Closed,2026-10-01T10:50:00Z,2026-10-01T12:05:00Z,75
1949777,North,NAWANSHAHR,Phagwara road,Planned,Closed,2026-10-01T10:50:00Z,2026-10-01T12:40:00Z,110
1949776,North,NAWANSHAHR,Mauli,Planned,Closed,2026-10-01T10:50:00Z,2026-10-01T12:40:00Z,110
1949774,North,JALANDHAR,11 kv CHILDERN PARK NO. 1,Unplanned,Closed,2026-10-01T10:44:00Z,2026-10-01T11:25:00Z,41
1949773,Central,CITY WEST LUDHIANA,URBAN VIHAR,Planned,Closed,2026-10-01T10:35:24Z,2026-10-01T11:00:00Z,24
1949772,Central,CITY WEST LUDHIANA,URBAN ESTATE PH-1,Planned,Closed,2026-10-01T10:35:24Z,2026-10-01T11:00:00Z,24
1949770,North,KAPURTHALA,JALLOW KHANNA URBAN,Planned,Closed,2026-10-01T10:30:25Z,2026-10-01T11:25:35Z,55
1949649,Central,KHANNA,Jyoti Swaroop Sahib,Planned,Closed,2026-10-01T10:30:12Z,2026-10-01T16:00:43Z,330
1949633,South,PATIALA,OPH,Planned,Closed,2026-10-01T10:25:00Z,2026-10-01T18:05:00Z,460
1949769,North,JALANDHAR,INDUSTRIAL AREA 2,Unplanned,Closed,2026-10-01T10:22:00Z,2026-10-01T11:10:00Z,48
1949764,North,KAPURTHALA,AJIT NAGAR,Planned,Closed,2026-10-01T10:20:42Z,2026-10-01T11:30:03Z,69
1949763,North,JALANDHAR,KALRA,Planned,Closed,2026-10-01T10:18:00Z,2026-10-01T12:21:00Z,123
1949765,South,SANGRUR,KHOKHAR,Unplanned,Closed,2026-10-01T10:16:26Z,2026-10-01T11:00:15Z,43
1949766,South,SANGRUR,GEHLAN,Unplanned,Closed,2026-10-01T10:15:50Z,2026-10-01T11:00:05Z,44
1949767,South,SANGRUR,24 HRS. MAHASINGHWALA,Unplanned,Closed,2026-10-01T10:15:41Z,2026-10-01T11:00:00Z,44
1949762,South,PATIALA,11 kV Lehal Mandal,Unplanned,Closed,2026-10-01T10:15:28Z,2026-10-01T13:57:33Z,222
1949754,South,SANGRUR,Isra,Planned,Closed,2026-10-01T10:10:44Z,2026-10-01T17:38:16Z,447
1949755,South,SANGRUR,New Bardwal,Planned,Closed,2026-10-01T10:10:37Z,2026-10-01T17:38:55Z,448
1949758,Central,KHANNA,kherinoudhsingh,Unplanned,Closed,2026-10-01T10:09:13Z,2026-10-01T10:30:35Z,21
1949759,Border,GURDASPUR,Goal,Unplanned,Closed,2026-10-01T10:07:00Z,2026-10-01T12:19:00Z,132
1949756,Border,GURDASPUR,Chhaurian,Unplanned,Closed,2026-10-01T10:07:00Z,2026-10-01T12:19:00Z,132
1949771,Border,GURDASPUR,11 K.V UPS Balwanda,Unplanned,Closed,2026-10-01T10:05:00Z,2026-10-01T11:32:00Z,87
1949761,Border,GURDASPUR,Civil Line,Unplanned,Closed,2026-10-01T10:05:00Z,2026-10-01T10:18:00Z,13
1949760,Border,GURDASPUR,City,Unplanned,Closed,2026-10-01T10:05:00Z,2026-10-01T10:18:00Z,13
1949753,North,JALANDHAR,11kvPadiana,Unplanned,Closed,2026-10-01T10:04:00Z,2026-10-01T10:14:00Z,10
1949768,South,PATIALA,Vikas Colony,Unplanned,Closed,2026-10-01T10:02:13Z,2026-10-01T11:20:51Z,78
1949757,North,HOSHIARPUR,LOCAL INDUSTRY HOSHIARPUR,Planned,Closed,2026-10-01T10:00:00Z,2026-10-01T13:00:00Z,180
1949717,Central,CITY WEST LUDHIANA,KHURANA ROLLING,Planned,Closed,2026-10-01T10:00:00Z,2026-10-01T14:00:00Z,240
1949716,Central,CITY WEST LUDHIANA,SAHIB METAL,Planned,Closed,2026-10-01T10:00:00Z,2026-10-01T14:00:00Z,240
1949715,Central,CITY WEST LUDHIANA,SHAROMANI,Planned,Closed,2026-10-01T10:00:00Z,2026-10-01T14:00:00Z,240
1949714,Central,CITY WEST LUDHIANA,PREMIUM COMPLEX,Planned,Closed,2026-10-01T10:00:00Z,2026-10-01T14:00:00Z,240
1949702,East,Zirakpur,PANCHSHEEL,Planned,Closed,2026-10-01T10:00:00Z,2026-10-01T12:40:00Z,160
1949645,North,JALANDHAR,11KV SANGAT SINGH NAGAR,Planned,Closed,2026-10-01T10:00:00Z,2026-10-01T15:27:49Z,327
1949544,Border,GURDASPUR,BATHWALA,Planned,Closed,2026-10-01T10:00:00Z,2026-10-01T15:41:00Z,341
1949543,Border,GURDASPUR,Gatta Factory,Planned,Closed,2026-10-01T10:00:00Z,2026-10-01T15:40:00Z,340
1949520,North,HOSHIARPUR,KAKKON,Planned,Closed,2026-10-01T10:00:00Z,2026-10-01T13:05:00Z,185
1949371,South,SANGRUR,Industrial (Dhuri),Planned,Closed,2026-10-01T10:00:00Z,2026-10-01T17:37:00Z,457
1949370,South,SANGRUR,Bagrian Road,Planned,Closed,2026-10-01T10:00:00Z,2026-10-01T17:37:00Z,457
1949750,South,SANGRUR,Ratoke,Unplanned,Closed,2026-10-01T09:39:33Z,2026-10-01T10:20:46Z,41
1949751,North,JALANDHAR,Vishkarma Mandir,Unplanned,Closed,2026-10-01T09:36:00Z,2026-10-01T10:16:00Z,40
1949742,West,MUKATSAR,Industrial,Planned,Closed,2026-10-01T09:30:00Z,2026-10-01T15:30:00Z,360
1949752,North,KAPURTHALA,Taj city,Unplanned,Closed,2026-10-01T09:25:00Z,2026-10-01T10:05:00Z,40
1949749,Border,GURDASPUR,Roranwali 24 hrs.,Unplanned,Closed,2026-10-01T09:20:00Z,2026-10-01T09:45:00Z,25
1949748,Border,GURDASPUR,Sathiali 24 hrs.,Unplanned,Closed,2026-10-01T09:20:00Z,2026-10-01T09:45:00Z,25
1949746,South,PATIALA,Patiala Road,Unplanned,Closed,2026-10-01T09:15:00Z,2026-10-01T10:10:00Z,55
1949744,East,Zirakpur,DEEPAK PIPE,Unplanned,Closed,2026-10-01T09:15:00Z,2026-10-01T09:51:00Z,36
1949747,Border,GURDASPUR,RAILWAY ROAD CAT-1,Unplanned,Closed,2026-10-01T09:10:00Z,2026-10-01T09:21:00Z,11
1949745,Border,GURDASPUR,THEKERIWAL,Unplanned,Closed,2026-10-01T09:10:00Z,2026-10-01T09:21:00Z,11
1949726,Central,KHANNA,66 KV BIHARI LAL ISPAT,Planned,Closed,2026-10-01T09:00:46Z,2026-10-02T09:50:46Z,1490
1949725,Central,KHANNA,Belco steel,Planned,Closed,2026-10-01T09:00:46Z,2026-10-01T17:03:46Z,483
1949724,Central,KHANNA,Bihari Lal Ispat,Planned,Closed,2026-10-01T09:00:46Z,2026-10-01T17:03:46Z,483
1949723,Central,KHANNA,Amloh Road,Planned,Closed,2026-10-01T09:00:46Z,2026-10-01T17:03:46Z,483
1949743,North,HOSHIARPUR,BHOGPUR NO 2,Unplanned,Closed,2026-10-01T09:00:00Z,2026-10-01T10:15:00Z,75
1949640,West,FEROZPUR,Noor pur Sethan,Planned,Closed,2026-10-01T09:00:00Z,2026-10-01T17:00:00Z,480
1949741,South,PATIALA,Arya Samaj,Unplanned,Closed,2026-10-01T08:59:45Z,2026-10-01T09:30:01Z,30
1949740,North,JALANDHAR,NEW ESTATE,Unplanned,Closed,2026-10-01T08:52:00Z,2026-10-01T11:22:00Z,150
1949739,North,KAPURTHALA,URBAN MAIN BAZAAR Shahkot,Unplanned,Closed,2026-10-01T08:50:00Z,2026-10-01T10:00:00Z,70
1949738,North,KAPURTHALA,GTB Nagar,Planned,Closed,2026-10-01T08:50:00Z,2026-10-01T11:30:00Z,160
1949737,North,KAPURTHALA,Guru Nanak Nagar URBAN,Planned,Closed,2026-10-01T08:50:00Z,2026-10-01T11:30:00Z,160
1949775,Border,TARN TARAN,KAROWAL,Unplanned,Closed,2026-10-01T08:45:00Z,2026-10-01T15:30:00Z,405
1949736,South,SANGRUR,Rasaldar chhana,Unplanned,Closed,2026-10-01T08:41:17Z,2026-10-01T10:00:24Z,79
1949735,Central,CITY WEST LUDHIANA,GURPAL NAGAR FEEDER,Unplanned,Closed,2026-10-01T08:36:40Z,2026-10-01T09:10:00Z,33
1949734,North,KAPURTHALA,URBAN Mandi Road NURMAHAL,Unplanned,Closed,2026-10-01T08:30:00Z,2026-10-01T09:24:00Z,54
1949733,North,KAPURTHALA,BUS ADDA BILGA URBAN,Unplanned,Closed,2026-10-01T08:30:00Z,2026-10-01T09:05:00Z,35
1949731,North,JALANDHAR,Sewerage Treatment Plant,Unplanned,Closed,2026-10-01T08:25:00Z,2026-10-01T08:35:00Z,10
1949732,South,PATIALA,Shahi Samadhan,Unplanned,Closed,2026-10-01T08:22:00Z,2026-10-01T09:14:00Z,52
1949730,Border,GURDASPUR,Farida Nagar,Unplanned,Closed,2026-10-01T08:05:00Z,2026-10-01T08:36:00Z,31
1949729,North,KAPURTHALA,CAT-1 BHOLATH,Unplanned,Closed,2026-10-01T08:00:00Z,2026-10-01T08:35:00Z,35
1949722,West,MUKATSAR,DAULATPURA UPS,Planned,Closed,2026-10-01T07:37:57Z,2026-10-01T09:27:05Z,109
1949721,West,MUKATSAR,MAUJGARH,Planned,Closed,2026-10-01T07:37:18Z,2026-10-01T09:27:35Z,110
1949728,North,HOSHIARPUR,KHARDEHER,Unplanned,Closed,2026-10-01T07:35:00Z,2026-10-01T08:54:00Z,79
1949720,Border,SUB URBAN AMRITSAR,GUJJAPEER,Unplanned,Closed,2026-10-01T07:25:00Z,2026-10-01T08:15:00Z,50
1949727,North,HOSHIARPUR,Bihala,Unplanned,Closed,2026-10-01T07:20:00Z,2026-10-01T08:45:00Z,85
1949719,North,KAPURTHALA,URBAN JANDIALA ROAD Nurmahal,Planned,Closed,2026-10-01T07:20:00Z,2026-10-01T07:55:00Z,35
1949718,Border,CITY AMRITSAR,BIBI KAULAN JI,Unplanned,Closed,2026-10-01T06:50:00Z,2026-10-01T08:30:00Z,100
1949713,Border,GURDASPUR,11KV BUTTER UPS,Unplanned,Closed,2026-10-01T06:10:00Z,2026-10-01T09:21:00Z,191
1949712,Central,CITY EAST LUDHIANA,GURMAMDI,Unplanned,Closed,2026-10-01T06:01:00Z,2026-10-01T06:32:00Z,31
1949711,Central,CITY EAST LUDHIANA,PINK PLAZA,Planned,Closed,2026-10-01T05:31:00Z,2026-10-01T06:31:00Z,60
1949709,Central,CITY WEST LUDHIANA,GOLDEN PARK,Unplanned,Closed,2026-10-01T03:48:42Z,2026-10-01T04:25:00Z,36
1949708,Central,CITY EAST LUDHIANA,PINK PLAZA,Planned,Closed,2026-10-01T03:43:00Z,2026-10-01T04:12:00Z,29
1949710,North,HOSHIARPUR,Handowal,Unplanned,Closed,2026-10-01T02:50:00Z,2026-10-01T04:25:00Z,95
1949707,North,KAPURTHALA,URBAN JANDIALA ROAD Nurmahal,Unplanned,Closed,2026-10-01T01:50:00Z,2026-10-01T03:47:00Z,117
1949706,North,JALANDHAR,NEW ESTATE,Unplanned,Closed,2026-10-01T01:45:00Z,2026-10-01T02:35:00Z,50
1949705,South,SANGRUR,Industrial Siana road,Unplanned,Closed,2026-10-01T01:40:00Z,2026-10-01T03:03:00Z,83
1949704,Central,CITY EAST LUDHIANA,IQBAL GANJ,Planned,Closed,2026-10-01T01:30:00Z,2026-10-01T02:56:00Z,86
1949703,Central,CITY EAST LUDHIANA,GURMAMDI,Planned,Closed,2026-10-01T01:27:00Z,2026-10-01T02:59:00Z,92
1949677,East,ROPAR,Dhanaula,Unplanned,Closed,2026-10-01T00:23:04Z,2026-10-01T00:36:04Z,13
1949676,East,ROPAR,Khamanon Khurd,Unplanned,Closed,2026-10-01T00:23:04Z,2026-10-01T00:38:04Z,15
1949675,East,ROPAR,11KV Vaban Milk Food,Unplanned,Closed,2026-10-01T00:23:04Z,2026-10-01T00:34:04Z,11
1949674,East,ROPAR,11 KV Bhambri,Unplanned,Closed,2026-10-01T00:23:04Z,2026-10-01T00:37:04Z,14
1949673,East,ROPAR,11 KV Mansoorpur,Unplanned,Closed,2026-10-01T00:23:04Z,2026-10-01T00:40:04Z,17
1949672,East,ROPAR,11 KV Khamano,Unplanned,Closed,2026-10-01T00:23:04Z,2026-10-01T00:41:04Z,18
1949671,East,ROPAR,11 KV Luxmi,Unplanned,Closed,2026-10-01T00:23:04Z,2026-10-01T00:35:04Z,12
1949670,East,ROPAR,11 KV Navodya,Unplanned,Closed,2026-10-01T00:23:04Z,2026-10-01T00:38:04Z,15
1949700,East,ROPAR,11 KV Dhanoor,Unplanned,Closed,2026-10-01T00:19:55Z,2026-10-01T00:50:55Z,31
1949699,East,ROPAR,11 KV SHERIAN UPS,Unplanned,Closed,2026-10-01T00:19:55Z,2026-10-01T00:50:55Z,31
1949698,East,ROPAR,Sub station Transformer heddon,Unplanned,Closed,2026-10-01T00:19:55Z,2026-10-01T00:50:55Z,31
1949697,East,ROPAR,11 KV BAIRSAL KALAN,Unplanned,Closed,2026-10-01T00:19:55Z,2026-10-01T00:50:55Z,31
1949696,East,ROPAR,Guga Marri,Unplanned,Closed,2026-10-01T00:19:55Z,2026-10-01T00:50:55Z,31
1949695,East,ROPAR,11 KV Headdon Bet,Unplanned,Closed,2026-10-01T00:19:55Z,2026-10-01T00:50:55Z,31
1949669,East,ROPAR,11 KV Kotala,Unplanned,Closed,2026-10-01T00:19:50Z,2026-10-01T00:49:50Z,30
1949668,East,ROPAR,Baghor,Unplanned,Closed,2026-10-01T00:19:50Z,2026-10-01T00:49:50Z,30
1949667,East,ROPAR,Bhanglan,Unplanned,Closed,2026-10-01T00:19:50Z,2026-10-01T00:49:50Z,30
1949666,East,ROPAR,11 KV IOC,Unplanned,Closed,2026-10-01T00:19:50Z,2026-10-01T00:49:50Z,30
1949665,East,ROPAR,11 KV Ghungrali Sikhan,Unplanned,Closed,2026-10-01T00:19:50Z,2026-10-01T00:49:50Z,30
1949694,East,ROPAR,66 KV Adhunik Alloys,Unplanned,Closed,2026-10-01T00:19:01Z,2026-10-01T00:48:01Z,29
1949693,East,ROPAR,66 KV Shiva Tax Feb,Unplanned,Closed,2026-10-01T00:19:01Z,2026-10-01T00:48:01Z,29
1949692,East,ROPAR,Gani Khan Nabi Khan,Unplanned,Closed,2026-10-01T00:19:01Z,2026-10-01T00:48:01Z,29
1949691,East,ROPAR,Udhowal kalan,Unplanned,Closed,2026-10-01T00:19:01Z,2026-10-01T00:48:01Z,29
1949690,East,ROPAR,KOHARA ROAD,Unplanned,Closed,2026-10-01T00:19:01Z,2026-10-01T00:48:01Z,29
1949689,East,ROPAR,11 KV Machiwara,Unplanned,Closed,2026-10-01T00:19:01Z,2026-10-01T00:48:01Z,29
1949688,East,ROPAR,11 KV MAIN BAZAR,Unplanned,Closed,2026-10-01T00:19:01Z,2026-10-01T00:48:01Z,29
1949687,East,ROPAR,SUB STATION TRANSFORMER,Unplanned,Closed,2026-10-01T00:19:01Z,2026-10-01T00:48:01Z,29
1949686,East,ROPAR,Urna,Unplanned,Closed,2026-10-01T00:19:01Z,2026-10-01T00:48:01Z,29
1949685,East,ROPAR,11 KV Bindra Ispat,Unplanned,Closed,2026-10-01T00:19:01Z,2026-10-01T00:48:01Z,29
1949684,East,ROPAR,11 KV JULFGARH,Unplanned,Closed,2026-10-01T00:19:01Z,2026-10-01T00:48:01Z,29
1949683,East,ROPAR,Charan kanwal sahib,Unplanned,Closed,2026-10-01T00:19:01Z,2026-10-01T00:48:01Z,29
1949682,East,ROPAR,11 KV Markfed,Unplanned,Closed,2026-10-01T00:19:01Z,2026-10-01T00:48:01Z,29
1949681,East,ROPAR,11KV ADDIANA,Unplanned,Closed,2026-10-01T00:19:01Z,2026-10-01T00:48:01Z,29
1949680,East,ROPAR,11 KV Chakli Aadal,Unplanned,Closed,2026-10-01T00:19:01Z,2026-10-01T00:48:01Z,29
1949679,East,ROPAR,11 KV Methewal,Unplanned,Closed,2026-10-01T00:19:01Z,2026-10-01T00:48:01Z,29
1949678,East,ROPAR,11 KV Garg Concast,Unplanned,Closed,2026-10-01T00:19:01Z,2026-10-01T00:48:01Z,29
