outage_id,Zone,Circle,Feeder,Type of Outage,Status,Start Time,End Time,Diff in mins
1839129,Central,CITY EAST LUDHIANA,GIRJAGHAR CHOWNK,Planned,Active,2026-05-11T14:00:00Z,2026-05-11T17:00:00Z,180
1837650,Border,GURDASPUR,Barnala,Planned,Active,2026-05-11T14:00:00Z,2026-05-11T18:00:00Z,240
1837649,Border,GURDASPUR,Kalanangal,Planned,Active,2026-05-11T14:00:00Z,2026-05-11T18:00:00Z,240
1837648,Border,GURDASPUR,Sadhuchack,Planned,Active,2026-05-11T14:00:00Z,2026-05-11T18:00:00Z,240
1837647,Border,GURDASPUR,Meerpur,Planned,Active,2026-05-11T14:00:00Z,2026-05-11T18:00:00Z,240
1837586,South,SANGRUR,Geeta Bhawan Road Dirba C-1,Planned,Active,2026-05-11T13:30:46Z,2026-05-11T17:50:46Z,260
1837585,South,SANGRUR,JANAL ROAD UPS,Planned,Active,2026-05-11T13:30:46Z,2026-05-11T17:50:46Z,260
1837584,South,SANGRUR,11 KV Urban Truck Union Road,Planned,Active,2026-05-11T13:30:46Z,2026-05-11T17:50:46Z,260
1837295,Border,SUB URBAN AMRITSAR,Sawdeshi Korean,Planned,Active,2026-05-11T12:46:03Z,2026-05-11T14:46:09Z,120
1839050,East,MOHALI,RATWARA SAHIB,Planned,Active,2026-05-11T12:00:00Z,2026-05-11T14:00:00Z,120
1839243,Border,GURDASPUR,Simbal,Unplanned,Active,2026-05-11T11:48:00Z,2026-05-11T14:00:00Z,132
1839242,North,NAWANSHAHR,11 KV Buthgarh,Unplanned,Active,2026-05-11T11:48:00Z,2026-05-11T13:00:00Z,72
1839238,Central,CITY WEST LUDHIANA,AVON FEEDER,Unplanned,Active,2026-05-11T11:46:32Z,2026-05-11T12:46:34Z,60
1839240,North,HOSHIARPUR,BHAMBOTAR,Unplanned,Active,2026-05-11T11:44:00Z,2026-05-11T12:31:00Z,47
1839237,Central,CITY WEST LUDHIANA,E Block,Planned,Active,2026-05-11T11:42:11Z,2026-05-11T12:42:15Z,60
1839241,East,MOHALI,VINCIT,Unplanned,Active,2026-05-11T11:40:39Z,2026-05-11T12:49:45Z,69
1839239,South,SANGRUR,11 KV SULARGHRAT UPS,Unplanned,Active,2026-05-11T11:40:31Z,2026-05-11T11:50:46Z,10
1839232,Border,GURDASPUR,Preet Nagar,Unplanned,Active,2026-05-11T11:40:00Z,2026-05-11T12:40:00Z,60
1839231,Border,GURDASPUR,SAILI ROAD,Unplanned,Active,2026-05-11T11:40:00Z,2026-05-11T12:40:00Z,60
1839236,North,KAPURTHALA,MALL ROAD URBAN,Unplanned,Active,2026-05-11T11:38:00Z,2026-05-11T14:00:00Z,142
1839234,West,MUKATSAR,11 KV TAJA PATTI,Unplanned,Active,2026-05-11T11:35:00Z,2026-05-11T14:00:00Z,145
1839233,North,NAWANSHAHR,BHADDI,Unplanned,Active,2026-05-11T11:35:00Z,2026-05-11T13:00:00Z,85
1839226,North,JALANDHAR,KALI MATA MANDIR,Unplanned,Active,2026-05-11T11:35:00Z,2026-05-11T11:50:00Z,15
1839224,Border,TARN TARAN,NAUSHEHRA PANNUN URBAN,Planned,Active,2026-05-11T11:35:00Z,2026-05-11T14:00:00Z,145
1839217,Border,CITY AMRITSAR,11 KV Dhab Tilli Bhanna,Planned,Active,2026-05-11T11:35:00Z,2026-05-11T12:15:00Z,40
1839221,Border,GURDASPUR,CITY AWANKHA,Unplanned,Active,2026-05-11T11:34:00Z,2026-05-11T14:42:00Z,188
1839219,Border,GURDASPUR,City Thana,Unplanned,Active,2026-05-11T11:34:00Z,2026-05-11T14:42:00Z,188
1839218,Border,GURDASPUR,City-1,Unplanned,Active,2026-05-11T11:34:00Z,2026-05-11T14:42:00Z,188
1839230,North,JALANDHAR,11KV SALEMPUR,Unplanned,Active,2026-05-11T11:31:00Z,2026-05-11T12:15:00Z,44
1839235,North,JALANDHAR,PAP,Planned,Active,2026-05-11T11:30:00Z,2026-05-11T11:57:00Z,27
1839228,Border,SUB URBAN AMRITSAR,GURU NAGAR,Planned,Active,2026-05-11T11:30:00Z,2026-05-11T18:00:00Z,390
1839227,Border,SUB URBAN AMRITSAR,VERKA IND.2,Planned,Active,2026-05-11T11:30:00Z,2026-05-11T18:00:00Z,390
1839225,West,BATHINDA,Mian,Planned,Active,2026-05-11T11:30:00Z,2026-05-11T14:00:00Z,150
1839223,Border,SUB URBAN AMRITSAR,VERKA IND.1,Planned,Active,2026-05-11T11:30:00Z,2026-05-11T18:00:00Z,390
1839222,Border,SUB URBAN AMRITSAR,GURUDWARA NANAKSAR,Planned,Active,2026-05-11T11:30:00Z,2026-05-11T18:00:00Z,390
1837623,East,Zirakpur,11 kv Bijanpur pure ap,Planned,Active,2026-05-11T11:30:00Z,2026-05-11T15:30:00Z,240
1837606,East,Zirakpur,UPS AGGANPUR,Planned,Active,2026-05-11T11:30:00Z,2026-05-11T15:30:00Z,240
1839215,Central,CITY WEST LUDHIANA,MEHMOODPURA,Unplanned,Active,2026-05-11T11:29:22Z,2026-05-11T12:59:24Z,90
1839216,Border,GURDASPUR,11 K.V UPS Balwanda,Unplanned,Active,2026-05-11T11:28:00Z,2026-05-11T14:00:00Z,152
1839204,East,Zirakpur,JAI MULTI ENNG.,Planned,Active,2026-05-11T11:27:49Z,2026-05-11T11:58:00Z,30
1839210,West,FARIDKOT,11 KV MAAL SAHIB AP,Unplanned,Active,2026-05-11T11:27:31Z,2026-05-11T11:55:42Z,28
1839206,East,Zirakpur,11KV BEHRA FEEDER,Planned,Active,2026-05-11T11:27:30Z,2026-05-11T11:58:43Z,31
1839208,West,FARIDKOT,11 KV HAKAM SINGH WALA-R,Unplanned,Active,2026-05-11T11:27:15Z,2026-05-11T12:36:27Z,69
1839211,West,FARIDKOT,11 kv URBAN NANAKSAR ROAD,Unplanned,Active,2026-05-11T11:27:11Z,2026-05-11T14:59:29Z,212
1839209,West,FARIDKOT,11 KV GANJI GULAB SINGH WALA-,Unplanned,Active,2026-05-11T11:27:10Z,2026-05-11T12:58:18Z,91
1839205,East,Zirakpur,barvala industrial park,Planned,Active,2026-05-11T11:27:08Z,2026-05-11T11:58:16Z,31
1839207,Border,GURDASPUR,Nawan Pind,Unplanned,Active,2026-05-11T11:27:00Z,2026-05-11T14:45:00Z,198
1839229,East,MOHALI,11KV DGR Feeder,Unplanned,Active,2026-05-11T11:25:00Z,2026-05-11T13:00:00Z,95
1839213,Border,GURDASPUR,Dalla UPS,Unplanned,Active,2026-05-11T11:25:00Z,2026-05-11T14:00:00Z,155
1839202,East,Zirakpur,MIAN PUR,Unplanned,Active,2026-05-11T11:23:00Z,2026-05-11T12:23:00Z,60
1839201,Border,GURDASPUR,MUGRALA,Unplanned,Active,2026-05-11T11:23:00Z,2026-05-11T14:40:00Z,197
1839200,East,Zirakpur,MUKANDPUR,Unplanned,Active,2026-05-11T11:23:00Z,2026-05-11T12:23:00Z,60
1839203,North,HOSHIARPUR,11KV UPS TERKIANA,Unplanned,Active,2026-05-11T11:22:00Z,2026-05-11T12:00:00Z,38
1839212,East,ROPAR,SRAIN,Unplanned,Closed,2026-05-11T11:21:00Z,2026-05-11T11:41:00Z,20
1839196,Central,KHANNA,DASHMESH (JALALPUR),Unplanned,Active,2026-05-11T11:21:00Z,2026-05-11T12:45:00Z,84
1839199,Central,CITY WEST LUDHIANA,SATPAL MITTAL,Planned,Active,2026-05-11T11:20:43Z,2026-05-11T14:00:58Z,160
1839214,North,NAWANSHAHR,BALLOWAL,Unplanned,Closed,2026-05-11T11:20:00Z,2026-05-11T11:45:00Z,25
1839194,Central,KHANNA,Vishawkarma Nagar,Unplanned,Closed,2026-05-11T11:18:00Z,2026-05-11T11:45:00Z,27
1839193,North,HOSHIARPUR,Tanda City,Unplanned,Closed,2026-05-11T11:15:00Z,2026-05-11T11:40:00Z,25
1839189,West,MUKATSAR,BUS STAND,Unplanned,Active,2026-05-11T11:15:00Z,2026-05-11T14:00:00Z,165
1839177,Central,CITY WEST LUDHIANA,MES-2,Unplanned,Active,2026-05-11T11:13:04Z,2026-05-11T11:50:00Z,36
1839187,East,Zirakpur,BALTANA,Unplanned,Active,2026-05-11T11:13:00Z,2026-05-11T13:00:00Z,107
1839197,West,MUKATSAR,Seerwali UPS,Unplanned,Active,2026-05-11T11:10:00Z,2026-05-11T14:00:00Z,170
1839190,Border,GURDASPUR,Thireawal UPS feeder,Unplanned,Active,2026-05-11T11:10:00Z,2026-05-11T14:00:00Z,170
1839176,Border,GURDASPUR,Diomand,Unplanned,Active,2026-05-11T11:09:00Z,2026-05-11T13:00:00Z,111
1839175,East,Zirakpur,ECME,Unplanned,Active,2026-05-11T11:09:00Z,2026-05-11T13:00:00Z,111
1839170,Border,GURDASPUR,Mirthal,Unplanned,Active,2026-05-11T11:09:00Z,2026-05-11T13:00:00Z,111
1837630,South,PATIALA,Prem Nagar Feeder,Planned,Active,2026-05-11T11:09:00Z,2026-05-11T13:30:00Z,141
1839165,West,MUKATSAR,BHANGER KHERA,Unplanned,Active,2026-05-11T11:05:57Z,2026-05-11T11:55:14Z,49
1839166,West,MUKATSAR,11 KV Punjava Model,Unplanned,Active,2026-05-11T11:05:37Z,2026-05-11T11:55:47Z,50
1839220,East,MOHALI,11KV FOREST FEEDER,Unplanned,Active,2026-05-11T11:05:00Z,2026-05-11T13:00:00Z,115
1839164,West,BATHINDA,COLLEGE ROAD URBAN,Unplanned,Active,2026-05-11T11:05:00Z,2026-05-11T14:00:00Z,175
1839163,Central,CITY WEST LUDHIANA,ABDULLAPUR BASTI,Unplanned,Active,2026-05-11T11:04:43Z,2026-05-11T12:40:00Z,95
1839161,North,NAWANSHAHR,LALLIAN,Unplanned,Closed,2026-05-11T11:02:00Z,2026-05-11T11:12:00Z,10
1837412,Border,GURDASPUR,Coco Cola ( Wave Beverages ),Planned,Active,2026-05-11T11:00:32Z,2026-05-11T15:00:32Z,240
1837411,Border,GURDASPUR,ARYA NAGAR,Planned,Active,2026-05-11T11:00:32Z,2026-05-11T15:00:32Z,240
1837410,Border,GURDASPUR,MUGRALA,Planned,Active,2026-05-11T11:00:32Z,2026-05-11T15:00:32Z,240
1837409,Border,GURDASPUR,Gujran Lahri,Planned,Active,2026-05-11T11:00:32Z,2026-05-11T15:00:32Z,240
1837408,Border,GURDASPUR,Manj,Planned,Active,2026-05-11T11:00:32Z,2026-05-11T15:00:32Z,240
1837407,Border,GURDASPUR,City Thana,Planned,Active,2026-05-11T11:00:32Z,2026-05-11T15:00:32Z,240
1837406,Border,GURDASPUR,CITY-3,Planned,Active,2026-05-11T11:00:32Z,2026-05-11T15:00:32Z,240
1837405,Border,GURDASPUR,CITY AWANKHA,Planned,Active,2026-05-11T11:00:32Z,2026-05-11T15:00:32Z,240
1837404,Border,GURDASPUR,City-2,Planned,Active,2026-05-11T11:00:32Z,2026-05-11T15:00:32Z,240
1837403,Border,GURDASPUR,Saidipur,Planned,Active,2026-05-11T11:00:32Z,2026-05-11T15:00:32Z,240
1837402,Border,GURDASPUR,City-1,Planned,Active,2026-05-11T11:00:32Z,2026-05-11T15:00:32Z,240
1837423,Border,GURDASPUR,11KV UPS BASSI,Planned,Active,2026-05-11T11:00:31Z,2026-05-11T15:00:31Z,240
1837422,Border,GURDASPUR,Gharota,Planned,Active,2026-05-11T11:00:31Z,2026-05-11T15:00:31Z,240
1837421,Border,GURDASPUR,Chounta,Planned,Active,2026-05-11T11:00:31Z,2026-05-11T15:00:31Z,240
1837420,Border,GURDASPUR,Taragarh Cat-1,Planned,Active,2026-05-11T11:00:26Z,2026-05-11T15:00:26Z,240
1837419,Border,GURDASPUR,Rattangarh,Planned,Active,2026-05-11T11:00:26Z,2026-05-11T15:00:26Z,240
1837418,Border,GURDASPUR,Majra,Planned,Active,2026-05-11T11:00:26Z,2026-05-11T15:00:26Z,240
1839145,West,FARIDKOT,NIDHANWALA,Planned,Active,2026-05-11T11:00:02Z,2026-05-11T15:00:12Z,240
1839144,West,FARIDKOT,Green City UPS,Planned,Active,2026-05-11T11:00:02Z,2026-05-11T15:00:12Z,240
1839143,West,FARIDKOT,ADANI AGRO INDEPENDENT,Planned,Active,2026-05-11T11:00:02Z,2026-05-11T15:00:12Z,240
1839142,West,FARIDKOT,DAGRU,Planned,Active,2026-05-11T11:00:02Z,2026-05-11T15:00:12Z,240
1839191,Border,CITY AMRITSAR,Kot Baba Deep singh,Planned,Active,2026-05-11T11:00:00Z,2026-05-11T13:00:00Z,120
1839188,Border,CITY AMRITSAR,Chatiwind Gate,Planned,Active,2026-05-11T11:00:00Z,2026-05-11T13:00:00Z,120
1839186,Border,CITY AMRITSAR,LAXMAN SAR,Planned,Active,2026-05-11T11:00:00Z,2026-05-11T13:00:00Z,120
1839185,Border,CITY AMRITSAR,Laxmi Rice Mills,Planned,Active,2026-05-11T11:00:00Z,2026-05-11T13:00:00Z,120
1839183,Border,CITY AMRITSAR,Chatha Rice Mills,Planned,Active,2026-05-11T11:00:00Z,2026-05-11T13:00:00Z,120
1839180,Border,CITY AMRITSAR,shri guru ram dass hospital,Planned,Active,2026-05-11T11:00:00Z,2026-05-11T13:00:00Z,120
1839168,Border,CITY AMRITSAR,Nagar Nigam Colony,Planned,Active,2026-05-11T11:00:00Z,2026-05-11T13:00:00Z,120
1839159,West,BATHINDA,BHAGU,Unplanned,Closed,2026-05-11T11:00:00Z,2026-05-11T11:07:00Z,7
1839158,East,MOHALI,70-A,Planned,Active,2026-05-11T11:00:00Z,2026-05-11T13:00:00Z,120
1839134,Border,CITY AMRITSAR,MAKBOOL PURA,Planned,Active,2026-05-11T11:00:00Z,2026-05-11T13:00:00Z,120
1839127,Border,SUB URBAN AMRITSAR,MAJITHA ROAD,Planned,Active,2026-05-11T11:00:00Z,2026-05-11T17:00:00Z,360
1839099,East,ROPAR,Palmajra,Planned,Active,2026-05-11T11:00:00Z,2026-05-11T17:00:00Z,360
1839054,East,MOHALI,11 KV Sec 59,Planned,Active,2026-05-11T11:00:00Z,2026-05-11T13:00:00Z,120
1837705,East,Zirakpur,EKTA VIHAR,Planned,Active,2026-05-11T11:00:00Z,2026-05-11T15:00:00Z,240
1837704,East,Zirakpur,11 KV Aero Home Feeder,Planned,Active,2026-05-11T11:00:00Z,2026-05-11T15:00:00Z,240
1837703,East,Zirakpur,DHAKOLI,Planned,Active,2026-05-11T11:00:00Z,2026-05-11T15:00:00Z,240
1837702,East,Zirakpur,SACHKHAND SAHIB,Planned,Active,2026-05-11T11:00:00Z,2026-05-11T15:00:00Z,240
1837701,East,Zirakpur,REGLIYA,Planned,Active,2026-05-11T11:00:00Z,2026-05-11T15:00:00Z,240
1837690,East,Zirakpur,11KV  SUSHMA,Planned,Active,2026-05-11T11:00:00Z,2026-05-11T15:00:00Z,240
1837689,East,Zirakpur,HARMILAP NAGAR,Planned,Active,2026-05-11T11:00:00Z,2026-05-11T15:00:00Z,240
1837645,East,Zirakpur,PEER BABA ROAD,Planned,Active,2026-05-11T11:00:00Z,2026-05-11T15:00:00Z,240
1837644,East,Zirakpur,Sukhmani Sahib,Planned,Active,2026-05-11T11:00:00Z,2026-05-11T15:00:00Z,240
1837643,East,Zirakpur,Jaskaran,Planned,Active,2026-05-11T11:00:00Z,2026-05-11T15:00:00Z,240
1837642,East,Zirakpur,RANBAXY,Planned,Active,2026-05-11T11:00:00Z,2026-05-11T15:00:00Z,240
1839157,South,SANGRUR,MAKORD SAHIB(new+old),Unplanned,Active,2026-05-11T10:58:02Z,2026-05-11T13:00:00Z,121
1839167,Border,SUB URBAN AMRITSAR,Shampura UPS,Unplanned,Active,2026-05-11T10:55:00Z,2026-05-11T13:00:00Z,125
1839160,North,JALANDHAR,L.I.C,Unplanned,Closed,2026-05-11T10:55:00Z,2026-05-11T11:10:00Z,15
1839147,West,MUKATSAR,11 KV GANGA NAGAR ROAD,Unplanned,Active,2026-05-11T10:52:56Z,2026-05-11T12:00:13Z,67
1839150,West,MUKATSAR,11 KV KIKKER KHERA,Unplanned,Active,2026-05-11T10:52:55Z,2026-05-11T12:00:09Z,67
1839149,West,MUKATSAR,11 KV Alamgarh,Unplanned,Active,2026-05-11T10:52:43Z,2026-05-11T12:00:01Z,67
1839151,West,MUKATSAR,11 KV Chirag dhani,Unplanned,Active,2026-05-11T10:52:41Z,2026-05-11T12:00:50Z,68
1839148,West,MUKATSAR,11 KV KILLIANWALI,Unplanned,Active,2026-05-11T10:52:02Z,2026-05-11T12:00:25Z,68
1839198,Border,TARN TARAN,PANDORI SIDHWAN,Unplanned,Active,2026-05-11T10:51:48Z,2026-05-11T18:51:58Z,480
1839195,West,MUKATSAR,Nand Garh,Unplanned,Active,2026-05-11T10:50:00Z,2026-05-11T14:00:00Z,190
1839152,North,HOSHIARPUR,PANWAN,Unplanned,Closed,2026-05-11T10:50:00Z,2026-05-11T11:25:00Z,35
1839140,North,JALANDHAR,B.S.N.L,Unplanned,Active,2026-05-11T10:50:00Z,2026-05-11T11:10:00Z,20
1839137,North,NAWANSHAHR,TEHSIL COMPLEX,Planned,Closed,2026-05-11T10:50:00Z,2026-05-11T11:40:00Z,50
1839136,Border,CITY AMRITSAR,COMPANY BAGH,Unplanned,Closed,2026-05-11T10:47:35Z,2026-05-11T10:55:05Z,7
1839146,Border,GURDASPUR,KHAN PIARA,Unplanned,Active,2026-05-11T10:45:00Z,2026-05-11T13:00:00Z,135
1839141,South,SANGRUR,11KV UPS DHARMGARH,Unplanned,Active,2026-05-11T10:45:00Z,2026-05-11T13:00:00Z,135
1839139,North,HOSHIARPUR,MES,Unplanned,Closed,2026-05-11T10:45:00Z,2026-05-11T11:25:00Z,40
1839138,North,HOSHIARPUR,DASUYA1,Unplanned,Closed,2026-05-11T10:45:00Z,2026-05-11T11:30:00Z,45
1839135,Border,GURDASPUR,11 kv Dhupshari ups,Unplanned,Closed,2026-05-11T10:45:00Z,2026-05-11T11:25:00Z,40
1839133,North,HOSHIARPUR,11KV MILK PLANT,Unplanned,Closed,2026-05-11T10:45:00Z,2026-05-11T11:30:00Z,45
1839132,Central,KHANNA,Friend colony,Unplanned,Closed,2026-05-11T10:44:00Z,2026-05-11T11:45:00Z,61
1835795,South,SANGRUR,City-II,Planned,Active,2026-05-11T10:44:00Z,2026-05-11T14:00:00Z,196
1839117,South,SANGRUR,CITY SANGRUR,Unplanned,Active,2026-05-11T10:41:54Z,2026-05-11T12:39:04Z,117
1839116,South,SANGRUR,DC ROAD SANGRUR,Unplanned,Active,2026-05-11T10:41:05Z,2026-05-11T12:40:23Z,119
1839128,North,HOSHIARPUR,MAND PHANDER,Unplanned,Closed,2026-05-11T10:40:00Z,2026-05-11T11:00:00Z,20
1839126,North,HOSHIARPUR,11KV KALLOWAL FEEDER,Unplanned,Closed,2026-05-11T10:40:00Z,2026-05-11T11:00:00Z,20
1839118,West,MUKATSAR,WATER WORKS,Unplanned,Active,2026-05-11T10:40:00Z,2026-05-11T11:55:00Z,75
1839192,West,MUKATSAR,11KV Old Grain Market.,Unplanned,Closed,2026-05-11T10:38:00Z,2026-05-11T11:23:00Z,45
1839171,North,JALANDHAR,Johal,Unplanned,Closed,2026-05-11T10:35:00Z,2026-05-11T11:10:00Z,35
1839169,North,JALANDHAR,CHOKAN,Unplanned,Active,2026-05-11T10:35:00Z,2026-05-11T12:00:00Z,85
1839131,North,KAPURTHALA,UPS KHUSROPUR,Unplanned,Closed,2026-05-11T10:35:00Z,2026-05-11T11:20:00Z,45
1839115,Border,TARN TARAN,GANDIWIND 24 HRS SUPPLY,Unplanned,Closed,2026-05-11T10:35:00Z,2026-05-11T11:05:00Z,30
1839106,Central,KHANNA,jagat colony,Unplanned,Closed,2026-05-11T10:35:00Z,2026-05-11T10:51:00Z,16
1839103,North,JALANDHAR,PROFFESSER COLONY,Unplanned,Closed,2026-05-11T10:35:00Z,2026-05-11T10:50:00Z,15
1839156,Border,TARN TARAN,BALA CHAK,Unplanned,Closed,2026-05-11T10:30:00Z,2026-05-11T11:25:00Z,55
1839153,Central,SUB URBAN LUDHIANA,CENTER CITY,Unplanned,Active,2026-05-11T10:30:00Z,2026-05-11T14:30:00Z,240
1839108,Border,GURDASPUR,24Hrs SUPPLY SEKHWAN,Unplanned,Closed,2026-05-11T10:30:00Z,2026-05-11T11:15:00Z,45
1839107,North,NAWANSHAHR,UPS No. 2,Unplanned,Closed,2026-05-11T10:30:00Z,2026-05-11T10:40:00Z,10
1839104,North,JALANDHAR,Pandori,Unplanned,Closed,2026-05-11T10:30:00Z,2026-05-11T11:00:00Z,30
1839101,West,MUKATSAR,11 KV GADDAN DOB,Unplanned,Closed,2026-05-11T10:30:00Z,2026-05-11T11:08:00Z,38
1837681,South,PATIALA,Alipur,Planned,Active,2026-05-11T10:30:00Z,2026-05-11T14:30:00Z,240
1837680,North,JALANDHAR,CHAK HUSSIANA,Planned,Active,2026-05-11T10:30:00Z,2026-05-11T12:00:00Z,90
1837679,North,JALANDHAR,Hoshiarpur Road,Planned,Active,2026-05-11T10:30:00Z,2026-05-11T12:00:00Z,90
1837678,North,JALANDHAR,SANTOKHPURA,Planned,Active,2026-05-11T10:30:00Z,2026-05-11T12:00:00Z,90
1839130,West,FARIDKOT,ARIYAWALA,Unplanned,Active,2026-05-11T10:28:00Z,2026-05-11T12:00:00Z,92
1839093,West,MUKATSAR,DAULATPURA UPS,Unplanned,Active,2026-05-11T10:27:14Z,2026-05-11T11:13:42Z,46
1839095,North,JALANDHAR,11 KV NEW BARADARI,Unplanned,Closed,2026-05-11T10:27:00Z,2026-05-11T10:35:00Z,8
1839090,Central,KHANNA,CITY,Unplanned,Active,2026-05-11T10:26:00Z,2026-05-11T13:45:00Z,199
1839088,Central,KHANNA,Chopra(Naraian),Unplanned,Active,2026-05-11T10:26:00Z,2026-05-11T13:45:00Z,199
1839087,Central,KHANNA,Shastri Nagar,Unplanned,Active,2026-05-11T10:26:00Z,2026-05-11T13:45:00Z,199
1839112,Border,SUB URBAN AMRITSAR,Disposal,Planned,Active,2026-05-11T10:25:52Z,2026-05-11T14:00:00Z,214
1839091,South,PATIALA,KOLEHMAJRA (GANOUR),Unplanned,Active,2026-05-11T10:25:45Z,2026-05-11T13:00:00Z,154
1839098,North,JALANDHAR,Munpur,Planned,Active,2026-05-11T10:25:02Z,2026-05-11T10:25:02Z,0
1839097,North,JALANDHAR,BHODE SAPRAI,Planned,Active,2026-05-11T10:25:02Z,2026-05-11T10:25:02Z,0
1839096,North,JALANDHAR,HOUSING BOARD,Planned,Active,2026-05-11T10:25:02Z,2026-05-11T10:25:02Z,0
1839110,North,JALANDHAR,bambiwal.1,Unplanned,Closed,2026-05-11T10:20:00Z,2026-05-11T11:30:00Z,70
1839094,Border,TARN TARAN,11 KV Sur Singh Urban new,Unplanned,Closed,2026-05-11T10:20:00Z,2026-05-11T11:10:00Z,50
1839086,East,MOHALI,scada-1,Unplanned,Active,2026-05-11T10:20:00Z,2026-05-11T12:00:00Z,100
1839085,North,HOSHIARPUR,ROSHAN GROUND,Unplanned,Active,2026-05-11T10:20:00Z,2026-05-11T12:00:00Z,100
1839084,West,MUKATSAR,11 KV BALLUANA UPS,Unplanned,Active,2026-05-11T10:20:00Z,2026-05-11T12:00:00Z,100
1839083,North,JALANDHAR,INDUSTRY AREA,Unplanned,Closed,2026-05-11T10:20:00Z,2026-05-11T11:12:00Z,52
1839082,West,BATHINDA,KHIWA DIALLUWALA,Planned,Active,2026-05-11T10:20:00Z,2026-05-11T14:00:00Z,220
1839113,Border,GURDASPUR,Kala Goraya,Unplanned,Active,2026-05-11T10:17:00Z,2026-05-11T13:00:00Z,163
1839100,North,KAPURTHALA,UPS Sangowal Bet,Unplanned,Closed,2026-05-11T10:15:00Z,2026-05-11T11:31:00Z,76
1839092,Border,CITY AMRITSAR,City Feeder,Planned,Closed,2026-05-11T10:15:00Z,2026-05-11T11:35:00Z,80
1839080,North,KAPURTHALA,Shahjahanpur,Planned,Closed,2026-05-11T10:15:00Z,2026-05-11T10:55:00Z,40
1839079,North,KAPURTHALA,UPS DALLA,Planned,Closed,2026-05-11T10:15:00Z,2026-05-11T10:55:00Z,40
1839075,West,FARIDKOT,11 KV KOTKAPURA ROAD,Unplanned,Closed,2026-05-11T10:13:00Z,2026-05-11T10:31:00Z,18
1839073,West,FARIDKOT,11 KV BAGHAPURANA URBAN CAT-01,Unplanned,Closed,2026-05-11T10:13:00Z,2026-05-11T10:31:00Z,18
1839076,North,NAWANSHAHR,BASIALA,Unplanned,Closed,2026-05-11T10:12:00Z,2026-05-11T11:10:00Z,58
1839173,East,MOHALI,KHALOUR,Unplanned,Closed,2026-05-11T10:10:05Z,2026-05-11T11:05:11Z,55
1839172,East,MOHALI,CHANGERA AP,Unplanned,Closed,2026-05-11T10:10:05Z,2026-05-11T11:05:11Z,55
1839179,East,MOHALI,CHARBARH UPS,Unplanned,Closed,2026-05-11T10:10:00Z,2026-05-11T11:05:00Z,55
1839162,Border,SUB URBAN AMRITSAR,SANT BHAGAT SINGH UPS,Unplanned,Closed,2026-05-11T10:10:00Z,2026-05-11T11:04:00Z,54
1839077,East,ROPAR,Khijrabad Kandi,Unplanned,Active,2026-05-11T10:08:00Z,2026-05-11T11:11:00Z,63
1839125,North,JALANDHAR,SANSARPUR,Planned,Active,2026-05-11T10:05:00Z,2026-05-11T13:00:00Z,175
1839124,North,JALANDHAR,bambiwal 2,Planned,Active,2026-05-11T10:05:00Z,2026-05-11T13:00:00Z,175
1839123,North,JALANDHAR,JAGRAL,Planned,Active,2026-05-11T10:05:00Z,2026-05-11T13:00:00Z,175
1839074,North,JALANDHAR,ADAMPUR,Unplanned,Active,2026-05-11T10:05:00Z,2026-05-11T11:44:00Z,99
1839071,Border,TARN TARAN,NAUSHEHRA PANNUN URBAN,Unplanned,Closed,2026-05-11T10:05:00Z,2026-05-11T10:45:00Z,40
1839068,West,BATHINDA,TAHLIAN URBAN,Planned,Active,2026-05-11T10:05:00Z,2026-05-11T12:20:00Z,135
1839067,South,SANGRUR,KHETLA A+B+C (GRID DIRBA),Unplanned,Active,2026-05-11T10:05:00Z,2026-05-11T15:00:00Z,295
1839066,South,SANGRUR,KADIAL A+B (GRID DIRBA),Unplanned,Active,2026-05-11T10:05:00Z,2026-05-11T15:00:00Z,295
1839089,Border,TARN TARAN,MANKPURA UPS,Unplanned,Active,2026-05-11T10:01:00Z,2026-05-11T12:00:00Z,119
1839056,West,FARIDKOT,BAJA ROAD,Planned,Closed,2026-05-11T10:01:00Z,2026-05-11T10:20:05Z,19
1838924,West,MUKATSAR,MALLAN UPS,Planned,Active,2026-05-11T10:00:44Z,2026-05-11T14:00:44Z,240
1839105,Central,SUB URBAN LUDHIANA,MILL-NO 1,Unplanned,Closed,2026-05-11T10:00:00Z,2026-05-11T10:45:00Z,45
1839070,Border,GURDASPUR,Sahowal,Unplanned,Active,2026-05-11T10:00:00Z,2026-05-11T12:00:00Z,120
1839064,North,HOSHIARPUR,Bassi Gulam Hussian,Unplanned,Closed,2026-05-11T10:00:00Z,2026-05-11T10:30:00Z,30
1839063,North,JALANDHAR,BHAKHRIANA,Unplanned,Closed,2026-05-11T10:00:00Z,2026-05-11T11:05:00Z,65
1839062,North,JALANDHAR,Talhan,Unplanned,Closed,2026-05-11T10:00:00Z,2026-05-11T11:05:00Z,65
1839053,North,JALANDHAR,EKTA NAGAR,Planned,Closed,2026-05-11T10:00:00Z,2026-05-11T11:00:00Z,60
1839049,North,JALANDHAR,UNIVERSIY,Planned,Closed,2026-05-11T10:00:00Z,2026-05-11T11:00:00Z,60
1839045,North,JALANDHAR,Karol bagh,Planned,Closed,2026-05-11T10:00:00Z,2026-05-11T11:00:00Z,60
1839044,North,JALANDHAR,LADHAYWALI,Planned,Closed,2026-05-11T10:00:00Z,2026-05-11T11:00:00Z,60
1839042,North,JALANDHAR,CHANDERSEN,Planned,Closed,2026-05-11T10:00:00Z,2026-05-11T11:00:00Z,60
1839036,North,JALANDHAR,11kv Nangal shama,Planned,Closed,2026-05-11T10:00:00Z,2026-05-11T11:00:00Z,60
1839032,North,JALANDHAR,DRDO,Planned,Closed,2026-05-11T10:00:00Z,2026-05-11T11:00:00Z,60
1839028,North,JALANDHAR,King city,Planned,Closed,2026-05-11T10:00:00Z,2026-05-11T11:00:00Z,60
1839023,North,JALANDHAR,Guru Nanak Nagar,Planned,Closed,2026-05-11T10:00:00Z,2026-05-11T11:00:00Z,60
1839014,North,JALANDHAR,BASANT HILLS,Planned,Closed,2026-05-11T10:00:00Z,2026-05-11T11:00:00Z,60
1839012,North,JALANDHAR,CHOGITTI,Planned,Closed,2026-05-11T10:00:00Z,2026-05-11T11:00:00Z,60
1839011,North,JALANDHAR,ME LAB,Planned,Closed,2026-05-11T10:00:00Z,2026-05-11T11:00:00Z,60
1837601,Border,SUB URBAN AMRITSAR,UPS BALLOWALI,Planned,Active,2026-05-11T10:00:00Z,2026-05-11T14:00:00Z,240
1837600,Border,SUB URBAN AMRITSAR,BOREWAL UPS,Planned,Active,2026-05-11T10:00:00Z,2026-05-11T14:00:00Z,240
1837599,Border,SUB URBAN AMRITSAR,JALALPURA UPS,Planned,Active,2026-05-11T10:00:00Z,2026-05-11T14:00:00Z,240
1837598,Border,SUB URBAN AMRITSAR,JIJEANI UPS,Planned,Active,2026-05-11T10:00:00Z,2026-05-11T14:00:00Z,240
1837597,Border,SUB URBAN AMRITSAR,G.T.S. Bhangali 24 HR,Planned,Active,2026-05-11T10:00:00Z,2026-05-11T14:00:00Z,240
1837480,Border,CITY AMRITSAR,RANI KA BAGH,Planned,Active,2026-05-11T10:00:00Z,2026-05-11T14:00:00Z,240
1837467,Border,CITY AMRITSAR,Shastri Nagar,Planned,Active,2026-05-11T10:00:00Z,2026-05-11T14:00:00Z,240
1837466,Border,CITY AMRITSAR,11kV Islamabad Link,Planned,Active,2026-05-11T10:00:00Z,2026-05-11T14:00:00Z,240
1837464,Border,CITY AMRITSAR,GREEN AVENUE,Planned,Active,2026-05-11T10:00:00Z,2026-05-11T14:00:00Z,240
1837096,Central,SUB URBAN LUDHIANA,DALLA URBAN,Planned,Active,2026-05-11T10:00:00Z,2026-05-11T16:00:00Z,360
1839072,South,SANGRUR,Gaushala Road,Unplanned,Active,2026-05-11T09:59:00Z,2026-05-11T12:00:00Z,121
1839058,North,JALANDHAR,CHURCH,Unplanned,Closed,2026-05-11T09:55:25Z,2026-05-11T10:25:37Z,30
1839154,Border,TARN TARAN,VARPALCITY,Unplanned,Closed,2026-05-11T09:55:00Z,2026-05-11T11:15:00Z,80
1839069,South,PATIALA,UPS Patton,Unplanned,Active,2026-05-11T09:55:00Z,2026-05-11T13:00:00Z,185
1839061,Border,GURDASPUR,Banthawal,Unplanned,Active,2026-05-11T09:55:00Z,2026-05-11T12:00:00Z,125
1839057,Border,CITY AMRITSAR,11 KV Feeder Tunda Talab,Planned,Active,2026-05-11T09:55:00Z,2026-05-11T13:00:00Z,185
1839059,Border,GURDASPUR,SOHAL,Unplanned,Active,2026-05-11T09:52:00Z,2026-05-11T14:00:00Z,248
1839078,East,MOHALI,11KV SHEKHAN MAJRA,Unplanned,Closed,2026-05-11T09:51:00Z,2026-05-11T11:42:46Z,111
1839047,Border,SUB URBAN AMRITSAR,SANDHU COLONY,Planned,Active,2026-05-11T09:48:36Z,2026-05-11T14:00:00Z,251
1839060,East,MOHALI,11KV E&G Block,Unplanned,Closed,2026-05-11T09:48:00Z,2026-05-11T10:16:45Z,28
1839052,Border,TARN TARAN,Sarhali Road,Unplanned,Closed,2026-05-11T09:45:00Z,2026-05-11T10:40:00Z,55
1839051,Border,GURDASPUR,Bhagokawan,Unplanned,Closed,2026-05-11T09:45:00Z,2026-05-11T09:47:00Z,2
1839038,Border,SUB URBAN AMRITSAR,AZAD ROAD FEEDER,Planned,Active,2026-05-11T09:43:05Z,2026-05-11T14:00:00Z,256
1839055,North,HOSHIARPUR,Lajwanti Stadium,Unplanned,Closed,2026-05-11T09:42:00Z,2026-05-11T10:15:00Z,33
1839048,West,FARIDKOT,11KV WATER WORKS,Unplanned,Closed,2026-05-11T09:42:00Z,2026-05-11T10:21:00Z,39
1839025,Central,CITY WEST LUDHIANA,MAGNET ROAD,Unplanned,Closed,2026-05-11T09:41:25Z,2026-05-11T10:05:00Z,23
1839029,Central,CITY WEST LUDHIANA,BASANT AVENUE,Unplanned,Closed,2026-05-11T09:41:07Z,2026-05-11T10:05:06Z,23
1839022,West,BATHINDA,JODHPUR URBAN,Planned,Active,2026-05-11T09:41:01Z,2026-05-11T12:41:01Z,180
1839021,West,BATHINDA,BURJ SEMA,Planned,Active,2026-05-11T09:41:01Z,2026-05-11T12:41:01Z,180
1839020,West,BATHINDA,MANSA KALAN,Planned,Active,2026-05-11T09:41:01Z,2026-05-11T12:41:01Z,180
1839018,Central,CITY WEST LUDHIANA,Aman Park,Unplanned,Closed,2026-05-11T09:40:19Z,2026-05-11T10:10:00Z,29
1839031,North,HOSHIARPUR,MASTIWAL,Unplanned,Closed,2026-05-11T09:40:00Z,2026-05-11T10:40:00Z,60
1839027,North,HOSHIARPUR,Pandori Attwal,Unplanned,Closed,2026-05-11T09:40:00Z,2026-05-11T10:40:00Z,60
1839013,Border,SUB URBAN AMRITSAR,CHAND INDUSTRY,Unplanned,Active,2026-05-11T09:38:18Z,2026-05-11T11:08:33Z,90
1839041,East,MOHALI,11kv SIAU,Unplanned,Closed,2026-05-11T09:36:00Z,2026-05-11T11:06:38Z,90
1837540,Border,CITY AMRITSAR,SUBHASH PARK,Planned,Active,2026-05-11T09:36:00Z,2026-05-11T13:00:00Z,204
1839004,Border,SUB URBAN AMRITSAR,NAG KALAN URBAN,Unplanned,Active,2026-05-11T09:32:07Z,2026-05-11T10:27:47Z,55
1839019,Border,SUB URBAN AMRITSAR,Ranjit Avenue B block,Unplanned,Active,2026-05-11T09:31:00Z,2026-05-11T14:00:00Z,269
1839001,West,BATHINDA,SHAKTI VIHAR,Planned,Closed,2026-05-11T09:31:00Z,2026-05-11T10:41:00Z,70
1839122,Border,GURDASPUR,Focal Point,Unplanned,Active,2026-05-11T09:30:00Z,2026-05-11T13:00:00Z,210
1839121,Border,GURDASPUR,LOHCHAP,Unplanned,Active,2026-05-11T09:30:00Z,2026-05-11T13:00:00Z,210
1839120,Border,GURDASPUR,SEKHWAN,Unplanned,Closed,2026-05-11T09:30:00Z,2026-05-11T11:15:00Z,105
1839119,Border,GURDASPUR,JOGI CHEEMA,Unplanned,Active,2026-05-11T09:30:00Z,2026-05-11T13:00:00Z,210
1839081,West,MUKATSAR,RORAANWALI  (UPS),Unplanned,Active,2026-05-11T09:30:00Z,2026-05-11T14:00:00Z,270
1839046,Border,GURDASPUR,BIDHIPUR,Unplanned,Closed,2026-05-11T09:30:00Z,2026-05-11T10:45:00Z,75
1839039,Border,GURDASPUR,SAHARI,Unplanned,Closed,2026-05-11T09:30:00Z,2026-05-11T09:56:00Z,26
1839035,Border,GURDASPUR,KALER,Unplanned,Closed,2026-05-11T09:30:00Z,2026-05-11T09:56:00Z,26
1839033,Border,GURDASPUR,KHUNDA,Unplanned,Closed,2026-05-11T09:30:00Z,2026-05-11T09:54:00Z,24
1839030,Border,GURDASPUR,SOHAL,Unplanned,Closed,2026-05-11T09:30:00Z,2026-05-11T09:50:00Z,20
1839024,South,PATIALA,11 KV AP NOOR KHERIAN,Unplanned,Closed,2026-05-11T09:30:00Z,2026-05-11T10:08:59Z,38
1838975,North,HOSHIARPUR,Model Town,Planned,Closed,2026-05-11T09:30:00Z,2026-05-11T10:25:00Z,55
1838964,South,PATIALA,Ekta Vihar,Planned,Closed,2026-05-11T09:30:00Z,2026-05-11T11:40:00Z,130
1839040,West,BATHINDA,Kalewander,Planned,Active,2026-05-11T09:29:00Z,2026-05-11T13:00:00Z,211
1839037,West,BATHINDA,BHAGI VANDER,Planned,Active,2026-05-11T09:29:00Z,2026-05-11T13:00:00Z,211
1839034,West,BATHINDA,LOCAL FEEDER,Planned,Active,2026-05-11T09:29:00Z,2026-05-11T13:00:00Z,211
1839043,West,FARIDKOT,11 KV Kalgidhar ups,Unplanned,Closed,2026-05-11T09:28:00Z,2026-05-11T10:39:24Z,71
1839002,Central,CITY EAST LUDHIANA,BAL SINGH NAGAR,Unplanned,Closed,2026-05-11T09:28:00Z,2026-05-11T10:29:00Z,61
1837660,Border,CITY AMRITSAR,11 KV SAHIBZADA FATEH SINGH,Planned,Active,2026-05-11T09:28:00Z,2026-05-11T13:00:00Z,212
1839010,West,MUKATSAR,BAHAVAL BASI,Unplanned,Closed,2026-05-11T09:27:00Z,2026-05-11T11:17:00Z,110
1839006,West,MUKATSAR,Dhani Sucha Singh (Old Chakra),Unplanned,Closed,2026-05-11T09:24:00Z,2026-05-11T09:52:00Z,28
1838994,Central,CITY EAST LUDHIANA,JAIL ROAD,Unplanned,Closed,2026-05-11T09:21:00Z,2026-05-11T10:28:00Z,67
1838996,Central,CITY WEST LUDHIANA,Kiran Vihar,Planned,Closed,2026-05-11T09:20:45Z,2026-05-11T10:23:15Z,62
1838997,South,SANGRUR,Chhajli road,Unplanned,Closed,2026-05-11T09:20:08Z,2026-05-11T10:05:42Z,45
1839003,East,ROPAR,Jhangrian,Unplanned,Closed,2026-05-11T09:20:00Z,2026-05-11T09:48:00Z,28
1838998,West,FARIDKOT,11 KV NIHAL SINGH WALA CAT-01,Unplanned,Active,2026-05-11T09:15:00Z,2026-05-11T11:00:00Z,105
1839155,South,BARNALA,NAIWALA UPS,Unplanned,Active,2026-05-11T09:13:00Z,2026-05-11T12:00:00Z,167
1838990,North,NAWANSHAHR,JADALI,Unplanned,Closed,2026-05-11T09:12:00Z,2026-05-11T10:10:00Z,58
1838995,East,ROPAR,11KV CGC JHANJHERI,Unplanned,Closed,2026-05-11T09:10:00Z,2026-05-11T10:27:00Z,77
1838992,Border,GURDASPUR,Attepur,Planned,Active,2026-05-11T09:10:00Z,2026-05-11T13:00:00Z,230
1839065,North,JALANDHAR,SUNRA,Unplanned,Closed,2026-05-11T09:05:00Z,2026-05-11T11:00:00Z,115
1839009,Border,CITY AMRITSAR,11 KV Bhagtawala,Planned,Active,2026-05-11T09:05:00Z,2026-05-11T13:00:00Z,235
1839008,Border,CITY AMRITSAR,11 KV Namak Mandi,Planned,Active,2026-05-11T09:05:00Z,2026-05-11T13:00:00Z,235
1839007,Border,CITY AMRITSAR,11 KV Peer Shah Road,Planned,Active,2026-05-11T09:05:00Z,2026-05-11T13:00:00Z,235
1839005,Border,CITY AMRITSAR,11 KV Akara Kallu,Planned,Active,2026-05-11T09:05:00Z,2026-05-11T13:00:00Z,235
1838987,Border,GURDASPUR,Basrawan,Unplanned,Closed,2026-05-11T09:05:00Z,2026-05-11T10:30:00Z,85
1838985,Border,CITY AMRITSAR,LAKKAR MANDI,Unplanned,Closed,2026-05-11T09:04:00Z,2026-05-11T09:50:00Z,46
1838993,East,MOHALI,CHANGERA AP,Unplanned,Closed,2026-05-11T09:01:00Z,2026-05-11T10:09:09Z,68
1838972,Border,CITY AMRITSAR,11kV Gaushala Focal Point,Planned,Active,2026-05-11T09:00:46Z,2026-05-11T13:00:46Z,240
1838971,Border,CITY AMRITSAR,11kV Garden Enclave,Planned,Active,2026-05-11T09:00:46Z,2026-05-11T13:00:46Z,240
1838970,Border,CITY AMRITSAR,Byepass,Planned,Active,2026-05-11T09:00:46Z,2026-05-11T13:00:46Z,240
1838969,Border,CITY AMRITSAR,Bhai Laloji Nagar,Planned,Active,2026-05-11T09:00:46Z,2026-05-11T13:00:46Z,240
1837688,West,FARIDKOT,SUNDER NAGAR,Planned,Active,2026-05-11T09:00:43Z,2026-05-11T13:00:43Z,240
1837687,West,FARIDKOT,BABA TULSI DASS   (URBAN-11 kik),Planned,Active,2026-05-11T09:00:43Z,2026-05-11T13:00:43Z,240
1837686,West,FARIDKOT,11KV SIDHU FARM URBAN,Planned,Active,2026-05-11T09:00:43Z,2026-05-11T13:00:43Z,240
1837685,West,FARIDKOT,11 KV GAGRA UPS,Planned,Active,2026-05-11T09:00:43Z,2026-05-11T13:00:43Z,240
1837684,West,FARIDKOT,KOT ISE KHAN,Planned,Active,2026-05-11T09:00:43Z,2026-05-11T13:00:43Z,240
1837577,South,SANGRUR,Kaimpur UPS (GRID DIRBA),Planned,Active,2026-05-11T09:00:38Z,2026-05-11T13:00:38Z,240
1837576,South,SANGRUR,SANGRUR ROAD DIRBA,Planned,Active,2026-05-11T09:00:38Z,2026-05-11T13:00:38Z,240
1837575,South,SANGRUR,TOORBANJARA UPS,Planned,Active,2026-05-11T09:00:38Z,2026-05-11T13:00:38Z,240
1837574,South,SANGRUR,Dirba Urban,Planned,Active,2026-05-11T09:00:38Z,2026-05-11T13:00:38Z,240
1837573,South,SANGRUR,11KV Patran Road Industry Feed,Planned,Active,2026-05-11T09:00:38Z,2026-05-11T13:00:38Z,240
1837554,Border,CITY AMRITSAR,11 kv shaheed udam singh nagar,Planned,Closed,2026-05-11T09:00:09Z,2026-05-11T11:35:09Z,155
1837553,Border,CITY AMRITSAR,11 kv B.D.S FEEDER,Planned,Closed,2026-05-11T09:00:09Z,2026-05-11T11:35:09Z,155
1837552,Border,CITY AMRITSAR,BIBI KAULAN JI,Planned,Closed,2026-05-11T09:00:09Z,2026-05-11T11:35:09Z,155
1837551,Border,CITY AMRITSAR,GURNAM NAGAR,Planned,Active,2026-05-11T09:00:09Z,2026-05-11T11:00:09Z,120
1837550,Border,CITY AMRITSAR,BHAI MANJ ROAD,Planned,Closed,2026-05-11T09:00:09Z,2026-05-11T11:35:09Z,155
1837549,Border,CITY AMRITSAR,Guru Arjan Dev nagar,Planned,Closed,2026-05-11T09:00:09Z,2026-05-11T11:35:09Z,155
1837548,Border,CITY AMRITSAR,Friends Colony,Planned,Closed,2026-05-11T09:00:09Z,2026-05-11T11:35:09Z,155
1837619,Border,SUB URBAN AMRITSAR,11 Kv Shere Punjab Avenue,Planned,Closed,2026-05-11T09:00:05Z,2026-05-11T10:00:05Z,60
1837616,Border,SUB URBAN AMRITSAR,VEER GARDEN,Planned,Closed,2026-05-11T09:00:05Z,2026-05-11T10:00:05Z,60
1839184,Border,GURDASPUR,SIDHWAN,Unplanned,Active,2026-05-11T09:00:00Z,2026-05-11T14:00:00Z,300
1839182,Border,GURDASPUR,GHUMAN,Unplanned,Active,2026-05-11T09:00:00Z,2026-05-11T14:00:00Z,300
1839181,Border,GURDASPUR,UPPAL,Unplanned,Active,2026-05-11T09:00:00Z,2026-05-11T14:00:00Z,300
1839178,Border,GURDASPUR,BULEWAL,Unplanned,Active,2026-05-11T09:00:00Z,2026-05-11T14:00:00Z,300
1839174,Border,GURDASPUR,SATKOHA,Unplanned,Active,2026-05-11T09:00:00Z,2026-05-11T14:00:00Z,300
1838984,Central,CITY WEST LUDHIANA,AZAD NAGAR FEEDER,Unplanned,Closed,2026-05-11T09:00:00Z,2026-05-11T09:30:00Z,30
1838982,Border,GURDASPUR,Greater Kailash,Unplanned,Closed,2026-05-11T09:00:00Z,2026-05-11T10:15:00Z,75
1838978,Border,CITY AMRITSAR,Bhai  Ghaniyia ji,Planned,Active,2026-05-11T09:00:00Z,2026-05-11T11:00:00Z,120
1838977,Border,CITY AMRITSAR,11kV Diamond Estate,Planned,Active,2026-05-11T09:00:00Z,2026-05-11T11:00:00Z,120
1838976,Border,CITY AMRITSAR,BABA DEEP SINGH,Planned,Active,2026-05-11T09:00:00Z,2026-05-11T11:00:00Z,120
1838974,Border,CITY AMRITSAR,ATTARI SAHIB,Planned,Active,2026-05-11T09:00:00Z,2026-05-11T11:00:00Z,120
1838953,North,JALANDHAR,SHAKTI NAGAR,Planned,Active,2026-05-11T09:00:00Z,2026-05-11T13:00:00Z,240
1838949,North,JALANDHAR,Rainak Bazar,Planned,Active,2026-05-11T09:00:00Z,2026-05-11T13:00:00Z,240
1838944,North,JALANDHAR,ADARSH NAGAR,Planned,Active,2026-05-11T09:00:00Z,2026-05-11T13:00:00Z,240
1838941,North,JALANDHAR,M.G.N,Planned,Active,2026-05-11T09:00:00Z,2026-05-11T13:00:00Z,240
1837668,South,BARNALA,Patti Road City,Planned,Active,2026-05-11T09:00:00Z,2026-05-11T13:00:00Z,240
1837667,South,BARNALA,11kv D Mart,Planned,Active,2026-05-11T09:00:00Z,2026-05-11T13:00:00Z,240
1837666,South,BARNALA,STANDARD COMBINES,Planned,Active,2026-05-11T09:00:00Z,2026-05-11T13:00:00Z,240
1837665,South,BARNALA,Mansa Road,Planned,Active,2026-05-11T09:00:00Z,2026-05-11T13:00:00Z,240
1837663,South,BARNALA,HANDIAYA URBAN,Planned,Active,2026-05-11T09:00:00Z,2026-05-11T13:00:00Z,240
1837547,Border,CITY AMRITSAR,MAHINDERA COLONY,Planned,Active,2026-05-11T09:00:00Z,2026-05-11T13:00:00Z,240
1837546,Border,CITY AMRITSAR,KENNEDY AVENUE,Planned,Active,2026-05-11T09:00:00Z,2026-05-11T13:00:00Z,240
1836790,Border,CITY AMRITSAR,New Amritsar,Planned,Active,2026-05-11T09:00:00Z,2026-05-11T13:00:00Z,240
1836788,Border,CITY AMRITSAR,GT road,Planned,Active,2026-05-11T09:00:00Z,2026-05-11T13:00:00Z,240
1836787,Border,CITY AMRITSAR,Kapoor Nagar,Planned,Active,2026-05-11T09:00:00Z,2026-05-11T13:00:00Z,240
1836785,Border,CITY AMRITSAR,11 KV DABURJI,Planned,Active,2026-05-11T09:00:00Z,2026-05-11T13:00:00Z,240
1836784,Border,CITY AMRITSAR,BABA BUDHA JI,Planned,Active,2026-05-11T09:00:00Z,2026-05-11T13:00:00Z,240
1836782,Border,CITY AMRITSAR,11 KV SULTANWIND-1,Planned,Active,2026-05-11T09:00:00Z,2026-05-11T13:00:00Z,240
1836780,Border,CITY AMRITSAR,11Kv NEW GOLDEN AVENUE,Planned,Active,2026-05-11T09:00:00Z,2026-05-11T13:00:00Z,240
1836778,Border,CITY AMRITSAR,Gobind Nagar,Planned,Active,2026-05-11T09:00:00Z,2026-05-11T13:00:00Z,240
1836777,Border,CITY AMRITSAR,Head Water Works Road,Planned,Active,2026-05-11T09:00:00Z,2026-05-11T13:00:00Z,240
1836776,Border,CITY AMRITSAR,HUSSAINPURA,Planned,Active,2026-05-11T09:00:00Z,2026-05-11T13:00:00Z,240
1836442,Border,CITY AMRITSAR,NEW DHAB BASTI RAM,Planned,Active,2026-05-11T09:00:00Z,2026-05-11T13:00:00Z,240
1836421,Border,CITY AMRITSAR,Dilbagh Nagar,Planned,Active,2026-05-11T09:00:00Z,2026-05-11T13:00:00Z,240
1836420,Border,CITY AMRITSAR,Mohan Rice Mills,Planned,Active,2026-05-11T09:00:00Z,2026-05-11T13:00:00Z,240
1836414,Border,CITY AMRITSAR,SERVER PURA,Planned,Active,2026-05-11T09:00:00Z,2026-05-11T13:00:00Z,240
1836413,Border,CITY AMRITSAR,s.g.r.dental research,Planned,Active,2026-05-11T09:00:00Z,2026-05-11T13:00:00Z,240
1836412,Border,CITY AMRITSAR,EAST MOHAN NAGAR,Planned,Active,2026-05-11T09:00:00Z,2026-05-11T13:00:00Z,240
1838980,West,FARIDKOT,UPS No.2 FGP,Unplanned,Closed,2026-05-11T08:58:20Z,2026-05-11T11:33:06Z,154
1838983,North,HOSHIARPUR,UPS katrala,Unplanned,Closed,2026-05-11T08:55:00Z,2026-05-11T09:20:00Z,25
1838981,North,KAPURTHALA,UPS MODEL TOWN,Unplanned,Closed,2026-05-11T08:54:00Z,2026-05-11T09:30:00Z,36
1838986,East,ROPAR,HIYATPUR,Unplanned,Closed,2026-05-11T08:53:00Z,2026-05-11T09:56:00Z,63
1838989,Border,TARN TARAN,Khadoor Sahib URBAN.,Unplanned,Closed,2026-05-11T08:52:00Z,2026-05-11T10:30:00Z,98
1838988,Border,TARN TARAN,JAWANDY,Unplanned,Closed,2026-05-11T08:50:00Z,2026-05-11T09:25:00Z,35
1838968,Border,CITY AMRITSAR,Gilwalii Gate,Planned,Active,2026-05-11T08:48:00Z,2026-05-11T12:00:00Z,192
1838979,Border,SUB URBAN AMRITSAR,Sawdeshi Korean,Unplanned,Closed,2026-05-11T08:45:00Z,2026-05-11T10:08:00Z,83
1838966,North,JALANDHAR,NEW JAWAHAR NAGAR,Unplanned,Closed,2026-05-11T08:42:00Z,2026-05-11T09:55:00Z,73
1838973,South,SANGRUR,MEHLAN UPS,Unplanned,Closed,2026-05-11T08:40:00Z,2026-05-11T11:15:00Z,155
1838967,East,Zirakpur,PEER BABA ROAD,Unplanned,Closed,2026-05-11T08:40:00Z,2026-05-11T09:05:00Z,25
1838961,North,JALANDHAR,11KV UDESIAN,Unplanned,Closed,2026-05-11T08:40:00Z,2026-05-11T09:10:00Z,30
1838955,West,MUKATSAR,11 KV KIKKER KHERA,Unplanned,Closed,2026-05-11T08:35:51Z,2026-05-11T09:05:17Z,29
1838954,West,MUKATSAR,11 KV KILLIANWALI,Unplanned,Closed,2026-05-11T08:35:30Z,2026-05-11T09:05:39Z,30
1838965,North,JALANDHAR,Kot kala,Unplanned,Closed,2026-05-11T08:35:00Z,2026-05-11T09:50:00Z,75
1838958,Central,CITY WEST LUDHIANA,BDS Nagar,Unplanned,Closed,2026-05-11T08:34:16Z,2026-05-11T08:58:50Z,24
1838948,Border,SUB URBAN AMRITSAR,Industry NAG,Unplanned,Closed,2026-05-11T08:30:42Z,2026-05-11T09:15:57Z,45
1839102,North,JALANDHAR,BADALA,Unplanned,Closed,2026-05-11T08:30:00Z,2026-05-11T11:15:00Z,165
1838991,South,PATIALA,11 KV CHALELA NEW,Unplanned,Closed,2026-05-11T08:30:00Z,2026-05-11T11:25:32Z,175
1838963,North,HOSHIARPUR,Tanda City,Unplanned,Closed,2026-05-11T08:30:00Z,2026-05-11T10:05:00Z,95
1838960,Border,GURDASPUR,THEKERIWAL,Unplanned,Closed,2026-05-11T08:30:00Z,2026-05-11T10:10:00Z,100
1838959,Border,GURDASPUR,I.T.I,Unplanned,Closed,2026-05-11T08:30:00Z,2026-05-11T10:10:00Z,100
1838947,West,MUKATSAR,11 KV GANGA NAGAR ROAD,Unplanned,Closed,2026-05-11T08:30:00Z,2026-05-11T09:05:59Z,35
1838957,Border,GURDASPUR,Gorsiya,Unplanned,Active,2026-05-11T08:26:00Z,2026-05-11T11:00:00Z,154
1838943,Central,CITY WEST LUDHIANA,BUS STAND,Unplanned,Closed,2026-05-11T08:25:07Z,2026-05-11T08:56:04Z,30
1838950,Border,GURDASPUR,Pangoli,Unplanned,Active,2026-05-11T08:25:00Z,2026-05-11T12:00:00Z,215
1838942,Central,CITY WEST LUDHIANA,GURU NANAK STREET FEEDER,Unplanned,Closed,2026-05-11T08:25:00Z,2026-05-11T09:01:00Z,36
1838940,North,JALANDHAR,Pandori,Unplanned,Closed,2026-05-11T08:25:00Z,2026-05-11T09:02:00Z,37
1838938,Border,GURDASPUR,Rattangarh,Planned,Closed,2026-05-11T08:23:49Z,2026-05-11T10:19:01Z,115
1838936,Border,GURDASPUR,ARYA NAGAR,Unplanned,Closed,2026-05-11T08:22:00Z,2026-05-11T10:01:00Z,99
1838930,West,MUKATSAR,11 KV SAIDANWALI,Unplanned,Active,2026-05-11T08:20:49Z,2026-05-11T12:00:14Z,219
1838951,North,JALANDHAR,FATEHGARH,Unplanned,Closed,2026-05-11T08:20:00Z,2026-05-11T08:50:00Z,30
1838946,North,KAPURTHALA,UPS METLA,Unplanned,Active,2026-05-11T08:15:00Z,2026-05-11T12:00:00Z,225
1838935,North,KAPURTHALA,UPS BHANDAL,Unplanned,Active,2026-05-11T08:15:00Z,2026-05-11T14:00:00Z,345
1838934,North,KAPURTHALA,UPS HOTHIAN,Unplanned,Active,2026-05-11T08:15:00Z,2026-05-11T14:00:00Z,345
1838933,North,KAPURTHALA,URBAN DHILWAN,Unplanned,Closed,2026-05-11T08:15:00Z,2026-05-11T09:30:00Z,75
1838931,East,ROPAR,11 KV Kakrala,Unplanned,Closed,2026-05-11T08:15:00Z,2026-05-11T08:43:00Z,28
1838927,West,MUKATSAR,11 KV Sappan wali,Unplanned,Closed,2026-05-11T08:10:50Z,2026-05-11T08:30:09Z,19
1838962,Border,TARN TARAN,24 HRS UPS,Unplanned,Closed,2026-05-11T08:10:25Z,2026-05-11T09:41:29Z,91
1838926,Central,KHANNA,Shastri Nagar,Unplanned,Closed,2026-05-11T08:09:00Z,2026-05-11T08:40:00Z,31
1838956,Border,GURDASPUR,Sathiali 24 hrs.,Unplanned,Active,2026-05-11T08:02:00Z,2026-05-11T11:00:00Z,178
1838952,Border,GURDASPUR,11 K.V UPS Balwanda,Unplanned,Closed,2026-05-11T08:01:00Z,2026-05-11T10:45:00Z,164
1836238,East,ROPAR,Rangeel Pur,Planned,Active,2026-05-11T08:00:00Z,2026-05-11T12:00:00Z,240
1836235,East,ROPAR,11KV Mega Star,Planned,Closed,2026-05-11T08:00:00Z,2026-05-11T11:50:00Z,230
1836234,East,ROPAR,Majri Jattan,Planned,Active,2026-05-11T08:00:00Z,2026-05-11T12:00:00Z,240
1836233,East,ROPAR,Gobind Valley,Planned,Closed,2026-05-11T08:00:00Z,2026-05-11T11:45:00Z,225
1838929,North,KAPURTHALA,Fatehgarh,Unplanned,Closed,2026-05-11T07:50:00Z,2026-05-11T09:05:00Z,75
1838928,North,KAPURTHALA,UPS FEROZESANGOWAL,Unplanned,Closed,2026-05-11T07:50:00Z,2026-05-11T10:15:00Z,145
1838921,West,BATHINDA,CHAK UPS,Unplanned,Closed,2026-05-11T07:50:00Z,2026-05-11T08:15:00Z,25
1838920,East,MOHALI,RATWARA SAHIB,Unplanned,Closed,2026-05-11T07:48:00Z,2026-05-11T09:46:00Z,118
1838919,North,NAWANSHAHR,Achan Chak,Unplanned,Closed,2026-05-11T07:38:00Z,2026-05-11T07:59:00Z,21
1838910,North,KAPURTHALA,UPS Seowal,Unplanned,Closed,2026-05-11T07:37:00Z,2026-05-11T07:52:00Z,15
1838923,South,BARNALA,11 KV UPS KHIALI,Planned,Closed,2026-05-11T07:35:00Z,2026-05-11T08:20:00Z,45
1838922,South,BARNALA,WAZIDKE 24 HRS,Planned,Closed,2026-05-11T07:35:00Z,2026-05-11T08:20:00Z,45
1838911,Border,GURDASPUR,Jafferwal,Unplanned,Closed,2026-05-11T07:35:00Z,2026-05-11T09:15:00Z,100
1838908,Border,GURDASPUR,Pioneer Agro,Unplanned,Active,2026-05-11T07:35:00Z,2026-05-11T12:00:00Z,265
1838917,North,HOSHIARPUR,LACHOWAL,Unplanned,Closed,2026-05-11T07:33:00Z,2026-05-11T08:45:00Z,72
1838916,North,HOSHIARPUR,BAINS KHURD,Unplanned,Closed,2026-05-11T07:33:00Z,2026-05-11T08:40:00Z,67
1838915,North,HOSHIARPUR,FOCAL POINT,Unplanned,Closed,2026-05-11T07:33:00Z,2026-05-11T09:10:00Z,97
1838914,North,HOSHIARPUR,PURHIRAN URBAN,Unplanned,Closed,2026-05-11T07:33:00Z,2026-05-11T08:30:00Z,57
1838906,North,KAPURTHALA,Gobind Nagar,Unplanned,Closed,2026-05-11T07:29:00Z,2026-05-11T09:05:00Z,96
1838912,South,PATIALA,UPS ROHTA SAHIB,Unplanned,Closed,2026-05-11T07:27:00Z,2026-05-11T08:51:00Z,84
1838903,North,JALANDHAR,11 KV BHAGAT SINGH COLONY,Unplanned,Closed,2026-05-11T07:26:00Z,2026-05-11T07:55:00Z,29
1838937,Central,CITY EAST LUDHIANA,TAJPUR ROAD,Unplanned,Closed,2026-05-11T07:25:00Z,2026-05-11T08:40:00Z,75
1838918,North,JALANDHAR,LOHARAN,Unplanned,Closed,2026-05-11T07:25:00Z,2026-05-11T11:45:00Z,260
1838905,North,HOSHIARPUR,Tanda City,Unplanned,Closed,2026-05-11T07:25:00Z,2026-05-11T08:15:00Z,50
1838902,South,PATIALA,11KV REETHKHERI NEW,Unplanned,Closed,2026-05-11T07:20:00Z,2026-05-11T09:30:25Z,130
1838900,Border,GURDASPUR,Azizpur,Unplanned,Active,2026-05-11T07:17:00Z,2026-05-11T13:00:00Z,343
1838913,North,JALANDHAR,FATEHGARH,Unplanned,Closed,2026-05-11T07:15:00Z,2026-05-11T08:01:00Z,46
1838901,Border,GURDASPUR,Anandpur Road,Unplanned,Closed,2026-05-11T07:15:00Z,2026-05-11T07:41:00Z,26
1838925,South,SANGRUR,11 KV TAKIPUR AP,Unplanned,Closed,2026-05-11T07:10:25Z,2026-05-11T08:42:00Z,91
1838898,West,FEROZPUR,11 KV Delhi Gate,Unplanned,Closed,2026-05-11T07:09:04Z,2026-05-11T07:55:04Z,46
1838897,West,FEROZPUR,CENTRAL JAIL,Unplanned,Closed,2026-05-11T07:09:04Z,2026-05-11T07:55:04Z,46
1838896,West,FEROZPUR,Dhawan Colony,Unplanned,Closed,2026-05-11T07:09:04Z,2026-05-11T07:55:04Z,46
1838895,West,FEROZPUR,11 NAMDEV CHAUNK URBAN,Unplanned,Closed,2026-05-11T07:09:04Z,2026-05-11T07:55:04Z,46
1838894,West,FEROZPUR,ZILA PARISHAD,Unplanned,Closed,2026-05-11T07:09:04Z,2026-05-11T07:55:04Z,46
1838893,West,FEROZPUR,BAGDADI GATE,Unplanned,Closed,2026-05-11T07:09:04Z,2026-05-11T07:55:04Z,46
1838892,West,FEROZPUR,RAILWAY,Unplanned,Closed,2026-05-11T07:09:04Z,2026-05-11T07:55:04Z,46
1838891,Border,GURDASPUR,MUGRALA,Unplanned,Closed,2026-05-11T07:08:00Z,2026-05-11T10:50:00Z,222
1838939,South,BARNALA,UPS DULMAN,Unplanned,Closed,2026-05-11T07:05:00Z,2026-05-11T09:38:00Z,153
1838904,West,MUKATSAR,Railway Road,Unplanned,Closed,2026-05-11T07:05:00Z,2026-05-11T07:35:00Z,30
1838932,Central,CITY EAST LUDHIANA,Kashmir Nagar,Unplanned,Closed,2026-05-11T07:00:00Z,2026-05-11T08:40:00Z,100
1838899,East,ROPAR,11 KV Khamano,Unplanned,Closed,2026-05-11T07:00:00Z,2026-05-11T08:14:00Z,74
1838909,East,MOHALI,SEC-77,Unplanned,Closed,2026-05-11T06:59:00Z,2026-05-11T08:21:00Z,82
1838890,Border,GURDASPUR,Thireawal UPS feeder,Unplanned,Closed,2026-05-11T06:55:00Z,2026-05-11T10:30:00Z,215
1838907,South,BARNALA,Block Road Cat-1,Unplanned,Closed,2026-05-11T06:50:00Z,2026-05-11T08:30:00Z,100
1838885,North,JALANDHAR,LADHAYWALI,Unplanned,Closed,2026-05-11T06:45:00Z,2026-05-11T07:42:00Z,57
1838884,North,JALANDHAR,ME LAB,Unplanned,Closed,2026-05-11T06:45:00Z,2026-05-11T07:42:00Z,57
1838882,North,HOSHIARPUR,11KV MILK PLANT,Unplanned,Closed,2026-05-11T06:38:00Z,2026-05-11T07:05:00Z,27
1838880,North,KAPURTHALA,UPS Pipli,Unplanned,Closed,2026-05-11T06:37:00Z,2026-05-11T07:46:00Z,69
1838881,North,HOSHIARPUR,DASUYA1,Unplanned,Closed,2026-05-11T06:36:00Z,2026-05-11T07:20:00Z,44
1838883,West,MUKATSAR,11 KV SARDARPURA UPS,Unplanned,Closed,2026-05-11T06:30:00Z,2026-05-11T07:05:00Z,35
1838875,South,BARNALA,DHAULA Cat-1,Unplanned,Closed,2026-05-11T06:30:00Z,2026-05-11T07:55:00Z,85
1838872,Border,CITY AMRITSAR,New Amritsar,Unplanned,Closed,2026-05-11T06:28:00Z,2026-05-11T07:22:00Z,54
1838869,North,KAPURTHALA,KARTARPUR ROAD URBAN,Unplanned,Closed,2026-05-11T06:19:00Z,2026-05-11T07:12:00Z,53
1838870,West,MUKATSAR,11 KV Punjava Model,Unplanned,Closed,2026-05-11T06:18:00Z,2026-05-11T06:57:00Z,39
1838879,Border,GURDASPUR,11kv UPS Khoje wal,Unplanned,Closed,2026-05-11T06:13:00Z,2026-05-11T08:13:00Z,120
1838878,Border,GURDASPUR,Bauli Inderjit,Unplanned,Active,2026-05-11T06:12:00Z,2026-05-11T13:00:00Z,408
1838877,Border,GURDASPUR,Malave de Kothi,Unplanned,Closed,2026-05-11T06:12:00Z,2026-05-11T09:20:00Z,188
1838876,Border,GURDASPUR,24 hrs chahal kalan,Unplanned,Active,2026-05-11T06:10:00Z,2026-05-11T13:00:00Z,410
1838868,West,FARIDKOT,SARAWAN URBAN,Unplanned,Closed,2026-05-11T06:03:00Z,2026-05-11T07:25:30Z,82
1838863,East,Zirakpur,11KV  SUSHMA,Unplanned,Closed,2026-05-11T06:03:00Z,2026-05-11T07:18:00Z,75
1838887,Border,GURDASPUR,Saidipur,Unplanned,Closed,2026-05-11T06:00:00Z,2026-05-11T08:04:00Z,124
1838864,South,BARNALA,CAT1-CHANNANWAL,Unplanned,Closed,2026-05-11T06:00:00Z,2026-05-11T09:00:00Z,180
1838858,West,FEROZPUR,DANA MANDI,Unplanned,Closed,2026-05-11T06:00:00Z,2026-05-11T08:25:00Z,145
1838874,West,FARIDKOT,11 KV MUDKI ROAD CAT-02,Unplanned,Active,2026-05-11T05:57:00Z,2026-05-11T08:00:00Z,123
1838862,Central,KHANNA,Kishangarh,Unplanned,Closed,2026-05-11T05:55:00Z,2026-05-11T06:25:00Z,30
1838866,East,MOHALI,Sec 56,Unplanned,Closed,2026-05-11T05:52:00Z,2026-05-11T06:13:19Z,21
1838861,West,MUKATSAR,11 KV Sappan wali,Unplanned,Closed,2026-05-11T05:52:00Z,2026-05-11T07:19:00Z,87
1838860,West,MUKATSAR,DALMIR KHERA,Unplanned,Closed,2026-05-11T05:52:00Z,2026-05-11T07:18:00Z,86
1838859,West,MUKATSAR,DAULATPURA UPS,Unplanned,Closed,2026-05-11T05:51:00Z,2026-05-11T08:07:00Z,136
1838857,Central,CITY WEST LUDHIANA,Dandi Swami,Unplanned,Closed,2026-05-11T05:50:00Z,2026-05-11T06:49:12Z,59
1838888,Border,GURDASPUR,24Hrs MALO GILL,Unplanned,Closed,2026-05-11T05:46:00Z,2026-05-11T09:25:00Z,219
1838886,Border,GURDASPUR,24Hrs MIR KACHANA,Unplanned,Closed,2026-05-11T05:45:00Z,2026-05-11T06:56:00Z,71
1838855,Border,GURDASPUR,Mata Sulakhni Ji,Planned,Closed,2026-05-11T05:42:00Z,2026-05-11T06:10:00Z,28
1838856,South,PATIALA,11 KV RASULPUR,Unplanned,Closed,2026-05-11T05:40:00Z,2026-05-11T10:05:29Z,265
1838854,South,PATIALA,SALARIA VIHAR,Unplanned,Closed,2026-05-11T05:38:00Z,2026-05-11T06:28:55Z,50
1838848,Border,GURDASPUR,11 KV Said Mubarak,Unplanned,Closed,2026-05-11T05:34:46Z,2026-05-11T07:18:01Z,103
1838873,Border,SUB URBAN AMRITSAR,City 1,Unplanned,Closed,2026-05-11T05:30:00Z,2026-05-11T06:45:00Z,75
1838853,West,FARIDKOT,Jiwanwala,Unplanned,Closed,2026-05-11T05:30:00Z,2026-05-11T07:07:18Z,97
1838847,South,PATIALA,Thuhi Road,Unplanned,Closed,2026-05-11T05:25:00Z,2026-05-11T08:00:00Z,155
1838845,Border,GURDASPUR,Model Town,Unplanned,Closed,2026-05-11T05:25:00Z,2026-05-11T06:30:00Z,65
1838852,West,FARIDKOT,chaina,Unplanned,Closed,2026-05-11T05:23:28Z,2026-05-11T06:54:21Z,90
1838841,Border,GURDASPUR,Sunder Nagar,Unplanned,Closed,2026-05-11T05:23:00Z,2026-05-11T06:30:00Z,67
1838833,East,MOHALI,11 KV Kansal,Unplanned,Closed,2026-05-11T05:16:00Z,2026-05-11T05:46:42Z,30
1838832,North,JALANDHAR,CHURCH,Unplanned,Closed,2026-05-11T05:10:00Z,2026-05-11T05:25:00Z,15
1838865,East,MOHALI,11KV DHARAMGARH UPS,Unplanned,Closed,2026-05-11T05:05:00Z,2026-05-11T06:45:00Z,100
1838844,East,Zirakpur,LALRU RURAL  Kandi Pure AP,Unplanned,Closed,2026-05-11T05:00:00Z,2026-05-11T06:55:00Z,115
1838843,East,Zirakpur,Jalalpur Kandi Pure AP,Unplanned,Closed,2026-05-11T05:00:00Z,2026-05-11T06:55:00Z,115
1838823,North,HOSHIARPUR,HARKOWAL,Unplanned,Closed,2026-05-11T05:00:00Z,2026-05-11T07:00:00Z,120
1838821,North,HOSHIARPUR,MUKHLANA,Unplanned,Closed,2026-05-11T05:00:00Z,2026-05-11T08:40:00Z,220
1838820,North,HOSHIARPUR,Tajowal,Unplanned,Closed,2026-05-11T05:00:00Z,2026-05-11T08:45:00Z,225
1838818,North,HOSHIARPUR,MANA,Unplanned,Closed,2026-05-11T05:00:00Z,2026-05-11T08:30:00Z,210
1838814,Central,CITY WEST LUDHIANA,KUNDAN WOOD,Unplanned,Closed,2026-05-11T05:00:00Z,2026-05-11T05:50:00Z,50
1838810,North,KAPURTHALA,Gobind Nagar,Unplanned,Closed,2026-05-11T04:56:00Z,2026-05-11T06:34:00Z,98
1838808,North,KAPURTHALA,URBAN Malsian,Unplanned,Closed,2026-05-11T04:56:00Z,2026-05-11T05:11:00Z,15
1838842,East,Zirakpur,Jastna Kandi Pure AP,Unplanned,Closed,2026-05-11T04:55:00Z,2026-05-11T06:50:00Z,115
1838840,East,Zirakpur,Sarsini Kandi Pure AP,Unplanned,Closed,2026-05-11T04:55:00Z,2026-05-11T07:10:00Z,135
1838839,East,Zirakpur,11 KV NAGLA KANDI PURE AP,Unplanned,Closed,2026-05-11T04:55:00Z,2026-05-11T06:30:00Z,95
1838838,East,Zirakpur,KHELAN,Unplanned,Closed,2026-05-11T04:55:00Z,2026-05-11T06:25:00Z,90
1838837,East,Zirakpur,11KV MAHLAN,Unplanned,Closed,2026-05-11T04:55:00Z,2026-05-11T06:25:00Z,90
1838836,East,Zirakpur,RANI MAJRA,Unplanned,Closed,2026-05-11T04:55:00Z,2026-05-11T06:35:00Z,100
1838816,Border,GURDASPUR,dakoha,Unplanned,Closed,2026-05-11T04:52:00Z,2026-05-11T05:00:00Z,8
1838815,Border,GURDASPUR,RAILWAY ROAD CAT-1,Unplanned,Closed,2026-05-11T04:52:00Z,2026-05-11T10:50:00Z,358
1838824,South,PATIALA,SYL,Unplanned,Closed,2026-05-11T04:50:00Z,2026-05-11T07:20:00Z,150
1838809,North,HOSHIARPUR,66 KV SUGAR MILL BHOGPUR,Unplanned,Closed,2026-05-11T04:50:00Z,2026-05-11T08:45:00Z,235
1838834,East,Zirakpur,HARI PUR HINDUAN,Unplanned,Closed,2026-05-11T04:48:00Z,2026-05-11T06:42:00Z,114
1838803,East,MOHALI,BOOTA SINGH WALA,Unplanned,Closed,2026-05-11T04:48:00Z,2026-05-11T10:00:19Z,312
1838802,East,MOHALI,HULKA,Unplanned,Closed,2026-05-11T04:48:00Z,2026-05-11T10:00:29Z,312
1838800,East,MOHALI,DERRI AP,Unplanned,Closed,2026-05-11T04:48:00Z,2026-05-11T08:52:00Z,244
1838835,East,Zirakpur,HAIBAT PUR RURAL,Unplanned,Closed,2026-05-11T04:45:00Z,2026-05-11T06:31:00Z,106
1838825,East,Zirakpur,JHARMARI,Unplanned,Closed,2026-05-11T04:45:00Z,2026-05-11T06:55:00Z,130
1838804,East,Zirakpur,MOHAN MEAKIN,Unplanned,Closed,2026-05-11T04:42:00Z,2026-05-11T07:10:00Z,148
1838801,East,Zirakpur,Bauli Sahib,Unplanned,Closed,2026-05-11T04:40:00Z,2026-05-11T06:50:00Z,130
1838795,East,MOHALI,MOTEMAJRA UPS,Unplanned,Closed,2026-05-11T04:40:00Z,2026-05-11T06:00:00Z,80
1838799,East,Zirakpur,VATIKA,Unplanned,Closed,2026-05-11T04:37:00Z,2026-05-11T07:00:00Z,143
1838829,East,ROPAR,11 KV City-2,Unplanned,Closed,2026-05-11T04:35:58Z,2026-05-11T06:20:58Z,105
1838828,East,ROPAR,11 KV Shamgarh,Unplanned,Closed,2026-05-11T04:35:58Z,2026-05-11T06:20:58Z,105
1838827,East,ROPAR,11 KV Diwala,Unplanned,Closed,2026-05-11T04:35:58Z,2026-05-11T06:20:58Z,105
1838798,East,Zirakpur,JAI MULTI ENNG.,Unplanned,Closed,2026-05-11T04:35:00Z,2026-05-11T06:32:00Z,117
1838797,South,BARNALA,KC Road,Unplanned,Closed,2026-05-11T04:35:00Z,2026-05-11T07:25:00Z,170
1838796,West,BATHINDA,BHAGI VANDER,Unplanned,Closed,2026-05-11T04:33:00Z,2026-05-11T09:00:00Z,267
1838783,North,JALANDHAR,VIVEKANAND,Unplanned,Closed,2026-05-11T04:33:00Z,2026-05-11T05:53:00Z,80
1838785,East,ROPAR,11KV CGC JHANJHERI,Unplanned,Closed,2026-05-11T04:30:00Z,2026-05-11T07:25:00Z,175
1838813,Border,GURDASPUR,Cheema Khuddi,Unplanned,Active,2026-05-11T04:27:00Z,2026-05-11T09:00:00Z,273
1838812,Border,GURDASPUR,Rampur Talwara,Unplanned,Closed,2026-05-11T04:27:00Z,2026-05-11T09:01:00Z,274
1838811,Border,GURDASPUR,Sri Hargobindpur,Unplanned,Closed,2026-05-11T04:27:00Z,2026-05-11T08:09:00Z,222
1838770,North,KAPURTHALA,UPS SHAHPUR,Unplanned,Closed,2026-05-11T04:27:00Z,2026-05-11T07:35:00Z,188
1838779,South,PATIALA,SOGALPUR UPS,Unplanned,Closed,2026-05-11T04:25:09Z,2026-05-11T08:10:57Z,225
1838793,South,PATIALA,SURAJPUR CAT. 1,Unplanned,Closed,2026-05-11T04:25:00Z,2026-05-11T11:05:00Z,400
1838778,North,JALANDHAR,SEMI,Unplanned,Closed,2026-05-11T04:25:00Z,2026-05-11T05:45:00Z,80
1838772,North,KAPURTHALA,UPS PITHORAL,Unplanned,Closed,2026-05-11T04:25:00Z,2026-05-11T06:15:00Z,110
1838775,North,KAPURTHALA,UGGI UPS,Unplanned,Closed,2026-05-11T04:24:00Z,2026-05-11T06:31:00Z,127
1838767,North,KAPURTHALA,Bhagwanpur,Unplanned,Closed,2026-05-11T04:24:00Z,2026-05-11T07:50:00Z,206
1838782,East,ROPAR,SUGARMILL,Unplanned,Closed,2026-05-11T04:20:00Z,2026-05-11T05:35:00Z,75
1838773,Border,GURDASPUR,Babbri Nangal,Unplanned,Closed,2026-05-11T04:20:00Z,2026-05-11T08:30:00Z,250
1838771,Border,GURDASPUR,New Batala Road,Unplanned,Closed,2026-05-11T04:20:00Z,2026-05-11T07:30:00Z,190
1838788,East,ROPAR,Kubaheri,Unplanned,Closed,2026-05-11T04:18:00Z,2026-05-11T06:30:00Z,132
1838826,East,ROPAR,SHIVJOT,Unplanned,Closed,2026-05-11T04:15:00Z,2026-05-11T06:07:00Z,112
1838830,South,PATIALA,UPS TEPLA,Unplanned,Closed,2026-05-11T04:10:00Z,2026-05-11T08:05:00Z,235
1838805,East,Zirakpur,AMBCHAHPA INDUSTRY FEEDER,Unplanned,Closed,2026-05-11T04:10:00Z,2026-05-11T05:52:00Z,102
1838736,North,KAPURTHALA,UPS Seowal,Unplanned,Closed,2026-05-11T04:10:00Z,2026-05-11T07:28:00Z,198
1838871,West,FARIDKOT,11 KV ALAMWALA-UPS,Unplanned,Closed,2026-05-11T04:07:00Z,2026-05-11T08:30:00Z,263
1838831,South,PATIALA,SARHIND ROAD,Unplanned,Closed,2026-05-11T04:06:00Z,2026-05-11T05:42:00Z,96
1838737,West,MUKATSAR,Bikaneri Road,Unplanned,Closed,2026-05-11T04:06:00Z,2026-05-11T06:10:31Z,124
1838741,West,MUKATSAR,Malout Road,Unplanned,Closed,2026-05-11T04:05:00Z,2026-05-11T10:47:35Z,402
1838727,East,MOHALI,Sec-61c,Unplanned,Closed,2026-05-11T04:04:00Z,2026-05-11T06:33:57Z,149
1838732,South,PATIALA,SALARIA VIHAR,Unplanned,Closed,2026-05-11T04:01:09Z,2026-05-11T05:05:43Z,64
1838735,North,KAPURTHALA,UPS Karhal Kalaan,Unplanned,Closed,2026-05-11T04:00:00Z,2026-05-11T05:50:00Z,110
1838734,North,KAPURTHALA,UPS Rawal,Unplanned,Closed,2026-05-11T04:00:00Z,2026-05-11T05:50:00Z,110
1838725,East,MOHALI,60-A,Unplanned,Closed,2026-05-11T04:00:00Z,2026-05-11T04:21:00Z,21
1838718,East,MOHALI,11 KV Sec-60 C,Unplanned,Closed,2026-05-11T04:00:00Z,2026-05-11T06:35:00Z,155
1838701,East,Zirakpur,Bhudda Sahib,Unplanned,Closed,2026-05-11T03:57:00Z,2026-05-11T05:06:00Z,69
1838721,East,MOHALI,11KV MK TECHNOLOGY,Unplanned,Closed,2026-05-11T03:55:00Z,2026-05-11T04:25:00Z,30
1838750,Border,GURDASPUR,Ujjagar Nagar,Unplanned,Closed,2026-05-11T03:50:00Z,2026-05-11T08:30:00Z,280
1838733,East,ROPAR,AKALGARH,Unplanned,Closed,2026-05-11T03:50:00Z,2026-05-11T05:54:00Z,124
1838711,North,KAPURTHALA,Fateh Jalal,Unplanned,Closed,2026-05-11T03:50:00Z,2026-05-11T06:52:00Z,182
1838710,South,PATIALA,11 KV UPS-2 ?azror Feeder,Unplanned,Closed,2026-05-11T03:50:00Z,2026-05-11T04:25:15Z,35
1838709,South,PATIALA,11 KV UPS 1,Unplanned,Closed,2026-05-11T03:50:00Z,2026-05-11T04:40:04Z,50
1838708,North,KAPURTHALA,UPS Ambgarh,Unplanned,Closed,2026-05-11T03:50:00Z,2026-05-11T07:00:00Z,190
1838706,North,KAPURTHALA,UPS Kahlwan,Unplanned,Closed,2026-05-11T03:50:00Z,2026-05-11T07:07:00Z,197
1838705,North,KAPURTHALA,URBAN Sura Nussi,Unplanned,Closed,2026-05-11T03:50:00Z,2026-05-11T06:29:00Z,159
1838696,Border,TARN TARAN,KALAH UPS,Unplanned,Closed,2026-05-11T03:50:00Z,2026-05-11T06:45:00Z,175
1838695,Central,SUB URBAN LUDHIANA,city-2,Unplanned,Closed,2026-05-11T03:50:00Z,2026-05-11T04:55:00Z,65
1838730,East,ROPAR,UPS2,Unplanned,Closed,2026-05-11T03:49:00Z,2026-05-11T05:37:00Z,108
1838694,East,Zirakpur,BEGAMPURA,Unplanned,Closed,2026-05-11T03:49:00Z,2026-05-11T05:30:00Z,101
1838690,East,Zirakpur,11 kv adda jhungia cat-1,Unplanned,Closed,2026-05-11T03:48:00Z,2026-05-11T04:28:00Z,40
1838692,East,Zirakpur,11 kv malwa,Unplanned,Closed,2026-05-11T03:45:00Z,2026-05-11T04:56:00Z,71
1838688,East,Zirakpur,Jaskaran,Unplanned,Closed,2026-05-11T03:45:00Z,2026-05-11T06:42:00Z,177
1838685,East,MOHALI,Kasauli,Unplanned,Closed,2026-05-11T03:43:00Z,2026-05-11T05:15:00Z,92
1838747,East,ROPAR,Barsalpur,Unplanned,Closed,2026-05-11T03:40:00Z,2026-05-11T07:30:00Z,230
1838745,East,ROPAR,Mianpur,Unplanned,Closed,2026-05-11T03:40:00Z,2026-05-11T06:30:00Z,170
1838744,East,ROPAR,Mirzapur,Unplanned,Closed,2026-05-11T03:40:00Z,2026-05-11T07:34:00Z,234
1838678,East,MOHALI,11 kv sec 54A,Unplanned,Closed,2026-05-11T03:40:00Z,2026-05-11T05:16:02Z,96
1838677,East,MOHALI,Jandpur Water Works,Unplanned,Closed,2026-05-11T03:40:00Z,2026-05-11T05:16:08Z,96
1838670,Central,KHANNA,JASARA,Unplanned,Closed,2026-05-11T03:38:00Z,2026-05-11T04:53:00Z,75
1838664,North,JALANDHAR,SATYAM,Unplanned,Closed,2026-05-11T03:36:00Z,2026-05-11T04:36:00Z,60
1838684,East,MOHALI,11 KV Gura,Unplanned,Closed,2026-05-11T03:35:00Z,2026-05-11T05:11:00Z,96
1838683,East,MOHALI,11 KV Masol,Unplanned,Closed,2026-05-11T03:35:00Z,2026-05-11T05:55:00Z,140
1838682,East,MOHALI,11 KV SUKHNA ENCLAVE,Unplanned,Closed,2026-05-11T03:35:00Z,2026-05-11T05:20:00Z,105
1838807,South,BARNALA,Model Town,Unplanned,Closed,2026-05-11T03:30:00Z,2026-05-11T05:06:00Z,96
1838806,South,BARNALA,MOTI BAZAR,Unplanned,Closed,2026-05-11T03:30:00Z,2026-05-11T05:35:00Z,125
1838675,West,MUKATSAR,DISPOSAL PARK,Unplanned,Closed,2026-05-11T03:30:00Z,2026-05-11T05:50:00Z,140
1838666,Border,TARN TARAN,SARHALI KHURD UPS,Unplanned,Closed,2026-05-11T03:30:00Z,2026-05-11T07:10:00Z,220
1838676,East,MOHALI,Sec 56,Unplanned,Closed,2026-05-11T03:29:00Z,2026-05-11T04:35:00Z,66
1838680,East,MOHALI,Sec 53,Unplanned,Closed,2026-05-11T03:28:00Z,2026-05-11T04:40:00Z,72
1838674,East,MOHALI,39 west,Unplanned,Closed,2026-05-11T03:28:00Z,2026-05-11T04:01:46Z,33
1838667,South,SANGRUR,11KV UPS DHARMGARH,Unplanned,Closed,2026-05-11T03:28:00Z,2026-05-11T06:10:00Z,162
1838672,East,MOHALI,11 KV Govt. Press,Unplanned,Closed,2026-05-11T03:25:00Z,2026-05-11T04:29:50Z,64
1838662,Central,SUB URBAN LUDHIANA,Bhikhi UPS,Unplanned,Closed,2026-05-11T03:25:00Z,2026-05-11T04:35:00Z,70
1838669,Central,SUB URBAN LUDHIANA,CITY NO 07,Unplanned,Closed,2026-05-11T03:21:00Z,2026-05-11T04:25:00Z,64
1838653,South,PATIALA,rajpura road,Unplanned,Closed,2026-05-11T03:20:00Z,2026-05-11T04:10:34Z,50
1838663,North,KAPURTHALA,URBAN MOHABAT NAGAR,Unplanned,Closed,2026-05-11T03:18:00Z,2026-05-11T04:15:00Z,57
1838644,North,KAPURTHALA,Kotu Chownk,Unplanned,Closed,2026-05-11T03:18:00Z,2026-05-11T03:25:00Z,7
1838636,Central,CITY WEST LUDHIANA,B.V.M.,Unplanned,Closed,2026-05-11T03:17:20Z,2026-05-11T07:30:35Z,253
1838740,East,ROPAR,Barodi,Unplanned,Closed,2026-05-11T03:15:00Z,2026-05-11T05:30:00Z,135
1838739,East,ROPAR,Khijrabad Kandi,Unplanned,Closed,2026-05-11T03:15:00Z,2026-05-11T07:11:00Z,236
1838738,East,ROPAR,Chandpur,Unplanned,Closed,2026-05-11T03:15:00Z,2026-05-11T07:11:00Z,236
1838717,East,MOHALI,Sec 70-c,Unplanned,Closed,2026-05-11T03:15:00Z,2026-05-11T05:11:00Z,116
1838765,Border,GURDASPUR,Aujla,Unplanned,Closed,2026-05-11T03:14:00Z,2026-05-11T06:40:00Z,206
1838764,Border,GURDASPUR,Baba Tehal Singh,Unplanned,Closed,2026-05-11T03:14:00Z,2026-05-11T05:52:00Z,158
1838763,Border,GURDASPUR,SD Collage,Unplanned,Closed,2026-05-11T03:14:00Z,2026-05-11T08:30:00Z,316
1838762,Border,GURDASPUR,Goal Mandir,Unplanned,Closed,2026-05-11T03:14:00Z,2026-05-11T05:51:00Z,157
1838728,Border,GURDASPUR,Rajoa,Unplanned,Closed,2026-05-11T03:10:00Z,2026-05-11T10:01:00Z,411
1838722,Border,GURDASPUR,Dogar Mahesh,Unplanned,Closed,2026-05-11T03:10:00Z,2026-05-11T10:01:00Z,411
1838679,North,KAPURTHALA,UPS Sohal Khurd,Unplanned,Closed,2026-05-11T03:10:00Z,2026-05-11T06:20:00Z,190
1838639,Border,GURDASPUR,City,Unplanned,Closed,2026-05-11T03:10:00Z,2026-05-11T07:30:00Z,260
1838622,Central,KHANNA,Chani,Unplanned,Closed,2026-05-11T03:10:00Z,2026-05-11T03:38:00Z,28
1838621,Central,KHANNA,Chopra(Naraian),Unplanned,Closed,2026-05-11T03:10:00Z,2026-05-11T03:30:00Z,20
1838618,Central,KHANNA,Shastri Nagar,Unplanned,Closed,2026-05-11T03:10:00Z,2026-05-11T03:30:00Z,20
1838617,Central,KHANNA,Labour Colony,Unplanned,Closed,2026-05-11T03:10:00Z,2026-05-11T03:30:00Z,20
1838614,South,SANGRUR,11KV KHERU ROAD CAT2,Unplanned,Closed,2026-05-11T03:09:00Z,2026-05-11T04:42:00Z,93
1838651,North,JALANDHAR,11KV S A S NAGAR,Unplanned,Closed,2026-05-11T03:07:00Z,2026-05-11T05:38:00Z,151
1838665,Border,TARN TARAN,UPS SARHALI MAND,Unplanned,Closed,2026-05-11T03:06:00Z,2026-05-11T07:40:00Z,274
1838628,West,MUKATSAR,11 KV KANDHWALA UPS,Unplanned,Closed,2026-05-11T03:05:00Z,2026-05-11T06:20:00Z,195
1838715,East,MOHALI,Sec-53A,Unplanned,Closed,2026-05-11T03:02:00Z,2026-05-11T04:25:00Z,83
1838689,East,MOHALI,11 KV MOTOR MARKET,Unplanned,Closed,2026-05-11T03:02:00Z,2026-05-11T06:44:00Z,222
1838637,East,MOHALI,Sector-77B,Unplanned,Closed,2026-05-11T03:02:00Z,2026-05-11T03:48:00Z,46
1838630,East,MOHALI,Sector-79B,Unplanned,Closed,2026-05-11T03:02:00Z,2026-05-11T03:48:00Z,46
1838626,East,MOHALI,Sector-113,Unplanned,Closed,2026-05-11T03:02:00Z,2026-05-11T04:00:00Z,58
1838623,East,MOHALI,Sec-61c,Unplanned,Closed,2026-05-11T03:02:00Z,2026-05-11T03:44:00Z,42
1838619,East,MOHALI,60-A,Unplanned,Closed,2026-05-11T03:02:00Z,2026-05-11T03:40:00Z,38
1838616,East,MOHALI,11 KV Sec-60 C,Unplanned,Closed,2026-05-11T03:02:00Z,2026-05-11T03:45:00Z,43
1838612,East,Zirakpur,BALTANA,Unplanned,Closed,2026-05-11T03:02:00Z,2026-05-11T03:45:00Z,43
1838610,East,Zirakpur,KALKA ROAD,Unplanned,Closed,2026-05-11T03:02:00Z,2026-05-11T03:04:00Z,2
1838608,East,Zirakpur,SUKHNA,Unplanned,Closed,2026-05-11T03:02:00Z,2026-05-11T03:48:00Z,46
1838606,East,Zirakpur,PUNJAB,Unplanned,Closed,2026-05-11T03:02:00Z,2026-05-11T03:48:00Z,46
1838604,East,Zirakpur,BEGAMPURA,Unplanned,Closed,2026-05-11T03:02:00Z,2026-05-11T03:48:00Z,46
1838603,East,Zirakpur,RAIL VIHAR,Unplanned,Closed,2026-05-11T03:02:00Z,2026-05-11T03:44:00Z,42
1838601,East,Zirakpur,Bhudda Sahib,Unplanned,Closed,2026-05-11T03:02:00Z,2026-05-11T03:48:00Z,46
1838599,East,Zirakpur,Sukhmani Sahib,Unplanned,Closed,2026-05-11T03:02:00Z,2026-05-11T03:44:00Z,42
1838597,East,Zirakpur,SIMRAN,Unplanned,Closed,2026-05-11T03:02:00Z,2026-05-11T03:48:00Z,46
1838596,East,Zirakpur,KHANNA,Unplanned,Closed,2026-05-11T03:02:00Z,2026-05-11T03:45:00Z,43
1838595,East,Zirakpur,PRITHIM,Unplanned,Closed,2026-05-11T03:02:00Z,2026-05-11T03:48:00Z,46
1838594,East,Zirakpur,PEER MUCHHALA,Unplanned,Closed,2026-05-11T03:02:00Z,2026-05-11T03:45:00Z,43
1838593,East,Zirakpur,CITY COURT,Unplanned,Closed,2026-05-11T03:02:00Z,2026-05-11T03:45:00Z,43
1838592,East,Zirakpur,ESCON ERENA,Unplanned,Closed,2026-05-11T03:02:00Z,2026-05-11T03:45:00Z,43
1838591,East,Zirakpur,DHILLON,Unplanned,Closed,2026-05-11T03:02:00Z,2026-05-11T03:48:00Z,46
1838590,East,Zirakpur,SAVITRY GREEN 2,Unplanned,Closed,2026-05-11T03:02:00Z,2026-05-11T03:45:00Z,43
1838588,East,Zirakpur,11KV  SUSHMA,Unplanned,Closed,2026-05-11T03:02:00Z,2026-05-11T03:45:00Z,43
1838587,East,Zirakpur,TRY CITY,Unplanned,Closed,2026-05-11T03:02:00Z,2026-05-11T03:45:00Z,43
1838586,East,Zirakpur,REGLIYA,Unplanned,Closed,2026-05-11T03:02:00Z,2026-05-11T03:45:00Z,43
1838584,East,Zirakpur,DHAKOLI,Unplanned,Closed,2026-05-11T03:02:00Z,2026-05-11T03:45:00Z,43
1838583,East,Zirakpur,SANULI,Unplanned,Closed,2026-05-11T03:02:00Z,2026-05-11T03:45:00Z,43
1838580,East,Zirakpur,HARMILAP NAGAR,Unplanned,Closed,2026-05-11T03:02:00Z,2026-05-11T03:45:00Z,43
1838551,West,MUKATSAR,Lakhewali(Urban),Unplanned,Closed,2026-05-11T03:02:00Z,2026-05-11T10:08:00Z,426
1838549,North,KAPURTHALA,UPS Pipli,Unplanned,Closed,2026-05-11T03:02:00Z,2026-05-11T06:28:00Z,206
1838624,East,Zirakpur,HLP,Unplanned,Closed,2026-05-11T03:01:00Z,2026-05-11T06:58:00Z,237
1838546,Central,CITY WEST LUDHIANA,DANA MANDI,Unplanned,Closed,2026-05-11T03:00:48Z,2026-05-11T04:25:26Z,84
1838544,Central,CITY WEST LUDHIANA,A-BLOCK,Unplanned,Closed,2026-05-11T03:00:40Z,2026-05-11T04:40:34Z,99
1838668,South,BARNALA,UPS-1,Unplanned,Closed,2026-05-11T03:00:00Z,2026-05-11T07:10:00Z,250
1838642,East,MOHALI,NAYA GAON,Unplanned,Closed,2026-05-11T03:00:00Z,2026-05-11T03:40:00Z,40
1838641,North,KAPURTHALA,UPS KAMALPUR,Unplanned,Closed,2026-05-11T03:00:00Z,2026-05-11T06:00:00Z,180
1838640,East,ROPAR,ARCHIAN FOODS,Unplanned,Closed,2026-05-11T03:00:00Z,2026-05-11T03:40:00Z,40
1838632,East,ROPAR,KAKRALI,Unplanned,Closed,2026-05-11T03:00:00Z,2026-05-11T03:40:00Z,40
1838627,East,ROPAR,PADIALA,Unplanned,Closed,2026-05-11T03:00:00Z,2026-05-11T03:40:00Z,40
1838613,East,ROPAR,KHANPUR,Unplanned,Closed,2026-05-11T03:00:00Z,2026-05-11T04:00:00Z,60
1838607,East,ROPAR,ANAJ MANDI,Unplanned,Closed,2026-05-11T03:00:00Z,2026-05-11T04:00:00Z,60
1838605,East,ROPAR,CITY,Unplanned,Closed,2026-05-11T03:00:00Z,2026-05-11T03:37:00Z,37
1838602,East,Zirakpur,SACHKHAND SAHIB,Unplanned,Closed,2026-05-11T03:00:00Z,2026-05-11T03:45:00Z,45
1838600,East,ROPAR,Ambika Devi,Unplanned,Closed,2026-05-11T03:00:00Z,2026-05-11T04:00:00Z,60
1838598,East,Zirakpur,PATIALA ROAD,Unplanned,Closed,2026-05-11T03:00:00Z,2026-05-11T03:44:00Z,44
1838589,East,ROPAR,UPS BHAGOMAJRA,Unplanned,Closed,2026-05-11T03:00:00Z,2026-05-11T04:00:00Z,60
1838585,East,ROPAR,Sehauran,Unplanned,Closed,2026-05-11T03:00:00Z,2026-05-11T04:00:00Z,60
1838582,East,Zirakpur,NABHA SAHIB,Unplanned,Closed,2026-05-11T03:00:00Z,2026-05-11T03:44:00Z,44
1838581,East,ROPAR,CHATAULI,Unplanned,Closed,2026-05-11T03:00:00Z,2026-05-11T03:40:00Z,40
1838579,East,ROPAR,CITY KHARAR,Unplanned,Closed,2026-05-11T03:00:00Z,2026-05-11T04:00:00Z,60
1838578,East,Zirakpur,ECME,Unplanned,Closed,2026-05-11T03:00:00Z,2026-05-11T03:44:00Z,44
1838577,East,Zirakpur,PEER BABA ROAD,Unplanned,Closed,2026-05-11T03:00:00Z,2026-05-11T03:44:00Z,44
1838576,East,Zirakpur,11 KV AMBALA ROAD,Unplanned,Closed,2026-05-11T03:00:00Z,2026-05-11T03:44:00Z,44
1838575,East,Zirakpur,SAVITRYGREEN,Unplanned,Closed,2026-05-11T03:00:00Z,2026-05-11T03:44:00Z,44
1838574,East,Zirakpur,SILVERCITY,Unplanned,Closed,2026-05-11T03:00:00Z,2026-05-11T03:44:00Z,44
1838573,East,Zirakpur,RANBAXY,Unplanned,Closed,2026-05-11T03:00:00Z,2026-05-11T03:44:00Z,44
1838572,East,Zirakpur,11 kv Japuria Feeder,Unplanned,Closed,2026-05-11T03:00:00Z,2026-05-11T03:44:00Z,44
1838570,East,Zirakpur,Jaskaran,Unplanned,Closed,2026-05-11T03:00:00Z,2026-05-11T03:44:00Z,44
1838569,East,ROPAR,CHANDIGARH NORTH,Unplanned,Closed,2026-05-11T03:00:00Z,2026-05-11T03:40:00Z,40
1838568,East,Zirakpur,ROYAL ESTATE,Unplanned,Closed,2026-05-11T03:00:00Z,2026-05-11T03:44:00Z,44
1838567,East,Zirakpur,ORBIT,Unplanned,Closed,2026-05-11T03:00:00Z,2026-05-11T03:44:00Z,44
1838565,East,Zirakpur,ASSTHA,Unplanned,Closed,2026-05-11T03:00:00Z,2026-05-11T03:44:00Z,44
1838564,East,Zirakpur,ZIRAKPUR-2,Unplanned,Closed,2026-05-11T03:00:00Z,2026-05-11T03:44:00Z,44
1838563,East,Zirakpur,ZIRAKPUR-1,Unplanned,Closed,2026-05-11T03:00:00Z,2026-05-11T03:44:00Z,44
1838562,East,ROPAR,Ranjit Nagar,Unplanned,Closed,2026-05-11T03:00:00Z,2026-05-11T04:00:00Z,60
1838560,East,ROPAR,UPS2,Unplanned,Closed,2026-05-11T03:00:00Z,2026-05-11T03:40:00Z,40
1838558,East,ROPAR,RORA,Unplanned,Closed,2026-05-11T03:00:00Z,2026-05-11T04:00:00Z,60
1838545,North,KAPURTHALA,AJIT NAGAR,Unplanned,Closed,2026-05-11T03:00:00Z,2026-05-11T03:40:00Z,40
1838660,Border,GURDASPUR,11 KV Chone UPS,Unplanned,Closed,2026-05-11T02:59:00Z,2026-05-11T10:13:00Z,434
1838687,East,MOHALI,INDUSTRIAL-II,Unplanned,Closed,2026-05-11T02:58:00Z,2026-05-11T06:30:00Z,212
1838659,Border,GURDASPUR,Paroshah,Unplanned,Closed,2026-05-11T02:58:00Z,2026-05-11T10:13:00Z,435
1838645,East,MOHALI,scada-1,Unplanned,Closed,2026-05-11T02:58:00Z,2026-05-11T04:42:42Z,104
1838540,East,Zirakpur,SINGHPURA,Unplanned,Closed,2026-05-11T02:58:00Z,2026-05-11T05:55:00Z,177
1838686,East,MOHALI,INDUSTRIAL I,Unplanned,Closed,2026-05-11T02:57:00Z,2026-05-11T05:42:00Z,165
1838658,Border,GURDASPUR,SAGARPURA,Unplanned,Closed,2026-05-11T02:57:00Z,2026-05-11T08:28:00Z,331
1838539,North,KAPURTHALA,DHUGGAR,Unplanned,Closed,2026-05-11T02:56:00Z,2026-05-11T04:34:00Z,98
1838537,North,KAPURTHALA,Gobind Nagar,Unplanned,Closed,2026-05-11T02:56:00Z,2026-05-11T03:53:00Z,57
1838536,North,KAPURTHALA,Bulandpuri,Unplanned,Closed,2026-05-11T02:56:00Z,2026-05-11T03:03:00Z,7
1838535,North,KAPURTHALA,UPS Sohal Jagir,Unplanned,Closed,2026-05-11T02:56:00Z,2026-05-11T05:32:00Z,156
1838511,West,FARIDKOT,11 KV  NARAINGARH UPS,Unplanned,Closed,2026-05-11T02:55:14Z,2026-05-11T09:41:00Z,405
1838761,East,MOHALI,11 KV jLPLSec-90 91,Unplanned,Closed,2026-05-11T02:55:00Z,2026-05-11T04:42:00Z,107
1838760,East,MOHALI,BSF,Unplanned,Closed,2026-05-11T02:55:00Z,2026-05-11T04:40:00Z,105
1838759,East,MOHALI,HINDUSTAN TIMES,Unplanned,Closed,2026-05-11T02:55:00Z,2026-05-11T04:39:00Z,104
1838753,East,MOHALI,11 KV Connect,Unplanned,Closed,2026-05-11T02:55:00Z,2026-05-11T07:10:00Z,255
1838752,East,MOHALI,Sec 72-C,Unplanned,Closed,2026-05-11T02:55:00Z,2026-05-11T05:30:00Z,155
1838542,Border,GURDASPUR,Adowali,Unplanned,Closed,2026-05-11T02:55:00Z,2026-05-11T10:05:00Z,430
1838541,Border,GURDASPUR,24 Hrs UPS Rangar Nangal,Unplanned,Closed,2026-05-11T02:55:00Z,2026-05-11T10:05:00Z,430
1838649,East,MOHALI,SEC-79,Unplanned,Closed,2026-05-11T02:53:00Z,2026-05-11T03:55:00Z,62
1838531,South,BARNALA,SIRGANGARAM,Unplanned,Closed,2026-05-11T02:50:25Z,2026-05-11T03:20:31Z,30
1838530,South,BARNALA,HOSPITAL,Unplanned,Closed,2026-05-11T02:50:25Z,2026-05-11T03:20:55Z,30
1838529,South,BARNALA,LOHA BAZAR,Unplanned,Closed,2026-05-11T02:50:25Z,2026-05-11T03:20:32Z,30
1838528,South,BARNALA,Industrial-2,Unplanned,Closed,2026-05-11T02:50:25Z,2026-05-11T03:20:58Z,30
1838527,South,BARNALA,INDUSTRIAL RATOLAN,Unplanned,Closed,2026-05-11T02:50:25Z,2026-05-11T03:20:27Z,30
1838526,South,BARNALA,QUILA REHMATGARH,Unplanned,Closed,2026-05-11T02:50:25Z,2026-05-11T03:21:54Z,31
1838525,South,BARNALA,Satta Bazaar,Unplanned,Closed,2026-05-11T02:50:25Z,2026-05-11T03:20:31Z,30
1838524,South,BARNALA,MALERKOTLA-1,Unplanned,Closed,2026-05-11T02:50:25Z,2026-05-11T03:21:47Z,31
1838523,South,BARNALA,ANAAJ MANDI,Unplanned,Closed,2026-05-11T02:50:25Z,2026-05-11T03:20:15Z,29
1838522,South,BARNALA,SHRI RAVIDASS NAGAR,Unplanned,Closed,2026-05-11T02:50:25Z,2026-05-11T03:20:26Z,30
1838521,South,BARNALA,DHURI ROAD,Unplanned,Closed,2026-05-11T02:50:25Z,2026-05-11T03:21:46Z,31
1838520,South,BARNALA,MALERKOTLA-2,Unplanned,Closed,2026-05-11T02:50:25Z,2026-05-11T03:20:22Z,29
1838519,South,BARNALA,Industrial-I,Unplanned,Closed,2026-05-11T02:50:25Z,2026-05-11T03:20:47Z,30
1838518,South,BARNALA,MALERKOTLA UPS,Unplanned,Closed,2026-05-11T02:50:25Z,2026-05-11T03:20:28Z,30
1838517,South,BARNALA,GURUDWARA HAA DA NARA,Unplanned,Closed,2026-05-11T02:50:25Z,2026-05-11T03:20:49Z,30
1838550,North,JALANDHAR,11KV UDESIAN,Unplanned,Closed,2026-05-11T02:50:00Z,2026-05-11T04:05:00Z,75
1838534,North,HOSHIARPUR,MEHENGROWAL,Unplanned,Closed,2026-05-11T02:50:00Z,2026-05-11T06:30:07Z,220
1838533,North,HOSHIARPUR,CHOHAL,Unplanned,Closed,2026-05-11T02:50:00Z,2026-05-11T06:31:54Z,221
1838532,North,HOSHIARPUR,ADAMWAL UPS,Unplanned,Closed,2026-05-11T02:50:00Z,2026-05-11T06:32:35Z,222
1838638,North,JALANDHAR,KOTLA ROAD,Unplanned,Closed,2026-05-11T02:49:00Z,2026-05-11T05:50:00Z,181
1838507,West,MUKATSAR,11 KV GANGA NAGAR ROAD,Unplanned,Closed,2026-05-11T02:49:00Z,2026-05-11T06:39:00Z,230
1838743,East,MOHALI,Ramdeep,Unplanned,Closed,2026-05-11T02:48:00Z,2026-05-11T05:30:00Z,162
1838501,West,MUKATSAR,11 KV Alamgarh,Unplanned,Closed,2026-05-11T02:47:00Z,2026-05-11T09:05:00Z,378
1838490,Central,CITY WEST LUDHIANA,SITA NAGAR,Unplanned,Closed,2026-05-11T02:46:18Z,2026-05-11T03:39:51Z,53
1838822,Border,GURDASPUR,NANGAL UPS,Unplanned,Closed,2026-05-11T02:45:00Z,2026-05-11T07:35:00Z,290
1838819,Border,GURDASPUR,Bolewal,Unplanned,Closed,2026-05-11T02:45:00Z,2026-05-11T07:25:00Z,280
1838817,Border,GURDASPUR,Ghuman,Unplanned,Closed,2026-05-11T02:45:00Z,2026-05-11T07:25:00Z,280
1838634,North,JALANDHAR,MUBARAKPUR SHEKHE,Unplanned,Closed,2026-05-11T02:45:00Z,2026-05-11T06:20:00Z,215
1838631,North,JALANDHAR,RERRU,Unplanned,Closed,2026-05-11T02:45:00Z,2026-05-11T05:45:00Z,180
1838625,South,SANGRUR,Natt UPS,Unplanned,Closed,2026-05-11T02:45:00Z,2026-05-11T07:00:00Z,255
1838543,East,ROPAR,ACME HEIGHT,Unplanned,Closed,2026-05-11T02:45:00Z,2026-05-11T03:55:00Z,70
1838538,East,ROPAR,11 KV Arya College Road,Unplanned,Closed,2026-05-11T02:45:00Z,2026-05-11T03:55:00Z,70
1838515,East,ROPAR,Swaraj,Unplanned,Closed,2026-05-11T02:45:00Z,2026-05-11T05:00:00Z,135
1838510,East,ROPAR,11KV Shvalik Heights,Unplanned,Closed,2026-05-11T02:45:00Z,2026-05-11T03:55:00Z,70
1838508,East,ROPAR,11KV Gillco Velly,Unplanned,Closed,2026-05-11T02:45:00Z,2026-05-11T03:55:00Z,70
1838500,North,KAPURTHALA,JALLOW KHANNA URBAN,Unplanned,Closed,2026-05-11T02:45:00Z,2026-05-11T07:08:00Z,263
1838499,North,KAPURTHALA,KARTARPUR ROAD URBAN,Unplanned,Closed,2026-05-11T02:45:00Z,2026-05-11T03:05:00Z,20
1838498,North,KAPURTHALA,URBAN CIVIL HOSPITAL,Unplanned,Closed,2026-05-11T02:45:00Z,2026-05-11T05:07:00Z,142
1838502,West,MUKATSAR,11 KV Chirag dhani,Unplanned,Closed,2026-05-11T02:44:00Z,2026-05-11T07:50:00Z,306
1838491,West,MUKATSAR,FAZILKA ROAD,Unplanned,Closed,2026-05-11T02:43:00Z,2026-05-11T06:21:00Z,218
1838633,East,ROPAR,MUNDI KHARAR,Unplanned,Closed,2026-05-11T02:42:00Z,2026-05-11T04:10:00Z,88
1838629,East,ROPAR,MODLE  TOWN,Unplanned,Closed,2026-05-11T02:42:00Z,2026-05-11T04:10:00Z,88
1838620,East,ROPAR,Dashmesh Nagar,Unplanned,Closed,2026-05-11T02:42:00Z,2026-05-11T04:10:00Z,88
1838615,East,ROPAR,SHIVJOT,Unplanned,Closed,2026-05-11T02:42:00Z,2026-05-11T04:00:00Z,78
1838609,East,ROPAR,KTM,Unplanned,Closed,2026-05-11T02:42:00Z,2026-05-11T04:10:00Z,88
1838571,East,ROPAR,11 KV LIC Colony,Unplanned,Closed,2026-05-11T02:42:00Z,2026-05-11T03:22:00Z,40
1838566,East,ROPAR,PARADISE,Unplanned,Closed,2026-05-11T02:42:00Z,2026-05-11T03:22:00Z,40
1838557,East,ROPAR,11 KV Plazzo ELite,Unplanned,Closed,2026-05-11T02:42:00Z,2026-05-11T04:00:00Z,78
1838555,East,ROPAR,11 KV Chajjumajra,Unplanned,Closed,2026-05-11T02:42:00Z,2026-05-11T04:00:00Z,78
1838552,East,ROPAR,Nijjer Road,Unplanned,Closed,2026-05-11T02:42:00Z,2026-05-11T04:00:00Z,78
1838548,East,ROPAR,11 KV Sunny Mandir,Unplanned,Closed,2026-05-11T02:42:00Z,2026-05-11T04:00:00Z,78
1838547,East,ROPAR,11 KV Old Sunny,Unplanned,Closed,2026-05-11T02:42:00Z,2026-05-11T04:00:00Z,78
1838700,West,FARIDKOT,Nanaksar UPS,Unplanned,Closed,2026-05-11T02:41:00Z,2026-05-11T06:05:08Z,204
1838656,East,MOHALI,11kV Sector-123,Unplanned,Closed,2026-05-11T02:41:00Z,2026-05-11T04:02:18Z,81
1838654,East,MOHALI,JHAMPUR FEEDER,Unplanned,Closed,2026-05-11T02:41:00Z,2026-05-11T05:40:00Z,179
1838652,Border,GURDASPUR,Sheh Bhattia,Unplanned,Closed,2026-05-11T02:41:00Z,2026-05-11T08:40:00Z,359
1838647,Border,GURDASPUR,DHINDSA,Unplanned,Closed,2026-05-11T02:41:00Z,2026-05-11T06:50:00Z,249
1838635,Border,GURDASPUR,Thakarwal,Unplanned,Closed,2026-05-11T02:41:00Z,2026-05-11T07:15:00Z,274
1838561,Border,GURDASPUR,College,Unplanned,Closed,2026-05-11T02:41:00Z,2026-05-11T07:25:00Z,284
1838512,Border,GURDASPUR,11 KV New Urban Estate phase 1,Unplanned,Active,2026-05-11T02:40:00Z,2026-05-11T12:00:00Z,560
1838505,Border,GURDASPUR,11 KV Shahabpura Road,Unplanned,Closed,2026-05-11T02:40:00Z,2026-05-11T03:15:00Z,35
1838504,Border,GURDASPUR,TRUCK UNION,Unplanned,Closed,2026-05-11T02:40:00Z,2026-05-11T03:01:00Z,21
1838503,Border,GURDASPUR,HARNAM NAGAR,Unplanned,Closed,2026-05-11T02:40:00Z,2026-05-11T08:40:00Z,360
1838497,South,BARNALA,MALERKOTLA UPS,Unplanned,Closed,2026-05-11T02:40:00Z,2026-05-11T03:10:00Z,30
1838495,South,BARNALA,NAUDHARANI CAT.I,Unplanned,Closed,2026-05-11T02:40:00Z,2026-05-11T03:09:00Z,29
1838494,North,JALANDHAR,NEW SARHALI FEEDER,Unplanned,Closed,2026-05-11T02:40:00Z,2026-05-11T06:25:00Z,225
1838493,North,JALANDHAR,11 KV NEW LAKHAN PAL FEEDER,Unplanned,Closed,2026-05-11T02:40:00Z,2026-05-11T07:05:00Z,265
1838489,North,JALANDHAR,THIRD WIRE,Unplanned,Closed,2026-05-11T02:40:00Z,2026-05-11T03:50:00Z,70
1838488,North,JALANDHAR,MANDI,Unplanned,Closed,2026-05-11T02:40:00Z,2026-05-11T03:05:00Z,25
1838516,East,ROPAR,SABJI MANDI,Unplanned,Closed,2026-05-11T02:38:00Z,2026-05-11T03:38:00Z,60
1838514,East,ROPAR,AKALGARH,Unplanned,Closed,2026-05-11T02:38:00Z,2026-05-11T03:38:00Z,60
1838509,East,ROPAR,CHINTGARH FEEDER,Unplanned,Closed,2026-05-11T02:38:00Z,2026-05-11T03:38:00Z,60
1838506,East,ROPAR,MODEL TOWN,Unplanned,Closed,2026-05-11T02:38:00Z,2026-05-11T03:38:00Z,60
1838459,Central,SUB URBAN LUDHIANA,KAUNKE-URBAN,Unplanned,Closed,2026-05-11T02:36:00Z,2026-05-11T02:40:00Z,4
1838458,Central,SUB URBAN LUDHIANA,CITY 8,Unplanned,Closed,2026-05-11T02:36:00Z,2026-05-11T02:40:00Z,4
1838457,Central,SUB URBAN LUDHIANA,CITY-5,Unplanned,Closed,2026-05-11T02:36:00Z,2026-05-11T02:40:00Z,4
1838456,Central,SUB URBAN LUDHIANA,CITY-6,Unplanned,Closed,2026-05-11T02:36:00Z,2026-05-11T02:40:00Z,4
1838455,Central,SUB URBAN LUDHIANA,CITY NO 07,Unplanned,Closed,2026-05-11T02:36:00Z,2026-05-11T02:40:00Z,4
1838454,Central,SUB URBAN LUDHIANA,Gurusar Kaunke UPS,Unplanned,Closed,2026-05-11T02:36:00Z,2026-05-11T02:40:00Z,4
1838681,East,MOHALI,RATWARA SAHIB,Unplanned,Closed,2026-05-11T02:35:00Z,2026-05-11T04:35:00Z,120
1838469,Border,SUB URBAN AMRITSAR,Bhai Manj Road,Unplanned,Closed,2026-05-11T02:35:00Z,2026-05-11T06:40:00Z,245
1838465,Central,CITY WEST LUDHIANA,URBAN VIHAR,Unplanned,Closed,2026-05-11T02:34:45Z,2026-05-11T04:08:20Z,93
1838474,West,FARIDKOT,JANER UPS NEW,Unplanned,Closed,2026-05-11T02:32:00Z,2026-05-11T06:41:14Z,249
1838482,South,BARNALA,UPS KUPKALAN,Unplanned,Closed,2026-05-11T02:31:00Z,2026-05-11T03:20:00Z,49
1838477,South,BARNALA,UPS BEGOWAL,Unplanned,Closed,2026-05-11T02:31:00Z,2026-05-11T03:20:00Z,49
1838476,South,BARNALA,INDUSTRIAL-1,Unplanned,Closed,2026-05-11T02:31:00Z,2026-05-11T03:20:00Z,49
1838443,North,KAPURTHALA,11KV RAIL TECH,Unplanned,Closed,2026-05-11T02:31:00Z,2026-05-11T06:00:00Z,209
1838475,Border,SUB URBAN AMRITSAR,SUGAR MILL,Unplanned,Closed,2026-05-11T02:30:00Z,2026-05-11T08:00:00Z,330
1838445,Central,KHANNA,ISSRU CITY,Unplanned,Closed,2026-05-11T02:30:00Z,2026-05-11T04:04:00Z,94
1838441,North,KAPURTHALA,FACTORY AREA,Unplanned,Closed,2026-05-11T02:29:00Z,2026-05-11T06:15:00Z,226
1838766,East,MOHALI,SEC-69,Unplanned,Closed,2026-05-11T02:28:00Z,2026-05-11T04:28:00Z,120
1838655,South,BARNALA,MEHAL KALAN CITY,Unplanned,Closed,2026-05-11T02:28:00Z,2026-05-11T03:45:00Z,77
1838611,Central,KHANNA,CHOPRA ALLOYS,Unplanned,Closed,2026-05-11T02:27:00Z,2026-05-11T03:27:00Z,60
1838427,West,FARIDKOT,DOGAR BASTI,Unplanned,Closed,2026-05-11T02:25:51Z,2026-05-11T02:40:47Z,14
1838424,West,FARIDKOT,11KV NEW HARINDERA NAGAR,Unplanned,Closed,2026-05-11T02:25:51Z,2026-05-11T03:50:49Z,84
1838769,East,MOHALI,PCA,Unplanned,Closed,2026-05-11T02:25:00Z,2026-05-11T04:25:00Z,120
1838768,East,MOHALI,11KV FOREST FEEDER,Unplanned,Closed,2026-05-11T02:25:00Z,2026-05-11T04:25:00Z,120
1838484,North,NAWANSHAHR,Ragomal Urban,Unplanned,Closed,2026-05-11T02:25:00Z,2026-05-11T06:20:00Z,235
1838483,North,NAWANSHAHR,Bundala Cat-1,Unplanned,Closed,2026-05-11T02:25:00Z,2026-05-11T06:25:00Z,240
1838473,Border,SUB URBAN AMRITSAR,BABOWAL UPS,Unplanned,Active,2026-05-11T02:25:00Z,2026-05-11T08:00:00Z,335
1838471,Border,SUB URBAN AMRITSAR,BHULLER,Unplanned,Active,2026-05-11T02:25:00Z,2026-05-11T08:00:00Z,335
1838470,Border,SUB URBAN AMRITSAR,24 HORS DHADDY,Unplanned,Active,2026-05-11T02:25:00Z,2026-05-11T08:00:00Z,335
1838453,South,BARNALA,Baba sant singh nigah,Unplanned,Closed,2026-05-11T02:25:00Z,2026-05-11T03:10:00Z,45
1838452,South,BARNALA,UPS HATHOA,Unplanned,Closed,2026-05-11T02:25:00Z,2026-05-11T03:25:00Z,60
1838447,South,BARNALA,GUARA CAT NO 1,Unplanned,Closed,2026-05-11T02:25:00Z,2026-05-11T03:15:00Z,50
1838444,South,BARNALA,KUTHALA CAT-1,Unplanned,Closed,2026-05-11T02:25:00Z,2026-05-11T02:57:00Z,32
1838442,North,JALANDHAR,DANA MANDI RAIPUR,Unplanned,Closed,2026-05-11T02:25:00Z,2026-05-11T04:43:00Z,138
1838440,Border,TARN TARAN,MANKPURA UPS,Unplanned,Closed,2026-05-11T02:25:00Z,2026-05-11T07:30:00Z,305
1838439,North,JALANDHAR,Urban Rural no 2,Unplanned,Closed,2026-05-11T02:25:00Z,2026-05-11T03:10:00Z,45
1838438,North,JALANDHAR,URBAN RURAL,Unplanned,Closed,2026-05-11T02:25:00Z,2026-05-11T03:35:00Z,70
1838437,Border,TARN TARAN,GANDIWIND 24 HRS SUPPLY,Unplanned,Closed,2026-05-11T02:25:00Z,2026-05-11T06:10:00Z,225
1838436,North,JALANDHAR,FATEHGARH,Unplanned,Closed,2026-05-11T02:25:00Z,2026-05-11T05:45:00Z,200
1838435,Border,SUB URBAN AMRITSAR,City 2,Unplanned,Closed,2026-05-11T02:25:00Z,2026-05-11T03:45:00Z,80
1838699,West,FARIDKOT,Bhagtuana UPS,Unplanned,Closed,2026-05-11T02:24:00Z,2026-05-11T06:55:31Z,271
1838697,West,FARIDKOT,11 KV Kalgidhar ups,Unplanned,Closed,2026-05-11T02:24:00Z,2026-05-11T04:01:46Z,97
1838703,West,FARIDKOT,khara UPS,Unplanned,Closed,2026-05-11T02:20:00Z,2026-05-11T07:55:11Z,335
1838481,Border,SUB URBAN AMRITSAR,Dalam,Unplanned,Closed,2026-05-11T02:20:00Z,2026-05-11T11:35:00Z,555
1838480,Border,SUB URBAN AMRITSAR,SENSRA UPS,Unplanned,Closed,2026-05-11T02:20:00Z,2026-05-11T10:05:00Z,465
1838479,Border,SUB URBAN AMRITSAR,MEHLAN WALA UPS,Unplanned,Active,2026-05-11T02:20:00Z,2026-05-11T10:00:00Z,460
1838468,Border,SUB URBAN AMRITSAR,PANDER UPS,Unplanned,Closed,2026-05-11T02:20:00Z,2026-05-11T10:05:00Z,465
1838467,Border,SUB URBAN AMRITSAR,WADALA VERAM CAT 1,Unplanned,Closed,2026-05-11T02:20:00Z,2026-05-11T08:50:00Z,390
1838466,Border,SUB URBAN AMRITSAR,SANT BHAGAT SINGH UPS,Unplanned,Closed,2026-05-11T02:20:00Z,2026-05-11T09:40:00Z,440
1838434,Central,CITY EAST LUDHIANA,BHADOUR HOUSE,Unplanned,Closed,2026-05-11T02:20:00Z,2026-05-11T03:04:00Z,44
1838693,West,FARIDKOT,Devi wala road UPS,Unplanned,Closed,2026-05-11T02:18:00Z,2026-05-11T06:17:20Z,239
1838657,South,BARNALA,MEHAL KHURAD UPS,Unplanned,Closed,2026-05-11T02:17:00Z,2026-05-11T05:35:00Z,198
1838418,Central,CITY EAST LUDHIANA,Trikoni Park,Unplanned,Closed,2026-05-11T02:16:00Z,2026-05-11T03:41:00Z,85
1838720,Border,TARN TARAN,DARAPUR,Unplanned,Closed,2026-05-11T02:15:00Z,2026-05-11T09:00:00Z,405
1838426,South,BARNALA,PHARWALI,Unplanned,Closed,2026-05-11T02:15:00Z,2026-05-11T02:56:45Z,41
1838423,South,BARNALA,UPS MAHOLI KHURD,Unplanned,Closed,2026-05-11T02:15:00Z,2026-05-11T02:55:00Z,40
1838420,South,BARNALA,LOHATBADDI CAT.1,Unplanned,Closed,2026-05-11T02:15:00Z,2026-05-11T02:55:23Z,40
1838415,Border,GURDASPUR,G.T Road,Unplanned,Closed,2026-05-11T02:15:00Z,2026-05-11T03:48:00Z,93
1838413,Border,GURDASPUR,Greater Kailash,Unplanned,Closed,2026-05-11T02:15:00Z,2026-05-11T03:55:00Z,100
1838412,Border,GURDASPUR,Simbal,Unplanned,Closed,2026-05-11T02:15:00Z,2026-05-11T03:53:00Z,98
1838409,Border,GURDASPUR,Gurudwara Kandh Sahib,Unplanned,Closed,2026-05-11T02:15:00Z,2026-05-11T03:31:00Z,76
1838408,Border,GURDASPUR,SHANTI NAGAR,Unplanned,Closed,2026-05-11T02:15:00Z,2026-05-11T04:01:00Z,106
1838404,Border,GURDASPUR,11 KV RAILWAY ROAD,Unplanned,Closed,2026-05-11T02:15:00Z,2026-05-11T03:56:00Z,101
1838391,North,JALANDHAR,Shitla Mandir,Unplanned,Closed,2026-05-11T02:12:00Z,2026-05-11T02:52:00Z,40
1838650,Border,TARN TARAN,24 Hrs UPS Bhagwanpur,Unplanned,Closed,2026-05-11T02:10:26Z,2026-05-11T05:50:54Z,220
1838375,Central,CITY WEST LUDHIANA,NATIONAL FEEDER,Unplanned,Closed,2026-05-11T02:10:09Z,2026-05-11T03:25:02Z,74
1838716,Border,TARN TARAN,Botelkiri,Unplanned,Closed,2026-05-11T02:10:00Z,2026-05-11T06:30:00Z,260
1838714,Border,TARN TARAN,MIANWIND URBAN,Unplanned,Closed,2026-05-11T02:10:00Z,2026-05-11T08:45:00Z,395
1838713,Border,TARN TARAN,Mallah,Unplanned,Closed,2026-05-11T02:10:00Z,2026-05-11T06:30:00Z,260
1838712,Border,TARN TARAN,NAGOKE URBAN,Unplanned,Closed,2026-05-11T02:10:00Z,2026-05-11T06:15:00Z,245
1838433,Border,SUB URBAN AMRITSAR,NAWAN ADDA RAJA SANSI,Unplanned,Closed,2026-05-11T02:10:00Z,2026-05-11T07:00:00Z,290
1838432,Border,SUB URBAN AMRITSAR,AIR FORCE STATION,Unplanned,Closed,2026-05-11T02:10:00Z,2026-05-11T06:55:00Z,285
1838431,Border,TARN TARAN,URBAN SARHALI,Unplanned,Closed,2026-05-11T02:10:00Z,2026-05-11T06:33:00Z,263
1838430,Border,SUB URBAN AMRITSAR,GURU NANAKPURA,Unplanned,Closed,2026-05-11T02:10:00Z,2026-05-11T06:55:00Z,285
1838429,Border,SUB URBAN AMRITSAR,RAJASANSI/RS,Unplanned,Closed,2026-05-11T02:10:00Z,2026-05-11T09:15:00Z,425
1838428,Border,SUB URBAN AMRITSAR,KAMBO,Unplanned,Closed,2026-05-11T02:10:00Z,2026-05-11T07:50:00Z,340
1838425,Border,SUB URBAN AMRITSAR,BAL SACHANDER,Unplanned,Active,2026-05-11T02:10:00Z,2026-05-11T08:00:00Z,350
1838419,Central,SUB URBAN LUDHIANA,Urban Anad Isher School,Unplanned,Closed,2026-05-11T02:10:00Z,2026-05-11T02:50:00Z,40
1838370,Central,CITY WEST LUDHIANA,GURPAL NAGAR FEEDER,Unplanned,Closed,2026-05-11T02:09:08Z,2026-05-11T02:32:01Z,22
1838373,North,JALANDHAR,COMPANY BHAG,Unplanned,Closed,2026-05-11T02:06:00Z,2026-05-11T04:20:00Z,134
1838368,Border,SUB URBAN AMRITSAR,UPS SHURA,Unplanned,Closed,2026-05-11T02:05:02Z,2026-05-11T09:38:00Z,452
1838367,Border,SUB URBAN AMRITSAR,24 Hrs Bhadiar,Unplanned,Closed,2026-05-11T02:05:02Z,2026-05-11T09:51:00Z,465
1838366,Border,SUB URBAN AMRITSAR,Rattan,Unplanned,Closed,2026-05-11T02:05:02Z,2026-05-11T11:18:00Z,552
1838365,Border,SUB URBAN AMRITSAR,MALLUWAL,Unplanned,Closed,2026-05-11T02:05:02Z,2026-05-11T08:57:00Z,411
1838364,Border,SUB URBAN AMRITSAR,KHASSA,Unplanned,Closed,2026-05-11T02:05:02Z,2026-05-11T10:33:00Z,507
1838361,Border,SUB URBAN AMRITSAR,PADHRI,Unplanned,Active,2026-05-11T02:05:02Z,2026-05-11T14:00:00Z,714
1838358,Border,SUB URBAN AMRITSAR,Attari,Unplanned,Closed,2026-05-11T02:05:02Z,2026-05-11T09:49:00Z,463
1838707,Border,TARN TARAN,SAIDPUR URBAN,Unplanned,Closed,2026-05-11T02:05:00Z,2026-05-11T08:00:00Z,355
1838704,Border,TARN TARAN,Dera Saidpur,Unplanned,Closed,2026-05-11T02:05:00Z,2026-05-11T08:00:00Z,355
1838702,Border,TARN TARAN,Sarja UPS,Unplanned,Closed,2026-05-11T02:05:00Z,2026-05-11T08:00:00Z,355
1838487,Border,SUB URBAN AMRITSAR,Muradpura,Unplanned,Closed,2026-05-11T02:05:00Z,2026-05-11T04:40:00Z,155
1838486,Border,SUB URBAN AMRITSAR,LOHARKA UPS,Unplanned,Closed,2026-05-11T02:05:00Z,2026-05-11T07:45:00Z,340
1838485,Border,SUB URBAN AMRITSAR,RC VANASPATI,Unplanned,Closed,2026-05-11T02:05:00Z,2026-05-11T05:08:00Z,183
1838464,Border,SUB URBAN AMRITSAR,RANEWALI UPS,Unplanned,Closed,2026-05-11T02:05:00Z,2026-05-11T08:00:00Z,355
1838461,Border,SUB URBAN AMRITSAR,HARSHA CHHINA UPS,Unplanned,Closed,2026-05-11T02:05:00Z,2026-05-11T06:55:00Z,290
1838460,Border,SUB URBAN AMRITSAR,RAJASANSI/HC,Unplanned,Closed,2026-05-11T02:05:00Z,2026-05-11T08:50:00Z,405
1838422,Border,SUB URBAN AMRITSAR,silverstate,Unplanned,Closed,2026-05-11T02:05:00Z,2026-05-11T02:27:00Z,22
1838416,Border,SUB URBAN AMRITSAR,KARAM PURA,Unplanned,Closed,2026-05-11T02:05:00Z,2026-05-11T04:22:00Z,137
1838387,West,MUKATSAR,11KV Danna Mandi,Unplanned,Closed,2026-05-11T02:05:00Z,2026-05-11T03:05:00Z,60
1838384,West,MUKATSAR,11KV Tarn Taran Sahib,Unplanned,Closed,2026-05-11T02:05:00Z,2026-05-11T03:05:00Z,60
1838382,West,MUKATSAR,MUKT-E-MINAR,Unplanned,Closed,2026-05-11T02:05:00Z,2026-05-11T03:05:00Z,60
1838381,West,MUKATSAR,BUS STAND,Unplanned,Closed,2026-05-11T02:05:00Z,2026-05-11T03:05:00Z,60
1838379,West,MUKATSAR,ABOHAR ROAD,Unplanned,Closed,2026-05-11T02:05:00Z,2026-05-11T03:05:00Z,60
1838377,West,MUKATSAR,11KV Balam Garh Road,Unplanned,Closed,2026-05-11T02:05:00Z,2026-05-11T03:05:00Z,60
1838371,North,JALANDHAR,COOL ROAD,Unplanned,Closed,2026-05-11T02:05:00Z,2026-05-11T05:58:00Z,233
1838411,West,MUKATSAR,11KV New Jallalabad Road.,Unplanned,Closed,2026-05-11T02:04:00Z,2026-05-11T03:04:00Z,60
1838410,West,MUKATSAR,11KV Old Grain Market.,Unplanned,Closed,2026-05-11T02:04:00Z,2026-05-11T03:04:00Z,60
1838407,West,MUKATSAR,11KV Gaushalla Road,Unplanned,Closed,2026-05-11T02:04:00Z,2026-05-11T03:04:00Z,60
1838648,Border,TARN TARAN,Khem Karan,Unplanned,Closed,2026-05-11T02:03:26Z,2026-05-11T06:47:54Z,284
1838360,Central,CITY WEST LUDHIANA,Kiran Vihar,Unplanned,Closed,2026-05-11T02:02:23Z,2026-05-11T04:07:28Z,125
1838383,Border,TARN TARAN,JEOBALA UPS,Unplanned,Closed,2026-05-11T02:01:00Z,2026-05-11T06:55:00Z,294
1838362,North,KAPURTHALA,UPS PANDORI,Unplanned,Closed,2026-05-11T02:00:00Z,2026-05-11T03:00:00Z,60
1838359,North,KAPURTHALA,UPS BAJAJ,Unplanned,Closed,2026-05-11T02:00:00Z,2026-05-11T03:00:00Z,60
1838356,North,KAPURTHALA,UPS METLA,Unplanned,Closed,2026-05-11T02:00:00Z,2026-05-11T03:00:00Z,60
1838355,North,KAPURTHALA,CAT-1 BHOLATH,Unplanned,Closed,2026-05-11T02:00:00Z,2026-05-11T03:00:00Z,60
1838353,North,KAPURTHALA,UPS NADALI,Unplanned,Closed,2026-05-11T02:00:00Z,2026-05-11T03:00:00Z,60
1838352,North,KAPURTHALA,UPS MIANI,Unplanned,Closed,2026-05-11T02:00:00Z,2026-05-11T03:00:00Z,60
1838351,North,KAPURTHALA,UPS FEROZESANGOWAL,Unplanned,Closed,2026-05-11T02:00:00Z,2026-05-11T03:00:00Z,60
1838350,North,KAPURTHALA,CAT 1 BEGOWAL,Unplanned,Closed,2026-05-11T02:00:00Z,2026-05-11T03:00:00Z,60
1838405,North,JALANDHAR,Heera pur,Unplanned,Closed,2026-05-11T01:59:00Z,2026-05-11T07:25:00Z,326
1838397,North,JALANDHAR,11 KV BHAGAT SINGH COLONY,Unplanned,Closed,2026-05-11T01:59:00Z,2026-05-11T03:32:00Z,93
1838380,Border,TARN TARAN,24 Hours Supp Mir Pur,Unplanned,Closed,2026-05-11T01:58:00Z,2026-05-11T06:15:00Z,257
1838323,Central,CITY WEST LUDHIANA,jawahar nagar,Unplanned,Closed,2026-05-11T01:57:40Z,2026-05-11T02:33:46Z,36
1838322,Central,CITY WEST LUDHIANA,MODEL GRAM,Unplanned,Closed,2026-05-11T01:57:40Z,2026-05-11T02:33:34Z,35
1838321,Central,CITY WEST LUDHIANA,SITA NAGAR,Unplanned,Closed,2026-05-11T01:57:40Z,2026-05-11T02:33:18Z,35
1838320,Central,CITY WEST LUDHIANA,GULMOHAR,Unplanned,Closed,2026-05-11T01:57:40Z,2026-05-11T02:32:35Z,34
1838403,Central,CITY EAST LUDHIANA,CHAURA BAZAAR,Unplanned,Closed,2026-05-11T01:57:00Z,2026-05-11T02:52:00Z,55
1838315,Central,CITY WEST LUDHIANA,MODEL TOWN,Unplanned,Closed,2026-05-11T01:56:06Z,2026-05-11T04:33:15Z,157
1838314,Central,CITY WEST LUDHIANA,MINT GUMRI,Unplanned,Closed,2026-05-11T01:56:06Z,2026-05-11T02:42:05Z,45
1838313,Central,CITY WEST LUDHIANA,ABDULLAPUR BASTI,Unplanned,Closed,2026-05-11T01:56:06Z,2026-05-11T02:41:51Z,45
1838312,Central,CITY WEST LUDHIANA,MODEL HOUSE,Unplanned,Closed,2026-05-11T01:56:06Z,2026-05-11T02:41:36Z,45
1838311,Central,CITY WEST LUDHIANA,BANK  COLONY,Unplanned,Closed,2026-05-11T01:56:06Z,2026-05-11T02:41:21Z,45
1838310,Central,CITY WEST LUDHIANA,DHURI  LINE,Unplanned,Closed,2026-05-11T01:56:06Z,2026-05-11T02:41:01Z,44
1838309,Central,CITY WEST LUDHIANA,KULAR,Unplanned,Closed,2026-05-11T01:56:06Z,2026-05-11T04:01:57Z,125
1838308,Central,CITY WEST LUDHIANA,BUS STAND,Unplanned,Closed,2026-05-11T01:56:06Z,2026-05-11T02:40:50Z,44
1838307,Central,CITY WEST LUDHIANA,MANJIT NAGAR,Unplanned,Closed,2026-05-11T01:56:06Z,2026-05-11T02:40:38Z,44
1838306,Central,CITY WEST LUDHIANA,CHILDREN PARK,Unplanned,Closed,2026-05-11T01:56:06Z,2026-05-11T02:40:27Z,44
1838305,Central,CITY WEST LUDHIANA,TIKONA PARK,Unplanned,Closed,2026-05-11T01:56:06Z,2026-05-11T02:40:15Z,44
1838304,Central,CITY WEST LUDHIANA,A-BLOCK,Unplanned,Closed,2026-05-11T01:56:06Z,2026-05-11T02:40:02Z,43
1838303,Central,CITY WEST LUDHIANA,ATAM NAGAR,Unplanned,Closed,2026-05-11T01:56:06Z,2026-05-11T02:39:45Z,43
1838302,Central,CITY WEST LUDHIANA,EXTENSION,Unplanned,Closed,2026-05-11T01:56:06Z,2026-05-11T02:39:33Z,43
1838301,Central,CITY WEST LUDHIANA,JAMMU COLONY,Unplanned,Closed,2026-05-11T01:56:06Z,2026-05-11T02:39:22Z,43
1838378,Border,TARN TARAN,24 Hours supp Khardin,Unplanned,Closed,2026-05-11T01:56:00Z,2026-05-11T05:35:00Z,219
1838421,West,FARIDKOT,11KV DHUDI UPS,Unplanned,Closed,2026-05-11T01:55:34Z,2026-05-11T07:50:46Z,355
1838673,North,KAPURTHALA,UPS Partabpura,Unplanned,Closed,2026-05-11T01:55:00Z,2026-05-11T06:05:00Z,250
1838671,North,KAPURTHALA,UPS Sangowal Bet,Unplanned,Closed,2026-05-11T01:55:00Z,2026-05-11T06:05:00Z,250
1838406,Central,CITY EAST LUDHIANA,MADHO PURI,Unplanned,Closed,2026-05-11T01:55:00Z,2026-05-11T02:55:00Z,60
1838343,Central,CITY EAST LUDHIANA,DIVISION-3,Unplanned,Closed,2026-05-11T01:55:00Z,2026-05-11T02:39:00Z,44
1838376,Border,TARN TARAN,24 Hour Supp Panjwar,Unplanned,Closed,2026-05-11T01:54:00Z,2026-05-11T08:20:00Z,386
1838374,Border,TARN TARAN,MATA BAGGO URBAN IND.,Unplanned,Closed,2026-05-11T01:52:00Z,2026-05-11T05:20:00Z,208
1838325,Central,CITY EAST LUDHIANA,BASTI JODHEWAL,Unplanned,Closed,2026-05-11T01:52:00Z,2026-05-11T04:12:00Z,140
1838284,Central,CITY WEST LUDHIANA,A block,Unplanned,Closed,2026-05-11T01:50:28Z,2026-05-11T02:33:17Z,42
1838283,Central,CITY WEST LUDHIANA,PHULLANWAL,Unplanned,Closed,2026-05-11T01:50:28Z,2026-05-11T03:21:20Z,90
1838282,Central,CITY WEST LUDHIANA,CENTRA GREENS,Unplanned,Closed,2026-05-11T01:50:28Z,2026-05-11T02:34:17Z,43
1838281,Central,CITY WEST LUDHIANA,SATJOT  NAGAR,Unplanned,Closed,2026-05-11T01:50:28Z,2026-05-11T02:33:58Z,43
1838280,Central,CITY WEST LUDHIANA,MEHMOODPURA,Unplanned,Closed,2026-05-11T01:50:28Z,2026-05-11T02:30:40Z,40
1838279,Central,CITY WEST LUDHIANA,11 KV Happy colony,Unplanned,Closed,2026-05-11T01:50:28Z,2026-05-11T02:29:56Z,39
1838278,Central,CITY WEST LUDHIANA,GLADA,Unplanned,Closed,2026-05-11T01:50:28Z,2026-05-11T03:55:40Z,125
1838277,Central,CITY WEST LUDHIANA,NATISH VIHAR,Unplanned,Closed,2026-05-11T01:50:28Z,2026-05-11T02:26:21Z,35
1838276,Central,CITY WEST LUDHIANA,A W H O,Unplanned,Closed,2026-05-11T01:50:28Z,2026-05-11T02:28:29Z,38
1838275,Central,CITY WEST LUDHIANA,SATPAL MITTAL,Unplanned,Closed,2026-05-11T01:50:28Z,2026-05-11T02:29:41Z,39
1838274,Central,CITY WEST LUDHIANA,BDS Nagar,Unplanned,Closed,2026-05-11T01:50:28Z,2026-05-11T02:27:39Z,37
1838273,Central,CITY WEST LUDHIANA,HOUSEFED,Unplanned,Closed,2026-05-11T01:50:28Z,2026-05-11T02:27:16Z,36
1838272,Central,CITY WEST LUDHIANA,MANAKWAL,Unplanned,Closed,2026-05-11T01:50:28Z,2026-05-11T02:27:05Z,36
1838271,Central,CITY WEST LUDHIANA,B.V.M.,Unplanned,Closed,2026-05-11T01:50:28Z,2026-05-11T02:26:54Z,36
1838270,Central,CITY WEST LUDHIANA,URBAN ESTATE PH-2,Unplanned,Closed,2026-05-11T01:50:28Z,2026-05-11T02:26:36Z,36
1838269,Central,CITY WEST LUDHIANA,BASANT AVENUE,Unplanned,Closed,2026-05-11T01:50:28Z,2026-05-11T02:26:00Z,35
1838268,Central,CITY WEST LUDHIANA,BHAI HIMAT SINGH NAGAR,Unplanned,Closed,2026-05-11T01:50:28Z,2026-05-11T02:40:55Z,50
1838757,North,KAPURTHALA,Thabalke,Unplanned,Closed,2026-05-11T01:50:00Z,2026-05-11T05:44:00Z,234
1838756,North,KAPURTHALA,UPS Kangniwal,Unplanned,Closed,2026-05-11T01:50:00Z,2026-05-11T05:35:00Z,225
1838751,North,KAPURTHALA,Urban Samrai,Unplanned,Closed,2026-05-11T01:50:00Z,2026-05-11T06:10:00Z,260
1838749,North,KAPURTHALA,Pandori UPS,Unplanned,Closed,2026-05-11T01:50:00Z,2026-05-11T06:30:00Z,280
1838742,North,KAPURTHALA,URBAN Jandiala,Unplanned,Closed,2026-05-11T01:50:00Z,2026-05-11T05:55:00Z,245
1838553,Border,SUB URBAN AMRITSAR,Ranjit Avenue B block,Unplanned,Closed,2026-05-11T01:50:00Z,2026-05-11T03:05:00Z,75
1838372,Border,TARN TARAN,Baba Bhuda Sahib,Unplanned,Closed,2026-05-11T01:50:00Z,2026-05-11T05:10:00Z,200
1838363,Border,TARN TARAN,JAWANDY,Unplanned,Closed,2026-05-11T01:50:00Z,2026-05-11T06:25:00Z,275
1838357,Border,TARN TARAN,SHERON UPS,Unplanned,Closed,2026-05-11T01:50:00Z,2026-05-11T07:05:00Z,315
1838354,Border,TARN TARAN,THATHIAN 3 W URBAN`,Unplanned,Closed,2026-05-11T01:50:00Z,2026-05-11T05:30:00Z,220
1838342,North,KAPURTHALA,Mana Talwandi,Unplanned,Closed,2026-05-11T01:50:00Z,2026-05-11T02:50:00Z,60
1838341,North,KAPURTHALA,UPS Mustfabad,Unplanned,Closed,2026-05-11T01:50:00Z,2026-05-11T02:50:00Z,60
1838340,North,KAPURTHALA,URBAN Hamira,Unplanned,Closed,2026-05-11T01:50:00Z,2026-05-11T02:50:00Z,60
1838339,North,KAPURTHALA,UPS Ambgarh,Unplanned,Closed,2026-05-11T01:50:00Z,2026-05-11T02:50:00Z,60
1838338,North,KAPURTHALA,UPS Rahimpur,Unplanned,Closed,2026-05-11T01:50:00Z,2026-05-11T02:50:00Z,60
1838337,North,KAPURTHALA,URBAN Mustfapur,Unplanned,Closed,2026-05-11T01:50:00Z,2026-05-11T02:50:00Z,60
1838335,North,KAPURTHALA,UPS Kahlwan,Unplanned,Closed,2026-05-11T01:50:00Z,2026-05-11T02:50:00Z,60
1838333,North,KAPURTHALA,URBAN Bye Pass,Unplanned,Closed,2026-05-11T01:50:00Z,2026-05-11T02:50:00Z,60
1838331,North,KAPURTHALA,URBAN Sura Nussi,Unplanned,Closed,2026-05-11T01:50:00Z,2026-05-11T02:50:00Z,60
1838328,North,KAPURTHALA,Arya Nagar,Unplanned,Closed,2026-05-11T01:50:00Z,2026-05-11T02:50:00Z,60
1838326,North,KAPURTHALA,Pattar Kalan,Unplanned,Closed,2026-05-11T01:50:00Z,2026-05-11T02:50:00Z,60
1838316,North,KAPURTHALA,Fateh Jalal,Unplanned,Closed,2026-05-11T01:50:00Z,2026-05-11T02:50:00Z,60
1838300,North,KAPURTHALA,Furniture Bajar,Unplanned,Closed,2026-05-11T01:50:00Z,2026-05-11T02:50:00Z,60
1838299,North,KAPURTHALA,City kartarpur,Unplanned,Closed,2026-05-11T01:50:00Z,2026-05-11T02:50:00Z,60
1838295,Border,SUB URBAN AMRITSAR,Talwandi Dogran UPS-5,Unplanned,Closed,2026-05-11T01:50:00Z,2026-05-11T08:00:00Z,370
1838293,Border,SUB URBAN AMRITSAR,UPS-4 Makhanwindi,Unplanned,Closed,2026-05-11T01:50:00Z,2026-05-11T05:05:00Z,195
1838290,Border,SUB URBAN AMRITSAR,Urban-3,Unplanned,Closed,2026-05-11T01:50:00Z,2026-05-11T06:21:00Z,271
1838289,Border,SUB URBAN AMRITSAR,Urban 2 Nawapind,Unplanned,Closed,2026-05-11T01:50:00Z,2026-05-11T05:55:00Z,245
1838286,Border,SUB URBAN AMRITSAR,Urban-1 Nawapind,Unplanned,Closed,2026-05-11T01:50:00Z,2026-05-11T05:50:00Z,240
1838267,Border,CITY AMRITSAR,MAHINDERA COLONY,Unplanned,Closed,2026-05-11T01:49:47Z,2026-05-11T02:44:14Z,54
1838256,Central,CITY WEST LUDHIANA,G.T.B.,Unplanned,Closed,2026-05-11T01:45:31Z,2026-05-11T02:38:45Z,53
1838731,Border,TARN TARAN,BANIA URBAN,Unplanned,Closed,2026-05-11T01:45:00Z,2026-05-11T08:00:00Z,375
1838729,Border,TARN TARAN,Microwave,Unplanned,Active,2026-05-11T01:45:00Z,2026-05-11T09:00:00Z,435
1838726,Border,TARN TARAN,BUTARI URBAN,Unplanned,Closed,2026-05-11T01:45:00Z,2026-05-11T08:00:00Z,375
1838723,Border,TARN TARAN,RAYYA URBAN,Unplanned,Closed,2026-05-11T01:45:00Z,2026-05-11T08:00:00Z,375
1838478,Border,SUB URBAN AMRITSAR,GURU NAGAR,Unplanned,Closed,2026-05-11T01:45:00Z,2026-05-11T10:40:00Z,535
1838369,Border,CITY AMRITSAR,11KvGoal Bagh,Unplanned,Closed,2026-05-11T01:45:00Z,2026-05-11T07:30:00Z,345
1838344,Border,TARN TARAN,UPS BHAI ADALI JI,Unplanned,Closed,2026-05-11T01:45:00Z,2026-05-11T07:15:00Z,330
1838318,Central,CITY EAST LUDHIANA,BASTI FEEDER,Unplanned,Closed,2026-05-11T01:45:00Z,2026-05-11T05:42:00Z,237
1838317,Central,CITY EAST LUDHIANA,SEKHEWAL,Unplanned,Closed,2026-05-11T01:45:00Z,2026-05-11T04:47:00Z,182
1838232,Border,SUB URBAN AMRITSAR,UPS KOHALA,Unplanned,Closed,2026-05-11T01:43:54Z,2026-05-11T10:05:00Z,501
1838230,Border,SUB URBAN AMRITSAR,24 Hrs Kohali,Unplanned,Closed,2026-05-11T01:43:54Z,2026-05-11T09:24:00Z,460
1838228,Border,SUB URBAN AMRITSAR,11 KV MADOKEY UPS,Unplanned,Closed,2026-05-11T01:43:54Z,2026-05-11T07:36:00Z,352
1838224,North,HOSHIARPUR,Lajwanti Stadium,Unplanned,Closed,2026-05-11T01:42:00Z,2026-05-11T02:41:00Z,59
1838222,North,HOSHIARPUR,ROSHAN GROUND,Unplanned,Closed,2026-05-11T01:42:00Z,2026-05-11T02:41:00Z,59
1838220,North,HOSHIARPUR,Chetna Park,Unplanned,Closed,2026-05-11T01:42:00Z,2026-05-11T02:41:00Z,59
1838218,North,HOSHIARPUR,Tagore Nagar,Unplanned,Closed,2026-05-11T01:42:00Z,2026-05-11T02:41:00Z,59
1838216,North,HOSHIARPUR,Model Town,Unplanned,Closed,2026-05-11T01:42:00Z,2026-05-11T02:41:00Z,59
1838846,West,FARIDKOT,11 KV JAIMALWALA-UPS,Unplanned,Closed,2026-05-11T01:40:00Z,2026-05-11T09:40:00Z,480
1838755,Border,TARN TARAN,KARTARRPUR UPS,Unplanned,Closed,2026-05-11T01:40:00Z,2026-05-11T06:30:00Z,290
1838754,Border,TARN TARAN,BUTALA URBAN,Unplanned,Active,2026-05-11T01:40:00Z,2026-05-11T09:00:00Z,440
1838554,Border,SUB URBAN AMRITSAR,SEC-4 RANJIT AVENUE,Unplanned,Closed,2026-05-11T01:40:00Z,2026-05-11T02:50:25Z,70
1838496,Border,SUB URBAN AMRITSAR,VERKA IND.1,Unplanned,Closed,2026-05-11T01:40:00Z,2026-05-11T02:55:00Z,75
1838492,Border,SUB URBAN AMRITSAR,VERKA IND.2,Unplanned,Closed,2026-05-11T01:40:00Z,2026-05-11T10:15:00Z,515
1838402,Border,GURDASPUR,Gatta Factory,Unplanned,Closed,2026-05-11T01:40:00Z,2026-05-11T10:45:00Z,545
1838398,Border,GURDASPUR,Sadhuchack,Unplanned,Closed,2026-05-11T01:40:00Z,2026-05-11T07:30:00Z,350
1838396,Border,GURDASPUR,BATHWALA,Unplanned,Closed,2026-05-11T01:40:00Z,2026-05-11T06:10:00Z,270
1838394,Border,GURDASPUR,DAAK KHANA CHOWK,Unplanned,Closed,2026-05-11T01:40:00Z,2026-05-11T06:45:00Z,305
1838393,Border,GURDASPUR,Meerpur,Unplanned,Closed,2026-05-11T01:40:00Z,2026-05-11T06:50:00Z,310
1838392,Border,GURDASPUR,Mandi,Unplanned,Closed,2026-05-11T01:40:00Z,2026-05-11T02:46:00Z,66
1838390,Border,SUB URBAN AMRITSAR,11 kv New Greenland,Unplanned,Closed,2026-05-11T01:40:00Z,2026-05-11T07:08:00Z,328
1838324,Border,SUB URBAN AMRITSAR,MEDICAL ENCLAVE,Unplanned,Closed,2026-05-11T01:40:00Z,2026-05-11T03:36:00Z,116
1838261,Border,GURDASPUR,Model Town,Unplanned,Closed,2026-05-11T01:39:00Z,2026-05-11T03:10:00Z,91
1838204,North,HOSHIARPUR,DADIANA KHURD,Unplanned,Closed,2026-05-11T01:37:00Z,2026-05-11T05:50:00Z,253
1838203,North,HOSHIARPUR,11 KV Kotli,Unplanned,Closed,2026-05-11T01:37:00Z,2026-05-11T05:52:00Z,255
1838202,North,HOSHIARPUR,11 KV Bhikhowal,Unplanned,Closed,2026-05-11T01:37:00Z,2026-05-11T05:50:00Z,253
1838200,North,HOSHIARPUR,11 KV Bassi Maroof,Unplanned,Closed,2026-05-11T01:37:00Z,2026-05-11T05:50:00Z,253
1838199,North,HOSHIARPUR,NOORPUR,Unplanned,Closed,2026-05-11T01:37:00Z,2026-05-11T05:50:00Z,253
1838198,North,HOSHIARPUR,NIKKIWAL,Unplanned,Closed,2026-05-11T01:37:00Z,2026-05-11T05:51:00Z,254
1838211,North,HOSHIARPUR,MEHENGROWAL,Unplanned,Closed,2026-05-11T01:35:00Z,2026-05-11T02:30:11Z,55
1838210,North,HOSHIARPUR,CHOHAL,Unplanned,Closed,2026-05-11T01:35:00Z,2026-05-11T02:31:29Z,56
1838208,North,HOSHIARPUR,ADAMWAL UPS,Unplanned,Closed,2026-05-11T01:35:00Z,2026-05-11T02:31:35Z,56
1838196,North,HOSHIARPUR,Lalpur,Unplanned,Closed,2026-05-11T01:34:00Z,2026-05-11T05:50:00Z,256
1838195,North,HOSHIARPUR,11KV BHATOLIAN,Unplanned,Closed,2026-05-11T01:34:00Z,2026-05-11T05:50:00Z,256
1838194,North,HOSHIARPUR,Dholwaha,Unplanned,Closed,2026-05-11T01:34:00Z,2026-05-11T05:50:00Z,256
1838193,North,HOSHIARPUR,Atwarapur,Unplanned,Closed,2026-05-11T01:34:00Z,2026-05-11T05:50:00Z,256
1838192,North,HOSHIARPUR,Janauri-2,Unplanned,Closed,2026-05-11T01:34:00Z,2026-05-11T05:50:00Z,256
1838191,North,HOSHIARPUR,REHMAPUR,Unplanned,Closed,2026-05-11T01:34:00Z,2026-05-11T05:52:00Z,258
1838190,North,HOSHIARPUR,JANOURI,Unplanned,Closed,2026-05-11T01:34:00Z,2026-05-11T05:50:00Z,256
1838188,North,HOSHIARPUR,DAM,Unplanned,Closed,2026-05-11T01:34:00Z,2026-05-11T05:52:00Z,258
1838185,North,HOSHIARPUR,BHUNGA,Unplanned,Closed,2026-05-11T01:34:00Z,2026-05-11T05:50:00Z,256
1838184,North,HOSHIARPUR,GUGGA-PATTI,Unplanned,Closed,2026-05-11T01:34:00Z,2026-05-11T05:50:00Z,256
1838182,North,HOSHIARPUR,Savitri plywood,Unplanned,Closed,2026-05-11T01:34:00Z,2026-05-11T05:51:00Z,257
1838179,North,HOSHIARPUR,NAWA GHAR,Unplanned,Closed,2026-05-11T01:34:00Z,2026-05-11T05:50:00Z,256
1838176,North,HOSHIARPUR,11 KV KAILON,Unplanned,Closed,2026-05-11T01:34:00Z,2026-05-11T05:50:00Z,256
1838175,North,HOSHIARPUR,11 KV Sataur,Unplanned,Closed,2026-05-11T01:34:00Z,2026-05-11T05:50:00Z,256
1838173,North,HOSHIARPUR,SOTLA,Unplanned,Closed,2026-05-11T01:34:00Z,2026-05-11T05:50:00Z,256
1838172,North,HOSHIARPUR,KHUN KHUN,Unplanned,Closed,2026-05-11T01:34:00Z,2026-05-11T05:50:00Z,256
1838170,North,HOSHIARPUR,BAGPUR,Unplanned,Closed,2026-05-11T01:34:00Z,2026-05-11T02:33:00Z,59
1838168,North,HOSHIARPUR,HARIANA,Unplanned,Closed,2026-05-11T01:34:00Z,2026-05-11T05:51:00Z,257
1838389,West,FARIDKOT,TEACHER COLONY,Unplanned,Closed,2026-05-11T01:32:43Z,2026-05-11T03:50:39Z,137
1838646,Border,TARN TARAN,UPS Baba Risiana Ji,Unplanned,Closed,2026-05-11T01:32:00Z,2026-05-11T08:37:54Z,425
1838643,Border,TARN TARAN,UPS WAN TARA SINGH,Unplanned,Closed,2026-05-11T01:32:00Z,2026-05-11T06:10:00Z,278
1838161,Border,CITY AMRITSAR,LAXMAN SAR,Unplanned,Closed,2026-05-11T01:32:00Z,2026-05-11T03:35:00Z,123
1838252,Central,SUB URBAN LUDHIANA,CENTER CITY,Unplanned,Closed,2026-05-11T01:31:00Z,2026-05-11T02:25:00Z,54
1838250,Central,SUB URBAN LUDHIANA,RAILWAY ROAD,Unplanned,Closed,2026-05-11T01:31:00Z,2026-05-11T02:23:00Z,52
1838246,Central,SUB URBAN LUDHIANA,FCI,Unplanned,Closed,2026-05-11T01:31:00Z,2026-05-11T02:26:00Z,55
1838244,Central,SUB URBAN LUDHIANA,CITY-3,Unplanned,Closed,2026-05-11T01:31:00Z,2026-05-11T02:24:00Z,53
1838240,Central,SUB URBAN LUDHIANA,CITY-2,Unplanned,Closed,2026-05-11T01:31:00Z,2026-05-11T02:24:00Z,53
1838238,Central,SUB URBAN LUDHIANA,CITY-1,Unplanned,Closed,2026-05-11T01:31:00Z,2026-05-11T02:25:00Z,54
1838162,West,FARIDKOT,INDUSTRIAL,Unplanned,Closed,2026-05-11T01:30:43Z,2026-05-11T03:18:03Z,107
1838724,North,KAPURTHALA,UPS Khiwa,Unplanned,Closed,2026-05-11T01:30:00Z,2026-05-11T05:50:00Z,260
1838661,Border,TARN TARAN,UPS Blair,Unplanned,Closed,2026-05-11T01:30:00Z,2026-05-11T08:36:00Z,426
1838414,Border,SUB URBAN AMRITSAR,City-3,Unplanned,Closed,2026-05-11T01:30:00Z,2026-05-11T02:24:00Z,54
1838399,West,MUKATSAR,TIBBI SAHIB,Unplanned,Closed,2026-05-11T01:30:00Z,2026-05-11T02:30:00Z,60
1838395,West,MUKATSAR,INDUSTRIAL,Unplanned,Closed,2026-05-11T01:30:00Z,2026-05-11T02:30:00Z,60
1838329,West,MUKATSAR,DISPOSAL PARK,Unplanned,Closed,2026-05-11T01:30:00Z,2026-05-11T02:30:00Z,60
1838298,West,MUKATSAR,GONIANA,Unplanned,Closed,2026-05-11T01:30:00Z,2026-05-11T02:30:00Z,60
1838297,West,MUKATSAR,BATHINDA ROAD,Unplanned,Closed,2026-05-11T01:30:00Z,2026-05-11T02:30:00Z,60
1838294,West,MUKATSAR,DARBAR SAHIB,Unplanned,Closed,2026-05-11T01:30:00Z,2026-05-11T02:30:00Z,60
1838292,West,MUKATSAR,Railway Road,Unplanned,Closed,2026-05-11T01:30:00Z,2026-05-11T02:30:00Z,60
1838287,West,MUKATSAR,Gurdev Vihar,Unplanned,Closed,2026-05-11T01:30:00Z,2026-05-11T02:30:00Z,60
1838266,West,MUKATSAR,TOWN,Unplanned,Closed,2026-05-11T01:30:00Z,2026-05-11T02:30:00Z,60
1838260,Border,GURDASPUR,KOT DHANDHAL CAT-1,Unplanned,Closed,2026-05-11T01:30:00Z,2026-05-11T05:45:00Z,255
1838259,Border,SUB URBAN AMRITSAR,11KV CHAK DOGRA,Unplanned,Closed,2026-05-11T01:30:00Z,2026-05-11T10:25:00Z,535
1838258,Border,GURDASPUR,11 KV Dhesian,Unplanned,Closed,2026-05-11T01:30:00Z,2026-05-11T05:45:00Z,255
1838257,Border,SUB URBAN AMRITSAR,11KV Granthgar,Unplanned,Closed,2026-05-11T01:30:00Z,2026-05-11T07:55:00Z,385
1838255,North,NAWANSHAHR,Bector Food,Unplanned,Closed,2026-05-11T01:30:00Z,2026-05-11T06:30:00Z,300
1838254,North,NAWANSHAHR,Court Complex,Unplanned,Closed,2026-05-11T01:30:00Z,2026-05-11T06:22:00Z,292
1838251,North,NAWANSHAHR,Friends Road,Unplanned,Closed,2026-05-11T01:30:00Z,2026-05-11T06:22:00Z,292
1838248,Border,SUB URBAN AMRITSAR,11KV City4,Unplanned,Closed,2026-05-11T01:30:00Z,2026-05-11T08:10:00Z,400
1838247,North,NAWANSHAHR,PTC,Unplanned,Closed,2026-05-11T01:30:00Z,2026-05-11T05:46:00Z,256
1838243,Border,SUB URBAN AMRITSAR,Gujjarpura,Unplanned,Active,2026-05-11T01:30:00Z,2026-05-11T11:00:00Z,570
1838242,North,NAWANSHAHR,Industry,Unplanned,Closed,2026-05-11T01:30:00Z,2026-05-11T05:58:00Z,268
1838241,Border,SUB URBAN AMRITSAR,Bhaka Hari Singh,Unplanned,Closed,2026-05-11T01:30:00Z,2026-05-11T09:30:00Z,480
1838239,North,NAWANSHAHR,Raiway road,Unplanned,Closed,2026-05-11T01:30:00Z,2026-05-11T06:10:00Z,280
1838236,North,NAWANSHAHR,Cremica,Unplanned,Closed,2026-05-11T01:30:00Z,2026-05-11T05:53:00Z,263
1838234,Border,SUB URBAN AMRITSAR,GUJJAPEER,Unplanned,Closed,2026-05-11T01:30:00Z,2026-05-11T11:01:00Z,571
1838233,North,NAWANSHAHR,Achan Chak,Unplanned,Closed,2026-05-11T01:30:00Z,2026-05-11T06:22:34Z,292
1838231,North,NAWANSHAHR,City,Unplanned,Closed,2026-05-11T01:30:00Z,2026-05-11T05:40:00Z,250
1838227,Border,SUB URBAN AMRITSAR,LAKHUWAL,Unplanned,Active,2026-05-11T01:30:00Z,2026-05-11T11:00:00Z,570
1838221,Border,SUB URBAN AMRITSAR,City-II,Unplanned,Closed,2026-05-11T01:30:00Z,2026-05-11T07:50:00Z,380
1838219,Border,SUB URBAN AMRITSAR,city-1,Unplanned,Closed,2026-05-11T01:30:00Z,2026-05-11T07:10:00Z,340
1838217,Border,GURDASPUR,Burma Shell,Unplanned,Closed,2026-05-11T01:30:00Z,2026-05-11T03:41:00Z,131
1838215,Border,GURDASPUR,Shah Colony,Unplanned,Closed,2026-05-11T01:30:00Z,2026-05-11T03:35:00Z,125
1838212,Border,GURDASPUR,Gandhi Chownk,Unplanned,Closed,2026-05-11T01:30:00Z,2026-05-11T03:15:00Z,105
1838209,Border,GURDASPUR,Prem Nagar,Unplanned,Closed,2026-05-11T01:30:00Z,2026-05-11T04:05:00Z,155
1838207,North,NAWANSHAHR,Urban Pattren,Unplanned,Closed,2026-05-11T01:30:00Z,2026-05-11T02:29:00Z,59
1838206,North,NAWANSHAHR,Bansian Dhak,Unplanned,Closed,2026-05-11T01:30:00Z,2026-05-11T02:29:00Z,59
1838205,North,NAWANSHAHR,11 KV UPS RAIPUR ARRIYIAN,Unplanned,Closed,2026-05-11T01:30:00Z,2026-05-11T02:29:00Z,59
1838201,North,NAWANSHAHR,UPS Katpalon,Unplanned,Closed,2026-05-11T01:30:00Z,2026-05-11T02:29:00Z,59
1838197,Border,SUB URBAN AMRITSAR,Gehri,Unplanned,Closed,2026-05-11T01:30:00Z,2026-05-11T08:00:00Z,390
1838181,Border,TARN TARAN,24 HRS UPS,Unplanned,Closed,2026-05-11T01:30:00Z,2026-05-11T07:45:00Z,375
1838156,North,HOSHIARPUR,milk plant,Unplanned,Closed,2026-05-11T01:30:00Z,2026-05-11T05:50:00Z,260
1838153,North,HOSHIARPUR,Salwara,Unplanned,Closed,2026-05-11T01:30:00Z,2026-05-11T02:29:00Z,59
1838149,North,HOSHIARPUR,Banjarbag,Unplanned,Closed,2026-05-11T01:30:00Z,2026-05-11T02:29:00Z,59
1838145,North,HOSHIARPUR,KOTWALI BAZAR,Unplanned,Closed,2026-05-11T01:30:00Z,2026-05-11T02:29:00Z,59
1838143,North,HOSHIARPUR,GUR MANDI,Unplanned,Closed,2026-05-11T01:30:00Z,2026-05-11T02:29:00Z,59
1838142,North,HOSHIARPUR,Jagatpura,Unplanned,Closed,2026-05-11T01:30:00Z,2026-05-11T02:29:00Z,59
1838132,North,HOSHIARPUR,Kamalpur,Unplanned,Closed,2026-05-11T01:28:00Z,2026-05-11T02:27:00Z,59
1838144,North,HOSHIARPUR,FATEHGARH,Unplanned,Closed,2026-05-11T01:26:00Z,2026-05-11T05:02:00Z,216
1838141,North,HOSHIARPUR,Ravidas Nagar feeder,Unplanned,Closed,2026-05-11T01:26:00Z,2026-05-11T02:34:00Z,68
1838140,North,HOSHIARPUR,D.C ROAD,Unplanned,Closed,2026-05-11T01:26:00Z,2026-05-11T02:34:00Z,68
1838139,North,HOSHIARPUR,11 KV Balkrishan Road,Unplanned,Closed,2026-05-11T01:26:00Z,2026-05-11T03:02:00Z,96
1838138,North,HOSHIARPUR,L I C,Unplanned,Closed,2026-05-11T01:26:00Z,2026-05-11T04:58:00Z,212
1838137,North,HOSHIARPUR,RED ROAD,Unplanned,Closed,2026-05-11T01:26:00Z,2026-05-11T01:46:00Z,20
1838136,North,HOSHIARPUR,COURT COMPLEX,Unplanned,Closed,2026-05-11T01:26:00Z,2026-05-11T01:46:00Z,20
1838134,North,HOSHIARPUR,GREEN VIEW PARK,Unplanned,Closed,2026-05-11T01:26:00Z,2026-05-11T03:03:00Z,97
1838265,North,NAWANSHAHR,City-2,Unplanned,Closed,2026-05-11T01:25:00Z,2026-05-11T02:10:00Z,45
1838264,North,NAWANSHAHR,City-1,Unplanned,Closed,2026-05-11T01:25:00Z,2026-05-11T02:10:00Z,45
1838263,North,NAWANSHAHR,Ramgarhia,Unplanned,Closed,2026-05-11T01:25:00Z,2026-05-11T02:10:00Z,45
1838262,North,NAWANSHAHR,Kamalpur,Unplanned,Closed,2026-05-11T01:25:00Z,2026-05-11T02:10:00Z,45
1838253,Border,SUB URBAN AMRITSAR,Urban Jandiala,Unplanned,Closed,2026-05-11T01:25:00Z,2026-05-11T02:05:00Z,40
1838249,Border,SUB URBAN AMRITSAR,UPS Janina,Unplanned,Closed,2026-05-11T01:25:00Z,2026-05-11T06:20:00Z,295
1838245,Border,SUB URBAN AMRITSAR,UPS Dharar,Unplanned,Closed,2026-05-11T01:25:00Z,2026-05-11T08:00:00Z,395
1838229,Border,GURDASPUR,24 Hrs Amipur,Unplanned,Closed,2026-05-11T01:25:00Z,2026-05-11T05:15:00Z,230
1838226,Border,GURDASPUR,24Hrs MOUR,Unplanned,Closed,2026-05-11T01:25:00Z,2026-05-11T05:35:00Z,250
1838225,Border,GURDASPUR,Heer,Unplanned,Closed,2026-05-11T01:25:00Z,2026-05-11T06:13:00Z,288
1838223,Border,GURDASPUR,24Hrs. Salimpur,Unplanned,Closed,2026-05-11T01:25:00Z,2026-05-11T05:15:00Z,230
1838214,Border,GURDASPUR,24Hrs. GUNIAN,Unplanned,Closed,2026-05-11T01:25:00Z,2026-05-11T06:45:00Z,320
1838213,North,NAWANSHAHR,Khehra,Unplanned,Closed,2026-05-11T01:25:00Z,2026-05-11T05:15:00Z,230
1838285,North,NAWANSHAHR,Bara Pind,Unplanned,Closed,2026-05-11T01:24:00Z,2026-05-11T04:26:00Z,182
1838189,Border,SUB URBAN AMRITSAR,Punjab Basmati,Unplanned,Closed,2026-05-11T01:24:00Z,2026-05-11T09:30:00Z,486
1838177,North,NAWANSHAHR,11 KV UPS KATANA,Unplanned,Closed,2026-05-11T01:23:00Z,2026-05-11T03:30:00Z,127
1838171,North,NAWANSHAHR,11 KV MANDI CAT 1,Unplanned,Closed,2026-05-11T01:23:00Z,2026-05-11T03:30:00Z,127
1838166,North,NAWANSHAHR,Urban Pattren,Unplanned,Closed,2026-05-11T01:23:00Z,2026-05-11T02:22:00Z,59
1838165,North,NAWANSHAHR,Apra,Unplanned,Closed,2026-05-11T01:23:00Z,2026-05-11T02:22:00Z,59
1838513,Border,SUB URBAN AMRITSAR,MAJITHA ROAD,Unplanned,Closed,2026-05-11T01:22:00Z,2026-05-11T01:54:00Z,32
1838296,North,NAWANSHAHR,Phagwara road,Unplanned,Closed,2026-05-11T01:22:00Z,2026-05-11T04:54:00Z,212
1838186,West,FARIDKOT,KANER,Unplanned,Closed,2026-05-11T01:22:00Z,2026-05-11T04:28:03Z,186
1838109,North,KAPURTHALA,URBAN KALA SANGHIAN,Unplanned,Closed,2026-05-11T01:22:00Z,2026-05-11T05:31:00Z,249
1838098,North,KAPURTHALA,Jallowal,Unplanned,Closed,2026-05-11T01:21:00Z,2026-05-11T05:54:00Z,273
1838867,West,FARIDKOT,11 KV SMALSAR CAT-01,Unplanned,Closed,2026-05-11T01:20:00Z,2026-05-11T09:05:00Z,465
1838794,Border,GURDASPUR,Beant Coll.,Unplanned,Closed,2026-05-11T01:20:00Z,2026-05-11T06:40:00Z,320
1838791,Border,GURDASPUR,KISHANPUR,Unplanned,Closed,2026-05-11T01:20:00Z,2026-05-11T05:55:00Z,275
1838790,Border,GURDASPUR,Sahowal,Unplanned,Closed,2026-05-11T01:20:00Z,2026-05-11T05:50:00Z,270
1838789,Border,GURDASPUR,Milk Plant,Unplanned,Closed,2026-05-11T01:20:00Z,2026-05-11T06:00:00Z,280
1838719,North,KAPURTHALA,UPS kANG SAHIB RAI,Unplanned,Closed,2026-05-11T01:20:00Z,2026-05-11T06:30:00Z,310
1838319,Border,GURDASPUR,24hrs Shuhar,Unplanned,Closed,2026-05-11T01:20:00Z,2026-05-11T10:20:00Z,540
1838157,Border,GURDASPUR,Thathi,Unplanned,Closed,2026-05-11T01:20:00Z,2026-05-11T05:55:00Z,275
1838154,North,NAWANSHAHR,MUTHADA UPS,Unplanned,Closed,2026-05-11T01:20:00Z,2026-05-11T02:19:00Z,59
1838152,North,NAWANSHAHR,Muthada urban,Unplanned,Closed,2026-05-11T01:20:00Z,2026-05-11T02:19:00Z,59
1838150,North,NAWANSHAHR,Dosanjh Khurd,Unplanned,Closed,2026-05-11T01:20:00Z,2026-05-11T02:19:00Z,59
1838147,North,NAWANSHAHR,Kang Arayian,Unplanned,Closed,2026-05-11T01:20:00Z,2026-05-11T02:19:00Z,59
1838146,North,NAWANSHAHR,Langria UPS,Unplanned,Closed,2026-05-11T01:20:00Z,2026-05-11T02:19:00Z,59
1838135,North,NAWANSHAHR,Urban Pattren UPS,Unplanned,Closed,2026-05-11T01:20:00Z,2026-05-11T05:57:00Z,277
1838133,North,NAWANSHAHR,Dosanjh UPS,Unplanned,Closed,2026-05-11T01:20:00Z,2026-05-11T05:55:00Z,275
1838291,North,NAWANSHAHR,Urban,Unplanned,Closed,2026-05-11T01:18:00Z,2026-05-11T03:35:00Z,137
1838288,North,NAWANSHAHR,Mauli,Unplanned,Closed,2026-05-11T01:18:00Z,2026-05-11T04:52:00Z,214
1838122,North,HOSHIARPUR,SUNDER NAGAR,Unplanned,Closed,2026-05-11T01:18:00Z,2026-05-11T07:45:00Z,387
1838114,North,HOSHIARPUR,MOUNT AVENUE,Unplanned,Closed,2026-05-11T01:18:00Z,2026-05-11T07:45:00Z,387
1838111,North,HOSHIARPUR,SHIVAM HOSPITAL,Unplanned,Closed,2026-05-11T01:18:00Z,2026-05-11T07:45:00Z,387
1838100,North,HOSHIARPUR,Sutehri Road,Unplanned,Closed,2026-05-11T01:18:00Z,2026-05-11T07:45:00Z,387
1838095,North,KAPURTHALA,UPS KOHALA,Unplanned,Closed,2026-05-11T01:18:00Z,2026-05-11T02:00:00Z,42
1838062,Border,SUB URBAN AMRITSAR,DOORDARSHAN,Unplanned,Active,2026-05-11T01:17:46Z,2026-05-11T14:00:00Z,762
1838060,Border,SUB URBAN AMRITSAR,Railway Station,Unplanned,Closed,2026-05-11T01:17:46Z,2026-05-11T09:39:00Z,501
1838056,Border,SUB URBAN AMRITSAR,BOP,Unplanned,Closed,2026-05-11T01:17:46Z,2026-05-11T09:38:00Z,500
1838055,Border,SUB URBAN AMRITSAR,ICP ATTARI,Unplanned,Closed,2026-05-11T01:17:46Z,2026-05-11T11:24:00Z,606
1838051,Border,SUB URBAN AMRITSAR,Hoshiar Nagar UPS,Unplanned,Active,2026-05-11T01:17:46Z,2026-05-11T14:00:00Z,762
1838087,Border,CITY AMRITSAR,KHOO BHALLA,Unplanned,Closed,2026-05-11T01:17:00Z,2026-05-11T02:15:00Z,58
1838081,North,HOSHIARPUR,11 KV AP KANDI PATIARIAN,Unplanned,Closed,2026-05-11T01:17:00Z,2026-05-11T03:15:00Z,118
1838078,North,HOSHIARPUR,11 KV Jahankhelan,Unplanned,Closed,2026-05-11T01:17:00Z,2026-05-11T03:15:00Z,118
1838079,North,HOSHIARPUR,K.J. International,Unplanned,Closed,2026-05-11T01:16:00Z,2026-05-11T02:15:00Z,59
1838075,North,HOSHIARPUR,FOCAL POINT KHUN-2KALAN,Unplanned,Closed,2026-05-11T01:16:00Z,2026-05-11T06:40:00Z,324
1838073,North,HOSHIARPUR,Harsipind UPS,Unplanned,Closed,2026-05-11T01:16:00Z,2026-05-11T09:30:00Z,494
1838072,North,HOSHIARPUR,khudda,Unplanned,Closed,2026-05-11T01:16:00Z,2026-05-11T02:15:00Z,59
1838071,North,HOSHIARPUR,KHUN-2 KALAN,Unplanned,Closed,2026-05-11T01:16:00Z,2026-05-11T06:40:00Z,324
1838068,North,HOSHIARPUR,KOLYA,Unplanned,Closed,2026-05-11T01:16:00Z,2026-05-11T09:10:00Z,474
1838066,North,HOSHIARPUR,RAMPUR,Unplanned,Closed,2026-05-11T01:16:00Z,2026-05-11T09:35:00Z,499
1838064,North,HOSHIARPUR,BASSI,Unplanned,Closed,2026-05-11T01:16:00Z,2026-05-11T06:15:00Z,299
1838058,North,HOSHIARPUR,FOCAL POINT,Unplanned,Closed,2026-05-11T01:16:00Z,2026-05-11T05:55:00Z,279
1838417,West,FARIDKOT,11KV KOT SUKHIA,Unplanned,Closed,2026-05-11T01:15:43Z,2026-05-11T07:40:15Z,384
1838237,Border,GURDASPUR,Hardochhanni,Unplanned,Closed,2026-05-11T01:15:00Z,2026-05-11T07:00:00Z,345
1838235,Border,GURDASPUR,LAKHOWAL,Unplanned,Closed,2026-05-11T01:15:00Z,2026-05-11T09:10:00Z,475
1838128,North,NAWANSHAHR,Rurka Kalan,Unplanned,Closed,2026-05-11T01:15:00Z,2026-05-11T02:14:00Z,59
1838127,North,NAWANSHAHR,Danduwal,Unplanned,Closed,2026-05-11T01:15:00Z,2026-05-11T08:30:00Z,435
1838126,North,NAWANSHAHR,Kahna Dhesian,Unplanned,Closed,2026-05-11T01:15:00Z,2026-05-11T06:40:25Z,325
1838125,North,NAWANSHAHR,Randhawa,Unplanned,Closed,2026-05-11T01:15:00Z,2026-05-11T06:40:00Z,325
1838123,North,JALANDHAR,11 KV LAW GATE FEEDER,Unplanned,Closed,2026-05-11T01:15:00Z,2026-05-11T02:12:00Z,57
1838120,North,JALANDHAR,Bhanoki Road,Unplanned,Closed,2026-05-11T01:15:00Z,2026-05-11T02:12:00Z,57
1838113,North,JALANDHAR,STARCH MILL,Unplanned,Closed,2026-05-11T01:15:00Z,2026-05-11T02:12:00Z,57
1838108,North,JALANDHAR,JANDAILI,Unplanned,Closed,2026-05-11T01:15:00Z,2026-05-11T02:12:00Z,57
1838107,North,JALANDHAR,SUKHAIN NAGAR,Unplanned,Closed,2026-05-11T01:15:00Z,2026-05-11T02:12:00Z,57
1838105,North,JALANDHAR,GT ROAD,Unplanned,Closed,2026-05-11T01:15:00Z,2026-05-11T02:12:00Z,57
1838104,North,JALANDHAR,INDUSTRY AREA,Unplanned,Closed,2026-05-11T01:15:00Z,2026-05-11T02:12:00Z,57
1838103,North,JALANDHAR,11 KV Tibbi Feeder,Unplanned,Closed,2026-05-11T01:15:00Z,2026-05-11T02:12:00Z,57
1838101,North,JALANDHAR,VIP,Unplanned,Closed,2026-05-11T01:15:00Z,2026-05-11T02:12:00Z,57
1838099,North,JALANDHAR,CITY2,Unplanned,Closed,2026-05-11T01:15:00Z,2026-05-11T02:12:00Z,57
1838097,North,JALANDHAR,CITY1,Unplanned,Closed,2026-05-11T01:15:00Z,2026-05-11T02:12:00Z,57
1838096,North,JALANDHAR,Bansan Bazaar,Unplanned,Closed,2026-05-11T01:15:00Z,2026-05-11T02:12:00Z,57
1838089,North,JALANDHAR,URBAN STATE,Unplanned,Closed,2026-05-11T01:15:00Z,2026-05-11T02:12:00Z,57
1838085,North,JALANDHAR,RING MAIN,Unplanned,Closed,2026-05-11T01:15:00Z,2026-05-11T02:12:00Z,57
1838084,North,JALANDHAR,Onkar nagar,Unplanned,Closed,2026-05-11T01:15:00Z,2026-05-11T02:12:00Z,57
1838083,North,JALANDHAR,ASHOK VIHAR,Unplanned,Closed,2026-05-11T01:15:00Z,2026-05-11T02:12:00Z,57
1838082,North,JALANDHAR,KLARWARA GATE,Unplanned,Closed,2026-05-11T01:15:00Z,2026-05-11T02:12:00Z,57
1838080,North,JALANDHAR,LINK FEEDER,Unplanned,Closed,2026-05-11T01:15:00Z,2026-05-11T02:12:00Z,57
1838077,North,JALANDHAR,LINK FEEDER,Unplanned,Closed,2026-05-11T01:15:00Z,2026-05-11T02:12:00Z,57
1838076,North,JALANDHAR,HSP ROAD,Unplanned,Closed,2026-05-11T01:15:00Z,2026-05-11T02:12:00Z,57
1838074,North,JALANDHAR,BABA GADHIYA,Unplanned,Closed,2026-05-11T01:15:00Z,2026-05-11T02:12:00Z,57
1838070,North,HOSHIARPUR,11 KV Narayan Nagar,Unplanned,Closed,2026-05-11T01:13:00Z,2026-05-11T03:10:00Z,117
1838069,North,HOSHIARPUR,KHARKAN,Unplanned,Closed,2026-05-11T01:13:00Z,2026-05-11T03:16:00Z,123
1838067,North,HOSHIARPUR,Bassi Gulam Hussian,Unplanned,Closed,2026-05-11T01:13:00Z,2026-05-11T03:10:00Z,117
1838065,North,HOSHIARPUR,service club,Unplanned,Closed,2026-05-11T01:13:00Z,2026-05-11T03:10:00Z,117
1838063,North,HOSHIARPUR,PB. AGRO,Unplanned,Closed,2026-05-11T01:13:00Z,2026-05-11T03:16:00Z,123
1838061,North,HOSHIARPUR,SSG. UNIVERCITY,Unplanned,Closed,2026-05-11T01:13:00Z,2026-05-11T03:10:00Z,117
1838059,North,HOSHIARPUR,BAJWARA,Unplanned,Closed,2026-05-11T01:13:00Z,2026-05-11T03:10:00Z,117
1838057,North,HOSHIARPUR,PRTC,Unplanned,Closed,2026-05-11T01:13:00Z,2026-05-11T03:10:00Z,117
1838054,North,HOSHIARPUR,NARA DADA,Unplanned,Closed,2026-05-11T01:13:00Z,2026-05-11T03:18:00Z,125
1838053,North,HOSHIARPUR,CHAUNNI,Unplanned,Closed,2026-05-11T01:13:00Z,2026-05-11T03:10:00Z,117
1838052,North,HOSHIARPUR,ASLAMABAD,Unplanned,Closed,2026-05-11T01:13:00Z,2026-05-11T04:23:00Z,190
1838050,North,HOSHIARPUR,SHIMLA PAHARI,Unplanned,Closed,2026-05-11T01:13:00Z,2026-05-11T03:10:00Z,117
1838015,Border,SUB URBAN AMRITSAR,Chh UPS,Unplanned,Closed,2026-05-11T01:12:40Z,2026-05-11T10:41:00Z,568
1838093,West,FARIDKOT,11 KV Mann Singh Wala UPS,Unplanned,Closed,2026-05-11T01:10:43Z,2026-05-11T07:19:00Z,368
1838463,Border,SUB URBAN AMRITSAR,UPS TARHPUR,Unplanned,Closed,2026-05-11T01:10:13Z,2026-05-11T08:36:13Z,446
1838462,Border,SUB URBAN AMRITSAR,mattewal,Unplanned,Closed,2026-05-11T01:10:13Z,2026-05-11T08:36:13Z,446
1838559,Border,SUB URBAN AMRITSAR,Bhararri Wal,Unplanned,Closed,2026-05-11T01:10:00Z,2026-05-11T03:45:00Z,155
1838556,Border,SUB URBAN AMRITSAR,Fathapur,Unplanned,Active,2026-05-11T01:10:00Z,2026-05-11T07:00:00Z,350
1838472,Border,SUB URBAN AMRITSAR,11 KV INDRA COLONY,Unplanned,Closed,2026-05-11T01:10:00Z,2026-05-11T09:00:00Z,470
1838446,Border,SUB URBAN AMRITSAR,SUNCITY,Unplanned,Closed,2026-05-11T01:10:00Z,2026-05-11T09:00:00Z,470
1838151,Border,GURDASPUR,Thathi,Unplanned,Closed,2026-05-11T01:10:00Z,2026-05-11T05:55:00Z,285
1838131,Border,GURDASPUR,Miani,Unplanned,Closed,2026-05-11T01:10:00Z,2026-05-11T06:10:00Z,300
1838124,North,HOSHIARPUR,FOCAL POINT,Unplanned,Closed,2026-05-11T01:10:00Z,2026-05-11T02:10:00Z,60
1838119,North,HOSHIARPUR,PURHIRAN URBAN,Unplanned,Closed,2026-05-11T01:10:00Z,2026-05-11T04:11:41Z,181
1838112,Border,GURDASPUR,Tahli Sahib,Unplanned,Closed,2026-05-11T01:10:00Z,2026-05-11T07:25:00Z,375
1838110,Border,GURDASPUR,Ganji,Unplanned,Closed,2026-05-11T01:10:00Z,2026-05-11T07:30:00Z,380
1838106,Border,GURDASPUR,Sadda,Unplanned,Closed,2026-05-11T01:10:00Z,2026-05-11T07:30:00Z,380
1838102,Border,GURDASPUR,BOP,Unplanned,Closed,2026-05-11T01:10:00Z,2026-05-11T07:35:00Z,385
1838094,North,HOSHIARPUR,AJJOWAL,Unplanned,Closed,2026-05-11T01:10:00Z,2026-05-11T02:10:00Z,60
1838092,North,HOSHIARPUR,Bhagowal,Unplanned,Closed,2026-05-11T01:10:00Z,2026-05-11T02:10:00Z,60
1838091,North,HOSHIARPUR,KAKKON,Unplanned,Closed,2026-05-11T01:10:00Z,2026-05-11T02:10:00Z,60
1838090,North,NAWANSHAHR,Mithra UPS,Unplanned,Closed,2026-05-11T01:10:00Z,2026-05-11T02:09:00Z,59
1838088,North,NAWANSHAHR,Ragomal Urban,Unplanned,Closed,2026-05-11T01:10:00Z,2026-05-11T02:09:00Z,59
1838086,North,NAWANSHAHR,Bundala Cat-1,Unplanned,Closed,2026-05-11T01:10:00Z,2026-05-11T02:09:00Z,59
1838039,North,HOSHIARPUR,BADLA,Unplanned,Closed,2026-05-11T01:10:00Z,2026-05-11T02:10:00Z,60
1838148,West,FARIDKOT,KHOSA KOTLA,Unplanned,Closed,2026-05-11T01:08:47Z,2026-05-11T01:59:55Z,51
1837995,Border,SUB URBAN AMRITSAR,Hoshiar Nagar Urban,Unplanned,Closed,2026-05-11T01:08:17Z,2026-05-11T08:52:00Z,463
1838160,Border,TARN TARAN,URBAN CIVIL HOSPITAL PATTI,Unplanned,Closed,2026-05-11T01:08:00Z,2026-05-11T06:30:00Z,322
1838159,Border,TARN TARAN,Urban Railway Station Patti,Unplanned,Closed,2026-05-11T01:08:00Z,2026-05-11T06:31:00Z,323
1838158,Border,TARN TARAN,URBAN GARDEN COLONY,Unplanned,Closed,2026-05-11T01:08:00Z,2026-05-11T04:25:57Z,197
1838038,North,HOSHIARPUR,BHKALA,Unplanned,Closed,2026-05-11T01:08:00Z,2026-05-11T05:25:00Z,257
1838034,North,HOSHIARPUR,LAMBRA,Unplanned,Closed,2026-05-11T01:08:00Z,2026-05-11T06:27:00Z,319
1838029,North,HOSHIARPUR,BULLOWAL,Unplanned,Closed,2026-05-11T01:08:00Z,2026-05-11T05:25:00Z,257
1838048,Border,CITY AMRITSAR,MEDICAL COLLEGE,Unplanned,Closed,2026-05-11T01:07:00Z,2026-05-11T03:02:00Z,115
1838045,Border,CITY AMRITSAR,SHIVALA ROAD,Unplanned,Closed,2026-05-11T01:07:00Z,2026-05-11T01:35:00Z,28
1838043,Border,CITY AMRITSAR,MALL ROAD,Unplanned,Closed,2026-05-11T01:07:00Z,2026-05-11T01:40:11Z,33
1838889,Border,SUB URBAN AMRITSAR,NAG KALAN Anaitpura,Unplanned,Closed,2026-05-11T01:06:39Z,2026-05-11T08:20:00Z,433
1838049,North,HOSHIARPUR,Motia Mill,Unplanned,Closed,2026-05-11T01:06:00Z,2026-05-11T07:45:00Z,399
1838047,North,HOSHIARPUR,KANDHALA JATTAN,Unplanned,Closed,2026-05-11T01:06:00Z,2026-05-11T09:10:00Z,484
1838046,North,HOSHIARPUR,Mokal,Unplanned,Closed,2026-05-11T01:06:00Z,2026-05-11T11:01:00Z,595
1838044,North,HOSHIARPUR,SALALA,Unplanned,Closed,2026-05-11T01:06:00Z,2026-05-11T07:50:00Z,404
1838042,North,HOSHIARPUR,LAROYA,Unplanned,Active,2026-05-11T01:06:00Z,2026-05-11T12:36:00Z,690
1838041,North,HOSHIARPUR,Chak Jhandu,Unplanned,Closed,2026-05-11T01:06:00Z,2026-05-11T09:30:00Z,504
1838040,North,HOSHIARPUR,Khozkipur,Unplanned,Closed,2026-05-11T01:06:00Z,2026-05-11T02:06:00Z,60
1838036,North,HOSHIARPUR,SUSANA,Unplanned,Closed,2026-05-11T01:06:00Z,2026-05-11T10:10:00Z,544
1838035,North,HOSHIARPUR,PAJJODEUTA,Unplanned,Closed,2026-05-11T01:06:00Z,2026-05-11T07:40:00Z,394
1838033,North,HOSHIARPUR,KHARDEHER,Unplanned,Closed,2026-05-11T01:06:00Z,2026-05-11T09:30:00Z,504
1838031,North,HOSHIARPUR,Soosa,Unplanned,Active,2026-05-11T01:06:00Z,2026-05-11T12:49:00Z,703
1838028,North,HOSHIARPUR,Victoria Dreamland,Unplanned,Closed,2026-05-11T01:06:00Z,2026-05-11T02:06:00Z,60
1838026,North,HOSHIARPUR,11 KV Shri Guru Nanak Nagar,Unplanned,Closed,2026-05-11T01:06:00Z,2026-05-11T07:20:00Z,374
1838024,North,HOSHIARPUR,BULLOWAL   NO    2,Unplanned,Closed,2026-05-11T01:06:00Z,2026-05-11T10:25:00Z,559
1838023,North,HOSHIARPUR,11KV SATOWALI,Unplanned,Active,2026-05-11T01:06:00Z,2026-05-11T13:00:00Z,714
1838021,North,HOSHIARPUR,GHUG,Unplanned,Closed,2026-05-11T01:06:00Z,2026-05-11T10:40:00Z,574
1838758,North,KAPURTHALA,Taj city,Unplanned,Closed,2026-05-11T01:05:00Z,2026-05-11T04:45:00Z,220
1838155,Border,SUB URBAN AMRITSAR,Guru AmarDass Avenue,Unplanned,Active,2026-05-11T01:05:00Z,2026-05-11T08:00:00Z,415
1838130,Border,SUB URBAN AMRITSAR,Kherabad,Unplanned,Closed,2026-05-11T01:05:00Z,2026-05-11T07:55:42Z,410
1838129,Border,SUB URBAN AMRITSAR,Holy City,Unplanned,Closed,2026-05-11T01:05:00Z,2026-05-11T06:30:00Z,325
1838037,North,JALANDHAR,DEFENCE COLONY NO.2,Unplanned,Closed,2026-05-11T01:05:00Z,2026-05-11T02:50:00Z,105
1838032,Border,SUB URBAN AMRITSAR,Sangrana Sahib,Unplanned,Closed,2026-05-11T01:05:00Z,2026-05-11T02:00:00Z,55
1838004,North,KAPURTHALA,UPS KHERA MANDIR,Unplanned,Closed,2026-05-11T01:04:00Z,2026-05-11T03:30:00Z,146
1838698,North,KAPURTHALA,11KV Kotla Jangan Cat 1,Unplanned,Closed,2026-05-11T01:03:00Z,2026-05-11T08:20:00Z,437
1838691,North,KAPURTHALA,UPS HERAN,Unplanned,Closed,2026-05-11T01:03:00Z,2026-05-11T07:25:00Z,382
1837945,Border,SUB URBAN AMRITSAR,WATER TREAT PLANT,Unplanned,Closed,2026-05-11T01:01:11Z,2026-05-11T08:02:00Z,420
1837944,Border,SUB URBAN AMRITSAR,BASERKAY GILLAN,Unplanned,Closed,2026-05-11T01:01:11Z,2026-05-11T07:30:00Z,388
1837962,North,JALANDHAR,11 KV Lal Kurti Feeder,Unplanned,Closed,2026-05-11T01:01:03Z,2026-05-11T04:35:03Z,214
1837960,North,JALANDHAR,DEEP NAGAR,Unplanned,Closed,2026-05-11T01:01:03Z,2026-05-11T05:40:03Z,279
1837953,North,JALANDHAR,DHANOWALI,Unplanned,Closed,2026-05-11T01:01:03Z,2026-05-11T05:40:03Z,279
1837951,North,JALANDHAR,RAMA MANDI,Unplanned,Closed,2026-05-11T01:01:03Z,2026-05-11T05:01:03Z,240
1837950,North,JALANDHAR,TV TOWER,Unplanned,Closed,2026-05-11T01:01:03Z,2026-05-11T05:55:03Z,294
1837949,North,JALANDHAR,PAP,Unplanned,Closed,2026-05-11T01:01:03Z,2026-05-11T04:58:03Z,237
1838787,Border,GURDASPUR,BABEHALI,Unplanned,Closed,2026-05-11T01:00:00Z,2026-05-11T08:09:00Z,429
1838786,Border,GURDASPUR,Pahra,Unplanned,Closed,2026-05-11T01:00:00Z,2026-05-11T08:16:00Z,436
1838121,Border,SUB URBAN AMRITSAR,Dashmesh Nagar,Unplanned,Closed,2026-05-11T01:00:00Z,2026-05-11T02:30:42Z,90
1838030,North,KAPURTHALA,11 KV urban Girl School,Unplanned,Closed,2026-05-11T01:00:00Z,2026-05-11T02:00:00Z,60
1838027,North,JALANDHAR,11KV HOUSING BOARD,Unplanned,Closed,2026-05-11T01:00:00Z,2026-05-11T02:00:00Z,60
1838025,North,HOSHIARPUR,11kv INDUSTRIAL HSP ROAD NASRALA,Unplanned,Closed,2026-05-11T01:00:00Z,2026-05-11T02:00:00Z,60
1838022,North,HOSHIARPUR,11 KV INDUSTRIAL NASRAL JAL RD,Unplanned,Closed,2026-05-11T01:00:00Z,2026-05-11T02:00:00Z,60
1838020,North,HOSHIARPUR,PEALAN,Unplanned,Closed,2026-05-11T01:00:00Z,2026-05-11T02:00:00Z,60
1838019,North,HOSHIARPUR,NEW TANDA ROAD,Unplanned,Closed,2026-05-11T01:00:00Z,2026-05-11T02:00:00Z,60
1838018,North,HOSHIARPUR,DASHMESH NAGAR,Unplanned,Closed,2026-05-11T01:00:00Z,2026-05-11T02:00:00Z,60
1838017,North,HOSHIARPUR,RAHIMPUR/SUNCITY,Unplanned,Closed,2026-05-11T01:00:00Z,2026-05-11T02:00:00Z,60
1838016,North,JALANDHAR,NEW MODEL TOWN,Unplanned,Closed,2026-05-11T01:00:00Z,2026-05-11T03:40:00Z,160
1838014,North,HOSHIARPUR,SATALITE DEOWAL,Unplanned,Closed,2026-05-11T01:00:00Z,2026-05-11T02:00:00Z,60
1838013,North,HOSHIARPUR,PIPLANWALA FOCAL POINT,Unplanned,Closed,2026-05-11T01:00:00Z,2026-05-11T02:00:00Z,60
1838011,North,JALANDHAR,NAKODER ROAD,Unplanned,Closed,2026-05-11T01:00:00Z,2026-05-11T02:42:00Z,102
1838010,Border,SUB URBAN AMRITSAR,Urban Ekalgada,Unplanned,Closed,2026-05-11T01:00:00Z,2026-05-11T09:00:00Z,480
1838009,North,JALANDHAR,Sudhama Vihar,Unplanned,Closed,2026-05-11T01:00:00Z,2026-05-11T05:34:00Z,274
1838006,Border,SUB URBAN AMRITSAR,UPS Chattiwind,Unplanned,Closed,2026-05-11T01:00:00Z,2026-05-11T06:41:00Z,341
1838003,Border,SUB URBAN AMRITSAR,TahlaSahib,Unplanned,Closed,2026-05-11T01:00:00Z,2026-05-11T06:35:00Z,335
1838002,North,JALANDHAR,GILL COLONY,Unplanned,Closed,2026-05-11T01:00:00Z,2026-05-11T02:00:00Z,60
1838001,North,JALANDHAR,BASTI DANISJMANDA,Unplanned,Closed,2026-05-11T01:00:00Z,2026-05-11T02:00:00Z,60
1837997,North,KAPURTHALA,CAT.1 TALWANDI MADHO,Unplanned,Closed,2026-05-11T01:00:00Z,2026-05-11T02:38:00Z,98
1837994,North,HOSHIARPUR,INDUSTRIAL,Unplanned,Closed,2026-05-11T01:00:00Z,2026-05-11T04:01:53Z,181
1837993,North,JALANDHAR,GOL MARKET,Unplanned,Closed,2026-05-11T01:00:00Z,2026-05-11T02:00:00Z,60
1837992,North,HOSHIARPUR,SHAM-84,Unplanned,Closed,2026-05-11T01:00:00Z,2026-05-11T04:37:22Z,217
1837991,North,HOSHIARPUR,JALBHEY,Unplanned,Closed,2026-05-11T01:00:00Z,2026-05-11T04:30:54Z,210
1837990,North,HOSHIARPUR,PATHRALIAN,Unplanned,Closed,2026-05-11T01:00:00Z,2026-05-11T04:32:01Z,212
1837988,North,HOSHIARPUR,TARAGARH,Unplanned,Closed,2026-05-11T01:00:00Z,2026-05-11T04:35:00Z,215
1837987,North,JALANDHAR,WARYAM NAGAR,Unplanned,Closed,2026-05-11T01:00:00Z,2026-05-11T02:00:00Z,60
1837946,Border,SUB URBAN AMRITSAR,Disposal,Unplanned,Closed,2026-05-11T01:00:00Z,2026-05-11T02:30:18Z,90
1838012,North,HOSHIARPUR,GHUG,Unplanned,Closed,2026-05-11T00:58:00Z,2026-05-11T10:40:00Z,582
1838008,North,HOSHIARPUR,BHOGPUR NO 2,Unplanned,Closed,2026-05-11T00:58:00Z,2026-05-11T07:15:00Z,377
1838007,North,HOSHIARPUR,SUDHANA,Unplanned,Closed,2026-05-11T00:58:00Z,2026-05-11T11:25:00Z,627
1838005,North,HOSHIARPUR,KALA BAKRA shared feeder,Unplanned,Active,2026-05-11T00:58:00Z,2026-05-11T02:11:00Z,73
1837965,Central,CITY EAST LUDHIANA,GURU NANAK DEV NAGAR,Unplanned,Closed,2026-05-11T00:58:00Z,2026-05-11T04:22:00Z,204
1837937,West,FARIDKOT,Sai Dham,Unplanned,Closed,2026-05-11T00:55:29Z,2026-05-11T01:53:54Z,58
1838000,North,HOSHIARPUR,DALLI shared feeder with s/divn,Unplanned,Active,2026-05-11T00:55:00Z,2026-05-11T12:42:00Z,707
1837998,North,HOSHIARPUR,Bhogpur,Unplanned,Closed,2026-05-11T00:55:00Z,2026-05-11T06:44:00Z,349
1837996,North,HOSHIARPUR,Ahiapur,Unplanned,Closed,2026-05-11T00:55:00Z,2026-05-11T05:45:00Z,290
1837989,Border,TARN TARAN,24 Hur. Sohal,Unplanned,Active,2026-05-11T00:55:00Z,2026-05-11T09:00:00Z,485
1837943,Border,SUB URBAN AMRITSAR,Kot khalsa,Unplanned,Closed,2026-05-11T00:55:00Z,2026-05-11T02:30:27Z,95
1837936,Border,SUB URBAN AMRITSAR,BABA NAHAR SINGH,Unplanned,Closed,2026-05-11T00:54:06Z,2026-05-11T08:17:00Z,442
1837935,Border,SUB URBAN AMRITSAR,BHUSSE,Unplanned,Closed,2026-05-11T00:54:06Z,2026-05-11T08:36:00Z,461
1837934,Border,SUB URBAN AMRITSAR,24 Hrs Rajatal,Unplanned,Closed,2026-05-11T00:54:06Z,2026-05-11T08:35:00Z,460
1837933,Border,SUB URBAN AMRITSAR,RAJATAL URBAN,Unplanned,Closed,2026-05-11T00:54:06Z,2026-05-11T08:37:00Z,462
1837932,Border,SUB URBAN AMRITSAR,RAJATAL BOP,Unplanned,Closed,2026-05-11T00:54:06Z,2026-05-11T08:18:00Z,443
1837930,Border,SUB URBAN AMRITSAR,BSF,Unplanned,Closed,2026-05-11T00:54:06Z,2026-05-11T07:23:00Z,388
1837921,Border,SUB URBAN AMRITSAR,11 KV WADALA,Unplanned,Closed,2026-05-11T00:54:06Z,2026-05-11T08:33:00Z,458
1837919,Border,SUB URBAN AMRITSAR,KOTLA UPS,Unplanned,Closed,2026-05-11T00:54:06Z,2026-05-11T07:12:00Z,377
1837986,North,JALANDHAR,MODEL TOWN,Unplanned,Closed,2026-05-11T00:52:00Z,2026-05-11T01:40:00Z,48
1837942,North,JALANDHAR,11KV GTB NAGAR,Unplanned,Closed,2026-05-11T00:52:00Z,2026-05-11T02:20:00Z,88
1837923,North,KAPURTHALA,URBAN MARKFED,Unplanned,Closed,2026-05-11T00:52:00Z,2026-05-11T04:39:00Z,227
1837941,North,HOSHIARPUR,SUKCHAINPUR,Unplanned,Closed,2026-05-11T00:50:00Z,2026-05-11T04:00:00Z,190
1837940,North,HOSHIARPUR,RAMGHAR,Unplanned,Closed,2026-05-11T00:50:00Z,2026-05-11T04:35:00Z,225
1837939,North,HOSHIARPUR,BHOL,Unplanned,Closed,2026-05-11T00:50:00Z,2026-05-11T04:35:00Z,225
1837914,North,KAPURTHALA,FACTORY AREA,Unplanned,Closed,2026-05-11T00:49:00Z,2026-05-11T02:15:00Z,86
1837913,Border,SUB URBAN AMRITSAR,Polytechnic,Unplanned,Closed,2026-05-11T00:47:00Z,2026-05-11T01:15:50Z,28
1837909,North,KAPURTHALA,URBAN SHEIKHUPUR,Unplanned,Closed,2026-05-11T00:47:00Z,2026-05-11T01:43:00Z,56
1838792,Border,SUB URBAN AMRITSAR,AZAD ROAD FEEDER,Unplanned,Closed,2026-05-11T00:45:00Z,2026-05-11T07:15:00Z,390
1837938,Border,TARN TARAN,CITY 1,Unplanned,Closed,2026-05-11T00:45:00Z,2026-05-11T01:10:00Z,25
1837928,Border,TARN TARAN,KAROWAL,Unplanned,Closed,2026-05-11T00:45:00Z,2026-05-11T07:50:00Z,425
1837931,North,KAPURTHALA,Guru Nanak Nagar URBAN,Unplanned,Closed,2026-05-11T00:44:00Z,2026-05-11T01:40:00Z,56
1837929,North,KAPURTHALA,AJIT NAGAR,Unplanned,Closed,2026-05-11T00:44:00Z,2026-05-11T01:40:00Z,56
1837922,North,KAPURTHALA,URBAN MOHABAT NAGAR,Unplanned,Closed,2026-05-11T00:44:00Z,2026-05-11T01:40:00Z,56
1837920,North,KAPURTHALA,URBAN CITY,Unplanned,Closed,2026-05-11T00:44:00Z,2026-05-11T01:40:00Z,56
1837918,North,KAPURTHALA,J.J. CLUB,Unplanned,Closed,2026-05-11T00:44:00Z,2026-05-11T01:40:00Z,56
1837917,North,KAPURTHALA,JALLOW KHANNA URBAN,Unplanned,Closed,2026-05-11T00:44:00Z,2026-05-11T01:40:00Z,56
1837916,North,KAPURTHALA,SHALIMAR JALANDHAR ROAD,Unplanned,Closed,2026-05-11T00:44:00Z,2026-05-11T01:40:00Z,56
1837915,North,KAPURTHALA,MALL ROAD URBAN,Unplanned,Closed,2026-05-11T00:44:00Z,2026-05-11T01:40:00Z,56
1837893,North,KAPURTHALA,Santpura,Unplanned,Closed,2026-05-11T00:44:00Z,2026-05-11T03:41:00Z,177
1837999,Border,TARN TARAN,BAWA SHOE,Unplanned,Closed,2026-05-11T00:40:00Z,2026-05-11T06:05:00Z,325
1837873,North,KAPURTHALA,preet nagar,Unplanned,Closed,2026-05-11T00:39:00Z,2026-05-11T03:42:00Z,183
1838388,Border,TARN TARAN,24 Hrs. UPS  ASSAL,Unplanned,Closed,2026-05-11T00:38:00Z,2026-05-11T09:20:00Z,522
1838386,Border,TARN TARAN,Adda Amarkot,Unplanned,Closed,2026-05-11T00:38:00Z,2026-05-11T02:27:46Z,109
1838385,Border,TARN TARAN,UPS Valtoha,Unplanned,Closed,2026-05-11T00:38:00Z,2026-05-11T09:12:00Z,514
1838851,North,KAPURTHALA,UPS MIRZAPUR,Unplanned,Closed,2026-05-11T00:35:00Z,2026-05-11T07:05:00Z,390
1838850,North,KAPURTHALA,UPS IBBRAHIMWAL,Unplanned,Closed,2026-05-11T00:35:00Z,2026-05-11T07:05:00Z,390
1838849,North,KAPURTHALA,UPS MAND,Unplanned,Closed,2026-05-11T00:35:00Z,2026-05-11T07:05:00Z,390
1837905,North,HOSHIARPUR,SANDPUR,Unplanned,Closed,2026-05-11T00:35:00Z,2026-05-11T04:40:00Z,245
1837904,North,HOSHIARPUR,DATARPUR,Unplanned,Closed,2026-05-11T00:35:00Z,2026-05-11T02:50:00Z,135
1837903,North,HOSHIARPUR,TALWARA,Unplanned,Closed,2026-05-11T00:35:00Z,2026-05-11T04:40:00Z,245
1837902,North,HOSHIARPUR,SHAH NEHAR,Unplanned,Closed,2026-05-11T00:35:00Z,2026-05-11T04:40:00Z,245
1837901,North,HOSHIARPUR,KAMHI DEVI,Unplanned,Closed,2026-05-11T00:35:00Z,2026-05-11T02:50:00Z,135
1837900,North,HOSHIARPUR,BHAMBOTAR,Unplanned,Closed,2026-05-11T00:35:00Z,2026-05-11T04:40:00Z,245
1837899,North,HOSHIARPUR,SATHWAN,Unplanned,Closed,2026-05-11T00:35:00Z,2026-05-11T04:25:00Z,230
1837832,Border,SUB URBAN AMRITSAR,UPS Chawinda,Unplanned,Active,2026-05-11T00:31:46Z,2026-05-11T14:00:00Z,808
1837831,Border,SUB URBAN AMRITSAR,11 KV BACHIWIND,Unplanned,Active,2026-05-11T00:31:46Z,2026-05-11T14:00:00Z,808
1838748,Border,TARN TARAN,RAILWAY STATION-II,Unplanned,Closed,2026-05-11T00:30:00Z,2026-05-11T05:40:00Z,310
1837865,North,HOSHIARPUR,NANGAL BIHALAN,Unplanned,Closed,2026-05-11T00:30:00Z,2026-05-11T06:35:00Z,365
1837856,North,HOSHIARPUR,WAZIRAN,Unplanned,Closed,2026-05-11T00:30:00Z,2026-05-11T05:50:00Z,320
1837855,North,HOSHIARPUR,HANDHWAL UPS,Unplanned,Closed,2026-05-11T00:30:00Z,2026-05-11T04:45:00Z,255
1837854,North,HOSHIARPUR,HAJIPUR,Unplanned,Closed,2026-05-11T00:30:00Z,2026-05-11T04:33:00Z,243
1837853,North,HOSHIARPUR,KHIZARPUR,Unplanned,Closed,2026-05-11T00:30:00Z,2026-05-11T04:35:00Z,245
1837852,North,HOSHIARPUR,MHP2,Unplanned,Closed,2026-05-11T00:30:00Z,2026-05-11T04:42:00Z,252
1837851,North,HOSHIARPUR,SAWAR,Unplanned,Closed,2026-05-11T00:30:00Z,2026-05-11T04:43:00Z,253
1837848,North,HOSHIARPUR,khunda,Unplanned,Closed,2026-05-11T00:30:00Z,2026-05-11T04:37:00Z,247
1837847,North,HOSHIARPUR,MPH NO. 3&4,Unplanned,Closed,2026-05-11T00:30:00Z,2026-05-11T06:55:00Z,385
1837844,North,JALANDHAR,GURU NANAK NAGAR,Unplanned,Closed,2026-05-11T00:30:00Z,2026-05-11T03:47:00Z,197
1838784,Border,GURDASPUR,Ghurala,Unplanned,Closed,2026-05-11T00:29:00Z,2026-05-11T07:30:00Z,421
1837830,Border,SUB URBAN AMRITSAR,Mohleke Urban,Unplanned,Closed,2026-05-11T00:25:49Z,2026-05-11T09:28:00Z,542
1837829,Border,SUB URBAN AMRITSAR,24 Hrs Mohleke,Unplanned,Active,2026-05-11T00:25:49Z,2026-05-11T14:00:00Z,814
1837828,Border,SUB URBAN AMRITSAR,24 HRS NAVODAYA,Unplanned,Closed,2026-05-11T00:25:49Z,2026-05-11T09:27:00Z,541
1837827,Border,SUB URBAN AMRITSAR,MUDH,Unplanned,Closed,2026-05-11T00:25:49Z,2026-05-11T09:40:00Z,554
1837898,Border,GURDASPUR,KISHANKOT UPS,Unplanned,Closed,2026-05-11T00:25:07Z,2026-05-11T04:27:00Z,241
1837897,Border,GURDASPUR,Rampur Talwara,Unplanned,Closed,2026-05-11T00:25:07Z,2026-05-11T04:25:00Z,239
1837896,Border,GURDASPUR,Withwan,Unplanned,Closed,2026-05-11T00:25:07Z,2026-05-11T04:27:00Z,241
1837895,Border,GURDASPUR,Cheema Khuddi,Unplanned,Closed,2026-05-11T00:25:07Z,2026-05-11T04:25:00Z,239
1837894,Border,GURDASPUR,Sri Hargobindpur,Unplanned,Closed,2026-05-11T00:25:07Z,2026-05-11T04:25:00Z,239
1838401,Border,TARN TARAN,JHENDER  UPS,Unplanned,Closed,2026-05-11T00:25:00Z,2026-05-11T06:30:00Z,365
1838400,Border,TARN TARAN,GHAT SAHIB URBAN,Unplanned,Closed,2026-05-11T00:25:00Z,2026-05-11T05:05:00Z,280
1837892,North,HOSHIARPUR,MUKERIAN,Unplanned,Closed,2026-05-11T00:25:00Z,2026-05-11T05:05:00Z,280
1837887,North,HOSHIARPUR,Urban qilla road,Unplanned,Closed,2026-05-11T00:25:00Z,2026-05-11T05:05:00Z,280
1837886,North,HOSHIARPUR,11KV Dagan UPS,Unplanned,Closed,2026-05-11T00:25:00Z,2026-05-11T04:35:00Z,250
1837885,North,HOSHIARPUR,Rest House,Unplanned,Closed,2026-05-11T00:25:00Z,2026-05-11T04:35:00Z,250
1837884,North,HOSHIARPUR,11KV SINGHPUR UPS,Unplanned,Closed,2026-05-11T00:25:00Z,2026-05-11T04:45:00Z,260
1837883,North,HOSHIARPUR,Model Town,Unplanned,Closed,2026-05-11T00:25:00Z,2026-05-11T04:35:00Z,250
1837882,North,HOSHIARPUR,Puda Colony,Unplanned,Closed,2026-05-11T00:25:00Z,2026-05-11T04:35:00Z,250
1837876,North,HOSHIARPUR,RAILWAY ROAD MUKERIAN,Unplanned,Closed,2026-05-11T00:25:00Z,2026-05-11T05:05:00Z,280
1837875,North,HOSHIARPUR,KOTLI,Unplanned,Closed,2026-05-11T00:25:00Z,2026-05-11T04:55:00Z,270
1837874,North,HOSHIARPUR,CHACK,Unplanned,Closed,2026-05-11T00:25:00Z,2026-05-11T07:20:00Z,415
1837846,North,HOSHIARPUR,11KV UPS TERKIANA,Unplanned,Closed,2026-05-11T00:25:00Z,2026-05-11T04:50:00Z,265
1837845,North,HOSHIARPUR,BHATIAN JATTAN,Unplanned,Closed,2026-05-11T00:25:00Z,2026-05-11T04:50:00Z,265
1837843,North,HOSHIARPUR,TANDA,Unplanned,Closed,2026-05-11T00:25:00Z,2026-05-11T04:50:00Z,265
1837842,North,HOSHIARPUR,DEVIDASS,Unplanned,Closed,2026-05-11T00:25:00Z,2026-05-11T04:50:00Z,265
1837841,North,HOSHIARPUR,11kv Chanour UPS,Unplanned,Closed,2026-05-11T00:25:00Z,2026-05-11T05:55:00Z,330
1837840,North,HOSHIARPUR,BUDHABAR,Unplanned,Closed,2026-05-11T00:25:00Z,2026-05-11T04:40:00Z,255
1837912,Border,GURDASPUR,BHAM UPS,Unplanned,Closed,2026-05-11T00:24:23Z,2026-05-11T07:25:23Z,421
1837911,Border,GURDASPUR,METLE,Unplanned,Closed,2026-05-11T00:24:23Z,2026-05-11T07:25:23Z,421
1837910,Border,GURDASPUR,BHARTH,Unplanned,Closed,2026-05-11T00:24:23Z,2026-05-11T07:24:23Z,420
1837908,Border,GURDASPUR,AB Sugar Mill,Unplanned,Closed,2026-05-11T00:24:05Z,2026-05-11T03:05:00Z,160
1837907,Border,GURDASPUR,Rajoa,Unplanned,Closed,2026-05-11T00:24:05Z,2026-05-11T03:05:00Z,160
1837906,Border,GURDASPUR,Dogar Mahesh,Unplanned,Closed,2026-05-11T00:24:05Z,2026-05-11T03:05:00Z,160
1837927,Border,GURDASPUR,College,Unplanned,Closed,2026-05-11T00:20:32Z,2026-05-11T02:40:00Z,139
1837926,Border,GURDASPUR,Sheh Bhattia,Unplanned,Closed,2026-05-11T00:20:32Z,2026-05-11T02:40:00Z,139
1837925,Border,GURDASPUR,Thakarwal,Unplanned,Closed,2026-05-11T00:20:32Z,2026-05-11T02:40:00Z,139
1837924,Border,GURDASPUR,DHINDSA,Unplanned,Closed,2026-05-11T00:20:32Z,2026-05-11T02:40:00Z,139
1837881,Border,GURDASPUR,NANGAL UPS,Unplanned,Closed,2026-05-11T00:20:12Z,2026-05-11T02:38:00Z,137
1837880,Border,GURDASPUR,Ghuman,Unplanned,Closed,2026-05-11T00:20:12Z,2026-05-11T02:38:00Z,137
1837879,Border,GURDASPUR,Bolewal,Unplanned,Closed,2026-05-11T00:20:12Z,2026-05-11T02:38:00Z,137
1837878,Border,GURDASPUR,NEW BALLARWAL UPS,Unplanned,Closed,2026-05-11T00:20:12Z,2026-05-11T02:48:00Z,147
1837877,Border,GURDASPUR,dakoha,Unplanned,Closed,2026-05-11T00:20:12Z,2026-05-11T02:38:00Z,137
1837872,Border,GURDASPUR,Gorsiya,Unplanned,Closed,2026-05-11T00:20:12Z,2026-05-11T01:20:12Z,60
1837871,Border,GURDASPUR,UPS Feeder,Unplanned,Closed,2026-05-11T00:20:12Z,2026-05-11T01:20:12Z,60
1837870,Border,GURDASPUR,Bhaini Mian Khan,Unplanned,Closed,2026-05-11T00:20:12Z,2026-05-11T01:20:12Z,60
1838780,Border,TARN TARAN,BABA BHATA,Unplanned,Closed,2026-05-11T00:20:00Z,2026-05-11T10:31:00Z,611
1838777,Border,TARN TARAN,THATHIAN UPS,Unplanned,Active,2026-05-11T00:20:00Z,2026-05-11T09:00:00Z,520
1838776,Border,TARN TARAN,BUTALA UPS,Unplanned,Active,2026-05-11T00:20:00Z,2026-05-11T09:00:00Z,520
1838774,Border,TARN TARAN,SATHIALA URBAN,Unplanned,Closed,2026-05-11T00:20:00Z,2026-05-11T06:55:00Z,395
1838746,Border,TARN TARAN,Budha Theh,Unplanned,Closed,2026-05-11T00:20:00Z,2026-05-11T10:25:00Z,605
1837839,North,HOSHIARPUR,PANKHUH,Unplanned,Closed,2026-05-11T00:20:00Z,2026-05-11T04:40:00Z,260
1837838,North,HOSHIARPUR,11Kv Bebhalmanj UPS,Unplanned,Closed,2026-05-11T00:20:00Z,2026-05-11T06:10:00Z,350
1837837,North,HOSHIARPUR,Rajpur Ups,Unplanned,Closed,2026-05-11T00:20:00Z,2026-05-11T06:35:00Z,375
1837836,North,HOSHIARPUR,PALAKI,Unplanned,Closed,2026-05-11T00:20:00Z,2026-05-11T06:25:00Z,365
1837835,North,HOSHIARPUR,11kV Jandwal UPS,Unplanned,Closed,2026-05-11T00:20:00Z,2026-05-11T06:05:00Z,345
1837834,North,HOSHIARPUR,MANJPUR,Unplanned,Closed,2026-05-11T00:20:00Z,2026-05-11T06:10:00Z,350
1837833,North,HOSHIARPUR,11Kv Mushabpur UPS,Unplanned,Closed,2026-05-11T00:20:00Z,2026-05-11T06:20:00Z,360
1837864,Border,GURDASPUR,Civil Line,Unplanned,Closed,2026-05-11T00:19:32Z,2026-05-11T05:10:00Z,290
1837863,Border,GURDASPUR,City,Unplanned,Closed,2026-05-11T00:19:32Z,2026-05-11T04:50:00Z,270
1837862,Border,GURDASPUR,RAILWAY ROAD CAT-1,Unplanned,Closed,2026-05-11T00:19:32Z,2026-05-11T04:52:00Z,272
1837861,Border,GURDASPUR,Dalla UPS,Unplanned,Closed,2026-05-11T00:19:32Z,2026-05-11T01:19:32Z,60
1837860,Border,GURDASPUR,11KV BUTTER UPS,Unplanned,Closed,2026-05-11T00:19:32Z,2026-05-11T01:19:32Z,60
1837859,Border,GURDASPUR,Basrawan,Unplanned,Closed,2026-05-11T00:19:32Z,2026-05-11T01:19:32Z,60
1837858,Border,GURDASPUR,I.T.I,Unplanned,Closed,2026-05-11T00:19:32Z,2026-05-11T01:19:32Z,60
1837857,Border,GURDASPUR,THEKERIWAL,Unplanned,Closed,2026-05-11T00:19:32Z,2026-05-11T01:19:32Z,60
1837808,Border,SUB URBAN AMRITSAR,24 HRS RANIA,Unplanned,Closed,2026-05-11T00:17:27Z,2026-05-11T09:56:00Z,578
1837802,Border,SUB URBAN AMRITSAR,LALIAN UPS,Unplanned,Active,2026-05-11T00:17:27Z,2026-05-11T14:00:00Z,822
1837801,Border,SUB URBAN AMRITSAR,24 Hrs Vehra,Unplanned,Active,2026-05-11T00:17:27Z,2026-05-11T14:00:00Z,822
1837800,Border,SUB URBAN AMRITSAR,URBAN KAKKAR,Unplanned,Closed,2026-05-11T00:17:27Z,2026-05-11T09:56:00Z,578
1837799,Border,SUB URBAN AMRITSAR,24 Hrs Pandori,Unplanned,Active,2026-05-11T00:17:27Z,2026-05-11T14:00:00Z,822
1837798,Border,SUB URBAN AMRITSAR,Chan Malah,Unplanned,Active,2026-05-11T00:17:27Z,2026-05-11T14:00:00Z,822
1837850,Border,GURDASPUR,11 KV Dhesian,Unplanned,Closed,2026-05-11T00:15:19Z,2026-05-11T01:21:00Z,65
1837849,Border,GURDASPUR,KOT DHANDHAL CAT-1,Unplanned,Closed,2026-05-11T00:15:19Z,2026-05-11T01:21:00Z,65
1838781,Border,GURDASPUR,Ghurala,Unplanned,Closed,2026-05-11T00:12:00Z,2026-05-11T07:30:00Z,438
1837869,Border,GURDASPUR,Roranwali 24 hrs.,Unplanned,Closed,2026-05-11T00:11:27Z,2026-05-11T07:55:27Z,464
1837868,Border,GURDASPUR,Kahnuwan City,Unplanned,Closed,2026-05-11T00:11:27Z,2026-05-11T01:11:27Z,60
1837867,Border,GURDASPUR,11 K.V UPS Balwanda,Unplanned,Closed,2026-05-11T00:11:27Z,2026-05-11T01:11:27Z,60
1837866,Border,GURDASPUR,Sathiali 24 hrs.,Unplanned,Closed,2026-05-11T00:11:27Z,2026-05-11T01:11:27Z,60
1838451,Border,SUB URBAN AMRITSAR,UPS Kot Khera,Unplanned,Closed,2026-05-11T00:10:43Z,2026-05-11T08:02:43Z,472
1838450,Border,SUB URBAN AMRITSAR,Tarsikka  Urban 2,Unplanned,Closed,2026-05-11T00:10:43Z,2026-05-11T08:02:43Z,472
1838449,Border,SUB URBAN AMRITSAR,UPS-3 Pandher,Unplanned,Closed,2026-05-11T00:10:43Z,2026-05-11T08:02:43Z,472
1838448,Border,SUB URBAN AMRITSAR,Urban 1 Tarsika,Unplanned,Closed,2026-05-11T00:10:43Z,2026-05-11T08:02:43Z,472
1838336,Border,SUB URBAN AMRITSAR,KOTLA URBAN,Unplanned,Active,2026-05-11T00:01:00Z,2026-05-11T08:00:00Z,479
1838334,Border,SUB URBAN AMRITSAR,Kaler Mangat,Unplanned,Closed,2026-05-11T00:01:00Z,2026-05-11T08:40:00Z,519
1838332,Border,SUB URBAN AMRITSAR,24 HORS TALWANDI,Unplanned,Closed,2026-05-11T00:01:00Z,2026-05-11T07:25:00Z,444
1838330,Border,SUB URBAN AMRITSAR,BABA BUDHA SAHIB,Unplanned,Active,2026-05-11T00:01:00Z,2026-05-11T08:00:00Z,479
1838327,Border,SUB URBAN AMRITSAR,KURALIAN UPS,Unplanned,Active,2026-05-11T00:01:00Z,2026-05-11T08:00:00Z,479
1837891,Border,SUB URBAN AMRITSAR,VERKA IND.1,Unplanned,Closed,2026-05-11T00:00:58Z,2026-05-11T00:59:58Z,59
1837890,Border,SUB URBAN AMRITSAR,VERKA IND.2,Unplanned,Closed,2026-05-11T00:00:58Z,2026-05-11T00:59:58Z,59
1837889,Border,SUB URBAN AMRITSAR,GURU NAGAR,Unplanned,Closed,2026-05-11T00:00:58Z,2026-05-11T00:59:58Z,59
1837888,Border,SUB URBAN AMRITSAR,GURUDWARA NANAKSAR,Unplanned,Closed,2026-05-11T00:00:58Z,2026-05-11T00:59:58Z,59
1837794,Border,SUB URBAN AMRITSAR,11 KV INDRA COLONY,Unplanned,Closed,2026-05-11T00:00:46Z,2026-05-11T00:59:46Z,59
1837793,Border,SUB URBAN AMRITSAR,11 kv GreenLand,Unplanned,Closed,2026-05-11T00:00:46Z,2026-05-11T00:59:46Z,59
1837792,Border,SUB URBAN AMRITSAR,SUNDER NAGAR,Unplanned,Closed,2026-05-11T00:00:46Z,2026-05-11T00:59:46Z,59
1837791,Border,SUB URBAN AMRITSAR,KASHMIR AVANUE,Unplanned,Closed,2026-05-11T00:00:46Z,2026-05-11T00:59:46Z,59
1837790,Border,SUB URBAN AMRITSAR,Mustafabaad,Unplanned,Closed,2026-05-11T00:00:46Z,2026-05-11T00:59:46Z,59
1837789,Border,SUB URBAN AMRITSAR,Tung pai,Unplanned,Closed,2026-05-11T00:00:46Z,2026-05-11T00:59:46Z,59
1837788,Border,SUB URBAN AMRITSAR,SUNCITY,Unplanned,Closed,2026-05-11T00:00:46Z,2026-05-11T00:59:46Z,59
1837787,Border,SUB URBAN AMRITSAR,PAWAN NAGAR,Unplanned,Closed,2026-05-11T00:00:46Z,2026-05-11T00:59:46Z,59
1837786,Border,SUB URBAN AMRITSAR,MALL MANDI,Unplanned,Closed,2026-05-11T00:00:46Z,2026-05-11T00:59:46Z,59
1837785,Border,SUB URBAN AMRITSAR,BATALA ROAD,Unplanned,Closed,2026-05-11T00:00:46Z,2026-05-11T00:59:46Z,59
1837784,Border,SUB URBAN AMRITSAR,Judge Nagar,Unplanned,Closed,2026-05-11T00:00:46Z,2026-05-11T00:59:46Z,59
1837783,Border,SUB URBAN AMRITSAR,A.S.FARM,Unplanned,Closed,2026-05-11T00:00:46Z,2026-05-11T00:59:46Z,59
1837782,Border,SUB URBAN AMRITSAR,MAJITHA ROAD,Unplanned,Closed,2026-05-11T00:00:46Z,2026-05-11T00:59:46Z,59
1837781,Border,SUB URBAN AMRITSAR,TRW-I,Unplanned,Closed,2026-05-11T00:00:46Z,2026-05-11T00:59:46Z,59
1837780,Border,SUB URBAN AMRITSAR,Escort Hospital,Unplanned,Closed,2026-05-11T00:00:46Z,2026-05-11T00:59:46Z,59
1837779,Border,SUB URBAN AMRITSAR,MILK PLANT,Unplanned,Closed,2026-05-11T00:00:46Z,2026-05-11T00:59:46Z,59
1837778,Border,SUB URBAN AMRITSAR,KHANNA NAGAR,Unplanned,Closed,2026-05-11T00:00:46Z,2026-05-11T00:59:46Z,59
1837777,Border,SUB URBAN AMRITSAR,Jagdambey Colony,Unplanned,Closed,2026-05-11T00:00:46Z,2026-05-11T00:59:46Z,59
1837776,Border,SUB URBAN AMRITSAR,NEHRU COLONY,Unplanned,Closed,2026-05-11T00:00:46Z,2026-05-11T00:59:46Z,59
1837775,Border,SUB URBAN AMRITSAR,VERKA COLONY,Unplanned,Closed,2026-05-11T00:00:46Z,2026-05-11T00:59:46Z,59
1837774,Border,SUB URBAN AMRITSAR,Banke bihari,Unplanned,Closed,2026-05-11T00:00:46Z,2026-05-11T00:59:46Z,59
1837773,Border,SUB URBAN AMRITSAR,SHIV NAGAR,Unplanned,Closed,2026-05-11T00:00:46Z,2026-05-11T00:59:46Z,59
1837818,Border,SUB URBAN AMRITSAR,88 feet road,Unplanned,Closed,2026-05-11T00:00:44Z,2026-05-11T10:22:44Z,622
1837817,Border,SUB URBAN AMRITSAR,11 kv Baba Deep Singh colony,Unplanned,Closed,2026-05-11T00:00:44Z,2026-05-11T04:40:44Z,280
1837816,Border,SUB URBAN AMRITSAR,11kv Gopal Mandir,Unplanned,Closed,2026-05-11T00:00:44Z,2026-05-11T10:31:44Z,631
1837815,Border,SUB URBAN AMRITSAR,Avtar Avenue,Unplanned,Closed,2026-05-11T00:00:44Z,2026-05-11T00:59:44Z,59
1837814,Border,SUB URBAN AMRITSAR,GHALA MALA CHOWNK,Unplanned,Closed,2026-05-11T00:00:44Z,2026-05-11T10:02:44Z,602
1837770,Border,SUB URBAN AMRITSAR,DIAMOND AVENUE,Unplanned,Closed,2026-05-11T00:00:08Z,2026-05-11T00:59:08Z,59
1837769,Border,SUB URBAN AMRITSAR,11 kv New Greenland,Unplanned,Closed,2026-05-11T00:00:08Z,2026-05-11T00:59:08Z,59
1837768,Border,SUB URBAN AMRITSAR,11 Kv Shere Punjab Avenue,Unplanned,Closed,2026-05-11T00:00:08Z,2026-05-11T00:59:08Z,59
1837767,Border,SUB URBAN AMRITSAR,Guru Har Rai avenue,Unplanned,Closed,2026-05-11T00:00:08Z,2026-05-11T00:59:08Z,59
1837766,Border,SUB URBAN AMRITSAR,BABA SHRI CHAND AVNUE,Unplanned,Closed,2026-05-11T00:00:08Z,2026-05-11T00:59:08Z,59
1837765,Border,SUB URBAN AMRITSAR,VEER GARDEN,Unplanned,Closed,2026-05-11T00:00:08Z,2026-05-11T00:59:08Z,59
1837764,Border,SUB URBAN AMRITSAR,SG enclave,Unplanned,Closed,2026-05-11T00:00:08Z,2026-05-11T00:59:08Z,59
1837763,Border,SUB URBAN AMRITSAR,POWER COLONY,Unplanned,Closed,2026-05-11T00:00:08Z,2026-05-11T00:59:08Z,59
1837762,Border,SUB URBAN AMRITSAR,M.E.S,Unplanned,Closed,2026-05-11T00:00:08Z,2026-05-11T00:59:08Z,59
1837761,Border,SUB URBAN AMRITSAR,Hari mandir,Unplanned,Closed,2026-05-11T00:00:08Z,2026-05-11T00:59:08Z,59
1837760,Border,SUB URBAN AMRITSAR,Palm vihar,Unplanned,Closed,2026-05-11T00:00:08Z,2026-05-11T00:59:08Z,59
1837759,Border,SUB URBAN AMRITSAR,GOPAL NAGAR,Unplanned,Closed,2026-05-11T00:00:08Z,2026-05-11T00:59:08Z,59
1837758,Border,SUB URBAN AMRITSAR,MAJITHA ROAD VERKA BYE PASS,Unplanned,Closed,2026-05-11T00:00:08Z,2026-05-11T00:59:08Z,59
1837757,Border,SUB URBAN AMRITSAR,silverstate,Unplanned,Closed,2026-05-11T00:00:08Z,2026-05-11T00:59:08Z,59
1837756,Border,SUB URBAN AMRITSAR,GOKAL NAGAR,Unplanned,Closed,2026-05-11T00:00:08Z,2026-05-11T00:59:08Z,59
1837797,Border,SUB URBAN AMRITSAR,KARAM PURA,Unplanned,Closed,2026-05-11T00:00:03Z,2026-05-11T00:59:03Z,59
1837796,Border,SUB URBAN AMRITSAR,CIVIL LINE DUPLICATE,Unplanned,Closed,2026-05-11T00:00:03Z,2026-05-11T00:59:03Z,59
1837795,Border,SUB URBAN AMRITSAR,MAJITHA ROAD BYE PASS,Unplanned,Closed,2026-05-11T00:00:03Z,2026-05-11T00:59:03Z,59
1837813,Border,SUB URBAN AMRITSAR,Faizpur,Unplanned,Closed,2026-05-11T00:00:00Z,2026-05-11T00:59:00Z,59
1837812,Border,SUB URBAN AMRITSAR,Trillium,Unplanned,Closed,2026-05-11T00:00:00Z,2026-05-11T00:59:00Z,59
1837811,Border,SUB URBAN AMRITSAR,11 kv Bhullar Avenue,Unplanned,Closed,2026-05-11T00:00:00Z,2026-05-11T00:59:00Z,59
1837810,Border,SUB URBAN AMRITSAR,MES,Unplanned,Closed,2026-05-11T00:00:00Z,2026-05-11T00:59:00Z,59
1837809,Border,SUB URBAN AMRITSAR,MEDICAL ENCLAVE,Unplanned,Closed,2026-05-11T00:00:00Z,2026-05-11T00:59:00Z,59
1837807,Border,SUB URBAN AMRITSAR,City 1,Unplanned,Closed,2026-05-11T00:00:00Z,2026-05-11T01:00:00Z,60
1837772,Border,SUB URBAN AMRITSAR,UPS/ MANAWALA,Unplanned,Closed,2026-05-11T00:00:00Z,2026-05-11T01:00:00Z,60
1837771,Border,SUB URBAN AMRITSAR,Mollechak,Unplanned,Closed,2026-05-11T00:00:00Z,2026-05-11T01:00:00Z,60
