outage_id,Zone,Circle,Feeder,Type of Outage,Status,Start Time,End Time,Diff in mins
1893858,North,JALANDHAR,11 KV New Ashok Nagar,Planned,Active,2026-07-10T14:00:00Z,2026-07-10T15:00:00Z,60
1893856,North,JALANDHAR,TEJ MOHAN NAGAR,Planned,Active,2026-07-10T14:00:00Z,2026-07-10T15:00:00Z,60
1893855,North,JALANDHAR,PRUTHI,Planned,Active,2026-07-10T14:00:00Z,2026-07-10T15:00:00Z,60
1893853,North,JALANDHAR,LINK ROAD,Planned,Active,2026-07-10T14:00:00Z,2026-07-10T15:00:00Z,60
1893762,Central,SUB URBAN LUDHIANA,PABBIAN UPS,Planned,Active,2026-07-10T12:00:00Z,2026-07-10T16:00:00Z,240
1893868,North,NAWANSHAHR,SIKANDERPUR,Unplanned,Active,2026-07-10T11:40:00Z,2026-07-10T13:40:00Z,120
1893869,South,PATIALA,NABHA NO.2,Unplanned,Closed,2026-07-10T11:30:00Z,2026-07-10T11:49:00Z,19
1893864,North,NAWANSHAHR,BIRAMPUR,Unplanned,Active,2026-07-10T11:25:00Z,2026-07-10T13:25:00Z,120
1893863,Central,CITY EAST LUDHIANA,New Sahibana,Unplanned,Active,2026-07-10T11:25:00Z,2026-07-10T12:10:00Z,45
1893857,North,JALANDHAR,11 KV Nagra,Unplanned,Closed,2026-07-10T11:16:00Z,2026-07-10T11:28:00Z,12
1893862,West,MUKATSAR,11 KV SARDARPURA UPS,Unplanned,Active,2026-07-10T11:15:10Z,2026-07-10T12:27:00Z,71
1893867,North,NAWANSHAHR,KUNAIL .,Unplanned,Active,2026-07-10T11:15:00Z,2026-07-10T13:15:00Z,120
1893861,Border,TARN TARAN,JAMA RAI UPS,Unplanned,Active,2026-07-10T11:15:00Z,2026-07-10T13:00:00Z,105
1893859,Border,TARN TARAN,FELLOKE,Unplanned,Active,2026-07-10T11:10:00Z,2026-07-10T13:00:00Z,110
1893866,West,BATHINDA,Mandi Khurd,Unplanned,Active,2026-07-10T11:05:00Z,2026-07-10T13:00:00Z,115
1893854,South,SANGRUR,Rajindrapuri,Unplanned,Active,2026-07-10T11:05:00Z,2026-07-10T13:00:00Z,115
1893848,Border,SUB URBAN AMRITSAR,GUMTALA,Unplanned,Active,2026-07-10T11:04:00Z,2026-07-10T11:24:00Z,20
1893850,West,FARIDKOT,JAITO CITY,Unplanned,Active,2026-07-10T11:01:00Z,2026-07-10T13:00:00Z,119
1893865,West,BATHINDA,HEERA,Planned,Active,2026-07-10T11:00:00Z,2026-07-10T14:00:00Z,180
1893860,West,FEROZPUR,Amritsari Gate,Planned,Active,2026-07-10T11:00:00Z,2026-07-10T12:33:00Z,93
1893851,South,SANGRUR,UBHIA UPS,Unplanned,Active,2026-07-10T11:00:00Z,2026-07-10T13:00:00Z,120
1893845,West,FARIDKOT,BATHINDA ROAD,Unplanned,Closed,2026-07-10T10:55:49Z,2026-07-10T11:18:00Z,22
1893849,East,ROPAR,Bassi,Unplanned,Closed,2026-07-10T10:55:00Z,2026-07-10T11:15:00Z,20
1893846,West,BATHINDA,RAMPURA,Planned,Active,2026-07-10T10:55:00Z,2026-07-10T13:30:00Z,155
1893842,South,BARNALA,GURUDWARA HAA DA NARA,Planned,Active,2026-07-10T10:50:00Z,2026-07-10T12:00:00Z,70
1893844,West,BATHINDA,BARNALA ROAD,Unplanned,Closed,2026-07-10T10:49:00Z,2026-07-10T11:30:00Z,41
1893843,Central,KHANNA,GOYAL MALLEABLES,Unplanned,Active,2026-07-10T10:48:55Z,2026-07-10T11:22:09Z,33
1893840,Central,KHANNA,ITI feeder,Unplanned,Active,2026-07-10T10:45:00Z,2026-07-10T12:00:00Z,75
1893841,East,ROPAR,HIYATPUR,Unplanned,Closed,2026-07-10T10:39:00Z,2026-07-10T11:10:00Z,31
1893837,Central,CITY EAST LUDHIANA,JAIL ROAD,Unplanned,Closed,2026-07-10T10:39:00Z,2026-07-10T11:20:00Z,41
1893835,Central,KHANNA,Shastri Nagar,Planned,Active,2026-07-10T10:38:00Z,2026-07-10T12:38:00Z,120
1893838,West,BATHINDA,Sahnewali ups III,Planned,Active,2026-07-10T10:35:00Z,2026-07-10T12:00:00Z,85
1893839,North,JALANDHAR,Railway Road,Unplanned,Active,2026-07-10T10:34:00Z,2026-07-10T12:00:00Z,86
1893831,North,KAPURTHALA,URBAN Malsian,Unplanned,Active,2026-07-10T10:32:00Z,2026-07-10T12:15:00Z,103
1893836,South,PATIALA,BSNL,Unplanned,Closed,2026-07-10T10:30:00Z,2026-07-10T10:50:00Z,20
1893829,Border,GURDASPUR,24Hrs U.P.S. KOTLA CHAHAL,Unplanned,Closed,2026-07-10T10:30:00Z,2026-07-10T10:55:00Z,25
1893827,East,MOHALI,11 KV Feeder sec 66 B,Planned,Active,2026-07-10T10:30:00Z,2026-07-10T12:29:00Z,119
1893824,Border,GURDASPUR,GAJIKOT,Unplanned,Closed,2026-07-10T10:26:00Z,2026-07-10T11:20:00Z,54
1893834,South,SANGRUR,11 KV CHEEMA URBAN,Unplanned,Active,2026-07-10T10:25:00Z,2026-07-10T12:30:00Z,125
1893833,Central,KHANNA,RAM RAJAYA,Unplanned,Active,2026-07-10T10:25:00Z,2026-07-10T12:00:00Z,95
1893830,North,HOSHIARPUR,11KV SINGHPUR UPS,Unplanned,Closed,2026-07-10T10:25:00Z,2026-07-10T11:15:00Z,50
1893823,Border,GURDASPUR,TALIBPUR,Unplanned,Closed,2026-07-10T10:25:00Z,2026-07-10T11:20:00Z,55
1893821,South,SANGRUR,BALIAL (BHATTI),Unplanned,Active,2026-07-10T10:21:43Z,2026-07-10T10:50:11Z,28
1893832,West,FEROZPUR,HABIB WALA,Unplanned,Closed,2026-07-10T10:21:00Z,2026-07-10T11:18:00Z,57
1893828,West,FARIDKOT,11 KV BAGHAPURANA URBAN CAT-01,Unplanned,Closed,2026-07-10T10:21:00Z,2026-07-10T11:24:00Z,63
1893822,Central,CITY EAST LUDHIANA,SAHIBANA,Unplanned,Closed,2026-07-10T10:20:00Z,2026-07-10T11:00:00Z,40
1893826,East,MOHALI,11KV AEROCITY-2,Unplanned,Active,2026-07-10T10:18:00Z,2026-07-10T11:00:00Z,42
1893819,East,Zirakpur,JEOLY,Unplanned,Closed,2026-07-10T10:16:45Z,2026-07-10T11:23:10Z,66
1893847,Border,CITY AMRITSAR,11 KV Chabbal Road,Planned,Active,2026-07-10T10:16:21Z,2026-07-10T13:03:42Z,167
1893820,North,KAPURTHALA,UPS Ajtani,Unplanned,Closed,2026-07-10T10:15:00Z,2026-07-10T11:35:00Z,80
1893817,North,HOSHIARPUR,PANDORI,Unplanned,Closed,2026-07-10T10:15:00Z,2026-07-10T11:00:00Z,45
1893825,East,MOHALI,Badmajra,Unplanned,Closed,2026-07-10T10:09:00Z,2026-07-10T10:40:00Z,31
1893818,East,Zirakpur,SAVITRYGREEN,Unplanned,Active,2026-07-10T10:07:00Z,2026-07-10T12:00:00Z,113
1893813,Border,GURDASPUR,SUNIYA 24hrs,Unplanned,Closed,2026-07-10T10:05:00Z,2026-07-10T11:10:00Z,65
1893811,North,HOSHIARPUR,KOTLA,Unplanned,Closed,2026-07-10T10:05:00Z,2026-07-10T11:00:00Z,55
1893812,West,FEROZPUR,URBAN MEHAMA,Planned,Closed,2026-07-10T10:04:00Z,2026-07-10T11:27:00Z,83
1893816,South,PATIALA,11 KV UPS Assmanpur,Unplanned,Closed,2026-07-10T10:02:00Z,2026-07-10T11:20:00Z,78
1893810,Border,SUB URBAN AMRITSAR,URBAN KAKKAR,Unplanned,Active,2026-07-10T10:00:00Z,2026-07-10T14:00:00Z,240
1893809,West,BATHINDA,NEHIAN WALA,Planned,Closed,2026-07-10T10:00:00Z,2026-07-10T11:00:00Z,60
1893796,North,HOSHIARPUR,KHARDEHER,Planned,Active,2026-07-10T10:00:00Z,2026-07-10T12:00:00Z,120
1893815,West,BATHINDA,CHUGE KHURD UPS,Unplanned,Closed,2026-07-10T09:58:00Z,2026-07-10T11:30:05Z,92
1893808,North,HOSHIARPUR,DHOOT KALAN,Unplanned,Closed,2026-07-10T09:55:00Z,2026-07-10T10:15:00Z,20
1893807,North,HOSHIARPUR,CHACK NUR ALI,Unplanned,Closed,2026-07-10T09:55:00Z,2026-07-10T10:15:00Z,20
1893805,Central,CITY WEST LUDHIANA,JAWADDI,Planned,Closed,2026-07-10T09:54:13Z,2026-07-10T10:39:33Z,45
1893804,North,NAWANSHAHR,Ragomal Urban,Unplanned,Active,2026-07-10T09:51:00Z,2026-07-10T12:00:00Z,129
1893803,North,HOSHIARPUR,BASSI,Unplanned,Closed,2026-07-10T09:40:00Z,2026-07-10T10:10:00Z,30
1893800,Border,GURDASPUR,Civil Hospital,Unplanned,Active,2026-07-10T09:40:00Z,2026-07-10T13:00:00Z,200
1893799,Central,CITY EAST LUDHIANA,RISHI FABRICS,Unplanned,Closed,2026-07-10T09:40:00Z,2026-07-10T10:20:00Z,40
1893814,Border,GURDASPUR,BHOA,Unplanned,Active,2026-07-10T09:35:00Z,2026-07-10T11:45:00Z,130
1893802,Border,GURDASPUR,PASSNAWAL,Unplanned,Closed,2026-07-10T09:35:00Z,2026-07-10T11:30:00Z,115
1893801,North,HOSHIARPUR,Lalpur,Unplanned,Closed,2026-07-10T09:35:00Z,2026-07-10T09:53:00Z,18
1893798,North,JALANDHAR,MANDI ROAD,Unplanned,Closed,2026-07-10T09:35:00Z,2026-07-10T10:00:00Z,25
1893797,South,BARNALA,NABHA ROAD INDUSTRY,Unplanned,Closed,2026-07-10T09:30:00Z,2026-07-10T10:10:00Z,40
1893423,Central,SUB URBAN LUDHIANA,Urban Raikot Adda ( City-1),Planned,Active,2026-07-10T09:30:00Z,2026-07-10T12:30:00Z,180
1893806,Border,SUB URBAN AMRITSAR,G.T.Road,Unplanned,Closed,2026-07-10T09:20:00Z,2026-07-10T09:50:52Z,30
1893795,Central,CITY EAST LUDHIANA,THAPER ISPAT,Unplanned,Closed,2026-07-10T09:16:00Z,2026-07-10T09:50:00Z,34
1893794,Border,GURDASPUR,Kot Todermal,Unplanned,Closed,2026-07-10T09:13:00Z,2026-07-10T10:20:00Z,67
1893793,Border,GURDASPUR,11KV BUTTER UPS,Unplanned,Closed,2026-07-10T09:13:00Z,2026-07-10T10:20:00Z,67
1893792,Border,GURDASPUR,THEKERIWAL,Unplanned,Closed,2026-07-10T09:13:00Z,2026-07-10T10:20:00Z,67
1893791,Border,GURDASPUR,CITY 2,Unplanned,Closed,2026-07-10T09:10:00Z,2026-07-10T09:43:00Z,33
1893785,North,KAPURTHALA,UPS TANDA AURA,Unplanned,Closed,2026-07-10T09:05:00Z,2026-07-10T09:55:00Z,50
1893784,East,ROPAR,11KV CGC JHANJHERI,Unplanned,Closed,2026-07-10T09:05:00Z,2026-07-10T09:30:00Z,25
1893783,North,NAWANSHAHR,PANYALI,Unplanned,Closed,2026-07-10T09:05:00Z,2026-07-10T09:45:00Z,40
1893781,West,BATHINDA,11 KV Kulrian Urban,Unplanned,Closed,2026-07-10T09:05:00Z,2026-07-10T10:00:00Z,55
1893780,Border,GURDASPUR,ARYA NAGAR,Unplanned,Closed,2026-07-10T09:03:00Z,2026-07-10T10:35:00Z,92
1893788,South,SANGRUR,Gidriani C-1,Planned,Closed,2026-07-10T09:01:59Z,2026-07-10T09:55:59Z,54
1893787,South,SANGRUR,Haryou UPS,Planned,Closed,2026-07-10T09:01:59Z,2026-07-10T09:55:59Z,54
1893790,South,SANGRUR,24 HRS. DASKA,Planned,Closed,2026-07-10T09:01:41Z,2026-07-10T09:55:41Z,54
1893789,South,SANGRUR,Daska C-1,Planned,Closed,2026-07-10T09:01:41Z,2026-07-10T09:55:41Z,54
1893786,North,HOSHIARPUR,khudda,Unplanned,Closed,2026-07-10T09:00:00Z,2026-07-10T09:35:00Z,35
1893782,North,NAWANSHAHR,JADALI,Unplanned,Closed,2026-07-10T08:50:00Z,2026-07-10T09:10:00Z,20
1893779,East,ROPAR,Chandigarh Road category-1,Unplanned,Closed,2026-07-10T08:40:00Z,2026-07-10T09:20:00Z,40
1893778,East,ROPAR,Gani Khan Nabi Khan,Unplanned,Closed,2026-07-10T08:40:00Z,2026-07-10T09:15:00Z,35
1893777,Central,KHANNA,Bija Urban,Unplanned,Closed,2026-07-10T08:38:00Z,2026-07-10T09:35:00Z,57
1893775,Border,TARN TARAN,URBAN MES & HEAD WORKS,Unplanned,Closed,2026-07-10T08:30:00Z,2026-07-10T08:40:00Z,10
1893776,Border,SUB URBAN AMRITSAR,RANEWALI UPS,Unplanned,Closed,2026-07-10T08:20:00Z,2026-07-10T10:55:00Z,155
1893773,Central,CITY EAST LUDHIANA,IQBAL GANJ,Unplanned,Closed,2026-07-10T08:18:00Z,2026-07-10T08:39:00Z,21
1893774,West,FARIDKOT,BURJ JAWAHAR SINGH WALA,Unplanned,Closed,2026-07-10T08:15:00Z,2026-07-10T10:10:44Z,115
1893770,Border,SUB URBAN AMRITSAR,Hoshiar Nagar UPS,Unplanned,Closed,2026-07-10T08:10:00Z,2026-07-10T10:41:00Z,151
1893769,Central,KHANNA,Nandi Colony,Unplanned,Closed,2026-07-10T08:10:00Z,2026-07-10T09:22:00Z,72
1893771,Central,KHANNA,SALANA UPS,Unplanned,Closed,2026-07-10T08:06:00Z,2026-07-10T08:40:00Z,34
1893772,West,FARIDKOT,Kotkapura-I,Unplanned,Closed,2026-07-10T08:02:42Z,2026-07-10T08:40:21Z,37
1893768,Border,TARN TARAN,JAWANDY KHURD,Unplanned,Closed,2026-07-10T08:01:00Z,2026-07-10T08:15:00Z,14
1893765,Central,SUB URBAN LUDHIANA,Kot Umra,Planned,Closed,2026-07-10T07:52:00Z,2026-07-10T10:00:00Z,128
1893766,Central,KHANNA,Mahpur,Unplanned,Closed,2026-07-10T07:45:00Z,2026-07-10T08:30:00Z,45
1893767,Border,GURDASPUR,Kotli,Unplanned,Closed,2026-07-10T07:35:00Z,2026-07-10T10:45:00Z,190
1893764,North,JALANDHAR,HSP ROAD,Unplanned,Closed,2026-07-10T07:30:00Z,2026-07-10T09:00:00Z,90
1893763,East,MOHALI,MOULI,Unplanned,Closed,2026-07-10T07:25:00Z,2026-07-10T10:07:00Z,162
1893758,West,MUKATSAR,Bikaneri Road,Planned,Closed,2026-07-10T07:15:12Z,2026-07-10T08:26:15Z,71
1893761,West,FEROZPUR,INDUSTRIAL,Planned,Closed,2026-07-10T07:15:00Z,2026-07-10T08:15:00Z,60
1893760,East,Zirakpur,PREET COLONY,Unplanned,Closed,2026-07-10T07:10:00Z,2026-07-10T08:15:00Z,65
1893759,Border,GURDASPUR,Khanpur,Unplanned,Closed,2026-07-10T07:10:00Z,2026-07-10T08:25:00Z,75
1893756,West,FARIDKOT,SUNDER NAGAR,Unplanned,Closed,2026-07-10T07:07:48Z,2026-07-10T08:07:14Z,59
1893757,North,JALANDHAR,NEW SHANKAR,Unplanned,Closed,2026-07-10T06:57:00Z,2026-07-10T08:50:00Z,113
1893752,North,JALANDHAR,CHANDERSEN,Unplanned,Closed,2026-07-10T06:47:00Z,2026-07-10T06:58:00Z,11
1893751,North,JALANDHAR,King city,Unplanned,Closed,2026-07-10T06:47:00Z,2026-07-10T06:58:00Z,11
1893753,South,PATIALA,UPS TEPLA,Unplanned,Active,2026-07-10T06:45:00Z,2026-07-10T09:00:00Z,135
1893747,South,PATIALA,Jain Ice,Unplanned,Closed,2026-07-10T06:37:18Z,2026-07-10T07:13:35Z,36
1893746,South,PATIALA,Ram Ashram,Unplanned,Closed,2026-07-10T06:37:18Z,2026-07-10T07:05:47Z,28
1893745,South,PATIALA,SULAR,Unplanned,Closed,2026-07-10T06:37:18Z,2026-07-10T08:34:27Z,117
1893743,East,MOHALI,Sec 56,Unplanned,Closed,2026-07-10T06:35:38Z,2026-07-10T07:01:07Z,25
1893750,West,FARIDKOT,BUDH RAM URBAN,Unplanned,Closed,2026-07-10T06:30:59Z,2026-07-10T07:53:56Z,82
1893744,South,BARNALA,GREWAL UPS,Unplanned,Closed,2026-07-10T06:30:00Z,2026-07-10T09:30:00Z,180
1893742,South,SANGRUR,CITY-5,Unplanned,Closed,2026-07-10T06:20:00Z,2026-07-10T07:19:00Z,59
1893749,Border,TARN TARAN,UPS DHARIWAL,Unplanned,Closed,2026-07-10T06:15:00Z,2026-07-10T08:20:00Z,125
1893741,East,Zirakpur,SAINI VIHAR,Unplanned,Closed,2026-07-10T06:15:00Z,2026-07-10T07:35:00Z,80
1893740,West,FARIDKOT,AJITWAL URBAN 2,Unplanned,Closed,2026-07-10T06:14:53Z,2026-07-10T07:35:49Z,80
1893748,Border,TARN TARAN,URBAN BOPARAI,Unplanned,Closed,2026-07-10T06:10:00Z,2026-07-10T08:30:00Z,140
1893738,North,NAWANSHAHR,GARHI,Unplanned,Closed,2026-07-10T06:07:00Z,2026-07-10T06:25:00Z,18
1893739,South,SANGRUR,11 KV BHRAMKUMARI,Unplanned,Closed,2026-07-10T05:57:00Z,2026-07-10T07:33:00Z,96
1893733,North,NAWANSHAHR,JHUNGI,Unplanned,Closed,2026-07-10T05:48:00Z,2026-07-10T06:05:00Z,17
1893737,East,MOHALI,TDI,Unplanned,Closed,2026-07-10T05:47:00Z,2026-07-10T09:20:00Z,213
1893734,South,SANGRUR,11 KV CHEEMA URBAN,Unplanned,Closed,2026-07-10T05:46:00Z,2026-07-10T06:56:00Z,70
1893736,East,MOHALI,MOHIKALAN UPS,Unplanned,Closed,2026-07-10T05:35:00Z,2026-07-10T06:30:00Z,55
1893727,Border,GURDASPUR,24Hrs SUPPLY SEKHWAN,Unplanned,Closed,2026-07-10T05:35:00Z,2026-07-10T07:10:00Z,95
1893729,West,MUKATSAR,11 KV Patrewala,Unplanned,Closed,2026-07-10T05:30:00Z,2026-07-10T06:15:00Z,45
1893730,East,Zirakpur,11 KV Aero Home Feeder,Unplanned,Closed,2026-07-10T05:25:00Z,2026-07-10T07:50:00Z,145
1893728,East,Zirakpur,RANBAXY,Unplanned,Closed,2026-07-10T05:25:00Z,2026-07-10T07:58:00Z,153
1893722,East,MOHALI,11 KV Sec 59,Unplanned,Closed,2026-07-10T05:15:27Z,2026-07-10T07:09:23Z,113
1893726,East,Zirakpur,11 KV AMBALA ROAD,Unplanned,Closed,2026-07-10T05:14:00Z,2026-07-10T07:54:00Z,160
1893720,South,PATIALA,Hot Line (Samana),Unplanned,Closed,2026-07-10T05:11:00Z,2026-07-10T09:28:00Z,257
1893721,East,Zirakpur,KALKA ROAD,Unplanned,Closed,2026-07-10T05:06:00Z,2026-07-10T06:46:00Z,100
1893725,East,Zirakpur,ORBIT,Unplanned,Closed,2026-07-10T05:04:00Z,2026-07-10T07:51:00Z,167
1893724,East,Zirakpur,ZIRAKPUR-1,Unplanned,Closed,2026-07-10T05:02:00Z,2026-07-10T06:02:00Z,60
1893755,South,PATIALA,PUNJLAND,Unplanned,Closed,2026-07-10T05:00:00Z,2026-07-10T07:00:00Z,120
1893731,East,Zirakpur,THAPAR UNIVERSITY,Unplanned,Closed,2026-07-10T04:58:00Z,2026-07-10T08:45:00Z,227
1893735,East,MOHALI,64-C,Unplanned,Closed,2026-07-10T04:48:00Z,2026-07-10T07:04:01Z,136
1893718,East,Zirakpur,HARMILAP NAGAR,Unplanned,Closed,2026-07-10T04:45:00Z,2026-07-10T06:25:00Z,100
1893715,Border,TARN TARAN,BUTARI URBAN,Unplanned,Closed,2026-07-10T04:45:00Z,2026-07-10T09:10:00Z,265
1893723,East,MOHALI,11 KV Industrial-3,Unplanned,Closed,2026-07-10T04:44:00Z,2026-07-10T06:45:34Z,121
1893719,East,Zirakpur,GBM,Unplanned,Closed,2026-07-10T04:40:00Z,2026-07-10T05:10:00Z,30
1893713,Central,CITY EAST LUDHIANA,BAL SINGH NAGAR,Unplanned,Closed,2026-07-10T04:33:00Z,2026-07-10T06:03:00Z,90
1893716,East,Zirakpur,SANULI,Unplanned,Closed,2026-07-10T04:30:00Z,2026-07-10T06:40:00Z,130
1893711,East,MOHALI,11KV E&G Block,Unplanned,Closed,2026-07-10T04:27:00Z,2026-07-10T06:00:00Z,93
1893712,East,MOHALI,MOULI,Unplanned,Closed,2026-07-10T04:25:40Z,2026-07-10T06:15:00Z,109
1893709,East,ROPAR,11 KV LIC Colony,Unplanned,Closed,2026-07-10T04:20:00Z,2026-07-10T09:10:00Z,290
1893708,East,MOHALI,11 kv sec 54A,Unplanned,Closed,2026-07-10T04:09:39Z,2026-07-10T07:04:44Z,175
1893705,South,PATIALA,UPS 3-Wire Shambhu,Unplanned,Closed,2026-07-10T04:05:00Z,2026-07-10T09:30:00Z,325
1893704,South,PATIALA,UPS MIRJAPUR,Unplanned,Closed,2026-07-10T04:05:00Z,2026-07-10T08:05:00Z,240
1893703,South,PATIALA,MAHAVIR,Unplanned,Closed,2026-07-10T04:01:00Z,2026-07-10T07:40:00Z,219
1893710,East,ROPAR,MODLE  TOWN,Unplanned,Closed,2026-07-10T03:55:00Z,2026-07-10T06:15:00Z,140
1893714,East,Zirakpur,GREEN VALLEY,Unplanned,Closed,2026-07-10T03:51:00Z,2026-07-10T06:50:00Z,179
1893707,East,MOHALI,Sec 56,Unplanned,Closed,2026-07-10T03:44:00Z,2026-07-10T04:22:00Z,38
1893706,East,MOHALI,Sec 55,Unplanned,Closed,2026-07-10T03:42:00Z,2026-07-10T05:02:00Z,80
1893702,North,HOSHIARPUR,TALWARA,Unplanned,Closed,2026-07-10T03:40:00Z,2026-07-10T04:02:00Z,22
1893701,East,MOHALI,commercial 95-96,Unplanned,Closed,2026-07-10T03:35:00Z,2026-07-10T05:13:00Z,98
1893700,East,ROPAR,11 KV Kotla,Unplanned,Closed,2026-07-10T03:35:00Z,2026-07-10T03:50:28Z,15
1893698,South,PATIALA,SYL (F.P),Unplanned,Closed,2026-07-10T03:10:00Z,2026-07-10T07:45:00Z,275
1893696,Border,SUB URBAN AMRITSAR,"D-block, GAD avenue",Unplanned,Closed,2026-07-10T03:00:00Z,2026-07-10T03:45:00Z,45
1893695,Border,SUB URBAN AMRITSAR,Guru AmarDass Avenue,Unplanned,Closed,2026-07-10T03:00:00Z,2026-07-10T03:45:00Z,45
1893697,South,PATIALA,UPS RAJPURA,Unplanned,Closed,2026-07-10T02:50:00Z,2026-07-10T07:20:00Z,270
1893754,South,PATIALA,PUNJLAND,Unplanned,Closed,2026-07-10T02:44:00Z,2026-07-10T04:43:00Z,119
1893687,East,Zirakpur,Bauli Sahib,Unplanned,Closed,2026-07-10T02:18:00Z,2026-07-10T03:04:00Z,46
1893686,South,PATIALA,UPS SANDARSI,Unplanned,Closed,2026-07-10T02:08:00Z,2026-07-10T10:55:00Z,527
1893685,Border,SUB URBAN AMRITSAR,MES,Unplanned,Closed,2026-07-10T02:00:00Z,2026-07-10T02:38:00Z,38
1893684,East,Zirakpur,Silver City,Unplanned,Closed,2026-07-10T01:58:00Z,2026-07-10T03:05:00Z,67
1893694,Border,SUB URBAN AMRITSAR,VEER GARDEN,Unplanned,Closed,2026-07-10T01:45:00Z,2026-07-10T03:00:00Z,75
1893693,Border,SUB URBAN AMRITSAR,POWER COLONY,Unplanned,Closed,2026-07-10T01:45:00Z,2026-07-10T03:00:00Z,75
1893692,Border,SUB URBAN AMRITSAR,BABA SHRI CHAND AVNUE,Unplanned,Closed,2026-07-10T01:45:00Z,2026-07-10T03:00:00Z,75
1893691,Border,SUB URBAN AMRITSAR,Hari mandir,Unplanned,Closed,2026-07-10T01:45:00Z,2026-07-10T06:05:00Z,260
1893690,Border,SUB URBAN AMRITSAR,M.E.S,Unplanned,Closed,2026-07-10T01:45:00Z,2026-07-10T06:05:00Z,260
1893689,Border,SUB URBAN AMRITSAR,DIAMOND AVENUE,Unplanned,Closed,2026-07-10T01:45:00Z,2026-07-10T06:05:00Z,260
1893688,Border,SUB URBAN AMRITSAR,Guru Har Rai avenue,Unplanned,Closed,2026-07-10T01:45:00Z,2026-07-10T03:00:00Z,75
1893682,East,MOHALI,11KV JAND PUR,Unplanned,Closed,2026-07-10T01:42:02Z,2026-07-10T05:02:06Z,200
1893699,South,PATIALA,UPS FOCAL POINT,Unplanned,Closed,2026-07-10T01:40:27Z,2026-07-10T03:25:09Z,104
1893683,East,ROPAR,11KV Belian UPS FEEDER,Unplanned,Closed,2026-07-10T01:35:56Z,2026-07-10T04:08:30Z,152
1893679,East,MOHALI,Sec 56,Unplanned,Closed,2026-07-10T01:24:51Z,2026-07-10T03:21:00Z,116
1893680,North,JALANDHAR,T. V. TOWER,Unplanned,Closed,2026-07-10T01:21:00Z,2026-07-10T01:52:00Z,31
1893676,East,MOHALI,Mullanpur,Unplanned,Closed,2026-07-10T01:15:30Z,2026-07-10T01:46:39Z,31
1893675,East,MOHALI,11KV BLOCK-C,Unplanned,Closed,2026-07-10T01:13:00Z,2026-07-10T01:58:00Z,45
1893678,East,MOHALI,JHAMPUR FEEDER,Unplanned,Closed,2026-07-10T01:10:51Z,2026-07-10T08:04:00Z,413
1893677,East,ROPAR,JHANDIAN,Unplanned,Closed,2026-07-10T01:10:00Z,2026-07-10T02:15:00Z,65
1893674,West,FARIDKOT,11KV Circular Road,Unplanned,Closed,2026-07-10T01:00:00Z,2026-07-10T01:40:42Z,40
1893673,East,MOHALI,MOULI,Unplanned,Closed,2026-07-10T00:36:27Z,2026-07-10T01:56:00Z,79
1893665,North,JALANDHAR,11 KV BASTI DANISHMANDA,Unplanned,Closed,2026-07-10T00:35:36Z,2026-07-10T01:35:17Z,59
1893669,Border,SUB URBAN AMRITSAR,Airforce,Unplanned,Closed,2026-07-10T00:35:00Z,2026-07-10T03:15:00Z,160
1893668,South,PATIALA,PUNJLAND,Unplanned,Closed,2026-07-10T00:35:00Z,2026-07-10T02:34:00Z,119
1893681,North,JALANDHAR,BASTI DANISJMANDA,Unplanned,Closed,2026-07-10T00:34:00Z,2026-07-10T01:35:00Z,61
1893672,West,FARIDKOT,11KV DHUDI UPS,Unplanned,Closed,2026-07-10T00:30:00Z,2026-07-10T02:27:00Z,117
1893671,South,PATIALA,JANDOLI,Unplanned,Closed,2026-07-10T00:30:00Z,2026-07-10T08:10:00Z,460
1893666,South,PATIALA,ups Ambala Road,Unplanned,Closed,2026-07-10T00:30:00Z,2026-07-10T05:40:00Z,310
1893664,Central,KHANNA,Khanyan Road,Unplanned,Closed,2026-07-10T00:30:00Z,2026-07-10T02:00:00Z,90
1893667,South,PATIALA,UPS MUGAL SARAI,Unplanned,Closed,2026-07-10T00:25:00Z,2026-07-10T09:40:00Z,555
1893732,East,Zirakpur,Tasimbli Road,Unplanned,Closed,2026-07-10T00:20:00Z,2026-07-10T02:10:00Z,110
1893670,South,PATIALA,11KV DAKALA2(SEHAJENCLVE) C1,Unplanned,Closed,2026-07-10T00:15:00Z,2026-07-10T01:18:00Z,63
1893663,South,PATIALA,rajpura,Unplanned,Closed,2026-07-10T00:15:00Z,2026-07-10T01:55:00Z,100
1893662,East,MOHALI,BANUR URBAN 2,Unplanned,Closed,2026-07-10T00:10:00Z,2026-07-10T01:15:00Z,65
1893660,North,JALANDHAR,LADHAYWALI,Unplanned,Closed,2026-07-10T00:05:00Z,2026-07-10T00:45:00Z,40
1893656,Central,KHANNA,Chander Lok,Unplanned,Closed,2026-07-09T23:56:21Z,2026-07-10T00:04:33Z,8
1893658,East,Zirakpur,KALKA ROAD,Planned,Closed,2026-07-09T23:50:00Z,2026-07-10T00:25:00Z,35
1893659,East,MOHALI,BANUR URBAN 1,Unplanned,Closed,2026-07-09T23:48:00Z,2026-07-10T00:20:00Z,32
1893657,South,PATIALA,UPS Rohti Basta,Unplanned,Closed,2026-07-09T23:45:18Z,2026-07-10T06:40:18Z,415
1893655,North,HOSHIARPUR,SUKCHAINPUR,Unplanned,Closed,2026-07-09T23:35:00Z,2026-07-09T23:55:00Z,20
1893653,West,FEROZPUR,11 KV NAMAK MANDI,Planned,Closed,2026-07-09T23:30:00Z,2026-07-10T00:30:00Z,60
1893661,Central,KHANNA,Chander Lok,Unplanned,Closed,2026-07-09T23:27:00Z,2026-07-09T23:55:00Z,28
1893652,North,KAPURTHALA,URBAN JANDIALA ROAD Nurmahal,Unplanned,Closed,2026-07-09T23:20:00Z,2026-07-10T00:10:00Z,50
1893654,East,Zirakpur,DHAKOLI,Unplanned,Closed,2026-07-09T23:16:00Z,2026-07-09T23:45:00Z,29
1893651,East,MOHALI,11KV AMBIKA,Unplanned,Closed,2026-07-09T23:15:00Z,2026-07-10T00:30:00Z,75
1893650,Central,KHANNA,Khanna feeder,Unplanned,Closed,2026-07-09T23:15:00Z,2026-07-09T23:55:00Z,40
1893647,East,ROPAR,UPS-II,Unplanned,Closed,2026-07-09T23:10:00Z,2026-07-09T23:33:00Z,23
1893648,East,ROPAR,Rangeel Pur,Unplanned,Closed,2026-07-09T23:03:00Z,2026-07-09T23:59:00Z,56
1893645,West,FEROZPUR,INDUSTRIAL,Planned,Closed,2026-07-09T23:00:00Z,2026-07-09T23:59:00Z,59
1893644,West,FEROZPUR,Amritsari Gate,Planned,Closed,2026-07-09T23:00:00Z,2026-07-09T23:45:00Z,45
1893643,West,FEROZPUR,ARSONAL,Planned,Closed,2026-07-09T23:00:00Z,2026-07-09T23:30:00Z,30
1893641,North,JALANDHAR,RAMA MANDI,Unplanned,Closed,2026-07-09T22:57:00Z,2026-07-09T23:06:00Z,9
1893646,East,ROPAR,City-2,Unplanned,Closed,2026-07-09T22:54:00Z,2026-07-09T23:44:26Z,50
1893642,South,PATIALA,UPS 1,Unplanned,Closed,2026-07-09T22:52:00Z,2026-07-10T06:52:00Z,480
1893649,East,MOHALI,11 KV Sec-88,Unplanned,Closed,2026-07-09T22:50:00Z,2026-07-09T23:30:00Z,40
1893640,East,MOHALI,SEC-80,Unplanned,Closed,2026-07-09T22:48:00Z,2026-07-10T00:07:00Z,79
1893639,South,PATIALA,UPS RAIPUR,Unplanned,Closed,2026-07-09T22:30:00Z,2026-07-10T06:30:15Z,480
1893635,East,ROPAR,Asmanpur,Unplanned,Closed,2026-07-09T22:26:15Z,2026-07-09T22:36:30Z,10
1893636,Border,SUB URBAN AMRITSAR,Urban 1 Tarsika,Unplanned,Closed,2026-07-09T22:25:00Z,2026-07-09T23:55:00Z,90
1893632,North,NAWANSHAHR,CITY GARHSHANKAR-2,Unplanned,Closed,2026-07-09T22:22:00Z,2026-07-09T22:52:00Z,30
1893631,East,ROPAR,11 KV Paharpur,Unplanned,Closed,2026-07-09T22:18:59Z,2026-07-09T22:25:48Z,6
1893634,East,MOHALI,Sec 56,Unplanned,Closed,2026-07-09T22:16:00Z,2026-07-09T23:18:00Z,62
1893633,East,MOHALI,Sec 55,Unplanned,Closed,2026-07-09T22:16:00Z,2026-07-09T23:55:00Z,99
1893630,North,KAPURTHALA,URBAN Khadar Bhandar,Planned,Closed,2026-07-09T22:10:00Z,2026-07-09T22:35:00Z,25
1893626,North,HOSHIARPUR,khudda,Unplanned,Closed,2026-07-09T22:04:00Z,2026-07-09T23:10:00Z,66
1893638,West,FEROZPUR,Gobar Mandi,Unplanned,Closed,2026-07-09T22:00:00Z,2026-07-09T23:00:00Z,60
1893637,West,FEROZPUR,POLYTECHNIC COLLEGE,Unplanned,Closed,2026-07-09T22:00:00Z,2026-07-09T23:00:00Z,60
1893628,West,FEROZPUR,BAGDADI GATE,Unplanned,Closed,2026-07-09T22:00:00Z,2026-07-09T23:00:00Z,60
1893627,West,FEROZPUR,11 KV Delhi Gate,Unplanned,Closed,2026-07-09T22:00:00Z,2026-07-09T23:00:00Z,60
1893623,East,MOHALI,Jandpur Water Works,Unplanned,Closed,2026-07-09T21:52:00Z,2026-07-10T05:02:13Z,430
1893629,East,MOHALI,11KV 82 ALPHA,Unplanned,Closed,2026-07-09T21:51:00Z,2026-07-09T22:50:00Z,59
1893625,North,NAWANSHAHR,Dosanjh UPS,Unplanned,Closed,2026-07-09T21:50:00Z,2026-07-09T22:30:00Z,40
1893624,East,ROPAR,11 KV Plazzo ELite,Unplanned,Closed,2026-07-09T21:47:00Z,2026-07-10T00:45:00Z,178
1893622,South,BARNALA,Badbar CAT-I,Unplanned,Closed,2026-07-09T21:35:00Z,2026-07-09T23:15:00Z,100
1893621,West,FEROZPUR,Bahadur Wala,Unplanned,Closed,2026-07-09T21:33:00Z,2026-07-09T22:34:00Z,61
1893619,West,FEROZPUR,SODHE WALA,Unplanned,Closed,2026-07-09T21:33:00Z,2026-07-09T22:34:00Z,61
1893620,East,ROPAR,Bassi,Unplanned,Closed,2026-07-09T21:30:00Z,2026-07-09T22:25:21Z,55
1893618,South,BARNALA,Manvi UPS,Unplanned,Closed,2026-07-09T21:20:00Z,2026-07-09T21:45:11Z,25
1893617,North,HOSHIARPUR,HAJIPUR,Unplanned,Closed,2026-07-09T21:15:00Z,2026-07-09T21:30:00Z,15
1893615,Central,CITY EAST LUDHIANA,NEW VISHNUPURI,Unplanned,Closed,2026-07-09T21:12:00Z,2026-07-09T22:06:00Z,54
1893616,Central,KHANNA,Khanyan Road,Unplanned,Closed,2026-07-09T21:00:00Z,2026-07-09T22:30:00Z,90
1893613,West,FEROZPUR,RINGMAIN B,Planned,Closed,2026-07-09T20:55:00Z,2026-07-09T22:00:00Z,65
1893610,East,ROPAR,Bassi,Unplanned,Closed,2026-07-09T20:32:00Z,2026-07-09T20:52:00Z,20
1893607,West,FEROZPUR,City Enclave,Unplanned,Closed,2026-07-09T20:31:00Z,2026-07-09T21:32:00Z,61
1893606,West,FEROZPUR,Makhu Gate,Unplanned,Closed,2026-07-09T20:31:00Z,2026-07-09T21:32:00Z,61
1893612,West,BATHINDA,ALLIKE,Unplanned,Closed,2026-07-09T20:30:00Z,2026-07-09T20:45:06Z,15
1893609,East,ROPAR,Jhangrian,Unplanned,Closed,2026-07-09T20:28:00Z,2026-07-09T21:08:00Z,40
1893614,Border,SUB URBAN AMRITSAR,Bhaka Hari Singh,Unplanned,Closed,2026-07-09T20:25:00Z,2026-07-09T21:25:00Z,60
1893600,Central,KHANNA,Royal,Unplanned,Closed,2026-07-09T20:22:08Z,2026-07-09T20:52:24Z,30
1893601,North,NAWANSHAHR,Dana Mandi,Unplanned,Closed,2026-07-09T20:19:00Z,2026-07-09T20:25:00Z,6
1893608,West,BATHINDA,AHLUPUR,Unplanned,Closed,2026-07-09T20:17:00Z,2026-07-09T22:03:22Z,106
1893605,East,ROPAR,NALHOTI,Unplanned,Closed,2026-07-09T20:16:00Z,2026-07-09T20:46:00Z,30
1893611,Border,TARN TARAN,Sanghey UPS,Unplanned,Closed,2026-07-09T20:15:00Z,2026-07-09T21:01:00Z,46
1893603,North,HOSHIARPUR,11 KV SARIANA,Unplanned,Closed,2026-07-09T20:15:00Z,2026-07-09T21:30:00Z,75
1893602,North,HOSHIARPUR,11 KV DHADEKATWAL,Unplanned,Closed,2026-07-09T20:15:00Z,2026-07-09T21:30:00Z,75
1893596,East,ROPAR,11 KV Kiratpur Sahib,Unplanned,Closed,2026-07-09T20:08:00Z,2026-07-09T21:14:00Z,66
1893599,North,HOSHIARPUR,AIMA MANGAT KANDI AP,Unplanned,Closed,2026-07-09T20:05:00Z,2026-07-09T21:00:00Z,55
1893598,North,HOSHIARPUR,NESHRA PATAN,Unplanned,Closed,2026-07-09T20:05:00Z,2026-07-09T21:00:00Z,55
1893595,North,HOSHIARPUR,MPH4,Unplanned,Closed,2026-07-09T20:05:00Z,2026-07-09T21:00:00Z,55
1893597,South,PATIALA,PARTAP,Unplanned,Closed,2026-07-09T20:04:00Z,2026-07-09T20:30:00Z,26
1893592,Central,CITY WEST LUDHIANA,RENTAL COLONY,Planned,Closed,2026-07-09T20:00:26Z,2026-07-09T20:41:26Z,41
1893604,East,MOHALI,11 KV Feeder sec 66 B,Unplanned,Closed,2026-07-09T20:00:00Z,2026-07-09T21:30:00Z,90
1893594,North,KAPURTHALA,UPS Fajalpur,Unplanned,Closed,2026-07-09T20:00:00Z,2026-07-09T20:20:00Z,20
1893593,North,KAPURTHALA,SHALIMAR JALANDHAR ROAD,Unplanned,Closed,2026-07-09T20:00:00Z,2026-07-09T21:10:00Z,70
1893590,West,FEROZPUR,11 KV NAMAK MANDI,Planned,Closed,2026-07-09T20:00:00Z,2026-07-09T20:50:00Z,50
1893591,North,HOSHIARPUR,CHACK,Unplanned,Closed,2026-07-09T19:50:00Z,2026-07-09T21:00:00Z,70
1893588,North,HOSHIARPUR,WAZIRAN,Unplanned,Closed,2026-07-09T19:50:00Z,2026-07-09T21:30:00Z,100
1893589,North,HOSHIARPUR,RAMGHAR,Unplanned,Closed,2026-07-09T19:45:00Z,2026-07-09T20:05:00Z,20
1893585,West,MUKATSAR,Abohar Road,Unplanned,Closed,2026-07-09T19:43:00Z,2026-07-09T20:23:51Z,40
1893584,North,KAPURTHALA,Kasupur,Unplanned,Closed,2026-07-09T19:43:00Z,2026-07-09T20:20:00Z,37
1893583,North,KAPURTHALA,Esewal,Unplanned,Closed,2026-07-09T19:43:00Z,2026-07-09T20:20:00Z,37
1893587,West,MUKATSAR,Namdev Nagar,Unplanned,Closed,2026-07-09T19:42:00Z,2026-07-09T20:24:17Z,42
1893581,North,KAPURTHALA,URBAN Malsian,Unplanned,Closed,2026-07-09T19:42:00Z,2026-07-09T20:20:00Z,38
1893580,North,KAPURTHALA,UPS MALLIWAL,Unplanned,Closed,2026-07-09T19:42:00Z,2026-07-09T20:20:00Z,38
1893582,West,FEROZPUR,DANA MANDI,Unplanned,Closed,2026-07-09T19:41:00Z,2026-07-09T20:33:00Z,52
1893579,West,FEROZPUR,Bahadur Wala,Unplanned,Closed,2026-07-09T19:30:00Z,2026-07-09T20:30:00Z,60
1893576,West,FARIDKOT,Prem Nagar,Planned,Closed,2026-07-09T19:28:00Z,2026-07-09T20:03:18Z,35
1893577,East,Zirakpur,11 KV AMBALA ROAD,Unplanned,Closed,2026-07-09T19:25:00Z,2026-07-09T20:40:00Z,75
1893578,North,JALANDHAR,ATTARI BAZZAR,Unplanned,Closed,2026-07-09T19:23:58Z,2026-07-09T19:58:12Z,34
1893574,North,NAWANSHAHR,BHAJJAL,Unplanned,Closed,2026-07-09T19:22:00Z,2026-07-09T21:00:00Z,98
1893573,North,JALANDHAR,PRITHVI,Unplanned,Closed,2026-07-09T19:22:00Z,2026-07-09T19:50:00Z,28
1893586,East,ROPAR,11KV Dugri,Unplanned,Closed,2026-07-09T19:20:00Z,2026-07-09T19:50:00Z,30
1893572,East,ROPAR,11 KV Bharatgarh,Unplanned,Closed,2026-07-09T19:18:00Z,2026-07-09T21:20:00Z,122
1893567,Central,CITY EAST LUDHIANA,GURU NANAK DEV NAGAR,Unplanned,Closed,2026-07-09T19:17:00Z,2026-07-09T20:33:00Z,76
1893571,Border,GURDASPUR,RAILWAY ROAD CAT-1,Unplanned,Closed,2026-07-09T19:15:00Z,2026-07-09T19:34:00Z,19
1893570,Border,GURDASPUR,THEKERIWAL,Unplanned,Closed,2026-07-09T19:15:00Z,2026-07-09T19:34:00Z,19
1893569,Border,GURDASPUR,11KV BUTTER UPS,Unplanned,Closed,2026-07-09T19:15:00Z,2026-07-09T19:34:00Z,19
1893568,West,BATHINDA,11 KV TAJ PALACE ROAD,Unplanned,Closed,2026-07-09T19:10:00Z,2026-07-09T19:45:00Z,35
1893566,North,NAWANSHAHR,TEHSIL COMPLEX GSR,Unplanned,Closed,2026-07-09T19:10:00Z,2026-07-09T19:54:00Z,44
1893564,Border,GURDASPUR,Ranipur,Unplanned,Closed,2026-07-09T19:05:00Z,2026-07-09T19:40:00Z,35
1893575,Border,GURDASPUR,Cheema Khuddi,Unplanned,Closed,2026-07-09T19:04:00Z,2026-07-09T20:20:00Z,76
1893565,West,FARIDKOT,Heera Singh Nagar,Planned,Closed,2026-07-09T19:01:00Z,2026-07-09T20:01:00Z,60
1893563,Border,TARN TARAN,Railway Road Urban..,Unplanned,Closed,2026-07-09T19:01:00Z,2026-07-09T19:40:00Z,39
1893561,West,MUKATSAR,WATER WORKS,Unplanned,Closed,2026-07-09T19:01:00Z,2026-07-09T19:35:50Z,34
1893562,East,ROPAR,11 KV Bharatgarh,Unplanned,Closed,2026-07-09T18:57:00Z,2026-07-09T19:16:00Z,19
1893560,West,MUKATSAR,BAHAVAL BASI,Unplanned,Closed,2026-07-09T18:57:00Z,2026-07-09T20:56:36Z,119
1893557,Border,GURDASPUR,City SJN,Unplanned,Closed,2026-07-09T18:50:00Z,2026-07-09T19:05:00Z,15
1893559,East,ROPAR,SAIDPUR,Unplanned,Closed,2026-07-09T18:48:00Z,2026-07-09T19:06:00Z,18
1893558,North,JALANDHAR,ATTARI BAZZAR,Unplanned,Closed,2026-07-09T18:46:32Z,2026-07-09T19:19:39Z,33
1893556,North,JALANDHAR,11 KV Nagra,Unplanned,Closed,2026-07-09T18:41:26Z,2026-07-09T18:55:34Z,14
1893555,Border,TARN TARAN,RAILWAY STATION-II,Unplanned,Closed,2026-07-09T18:38:39Z,2026-07-09T19:40:56Z,62
1893551,West,FEROZPUR,Amritsari Gate,Planned,Closed,2026-07-09T18:36:00Z,2026-07-09T19:45:00Z,69
1893553,North,JALANDHAR,11 KV MAKSUDPUR,Unplanned,Closed,2026-07-09T18:35:43Z,2026-07-09T18:41:51Z,6
1893554,East,Zirakpur,Bauli Sahib,Unplanned,Closed,2026-07-09T18:31:00Z,2026-07-09T19:29:00Z,58
1893547,North,JALANDHAR,SUN FLAG,Unplanned,Closed,2026-07-09T18:30:00Z,2026-07-09T18:53:00Z,23
1893550,West,FEROZPUR,Gobar Mandi,Unplanned,Closed,2026-07-09T18:29:00Z,2026-07-09T19:31:00Z,62
1893549,West,FEROZPUR,POLYTECHNIC COLLEGE,Unplanned,Closed,2026-07-09T18:29:00Z,2026-07-09T19:31:00Z,62
1893543,North,KAPURTHALA,Kotu Chownk,Unplanned,Closed,2026-07-09T18:26:00Z,2026-07-09T18:55:00Z,29
1893552,South,PATIALA,SARHIND ROAD,Unplanned,Closed,2026-07-09T18:23:00Z,2026-07-09T19:21:00Z,58
1893542,North,HOSHIARPUR,MPH4,Unplanned,Closed,2026-07-09T18:20:00Z,2026-07-09T20:00:00Z,100
1893541,North,HOSHIARPUR,NESHRA PATAN,Unplanned,Closed,2026-07-09T18:20:00Z,2026-07-09T20:00:00Z,100
1893540,North,HOSHIARPUR,AIMA MANGAT KANDI AP,Unplanned,Closed,2026-07-09T18:20:00Z,2026-07-09T20:00:00Z,100
1893538,Border,CITY AMRITSAR,11Kv Ghee Mandi 2,Unplanned,Closed,2026-07-09T18:17:55Z,2026-07-09T18:32:00Z,14
1893536,North,JALANDHAR,CHOGITTI,Unplanned,Closed,2026-07-09T18:14:41Z,2026-07-09T18:52:18Z,37
1893548,East,Zirakpur,CITY COURT,Unplanned,Closed,2026-07-09T18:10:00Z,2026-07-09T19:10:00Z,60
1893546,East,Zirakpur,HARMILAP NAGAR,Unplanned,Closed,2026-07-09T18:10:00Z,2026-07-09T19:10:00Z,60
1893545,East,Zirakpur,DHAKOLI,Unplanned,Closed,2026-07-09T18:10:00Z,2026-07-09T19:10:00Z,60
1893544,East,Zirakpur,EKTA VIHAR,Unplanned,Closed,2026-07-09T18:10:00Z,2026-07-09T19:10:00Z,60
1893534,North,HOSHIARPUR,Chak Jhandu,Unplanned,Closed,2026-07-09T18:10:00Z,2026-07-09T19:46:00Z,96
1893532,North,KAPURTHALA,UPS KOHALA,Unplanned,Closed,2026-07-09T18:10:00Z,2026-07-09T18:30:00Z,20
1893533,West,MUKATSAR,Sito Road,Unplanned,Closed,2026-07-09T18:08:00Z,2026-07-09T19:35:00Z,87
1893529,Central,KHANNA,Chander Lok,Unplanned,Closed,2026-07-09T18:08:00Z,2026-07-09T19:03:00Z,55
1893535,North,NAWANSHAHR,Urban Pattren,Unplanned,Closed,2026-07-09T18:07:00Z,2026-07-09T18:30:00Z,23
1893539,Border,TARN TARAN,JAWANDY KHURD,Unplanned,Closed,2026-07-09T18:01:00Z,2026-07-09T19:05:00Z,64
1893531,Central,KHANNA,Kotla,Unplanned,Closed,2026-07-09T18:01:00Z,2026-07-09T19:30:00Z,89
1893530,Central,KHANNA,Royal,Unplanned,Closed,2026-07-09T18:01:00Z,2026-07-09T19:04:00Z,63
1893525,West,FEROZPUR,City Enclave,Unplanned,Closed,2026-07-09T18:00:00Z,2026-07-09T18:45:00Z,45
1893519,Central,SUB URBAN LUDHIANA,Umarpura,Planned,Closed,2026-07-09T18:00:00Z,2026-07-09T18:30:00Z,30
1893518,Central,SUB URBAN LUDHIANA,UPS,Planned,Closed,2026-07-09T18:00:00Z,2026-07-09T18:30:00Z,30
1893528,Border,SUB URBAN AMRITSAR,Focal Point-3,Unplanned,Closed,2026-07-09T17:55:00Z,2026-07-09T18:55:00Z,60
1893526,Central,KHANNA,FATEHGARH SAHIB,Unplanned,Closed,2026-07-09T17:55:00Z,2026-07-09T19:30:00Z,95
1893522,North,HOSHIARPUR,CHACK,Unplanned,Closed,2026-07-09T17:55:00Z,2026-07-09T19:40:00Z,105
1893537,East,MOHALI,11KV MANAV RACHNA,Unplanned,Closed,2026-07-09T17:52:35Z,2026-07-09T19:05:00Z,72
1893527,Border,SUB URBAN AMRITSAR,Amir Chand  Exports,Unplanned,Closed,2026-07-09T17:50:00Z,2026-07-09T18:30:00Z,40
1893524,West,FEROZPUR,BAGDADI GATE,Unplanned,Closed,2026-07-09T17:49:00Z,2026-07-09T19:05:00Z,76
1893523,West,FEROZPUR,11 KV Delhi Gate,Unplanned,Closed,2026-07-09T17:49:00Z,2026-07-09T19:50:00Z,121
1893517,East,ROPAR,11KV Belian UPS FEEDER,Unplanned,Closed,2026-07-09T17:49:00Z,2026-07-09T20:08:00Z,139
1893521,West,FARIDKOT,KOTKAPURA ROAD,Planned,Closed,2026-07-09T17:48:00Z,2026-07-09T18:08:06Z,20
1893516,Central,KHANNA,DANA MANDI,Unplanned,Closed,2026-07-09T17:41:00Z,2026-07-09T19:00:00Z,79
1893512,East,MOHALI,11 KV Feeder sec 66 B,Unplanned,Closed,2026-07-09T17:41:00Z,2026-07-09T19:30:00Z,109
1893515,East,ROPAR,Asmanpur,Unplanned,Closed,2026-07-09T17:40:00Z,2026-07-09T18:40:00Z,60
1893513,South,PATIALA,INDUSTRIAL,Unplanned,Closed,2026-07-09T17:37:00Z,2026-07-09T19:11:00Z,94
1893514,Border,CITY AMRITSAR,Mohan Rice Mills,Planned,Closed,2026-07-09T17:35:00Z,2026-07-09T17:58:42Z,23
1893510,North,NAWANSHAHR,PAILY,Unplanned,Closed,2026-07-09T17:35:00Z,2026-07-09T18:35:00Z,60
1893509,North,NAWANSHAHR,KAULGARH,Unplanned,Closed,2026-07-09T17:35:00Z,2026-07-09T17:55:00Z,20
1893504,East,ROPAR,TIBBA TAPPRIAN,Unplanned,Closed,2026-07-09T17:30:00Z,2026-07-09T18:40:00Z,70
1893503,North,HOSHIARPUR,11Kv Bebhalmanj UPS,Unplanned,Closed,2026-07-09T17:30:00Z,2026-07-09T18:10:00Z,40
1893499,East,ROPAR,11 KV Bharatgarh,Unplanned,Closed,2026-07-09T17:30:00Z,2026-07-09T17:56:00Z,26
1893506,North,NAWANSHAHR,PANDORI,Unplanned,Closed,2026-07-09T17:29:00Z,2026-07-09T18:49:00Z,80
1893501,West,FEROZPUR,Makhu Gate,Unplanned,Closed,2026-07-09T17:29:00Z,2026-07-09T18:33:00Z,64
1893500,West,FEROZPUR,DANA MANDI,Unplanned,Closed,2026-07-09T17:29:00Z,2026-07-09T18:33:00Z,64
1893520,West,FARIDKOT,Kothe Warring (Samgh),Planned,Closed,2026-07-09T17:28:00Z,2026-07-09T17:58:00Z,30
1893502,North,HOSHIARPUR,11Kv Mushabpur UPS,Unplanned,Closed,2026-07-09T17:28:00Z,2026-07-09T17:50:00Z,22
1893497,South,BARNALA,BANBHOURA,Unplanned,Closed,2026-07-09T17:25:00Z,2026-07-09T18:25:00Z,60
1893505,North,NAWANSHAHR,JHUNGI,Unplanned,Closed,2026-07-09T17:22:00Z,2026-07-09T17:37:00Z,15
1893496,North,JALANDHAR,INDUSTRY AREA,Unplanned,Closed,2026-07-09T17:20:00Z,2026-07-09T17:40:00Z,20
1893494,North,HOSHIARPUR,PENSRA,Unplanned,Closed,2026-07-09T17:20:00Z,2026-07-09T17:35:00Z,15
1893507,East,ROPAR,11 KV Chajjumajra,Unplanned,Closed,2026-07-09T17:15:00Z,2026-07-09T18:30:00Z,75
1893498,West,BATHINDA,THERMAL UPS,Unplanned,Closed,2026-07-09T17:15:00Z,2026-07-09T17:57:00Z,42
1893493,North,HOSHIARPUR,Handowal,Unplanned,Closed,2026-07-09T17:15:00Z,2026-07-09T17:25:00Z,10
1893495,East,ROPAR,MIAN PUR,Unplanned,Closed,2026-07-09T17:13:00Z,2026-07-09T17:25:00Z,12
1893491,East,Zirakpur,DERA BASSI INDUSTRIAL,Unplanned,Closed,2026-07-09T17:10:00Z,2026-07-09T17:55:00Z,45
1893488,East,ROPAR,11 KV Sarsa Nangal,Unplanned,Closed,2026-07-09T17:08:00Z,2026-07-09T18:05:00Z,57
1893492,North,HOSHIARPUR,SANDPUR,Unplanned,Closed,2026-07-09T17:05:00Z,2026-07-09T17:30:00Z,25
1893490,North,HOSHIARPUR,SATHWAN,Unplanned,Closed,2026-07-09T17:05:00Z,2026-07-09T17:30:00Z,25
1893489,North,HOSHIARPUR,TALWARA,Unplanned,Closed,2026-07-09T17:05:00Z,2026-07-09T17:30:00Z,25
1893486,East,MOHALI,RATWARA SAHIB,Unplanned,Closed,2026-07-09T17:05:00Z,2026-07-09T17:30:00Z,25
1893480,South,PATIALA,11KV DAKALA2(SEHAJENCLVE) C1,Unplanned,Closed,2026-07-09T17:05:00Z,2026-07-09T17:30:00Z,25
1893487,West,MUKATSAR,BAHAVAL BASI,Unplanned,Closed,2026-07-09T17:02:00Z,2026-07-09T17:23:00Z,21
1893481,North,HOSHIARPUR,WAZIRAN,Unplanned,Closed,2026-07-09T17:02:00Z,2026-07-09T17:42:00Z,40
1893479,North,HOSHIARPUR,HAJIPUR,Unplanned,Closed,2026-07-09T17:02:00Z,2026-07-09T17:40:00Z,38
1893478,North,HOSHIARPUR,SAWAR,Unplanned,Closed,2026-07-09T17:02:00Z,2026-07-09T17:42:00Z,40
1893477,North,HOSHIARPUR,khunda,Unplanned,Closed,2026-07-09T17:02:00Z,2026-07-09T17:42:00Z,40
1893476,North,HOSHIARPUR,KHIZARPUR,Unplanned,Closed,2026-07-09T17:02:00Z,2026-07-09T17:42:00Z,40
1893475,North,HOSHIARPUR,MHP2,Unplanned,Closed,2026-07-09T17:02:00Z,2026-07-09T17:42:00Z,40
1893483,East,ROPAR,11KV Madwara,Unplanned,Closed,2026-07-09T17:01:00Z,2026-07-09T19:00:00Z,119
1893484,West,BATHINDA,Gill Kalan,Unplanned,Closed,2026-07-09T17:00:00Z,2026-07-09T18:40:00Z,100
1893482,West,BATHINDA,AJIT ROAD,Unplanned,Closed,2026-07-09T17:00:00Z,2026-07-09T18:20:00Z,80
1893511,East,ROPAR,BINDRAKH,Unplanned,Closed,2026-07-09T16:57:00Z,2026-07-09T18:40:00Z,103
1893474,North,NAWANSHAHR,SIMBAL MAJARA,Unplanned,Closed,2026-07-09T16:57:00Z,2026-07-09T17:22:00Z,25
1893473,East,ROPAR,Rangeel Pur,Unplanned,Closed,2026-07-09T16:55:00Z,2026-07-09T18:28:00Z,93
1893472,East,ROPAR,Thana,Unplanned,Closed,2026-07-09T16:55:00Z,2026-07-09T17:40:00Z,45
1893471,North,NAWANSHAHR,DILAWARPUR,Unplanned,Closed,2026-07-09T16:55:00Z,2026-07-09T17:25:00Z,30
1893470,North,HOSHIARPUR,DATARPUR,Unplanned,Closed,2026-07-09T16:55:00Z,2026-07-09T17:50:00Z,55
1893469,North,HOSHIARPUR,KAMHI DEVI,Unplanned,Closed,2026-07-09T16:55:00Z,2026-07-09T17:30:00Z,35
1893468,East,MOHALI,Jandpur Water Works,Unplanned,Closed,2026-07-09T16:55:00Z,2026-07-09T19:38:00Z,163
1893459,North,HOSHIARPUR,FOCAL POINT,Unplanned,Closed,2026-07-09T16:55:00Z,2026-07-09T17:30:00Z,35
1893466,North,HOSHIARPUR,DEVIDASS,Unplanned,Closed,2026-07-09T16:50:00Z,2026-07-09T17:40:00Z,50
1893465,East,MOHALI,Nirankari feeder,Unplanned,Closed,2026-07-09T16:50:00Z,2026-07-09T18:11:00Z,81
1893464,North,HOSHIARPUR,BILASPUR,Unplanned,Closed,2026-07-09T16:50:00Z,2026-07-09T17:30:00Z,40
1893463,East,MOHALI,Sec 56,Unplanned,Closed,2026-07-09T16:50:00Z,2026-07-09T18:55:00Z,125
1893460,West,BATHINDA,SANGAT,Planned,Closed,2026-07-09T16:50:00Z,2026-07-09T19:33:00Z,163
1893458,East,ROPAR,11 KV Paharpur,Unplanned,Closed,2026-07-09T16:49:00Z,2026-07-09T17:40:00Z,51
1893508,East,ROPAR,Panjola,Unplanned,Closed,2026-07-09T16:48:00Z,2026-07-09T18:03:00Z,75
1893454,South,PATIALA,Nabha Gate,Unplanned,Closed,2026-07-09T16:45:47Z,2026-07-09T17:25:46Z,39
1893453,South,PATIALA,Yadwindra  Colony,Unplanned,Closed,2026-07-09T16:45:47Z,2026-07-09T17:25:31Z,39
1893467,East,MOHALI,11 KV Govt. Press,Unplanned,Closed,2026-07-09T16:45:00Z,2026-07-09T19:41:00Z,176
1893462,South,PATIALA,UPS MIRJAPUR,Unplanned,Closed,2026-07-09T16:45:00Z,2026-07-09T17:20:00Z,35
1893457,North,JALANDHAR,DANA MANDI RAIPUR,Unplanned,Closed,2026-07-09T16:45:00Z,2026-07-09T17:16:00Z,31
1893455,North,JALANDHAR,11KV SANGAT SINGH NAGAR,Unplanned,Closed,2026-07-09T16:45:00Z,2026-07-09T17:32:09Z,47
1893485,East,Zirakpur,PREET COLONY,Unplanned,Closed,2026-07-09T16:40:00Z,2026-07-09T17:15:00Z,35
1893461,East,MOHALI,SEC 64-A,Unplanned,Closed,2026-07-09T16:40:00Z,2026-07-09T20:00:00Z,200
1893456,North,NAWANSHAHR,GARCHA,Unplanned,Closed,2026-07-09T16:40:00Z,2026-07-09T17:45:00Z,65
1893451,Border,GURDASPUR,Mamoon,Unplanned,Closed,2026-07-09T16:40:00Z,2026-07-09T16:55:00Z,15
1893448,North,HOSHIARPUR,NANGAL BIHALAN,Unplanned,Closed,2026-07-09T16:40:00Z,2026-07-09T17:20:00Z,40
1893447,North,HOSHIARPUR,khudda,Unplanned,Closed,2026-07-09T16:40:00Z,2026-07-09T16:50:00Z,10
1893442,Border,CITY AMRITSAR,HUSSAINPURA,Unplanned,Closed,2026-07-09T16:40:00Z,2026-07-09T17:40:00Z,60
1893449,North,NAWANSHAHR,11 KV Begam Pur,Unplanned,Closed,2026-07-09T16:38:00Z,2026-07-09T17:05:00Z,27
1893452,North,NAWANSHAHR,TAJPUR,Unplanned,Closed,2026-07-09T16:35:00Z,2026-07-09T17:25:00Z,50
1893445,South,PATIALA,SAKOHAN,Unplanned,Closed,2026-07-09T16:35:00Z,2026-07-09T17:30:00Z,55
1893443,North,NAWANSHAHR,HEDONBET,Unplanned,Closed,2026-07-09T16:35:00Z,2026-07-09T17:15:00Z,40
1893440,North,NAWANSHAHR,PANYALI,Unplanned,Closed,2026-07-09T16:35:00Z,2026-07-09T17:15:00Z,40
1893444,Central,KHANNA,ITI feeder,Unplanned,Closed,2026-07-09T16:34:00Z,2026-07-09T17:32:00Z,58
1893439,West,BATHINDA,Factory Road,Planned,Closed,2026-07-09T16:34:00Z,2026-07-09T17:43:00Z,69
1893437,West,MUKATSAR,11 KV SIDHU NAGRI,Unplanned,Closed,2026-07-09T16:32:00Z,2026-07-09T17:54:00Z,82
1893434,East,Zirakpur,WATER WORKS HANDESRA,Unplanned,Closed,2026-07-09T16:32:00Z,2026-07-09T17:05:00Z,33
1893441,West,FEROZPUR,POLYTECHNIC COLLEGE,Unplanned,Closed,2026-07-09T16:31:00Z,2026-07-09T17:33:00Z,62
1893435,North,NAWANSHAHR,DAYALAN,Unplanned,Closed,2026-07-09T16:30:00Z,2026-07-09T17:20:00Z,50
1893432,South,SANGRUR,11 KV CITY-9,Unplanned,Closed,2026-07-09T16:30:00Z,2026-07-09T17:15:00Z,45
1893446,South,SANGRUR,JHALLOR,Unplanned,Closed,2026-07-09T16:28:00Z,2026-07-09T17:05:00Z,37
1893436,North,JALANDHAR,LINK FEEDER,Unplanned,Closed,2026-07-09T16:25:00Z,2026-07-09T16:50:00Z,25
1893433,South,PATIALA,JAIL ROAD,Unplanned,Closed,2026-07-09T16:25:00Z,2026-07-09T17:02:00Z,37
1893430,South,PATIALA,GHAMROUDA NO.2,Unplanned,Closed,2026-07-09T16:25:00Z,2026-07-09T17:30:00Z,65
1893429,South,PATIALA,11 KV SANGATPURA,Unplanned,Closed,2026-07-09T16:25:00Z,2026-07-09T17:35:00Z,70
1893426,West,FEROZPUR,Dhawan Colony,Unplanned,Closed,2026-07-09T16:24:00Z,2026-07-09T17:26:00Z,62
1893438,West,BATHINDA,Bhagiwander UPS,Unplanned,Closed,2026-07-09T16:22:00Z,2026-07-09T16:55:00Z,33
1893417,South,SANGRUR,Hamirgarh City,Unplanned,Closed,2026-07-09T16:21:19Z,2026-07-09T16:54:38Z,33
1893431,West,FARIDKOT,Prem Nagar,Planned,Closed,2026-07-09T16:20:00Z,2026-07-09T17:34:00Z,74
1893428,East,Zirakpur,GREEN VALLEY,Planned,Closed,2026-07-09T16:20:00Z,2026-07-09T16:44:00Z,24
1893427,East,Zirakpur,PRITHIM,Planned,Closed,2026-07-09T16:20:00Z,2026-07-09T16:44:00Z,24
1893424,East,Zirakpur,PUNJAB,Planned,Closed,2026-07-09T16:20:00Z,2026-07-09T16:44:00Z,24
1893422,East,Zirakpur,SIMRAN,Planned,Closed,2026-07-09T16:20:00Z,2026-07-09T16:44:00Z,24
1893419,West,FEROZPUR,11 NAMDEV CHAUNK URBAN,Unplanned,Closed,2026-07-09T16:20:00Z,2026-07-09T17:20:00Z,60
1893418,North,HOSHIARPUR,GREEN VIEW PARK,Unplanned,Closed,2026-07-09T16:20:00Z,2026-07-09T16:40:00Z,20
1893421,Central,KHANNA,PS,Unplanned,Closed,2026-07-09T16:18:00Z,2026-07-09T18:29:00Z,131
1893420,East,MOHALI,11KV 82 ALPHA,Unplanned,Closed,2026-07-09T16:14:00Z,2026-07-09T17:37:00Z,83
1893406,East,ROPAR,Bassi,Unplanned,Closed,2026-07-09T16:12:00Z,2026-07-09T16:42:00Z,30
1893415,South,PATIALA,VAZEEDPUR,Unplanned,Closed,2026-07-09T16:10:00Z,2026-07-09T17:20:00Z,70
1893411,East,MOHALI,11KV JAND PUR,Unplanned,Closed,2026-07-09T16:10:00Z,2026-07-09T16:52:00Z,42
1893398,North,JALANDHAR,11 KV GULAB DEVI,Unplanned,Closed,2026-07-09T16:09:51Z,2026-07-09T16:13:42Z,3
1893405,North,JALANDHAR,DEVI TALAB,Unplanned,Closed,2026-07-09T16:09:05Z,2026-07-09T16:40:36Z,31
1893408,North,HOSHIARPUR,MEGHOWAL,Unplanned,Closed,2026-07-09T16:08:00Z,2026-07-09T16:20:00Z,12
1893402,Central,CITY EAST LUDHIANA,CHAURA BAZAAR,Unplanned,Closed,2026-07-09T16:08:00Z,2026-07-09T17:02:00Z,54
1893416,South,PATIALA,U.P.S. SAMUNGARH-2,Unplanned,Closed,2026-07-09T16:05:00Z,2026-07-09T17:50:00Z,105
1893412,South,PATIALA,UPS SUKHEWAL,Unplanned,Closed,2026-07-09T16:05:00Z,2026-07-09T16:45:00Z,40
1893410,South,PATIALA,KAUL,Unplanned,Closed,2026-07-09T16:05:00Z,2026-07-09T17:16:00Z,71
1893403,South,SANGRUR,GHANOURI KALAN C1,Unplanned,Closed,2026-07-09T16:05:00Z,2026-07-09T17:05:00Z,60
1893399,North,KAPURTHALA,UPS Malri,Unplanned,Closed,2026-07-09T16:05:00Z,2026-07-09T16:40:00Z,35
1893397,North,NAWANSHAHR,KUNAIL .,Unplanned,Closed,2026-07-09T16:05:00Z,2026-07-09T16:25:00Z,20
1893389,North,KAPURTHALA,nawajipur,Unplanned,Closed,2026-07-09T16:03:00Z,2026-07-09T16:10:00Z,7
1893387,North,KAPURTHALA,UPS Kotli,Unplanned,Closed,2026-07-09T16:03:00Z,2026-07-09T16:12:00Z,9
1893400,South,BARNALA,Kattu CAT-I,Unplanned,Closed,2026-07-09T16:02:00Z,2026-07-09T17:50:00Z,108
1893390,East,ROPAR,11 KV Bharatgarh,Unplanned,Closed,2026-07-09T16:02:00Z,2026-07-09T16:13:00Z,11
1893425,South,PATIALA,UPS DANDRALA,Unplanned,Closed,2026-07-09T16:01:00Z,2026-07-09T17:55:00Z,114
1893404,East,ROPAR,11KV Dugri,Unplanned,Closed,2026-07-09T16:01:00Z,2026-07-09T16:50:00Z,49
1893391,East,ROPAR,HIYATPUR,Unplanned,Closed,2026-07-09T16:01:00Z,2026-07-09T16:51:00Z,50
1893409,North,JALANDHAR,NIHAL GARGH,Unplanned,Closed,2026-07-09T16:00:00Z,2026-07-09T17:15:00Z,75
1893407,North,JALANDHAR,INDUSTRY AREA,Unplanned,Closed,2026-07-09T16:00:00Z,2026-07-09T16:50:00Z,50
1893395,West,FARIDKOT,Ram ganz,Planned,Closed,2026-07-09T16:00:00Z,2026-07-09T17:16:26Z,76
1893394,West,FARIDKOT,BUDH RAM URBAN,Planned,Closed,2026-07-09T16:00:00Z,2026-07-09T17:16:56Z,76
1893393,West,FARIDKOT,PREM NAGAR,Unplanned,Closed,2026-07-09T16:00:00Z,2026-07-09T17:17:43Z,77
1893388,West,FEROZPUR,MADHRE,Planned,Closed,2026-07-09T16:00:00Z,2026-07-09T16:50:00Z,50
1893413,South,PATIALA,UPS BHOJOMAJRI,Unplanned,Closed,2026-07-09T15:58:00Z,2026-07-09T17:20:00Z,82
1893401,East,MOHALI,SEC-70,Unplanned,Closed,2026-07-09T15:58:00Z,2026-07-09T17:23:00Z,85
1893385,Central,KHANNA,Focal Point 2,Unplanned,Closed,2026-07-09T15:56:00Z,2026-07-09T17:06:00Z,70
1893386,North,HOSHIARPUR,CHACK,Unplanned,Closed,2026-07-09T15:55:00Z,2026-07-09T17:50:00Z,115
1893392,South,BARNALA,KALAL MAJRA UPS,Unplanned,Closed,2026-07-09T15:50:00Z,2026-07-09T16:35:00Z,45
1893383,East,ROPAR,11 KV Plazzo ELite,Unplanned,Closed,2026-07-09T15:47:00Z,2026-07-09T16:35:00Z,48
1893381,East,MOHALI,11KV E&G Block,Unplanned,Closed,2026-07-09T15:42:00Z,2026-07-09T16:19:01Z,37
1893396,West,BATHINDA,ALLIKE,Unplanned,Closed,2026-07-09T15:40:00Z,2026-07-09T16:47:50Z,67
1893382,East,ROPAR,kohara urban,Unplanned,Closed,2026-07-09T15:40:00Z,2026-07-09T16:30:00Z,50
1893380,North,HOSHIARPUR,URMAR,Unplanned,Closed,2026-07-09T15:40:00Z,2026-07-09T15:50:00Z,10
1893379,South,SANGRUR,Gaushala Road,Unplanned,Closed,2026-07-09T15:40:00Z,2026-07-09T16:30:00Z,50
1893368,South,SANGRUR,MANDVI RURAL,Unplanned,Closed,2026-07-09T15:39:42Z,2026-07-09T17:18:57Z,99
1893378,Central,KHANNA,Royal,Unplanned,Closed,2026-07-09T15:37:00Z,2026-07-09T17:00:00Z,83
1893376,Central,KHANNA,Kotla,Unplanned,Closed,2026-07-09T15:37:00Z,2026-07-09T17:00:00Z,83
1893369,South,BARNALA,BANBHOURA CAT.1,Unplanned,Closed,2026-07-09T15:35:00Z,2026-07-09T16:00:00Z,25
1893366,East,Zirakpur,HARMILAP NAGAR,Unplanned,Closed,2026-07-09T15:35:00Z,2026-07-09T16:01:00Z,26
1893375,East,MOHALI,Sec-70 B,Unplanned,Closed,2026-07-09T15:33:00Z,2026-07-09T16:13:00Z,40
1893374,East,MOHALI,11KV 66B,Unplanned,Closed,2026-07-09T15:33:00Z,2026-07-09T16:46:42Z,73
1893367,East,ROPAR,MUKARI,Unplanned,Closed,2026-07-09T15:33:00Z,2026-07-09T16:15:00Z,42
1893384,South,BARNALA,UPS KUPKALAN,Unplanned,Closed,2026-07-09T15:30:00Z,2026-07-09T16:45:00Z,75
1893377,South,BARNALA,Manvi UPS,Unplanned,Closed,2026-07-09T15:30:00Z,2026-07-09T16:55:00Z,85
1893373,South,PATIALA,BINAHERI,Unplanned,Closed,2026-07-09T15:30:00Z,2026-07-09T16:20:00Z,50
1893357,Central,SUB URBAN LUDHIANA,NATHUMAJRA,Unplanned,Closed,2026-07-09T15:30:00Z,2026-07-09T16:10:00Z,40
1893371,Central,KHANNA,Mahpur,Unplanned,Closed,2026-07-09T15:29:00Z,2026-07-09T16:14:00Z,45
1893362,East,ROPAR,Palmajra,Unplanned,Closed,2026-07-09T15:29:00Z,2026-07-09T15:44:00Z,15
1893370,South,BARNALA,NABHA ROAD INDUSTRY,Unplanned,Closed,2026-07-09T15:28:00Z,2026-07-09T19:05:00Z,217
1893372,North,NAWANSHAHR,UPS No. 2,Unplanned,Closed,2026-07-09T15:25:00Z,2026-07-09T15:50:00Z,25
1893361,East,ROPAR,11 KV Jandiali,Unplanned,Closed,2026-07-09T15:25:00Z,2026-07-09T16:10:00Z,45
1893355,East,ROPAR,Bassi,Unplanned,Closed,2026-07-09T15:25:00Z,2026-07-09T15:35:00Z,10
1893354,North,JALANDHAR,11KV SALEMPUR,Unplanned,Closed,2026-07-09T15:25:00Z,2026-07-09T15:44:25Z,19
1893351,South,PATIALA,Officer Colony,Unplanned,Closed,2026-07-09T15:21:45Z,2026-07-09T16:05:00Z,43
1893352,West,FEROZPUR,RINGMAIN B,Planned,Closed,2026-07-09T15:21:00Z,2026-07-09T17:02:00Z,101
1893365,Border,GURDASPUR,College,Unplanned,Closed,2026-07-09T15:20:00Z,2026-07-09T15:45:00Z,25
1893364,Border,GURDASPUR,DHINDSA,Unplanned,Closed,2026-07-09T15:20:00Z,2026-07-09T15:45:00Z,25
1893363,East,ROPAR,11 KV Ghungrali Sikhan,Unplanned,Closed,2026-07-09T15:20:00Z,2026-07-09T16:05:00Z,45
1893350,North,HOSHIARPUR,UNCHIBASSI,Unplanned,Closed,2026-07-09T15:19:00Z,2026-07-09T16:08:00Z,49
1893353,West,FEROZPUR,Gobar Mandi,Unplanned,Closed,2026-07-09T15:18:00Z,2026-07-09T16:21:00Z,63
1893356,South,PATIALA,UPS PAWALA,Unplanned,Closed,2026-07-09T15:15:00Z,2026-07-09T15:35:00Z,20
1893344,Central,KHANNA,CHANNI,Unplanned,Closed,2026-07-09T15:14:00Z,2026-07-09T18:50:00Z,216
1893343,North,NAWANSHAHR,CITY GARHSHANKAR,Unplanned,Closed,2026-07-09T15:12:00Z,2026-07-09T15:25:00Z,13
1893360,North,JALANDHAR,11KVMARKFEED FEEDER,Unplanned,Closed,2026-07-09T15:10:00Z,2026-07-09T16:15:00Z,65
1893359,North,JALANDHAR,Pandori,Unplanned,Closed,2026-07-09T15:10:00Z,2026-07-09T16:50:00Z,100
1893358,North,JALANDHAR,11KV UDESIAN,Unplanned,Closed,2026-07-09T15:10:00Z,2026-07-09T16:05:00Z,55
1893348,North,JALANDHAR,FATEHGARH,Unplanned,Closed,2026-07-09T15:10:00Z,2026-07-09T15:20:00Z,10
1893345,Border,GURDASPUR,Kiari,Unplanned,Closed,2026-07-09T15:10:00Z,2026-07-09T16:20:00Z,70
1893341,South,SANGRUR,UPS GULARI,Unplanned,Closed,2026-07-09T15:05:00Z,2026-07-09T16:30:00Z,85
1893339,East,ROPAR,SRAIN,Unplanned,Closed,2026-07-09T15:05:00Z,2026-07-09T15:28:00Z,23
1893338,Central,KHANNA,Jai Bhart,Unplanned,Closed,2026-07-09T15:05:00Z,2026-07-09T15:45:00Z,40
1893333,Central,KHANNA,Bija Urban,Unplanned,Closed,2026-07-09T15:05:00Z,2026-07-09T15:34:00Z,29
1893346,North,JALANDHAR,URBAN RURAL,Unplanned,Closed,2026-07-09T15:00:00Z,2026-07-09T15:40:00Z,40
1893340,West,FEROZPUR,City Enclave,Unplanned,Closed,2026-07-09T15:00:00Z,2026-07-09T16:00:00Z,60
1893335,West,FEROZPUR,SODHE WALA,Unplanned,Closed,2026-07-09T15:00:00Z,2026-07-09T16:00:00Z,60
1893330,East,MOHALI,Nirankari feeder,Unplanned,Closed,2026-07-09T15:00:00Z,2026-07-09T16:45:00Z,105
1893319,East,Zirakpur,INDUSTRIAL LALRU,Unplanned,Closed,2026-07-09T15:00:00Z,2026-07-09T15:40:00Z,40
1893337,Central,SUB URBAN LUDHIANA,NAGLAN,Unplanned,Closed,2026-07-09T14:58:00Z,2026-07-09T15:55:00Z,57
1893349,West,FARIDKOT,GUMTI KHURD UPS,Planned,Closed,2026-07-09T14:56:00Z,2026-07-09T15:36:00Z,40
1893347,West,FARIDKOT,RAM LEELA GROUND,Planned,Closed,2026-07-09T14:56:00Z,2026-07-09T15:36:00Z,40
1893336,South,PATIALA,UPS DHADOGAL,Unplanned,Closed,2026-07-09T14:55:00Z,2026-07-09T16:45:00Z,110
1893334,East,MOHALI,11KV GMI,Unplanned,Closed,2026-07-09T14:55:00Z,2026-07-09T15:10:00Z,15
1893323,North,NAWANSHAHR,Langria UPS,Unplanned,Closed,2026-07-09T14:55:00Z,2026-07-09T16:50:00Z,115
1893310,Border,GURDASPUR,Kahnuwan Road,Planned,Closed,2026-07-09T14:55:00Z,2026-07-09T16:09:00Z,74
1893316,South,PATIALA,UPS DANDRALA,Unplanned,Closed,2026-07-09T14:51:00Z,2026-07-09T15:35:00Z,44
1893314,South,PATIALA,UPS UPPLAN,Unplanned,Closed,2026-07-09T14:51:00Z,2026-07-09T14:58:00Z,7
1893450,South,PATIALA,UPS NABHA NO.1,Unplanned,Closed,2026-07-09T14:50:00Z,2026-07-09T16:40:00Z,110
1893342,West,BATHINDA,PEERKHANA,Planned,Closed,2026-07-09T14:50:00Z,2026-07-09T15:14:00Z,24
1893331,South,PATIALA,ups Ambala Road,Unplanned,Closed,2026-07-09T14:50:00Z,2026-07-09T16:50:00Z,120
1893326,South,SANGRUR,UPS Sailwala,Unplanned,Closed,2026-07-09T14:50:00Z,2026-07-09T16:15:00Z,85
1893325,West,BATHINDA,100 FEET ROAD,Planned,Closed,2026-07-09T14:50:00Z,2026-07-09T15:50:00Z,60
1893317,North,JALANDHAR,Railway Road,Unplanned,Closed,2026-07-09T14:50:00Z,2026-07-09T16:08:00Z,78
1893307,East,ROPAR,11 KV Kakrala,Unplanned,Closed,2026-07-09T14:47:00Z,2026-07-09T15:45:00Z,58
1893332,South,PATIALA,UPS 2,Unplanned,Closed,2026-07-09T14:45:00Z,2026-07-09T16:15:00Z,90
1893329,Border,SUB URBAN AMRITSAR,11kv Gopal Mandir,Planned,Closed,2026-07-09T14:45:00Z,2026-07-09T16:55:00Z,130
1893328,Border,SUB URBAN AMRITSAR,88 feet road,Planned,Closed,2026-07-09T14:45:00Z,2026-07-09T16:55:00Z,130
1893327,Border,SUB URBAN AMRITSAR,GHALA MALA CHOWNK,Planned,Closed,2026-07-09T14:45:00Z,2026-07-09T16:55:00Z,130
1893322,Central,SUB URBAN LUDHIANA,SAHARAN MAJRA UPS,Unplanned,Closed,2026-07-09T14:40:00Z,2026-07-09T15:40:00Z,60
1893321,Central,SUB URBAN LUDHIANA,Bhikhi UPS,Unplanned,Closed,2026-07-09T14:40:00Z,2026-07-09T15:40:00Z,60
1893320,Central,SUB URBAN LUDHIANA,city-2,Unplanned,Closed,2026-07-09T14:40:00Z,2026-07-09T15:40:00Z,60
1893318,Central,SUB URBAN LUDHIANA,City-1,Unplanned,Closed,2026-07-09T14:40:00Z,2026-07-09T15:40:00Z,60
1893315,North,JALANDHAR,UNIK,Unplanned,Closed,2026-07-09T14:40:00Z,2026-07-09T15:25:00Z,45
1893313,North,JALANDHAR,Hargobind Nagar,Unplanned,Closed,2026-07-09T14:40:00Z,2026-07-09T15:25:00Z,45
1893312,North,JALANDHAR,GAUSHALLA,Unplanned,Closed,2026-07-09T14:40:00Z,2026-07-09T15:25:00Z,45
1893311,North,JALANDHAR,KALI MATA MANDIR,Unplanned,Closed,2026-07-09T14:40:00Z,2026-07-09T15:25:00Z,45
1893309,North,JALANDHAR,Khalsa Road,Unplanned,Closed,2026-07-09T14:40:00Z,2026-07-09T15:25:00Z,45
1893308,North,JALANDHAR,TRIBUNE,Unplanned,Closed,2026-07-09T14:40:00Z,2026-07-09T15:55:00Z,75
1893304,South,PATIALA,UPS Rohti Basta,Unplanned,Closed,2026-07-09T14:36:00Z,2026-07-09T18:15:00Z,219
1893288,Border,CITY AMRITSAR,City Feeder,Unplanned,Closed,2026-07-09T14:35:45Z,2026-07-09T15:40:02Z,64
1893292,South,SANGRUR,11 KV Turri,Unplanned,Closed,2026-07-09T14:34:57Z,2026-07-09T16:42:17Z,127
1893291,South,SANGRUR,Bakhopir II,Unplanned,Closed,2026-07-09T14:34:01Z,2026-07-09T14:59:49Z,25
1893282,East,ROPAR,11 KV Sarsa Nangal,Unplanned,Closed,2026-07-09T14:33:00Z,2026-07-09T15:46:00Z,73
1893296,East,Zirakpur,SUKHNA,Unplanned,Closed,2026-07-09T14:32:00Z,2026-07-09T16:20:00Z,108
1893300,North,JALANDHAR,LINK FEEDER,Unplanned,Closed,2026-07-09T14:30:00Z,2026-07-09T14:45:00Z,15
1893299,North,JALANDHAR,11 KV LAW GATE FEEDER,Unplanned,Closed,2026-07-09T14:30:00Z,2026-07-09T14:46:00Z,16
1893298,North,JALANDHAR,VIEW ESTATE,Unplanned,Closed,2026-07-09T14:30:00Z,2026-07-09T14:42:00Z,12
1893297,South,SANGRUR,UPS DORALI,Unplanned,Closed,2026-07-09T14:30:00Z,2026-07-09T15:55:00Z,85
1893295,North,JALANDHAR,DANA MANDI RAIPUR,Unplanned,Closed,2026-07-09T14:30:00Z,2026-07-09T14:45:00Z,15
1893294,North,JALANDHAR,PEER PRANIA FEEDER,Unplanned,Closed,2026-07-09T14:30:00Z,2026-07-09T14:45:00Z,15
1893293,North,JALANDHAR,RURAL URBAN  (NAWAN PIND),Unplanned,Closed,2026-07-09T14:30:00Z,2026-07-09T14:44:00Z,14
1893289,South,SANGRUR,Hamirgarh City,Unplanned,Closed,2026-07-09T14:30:00Z,2026-07-09T14:55:00Z,25
1893277,North,NAWANSHAHR,PARAGPUR,Unplanned,Closed,2026-07-09T14:30:00Z,2026-07-09T16:25:00Z,115
1893274,North,NAWANSHAHR,DIBHALI,Unplanned,Closed,2026-07-09T14:30:00Z,2026-07-09T16:25:00Z,115
1893301,South,SANGRUR,BUGRAN UPS,Unplanned,Closed,2026-07-09T14:28:00Z,2026-07-09T15:28:00Z,60
1893270,East,MOHALI,Mullanpur,Unplanned,Closed,2026-07-09T14:28:00Z,2026-07-09T14:46:00Z,18
1893302,West,BATHINDA,THERMAL UPS,Unplanned,Closed,2026-07-09T14:27:00Z,2026-07-09T15:30:00Z,63
1893269,Border,GURDASPUR,Islampur No. 1,Unplanned,Closed,2026-07-09T14:27:00Z,2026-07-09T15:24:00Z,57
1893306,West,FEROZPUR,UPS FEEDER,Planned,Closed,2026-07-09T14:26:00Z,2026-07-09T15:26:00Z,60
1893266,West,FEROZPUR,ARSONAL,Planned,Closed,2026-07-09T14:26:00Z,2026-07-09T15:26:00Z,60
1893275,East,Zirakpur,BEGAMPURA,Unplanned,Closed,2026-07-09T14:25:00Z,2026-07-09T14:45:00Z,20
1893272,East,Zirakpur,ALLWIN,Unplanned,Closed,2026-07-09T14:25:00Z,2026-07-09T14:45:00Z,20
1893324,South,SANGRUR,UPS PATRAN,Unplanned,Closed,2026-07-09T14:20:00Z,2026-07-09T17:35:00Z,195
1893303,North,HOSHIARPUR,Chabbewal,Unplanned,Closed,2026-07-09T14:20:00Z,2026-07-09T14:45:00Z,25
1893278,West,FEROZPUR,Police Line,Planned,Closed,2026-07-09T14:20:00Z,2026-07-09T15:56:00Z,96
1893265,West,FEROZPUR,DANA MANDI,Unplanned,Closed,2026-07-09T14:20:00Z,2026-07-09T15:02:00Z,42
1893276,West,FEROZPUR,HABIB WALA,Planned,Closed,2026-07-09T14:19:00Z,2026-07-09T15:55:00Z,96
1893273,West,FEROZPUR,Amritsari Gate,Planned,Closed,2026-07-09T14:19:00Z,2026-07-09T15:56:00Z,97
1893268,East,ROPAR,MUKARI,Unplanned,Closed,2026-07-09T14:18:00Z,2026-07-09T14:48:00Z,30
1893290,North,JALANDHAR,BABA GADHIYA,Unplanned,Closed,2026-07-09T14:15:00Z,2026-07-09T14:45:00Z,30
1893287,North,JALANDHAR,ASHOK VIHAR,Unplanned,Closed,2026-07-09T14:15:00Z,2026-07-09T14:46:00Z,31
1893286,North,JALANDHAR,Convent School,Unplanned,Closed,2026-07-09T14:15:00Z,2026-07-09T14:45:00Z,30
1893285,North,JALANDHAR,LINK FEEDER,Unplanned,Closed,2026-07-09T14:15:00Z,2026-07-09T14:45:00Z,30
1893284,North,JALANDHAR,FATEHGARH,Unplanned,Closed,2026-07-09T14:15:00Z,2026-07-09T14:45:00Z,30
1893283,North,JALANDHAR,Urban Rural no 2,Unplanned,Closed,2026-07-09T14:15:00Z,2026-07-09T14:45:00Z,30
1893281,North,JALANDHAR,URBAN RURAL,Unplanned,Closed,2026-07-09T14:15:00Z,2026-07-09T14:45:00Z,30
1893280,North,JALANDHAR,KLARWARA GATE,Unplanned,Closed,2026-07-09T14:15:00Z,2026-07-09T14:45:00Z,30
1893279,North,JALANDHAR,HSP ROAD,Unplanned,Closed,2026-07-09T14:15:00Z,2026-07-09T14:44:00Z,29
1893267,East,ROPAR,Jhangrian,Unplanned,Closed,2026-07-09T14:15:00Z,2026-07-09T14:45:00Z,30
1893264,East,ROPAR,SRAIN,Unplanned,Closed,2026-07-09T14:15:00Z,2026-07-09T14:55:00Z,40
1893255,West,FARIDKOT,BATHINDA ROAD,Planned,Closed,2026-07-09T14:15:00Z,2026-07-09T16:49:00Z,154
1893260,East,MOHALI,11 KV Gura,Unplanned,Closed,2026-07-09T14:13:00Z,2026-07-09T15:26:00Z,73
1893263,North,NAWANSHAHR,KAULGARH,Unplanned,Closed,2026-07-09T14:12:00Z,2026-07-09T16:10:00Z,118
1893262,South,BARNALA,BANBHOURA,Unplanned,Closed,2026-07-09T14:10:00Z,2026-07-09T16:12:00Z,122
1893261,Border,GURDASPUR,Basrawan,Unplanned,Closed,2026-07-09T14:10:00Z,2026-07-09T14:45:00Z,35
1893256,East,Zirakpur,Jastna Kandi Pure AP,Unplanned,Closed,2026-07-09T14:10:00Z,2026-07-09T14:45:00Z,35
1893257,East,ROPAR,11KV Alampur,Unplanned,Closed,2026-07-09T14:08:00Z,2026-07-09T14:28:00Z,20
1893259,North,NAWANSHAHR,GARCHA,Unplanned,Closed,2026-07-09T14:05:00Z,2026-07-09T14:25:00Z,20
1893258,North,NAWANSHAHR,MALPUR,Unplanned,Closed,2026-07-09T14:05:00Z,2026-07-09T14:25:00Z,20
1893254,Central,CITY EAST LUDHIANA,DIVISION-3,Unplanned,Closed,2026-07-09T14:05:00Z,2026-07-09T14:21:00Z,16
1893247,Border,GURDASPUR,Kahnuwan Road,Planned,Closed,2026-07-09T14:05:00Z,2026-07-09T14:51:00Z,46
1893246,Border,GURDASPUR,Simbal,Planned,Closed,2026-07-09T14:05:00Z,2026-07-09T14:51:00Z,46
1893253,West,FEROZPUR,Bahadur Wala,Unplanned,Closed,2026-07-09T14:00:00Z,2026-07-09T15:08:00Z,68
1893252,East,ROPAR,11 KV Diwala,Unplanned,Closed,2026-07-09T14:00:00Z,2026-07-09T15:00:00Z,60
1893251,West,FEROZPUR,HAKE WALA,Unplanned,Closed,2026-07-09T14:00:00Z,2026-07-09T15:08:00Z,68
1893249,West,FEROZPUR,Makhu Gate,Unplanned,Closed,2026-07-09T14:00:00Z,2026-07-09T15:08:00Z,68
1893248,East,ROPAR,11 KV Chakli Aadal,Unplanned,Closed,2026-07-09T14:00:00Z,2026-07-09T15:00:00Z,60
1893245,East,ROPAR,11KV Belian UPS FEEDER,Unplanned,Closed,2026-07-09T13:59:00Z,2026-07-09T14:20:00Z,21
1893243,North,NAWANSHAHR,RATTEWAL,Unplanned,Closed,2026-07-09T13:50:00Z,2026-07-09T15:50:00Z,120
1893242,Central,KHANNA,Kotla bhari,Unplanned,Closed,2026-07-09T13:50:00Z,2026-07-09T15:16:00Z,86
1893241,Central,KHANNA,Focal Point 2,Unplanned,Closed,2026-07-09T13:50:00Z,2026-07-09T15:54:00Z,124
1893239,Central,KHANNA,Ratanheri,Unplanned,Closed,2026-07-09T13:50:00Z,2026-07-09T15:36:00Z,106
1893231,South,SANGRUR,Hassanpur,Planned,Closed,2026-07-09T13:50:00Z,2026-07-09T18:45:00Z,295
1893230,South,SANGRUR,LADDA (DHURI),Planned,Closed,2026-07-09T13:50:00Z,2026-07-09T18:45:00Z,295
1893240,North,NAWANSHAHR,PANYALI,Unplanned,Closed,2026-07-09T13:45:00Z,2026-07-09T14:45:00Z,60
1893237,North,JALANDHAR,CANAL,Unplanned,Closed,2026-07-09T13:45:00Z,2026-07-09T14:56:00Z,71
1893229,Border,GURDASPUR,HABIBPUR,Unplanned,Closed,2026-07-09T13:45:00Z,2026-07-09T14:55:00Z,70
1893228,North,JALANDHAR,Mahajan feeder,Unplanned,Closed,2026-07-09T13:45:00Z,2026-07-09T14:00:00Z,15
1893244,East,ROPAR,11 KV Sarsa Nangal,Unplanned,Closed,2026-07-09T13:44:00Z,2026-07-09T14:20:00Z,36
1893233,South,SANGRUR,Kammomajra,Unplanned,Closed,2026-07-09T13:42:00Z,2026-07-09T15:15:00Z,93
1893236,South,SANGRUR,CITY-5,Unplanned,Closed,2026-07-09T13:40:00Z,2026-07-09T16:10:00Z,150
1893235,Border,CITY AMRITSAR,11kV Garden Enclave,Unplanned,Closed,2026-07-09T13:40:00Z,2026-07-09T14:02:00Z,22
1893234,North,NAWANSHAHR,HEDONBET,Unplanned,Closed,2026-07-09T13:40:00Z,2026-07-09T14:55:00Z,75
1893225,South,SANGRUR,Industrial (Benra),Unplanned,Closed,2026-07-09T13:40:00Z,2026-07-09T13:55:00Z,15
1893227,North,NAWANSHAHR,Urban Pattren,Unplanned,Closed,2026-07-09T13:37:00Z,2026-07-09T13:45:00Z,8
1893226,East,Zirakpur,BALTANA,Unplanned,Closed,2026-07-09T13:37:00Z,2026-07-09T14:05:00Z,28
1893238,North,KAPURTHALA,11 KV urban Girl School,Unplanned,Closed,2026-07-09T13:36:00Z,2026-07-09T14:20:00Z,44
1893250,South,SANGRUR,R.G. Developers,Unplanned,Closed,2026-07-09T13:32:00Z,2026-07-09T15:05:00Z,93
1893224,East,ROPAR,NALHOTI,Unplanned,Closed,2026-07-09T13:25:00Z,2026-07-09T13:55:00Z,30
1893221,North,HOSHIARPUR,SATHWAN,Unplanned,Closed,2026-07-09T13:25:00Z,2026-07-09T13:55:00Z,30
1893214,West,FARIDKOT,11KV Circular Road,Unplanned,Closed,2026-07-09T13:24:25Z,2026-07-09T14:24:52Z,60
1893215,South,PATIALA,TEHSIL ROAD,Unplanned,Closed,2026-07-09T13:24:00Z,2026-07-09T13:57:00Z,33
1893219,North,NAWANSHAHR,City,Unplanned,Closed,2026-07-09T13:22:00Z,2026-07-09T13:33:00Z,11
1893218,North,JALANDHAR,DRP,Unplanned,Closed,2026-07-09T13:20:00Z,2026-07-09T15:20:00Z,120
1893217,North,HOSHIARPUR,PADDI SURA SINGH,Unplanned,Closed,2026-07-09T13:20:00Z,2026-07-09T13:58:00Z,38
1893232,East,ROPAR,Mianpur,Unplanned,Closed,2026-07-09T13:18:00Z,2026-07-09T13:55:00Z,37
1893223,Central,KHANNA,PS,Unplanned,Closed,2026-07-09T13:15:00Z,2026-07-09T14:44:00Z,89
1893216,South,SANGRUR,BIJALPUR UPS,Unplanned,Closed,2026-07-09T13:10:00Z,2026-07-09T16:10:00Z,180
1893211,South,SANGRUR,UPS BHAMANMAJARA,Unplanned,Closed,2026-07-09T13:10:00Z,2026-07-09T16:00:00Z,170
1893204,North,NAWANSHAHR,TEHSIL COMPLEX GSR,Unplanned,Closed,2026-07-09T13:10:00Z,2026-07-09T13:30:00Z,20
1893208,South,SANGRUR,KHANOURI  PEER,Unplanned,Closed,2026-07-09T13:07:00Z,2026-07-09T13:50:00Z,43
1893213,South,SANGRUR,SOHIAN,Unplanned,Closed,2026-07-09T13:05:00Z,2026-07-09T13:55:00Z,50
1893209,North,NAWANSHAHR,BAZIDPUR,Unplanned,Closed,2026-07-09T13:05:00Z,2026-07-09T14:00:00Z,55
1893205,South,SANGRUR,UPS THRWA,Unplanned,Closed,2026-07-09T13:05:00Z,2026-07-09T17:25:00Z,260
1893202,North,HOSHIARPUR,PENSRA,Unplanned,Closed,2026-07-09T13:05:00Z,2026-07-09T13:35:00Z,30
1893220,North,NAWANSHAHR,11KV24HRS NO-4,Unplanned,Closed,2026-07-09T13:02:00Z,2026-07-09T14:01:00Z,59
1893201,East,MOHALI,NAYA GAON,Unplanned,Closed,2026-07-09T13:02:00Z,2026-07-09T13:30:00Z,28
1893203,South,SANGRUR,Kaimpur UPS (GRID DIRBA),Unplanned,Closed,2026-07-09T13:01:00Z,2026-07-09T16:25:00Z,204
1893207,West,FEROZPUR,POLYTECHNIC COLLEGE,Unplanned,Closed,2026-07-09T13:00:00Z,2026-07-09T14:00:00Z,60
1893206,West,FEROZPUR,Gobar Mandi,Unplanned,Closed,2026-07-09T13:00:00Z,2026-07-09T14:00:00Z,60
1893197,Central,KHANNA,Focal Point 1,Unplanned,Closed,2026-07-09T12:57:00Z,2026-07-09T13:00:00Z,3
1893222,East,ROPAR,Dhakoran,Unplanned,Closed,2026-07-09T12:55:00Z,2026-07-09T14:00:00Z,65
1893199,East,MOHALI,70-A,Unplanned,Closed,2026-07-09T12:55:00Z,2026-07-09T13:56:00Z,61
1893305,East,ROPAR,CITY,Unplanned,Closed,2026-07-09T12:50:00Z,2026-07-09T15:48:00Z,178
1893198,North,NAWANSHAHR,CITY GARHSHANKAR,Unplanned,Closed,2026-07-09T12:50:00Z,2026-07-09T13:17:00Z,27
1893194,South,SANGRUR,UPS SIHAL,Unplanned,Closed,2026-07-09T12:50:00Z,2026-07-09T14:40:00Z,110
1893187,Central,KHANNA,MALKO MAJRA,Planned,Closed,2026-07-09T12:47:31Z,2026-07-09T16:23:41Z,216
1893195,East,MOHALI,11KV 82 ALPHA,Unplanned,Closed,2026-07-09T12:46:00Z,2026-07-09T13:05:32Z,19
1893196,West,FEROZPUR,MADHRE,Planned,Closed,2026-07-09T12:45:00Z,2026-07-09T14:30:00Z,105
1893188,West,FEROZPUR,ZILA PARISHAD,Unplanned,Closed,2026-07-09T12:45:00Z,2026-07-09T13:22:00Z,37
1893185,South,SANGRUR,BABA MITHU SHAH,Unplanned,Closed,2026-07-09T12:44:04Z,2026-07-09T13:08:16Z,24
1893186,Central,CITY EAST LUDHIANA,GRD Nagar,Unplanned,Closed,2026-07-09T12:43:58Z,2026-07-09T15:03:18Z,139
1893189,East,Zirakpur,SACHKHAND SAHIB,Unplanned,Closed,2026-07-09T12:43:00Z,2026-07-09T13:28:00Z,45
1893212,East,ROPAR,11 KV SIDHUPUR,Unplanned,Closed,2026-07-09T12:40:00Z,2026-07-09T14:10:00Z,90
1893190,South,SANGRUR,UPS-1,Unplanned,Closed,2026-07-09T12:40:00Z,2026-07-09T13:58:00Z,78
1893210,West,BATHINDA,11 KV NEW RING ROAD FEEDER,Planned,Closed,2026-07-09T12:30:00Z,2026-07-09T13:16:35Z,46
1893193,North,NAWANSHAHR,UPS No. 1,Unplanned,Closed,2026-07-09T12:30:00Z,2026-07-09T13:41:52Z,71
1893192,North,NAWANSHAHR,UPS No. 2,Unplanned,Closed,2026-07-09T12:30:00Z,2026-07-09T13:10:00Z,40
1893183,North,HOSHIARPUR,Ahiapur,Unplanned,Closed,2026-07-09T12:30:00Z,2026-07-09T12:55:00Z,25
1893200,West,FARIDKOT,11 KV RODE CAT-01,Planned,Closed,2026-07-09T12:25:00Z,2026-07-09T13:55:00Z,90
1893182,South,SANGRUR,SUB STATION GURBAXPURA,Unplanned,Closed,2026-07-09T12:24:50Z,2026-07-09T13:05:50Z,41
1893181,South,SANGRUR,Badesha,Unplanned,Closed,2026-07-09T12:24:50Z,2026-07-09T13:05:50Z,41
1893180,South,SANGRUR,Gurbaxpura,Unplanned,Closed,2026-07-09T12:24:50Z,2026-07-09T13:05:50Z,41
1893191,East,Zirakpur,ASSTHA,Unplanned,Closed,2026-07-09T12:22:00Z,2026-07-09T12:50:00Z,28
1893176,West,FARIDKOT,TAIBAN (Sherpur),Planned,Closed,2026-07-09T12:20:50Z,2026-07-09T13:48:56Z,88
1893178,West,BATHINDA,BUGGAR,Planned,Closed,2026-07-09T12:20:00Z,2026-07-09T14:25:00Z,125
1893177,Border,GURDASPUR,DHINDSA,Unplanned,Closed,2026-07-09T12:20:00Z,2026-07-09T12:50:00Z,30
1893171,Central,KHANNA,SANGATPURA,Planned,Closed,2026-07-09T12:15:21Z,2026-07-09T18:30:51Z,375
1893184,North,KAPURTHALA,UPS Malri,Unplanned,Closed,2026-07-09T12:15:00Z,2026-07-09T12:36:00Z,21
1893169,North,KAPURTHALA,Nirmal Kutiya,Planned,Closed,2026-07-09T12:15:00Z,2026-07-09T16:00:00Z,225
1893173,West,FARIDKOT,SAHIBZADA AJIT SINGH NAGAR,Unplanned,Closed,2026-07-09T12:13:33Z,2026-07-09T13:19:33Z,66
1893172,West,FARIDKOT,AKALSAR,Unplanned,Closed,2026-07-09T12:13:33Z,2026-07-09T13:19:28Z,65
1893174,West,FEROZPUR,UPS FEEDER,Planned,Closed,2026-07-09T12:13:00Z,2026-07-09T13:08:00Z,55
1893175,West,FARIDKOT,11 KV BMS NATHUWALA-CAT-01,Planned,Closed,2026-07-09T12:10:00Z,2026-07-09T13:20:00Z,70
1893170,North,NAWANSHAHR,DUGRI,Unplanned,Closed,2026-07-09T12:10:00Z,2026-07-09T12:45:00Z,35
1893164,North,NAWANSHAHR,JADALI,Unplanned,Closed,2026-07-09T12:10:00Z,2026-07-09T13:30:00Z,80
1893162,North,NAWANSHAHR,RAKKAR DHAHAN,Unplanned,Closed,2026-07-09T12:10:00Z,2026-07-09T13:30:00Z,80
1893161,Border,SUB URBAN AMRITSAR,GOPAL NAGAR,Unplanned,Closed,2026-07-09T12:08:17Z,2026-07-09T12:47:00Z,38
1893165,Central,CITY EAST LUDHIANA,GURMAMDI,Unplanned,Closed,2026-07-09T12:05:00Z,2026-07-09T13:25:00Z,80
1893167,South,BARNALA,RADAR CAT-4,Planned,Closed,2026-07-09T12:01:00Z,2026-07-09T12:45:00Z,44
1893166,South,BARNALA,Ram Rajia,Planned,Closed,2026-07-09T12:01:00Z,2026-07-09T12:45:00Z,44
1893163,South,BARNALA,KALA MEHAL,Planned,Closed,2026-07-09T12:01:00Z,2026-07-09T12:45:00Z,44
1893159,West,FEROZPUR,DANA MANDI,Unplanned,Closed,2026-07-09T12:00:00Z,2026-07-09T13:00:00Z,60
1893082,Central,CITY WEST LUDHIANA,SAHIB METAL,Planned,Closed,2026-07-09T12:00:00Z,2026-07-09T14:00:00Z,120
1893081,Central,CITY WEST LUDHIANA,PREMIUM COMPLEX,Planned,Closed,2026-07-09T12:00:00Z,2026-07-09T14:00:00Z,120
1893168,South,SANGRUR,Bhagwanpura,Unplanned,Closed,2026-07-09T11:55:00Z,2026-07-09T13:10:00Z,75
1893160,Border,CITY AMRITSAR,11KvGoal Bagh,Unplanned,Closed,2026-07-09T11:55:00Z,2026-07-09T12:10:00Z,15
1893156,North,NAWANSHAHR,CHAHALPUR,Unplanned,Closed,2026-07-09T11:55:00Z,2026-07-09T12:13:00Z,18
1893153,South,BARNALA,KHANPUR UPS,Planned,Closed,2026-07-09T11:55:00Z,2026-07-09T12:50:00Z,55
1893154,South,SANGRUR,RAJGARH Basti,Unplanned,Closed,2026-07-09T11:50:01Z,2026-07-09T13:35:15Z,105
1893157,East,MOHALI,CHARBARH UPS,Unplanned,Closed,2026-07-09T11:50:00Z,2026-07-09T12:50:51Z,60
1893155,North,NAWANSHAHR,JINDAPUR,Unplanned,Closed,2026-07-09T11:50:00Z,2026-07-09T12:15:00Z,25
1893152,West,MUKATSAR,FOCAL POINT,Planned,Closed,2026-07-09T11:50:00Z,2026-07-09T12:08:00Z,18
1893158,Border,CITY AMRITSAR,City Feeder,Unplanned,Closed,2026-07-09T11:47:00Z,2026-07-09T12:45:00Z,58
1893150,North,NAWANSHAHR,PAILY,Unplanned,Closed,2026-07-09T11:38:00Z,2026-07-09T11:48:00Z,10
1893149,Central,KHANNA,Friend colony,Unplanned,Closed,2026-07-09T11:37:00Z,2026-07-09T12:20:00Z,43
1893179,North,NAWANSHAHR,Friends Road,Unplanned,Closed,2026-07-09T11:35:00Z,2026-07-09T12:20:00Z,45
1893144,South,SANGRUR,Bhathuan,Unplanned,Closed,2026-07-09T11:32:49Z,2026-07-09T12:51:07Z,78
1893151,South,BARNALA,INDUSTRIAL,Unplanned,Closed,2026-07-09T11:32:00Z,2026-07-09T12:15:00Z,43
1893147,East,MOHALI,MOULI,Unplanned,Closed,2026-07-09T11:27:00Z,2026-07-09T12:35:00Z,68
1893142,South,SANGRUR,HARIGARH (GRID DIRBA),Unplanned,Closed,2026-07-09T11:27:00Z,2026-07-09T12:20:00Z,53
1893146,Border,GURDASPUR,11KV UPS Datial Feeder,Unplanned,Closed,2026-07-09T11:25:00Z,2026-07-09T12:10:00Z,45
1893143,West,BATHINDA,LAL SINGH BASTI,Unplanned,Closed,2026-07-09T11:25:00Z,2026-07-09T12:20:00Z,55
1893145,East,ROPAR,SWARA,Unplanned,Closed,2026-07-09T11:24:00Z,2026-07-09T11:48:00Z,24
1893137,South,SANGRUR,11kv Bhikhi Road,Planned,Closed,2026-07-09T11:20:00Z,2026-07-09T12:48:00Z,88
1893136,South,SANGRUR,11 KV CHEEMA URBAN,Unplanned,Closed,2026-07-09T11:20:00Z,2026-07-09T12:48:00Z,88
1893141,East,ROPAR,11KV Dugri,Unplanned,Closed,2026-07-09T11:19:00Z,2026-07-09T12:11:00Z,52
1893148,West,FEROZPUR,LAKHA HAZI UPS,Planned,Closed,2026-07-09T11:15:00Z,2026-07-09T13:07:00Z,112
1893139,North,HOSHIARPUR,CHACK,Unplanned,Closed,2026-07-09T11:15:00Z,2026-07-09T13:10:00Z,115
1893138,North,KAPURTHALA,UPS GURSAR,Unplanned,Closed,2026-07-09T11:15:00Z,2026-07-09T12:20:00Z,65
1893135,South,PATIALA,JAMITGARH UPS,Unplanned,Closed,2026-07-09T11:10:00Z,2026-07-09T11:40:10Z,30
1893132,East,ROPAR,11KV Shvalik Heights,Planned,Closed,2026-07-09T11:10:00Z,2026-07-09T12:31:00Z,81
1893133,Central,CITY EAST LUDHIANA,BASTI JODHEWAL,Unplanned,Closed,2026-07-09T11:07:00Z,2026-07-09T12:22:00Z,75
1893130,West,FEROZPUR,Amritsari Gate,Planned,Closed,2026-07-09T11:07:00Z,2026-07-09T12:10:00Z,63
1893128,Border,SUB URBAN AMRITSAR,24 HRS RANIA,Unplanned,Closed,2026-07-09T11:07:00Z,2026-07-09T13:19:00Z,132
1893140,Central,KHANNA,Sohavi,Unplanned,Closed,2026-07-09T11:05:00Z,2026-07-09T12:15:00Z,70
1893126,South,SANGRUR,NANKIANA SAHIB,Planned,Closed,2026-07-09T11:04:37Z,2026-07-09T12:30:56Z,86
1893129,North,HOSHIARPUR,PATHRALIAN,Unplanned,Closed,2026-07-09T11:00:00Z,2026-07-09T11:20:00Z,20
1893125,West,FEROZPUR,SODHE WALA,Unplanned,Closed,2026-07-09T11:00:00Z,2026-07-09T12:00:00Z,60
1893124,North,JALANDHAR,HSP ROAD,Unplanned,Closed,2026-07-09T11:00:00Z,2026-07-09T12:00:00Z,60
1893123,East,MOHALI,SEC-69,Planned,Closed,2026-07-09T11:00:00Z,2026-07-09T12:43:00Z,103
1893127,West,BATHINDA,Sahnewali ups III,Unplanned,Closed,2026-07-09T10:59:00Z,2026-07-09T11:40:47Z,41
1893114,South,SANGRUR,11 KV DUGGAN URBAN,Planned,Closed,2026-07-09T10:55:23Z,2026-07-09T11:55:59Z,60
1893115,South,SANGRUR,11KV BAHADURPUR UPS(DUGGAN GRID),Planned,Closed,2026-07-09T10:55:16Z,2026-07-09T11:55:33Z,60
1893122,North,HOSHIARPUR,Harsipind UPS,Unplanned,Closed,2026-07-09T10:55:00Z,2026-07-09T11:10:00Z,15
1893117,North,JALANDHAR,RANDHAWA MASANDA,Unplanned,Closed,2026-07-09T10:53:00Z,2026-07-09T11:36:00Z,43
1893121,West,MUKATSAR,KHUIKHERA UPS,Unplanned,Closed,2026-07-09T10:52:00Z,2026-07-09T13:35:08Z,163
1893120,East,MOHALI,ALAMPUR UPS,Unplanned,Closed,2026-07-09T10:50:00Z,2026-07-09T13:15:52Z,145
1893118,Border,TARN TARAN,Kendri Sudhar Ghar,Unplanned,Closed,2026-07-09T10:50:00Z,2026-07-09T12:35:00Z,105
1893112,West,FEROZPUR,Dhawan Colony,Unplanned,Closed,2026-07-09T10:50:00Z,2026-07-09T12:20:00Z,90
1893113,West,FEROZPUR,Police Line,Planned,Closed,2026-07-09T10:46:00Z,2026-07-09T12:41:00Z,115
1893110,North,KAPURTHALA,UPS Malri,Planned,Closed,2026-07-09T10:46:00Z,2026-07-09T11:05:00Z,19
1893134,North,JALANDHAR,PANJPEER,Unplanned,Closed,2026-07-09T10:45:00Z,2026-07-09T12:39:00Z,114
1893131,East,ROPAR,11 KV Casa Homes,Unplanned,Closed,2026-07-09T10:45:00Z,2026-07-09T12:08:00Z,83
1893119,North,JALANDHAR,JAGDAMBAY FEEDER,Unplanned,Closed,2026-07-09T10:45:00Z,2026-07-09T11:35:00Z,50
1893111,West,FARIDKOT,Panj Grain,Unplanned,Closed,2026-07-09T10:41:00Z,2026-07-09T12:55:00Z,134
1893099,South,SANGRUR,BHUTAL CITY,Planned,Closed,2026-07-09T10:40:45Z,2026-07-09T14:12:58Z,212
1893116,Border,TARN TARAN,Khadoor Sahib URBAN.,Unplanned,Closed,2026-07-09T10:40:00Z,2026-07-09T11:40:00Z,60
1893107,South,SANGRUR,11 KV TUNGAN AP,Unplanned,Closed,2026-07-09T10:40:00Z,2026-07-09T16:10:00Z,330
1893105,West,MUKATSAR,11 KV SITO,Unplanned,Closed,2026-07-09T10:38:15Z,2026-07-09T10:59:24Z,21
1893106,Border,GURDASPUR,Bahardur Hussain,Unplanned,Closed,2026-07-09T10:35:00Z,2026-07-09T13:25:00Z,170
1893104,North,NAWANSHAHR,SAHIBA,Unplanned,Closed,2026-07-09T10:35:00Z,2026-07-09T12:05:00Z,90
1893103,North,NAWANSHAHR,KARAWAR,Unplanned,Closed,2026-07-09T10:35:00Z,2026-07-09T12:05:00Z,90
1893098,Border,CITY AMRITSAR,DHAPAI INDUSTRIAL,Unplanned,Closed,2026-07-09T10:32:51Z,2026-07-09T10:41:42Z,8
1893109,North,HOSHIARPUR,Patti,Unplanned,Closed,2026-07-09T10:30:00Z,2026-07-09T12:05:00Z,95
1893108,East,MOHALI,11KV PATTON AP,Unplanned,Closed,2026-07-09T10:30:00Z,2026-07-09T11:30:57Z,60
1893102,East,MOHALI,11 KV SUKHNA ENCLAVE,Planned,Closed,2026-07-09T10:30:00Z,2026-07-09T11:57:00Z,87
1893101,East,MOHALI,11KV Shivalik Vihar,Planned,Closed,2026-07-09T10:30:00Z,2026-07-09T11:57:00Z,87
1893100,East,MOHALI,11 KV Kansal,Planned,Closed,2026-07-09T10:30:00Z,2026-07-09T11:57:00Z,87
1893079,Central,CITY WEST LUDHIANA,KHURANA ROLLING,Planned,Closed,2026-07-09T10:30:00Z,2026-07-09T14:00:00Z,210
1893078,Central,CITY WEST LUDHIANA,SHAROMANI,Planned,Closed,2026-07-09T10:30:00Z,2026-07-09T14:00:00Z,210
1893097,North,HOSHIARPUR,CHANNIYA,Unplanned,Closed,2026-07-09T10:25:00Z,2026-07-09T10:42:00Z,17
1892827,Central,SUB URBAN LUDHIANA,City-02,Planned,Closed,2026-07-09T10:25:00Z,2026-07-09T14:05:00Z,220
1893090,East,Zirakpur,JEOLY,Unplanned,Closed,2026-07-09T10:21:51Z,2026-07-09T10:52:06Z,30
1893096,East,ROPAR,11 KV Landran Road,Unplanned,Closed,2026-07-09T10:21:00Z,2026-07-09T11:05:00Z,44
1893093,South,SANGRUR,11 KV SULARGHRAT UPS,Unplanned,Closed,2026-07-09T10:20:19Z,2026-07-09T10:40:35Z,20
1893095,Border,TARN TARAN,GHAT SAHIB URBAN,Unplanned,Closed,2026-07-09T10:20:00Z,2026-07-09T12:30:00Z,130
1893094,North,JALANDHAR,KALIA COLONY,Unplanned,Closed,2026-07-09T10:20:00Z,2026-07-09T10:45:00Z,25
1893089,West,FEROZPUR,PEERU WALA,Planned,Closed,2026-07-09T10:20:00Z,2026-07-09T11:33:00Z,73
1893092,East,MOHALI,11KV JAND PUR,Unplanned,Closed,2026-07-09T10:15:00Z,2026-07-09T10:40:00Z,25
1893091,West,BATHINDA,11 KV H P Road,Unplanned,Closed,2026-07-09T10:15:00Z,2026-07-09T11:15:00Z,60
1893088,Central,SUB URBAN LUDHIANA,City No-3  Maloud,Unplanned,Closed,2026-07-09T10:15:00Z,2026-07-09T10:35:00Z,20
1893086,South,PATIALA,INDUSTRIAL,Unplanned,Closed,2026-07-09T10:11:00Z,2026-07-09T11:02:00Z,51
1893087,West,BATHINDA,CANAL,Planned,Closed,2026-07-09T10:10:00Z,2026-07-09T15:40:42Z,330
1893085,East,MOHALI,MOHIKALAN UPS,Unplanned,Closed,2026-07-09T10:10:00Z,2026-07-09T11:05:00Z,55
1893080,East,ROPAR,COLD STORE,Planned,Closed,2026-07-09T10:07:00Z,2026-07-09T14:15:00Z,248
1893083,Border,GURDASPUR,Khanpur,Unplanned,Closed,2026-07-09T10:05:00Z,2026-07-09T10:57:00Z,52
1893077,North,KAPURTHALA,Ramuwal,Unplanned,Closed,2026-07-09T10:05:00Z,2026-07-09T11:55:00Z,110
1893084,West,FEROZPUR,HABIB WALA,Planned,Closed,2026-07-09T10:00:00Z,2026-07-09T11:09:00Z,69
1893075,West,FEROZPUR,Bahadur Wala,Unplanned,Closed,2026-07-09T10:00:00Z,2026-07-09T11:03:00Z,63
1892861,Border,GURDASPUR,Barnala,Planned,Closed,2026-07-09T10:00:00Z,2026-07-09T15:04:00Z,304
1892860,Border,GURDASPUR,BATHWALA,Planned,Closed,2026-07-09T10:00:00Z,2026-07-09T15:04:00Z,304
1892857,Border,GURDASPUR,Meerpur,Planned,Closed,2026-07-09T10:00:00Z,2026-07-09T15:04:00Z,304
1893073,North,HOSHIARPUR,GHOGRA,Unplanned,Closed,2026-07-09T09:56:00Z,2026-07-09T10:40:00Z,44
1893076,Central,KHANNA,Kotla bhari,Unplanned,Closed,2026-07-09T09:51:00Z,2026-07-09T10:28:00Z,37
1893072,North,HOSHIARPUR,DHUGGA2,Unplanned,Closed,2026-07-09T09:50:00Z,2026-07-09T10:38:00Z,48
1893074,East,ROPAR,Sialba,Unplanned,Closed,2026-07-09T09:35:00Z,2026-07-09T10:30:00Z,55
1893071,West,FEROZPUR,Makhu Gate,Unplanned,Closed,2026-07-09T09:35:00Z,2026-07-09T10:01:00Z,26
1893069,North,HOSHIARPUR,LAROYA,Unplanned,Closed,2026-07-09T09:25:00Z,2026-07-09T10:15:00Z,50
1893068,Border,TARN TARAN,Dhotian UPS (KMK),Unplanned,Closed,2026-07-09T09:25:00Z,2026-07-09T10:10:00Z,45
1893065,North,HOSHIARPUR,PANWAN,Unplanned,Closed,2026-07-09T09:24:00Z,2026-07-09T09:46:00Z,22
1893070,East,ROPAR,KHANPUR,Unplanned,Closed,2026-07-09T09:23:00Z,2026-07-09T10:24:00Z,61
1893067,West,FEROZPUR,BHAWARA AZAM SHAH,Planned,Closed,2026-07-09T09:22:00Z,2026-07-09T10:40:00Z,78
1893066,East,ROPAR,Dher,Unplanned,Closed,2026-07-09T09:20:00Z,2026-07-09T10:02:00Z,42
1893060,West,FARIDKOT,Qila Nau,Unplanned,Closed,2026-07-09T09:16:30Z,2026-07-09T11:01:17Z,104
1893059,North,JALANDHAR,GT ROAD,Unplanned,Closed,2026-07-09T09:15:00Z,2026-07-09T09:45:00Z,30
1893058,Central,CITY EAST LUDHIANA,BASTI JODHEWAL,Unplanned,Closed,2026-07-09T09:11:00Z,2026-07-09T10:07:00Z,56
1893057,East,MOHALI,60-A,Unplanned,Closed,2026-07-09T09:09:00Z,2026-07-09T09:45:00Z,36
1893063,Border,SUB URBAN AMRITSAR,Shaheed Udham Singh,Planned,Closed,2026-07-09T09:05:00Z,2026-07-09T10:50:00Z,105
1893062,Border,SUB URBAN AMRITSAR,City 2,Planned,Closed,2026-07-09T09:05:00Z,2026-07-09T10:50:00Z,105
1893056,South,SANGRUR,11 KV RAM NAGAR URBAN,Unplanned,Closed,2026-07-09T09:03:00Z,2026-07-09T11:10:00Z,127
1893061,Border,GURDASPUR,N.J.Singh,Unplanned,Closed,2026-07-09T09:01:00Z,2026-07-09T09:55:00Z,54
1893054,Border,GURDASPUR,ARYA NAGAR,Unplanned,Closed,2026-07-09T09:01:00Z,2026-07-09T09:55:00Z,54
1893052,Border,CITY AMRITSAR,JOSHI COLONY,Unplanned,Closed,2026-07-09T08:58:40Z,2026-07-09T09:49:07Z,50
1893053,West,BATHINDA,COLD STORE,Unplanned,Closed,2026-07-09T08:55:00Z,2026-07-09T09:35:00Z,40
1893051,North,KAPURTHALA,Industrial Area,Unplanned,Closed,2026-07-09T08:55:00Z,2026-07-09T10:45:00Z,110
1893050,East,ROPAR,11KV Belian UPS FEEDER,Unplanned,Closed,2026-07-09T08:45:00Z,2026-07-09T08:57:00Z,12
1893055,Border,GURDASPUR,DUNERA,Unplanned,Closed,2026-07-09T08:40:00Z,2026-07-09T10:20:00Z,100
1893064,Border,SUB URBAN AMRITSAR,Mahabir,Unplanned,Closed,2026-07-09T08:35:26Z,2026-07-09T10:12:00Z,96
1893049,West,BATHINDA,ANSAL MITTAL,Planned,Closed,2026-07-09T08:22:00Z,2026-07-09T10:00:00Z,98
1893048,West,BATHINDA,BATHINDA ROAD,Planned,Closed,2026-07-09T08:22:00Z,2026-07-09T10:00:00Z,98
1893047,West,MUKATSAR,11 KV BHAGU,Unplanned,Closed,2026-07-09T08:16:00Z,2026-07-09T08:34:00Z,18
1893046,West,FEROZPUR,INDUSTRIAL,Unplanned,Closed,2026-07-09T08:15:00Z,2026-07-09T09:40:00Z,85
1893043,North,HOSHIARPUR,Handowal,Unplanned,Closed,2026-07-09T08:10:00Z,2026-07-09T09:05:00Z,55
1893042,East,ROPAR,11KV Belian UPS FEEDER,Unplanned,Closed,2026-07-09T08:08:00Z,2026-07-09T08:23:00Z,15
1893041,Border,GURDASPUR,Preet Nagar,Unplanned,Closed,2026-07-09T08:08:00Z,2026-07-09T08:37:00Z,29
1893045,South,BARNALA,Sanghera Road,Unplanned,Closed,2026-07-09T08:05:00Z,2026-07-09T08:20:00Z,15
1892949,North,JALANDHAR,JAINA NAGAR,Planned,Closed,2026-07-09T08:00:52Z,2026-07-09T10:55:52Z,175
1892948,North,JALANDHAR,DASHMESH NAGAR,Planned,Closed,2026-07-09T08:00:52Z,2026-07-09T10:55:52Z,175
1892947,North,JALANDHAR,11 KV Gurmehar Enclave,Planned,Closed,2026-07-09T08:00:52Z,2026-07-09T10:55:52Z,175
1892946,North,JALANDHAR,Basti Sheikh,Planned,Closed,2026-07-09T08:00:52Z,2026-07-09T10:55:52Z,175
1892945,North,JALANDHAR,DHALIWAL,Planned,Closed,2026-07-09T08:00:52Z,2026-07-09T10:55:52Z,175
1892944,North,JALANDHAR,RAJA GARDEN,Planned,Closed,2026-07-09T08:00:52Z,2026-07-09T10:55:52Z,175
1892943,North,JALANDHAR,PIONEER SPORTS,Planned,Closed,2026-07-09T08:00:52Z,2026-07-09T10:55:52Z,175
1893044,South,SANGRUR,Industrial (Benra),Unplanned,Closed,2026-07-09T07:42:00Z,2026-07-09T08:45:00Z,63
1893039,North,NAWANSHAHR,TEHSIL COMPLEX GSR,Unplanned,Closed,2026-07-09T07:32:00Z,2026-07-09T07:44:00Z,12
1893040,West,FARIDKOT,Shri Guru Tegh Bahadur Ji,Unplanned,Closed,2026-07-09T07:30:00Z,2026-07-09T09:15:00Z,105
1893037,North,NAWANSHAHR,TEHSIL COMPLEX GSR,Unplanned,Closed,2026-07-09T07:18:00Z,2026-07-09T07:30:00Z,12
1893038,East,MOHALI,Sec 72-C,Unplanned,Closed,2026-07-09T07:15:35Z,2026-07-09T08:15:00Z,59
1893036,North,NAWANSHAHR,BALLOWAL,Unplanned,Closed,2026-07-09T07:10:00Z,2026-07-09T08:35:00Z,85
1893035,South,BARNALA,INDUSTRIAL-1,Unplanned,Closed,2026-07-09T07:10:00Z,2026-07-09T07:55:00Z,45
1893034,North,JALANDHAR,NAAZ,Unplanned,Closed,2026-07-09T07:09:00Z,2026-07-09T07:34:00Z,25
1893027,East,MOHALI,Green Enclave,Unplanned,Closed,2026-07-09T06:33:00Z,2026-07-09T06:48:00Z,15
1893033,West,BATHINDA,NEW PUNJAB POLYTECHNIC COLLEGE,Unplanned,Closed,2026-07-09T06:32:00Z,2026-07-09T09:32:00Z,180
1893025,North,NAWANSHAHR,TEHSIL COMPLEX GSR,Unplanned,Closed,2026-07-09T06:26:00Z,2026-07-09T07:10:00Z,44
1893024,North,NAWANSHAHR,SUJJOWAL,Unplanned,Closed,2026-07-09T06:25:00Z,2026-07-09T07:35:00Z,70
1893032,North,JALANDHAR,Hoshiarpur Road,Unplanned,Closed,2026-07-09T06:24:00Z,2026-07-09T08:25:00Z,121
1893023,North,HOSHIARPUR,URMAR,Unplanned,Closed,2026-07-09T06:20:00Z,2026-07-09T07:20:00Z,60
1893022,West,FEROZPUR,Amritsari Gate,Planned,Closed,2026-07-09T06:19:00Z,2026-07-09T07:43:00Z,84
1893021,Central,CITY EAST LUDHIANA,SANTOKH NAGAR,Unplanned,Closed,2026-07-09T06:15:00Z,2026-07-09T07:05:00Z,50
1893019,South,BARNALA,KUTHALA CAT-1,Unplanned,Closed,2026-07-09T06:05:00Z,2026-07-09T07:55:00Z,110
1893020,North,JALANDHAR,RANDHAWA MASANDA,Unplanned,Closed,2026-07-09T06:01:00Z,2026-07-09T06:30:00Z,29
1893028,East,Zirakpur,ALASKA FABTECH,Unplanned,Closed,2026-07-09T06:00:00Z,2026-07-09T06:45:00Z,45
1893026,East,Zirakpur,barvala industrial park,Unplanned,Closed,2026-07-09T06:00:00Z,2026-07-09T06:35:00Z,35
1893017,West,MUKATSAR,11 KV Punjava Model,Unplanned,Closed,2026-07-09T05:51:00Z,2026-07-09T07:01:00Z,70
1893018,Border,GURDASPUR,SAGARPURA,Unplanned,Closed,2026-07-09T05:47:00Z,2026-07-09T06:18:00Z,31
1893012,Central,CITY EAST LUDHIANA,D007-11 KV VIJAY NAGAR,Unplanned,Closed,2026-07-09T05:35:30Z,2026-07-09T06:20:30Z,45
1893011,Central,CITY EAST LUDHIANA,11 KV KIDWAI NAGAR,Unplanned,Closed,2026-07-09T05:35:30Z,2026-07-09T06:20:30Z,45
1893010,Central,CITY EAST LUDHIANA,Ganesh Nagar,Unplanned,Closed,2026-07-09T05:35:30Z,2026-07-09T06:20:30Z,45
1893009,Central,CITY EAST LUDHIANA,RAJ SANDEEP,Unplanned,Closed,2026-07-09T05:35:30Z,2026-07-09T06:20:30Z,45
1893008,Central,CITY EAST LUDHIANA,TAJ GANJ,Unplanned,Closed,2026-07-09T05:35:30Z,2026-07-09T06:20:30Z,45
1893007,Central,CITY EAST LUDHIANA,11KV Guru Teg feeder,Unplanned,Closed,2026-07-09T05:35:30Z,2026-07-09T06:20:30Z,45
1893006,Central,CITY EAST LUDHIANA,11KV Mahindra Colony,Unplanned,Closed,2026-07-09T05:35:30Z,2026-07-09T06:20:30Z,45
1893005,Central,CITY EAST LUDHIANA,VENUS WOLLEN MILLS,Unplanned,Closed,2026-07-09T05:35:30Z,2026-07-09T06:20:30Z,45
1893004,Central,CITY EAST LUDHIANA,SACHDEVA,Unplanned,Closed,2026-07-09T05:35:30Z,2026-07-09T06:20:30Z,45
1893003,Central,CITY EAST LUDHIANA,NAHAR SPG,Unplanned,Closed,2026-07-09T05:35:30Z,2026-07-09T06:20:30Z,45
1893002,Central,CITY EAST LUDHIANA,OSWAL,Unplanned,Closed,2026-07-09T05:35:30Z,2026-07-09T06:20:30Z,45
1893001,Central,CITY EAST LUDHIANA,BROWN ROAD,Unplanned,Closed,2026-07-09T05:35:30Z,2026-07-09T06:20:30Z,45
1893000,Central,CITY EAST LUDHIANA,LINK ROAD,Unplanned,Closed,2026-07-09T05:35:30Z,2026-07-09T06:20:30Z,45
1892999,Central,CITY EAST LUDHIANA,11 KV Om Processor,Unplanned,Closed,2026-07-09T05:35:30Z,2026-07-09T06:20:30Z,45
1892998,Central,CITY EAST LUDHIANA,11 KV Shiv Chowk,Unplanned,Closed,2026-07-09T05:35:30Z,2026-07-09T06:20:30Z,45
1892997,Central,CITY EAST LUDHIANA,Voltan industry,Unplanned,Closed,2026-07-09T05:35:30Z,2026-07-09T06:20:30Z,45
1892996,Central,CITY EAST LUDHIANA,TEXTILE,Unplanned,Closed,2026-07-09T05:35:30Z,2026-07-09T06:20:30Z,45
1892995,Central,CITY EAST LUDHIANA,WEST,Unplanned,Closed,2026-07-09T05:35:30Z,2026-07-09T06:20:30Z,45
1892994,Central,CITY EAST LUDHIANA,R.K.,Unplanned,Closed,2026-07-09T05:35:30Z,2026-07-09T06:21:30Z,46
1892993,Central,CITY EAST LUDHIANA,DOHLEWAL,Unplanned,Closed,2026-07-09T05:35:30Z,2026-07-09T06:20:30Z,45
1892992,Central,CITY EAST LUDHIANA,KAILASH NAGAR,Unplanned,Closed,2026-07-09T05:35:30Z,2026-07-09T06:20:30Z,45
1892991,Central,CITY EAST LUDHIANA,suffion,Unplanned,Closed,2026-07-09T05:35:30Z,2026-07-09T06:20:30Z,45
1892990,Central,CITY EAST LUDHIANA,HANUMAN MANDIR,Unplanned,Closed,2026-07-09T05:35:30Z,2026-07-09T06:20:30Z,45
1892989,Central,CITY EAST LUDHIANA,TUBEWELL,Unplanned,Closed,2026-07-09T05:35:30Z,2026-07-09T06:21:30Z,46
1892988,Central,CITY EAST LUDHIANA,MES,Unplanned,Closed,2026-07-09T05:35:30Z,2026-07-09T06:20:30Z,45
1892987,Central,CITY EAST LUDHIANA,COMMAN WEALTH,Unplanned,Closed,2026-07-09T05:35:30Z,2026-07-09T06:20:30Z,45
1892986,Central,CITY EAST LUDHIANA,pearl,Unplanned,Closed,2026-07-09T05:35:30Z,2026-07-09T06:20:30Z,45
1892985,East,Zirakpur,SANULI,Unplanned,Closed,2026-07-09T05:23:00Z,2026-07-09T06:05:00Z,42
1892984,East,Zirakpur,HARMILAP NAGAR,Unplanned,Closed,2026-07-09T05:21:00Z,2026-07-09T06:10:00Z,49
1892983,Central,CITY EAST LUDHIANA,IQBAL GANJ,Unplanned,Closed,2026-07-09T05:20:00Z,2026-07-09T06:46:00Z,86
1892981,North,JALANDHAR,11KV SHANTI VIHAR,Unplanned,Closed,2026-07-09T05:19:00Z,2026-07-09T05:51:31Z,32
1893016,Border,TARN TARAN,UPS MUGGALWALA,Unplanned,Closed,2026-07-09T05:05:06Z,2026-07-09T12:10:06Z,425
1893015,Border,TARN TARAN,UPS MANIHALA,Unplanned,Closed,2026-07-09T05:05:06Z,2026-07-09T12:10:06Z,425
1893014,Border,TARN TARAN,UPS AHMADPUR,Unplanned,Closed,2026-07-09T05:05:06Z,2026-07-09T12:10:06Z,425
1893013,Border,TARN TARAN,UPS PRAGPURA,Unplanned,Closed,2026-07-09T05:05:06Z,2026-07-09T12:10:06Z,425
1892980,East,MOHALI,11 KV Masol,Unplanned,Closed,2026-07-09T05:03:00Z,2026-07-09T05:27:00Z,24
1893030,East,Zirakpur,HAIBAT PUR INDUSTRY,Unplanned,Closed,2026-07-09T04:55:00Z,2026-07-09T06:10:00Z,75
1893031,East,Zirakpur,SAIDPURA,Unplanned,Closed,2026-07-09T04:45:00Z,2026-07-09T05:35:00Z,50
1892982,South,BARNALA,DHURI ROAD,Unplanned,Closed,2026-07-09T04:37:00Z,2026-07-09T07:32:00Z,175
1893029,East,Zirakpur,Tasimbli Road,Unplanned,Closed,2026-07-09T04:35:00Z,2026-07-09T06:50:00Z,135
1892977,North,JALANDHAR,Khalsa Road,Unplanned,Closed,2026-07-09T04:34:00Z,2026-07-09T05:20:00Z,46
1892976,South,SANGRUR,Dhode C-1,Unplanned,Closed,2026-07-09T04:25:00Z,2026-07-09T05:40:00Z,75
1892973,South,SANGRUR,MEHLAN ROAD,Unplanned,Closed,2026-07-09T04:10:00Z,2026-07-09T06:08:00Z,118
1892974,Border,GURDASPUR,TALIBPUR,Unplanned,Closed,2026-07-09T04:01:00Z,2026-07-09T05:10:00Z,69
1892975,Border,SUB URBAN AMRITSAR,Shaheed Udham Singh,Unplanned,Closed,2026-07-09T03:56:00Z,2026-07-09T04:30:00Z,34
1892972,East,ROPAR,NALHOTI,Unplanned,Closed,2026-07-09T03:52:00Z,2026-07-09T04:05:07Z,13
1892978,East,Zirakpur,EKTA VIHAR,Unplanned,Closed,2026-07-09T03:41:00Z,2026-07-09T06:05:00Z,144
1892971,Border,GURDASPUR,11 K.V UPS Balwanda,Unplanned,Closed,2026-07-09T03:35:00Z,2026-07-09T05:15:00Z,100
1892970,North,JALANDHAR,PRITHVI,Unplanned,Closed,2026-07-09T03:31:00Z,2026-07-09T06:08:00Z,157
1892969,South,PATIALA,BANK FEEDER,Unplanned,Closed,2026-07-09T03:25:47Z,2026-07-09T03:55:03Z,29
1892968,South,PATIALA,PUNJABI UNIVERSITY,Unplanned,Closed,2026-07-09T03:25:47Z,2026-07-09T03:55:27Z,29
1892964,Border,CITY AMRITSAR,Dilbagh Nagar,Unplanned,Closed,2026-07-09T02:55:00Z,2026-07-09T05:35:00Z,160
1892962,East,ROPAR,NALHOTI,Unplanned,Closed,2026-07-09T02:51:17Z,2026-07-09T03:21:55Z,30
1892965,North,HOSHIARPUR,LAROYA,Unplanned,Closed,2026-07-09T02:50:00Z,2026-07-09T04:40:00Z,110
1892958,Central,CITY EAST LUDHIANA,DUKH NIWARAN,Unplanned,Closed,2026-07-09T02:10:00Z,2026-07-09T02:42:00Z,32
1892959,East,ROPAR,11KV Belian UPS FEEDER,Unplanned,Closed,2026-07-09T02:05:00Z,2026-07-09T02:35:13Z,30
1892956,South,BARNALA,JABBOMAJRA UPS,Unplanned,Closed,2026-07-09T02:05:00Z,2026-07-09T07:15:00Z,310
1892957,Border,GURDASPUR,Bharoli,Unplanned,Closed,2026-07-09T01:45:00Z,2026-07-09T03:35:00Z,110
1892955,South,BARNALA,BANBHOURA,Unplanned,Closed,2026-07-09T01:40:00Z,2026-07-09T05:01:00Z,201
1892954,Border,SUB URBAN AMRITSAR,City 2,Unplanned,Closed,2026-07-09T01:40:00Z,2026-07-09T03:30:00Z,110
1892953,East,Zirakpur,PANCHSHEEL,Unplanned,Closed,2026-07-09T01:40:00Z,2026-07-09T02:30:00Z,50
1892951,North,JALANDHAR,RAIWAY WORKSHOP,Unplanned,Closed,2026-07-09T01:12:00Z,2026-07-09T01:42:00Z,30
1892950,South,PATIALA,City Feeder,Unplanned,Closed,2026-07-09T00:56:10Z,2026-07-09T01:33:49Z,37
1892939,North,JALANDHAR,11 kv CHILDERN PARK NO. 1,Unplanned,Closed,2026-07-09T00:30:11Z,2026-07-09T00:53:40Z,23
1892952,Border,CITY AMRITSAR,11 KV Dhab Tilli Bhanna,Unplanned,Closed,2026-07-09T00:30:00Z,2026-07-09T01:35:00Z,65
1892941,North,JALANDHAR,11 KV Deol Nagar,Unplanned,Closed,2026-07-09T00:27:00Z,2026-07-09T01:53:00Z,86
1892942,Border,GURDASPUR,11KV UPS Datial Feeder,Unplanned,Closed,2026-07-09T00:25:00Z,2026-07-09T01:50:00Z,85
1892940,East,ROPAR,11KV Shvalik Heights,Unplanned,Closed,2026-07-09T00:18:00Z,2026-07-09T03:39:00Z,201
1892938,North,JALANDHAR,Shivaji Nagar,Unplanned,Closed,2026-07-09T00:13:00Z,2026-07-09T01:07:00Z,54
1892937,Border,CITY AMRITSAR,GOBIND PARK,Unplanned,Closed,2026-07-09T00:05:00Z,2026-07-09T02:16:00Z,131
1892936,West,FEROZPUR,Amritsari Gate,Planned,Closed,2026-07-09T00:03:00Z,2026-07-09T01:20:00Z,77
1892979,Border,TARN TARAN,NEROLAC,Unplanned,Closed,2026-07-09T00:00:00Z,2026-07-09T12:35:00Z,755
1892935,West,FEROZPUR,ARSONAL,Planned,Closed,2026-07-08T23:52:00Z,2026-07-09T00:37:00Z,45
1892934,West,BATHINDA,BAHO (UPS),Unplanned,Closed,2026-07-08T23:50:00Z,2026-07-09T00:40:00Z,50
1892933,North,JALANDHAR,L.I.C,Unplanned,Closed,2026-07-08T23:34:19Z,2026-07-09T01:35:18Z,120
1892932,North,JALANDHAR,CIVIL LINE,Unplanned,Closed,2026-07-08T23:34:19Z,2026-07-09T00:50:06Z,75
1892931,North,NAWANSHAHR,THOPIA,Unplanned,Closed,2026-07-08T23:30:00Z,2026-07-08T23:40:00Z,10
1892930,West,BATHINDA,AMARPURA,Unplanned,Closed,2026-07-08T23:12:00Z,2026-07-09T02:42:00Z,210
1892929,West,FEROZPUR,MADHRE,Planned,Closed,2026-07-08T23:03:00Z,2026-07-09T00:04:00Z,61
1892928,West,FEROZPUR,Makhu Gate,Unplanned,Closed,2026-07-08T23:00:00Z,2026-07-09T00:00:00Z,60
1892927,West,FEROZPUR,City Enclave,Unplanned,Closed,2026-07-08T23:00:00Z,2026-07-09T00:00:00Z,60
1892926,West,BATHINDA,SANGAT,Unplanned,Closed,2026-07-08T23:00:00Z,2026-07-08T23:18:57Z,18
1892924,West,FEROZPUR,11 KV NAMAK MANDI,Planned,Closed,2026-07-08T22:54:00Z,2026-07-08T23:52:00Z,58
1892925,Border,SUB URBAN AMRITSAR,City-3,Unplanned,Closed,2026-07-08T22:51:00Z,2026-07-08T23:20:00Z,29
1892923,West,FEROZPUR,DANA MANDI,Unplanned,Closed,2026-07-08T22:22:00Z,2026-07-08T23:03:00Z,41
1892922,West,FEROZPUR,Dhawan Colony,Unplanned,Closed,2026-07-08T22:22:00Z,2026-07-08T23:17:00Z,55
1892920,Border,TARN TARAN,NEROLAC,Unplanned,Closed,2026-07-08T22:05:00Z,2026-07-08T23:55:00Z,110
1892919,North,NAWANSHAHR,Achan Chak,Unplanned,Closed,2026-07-08T21:58:00Z,2026-07-08T22:12:00Z,14
1892921,Border,GURDASPUR,Chakki,Unplanned,Closed,2026-07-08T21:50:00Z,2026-07-09T05:10:00Z,440
1892917,North,HOSHIARPUR,11 KV Shri Guru Nanak Nagar,Unplanned,Closed,2026-07-08T21:38:00Z,2026-07-08T22:42:00Z,64
1892914,Central,KHANNA,Sangtpura,Unplanned,Closed,2026-07-08T21:31:53Z,2026-07-08T21:44:14Z,12
1892912,North,HOSHIARPUR,KHIZARPUR,Unplanned,Closed,2026-07-08T21:25:00Z,2026-07-08T23:15:00Z,110
1892913,Border,GURDASPUR,HABIBPUR,Unplanned,Closed,2026-07-08T21:20:00Z,2026-07-08T22:15:00Z,55
1892911,North,HOSHIARPUR,PURHIRAN URBAN,Unplanned,Closed,2026-07-08T21:20:00Z,2026-07-08T22:10:00Z,50
1892908,East,Zirakpur,Dehar. Cat. 1,Unplanned,Closed,2026-07-08T21:20:00Z,2026-07-08T21:40:00Z,20
1892907,West,FEROZPUR,RINGMAIN B,Planned,Closed,2026-07-08T21:19:00Z,2026-07-08T22:31:00Z,72
1892915,North,HOSHIARPUR,MANJPUR,Unplanned,Closed,2026-07-08T21:18:00Z,2026-07-08T22:02:00Z,44
1892909,Border,GURDASPUR,CITY 2,Unplanned,Closed,2026-07-08T21:17:00Z,2026-07-08T21:45:00Z,28
1892918,Border,GURDASPUR,Chounta,Unplanned,Closed,2026-07-08T21:16:00Z,2026-07-08T21:58:00Z,42
1892916,North,HOSHIARPUR,Urban qilla road,Unplanned,Closed,2026-07-08T21:15:00Z,2026-07-08T22:10:00Z,55
1892910,East,Zirakpur,OXFORD STREET,Unplanned,Closed,2026-07-08T21:10:00Z,2026-07-08T21:40:00Z,30
1892906,North,HOSHIARPUR,11KV SINGHPUR UPS,Unplanned,Closed,2026-07-08T21:05:00Z,2026-07-08T21:55:00Z,50
1892905,Border,GURDASPUR,ARYA NAGAR,Unplanned,Closed,2026-07-08T21:05:00Z,2026-07-08T21:25:00Z,20
1892904,North,HOSHIARPUR,11Kv Bebhalmanj UPS,Unplanned,Closed,2026-07-08T21:05:00Z,2026-07-08T22:05:00Z,60
1892903,East,ROPAR,11 KV Sarsa Nangal,Unplanned,Closed,2026-07-08T21:02:00Z,2026-07-08T21:19:00Z,17
1892902,West,FEROZPUR,POLYTECHNIC COLLEGE,Unplanned,Closed,2026-07-08T21:00:00Z,2026-07-08T22:00:00Z,60
1892897,Border,CITY AMRITSAR,11Kv Ghee Mandi 2,Unplanned,Closed,2026-07-08T20:46:55Z,2026-07-08T21:20:00Z,33
1892901,North,HOSHIARPUR,Model Town,Unplanned,Closed,2026-07-08T20:45:00Z,2026-07-08T21:05:00Z,20
1892898,North,JALANDHAR,11KV Mithapur Feeder,Unplanned,Closed,2026-07-08T20:45:00Z,2026-07-08T21:07:00Z,22
1892900,North,JALANDHAR,KALIA COLONY,Unplanned,Closed,2026-07-08T20:44:00Z,2026-07-08T21:12:00Z,28
1892899,North,NAWANSHAHR,CHUSHMA,Unplanned,Closed,2026-07-08T20:40:00Z,2026-07-08T21:25:00Z,45
1892896,North,JALANDHAR,11KV Baba Makhan Shah Lubana,Unplanned,Closed,2026-07-08T20:36:00Z,2026-07-08T21:21:00Z,45
1892894,North,JALANDHAR,EKTA NAGAR,Unplanned,Closed,2026-07-08T20:27:47Z,2026-07-08T20:55:01Z,27
1892893,South,SANGRUR,BAKHOPIR URBAN,Unplanned,Closed,2026-07-08T20:27:33Z,2026-07-08T20:58:21Z,30
1892891,East,Zirakpur,MES,Unplanned,Closed,2026-07-08T20:22:00Z,2026-07-08T20:45:00Z,23
1892892,North,JALANDHAR,Chowk Sudan,Unplanned,Closed,2026-07-08T20:17:00Z,2026-07-08T21:01:00Z,44
1892890,West,FEROZPUR,ZILA PARISHAD,Unplanned,Closed,2026-07-08T20:16:00Z,2026-07-08T21:13:00Z,57
1892895,North,JALANDHAR,GARHA,Unplanned,Closed,2026-07-08T20:15:00Z,2026-07-08T20:40:00Z,25
1892888,West,FEROZPUR,ZILA PARISHAD,Unplanned,Closed,2026-07-08T20:14:00Z,2026-07-08T21:16:00Z,62
1892889,West,FEROZPUR,Makhu Gate,Unplanned,Closed,2026-07-08T20:13:00Z,2026-07-08T21:16:00Z,63
1892887,Central,SUB URBAN LUDHIANA,CITY 8,Unplanned,Closed,2026-07-08T20:10:00Z,2026-07-08T20:30:00Z,20
1892885,North,NAWANSHAHR,Achan Chak,Unplanned,Closed,2026-07-08T19:50:00Z,2026-07-08T20:19:00Z,29
1892884,West,FEROZPUR,Amritsari Gate,Planned,Closed,2026-07-08T19:48:00Z,2026-07-08T21:20:00Z,92
1892886,North,HOSHIARPUR,Sarangwal,Unplanned,Closed,2026-07-08T19:45:00Z,2026-07-08T20:25:00Z,40
1892883,Border,TARN TARAN,Behla ups,Unplanned,Closed,2026-07-08T19:30:00Z,2026-07-08T20:00:00Z,30
1892880,West,FEROZPUR,INDUSTRIAL,Planned,Closed,2026-07-08T19:30:00Z,2026-07-08T23:01:00Z,211
1892881,North,NAWANSHAHR,UPS-1,Unplanned,Closed,2026-07-08T19:25:00Z,2026-07-08T20:20:00Z,55
1892879,East,Zirakpur,MES,Unplanned,Closed,2026-07-08T19:25:00Z,2026-07-08T19:56:00Z,31
1892877,Central,CITY WEST LUDHIANA,JANPATH,Unplanned,Closed,2026-07-08T19:16:09Z,2026-07-08T21:23:16Z,127
1892878,West,FEROZPUR,11 NAMDEV CHAUNK URBAN,Unplanned,Closed,2026-07-08T19:16:00Z,2026-07-08T20:13:00Z,57
1892882,Border,SUB URBAN AMRITSAR,Mustafabaad,Unplanned,Closed,2026-07-08T19:05:00Z,2026-07-08T19:25:00Z,20
1892872,West,MUKATSAR,11 KV KILLIANWALI,Unplanned,Closed,2026-07-08T18:55:37Z,2026-07-08T19:46:03Z,50
1892876,North,JALANDHAR,11KV GTB NAGAR,Unplanned,Closed,2026-07-08T18:50:00Z,2026-07-08T19:40:00Z,50
1892873,West,MUKATSAR,RORAANWALI  (UPS),Unplanned,Closed,2026-07-08T18:50:00Z,2026-07-08T19:25:00Z,35
1892871,North,HOSHIARPUR,KANDHALA JATTAN,Unplanned,Closed,2026-07-08T18:50:00Z,2026-07-08T19:10:00Z,20
1892875,North,HOSHIARPUR,RAMGHAR,Unplanned,Closed,2026-07-08T18:49:00Z,2026-07-08T19:15:00Z,26
1892870,South,SANGRUR,11 KV SAHID UDHAM SINGH URBAN,Unplanned,Closed,2026-07-08T18:47:35Z,2026-07-08T19:17:51Z,30
1892874,West,FEROZPUR,11 KV Delhi Gate,Unplanned,Closed,2026-07-08T18:32:00Z,2026-07-08T19:20:00Z,48
1892868,West,FARIDKOT,AKALSAR,Unplanned,Closed,2026-07-08T18:16:03Z,2026-07-08T18:48:19Z,32
1892867,Border,CITY AMRITSAR,SULTANWIND ROAD,Unplanned,Closed,2026-07-08T18:03:39Z,2026-07-08T18:10:18Z,6
1892869,North,JALANDHAR,GADAI PUR - 2,Unplanned,Closed,2026-07-08T17:59:00Z,2026-07-08T18:55:00Z,56
1892866,North,HOSHIARPUR,Tanda City,Unplanned,Closed,2026-07-08T17:46:00Z,2026-07-08T19:30:00Z,104
1892864,West,MUKATSAR,11 KV Sappan wali,Unplanned,Closed,2026-07-08T17:44:52Z,2026-07-08T18:21:03Z,36
1892863,West,MUKATSAR,MAUJGARH,Unplanned,Closed,2026-07-08T17:44:17Z,2026-07-08T18:21:59Z,37
1892865,North,KAPURTHALA,MALL ROAD URBAN,Unplanned,Closed,2026-07-08T17:40:00Z,2026-07-08T19:30:00Z,110
1892858,Border,CITY AMRITSAR,City Feeder,Unplanned,Closed,2026-07-08T17:36:00Z,2026-07-08T18:10:00Z,34
1892859,North,HOSHIARPUR,Chaggran,Unplanned,Closed,2026-07-08T17:30:00Z,2026-07-08T19:10:00Z,100
1892862,North,HOSHIARPUR,WAZIRAN,Unplanned,Closed,2026-07-08T17:28:00Z,2026-07-08T18:10:00Z,42
1892855,West,FEROZPUR,11 KV NAMAK MANDI,Planned,Closed,2026-07-08T17:15:00Z,2026-07-08T18:16:00Z,61
1892854,West,FEROZPUR,MADHRE,Planned,Closed,2026-07-08T17:15:00Z,2026-07-08T19:30:00Z,135
1892853,South,PATIALA,District Admn. Complex,Unplanned,Closed,2026-07-08T17:12:51Z,2026-07-08T18:10:02Z,57
1892856,Border,GURDASPUR,Roranwali 24 hrs.,Unplanned,Closed,2026-07-08T17:10:00Z,2026-07-08T17:50:00Z,40
1892852,West,MUKATSAR,Lakhewali(Urban),Unplanned,Closed,2026-07-08T16:45:00Z,2026-07-08T18:40:00Z,115
1892851,Border,SUB URBAN AMRITSAR,GURU NANAKPURA,Unplanned,Closed,2026-07-08T16:42:00Z,2026-07-08T16:50:00Z,8
1892850,Border,SUB URBAN AMRITSAR,Sethan Wala,Planned,Closed,2026-07-08T16:39:34Z,2026-07-08T17:15:48Z,36
1892847,West,MUKATSAR,MAUJGARH,Unplanned,Closed,2026-07-08T16:32:00Z,2026-07-08T18:17:39Z,105
1892849,Border,GURDASPUR,KHUJALA,Unplanned,Closed,2026-07-08T16:30:00Z,2026-07-08T17:20:00Z,50
1892846,South,SANGRUR,Gurdaspura,Unplanned,Closed,2026-07-08T16:30:00Z,2026-07-08T17:00:00Z,30
1892844,South,SANGRUR,Maula Patti,Planned,Closed,2026-07-08T16:27:05Z,2026-07-08T18:16:02Z,108
1892843,West,FARIDKOT,LOHARA RURAL,Unplanned,Closed,2026-07-08T16:25:35Z,2026-07-08T17:15:11Z,49
1892845,North,NAWANSHAHR,MALEWAL,Unplanned,Closed,2026-07-08T16:25:00Z,2026-07-08T16:35:00Z,10
1892840,South,SANGRUR,SHADHARI-2+ BADALGARH ROAD,Planned,Closed,2026-07-08T16:19:00Z,2026-07-08T17:33:00Z,74
1892842,Border,SUB URBAN AMRITSAR,silverstate,Unplanned,Closed,2026-07-08T16:15:41Z,2026-07-08T16:45:34Z,29
1892839,South,SANGRUR,BAKHOPIR URBAN,Unplanned,Closed,2026-07-08T16:13:25Z,2026-07-08T16:45:12Z,31
1892841,Border,SUB URBAN AMRITSAR,Judge Nagar,Unplanned,Closed,2026-07-08T16:09:00Z,2026-07-08T17:20:20Z,71
1892837,Border,CITY AMRITSAR,BATALA ROAD,Unplanned,Closed,2026-07-08T16:02:00Z,2026-07-08T17:00:20Z,58
1892836,South,SANGRUR,11 KV CHHAJLI INDUSTRIAL,Planned,Closed,2026-07-08T16:01:00Z,2026-07-08T17:50:00Z,109
1892835,South,SANGRUR,11 KV RAM NAGAR URBAN,Planned,Closed,2026-07-08T16:01:00Z,2026-07-08T17:50:00Z,109
1892833,East,Zirakpur,MUKANDPUR,Unplanned,Closed,2026-07-08T15:50:00Z,2026-07-08T16:21:00Z,31
1892831,Border,GURDASPUR,Manwal,Unplanned,Closed,2026-07-08T15:49:00Z,2026-07-08T17:35:00Z,106
1892830,Border,GURDASPUR,Seunty,Unplanned,Closed,2026-07-08T15:49:00Z,2026-07-08T17:35:00Z,106
1892838,North,JALANDHAR,11KV GTB NAGAR,Unplanned,Closed,2026-07-08T15:44:00Z,2026-07-08T16:30:00Z,46
1892832,Central,SUB URBAN LUDHIANA,CITY-3,Unplanned,Closed,2026-07-08T15:42:00Z,2026-07-08T16:30:00Z,48
1892828,West,FARIDKOT,LandeKe URBAN,Unplanned,Closed,2026-07-08T15:39:49Z,2026-07-08T16:36:06Z,56
1892834,North,JALANDHAR,BASTI NAU (OLD),Unplanned,Closed,2026-07-08T15:39:36Z,2026-07-08T16:05:52Z,26
1892826,West,FARIDKOT,Dutt Road,Unplanned,Closed,2026-07-08T15:37:00Z,2026-07-08T15:59:24Z,22
1892825,East,Zirakpur,MES,Unplanned,Closed,2026-07-08T15:35:00Z,2026-07-08T16:10:00Z,35
1892823,South,SANGRUR,11 KV KHADIAL ROAD C2,Planned,Closed,2026-07-08T15:27:06Z,2026-07-08T15:59:14Z,32
1892824,Border,GURDASPUR,Basrawan,Unplanned,Closed,2026-07-08T15:20:00Z,2026-07-08T16:40:00Z,80
1892822,West,FEROZPUR,UPS FEEDER,Planned,Closed,2026-07-08T15:18:00Z,2026-07-08T17:15:00Z,117
1892829,Central,SUB URBAN LUDHIANA,CITY-5,Planned,Closed,2026-07-08T15:15:00Z,2026-07-08T16:05:00Z,50
1892821,West,FEROZPUR,INDUSTRIAL,Planned,Closed,2026-07-08T15:08:00Z,2026-07-08T17:17:00Z,129
1892820,Central,CITY WEST LUDHIANA,MAGNET ROAD,Unplanned,Closed,2026-07-08T15:03:58Z,2026-07-08T15:12:18Z,8
1892818,Border,SUB URBAN AMRITSAR,RAJASANSI/RS,Unplanned,Closed,2026-07-08T14:55:00Z,2026-07-08T15:50:00Z,55
1892817,Border,SUB URBAN AMRITSAR,BAL SACHANDER,Unplanned,Closed,2026-07-08T14:55:00Z,2026-07-08T15:15:00Z,20
1892816,Border,GURDASPUR,City,Unplanned,Closed,2026-07-08T14:40:00Z,2026-07-08T15:20:00Z,40
1892815,North,KAPURTHALA,11 KV Janta Nagar,Unplanned,Closed,2026-07-08T14:40:00Z,2026-07-08T15:28:00Z,48
1892807,South,SANGRUR,MEHLAN UPS,Planned,Closed,2026-07-08T14:36:00Z,2026-07-08T16:09:00Z,93
1892812,North,JALANDHAR,AMAN NAGAR,Unplanned,Closed,2026-07-08T14:32:00Z,2026-07-08T14:50:00Z,18
1892819,Border,SUB URBAN AMRITSAR,Dashmesh Nagar,Unplanned,Closed,2026-07-08T14:30:00Z,2026-07-08T15:55:00Z,85
1892814,West,FEROZPUR,Amritsari Gate,Planned,Closed,2026-07-08T14:30:00Z,2026-07-08T15:09:00Z,39
1892806,South,SANGRUR,Mandvi Road,Unplanned,Closed,2026-07-08T14:27:00Z,2026-07-08T15:40:23Z,73
1892811,Border,GURDASPUR,11KV BUTTER UPS,Unplanned,Closed,2026-07-08T14:15:00Z,2026-07-08T14:30:00Z,15
1892810,Border,GURDASPUR,THEKERIWAL,Unplanned,Closed,2026-07-08T14:15:00Z,2026-07-08T14:30:00Z,15
1892805,West,MUKATSAR,11 KV Bhagsar UPS,Unplanned,Closed,2026-07-08T14:08:19Z,2026-07-08T15:35:30Z,87
1892813,South,PATIALA,UPS SURAJPUR,Unplanned,Closed,2026-07-08T14:01:00Z,2026-07-08T14:40:00Z,39
1892804,North,NAWANSHAHR,DUGRI,Unplanned,Closed,2026-07-08T13:50:00Z,2026-07-08T14:30:00Z,40
1892802,East,ROPAR,Jhangrian,Unplanned,Closed,2026-07-08T13:41:00Z,2026-07-08T14:03:00Z,22
1892803,West,FEROZPUR,Amritsari Gate,Unplanned,Closed,2026-07-08T13:40:00Z,2026-07-08T13:56:00Z,16
1892801,West,FEROZPUR,Police Line,Planned,Closed,2026-07-08T13:35:00Z,2026-07-08T14:36:00Z,61
1892800,East,Zirakpur,11KV Dream Home,Unplanned,Closed,2026-07-08T13:30:00Z,2026-07-08T13:40:00Z,10
1892799,West,FEROZPUR,MADHRE,Planned,Closed,2026-07-08T13:18:00Z,2026-07-08T15:20:00Z,122
1892798,Border,GURDASPUR,RAILWAY ROAD CAT-1,Unplanned,Closed,2026-07-08T13:10:00Z,2026-07-08T13:50:00Z,40
1892794,Central,SUB URBAN LUDHIANA,City-1,Unplanned,Closed,2026-07-08T13:00:00Z,2026-07-08T13:40:00Z,40
1892796,North,JALANDHAR,DOABA CHOWK,Unplanned,Closed,2026-07-08T12:55:00Z,2026-07-08T14:04:00Z,69
1892793,Border,GURDASPUR,Kahnuwan Road,Unplanned,Closed,2026-07-08T12:53:00Z,2026-07-08T13:33:00Z,40
1892795,South,SANGRUR,Industrial (Benra),Unplanned,Closed,2026-07-08T12:50:00Z,2026-07-08T14:05:00Z,75
1892792,North,HOSHIARPUR,MUKERIAN,Unplanned,Closed,2026-07-08T12:50:00Z,2026-07-08T14:05:00Z,75
1892791,East,ROPAR,Bhatton,Unplanned,Closed,2026-07-08T12:45:21Z,2026-07-08T14:10:21Z,85
1892790,East,ROPAR,SRAIN,Unplanned,Closed,2026-07-08T12:45:21Z,2026-07-08T14:10:21Z,85
1892789,East,ROPAR,BAINS,Unplanned,Closed,2026-07-08T12:45:21Z,2026-07-08T14:10:21Z,85
1892788,East,ROPAR,ABIANA,Unplanned,Closed,2026-07-08T12:45:21Z,2026-07-08T14:10:21Z,85
1892787,East,ROPAR,TIBBA TAPPRIAN,Unplanned,Closed,2026-07-08T12:45:21Z,2026-07-08T14:10:21Z,85
1892786,East,ROPAR,JHANDIAN,Unplanned,Closed,2026-07-08T12:45:21Z,2026-07-08T14:10:21Z,85
1892784,South,SANGRUR,11 KV SANT SEWA DASS AP,Unplanned,Closed,2026-07-08T12:35:00Z,2026-07-08T13:59:00Z,84
1892782,Border,SUB URBAN AMRITSAR,Sethan Wala,Planned,Closed,2026-07-08T12:32:00Z,2026-07-08T13:10:46Z,38
1892781,East,Zirakpur,MIAN PUR,Unplanned,Closed,2026-07-08T12:30:00Z,2026-07-08T13:26:00Z,56
1892785,Border,CITY AMRITSAR,Head Water Works Road,Unplanned,Closed,2026-07-08T12:25:00Z,2026-07-08T12:58:00Z,33
1892778,North,JALANDHAR,Guru Nanak Nagar,Unplanned,Closed,2026-07-08T12:24:07Z,2026-07-08T12:54:17Z,30
1892776,South,BARNALA,MALERKOTLA UPS,Unplanned,Closed,2026-07-08T12:22:47Z,2026-07-08T13:35:20Z,72
1892780,North,KAPURTHALA,UPS Kotli,Unplanned,Closed,2026-07-08T12:22:00Z,2026-07-08T14:05:00Z,103
1892783,Border,TARN TARAN,Baba Bakala,Unplanned,Closed,2026-07-08T12:20:00Z,2026-07-08T12:31:00Z,11
1892777,North,KAPURTHALA,URBAN Mehsampur,Unplanned,Closed,2026-07-08T12:20:00Z,2026-07-08T14:10:00Z,110
1892775,Central,CITY WEST LUDHIANA,BUS STAND,Planned,Closed,2026-07-08T12:15:52Z,2026-07-08T14:33:00Z,137
1892773,Central,KHANNA,Sangtpura,Unplanned,Closed,2026-07-08T12:12:07Z,2026-07-08T12:41:24Z,29
1892779,Border,TARN TARAN,JAMA RAI UPS,Unplanned,Closed,2026-07-08T12:05:00Z,2026-07-08T12:50:00Z,45
1892774,North,HOSHIARPUR,Soosa,Unplanned,Closed,2026-07-08T12:05:00Z,2026-07-08T13:40:00Z,95
1892771,Border,GURDASPUR,Behrian,Unplanned,Closed,2026-07-08T12:04:00Z,2026-07-08T13:53:00Z,109
1892797,South,PATIALA,UPS Rohti Basta,Unplanned,Closed,2026-07-08T12:01:00Z,2026-07-08T13:15:00Z,74
1892772,Central,CITY EAST LUDHIANA,Shivpuri,Unplanned,Closed,2026-07-08T12:00:00Z,2026-07-08T12:54:00Z,54
1892705,Border,CITY AMRITSAR,HUSSAINPURA,Planned,Closed,2026-07-08T11:44:00Z,2026-07-08T14:00:00Z,136
1892770,West,MUKATSAR,11 KV South Avenue,Unplanned,Closed,2026-07-08T11:42:19Z,2026-07-08T13:27:35Z,105
1892769,North,JALANDHAR,BASANT HILLS,Unplanned,Closed,2026-07-08T11:40:42Z,2026-07-08T12:05:10Z,24
1892767,West,FEROZPUR,Amritsari Gate,Planned,Closed,2026-07-08T11:38:00Z,2026-07-08T13:30:00Z,112
1892768,North,KAPURTHALA,UPS Fajalpur,Unplanned,Closed,2026-07-08T11:35:00Z,2026-07-08T11:50:00Z,15
1892766,Border,SUB URBAN AMRITSAR,MAJITHA,Unplanned,Closed,2026-07-08T11:33:35Z,2026-07-08T12:10:00Z,36
1892765,South,SANGRUR,BHULLAN,Unplanned,Closed,2026-07-08T11:32:00Z,2026-07-08T12:10:49Z,38
1892763,North,JALANDHAR,PRITHVI,Unplanned,Closed,2026-07-08T11:26:00Z,2026-07-08T11:47:00Z,21
1892764,South,SANGRUR,Roshan Nagar,Unplanned,Closed,2026-07-08T11:25:11Z,2026-07-08T12:59:36Z,94
1892760,West,MUKATSAR,11 KV SAIDANWALI,Unplanned,Closed,2026-07-08T11:21:21Z,2026-07-08T12:21:35Z,60
1892759,West,MUKATSAR,11 KV SAIDANWALI,Unplanned,Closed,2026-07-08T11:21:21Z,2026-07-08T12:21:35Z,60
1892761,West,FEROZPUR,UPS FEEDER,Planned,Closed,2026-07-08T11:21:00Z,2026-07-08T13:16:00Z,115
1892762,North,HOSHIARPUR,Tanda City,Unplanned,Closed,2026-07-08T11:19:00Z,2026-07-08T11:55:00Z,36
1892754,Border,CITY AMRITSAR,Tilak Nagar,Planned,Closed,2026-07-08T11:07:10Z,2026-07-08T11:55:24Z,48
1892753,Border,CITY AMRITSAR,MALL ROAD,Planned,Closed,2026-07-08T11:07:10Z,2026-07-08T11:59:13Z,52
1892752,Border,CITY AMRITSAR,BATALA ROAD,Planned,Closed,2026-07-08T11:07:10Z,2026-07-08T12:01:05Z,53
1892751,Border,CITY AMRITSAR,SHIVALA ROAD,Planned,Closed,2026-07-08T11:07:10Z,2026-07-08T12:02:17Z,55
1892750,Border,CITY AMRITSAR,majitha road,Planned,Closed,2026-07-08T11:07:10Z,2026-07-08T12:03:40Z,56
1892749,Border,CITY AMRITSAR,MEDICAL COLLEGE,Planned,Closed,2026-07-08T11:07:10Z,2026-07-08T12:12:53Z,65
1892748,Border,CITY AMRITSAR,Queens Road,Planned,Closed,2026-07-08T11:07:10Z,2026-07-08T12:15:26Z,68
1892747,Border,CITY AMRITSAR,JOSHI COLONY,Planned,Closed,2026-07-08T11:07:10Z,2026-07-08T12:14:48Z,67
1892746,Border,CITY AMRITSAR,COMPANY BAGH,Planned,Closed,2026-07-08T11:07:10Z,2026-07-08T12:09:43Z,62
1892745,Border,CITY AMRITSAR,ADARSH,Planned,Closed,2026-07-08T11:07:10Z,2026-07-08T12:11:55Z,64
1892744,Border,CITY AMRITSAR,CIRCULAR ROAD,Planned,Closed,2026-07-08T11:07:10Z,2026-07-08T12:11:34Z,64
1892743,Border,CITY AMRITSAR,SANT AVENUE,Planned,Closed,2026-07-08T11:07:10Z,2026-07-08T12:13:47Z,66
1892742,Border,CITY AMRITSAR,V.J.HOSPITAL,Planned,Closed,2026-07-08T11:07:10Z,2026-07-08T12:09:28Z,62
1892741,Border,CITY AMRITSAR,KRISHNA NAGAR,Planned,Closed,2026-07-08T11:07:10Z,2026-07-08T12:03:06Z,55
1892740,Border,CITY AMRITSAR,Lawrence Road,Planned,Closed,2026-07-08T11:07:10Z,2026-07-08T11:59:54Z,52
1892757,Central,CITY EAST LUDHIANA,Harbanspura,Unplanned,Closed,2026-07-08T11:04:00Z,2026-07-08T11:55:00Z,51
1892755,Central,CITY EAST LUDHIANA,KAKKA,Planned,Closed,2026-07-08T11:00:00Z,2026-07-08T13:30:00Z,150
1892758,Central,CITY EAST LUDHIANA,GAU SHALA,Unplanned,Closed,2026-07-08T10:58:00Z,2026-07-08T12:35:00Z,97
1892738,East,Zirakpur,Jalalpur Kandi Pure AP,Unplanned,Closed,2026-07-08T10:55:00Z,2026-07-08T11:50:00Z,55
1892739,South,PATIALA,Assa Majra,Unplanned,Closed,2026-07-08T10:54:51Z,2026-07-08T12:25:07Z,90
1892737,South,SANGRUR,UPS RAMPURA,Unplanned,Closed,2026-07-08T10:48:26Z,2026-07-08T12:08:33Z,80
1892730,West,FEROZPUR,Police Line,Planned,Closed,2026-07-08T10:46:00Z,2026-07-08T11:10:00Z,24
1892736,North,NAWANSHAHR,Danduwal,Unplanned,Closed,2026-07-08T10:45:00Z,2026-07-08T11:35:00Z,50
1892735,East,ROPAR,11 KV Khairabad UPS,Unplanned,Closed,2026-07-08T10:45:00Z,2026-07-08T12:30:00Z,105
1892733,East,ROPAR,UPS-II,Unplanned,Closed,2026-07-08T10:45:00Z,2026-07-08T12:30:00Z,105
1892729,East,ROPAR,UPS-I,Unplanned,Closed,2026-07-08T10:45:00Z,2026-07-08T12:30:00Z,105
1892756,East,Zirakpur,SANULI,Unplanned,Closed,2026-07-08T10:44:00Z,2026-07-08T11:35:00Z,51
1892728,West,FEROZPUR,PEERU WALA,Planned,Closed,2026-07-08T10:39:00Z,2026-07-08T12:03:00Z,84
1892732,West,MUKATSAR,11 KV LINK NO. 2,Planned,Closed,2026-07-08T10:37:28Z,2026-07-08T11:40:00Z,62
1892734,North,HOSHIARPUR,KHUN-2 KALAN,Unplanned,Closed,2026-07-08T10:35:00Z,2026-07-08T11:56:00Z,81
1892731,North,HOSHIARPUR,Motia Mill,Unplanned,Closed,2026-07-08T10:35:00Z,2026-07-08T10:45:00Z,10
1892727,North,JALANDHAR,11 KV FRIEND COLONY,Unplanned,Closed,2026-07-08T10:32:00Z,2026-07-08T11:40:00Z,68
1892726,West,MUKATSAR,Bus Stand Road,Planned,Closed,2026-07-08T10:32:00Z,2026-07-08T14:46:00Z,254
1892725,West,MUKATSAR,11 KV Town,Planned,Closed,2026-07-08T10:31:00Z,2026-07-08T14:46:00Z,255
1892722,Border,SUB URBAN AMRITSAR,NAG KALAN Anaitpura,Unplanned,Closed,2026-07-08T10:28:00Z,2026-07-08T11:50:00Z,82
1892721,East,Zirakpur,MIAN PUR,Unplanned,Closed,2026-07-08T10:28:00Z,2026-07-08T11:31:00Z,63
1892719,North,JALANDHAR,PRITHVI,Unplanned,Closed,2026-07-08T10:27:00Z,2026-07-08T11:03:00Z,36
1892724,West,FEROZPUR,URBAN JHOKE HARI HAR,Planned,Closed,2026-07-08T10:23:00Z,2026-07-08T11:18:00Z,55
1892720,Border,TARN TARAN,Goindwal Road Urban.,Unplanned,Closed,2026-07-08T10:20:00Z,2026-07-08T10:45:00Z,25
1892718,Border,TARN TARAN,Sarhali Road,Unplanned,Closed,2026-07-08T10:20:00Z,2026-07-08T10:45:00Z,25
1892716,West,FEROZPUR,LAKHA HAZI UPS,Planned,Closed,2026-07-08T10:06:00Z,2026-07-08T11:56:00Z,110
1892714,North,KAPURTHALA,Civil Hospital,Unplanned,Closed,2026-07-08T10:05:35Z,2026-07-08T13:00:35Z,175
1892713,North,KAPURTHALA,UPS Kotla Suraj Mall,Unplanned,Closed,2026-07-08T10:05:35Z,2026-07-08T13:00:35Z,175
1892712,North,KAPURTHALA,UPS Sangatpur,Unplanned,Closed,2026-07-08T10:05:35Z,2026-07-08T13:00:35Z,175
1892711,North,KAPURTHALA,URBAN MODEL TOWN Shahkot,Unplanned,Closed,2026-07-08T10:05:35Z,2026-07-08T13:00:35Z,175
1892710,North,KAPURTHALA,Fazalwal,Unplanned,Closed,2026-07-08T10:05:35Z,2026-07-08T13:00:35Z,175
1892709,North,KAPURTHALA,Gobind Nagar,Unplanned,Closed,2026-07-08T10:05:35Z,2026-07-08T13:00:35Z,175
1892708,North,KAPURTHALA,URBAN MAIN BAZAAR Shahkot,Unplanned,Closed,2026-07-08T10:05:35Z,2026-07-08T13:00:35Z,175
1892707,North,KAPURTHALA,UPS Nagal Ambian,Unplanned,Closed,2026-07-08T10:05:35Z,2026-07-08T13:00:35Z,175
1892706,North,KAPURTHALA,URBAN DANA MANDI Shahkot,Unplanned,Closed,2026-07-08T10:05:35Z,2026-07-08T13:00:35Z,175
1892717,North,HOSHIARPUR,MUKERIAN,Unplanned,Closed,2026-07-08T10:05:00Z,2026-07-08T10:20:00Z,15
1892723,Border,SUB URBAN AMRITSAR,SANT BHAGAT SINGH UPS,Unplanned,Closed,2026-07-08T10:02:00Z,2026-07-08T10:45:00Z,43
1892715,West,FEROZPUR,BHAWARA AZAM SHAH,Planned,Closed,2026-07-08T10:00:00Z,2026-07-08T10:31:00Z,31
1892698,Border,GURDASPUR,Aujla,Planned,Closed,2026-07-08T10:00:00Z,2026-07-08T13:07:00Z,187
1892682,South,PATIALA,11KV NARENDRA ENCLAVE,Planned,Closed,2026-07-08T10:00:00Z,2026-07-08T14:00:00Z,240
1892681,South,PATIALA,Deep nagar,Planned,Closed,2026-07-08T10:00:00Z,2026-07-08T14:00:00Z,240
1892680,South,PATIALA,Industrial Estate New,Planned,Closed,2026-07-08T10:00:00Z,2026-07-08T14:00:00Z,240
1892678,South,PATIALA,Ghuman Nagar,Planned,Closed,2026-07-08T10:00:00Z,2026-07-08T14:12:00Z,252
1892704,Border,SUB URBAN AMRITSAR,JALALPURA UPS,Unplanned,Closed,2026-07-08T09:50:17Z,2026-07-08T11:10:00Z,79
1892703,North,NAWANSHAHR,TEHSIL COMPLEX GSR,Unplanned,Closed,2026-07-08T09:47:00Z,2026-07-08T10:45:00Z,58
1892700,South,SANGRUR,AZAD AP,Unplanned,Closed,2026-07-08T09:41:37Z,2026-07-08T12:00:43Z,139
1892702,South,SANGRUR,BHAMNIWALA,Unplanned,Closed,2026-07-08T09:41:22Z,2026-07-08T12:02:36Z,141
1892699,South,SANGRUR,KHOKHAR,Unplanned,Closed,2026-07-08T09:41:09Z,2026-07-08T12:01:15Z,140
1892701,South,SANGRUR,GEHLAN,Unplanned,Closed,2026-07-08T09:41:03Z,2026-07-08T12:02:10Z,141
1892697,South,SANGRUR,CHANGAL,Unplanned,Closed,2026-07-08T09:29:57Z,2026-07-08T15:00:07Z,330
1892696,East,Zirakpur,SINGHPURA,Unplanned,Closed,2026-07-08T09:20:00Z,2026-07-08T10:40:00Z,80
1892695,Central,CITY EAST LUDHIANA,JAIL ROAD,Unplanned,Closed,2026-07-08T09:13:00Z,2026-07-08T09:50:00Z,37
1892694,North,JALANDHAR,Chomon,Unplanned,Closed,2026-07-08T09:10:00Z,2026-07-08T09:30:00Z,20
1892693,North,HOSHIARPUR,BILASPUR,Unplanned,Closed,2026-07-08T08:55:00Z,2026-07-08T10:15:00Z,80
1892690,North,JALANDHAR,COLD STORE,Unplanned,Closed,2026-07-08T08:53:00Z,2026-07-08T09:59:00Z,66
1892689,North,JALANDHAR,11kv kc feeder,Unplanned,Closed,2026-07-08T08:53:00Z,2026-07-08T09:59:00Z,66
1892688,North,JALANDHAR,PRITHVI,Unplanned,Closed,2026-07-08T08:53:00Z,2026-07-08T09:48:00Z,55
1892687,North,JALANDHAR,GADAIPUR-1,Unplanned,Closed,2026-07-08T08:53:00Z,2026-07-08T10:40:00Z,107
1892692,Border,TARN TARAN,Udhonangal,Unplanned,Closed,2026-07-08T08:50:00Z,2026-07-08T10:00:00Z,70
1892691,Border,TARN TARAN,MEHTA URBAN-II,Unplanned,Closed,2026-07-08T08:50:00Z,2026-07-08T10:00:00Z,70
1892686,South,SANGRUR,11 KV SAHID UDHAM SINGH URBAN,Unplanned,Closed,2026-07-08T06:20:00Z,2026-07-08T08:18:00Z,118
1892966,South,PATIALA,PUNJABI UNIVERSITY,Unplanned,Closed,2026-07-08T03:25:48Z,2026-07-08T03:55:10Z,29
1892967,South,PATIALA,BANK FEEDER,Unplanned,Closed,2026-07-08T03:25:43Z,2026-07-08T03:56:04Z,30
1892961,South,PATIALA,BANK FEEDER,Unplanned,Closed,2026-07-08T02:47:19Z,2026-07-08T03:10:02Z,22
1892960,South,PATIALA,PUNJABI UNIVERSITY,Unplanned,Closed,2026-07-08T02:47:18Z,2026-07-08T03:10:02Z,22
1892684,Border,SUB URBAN AMRITSAR,RANJIT AVENUE,Unplanned,Closed,2026-07-08T02:17:00Z,2026-07-08T02:36:00Z,19
1892683,Border,SUB URBAN AMRITSAR,RANJIT AVENUE,Unplanned,Closed,2026-07-08T02:13:00Z,2026-07-08T02:30:00Z,17
1892685,South,SANGRUR,11 KV SAHID UDHAM SINGH URBAN,Unplanned,Closed,2026-07-08T01:07:02Z,2026-07-08T01:09:13Z,2
1892679,East,Zirakpur,GBM,Unplanned,Closed,2026-07-07T23:00:00Z,2026-07-07T23:18:00Z,18
1892677,North,KAPURTHALA,UPS DALLA,Unplanned,Closed,2026-07-07T22:05:00Z,2026-07-07T23:00:00Z,55
1892676,East,Zirakpur,Sukhmani Sahib,Unplanned,Closed,2026-07-07T21:38:00Z,2026-07-07T22:22:00Z,44
1892675,Border,SUB URBAN AMRITSAR,UPS TARHPUR,Unplanned,Closed,2026-07-07T21:10:00Z,2026-07-07T21:40:00Z,30
1892674,North,JALANDHAR,PRITHVI,Unplanned,Closed,2026-07-07T20:57:00Z,2026-07-07T23:33:00Z,156
1892671,West,MUKATSAR,PANJKOSI,Unplanned,Closed,2026-07-07T20:07:18Z,2026-07-07T20:54:00Z,46
1892673,Border,CITY AMRITSAR,JOSHI COLONY,Unplanned,Closed,2026-07-07T20:00:00Z,2026-07-07T21:15:00Z,75
1892670,North,JALANDHAR,PRITHVI,Unplanned,Closed,2026-07-07T19:55:00Z,2026-07-07T20:23:00Z,28
1892669,South,SANGRUR,CITY SANGRUR,Unplanned,Closed,2026-07-07T19:50:00Z,2026-07-07T20:21:00Z,31
1892672,Border,SUB URBAN AMRITSAR,11 kv Bhullar Avenue,Unplanned,Closed,2026-07-07T19:30:00Z,2026-07-07T21:00:00Z,90
1892667,South,PATIALA,Virk Colony,Unplanned,Closed,2026-07-07T19:16:45Z,2026-07-07T19:57:00Z,40
1892668,Border,SUB URBAN AMRITSAR,Urban 2 Nawapind,Unplanned,Closed,2026-07-07T19:15:00Z,2026-07-07T19:50:00Z,35
1892663,South,PATIALA,ANAND NAGAR,Unplanned,Closed,2026-07-07T17:55:18Z,2026-07-07T18:53:43Z,58
1892662,South,PATIALA,11 kv vikas  nagar,Unplanned,Closed,2026-07-07T17:55:18Z,2026-07-07T18:53:01Z,57
1892661,South,PATIALA,SIDHU COLONY,Unplanned,Closed,2026-07-07T17:55:18Z,2026-07-07T18:53:24Z,58
1892657,West,MUKATSAR,Ghubaya,Unplanned,Closed,2026-07-07T17:43:55Z,2026-07-07T18:20:17Z,36
1892659,West,MUKATSAR,GUDDAR BHAINI,Unplanned,Closed,2026-07-07T17:43:40Z,2026-07-07T18:20:55Z,37
1892658,West,FEROZPUR,BHAMBA WATTU,Unplanned,Closed,2026-07-07T17:43:02Z,2026-07-07T19:02:17Z,79
1892666,South,PATIALA,UPS ALLOWAL,Unplanned,Closed,2026-07-07T17:40:00Z,2026-07-07T19:20:00Z,100
1892664,Border,SUB URBAN AMRITSAR,GT road 2,Planned,Closed,2026-07-07T17:31:00Z,2026-07-07T18:05:00Z,34
1892665,Border,SUB URBAN AMRITSAR,BY PASS,Planned,Closed,2026-07-07T17:30:00Z,2026-07-07T18:05:00Z,35
1892656,West,MUKATSAR,DAULATPURA UPS,Unplanned,Closed,2026-07-07T17:25:33Z,2026-07-07T17:53:40Z,28
1892660,Border,SUB URBAN AMRITSAR,Beas Wire,Unplanned,Closed,2026-07-07T17:05:00Z,2026-07-07T18:15:00Z,70
1892655,West,MUKATSAR,11 KV Bhagsar UPS,Unplanned,Closed,2026-07-07T17:00:49Z,2026-07-07T18:18:57Z,78
1892654,West,MUKATSAR,11 KB BAZIDPURA,Unplanned,Closed,2026-07-07T17:00:08Z,2026-07-07T18:18:28Z,78
1892653,West,FARIDKOT,11 kv URBAN NANAKSAR ROAD,Unplanned,Closed,2026-07-07T16:55:39Z,2026-07-07T17:25:48Z,30
1892652,South,SANGRUR,24 HRS. BALRAN,Planned,Closed,2026-07-07T16:36:02Z,2026-07-07T17:30:17Z,54
1892651,Border,SUB URBAN AMRITSAR,11 kv Bhullar Avenue,Unplanned,Closed,2026-07-07T16:15:00Z,2026-07-07T16:45:00Z,30
1892650,West,MUKATSAR,RORAANWALI  (UPS),Unplanned,Closed,2026-07-07T16:15:00Z,2026-07-07T18:10:00Z,115
1892649,South,SANGRUR,Ballran C-1,Planned,Closed,2026-07-07T16:02:54Z,2026-07-07T16:53:01Z,50
1892646,North,JALANDHAR,NEW LAXMI,Unplanned,Closed,2026-07-07T15:41:00Z,2026-07-07T16:05:00Z,24
1892648,South,SANGRUR,Sangrur road,Unplanned,Closed,2026-07-07T15:35:00Z,2026-07-07T16:30:00Z,55
1892647,South,SANGRUR,New Anaj Mandi,Unplanned,Closed,2026-07-07T15:35:00Z,2026-07-07T16:30:00Z,55
1892644,East,Zirakpur,Jalalpur Kandi Pure AP,Unplanned,Closed,2026-07-07T15:26:00Z,2026-07-07T16:30:00Z,64
1892643,Central,KHANNA,SANGATPURA,Planned,Closed,2026-07-07T15:23:21Z,2026-07-07T16:59:30Z,96
1892642,Central,KHANNA,MALKO MAJRA,Planned,Closed,2026-07-07T15:23:05Z,2026-07-07T16:54:18Z,91
1892645,Border,SUB URBAN AMRITSAR,MES,Unplanned,Closed,2026-07-07T15:20:00Z,2026-07-07T15:45:00Z,25
1892641,Border,GURDASPUR,CITY 2,Unplanned,Closed,2026-07-07T15:16:00Z,2026-07-07T16:19:00Z,63
1892640,North,HOSHIARPUR,Lalpur Bhana,Unplanned,Closed,2026-07-07T15:15:08Z,2026-07-07T15:20:00Z,4
1892639,Border,GURDASPUR,City Ptk.,Unplanned,Closed,2026-07-07T15:12:00Z,2026-07-07T16:12:00Z,60
1892638,West,FEROZPUR,ARSONAL,Planned,Closed,2026-07-07T15:00:00Z,2026-07-07T17:02:00Z,122
1892637,West,FEROZPUR,11 KV NAMAK MANDI,Planned,Closed,2026-07-07T14:36:00Z,2026-07-07T15:01:00Z,25
1892636,North,HOSHIARPUR,BADLA,Unplanned,Closed,2026-07-07T14:20:00Z,2026-07-07T14:50:00Z,30
1892632,Central,CITY WEST LUDHIANA,DHURI  LINE,Unplanned,Closed,2026-07-07T13:38:39Z,2026-07-07T15:28:00Z,109
1892631,South,SANGRUR,24 HRS. BALRAN,Planned,Closed,2026-07-07T13:37:33Z,2026-07-07T14:04:09Z,26
1892630,South,SANGRUR,PAPRA(main+branch),Planned,Closed,2026-07-07T13:35:50Z,2026-07-07T13:39:09Z,3
1892634,West,FEROZPUR,MADHRE,Planned,Closed,2026-07-07T13:23:00Z,2026-07-07T15:23:00Z,120
1892633,West,FEROZPUR,Amritsari Gate,Planned,Closed,2026-07-07T13:20:00Z,2026-07-07T15:21:00Z,121
1892629,West,MUKATSAR,RUPANA UPS,Unplanned,Closed,2026-07-07T13:20:00Z,2026-07-07T14:20:00Z,60
1892606,West,FEROZPUR,COURT FEEDER,Planned,Closed,2026-07-07T13:06:00Z,2026-07-07T13:54:00Z,48
1892605,North,JALANDHAR,ARJAN NAGAR,Unplanned,Closed,2026-07-07T13:05:00Z,2026-07-07T13:27:00Z,22
1892603,Border,GURDASPUR,Mamoon,Unplanned,Closed,2026-07-07T13:04:54Z,2026-07-07T13:40:12Z,35
1892621,South,PATIALA,UPS Rohti Basta,Unplanned,Closed,2026-07-07T13:01:00Z,2026-07-07T14:35:00Z,94
1892604,East,Zirakpur,EKTA VIHAR,Unplanned,Closed,2026-07-07T12:55:00Z,2026-07-07T14:17:00Z,82
1892607,East,Zirakpur,GBM,Unplanned,Closed,2026-07-07T12:51:00Z,2026-07-07T15:22:00Z,151
1892635,East,Zirakpur,SANULI,Unplanned,Closed,2026-07-07T12:41:00Z,2026-07-07T13:31:00Z,50
1892602,West,FEROZPUR,AMAR TAKIS,Planned,Closed,2026-07-07T12:40:00Z,2026-07-07T13:40:00Z,60
1892600,East,Zirakpur,Sukhmani Sahib,Unplanned,Closed,2026-07-07T12:40:00Z,2026-07-07T15:12:00Z,152
1892598,West,FEROZPUR,URBAN JHOKE HARI HAR,Planned,Closed,2026-07-07T12:37:00Z,2026-07-07T14:31:00Z,114
1892597,Central,KHANNA,KHANPUR,Unplanned,Closed,2026-07-07T12:36:41Z,2026-07-07T13:55:50Z,79
1892595,South,PATIALA,Quila Chowk,Unplanned,Closed,2026-07-07T12:32:22Z,2026-07-07T13:15:57Z,43
1892596,West,MUKATSAR,11 KV NAI ABADI,Unplanned,Closed,2026-07-07T12:21:58Z,2026-07-07T12:53:09Z,31
1892599,South,SANGRUR,Benra,Unplanned,Closed,2026-07-07T12:20:00Z,2026-07-07T13:48:00Z,88
1892627,West,MUKATSAR,Satia Paper Mill (Rupana),Unplanned,Closed,2026-07-07T12:02:49Z,2026-07-07T13:18:49Z,76
1892626,West,MUKATSAR,Check  Dhuewala ups,Unplanned,Closed,2026-07-07T12:02:49Z,2026-07-07T13:18:49Z,76
1892625,West,MUKATSAR,Tibbi UPS,Unplanned,Closed,2026-07-07T12:02:49Z,2026-07-07T13:18:49Z,76
1892624,West,MUKATSAR,440 KV Goneana,Unplanned,Closed,2026-07-07T12:02:49Z,2026-07-07T13:18:49Z,76
1892623,West,MUKATSAR,Bhangchari UPS,Unplanned,Closed,2026-07-07T12:02:49Z,2026-07-07T13:18:49Z,76
1892622,West,MUKATSAR,RUPANA UPS,Unplanned,Closed,2026-07-07T12:02:49Z,2026-07-07T13:18:49Z,76
1892610,West,MUKATSAR,11 Kv Bhular,Unplanned,Closed,2026-07-07T12:02:16Z,2026-07-07T13:12:16Z,70
1892609,West,MUKATSAR,11KV KAOUNI CAT-1,Unplanned,Closed,2026-07-07T12:02:16Z,2026-07-07T13:12:16Z,70
1892608,West,MUKATSAR,MALLAN UPS,Unplanned,Closed,2026-07-07T12:02:16Z,2026-07-07T13:12:16Z,70
1892611,South,PATIALA,UPS SUKHEWAL,Unplanned,Closed,2026-07-07T12:01:00Z,2026-07-07T13:55:00Z,114
1892593,West,MUKATSAR,11 KV South Avenue,Unplanned,Closed,2026-07-07T12:00:45Z,2026-07-07T13:45:00Z,104
1892594,West,MUKATSAR,Bhangchari UPS,Unplanned,Closed,2026-07-07T11:50:00Z,2026-07-07T11:58:00Z,8
1892591,Central,KHANNA,City-3,Unplanned,Closed,2026-07-07T11:48:30Z,2026-07-07T13:21:37Z,93
1892592,Central,KHANNA,CITY-2,Unplanned,Closed,2026-07-07T11:46:53Z,2026-07-07T13:27:02Z,100
1892590,West,FEROZPUR,INDUSTRIAL,Planned,Closed,2026-07-07T11:45:00Z,2026-07-07T13:44:00Z,119
1892587,North,HOSHIARPUR,KALYANPUR,Unplanned,Closed,2026-07-07T11:35:00Z,2026-07-07T12:05:00Z,30
1892586,South,PATIALA,Sarabha Nagar feeder,Unplanned,Closed,2026-07-07T11:30:57Z,2026-07-07T12:35:37Z,64
1892589,West,FEROZPUR,UPS FEEDER,Planned,Closed,2026-07-07T11:30:00Z,2026-07-07T13:30:00Z,120
1892588,West,FEROZPUR,HABIB WALA,Planned,Closed,2026-07-07T11:30:00Z,2026-07-07T13:30:00Z,120
1892584,East,Zirakpur,ATS-2,Unplanned,Closed,2026-07-07T11:19:12Z,2026-07-07T12:16:29Z,57
1892585,East,Zirakpur,URBAN-3 DERABASSI,Unplanned,Closed,2026-07-07T11:19:06Z,2026-07-07T12:16:06Z,57
1892581,North,JALANDHAR,BABA VISHKARMA MANDIR,Unplanned,Closed,2026-07-07T11:18:00Z,2026-07-07T11:37:00Z,19
1892583,West,MUKATSAR,Bus Stand Road,Planned,Closed,2026-07-07T11:12:00Z,2026-07-07T13:21:00Z,129
1892582,West,MUKATSAR,11 KV Town,Planned,Closed,2026-07-07T11:12:00Z,2026-07-07T13:21:00Z,129
1892628,South,PATIALA,Patiala Road,Unplanned,Closed,2026-07-07T11:10:00Z,2026-07-07T12:45:00Z,95
1892579,North,JALANDHAR,RAIPUR ROAD,Unplanned,Closed,2026-07-07T11:00:00Z,2026-07-07T11:15:00Z,15
1892578,South,SANGRUR,Dhandra,Unplanned,Closed,2026-07-07T10:55:00Z,2026-07-07T12:55:00Z,120
1892575,South,SANGRUR,Hamirgarh City,Planned,Closed,2026-07-07T10:44:40Z,2026-07-07T11:44:50Z,60
1892574,South,SANGRUR,Bhunder Bhaini,Unplanned,Closed,2026-07-07T10:44:08Z,2026-07-07T11:44:16Z,60
1892580,West,FEROZPUR,Police Line,Planned,Closed,2026-07-07T10:36:00Z,2026-07-07T11:49:00Z,73
1892573,North,HOSHIARPUR,11 KV ARMY GROUND,Unplanned,Closed,2026-07-07T10:35:00Z,2026-07-07T10:50:00Z,15
1892572,East,Zirakpur,LALRU RURAL  Kandi Pure AP,Unplanned,Closed,2026-07-07T10:31:00Z,2026-07-07T11:31:00Z,60
1892570,North,JALANDHAR,SURGICAL COMPLEX,Unplanned,Closed,2026-07-07T10:26:00Z,2026-07-07T10:37:00Z,11
1892571,Central,CITY WEST LUDHIANA,URBAN VIHAR,Planned,Closed,2026-07-07T10:25:00Z,2026-07-07T10:40:00Z,15
1892566,North,HOSHIARPUR,SUKCHAINPUR,Planned,Closed,2026-07-07T10:10:00Z,2026-07-07T13:00:00Z,170
1892565,North,HOSHIARPUR,RAMGHAR,Planned,Closed,2026-07-07T10:10:00Z,2026-07-07T13:01:00Z,171
1892567,North,HOSHIARPUR,DATARPUR,Planned,Closed,2026-07-07T10:09:00Z,2026-07-07T13:00:00Z,171
1892564,South,SANGRUR,Benra,Unplanned,Closed,2026-07-07T10:00:00Z,2026-07-07T11:50:00Z,110
1892562,South,SANGRUR,11 KV New Grain Markit,Planned,Closed,2026-07-07T10:00:00Z,2026-07-07T14:00:00Z,240
1892561,South,SANGRUR,Chhajli road,Planned,Closed,2026-07-07T10:00:00Z,2026-07-07T14:00:00Z,240
1892560,South,SANGRUR,11 KV MAYA GARDEN,Planned,Closed,2026-07-07T10:00:00Z,2026-07-07T14:00:00Z,240
1892493,Border,GURDASPUR,Behrian,Planned,Closed,2026-07-07T10:00:00Z,2026-07-07T14:00:00Z,240
1892577,West,MUKATSAR,BHUTTIWALA,Unplanned,Closed,2026-07-07T09:55:00Z,2026-07-07T11:31:00Z,96
1892563,West,MUKATSAR,INDUSTRIAL,Unplanned,Closed,2026-07-07T09:37:00Z,2026-07-07T10:05:00Z,28
1892569,West,FEROZPUR,MADHRE,Planned,Closed,2026-07-07T09:32:00Z,2026-07-07T11:30:00Z,118
1892568,West,FEROZPUR,Amritsari Gate,Planned,Closed,2026-07-07T09:31:00Z,2026-07-07T11:29:00Z,118
1892601,East,Zirakpur,RAIL VIHAR,Unplanned,Closed,2026-07-07T09:18:00Z,2026-07-07T09:57:00Z,39
1892559,South,SANGRUR,Tibian Wali,Unplanned,Closed,2026-07-07T09:11:39Z,2026-07-07T10:01:04Z,49
1892558,Border,SUB URBAN AMRITSAR,RAKH NAG,Unplanned,Closed,2026-07-07T07:56:12Z,2026-07-07T09:30:33Z,94
1892556,West,FARIDKOT,SHAHEED BHAGAT SINGH NAGAR,Planned,Closed,2026-07-07T07:36:00Z,2026-07-07T07:47:17Z,11
1892557,South,PATIALA,City Feeder,Unplanned,Closed,2026-07-07T07:33:59Z,2026-07-07T08:07:25Z,33
1892555,East,Zirakpur,NABHA SAHIB,Planned,Closed,2026-07-07T02:05:00Z,2026-07-07T02:24:00Z,19
1892554,East,Zirakpur,SIMRAN,Unplanned,Closed,2026-07-07T01:00:00Z,2026-07-07T03:00:00Z,120
1892553,East,Zirakpur,GBM,Unplanned,Closed,2026-07-07T00:43:00Z,2026-07-07T01:25:00Z,42
1892552,East,Zirakpur,PATIALA ROAD,Unplanned,Closed,2026-07-07T00:00:00Z,2026-07-07T01:00:00Z,60
1892551,North,JALANDHAR,11KV Royal Residency,Unplanned,Closed,2026-07-06T23:08:00Z,2026-07-06T23:30:00Z,22
1892550,North,JALANDHAR,11 KV Jalandhar Height-1,Unplanned,Closed,2026-07-06T23:08:00Z,2026-07-06T23:30:00Z,22
1892549,South,PATIALA,ALOHRAN GATE,Unplanned,Closed,2026-07-06T21:50:00Z,2026-07-06T23:25:00Z,95
1892546,West,MUKATSAR,11 KV GANGA NAGAR ROAD,Unplanned,Closed,2026-07-06T21:30:56Z,2026-07-06T21:50:00Z,19
1892548,West,MUKATSAR,11 KV KIKKER KHERA,Unplanned,Closed,2026-07-06T21:30:00Z,2026-07-06T21:50:00Z,20
1892547,West,MUKATSAR,11 KV Alamgarh,Unplanned,Closed,2026-07-06T21:30:00Z,2026-07-06T21:50:00Z,20
1892544,Central,SUB URBAN LUDHIANA,Urban Ahmedgarh (City-3),Unplanned,Closed,2026-07-06T19:53:00Z,2026-07-06T20:35:00Z,42
1892543,South,SANGRUR,BABA MITHU SHAH,Unplanned,Closed,2026-07-06T19:39:01Z,2026-07-06T20:20:16Z,41
1892541,Border,GURDASPUR,Preet Nagar,Unplanned,Closed,2026-07-06T19:16:00Z,2026-07-06T19:22:00Z,6
1892542,Central,KHANNA,Goldev City,Unplanned,Closed,2026-07-06T19:08:01Z,2026-07-06T20:24:16Z,76
1892539,West,MUKATSAR,11 KV SITO,Unplanned,Closed,2026-07-06T18:58:16Z,2026-07-06T19:40:24Z,42
1892538,East,Zirakpur,Dehar. Cat. 1,Unplanned,Closed,2026-07-06T18:55:00Z,2026-07-06T19:08:00Z,13
1892537,West,FARIDKOT,FCI URBAN,Unplanned,Closed,2026-07-06T18:54:00Z,2026-07-06T19:24:56Z,30
1892540,South,SANGRUR,Tibian Wali,Unplanned,Closed,2026-07-06T18:16:16Z,2026-07-06T20:15:28Z,119
1892536,North,JALANDHAR,SATYAM,Unplanned,Closed,2026-07-06T18:14:00Z,2026-07-06T18:50:00Z,36
1892535,South,PATIALA,BEAS GHAR,Unplanned,Closed,2026-07-06T17:55:00Z,2026-07-06T19:37:00Z,102
1892534,South,SANGRUR,11KV JHARON ROAD,Unplanned,Closed,2026-07-06T17:40:04Z,2026-07-06T19:16:23Z,96
1892533,West,BATHINDA,BUGGAR,Planned,Closed,2026-07-06T17:40:00Z,2026-07-06T18:40:00Z,60
1892545,South,PATIALA,Stn T.F Old Nabha,Unplanned,Closed,2026-07-06T17:34:00Z,2026-07-06T20:28:00Z,174
1892532,Border,SUB URBAN AMRITSAR,UPS SILAKA,Unplanned,Closed,2026-07-06T17:10:39Z,2026-07-06T17:37:11Z,26
1892531,Central,KHANNA,MALKO MAJRA,Planned,Closed,2026-07-06T17:00:38Z,2026-07-06T18:00:50Z,60
1892525,West,FARIDKOT,GONDARA,Planned,Active,2026-07-06T16:55:46Z,2026-07-06T17:59:12Z,63
1892530,Border,SUB URBAN AMRITSAR,GUMTALA,Unplanned,Closed,2026-07-06T16:53:00Z,2026-07-06T17:16:00Z,23
1892528,West,FARIDKOT,DEDA MUNI,Planned,Active,2026-07-06T16:50:51Z,2026-07-06T17:59:18Z,68
1892527,West,FARIDKOT,BURJ JAWAHAR SINGH WALA,Planned,Active,2026-07-06T16:50:29Z,2026-07-06T17:59:40Z,69
1892529,West,FARIDKOT,Dera Jalal,Planned,Active,2026-07-06T16:50:27Z,2026-07-06T17:59:36Z,69
1892526,West,FARIDKOT,VANDER,Planned,Active,2026-07-06T16:50:02Z,2026-07-06T17:59:15Z,69
1892524,North,KAPURTHALA,UPS Seowal,Unplanned,Closed,2026-07-06T16:48:00Z,2026-07-06T17:10:00Z,22
1892523,North,KAPURTHALA,Gill,Unplanned,Closed,2026-07-06T16:47:00Z,2026-07-06T17:10:00Z,23
1892515,East,Zirakpur,11 KV PREM NAGAR FEEDER,Unplanned,Closed,2026-07-06T16:08:00Z,2026-07-06T16:46:00Z,38
1892512,South,SANGRUR,Ballran C-1,Planned,Closed,2026-07-06T16:02:12Z,2026-07-06T17:52:22Z,110
1892514,West,FEROZPUR,Amritsari Gate,Planned,Closed,2026-07-06T16:00:00Z,2026-07-06T17:06:00Z,66
1892513,West,FEROZPUR,RINGMAIN B,Planned,Closed,2026-07-06T16:00:00Z,2026-07-06T17:07:00Z,67
1892521,South,PATIALA,FOCAL POINT-IV,Unplanned,Closed,2026-07-06T15:58:00Z,2026-07-06T16:30:52Z,32
1892517,West,BATHINDA,MALUKA AP (BHAGTA),Unplanned,Closed,2026-07-06T15:55:58Z,2026-07-06T18:00:09Z,124
1892518,West,BATHINDA,GUMTI AP,Unplanned,Closed,2026-07-06T15:55:41Z,2026-07-06T18:00:50Z,125
1892519,West,BATHINDA,Gaushala,Unplanned,Closed,2026-07-06T15:55:25Z,2026-07-06T18:00:34Z,125
1892516,West,BATHINDA,DYALPURA AP (BHAGTA),Unplanned,Closed,2026-07-06T15:55:18Z,2026-07-06T18:00:31Z,125
1892520,West,BATHINDA,Gumti New,Unplanned,Closed,2026-07-06T15:55:01Z,2026-07-06T18:00:07Z,125
1892511,South,SANGRUR,Dhhaake wala peer,Unplanned,Closed,2026-07-06T15:52:12Z,2026-07-06T17:25:21Z,93
1892510,South,PATIALA,Samania Gate,Unplanned,Closed,2026-07-06T15:34:00Z,2026-07-06T16:50:00Z,76
1892509,East,Zirakpur,LALRU MANDI,Unplanned,Closed,2026-07-06T15:34:00Z,2026-07-06T15:50:00Z,16
1892508,South,PATIALA,GOBIND BAGH,Unplanned,Closed,2026-07-06T15:29:28Z,2026-07-06T15:53:52Z,24
1892507,North,HOSHIARPUR,Lalpur Bhana,Unplanned,Closed,2026-07-06T15:20:52Z,2026-07-06T15:55:26Z,34
1892506,South,SANGRUR,24 HRS. BALRAN,Unplanned,Closed,2026-07-06T15:16:57Z,2026-07-06T15:36:09Z,19
1892504,Border,CITY AMRITSAR,11KV HussainPura,Planned,Closed,2026-07-06T15:00:00Z,2026-07-06T16:00:00Z,60
1892505,South,PATIALA,Polo Ground,Unplanned,Closed,2026-07-06T14:55:00Z,2026-07-06T15:20:00Z,25
1892502,West,FEROZPUR,ARSONAL,Planned,Closed,2026-07-06T14:40:00Z,2026-07-06T15:58:00Z,78
1892503,South,PATIALA,NIS Complex,Unplanned,Closed,2026-07-06T14:32:12Z,2026-07-06T15:20:00Z,47
1892233,Border,SUB URBAN AMRITSAR,Industry NAG,Planned,Closed,2026-07-06T14:17:34Z,2026-07-06T16:10:40Z,113
1892497,Border,TARN TARAN,PHERUMAN,Unplanned,Closed,2026-07-06T14:10:59Z,2026-07-06T17:10:40Z,179
1892522,Border,CITY AMRITSAR,Kairon Market,Unplanned,Closed,2026-07-06T14:00:00Z,2026-07-06T15:00:00Z,60
1892499,West,FEROZPUR,HABIB WALA,Planned,Closed,2026-07-06T14:00:00Z,2026-07-06T16:00:00Z,120
1892498,West,FEROZPUR,MADHRE,Planned,Closed,2026-07-06T14:00:00Z,2026-07-06T16:00:00Z,120
1892495,East,Zirakpur,JEOLY,Unplanned,Closed,2026-07-06T14:00:00Z,2026-07-06T14:33:00Z,33
1892496,Central,KHANNA,CITY ONE,Unplanned,Closed,2026-07-06T13:57:27Z,2026-07-06T14:59:45Z,62
1892500,West,MUKATSAR,Kotli Road,Unplanned,Closed,2026-07-06T13:55:00Z,2026-07-06T14:35:00Z,40
1892494,South,SANGRUR,MEHLAN UPS,Unplanned,Closed,2026-07-06T13:40:00Z,2026-07-06T14:55:00Z,75
1892492,South,PATIALA,UPS CHAUNDA,Unplanned,Closed,2026-07-06T13:20:00Z,2026-07-06T13:45:00Z,25
1892489,West,FEROZPUR,LAKHA HAZI UPS,Planned,Closed,2026-07-06T13:11:00Z,2026-07-06T14:20:00Z,69
1892491,South,PATIALA,Stn T.F Old Nabha,Unplanned,Closed,2026-07-06T13:10:00Z,2026-07-06T13:55:00Z,45
1892472,South,SANGRUR,CITY SANGRUR,Unplanned,Closed,2026-07-06T13:05:00Z,2026-07-06T14:35:00Z,90
1892482,North,HOSHIARPUR,DRAS ENGINEERING,Planned,Closed,2026-07-06T13:00:36Z,2026-07-06T14:45:36Z,105
1892481,North,HOSHIARPUR,ITL CHAK GUJRAN,Planned,Closed,2026-07-06T13:00:36Z,2026-07-06T14:45:36Z,105
1892480,North,HOSHIARPUR,BALA JI,Planned,Closed,2026-07-06T13:00:36Z,2026-07-06T14:45:36Z,105
1892479,North,HOSHIARPUR,11 KV INDUSTRIAL NASRAL JAL RD,Planned,Closed,2026-07-06T13:00:36Z,2026-07-06T15:00:36Z,120
1892478,North,HOSHIARPUR,Anand,Planned,Closed,2026-07-06T13:00:36Z,2026-07-06T14:45:36Z,105
1892477,North,HOSHIARPUR,PEALAN,Planned,Closed,2026-07-06T13:00:36Z,2026-07-06T14:45:36Z,105
1892476,North,HOSHIARPUR,11kv INDUSTRIAL HSP ROAD NASRALA,Planned,Closed,2026-07-06T13:00:36Z,2026-07-06T14:45:36Z,105
1892475,North,HOSHIARPUR,Rotavator,Planned,Closed,2026-07-06T13:00:36Z,2026-07-06T14:45:36Z,105
1892474,North,HOSHIARPUR,NEW TANDA ROAD,Planned,Closed,2026-07-06T13:00:36Z,2026-07-06T14:45:36Z,105
1892473,North,HOSHIARPUR,KAKKAR COMPLEX,Planned,Closed,2026-07-06T13:00:36Z,2026-07-06T14:45:36Z,105
1892470,North,JALANDHAR,INDUSTRIAL AREA 2,Unplanned,Closed,2026-07-06T13:00:18Z,2026-07-06T13:25:29Z,25
1892487,North,HOSHIARPUR,INDUSTRIAL,Planned,Closed,2026-07-06T13:00:05Z,2026-07-06T14:45:05Z,105
1892486,North,HOSHIARPUR,PATHRALIAN,Planned,Closed,2026-07-06T13:00:05Z,2026-07-06T14:45:05Z,105
1892485,North,HOSHIARPUR,SHAM-84,Planned,Closed,2026-07-06T13:00:05Z,2026-07-06T14:45:05Z,105
1892484,North,HOSHIARPUR,TARAGARH,Planned,Closed,2026-07-06T13:00:05Z,2026-07-06T14:45:05Z,105
1892483,North,HOSHIARPUR,JALBHEY,Planned,Closed,2026-07-06T13:00:05Z,2026-07-06T14:45:05Z,105
1892471,West,FEROZPUR,UPS FEEDER,Planned,Closed,2026-07-06T13:00:00Z,2026-07-06T14:00:00Z,60
1892488,East,Zirakpur,BEGAMPURA,Unplanned,Closed,2026-07-06T12:58:00Z,2026-07-06T14:11:00Z,73
1892490,South,PATIALA,UPS BHOJOMAJRI,Unplanned,Closed,2026-07-06T12:45:00Z,2026-07-06T13:20:00Z,35
1892469,South,PATIALA,NIS Complex,Unplanned,Closed,2026-07-06T12:44:23Z,2026-07-06T14:05:57Z,81
1892468,South,PATIALA,11 KV RAI MAJRA,Unplanned,Closed,2026-07-06T12:33:00Z,2026-07-06T12:47:00Z,14
1892463,West,MUKATSAR,DALMIR KHERA,Unplanned,Closed,2026-07-06T12:27:55Z,2026-07-06T13:11:06Z,43
1892465,West,MUKATSAR,DAULATPURA UPS,Unplanned,Closed,2026-07-06T12:27:52Z,2026-07-06T13:11:01Z,43
1892464,West,MUKATSAR,MAUJGARH,Unplanned,Closed,2026-07-06T12:27:22Z,2026-07-06T13:10:32Z,43
1892466,South,PATIALA,Heera Bagh,Unplanned,Closed,2026-07-06T12:22:00Z,2026-07-06T12:44:00Z,22
1892462,South,PATIALA,Jagdish Colony,Unplanned,Closed,2026-07-06T12:21:00Z,2026-07-06T12:48:00Z,27
1892461,South,PATIALA,SST Nagar,Unplanned,Closed,2026-07-06T12:20:00Z,2026-07-06T12:46:00Z,26
1892456,Border,CITY AMRITSAR,11 KV Namak Mandi,Planned,Active,2026-07-06T12:16:00Z,2026-07-06T14:16:00Z,120
1892460,North,HOSHIARPUR,CHHAMB,Unplanned,Closed,2026-07-06T12:15:30Z,2026-07-06T12:20:48Z,5
1892234,Border,SUB URBAN AMRITSAR,Sawdeshi Korean,Planned,Closed,2026-07-06T12:15:15Z,2026-07-06T14:05:19Z,110
1892459,South,SANGRUR,11 KV HEERO KALAN UPS,Planned,Closed,2026-07-06T12:10:00Z,2026-07-06T12:50:00Z,40
1892458,Central,KHANNA,Goldev City,Unplanned,Closed,2026-07-06T12:07:21Z,2026-07-06T14:01:31Z,114
1892457,South,SANGRUR,Dera rajputa,Unplanned,Closed,2026-07-06T12:06:08Z,2026-07-06T13:38:33Z,92
1892455,East,Zirakpur,SANULI,Unplanned,Closed,2026-07-06T11:58:00Z,2026-07-06T12:10:00Z,12
1892453,South,SANGRUR,Ballran C-1,Planned,Closed,2026-07-06T11:46:04Z,2026-07-06T12:24:18Z,38
1892454,Border,SUB URBAN AMRITSAR,NAG KALAN URBAN,Planned,Closed,2026-07-06T11:45:25Z,2026-07-06T13:35:53Z,110
1892452,North,JALANDHAR,PILOT,Unplanned,Closed,2026-07-06T11:41:00Z,2026-07-06T11:53:00Z,12
1892446,North,JALANDHAR,BHARO CAMP,Unplanned,Closed,2026-07-06T11:16:50Z,2026-07-06T11:46:04Z,29
1892445,North,JALANDHAR,MODEL HOUSE,Unplanned,Closed,2026-07-06T11:16:14Z,2026-07-06T11:46:46Z,30
1892441,West,FEROZPUR,Police Line,Planned,Closed,2026-07-06T11:10:00Z,2026-07-06T12:58:00Z,108
1892439,West,FEROZPUR,11 KV INDUSTRIAL,Planned,Closed,2026-07-06T11:07:00Z,2026-07-06T13:01:00Z,114
1892298,Border,SUB URBAN AMRITSAR,GAURI SHANKAR,Planned,Closed,2026-07-06T11:01:25Z,2026-07-06T12:55:43Z,114
1892438,Border,CITY AMRITSAR,Bhai Laloji Nagar,Planned,Closed,2026-07-06T11:00:59Z,2026-07-06T15:31:14Z,270
1892297,Border,SUB URBAN AMRITSAR,BAL KALAN INDUSTRY,Planned,Closed,2026-07-06T11:00:33Z,2026-07-06T12:31:55Z,91
1892440,North,JALANDHAR,GLOBE COLONY,Unplanned,Closed,2026-07-06T11:00:00Z,2026-07-06T11:25:00Z,25
1892436,North,JALANDHAR,INDUSTRIAL AREA 2,Unplanned,Closed,2026-07-06T10:55:00Z,2026-07-06T11:40:00Z,45
1892437,Border,CITY AMRITSAR,EAST MOHAN NAGAR,Planned,Closed,2026-07-06T10:50:00Z,2026-07-06T14:16:00Z,206
1892435,North,KAPURTHALA,UPS Seowal,Unplanned,Closed,2026-07-06T10:48:00Z,2026-07-06T11:09:00Z,21
1892434,North,KAPURTHALA,Sahariwal,Unplanned,Closed,2026-07-06T10:48:00Z,2026-07-06T11:09:00Z,21
1892433,South,PATIALA,DIDAR STEEL,Unplanned,Closed,2026-07-06T10:48:00Z,2026-07-06T11:30:00Z,42
1892432,Border,SUB URBAN AMRITSAR,MAJITHA,Planned,Closed,2026-07-06T10:47:20Z,2026-07-06T12:34:42Z,107
1892444,Border,SUB URBAN AMRITSAR,GT Road 1,Planned,Closed,2026-07-06T10:45:00Z,2026-07-06T14:20:00Z,215
1892443,Border,SUB URBAN AMRITSAR,Dream City Ambuja,Planned,Closed,2026-07-06T10:45:00Z,2026-07-06T14:20:00Z,215
1892442,Border,SUB URBAN AMRITSAR,BY PASS,Planned,Closed,2026-07-06T10:45:00Z,2026-07-06T14:20:00Z,215
1892431,West,FEROZPUR,AMAR TAKIS,Unplanned,Closed,2026-07-06T10:40:00Z,2026-07-06T11:34:00Z,54
1892430,South,PATIALA,SALARIA VIHAR,Unplanned,Closed,2026-07-06T10:35:00Z,2026-07-06T11:15:22Z,40
1892428,Border,SUB URBAN AMRITSAR,Pandori UPS,Planned,Closed,2026-07-06T10:28:24Z,2026-07-06T12:20:38Z,112
1892429,Border,SUB URBAN AMRITSAR,Pandori,Planned,Closed,2026-07-06T10:27:50Z,2026-07-06T12:21:01Z,113
1892427,East,Zirakpur,GREEN LOTUS,Unplanned,Closed,2026-07-06T10:21:00Z,2026-07-06T10:54:00Z,33
1892426,East,Zirakpur,SINGHPURA,Unplanned,Closed,2026-07-06T10:21:00Z,2026-07-06T10:54:00Z,33
1892424,East,Zirakpur,ZIRAKPUR-1,Unplanned,Closed,2026-07-06T10:21:00Z,2026-07-06T10:54:00Z,33
1892422,Border,CITY AMRITSAR,MAKBOOL PURA,Planned,Closed,2026-07-06T10:21:00Z,2026-07-06T12:48:00Z,147
1892423,East,Zirakpur,CITY COURT,Unplanned,Closed,2026-07-06T10:20:00Z,2026-07-06T10:56:00Z,36
1892235,Border,SUB URBAN AMRITSAR,CHAND INDUSTRY,Planned,Closed,2026-07-06T10:14:57Z,2026-07-06T12:02:03Z,107
1892421,North,HOSHIARPUR,KOTLA,Unplanned,Closed,2026-07-06T10:10:00Z,2026-07-06T10:45:00Z,35
1892420,North,JALANDHAR,GLOBE COLONY,Unplanned,Closed,2026-07-06T10:09:00Z,2026-07-06T10:33:00Z,24
1892418,West,BATHINDA,KOTHA GURU (UPS),Unplanned,Closed,2026-07-06T10:05:27Z,2026-07-06T12:10:51Z,125
1892419,West,BATHINDA,Kaul Sahib,Unplanned,Closed,2026-07-06T10:05:18Z,2026-07-06T10:10:26Z,5
1892369,Border,SUB URBAN AMRITSAR,Dashmesh Nagar,Planned,Closed,2026-07-06T10:00:02Z,2026-07-06T17:00:02Z,420
1892368,Border,SUB URBAN AMRITSAR,KABIR PARK,Planned,Closed,2026-07-06T10:00:02Z,2026-07-06T17:00:02Z,420
1892367,Border,SUB URBAN AMRITSAR,Hakima Gate,Planned,Closed,2026-07-06T10:00:02Z,2026-07-06T17:00:02Z,420
1892366,Border,SUB URBAN AMRITSAR,Polytechnic,Planned,Closed,2026-07-06T10:00:02Z,2026-07-06T17:00:02Z,420
1892365,Border,SUB URBAN AMRITSAR,Guru nanak dev university,Planned,Closed,2026-07-06T10:00:02Z,2026-07-06T17:00:02Z,420
1892364,Border,SUB URBAN AMRITSAR,Essma,Planned,Closed,2026-07-06T10:00:02Z,2026-07-06T17:00:02Z,420
1892363,Border,SUB URBAN AMRITSAR,Kot khalsa,Planned,Closed,2026-07-06T10:00:02Z,2026-07-06T17:00:02Z,420
1892362,Border,SUB URBAN AMRITSAR,SANDHU COLONY,Planned,Closed,2026-07-06T10:00:02Z,2026-07-06T17:00:02Z,420
1892361,Border,SUB URBAN AMRITSAR,G.T.Road,Planned,Closed,2026-07-06T10:00:02Z,2026-07-06T17:00:02Z,420
1892360,Border,SUB URBAN AMRITSAR,Bhalla Colony,Planned,Closed,2026-07-06T10:00:02Z,2026-07-06T17:00:02Z,420
1892359,Border,SUB URBAN AMRITSAR,AZAD ROAD FEEDER,Planned,Closed,2026-07-06T10:00:02Z,2026-07-06T17:00:02Z,420
1892358,Border,SUB URBAN AMRITSAR,Partap Bazar,Planned,Closed,2026-07-06T10:00:02Z,2026-07-06T17:00:02Z,420
1892357,Border,SUB URBAN AMRITSAR,Sadar bazar,Planned,Closed,2026-07-06T10:00:02Z,2026-07-06T17:00:02Z,420
1892356,Border,SUB URBAN AMRITSAR,Industrial Estate,Planned,Closed,2026-07-06T10:00:02Z,2026-07-06T16:00:02Z,360
1892355,Border,SUB URBAN AMRITSAR,Disposal,Planned,Closed,2026-07-06T10:00:02Z,2026-07-06T17:00:02Z,420
1892417,North,HOSHIARPUR,HOSPITAL,Unplanned,Closed,2026-07-06T10:00:00Z,2026-07-06T10:35:00Z,35
1892392,Border,SUB URBAN AMRITSAR,KALLEY,Planned,Active,2026-07-06T10:00:00Z,2026-07-06T16:00:00Z,360
1892416,North,HOSHIARPUR,11KV KALLOWAL FEEDER,Unplanned,Closed,2026-07-06T09:45:00Z,2026-07-06T10:00:00Z,15
1892415,West,MUKATSAR,BATHINDA ROAD,Unplanned,Closed,2026-07-06T09:15:00Z,2026-07-06T11:00:00Z,105
1892414,Border,SUB URBAN AMRITSAR,RANJIT AVENUE,Unplanned,Closed,2026-07-06T09:00:00Z,2026-07-06T09:44:00Z,44
1892412,East,Zirakpur,GREEN VALLEY,Unplanned,Closed,2026-07-06T07:38:00Z,2026-07-06T09:08:00Z,90
1892411,East,Zirakpur,KALGIDHAR,Unplanned,Closed,2026-07-06T07:34:00Z,2026-07-06T08:14:00Z,40
1892410,East,Zirakpur,SAVITRY GREEN 2,Unplanned,Closed,2026-07-06T07:22:00Z,2026-07-06T08:02:00Z,40
1892408,Border,SUB URBAN AMRITSAR,NAG KALAN,Unplanned,Closed,2026-07-06T07:10:15Z,2026-07-06T09:05:30Z,115
1892409,Border,CITY AMRITSAR,NAVANKOT,Unplanned,Closed,2026-07-06T07:10:00Z,2026-07-06T07:50:00Z,40
1892407,Border,SUB URBAN AMRITSAR,MAJITHA,Unplanned,Closed,2026-07-06T07:02:59Z,2026-07-06T07:33:24Z,30
1892406,Border,SUB URBAN AMRITSAR,UPS  AMARKOT,Unplanned,Closed,2026-07-06T06:25:00Z,2026-07-06T07:35:00Z,70
1892405,South,PATIALA,Nabha Gate,Unplanned,Closed,2026-07-06T06:24:00Z,2026-07-06T07:29:00Z,65
1892404,East,Zirakpur,PEER BABA ROAD,Unplanned,Closed,2026-07-06T06:10:00Z,2026-07-06T07:58:00Z,108
1892403,East,Zirakpur,SANULI,Unplanned,Closed,2026-07-06T06:06:00Z,2026-07-06T06:40:00Z,34
1892401,East,Zirakpur,SINGHPURA,Unplanned,Closed,2026-07-06T05:36:00Z,2026-07-06T06:18:00Z,42
1892400,South,PATIALA,Ablowal Feeder,Unplanned,Closed,2026-07-06T04:29:00Z,2026-07-06T05:45:05Z,76
1892402,East,Zirakpur,GREEN VALLEY,Unplanned,Closed,2026-07-06T02:00:00Z,2026-07-06T03:22:00Z,82
1892501,Border,CITY AMRITSAR,Cheel Mandi,Unplanned,Closed,2026-07-06T01:30:00Z,2026-07-06T03:15:00Z,105
1892399,Border,SUB URBAN AMRITSAR,City-3,Unplanned,Closed,2026-07-06T00:10:00Z,2026-07-06T01:20:00Z,70
1892398,Border,GURDASPUR,Preet Nagar,Unplanned,Closed,2026-07-06T00:00:00Z,2026-07-06T02:00:00Z,120
1892396,West,FARIDKOT,SAHIBZADA AJIT SINGH NAGAR,Unplanned,Closed,2026-07-05T23:23:00Z,2026-07-05T23:53:37Z,30
1892395,North,JALANDHAR,PUNJABI BAGH,Unplanned,Closed,2026-07-05T23:16:00Z,2026-07-05T23:37:00Z,21
1892397,North,JALANDHAR,11KV Mithapur Feeder,Unplanned,Closed,2026-07-05T23:00:00Z,2026-07-05T23:35:00Z,35
1892389,North,KAPURTHALA,AJIT NAGAR,Planned,Active,2026-07-05T21:45:45Z,2026-07-05T22:22:45Z,37
1892391,South,PATIALA,Quila Chowk,Unplanned,Closed,2026-07-05T21:45:00Z,2026-07-05T21:56:00Z,11
1892390,South,PATIALA,Shahi Samadhan,Unplanned,Closed,2026-07-05T21:45:00Z,2026-07-05T21:56:00Z,11
1892413,South,PATIALA,Bhakhda Enclave,Unplanned,Closed,2026-07-05T21:35:00Z,2026-07-05T23:34:00Z,119
1892394,North,JALANDHAR,11KV Mithapur Feeder,Unplanned,Closed,2026-07-05T21:09:00Z,2026-07-05T22:59:00Z,110
1892388,South,PATIALA,Jagdish Ashram,Unplanned,Closed,2026-07-05T20:56:00Z,2026-07-05T21:30:00Z,34
1892393,North,JALANDHAR,11KV Mithapur Feeder,Unplanned,Closed,2026-07-05T20:08:00Z,2026-07-05T21:08:00Z,60
1892387,South,PATIALA,11 KV RAI MAJRA,Unplanned,Closed,2026-07-05T20:05:29Z,2026-07-05T21:15:25Z,69
1892379,East,Zirakpur,Dehar. Cat. 1,Unplanned,Closed,2026-07-05T19:42:00Z,2026-07-05T19:58:00Z,16
1892378,Central,CITY WEST LUDHIANA,Kiran Vihar,Planned,Closed,2026-07-05T19:40:00Z,2026-07-05T19:50:00Z,10
1892372,West,MUKATSAR,New Patrewala UPS,Unplanned,Closed,2026-07-05T19:06:14Z,2026-07-05T19:30:31Z,24
1892373,West,MUKATSAR,11 KV Danewala AP,Unplanned,Closed,2026-07-05T19:06:06Z,2026-07-05T19:30:23Z,24
1892375,West,MUKATSAR,RORAANWALI  (UPS),Unplanned,Closed,2026-07-05T19:06:00Z,2026-07-05T20:51:00Z,105
1892374,South,SANGRUR,Benra,Unplanned,Closed,2026-07-05T19:00:00Z,2026-07-05T20:50:28Z,110
1892370,Border,GURDASPUR,Preet Nagar,Unplanned,Closed,2026-07-05T18:52:00Z,2026-07-05T19:31:00Z,39
1892354,West,MUKATSAR,11 KV Alamgarh,Unplanned,Closed,2026-07-05T18:40:44Z,2026-07-05T19:24:06Z,43
1892371,South,PATIALA,UPS ROHTA SAHIB,Unplanned,Closed,2026-07-05T18:32:00Z,2026-07-05T21:05:00Z,153
1892353,West,MUKATSAR,Dhani Sucha Singh (Old Chakra),Unplanned,Closed,2026-07-05T18:21:39Z,2026-07-05T18:38:00Z,16
1892352,Central,CITY WEST LUDHIANA,Ranchi Colony,Planned,Closed,2026-07-05T18:19:00Z,2026-07-05T18:34:00Z,15
1892350,West,MUKATSAR,NEFED,Unplanned,Closed,2026-07-05T17:58:36Z,2026-07-05T18:37:45Z,39
1892348,Border,SUB URBAN AMRITSAR,silverstate,Unplanned,Closed,2026-07-05T17:40:00Z,2026-07-05T18:50:00Z,70
1892347,West,MUKATSAR,11 KV Punjava Model,Unplanned,Closed,2026-07-05T17:35:48Z,2026-07-05T19:04:05Z,88
1892351,West,MUKATSAR,RORAANWALI  (UPS),Unplanned,Closed,2026-07-05T17:25:00Z,2026-07-05T17:45:00Z,20
1892349,West,MUKATSAR,Gulabewala,Unplanned,Closed,2026-07-05T17:15:00Z,2026-07-05T18:05:00Z,50
1892339,South,SANGRUR,BANARSI CITY,Unplanned,Closed,2026-07-05T16:48:24Z,2026-07-05T17:34:37Z,46
1892340,South,SANGRUR,KHANOURI KHURAD,Unplanned,Closed,2026-07-05T16:48:12Z,2026-07-05T17:33:20Z,45
1892344,West,FARIDKOT,FCI URBAN,Planned,Closed,2026-07-05T16:48:00Z,2026-07-05T17:10:06Z,22
1892343,West,FARIDKOT,Dutt Road,Planned,Closed,2026-07-05T16:48:00Z,2026-07-05T17:10:06Z,22
1892342,West,FARIDKOT,Zira Road,Planned,Closed,2026-07-05T16:48:00Z,2026-07-05T17:10:06Z,22
1892165,North,JALANDHAR,PATHANKOT ROAD,Planned,Closed,2026-07-05T16:40:00Z,2026-07-05T17:45:00Z,65
1892331,West,MUKATSAR,11 KV SAIDANWALI,Unplanned,Closed,2026-07-05T16:35:06Z,2026-07-05T17:14:24Z,39
1892332,West,MUKATSAR,11 KV Dharampura,Unplanned,Closed,2026-07-05T16:34:54Z,2026-07-05T17:14:05Z,39
1892333,West,MUKATSAR,11 KV Telupura,Unplanned,Closed,2026-07-05T16:34:28Z,2026-07-05T17:14:36Z,40
1892330,West,FARIDKOT,MOGA-2,Unplanned,Closed,2026-07-05T16:32:13Z,2026-07-05T18:25:43Z,113
1892329,West,MUKATSAR,11 KV Sappan wali,Unplanned,Closed,2026-07-05T16:26:04Z,2026-07-05T16:50:14Z,24
1892328,West,MUKATSAR,MAUJGARH,Unplanned,Closed,2026-07-05T16:25:52Z,2026-07-05T16:49:06Z,23
1892384,Border,SUB URBAN AMRITSAR,Talwandi Dogran UPS-5,Unplanned,Closed,2026-07-05T16:25:00Z,2026-07-05T22:55:00Z,390
1892383,Border,SUB URBAN AMRITSAR,UPS-4 Makhanwindi,Unplanned,Closed,2026-07-05T16:25:00Z,2026-07-05T22:55:00Z,390
1892382,Border,SUB URBAN AMRITSAR,Urban-3,Unplanned,Closed,2026-07-05T16:25:00Z,2026-07-05T22:55:00Z,390
1892381,Border,SUB URBAN AMRITSAR,Urban 2 Nawapind,Unplanned,Closed,2026-07-05T16:25:00Z,2026-07-05T22:55:00Z,390
1892380,Border,SUB URBAN AMRITSAR,Urban-1 Nawapind,Unplanned,Closed,2026-07-05T16:25:00Z,2026-07-05T22:55:00Z,390
1892345,West,MUKATSAR,HARIKE KALAN UPS,Unplanned,Closed,2026-07-05T16:15:00Z,2026-07-05T18:00:00Z,105
1892326,South,SANGRUR,CAT-- 1 MAKORAR SAHIB,Unplanned,Closed,2026-07-05T16:00:58Z,2026-07-05T16:34:03Z,33
1892346,West,MUKATSAR,Sarainaga,Unplanned,Closed,2026-07-05T15:50:00Z,2026-07-05T17:42:00Z,112
1892327,South,BARNALA,11 KV MALERROAD,Unplanned,Closed,2026-07-05T15:45:00Z,2026-07-05T16:45:00Z,60
1892169,North,JALANDHAR,INDUSTRIAL AREA 2,Planned,Closed,2026-07-05T15:45:00Z,2026-07-05T17:30:00Z,105
1892180,North,JALANDHAR,KALIA COLONY,Planned,Closed,2026-07-05T15:40:00Z,2026-07-05T16:50:00Z,70
1892166,North,JALANDHAR,11 KV J.J.COLONY,Planned,Closed,2026-07-05T15:40:00Z,2026-07-05T16:50:00Z,70
1892302,North,JALANDHAR,FAZIL PUR,Unplanned,Closed,2026-07-05T15:35:00Z,2026-07-05T16:50:00Z,75
1892303,South,PATIALA,Sirhind Road,Unplanned,Closed,2026-07-05T15:30:00Z,2026-07-05T15:55:22Z,25
1892317,North,JALANDHAR,11KV PINK CITY,Planned,Closed,2026-07-05T15:15:52Z,2026-07-05T17:00:52Z,105
1892316,North,JALANDHAR,METRO MILK,Planned,Closed,2026-07-05T15:15:52Z,2026-07-05T17:00:52Z,105
1892315,North,JALANDHAR,SPORTS COLLAGE,Planned,Closed,2026-07-05T15:15:52Z,2026-07-05T17:00:52Z,105
1892314,North,JALANDHAR,RAJA GARDEN,Planned,Closed,2026-07-05T15:15:52Z,2026-07-05T17:00:52Z,105
1892313,North,JALANDHAR,GANDA NALA,Planned,Closed,2026-07-05T15:15:52Z,2026-07-05T17:00:52Z,105
1892312,North,JALANDHAR,NATIONAL,Planned,Closed,2026-07-05T15:15:52Z,2026-07-05T17:00:52Z,105
1892311,North,JALANDHAR,JAINSON INDUSTRIES,Planned,Closed,2026-07-05T15:15:52Z,2026-07-05T17:00:52Z,105
1892310,North,JALANDHAR,Basti Bawa Khel,Planned,Closed,2026-07-05T15:15:52Z,2026-07-05T17:00:52Z,105
1892309,North,JALANDHAR,SURGICAL COMPLEX,Planned,Closed,2026-07-05T15:15:52Z,2026-07-05T17:00:52Z,105
1892308,North,JALANDHAR,LEATHER COMPLEX,Planned,Closed,2026-07-05T15:15:52Z,2026-07-05T17:00:52Z,105
1892307,North,JALANDHAR,NIVIA SPORTS,Planned,Closed,2026-07-05T15:15:52Z,2026-07-05T17:00:52Z,105
1892306,North,JALANDHAR,TREATMENT NO.2,Planned,Closed,2026-07-05T15:15:52Z,2026-07-05T17:00:52Z,105
1892305,North,JALANDHAR,BASTI MITHU,Planned,Closed,2026-07-05T15:15:52Z,2026-07-05T17:00:52Z,105
1892304,North,JALANDHAR,BASTI PEER DAD,Planned,Closed,2026-07-05T15:15:52Z,2026-07-05T17:00:52Z,105
1892338,West,MUKATSAR,Check  Dhuewala ups,Unplanned,Closed,2026-07-05T15:05:12Z,2026-07-05T19:00:12Z,235
1892337,West,MUKATSAR,Tibbi UPS,Unplanned,Closed,2026-07-05T15:05:12Z,2026-07-05T19:00:12Z,235
1892336,West,MUKATSAR,440 KV Goneana,Unplanned,Closed,2026-07-05T15:05:12Z,2026-07-05T19:00:12Z,235
1892335,West,MUKATSAR,Bhangchari UPS,Unplanned,Closed,2026-07-05T15:05:12Z,2026-07-05T19:00:12Z,235
1892334,West,MUKATSAR,RUPANA UPS,Unplanned,Closed,2026-07-05T15:05:12Z,2026-07-05T19:00:12Z,235
1892341,West,MUKATSAR,Satia Paper Mill (Rupana),Unplanned,Closed,2026-07-05T15:05:00Z,2026-07-05T19:00:00Z,235
1892301,West,MUKATSAR,11KV Fattanwala Road.,Unplanned,Closed,2026-07-05T15:04:00Z,2026-07-05T16:50:00Z,106
1892285,North,JALANDHAR,11 kv Syndicate,Planned,Closed,2026-07-05T15:00:54Z,2026-07-05T17:00:54Z,120
1892284,North,JALANDHAR,11 kv Euro,Planned,Closed,2026-07-05T15:00:54Z,2026-07-05T17:00:54Z,120
1892283,North,JALANDHAR,TRB,Planned,Closed,2026-07-05T15:00:54Z,2026-07-05T17:00:54Z,120
1892282,North,JALANDHAR,Multicast,Planned,Closed,2026-07-05T15:00:54Z,2026-07-05T17:00:54Z,120
1892281,North,JALANDHAR,Vesta,Planned,Closed,2026-07-05T15:00:54Z,2026-07-05T17:00:54Z,120
1892280,North,JALANDHAR,Gupta Feeder,Planned,Closed,2026-07-05T15:00:54Z,2026-07-05T17:00:54Z,120
1892279,North,JALANDHAR,Mahajan feeder,Planned,Closed,2026-07-05T15:00:54Z,2026-07-05T17:00:54Z,120
1892278,North,JALANDHAR,KARTAR VALVES,Planned,Closed,2026-07-05T15:00:54Z,2026-07-05T17:00:54Z,120
1892277,North,JALANDHAR,PERFECT BELTING,Planned,Closed,2026-07-05T15:00:54Z,2026-07-05T17:00:54Z,120
1892276,North,JALANDHAR,DOABA FEEDER,Planned,Closed,2026-07-05T15:00:54Z,2026-07-05T17:00:54Z,120
1892275,North,JALANDHAR,11KV JUNEJA FORGING,Planned,Closed,2026-07-05T15:00:54Z,2026-07-05T17:00:54Z,120
1892274,North,JALANDHAR,RAGHU EXPORT,Planned,Closed,2026-07-05T15:00:54Z,2026-07-05T17:00:54Z,120
1892273,North,JALANDHAR,NEW WARYANA COMPLEX NO.1,Planned,Closed,2026-07-05T15:00:54Z,2026-07-05T17:00:54Z,120
1892325,North,JALANDHAR,11 KV SUN SHINE,Planned,Closed,2026-07-05T15:00:13Z,2026-07-05T17:00:13Z,120
1892324,North,JALANDHAR,TK SPORTS,Planned,Closed,2026-07-05T15:00:13Z,2026-07-05T17:00:13Z,120
1892323,North,JALANDHAR,SANT RUBBER,Planned,Closed,2026-07-05T15:00:13Z,2026-07-05T17:00:13Z,120
1892322,North,JALANDHAR,VARINDERA TOOLS,Planned,Closed,2026-07-05T15:00:13Z,2026-07-05T17:00:13Z,120
1892321,North,JALANDHAR,FLAIR INTERNATIONAL,Planned,Closed,2026-07-05T15:00:13Z,2026-07-05T17:00:13Z,120
1892320,North,JALANDHAR,PUNJAB RAJ CHAMRA UDYOG,Planned,Closed,2026-07-05T15:00:13Z,2026-07-05T17:00:13Z,120
1892319,North,JALANDHAR,DRY LEATHER COMPLEX,Planned,Closed,2026-07-05T15:00:13Z,2026-07-05T17:00:13Z,120
1892318,North,JALANDHAR,TREATMENT PLANT NO. 1,Planned,Closed,2026-07-05T15:00:13Z,2026-07-05T17:00:13Z,120
1892295,North,JALANDHAR,J P NAGAR,Planned,Closed,2026-07-05T15:00:02Z,2026-07-05T17:00:02Z,120
1892294,North,JALANDHAR,VIDESH SANCHAR,Planned,Closed,2026-07-05T15:00:02Z,2026-07-05T17:00:02Z,120
1892293,North,JALANDHAR,SUTLAJ,Planned,Closed,2026-07-05T15:00:02Z,2026-07-05T17:00:02Z,120
1892292,North,JALANDHAR,CANAL,Planned,Closed,2026-07-05T15:00:02Z,2026-07-05T17:00:02Z,120
1892291,North,JALANDHAR,FRIEND,Planned,Closed,2026-07-05T15:00:02Z,2026-07-05T17:00:02Z,120
1892290,North,JALANDHAR,KAPURTHALA ROAD,Planned,Closed,2026-07-05T15:00:02Z,2026-07-05T17:00:02Z,120
1892289,North,JALANDHAR,JALANDHAR KUNJ,Planned,Closed,2026-07-05T15:00:02Z,2026-07-05T17:00:02Z,120
1892288,North,JALANDHAR,NEEL KAMAL,Planned,Closed,2026-07-05T15:00:02Z,2026-07-05T17:00:02Z,120
1892287,North,JALANDHAR,WARYANA COMPLEX NO. 2,Planned,Closed,2026-07-05T15:00:02Z,2026-07-05T17:00:02Z,120
1892286,North,JALANDHAR,GAJIPUR,Planned,Closed,2026-07-05T15:00:02Z,2026-07-05T17:00:02Z,120
1892300,South,PATIALA,Industrial Estate New,Unplanned,Closed,2026-07-05T15:00:00Z,2026-07-05T16:00:00Z,60
1892299,Border,SUB URBAN AMRITSAR,GUMTALA,Unplanned,Closed,2026-07-05T14:55:00Z,2026-07-05T15:10:00Z,15
1892272,Border,GURDASPUR,GAJIKOT,Unplanned,Closed,2026-07-05T14:24:00Z,2026-07-05T14:56:00Z,32
1892269,Border,GURDASPUR,TALIBPUR,Unplanned,Closed,2026-07-05T14:24:00Z,2026-07-05T14:57:00Z,33
1892271,North,KAPURTHALA,URBAN INDUSTRY,Unplanned,Closed,2026-07-05T14:23:00Z,2026-07-05T15:00:00Z,37
1892268,North,KAPURTHALA,Kangna,Unplanned,Closed,2026-07-05T14:23:00Z,2026-07-05T15:00:00Z,37
1892267,North,KAPURTHALA,Gill,Unplanned,Closed,2026-07-05T14:23:00Z,2026-07-05T16:10:00Z,107
1892296,South,BARNALA,NABHA ROAD INDUSTRY,Planned,Closed,2026-07-05T14:00:00Z,2026-07-05T17:35:00Z,215
1892270,Border,SUB URBAN AMRITSAR,Tung pai,Unplanned,Closed,2026-07-05T14:00:00Z,2026-07-05T16:00:00Z,120
1892266,Central,SUB URBAN LUDHIANA,CITY-3,Unplanned,Closed,2026-07-05T13:15:00Z,2026-07-05T14:10:00Z,55
1892265,Central,SUB URBAN LUDHIANA,CITY-1,Unplanned,Closed,2026-07-05T13:15:00Z,2026-07-05T14:10:00Z,55
1892262,South,SANGRUR,Baba Masat Ram,Planned,Closed,2026-07-05T13:01:14Z,2026-07-05T13:29:26Z,28
1892261,West,MUKATSAR,11 KV Telupura,Unplanned,Closed,2026-07-05T12:38:58Z,2026-07-05T13:03:12Z,24
1892164,North,JALANDHAR,J.M.P,Planned,Closed,2026-07-05T12:35:00Z,2026-07-05T17:45:00Z,310
1892163,North,JALANDHAR,PUNJABI BAGH,Planned,Closed,2026-07-05T12:35:00Z,2026-07-05T17:45:00Z,310
1892162,North,JALANDHAR,Hamco Power,Planned,Closed,2026-07-05T12:35:00Z,2026-07-05T17:45:00Z,310
1892258,West,FARIDKOT,BURJ JAWAHAR SINGH WALA,Planned,Active,2026-07-05T12:25:27Z,2026-07-05T13:25:58Z,60
1892260,North,KAPURTHALA,UPS Seowal,Unplanned,Closed,2026-07-05T12:22:00Z,2026-07-05T12:45:00Z,23
1892259,North,KAPURTHALA,Billi wraiach,Unplanned,Closed,2026-07-05T12:22:00Z,2026-07-05T12:44:00Z,22
1892257,South,SANGRUR,11KV BAHADURPUR UPS(DUGGAN GRID),Planned,Closed,2026-07-05T12:15:00Z,2026-07-05T12:40:00Z,25
1892264,West,MUKATSAR,Nand Garh,Unplanned,Closed,2026-07-05T12:05:00Z,2026-07-05T12:50:00Z,45
1892246,West,MUKATSAR,KOTBHAI UPS,Planned,Closed,2026-07-05T12:02:55Z,2026-07-05T14:02:55Z,120
1892245,West,MUKATSAR,DAULA,Planned,Closed,2026-07-05T12:02:55Z,2026-07-05T14:02:55Z,120
1892244,West,MUKATSAR,BHARU UPS,Planned,Closed,2026-07-05T12:02:55Z,2026-07-05T14:02:55Z,120
1892243,West,MUKATSAR,11 kv Madhir Road cat 1,Planned,Closed,2026-07-05T12:02:07Z,2026-07-05T14:02:07Z,120
1892242,West,MUKATSAR,11 Kv Babania UPS,Planned,Closed,2026-07-05T12:02:07Z,2026-07-05T14:02:07Z,120
1892241,West,MUKATSAR,Bharu chownk,Planned,Closed,2026-07-05T12:02:07Z,2026-07-05T14:02:07Z,120
1892240,West,MUKATSAR,11 KV COURT COMPLEX,Planned,Closed,2026-07-05T12:02:07Z,2026-07-05T14:02:07Z,120
1892239,West,MUKATSAR,11 KV Industrial Feeder,Planned,Closed,2026-07-05T12:02:07Z,2026-07-05T14:02:07Z,120
1892238,West,MUKATSAR,11KV MADHIR,Planned,Closed,2026-07-05T12:02:00Z,2026-07-05T14:02:00Z,120
1892237,West,MUKATSAR,SHEIKH UPS,Planned,Closed,2026-07-05T12:02:00Z,2026-07-05T14:02:00Z,120
1892236,West,MUKATSAR,11KV GURUSAR,Planned,Closed,2026-07-05T12:02:00Z,2026-07-05T14:02:00Z,120
1892256,Central,KHANNA,MANDHOR BRANCH,Unplanned,Closed,2026-07-05T12:00:14Z,2026-07-05T14:00:34Z,120
1892255,North,JALANDHAR,CANAL,Unplanned,Closed,2026-07-05T11:58:00Z,2026-07-05T12:04:00Z,6
1892182,North,JALANDHAR,VIVEKANAND,Planned,Closed,2026-07-05T11:45:00Z,2026-07-05T15:15:00Z,210
1892254,South,SANGRUR,BALAKNATH,Unplanned,Closed,2026-07-05T11:41:22Z,2026-07-05T12:11:32Z,30
1892181,North,JALANDHAR,NUCON,Planned,Closed,2026-07-05T11:25:00Z,2026-07-05T14:55:00Z,210
1892251,North,JALANDHAR,SALEMPUR,Unplanned,Closed,2026-07-05T11:24:00Z,2026-07-05T12:58:00Z,94
1892250,North,JALANDHAR,PRITHVI,Unplanned,Closed,2026-07-05T11:23:00Z,2026-07-05T12:58:00Z,95
1892249,West,MUKATSAR,11 KV Bhagsar UPS,Unplanned,Closed,2026-07-05T11:13:30Z,2026-07-05T11:50:37Z,37
1892248,West,MUKATSAR,11 KB BAZIDPURA,Unplanned,Closed,2026-07-05T11:13:06Z,2026-07-05T11:50:17Z,37
1892179,North,JALANDHAR,COLD STORE,Planned,Closed,2026-07-05T11:05:00Z,2026-07-05T15:30:00Z,265
1892247,Border,SUB URBAN AMRITSAR,District Shopping complex (DSC),Unplanned,Closed,2026-07-05T10:54:00Z,2026-07-05T11:20:00Z,26
1892178,North,JALANDHAR,B.S.N.L,Planned,Closed,2026-07-05T10:31:00Z,2026-07-05T16:31:00Z,360
1892177,North,JALANDHAR,DIC 2,Planned,Closed,2026-07-05T10:31:00Z,2026-07-05T16:31:00Z,360
1892176,North,JALANDHAR,D.I.C .. 1,Planned,Closed,2026-07-05T10:31:00Z,2026-07-05T16:31:00Z,360
1892175,North,JALANDHAR,SHEETAL MILL,Planned,Closed,2026-07-05T10:31:00Z,2026-07-05T16:31:00Z,360
1892174,North,JALANDHAR,FOCAL POINT 2,Planned,Closed,2026-07-05T10:31:00Z,2026-07-05T16:31:00Z,360
1892173,North,JALANDHAR,BABA VISHKARMA MANDIR,Planned,Closed,2026-07-05T10:31:00Z,2026-07-05T16:31:00Z,360
1892172,North,JALANDHAR,WATER SUPPLY,Planned,Closed,2026-07-05T10:31:00Z,2026-07-05T16:31:00Z,360
1892171,North,JALANDHAR,GADAI PUR - 2,Planned,Closed,2026-07-05T10:31:00Z,2026-07-05T16:31:00Z,360
1892170,North,JALANDHAR,GADAIPUR-1,Planned,Closed,2026-07-05T10:31:00Z,2026-07-05T16:31:00Z,360
1892168,North,JALANDHAR,NEW LAXMI,Planned,Closed,2026-07-05T10:31:00Z,2026-07-05T16:31:00Z,360
1892224,Border,SUB URBAN AMRITSAR,DHING NANGAL AP,Unplanned,Closed,2026-07-05T10:27:47Z,2026-07-05T11:35:24Z,67
1892167,North,JALANDHAR,SANJAY GANDHI NAGAR,Planned,Closed,2026-07-05T10:25:00Z,2026-07-05T14:05:00Z,220
1892222,South,SANGRUR,Ballran C-1,Planned,Closed,2026-07-05T10:18:08Z,2026-07-05T11:15:20Z,57
1892253,East,MOHALI,11KV 82 ALPHA,Unplanned,Closed,2026-07-05T10:18:00Z,2026-07-05T11:30:00Z,72
1892223,South,SANGRUR,Kothe Mahanta De,Planned,Closed,2026-07-05T10:16:35Z,2026-07-05T11:11:44Z,55
1892229,East,MOHALI,SEC-69,Planned,Closed,2026-07-05T10:10:28Z,2026-07-05T12:05:28Z,115
1892228,East,MOHALI,SEC-70,Planned,Closed,2026-07-05T10:10:28Z,2026-07-05T12:05:02Z,114
1892227,East,MOHALI,SEC 63,Planned,Closed,2026-07-05T10:10:28Z,2026-07-05T12:05:02Z,114
1892226,East,MOHALI,11KV FOREST FEEDER,Planned,Closed,2026-07-05T10:10:28Z,2026-07-05T12:05:02Z,114
1892225,East,MOHALI,PCA,Planned,Closed,2026-07-05T10:10:28Z,2026-07-05T12:05:02Z,114
1892220,South,SANGRUR,Khokhar UPS,Unplanned,Closed,2026-07-05T10:10:28Z,2026-07-05T10:32:34Z,22
1892219,South,SANGRUR,11 kV triveni,Unplanned,Closed,2026-07-05T10:10:11Z,2026-07-05T10:35:18Z,25
1892218,North,HOSHIARPUR,CHANNIYA,Unplanned,Closed,2026-07-05T10:10:00Z,2026-07-05T10:45:00Z,35
1892217,South,PATIALA,Assa Majra,Unplanned,Closed,2026-07-05T10:03:32Z,2026-07-05T11:33:46Z,90
1892221,South,SANGRUR,Dirba Urban,Unplanned,Closed,2026-07-05T10:00:00Z,2026-07-05T10:55:00Z,55
1892215,East,Zirakpur,Ballopur UPS,Planned,Closed,2026-07-05T10:00:00Z,2026-07-05T13:00:00Z,180
1892213,East,Zirakpur,BARTANA,Planned,Closed,2026-07-05T10:00:00Z,2026-07-05T13:00:00Z,180
1892212,North,JALANDHAR,JAINSON INDUSTRIES,Planned,Closed,2026-07-05T10:00:00Z,2026-07-05T13:00:00Z,180
1892211,North,JALANDHAR,SURGICAL COMPLEX,Planned,Closed,2026-07-05T10:00:00Z,2026-07-05T13:00:00Z,180
1892252,East,MOHALI,11KV GMI,Unplanned,Closed,2026-07-05T09:52:00Z,2026-07-05T11:11:00Z,79
1892210,South,SANGRUR,11 KV BHATTIWAL KALAN,Unplanned,Closed,2026-07-05T09:47:48Z,2026-07-05T11:10:10Z,82
1892209,West,MUKATSAR,11 KV Punjava Model,Unplanned,Closed,2026-07-05T09:35:47Z,2026-07-05T11:14:00Z,98
1892214,Border,SUB URBAN AMRITSAR,11 kv Baba Deep Singh colony,Unplanned,Closed,2026-07-05T09:27:00Z,2026-07-05T10:07:00Z,40
1892204,West,MUKATSAR,11 KV KIKKER KHERA,Unplanned,Closed,2026-07-05T09:22:36Z,2026-07-05T10:02:11Z,39
1892203,West,MUKATSAR,11 KV Alamgarh,Unplanned,Closed,2026-07-05T09:22:06Z,2026-07-05T10:02:00Z,39
1892201,East,Zirakpur,SONA PAPER MILL,Unplanned,Closed,2026-07-05T09:16:25Z,2026-07-05T09:34:46Z,18
1892202,South,SANGRUR,Bhakhra,Unplanned,Closed,2026-07-05T09:16:24Z,2026-07-05T09:50:36Z,34
1892195,West,MUKATSAR,11 KV SAIDANWALI,Unplanned,Closed,2026-07-05T09:06:47Z,2026-07-05T09:41:10Z,34
1892196,South,SANGRUR,11 KV Dohla Road,Unplanned,Closed,2026-07-05T08:45:00Z,2026-07-05T10:10:00Z,85
1892194,East,Zirakpur,PATIALA ROAD,Unplanned,Closed,2026-07-05T08:22:00Z,2026-07-05T08:40:00Z,18
1892208,South,PATIALA,FOCAL POINT-IV,Unplanned,Closed,2026-07-05T08:15:04Z,2026-07-05T09:45:00Z,89
1892207,South,PATIALA,Focal Point-I,Unplanned,Closed,2026-07-05T08:15:04Z,2026-07-05T09:45:00Z,89
1892206,South,PATIALA,Focal Point-II,Unplanned,Closed,2026-07-05T08:15:04Z,2026-07-05T09:45:00Z,89
1892205,South,PATIALA,Focal Point-III,Unplanned,Closed,2026-07-05T08:15:04Z,2026-07-05T09:45:00Z,89
1892192,North,JALANDHAR,CANAL,Unplanned,Closed,2026-07-05T08:00:00Z,2026-07-05T08:39:00Z,39
1892193,South,BARNALA,Industrial,Unplanned,Closed,2026-07-05T07:52:00Z,2026-07-05T09:45:00Z,113
1892200,Border,SUB URBAN AMRITSAR,Sada Pind,Unplanned,Closed,2026-07-05T07:41:00Z,2026-07-05T09:20:00Z,99
1892199,Border,SUB URBAN AMRITSAR,Meritorious School,Unplanned,Closed,2026-07-05T07:41:00Z,2026-07-05T09:20:00Z,99
1892198,Border,SUB URBAN AMRITSAR,Kherabad,Unplanned,Closed,2026-07-05T07:41:00Z,2026-07-05T09:19:00Z,98
1892197,Border,SUB URBAN AMRITSAR,Holy City,Unplanned,Closed,2026-07-05T07:41:00Z,2026-07-05T09:20:00Z,99
1892191,South,PATIALA,Virk Colony,Unplanned,Closed,2026-07-05T07:36:00Z,2026-07-05T08:30:00Z,54
1892190,South,PATIALA,BAJWA COLONY,Unplanned,Closed,2026-07-05T07:36:00Z,2026-07-05T08:30:00Z,54
1892189,South,PATIALA,Gurbax Colony,Unplanned,Closed,2026-07-05T07:36:00Z,2026-07-05T08:30:00Z,54
1892187,West,MUKATSAR,DAULATPURA UPS,Unplanned,Closed,2026-07-05T06:52:05Z,2026-07-05T07:25:25Z,33
1892186,South,PATIALA,GURBAX COLONY NO.-1,Unplanned,Closed,2026-07-05T06:38:00Z,2026-07-05T08:30:00Z,112
1892183,North,JALANDHAR,RANDHAWA MASANDA,Unplanned,Closed,2026-07-05T05:55:00Z,2026-07-05T06:01:00Z,6
1892161,Border,SUB URBAN AMRITSAR,U P S Iban,Unplanned,Closed,2026-07-05T05:05:00Z,2026-07-05T05:35:00Z,30
1892159,North,JALANDHAR,D.I.C .. 1,Unplanned,Closed,2026-07-05T04:25:00Z,2026-07-05T05:02:00Z,37
1892158,North,JALANDHAR,DIC 2,Unplanned,Closed,2026-07-05T04:23:00Z,2026-07-05T05:02:00Z,39
1892385,North,JALANDHAR,11KV Mithapur Feeder,Unplanned,Closed,2026-07-05T04:09:00Z,2026-07-05T06:02:00Z,113
1892188,South,SANGRUR,MES,Unplanned,Closed,2026-07-05T04:00:00Z,2026-07-05T05:10:00Z,70
1892185,South,PATIALA,UPS TUNGA,Unplanned,Closed,2026-07-05T02:50:00Z,2026-07-05T06:00:00Z,190
1892377,North,JALANDHAR,11KV Mithapur Feeder,Unplanned,Closed,2026-07-05T02:07:00Z,2026-07-05T04:08:00Z,121
1892150,Border,SUB URBAN AMRITSAR,UPS TARHPUR,Unplanned,Closed,2026-07-05T00:20:00Z,2026-07-05T00:55:00Z,35
1892376,North,JALANDHAR,11KV Mithapur Feeder,Unplanned,Closed,2026-07-05T00:05:00Z,2026-07-05T02:06:00Z,121
