outage_id,Zone,Circle,Feeder,Type of Outage,Status,Start Time,End Time,Diff in mins
1913197,Border,CITY AMRITSAR,ADARSH,Planned,Active,2026-08-06T11:00:03Z,2026-08-06T14:00:21Z,180
1913196,East,Zirakpur,SAVITRYGREEN,Unplanned,Active,2026-08-06T10:52:00Z,2026-08-06T11:41:00Z,49
1913193,North,HOSHIARPUR,11KV ARGOWAL,Unplanned,Active,2026-08-06T10:50:00Z,2026-08-06T11:20:00Z,30
1913190,Central,KHANNA,Kheri jattan,Planned,Active,2026-08-06T10:45:59Z,2026-08-06T12:20:16Z,94
1913189,Central,KHANNA,BEER MATA,Planned,Active,2026-08-06T10:45:11Z,2026-08-06T12:20:30Z,95
1913192,Border,SUB URBAN AMRITSAR,11 KV PASSPORT OFFICE,Unplanned,Active,2026-08-06T10:41:00Z,2026-08-06T10:54:00Z,13
1913188,Central,KHANNA,Charnarthal UPS,Planned,Active,2026-08-06T10:40:22Z,2026-08-06T11:40:35Z,60
1913191,North,HOSHIARPUR,KALYANPUR,Unplanned,Closed,2026-08-06T10:40:00Z,2026-08-06T10:55:00Z,15
1913195,Central,SUB URBAN LUDHIANA,CITY-6,Unplanned,Active,2026-08-06T10:25:00Z,2026-08-06T13:00:00Z,155
1913194,West,FEROZPUR,ZIRA ROAD,Planned,Active,2026-08-06T10:16:00Z,2026-08-06T12:15:00Z,119
1913185,North,HOSHIARPUR,CHACK NUR ALI,Unplanned,Closed,2026-08-06T10:15:00Z,2026-08-06T10:50:00Z,35
1913184,East,Zirakpur,SANULI,Unplanned,Closed,2026-08-06T10:09:00Z,2026-08-06T10:18:00Z,9
1913183,South,PATIALA,Lung-1,Unplanned,Active,2026-08-06T10:03:10Z,2026-08-06T11:33:28Z,90
1913182,South,SANGRUR,Beed,Unplanned,Active,2026-08-06T09:55:00Z,2026-08-06T11:55:00Z,120
1913181,Border,SUB URBAN AMRITSAR,11 KV PASSPORT OFFICE,Unplanned,Active,2026-08-06T09:51:00Z,2026-08-06T10:15:00Z,24
1913187,Border,TARN TARAN,Railway Road Urban..,Unplanned,Closed,2026-08-06T09:50:00Z,2026-08-06T10:50:00Z,60
1913186,West,FARIDKOT,Guru Ram Dass Nagar,Unplanned,Closed,2026-08-06T09:49:00Z,2026-08-06T10:40:39Z,51
1913179,West,MUKATSAR,11 KV Chirag dhani,Unplanned,Active,2026-08-06T09:25:42Z,2026-08-06T09:55:53Z,30
1913180,East,Zirakpur,ORBIT,Unplanned,Closed,2026-08-06T09:21:00Z,2026-08-06T10:04:00Z,43
1913176,North,HOSHIARPUR,GARDIWAL,Unplanned,Closed,2026-08-06T09:20:00Z,2026-08-06T09:55:00Z,35
1913178,West,FEROZPUR,AMAR TAKIS,Planned,Active,2026-08-06T09:00:00Z,2026-08-06T10:00:00Z,60
1913177,West,FEROZPUR,CANTT FEEDER,Planned,Active,2026-08-06T09:00:00Z,2026-08-06T10:00:00Z,60
1913117,North,HOSHIARPUR,BADLA,Planned,Closed,2026-08-06T09:00:00Z,2026-08-06T09:30:00Z,30
1913116,North,HOSHIARPUR,CHANNIYA,Planned,Closed,2026-08-06T09:00:00Z,2026-08-06T09:30:00Z,30
1913115,North,HOSHIARPUR,PANDORI,Planned,Closed,2026-08-06T09:00:00Z,2026-08-06T09:30:00Z,30
1913114,North,HOSHIARPUR,SAGRA,Planned,Closed,2026-08-06T09:00:00Z,2026-08-06T09:30:00Z,30
1913113,North,HOSHIARPUR,GHOGRA,Planned,Closed,2026-08-06T09:00:00Z,2026-08-06T09:30:00Z,30
1913170,South,SANGRUR,11 KV DHADRIAN URBAN,Unplanned,Active,2026-08-06T08:37:09Z,2026-08-06T09:38:22Z,61
1913169,East,Zirakpur,ATS-2,Unplanned,Active,2026-08-06T08:30:16Z,2026-08-06T08:52:27Z,22
1913172,Border,TARN TARAN,KOT MOHAMAD KHAN UPS,Unplanned,Closed,2026-08-06T08:30:00Z,2026-08-06T09:15:00Z,45
1913171,Border,TARN TARAN,Dhotian UPS (KMK),Unplanned,Closed,2026-08-06T08:30:00Z,2026-08-06T09:15:00Z,45
1913168,South,PATIALA,Moderen City,Unplanned,Active,2026-08-06T08:15:00Z,2026-08-06T10:15:00Z,120
1913166,North,JALANDHAR,AMAN NAGAR,Unplanned,Closed,2026-08-06T08:15:00Z,2026-08-06T09:25:00Z,70
1913165,Border,SUB URBAN AMRITSAR,11 kv Bhullar Avenue,Unplanned,Active,2026-08-06T08:10:00Z,2026-08-06T10:00:00Z,110
1913175,East,Zirakpur,Jastna Kandi Pure AP,Unplanned,Closed,2026-08-06T08:00:00Z,2026-08-06T09:27:00Z,87
1913174,East,Zirakpur,JEOLY,Unplanned,Closed,2026-08-06T08:00:00Z,2026-08-06T09:25:00Z,85
1913173,East,Zirakpur,DAPPAR,Unplanned,Closed,2026-08-06T08:00:00Z,2026-08-06T09:28:00Z,88
1913167,West,FEROZPUR,Amritsari Gate,Unplanned,Closed,2026-08-06T07:55:00Z,2026-08-06T09:00:00Z,65
1913164,South,SANGRUR,SARON,Unplanned,Closed,2026-08-06T07:55:00Z,2026-08-06T08:45:00Z,50
1913161,Border,GURDASPUR,Lamini,Unplanned,Closed,2026-08-06T07:45:00Z,2026-08-06T08:12:00Z,27
1913159,Border,SUB URBAN AMRITSAR,silverstate,Unplanned,Closed,2026-08-06T07:31:00Z,2026-08-06T07:52:00Z,21
1913158,North,JALANDHAR,SARMUSTPUR,Unplanned,Closed,2026-08-06T07:31:00Z,2026-08-06T09:15:00Z,104
1913160,South,SANGRUR,SOHIAN,Unplanned,Active,2026-08-06T07:14:00Z,2026-08-06T08:00:00Z,46
1913157,Border,TARN TARAN,Sanghey UPS,Unplanned,Closed,2026-08-06T07:10:00Z,2026-08-06T08:30:00Z,80
1913156,South,SANGRUR,Bhullarheri Cat-1,Unplanned,Closed,2026-08-06T07:07:00Z,2026-08-06T10:25:00Z,198
1913162,South,SANGRUR,NANKIANA SAHIB,Unplanned,Closed,2026-08-06T06:56:00Z,2026-08-06T08:20:00Z,84
1913150,South,SANGRUR,Cinema Road,Unplanned,Closed,2026-08-06T06:55:00Z,2026-08-06T08:20:00Z,85
1913152,South,SANGRUR,City-II,Unplanned,Active,2026-08-06T06:52:00Z,2026-08-06T11:41:00Z,289
1913153,Border,SUB URBAN AMRITSAR,mattewal,Unplanned,Closed,2026-08-06T06:50:00Z,2026-08-06T08:20:00Z,90
1913163,South,SANGRUR,11KV KHERU ROAD CAT2,Unplanned,Closed,2026-08-06T06:47:46Z,2026-08-06T09:55:00Z,187
1913154,Border,SUB URBAN AMRITSAR,GT road 2,Unplanned,Closed,2026-08-06T06:45:00Z,2026-08-06T08:25:00Z,100
1913149,South,SANGRUR,Sherpur Road,Unplanned,Closed,2026-08-06T06:45:00Z,2026-08-06T09:25:00Z,160
1913148,Border,TARN TARAN,Khadoor Sahib URBAN.,Unplanned,Closed,2026-08-06T06:35:00Z,2026-08-06T10:35:00Z,240
1913147,Border,TARN TARAN,BIHARIPUR UPS,Unplanned,Active,2026-08-06T06:35:00Z,2026-08-06T12:00:00Z,325
1913151,Border,SUB URBAN AMRITSAR,Urban 1 Tarsika,Unplanned,Closed,2026-08-06T06:30:00Z,2026-08-06T08:20:00Z,110
1913144,Border,SUB URBAN AMRITSAR,MAJITHA ROAD,Unplanned,Closed,2026-08-06T06:21:00Z,2026-08-06T07:10:00Z,49
1913146,Border,SUB URBAN AMRITSAR,11 kv New Greenland,Unplanned,Closed,2026-08-06T06:20:00Z,2026-08-06T07:41:00Z,81
1913145,Border,SUB URBAN AMRITSAR,11 kv Baba Deep Singh colony,Unplanned,Closed,2026-08-06T06:20:00Z,2026-08-06T08:16:00Z,116
1913155,Border,TARN TARAN,GHAT SAHIB URBAN,Unplanned,Closed,2026-08-06T06:10:00Z,2026-08-06T07:47:00Z,97
1913143,Border,SUB URBAN AMRITSAR,Judge Nagar,Unplanned,Closed,2026-08-06T05:40:00Z,2026-08-06T06:46:00Z,66
1913142,West,FEROZPUR,AMAR TAKIS,Planned,Closed,2026-08-06T05:35:00Z,2026-08-06T06:30:00Z,55
1913141,Border,TARN TARAN,Dhotian UPS (KMK),Unplanned,Closed,2026-08-06T04:50:00Z,2026-08-06T06:10:00Z,80
1913140,West,FEROZPUR,AMAR TAKIS,Planned,Closed,2026-08-06T03:25:00Z,2026-08-06T04:53:00Z,88
1913139,West,FEROZPUR,Amritsari Gate,Planned,Closed,2026-08-06T02:00:00Z,2026-08-06T03:59:00Z,119
1913138,West,FEROZPUR,CANTT FEEDER,Planned,Closed,2026-08-06T01:59:00Z,2026-08-06T03:30:00Z,91
1913137,West,FEROZPUR,ZIRA ROAD,Unplanned,Closed,2026-08-06T00:12:00Z,2026-08-06T01:40:00Z,88
1913136,West,FEROZPUR,AMAR TAKIS,Unplanned,Closed,2026-08-06T00:12:00Z,2026-08-06T01:40:00Z,88
1913135,West,FEROZPUR,COURT FEEDER,Unplanned,Closed,2026-08-06T00:12:00Z,2026-08-06T01:40:00Z,88
1913134,West,FEROZPUR,CANTT FEEDER,Unplanned,Closed,2026-08-06T00:12:00Z,2026-08-06T01:40:00Z,88
1913133,West,FEROZPUR,MADHRE,Planned,Closed,2026-08-06T00:00:00Z,2026-08-06T01:45:00Z,105
1913131,East,Zirakpur,DAPPAR,Unplanned,Closed,2026-08-05T23:44:00Z,2026-08-05T23:51:00Z,7
1913130,West,FEROZPUR,ARSONAL,Planned,Closed,2026-08-05T23:15:00Z,2026-08-06T00:30:00Z,75
1913129,South,SANGRUR,11kv Bank road,Unplanned,Closed,2026-08-05T23:01:20Z,2026-08-05T23:29:57Z,28
1913127,South,PATIALA,JANDOLI,Unplanned,Closed,2026-08-05T22:52:42Z,2026-08-06T00:08:51Z,76
1913128,West,FEROZPUR,INDUSTRIAL,Planned,Closed,2026-08-05T22:35:00Z,2026-08-06T00:05:00Z,90
1913126,West,FEROZPUR,Amritsari Gate,Planned,Closed,2026-08-05T22:35:00Z,2026-08-05T23:25:00Z,50
1913124,East,Zirakpur,11 kv adda jhungia cat-1,Unplanned,Closed,2026-08-05T22:28:00Z,2026-08-05T22:55:00Z,27
1913123,East,Zirakpur,DAPPAR,Unplanned,Closed,2026-08-05T22:19:00Z,2026-08-05T22:46:00Z,27
1913122,East,Zirakpur,MIAN PUR,Unplanned,Closed,2026-08-05T22:19:00Z,2026-08-05T22:40:00Z,21
1913121,South,SANGRUR,Gurdaspura,Unplanned,Closed,2026-08-05T22:00:00Z,2026-08-05T23:00:00Z,60
1913120,West,FEROZPUR,11 KV NAMAK MANDI,Planned,Closed,2026-08-05T22:00:00Z,2026-08-05T23:16:00Z,76
1913112,South,SANGRUR,11 KV SULARGHRAT UPS,Unplanned,Closed,2026-08-05T21:31:51Z,2026-08-05T21:47:13Z,15
1913118,Border,TARN TARAN,Piddi,Unplanned,Closed,2026-08-05T21:30:00Z,2026-08-05T22:00:00Z,30
1913111,West,FEROZPUR,UPS FEEDER,Unplanned,Closed,2026-08-05T21:30:00Z,2026-08-05T22:35:00Z,65
1913110,South,SANGRUR,11 KV KHADIAL ROAD C2,Planned,Closed,2026-08-05T21:29:29Z,2026-08-05T21:55:53Z,26
1913108,South,SANGRUR,Ballran C-1,Planned,Closed,2026-08-05T21:19:30Z,2026-08-05T21:55:43Z,36
1913119,South,PATIALA,CINEMA  ROAD,Unplanned,Closed,2026-08-05T21:15:00Z,2026-08-05T22:01:00Z,46
1913125,West,FARIDKOT,11 KV GURU ANGAD DEV G UPS,Unplanned,Closed,2026-08-05T21:10:00Z,2026-08-05T22:35:00Z,85
1913107,North,JALANDHAR,SATYAM,Unplanned,Closed,2026-08-05T21:00:00Z,2026-08-05T21:21:00Z,21
1913106,West,FEROZPUR,RINGMAIN B,Planned,Closed,2026-08-05T21:00:00Z,2026-08-05T22:14:00Z,74
1913105,East,Zirakpur,LALRU CITY,Unplanned,Closed,2026-08-05T20:52:00Z,2026-08-05T21:00:00Z,8
1913104,South,SANGRUR,11 KV KHADIAL ROAD C2,Unplanned,Closed,2026-08-05T20:39:05Z,2026-08-05T21:10:24Z,31
1913109,South,SANGRUR,11 KV SULARGHRAT UPS,Unplanned,Closed,2026-08-05T20:27:00Z,2026-08-05T20:57:24Z,30
1913101,West,FEROZPUR,UPS FEEDER,Planned,Closed,2026-08-05T20:00:00Z,2026-08-05T20:30:00Z,30
1913100,West,FEROZPUR,Amritsari Gate,Planned,Closed,2026-08-05T20:00:00Z,2026-08-05T21:07:00Z,67
1913103,West,FEROZPUR,COURT FEEDER,Unplanned,Closed,2026-08-05T19:42:00Z,2026-08-05T20:13:00Z,31
1913102,West,FEROZPUR,ARSONAL,Planned,Closed,2026-08-05T19:40:00Z,2026-08-05T21:02:00Z,82
1913099,South,SANGRUR,Akoi Sahab,Unplanned,Closed,2026-08-05T19:29:31Z,2026-08-05T22:05:49Z,156
1913098,Border,TARN TARAN,24 HRS CHUTALA,Unplanned,Closed,2026-08-05T19:01:00Z,2026-08-05T20:02:00Z,61
1913097,Border,TARN TARAN,Sanghey UPS,Unplanned,Closed,2026-08-05T19:01:00Z,2026-08-05T20:02:00Z,61
1913132,Border,CITY AMRITSAR,Cheel Mandi,Unplanned,Closed,2026-08-05T19:00:00Z,2026-08-05T20:00:00Z,60
1913095,North,JALANDHAR,PREET NAGAR,Unplanned,Closed,2026-08-05T18:44:00Z,2026-08-05T19:03:00Z,19
1913094,South,PATIALA,GHANAUR,Unplanned,Closed,2026-08-05T18:41:20Z,2026-08-05T20:10:40Z,89
1913093,East,Zirakpur,LALRU MANDI,Unplanned,Closed,2026-08-05T18:40:00Z,2026-08-05T18:54:00Z,14
1913091,South,SANGRUR,KHERI SAHIB UPS (EALWAL),Planned,Closed,2026-08-05T18:39:00Z,2026-08-05T19:37:00Z,58
1913090,West,FEROZPUR,11 KV NAMAK MANDI,Planned,Closed,2026-08-05T18:31:00Z,2026-08-05T19:34:00Z,63
1913092,Border,TARN TARAN,GHAT SAHIB URBAN,Unplanned,Closed,2026-08-05T18:15:00Z,2026-08-05T18:50:00Z,35
1913089,West,FEROZPUR,MADHRE,Planned,Closed,2026-08-05T18:00:00Z,2026-08-05T19:45:00Z,105
1913087,West,MUKATSAR,PANJKOSI,Unplanned,Closed,2026-08-05T17:50:15Z,2026-08-05T19:45:24Z,115
1913088,Central,SUB URBAN LUDHIANA,CITY-2,Unplanned,Closed,2026-08-05T17:50:00Z,2026-08-05T19:10:00Z,80
1913085,North,JALANDHAR,Guru Nanak Nagar,Unplanned,Closed,2026-08-05T17:48:00Z,2026-08-05T17:59:59Z,11
1913082,North,JALANDHAR,SANJAY GANDHI NAGAR,Unplanned,Closed,2026-08-05T17:37:00Z,2026-08-05T18:01:00Z,24
1913083,Border,TARN TARAN,FELLOKE,Unplanned,Closed,2026-08-05T17:35:00Z,2026-08-05T18:50:00Z,75
1913084,Border,TARN TARAN,Khadoor Sahib URBAN.,Unplanned,Closed,2026-08-05T17:30:00Z,2026-08-05T19:20:00Z,110
1913086,Border,SUB URBAN AMRITSAR,VERKA IND.1,Unplanned,Closed,2026-08-05T17:15:00Z,2026-08-05T18:15:00Z,60
1913077,Border,SUB URBAN AMRITSAR,Urban Estate,Unplanned,Closed,2026-08-05T17:10:00Z,2026-08-05T17:49:00Z,39
1913076,North,JALANDHAR,TOWER,Unplanned,Closed,2026-08-05T17:05:00Z,2026-08-05T17:39:00Z,34
1913079,West,FEROZPUR,INDUSTRIAL,Planned,Closed,2026-08-05T17:00:00Z,2026-08-05T18:00:00Z,60
1913075,Border,TARN TARAN,NAUSHEHRA PANNUN URBAN,Unplanned,Closed,2026-08-05T16:40:00Z,2026-08-05T17:20:00Z,40
1913081,South,PATIALA,GURDITPURA CAT. 1,Unplanned,Closed,2026-08-05T16:32:00Z,2026-08-05T17:32:00Z,60
1913074,East,Zirakpur,ALLWIN,Unplanned,Closed,2026-08-05T16:30:00Z,2026-08-05T18:11:00Z,101
1913069,West,FARIDKOT,11 KV MANUKE -R,Planned,Active,2026-08-05T16:22:25Z,2026-08-05T18:51:44Z,149
1913072,West,FEROZPUR,RINGMAIN B,Planned,Closed,2026-08-05T16:20:00Z,2026-08-05T17:25:00Z,65
1913073,East,Zirakpur,BALTANA,Unplanned,Closed,2026-08-05T16:10:00Z,2026-08-05T16:20:00Z,10
1913068,Border,SUB URBAN AMRITSAR,VERKA IND.2,Unplanned,Closed,2026-08-05T16:10:00Z,2026-08-05T16:35:00Z,25
1913067,North,HOSHIARPUR,DASUYA1,Unplanned,Closed,2026-08-05T16:05:00Z,2026-08-05T16:45:00Z,40
1913066,South,PATIALA,Bakhshiwal,Unplanned,Closed,2026-08-05T15:57:17Z,2026-08-05T16:27:51Z,30
1913065,South,SANGRUR,CHURAL UPS,Planned,Closed,2026-08-05T15:50:09Z,2026-08-05T16:22:31Z,32
1913071,East,Zirakpur,11 KV AMBALA ROAD,Unplanned,Closed,2026-08-05T15:33:00Z,2026-08-05T15:49:00Z,16
1913064,South,BARNALA,MALERKOTLA-2,Planned,Closed,2026-08-05T15:30:00Z,2026-08-05T16:30:00Z,60
1913063,West,FEROZPUR,Police Line,Planned,Closed,2026-08-05T15:15:00Z,2026-08-05T17:16:00Z,121
1913061,Border,SUB URBAN AMRITSAR,DADDIAN UPS,Unplanned,Closed,2026-08-05T15:11:03Z,2026-08-05T16:15:26Z,64
1913062,West,FEROZPUR,ARSONAL,Planned,Closed,2026-08-05T15:06:00Z,2026-08-05T16:20:00Z,74
1913060,South,SANGRUR,11 KV UPS PHULAD,Unplanned,Closed,2026-08-05T15:03:26Z,2026-08-05T16:40:33Z,97
1913059,North,JALANDHAR,VIVEKANAND,Unplanned,Closed,2026-08-05T15:00:00Z,2026-08-05T15:47:00Z,47
1913070,East,Zirakpur,DHAKOLI,Unplanned,Closed,2026-08-05T14:55:00Z,2026-08-05T15:56:00Z,61
1913058,West,FEROZPUR,BHAWARA AZAM SHAH,Planned,Closed,2026-08-05T14:55:00Z,2026-08-05T16:35:00Z,100
1913057,West,FEROZPUR,URBAN JHOKE HARI HAR,Planned,Closed,2026-08-05T14:55:00Z,2026-08-05T16:42:00Z,107
1913054,Central,KHANNA,Charnarthal UPS,Planned,Active,2026-08-05T14:50:45Z,2026-08-05T15:20:02Z,29
1913053,West,MUKATSAR,PANJKOSI,Unplanned,Closed,2026-08-05T14:45:39Z,2026-08-05T15:05:57Z,20
1913051,South,SANGRUR,11 KV JAKHEPAL UPS,Unplanned,Closed,2026-08-05T14:41:16Z,2026-08-05T15:03:38Z,22
1913055,West,FEROZPUR,UPS FEEDER,Planned,Closed,2026-08-05T14:30:00Z,2026-08-05T16:30:00Z,120
1913052,Border,TARN TARAN,FELLOKE,Unplanned,Closed,2026-08-05T14:30:00Z,2026-08-05T16:15:00Z,105
1913048,West,FEROZPUR,Amritsari Gate,Planned,Closed,2026-08-05T14:30:00Z,2026-08-05T16:30:00Z,120
1913047,South,BARNALA,KALA MEHAL,Unplanned,Closed,2026-08-05T14:30:00Z,2026-08-05T15:25:00Z,55
1913044,South,SANGRUR,CHANGAL,Unplanned,Closed,2026-08-05T14:29:05Z,2026-08-05T18:02:18Z,213
1913046,South,PATIALA,UPS RAIPUR,Unplanned,Closed,2026-08-05T14:20:00Z,2026-08-05T16:01:00Z,101
1913049,East,Zirakpur,11 KV AMBALA ROAD,Unplanned,Closed,2026-08-05T14:15:00Z,2026-08-05T14:31:00Z,16
1913045,Border,TARN TARAN,Darbar Sahib,Unplanned,Closed,2026-08-05T14:15:00Z,2026-08-05T15:35:00Z,80
1913040,Central,CITY WEST LUDHIANA,JAWADDI,Planned,Closed,2026-08-05T14:03:00Z,2026-08-05T14:33:00Z,30
1913042,Border,TARN TARAN,Sanghey UPS,Unplanned,Closed,2026-08-05T13:55:00Z,2026-08-05T14:15:00Z,20
1913041,Border,TARN TARAN,24 HRS CHUTALA,Unplanned,Closed,2026-08-05T13:55:00Z,2026-08-05T14:15:00Z,20
1913037,Central,KHANNA,GOYAL MALLEABLES,Unplanned,Closed,2026-08-05T13:50:17Z,2026-08-05T15:21:17Z,91
1913038,North,HOSHIARPUR,11KV SWITHCHING SUB STN.DASUYA,Unplanned,Closed,2026-08-05T13:50:00Z,2026-08-05T14:47:00Z,57
1913036,West,FARIDKOT,Sai Dham,Unplanned,Closed,2026-08-05T13:50:00Z,2026-08-05T14:40:00Z,50
1913043,South,PATIALA,Tej Bagh Colony,Unplanned,Closed,2026-08-05T13:45:00Z,2026-08-05T14:15:00Z,30
1913080,West,FARIDKOT,11KV NEW HARINDERA NAGAR,Unplanned,Closed,2026-08-05T13:29:00Z,2026-08-05T15:00:00Z,91
1913039,West,FEROZPUR,11 KV NAMAK MANDI,Planned,Closed,2026-08-05T13:25:00Z,2026-08-05T15:05:00Z,100
1913050,East,Zirakpur,PEER MUCHHALA,Unplanned,Closed,2026-08-05T13:20:00Z,2026-08-05T14:20:00Z,60
1913017,West,MUKATSAR,11 KV Bhagsar UPS,Unplanned,Closed,2026-08-05T13:03:06Z,2026-08-05T13:03:16Z,0
1912985,Central,KHANNA,RAM RAJAYA,Planned,Active,2026-08-05T13:02:39Z,2026-08-05T13:34:12Z,31
1913035,East,Zirakpur,11 KV ROSY,Unplanned,Closed,2026-08-05T12:48:31Z,2026-08-05T13:08:31Z,20
1913034,East,Zirakpur,ALLWIN,Unplanned,Closed,2026-08-05T12:48:31Z,2026-08-05T13:08:31Z,20
1913033,East,Zirakpur,GREEN VALLEY,Unplanned,Closed,2026-08-05T12:48:31Z,2026-08-05T13:08:31Z,20
1913032,East,Zirakpur,11kv Sahib,Unplanned,Closed,2026-08-05T12:48:31Z,2026-08-05T13:08:31Z,20
1913031,East,Zirakpur,11kv Cosmo,Unplanned,Closed,2026-08-05T12:48:31Z,2026-08-05T13:08:31Z,20
1913030,East,Zirakpur,11 kv malwa,Unplanned,Closed,2026-08-05T12:48:31Z,2026-08-05T13:08:31Z,20
1913029,East,Zirakpur,Utsav,Unplanned,Closed,2026-08-05T12:48:31Z,2026-08-05T13:08:31Z,20
1913028,East,Zirakpur,HLP,Unplanned,Closed,2026-08-05T12:48:31Z,2026-08-05T13:08:31Z,20
1913027,East,Zirakpur,BEGAMPURA,Unplanned,Closed,2026-08-05T12:48:31Z,2026-08-05T13:08:31Z,20
1913026,East,Zirakpur,Bhudda Sahib,Unplanned,Closed,2026-08-05T12:48:31Z,2026-08-05T13:08:31Z,20
1913025,East,Zirakpur,CCC,Unplanned,Closed,2026-08-05T12:48:31Z,2026-08-05T13:08:31Z,20
1913024,East,Zirakpur,PRITHIM,Unplanned,Closed,2026-08-05T12:48:31Z,2026-08-05T13:08:31Z,20
1913023,East,Zirakpur,SUKHNA,Unplanned,Closed,2026-08-05T12:48:31Z,2026-08-05T13:08:31Z,20
1913022,East,Zirakpur,SATLUJ,Unplanned,Closed,2026-08-05T12:48:31Z,2026-08-05T13:08:31Z,20
1913021,East,Zirakpur,HERMITAGE,Unplanned,Closed,2026-08-05T12:48:31Z,2026-08-05T13:08:31Z,20
1913020,East,Zirakpur,PUNJAB,Unplanned,Closed,2026-08-05T12:48:31Z,2026-08-05T13:08:31Z,20
1913019,East,Zirakpur,SIMRAN,Unplanned,Closed,2026-08-05T12:48:31Z,2026-08-05T13:03:31Z,15
1913018,East,Zirakpur,DHILLON,Unplanned,Closed,2026-08-05T12:48:31Z,2026-08-05T13:08:31Z,20
1913015,East,Zirakpur,PEER BABA ROAD,Unplanned,Closed,2026-08-05T12:48:20Z,2026-08-05T13:01:20Z,13
1913014,East,Zirakpur,11 KV AMBALA ROAD,Unplanned,Closed,2026-08-05T12:48:20Z,2026-08-05T13:01:20Z,13
1913013,East,Zirakpur,M.E.S,Unplanned,Closed,2026-08-05T12:48:20Z,2026-08-05T13:01:20Z,13
1913012,East,Zirakpur,11 KV HLP1,Unplanned,Closed,2026-08-05T12:48:20Z,2026-08-05T13:01:20Z,13
1913011,East,Zirakpur,Sukhmani Sahib,Unplanned,Closed,2026-08-05T12:48:20Z,2026-08-05T13:01:20Z,13
1913010,East,Zirakpur,11 KV AURA GAZANIA,Unplanned,Closed,2026-08-05T12:48:20Z,2026-08-05T13:01:20Z,13
1913009,East,Zirakpur,AMELIA,Unplanned,Closed,2026-08-05T12:48:20Z,2026-08-05T13:01:20Z,13
1913008,East,Zirakpur,SKYLAR HOME,Unplanned,Closed,2026-08-05T12:48:20Z,2026-08-05T13:01:20Z,13
1913007,East,Zirakpur,ANANTA,Unplanned,Closed,2026-08-05T12:48:20Z,2026-08-05T13:01:20Z,13
1913006,East,Zirakpur,Jaskaran,Unplanned,Closed,2026-08-05T12:48:20Z,2026-08-05T13:01:20Z,13
1913005,East,Zirakpur,SILVERCITY,Unplanned,Closed,2026-08-05T12:48:20Z,2026-08-05T13:01:20Z,13
1913004,East,Zirakpur,RANBAXY,Unplanned,Closed,2026-08-05T12:48:20Z,2026-08-05T13:01:20Z,13
1913003,East,Zirakpur,ASSTHA,Unplanned,Closed,2026-08-05T12:48:20Z,2026-08-05T13:01:20Z,13
1913002,East,Zirakpur,Bhabat,Unplanned,Closed,2026-08-05T12:48:20Z,2026-08-05T13:01:20Z,13
1913001,East,Zirakpur,SINGHPURA,Unplanned,Closed,2026-08-05T12:48:20Z,2026-08-05T13:01:20Z,13
1913000,East,Zirakpur,11 KV VICTORIA,Unplanned,Closed,2026-08-05T12:48:20Z,2026-08-05T13:01:20Z,13
1912999,East,Zirakpur,11 KV DAULAT SINGH,Unplanned,Closed,2026-08-05T12:48:20Z,2026-08-05T13:01:20Z,13
1912998,East,Zirakpur,11 kv adda jhungia cat-1,Unplanned,Closed,2026-08-05T12:48:20Z,2026-08-05T13:01:20Z,13
1912997,East,Zirakpur,SAVITRYGREEN,Unplanned,Closed,2026-08-05T12:48:20Z,2026-08-05T13:01:20Z,13
1912996,East,Zirakpur,11 kv Japuria Feeder,Unplanned,Closed,2026-08-05T12:48:20Z,2026-08-05T13:01:20Z,13
1912995,East,Zirakpur,GREEN LOTUS,Unplanned,Closed,2026-08-05T12:48:20Z,2026-08-05T13:01:20Z,13
1912994,East,Zirakpur,NABHA SAHIB,Unplanned,Closed,2026-08-05T12:48:20Z,2026-08-05T13:01:20Z,13
1912993,East,Zirakpur,ZIRAKPUR-2,Unplanned,Closed,2026-08-05T12:48:20Z,2026-08-05T13:01:20Z,13
1912992,East,Zirakpur,ECME,Unplanned,Closed,2026-08-05T12:48:20Z,2026-08-05T13:01:20Z,13
1912991,East,Zirakpur,ROYAL ESTATE,Unplanned,Closed,2026-08-05T12:48:20Z,2026-08-05T13:01:20Z,13
1912990,East,Zirakpur,TRISHLA,Unplanned,Closed,2026-08-05T12:48:20Z,2026-08-05T13:01:20Z,13
1912989,East,Zirakpur,RAIL VIHAR,Unplanned,Closed,2026-08-05T12:48:20Z,2026-08-05T13:01:20Z,13
1912988,East,Zirakpur,PATIALA ROAD,Unplanned,Closed,2026-08-05T12:48:20Z,2026-08-05T13:01:20Z,13
1912987,East,Zirakpur,ZIRAKPUR-1,Unplanned,Closed,2026-08-05T12:48:20Z,2026-08-05T13:01:20Z,13
1912986,East,Zirakpur,ORBIT,Unplanned,Closed,2026-08-05T12:48:20Z,2026-08-05T13:01:20Z,13
1912982,North,JALANDHAR,11KV S A S NAGAR,Unplanned,Closed,2026-08-05T12:42:59Z,2026-08-05T13:13:15Z,30
1912983,South,PATIALA,BHARAT NAGAR,Unplanned,Closed,2026-08-05T12:41:00Z,2026-08-05T13:11:00Z,30
1912984,Border,TARN TARAN,BIHARIPUR UPS,Unplanned,Closed,2026-08-05T12:40:00Z,2026-08-05T13:10:00Z,30
1912979,West,FARIDKOT,Rattian Urban,Unplanned,Closed,2026-08-05T12:33:02Z,2026-08-05T13:36:57Z,63
1912981,West,FEROZPUR,MADHRE,Planned,Closed,2026-08-05T12:30:00Z,2026-08-05T14:28:00Z,118
1912980,West,FARIDKOT,FCI URBAN,Unplanned,Closed,2026-08-05T12:28:02Z,2026-08-05T14:03:14Z,95
1912978,North,HOSHIARPUR,MASTIWAL,Unplanned,Closed,2026-08-05T12:20:00Z,2026-08-05T12:55:00Z,35
1912975,North,HOSHIARPUR,Pandori Attwal,Unplanned,Closed,2026-08-05T12:20:00Z,2026-08-05T12:55:00Z,35
1912973,North,KAPURTHALA,Guru Nanak Nagar URBAN,Unplanned,Active,2026-08-05T12:18:54Z,2026-08-05T12:57:17Z,38
1912972,Border,SUB URBAN AMRITSAR,"D-block, GAD avenue",Unplanned,Closed,2026-08-05T12:12:00Z,2026-08-05T12:40:00Z,28
1912977,West,FEROZPUR,UPS FEEDER,Planned,Closed,2026-08-05T12:10:00Z,2026-08-05T12:30:00Z,20
1913078,West,FARIDKOT,11KV NEW HARINDERA NAGAR,Unplanned,Closed,2026-08-05T12:00:00Z,2026-08-05T13:27:00Z,87
1912976,East,Zirakpur,PRITHIM,Unplanned,Closed,2026-08-05T12:00:00Z,2026-08-05T12:44:00Z,44
1912974,East,Zirakpur,ALLWIN,Unplanned,Closed,2026-08-05T12:00:00Z,2026-08-05T12:42:00Z,42
1913016,Border,CITY AMRITSAR,Guru Nanak Dev Hospital,Unplanned,Closed,2026-08-05T11:57:00Z,2026-08-05T13:57:00Z,120
1912971,North,KAPURTHALA,Khanpur,Unplanned,Closed,2026-08-05T11:46:00Z,2026-08-05T12:12:00Z,26
1912970,North,KAPURTHALA,UPS Seowal,Unplanned,Closed,2026-08-05T11:45:00Z,2026-08-05T12:11:00Z,26
1912966,North,JALANDHAR,TOWER,Unplanned,Closed,2026-08-05T11:31:00Z,2026-08-05T11:49:00Z,18
1912969,Central,SUB URBAN LUDHIANA,CITY 8,Unplanned,Closed,2026-08-05T11:30:11Z,2026-08-05T15:35:11Z,245
1912968,Central,SUB URBAN LUDHIANA,CITY-5,Unplanned,Closed,2026-08-05T11:30:11Z,2026-08-05T17:25:11Z,355
1912965,South,SANGRUR,BHULLAN,Unplanned,Closed,2026-08-05T11:19:46Z,2026-08-05T11:33:17Z,13
1912967,South,PATIALA,DHAROKI NO 2,Unplanned,Closed,2026-08-05T11:00:00Z,2026-08-05T18:02:00Z,422
1912963,East,Zirakpur,GOLDEN HUT,Unplanned,Closed,2026-08-05T11:00:00Z,2026-08-05T11:30:00Z,30
1912962,East,Zirakpur,JAGAN TUBE,Unplanned,Closed,2026-08-05T10:59:00Z,2026-08-05T11:30:00Z,31
1912964,Border,TARN TARAN,BIHARIPUR UPS,Unplanned,Closed,2026-08-05T10:55:00Z,2026-08-05T11:20:00Z,25
1912960,North,HOSHIARPUR,MANGARH,Unplanned,Closed,2026-08-05T10:55:00Z,2026-08-05T11:10:00Z,15
1912959,North,HOSHIARPUR,GARDIWAL,Unplanned,Closed,2026-08-05T10:55:00Z,2026-08-05T11:10:00Z,15
1912958,North,HOSHIARPUR,11KV ARGOWAL,Unplanned,Closed,2026-08-05T10:55:00Z,2026-08-05T11:10:00Z,15
1912957,East,Zirakpur,DEEPAK PIPE,Unplanned,Closed,2026-08-05T10:53:00Z,2026-08-05T11:49:00Z,56
1912954,North,HOSHIARPUR,JALALPUR,Unplanned,Closed,2026-08-05T10:40:00Z,2026-08-05T11:20:00Z,40
1912955,Border,TARN TARAN,JAWANDY KHURD,Unplanned,Closed,2026-08-05T10:30:00Z,2026-08-05T10:50:00Z,20
1912952,South,SANGRUR,Akoi Sahab,Unplanned,Closed,2026-08-05T10:21:22Z,2026-08-05T15:47:32Z,326
1912956,South,PATIALA,UPS RAIPUR,Unplanned,Closed,2026-08-05T10:15:00Z,2026-08-05T10:55:00Z,40
1912953,West,FEROZPUR,HABIB WALA,Planned,Closed,2026-08-05T10:10:00Z,2026-08-05T12:10:00Z,120
1912950,West,MUKATSAR,MAUJGARH,Unplanned,Closed,2026-08-05T10:09:29Z,2026-08-05T10:40:02Z,30
1912951,West,MUKATSAR,DAULATPURA UPS,Unplanned,Closed,2026-08-05T10:09:26Z,2026-08-05T10:40:36Z,31
1912949,South,SANGRUR,11 KV CHHAJLI INDUSTRIAL,Planned,Closed,2026-08-05T10:09:06Z,2026-08-05T10:22:31Z,13
1912948,Central,KHANNA,Bhattian,Planned,Active,2026-08-05T10:04:26Z,2026-08-05T14:34:40Z,270
1912947,South,SANGRUR,Chhajli road,Planned,Closed,2026-08-05T10:00:29Z,2026-08-05T10:20:39Z,20
1912946,East,Zirakpur,LALRU CITY,Unplanned,Closed,2026-08-05T10:00:00Z,2026-08-05T10:30:00Z,30
1912942,Central,KHANNA,Charnarthal UPS,Planned,Closed,2026-08-05T09:50:08Z,2026-08-05T10:40:23Z,50
1912945,West,MUKATSAR,11 KV Azimgarh Urban,Unplanned,Closed,2026-08-05T09:44:05Z,2026-08-05T10:22:13Z,38
1912944,West,MUKATSAR,11 KV Dhani Bisehesarnath,Unplanned,Closed,2026-08-05T09:43:34Z,2026-08-05T10:21:41Z,38
1912943,East,Zirakpur,SAINI VIHAR,Unplanned,Closed,2026-08-05T09:37:00Z,2026-08-05T10:16:00Z,39
1912940,South,SANGRUR,BHUTAL CITY,Planned,Closed,2026-08-05T09:30:35Z,2026-08-05T11:30:56Z,120
1912941,West,FEROZPUR,INDUSTRIAL,Planned,Closed,2026-08-05T09:29:00Z,2026-08-05T11:22:00Z,113
1912936,South,PATIALA,Lung-1,Unplanned,Closed,2026-08-05T09:02:01Z,2026-08-05T10:32:20Z,90
1912938,South,SANGRUR,TARANJI KHERA+NEHRI (GRID SULAR),Unplanned,Closed,2026-08-05T09:02:00Z,2026-08-05T10:39:00Z,97
1912937,South,SANGRUR,RATOLAN A+B (GRID SULAR),Unplanned,Closed,2026-08-05T09:02:00Z,2026-08-05T10:39:00Z,97
1912934,South,SANGRUR,11 KV LEHRA ROAD C2,Unplanned,Closed,2026-08-05T09:00:42Z,2026-08-05T09:35:59Z,35
1912935,East,Zirakpur,Jastna Kandi Pure AP,Unplanned,Closed,2026-08-05T09:00:00Z,2026-08-05T09:53:00Z,53
1912933,East,Zirakpur,JEOLY,Unplanned,Closed,2026-08-05T09:00:00Z,2026-08-05T09:54:00Z,54
1912932,East,Zirakpur,DAPPAR,Unplanned,Closed,2026-08-05T09:00:00Z,2026-08-05T09:54:00Z,54
1912928,North,JALANDHAR,Sudhama Vihar,Unplanned,Closed,2026-08-05T08:29:42Z,2026-08-05T08:59:04Z,29
1912931,South,PATIALA,Omaxe,Unplanned,Closed,2026-08-05T08:29:00Z,2026-08-05T09:00:00Z,31
1912930,South,PATIALA,shera wala gate,Unplanned,Closed,2026-08-05T08:29:00Z,2026-08-05T09:00:00Z,31
1912929,South,PATIALA,Lower Mall,Unplanned,Closed,2026-08-05T08:29:00Z,2026-08-05T09:00:00Z,31
1912927,East,Zirakpur,JAGAN TUBE,Unplanned,Closed,2026-08-05T08:00:00Z,2026-08-05T08:32:00Z,32
1912925,North,NAWANSHAHR,CITY GARHSHANKAR-2,Unplanned,Closed,2026-08-05T07:42:00Z,2026-08-05T08:10:00Z,28
1912923,Border,SUB URBAN AMRITSAR,MAJITHA ROAD VERKA BYE PASS,Unplanned,Closed,2026-08-05T07:27:00Z,2026-08-05T07:50:00Z,23
1912922,West,FEROZPUR,Amritsari Gate,Unplanned,Closed,2026-08-05T07:17:00Z,2026-08-05T08:41:00Z,84
1912920,East,ROPAR,NILET,Unplanned,Closed,2026-08-05T06:59:00Z,2026-08-05T07:25:00Z,26
1912919,East,ROPAR,UPS SAHO MAJRA,Unplanned,Closed,2026-08-05T06:50:00Z,2026-08-05T08:12:00Z,82
1912921,South,BARNALA,CHUPKA,Unplanned,Closed,2026-08-05T06:45:18Z,2026-08-05T07:20:00Z,34
1912918,West,MUKATSAR,11 KV Azimgarh Urban,Unplanned,Closed,2026-08-05T06:18:45Z,2026-08-05T06:50:55Z,32
1912917,South,SANGRUR,11 KV BAKSHIWALA URBAN,Unplanned,Closed,2026-08-05T06:12:00Z,2026-08-05T07:07:00Z,55
1912926,East,Zirakpur,CCC,Unplanned,Closed,2026-08-05T06:09:00Z,2026-08-05T06:25:00Z,16
1912924,East,Zirakpur,Bhabat,Unplanned,Closed,2026-08-05T06:09:00Z,2026-08-05T06:40:00Z,31
1912916,Border,SUB URBAN AMRITSAR,Mollechak,Unplanned,Closed,2026-08-05T05:55:00Z,2026-08-05T06:25:00Z,30
1912915,South,SANGRUR,Industrial (Dhuri),Unplanned,Closed,2026-08-05T05:45:00Z,2026-08-05T06:48:00Z,63
1912914,West,FEROZPUR,MADHRE,Unplanned,Closed,2026-08-05T05:43:00Z,2026-08-05T07:33:00Z,110
1912913,Border,SUB URBAN AMRITSAR,Banke bihari,Unplanned,Closed,2026-08-05T05:33:00Z,2026-08-05T08:34:00Z,181
1912900,North,JALANDHAR,PPR Mall,Planned,Closed,2026-08-05T05:30:42Z,2026-08-05T07:15:42Z,105
1912899,North,JALANDHAR,MOTA SINGH NAGAR,Planned,Closed,2026-08-05T05:30:42Z,2026-08-05T07:15:42Z,105
1912898,North,JALANDHAR,11KV Royal Residency,Planned,Closed,2026-08-05T05:30:42Z,2026-08-05T07:15:42Z,105
1912897,North,JALANDHAR,11KV Baba Makhan Shah Lubana,Planned,Closed,2026-08-05T05:30:42Z,2026-08-05T07:15:42Z,105
1912896,North,JALANDHAR,11 KV Curo Mall,Planned,Closed,2026-08-05T05:30:42Z,2026-08-05T07:15:42Z,105
1912895,North,JALANDHAR,11KV Mithapur Feeder,Planned,Closed,2026-08-05T05:30:42Z,2026-08-05T07:15:42Z,105
1912894,North,JALANDHAR,11 KV Jalandhar Height-1,Planned,Closed,2026-08-05T05:30:42Z,2026-08-05T07:15:42Z,105
1912893,North,JALANDHAR,11 KV Garden Colony,Planned,Closed,2026-08-05T05:30:42Z,2026-08-05T07:15:42Z,105
1912912,Border,SUB URBAN AMRITSAR,SUNDER NAGAR,Unplanned,Closed,2026-08-05T05:28:00Z,2026-08-05T06:32:00Z,64
1912911,Border,SUB URBAN AMRITSAR,A.S.FARM,Unplanned,Closed,2026-08-05T05:19:00Z,2026-08-05T06:24:00Z,65
1912910,Border,SUB URBAN AMRITSAR,City-3,Unplanned,Closed,2026-08-05T05:10:00Z,2026-08-05T06:10:00Z,60
1912908,East,Zirakpur,11 KV AMBALA ROAD,Unplanned,Closed,2026-08-05T04:20:00Z,2026-08-05T05:03:00Z,43
1912907,South,PATIALA,NABHA NO.1,Unplanned,Closed,2026-08-05T03:55:00Z,2026-08-05T06:52:00Z,177
1912905,Border,SUB URBAN AMRITSAR,Mollechak,Unplanned,Closed,2026-08-05T02:01:00Z,2026-08-05T02:55:00Z,54
1912902,West,MUKATSAR,11 KV Alamgarh,Unplanned,Closed,2026-08-05T00:03:59Z,2026-08-05T00:20:08Z,16
1912901,West,MUKATSAR,11 KV GANGA NAGAR ROAD,Unplanned,Closed,2026-08-05T00:03:20Z,2026-08-05T00:20:39Z,17
1912892,West,FEROZPUR,MADHRE,Planned,Closed,2026-08-04T22:31:00Z,2026-08-05T00:38:00Z,127
1912891,South,PATIALA,Jagdish Colony,Unplanned,Closed,2026-08-04T22:29:00Z,2026-08-04T23:12:00Z,43
1912890,East,Zirakpur,SAINI VIHAR,Unplanned,Closed,2026-08-04T22:20:00Z,2026-08-04T23:08:00Z,48
1912889,Central,SUB URBAN LUDHIANA,GHALLUGHARA,Unplanned,Closed,2026-08-04T21:30:00Z,2026-08-04T21:35:00Z,5
1912888,Central,SUB URBAN LUDHIANA,PHALEWAL,Unplanned,Closed,2026-08-04T21:30:00Z,2026-08-04T21:35:00Z,5
1912887,West,MUKATSAR,11 KV Azimgarh Urban,Unplanned,Closed,2026-08-04T21:20:30Z,2026-08-04T22:08:58Z,48
1912906,North,JALANDHAR,11KV HOUSING BOARD,Unplanned,Closed,2026-08-04T21:02:00Z,2026-08-04T21:37:00Z,35
1912886,South,SANGRUR,Manshahia Colony,Unplanned,Closed,2026-08-04T21:00:00Z,2026-08-04T21:46:00Z,46
1912884,Central,KHANNA,RAM RAJAYA,Unplanned,Active,2026-08-04T20:44:43Z,2026-08-04T21:15:58Z,31
1912885,East,Zirakpur,HARMILAP NAGAR,Unplanned,Closed,2026-08-04T20:31:00Z,2026-08-04T20:39:00Z,8
1912882,East,Zirakpur,LALRU CITY,Unplanned,Closed,2026-08-04T20:18:00Z,2026-08-04T20:50:00Z,32
1912880,East,Zirakpur,DAPPAR,Unplanned,Closed,2026-08-04T20:02:00Z,2026-08-04T20:55:00Z,53
1912881,West,FEROZPUR,UPS FEEDER,Planned,Closed,2026-08-04T20:00:00Z,2026-08-04T21:57:00Z,117
1912883,East,Zirakpur,DHILLON,Unplanned,Closed,2026-08-04T19:55:00Z,2026-08-04T20:52:00Z,57
1912878,Border,TARN TARAN,Railway Road Urban..,Unplanned,Closed,2026-08-04T19:50:00Z,2026-08-04T20:30:00Z,40
1912879,South,PATIALA,GOBIND BAGH,Unplanned,Closed,2026-08-04T19:46:00Z,2026-08-04T20:14:00Z,28
1912875,West,MUKATSAR,11 KV Alamgarh,Unplanned,Closed,2026-08-04T19:34:18Z,2026-08-04T20:15:24Z,41
1912874,West,MUKATSAR,11 KV GANGA NAGAR ROAD,Unplanned,Closed,2026-08-04T19:33:55Z,2026-08-04T20:15:05Z,41
1912876,East,Zirakpur,HERMITAGE,Unplanned,Closed,2026-08-04T19:29:00Z,2026-08-04T20:32:00Z,63
1912872,Border,SUB URBAN AMRITSAR,MES,Planned,Closed,2026-08-04T19:15:00Z,2026-08-04T20:54:00Z,99
1912871,West,FARIDKOT,Ram ganz,Unplanned,Closed,2026-08-04T18:40:00Z,2026-08-04T19:29:13Z,49
1912877,South,PATIALA,SIDHU COLONY,Unplanned,Closed,2026-08-04T18:39:00Z,2026-08-04T20:00:00Z,81
1912870,South,BARNALA,MEHAL KALAN CITY,Unplanned,Closed,2026-08-04T18:00:00Z,2026-08-04T18:49:00Z,49
1912869,North,JALANDHAR,TOWER,Unplanned,Closed,2026-08-04T18:00:00Z,2026-08-04T18:48:00Z,48
1912873,East,Zirakpur,ZIRAKPUR-1,Unplanned,Closed,2026-08-04T17:47:00Z,2026-08-04T18:50:00Z,63
1912868,North,JALANDHAR,DRAIN,Unplanned,Closed,2026-08-04T17:34:00Z,2026-08-04T17:59:00Z,25
1912865,Central,SUB URBAN LUDHIANA,CITY-5,Unplanned,Closed,2026-08-04T17:24:47Z,2026-08-04T18:10:47Z,46
1912864,Central,SUB URBAN LUDHIANA,CITY-6,Unplanned,Closed,2026-08-04T17:24:47Z,2026-08-04T18:10:47Z,46
1912863,Central,SUB URBAN LUDHIANA,CITY NO 07,Unplanned,Closed,2026-08-04T17:24:47Z,2026-08-04T18:10:47Z,46
1912862,East,Zirakpur,ZIRAKPUR-2,Unplanned,Closed,2026-08-04T17:05:00Z,2026-08-04T17:15:00Z,10
1912860,East,Zirakpur,ROYAL ESTATE,Unplanned,Closed,2026-08-04T17:05:00Z,2026-08-04T17:15:00Z,10
1912858,East,Zirakpur,PRITHIM,Unplanned,Closed,2026-08-04T16:56:00Z,2026-08-04T17:06:00Z,10
1912859,East,Zirakpur,11kv Cosmo,Unplanned,Closed,2026-08-04T16:55:00Z,2026-08-04T17:05:00Z,10
1912857,Border,TARN TARAN,MOHAN SINGH TUR,Unplanned,Closed,2026-08-04T16:55:00Z,2026-08-04T17:30:00Z,35
1912852,North,JALANDHAR,D BLOCK,Unplanned,Closed,2026-08-04T16:48:00Z,2026-08-04T17:24:00Z,36
1912851,North,JALANDHAR,SEED CORPORATION,Unplanned,Closed,2026-08-04T16:48:00Z,2026-08-04T17:24:00Z,36
1912850,North,JALANDHAR,NANDA,Unplanned,Closed,2026-08-04T16:48:00Z,2026-08-04T17:24:00Z,36
1912849,North,JALANDHAR,NEW SHANKAR,Unplanned,Closed,2026-08-04T16:48:00Z,2026-08-04T17:24:00Z,36
1912847,North,JALANDHAR,GLOBE COLONY,Unplanned,Closed,2026-08-04T16:48:00Z,2026-08-04T17:24:00Z,36
1912867,Border,TARN TARAN,KADD GILL UPS,Unplanned,Closed,2026-08-04T16:45:00Z,2026-08-04T18:01:00Z,76
1912866,Border,TARN TARAN,11 KV Industrial Feeder,Unplanned,Closed,2026-08-04T16:45:00Z,2026-08-04T18:01:00Z,76
1912856,Border,SUB URBAN AMRITSAR,UPS Kot Khera,Unplanned,Closed,2026-08-04T16:43:00Z,2026-08-04T17:12:00Z,29
1912855,Border,SUB URBAN AMRITSAR,UPS-3 Pandher,Unplanned,Closed,2026-08-04T16:43:00Z,2026-08-04T17:12:00Z,29
1912854,Border,SUB URBAN AMRITSAR,Tarsikka  Urban 2,Unplanned,Closed,2026-08-04T16:43:00Z,2026-08-04T17:12:00Z,29
1912853,Border,SUB URBAN AMRITSAR,Urban 1 Tarsika,Unplanned,Closed,2026-08-04T16:43:00Z,2026-08-04T17:12:00Z,29
1912846,West,FEROZPUR,INDUSTRIAL,Planned,Closed,2026-08-04T16:30:00Z,2026-08-04T17:18:00Z,48
1912848,East,Zirakpur,PEER BABA ROAD,Unplanned,Closed,2026-08-04T16:28:00Z,2026-08-04T16:39:00Z,11
1912842,East,Zirakpur,S S INFRA,Unplanned,Closed,2026-08-04T16:10:00Z,2026-08-04T16:32:00Z,22
1912841,East,Zirakpur,SAINI VIHAR,Unplanned,Closed,2026-08-04T16:10:00Z,2026-08-04T16:32:00Z,22
1912840,South,SANGRUR,Gaushala Road,Unplanned,Closed,2026-08-04T16:10:00Z,2026-08-04T16:42:00Z,32
1912845,West,FEROZPUR,ARSONAL,Planned,Closed,2026-08-04T16:00:00Z,2026-08-04T17:36:00Z,96
1912844,West,FEROZPUR,RINGMAIN B,Planned,Closed,2026-08-04T16:00:00Z,2026-08-04T17:17:00Z,77
1912838,South,SANGRUR,Baba Todar Mall,Unplanned,Closed,2026-08-04T16:00:00Z,2026-08-04T16:31:26Z,31
1912843,East,Zirakpur,SAVITRYGREEN,Unplanned,Closed,2026-08-04T15:57:00Z,2026-08-04T16:37:00Z,40
1912839,East,Zirakpur,ZIRAKPUR-1,Unplanned,Closed,2026-08-04T15:47:00Z,2026-08-04T16:09:00Z,22
1912837,East,Zirakpur,PEER BABA ROAD,Unplanned,Closed,2026-08-04T15:34:00Z,2026-08-04T16:12:00Z,38
1912836,East,Zirakpur,11 KV AMBALA ROAD,Unplanned,Closed,2026-08-04T15:09:00Z,2026-08-04T16:09:00Z,60
1912835,South,PATIALA,Samania Gate,Unplanned,Closed,2026-08-04T15:06:51Z,2026-08-04T15:32:03Z,25
1912834,South,PATIALA,NABHA NO.2,Unplanned,Closed,2026-08-04T14:55:00Z,2026-08-04T16:30:00Z,95
1912829,South,SANGRUR,NADAMPUR AP,Unplanned,Closed,2026-08-04T14:48:09Z,2026-08-04T15:10:23Z,22
1912828,South,SANGRUR,MAJHA,Unplanned,Closed,2026-08-04T14:47:59Z,2026-08-04T15:10:38Z,22
1912833,East,Zirakpur,11 KV HLP1,Unplanned,Closed,2026-08-04T14:47:00Z,2026-08-04T16:17:00Z,90
1912832,East,Zirakpur,ANANTA,Unplanned,Closed,2026-08-04T14:47:00Z,2026-08-04T16:16:00Z,89
1912831,East,Zirakpur,AMELIA,Unplanned,Closed,2026-08-04T14:47:00Z,2026-08-04T16:16:00Z,89
1912827,West,FEROZPUR,Police Line,Planned,Closed,2026-08-04T14:45:00Z,2026-08-04T16:40:00Z,115
1912825,Border,TARN TARAN,SHERON UPS,Unplanned,Closed,2026-08-04T14:40:00Z,2026-08-04T15:01:00Z,21
1912821,South,SANGRUR,Sangrur Road,Unplanned,Closed,2026-08-04T14:38:11Z,2026-08-04T15:08:25Z,30
1912820,South,SANGRUR,Rasaldar chhana,Unplanned,Closed,2026-08-04T14:37:42Z,2026-08-04T15:11:56Z,34
1912823,West,FEROZPUR,Amritsari Gate,Planned,Closed,2026-08-04T14:30:00Z,2026-08-04T16:30:00Z,120
1912830,South,PATIALA,INDUSTRIAL F.POINT,Unplanned,Closed,2026-08-04T14:18:00Z,2026-08-04T15:20:00Z,62
1912819,East,Zirakpur,PEER MUCHHALA,Unplanned,Closed,2026-08-04T14:12:00Z,2026-08-04T14:30:00Z,18
1912822,North,JALANDHAR,SHANKAR,Unplanned,Closed,2026-08-04T14:10:00Z,2026-08-04T14:40:00Z,30
1912818,South,PATIALA,BAGRIAN CAT-1,Unplanned,Closed,2026-08-04T14:05:00Z,2026-08-04T15:35:00Z,90
1912824,West,FEROZPUR,11 KV INDUSTRIAL,Planned,Closed,2026-08-04T14:00:00Z,2026-08-04T15:15:00Z,75
1912816,North,HOSHIARPUR,11kv INDUSTRIAL HSP ROAD NASRALA,Unplanned,Closed,2026-08-04T14:00:00Z,2026-08-04T14:50:00Z,50
1912815,Central,SUB URBAN LUDHIANA,Urban Ahmedgarh (City-3),Planned,Active,2026-08-04T14:00:00Z,2026-08-04T14:50:00Z,50
1912814,North,HOSHIARPUR,PANDORI,Unplanned,Closed,2026-08-04T13:55:00Z,2026-08-04T14:48:00Z,53
1912817,East,Zirakpur,11KV Dream Home,Unplanned,Closed,2026-08-04T13:54:00Z,2026-08-04T14:27:00Z,33
1912812,Central,KHANNA,PAGRO,Unplanned,Closed,2026-08-04T13:41:00Z,2026-08-04T14:40:00Z,59
1912810,South,PATIALA,Mallltex,Unplanned,Closed,2026-08-04T13:40:00Z,2026-08-04T14:40:00Z,60
1912811,Central,KHANNA,NABIPUR,Unplanned,Closed,2026-08-04T13:39:00Z,2026-08-04T14:40:00Z,61
1912808,Central,KHANNA,GT ROAD 1,Unplanned,Closed,2026-08-04T13:27:56Z,2026-08-04T14:58:07Z,90
1912809,East,Zirakpur,Bhudda Sahib,Unplanned,Closed,2026-08-04T13:25:00Z,2026-08-04T13:51:00Z,26
1912807,East,Zirakpur,CITY COURT,Unplanned,Closed,2026-08-04T13:20:00Z,2026-08-04T14:50:00Z,90
1912805,East,Zirakpur,Hasanpur UPS,Unplanned,Closed,2026-08-04T13:20:00Z,2026-08-04T14:16:00Z,56
1912804,South,SANGRUR,Nankpura,Unplanned,Closed,2026-08-04T13:15:19Z,2026-08-04T14:45:33Z,90
1912802,South,SANGRUR,NANKIANA SAHIB,Unplanned,Closed,2026-08-04T13:14:28Z,2026-08-04T14:15:52Z,61
1912803,South,SANGRUR,DEH KALAN,Unplanned,Closed,2026-08-04T13:14:26Z,2026-08-04T14:43:44Z,89
1912801,South,PATIALA,BAGRIAN,Unplanned,Closed,2026-08-04T13:13:00Z,2026-08-04T14:40:00Z,87
1912800,West,FARIDKOT,ITI,Unplanned,Closed,2026-08-04T13:13:00Z,2026-08-04T13:34:24Z,21
1912806,West,FEROZPUR,URBAN JHOKE HARI HAR,Planned,Closed,2026-08-04T13:11:00Z,2026-08-04T15:10:00Z,119
1912799,South,SANGRUR,Ratoke,Unplanned,Closed,2026-08-04T13:10:38Z,2026-08-04T14:40:55Z,90
1912797,West,FARIDKOT,11 KV MATA TAAP KAUR,Planned,Closed,2026-08-04T13:10:38Z,2026-08-04T13:40:48Z,30
1912798,South,SANGRUR,DYALGARH,Unplanned,Closed,2026-08-04T13:10:28Z,2026-08-04T14:40:41Z,90
1912796,West,FARIDKOT,11 KV GANJI GULAB SINGH WALA-,Unplanned,Closed,2026-08-04T13:10:14Z,2026-08-04T13:40:26Z,30
1912813,Border,TARN TARAN,Railway Road Urban..,Unplanned,Closed,2026-08-04T13:05:00Z,2026-08-04T13:45:00Z,40
1912795,East,Zirakpur,ASSTHA,Unplanned,Closed,2026-08-04T13:00:00Z,2026-08-04T13:25:00Z,25
1912791,North,JALANDHAR,VIVEKANAND,Unplanned,Closed,2026-08-04T12:52:00Z,2026-08-04T13:07:00Z,15
1912792,East,Zirakpur,PRITHIM,Unplanned,Closed,2026-08-04T12:49:00Z,2026-08-04T13:14:00Z,25
1912790,North,JALANDHAR,CENTRAL MILL,Unplanned,Closed,2026-08-04T12:45:00Z,2026-08-04T14:25:00Z,100
1912794,East,MOHALI,11KV 66B,Unplanned,Closed,2026-08-04T12:36:00Z,2026-08-04T12:58:00Z,22
1912786,North,HOSHIARPUR,MANGARH,Unplanned,Closed,2026-08-04T12:30:00Z,2026-08-04T13:15:00Z,45
1912785,North,HOSHIARPUR,GARDIWAL,Unplanned,Closed,2026-08-04T12:30:00Z,2026-08-04T13:15:00Z,45
1912784,North,HOSHIARPUR,11KV ARGOWAL,Unplanned,Closed,2026-08-04T12:30:00Z,2026-08-04T13:15:00Z,45
1912788,Border,SUB URBAN AMRITSAR,PAWAN NAGAR,Unplanned,Closed,2026-08-04T12:25:00Z,2026-08-04T13:00:00Z,35
1912783,South,PATIALA,DALIMA,Unplanned,Closed,2026-08-04T12:25:00Z,2026-08-04T12:34:26Z,9
1912776,Central,CITY WEST LUDHIANA,Ram Nagar,Planned,Active,2026-08-04T12:20:13Z,2026-08-04T12:41:50Z,21
1912782,Border,TARN TARAN,KADD GILL UPS,Unplanned,Closed,2026-08-04T12:20:00Z,2026-08-04T13:20:00Z,60
1912781,East,Zirakpur,WATER WORKS HANDESRA,Unplanned,Closed,2026-08-04T12:19:00Z,2026-08-04T12:49:00Z,30
1912768,Central,KHANNA,RASULARA,Planned,Active,2026-08-04T12:01:30Z,2026-08-04T12:29:47Z,28
1912780,East,Zirakpur,NABHA SAHIB,Unplanned,Closed,2026-08-04T12:00:00Z,2026-08-04T12:24:00Z,24
1912779,East,Zirakpur,11 KV VICTORIA,Unplanned,Closed,2026-08-04T12:00:00Z,2026-08-04T12:24:00Z,24
1912778,East,Zirakpur,Jaskaran,Unplanned,Closed,2026-08-04T12:00:00Z,2026-08-04T12:13:00Z,13
1912777,East,Zirakpur,PEER BABA ROAD,Unplanned,Closed,2026-08-04T12:00:00Z,2026-08-04T12:24:00Z,24
1912745,North,JALANDHAR,SARSWATI VIHAR,Planned,Closed,2026-08-04T12:00:00Z,2026-08-04T14:00:00Z,120
1912773,West,FARIDKOT,LandeKe URBAN,Unplanned,Closed,2026-08-04T11:56:10Z,2026-08-04T12:11:42Z,15
1912772,West,FARIDKOT,Rattian Urban,Unplanned,Closed,2026-08-04T11:56:10Z,2026-08-04T12:10:42Z,14
1912771,West,FARIDKOT,SAHIBZADA AJIT SINGH NAGAR,Unplanned,Closed,2026-08-04T11:56:10Z,2026-08-04T12:11:42Z,15
1912770,West,FARIDKOT,Guru Ram Dass Nagar,Unplanned,Closed,2026-08-04T11:56:10Z,2026-08-04T12:11:42Z,15
1912769,West,FARIDKOT,AKALSAR,Unplanned,Closed,2026-08-04T11:56:10Z,2026-08-04T12:10:42Z,14
1912767,West,FARIDKOT,SURAJ NAGAR,Unplanned,Closed,2026-08-04T11:56:10Z,2026-08-04T12:10:42Z,14
1912766,West,FARIDKOT,FCI URBAN,Unplanned,Closed,2026-08-04T11:56:10Z,2026-08-04T12:11:42Z,15
1912765,West,FARIDKOT,AMRITSAR ROAD URBAN,Unplanned,Closed,2026-08-04T11:56:10Z,2026-08-04T12:11:42Z,15
1912763,West,FARIDKOT,COLONY,Unplanned,Closed,2026-08-04T11:56:10Z,2026-08-04T12:10:42Z,14
1912762,West,FARIDKOT,Dutt Road,Unplanned,Closed,2026-08-04T11:56:10Z,2026-08-04T12:10:42Z,14
1912761,West,FARIDKOT,Zira Road,Unplanned,Closed,2026-08-04T11:56:10Z,2026-08-04T12:10:57Z,14
1912904,North,JALANDHAR,11KV Mithapur Feeder,Unplanned,Closed,2026-08-04T11:50:00Z,2026-08-04T13:49:00Z,119
1912759,Border,TARN TARAN,GURU NANAK HOSPITAL,Unplanned,Closed,2026-08-04T11:45:00Z,2026-08-04T12:10:00Z,25
1912758,Border,TARN TARAN,Railway Road Urban..,Unplanned,Closed,2026-08-04T11:45:00Z,2026-08-04T12:10:00Z,25
1912756,East,Zirakpur,Bhudda Sahib,Unplanned,Closed,2026-08-04T11:45:00Z,2026-08-04T12:21:00Z,36
1912755,East,Zirakpur,11 kv malwa,Unplanned,Closed,2026-08-04T11:44:00Z,2026-08-04T12:28:00Z,44
1912750,South,PATIALA,BANK FEEDER,Unplanned,Closed,2026-08-04T11:31:44Z,2026-08-04T12:02:51Z,31
1912861,South,PATIALA,JANDOLI,Unplanned,Closed,2026-08-04T11:30:00Z,2026-08-04T13:19:00Z,109
1912749,North,HOSHIARPUR,11 KV ARMY GROUND,Unplanned,Closed,2026-08-04T11:30:00Z,2026-08-04T12:27:00Z,57
1912753,West,MUKATSAR,11 KV GANGA NAGAR ROAD,Unplanned,Closed,2026-08-04T11:27:32Z,2026-08-04T12:06:40Z,39
1912754,West,MUKATSAR,11 KV Alamgarh,Unplanned,Closed,2026-08-04T11:25:50Z,2026-08-04T12:06:56Z,41
1912752,East,Zirakpur,PRITHIM,Unplanned,Closed,2026-08-04T11:20:00Z,2026-08-04T11:54:00Z,34
1912751,East,Zirakpur,11kv Cosmo,Unplanned,Closed,2026-08-04T11:20:00Z,2026-08-04T11:51:00Z,31
1912742,Central,KHANNA,RAM RAJAYA,Planned,Active,2026-08-04T11:15:57Z,2026-08-04T11:54:03Z,38
1912748,North,HOSHIARPUR,11kv INDUSTRIAL HSP ROAD NASRALA,Unplanned,Closed,2026-08-04T11:15:00Z,2026-08-04T13:05:00Z,110
1912743,North,HOSHIARPUR,Passi,Unplanned,Closed,2026-08-04T11:15:00Z,2026-08-04T12:10:00Z,55
1912741,Central,KHANNA,GT ROAD,Planned,Active,2026-08-04T11:12:01Z,2026-08-04T11:40:20Z,28
1912747,North,JALANDHAR,AMAN NAGAR,Unplanned,Closed,2026-08-04T11:12:00Z,2026-08-04T12:58:00Z,106
1912746,North,HOSHIARPUR,BALA JI,Unplanned,Closed,2026-08-04T11:10:00Z,2026-08-04T11:47:00Z,37
1912739,South,SANGRUR,Rasaldar chhana,Unplanned,Closed,2026-08-04T11:08:55Z,2026-08-04T12:39:04Z,90
1912740,South,SANGRUR,Sangrur Road,Unplanned,Closed,2026-08-04T11:08:16Z,2026-08-04T12:42:24Z,94
1912744,West,FEROZPUR,INDUSTRIAL,Planned,Closed,2026-08-04T11:01:00Z,2026-08-04T13:00:00Z,119
1912738,South,BARNALA,BABA BEERAM DAS,Planned,Closed,2026-08-04T11:00:00Z,2026-08-04T13:30:00Z,150
1912736,South,SANGRUR,MEHLAN ROAD,Unplanned,Closed,2026-08-04T10:58:52Z,2026-08-04T11:55:07Z,56
1912826,South,PATIALA,UPS ALLOWAL,Unplanned,Closed,2026-08-04T10:56:00Z,2026-08-04T15:00:00Z,244
1912734,South,SANGRUR,Radhe krishan+(handa branch)a.p,Unplanned,Closed,2026-08-04T10:55:55Z,2026-08-04T11:17:05Z,21
1912735,South,SANGRUR,Hamirgarh,Unplanned,Closed,2026-08-04T10:55:20Z,2026-08-04T13:28:27Z,153
1912733,East,Zirakpur,11 KV DAULAT SINGH,Unplanned,Closed,2026-08-04T10:52:00Z,2026-08-04T11:05:00Z,13
1912737,East,Zirakpur,SAINI VIHAR,Unplanned,Closed,2026-08-04T10:45:00Z,2026-08-04T11:36:00Z,51
1912732,East,Zirakpur,SIMRAN,Unplanned,Closed,2026-08-04T10:43:00Z,2026-08-04T10:58:00Z,15
1912731,South,BARNALA,LOHA BAZAR,Unplanned,Closed,2026-08-04T10:42:54Z,2026-08-04T11:43:12Z,60
1912730,East,Zirakpur,HARMILAP NAGAR,Unplanned,Closed,2026-08-04T10:34:00Z,2026-08-04T11:04:00Z,30
1912724,Central,CITY WEST LUDHIANA,RENTAL COLONY,Planned,Closed,2026-08-04T10:23:00Z,2026-08-04T10:43:00Z,20
1912723,West,MUKATSAR,DALMIR KHERA,Unplanned,Closed,2026-08-04T10:20:12Z,2026-08-04T10:52:21Z,32
1912793,East,MOHALI,11KV 66 Commercial,Unplanned,Closed,2026-08-04T10:13:00Z,2026-08-04T10:33:00Z,20
1912787,Border,CITY AMRITSAR,11KV HussainPura,Unplanned,Closed,2026-08-04T10:12:00Z,2026-08-04T10:50:00Z,38
1912729,Border,SUB URBAN AMRITSAR,Talwandi Dogran UPS-5,Unplanned,Closed,2026-08-04T10:10:00Z,2026-08-04T10:27:00Z,17
1912728,Border,SUB URBAN AMRITSAR,UPS-4 Makhanwindi,Unplanned,Closed,2026-08-04T10:10:00Z,2026-08-04T10:27:00Z,17
1912727,Border,SUB URBAN AMRITSAR,Urban-3,Unplanned,Closed,2026-08-04T10:10:00Z,2026-08-04T10:27:00Z,17
1912726,Border,SUB URBAN AMRITSAR,Urban 2 Nawapind,Unplanned,Closed,2026-08-04T10:10:00Z,2026-08-04T10:27:00Z,17
1912725,Border,SUB URBAN AMRITSAR,Urban-1 Nawapind,Unplanned,Closed,2026-08-04T10:10:00Z,2026-08-04T10:27:00Z,17
1912721,Central,KHANNA,GT ROAD 1,Unplanned,Closed,2026-08-04T10:08:30Z,2026-08-04T11:27:39Z,79
1912722,East,Zirakpur,Jaskaran,Unplanned,Closed,2026-08-04T10:00:00Z,2026-08-04T10:22:00Z,22
1912720,North,JALANDHAR,BABA MANDIR 132KV FOCAL POINT,Unplanned,Closed,2026-08-04T10:00:00Z,2026-08-04T10:49:00Z,49
1912903,North,JALANDHAR,11KV Mithapur Feeder,Unplanned,Closed,2026-08-04T09:51:00Z,2026-08-04T11:49:00Z,118
1912719,North,JALANDHAR,TRIBUNE,Unplanned,Closed,2026-08-04T09:48:00Z,2026-08-04T11:20:00Z,92
1912718,East,ROPAR,Bhangala,Unplanned,Closed,2026-08-04T09:40:00Z,2026-08-04T11:19:00Z,99
1912715,Central,CITY WEST LUDHIANA,URBAN ESTATE PH-1,Planned,Closed,2026-08-04T09:39:00Z,2026-08-04T09:51:00Z,12
1912717,North,JALANDHAR,AMAN NAGAR,Unplanned,Closed,2026-08-04T09:35:00Z,2026-08-04T10:53:00Z,78
1912709,West,MUKATSAR,11 KV South Avenue,Unplanned,Closed,2026-08-04T09:33:21Z,2026-08-04T10:13:46Z,40
1912714,South,PATIALA,Anardana,Unplanned,Closed,2026-08-04T09:30:00Z,2026-08-04T10:16:00Z,46
1912712,East,Zirakpur,LALRU CITY,Unplanned,Closed,2026-08-04T09:30:00Z,2026-08-04T10:18:00Z,48
1912711,East,Zirakpur,JAGAN TUBE,Unplanned,Closed,2026-08-04T09:30:00Z,2026-08-04T10:18:00Z,48
1912708,South,SANGRUR,MEHLAN AP (GRID SUNAM),Planned,Closed,2026-08-04T09:30:00Z,2026-08-04T21:30:00Z,720
1912710,East,ROPAR,ASRON,Unplanned,Closed,2026-08-04T09:29:00Z,2026-08-04T11:23:00Z,114
1912704,North,JALANDHAR,BABA VISHKARMA MANDIR,Unplanned,Closed,2026-08-04T09:06:00Z,2026-08-04T10:15:00Z,69
1912695,East,MOHALI,TOGGAN,Unplanned,Closed,2026-08-04T08:27:50Z,2026-08-04T09:20:50Z,53
1912694,East,MOHALI,SUBSTATION MULLANPUR,Unplanned,Closed,2026-08-04T08:27:50Z,2026-08-04T09:20:05Z,52
1912693,East,MOHALI,11 KV Manohar,Unplanned,Closed,2026-08-04T08:27:50Z,2026-08-04T09:20:05Z,52
1912692,East,MOHALI,11 KV OMAXE,Unplanned,Closed,2026-08-04T08:27:50Z,2026-08-04T09:20:05Z,52
1912691,East,MOHALI,11 KV Bansepur,Unplanned,Closed,2026-08-04T08:27:50Z,2026-08-04T09:20:05Z,52
1912690,East,MOHALI,JANTI DEVI,Unplanned,Closed,2026-08-04T08:27:50Z,2026-08-04T09:20:05Z,52
1912689,East,MOHALI,Janta colony,Unplanned,Closed,2026-08-04T08:27:50Z,2026-08-04T09:20:05Z,52
1912688,East,MOHALI,Mullanpur,Unplanned,Closed,2026-08-04T08:27:50Z,2026-08-04T09:20:05Z,52
1912687,East,MOHALI,Nirankari feeder,Unplanned,Closed,2026-08-04T08:27:50Z,2026-08-04T09:20:05Z,52
1912686,East,MOHALI,PCA NEW CRICKET STADIUM MULLAN,Unplanned,Closed,2026-08-04T08:27:50Z,2026-08-04T09:20:05Z,52
1912685,East,MOHALI,11 KV DLF,Unplanned,Closed,2026-08-04T08:27:50Z,2026-08-04T09:20:05Z,52
1912684,East,MOHALI,"IAS,PCS Socity",Unplanned,Closed,2026-08-04T08:27:50Z,2026-08-04T09:20:05Z,52
1912683,East,MOHALI,RATWARA SAHIB,Unplanned,Closed,2026-08-04T08:27:50Z,2026-08-04T09:20:05Z,52
1912682,East,MOHALI,NAYA GAON,Unplanned,Closed,2026-08-04T08:27:50Z,2026-08-04T09:20:05Z,52
1912701,East,MOHALI,11 KV Gura,Unplanned,Closed,2026-08-04T08:26:58Z,2026-08-04T09:20:05Z,53
1912700,East,MOHALI,11 KV SUKHNA ENCLAVE,Unplanned,Closed,2026-08-04T08:26:58Z,2026-08-04T09:20:05Z,53
1912699,East,MOHALI,11 KV Masol,Unplanned,Closed,2026-08-04T08:26:58Z,2026-08-04T09:20:05Z,53
1912698,East,MOHALI,11 KV Kansal,Unplanned,Closed,2026-08-04T08:26:58Z,2026-08-04T09:20:05Z,53
1912697,East,MOHALI,11KV Shivalik Vihar,Unplanned,Closed,2026-08-04T08:26:58Z,2026-08-04T09:20:05Z,53
1912696,East,MOHALI,Kasauli,Unplanned,Closed,2026-08-04T08:26:58Z,2026-08-04T09:20:05Z,53
1912703,East,MOHALI,11KV AMBIKA,Unplanned,Closed,2026-08-04T08:26:36Z,2026-08-04T09:20:05Z,53
1912702,East,MOHALI,11KV ECOCITY 66KV ECOCITY GRID,Unplanned,Closed,2026-08-04T08:26:36Z,2026-08-04T09:20:05Z,53
1912680,South,PATIALA,Anardana,Unplanned,Closed,2026-08-04T08:00:00Z,2026-08-04T09:19:00Z,79
1912681,East,Zirakpur,KALKA ROAD,Unplanned,Closed,2026-08-04T07:53:00Z,2026-08-04T08:38:00Z,45
1912678,East,ROPAR,Rangeel Pur,Unplanned,Closed,2026-08-04T07:52:00Z,2026-08-04T09:19:00Z,87
1912676,North,JALANDHAR,KHURLA KINGRA,Unplanned,Closed,2026-08-04T07:47:43Z,2026-08-04T08:10:57Z,23
1912677,South,SANGRUR,Industrial (Benra),Unplanned,Closed,2026-08-04T07:37:00Z,2026-08-04T09:35:00Z,118
1912673,East,Zirakpur,11kv Cosmo,Unplanned,Closed,2026-08-04T07:17:00Z,2026-08-04T07:55:00Z,38
1912675,South,SANGRUR,Cinema Road,Unplanned,Closed,2026-08-04T07:15:00Z,2026-08-04T09:15:00Z,120
1912674,East,Zirakpur,ESCON ERENA,Unplanned,Closed,2026-08-04T07:11:00Z,2026-08-04T07:53:00Z,42
1912789,East,MOHALI,BANUR URBAN 2,Unplanned,Closed,2026-08-04T07:02:00Z,2026-08-04T11:23:00Z,261
1912672,South,PATIALA,UPS DANDRALA,Unplanned,Closed,2026-08-04T06:45:00Z,2026-08-04T10:40:00Z,235
1912671,East,Zirakpur,ECME,Unplanned,Closed,2026-08-04T06:40:00Z,2026-08-04T07:28:00Z,48
1912667,South,SANGRUR,Bagrian Road,Unplanned,Closed,2026-08-04T06:05:00Z,2026-08-04T08:05:00Z,120
1912775,East,MOHALI,11KV 82 ALPHA,Unplanned,Closed,2026-08-04T06:02:00Z,2026-08-04T07:48:00Z,106
1912774,East,MOHALI,11KV AEROCITY-1,Unplanned,Closed,2026-08-04T06:02:00Z,2026-08-04T07:12:00Z,70
1912764,East,MOHALI,11KV 66B,Unplanned,Closed,2026-08-04T05:58:00Z,2026-08-04T07:04:00Z,66
1912666,East,Zirakpur,Bhudda Sahib,Unplanned,Closed,2026-08-04T05:54:00Z,2026-08-04T07:00:00Z,66
1912665,East,Zirakpur,PREET COLONY,Unplanned,Closed,2026-08-04T05:40:00Z,2026-08-04T06:45:00Z,65
1912664,South,PATIALA,UPS NABHA NO. 2,Unplanned,Closed,2026-08-04T05:20:00Z,2026-08-04T07:20:00Z,120
1912760,East,MOHALI,11 KV CHADIALA UPS,Unplanned,Closed,2026-08-04T05:15:00Z,2026-08-04T06:30:00Z,75
1912663,South,PATIALA,Moderen City,Unplanned,Closed,2026-08-04T05:10:00Z,2026-08-04T06:45:00Z,95
1912662,South,PATIALA,UPS CHAUNDA,Unplanned,Closed,2026-08-04T05:01:00Z,2026-08-04T08:50:00Z,229
1912661,South,PATIALA,UPS ROHTA SAHIB,Unplanned,Closed,2026-08-04T05:00:00Z,2026-08-04T11:15:00Z,375
1912757,East,MOHALI,BANUR URBAN 1,Unplanned,Closed,2026-08-04T04:39:00Z,2026-08-04T05:26:00Z,47
1912658,South,PATIALA,ALOHRAN GATE,Unplanned,Closed,2026-08-04T03:46:00Z,2026-08-04T06:45:00Z,179
1912657,South,PATIALA,HIRA MAHAL,Unplanned,Closed,2026-08-04T03:39:00Z,2026-08-04T06:10:00Z,151
1912656,South,PATIALA,NABHA NO.2,Unplanned,Closed,2026-08-04T03:20:00Z,2026-08-04T05:20:00Z,120
1912659,South,PATIALA,UPS NABHA NO.1,Unplanned,Closed,2026-08-04T03:15:00Z,2026-08-04T11:10:00Z,475
1912654,South,SANGRUR,Cinema Road,Unplanned,Closed,2026-08-04T03:00:00Z,2026-08-04T04:40:00Z,100
1912655,South,SANGRUR,Industrial (Benra),Unplanned,Closed,2026-08-04T02:38:00Z,2026-08-04T07:25:00Z,287
1912652,West,FEROZPUR,11 KV RAO KE,Unplanned,Closed,2026-08-04T00:30:00Z,2026-08-04T06:30:00Z,360
1912660,South,BARNALA,JAMALPURA,Unplanned,Closed,2026-08-03T23:47:00Z,2026-08-04T00:33:00Z,46
1912651,West,FEROZPUR,TOOR,Unplanned,Closed,2026-08-03T23:40:00Z,2026-08-04T06:05:00Z,385
1912647,Border,CITY AMRITSAR,MAQBOOL ROAD,Unplanned,Closed,2026-08-03T23:32:17Z,2026-08-04T00:20:00Z,47
1912649,West,FEROZPUR,HARGOBINDPURA,Unplanned,Closed,2026-08-03T23:30:00Z,2026-08-04T06:50:00Z,440
1912646,Border,CITY AMRITSAR,GREEN AVENUE,Unplanned,Closed,2026-08-03T23:22:54Z,2026-08-04T00:20:00Z,57
1912642,West,FEROZPUR,AMAR TAKIS,Unplanned,Closed,2026-08-03T22:45:00Z,2026-08-04T00:45:00Z,120
1912639,East,Zirakpur,ASSTHA,Unplanned,Closed,2026-08-03T22:40:00Z,2026-08-03T22:58:00Z,18
1912638,East,Zirakpur,11 KV AMBALA ROAD,Unplanned,Closed,2026-08-03T22:40:00Z,2026-08-03T22:58:00Z,18
1912637,East,Zirakpur,Jastna Kandi Pure AP,Unplanned,Closed,2026-08-03T22:31:00Z,2026-08-03T22:48:00Z,17
1912636,East,Zirakpur,JEOLY,Unplanned,Closed,2026-08-03T22:29:00Z,2026-08-03T22:49:00Z,20
1912635,East,Zirakpur,DAPPAR,Unplanned,Closed,2026-08-03T22:29:00Z,2026-08-03T22:48:00Z,19
1912716,South,BARNALA,Bajakhana Road,Unplanned,Closed,2026-08-03T22:14:00Z,2026-08-04T07:00:00Z,526
1912679,North,JALANDHAR,11KV Mithapur Feeder,Unplanned,Closed,2026-08-03T22:13:00Z,2026-08-04T00:10:00Z,117
1912634,Central,SUB URBAN LUDHIANA,CITY-5,Unplanned,Closed,2026-08-03T22:09:00Z,2026-08-03T23:58:00Z,109
1912633,Central,SUB URBAN LUDHIANA,CITY NO 07,Unplanned,Closed,2026-08-03T22:08:00Z,2026-08-03T23:59:00Z,111
1912632,East,Zirakpur,ROYAL ESTATE,Unplanned,Closed,2026-08-03T22:02:00Z,2026-08-03T22:28:00Z,26
1912713,South,BARNALA,Barnala Road,Unplanned,Closed,2026-08-03T22:00:00Z,2026-08-03T23:50:00Z,110
1912630,East,Zirakpur,BALTANA,Planned,Closed,2026-08-03T21:42:00Z,2026-08-03T21:52:00Z,10
1912627,East,Zirakpur,SAVITRYGREEN,Unplanned,Closed,2026-08-03T21:41:00Z,2026-08-03T22:02:00Z,21
1912629,East,Zirakpur,11KV BEHRA FEEDER,Unplanned,Closed,2026-08-03T21:35:14Z,2026-08-03T21:52:25Z,17
1912631,Border,SUB URBAN AMRITSAR,KASHMIR AVANUE,Unplanned,Closed,2026-08-03T21:30:00Z,2026-08-03T22:55:00Z,85
1912623,West,FEROZPUR,BOP,Unplanned,Closed,2026-08-03T21:30:00Z,2026-08-03T22:30:00Z,60
1912624,West,FEROZPUR,11 KV RAO KE,Unplanned,Closed,2026-08-03T21:25:00Z,2026-08-03T21:35:00Z,10
1912625,West,FEROZPUR,LAKHA HAZI UPS,Unplanned,Closed,2026-08-03T21:20:00Z,2026-08-03T22:45:00Z,85
1912620,South,BARNALA,Badbar CAT-I,Unplanned,Closed,2026-08-03T21:20:00Z,2026-08-03T22:47:00Z,87
1912621,West,FEROZPUR,TOWN,Unplanned,Closed,2026-08-03T21:15:00Z,2026-08-04T00:55:00Z,220
1912617,East,Zirakpur,RAM PUR SAINIAN,Unplanned,Closed,2026-08-03T21:05:49Z,2026-08-03T21:32:54Z,27
1912615,West,MUKATSAR,11 KV SITO,Unplanned,Closed,2026-08-03T21:05:43Z,2026-08-03T21:21:51Z,16
1912616,East,Zirakpur,SONA PAPER MILL,Unplanned,Closed,2026-08-03T21:05:29Z,2026-08-03T21:33:50Z,28
1912628,West,FARIDKOT,11KV SANJAY NAGAR,Unplanned,Closed,2026-08-03T21:00:00Z,2026-08-03T21:44:00Z,44
1912622,East,Zirakpur,Bhabat,Unplanned,Closed,2026-08-03T21:00:00Z,2026-08-03T21:34:00Z,34
1912614,South,BARNALA,URBAN RAJGARH ROAD,Unplanned,Closed,2026-08-03T20:50:00Z,2026-08-03T23:16:00Z,146
1912653,South,BARNALA,MALERKOTLA-1,Unplanned,Closed,2026-08-03T20:45:00Z,2026-08-03T21:53:00Z,68
1912612,West,FEROZPUR,URBAN MEHAMA,Unplanned,Closed,2026-08-03T20:45:00Z,2026-08-04T06:20:00Z,575
1912611,South,BARNALA,THIKRIWALA CITY,Unplanned,Closed,2026-08-03T20:31:00Z,2026-08-03T21:35:00Z,64
1912619,South,PATIALA,UPS UPPLAN,Unplanned,Closed,2026-08-03T20:30:00Z,2026-08-03T22:00:00Z,90
1912610,West,FEROZPUR,COURT FEEDER,Unplanned,Closed,2026-08-03T20:30:00Z,2026-08-04T00:15:00Z,225
1912626,East,Zirakpur,SAVITRYGREEN,Unplanned,Closed,2026-08-03T20:17:00Z,2026-08-03T21:00:00Z,43
1912604,South,BARNALA,UPS HAMIDI/GURMA,Unplanned,Closed,2026-08-03T20:15:00Z,2026-08-03T23:16:00Z,181
1912600,East,Zirakpur,ABBOT COLD STORE,Unplanned,Closed,2026-08-03T20:00:59Z,2026-08-03T20:30:07Z,29
1912602,East,Zirakpur,URBAN-3 DERABASSI,Unplanned,Closed,2026-08-03T20:00:48Z,2026-08-03T20:20:58Z,20
1912599,East,Zirakpur,RAM PUR SAINIAN,Unplanned,Closed,2026-08-03T20:00:40Z,2026-08-03T20:30:47Z,30
1912601,East,Zirakpur,DERABASSI URBAN II,Unplanned,Closed,2026-08-03T20:00:22Z,2026-08-03T20:30:29Z,30
1912598,East,Zirakpur,VATIKA,Unplanned,Closed,2026-08-03T20:00:15Z,2026-08-03T20:30:27Z,30
1912618,West,FARIDKOT,11KV MACHAKI MAL SINGH UPS,Unplanned,Closed,2026-08-03T20:00:00Z,2026-08-03T21:00:00Z,60
1912607,South,BARNALA,FCI Godown wala,Unplanned,Closed,2026-08-03T20:00:00Z,2026-08-03T21:17:00Z,77
1912606,South,BARNALA,Sadar Bazar,Unplanned,Closed,2026-08-03T20:00:00Z,2026-08-03T21:41:00Z,101
1912605,South,BARNALA,Dhanaula Road,Unplanned,Closed,2026-08-03T20:00:00Z,2026-08-03T21:41:00Z,101
1912597,East,Zirakpur,11KV BEHRA FEEDER,Unplanned,Closed,2026-08-03T19:49:55Z,2026-08-03T20:16:05Z,26
1912603,South,BARNALA,KALA MEHAL,Unplanned,Closed,2026-08-03T19:46:00Z,2026-08-03T20:44:00Z,58
1912596,East,Zirakpur,SAVITRYGREEN,Unplanned,Closed,2026-08-03T19:13:00Z,2026-08-03T19:31:00Z,18
1912608,East,Zirakpur,BALTANA,Unplanned,Closed,2026-08-03T19:10:00Z,2026-08-03T20:10:00Z,60
1912595,West,FEROZPUR,KALI WALA,Unplanned,Closed,2026-08-03T19:08:29Z,2026-08-03T20:01:29Z,53
1912594,West,FEROZPUR,BAJA WALA,Unplanned,Closed,2026-08-03T19:08:29Z,2026-08-03T20:01:29Z,53
1912593,West,FEROZPUR,G-5,Unplanned,Closed,2026-08-03T19:08:29Z,2026-08-03T20:02:29Z,54
1912592,West,FEROZPUR,KHUNDAR UTTAR UPS,Unplanned,Closed,2026-08-03T19:08:29Z,2026-08-03T20:02:29Z,54
1912591,West,FEROZPUR,TOOR,Unplanned,Closed,2026-08-03T19:07:49Z,2026-08-03T20:02:49Z,55
1912590,West,FEROZPUR,JUNG,Unplanned,Closed,2026-08-03T19:07:49Z,2026-08-03T20:02:49Z,55
1912589,West,FEROZPUR,JHOKE JEHAL SINGH G-5,Unplanned,Closed,2026-08-03T19:07:49Z,2026-08-03T20:02:49Z,55
1912588,West,FEROZPUR,SAIDE KE NAUL,Unplanned,Closed,2026-08-03T19:06:13Z,2026-08-03T20:01:13Z,55
1912587,West,FEROZPUR,11 KV FOCAL POINT,Unplanned,Closed,2026-08-03T19:06:13Z,2026-08-03T20:02:13Z,56
1912586,West,FEROZPUR,11 KV RAO KE,Unplanned,Closed,2026-08-03T19:06:13Z,2026-08-03T20:01:13Z,55
1912585,West,FEROZPUR,BOP,Unplanned,Closed,2026-08-03T19:06:13Z,2026-08-03T20:01:13Z,55
1912584,West,FEROZPUR,TOWN,Unplanned,Closed,2026-08-03T19:06:13Z,2026-08-03T20:03:13Z,57
1912707,South,BARNALA,LUCKY COLONY,Unplanned,Closed,2026-08-03T19:00:00Z,2026-08-03T22:00:00Z,180
1912706,South,BARNALA,COURT ROAD,Unplanned,Closed,2026-08-03T19:00:00Z,2026-08-03T21:00:00Z,120
1912705,South,BARNALA,Bajakhana Road,Unplanned,Closed,2026-08-03T19:00:00Z,2026-08-03T21:00:00Z,120
1912613,West,FARIDKOT,11KV NEW HARINDERA NAGAR,Unplanned,Closed,2026-08-03T19:00:00Z,2026-08-03T20:31:00Z,91
1912583,Border,TARN TARAN,Railway Road Urban..,Unplanned,Closed,2026-08-03T18:01:00Z,2026-08-03T19:20:00Z,79
1912582,West,FARIDKOT,11 SODHI NAGAR URBAN,Unplanned,Closed,2026-08-03T17:50:00Z,2026-08-03T18:50:00Z,60
1912581,West,FARIDKOT,FCI URBAN,Unplanned,Closed,2026-08-03T17:50:00Z,2026-08-03T18:50:00Z,60
1912580,West,FARIDKOT,Dutt Road,Unplanned,Closed,2026-08-03T17:50:00Z,2026-08-03T18:50:00Z,60
1912579,West,FARIDKOT,Zira Road,Unplanned,Closed,2026-08-03T17:50:00Z,2026-08-03T18:50:00Z,60
1912578,South,SANGRUR,ITI MOONAK,Planned,Closed,2026-08-03T17:49:29Z,2026-08-03T17:53:50Z,4
1912577,West,FARIDKOT,SAHIBZADA AJIT SINGH NAGAR,Planned,Closed,2026-08-03T17:43:00Z,2026-08-03T18:13:45Z,30
1912576,Border,SUB URBAN AMRITSAR,DADDIAN UPS,Unplanned,Closed,2026-08-03T17:40:16Z,2026-08-03T18:10:45Z,30
1912574,South,SANGRUR,UPS SIHAL,Unplanned,Closed,2026-08-03T17:22:43Z,2026-08-03T18:44:07Z,81
1912572,East,Zirakpur,ALLWIN,Unplanned,Closed,2026-08-03T17:14:00Z,2026-08-03T17:59:00Z,45
1912573,East,Zirakpur,ECME,Unplanned,Closed,2026-08-03T17:07:00Z,2026-08-03T17:32:00Z,25
1912609,East,Zirakpur,ZIRAKPUR-1,Unplanned,Closed,2026-08-03T17:00:00Z,2026-08-03T17:43:00Z,43
1912570,Border,SUB URBAN AMRITSAR,District Shopping complex (DSC),Unplanned,Closed,2026-08-03T16:54:00Z,2026-08-03T17:26:00Z,32
1912571,East,Zirakpur,11KV BEHRA FEEDER,Unplanned,Closed,2026-08-03T16:48:15Z,2026-08-03T17:27:21Z,39
1912569,South,BARNALA,22 acre,Unplanned,Closed,2026-08-03T16:40:00Z,2026-08-03T17:25:00Z,45
1912567,South,PATIALA,Lung-1,Unplanned,Closed,2026-08-03T16:39:20Z,2026-08-03T17:15:35Z,36
1912564,Central,KHANNA,MALKO MAJRA,Unplanned,Closed,2026-08-03T16:28:27Z,2026-08-03T17:58:38Z,90
1912566,West,MUKATSAR,11 KV RAJPURA,Unplanned,Closed,2026-08-03T16:27:27Z,2026-08-03T16:58:00Z,30
1912565,West,MUKATSAR,11 KV KULAR,Unplanned,Closed,2026-08-03T16:27:00Z,2026-08-03T17:58:00Z,91
1912568,Border,TARN TARAN,Railway Road Urban..,Unplanned,Closed,2026-08-03T16:25:00Z,2026-08-03T17:05:00Z,40
1912563,East,Zirakpur,PRITHIM,Unplanned,Closed,2026-08-03T16:06:00Z,2026-08-03T17:14:00Z,68
1912561,Border,SUB URBAN AMRITSAR,SG enclave,Unplanned,Closed,2026-08-03T16:00:00Z,2026-08-03T16:35:00Z,35
1912557,South,SANGRUR,CITY LEHRA,Unplanned,Closed,2026-08-03T15:53:46Z,2026-08-03T16:59:41Z,65
1912556,South,SANGRUR,11 KV Turri,Unplanned,Closed,2026-08-03T15:44:22Z,2026-08-03T16:34:34Z,50
1912554,South,PATIALA,Lung-1,Unplanned,Closed,2026-08-03T15:42:30Z,2026-08-03T16:12:53Z,30
1912555,South,SANGRUR,BAKHTRA,Unplanned,Closed,2026-08-03T15:39:35Z,2026-08-03T16:39:58Z,60
1912553,South,SANGRUR,POLICE LINE,Unplanned,Closed,2026-08-03T15:22:24Z,2026-08-03T16:01:34Z,39
1912559,Border,TARN TARAN,JAWANDY KHURD,Unplanned,Closed,2026-08-03T15:16:59Z,2026-08-03T20:15:59Z,299
1912562,Border,TARN TARAN,KALAH UPS,Unplanned,Closed,2026-08-03T15:16:00Z,2026-08-03T20:30:00Z,314
1912552,West,FEROZPUR,COURT FEEDER,Planned,Closed,2026-08-03T15:08:00Z,2026-08-03T16:37:00Z,89
1912575,South,SANGRUR,COLLEGE ROAD,Unplanned,Closed,2026-08-03T15:00:00Z,2026-08-03T17:00:00Z,120
1912551,South,BARNALA,WAZIDKE 24 HRS,Planned,Closed,2026-08-03T14:55:00Z,2026-08-03T15:35:00Z,40
1912549,West,FARIDKOT,MAANA WALA UPS,Unplanned,Closed,2026-08-03T14:50:19Z,2026-08-03T16:42:32Z,112
1912560,East,Zirakpur,ALLWIN,Unplanned,Closed,2026-08-03T14:40:00Z,2026-08-03T15:40:00Z,60
1912550,East,Zirakpur,ORBIT,Unplanned,Closed,2026-08-03T14:30:00Z,2026-08-03T15:05:00Z,35
1912545,East,Zirakpur,11 kv Japuria Feeder,Unplanned,Closed,2026-08-03T14:30:00Z,2026-08-03T14:50:00Z,20
1912544,East,Zirakpur,ECME,Unplanned,Closed,2026-08-03T14:30:00Z,2026-08-03T14:53:00Z,23
1912537,South,SANGRUR,POLICE LINE,Unplanned,Closed,2026-08-03T14:25:44Z,2026-08-03T14:57:53Z,32
1912543,East,Zirakpur,Bhabat,Unplanned,Closed,2026-08-03T14:21:00Z,2026-08-03T14:54:00Z,33
1912538,West,FEROZPUR,Amritsari Gate,Planned,Closed,2026-08-03T14:20:00Z,2026-08-03T14:45:00Z,25
1912548,East,Zirakpur,AMELIA,Unplanned,Closed,2026-08-03T14:18:00Z,2026-08-03T14:52:00Z,34
1912547,East,Zirakpur,11 KV HLP1,Unplanned,Closed,2026-08-03T14:18:00Z,2026-08-03T14:52:00Z,34
1912542,East,Zirakpur,ORBIT,Unplanned,Closed,2026-08-03T14:07:00Z,2026-08-03T14:20:00Z,13
1912541,East,Zirakpur,Bhabat,Unplanned,Closed,2026-08-03T14:07:00Z,2026-08-03T14:20:00Z,13
1912540,East,Zirakpur,11 kv Japuria Feeder,Unplanned,Closed,2026-08-03T14:07:00Z,2026-08-03T14:20:00Z,13
1912535,East,Zirakpur,11 kv kuranwala industry,Unplanned,Closed,2026-08-03T14:06:07Z,2026-08-03T14:26:21Z,20
1912534,West,MUKATSAR,11 KV SAIDANWALI,Unplanned,Closed,2026-08-03T14:03:39Z,2026-08-03T15:22:55Z,79
1912532,South,SANGRUR,MANDVI CITY,Unplanned,Closed,2026-08-03T14:02:18Z,2026-08-03T15:02:29Z,60
1912536,East,Zirakpur,LALRU MANDI,Unplanned,Closed,2026-08-03T14:00:00Z,2026-08-03T14:26:00Z,26
1912533,Border,SUB URBAN AMRITSAR,silverstate,Unplanned,Closed,2026-08-03T14:00:00Z,2026-08-03T15:36:00Z,96
1912670,North,JALANDHAR,11KV Mithapur Feeder,Unplanned,Closed,2026-08-03T13:49:00Z,2026-08-03T15:47:00Z,118
1912558,East,Zirakpur,PRITHIM,Unplanned,Closed,2026-08-03T13:40:00Z,2026-08-03T14:40:00Z,60
1912531,West,FEROZPUR,URBAN JHOKE HARI HAR,Planned,Closed,2026-08-03T13:31:00Z,2026-08-03T14:50:00Z,79
1912546,Border,CITY AMRITSAR,JOSHI COLONY,Unplanned,Closed,2026-08-03T13:30:00Z,2026-08-03T14:56:00Z,86
1912527,Border,SUB URBAN AMRITSAR,MAJITHA ROAD BYE PASS,Unplanned,Closed,2026-08-03T13:22:00Z,2026-08-03T13:50:44Z,28
1912529,Border,SUB URBAN AMRITSAR,BABA SHRI CHAND AVNUE,Unplanned,Closed,2026-08-03T13:21:00Z,2026-08-03T15:36:00Z,135
1912526,South,SANGRUR,Kakarwal,Unplanned,Closed,2026-08-03T13:21:00Z,2026-08-03T14:12:00Z,51
1912530,West,FEROZPUR,HABIB WALA,Unplanned,Closed,2026-08-03T13:20:00Z,2026-08-03T15:10:00Z,110
1912528,Border,SUB URBAN AMRITSAR,Avtar Avenue,Unplanned,Closed,2026-08-03T13:17:00Z,2026-08-03T15:30:00Z,133
1912539,Border,SUB URBAN AMRITSAR,M.E.S,Unplanned,Closed,2026-08-03T13:10:00Z,2026-08-03T15:35:00Z,145
1912524,Border,TARN TARAN,MOHAN SINGH TUR,Unplanned,Closed,2026-08-03T13:05:00Z,2026-08-03T14:40:00Z,95
1912523,Border,TARN TARAN,BHAROWAL URBAN,Unplanned,Closed,2026-08-03T13:01:00Z,2026-08-03T13:31:00Z,30
1912522,Border,TARN TARAN,Fatehabad Urban .,Unplanned,Closed,2026-08-03T13:01:00Z,2026-08-03T14:32:00Z,91
1912525,Border,CITY AMRITSAR,DHAPAI INDUSTRIAL,Unplanned,Closed,2026-08-03T13:00:00Z,2026-08-03T13:55:00Z,55
1912518,North,JALANDHAR,NAKODER ROAD,Unplanned,Closed,2026-08-03T12:52:47Z,2026-08-03T13:23:02Z,30
1912519,North,JALANDHAR,DRP,Unplanned,Closed,2026-08-03T12:50:00Z,2026-08-03T14:40:00Z,110
1912521,East,Zirakpur,ALLWIN,Unplanned,Closed,2026-08-03T12:40:00Z,2026-08-03T13:24:00Z,44
1912520,East,Zirakpur,PRITHIM,Unplanned,Closed,2026-08-03T12:40:00Z,2026-08-03T13:21:00Z,41
1912516,North,JALANDHAR,RAIPUR ROAD,Unplanned,Closed,2026-08-03T12:23:00Z,2026-08-03T14:16:00Z,113
1912503,South,SANGRUR,MEHLAN ROAD,Unplanned,Closed,2026-08-03T12:22:49Z,2026-08-03T12:58:00Z,35
1912506,Central,KHANNA,SADHUGARH,Unplanned,Closed,2026-08-03T12:20:27Z,2026-08-03T14:50:52Z,150
1912504,Border,SUB URBAN AMRITSAR,HOUSING BOARD COLONY,Unplanned,Closed,2026-08-03T12:20:00Z,2026-08-03T12:42:00Z,22
1912508,East,Zirakpur,11 KV AMBALA ROAD,Unplanned,Closed,2026-08-03T12:17:00Z,2026-08-03T12:57:00Z,40
1912505,North,JALANDHAR,UDYOG NAGAR,Unplanned,Closed,2026-08-03T12:14:00Z,2026-08-03T14:11:00Z,117
1912510,East,Zirakpur,ASSTHA,Unplanned,Closed,2026-08-03T12:13:00Z,2026-08-03T12:56:00Z,43
1912509,East,Zirakpur,ZIRAKPUR-2,Unplanned,Closed,2026-08-03T12:13:00Z,2026-08-03T12:56:00Z,43
1912501,North,JALANDHAR,TRIBUNE,Unplanned,Closed,2026-08-03T12:13:00Z,2026-08-03T13:10:00Z,57
1912502,East,Zirakpur,ORBIT,Unplanned,Closed,2026-08-03T12:12:00Z,2026-08-03T12:57:00Z,45
1912500,Border,TARN TARAN,11 KV Industrial Feeder,Unplanned,Closed,2026-08-03T12:10:00Z,2026-08-03T13:15:00Z,65
1912499,North,HOSHIARPUR,11KV MAKOWAL,Unplanned,Closed,2026-08-03T12:10:00Z,2026-08-03T13:05:00Z,55
1912498,North,HOSHIARPUR,GILZIAN,Unplanned,Closed,2026-08-03T12:10:00Z,2026-08-03T13:00:00Z,50
1912515,North,JALANDHAR,PILOT,Unplanned,Closed,2026-08-03T12:07:00Z,2026-08-03T14:02:00Z,115
1912514,North,JALANDHAR,NANDA,Unplanned,Closed,2026-08-03T12:07:00Z,2026-08-03T14:25:00Z,138
1912513,North,JALANDHAR,TUBEWELL CORPORATION,Unplanned,Closed,2026-08-03T12:07:00Z,2026-08-03T14:25:00Z,138
1912497,North,JALANDHAR,BABA VISHKARMA MANDIR,Unplanned,Closed,2026-08-03T12:04:00Z,2026-08-03T15:05:00Z,181
1912512,North,JALANDHAR,GLOBE COLONY,Unplanned,Closed,2026-08-03T12:03:00Z,2026-08-03T14:01:00Z,118
1912495,East,Zirakpur,11KV BEHRA FEEDER,Unplanned,Closed,2026-08-03T12:01:12Z,2026-08-03T12:37:29Z,36
1912496,North,JALANDHAR,D.I.C .. 1,Unplanned,Closed,2026-08-03T11:48:00Z,2026-08-03T15:10:00Z,202
1912669,North,JALANDHAR,11KV Mithapur Feeder,Unplanned,Closed,2026-08-03T11:46:00Z,2026-08-03T13:44:00Z,118
1912493,North,HOSHIARPUR,Pandori Attwal,Unplanned,Closed,2026-08-03T11:45:00Z,2026-08-03T11:55:00Z,10
1912494,East,Zirakpur,Jastna Kandi Pure AP,Unplanned,Closed,2026-08-03T11:44:00Z,2026-08-03T12:30:00Z,46
1912490,North,JALANDHAR,WATER SUPPLY,Unplanned,Closed,2026-08-03T11:33:00Z,2026-08-03T15:07:00Z,214
1912492,West,FEROZPUR,INDUSTRIAL,Planned,Closed,2026-08-03T11:30:00Z,2026-08-03T13:25:00Z,115
1912491,West,FEROZPUR,Amritsari Gate,Planned,Closed,2026-08-03T11:30:00Z,2026-08-03T12:01:00Z,31
1912488,South,PATIALA,LANGRIAN,Unplanned,Closed,2026-08-03T11:19:00Z,2026-08-03T13:00:00Z,101
1912487,South,PATIALA,AMARGARH,Unplanned,Closed,2026-08-03T11:19:00Z,2026-08-03T13:00:00Z,101
1912486,East,Zirakpur,SILVERCITY,Unplanned,Closed,2026-08-03T11:14:00Z,2026-08-03T11:43:00Z,29
1912485,North,JALANDHAR,INDUSTRIAL-3,Unplanned,Closed,2026-08-03T11:11:00Z,2026-08-03T12:52:00Z,101
1912484,North,HOSHIARPUR,KHANPUR,Unplanned,Closed,2026-08-03T11:10:00Z,2026-08-03T11:45:00Z,35
1912483,South,SANGRUR,11 KV ROHI AP,Unplanned,Closed,2026-08-03T11:06:32Z,2026-08-03T11:36:42Z,30
1912482,South,SANGRUR,11 KV KHADIAL ROAD C2,Planned,Closed,2026-08-03T11:00:30Z,2026-08-03T12:01:00Z,60
1912451,Border,SUB URBAN AMRITSAR,11 kv GreenLand,Planned,Closed,2026-08-03T11:00:00Z,2026-08-03T18:05:00Z,425
1912407,Border,SUB URBAN AMRITSAR,Byepas Verka,Planned,Closed,2026-08-03T11:00:00Z,2026-08-03T19:30:00Z,510
1912481,South,SANGRUR,11 KV SULARGHRAT UPS,Planned,Closed,2026-08-03T10:58:53Z,2026-08-03T12:01:00Z,62
1912477,South,SANGRUR,SOHIAN,Unplanned,Closed,2026-08-03T10:56:04Z,2026-08-03T11:40:20Z,44
1912478,North,HOSHIARPUR,KALYANPUR,Unplanned,Closed,2026-08-03T10:55:00Z,2026-08-03T11:35:00Z,40
1912476,South,SANGRUR,11 KV SATOJ URBAN,Unplanned,Closed,2026-08-03T10:53:26Z,2026-08-03T11:25:33Z,32
1912480,Border,TARN TARAN,Railway Road Urban..,Unplanned,Closed,2026-08-03T10:50:00Z,2026-08-03T11:55:00Z,65
1912479,Border,TARN TARAN,KADD GILL UPS,Unplanned,Closed,2026-08-03T10:50:00Z,2026-08-03T11:40:00Z,50
1912474,South,SANGRUR,THASKA,Unplanned,Closed,2026-08-03T10:35:08Z,2026-08-03T11:59:17Z,84
1912489,South,PATIALA,NABHA NO.1,Unplanned,Closed,2026-08-03T10:35:00Z,2026-08-03T11:40:00Z,65
1912465,Border,CITY AMRITSAR,100 ft. ROAD,Planned,Closed,2026-08-03T10:35:00Z,2026-08-03T13:35:00Z,180
1912468,North,HOSHIARPUR,SANSARPUR,Unplanned,Closed,2026-08-03T10:30:00Z,2026-08-03T11:20:00Z,50
1912467,North,HOSHIARPUR,11KV KALLOWAL FEEDER,Unplanned,Closed,2026-08-03T10:25:00Z,2026-08-03T10:40:00Z,15
1912475,Border,SUB URBAN AMRITSAR,NAVE NAAG AP,Planned,Closed,2026-08-03T10:24:53Z,2026-08-03T18:05:59Z,461
1912471,Border,SUB URBAN AMRITSAR,Sawdeshi Korean,Planned,Closed,2026-08-03T10:18:55Z,2026-08-03T17:21:02Z,422
1912466,Border,CITY AMRITSAR,MAKBOOL PURA,Planned,Closed,2026-08-03T10:15:00Z,2026-08-03T13:35:00Z,200
1912470,Border,SUB URBAN AMRITSAR,Pandori UPS,Planned,Closed,2026-08-03T10:13:27Z,2026-08-03T17:22:36Z,429
1912464,South,SANGRUR,KARODA,Unplanned,Closed,2026-08-03T10:12:38Z,2026-08-03T11:59:52Z,107
1912473,Border,SUB URBAN AMRITSAR,KWALITY PHARMA,Planned,Closed,2026-08-03T10:03:28Z,2026-08-03T17:21:39Z,438
1912472,Border,SUB URBAN AMRITSAR,DHANWANTRI IND,Planned,Closed,2026-08-03T10:03:15Z,2026-08-03T17:22:19Z,439
1912463,East,Zirakpur,URBAN-3 DERABASSI,Unplanned,Closed,2026-08-03T10:00:29Z,2026-08-03T10:26:34Z,26
1912469,West,FEROZPUR,COURT FEEDER,Planned,Closed,2026-08-03T10:00:00Z,2026-08-03T12:00:00Z,120
1912462,East,Zirakpur,Hasanpur UPS,Unplanned,Closed,2026-08-03T10:00:00Z,2026-08-03T10:57:00Z,57
1912405,Border,SUB URBAN AMRITSAR,DIAMOND AVENUE,Planned,Closed,2026-08-03T10:00:00Z,2026-08-03T15:05:00Z,305
1912401,Border,SUB URBAN AMRITSAR,MAJITHA ROAD,Planned,Closed,2026-08-03T10:00:00Z,2026-08-03T18:15:00Z,495
1912460,North,KAPURTHALA,Hundal Feeder,Unplanned,Closed,2026-08-03T09:54:00Z,2026-08-03T11:12:00Z,78
1912459,North,KAPURTHALA,UPS Seowal,Unplanned,Closed,2026-08-03T09:53:00Z,2026-08-03T11:05:00Z,72
1912458,West,MUKATSAR,11 KV Bhagsar UPS,Unplanned,Closed,2026-08-03T09:47:52Z,2026-08-03T10:17:59Z,30
1912457,West,MUKATSAR,11 KV SARDARPURA UPS,Unplanned,Closed,2026-08-03T09:47:35Z,2026-08-03T10:17:42Z,30
1912456,West,MUKATSAR,11 KV SUKHCHAIN,Unplanned,Closed,2026-08-03T09:47:15Z,2026-08-03T10:17:23Z,30
1912668,North,JALANDHAR,11KV Mithapur Feeder,Unplanned,Closed,2026-08-03T09:44:00Z,2026-08-03T11:40:00Z,116
1912455,South,PATIALA,Mohamadpura,Unplanned,Closed,2026-08-03T09:39:55Z,2026-08-03T12:40:16Z,180
1912461,East,Zirakpur,BALTANA,Unplanned,Closed,2026-08-03T09:37:00Z,2026-08-03T10:02:00Z,25
1912454,North,HOSHIARPUR,CHAK KHELA,Unplanned,Closed,2026-08-03T09:35:00Z,2026-08-03T10:25:00Z,50
1912452,North,HOSHIARPUR,CHANNIYA,Unplanned,Closed,2026-08-03T09:25:00Z,2026-08-03T09:45:00Z,20
1912449,South,SANGRUR,BHULLAN,Unplanned,Closed,2026-08-03T09:05:48Z,2026-08-03T10:17:00Z,71
1912450,South,SANGRUR,GULARI,Unplanned,Closed,2026-08-03T09:05:16Z,2026-08-03T10:17:00Z,71
1912453,Border,TARN TARAN,JAWANDY,Unplanned,Closed,2026-08-03T09:05:00Z,2026-08-03T09:55:00Z,50
1912448,South,SANGRUR,MEHLAN AP (GRID SUNAM),Planned,Closed,2026-08-03T08:50:00Z,2026-08-03T19:00:00Z,610
1912444,East,Zirakpur,ECME,Unplanned,Closed,2026-08-03T08:06:00Z,2026-08-03T08:47:00Z,41
1912447,East,Zirakpur,ANANTA,Unplanned,Closed,2026-08-03T08:05:00Z,2026-08-03T08:51:00Z,46
1912446,East,Zirakpur,11 kv adda jhungia cat-1,Unplanned,Closed,2026-08-03T08:05:00Z,2026-08-03T08:51:00Z,46
1912445,East,Zirakpur,11 kv Japuria Feeder,Unplanned,Closed,2026-08-03T08:05:00Z,2026-08-03T08:48:00Z,43
1912441,East,Zirakpur,Dehar. Cat. 1,Unplanned,Closed,2026-08-03T08:00:00Z,2026-08-03T08:50:00Z,50
1912440,East,MOHALI,11KV AEROCITY-2,Unplanned,Closed,2026-08-03T07:47:00Z,2026-08-03T08:17:00Z,30
1912442,East,Zirakpur,Bhabat,Unplanned,Closed,2026-08-03T07:37:00Z,2026-08-03T08:23:00Z,46
1912645,North,JALANDHAR,GOL MARKET,Unplanned,Closed,2026-08-03T06:36:00Z,2026-08-03T08:00:00Z,84
1912644,North,JALANDHAR,GOL MARKET,Unplanned,Closed,2026-08-03T04:41:00Z,2026-08-03T06:35:00Z,114
1912438,South,PATIALA,HIRA MAHAL,Unplanned,Closed,2026-08-03T04:35:00Z,2026-08-03T06:03:00Z,88
1912443,South,SANGRUR,MASTUANA SAHIB,Unplanned,Closed,2026-08-03T04:00:00Z,2026-08-03T06:00:00Z,120
1912437,South,PATIALA,AMARGARH UPS,Unplanned,Closed,2026-08-03T03:20:00Z,2026-08-03T03:45:00Z,25
1912436,South,SANGRUR,Roorgarh,Unplanned,Closed,2026-08-03T02:50:38Z,2026-08-03T03:55:00Z,64
1912643,North,JALANDHAR,GOL MARKET,Unplanned,Closed,2026-08-03T02:46:00Z,2026-08-03T04:40:00Z,114
1912435,West,FEROZPUR,Amritsari Gate,Planned,Closed,2026-08-03T01:12:00Z,2026-08-03T02:58:00Z,106
1912439,South,SANGRUR,MASTUANA SAHIB,Unplanned,Closed,2026-08-03T01:00:00Z,2026-08-03T03:00:00Z,120
1912641,North,JALANDHAR,GOL MARKET,Unplanned,Closed,2026-08-03T00:51:00Z,2026-08-03T02:45:00Z,114
1912434,East,Zirakpur,Dehar. Cat. 1,Unplanned,Closed,2026-08-03T00:42:00Z,2026-08-03T00:58:00Z,16
1912431,Border,SUB URBAN AMRITSAR,"D-block, GAD avenue",Unplanned,Closed,2026-08-03T00:24:00Z,2026-08-03T00:57:00Z,33
1912433,Border,SUB URBAN AMRITSAR,Khabedogran,Unplanned,Closed,2026-08-03T00:20:00Z,2026-08-03T08:20:00Z,480
1912432,South,PATIALA,NABHA NO.1,Unplanned,Closed,2026-08-03T00:10:00Z,2026-08-03T01:07:00Z,57
1912430,West,FEROZPUR,UPS FEEDER,Planned,Closed,2026-08-03T00:00:00Z,2026-08-03T01:15:00Z,75
1912429,West,FEROZPUR,INDUSTRIAL,Planned,Closed,2026-08-03T00:00:00Z,2026-08-03T01:14:00Z,74
1912428,West,FEROZPUR,11 KV NAMAK MANDI,Planned,Closed,2026-08-02T23:30:00Z,2026-08-03T00:34:00Z,64
1912424,East,Zirakpur,11kv Hanumant Feeder,Unplanned,Closed,2026-08-02T23:20:00Z,2026-08-03T00:03:00Z,43
1912426,Border,TARN TARAN,JHENDER  UPS,Unplanned,Closed,2026-08-02T23:05:00Z,2026-08-02T23:35:00Z,30
1912420,West,FEROZPUR,ARSONAL,Planned,Closed,2026-08-02T23:00:00Z,2026-08-03T00:00:00Z,60
1912648,North,JALANDHAR,NEW MODEL TOWN,Unplanned,Closed,2026-08-02T22:56:00Z,2026-08-03T00:50:00Z,114
1912640,North,JALANDHAR,GOL MARKET,Unplanned,Closed,2026-08-02T22:56:00Z,2026-08-03T00:50:00Z,114
1912650,North,JALANDHAR,11KV Mithapur Feeder,Unplanned,Closed,2026-08-02T22:55:00Z,2026-08-02T23:50:00Z,55
1912419,Border,SUB URBAN AMRITSAR,City-3,Unplanned,Closed,2026-08-02T22:35:00Z,2026-08-02T23:20:00Z,45
1912417,Border,SUB URBAN AMRITSAR,City 2,Unplanned,Closed,2026-08-02T22:35:00Z,2026-08-02T23:20:00Z,45
1912418,South,PATIALA,UPS ROHTA SAHIB,Unplanned,Closed,2026-08-02T22:11:00Z,2026-08-03T00:05:00Z,114
1912416,East,Zirakpur,Hasanpur UPS,Unplanned,Closed,2026-08-02T22:07:00Z,2026-08-02T22:37:00Z,30
1912415,East,Zirakpur,Dehar. Cat. 1,Unplanned,Closed,2026-08-02T22:07:00Z,2026-08-02T22:37:00Z,30
1912414,East,Zirakpur,LALRU MANDI,Unplanned,Closed,2026-08-02T22:07:00Z,2026-08-02T22:37:00Z,30
1912413,West,FEROZPUR,RINGMAIN B,Planned,Closed,2026-08-02T22:00:00Z,2026-08-02T23:00:00Z,60
1912412,West,FEROZPUR,MADHRE,Planned,Closed,2026-08-02T22:00:00Z,2026-08-03T00:00:00Z,120
1912411,South,PATIALA,AMARGARH,Unplanned,Closed,2026-08-02T21:30:00Z,2026-08-02T21:48:00Z,18
1912408,East,Zirakpur,DAPPAR,Unplanned,Closed,2026-08-02T21:23:00Z,2026-08-02T21:42:00Z,19
1912409,Border,SUB URBAN AMRITSAR,KARAM PURA,Unplanned,Closed,2026-08-02T21:07:50Z,2026-08-02T21:45:36Z,37
1912397,Central,CITY WEST LUDHIANA,RENTAL COLONY,Planned,Closed,2026-08-02T21:06:00Z,2026-08-02T21:17:00Z,11
1912404,West,FEROZPUR,Amritsari Gate,Planned,Closed,2026-08-02T21:03:00Z,2026-08-02T22:00:00Z,57
1912396,West,MUKATSAR,11 KV BALA JI DHAM,Unplanned,Closed,2026-08-02T20:41:22Z,2026-08-02T21:11:29Z,30
1912403,Border,SUB URBAN AMRITSAR,Talwandi Dogran UPS-5,Unplanned,Closed,2026-08-02T20:25:00Z,2026-08-03T02:55:00Z,390
1912402,Border,SUB URBAN AMRITSAR,UPS-4 Makhanwindi,Unplanned,Closed,2026-08-02T20:25:00Z,2026-08-03T02:55:00Z,390
1912400,Border,SUB URBAN AMRITSAR,Urban-3,Unplanned,Closed,2026-08-02T20:25:00Z,2026-08-03T02:55:00Z,390
1912399,Border,SUB URBAN AMRITSAR,Urban 2 Nawapind,Unplanned,Closed,2026-08-02T20:25:00Z,2026-08-03T02:55:00Z,390
1912398,Border,SUB URBAN AMRITSAR,Urban-1 Nawapind,Unplanned,Closed,2026-08-02T20:25:00Z,2026-08-03T02:55:00Z,390
1912393,West,FEROZPUR,Amritsari Gate,Planned,Closed,2026-08-02T20:03:00Z,2026-08-02T21:00:00Z,57
1912394,Border,SUB URBAN AMRITSAR,Urban Jandiala,Unplanned,Closed,2026-08-02T20:01:00Z,2026-08-02T22:25:00Z,144
1912392,West,FEROZPUR,AMAR TAKIS,Unplanned,Closed,2026-08-02T19:46:00Z,2026-08-02T21:00:00Z,74
1912390,West,FEROZPUR,UPS FEEDER,Planned,Closed,2026-08-02T19:00:00Z,2026-08-02T20:55:00Z,115
1912389,West,FEROZPUR,INDUSTRIAL,Planned,Closed,2026-08-02T19:00:00Z,2026-08-02T20:50:00Z,110
1912388,North,NAWANSHAHR,CITY GARHSHANKAR,Unplanned,Closed,2026-08-02T18:42:00Z,2026-08-02T18:55:00Z,13
1912421,North,JALANDHAR,NEW MODEL TOWN,Unplanned,Closed,2026-08-02T18:25:00Z,2026-08-02T20:20:00Z,115
1912425,North,JALANDHAR,11KV HOUSING BOARD,Unplanned,Closed,2026-08-02T18:23:00Z,2026-08-02T20:21:00Z,118
1912423,North,JALANDHAR,GURU NANAK NAGAR,Unplanned,Closed,2026-08-02T18:18:00Z,2026-08-02T20:10:00Z,112
1912395,East,Zirakpur,ECME,Unplanned,Closed,2026-08-02T18:18:00Z,2026-08-02T19:13:00Z,55
1912422,North,JALANDHAR,GOL MARKET,Unplanned,Closed,2026-08-02T18:10:00Z,2026-08-02T20:06:00Z,116
1912427,North,JALANDHAR,11KV Mithapur Feeder,Unplanned,Closed,2026-08-02T18:05:00Z,2026-08-02T20:03:00Z,118
1912387,South,PATIALA,SURAJPUR CAT. 1,Unplanned,Closed,2026-08-02T17:35:00Z,2026-08-02T19:40:00Z,125
1912386,West,FEROZPUR,MADHRE,Planned,Closed,2026-08-02T17:00:00Z,2026-08-02T18:50:00Z,110
1912384,Border,GURDASPUR,Manj,Unplanned,Closed,2026-08-02T16:54:00Z,2026-08-02T17:20:00Z,26
1912385,East,Zirakpur,SAVITRYGREEN,Unplanned,Closed,2026-08-02T16:46:00Z,2026-08-02T18:00:00Z,74
1912383,West,FEROZPUR,UPS FEEDER,Planned,Closed,2026-08-02T16:30:00Z,2026-08-02T17:30:00Z,60
1912382,Border,TARN TARAN,Jandiala Road Urban.,Unplanned,Closed,2026-08-02T16:05:00Z,2026-08-02T16:40:00Z,35
1912381,East,Zirakpur,Jaskaran,Unplanned,Closed,2026-08-02T15:20:00Z,2026-08-02T16:47:00Z,87
1912378,West,FEROZPUR,MADHRE,Planned,Closed,2026-08-02T15:20:00Z,2026-08-02T16:20:00Z,60
1912379,Central,SUB URBAN LUDHIANA,CITY-1,Unplanned,Closed,2026-08-02T15:18:00Z,2026-08-02T17:10:00Z,112
1912376,North,JALANDHAR,INDUSTRIAL-3,Unplanned,Closed,2026-08-02T15:16:00Z,2026-08-02T15:36:00Z,20
1912375,Central,CITY WEST LUDHIANA,MES-2,Unplanned,Closed,2026-08-02T15:02:29Z,2026-08-02T15:31:07Z,28
1912325,East,Zirakpur,DERA BASSI INDUSTRIAL,Planned,Closed,2026-08-02T15:00:00Z,2026-08-02T18:00:00Z,180
1912324,East,Zirakpur,HAIBAT PUR INDUSTRY,Planned,Closed,2026-08-02T15:00:00Z,2026-08-02T18:00:00Z,180
1912323,East,Zirakpur,VARDHMAN,Planned,Closed,2026-08-02T15:00:00Z,2026-08-02T18:00:00Z,180
1912322,East,Zirakpur,usha auto cast-II,Planned,Closed,2026-08-02T15:00:00Z,2026-08-02T18:00:00Z,180
1912321,East,Zirakpur,JAWAHARPUR INDUSTRY..,Planned,Closed,2026-08-02T15:00:00Z,2026-08-02T18:00:00Z,180
1912320,East,Zirakpur,MORTHIKRI INDUSTRIAL,Planned,Closed,2026-08-02T15:00:00Z,2026-08-02T18:00:00Z,180
1912319,East,Zirakpur,RAMGARH ROAD,Planned,Closed,2026-08-02T15:00:00Z,2026-08-02T18:00:00Z,180
1912318,East,Zirakpur,11kv Saraswati Agro,Planned,Closed,2026-08-02T15:00:00Z,2026-08-02T18:00:00Z,180
1912317,East,Zirakpur,11 KV Shiv Shakti Feeder,Planned,Closed,2026-08-02T15:00:00Z,2026-08-02T18:00:00Z,180
1912316,East,Zirakpur,SUNRISE FIBER,Planned,Closed,2026-08-02T15:00:00Z,2026-08-02T18:00:00Z,180
1912373,South,SANGRUR,SOHIAN,Unplanned,Closed,2026-08-02T14:50:22Z,2026-08-02T15:43:38Z,53
1912377,South,PATIALA,UPS SUKHEWAL,Unplanned,Closed,2026-08-02T14:50:00Z,2026-08-02T15:35:00Z,45
1912374,West,MUKATSAR,11 KV SIDHU NAGRI,Unplanned,Closed,2026-08-02T14:33:52Z,2026-08-02T15:23:02Z,49
1912371,Border,TARN TARAN,KADD GILL UPS,Unplanned,Closed,2026-08-02T14:01:00Z,2026-08-02T16:00:00Z,119
1912372,South,PATIALA,11 KV PUDA ENCLAVE,Unplanned,Closed,2026-08-02T13:44:00Z,2026-08-02T14:30:00Z,46
1912367,West,MUKATSAR,Ghubaya,Unplanned,Closed,2026-08-02T13:26:41Z,2026-08-02T13:55:56Z,29
1912368,West,FEROZPUR, Bop,Unplanned,Closed,2026-08-02T13:26:18Z,2026-08-02T13:55:29Z,29
1912369,West,MUKATSAR,Dhani Bachan Singh,Unplanned,Closed,2026-08-02T13:26:03Z,2026-08-02T13:26:15Z,0
1912370,West,FEROZPUR,INDUSTRIAL,Planned,Closed,2026-08-02T13:25:00Z,2026-08-02T15:17:00Z,112
1912366,East,Zirakpur,11 KV AMBALA ROAD,Unplanned,Closed,2026-08-02T13:15:00Z,2026-08-02T14:10:00Z,55
1912365,East,Zirakpur,ASSTHA,Unplanned,Closed,2026-08-02T13:15:00Z,2026-08-02T14:10:00Z,55
1912278,North,JALANDHAR,GAUSHALLA,Planned,Closed,2026-08-02T13:15:00Z,2026-08-02T16:35:00Z,200
1912364,North,HOSHIARPUR,Passi,Unplanned,Closed,2026-08-02T13:10:00Z,2026-08-02T13:35:00Z,25
1912380,East,Zirakpur,ZIRAKPUR-1,Unplanned,Closed,2026-08-02T13:00:00Z,2026-08-02T14:10:00Z,70
1912363,Border,SUB URBAN AMRITSAR,11 kv GreenLand,Unplanned,Closed,2026-08-02T12:30:00Z,2026-08-02T16:25:00Z,235
1912362,Border,GURDASPUR,ARYA NAGAR,Unplanned,Closed,2026-08-02T12:20:00Z,2026-08-02T13:00:00Z,40
1912361,Border,GURDASPUR,City-1,Unplanned,Closed,2026-08-02T12:19:00Z,2026-08-02T12:21:00Z,2
1912360,East,Zirakpur,HERMITAGE,Unplanned,Closed,2026-08-02T12:05:00Z,2026-08-02T12:55:00Z,50
1912356,North,KAPURTHALA,UPS Kotli,Unplanned,Closed,2026-08-02T12:05:00Z,2026-08-02T12:19:00Z,14
1912355,North,KAPURTHALA,UPS MALLIWAL,Unplanned,Closed,2026-08-02T12:05:00Z,2026-08-02T12:19:00Z,14
1912354,North,KAPURTHALA,Esewal,Unplanned,Closed,2026-08-02T12:05:00Z,2026-08-02T12:19:00Z,14
1912359,East,Zirakpur,11 KV HLP1,Unplanned,Closed,2026-08-02T12:00:00Z,2026-08-02T12:53:00Z,53
1912358,East,Zirakpur,AMELIA,Unplanned,Closed,2026-08-02T12:00:00Z,2026-08-02T12:52:00Z,52
1912353,North,HOSHIARPUR,WAZIRAN,Planned,Closed,2026-08-02T12:00:00Z,2026-08-02T15:52:00Z,232
1912352,West,FEROZPUR,UPS FEEDER,Planned,Closed,2026-08-02T12:00:00Z,2026-08-02T13:29:00Z,89
1912351,North,HOSHIARPUR,KALYANPUR,Unplanned,Closed,2026-08-02T11:55:00Z,2026-08-02T12:40:00Z,45
1912357,East,Zirakpur,ORBIT,Unplanned,Closed,2026-08-02T11:38:00Z,2026-08-02T12:05:00Z,27
1912350,South,SANGRUR,City,Unplanned,Closed,2026-08-02T11:35:00Z,2026-08-02T12:05:00Z,30
1912349,South,SANGRUR,INDUSTRIAL CAT-II (Bhasour),Unplanned,Closed,2026-08-02T11:35:00Z,2026-08-02T12:05:00Z,30
1912346,East,Zirakpur,RAM PUR SAINIAN,Unplanned,Closed,2026-08-02T11:30:58Z,2026-08-02T18:00:15Z,389
1912347,East,Zirakpur,INDOSWIFT LAB,Unplanned,Closed,2026-08-02T11:30:28Z,2026-08-02T18:26:40Z,416
1912345,South,SANGRUR,Sunam Road,Unplanned,Closed,2026-08-02T11:27:17Z,2026-08-02T12:27:31Z,60
1912276,North,JALANDHAR,Pruthi Hospital,Planned,Closed,2026-08-02T11:25:00Z,2026-08-02T14:40:00Z,195
1912275,North,JALANDHAR,Baba Deep Singh Nagar,Planned,Closed,2026-08-02T11:25:00Z,2026-08-02T14:40:00Z,195
1912274,North,JALANDHAR,G.T.ROAD,Planned,Closed,2026-08-02T11:25:00Z,2026-08-02T14:40:00Z,195
1912273,North,JALANDHAR,NURPUR,Planned,Closed,2026-08-02T11:25:00Z,2026-08-02T14:40:00Z,195
1912348,East,Zirakpur,11 kv kuranwala industry,Unplanned,Closed,2026-08-02T11:24:57Z,2026-08-02T18:01:03Z,396
1912344,South,PATIALA,UPS CHAUNDA,Unplanned,Closed,2026-08-02T11:15:00Z,2026-08-02T12:45:00Z,90
1912343,East,Zirakpur,TRISHLA,Unplanned,Closed,2026-08-02T11:10:00Z,2026-08-02T11:57:00Z,47
1912272,North,JALANDHAR,RAI PUR,Planned,Closed,2026-08-02T11:04:00Z,2026-08-02T17:04:00Z,360
1912271,North,JALANDHAR,11 KV J.J.COLONY,Planned,Closed,2026-08-02T11:04:00Z,2026-08-02T17:04:00Z,360
1912270,North,JALANDHAR,PATHANKOT ROAD,Planned,Closed,2026-08-02T11:04:00Z,2026-08-02T17:04:00Z,360
1912342,Border,TARN TARAN,Tong,Unplanned,Closed,2026-08-02T10:58:13Z,2026-08-02T13:00:00Z,121
1912341,South,SANGRUR,hospital Road,Unplanned,Closed,2026-08-02T10:54:47Z,2026-08-02T10:58:04Z,3
1912287,North,JALANDHAR,D BLOCK,Planned,Closed,2026-08-02T10:45:00Z,2026-08-02T12:35:00Z,110
1912339,North,JALANDHAR,GURUDWARA SHIV NAGAR,Planned,Closed,2026-08-02T10:43:00Z,2026-08-02T14:33:00Z,230
1912328,North,JALANDHAR,PUNJABI BAGH,Planned,Closed,2026-08-02T10:40:00Z,2026-08-02T16:10:00Z,330
1912283,North,JALANDHAR,NEW LAXMI,Planned,Closed,2026-08-02T10:40:00Z,2026-08-02T12:40:00Z,120
1912282,North,JALANDHAR,RANDHAWA MASANDA,Planned,Closed,2026-08-02T10:40:00Z,2026-08-02T16:10:00Z,330
1912340,Border,GURDASPUR,24 Hrs Amipur,Planned,Closed,2026-08-02T10:30:00Z,2026-08-02T11:05:00Z,35
1912338,North,HOSHIARPUR,SANSARPUR,Unplanned,Closed,2026-08-02T10:25:00Z,2026-08-02T11:20:00Z,55
1912289,North,JALANDHAR,SARSWATI,Planned,Closed,2026-08-02T10:25:00Z,2026-08-02T14:24:00Z,239
1912280,North,JALANDHAR,VIVEKANAND,Planned,Closed,2026-08-02T10:21:00Z,2026-08-02T16:07:00Z,346
1912279,North,JALANDHAR,BABA MANDIR 132KV FOCAL POINT,Planned,Closed,2026-08-02T10:21:00Z,2026-08-02T16:07:00Z,346
1912336,North,JALANDHAR,Sudhama Vihar,Unplanned,Closed,2026-08-02T10:10:50Z,2026-08-02T10:30:24Z,19
1912337,East,Zirakpur,BEGAMPURA,Unplanned,Closed,2026-08-02T10:10:00Z,2026-08-02T10:42:00Z,32
1912335,West,FARIDKOT,Kotkapura,Planned,Closed,2026-08-02T10:00:00Z,2026-08-02T12:26:00Z,146
1912314,Central,KHANNA,F C I,Planned,Closed,2026-08-02T10:00:00Z,2026-08-02T18:22:00Z,502
1912333,South,SANGRUR,INDUSTRIAL CAT-II (Bhasour),Unplanned,Closed,2026-08-02T09:30:00Z,2026-08-02T11:25:00Z,115
1912332,South,SANGRUR,City,Unplanned,Closed,2026-08-02T09:30:00Z,2026-08-02T11:25:00Z,115
1912331,West,FEROZPUR,HABIB WALA,Unplanned,Closed,2026-08-02T08:45:00Z,2026-08-02T15:05:00Z,380
1912329,South,SANGRUR,MEHLAN AP (GRID SUNAM),Planned,Closed,2026-08-02T08:45:00Z,2026-08-02T18:47:00Z,602
1912330,West,FARIDKOT,SAMAGH UPS,Unplanned,Closed,2026-08-02T08:44:25Z,2026-08-02T09:30:36Z,46
1912334,Border,GURDASPUR,Aujla,Unplanned,Closed,2026-08-02T08:40:00Z,2026-08-02T10:02:00Z,82
1912327,East,Zirakpur,11 KV PREM NAGAR FEEDER,Unplanned,Closed,2026-08-02T08:27:00Z,2026-08-02T09:13:00Z,46
1912315,South,SANGRUR,Panchait Bhawan,Unplanned,Closed,2026-08-02T07:49:00Z,2026-08-02T08:49:00Z,60
1912326,Border,SUB URBAN AMRITSAR,MALL MANDI,Unplanned,Closed,2026-08-02T07:40:00Z,2026-08-02T08:50:00Z,70
1912312,East,Zirakpur,11 KV BEHRA ROAD,Planned,Closed,2026-08-02T07:30:00Z,2026-08-02T18:30:00Z,660
1912311,East,Zirakpur,11 Kv Cold Store Road,Planned,Closed,2026-08-02T07:30:00Z,2026-08-02T18:30:00Z,660
1912310,East,Zirakpur,11 KV HARIPUR ROAD INDUSTRY,Planned,Closed,2026-08-02T07:30:00Z,2026-08-02T18:30:00Z,660
1912309,East,Zirakpur,Bhagwanpur industry,Planned,Closed,2026-08-02T07:30:00Z,2026-08-02T18:30:00Z,660
1912308,East,Zirakpur,Rampur Industry,Planned,Closed,2026-08-02T07:30:00Z,2026-08-02T18:30:00Z,660
1912307,East,Zirakpur,ABRYL LAB,Planned,Closed,2026-08-02T07:30:00Z,2026-08-02T18:30:00Z,660
1912306,East,Zirakpur,11 Kv Bhagwas Road Industry,Planned,Closed,2026-08-02T07:30:00Z,2026-08-02T18:30:00Z,660
1912305,East,Zirakpur,ALASKA FABTECH,Planned,Closed,2026-08-02T07:30:00Z,2026-08-02T18:30:00Z,660
1912304,East,Zirakpur,AVIANSH,Planned,Closed,2026-08-02T07:30:00Z,2026-08-02T18:30:00Z,660
1912303,East,Zirakpur,INDUSTRY PARK,Planned,Closed,2026-08-02T07:30:00Z,2026-08-02T18:30:00Z,660
1912302,East,Zirakpur,barvala industrial park,Planned,Closed,2026-08-02T07:30:00Z,2026-08-02T18:30:00Z,660
1912301,East,Zirakpur,11 kv kuranwala industry,Planned,Closed,2026-08-02T07:30:00Z,2026-08-02T18:30:00Z,660
1912300,East,Zirakpur,BARWALA ROAD,Planned,Closed,2026-08-02T07:30:00Z,2026-08-02T18:30:00Z,660
1912299,East,Zirakpur,NECTOR,Planned,Closed,2026-08-02T07:30:00Z,2026-08-02T18:30:00Z,660
1912298,East,Zirakpur,11KV Indo Swift,Planned,Closed,2026-08-02T07:30:00Z,2026-08-02T18:30:00Z,660
1912297,East,Zirakpur,JAI PARVATI FORGE,Planned,Closed,2026-08-02T07:30:00Z,2026-08-02T18:30:00Z,660
1912296,East,Zirakpur,JAI MULTI ENNG.,Planned,Closed,2026-08-02T07:30:00Z,2026-08-02T18:30:00Z,660
1912295,East,Zirakpur,AP PAPER,Planned,Closed,2026-08-02T07:30:00Z,2026-08-02T18:30:00Z,660
1912294,East,Zirakpur,USHA YARNS,Planned,Closed,2026-08-02T07:30:00Z,2026-08-02T18:30:00Z,660
1912293,East,Zirakpur,SONA PAPER MILL,Planned,Closed,2026-08-02T07:30:00Z,2026-08-02T18:30:00Z,660
1912313,Border,TARN TARAN,BHOIN UPS,Unplanned,Closed,2026-08-02T07:05:00Z,2026-08-02T07:35:00Z,30
1912292,North,HOSHIARPUR,BHAMBOTAR,Unplanned,Closed,2026-08-02T06:00:00Z,2026-08-02T07:21:00Z,81
1912291,North,HOSHIARPUR,TALWARA,Unplanned,Closed,2026-08-02T06:00:00Z,2026-08-02T07:22:00Z,82
1912286,North,HOSHIARPUR,SUKCHAINPUR,Unplanned,Closed,2026-08-02T05:57:52Z,2026-08-02T13:24:52Z,447
1912285,North,HOSHIARPUR,RAMGHAR,Unplanned,Closed,2026-08-02T05:57:52Z,2026-08-02T13:25:52Z,448
1912284,North,HOSHIARPUR,BHOL,Unplanned,Closed,2026-08-02T05:57:52Z,2026-08-02T07:51:52Z,114
1912269,East,Zirakpur,GBM,Unplanned,Closed,2026-08-02T04:20:00Z,2026-08-02T06:02:00Z,102
1912268,South,SANGRUR,Dharampura,Unplanned,Closed,2026-08-02T02:35:17Z,2026-08-02T04:25:00Z,109
1912267,North,JALANDHAR,EKTA NAGAR,Unplanned,Closed,2026-08-02T01:45:24Z,2026-08-02T02:45:41Z,60
1912264,West,FEROZPUR,INDUSTRIAL,Planned,Closed,2026-08-02T00:00:00Z,2026-08-02T00:20:00Z,20
1912263,Border,GURDASPUR,Preet Nagar,Unplanned,Closed,2026-08-01T23:31:00Z,2026-08-01T23:57:00Z,26
1912262,South,SANGRUR,City-I,Unplanned,Closed,2026-08-01T23:15:52Z,2026-08-01T23:32:41Z,16
1912261,West,FEROZPUR,CANTT FEEDER,Planned,Closed,2026-08-01T23:00:00Z,2026-08-01T23:30:00Z,30
1912259,West,FEROZPUR,AMAR TAKIS,Unplanned,Closed,2026-08-01T22:37:00Z,2026-08-01T23:00:00Z,23
1912256,West,MUKATSAR,11 KV SARDARPURA UPS,Unplanned,Closed,2026-08-01T22:35:45Z,2026-08-02T00:11:56Z,96
1912260,West,FEROZPUR,HABIB WALA,Planned,Closed,2026-08-01T22:35:00Z,2026-08-02T00:11:00Z,96
1912257,South,PATIALA,SULAR,Unplanned,Closed,2026-08-01T22:33:00Z,2026-08-01T22:40:00Z,7
1912255,West,FEROZPUR,ARSONAL,Planned,Closed,2026-08-01T22:29:00Z,2026-08-01T23:58:00Z,89
1912254,North,JALANDHAR,EKTA NAGAR,Unplanned,Closed,2026-08-01T22:22:33Z,2026-08-01T22:54:26Z,31
1912253,North,JALANDHAR,QILA MOHALLA,Unplanned,Closed,2026-08-01T22:11:00Z,2026-08-01T22:41:00Z,30
1912391,North,JALANDHAR,11KV Mithapur Feeder,Unplanned,Closed,2026-08-01T21:49:00Z,2026-08-01T23:47:00Z,118
1912251,West,MUKATSAR,Dhani Sucha Singh (Old Chakra),Unplanned,Closed,2026-08-01T21:30:29Z,2026-08-01T22:57:49Z,87
1912249,South,SANGRUR,11KV UPS TOGAWAL,Unplanned,Closed,2026-08-01T21:25:53Z,2026-08-01T21:50:05Z,24
1912250,East,Zirakpur,11kv Cosmo,Unplanned,Closed,2026-08-01T21:25:00Z,2026-08-01T21:50:00Z,25
1912248,East,Zirakpur,11KV BEHRA FEEDER,Unplanned,Closed,2026-08-01T21:10:54Z,2026-08-01T21:28:06Z,17
1912246,North,JALANDHAR,Karol bagh,Unplanned,Closed,2026-08-01T21:09:17Z,2026-08-01T21:20:28Z,11
1912245,North,JALANDHAR,Karol bagh,Unplanned,Closed,2026-08-01T21:09:17Z,2026-08-01T21:20:28Z,11
1912258,South,SANGRUR,11 KV NAVA BAZAR C-1,Unplanned,Closed,2026-08-01T21:09:00Z,2026-08-01T22:33:00Z,84
1912265,South,PATIALA,Lang UPS,Unplanned,Closed,2026-08-01T21:03:00Z,2026-08-02T00:24:00Z,201
1912252,Border,CITY AMRITSAR,SULTANWIND ROAD,Unplanned,Closed,2026-08-01T21:00:00Z,2026-08-01T21:21:00Z,21
1912241,Central,KHANNA,New Shanti Nagar,Unplanned,Closed,2026-08-01T20:31:43Z,2026-08-01T20:44:57Z,13
1912240,Border,SUB URBAN AMRITSAR,11 kv GreenLand,Unplanned,Closed,2026-08-01T20:05:56Z,2026-08-01T21:40:47Z,94
1912239,Border,SUB URBAN AMRITSAR,Gehri,Unplanned,Closed,2026-08-01T20:01:00Z,2026-08-01T20:51:00Z,50
1912238,East,Zirakpur,HERMITAGE,Unplanned,Closed,2026-08-01T19:49:00Z,2026-08-01T21:05:00Z,76
1912237,North,JALANDHAR,Sudhama Vihar,Unplanned,Closed,2026-08-01T19:28:58Z,2026-08-01T19:55:20Z,26
1912235,South,SANGRUR,UPS RAMPURA,Planned,Closed,2026-08-01T19:12:18Z,2026-08-01T19:40:30Z,28
1912236,East,Zirakpur,ATS-2,Unplanned,Closed,2026-08-01T19:11:27Z,2026-08-01T19:25:35Z,14
1912233,South,SANGRUR,POLICE LINE,Unplanned,Closed,2026-08-01T18:50:30Z,2026-08-01T19:26:35Z,36
1912234,Border,TARN TARAN,GOINDWAL SAHIB URBAN..,Unplanned,Closed,2026-08-01T18:50:00Z,2026-08-01T19:30:00Z,40
1912232,Border,SUB URBAN AMRITSAR,GOKAL NAGAR,Unplanned,Closed,2026-08-01T18:45:03Z,2026-08-01T19:05:46Z,20
1912230,West,FEROZPUR,MADHRE,Planned,Closed,2026-08-01T18:41:00Z,2026-08-01T20:39:00Z,118
1912231,Border,SUB URBAN AMRITSAR,11 kv New Greenland,Unplanned,Closed,2026-08-01T18:35:00Z,2026-08-01T19:16:37Z,41
1912229,East,Zirakpur,SUNNY ENCLAVE,Unplanned,Closed,2026-08-01T18:30:00Z,2026-08-01T18:55:00Z,25
1912226,West,MUKATSAR,11 KV Sappan wali,Unplanned,Closed,2026-08-01T18:28:26Z,2026-08-01T19:14:39Z,46
1912228,East,Zirakpur,PEER MUCHHALA,Unplanned,Closed,2026-08-01T18:25:00Z,2026-08-01T19:00:00Z,35
1912227,East,Zirakpur,URBAN-3 DERABASSI,Unplanned,Closed,2026-08-01T18:17:15Z,2026-08-01T18:51:21Z,34
1912225,Central,KHANNA,CITY ONE,Unplanned,Closed,2026-08-01T18:01:19Z,2026-08-01T19:28:51Z,87
1912220,West,FEROZPUR,UPS FEEDER,Planned,Closed,2026-08-01T17:40:00Z,2026-08-01T19:20:00Z,100
1912222,East,Zirakpur,11KV BEHRA FEEDER,Unplanned,Closed,2026-08-01T17:37:42Z,2026-08-01T17:59:59Z,22
1912221,East,Zirakpur,VATIKA,Unplanned,Closed,2026-08-01T17:36:49Z,2026-08-01T17:59:12Z,22
1912223,East,Zirakpur,Bhagwanpur industry,Unplanned,Closed,2026-08-01T17:31:35Z,2026-08-01T17:59:40Z,28
1912219,Border,GURDASPUR,Seunty,Unplanned,Closed,2026-08-01T17:30:23Z,2026-08-01T18:31:45Z,61
1912217,South,SANGRUR,MASTUANA SAHIB,Unplanned,Closed,2026-08-01T17:10:51Z,2026-08-01T18:10:20Z,59
1912214,West,MUKATSAR,11 KV SUKHCHAIN,Unplanned,Closed,2026-08-01T17:09:49Z,2026-08-01T17:28:57Z,19
1912216,West,MUKATSAR,11 KV Bhagsar UPS,Unplanned,Closed,2026-08-01T17:09:41Z,2026-08-01T17:28:48Z,19
1912215,West,MUKATSAR,11 KV SARDARPURA UPS,Unplanned,Closed,2026-08-01T17:09:13Z,2026-08-01T17:28:22Z,19
1912218,South,BARNALA,QUILA REHMATGARH,Unplanned,Closed,2026-08-01T17:01:00Z,2026-08-01T17:20:00Z,19
1912213,West,FEROZPUR,COURT FEEDER,Planned,Closed,2026-08-01T16:50:00Z,2026-08-01T18:00:00Z,70
1912211,Central,KHANNA,GS Tohra,Unplanned,Closed,2026-08-01T16:34:14Z,2026-08-01T17:45:11Z,70
1912212,West,FEROZPUR,Amritsari Gate,Planned,Closed,2026-08-01T16:30:00Z,2026-08-01T18:20:00Z,110
1912210,South,PATIALA,BAGRIAN CAT-1,Unplanned,Closed,2026-08-01T16:21:00Z,2026-08-01T16:53:00Z,32
1912209,North,JALANDHAR,Sudhama Vihar,Unplanned,Closed,2026-08-01T16:16:08Z,2026-08-01T16:54:36Z,38
1912207,Border,CITY AMRITSAR,V.J.HOSPITAL,Unplanned,Closed,2026-08-01T16:02:25Z,2026-08-01T16:30:49Z,28
1912208,Border,TARN TARAN,KADD GILL UPS,Unplanned,Closed,2026-08-01T16:01:00Z,2026-08-01T18:05:00Z,124
1912206,Border,GURDASPUR,Nawan Pind,Unplanned,Closed,2026-08-01T15:50:00Z,2026-08-01T16:50:00Z,60
1912205,North,KAPURTHALA,UPS MALLIWAL,Unplanned,Closed,2026-08-01T15:46:00Z,2026-08-01T16:07:00Z,21
1912203,Border,GURDASPUR,Nawan Pind,Unplanned,Closed,2026-08-01T15:32:00Z,2026-08-01T15:45:00Z,13
1912200,Border,SUB URBAN AMRITSAR,Rupowali UPS,Unplanned,Closed,2026-08-01T15:25:40Z,2026-08-01T17:40:07Z,134
1912202,Border,TARN TARAN,JODHPUR UPS,Unplanned,Closed,2026-08-01T15:20:00Z,2026-08-01T16:10:00Z,50
1912201,Border,TARN TARAN,RASULPUR,Unplanned,Closed,2026-08-01T15:20:00Z,2026-08-01T16:10:00Z,50
1912198,West,FEROZPUR,RINGMAIN B,Planned,Closed,2026-08-01T15:15:00Z,2026-08-01T16:20:00Z,65
1912197,Border,GURDASPUR,Nawan Pind,Unplanned,Closed,2026-08-01T15:00:00Z,2026-08-01T15:30:00Z,30
1912196,South,PATIALA,ups pilkhani,Unplanned,Closed,2026-08-01T14:49:18Z,2026-08-01T15:33:16Z,43
1912193,South,SANGRUR,Kishanpura Road,Unplanned,Closed,2026-08-01T14:47:03Z,2026-08-01T15:55:20Z,68
1912194,South,SANGRUR,Manshahia Colony,Unplanned,Closed,2026-08-01T14:45:07Z,2026-08-01T15:55:45Z,70
1912191,Border,GURDASPUR,MUGRALA,Unplanned,Closed,2026-08-01T14:45:00Z,2026-08-01T15:30:00Z,45
1912195,East,Zirakpur,SILVERCITY,Unplanned,Closed,2026-08-01T14:40:00Z,2026-08-01T14:47:00Z,7
1912190,Border,SUB URBAN AMRITSAR,KARAM PURA,Planned,Closed,2026-08-01T14:30:43Z,2026-08-01T17:46:48Z,196
1912199,West,FEROZPUR,HABIB WALA,Planned,Closed,2026-08-01T14:30:00Z,2026-08-01T16:30:00Z,120
1912188,West,MUKATSAR,Lakhe ke uttar,Unplanned,Closed,2026-08-01T14:30:00Z,2026-08-01T14:59:35Z,29
1912192,East,Zirakpur,11 KV AMBALA ROAD,Unplanned,Closed,2026-08-01T14:24:00Z,2026-08-01T14:46:00Z,22
1912184,South,SANGRUR,Gurdaspura,Unplanned,Closed,2026-08-01T14:23:48Z,2026-08-01T14:42:05Z,18
1912186,East,Zirakpur,Bhabat,Unplanned,Closed,2026-08-01T14:16:00Z,2026-08-01T14:44:00Z,28
1912189,Border,SUB URBAN AMRITSAR,11 kv Baba Deep Singh colony,Planned,Closed,2026-08-01T14:10:00Z,2026-08-01T18:12:33Z,242
1912183,Border,SUB URBAN AMRITSAR,11 kv Baba Deep Singh colony,Unplanned,Closed,2026-08-01T14:05:47Z,2026-08-01T14:06:17Z,0
1912187,West,FEROZPUR,MADHRE,Planned,Closed,2026-08-01T14:05:00Z,2026-08-01T16:05:00Z,120
1912182,South,SANGRUR,24 HRS. MAHASINGHWALA,Unplanned,Closed,2026-08-01T14:00:34Z,2026-08-01T15:42:59Z,102
1912185,East,Zirakpur,HLP,Unplanned,Closed,2026-08-01T13:58:00Z,2026-08-01T14:08:00Z,10
1912178,North,JALANDHAR,LINK ROAD,Unplanned,Closed,2026-08-01T13:44:30Z,2026-08-01T14:02:50Z,18
1912181,Border,TARN TARAN,BIHARIPUR UPS,Unplanned,Closed,2026-08-01T13:40:00Z,2026-08-01T14:55:00Z,75
1912177,North,HOSHIARPUR,Pandori Attwal,Unplanned,Closed,2026-08-01T13:30:00Z,2026-08-01T14:20:00Z,50
1912176,North,HOSHIARPUR,MASTIWAL,Unplanned,Closed,2026-08-01T13:30:00Z,2026-08-01T14:20:00Z,50
1912174,East,Zirakpur,AP PAPER,Unplanned,Closed,2026-08-01T13:25:43Z,2026-08-01T13:43:58Z,18
1912180,Border,TARN TARAN,RASULPUR,Unplanned,Closed,2026-08-01T13:25:00Z,2026-08-01T15:15:00Z,110
1912179,Border,TARN TARAN,JODHPUR UPS,Unplanned,Closed,2026-08-01T13:25:00Z,2026-08-01T15:15:00Z,110
1912173,East,Zirakpur,RAM PUR SAINIAN,Unplanned,Closed,2026-08-01T13:24:00Z,2026-08-01T13:39:15Z,15
1912175,East,Zirakpur,JAI MULTI ENNG.,Unplanned,Closed,2026-08-01T13:22:20Z,2026-08-01T13:42:28Z,20
1912171,West,MUKATSAR,DAULATPURA UPS,Unplanned,Closed,2026-08-01T13:06:35Z,2026-08-01T13:35:43Z,29
1912170,West,MUKATSAR,MAUJGARH,Unplanned,Closed,2026-08-01T13:06:10Z,2026-08-01T13:34:22Z,28
1912169,North,JALANDHAR,BASANT HILLS,Unplanned,Closed,2026-08-01T13:00:53Z,2026-08-01T13:31:07Z,30
1912204,West,FARIDKOT,11KV HARINDERA NAGAR,Unplanned,Closed,2026-08-01T13:00:00Z,2026-08-01T14:24:00Z,84
1912168,South,SANGRUR,Nehri AP,Unplanned,Closed,2026-08-01T12:53:29Z,2026-08-01T14:24:41Z,91
1912167,South,SANGRUR,Akoi Sahab,Unplanned,Closed,2026-08-01T12:50:12Z,2026-08-01T14:21:23Z,91
1912172,North,JALANDHAR,UDYOG NAGAR,Unplanned,Closed,2026-08-01T12:35:00Z,2026-08-01T13:28:00Z,53
1912166,West,FEROZPUR,UPS FEEDER,Planned,Closed,2026-08-01T12:30:00Z,2026-08-01T14:30:00Z,120
1912165,East,Zirakpur,JAGAN TUBE,Unplanned,Closed,2026-08-01T12:29:00Z,2026-08-01T13:27:00Z,58
1912163,North,HOSHIARPUR,GARDIWAL,Unplanned,Closed,2026-08-01T12:20:00Z,2026-08-01T12:35:00Z,15
1912162,North,HOSHIARPUR,UNCHIBASSI,Unplanned,Closed,2026-08-01T12:20:00Z,2026-08-01T13:10:00Z,50
1912161,West,FEROZPUR,Amritsari Gate,Planned,Closed,2026-08-01T12:05:00Z,2026-08-01T14:05:00Z,120
1912160,North,HOSHIARPUR,UNCHIBASSI,Unplanned,Closed,2026-08-01T12:05:00Z,2026-08-01T12:15:00Z,10
1912158,South,SANGRUR,Maula Patti,Planned,Closed,2026-08-01T12:03:21Z,2026-08-01T12:31:54Z,28
1912159,South,PATIALA,DALIMA,Unplanned,Closed,2026-08-01T12:02:00Z,2026-08-01T13:22:00Z,80
1912164,South,PATIALA,Badungar,Planned,Closed,2026-08-01T12:00:00Z,2026-08-01T12:40:00Z,40
1912134,North,JALANDHAR,Rainak Bazar,Planned,Closed,2026-08-01T12:00:00Z,2026-08-01T14:00:00Z,120
1912133,North,JALANDHAR,SHAKTI NAGAR,Planned,Closed,2026-08-01T12:00:00Z,2026-08-01T14:00:00Z,120
1912155,East,Zirakpur,LALRU RURAL  Kandi Pure AP,Unplanned,Closed,2026-08-01T11:44:00Z,2026-08-01T12:14:00Z,30
1912157,East,Zirakpur,11kv Cosmo,Unplanned,Closed,2026-08-01T11:30:00Z,2026-08-01T11:57:00Z,27
1912156,East,Zirakpur,PRITHIM,Unplanned,Closed,2026-08-01T11:30:00Z,2026-08-01T11:56:00Z,26
1912153,East,Zirakpur,11kv Hanumant Feeder,Unplanned,Closed,2026-08-01T11:30:00Z,2026-08-01T12:16:00Z,46
1912154,South,BARNALA,Chappa UPS,Planned,Closed,2026-08-01T11:15:00Z,2026-08-01T13:15:00Z,120
1912150,West,MUKATSAR,PANJKOSI,Unplanned,Closed,2026-08-01T11:12:12Z,2026-08-01T11:44:10Z,31
1912151,North,HOSHIARPUR,PANWAN,Unplanned,Closed,2026-08-01T11:10:00Z,2026-08-01T12:05:00Z,55
1912149,North,HOSHIARPUR,KHANPUR,Unplanned,Closed,2026-08-01T11:05:00Z,2026-08-01T11:30:00Z,25
1912152,Border,SUB URBAN AMRITSAR,GOPAL NAGAR,Unplanned,Closed,2026-08-01T11:00:00Z,2026-08-01T12:45:00Z,105
1912147,South,PATIALA,Puda enclave,Planned,Closed,2026-08-01T11:00:00Z,2026-08-01T12:05:00Z,65
1912145,West,FEROZPUR,INDUSTRIAL,Planned,Closed,2026-08-01T10:55:00Z,2026-08-01T12:05:00Z,70
1912144,North,HOSHIARPUR,BETT,Unplanned,Closed,2026-08-01T10:55:00Z,2026-08-01T11:50:00Z,55
1912148,South,BARNALA,MEHAL KHURAD UPS,Planned,Closed,2026-08-01T10:50:00Z,2026-08-01T11:30:00Z,40
1912142,Border,TARN TARAN,Budha Theh,Unplanned,Closed,2026-08-01T10:43:38Z,2026-08-01T14:15:50Z,212
1912143,West,FEROZPUR,ZIRA ROAD,Planned,Closed,2026-08-01T10:42:00Z,2026-08-01T13:08:00Z,146
1912146,East,ROPAR,11 KV Kiratpur Sahib,Planned,Closed,2026-08-01T10:40:00Z,2026-08-01T11:40:00Z,60
1912138,Central,SUB URBAN LUDHIANA,Urban Victoria Collage,Planned,Closed,2026-08-01T10:30:00Z,2026-08-01T12:30:00Z,120
1912137,East,Zirakpur,Bauli Sahib,Unplanned,Closed,2026-08-01T10:14:00Z,2026-08-01T10:31:00Z,17
1912132,Border,TARN TARAN,Darbar Sahib,Planned,Closed,2026-08-01T10:00:09Z,2026-08-01T16:30:09Z,390
1912131,Border,TARN TARAN,Khadoor Sahib URBAN.,Planned,Closed,2026-08-01T10:00:09Z,2026-08-01T16:30:09Z,390
1912141,South,SANGRUR,COLLEGE ROAD,Planned,Closed,2026-08-01T10:00:00Z,2026-08-01T12:15:00Z,135
1912136,East,ROPAR,COLD STORE,Planned,Closed,2026-08-01T10:00:00Z,2026-08-01T14:00:00Z,240
1912135,East,Zirakpur,ALLWIN,Unplanned,Closed,2026-08-01T09:43:00Z,2026-08-01T10:38:00Z,55
1912127,Border,SUB URBAN AMRITSAR,PAWAN NAGAR,Unplanned,Closed,2026-08-01T09:20:00Z,2026-08-01T10:25:00Z,65
1912125,South,SANGRUR,MEHLAN AP (GRID SUNAM),Planned,Closed,2026-08-01T09:17:00Z,2026-08-01T19:00:00Z,583
1912126,South,SANGRUR,11KV UPS TOGAWAL,Unplanned,Closed,2026-08-01T09:12:51Z,2026-08-01T10:13:11Z,60
1912124,Central,KHANNA,Labour Colony,Unplanned,Closed,2026-08-01T09:07:00Z,2026-08-01T09:23:00Z,16
1912112,South,PATIALA,11 KV RAI MAJRA,Planned,Closed,2026-08-01T09:02:42Z,2026-08-01T12:02:42Z,180
1912111,South,PATIALA,Vikas Colony,Planned,Closed,2026-08-01T09:02:42Z,2026-08-01T10:23:42Z,81
1912110,South,PATIALA,Nehru Park,Planned,Closed,2026-08-01T09:02:42Z,2026-08-01T12:02:42Z,180
1912109,South,PATIALA,Sirhind Road,Planned,Closed,2026-08-01T09:02:42Z,2026-08-01T10:21:42Z,79
1912108,South,PATIALA,Mall Road,Planned,Closed,2026-08-01T09:02:42Z,2026-08-01T10:21:42Z,79
1912041,North,JALANDHAR,11KV LAXMI PURA,Planned,Closed,2026-08-01T08:30:16Z,2026-08-01T10:30:16Z,120
1912040,North,JALANDHAR,LADOWALI ROAD,Planned,Closed,2026-08-01T08:30:16Z,2026-08-01T09:35:16Z,65
1912123,South,SANGRUR,DHIBER BASTI,Unplanned,Closed,2026-08-01T08:00:00Z,2026-08-01T08:30:00Z,30
1912121,Border,GURDASPUR,Dalia,Unplanned,Closed,2026-08-01T07:50:00Z,2026-08-01T10:02:00Z,132
1912122,Border,TARN TARAN,GOINDWAL SAHIB URBAN..,Unplanned,Closed,2026-08-01T07:45:00Z,2026-08-01T10:05:00Z,140
1912120,West,MUKATSAR,11 KV Sappan wali,Unplanned,Closed,2026-08-01T07:05:17Z,2026-08-01T08:30:34Z,85
1912140,Border,TARN TARAN,Budha Theh,Unplanned,Closed,2026-08-01T05:10:41Z,2026-08-01T05:11:25Z,0
1912266,North,JALANDHAR,EKTA NAGAR,Unplanned,Closed,2026-08-01T01:42:00Z,2026-08-01T02:59:03Z,77
1912118,South,SANGRUR,KATRON Cat.1,Unplanned,Closed,2026-08-01T00:05:00Z,2026-08-01T00:35:00Z,30
