outage_id,Zone,Circle,Feeder,Type of Outage,Status,Start Time,End Time,Diff in mins
1947197,South,PATIALA,HARINDER NAGAR,Planned,Active,2026-09-27T14:00:00Z,2026-09-27T16:00:00Z,120
1947598,Central,CITY WEST LUDHIANA,ADARSH,Planned,Active,2026-09-27T13:58:11Z,2026-09-27T14:30:00Z,31
1947596,South,BARNALA,UPS DULMAN,Planned,Active,2026-09-27T13:45:28Z,2026-09-27T14:45:35Z,60
1947597,Central,SUB URBAN LUDHIANA,Urban Raikot Adda ( City-1),Unplanned,Active,2026-09-27T13:40:00Z,2026-09-27T16:00:00Z,140
1947595,South,BARNALA,NABHA PAPER MILL,Unplanned,Active,2026-09-27T13:30:42Z,2026-09-27T15:00:00Z,89
1947590,South,BARNALA,LUDHIANA ROAD,Planned,Active,2026-09-27T13:30:07Z,2026-09-27T14:30:10Z,60
1947594,Border,GURDASPUR,TRUCK UNION,Unplanned,Active,2026-09-27T13:30:00Z,2026-09-27T15:00:00Z,90
1947592,Central,SUB URBAN LUDHIANA,RACHHIN,Unplanned,Active,2026-09-27T13:30:00Z,2026-09-27T16:00:00Z,150
1947593,East,MOHALI,BANUR URBAN 1,Unplanned,Active,2026-09-27T13:24:00Z,2026-09-27T14:24:00Z,60
1947589,North,NAWANSHAHR,Industry,Unplanned,Closed,2026-09-27T13:18:00Z,2026-09-27T13:28:00Z,10
1947583,East,Zirakpur,WATER WORKS HANDESRA,Unplanned,Active,2026-09-27T13:12:00Z,2026-09-27T14:00:00Z,48
1947574,South,SANGRUR,SAMURAN A+B (GRID DIRBA),Unplanned,Closed,2026-09-27T13:11:14Z,2026-09-27T13:50:35Z,39
1947588,Border,GURDASPUR,Tharial,Unplanned,Active,2026-09-27T13:10:00Z,2026-09-27T14:10:00Z,60
1947566,North,KAPURTHALA,MALL ROAD URBAN,Unplanned,Active,2026-09-27T13:10:00Z,2026-09-27T14:32:00Z,82
1947587,Central,CITY WEST LUDHIANA,Texla Road,Planned,Active,2026-09-27T13:09:41Z,2026-09-27T17:00:00Z,230
1947586,Central,CITY WEST LUDHIANA,SUDHIR FORGING,Planned,Active,2026-09-27T13:09:41Z,2026-09-27T17:00:00Z,230
1947585,Central,CITY WEST LUDHIANA,V K CONCAST,Planned,Active,2026-09-27T13:09:41Z,2026-09-27T17:00:00Z,230
1947584,Central,CITY WEST LUDHIANA,OSWAL ALLOY,Planned,Active,2026-09-27T13:09:41Z,2026-09-27T17:00:00Z,230
1947582,Central,CITY WEST LUDHIANA,KANGANWAL,Planned,Active,2026-09-27T13:09:41Z,2026-09-27T17:00:00Z,230
1947581,Central,CITY WEST LUDHIANA,Ujala,Planned,Active,2026-09-27T13:09:41Z,2026-09-27T17:00:00Z,230
1947580,Central,CITY WEST LUDHIANA,VAIDYA ALLOY,Planned,Active,2026-09-27T13:09:41Z,2026-09-27T17:00:00Z,230
1947579,Central,CITY WEST LUDHIANA,DEMARTE,Planned,Active,2026-09-27T13:09:41Z,2026-09-27T17:00:00Z,230
1947578,Central,CITY WEST LUDHIANA,D.M.K,Planned,Active,2026-09-27T13:09:41Z,2026-09-27T17:00:00Z,230
1947577,Central,CITY WEST LUDHIANA,KL Ispat,Planned,Active,2026-09-27T13:09:41Z,2026-09-27T17:00:00Z,230
1947576,Central,CITY WEST LUDHIANA,NORTH STAR,Planned,Active,2026-09-27T13:09:41Z,2026-09-27T17:00:00Z,230
1947575,Central,CITY WEST LUDHIANA,DURGA CONCAST,Planned,Active,2026-09-27T13:09:41Z,2026-09-27T17:00:00Z,230
1947573,Central,CITY WEST LUDHIANA,Pawa Road,Planned,Active,2026-09-27T13:09:41Z,2026-09-27T17:00:00Z,230
1947572,Central,CITY WEST LUDHIANA,KABIR EMPAX,Planned,Active,2026-09-27T13:09:41Z,2026-09-27T17:00:00Z,230
1947571,Central,CITY WEST LUDHIANA,Batta,Planned,Active,2026-09-27T13:09:41Z,2026-09-27T17:00:00Z,230
1947570,Central,CITY WEST LUDHIANA,RAJ CASTING,Planned,Active,2026-09-27T13:09:41Z,2026-09-27T17:00:00Z,230
1947569,Central,CITY WEST LUDHIANA,ANAND MANGAL,Planned,Active,2026-09-27T13:09:41Z,2026-09-27T17:00:00Z,230
1947568,Central,CITY WEST LUDHIANA,PROMINENT,Planned,Active,2026-09-27T13:09:41Z,2026-09-27T17:00:00Z,230
1947567,Central,CITY WEST LUDHIANA,Shiv Kripa,Planned,Active,2026-09-27T13:09:41Z,2026-09-27T17:00:00Z,230
1947565,Central,CITY WEST LUDHIANA,AMRIT RUBBER,Planned,Active,2026-09-27T13:09:41Z,2026-09-27T17:00:00Z,230
1947564,Central,CITY WEST LUDHIANA,SINGLA COLONY,Planned,Active,2026-09-27T13:09:41Z,2026-09-27T17:00:00Z,230
1947562,West,MUKATSAR,11 KV SAIDANWALI,Unplanned,Active,2026-09-27T13:09:04Z,2026-09-27T13:50:00Z,40
1947560,East,ROPAR,ACME HEIGHT,Planned,Closed,2026-09-27T13:09:00Z,2026-09-27T13:21:00Z,12
1947559,East,ROPAR,Swaraj,Planned,Closed,2026-09-27T13:09:00Z,2026-09-27T13:21:00Z,12
1947558,East,ROPAR,11KV Shvalik Heights,Planned,Closed,2026-09-27T13:09:00Z,2026-09-27T13:21:00Z,12
1947557,East,ROPAR,11KV Gillco Velly,Planned,Closed,2026-09-27T13:09:00Z,2026-09-27T13:21:00Z,12
1947591,Border,SUB URBAN AMRITSAR,Byepas Verka,Unplanned,Active,2026-09-27T13:05:00Z,2026-09-27T15:00:00Z,115
1947561,South,BARNALA,MANVI CAT.1,Unplanned,Closed,2026-09-27T13:05:00Z,2026-09-27T13:45:38Z,40
1947563,North,JALANDHAR,PRAGPUR,Unplanned,Closed,2026-09-27T13:01:00Z,2026-09-27T13:40:00Z,39
1947551,South,BARNALA,MALERKOTLA-2,Planned,Active,2026-09-27T12:51:41Z,2026-09-27T13:51:44Z,60
1947550,North,JALANDHAR,GT ROAD,Unplanned,Closed,2026-09-27T12:50:00Z,2026-09-27T12:55:00Z,5
1947549,North,JALANDHAR,VIP,Unplanned,Active,2026-09-27T12:50:00Z,2026-09-27T14:00:00Z,70
1947548,East,MOHALI,JANTI DEVI,Unplanned,Closed,2026-09-27T12:47:38Z,2026-09-27T13:29:50Z,42
1947546,Central,KHANNA,SHAMASHPUR,Planned,Active,2026-09-27T12:47:00Z,2026-09-27T14:00:00Z,73
1947553,North,JALANDHAR,CITY2,Unplanned,Active,2026-09-27T12:45:00Z,2026-09-27T14:00:00Z,75
1947545,Border,CITY AMRITSAR,BABA DEEP SINGH,Unplanned,Closed,2026-09-27T12:44:00Z,2026-09-27T12:59:10Z,15
1947552,Border,SUB URBAN AMRITSAR,MES,Unplanned,Closed,2026-09-27T12:43:00Z,2026-09-27T12:55:00Z,12
1947544,North,NAWANSHAHR,SHAHPUR,Unplanned,Active,2026-09-27T12:42:00Z,2026-09-27T14:42:00Z,120
1947547,North,JALANDHAR,Pandori,Unplanned,Closed,2026-09-27T12:40:00Z,2026-09-27T13:25:00Z,45
1947543,North,JALANDHAR,11 KV MAKSUDPUR,Unplanned,Closed,2026-09-27T12:35:25Z,2026-09-27T13:37:01Z,61
1947542,East,ROPAR,TIBBA TAPPRIAN,Unplanned,Closed,2026-09-27T12:33:00Z,2026-09-27T12:46:00Z,13
1947541,South,SANGRUR,Kandhargarh,Unplanned,Closed,2026-09-27T12:30:17Z,2026-09-27T13:20:05Z,49
1947556,South,PATIALA,UPS 1,Unplanned,Closed,2026-09-27T12:30:00Z,2026-09-27T13:45:00Z,75
1947555,West,BATHINDA,MIRPUR,Unplanned,Closed,2026-09-27T12:30:00Z,2026-09-27T13:35:31Z,65
1947554,South,PATIALA,UPS 2,Unplanned,Closed,2026-09-27T12:30:00Z,2026-09-27T13:45:00Z,75
1947540,Border,SUB URBAN AMRITSAR,RAJASANSI/HC,Unplanned,Active,2026-09-27T12:30:00Z,2026-09-27T14:00:00Z,90
1947535,Central,KHANNA,Sokhi,Planned,Closed,2026-09-27T12:30:00Z,2026-09-27T13:00:00Z,30
1947537,West,MUKATSAR,11 KV Bhagsar UPS,Unplanned,Closed,2026-09-27T12:25:29Z,2026-09-27T13:27:34Z,62
1947536,West,MUKATSAR,11 KV SUKHCHAIN,Unplanned,Closed,2026-09-27T12:25:01Z,2026-09-27T13:27:11Z,62
1947539,West,BATHINDA,Mastuana Sahib,Unplanned,Closed,2026-09-27T12:25:00Z,2026-09-27T12:58:00Z,33
1947538,North,NAWANSHAHR,BORA,Unplanned,Active,2026-09-27T12:25:00Z,2026-09-27T14:25:00Z,120
1947534,North,HOSHIARPUR,Abdulapur,Unplanned,Closed,2026-09-27T12:20:00Z,2026-09-27T13:10:00Z,50
1947533,West,MUKATSAR,11 KV Alamgarh,Unplanned,Closed,2026-09-27T12:19:25Z,2026-09-27T13:04:35Z,45
1947532,North,HOSHIARPUR,CHACK,Unplanned,Closed,2026-09-27T12:15:00Z,2026-09-27T12:55:00Z,40
1947530,Border,GURDASPUR,Chhaurian,Unplanned,Active,2026-09-27T12:13:00Z,2026-09-27T14:00:00Z,107
1947525,Central,CITY WEST LUDHIANA,Shiv Shakti,Unplanned,Closed,2026-09-27T12:12:03Z,2026-09-27T13:13:03Z,61
1947528,Border,GURDASPUR,Goal,Unplanned,Active,2026-09-27T12:12:00Z,2026-09-27T14:00:00Z,108
1947526,South,SANGRUR,11 KV SANGTIWALA AP,Planned,Closed,2026-09-27T12:12:00Z,2026-09-27T13:12:00Z,60
1947531,West,FARIDKOT,HARDIAL NAGAR,Planned,Closed,2026-09-27T12:10:00Z,2026-09-27T12:20:00Z,10
1947527,North,KAPURTHALA,URBAN CITY,Unplanned,Active,2026-09-27T12:08:00Z,2026-09-27T13:58:00Z,110
1947524,North,HOSHIARPUR,RAM MANDIR,Planned,Closed,2026-09-27T12:08:00Z,2026-09-27T12:56:00Z,48
1947523,Central,CITY WEST LUDHIANA,STAR ROAD FEEDER,Unplanned,Closed,2026-09-27T12:06:10Z,2026-09-27T12:49:52Z,43
1947529,South,PATIALA,Industrial ( N),Planned,Active,2026-09-27T12:01:00Z,2026-09-27T13:42:00Z,101
1947195,West,MUKATSAR,11 kv Madhir Road cat 1,Planned,Active,2026-09-27T12:00:30Z,2026-09-27T17:00:30Z,300
1947194,West,MUKATSAR,11 Kv Babania UPS,Planned,Active,2026-09-27T12:00:30Z,2026-09-27T17:00:30Z,300
1947193,West,MUKATSAR,Bharu chownk,Planned,Active,2026-09-27T12:00:30Z,2026-09-27T17:00:30Z,300
1947192,West,MUKATSAR,11 KV COURT COMPLEX,Planned,Active,2026-09-27T12:00:30Z,2026-09-27T17:00:30Z,300
1947191,West,MUKATSAR,11 KV Industrial Feeder,Planned,Active,2026-09-27T12:00:30Z,2026-09-27T17:00:30Z,300
1947349,North,JALANDHAR,M.G.N,Planned,Active,2026-09-27T12:00:00Z,2026-09-27T15:00:00Z,180
1947196,South,PATIALA,Focal Point-III,Planned,Active,2026-09-27T12:00:00Z,2026-09-27T16:00:00Z,240
1947521,West,BATHINDA,11KV Gill Patti,Planned,Closed,2026-09-27T11:58:00Z,2026-09-27T12:32:00Z,34
1947522,South,BARNALA,MALERKOTLA UPS,Unplanned,Closed,2026-09-27T11:50:00Z,2026-09-27T13:45:02Z,115
1947518,West,BATHINDA,Aklia(UPS),Planned,Active,2026-09-27T11:50:00Z,2026-09-27T15:00:00Z,190
1947519,South,SANGRUR,Bakhopir II,Unplanned,Active,2026-09-27T11:48:01Z,2026-09-27T12:50:00Z,61
1947515,Border,SUB URBAN AMRITSAR,URBAN KAKKAR,Unplanned,Closed,2026-09-27T11:44:43Z,2026-09-27T13:15:00Z,90
1947514,Border,SUB URBAN AMRITSAR,GUMTALA,Unplanned,Closed,2026-09-27T11:44:43Z,2026-09-27T13:20:00Z,95
1947520,South,BARNALA,LOHA BAZAR,Unplanned,Closed,2026-09-27T11:40:00Z,2026-09-27T12:30:31Z,50
1947517,North,HOSHIARPUR,Bihala,Unplanned,Closed,2026-09-27T11:40:00Z,2026-09-27T12:25:00Z,45
1947516,North,HOSHIARPUR,BASSI,Unplanned,Closed,2026-09-27T11:40:00Z,2026-09-27T13:20:00Z,100
1947512,South,BARNALA,CHANNA ROAD,Planned,Active,2026-09-27T11:30:00Z,2026-09-27T16:00:00Z,270
1947511,North,HOSHIARPUR,SUSANA,Unplanned,Closed,2026-09-27T11:30:00Z,2026-09-27T12:15:00Z,45
1947510,North,NAWANSHAHR,JAGATPUR,Unplanned,Closed,2026-09-27T11:30:00Z,2026-09-27T11:55:00Z,25
1947509,North,NAWANSHAHR,CITY GARHSHANKAR,Unplanned,Closed,2026-09-27T11:30:00Z,2026-09-27T11:50:00Z,20
1947508,North,NAWANSHAHR,Aujla,Unplanned,Closed,2026-09-27T11:30:00Z,2026-09-27T11:54:25Z,24
1947507,North,NAWANSHAHR,UPS No. 2,Unplanned,Closed,2026-09-27T11:30:00Z,2026-09-27T11:53:54Z,23
1947501,North,JALANDHAR,NEW WARYANA COMPLEX NO.1,Unplanned,Closed,2026-09-27T11:17:00Z,2026-09-27T11:32:00Z,15
1947502,Border,CITY AMRITSAR,BIBI KAULAN JI,Planned,Closed,2026-09-27T11:15:17Z,2026-09-27T11:20:45Z,5
1947506,North,HOSHIARPUR,KHAROUDI,Unplanned,Closed,2026-09-27T11:15:00Z,2026-09-27T11:35:00Z,20
1947504,West,FARIDKOT,11 KV BILASPUR UPS,Planned,Closed,2026-09-27T11:12:00Z,2026-09-27T11:40:00Z,28
1947505,West,FARIDKOT,11KN NEW RAMA UPS,Planned,Active,2026-09-27T11:10:00Z,2026-09-27T13:00:00Z,110
1947500,North,JALANDHAR,HAZARA,Unplanned,Closed,2026-09-27T11:10:00Z,2026-09-27T11:40:00Z,30
1947499,North,HOSHIARPUR,Patti,Unplanned,Closed,2026-09-27T11:10:00Z,2026-09-27T11:55:00Z,45
1947503,South,PATIALA,FOCAL POINT-IV,Unplanned,Closed,2026-09-27T11:08:00Z,2026-09-27T13:05:00Z,117
1947486,Central,CITY WEST LUDHIANA,JANTA NAGAR,Planned,Closed,2026-09-27T11:06:49Z,2026-09-27T11:36:23Z,29
1947487,Central,CITY WEST LUDHIANA,JVR,Planned,Closed,2026-09-27T11:06:42Z,2026-09-27T11:36:59Z,30
1947488,Central,CITY WEST LUDHIANA,AS CASTING,Planned,Closed,2026-09-27T11:06:11Z,2026-09-27T11:36:24Z,30
1947492,South,SANGRUR,UPS Badshahpur,Unplanned,Closed,2026-09-27T11:05:45Z,2026-09-27T11:50:05Z,44
1947493,Border,GURDASPUR,IGC,Unplanned,Closed,2026-09-27T11:05:00Z,2026-09-27T11:35:00Z,30
1947491,East,MOHALI,11KV BHARATPUR AP,Planned,Closed,2026-09-27T11:05:00Z,2026-09-27T12:35:00Z,90
1947490,North,HOSHIARPUR,PEALAN,Unplanned,Closed,2026-09-27T11:05:00Z,2026-09-27T11:50:00Z,45
1947489,East,MOHALI,11 KV GIDDARPUR AP,Planned,Closed,2026-09-27T11:05:00Z,2026-09-27T12:35:00Z,90
1947485,East,MOHALI,11kv Saidpura,Planned,Closed,2026-09-27T11:00:00Z,2026-09-27T12:35:00Z,95
1947484,East,MOHALI,11 KV CHADIALA UPS,Planned,Closed,2026-09-27T11:00:00Z,2026-09-27T12:35:00Z,95
1947383,North,JALANDHAR,KOTLA ROAD,Planned,Active,2026-09-27T11:00:00Z,2026-09-27T17:00:00Z,360
1947382,North,JALANDHAR,Hargobind Nagar,Planned,Active,2026-09-27T11:00:00Z,2026-09-27T15:00:00Z,240
1947380,North,JALANDHAR,DHOGRI,Planned,Active,2026-09-27T11:00:00Z,2026-09-27T15:00:00Z,240
1947379,North,JALANDHAR,RAI PUR,Planned,Active,2026-09-27T11:00:00Z,2026-09-27T15:00:00Z,240
1947378,North,JALANDHAR,SAROOP NAGAR,Planned,Active,2026-09-27T11:00:00Z,2026-09-27T13:00:00Z,120
1947377,North,JALANDHAR,11 KV MEDLEY,Planned,Active,2026-09-27T11:00:00Z,2026-09-27T15:00:00Z,240
1947376,North,JALANDHAR,G.D.P.A.,Planned,Active,2026-09-27T11:00:00Z,2026-09-27T15:00:00Z,240
1947375,North,JALANDHAR,H.B GLOBAL,Planned,Active,2026-09-27T11:00:00Z,2026-09-27T15:00:00Z,240
1947374,North,JALANDHAR,BALLAN,Planned,Active,2026-09-27T11:00:00Z,2026-09-27T15:00:00Z,240
1947373,North,JALANDHAR,NURPUR UPS,Planned,Active,2026-09-27T11:00:00Z,2026-09-27T15:00:00Z,240
1947372,North,JALANDHAR,J.M.P,Planned,Active,2026-09-27T11:00:00Z,2026-09-27T15:00:00Z,240
1947370,North,JALANDHAR,Telbro,Planned,Active,2026-09-27T11:00:00Z,2026-09-27T15:00:00Z,240
1947369,North,JALANDHAR,Hamco Power,Planned,Active,2026-09-27T11:00:00Z,2026-09-27T15:00:00Z,240
1947368,North,JALANDHAR,PUNJABI BAGH,Planned,Active,2026-09-27T11:00:00Z,2026-09-27T15:00:00Z,240
1947367,North,JALANDHAR,BHARAT,Planned,Active,2026-09-27T11:00:00Z,2026-09-27T16:00:00Z,300
1947366,North,JALANDHAR,11 KV J.J.COLONY,Planned,Active,2026-09-27T11:00:00Z,2026-09-27T15:00:00Z,240
1947365,North,JALANDHAR,PATHANKOT ROAD,Planned,Active,2026-09-27T11:00:00Z,2026-09-27T15:00:00Z,240
1947481,South,PATIALA,OPH,Planned,Active,2026-09-27T10:51:46Z,2026-09-27T17:00:00Z,368
1947479,Border,GURDASPUR,Saidipur,Unplanned,Closed,2026-09-27T10:46:00Z,2026-09-27T11:25:00Z,39
1947478,Border,GURDASPUR,Taragarh,Unplanned,Closed,2026-09-27T10:46:00Z,2026-09-27T11:25:00Z,39
1947498,East,MOHALI,NAYA GAON,Unplanned,Closed,2026-09-27T10:42:38Z,2026-09-27T11:57:32Z,74
1947497,East,MOHALI,Janta colony,Unplanned,Closed,2026-09-27T10:41:38Z,2026-09-27T12:59:09Z,137
1947496,East,MOHALI,Nirankari feeder,Unplanned,Closed,2026-09-27T10:41:38Z,2026-09-27T12:59:55Z,138
1947477,Central,KHANNA,SHAMASHPUR,Unplanned,Closed,2026-09-27T10:40:00Z,2026-09-27T12:34:00Z,114
1947483,South,BARNALA,Sanghera Road,Planned,Active,2026-09-27T10:35:00Z,2026-09-27T14:48:00Z,253
1947476,West,BATHINDA,MEHMA,Planned,Active,2026-09-27T10:34:00Z,2026-09-27T15:00:00Z,266
1947482,West,BATHINDA,KALALWALA,Planned,Closed,2026-09-27T10:33:00Z,2026-09-27T11:43:00Z,70
1947480,South,PATIALA,DANBURY YARN,Unplanned,Closed,2026-09-27T10:30:00Z,2026-09-27T11:50:00Z,80
1947474,Border,GURDASPUR,Irrigation,Unplanned,Closed,2026-09-27T10:30:00Z,2026-09-27T10:50:00Z,20
1947473,Border,GURDASPUR,Azizpur,Unplanned,Closed,2026-09-27T10:30:00Z,2026-09-27T10:50:00Z,20
1947472,East,MOHALI,11 KV Mohali Vill.,Unplanned,Closed,2026-09-27T10:29:50Z,2026-09-27T10:57:57Z,28
1947470,West,BATHINDA,SHAKTI VIHAR,Unplanned,Closed,2026-09-27T10:22:00Z,2026-09-27T10:54:00Z,32
1947469,West,BATHINDA,MODEL TOWN PHASE-4&5,Unplanned,Closed,2026-09-27T10:22:00Z,2026-09-27T10:53:00Z,31
1947475,North,HOSHIARPUR,Meeranpur UPS,Unplanned,Closed,2026-09-27T10:20:00Z,2026-09-27T10:35:00Z,15
1947471,Central,KHANNA,Chander Lok,Unplanned,Closed,2026-09-27T10:16:00Z,2026-09-27T12:11:00Z,115
1947495,West,FARIDKOT,11 KV GAJJANWALA-U-CAT-01,Unplanned,Active,2026-09-27T10:15:44Z,2026-09-27T13:00:44Z,165
1947494,West,FARIDKOT,11 KV JAIMALWALA-UPS,Unplanned,Active,2026-09-27T10:15:44Z,2026-09-27T13:00:44Z,165
1947466,North,NAWANSHAHR,CITY II,Unplanned,Closed,2026-09-27T10:15:00Z,2026-09-27T11:55:00Z,100
1947464,West,BATHINDA,NAVI BASTI,Planned,Closed,2026-09-27T10:15:00Z,2026-09-27T10:50:09Z,35
1947468,North,KAPURTHALA,UPS Saidowal,Unplanned,Closed,2026-09-27T10:10:00Z,2026-09-27T10:30:00Z,20
1947467,North,NAWANSHAHR,CHANDIANI,Unplanned,Closed,2026-09-27T10:10:00Z,2026-09-27T10:35:00Z,25
1947460,South,PATIALA,Mallltex,Unplanned,Active,2026-09-27T10:06:22Z,2026-09-27T12:36:34Z,150
1947462,West,MUKATSAR,11 KV Sappan wali,Unplanned,Closed,2026-09-27T10:06:00Z,2026-09-27T10:38:00Z,32
1947461,Border,SUB URBAN AMRITSAR,District Shopping complex (DSC),Unplanned,Closed,2026-09-27T10:06:00Z,2026-09-27T10:31:00Z,25
1947458,West,MUKATSAR,11 KV KANDHWALA Road Urban,Unplanned,Closed,2026-09-27T10:01:41Z,2026-09-27T10:33:45Z,32
1947298,Central,CITY WEST LUDHIANA,MUNJAL FEEDER,Planned,Active,2026-09-27T10:00:04Z,2026-09-27T14:00:51Z,240
1947296,Central,CITY WEST LUDHIANA,AZAD NAGAR FEEDER,Planned,Closed,2026-09-27T10:00:04Z,2026-09-27T11:24:40Z,84
1947295,Central,CITY WEST LUDHIANA,HERKRISHAN NAGAR FEEDER,Planned,Active,2026-09-27T10:00:04Z,2026-09-27T14:00:51Z,240
1947287,North,JALANDHAR,SEMI,Planned,Active,2026-09-27T10:00:01Z,2026-09-27T15:00:01Z,300
1947286,North,JALANDHAR,BONE MILL,Planned,Active,2026-09-27T10:00:01Z,2026-09-27T15:00:01Z,300
1947285,North,JALANDHAR,LOVELY,Planned,Active,2026-09-27T10:00:01Z,2026-09-27T15:00:01Z,300
1947284,North,JALANDHAR,Nanak Nagri,Planned,Active,2026-09-27T10:00:01Z,2026-09-27T15:00:01Z,300
1947283,North,JALANDHAR,MANDI,Planned,Active,2026-09-27T10:00:01Z,2026-09-27T15:00:01Z,300
1947282,North,JALANDHAR,THIRD WIRE,Planned,Active,2026-09-27T10:00:01Z,2026-09-27T15:00:01Z,300
1947459,North,JALANDHAR,INDUSTRY AREA,Planned,Active,2026-09-27T10:00:00Z,2026-09-27T14:00:00Z,240
1947444,South,BARNALA,INDUSTRIAL RATOLAN,Planned,Active,2026-09-27T10:00:00Z,2026-09-27T17:00:00Z,420
1947443,South,BARNALA,DHURI ROAD,Planned,Active,2026-09-27T10:00:00Z,2026-09-27T17:00:00Z,420
1947392,North,JALANDHAR,PILOT,Planned,Active,2026-09-27T10:00:00Z,2026-09-27T14:00:00Z,240
1947391,North,JALANDHAR,SANJAY GANDHI NAGAR,Planned,Active,2026-09-27T10:00:00Z,2026-09-27T14:00:00Z,240
1947390,North,JALANDHAR,RANDHAWA MASANDA,Planned,Active,2026-09-27T10:00:00Z,2026-09-27T17:00:00Z,420
1947389,North,JALANDHAR,Star,Planned,Active,2026-09-27T10:00:00Z,2026-09-27T17:00:00Z,420
1947388,North,JALANDHAR,GURU NANAK,Planned,Active,2026-09-27T10:00:00Z,2026-09-27T17:00:00Z,420
1947386,North,JALANDHAR,RAM VIHAR,Planned,Active,2026-09-27T10:00:00Z,2026-09-27T17:00:00Z,420
1947384,North,JALANDHAR,TOWER,Planned,Active,2026-09-27T10:00:00Z,2026-09-27T17:00:00Z,420
1947348,North,JALANDHAR,DRY LEATHER COMPLEX,Planned,Active,2026-09-27T10:00:00Z,2026-09-27T14:00:00Z,240
1947347,North,JALANDHAR,FLAIR INTERNATIONAL,Planned,Active,2026-09-27T10:00:00Z,2026-09-27T14:00:00Z,240
1947346,North,JALANDHAR,BASTI PEER DAD,Planned,Closed,2026-09-27T10:00:00Z,2026-09-27T11:35:00Z,95
1947168,South,SANGRUR,KATRON Cat.1,Planned,Active,2026-09-27T10:00:00Z,2026-09-27T17:00:00Z,420
1947453,North,NAWANSHAHR,JAGATPUR,Unplanned,Closed,2026-09-27T09:52:00Z,2026-09-27T10:52:00Z,60
1947451,North,NAWANSHAHR,Aujla,Unplanned,Closed,2026-09-27T09:52:00Z,2026-09-27T10:52:00Z,60
1947450,North,NAWANSHAHR,UPS No. 2,Unplanned,Closed,2026-09-27T09:52:00Z,2026-09-27T10:52:00Z,60
1947454,Border,TARN TARAN,11 KV Sur Singh Urban new,Unplanned,Closed,2026-09-27T09:50:00Z,2026-09-27T10:08:00Z,18
1947448,South,PATIALA,PATIALA RAOD,Unplanned,Closed,2026-09-27T09:47:29Z,2026-09-27T10:01:44Z,14
1947463,South,BARNALA,BARNALA ROAD CITY,Planned,Closed,2026-09-27T09:40:00Z,2026-09-27T10:25:00Z,45
1947457,West,FARIDKOT,MEHMOANA UPS,Planned,Closed,2026-09-27T09:40:00Z,2026-09-27T10:15:00Z,35
1947452,West,BATHINDA,Amardas Nagar,Unplanned,Closed,2026-09-27T09:40:00Z,2026-09-27T11:06:00Z,86
1947456,West,BATHINDA,Bhai Desa,Unplanned,Active,2026-09-27T09:36:00Z,2026-09-27T14:01:00Z,265
1947465,West,BATHINDA,MAUR KHURD,Planned,Active,2026-09-27T09:33:00Z,2026-09-27T14:27:00Z,294
1947447,West,BATHINDA,AJIT ROAD,Unplanned,Closed,2026-09-27T09:30:00Z,2026-09-27T11:00:00Z,90
1947446,North,HOSHIARPUR,SUSANA,Unplanned,Closed,2026-09-27T09:30:00Z,2026-09-27T11:20:00Z,110
1947445,North,HOSHIARPUR,11KV UPS TERKIANA,Unplanned,Closed,2026-09-27T09:30:00Z,2026-09-27T09:45:00Z,15
1947437,South,SANGRUR,BABA SAHID AP,Planned,Closed,2026-09-27T09:25:07Z,2026-09-27T13:00:41Z,215
1947455,Central,KHANNA,jagat colony,Unplanned,Closed,2026-09-27T09:25:00Z,2026-09-27T11:05:00Z,100
1947442,East,ROPAR,BAINS,Unplanned,Closed,2026-09-27T09:24:00Z,2026-09-27T10:13:00Z,49
1947441,West,MUKATSAR,New Patrewala UPS,Unplanned,Closed,2026-09-27T09:21:00Z,2026-09-27T09:48:00Z,27
1947440,West,MUKATSAR,11 KV Patrewala,Unplanned,Closed,2026-09-27T09:21:00Z,2026-09-27T09:48:00Z,27
1947438,North,NAWANSHAHR,Barnala Gate,Unplanned,Closed,2026-09-27T09:20:00Z,2026-09-27T11:10:00Z,110
1947434,South,SANGRUR,SIDH BHOHI,Planned,Closed,2026-09-27T09:12:23Z,2026-09-27T11:35:17Z,142
1947436,East,ROPAR,11 KV Kotla,Unplanned,Closed,2026-09-27T09:05:00Z,2026-09-27T10:22:00Z,77
1947439,West,MUKATSAR,11 KV NAI ABADI,Unplanned,Closed,2026-09-27T09:03:00Z,2026-09-27T10:33:00Z,90
1947435,North,HOSHIARPUR,MANJPUR,Unplanned,Closed,2026-09-27T09:02:00Z,2026-09-27T09:22:00Z,20
1947269,Central,CITY WEST LUDHIANA,Texla Road,Planned,Closed,2026-09-27T09:00:00Z,2026-09-27T13:00:00Z,240
1947268,Central,CITY WEST LUDHIANA,SUDHIR FORGING,Planned,Closed,2026-09-27T09:00:00Z,2026-09-27T13:00:00Z,240
1947267,Central,CITY WEST LUDHIANA,V K CONCAST,Planned,Closed,2026-09-27T09:00:00Z,2026-09-27T13:00:00Z,240
1947266,Central,CITY WEST LUDHIANA,OSWAL ALLOY,Planned,Closed,2026-09-27T09:00:00Z,2026-09-27T13:00:00Z,240
1947264,Central,CITY WEST LUDHIANA,KANGANWAL,Planned,Closed,2026-09-27T09:00:00Z,2026-09-27T13:00:00Z,240
1947263,Central,CITY WEST LUDHIANA,Ujala,Planned,Closed,2026-09-27T09:00:00Z,2026-09-27T13:00:00Z,240
1947262,Central,CITY WEST LUDHIANA,VAIDYA ALLOY,Planned,Closed,2026-09-27T09:00:00Z,2026-09-27T13:00:00Z,240
1947259,Central,CITY WEST LUDHIANA,DEMARTE,Planned,Closed,2026-09-27T09:00:00Z,2026-09-27T13:00:00Z,240
1947258,Central,CITY WEST LUDHIANA,D.M.K,Planned,Closed,2026-09-27T09:00:00Z,2026-09-27T13:00:00Z,240
1947257,Central,CITY WEST LUDHIANA,KL Ispat,Planned,Closed,2026-09-27T09:00:00Z,2026-09-27T13:00:00Z,240
1947256,Central,CITY WEST LUDHIANA,NORTH STAR,Planned,Closed,2026-09-27T09:00:00Z,2026-09-27T13:00:00Z,240
1947255,Central,CITY WEST LUDHIANA,DURGA CONCAST,Planned,Closed,2026-09-27T09:00:00Z,2026-09-27T13:00:00Z,240
1947254,Central,CITY WEST LUDHIANA,Pawa Road,Planned,Closed,2026-09-27T09:00:00Z,2026-09-27T13:00:00Z,240
1947253,Central,CITY WEST LUDHIANA,KABIR EMPAX,Planned,Closed,2026-09-27T09:00:00Z,2026-09-27T13:00:00Z,240
1947252,Central,CITY WEST LUDHIANA,Batta,Planned,Closed,2026-09-27T09:00:00Z,2026-09-27T13:00:00Z,240
1947251,Central,CITY WEST LUDHIANA,RAJ CASTING,Planned,Closed,2026-09-27T09:00:00Z,2026-09-27T13:00:00Z,240
1947250,Central,CITY WEST LUDHIANA,ANAND MANGAL,Planned,Closed,2026-09-27T09:00:00Z,2026-09-27T13:00:00Z,240
1947249,Central,CITY WEST LUDHIANA,PROMINENT,Planned,Closed,2026-09-27T09:00:00Z,2026-09-27T13:00:00Z,240
1947248,Central,CITY WEST LUDHIANA,Shiv Kripa,Planned,Closed,2026-09-27T09:00:00Z,2026-09-27T13:00:00Z,240
1947247,Central,CITY WEST LUDHIANA,AMRIT RUBBER,Planned,Closed,2026-09-27T09:00:00Z,2026-09-27T13:00:00Z,240
1947246,Central,CITY WEST LUDHIANA,SINGLA COLONY,Planned,Closed,2026-09-27T09:00:00Z,2026-09-27T13:00:00Z,240
1947433,West,BATHINDA,11KV KANHAIYA CHOWK,Unplanned,Closed,2026-09-27T08:39:00Z,2026-09-27T09:08:00Z,29
1947429,Border,GURDASPUR,Preet Nagar,Unplanned,Closed,2026-09-27T08:36:00Z,2026-09-27T09:10:00Z,34
1947431,West,BATHINDA,INDUSTRIAL,Unplanned,Closed,2026-09-27T08:35:00Z,2026-09-27T09:25:29Z,50
1947430,East,MOHALI,11 KV Sec 60-B,Unplanned,Closed,2026-09-27T08:30:28Z,2026-09-27T09:42:02Z,71
1947428,West,FARIDKOT,AMAN NAGAR CAT-1,Unplanned,Closed,2026-09-27T08:21:00Z,2026-09-27T08:57:00Z,36
1947432,Border,GURDASPUR,BHAM UPS,Unplanned,Closed,2026-09-27T08:10:00Z,2026-09-27T08:45:00Z,35
1947425,South,SANGRUR,11 KV  LAKHMIRWALA UPS,Unplanned,Closed,2026-09-27T08:05:00Z,2026-09-27T08:52:00Z,47
1947426,East,MOHALI,SEC 64-A,Unplanned,Closed,2026-09-27T08:01:48Z,2026-09-27T08:59:39Z,57
1947401,Border,SUB URBAN AMRITSAR,24 Hrs Mohleke,Unplanned,Closed,2026-09-27T08:00:37Z,2026-09-27T09:01:12Z,60
1946863,Central,KHANNA,GTB Nagar,Planned,Active,2026-09-27T08:00:00Z,2026-09-27T18:00:00Z,600
1946862,Central,KHANNA,Nandi Colony,Planned,Active,2026-09-27T08:00:00Z,2026-09-27T18:00:00Z,600
1946861,Central,KHANNA,Focal Point 1,Planned,Active,2026-09-27T08:00:00Z,2026-09-27T18:00:00Z,600
1946860,Central,KHANNA,Mill 2,Planned,Active,2026-09-27T08:00:00Z,2026-09-27T18:00:00Z,600
1946859,Central,KHANNA,Mill 1,Planned,Active,2026-09-27T08:00:00Z,2026-09-27T18:00:00Z,600
1946858,Central,KHANNA,Shiv Shakti,Planned,Active,2026-09-27T08:00:00Z,2026-09-27T18:00:00Z,600
1946857,Central,KHANNA,Ratanheri,Planned,Active,2026-09-27T08:00:00Z,2026-09-27T18:00:00Z,600
1947427,North,JALANDHAR,11 KV BABA MOHAN DASS NAGAR,Unplanned,Closed,2026-09-27T07:57:00Z,2026-09-27T10:10:00Z,133
1947403,Border,SUB URBAN AMRITSAR,District Shopping complex (DSC),Unplanned,Closed,2026-09-27T07:55:00Z,2026-09-27T08:30:00Z,35
1947402,Border,SUB URBAN AMRITSAR,BAL SACHANDER,Unplanned,Closed,2026-09-27T07:50:00Z,2026-09-27T08:15:00Z,25
1947398,West,BATHINDA,RAILWAY ROAD,Unplanned,Closed,2026-09-27T07:50:00Z,2026-09-27T09:00:00Z,70
1947399,Border,GURDASPUR,24Hrs SUPPLY KALA BALA,Unplanned,Closed,2026-09-27T07:49:00Z,2026-09-27T09:13:00Z,84
1947424,North,HOSHIARPUR,KOTLI,Unplanned,Closed,2026-09-27T07:45:00Z,2026-09-27T08:35:00Z,50
1947423,North,HOSHIARPUR,PANKHUH,Unplanned,Closed,2026-09-27T07:45:00Z,2026-09-27T08:35:00Z,50
1947422,North,HOSHIARPUR,BUDHABAR,Unplanned,Closed,2026-09-27T07:45:00Z,2026-09-27T08:35:00Z,50
1947421,North,HOSHIARPUR,11kv Chanour UPS,Unplanned,Closed,2026-09-27T07:45:00Z,2026-09-27T08:35:00Z,50
1947420,North,HOSHIARPUR,11Kv Mushabpur UPS,Unplanned,Closed,2026-09-27T07:45:00Z,2026-09-27T08:35:00Z,50
1947419,North,HOSHIARPUR,Rajpur Ups,Unplanned,Closed,2026-09-27T07:45:00Z,2026-09-27T08:35:00Z,50
1947418,North,HOSHIARPUR,11kV Jandwal UPS,Unplanned,Closed,2026-09-27T07:45:00Z,2026-09-27T08:35:00Z,50
1947417,North,HOSHIARPUR,11Kv Bebhalmanj UPS,Unplanned,Closed,2026-09-27T07:45:00Z,2026-09-27T08:35:00Z,50
1947416,North,HOSHIARPUR,PALAKI,Unplanned,Closed,2026-09-27T07:45:00Z,2026-09-27T08:35:00Z,50
1947415,North,HOSHIARPUR,MANJPUR,Unplanned,Closed,2026-09-27T07:45:00Z,2026-09-27T08:35:00Z,50
1947414,North,HOSHIARPUR,Urban qilla road,Unplanned,Closed,2026-09-27T07:45:00Z,2026-09-27T08:35:00Z,50
1947413,North,HOSHIARPUR,11KV SINGHPUR UPS,Unplanned,Closed,2026-09-27T07:45:00Z,2026-09-27T08:35:00Z,50
1947412,North,HOSHIARPUR,Rest House,Unplanned,Closed,2026-09-27T07:45:00Z,2026-09-27T08:35:00Z,50
1947411,North,HOSHIARPUR,Model Town,Unplanned,Closed,2026-09-27T07:45:00Z,2026-09-27T08:35:00Z,50
1947410,North,HOSHIARPUR,CHACK,Unplanned,Closed,2026-09-27T07:45:00Z,2026-09-27T08:35:00Z,50
1947409,North,HOSHIARPUR,MUKERIAN,Unplanned,Closed,2026-09-27T07:45:00Z,2026-09-27T08:35:00Z,50
1947408,North,HOSHIARPUR,HOSPITAL MUKERIAN,Unplanned,Closed,2026-09-27T07:45:00Z,2026-09-27T08:35:00Z,50
1947407,North,HOSHIARPUR,Puda Colony,Unplanned,Closed,2026-09-27T07:45:00Z,2026-09-27T08:35:00Z,50
1947406,North,HOSHIARPUR,11KV Dagan UPS,Unplanned,Closed,2026-09-27T07:45:00Z,2026-09-27T08:35:00Z,50
1947405,North,HOSHIARPUR,11 kv Mansoorpur,Unplanned,Closed,2026-09-27T07:45:00Z,2026-09-27T08:35:00Z,50
1947404,North,HOSHIARPUR,UPS katrala,Unplanned,Closed,2026-09-27T07:45:00Z,2026-09-27T08:35:00Z,50
1947394,Central,CITY WEST LUDHIANA,Rolex Feeder,Unplanned,Closed,2026-09-27T07:37:34Z,2026-09-27T08:20:16Z,42
1947400,East,MOHALI,11KV Shivalik Vihar,Unplanned,Closed,2026-09-27T07:35:10Z,2026-09-27T08:18:11Z,43
1947396,North,HOSHIARPUR,SALALA,Unplanned,Closed,2026-09-27T07:30:00Z,2026-09-27T07:55:00Z,25
1947395,North,HOSHIARPUR,Khozkipur,Unplanned,Closed,2026-09-27T07:30:00Z,2026-09-27T07:55:00Z,25
1947387,Central,CITY WEST LUDHIANA,MERADO FEEDER,Unplanned,Closed,2026-09-27T07:19:38Z,2026-09-27T08:07:16Z,47
1947397,West,MUKATSAR,11 KV Dhani Bisehesarnath,Unplanned,Closed,2026-09-27T07:17:00Z,2026-09-27T07:55:00Z,38
1947393,Border,SUB URBAN AMRITSAR,GUMTALA,Unplanned,Closed,2026-09-27T07:15:00Z,2026-09-27T10:37:00Z,202
1947385,South,SANGRUR,11 KV DHADRIAN URBAN,Unplanned,Closed,2026-09-27T07:15:00Z,2026-09-27T07:42:00Z,27
1947371,South,SANGRUR,Sunam Road,Unplanned,Closed,2026-09-27T06:55:00Z,2026-09-27T07:30:00Z,35
1947381,South,BARNALA,UPS Bhaini Mehraj,Unplanned,Closed,2026-09-27T06:46:00Z,2026-09-27T10:09:00Z,203
1947364,North,JALANDHAR,11 KV Nagra,Unplanned,Closed,2026-09-27T06:40:10Z,2026-09-27T08:10:20Z,90
1947363,Border,SUB URBAN AMRITSAR,Bhalla Colony,Unplanned,Closed,2026-09-27T06:20:20Z,2026-09-27T08:30:00Z,129
1947513,South,SANGRUR,11 KV UBHEWAL AP,Unplanned,Closed,2026-09-27T06:11:50Z,2026-09-27T06:13:00Z,1
1947362,North,JALANDHAR,HSP ROAD,Unplanned,Closed,2026-09-27T05:15:00Z,2026-09-27T06:10:00Z,55
1947361,East,MOHALI,Sec 53,Unplanned,Closed,2026-09-27T05:05:00Z,2026-09-27T06:10:44Z,65
1947360,South,BARNALA,QUILA REHMATGARH,Unplanned,Closed,2026-09-27T02:55:00Z,2026-09-27T04:07:00Z,72
1947358,South,PATIALA,Thuhi Road,Unplanned,Closed,2026-09-27T02:20:00Z,2026-09-27T03:40:45Z,80
1947359,Border,SUB URBAN AMRITSAR,GUMTALA,Unplanned,Closed,2026-09-27T02:00:00Z,2026-09-27T08:30:02Z,390
1947357,North,NAWANSHAHR,Muthada urban,Unplanned,Closed,2026-09-27T01:10:00Z,2026-09-27T07:50:00Z,400
1947356,West,BATHINDA,Jaude pul,Unplanned,Closed,2026-09-27T00:50:00Z,2026-09-27T02:15:00Z,85
1947355,South,SANGRUR,MOTHER INDIA,Unplanned,Closed,2026-09-27T00:45:00Z,2026-09-27T06:08:00Z,323
1947354,North,JALANDHAR,ASHOK VIHAR,Unplanned,Closed,2026-09-27T00:15:00Z,2026-09-27T01:45:00Z,90
1947353,Central,CITY WEST LUDHIANA,BASANT AVENUE,Planned,Closed,2026-09-27T00:04:37Z,2026-09-27T00:32:45Z,28
1947352,North,JALANDHAR,RAJOWAL,Unplanned,Closed,2026-09-26T23:45:00Z,2026-09-27T00:10:00Z,25
1947351,East,Zirakpur,BIG BAZAAR,Unplanned,Closed,2026-09-26T23:30:00Z,2026-09-27T00:45:00Z,75
1947345,East,Zirakpur,DHILLON,Planned,Closed,2026-09-26T22:03:00Z,2026-09-26T22:27:00Z,24
1947344,East,Zirakpur,SIMRAN,Planned,Closed,2026-09-26T22:03:00Z,2026-09-26T22:27:00Z,24
1947315,Central,CITY WEST LUDHIANA,STAR ROAD FEEDER,Unplanned,Closed,2026-09-26T21:44:00Z,2026-09-26T22:49:12Z,65
1947338,East,ROPAR,11 KV Dhanoor,Unplanned,Closed,2026-09-26T21:30:13Z,2026-09-26T22:05:13Z,35
1947337,East,ROPAR,11 KV SHERIAN UPS,Unplanned,Closed,2026-09-26T21:30:13Z,2026-09-26T22:06:13Z,36
1947336,East,ROPAR,Sub station Transformer heddon,Unplanned,Closed,2026-09-26T21:30:13Z,2026-09-26T22:07:13Z,37
1947335,East,ROPAR,11 KV BAIRSAL KALAN,Unplanned,Closed,2026-09-26T21:30:13Z,2026-09-26T22:04:13Z,34
1947334,East,ROPAR,Guga Marri,Unplanned,Closed,2026-09-26T21:30:13Z,2026-09-26T22:04:13Z,34
1947333,East,ROPAR,11 KV Headdon Bet,Unplanned,Closed,2026-09-26T21:30:13Z,2026-09-26T22:01:13Z,31
1947332,East,ROPAR,66 KV Adhunik Alloys,Unplanned,Closed,2026-09-26T21:28:04Z,2026-09-26T22:04:04Z,36
1947331,East,ROPAR,66 KV Shiva Tax Feb,Unplanned,Closed,2026-09-26T21:28:04Z,2026-09-26T22:05:04Z,37
1947330,East,ROPAR,Gani Khan Nabi Khan,Unplanned,Closed,2026-09-26T21:28:04Z,2026-09-26T22:04:04Z,36
1947329,East,ROPAR,Udhowal kalan,Unplanned,Closed,2026-09-26T21:28:04Z,2026-09-26T22:05:04Z,37
1947328,East,ROPAR,KOHARA ROAD,Unplanned,Closed,2026-09-26T21:28:04Z,2026-09-26T22:05:04Z,37
1947327,East,ROPAR,11 KV Machiwara,Unplanned,Closed,2026-09-26T21:28:04Z,2026-09-26T22:06:04Z,38
1947326,East,ROPAR,11 KV MAIN BAZAR,Unplanned,Closed,2026-09-26T21:28:04Z,2026-09-26T22:06:04Z,38
1947325,East,ROPAR,SUB STATION TRANSFORMER,Unplanned,Closed,2026-09-26T21:28:04Z,2026-09-26T22:04:04Z,36
1947324,East,ROPAR,Urna,Unplanned,Closed,2026-09-26T21:28:04Z,2026-09-26T22:06:04Z,38
1947323,East,ROPAR,11 KV Bindra Ispat,Unplanned,Closed,2026-09-26T21:28:04Z,2026-09-26T22:07:04Z,39
1947322,East,ROPAR,11 KV JULFGARH,Unplanned,Closed,2026-09-26T21:28:04Z,2026-09-26T22:03:04Z,35
1947321,East,ROPAR,Charan kanwal sahib,Unplanned,Closed,2026-09-26T21:28:04Z,2026-09-26T22:04:04Z,36
1947320,East,ROPAR,11 KV Markfed,Unplanned,Closed,2026-09-26T21:28:04Z,2026-09-26T22:02:04Z,34
1947319,East,ROPAR,11KV ADDIANA,Unplanned,Closed,2026-09-26T21:28:04Z,2026-09-26T22:05:04Z,37
1947318,East,ROPAR,11 KV Chakli Aadal,Unplanned,Closed,2026-09-26T21:28:04Z,2026-09-26T22:04:04Z,36
1947317,East,ROPAR,11 KV Methewal,Unplanned,Closed,2026-09-26T21:28:04Z,2026-09-26T22:04:04Z,36
1947316,East,ROPAR,11 KV Garg Concast,Unplanned,Closed,2026-09-26T21:28:04Z,2026-09-26T22:06:04Z,38
1947343,East,ROPAR,behlolpur CATGORY-1,Unplanned,Closed,2026-09-26T21:27:24Z,2026-09-26T22:06:24Z,39
1947342,East,ROPAR,11KV SEHJO MAJRA UPS,Unplanned,Closed,2026-09-26T21:27:24Z,2026-09-26T22:04:24Z,37
1947341,East,ROPAR,11 KV Kirhi Affgana,Unplanned,Closed,2026-09-26T21:27:24Z,2026-09-26T22:04:24Z,37
1947340,East,ROPAR,11KV Naanowal (UPS),Unplanned,Closed,2026-09-26T21:27:24Z,2026-09-26T22:06:24Z,39
1947339,East,ROPAR,11 KV Shatabgarh,Unplanned,Closed,2026-09-26T21:27:24Z,2026-09-26T22:06:24Z,39
1947314,Border,CITY AMRITSAR,BHAI MANJ ROAD,Unplanned,Closed,2026-09-26T21:26:46Z,2026-09-26T22:46:00Z,79
1947313,South,SANGRUR,11 KV  LAKHMIRWALA UPS,Unplanned,Closed,2026-09-26T21:21:00Z,2026-09-26T22:40:00Z,79
1947312,North,JALANDHAR,NEW ESTATE,Unplanned,Closed,2026-09-26T21:20:00Z,2026-09-26T23:26:00Z,126
1947311,West,FARIDKOT,PARTAP ROAD,Unplanned,Closed,2026-09-26T21:18:00Z,2026-09-26T21:56:22Z,38
1947310,East,Zirakpur,HERMITAGE,Unplanned,Closed,2026-09-26T21:02:00Z,2026-09-26T22:27:00Z,85
1947309,North,JALANDHAR,KHURLA KINGRA,Unplanned,Closed,2026-09-26T20:44:00Z,2026-09-26T20:58:00Z,14
1947350,East,MOHALI,Badmajra,Unplanned,Closed,2026-09-26T20:20:00Z,2026-09-26T21:20:00Z,60
1947308,North,JALANDHAR,Convent School,Planned,Closed,2026-09-26T20:10:00Z,2026-09-26T21:30:00Z,80
1947307,Border,GURDASPUR,RAILWAY ROAD CAT-1,Unplanned,Closed,2026-09-26T20:10:00Z,2026-09-26T20:30:00Z,20
1947306,North,NAWANSHAHR,SUDHA MAJRA,Unplanned,Closed,2026-09-26T20:10:00Z,2026-09-26T20:47:00Z,37
1947305,South,PATIALA,Bharat colony,Unplanned,Closed,2026-09-26T20:10:00Z,2026-09-26T20:40:00Z,30
1947303,Border,CITY AMRITSAR,DHAB WASTI RAM,Planned,Closed,2026-09-26T19:54:30Z,2026-09-26T20:31:00Z,36
1947304,North,NAWANSHAHR,CITY GARHSHANKAR-2,Unplanned,Closed,2026-09-26T19:50:00Z,2026-09-26T20:05:00Z,15
1947302,Border,TARN TARAN,GURU NANAK HOSPITAL,Unplanned,Closed,2026-09-26T19:45:00Z,2026-09-26T20:01:00Z,16
1947301,Border,TARN TARAN,Railway Road Urban..,Unplanned,Closed,2026-09-26T19:45:00Z,2026-09-26T20:01:00Z,16
1947300,East,MOHALI,11KV 82 ALPHA,Unplanned,Closed,2026-09-26T19:39:33Z,2026-09-26T20:10:33Z,31
1947299,North,HOSHIARPUR,Darapur,Unplanned,Closed,2026-09-26T19:35:00Z,2026-09-26T19:55:00Z,20
1947293,West,FARIDKOT,11KV HASSAN BHATTI,Unplanned,Closed,2026-09-26T19:13:33Z,2026-09-26T20:15:36Z,62
1947297,East,ROPAR,Siswan,Unplanned,Closed,2026-09-26T19:10:00Z,2026-09-26T19:45:00Z,35
1947291,East,Zirakpur,LALRU MANDI,Unplanned,Closed,2026-09-26T19:03:00Z,2026-09-26T19:56:00Z,53
1947292,West,MUKATSAR,11 KV Circular Road,Unplanned,Closed,2026-09-26T18:58:33Z,2026-09-26T19:55:18Z,56
1947294,Border,SUB URBAN AMRITSAR,G.T.S. Bhangali 24 HR,Unplanned,Closed,2026-09-26T18:55:00Z,2026-09-26T19:55:00Z,60
1947290,West,BATHINDA,INDUSTRIAL,Unplanned,Closed,2026-09-26T18:50:00Z,2026-09-26T19:30:10Z,40
1947288,North,NAWANSHAHR,CHANDIANI,Unplanned,Closed,2026-09-26T18:45:00Z,2026-09-26T19:10:00Z,25
1947276,Border,GURDASPUR,THEKERIWAL,Unplanned,Closed,2026-09-26T18:35:00Z,2026-09-26T19:10:00Z,35
1947275,Border,GURDASPUR,RAILWAY ROAD CAT-1,Unplanned,Closed,2026-09-26T18:35:00Z,2026-09-26T19:10:00Z,35
1947281,West,FEROZPUR,ARSONAL,Planned,Closed,2026-09-26T18:31:02Z,2026-09-26T19:11:02Z,40
1947280,West,FEROZPUR,RINGMAIN B,Planned,Closed,2026-09-26T18:31:02Z,2026-09-26T19:11:02Z,40
1947279,West,FEROZPUR,CIVIL HOSPITAL,Planned,Closed,2026-09-26T18:31:02Z,2026-09-26T19:11:02Z,40
1947278,West,FEROZPUR,11 KV NAMAK MANDI,Planned,Closed,2026-09-26T18:31:02Z,2026-09-26T19:11:02Z,40
1947277,West,FEROZPUR, P&T,Planned,Closed,2026-09-26T18:31:02Z,2026-09-26T19:11:02Z,40
1947289,North,JALANDHAR,Convent School,Unplanned,Closed,2026-09-26T18:30:00Z,2026-09-26T19:50:00Z,80
1947272,Central,CITY EAST LUDHIANA,NEW VISHNUPURI,Unplanned,Closed,2026-09-26T18:22:00Z,2026-09-26T20:08:00Z,106
1947274,East,Zirakpur,Sukhmani Sahib,Unplanned,Closed,2026-09-26T18:21:00Z,2026-09-26T18:25:00Z,4
1947271,East,MOHALI,11KV DHARAMGARH UPS,Unplanned,Closed,2026-09-26T18:15:00Z,2026-09-26T18:25:24Z,10
1947270,East,MOHALI,11KV E&G Block,Unplanned,Closed,2026-09-26T18:15:00Z,2026-09-26T18:25:42Z,10
1947265,Central,KHANNA,GT ROAD,Unplanned,Closed,2026-09-26T18:10:30Z,2026-09-26T19:18:39Z,68
1947261,East,Zirakpur,Jaskaran,Unplanned,Closed,2026-09-26T18:07:00Z,2026-09-26T18:20:00Z,13
1947260,East,Zirakpur,Sukhmani Sahib,Unplanned,Closed,2026-09-26T18:07:00Z,2026-09-26T18:20:00Z,13
1947245,Central,CITY WEST LUDHIANA,Shiv Shakti,Planned,Closed,2026-09-26T18:05:00Z,2026-09-26T19:00:00Z,55
1947273,East,Zirakpur,11 KV TEHSIL ROAD FEEDER,Unplanned,Closed,2026-09-26T18:00:00Z,2026-09-26T19:00:00Z,60
1947243,Central,CITY EAST LUDHIANA,Chand Cinema,Unplanned,Closed,2026-09-26T17:58:00Z,2026-09-26T19:00:00Z,62
1947242,South,SANGRUR,Rasaldar chhana,Unplanned,Closed,2026-09-26T17:54:57Z,2026-09-26T21:25:09Z,210
1947244,East,MOHALI,11KV JANGPURA FEEDER,Unplanned,Closed,2026-09-26T17:54:26Z,2026-09-26T19:29:00Z,94
1947240,West,MUKATSAR,Basti Hazoor Singh,Unplanned,Closed,2026-09-26T17:52:00Z,2026-09-26T19:00:00Z,68
1947241,Central,KHANNA,SIMRAN(JALALPUR),Unplanned,Closed,2026-09-26T17:50:00Z,2026-09-26T18:00:00Z,10
1947238,East,Zirakpur,SANULI,Unplanned,Closed,2026-09-26T17:40:00Z,2026-09-26T18:15:00Z,35
1947237,South,PATIALA,rajpura,Planned,Closed,2026-09-26T17:40:00Z,2026-09-26T18:25:00Z,45
1947236,East,Zirakpur,HARMILAP NAGAR,Unplanned,Closed,2026-09-26T17:35:00Z,2026-09-26T17:55:00Z,20
1947235,East,Zirakpur,DHAKOLI,Unplanned,Closed,2026-09-26T17:35:00Z,2026-09-26T17:55:00Z,20
1947234,East,Zirakpur,11KV  SUSHMA,Unplanned,Closed,2026-09-26T17:35:00Z,2026-09-26T17:55:00Z,20
1947230,West,FARIDKOT,JHARI WALA,Planned,Closed,2026-09-26T17:30:29Z,2026-09-26T18:05:40Z,35
1947239,West,MUKATSAR,RORAANWALI  (UPS),Planned,Closed,2026-09-26T17:30:00Z,2026-09-26T19:50:00Z,140
1947231,North,NAWANSHAHR,MALEWAL,Unplanned,Closed,2026-09-26T17:26:00Z,2026-09-26T18:05:00Z,39
1947233,West,BATHINDA,KOT GURU,Unplanned,Closed,2026-09-26T17:20:00Z,2026-09-26T17:40:00Z,20
1947232,Border,SUB URBAN AMRITSAR,JAGDEV KALAN CAT-1,Unplanned,Closed,2026-09-26T17:20:00Z,2026-09-26T18:30:00Z,70
1947228,North,NAWANSHAHR,MALEWAL,Unplanned,Closed,2026-09-26T17:15:00Z,2026-09-26T17:25:00Z,10
1947225,North,HOSHIARPUR,Bihala,Unplanned,Closed,2026-09-26T17:15:00Z,2026-09-26T17:30:00Z,15
1947227,Border,TARN TARAN,B.S.F.,Unplanned,Closed,2026-09-26T17:11:00Z,2026-09-26T18:42:00Z,91
1947229,Central,KHANNA,SALANA UPS,Unplanned,Closed,2026-09-26T17:10:00Z,2026-09-26T17:37:00Z,27
1947222,Central,CITY WEST LUDHIANA,ATAM NAGAR,Planned,Closed,2026-09-26T17:06:16Z,2026-09-26T17:54:00Z,47
1947221,South,PATIALA,Quila Chowk,Planned,Closed,2026-09-26T17:01:27Z,2026-09-26T17:25:59Z,24
1947223,South,SANGRUR,11 KV MAYA GARDEN,Unplanned,Closed,2026-09-26T17:01:00Z,2026-09-26T18:00:00Z,59
1947144,West,MUKATSAR,11 KV Ganganagar Road,Planned,Closed,2026-09-26T17:00:09Z,2026-09-26T19:14:18Z,134
1947143,West,MUKATSAR,11 KV Punjava Model,Planned,Closed,2026-09-26T17:00:09Z,2026-09-26T19:14:09Z,134
1947142,West,MUKATSAR,11 KALLER KHERA,Planned,Closed,2026-09-26T17:00:09Z,2026-09-26T19:14:09Z,134
1947141,West,MUKATSAR,JANDWALA HANUWANTA,Planned,Closed,2026-09-26T17:00:09Z,2026-09-26T19:14:09Z,134
1947226,East,ROPAR,Kansala,Unplanned,Closed,2026-09-26T16:50:00Z,2026-09-26T17:15:00Z,25
1947220,East,ROPAR,Swaraj,Unplanned,Closed,2026-09-26T16:47:00Z,2026-09-26T17:22:00Z,35
1947202,Border,SUB URBAN AMRITSAR,UPS JAHNJOTI,Unplanned,Closed,2026-09-26T16:46:55Z,2026-09-26T17:44:41Z,57
1947207,South,PATIALA,Bahera Road,Planned,Closed,2026-09-26T16:45:55Z,2026-09-26T17:02:08Z,16
1947206,South,PATIALA,Jain Ice,Planned,Closed,2026-09-26T16:45:55Z,2026-09-26T17:02:18Z,16
1947224,East,ROPAR,Siswan,Unplanned,Closed,2026-09-26T16:45:00Z,2026-09-26T18:40:00Z,115
1947201,Border,GURDASPUR,BOP Tash,Unplanned,Closed,2026-09-26T16:45:00Z,2026-09-26T16:55:00Z,10
1947200,Border,GURDASPUR,Jaswan,Unplanned,Closed,2026-09-26T16:45:00Z,2026-09-26T16:55:00Z,10
1947216,South,SANGRUR,Gurdaspura,Unplanned,Closed,2026-09-26T16:43:00Z,2026-09-26T17:41:00Z,58
1947198,South,SANGRUR,BABA MITHU SHAH,Unplanned,Closed,2026-09-26T16:40:41Z,2026-09-26T17:01:52Z,21
1947203,Border,TARN TARAN,Bodewal  UPS,Unplanned,Closed,2026-09-26T16:40:15Z,2026-09-26T17:20:44Z,40
1947208,South,SANGRUR,DIALGARH CITY,Unplanned,Closed,2026-09-26T16:40:00Z,2026-09-26T17:00:00Z,20
1947205,Border,GURDASPUR,Kotli Mughlan,Unplanned,Closed,2026-09-26T16:40:00Z,2026-09-26T18:30:00Z,110
1947204,Border,GURDASPUR,Rashpalma,Unplanned,Closed,2026-09-26T16:40:00Z,2026-09-26T18:30:00Z,110
1947219,East,ROPAR,11 KV Plazzo ELite,Unplanned,Closed,2026-09-26T16:38:00Z,2026-09-26T17:22:00Z,44
1947218,East,ROPAR,11 KV Chajjumajra,Unplanned,Closed,2026-09-26T16:36:00Z,2026-09-26T17:33:00Z,57
1947215,East,ROPAR,Dashmesh Nagar,Unplanned,Closed,2026-09-26T16:35:00Z,2026-09-26T19:20:00Z,165
1947214,East,ROPAR,MODLE  TOWN,Unplanned,Closed,2026-09-26T16:35:00Z,2026-09-26T18:35:00Z,120
1947213,East,ROPAR,MUNDI KHARAR,Unplanned,Closed,2026-09-26T16:35:00Z,2026-09-26T18:45:00Z,130
1947217,South,PATIALA,ANAAJ MANDI,Unplanned,Closed,2026-09-26T16:30:00Z,2026-09-26T18:20:00Z,110
1947190,West,MUKATSAR,Adarsh Nagar,Unplanned,Closed,2026-09-26T16:30:00Z,2026-09-26T18:00:00Z,90
1947186,West,MUKATSAR,DALMIR KHERA,Unplanned,Closed,2026-09-26T16:25:26Z,2026-09-26T17:07:41Z,42
1947187,West,MUKATSAR,MAUJGARH,Unplanned,Closed,2026-09-26T16:25:07Z,2026-09-26T17:07:22Z,42
1947189,North,HOSHIARPUR,HAJIPUR,Unplanned,Closed,2026-09-26T16:25:00Z,2026-09-26T17:10:00Z,45
1947188,South,PATIALA,SUNDER NAGAR RAJPURA,Unplanned,Closed,2026-09-26T16:25:00Z,2026-09-26T17:05:00Z,40
1947181,West,MUKATSAR,KRISHNA NAGRI,Unplanned,Closed,2026-09-26T16:22:29Z,2026-09-26T17:59:34Z,97
1947180,Central,KHANNA,Kamma,Unplanned,Closed,2026-09-26T16:21:00Z,2026-09-26T18:19:00Z,118
1947199,Central,KHANNA,TELEPHONE EXCH.,Planned,Closed,2026-09-26T16:20:00Z,2026-09-26T17:50:00Z,90
1947185,North,KAPURTHALA,GTB Nagar,Unplanned,Closed,2026-09-26T16:20:00Z,2026-09-26T17:00:00Z,40
1947178,North,NAWANSHAHR,CHANDIANI,Unplanned,Closed,2026-09-26T16:15:00Z,2026-09-26T16:55:00Z,40
1947177,East,MOHALI,JANTI DEVI,Unplanned,Closed,2026-09-26T16:10:41Z,2026-09-26T17:50:37Z,99
1947175,Central,KHANNA,CITY ONE,Unplanned,Closed,2026-09-26T16:10:00Z,2026-09-26T18:00:00Z,110
1947171,East,MOHALI,11KV Shivalik Vihar,Unplanned,Closed,2026-09-26T16:05:02Z,2026-09-26T16:41:08Z,36
1947176,North,JALANDHAR,BASANT HILLS,Unplanned,Closed,2026-09-26T16:05:00Z,2026-09-26T16:52:00Z,47
1947172,East,Zirakpur,SILVERCITY,Unplanned,Closed,2026-09-26T16:05:00Z,2026-09-26T16:47:00Z,42
1947173,East,ROPAR,HIYATPUR,Unplanned,Closed,2026-09-26T16:04:00Z,2026-09-26T16:30:00Z,26
1947179,Border,TARN TARAN,Microwave,Unplanned,Closed,2026-09-26T16:02:00Z,2026-09-26T18:35:28Z,153
1947170,Central,CITY WEST LUDHIANA,Shiv Shakti,Planned,Closed,2026-09-26T16:02:00Z,2026-09-26T17:55:00Z,113
1947174,East,MOHALI,11 KV Gura,Unplanned,Closed,2026-09-26T15:56:43Z,2026-09-26T16:29:48Z,33
1947169,North,HOSHIARPUR,khudda,Unplanned,Closed,2026-09-26T15:55:00Z,2026-09-26T17:05:00Z,70
1947166,West,BATHINDA,INDUSTRIES,Unplanned,Closed,2026-09-26T15:50:00Z,2026-09-26T17:20:00Z,90
1947167,East,Zirakpur,SEVEN STAR,Unplanned,Closed,2026-09-26T15:45:00Z,2026-09-26T16:05:00Z,20
1947165,West,MUKATSAR,Dhani Sucha Singh (Old Chakra),Unplanned,Closed,2026-09-26T15:44:16Z,2026-09-26T17:52:30Z,128
1947182,East,ROPAR,Khijrabad Kandi,Unplanned,Closed,2026-09-26T15:40:00Z,2026-09-26T16:58:00Z,78
1947164,South,PATIALA,BABA DEEP SINGH,Unplanned,Closed,2026-09-26T15:40:00Z,2026-09-26T16:10:00Z,30
1947163,East,Zirakpur,RANBAXY,Planned,Closed,2026-09-26T15:40:00Z,2026-09-26T15:56:00Z,16
1947162,East,Zirakpur,Jaskaran,Planned,Closed,2026-09-26T15:40:00Z,2026-09-26T15:56:00Z,16
1947161,East,Zirakpur,Sukhmani Sahib,Unplanned,Closed,2026-09-26T15:40:00Z,2026-09-26T15:56:00Z,16
1947160,East,Zirakpur,DEEPAK PIPE,Unplanned,Closed,2026-09-26T15:35:00Z,2026-09-26T16:30:00Z,55
1947159,North,HOSHIARPUR,JANOURI,Planned,Closed,2026-09-26T15:35:00Z,2026-09-26T16:20:00Z,45
1947157,Border,GURDASPUR,City Thana,Unplanned,Closed,2026-09-26T15:35:00Z,2026-09-26T16:15:00Z,40
1947155,East,Zirakpur,INDUSTRIAL LALRU,Unplanned,Closed,2026-09-26T15:35:00Z,2026-09-26T16:30:00Z,55
1947158,Border,GURDASPUR,N.J.Singh 24hrs,Unplanned,Closed,2026-09-26T15:30:00Z,2026-09-26T17:15:00Z,105
1947156,North,NAWANSHAHR,JINDAPUR,Unplanned,Closed,2026-09-26T15:26:00Z,2026-09-26T16:05:00Z,39
1947153,North,NAWANSHAHR,PANYALI,Unplanned,Closed,2026-09-26T15:25:00Z,2026-09-26T16:05:00Z,40
1947152,North,NAWANSHAHR,RATTEWAL,Unplanned,Closed,2026-09-26T15:25:00Z,2026-09-26T15:45:00Z,20
1947148,Border,GURDASPUR,Gujran Lahri,Unplanned,Closed,2026-09-26T15:22:00Z,2026-09-26T16:51:00Z,89
1947147,Border,GURDASPUR,Kanwan,Unplanned,Closed,2026-09-26T15:21:00Z,2026-09-26T16:51:00Z,90
1947149,West,MUKATSAR,Sito Road,Unplanned,Closed,2026-09-26T15:20:16Z,2026-09-26T16:23:00Z,62
1947154,Border,GURDASPUR,Dalla UPS,Unplanned,Closed,2026-09-26T15:20:00Z,2026-09-26T15:50:00Z,30
1947150,West,MUKATSAR,JANDWALA HANUWANTA,Unplanned,Closed,2026-09-26T15:20:00Z,2026-09-26T15:44:01Z,24
1947146,West,MUKATSAR,Shakti Nagar,Unplanned,Closed,2026-09-26T15:19:00Z,2026-09-26T15:33:00Z,14
1947140,West,FARIDKOT,DEEP SINGH WALA,Unplanned,Closed,2026-09-26T15:07:37Z,2026-09-26T15:23:21Z,15
1947151,South,BARNALA,SHRI RAVIDASS NAGAR,Unplanned,Closed,2026-09-26T15:05:00Z,2026-09-26T17:50:00Z,165
1947145,South,BARNALA,WAZIDKE 24 HRS,Unplanned,Closed,2026-09-26T15:01:00Z,2026-09-26T15:50:00Z,49
1947137,South,PATIALA,Quila Chowk,Planned,Closed,2026-09-26T14:50:00Z,2026-09-26T15:08:46Z,18
1947138,Border,SUB URBAN AMRITSAR,UPS  AMARKOT,Planned,Closed,2026-09-26T14:45:00Z,2026-09-26T18:20:00Z,215
1947132,South,PATIALA,Bakhshiwal,Unplanned,Closed,2026-09-26T14:44:18Z,2026-09-26T15:14:31Z,30
1947130,South,SANGRUR,BABA SAHID AP,Planned,Closed,2026-09-26T14:42:57Z,2026-09-26T16:00:10Z,77
1947133,Border,SUB URBAN AMRITSAR,HOUSING BOARD COLONY,Unplanned,Closed,2026-09-26T14:41:00Z,2026-09-26T15:15:00Z,34
1947136,North,JALANDHAR,NEW MODEL TOWN,Unplanned,Closed,2026-09-26T14:40:00Z,2026-09-26T14:57:00Z,17
1947134,South,PATIALA,11KV TECHNOPACK,Unplanned,Closed,2026-09-26T14:32:00Z,2026-09-26T15:05:00Z,33
1947135,South,BARNALA,JABBOMAJRA UPS,Unplanned,Closed,2026-09-26T14:30:00Z,2026-09-26T16:26:00Z,116
1947129,West,BATHINDA,CANAL,Planned,Closed,2026-09-26T14:30:00Z,2026-09-26T15:04:40Z,34
1947128,West,BATHINDA,Jagdambe Road,Planned,Closed,2026-09-26T14:30:00Z,2026-09-26T15:04:40Z,34
1947127,South,BARNALA,COURT ROAD,Unplanned,Closed,2026-09-26T14:30:00Z,2026-09-26T14:50:00Z,20
1947117,Central,KHANNA,New Shanti Nagar,Planned,Closed,2026-09-26T14:25:00Z,2026-09-26T16:20:00Z,115
1947126,West,BATHINDA,Hans Nagar,Planned,Closed,2026-09-26T14:23:00Z,2026-09-26T15:05:36Z,42
1947125,East,Zirakpur,ALLWIN,Planned,Closed,2026-09-26T14:22:00Z,2026-09-26T15:05:00Z,43
1947124,East,Zirakpur,BEGAMPURA,Planned,Closed,2026-09-26T14:22:00Z,2026-09-26T15:05:00Z,43
1947123,East,Zirakpur,GREEN VALLEY,Planned,Closed,2026-09-26T14:22:00Z,2026-09-26T15:05:00Z,43
1947139,West,FEROZPUR,11 KV NAMAK MANDI,Unplanned,Closed,2026-09-26T14:20:00Z,2026-09-26T14:51:00Z,31
1947122,East,MOHALI,11KV Desumajra,Planned,Closed,2026-09-26T14:17:00Z,2026-09-26T14:36:00Z,19
1947121,North,NAWANSHAHR,GOLUMAJRA,Unplanned,Closed,2026-09-26T14:15:00Z,2026-09-26T14:40:00Z,25
1947120,North,NAWANSHAHR,PANYALI,Unplanned,Closed,2026-09-26T14:15:00Z,2026-09-26T14:40:00Z,25
1947119,North,NAWANSHAHR,KAMALPUR,Unplanned,Closed,2026-09-26T14:15:00Z,2026-09-26T14:40:00Z,25
1947116,North,NAWANSHAHR,NIGHI,Unplanned,Closed,2026-09-26T14:15:00Z,2026-09-26T14:40:00Z,25
1947115,North,NAWANSHAHR,SUDHA MAJRA,Unplanned,Closed,2026-09-26T14:15:00Z,2026-09-26T14:40:00Z,25
1947114,North,NAWANSHAHR,RATTEWAL,Unplanned,Closed,2026-09-26T14:15:00Z,2026-09-26T14:40:00Z,25
1947113,North,NAWANSHAHR,JINDAPUR,Unplanned,Closed,2026-09-26T14:15:00Z,2026-09-26T14:40:00Z,25
1947112,South,PATIALA,Industrial ( N),Planned,Closed,2026-09-26T14:15:00Z,2026-09-26T17:50:00Z,215
1947118,North,JALANDHAR,SABOWAL,Unplanned,Closed,2026-09-26T14:12:00Z,2026-09-26T14:56:00Z,44
1947111,North,NAWANSHAHR,JINDAPUR,Unplanned,Closed,2026-09-26T14:05:00Z,2026-09-26T15:25:00Z,80
1947110,North,NAWANSHAHR,GOLUMAJRA,Unplanned,Closed,2026-09-26T14:02:00Z,2026-09-26T14:45:00Z,43
1947131,Border,SUB URBAN AMRITSAR,HOUSING BOARD COLONY,Unplanned,Closed,2026-09-26T14:00:00Z,2026-09-26T15:15:00Z,75
1947107,Central,KHANNA,Rayaiwal,Unplanned,Closed,2026-09-26T14:00:00Z,2026-09-26T15:00:00Z,60
1947105,East,MOHALI,11 KV SUKHNA ENCLAVE,Planned,Closed,2026-09-26T14:00:00Z,2026-09-26T15:00:00Z,60
1947104,Central,KHANNA,New Halla,Unplanned,Closed,2026-09-26T14:00:00Z,2026-09-26T15:00:00Z,60
1947103,Central,KHANNA,TIBBI UPS,Unplanned,Closed,2026-09-26T14:00:00Z,2026-09-26T15:00:00Z,60
1947106,North,NAWANSHAHR,THOPIA,Unplanned,Closed,2026-09-26T13:58:00Z,2026-09-26T14:20:00Z,22
1947102,North,NAWANSHAHR,11 KV UPS KATANA,Unplanned,Closed,2026-09-26T13:55:00Z,2026-09-26T14:50:00Z,55
1947100,North,JALANDHAR,NEW WARYANA COMPLEX NO.1,Unplanned,Closed,2026-09-26T13:53:00Z,2026-09-26T14:02:00Z,9
1947108,North,NAWANSHAHR,RATTEWAL,Unplanned,Closed,2026-09-26T13:50:00Z,2026-09-26T15:05:00Z,75
1947109,North,NAWANSHAHR,BALLOWAL,Unplanned,Closed,2026-09-26T13:45:00Z,2026-09-26T14:50:00Z,65
1947101,West,FARIDKOT,11 KV KOTKAPURA ROAD,Unplanned,Closed,2026-09-26T13:45:00Z,2026-09-26T14:50:00Z,65
1947098,West,MUKATSAR,11 KV Focal Point-2,Unplanned,Closed,2026-09-26T13:41:47Z,2026-09-26T14:02:16Z,20
1947097,West,MUKATSAR,11 KV Focal Point-1,Unplanned,Closed,2026-09-26T13:41:47Z,2026-09-26T14:02:54Z,21
1947099,West,BATHINDA,MOOSA,Planned,Closed,2026-09-26T13:40:00Z,2026-09-26T14:05:31Z,25
1947096,Border,GURDASPUR,Greater Kailash,Planned,Closed,2026-09-26T13:35:00Z,2026-09-26T14:25:00Z,50
1947093,South,SANGRUR,Kaimpur UPS (GRID DIRBA),Unplanned,Closed,2026-09-26T13:35:00Z,2026-09-26T14:16:00Z,41
1947095,North,HOSHIARPUR,KHUN KHUN,Planned,Closed,2026-09-26T13:30:00Z,2026-09-26T15:20:00Z,110
1947094,North,HOSHIARPUR,BAGPUR,Planned,Closed,2026-09-26T13:30:00Z,2026-09-26T15:20:00Z,110
1947092,North,KAPURTHALA,UPS GURSAR,Unplanned,Closed,2026-09-26T13:27:00Z,2026-09-26T14:05:00Z,38
1947090,South,SANGRUR,KHANAL A+B (GRID DIRBA),Unplanned,Closed,2026-09-26T13:25:17Z,2026-09-26T15:50:39Z,145
1947089,East,Zirakpur,SUKHNA,Planned,Closed,2026-09-26T13:25:00Z,2026-09-26T14:05:00Z,40
1947088,East,Zirakpur,PUNJAB,Planned,Closed,2026-09-26T13:25:00Z,2026-09-26T14:05:00Z,40
1947087,South,SANGRUR,Bhatta,Unplanned,Closed,2026-09-26T13:25:00Z,2026-09-26T14:58:00Z,93
1947091,East,MOHALI,Urban,Unplanned,Closed,2026-09-26T13:16:00Z,2026-09-26T14:10:46Z,54
1947086,North,HOSHIARPUR,Banjarbag,Unplanned,Closed,2026-09-26T13:15:00Z,2026-09-26T13:35:00Z,20
1947080,South,SANGRUR,MATTRAN UPS,Planned,Closed,2026-09-26T13:10:08Z,2026-09-26T13:50:29Z,40
1947085,East,Zirakpur,11 KV AMBALA ROAD,Unplanned,Closed,2026-09-26T13:10:00Z,2026-09-26T13:33:00Z,23
1947084,East,Zirakpur,ASSTHA,Unplanned,Closed,2026-09-26T13:10:00Z,2026-09-26T13:33:00Z,23
1947083,Central,CITY WEST LUDHIANA,Ram Nagar,Planned,Closed,2026-09-26T13:06:00Z,2026-09-26T17:00:00Z,234
1947082,Central,CITY WEST LUDHIANA,MATHARU,Planned,Closed,2026-09-26T13:06:00Z,2026-09-26T17:00:00Z,234
1947081,Central,CITY WEST LUDHIANA,Dhanoa,Planned,Closed,2026-09-26T13:06:00Z,2026-09-26T17:00:00Z,234
1947079,Central,CITY WEST LUDHIANA,EveLine (new),Planned,Closed,2026-09-26T13:06:00Z,2026-09-26T17:00:00Z,234
1947078,Central,CITY WEST LUDHIANA,MAHADEV FORGING,Planned,Closed,2026-09-26T13:06:00Z,2026-09-26T17:00:00Z,234
1947077,Central,CITY WEST LUDHIANA,SARTAJ,Planned,Closed,2026-09-26T13:06:00Z,2026-09-26T17:00:00Z,234
1947076,Central,CITY WEST LUDHIANA,AMRIT FASTNER,Planned,Closed,2026-09-26T13:06:00Z,2026-09-26T17:00:00Z,234
1947074,Central,CITY WEST LUDHIANA,Garcha,Planned,Closed,2026-09-26T13:06:00Z,2026-09-26T17:00:00Z,234
1947073,Central,CITY WEST LUDHIANA,EKTA MARKET,Planned,Closed,2026-09-26T13:06:00Z,2026-09-26T17:00:00Z,234
1947072,Central,CITY WEST LUDHIANA,Khalsa,Planned,Closed,2026-09-26T13:06:00Z,2026-09-26T17:00:00Z,234
1947071,Central,CITY WEST LUDHIANA,RUDRA ENCLAVE,Planned,Closed,2026-09-26T13:06:00Z,2026-09-26T17:00:00Z,234
1947070,Central,CITY WEST LUDHIANA,Dhillon,Planned,Closed,2026-09-26T13:06:00Z,2026-09-26T17:00:00Z,234
1947069,Central,CITY WEST LUDHIANA,JAGDAMBA,Planned,Closed,2026-09-26T13:06:00Z,2026-09-26T17:00:00Z,234
1947067,Central,CITY WEST LUDHIANA,Bhushan,Planned,Closed,2026-09-26T13:06:00Z,2026-09-26T17:00:00Z,234
1947065,Central,CITY WEST LUDHIANA,JINDAL CYCLE,Planned,Closed,2026-09-26T13:06:00Z,2026-09-26T17:00:00Z,234
1947064,Central,CITY WEST LUDHIANA,Om Steel,Planned,Closed,2026-09-26T13:06:00Z,2026-09-26T17:00:00Z,234
1947063,Central,CITY WEST LUDHIANA,METRO FEEDER,Unplanned,Closed,2026-09-26T13:02:23Z,2026-09-26T13:44:09Z,41
1947075,North,NAWANSHAHR,BULLEWAL,Unplanned,Closed,2026-09-26T13:02:00Z,2026-09-26T13:15:00Z,13
1947061,Central,CITY WEST LUDHIANA,Shiv Shakti,Planned,Closed,2026-09-26T13:00:52Z,2026-09-26T16:00:14Z,179
1947068,West,BATHINDA,GONIANA MANDI,Planned,Closed,2026-09-26T13:00:00Z,2026-09-26T13:10:00Z,10
1947066,West,BATHINDA,BHAI JAGTA JI,Planned,Closed,2026-09-26T13:00:00Z,2026-09-26T13:10:00Z,10
1947059,North,JALANDHAR,Mahajan feeder,Unplanned,Closed,2026-09-26T13:00:00Z,2026-09-26T13:10:00Z,10
1947062,South,BARNALA,MALERKOTLA-2,Unplanned,Closed,2026-09-26T12:50:00Z,2026-09-26T13:10:30Z,20
1947058,East,ROPAR,KALWAN,Unplanned,Closed,2026-09-26T12:50:00Z,2026-09-26T13:05:00Z,15
1947053,North,KAPURTHALA,AJIT NAGAR,Planned,Closed,2026-09-26T12:45:06Z,2026-09-26T13:06:24Z,21
1947056,South,BARNALA,Green Colony,Unplanned,Closed,2026-09-26T12:45:00Z,2026-09-26T14:50:00Z,125
1947054,West,MUKATSAR,11 KV Focal Point-2,Unplanned,Closed,2026-09-26T12:44:49Z,2026-09-26T13:03:53Z,19
1947052,West,MUKATSAR,11 KV Focal Point-1,Unplanned,Closed,2026-09-26T12:44:49Z,2026-09-26T13:03:53Z,19
1947057,South,BARNALA,ANAAJ MANDI,Unplanned,Closed,2026-09-26T12:42:00Z,2026-09-26T12:57:28Z,15
1947055,Central,KHANNA,Doaba,Planned,Closed,2026-09-26T12:40:00Z,2026-09-26T14:25:00Z,105
1947051,North,NAWANSHAHR,Shukaran,Unplanned,Closed,2026-09-26T12:35:00Z,2026-09-26T13:24:02Z,49
1947050,North,NAWANSHAHR,CHAHAL KALAN,Unplanned,Closed,2026-09-26T12:35:00Z,2026-09-26T13:24:20Z,49
1947048,North,NAWANSHAHR,UPS No. 2,Unplanned,Closed,2026-09-26T12:35:00Z,2026-09-26T13:25:46Z,50
1947060,Central,CITY WEST LUDHIANA,JIWAN UDYOG,Unplanned,Closed,2026-09-26T12:30:10Z,2026-09-26T13:30:22Z,60
1947049,West,BATHINDA,JOGA (UPS),Planned,Closed,2026-09-26T12:30:00Z,2026-09-26T15:56:00Z,206
1947047,Border,TARN TARAN,Adda Bhikhiwind,Planned,Closed,2026-09-26T12:30:00Z,2026-09-26T13:00:00Z,30
1947044,West,MUKATSAR,Dhani Sucha Singh (Old Chakra),Unplanned,Closed,2026-09-26T12:27:51Z,2026-09-26T14:23:41Z,115
1947045,Central,SUB URBAN LUDHIANA,City-1,Unplanned,Closed,2026-09-26T12:26:00Z,2026-09-26T17:05:00Z,279
1947041,North,JALANDHAR,11 KV GULAB DEVI,Unplanned,Closed,2026-09-26T12:25:01Z,2026-09-26T12:53:00Z,27
1947042,South,PATIALA,DARSHANI GATE,Planned,Closed,2026-09-26T12:25:00Z,2026-09-26T12:55:00Z,30
1947043,Central,SUB URBAN LUDHIANA,SAHARAN MAJRA UPS,Unplanned,Closed,2026-09-26T12:20:00Z,2026-09-26T12:29:00Z,9
1947040,North,NAWANSHAHR,SADHOWAL,Unplanned,Closed,2026-09-26T12:20:00Z,2026-09-26T14:10:00Z,110
1947036,South,SANGRUR,Bakhtra II,Unplanned,Closed,2026-09-26T12:20:00Z,2026-09-26T13:20:20Z,60
1947037,Central,KHANNA,Bhamaddi,Unplanned,Closed,2026-09-26T12:19:00Z,2026-09-26T13:47:00Z,88
1947035,West,BATHINDA,LAKHI JUNGLE,Unplanned,Closed,2026-09-26T12:17:57Z,2026-09-26T12:49:10Z,31
1947033,West,BATHINDA,NEHIAN WALA,Unplanned,Closed,2026-09-26T12:17:03Z,2026-09-26T12:47:23Z,30
1947032,West,BATHINDA,MEHMA SERJA,Unplanned,Closed,2026-09-26T12:16:05Z,2026-09-26T12:46:28Z,30
1947029,North,JALANDHAR,11KV PARTAP BHAG,Unplanned,Closed,2026-09-26T12:15:30Z,2026-09-26T13:07:00Z,51
1947038,South,BARNALA,PHARWAHI ROAD,Planned,Closed,2026-09-26T12:15:00Z,2026-09-26T13:50:00Z,95
1947031,North,HOSHIARPUR,MANGARH,Unplanned,Closed,2026-09-26T12:15:00Z,2026-09-26T12:35:00Z,20
1947030,North,HOSHIARPUR,11KV ARGOWAL,Unplanned,Closed,2026-09-26T12:15:00Z,2026-09-26T12:35:00Z,20
1947034,West,BATHINDA,AKLIA,Unplanned,Closed,2026-09-26T12:13:55Z,2026-09-26T12:45:57Z,32
1947027,East,MOHALI,11 KV Gura,Planned,Closed,2026-09-26T12:11:00Z,2026-09-26T15:55:00Z,224
1947028,North,JALANDHAR,ASHOK VIHAR,Unplanned,Closed,2026-09-26T12:10:00Z,2026-09-26T12:45:00Z,35
1946945,Border,SUB URBAN AMRITSAR,Boparai,Planned,Closed,2026-09-26T12:10:00Z,2026-09-26T14:50:00Z,160
1946924,Border,SUB URBAN AMRITSAR,Mahabir,Planned,Closed,2026-09-26T12:10:00Z,2026-09-26T14:50:00Z,160
1947022,North,JALANDHAR,11KV BASTI GUJAN,Unplanned,Closed,2026-09-26T12:08:00Z,2026-09-26T12:25:00Z,17
1947020,South,PATIALA,new anaj mandi,Unplanned,Closed,2026-09-26T12:08:00Z,2026-09-26T13:28:00Z,80
1947025,South,PATIALA,FACTORY AREA (NEW),Unplanned,Closed,2026-09-26T12:07:00Z,2026-09-26T13:27:00Z,80
1947017,South,PATIALA,HARINDER NAGAR,Unplanned,Closed,2026-09-26T12:07:00Z,2026-09-26T13:27:00Z,80
1947024,East,ROPAR,11 KV Chajjumajra,Planned,Closed,2026-09-26T12:03:00Z,2026-09-26T13:25:00Z,82
1947021,East,ROPAR,11 KV Sunny Mandir,Planned,Closed,2026-09-26T12:03:00Z,2026-09-26T13:25:00Z,82
1947019,East,ROPAR,11 KV Old Sunny,Planned,Closed,2026-09-26T12:03:00Z,2026-09-26T13:25:00Z,82
1947018,East,ROPAR,Nijjer Road,Planned,Closed,2026-09-26T12:03:00Z,2026-09-26T13:25:00Z,82
1947016,North,JALANDHAR,KHIALA,Unplanned,Closed,2026-09-26T11:53:00Z,2026-09-26T12:55:00Z,62
1946879,North,HOSHIARPUR,Model Town,Planned,Closed,2026-09-26T11:50:00Z,2026-09-26T14:41:00Z,171
1947012,South,SANGRUR,Maula Patti,Planned,Closed,2026-09-26T11:48:29Z,2026-09-26T13:26:37Z,98
1947011,South,SANGRUR,Akali Phula Singh,Planned,Closed,2026-09-26T11:48:04Z,2026-09-26T13:26:17Z,98
1947013,North,JALANDHAR,Ravidass Bhavan,Unplanned,Closed,2026-09-26T11:46:38Z,2026-09-26T12:16:51Z,30
1947014,Central,KHANNA,DFL,Unplanned,Closed,2026-09-26T11:45:00Z,2026-09-26T13:18:00Z,93
1947046,West,FEROZPUR,ARSONAL,Planned,Closed,2026-09-26T11:43:00Z,2026-09-26T13:00:00Z,77
1947010,North,NAWANSHAHR,CITY GARHSHANKAR-2,Unplanned,Closed,2026-09-26T11:40:00Z,2026-09-26T12:05:00Z,25
1947009,South,BARNALA,TAPA-1,Unplanned,Closed,2026-09-26T11:35:00Z,2026-09-26T12:35:00Z,60
1947007,East,Zirakpur,MES,Unplanned,Closed,2026-09-26T11:35:00Z,2026-09-26T12:05:00Z,30
1947004,Central,KHANNA,SALANA UPS,Unplanned,Closed,2026-09-26T11:34:00Z,2026-09-26T11:57:00Z,23
1947005,South,SANGRUR,Hamirgarh City,Unplanned,Closed,2026-09-26T11:33:29Z,2026-09-26T11:57:41Z,24
1947015,North,JALANDHAR,11KV Mithapur Feeder,Unplanned,Closed,2026-09-26T11:33:00Z,2026-09-26T12:05:00Z,32
1947006,East,ROPAR,11 KV Arya College Road,Planned,Closed,2026-09-26T11:31:00Z,2026-09-26T12:21:00Z,50
1947026,East,MOHALI,11KV Sec-108,Unplanned,Closed,2026-09-26T11:30:00Z,2026-09-26T11:58:52Z,28
1947008,North,KAPURTHALA,Taj city,Planned,Closed,2026-09-26T11:30:00Z,2026-09-26T13:22:00Z,112
1947023,East,MOHALI,11KV BLOCK-C,Unplanned,Closed,2026-09-26T11:28:00Z,2026-09-26T11:42:54Z,14
1947001,North,NAWANSHAHR,Nawan Pind,Unplanned,Closed,2026-09-26T11:25:09Z,2026-09-26T12:40:00Z,74
1947003,West,BATHINDA,NEW BASTI,Planned,Closed,2026-09-26T11:25:00Z,2026-09-26T14:18:00Z,173
1946999,Border,GURDASPUR,HABIBPUR,Unplanned,Closed,2026-09-26T11:23:00Z,2026-09-26T12:22:00Z,59
1946996,South,SANGRUR,Bhalwan3,Unplanned,Closed,2026-09-26T11:20:41Z,2026-09-26T13:07:00Z,106
1946995,South,SANGRUR,Bhalwan2,Unplanned,Closed,2026-09-26T11:20:41Z,2026-09-26T13:07:00Z,106
1947002,North,KAPURTHALA,BhawaniPur UPS,Unplanned,Closed,2026-09-26T11:20:00Z,2026-09-26T12:05:00Z,45
1946998,Border,TARN TARAN,24 HRS UPS,Unplanned,Closed,2026-09-26T11:20:00Z,2026-09-26T12:30:00Z,70
1946994,West,BATHINDA,11KV THAKUR COLONY,Planned,Closed,2026-09-26T11:18:00Z,2026-09-26T11:30:00Z,12
1946993,West,BATHINDA,11KV KANHAIYA CHOWK,Planned,Closed,2026-09-26T11:18:00Z,2026-09-26T11:30:00Z,12
1947000,Border,TARN TARAN,Goindwal Road Urban.,Unplanned,Closed,2026-09-26T11:15:00Z,2026-09-26T13:10:00Z,115
1946997,Border,TARN TARAN,Sanghey UPS,Unplanned,Closed,2026-09-26T11:10:00Z,2026-09-26T13:05:00Z,115
1946978,North,NAWANSHAHR,KARIMPUR DHIANI,Unplanned,Closed,2026-09-26T11:10:00Z,2026-09-26T13:00:00Z,110
1946986,West,FEROZPUR,11 KV Delhi Gate,Planned,Closed,2026-09-26T11:09:12Z,2026-09-26T11:26:12Z,17
1946985,West,FEROZPUR,CENTRAL JAIL,Planned,Closed,2026-09-26T11:09:12Z,2026-09-26T11:22:12Z,13
1946984,West,FEROZPUR,Dhawan Colony,Planned,Closed,2026-09-26T11:09:12Z,2026-09-26T11:23:12Z,14
1946983,West,FEROZPUR,11 NAMDEV CHAUNK URBAN,Planned,Closed,2026-09-26T11:09:12Z,2026-09-26T11:22:12Z,13
1946982,West,FEROZPUR,ZILA PARISHAD,Planned,Closed,2026-09-26T11:09:12Z,2026-09-26T11:22:12Z,13
1946981,West,FEROZPUR,BAGDADI GATE,Planned,Closed,2026-09-26T11:09:12Z,2026-09-26T11:20:12Z,11
1946980,West,FEROZPUR,RAILWAY,Planned,Closed,2026-09-26T11:09:12Z,2026-09-26T11:27:12Z,18
1946976,West,MUKATSAR,11 KV Focal Point-2,Unplanned,Closed,2026-09-26T11:08:30Z,2026-09-26T11:55:44Z,47
1946975,West,MUKATSAR,11 KV Focal Point-1,Unplanned,Closed,2026-09-26T11:08:30Z,2026-09-26T11:55:20Z,46
1946977,Border,GURDASPUR,Pioneer Agro,Unplanned,Closed,2026-09-26T11:08:00Z,2026-09-26T12:05:00Z,57
1946974,South,SANGRUR,11 KV SUNAM ROAD (CHEEMA GRID),Planned,Closed,2026-09-26T11:08:00Z,2026-09-26T11:53:00Z,45
1947039,East,MOHALI,BANUR URBAN 1,Unplanned,Closed,2026-09-26T11:05:00Z,2026-09-26T13:02:06Z,117
1946966,North,HOSHIARPUR,RUPOWAL,Unplanned,Closed,2026-09-26T11:05:00Z,2026-09-26T11:20:00Z,15
1946964,North,HOSHIARPUR,CHAK KHELA,Unplanned,Closed,2026-09-26T11:05:00Z,2026-09-26T11:20:00Z,15
1946992,West,FEROZPUR,Noor pur Sethan,Planned,Closed,2026-09-26T11:03:08Z,2026-09-26T11:26:08Z,23
1946991,West,FEROZPUR,CITY,Planned,Closed,2026-09-26T11:03:08Z,2026-09-26T11:28:08Z,25
1946990,West,FEROZPUR,BASTI TANKAN WALI,Planned,Closed,2026-09-26T11:03:08Z,2026-09-26T11:25:08Z,22
1946989,West,FEROZPUR,MOGA ROAD,Planned,Closed,2026-09-26T11:03:08Z,2026-09-26T11:22:08Z,19
1946988,West,FEROZPUR,S/STN. & COLONY,Planned,Closed,2026-09-26T11:03:08Z,2026-09-26T11:25:08Z,22
1946987,West,FEROZPUR,BSF,Planned,Closed,2026-09-26T11:03:08Z,2026-09-26T11:22:08Z,19
1946973,West,FEROZPUR,INDUSTRIAL,Planned,Closed,2026-09-26T11:00:00Z,2026-09-26T11:28:00Z,28
1946972,West,FEROZPUR,Amritsari Gate,Planned,Closed,2026-09-26T11:00:00Z,2026-09-26T11:30:00Z,30
1946971,West,FEROZPUR, P&T,Planned,Closed,2026-09-26T11:00:00Z,2026-09-26T11:27:00Z,27
1946970,West,FEROZPUR,CIVIL HOSPITAL,Planned,Closed,2026-09-26T11:00:00Z,2026-09-26T11:29:00Z,29
1946968,West,FEROZPUR,RINGMAIN B,Planned,Closed,2026-09-26T11:00:00Z,2026-09-26T11:28:00Z,28
1946967,West,FEROZPUR,ARSONAL,Planned,Closed,2026-09-26T11:00:00Z,2026-09-26T11:27:00Z,27
1946965,West,FEROZPUR,11 KV NAMAK MANDI,Planned,Closed,2026-09-26T11:00:00Z,2026-09-26T11:30:00Z,30
1946963,West,BATHINDA,INDUSTRIES,Planned,Closed,2026-09-26T11:00:00Z,2026-09-26T12:55:00Z,115
1946962,South,SANGRUR,NADAMPUR AP,Planned,Closed,2026-09-26T11:00:00Z,2026-09-26T11:40:00Z,40
1946961,South,SANGRUR,BAKHTRA,Planned,Closed,2026-09-26T11:00:00Z,2026-09-26T12:00:00Z,60
1946764,Central,SUB URBAN LUDHIANA,CITY-5,Planned,Closed,2026-09-26T11:00:00Z,2026-09-26T13:00:00Z,120
1946165,Border,GURDASPUR,SAGARPURA,Planned,Closed,2026-09-26T11:00:00Z,2026-09-26T16:00:00Z,300
1946164,Border,GURDASPUR,Paroshah,Planned,Closed,2026-09-26T11:00:00Z,2026-09-26T16:00:00Z,300
1946163,Border,GURDASPUR,11 KV Chone UPS,Planned,Closed,2026-09-26T11:00:00Z,2026-09-26T16:00:00Z,300
1946969,North,JALANDHAR,11 KV Manbro,Unplanned,Closed,2026-09-26T10:58:00Z,2026-09-26T11:26:00Z,28
1946960,South,SANGRUR,HARERI,Unplanned,Closed,2026-09-26T10:57:08Z,2026-09-26T11:27:16Z,30
1946979,Border,TARN TARAN,MEHTA URBAN-II,Unplanned,Closed,2026-09-26T10:55:00Z,2026-09-26T12:10:35Z,75
1946958,North,JALANDHAR,11 KV MILK PLANT,Unplanned,Closed,2026-09-26T10:51:00Z,2026-09-26T11:17:00Z,26
1946955,North,NAWANSHAHR,PANAM,Unplanned,Closed,2026-09-26T10:50:00Z,2026-09-26T11:55:00Z,65
1946953,North,NAWANSHAHR,KUNAIL .,Unplanned,Closed,2026-09-26T10:50:00Z,2026-09-26T12:30:00Z,100
1946951,South,SANGRUR,Kaulseri,Planned,Closed,2026-09-26T10:50:00Z,2026-09-26T11:29:27Z,39
1946949,South,SANGRUR,Bhojowali-2,Planned,Closed,2026-09-26T10:50:00Z,2026-09-26T12:35:56Z,105
1946820,Central,KHANNA,New Shanti Nagar,Planned,Closed,2026-09-26T10:50:00Z,2026-09-26T12:40:00Z,110
1946819,Central,KHANNA,TELEPHONE EXCH.,Planned,Closed,2026-09-26T10:50:00Z,2026-09-26T12:40:00Z,110
1946818,Central,KHANNA,Doaba,Planned,Closed,2026-09-26T10:50:00Z,2026-09-26T12:30:00Z,100
1946817,Central,KHANNA,SHIVPURI,Planned,Closed,2026-09-26T10:50:00Z,2026-09-26T12:40:00Z,110
1946957,South,PATIALA,Mall Road,Unplanned,Closed,2026-09-26T10:47:00Z,2026-09-26T13:15:00Z,148
1946952,West,BATHINDA,TRANSPORT NAGAR,Planned,Closed,2026-09-26T10:45:00Z,2026-09-26T11:05:00Z,20
1946959,East,MOHALI,11KV BARI AP,Unplanned,Closed,2026-09-26T10:38:00Z,2026-09-26T12:10:43Z,92
1946946,South,SANGRUR,Kakarwal,Unplanned,Closed,2026-09-26T10:37:00Z,2026-09-26T11:20:11Z,43
1946920,Central,CITY WEST LUDHIANA,A block,Planned,Closed,2026-09-26T10:36:02Z,2026-09-26T14:10:07Z,214
1946919,Central,CITY WEST LUDHIANA,BDS Nagar,Planned,Closed,2026-09-26T10:36:02Z,2026-09-26T14:09:49Z,213
1946918,Border,SUB URBAN AMRITSAR,BAL SACHANDER,Planned,Closed,2026-09-26T10:35:00Z,2026-09-26T19:15:00Z,520
1946917,South,SANGRUR,Ballran-2,Planned,Closed,2026-09-26T10:34:37Z,2026-09-26T11:05:48Z,31
1946923,East,MOHALI,11 KV Mohali Vill.,Planned,Closed,2026-09-26T10:33:00Z,2026-09-26T14:00:00Z,207
1946916,South,SANGRUR,sub station vcb,Planned,Closed,2026-09-26T10:30:03Z,2026-09-26T13:11:36Z,161
1946915,South,SANGRUR,Punnawal  UPS,Planned,Closed,2026-09-26T10:30:03Z,2026-09-26T13:11:36Z,161
1946914,South,SANGRUR,Natt UPS,Planned,Closed,2026-09-26T10:30:03Z,2026-09-26T13:11:36Z,161
1946913,South,SANGRUR,Kanjla C-1,Planned,Closed,2026-09-26T10:30:03Z,2026-09-26T13:11:36Z,161
1946922,West,MUKATSAR,11 KV Alamgarh,Unplanned,Closed,2026-09-26T10:27:14Z,2026-09-26T11:08:14Z,41
1946921,West,MUKATSAR,11 KV GANGA NAGAR ROAD,Unplanned,Closed,2026-09-26T10:25:58Z,2026-09-26T11:08:06Z,42
1946938,East,MOHALI,TOGGAN,Unplanned,Closed,2026-09-26T10:24:49Z,2026-09-26T11:00:12Z,35
1946937,East,MOHALI,SUBSTATION MULLANPUR,Unplanned,Closed,2026-09-26T10:24:49Z,2026-09-26T11:00:54Z,36
1946936,East,MOHALI,11 KV Manohar,Unplanned,Closed,2026-09-26T10:24:49Z,2026-09-26T11:00:42Z,35
1946935,East,MOHALI,11 KV OMAXE,Unplanned,Closed,2026-09-26T10:24:49Z,2026-09-26T11:00:27Z,35
1946934,East,MOHALI,11 KV Bansepur,Unplanned,Closed,2026-09-26T10:24:49Z,2026-09-26T11:00:22Z,35
1946933,East,MOHALI,JANTI DEVI,Unplanned,Closed,2026-09-26T10:24:49Z,2026-09-26T11:00:14Z,35
1946932,East,MOHALI,Janta colony,Unplanned,Closed,2026-09-26T10:24:49Z,2026-09-26T11:00:40Z,35
1946931,East,MOHALI,Mullanpur,Unplanned,Closed,2026-09-26T10:24:49Z,2026-09-26T11:00:56Z,36
1946930,East,MOHALI,Nirankari feeder,Unplanned,Closed,2026-09-26T10:24:49Z,2026-09-26T11:00:55Z,36
1946929,East,MOHALI,PCA NEW CRICKET STADIUM MULLAN,Unplanned,Closed,2026-09-26T10:24:49Z,2026-09-26T11:00:36Z,35
1946928,East,MOHALI,11 KV DLF,Unplanned,Closed,2026-09-26T10:24:49Z,2026-09-26T11:00:42Z,35
1946927,East,MOHALI,"IAS,PCS Socity",Unplanned,Closed,2026-09-26T10:24:49Z,2026-09-26T11:00:37Z,35
1946926,East,MOHALI,RATWARA SAHIB,Unplanned,Closed,2026-09-26T10:24:49Z,2026-09-26T11:00:10Z,35
1946925,East,MOHALI,NAYA GAON,Unplanned,Closed,2026-09-26T10:24:49Z,2026-09-26T11:00:24Z,35
1946944,East,MOHALI,11 KV Gura,Unplanned,Closed,2026-09-26T10:24:07Z,2026-09-26T11:00:51Z,36
1946943,East,MOHALI,11 KV SUKHNA ENCLAVE,Unplanned,Closed,2026-09-26T10:24:07Z,2026-09-26T11:00:14Z,36
1946942,East,MOHALI,11 KV Masol,Unplanned,Closed,2026-09-26T10:24:07Z,2026-09-26T11:00:22Z,36
1946941,East,MOHALI,11 KV Kansal,Unplanned,Closed,2026-09-26T10:24:07Z,2026-09-26T11:00:19Z,36
1946940,East,MOHALI,11KV Shivalik Vihar,Unplanned,Closed,2026-09-26T10:24:07Z,2026-09-26T11:00:01Z,35
1946939,East,MOHALI,Kasauli,Unplanned,Closed,2026-09-26T10:24:07Z,2026-09-26T11:00:28Z,36
1946950,Central,CITY WEST LUDHIANA,JANTA NAGAR,Unplanned,Closed,2026-09-26T10:16:34Z,2026-09-26T11:16:43Z,60
1946912,North,NAWANSHAHR,11 KV Begam Pur,Unplanned,Closed,2026-09-26T10:15:00Z,2026-09-26T11:35:00Z,80
1946911,North,KAPURTHALA,MALL ROAD URBAN,Unplanned,Closed,2026-09-26T10:10:00Z,2026-09-26T10:40:00Z,30
1946910,East,ROPAR,11 KV HOSPITAL,Planned,Closed,2026-09-26T10:10:00Z,2026-09-26T12:43:35Z,153
1946751,East,ROPAR,Indira nagar,Planned,Closed,2026-09-26T10:10:00Z,2026-09-26T12:43:54Z,153
1946745,East,ROPAR,Nikku Nangal,Planned,Closed,2026-09-26T10:10:00Z,2026-09-26T13:56:33Z,226
1946908,Border,TARN TARAN,CITY 2,Unplanned,Closed,2026-09-26T10:05:00Z,2026-09-26T10:50:00Z,45
1946906,West,MUKATSAR,11 KV MALOUT ROAD,Planned,Closed,2026-09-26T10:05:00Z,2026-09-26T12:48:59Z,163
1946773,South,PATIALA,Samania Gate,Planned,Closed,2026-09-26T10:01:00Z,2026-09-26T14:14:00Z,253
1946674,Border,GURDASPUR,Kalanangal,Planned,Closed,2026-09-26T10:00:00Z,2026-09-26T18:35:00Z,515
1946673,Border,GURDASPUR,Peeranbagh,Planned,Closed,2026-09-26T10:00:00Z,2026-09-26T18:35:00Z,515
1946671,Border,GURDASPUR,Gatta Factory,Planned,Closed,2026-09-26T10:00:00Z,2026-09-26T18:35:00Z,515
1946670,Border,GURDASPUR,BATHWALA,Planned,Closed,2026-09-26T10:00:00Z,2026-09-26T18:35:00Z,515
1946659,Central,SUB URBAN LUDHIANA,LAKHA(UPS),Planned,Closed,2026-09-26T10:00:00Z,2026-09-26T16:00:00Z,360
1946905,South,SANGRUR,SAMURAN UPS,Unplanned,Closed,2026-09-26T09:55:00Z,2026-09-26T11:45:00Z,110
1946907,West,BATHINDA,Ubha,Unplanned,Closed,2026-09-26T09:54:00Z,2026-09-26T11:29:00Z,95
1946904,North,JALANDHAR,11 KV Lal Kurti Feeder,Unplanned,Closed,2026-09-26T09:50:00Z,2026-09-26T10:01:00Z,11
1946903,West,BATHINDA,CITY MANSA,Unplanned,Closed,2026-09-26T09:50:00Z,2026-09-26T12:05:00Z,135
1946948,West,FARIDKOT,11 KV GAJJANWALA-U-CAT-01,Planned,Closed,2026-09-26T09:45:54Z,2026-09-26T13:00:54Z,195
1946947,West,FARIDKOT,11 KV JAIMALWALA-UPS,Planned,Closed,2026-09-26T09:45:54Z,2026-09-26T13:00:54Z,195
1946909,Central,CITY WEST LUDHIANA,PERFECT FORGING,Unplanned,Closed,2026-09-26T09:43:11Z,2026-09-26T10:43:17Z,60
1946902,West,BATHINDA,JHANDA KHURD,Unplanned,Closed,2026-09-26T09:40:00Z,2026-09-26T11:05:34Z,85
1946893,North,HOSHIARPUR,JALALPUR,Unplanned,Closed,2026-09-26T09:40:00Z,2026-09-26T10:25:00Z,45
1946885,North,JALANDHAR,11KV PARTAP BHAG,Unplanned,Closed,2026-09-26T09:38:46Z,2026-09-26T09:56:00Z,17
1946901,West,BATHINDA,BAJEWALA,Planned,Closed,2026-09-26T09:38:00Z,2026-09-26T17:20:46Z,462
1946884,North,HOSHIARPUR,RAMGHAR,Planned,Closed,2026-09-26T09:35:00Z,2026-09-26T11:25:00Z,110
1946883,North,JALANDHAR,11KV GANDHI CAMP,Unplanned,Closed,2026-09-26T09:32:16Z,2026-09-26T10:13:00Z,40
1946900,East,MOHALI,MOULI,Planned,Closed,2026-09-26T09:31:00Z,2026-09-26T14:35:00Z,304
1946899,East,MOHALI,11KV MGF,Planned,Closed,2026-09-26T09:31:00Z,2026-09-26T14:35:00Z,304
1946954,East,MOHALI,11KV PEARL,Unplanned,Closed,2026-09-26T09:30:00Z,2026-09-26T14:39:31Z,309
1946898,South,PATIALA,SHRI THAKUR DWARA,Planned,Closed,2026-09-26T09:30:00Z,2026-09-26T10:20:00Z,50
1946897,South,PATIALA,11 KV Sood packers,Planned,Closed,2026-09-26T09:30:00Z,2026-09-26T11:20:00Z,110
1946896,South,PATIALA,HUL ROAD,Planned,Closed,2026-09-26T09:30:00Z,2026-09-26T13:23:00Z,233
1946895,South,PATIALA,kotla,Planned,Closed,2026-09-26T09:30:00Z,2026-09-26T14:05:00Z,275
1946894,South,PATIALA,DANBURY YARN,Planned,Closed,2026-09-26T09:30:00Z,2026-09-26T16:01:00Z,391
1946892,South,PATIALA,STAR ENCLAVE,Planned,Closed,2026-09-26T09:30:00Z,2026-09-26T11:23:00Z,113
1946891,South,PATIALA,Chandigarh Road,Planned,Closed,2026-09-26T09:30:00Z,2026-09-26T14:05:00Z,275
1946890,South,PATIALA,SUNDER NAGAR RAJPURA,Planned,Closed,2026-09-26T09:30:00Z,2026-09-26T10:05:00Z,35
1946889,South,PATIALA,BABA DEEP SINGH,Planned,Closed,2026-09-26T09:30:00Z,2026-09-26T12:30:00Z,180
1946888,South,PATIALA,ups Ambala Road,Planned,Closed,2026-09-26T09:30:00Z,2026-09-26T09:45:00Z,15
1946881,North,HOSHIARPUR,11Kv Bebhalmanj UPS,Unplanned,Closed,2026-09-26T09:28:00Z,2026-09-26T09:48:00Z,20
1946876,South,SANGRUR,BALAKNATH,Planned,Closed,2026-09-26T09:20:56Z,2026-09-26T09:48:10Z,27
1946878,South,SANGRUR,Akoi Sahab,Unplanned,Closed,2026-09-26T09:20:25Z,2026-09-26T15:50:35Z,390
1946882,Border,TARN TARAN,KARTARRPUR UPS,Unplanned,Closed,2026-09-26T09:20:00Z,2026-09-26T09:50:21Z,30
1946880,South,SANGRUR,Kakarwal,Unplanned,Closed,2026-09-26T09:20:00Z,2026-09-26T10:32:11Z,72
1946887,East,ROPAR,Golhani,Unplanned,Closed,2026-09-26T09:15:57Z,2026-09-26T10:15:56Z,59
1946886,East,ROPAR,Jain feeder,Unplanned,Closed,2026-09-26T09:15:57Z,2026-09-26T10:15:48Z,59
1946877,West,MUKATSAR,Bidowali,Unplanned,Closed,2026-09-26T09:15:00Z,2026-09-26T10:31:00Z,76
1946645,West,BATHINDA,INDUSTRIAL,Planned,Closed,2026-09-26T09:15:00Z,2026-09-26T12:55:00Z,220
1946874,South,SANGRUR,Gurdaspura,Unplanned,Closed,2026-09-26T09:12:34Z,2026-09-26T09:44:49Z,32
1946794,Central,SUB URBAN LUDHIANA,Gurdwara Chowk,Planned,Closed,2026-09-26T09:00:00Z,2026-09-26T12:06:46Z,186
1946793,Central,SUB URBAN LUDHIANA,Industry,Planned,Closed,2026-09-26T09:00:00Z,2026-09-26T11:55:07Z,175
1946792,Central,SUB URBAN LUDHIANA,Bhutta,Planned,Closed,2026-09-26T09:00:00Z,2026-09-26T12:07:58Z,187
1946791,Central,SUB URBAN LUDHIANA,Umbera,Planned,Closed,2026-09-26T09:00:00Z,2026-09-26T12:07:39Z,187
1946790,Central,SUB URBAN LUDHIANA,Paper Mill,Planned,Closed,2026-09-26T09:00:00Z,2026-09-26T12:07:52Z,187
1946789,Central,SUB URBAN LUDHIANA,GT ROAD,Planned,Closed,2026-09-26T09:00:00Z,2026-09-26T12:07:27Z,187
1946788,Central,SUB URBAN LUDHIANA,Bye Pass,Planned,Closed,2026-09-26T09:00:00Z,2026-09-26T12:08:26Z,188
1946787,Central,SUB URBAN LUDHIANA,Panju Agrotech,Planned,Closed,2026-09-26T09:00:00Z,2026-09-26T12:07:32Z,187
1946786,Central,SUB URBAN LUDHIANA,Gill-1,Planned,Closed,2026-09-26T09:00:00Z,2026-09-26T12:09:53Z,189
1946753,Central,CITY WEST LUDHIANA,MATHARU,Planned,Closed,2026-09-26T09:00:00Z,2026-09-26T13:00:00Z,240
1946752,Central,CITY WEST LUDHIANA,Dhanoa,Planned,Closed,2026-09-26T09:00:00Z,2026-09-26T13:00:00Z,240
1946750,Central,CITY WEST LUDHIANA,EveLine (new),Planned,Closed,2026-09-26T09:00:00Z,2026-09-26T13:00:00Z,240
1946749,Central,CITY WEST LUDHIANA,MAHADEV FORGING,Planned,Closed,2026-09-26T09:00:00Z,2026-09-26T13:00:00Z,240
1946748,Central,CITY WEST LUDHIANA,SARTAJ,Planned,Closed,2026-09-26T09:00:00Z,2026-09-26T13:00:00Z,240
1946747,Central,CITY WEST LUDHIANA,AMRIT FASTNER,Planned,Closed,2026-09-26T09:00:00Z,2026-09-26T13:00:00Z,240
1946746,Central,CITY WEST LUDHIANA,Garcha,Planned,Closed,2026-09-26T09:00:00Z,2026-09-26T13:00:00Z,240
1946744,Central,CITY WEST LUDHIANA,EKTA MARKET,Planned,Closed,2026-09-26T09:00:00Z,2026-09-26T13:00:00Z,240
1946743,Central,CITY WEST LUDHIANA,Khalsa,Planned,Closed,2026-09-26T09:00:00Z,2026-09-26T13:00:00Z,240
1946742,Central,CITY WEST LUDHIANA,RUDRA ENCLAVE,Planned,Closed,2026-09-26T09:00:00Z,2026-09-26T13:00:00Z,240
1946741,Central,CITY WEST LUDHIANA,Dhillon,Planned,Closed,2026-09-26T09:00:00Z,2026-09-26T13:00:00Z,240
1946740,Central,CITY WEST LUDHIANA,JAGDAMBA,Planned,Closed,2026-09-26T09:00:00Z,2026-09-26T13:00:00Z,240
1946738,Central,CITY WEST LUDHIANA,Bhushan,Planned,Closed,2026-09-26T09:00:00Z,2026-09-26T13:00:00Z,240
1946737,Central,CITY WEST LUDHIANA,JINDAL CYCLE,Planned,Closed,2026-09-26T09:00:00Z,2026-09-26T13:00:00Z,240
1946736,Central,CITY WEST LUDHIANA,Om Steel,Planned,Closed,2026-09-26T09:00:00Z,2026-09-26T13:00:00Z,240
1946735,Central,CITY WEST LUDHIANA,Ram Nagar,Planned,Closed,2026-09-26T09:00:00Z,2026-09-26T13:00:00Z,240
1946672,South,BARNALA,Chappa UPS,Planned,Closed,2026-09-26T09:00:00Z,2026-09-26T17:00:00Z,480
1946669,Central,CITY WEST LUDHIANA,Shiv Shakti,Planned,Closed,2026-09-26T09:00:00Z,2026-09-26T12:55:23Z,235
1946871,South,PATIALA,UPS TUNGA,Unplanned,Closed,2026-09-26T08:55:24Z,2026-09-26T09:09:30Z,14
1946870,South,PATIALA,Stn T.F Samundgarh,Unplanned,Closed,2026-09-26T08:55:24Z,2026-09-26T09:09:49Z,14
1946869,South,PATIALA,U.P.S. SAMUNGARH-2,Unplanned,Closed,2026-09-26T08:55:24Z,2026-09-26T09:09:03Z,13
1946868,North,JALANDHAR,RAIWAY WORKSHOP,Unplanned,Closed,2026-09-26T08:55:00Z,2026-09-26T09:10:00Z,15
1946873,South,SANGRUR,Kandhargarh,Unplanned,Closed,2026-09-26T08:52:28Z,2026-09-26T09:09:19Z,16
1946872,South,SANGRUR,Samundgarh UPS,Unplanned,Closed,2026-09-26T08:52:28Z,2026-09-26T09:09:28Z,17
1946875,South,PATIALA,UPS,Unplanned,Closed,2026-09-26T08:49:00Z,2026-09-26T10:32:00Z,103
1946867,North,JALANDHAR,11 KV BHAGAT SINGH COLONY,Unplanned,Closed,2026-09-26T08:48:44Z,2026-09-26T11:17:00Z,148
1946956,East,Zirakpur,ZIRAKPUR-1,Unplanned,Closed,2026-09-26T08:48:00Z,2026-09-26T10:00:00Z,72
1946866,West,MUKATSAR,M.R. Enclave,Unplanned,Closed,2026-09-26T08:47:07Z,2026-09-26T13:55:44Z,308
1946864,South,SANGRUR,CITY-5,Unplanned,Closed,2026-09-26T08:35:00Z,2026-09-26T09:40:00Z,65
1946856,Border,TARN TARAN,Paddey,Unplanned,Closed,2026-09-26T08:20:00Z,2026-09-26T10:05:17Z,105
1946854,North,HOSHIARPUR,CHAUNNI,Unplanned,Closed,2026-09-26T08:20:00Z,2026-09-26T09:01:00Z,41
1946853,North,KAPURTHALA,UPS PANDORI,Unplanned,Closed,2026-09-26T08:15:00Z,2026-09-26T10:00:00Z,105
1946835,South,SANGRUR,Bagrian Road,Planned,Closed,2026-09-26T08:15:00Z,2026-09-26T08:35:12Z,20
1946834,South,SANGRUR,Industrial (Dhuri),Planned,Closed,2026-09-26T08:15:00Z,2026-09-26T08:35:17Z,20
1946851,South,SANGRUR,BHAMABADI,Unplanned,Closed,2026-09-26T08:14:40Z,2026-09-26T09:44:51Z,90
1946850,Central,CITY WEST LUDHIANA,STAR ROAD FEEDER,Unplanned,Closed,2026-09-26T08:13:44Z,2026-09-26T09:32:02Z,78
1946865,East,ROPAR,RANGIAN,Unplanned,Closed,2026-09-26T08:13:00Z,2026-09-26T08:48:00Z,35
1946855,Border,GURDASPUR,BEHBAL CHACK,Unplanned,Closed,2026-09-26T08:12:00Z,2026-09-26T10:10:00Z,118
1946852,North,HOSHIARPUR,PALAKI,Unplanned,Closed,2026-09-26T08:06:00Z,2026-09-26T08:56:00Z,50
1946841,South,PATIALA,ups Ambala Road,Unplanned,Closed,2026-09-26T08:01:00Z,2026-09-26T09:45:00Z,104
1946463,South,SANGRUR,11 KV BHRAMKUMARI,Planned,Closed,2026-09-26T08:00:00Z,2026-09-26T13:02:00Z,302
1946840,East,ROPAR,11 KV Kotala,Unplanned,Closed,2026-09-26T07:51:24Z,2026-09-26T13:00:24Z,309
1946839,East,ROPAR,Baghor,Unplanned,Closed,2026-09-26T07:51:24Z,2026-09-26T13:00:24Z,309
1946838,East,ROPAR,Bhanglan,Unplanned,Closed,2026-09-26T07:51:24Z,2026-09-26T13:00:24Z,309
1946837,East,ROPAR,11 KV IOC,Unplanned,Closed,2026-09-26T07:51:24Z,2026-09-26T13:00:24Z,309
1946836,East,ROPAR,11 KV Ghungrali Sikhan,Unplanned,Closed,2026-09-26T07:51:24Z,2026-09-26T13:00:24Z,309
1946849,East,ROPAR,Dhanaula,Unplanned,Closed,2026-09-26T07:50:17Z,2026-09-26T13:00:17Z,310
1946848,East,ROPAR,Khamanon Khurd,Unplanned,Closed,2026-09-26T07:50:17Z,2026-09-26T13:00:17Z,310
1946847,East,ROPAR,11KV Vaban Milk Food,Unplanned,Closed,2026-09-26T07:50:17Z,2026-09-26T13:00:17Z,310
1946846,East,ROPAR,11 KV Bhambri,Unplanned,Closed,2026-09-26T07:50:17Z,2026-09-26T13:02:17Z,312
1946845,East,ROPAR,11 KV Mansoorpur,Unplanned,Closed,2026-09-26T07:50:17Z,2026-09-26T13:00:17Z,310
1946844,East,ROPAR,11 KV Khamano,Unplanned,Closed,2026-09-26T07:50:17Z,2026-09-26T13:00:17Z,310
1946843,East,ROPAR,11 KV Luxmi,Unplanned,Closed,2026-09-26T07:50:17Z,2026-09-26T13:00:17Z,310
1946842,East,ROPAR,11 KV Navodya,Unplanned,Closed,2026-09-26T07:50:17Z,2026-09-26T13:00:17Z,310
1946832,Central,KHANNA,RAM RAJAYA,Unplanned,Closed,2026-09-26T07:50:00Z,2026-09-26T09:30:00Z,100
1946831,South,SANGRUR,Roshan Nagar,Unplanned,Closed,2026-09-26T07:50:00Z,2026-09-26T08:45:00Z,55
1946828,West,MUKATSAR,11 KB BAZIDPURA,Unplanned,Closed,2026-09-26T07:41:47Z,2026-09-26T08:40:52Z,59
1946827,West,MUKATSAR,11 KV SITO,Unplanned,Closed,2026-09-26T07:41:19Z,2026-09-26T08:40:30Z,59
1946824,North,KAPURTHALA,UPS TANDA AURA,Unplanned,Closed,2026-09-26T07:35:00Z,2026-09-26T07:55:00Z,20
1946823,Border,CITY AMRITSAR,LAKKAR MANDI,Unplanned,Closed,2026-09-26T07:35:00Z,2026-09-26T08:35:00Z,60
1946833,Border,SUB URBAN AMRITSAR,KASHMIR AVANUE,Unplanned,Closed,2026-09-26T07:30:00Z,2026-09-26T08:45:00Z,75
1946825,South,SANGRUR,RASOLI,Unplanned,Closed,2026-09-26T07:30:00Z,2026-09-26T12:05:00Z,275
1946821,West,FARIDKOT,TEACHER COLONY,Unplanned,Closed,2026-09-26T07:20:00Z,2026-09-26T08:07:16Z,47
1946829,East,ROPAR,UPS2,Unplanned,Closed,2026-09-26T07:16:00Z,2026-09-26T07:50:00Z,34
1946830,East,ROPAR,Mianpur,Unplanned,Closed,2026-09-26T07:15:00Z,2026-09-26T08:58:00Z,103
1946822,North,HOSHIARPUR,DATARPUR,Unplanned,Closed,2026-09-26T07:14:00Z,2026-09-26T07:25:00Z,11
1946816,Central,KHANNA,ITI feeder,Unplanned,Closed,2026-09-26T07:05:00Z,2026-09-26T08:29:00Z,84
1946813,North,JALANDHAR,RAJOWAL,Unplanned,Closed,2026-09-26T06:55:00Z,2026-09-26T08:05:00Z,70
1946814,West,MUKATSAR,Sikhwala Urban,Unplanned,Closed,2026-09-26T06:52:00Z,2026-09-26T08:49:00Z,117
1946811,South,BARNALA,WAZIDKE 24 HRS,Unplanned,Closed,2026-09-26T06:49:00Z,2026-09-26T08:38:00Z,109
1946815,East,MOHALI,11 KV GIDDARPUR AP,Unplanned,Closed,2026-09-26T06:40:00Z,2026-09-26T07:10:00Z,30
1946812,Border,GURDASPUR,RAILWAY ROAD CAT-1,Unplanned,Closed,2026-09-26T06:40:00Z,2026-09-26T07:25:00Z,45
1946809,Border,GURDASPUR,Greater Kailash,Unplanned,Closed,2026-09-26T06:37:00Z,2026-09-26T08:50:00Z,133
1946807,North,HOSHIARPUR,manvta mander,Unplanned,Closed,2026-09-26T06:33:00Z,2026-09-26T07:25:00Z,52
1946808,East,ROPAR,ACME HEIGHT,Unplanned,Closed,2026-09-26T06:31:00Z,2026-09-26T07:13:00Z,42
1946806,North,NAWANSHAHR,MALEWAL,Unplanned,Closed,2026-09-26T06:24:00Z,2026-09-26T06:55:00Z,31
1946805,North,NAWANSHAHR,11 KV Buthgarh,Unplanned,Closed,2026-09-26T06:24:00Z,2026-09-26T06:54:00Z,30
1946810,North,JALANDHAR,11kv Nangal shama,Unplanned,Closed,2026-09-26T06:22:00Z,2026-09-26T06:43:00Z,21
1946804,East,ROPAR,Siswan,Unplanned,Closed,2026-09-26T05:30:00Z,2026-09-26T07:30:00Z,120
1946802,South,SANGRUR,UPS THRWA,Unplanned,Closed,2026-09-26T04:00:00Z,2026-09-26T07:10:00Z,190
1946801,South,SANGRUR,MEHLAN UPS,Unplanned,Closed,2026-09-26T03:50:00Z,2026-09-26T05:35:00Z,105
1946803,Border,GURDASPUR,24Hrs SUPPLY SEKHWAN,Unplanned,Closed,2026-09-26T02:30:00Z,2026-09-26T06:20:00Z,230
1946800,West,MUKATSAR,BRING KHERA,Unplanned,Closed,2026-09-26T01:20:00Z,2026-09-26T05:05:00Z,225
1946799,North,JALANDHAR,11KV GANDHI CAMP,Unplanned,Closed,2026-09-26T01:15:00Z,2026-09-26T02:20:59Z,65
1946797,Border,SUB URBAN AMRITSAR,M.E.S,Unplanned,Closed,2026-09-26T00:55:00Z,2026-09-26T01:30:00Z,35
1946798,South,PATIALA,SULAR,Unplanned,Closed,2026-09-26T00:54:00Z,2026-09-26T01:35:00Z,41
1946796,North,JALANDHAR,11KV GANDHI CAMP,Unplanned,Closed,2026-09-26T00:36:24Z,2026-09-26T01:02:56Z,26
1946795,Central,CITY EAST LUDHIANA,PATIALA HOUSE,Unplanned,Closed,2026-09-26T00:35:00Z,2026-09-26T00:58:00Z,23
1946785,East,Zirakpur,LALRU MANDI,Planned,Closed,2026-09-25T23:07:00Z,2026-09-25T23:30:00Z,23
1946784,North,JALANDHAR,Diwali,Unplanned,Closed,2026-09-25T22:55:00Z,2026-09-26T00:52:00Z,117
1946782,North,JALANDHAR,11KV GANDHI CAMP,Unplanned,Closed,2026-09-25T22:46:30Z,2026-09-26T00:12:54Z,86
1946783,West,BATHINDA,BUNGA SAHIB UPS,Unplanned,Closed,2026-09-25T22:44:00Z,2026-09-26T06:35:00Z,471
1946780,Border,GURDASPUR,City-1,Unplanned,Closed,2026-09-25T22:28:00Z,2026-09-25T22:50:00Z,22
1946779,North,HOSHIARPUR,Handowal,Unplanned,Closed,2026-09-25T22:20:00Z,2026-09-25T23:15:00Z,55
1946781,South,BARNALA,MALERKOTLA UPS,Unplanned,Closed,2026-09-25T22:05:00Z,2026-09-25T22:55:00Z,50
1946776,North,KAPURTHALA,URBAN Malsian,Unplanned,Closed,2026-09-25T21:26:00Z,2026-09-25T21:50:00Z,24
1946777,East,ROPAR,Mirzapur,Unplanned,Closed,2026-09-25T21:23:00Z,2026-09-25T21:55:00Z,32
1946775,Border,GURDASPUR,Naushera Nal Banda,Unplanned,Closed,2026-09-25T20:35:00Z,2026-09-25T20:55:00Z,20
1946767,Border,GURDASPUR,Najo Chack,Unplanned,Closed,2026-09-25T20:22:00Z,2026-09-25T20:56:00Z,34
1946766,Border,SUB URBAN AMRITSAR,Judge Nagar,Unplanned,Closed,2026-09-25T20:06:00Z,2026-09-25T20:58:00Z,52
1946765,North,JALANDHAR,MANDI,Unplanned,Closed,2026-09-25T20:05:00Z,2026-09-25T20:30:00Z,25
1946763,East,Zirakpur,CCC,Planned,Closed,2026-09-25T20:05:00Z,2026-09-25T20:15:00Z,10
1946760,South,BARNALA,KARAMGARH URBAN,Unplanned,Closed,2026-09-25T20:05:00Z,2026-09-25T21:40:00Z,95
1946761,Border,SUB URBAN AMRITSAR,KHANNA NAGAR,Unplanned,Closed,2026-09-25T19:55:00Z,2026-09-25T20:25:10Z,30
1946759,North,HOSHIARPUR,11 KV Jahankhelan,Unplanned,Closed,2026-09-25T19:35:00Z,2026-09-25T19:57:00Z,22
1946758,East,Zirakpur,11 kv malwa,Planned,Closed,2026-09-25T19:32:00Z,2026-09-25T19:40:00Z,8
1946757,East,Zirakpur,Bhudda Sahib,Planned,Closed,2026-09-25T19:32:00Z,2026-09-25T19:40:00Z,8
1946756,East,Zirakpur,BEGAMPURA,Planned,Closed,2026-09-25T19:32:00Z,2026-09-25T19:40:00Z,8
1946755,North,NAWANSHAHR,BIRAMPUR,Unplanned,Closed,2026-09-25T19:30:00Z,2026-09-25T19:56:00Z,26
1946754,East,MOHALI,Industrial 8A,Unplanned,Closed,2026-09-25T19:11:00Z,2026-09-25T20:11:00Z,60
1946739,East,Zirakpur,UPS AGGANPUR,Unplanned,Closed,2026-09-25T19:10:00Z,2026-09-25T20:10:00Z,60
1946729,East,ROPAR,66 KV Mahaluxmi,Unplanned,Closed,2026-09-25T19:03:29Z,2026-09-25T19:51:29Z,48
1946728,East,ROPAR,66 KV Alloyed Recycling,Unplanned,Closed,2026-09-25T19:03:29Z,2026-09-25T19:51:29Z,48
1946727,East,ROPAR,Renny Strip,Unplanned,Closed,2026-09-25T19:03:29Z,2026-09-25T19:51:29Z,48
1946726,East,ROPAR,11KV Lakhowal Road,Unplanned,Closed,2026-09-25T19:03:29Z,2026-09-25T19:51:29Z,48
1946725,East,ROPAR,11 KV Punjab Worsted,Unplanned,Closed,2026-09-25T19:03:29Z,2026-09-25T19:51:29Z,48
1946724,East,ROPAR,Gurtej Steel,Unplanned,Closed,2026-09-25T19:03:29Z,2026-09-25T19:51:29Z,48
1946723,East,ROPAR,Sahib alloy,Unplanned,Closed,2026-09-25T19:03:29Z,2026-09-25T19:51:29Z,48
1946722,East,ROPAR,kohara Industry,Unplanned,Closed,2026-09-25T19:03:29Z,2026-09-25T19:51:29Z,48
1946721,East,ROPAR,Mohit Furnace,Unplanned,Closed,2026-09-25T19:03:29Z,2026-09-25T19:51:29Z,48
1946720,East,ROPAR,11 KV NKH,Unplanned,Closed,2026-09-25T19:03:29Z,2026-09-25T19:51:29Z,48
1946719,East,ROPAR,11 KV Samridhi Steel,Unplanned,Closed,2026-09-25T19:03:29Z,2026-09-25T19:51:29Z,48
1946718,East,ROPAR,Bhupindra Alloys-11kV,Unplanned,Closed,2026-09-25T19:03:29Z,2026-09-25T19:51:29Z,48
1946717,East,ROPAR,11 KV S/St Kohara,Unplanned,Closed,2026-09-25T19:03:29Z,2026-09-25T19:51:29Z,48
1946716,East,ROPAR,kohara urban,Unplanned,Closed,2026-09-25T19:03:29Z,2026-09-25T19:51:29Z,48
1946715,East,ROPAR,Maha Luxmi Spinning Mills,Unplanned,Closed,2026-09-25T19:03:29Z,2026-09-25T19:51:29Z,48
1946714,East,ROPAR,Dhanansu Urban,Unplanned,Closed,2026-09-25T19:03:29Z,2026-09-25T19:51:29Z,48
1946713,East,ROPAR,11KV Romax,Unplanned,Closed,2026-09-25T19:03:29Z,2026-09-25T19:51:29Z,48
1946712,East,ROPAR,Vaishno,Unplanned,Closed,2026-09-25T19:03:29Z,2026-09-25T19:51:29Z,48
1946711,East,ROPAR,11 KV Ishar Alloys,Unplanned,Closed,2026-09-25T19:03:29Z,2026-09-25T19:51:29Z,48
1946710,East,ROPAR,11 KV Texsas,Unplanned,Closed,2026-09-25T19:03:29Z,2026-09-25T19:51:29Z,48
1946709,East,ROPAR,11 KV Sugar Mill,Unplanned,Closed,2026-09-25T19:03:29Z,2026-09-25T19:51:29Z,48
1946708,East,ROPAR,11 KV Jagron Metal,Unplanned,Closed,2026-09-25T19:03:29Z,2026-09-25T19:51:29Z,48
1946707,East,ROPAR,INGOTTASTIC L.L.P,Unplanned,Closed,2026-09-25T19:03:29Z,2026-09-25T19:51:29Z,48
1946706,East,ROPAR,NKH Old,Unplanned,Closed,2026-09-25T19:03:29Z,2026-09-25T19:51:29Z,48
1946705,East,ROPAR,11 KV United Ispat,Unplanned,Closed,2026-09-25T19:03:29Z,2026-09-25T19:51:29Z,48
1946704,East,ROPAR,Agrotech India,Unplanned,Closed,2026-09-25T19:03:29Z,2026-09-25T19:51:29Z,48
1946703,East,ROPAR,RPK Alloys,Unplanned,Closed,2026-09-25T19:03:29Z,2026-09-25T19:51:29Z,48
1946702,East,ROPAR,11 KV Prime Steel,Unplanned,Closed,2026-09-25T19:03:29Z,2026-09-25T19:51:29Z,48
1946701,East,ROPAR,G.J Concast,Unplanned,Closed,2026-09-25T19:03:29Z,2026-09-25T19:51:29Z,48
1946700,East,ROPAR,Agro Tech Vanaspati-11kV,Unplanned,Closed,2026-09-25T19:03:29Z,2026-09-25T19:51:29Z,48
1946699,East,ROPAR,Kaamdhenu,Unplanned,Closed,2026-09-25T19:03:29Z,2026-09-25T19:51:29Z,48
1946698,East,ROPAR,Bhagwati-11kV,Unplanned,Closed,2026-09-25T19:03:29Z,2026-09-25T19:51:29Z,48
1946697,East,ROPAR,11 KV Mianji Steel,Unplanned,Closed,2026-09-25T19:03:29Z,2026-09-25T19:51:29Z,48
1946696,East,ROPAR,11 KV Sunpoly Feb,Unplanned,Closed,2026-09-25T19:03:29Z,2026-09-25T19:51:29Z,48
1946695,East,ROPAR,11 KV Raj & Sandeep,Unplanned,Closed,2026-09-25T19:03:29Z,2026-09-25T19:51:29Z,48
1946694,East,ROPAR,11 KV Ranne Strips,Unplanned,Closed,2026-09-25T19:03:29Z,2026-09-25T19:51:29Z,48
1946692,East,ROPAR,RP ENGINEERING,Unplanned,Closed,2026-09-25T19:02:03Z,2026-09-25T19:54:03Z,52
1946691,East,ROPAR,11 KV Budhewal Road,Unplanned,Closed,2026-09-25T19:02:03Z,2026-09-25T19:54:03Z,52
1946690,East,ROPAR,11 KV Paharuwal Road,Unplanned,Closed,2026-09-25T19:02:03Z,2026-09-25T19:54:03Z,52
1946689,East,ROPAR,Hero Cycle,Unplanned,Closed,2026-09-25T19:02:03Z,2026-09-25T19:54:03Z,52
1946688,East,ROPAR,11 KV Gangotri Rubber,Unplanned,Closed,2026-09-25T19:02:03Z,2026-09-25T19:54:03Z,52
1946687,East,ROPAR,11 KV acme,Unplanned,Closed,2026-09-25T19:02:03Z,2026-09-25T19:54:03Z,52
1946686,East,ROPAR,11KV AMWAY Forging,Unplanned,Closed,2026-09-25T19:02:03Z,2026-09-25T19:54:03Z,52
1946685,East,ROPAR,11 KV Osho tool,Unplanned,Closed,2026-09-25T19:02:03Z,2026-09-25T19:54:03Z,52
1946684,East,ROPAR,11 KV Jindal Agro,Unplanned,Closed,2026-09-25T19:02:03Z,2026-09-25T19:54:03Z,52
1946683,East,ROPAR,11 KV Asian Lacto,Unplanned,Closed,2026-09-25T19:02:03Z,2026-09-25T19:54:03Z,52
1946682,East,ROPAR,11 KV Jandiali,Unplanned,Closed,2026-09-25T19:02:03Z,2026-09-25T19:54:03Z,52
1946681,West,MUKATSAR,11 KV Alamgarh,Unplanned,Closed,2026-09-25T19:02:00Z,2026-09-25T19:15:00Z,13
1946732,East,ROPAR,11 KV Jeunewal,Unplanned,Closed,2026-09-25T19:00:42Z,2026-09-25T19:57:42Z,57
1946731,East,ROPAR,11 KV Chonta Urban,Unplanned,Closed,2026-09-25T19:00:42Z,2026-09-25T19:57:42Z,57
1946680,Central,CITY WEST LUDHIANA,Rolex Feeder,Unplanned,Closed,2026-09-25T19:00:23Z,2026-09-25T19:49:26Z,49
1946734,West,BATHINDA,AMARPURA,Planned,Closed,2026-09-25T19:00:00Z,2026-09-25T19:07:23Z,7
1946677,Central,CITY WEST LUDHIANA,DUGRI,Planned,Closed,2026-09-25T18:58:07Z,2026-09-25T19:14:05Z,15
1946676,South,SANGRUR,Hamirgarh City,Unplanned,Closed,2026-09-25T18:55:06Z,2026-09-25T19:14:17Z,19
1946730,North,JALANDHAR,Rainak Bazar,Unplanned,Closed,2026-09-25T18:55:00Z,2026-09-25T19:25:00Z,30
1946678,North,HOSHIARPUR,RAMPUR,Unplanned,Closed,2026-09-25T18:54:00Z,2026-09-25T19:57:00Z,63
1946733,South,PATIALA,ups pilkhani,Unplanned,Closed,2026-09-25T18:48:00Z,2026-09-25T20:01:00Z,73
1946679,West,FARIDKOT,Dhana Basti,Unplanned,Closed,2026-09-25T18:46:45Z,2026-09-25T20:22:54Z,96
1946675,East,ROPAR,11 KV Paharpur,Unplanned,Closed,2026-09-25T18:42:00Z,2026-09-25T19:36:00Z,54
1946667,North,KAPURTHALA,URBAN SHEIKHUPUR,Unplanned,Closed,2026-09-25T18:35:00Z,2026-09-25T19:30:00Z,55
1946666,Central,SUB URBAN LUDHIANA,11 KV LEHRA UPS FEEDER,Unplanned,Closed,2026-09-25T18:35:00Z,2026-09-25T19:15:00Z,40
1946664,East,Zirakpur,DHILLON,Planned,Closed,2026-09-25T18:32:00Z,2026-09-25T19:05:00Z,33
1946662,Border,GURDASPUR,Sri Hargobindpur,Unplanned,Closed,2026-09-25T18:32:00Z,2026-09-25T19:15:00Z,43
1946665,South,SANGRUR,M K Road,Unplanned,Closed,2026-09-25T18:31:16Z,2026-09-25T19:09:05Z,37
1946668,South,SANGRUR,Rajindrapuri,Unplanned,Closed,2026-09-25T18:30:16Z,2026-09-25T19:05:00Z,34
1946663,East,Zirakpur,11kv Hanumant Feeder,Planned,Closed,2026-09-25T18:30:00Z,2026-09-25T18:55:00Z,25
1946661,East,Zirakpur,TRY CITY,Planned,Closed,2026-09-25T18:30:00Z,2026-09-25T18:55:00Z,25
1946660,West,MUKATSAR,Sito Road,Unplanned,Closed,2026-09-25T18:27:00Z,2026-09-25T19:58:00Z,91
1946658,West,BATHINDA,HARI NAGAR,Planned,Closed,2026-09-25T18:20:00Z,2026-09-25T19:09:13Z,49
1946657,South,SANGRUR,Dharampura,Planned,Closed,2026-09-25T18:18:10Z,2026-09-25T19:10:08Z,51
1946693,Border,SUB URBAN AMRITSAR,KASHMIR AVANUE,Unplanned,Closed,2026-09-25T18:10:00Z,2026-09-25T19:15:00Z,65
1946654,West,MUKATSAR,11 KV SITO,Unplanned,Closed,2026-09-25T18:04:48Z,2026-09-25T18:48:56Z,44
1946655,West,MUKATSAR,11 KB BAZIDPURA,Unplanned,Closed,2026-09-25T18:04:25Z,2026-09-25T18:48:31Z,44
1946653,Central,CITY WEST LUDHIANA,BASANT FEEDER,Unplanned,Closed,2026-09-25T18:02:00Z,2026-09-25T19:01:53Z,59
1946656,Border,SUB URBAN AMRITSAR,Judge Nagar,Unplanned,Closed,2026-09-25T18:00:00Z,2026-09-25T18:40:00Z,40
1946652,North,HOSHIARPUR,PAJJODEUTA,Unplanned,Closed,2026-09-25T18:00:00Z,2026-09-25T19:14:00Z,74
1946651,Border,SUB URBAN AMRITSAR,GURU NANAKPURA,Unplanned,Closed,2026-09-25T17:55:00Z,2026-09-25T18:25:00Z,30
1946650,Border,SUB URBAN AMRITSAR,BAL SACHANDER,Unplanned,Closed,2026-09-25T17:55:00Z,2026-09-25T18:25:00Z,30
1946649,Border,SUB URBAN AMRITSAR,KAMBO,Unplanned,Closed,2026-09-25T17:55:00Z,2026-09-25T18:25:00Z,30
1946647,North,HOSHIARPUR,KOLYA,Unplanned,Closed,2026-09-25T17:55:00Z,2026-09-25T18:48:00Z,53
1946648,North,NAWANSHAHR,UPS-3,Unplanned,Closed,2026-09-25T17:50:00Z,2026-09-25T18:15:00Z,25
1946646,West,MUKATSAR,11 KV SITO,Unplanned,Closed,2026-09-25T17:50:00Z,2026-09-25T18:48:57Z,58
1946644,East,Zirakpur,MES,Unplanned,Closed,2026-09-25T17:50:00Z,2026-09-25T18:15:00Z,25
1946641,North,HOSHIARPUR,BAJWARA,Unplanned,Closed,2026-09-25T17:42:00Z,2026-09-25T18:02:00Z,20
1946643,West,BATHINDA,11KV THAKUR COLONY,Planned,Closed,2026-09-25T17:36:00Z,2026-09-25T18:06:00Z,30
1946642,South,BARNALA,UPS-1,Unplanned,Closed,2026-09-25T17:35:00Z,2026-09-25T18:30:00Z,55
1946640,Border,SUB URBAN AMRITSAR,MES,Planned,Closed,2026-09-25T17:35:00Z,2026-09-25T18:25:00Z,50
1946638,West,MUKATSAR,FAZILKA ROAD,Unplanned,Closed,2026-09-25T17:29:00Z,2026-09-25T17:52:00Z,23
1946635,West,FARIDKOT,DOGAR BASTI,Planned,Closed,2026-09-25T17:25:13Z,2026-09-25T18:13:01Z,47
1946639,Border,GURDASPUR,Civil Line,Unplanned,Closed,2026-09-25T17:25:00Z,2026-09-25T18:15:00Z,50
1946636,South,PATIALA,industrial No.1 (FP),Unplanned,Closed,2026-09-25T17:25:00Z,2026-09-25T18:00:00Z,35
1946633,West,MUKATSAR,MAUJGARH,Planned,Closed,2026-09-25T17:20:45Z,2026-09-25T18:05:16Z,44
1946634,West,MUKATSAR,11 KV Sappan wali,Planned,Closed,2026-09-25T17:20:41Z,2026-09-25T18:05:51Z,45
1946630,Central,CITY EAST LUDHIANA,B DEEP SINGH NAGAR,Unplanned,Closed,2026-09-25T17:15:00Z,2026-09-25T19:00:00Z,105
1946629,East,ROPAR,11 KV Kakrala,Unplanned,Closed,2026-09-25T17:10:00Z,2026-09-25T17:20:00Z,10
1946627,East,MOHALI,11 KV Kansal,Unplanned,Closed,2026-09-25T17:07:30Z,2026-09-25T17:23:48Z,16
1946626,East,Zirakpur,AMELIA,Planned,Closed,2026-09-25T17:01:00Z,2026-09-25T17:16:00Z,15
1946625,East,Zirakpur,HLP,Planned,Closed,2026-09-25T17:01:00Z,2026-09-25T17:16:00Z,15
1946624,East,Zirakpur,Bhabat,Planned,Closed,2026-09-25T17:01:00Z,2026-09-25T17:16:00Z,15
1946623,East,Zirakpur,ECME,Planned,Closed,2026-09-25T17:01:00Z,2026-09-25T17:16:00Z,15
1946622,East,Zirakpur,11 kv adda jhungia cat-1,Planned,Closed,2026-09-25T17:01:00Z,2026-09-25T17:16:00Z,15
1946621,East,Zirakpur,GREEN LOTUS,Planned,Closed,2026-09-25T17:01:00Z,2026-09-25T17:16:00Z,15
1946620,East,Zirakpur,RAIL VIHAR,Planned,Closed,2026-09-25T17:01:00Z,2026-09-25T17:16:00Z,15
1946619,East,Zirakpur,SAVITRYGREEN,Planned,Closed,2026-09-25T17:01:00Z,2026-09-25T17:16:00Z,15
1946618,East,Zirakpur,ZIRAKPUR-1,Planned,Closed,2026-09-25T17:01:00Z,2026-09-25T17:16:00Z,15
1946616,East,Zirakpur,ORBIT,Planned,Closed,2026-09-25T17:01:00Z,2026-09-25T17:16:00Z,15
1946628,North,HOSHIARPUR,Harsipind UPS,Unplanned,Closed,2026-09-25T17:00:00Z,2026-09-25T17:32:00Z,32
1946617,North,KAPURTHALA,URBAN CITY,Planned,Closed,2026-09-25T17:00:00Z,2026-09-25T17:20:00Z,20
1946637,South,BARNALA,FCI Godown wala,Planned,Closed,2026-09-25T16:55:00Z,2026-09-25T18:05:00Z,70
1946631,Border,GURDASPUR,KALANOUR CITY,Unplanned,Closed,2026-09-25T16:55:00Z,2026-09-25T17:40:00Z,45
1946614,North,NAWANSHAHR,11KV GUJJARPUR,Unplanned,Closed,2026-09-25T16:35:00Z,2026-09-25T16:55:00Z,20
1946632,South,SANGRUR,AMBEKAR NAGAR,Unplanned,Closed,2026-09-25T16:30:00Z,2026-09-25T17:45:00Z,75
1946615,South,SANGRUR,Club Road,Unplanned,Closed,2026-09-25T16:30:00Z,2026-09-25T16:44:00Z,14
1946613,East,Zirakpur,PANCHSHEEL,Planned,Closed,2026-09-25T16:30:00Z,2026-09-25T17:54:00Z,84
1946612,East,Zirakpur,OXFORD STREET,Planned,Closed,2026-09-25T16:30:00Z,2026-09-25T17:54:00Z,84
1946611,East,Zirakpur,PREET COLONY,Planned,Closed,2026-09-25T16:30:00Z,2026-09-25T17:54:00Z,84
1946608,North,HOSHIARPUR,KALYANPUR,Unplanned,Closed,2026-09-25T16:20:00Z,2026-09-25T16:54:00Z,34
1946602,South,SANGRUR,11 KV SANGTIWALA AP,Unplanned,Closed,2026-09-25T16:14:00Z,2026-09-25T18:50:00Z,156
1946605,East,Zirakpur,11KV  SUSHMA,Unplanned,Closed,2026-09-25T16:10:00Z,2026-09-25T16:25:00Z,15
1946604,West,FARIDKOT,11 KV SMADH BHAI-CAT-01,Unplanned,Closed,2026-09-25T16:08:00Z,2026-09-25T17:25:00Z,77
1946603,Border,GURDASPUR,THEKERIWAL,Unplanned,Closed,2026-09-25T16:05:00Z,2026-09-25T16:30:00Z,25
1946598,Border,GURDASPUR,RAILWAY ROAD CAT-1,Unplanned,Closed,2026-09-25T16:05:00Z,2026-09-25T16:30:00Z,25
1946596,East,ROPAR,Bhatton,Unplanned,Closed,2026-09-25T16:02:00Z,2026-09-25T16:54:00Z,52
1946595,East,ROPAR,BAINS,Unplanned,Closed,2026-09-25T16:02:00Z,2026-09-25T16:54:00Z,52
1946607,East,ROPAR,CITY,Unplanned,Closed,2026-09-25T16:00:00Z,2026-09-25T16:40:00Z,40
1946586,Border,TARN TARAN,BEAS CITY,Planned,Closed,2026-09-25T15:58:55Z,2026-09-25T17:35:09Z,96
1946585,Border,CITY AMRITSAR,11 KV disposal,Unplanned,Closed,2026-09-25T15:52:03Z,2026-09-25T16:57:26Z,65
1946584,North,HOSHIARPUR,khudda,Unplanned,Closed,2026-09-25T15:50:00Z,2026-09-25T16:15:00Z,25
1946606,West,FARIDKOT,Kothe Dhaliwal,Unplanned,Closed,2026-09-25T15:49:00Z,2026-09-25T16:35:00Z,46
1946583,Border,TARN TARAN,GANDIWIND 24 HRS SUPPLY,Unplanned,Closed,2026-09-25T15:45:00Z,2026-09-25T17:20:00Z,95
1946581,North,NAWANSHAHR,11 KV Buthgarh,Unplanned,Closed,2026-09-25T15:42:00Z,2026-09-25T15:55:00Z,13
1946582,Border,GURDASPUR,Sheh Bhattia,Unplanned,Closed,2026-09-25T15:35:00Z,2026-09-25T17:15:00Z,100
1946576,West,BATHINDA,COLLEGE ROAD URBAN,Unplanned,Closed,2026-09-25T15:32:00Z,2026-09-25T18:10:00Z,158
1946580,West,FARIDKOT,11 KV LANDE-UPS,Planned,Closed,2026-09-25T15:30:00Z,2026-09-25T16:00:00Z,30
1946575,North,KAPURTHALA,J.J. CLUB,Unplanned,Closed,2026-09-25T15:30:00Z,2026-09-25T17:20:00Z,110
1946571,Border,GURDASPUR,Gujran Lahri,Unplanned,Closed,2026-09-25T15:30:00Z,2026-09-25T16:14:00Z,44
1946570,Border,GURDASPUR,Ghesal,Unplanned,Closed,2026-09-25T15:29:00Z,2026-09-25T16:14:00Z,45
1946569,Border,GURDASPUR,Kanwan,Unplanned,Closed,2026-09-25T15:29:00Z,2026-09-25T16:14:00Z,45
1946572,East,ROPAR,11 KV Kakrala,Unplanned,Closed,2026-09-25T15:27:00Z,2026-09-25T16:55:00Z,88
1946568,South,SANGRUR,Hamirgarh City,Unplanned,Closed,2026-09-25T15:25:56Z,2026-09-25T15:59:14Z,33
1946578,East,Zirakpur,HARMILAP NAGAR,Planned,Closed,2026-09-25T15:25:00Z,2026-09-25T15:35:00Z,10
1946577,East,Zirakpur,CITY COURT,Planned,Closed,2026-09-25T15:25:00Z,2026-09-25T15:40:00Z,15
1946573,South,BARNALA,KC Road,Unplanned,Closed,2026-09-25T15:25:00Z,2026-09-25T17:15:00Z,110
1946567,Central,CITY WEST LUDHIANA,SAS NAGAR,Unplanned,Closed,2026-09-25T15:24:52Z,2026-09-25T16:01:47Z,36
1946566,Central,CITY WEST LUDHIANA,UDAM SINGH,Unplanned,Closed,2026-09-25T15:24:52Z,2026-09-25T16:01:47Z,36
1946565,Central,CITY WEST LUDHIANA,OVERLOCK,Unplanned,Closed,2026-09-25T15:24:52Z,2026-09-25T16:01:47Z,36
1946564,Central,CITY WEST LUDHIANA,M.I.G. FLATS,Unplanned,Closed,2026-09-25T15:24:52Z,2026-09-25T16:01:47Z,36
1946563,Central,CITY WEST LUDHIANA,RAM NAGAR FEEDER,Unplanned,Closed,2026-09-25T15:24:52Z,2026-09-25T16:01:47Z,36
1946562,Central,CITY WEST LUDHIANA,MUNJAL FEEDER,Unplanned,Closed,2026-09-25T15:24:52Z,2026-09-25T16:01:47Z,36
1946561,Central,CITY WEST LUDHIANA,BHAGWAN CHOWK,Unplanned,Closed,2026-09-25T15:24:52Z,2026-09-25T16:01:47Z,36
1946560,Central,CITY WEST LUDHIANA,Pahwa Feeder,Unplanned,Closed,2026-09-25T15:24:52Z,2026-09-25T16:01:47Z,36
1946559,Central,CITY WEST LUDHIANA,SANGEET FEEDER,Unplanned,Closed,2026-09-25T15:24:52Z,2026-09-25T16:01:47Z,36
1946558,Central,CITY WEST LUDHIANA,K.W. FEEDER,Unplanned,Closed,2026-09-25T15:24:52Z,2026-09-25T16:01:47Z,36
1946557,Central,CITY WEST LUDHIANA,HIGHWAY FEEDER,Unplanned,Closed,2026-09-25T15:24:52Z,2026-09-25T16:01:47Z,36
1946556,Central,CITY WEST LUDHIANA,POPULAR FEEDER,Unplanned,Closed,2026-09-25T15:24:52Z,2026-09-25T16:01:47Z,36
1946555,Central,CITY WEST LUDHIANA,Rolex Feeder,Unplanned,Closed,2026-09-25T15:24:52Z,2026-09-25T16:01:47Z,36
1946554,Central,CITY WEST LUDHIANA,NATIONAL FEEDER,Unplanned,Closed,2026-09-25T15:24:52Z,2026-09-25T16:01:47Z,36
1946553,Central,CITY WEST LUDHIANA,DASHMESH NAGAR FEEDER,Unplanned,Closed,2026-09-25T15:24:52Z,2026-09-25T16:01:47Z,36
1946552,Central,CITY WEST LUDHIANA,PARTAP NAGAR FEEDER,Unplanned,Closed,2026-09-25T15:24:52Z,2026-09-25T16:01:47Z,36
1946551,Central,CITY WEST LUDHIANA,METRO FEEDER,Unplanned,Closed,2026-09-25T15:24:52Z,2026-09-25T16:01:47Z,36
1946579,West,BATHINDA,Bhai Desa,Planned,Closed,2026-09-25T15:22:00Z,2026-09-25T16:16:00Z,54
1946550,Central,CITY EAST LUDHIANA,JAIL ROAD,Unplanned,Closed,2026-09-25T15:22:00Z,2026-09-25T16:09:00Z,47
1946774,South,SANGRUR,11KV UPS JOLIAN,Unplanned,Closed,2026-09-25T15:20:40Z,2026-09-25T15:21:10Z,0
1946549,South,SANGRUR,11 KV CITY-9,Unplanned,Closed,2026-09-25T15:20:00Z,2026-09-25T16:00:00Z,40
1946544,Border,SUB URBAN AMRITSAR,Palm vihar,Unplanned,Closed,2026-09-25T15:19:31Z,2026-09-25T17:07:00Z,107
1946545,North,KAPURTHALA,UPS MALLIWAL,Unplanned,Closed,2026-09-25T15:19:00Z,2026-09-25T16:30:00Z,71
1946543,South,PATIALA,BSNL,Unplanned,Closed,2026-09-25T15:18:20Z,2026-09-25T16:01:40Z,43
1946547,North,KAPURTHALA,Chawinda,Unplanned,Closed,2026-09-25T15:17:00Z,2026-09-25T16:30:00Z,73
1946548,North,NAWANSHAHR,BULLEWAL,Unplanned,Closed,2026-09-25T15:16:00Z,2026-09-25T15:35:00Z,19
1946594,Border,TARN TARAN,Kendri Sudhar Ghar,Unplanned,Closed,2026-09-25T15:12:17Z,2026-09-25T16:45:17Z,93
1946593,Border,TARN TARAN,ADM,Unplanned,Closed,2026-09-25T15:12:17Z,2026-09-25T16:35:17Z,83
1946592,Border,TARN TARAN,INDIAN OIL,Unplanned,Closed,2026-09-25T15:12:17Z,2026-09-25T16:45:17Z,93
1946591,Border,TARN TARAN,NEROLAC,Unplanned,Closed,2026-09-25T15:12:17Z,2026-09-25T16:45:17Z,93
1946590,Border,TARN TARAN,BAWA SHOE,Unplanned,Closed,2026-09-25T15:12:17Z,2026-09-25T16:45:17Z,93
1946589,Border,TARN TARAN,JHENDER  UPS,Unplanned,Closed,2026-09-25T15:12:17Z,2026-09-25T16:45:17Z,93
1946588,Border,TARN TARAN,GHAT SAHIB URBAN,Unplanned,Closed,2026-09-25T15:12:17Z,2026-09-25T16:45:17Z,93
1946587,Border,TARN TARAN,GOINDWAL SAHIB URBAN..,Unplanned,Closed,2026-09-25T15:12:17Z,2026-09-25T16:45:17Z,93
1946601,Border,TARN TARAN,BHOIN UPS,Unplanned,Closed,2026-09-25T15:12:11Z,2026-09-25T16:31:11Z,79
1946600,Border,TARN TARAN,BHAROWAL URBAN,Unplanned,Closed,2026-09-25T15:12:11Z,2026-09-25T16:31:11Z,79
1946599,Border,TARN TARAN,Fatehabad Urban .,Unplanned,Closed,2026-09-25T15:12:11Z,2026-09-25T16:31:11Z,79
1946546,West,BATHINDA,UPS-I,Unplanned,Closed,2026-09-25T15:10:00Z,2026-09-25T16:26:10Z,76
1946574,South,PATIALA,OPH,Unplanned,Closed,2026-09-25T15:07:23Z,2026-09-25T15:50:12Z,42
1946542,North,HOSHIARPUR,SANDPUR,Planned,Closed,2026-09-25T15:05:00Z,2026-09-25T16:20:00Z,75
1946541,North,HOSHIARPUR,TALWARA,Planned,Closed,2026-09-25T15:05:00Z,2026-09-25T16:20:00Z,75
1946540,South,PATIALA,rajpura,Unplanned,Closed,2026-09-25T15:05:00Z,2026-09-25T15:20:00Z,15
1946539,East,ROPAR,66 kv Renny Strip,Unplanned,Closed,2026-09-25T15:00:16Z,2026-09-25T17:40:16Z,160
1946538,East,ROPAR,11KV KDFP,Unplanned,Closed,2026-09-25T15:00:16Z,2026-09-25T17:40:16Z,160
1946537,East,ROPAR,MAI BAAP,Unplanned,Closed,2026-09-25T15:00:16Z,2026-09-25T17:40:16Z,160
1946536,East,ROPAR,Zayntex,Unplanned,Closed,2026-09-25T15:00:16Z,2026-09-25T17:40:16Z,160
1946535,East,ROPAR,Namdhari,Unplanned,Closed,2026-09-25T15:00:16Z,2026-09-25T17:40:16Z,160
1946534,East,ROPAR,New Swan,Unplanned,Closed,2026-09-25T15:00:16Z,2026-09-25T17:40:16Z,160
1946533,East,ROPAR,11KV Sukasa Food,Unplanned,Closed,2026-09-25T15:00:16Z,2026-09-25T17:42:16Z,162
1946532,East,ROPAR,11KV Narindera Behal,Unplanned,Closed,2026-09-25T15:00:16Z,2026-09-25T17:40:16Z,160
1946531,East,ROPAR,11Kv Kitty Industries,Unplanned,Closed,2026-09-25T15:00:16Z,2026-09-25T17:40:16Z,160
1946530,East,ROPAR,N.R.G,Unplanned,Closed,2026-09-25T15:00:16Z,2026-09-25T17:40:16Z,160
1946529,East,ROPAR,11 KV Ramji Acro,Unplanned,Closed,2026-09-25T15:00:16Z,2026-09-25T17:40:16Z,160
1946528,East,ROPAR,Bhagpur Urban,Unplanned,Closed,2026-09-25T15:00:16Z,2026-09-25T17:41:16Z,161
1946527,East,ROPAR,11 KV Ranne Casting,Unplanned,Closed,2026-09-25T15:00:16Z,2026-09-25T17:40:16Z,160
1946526,South,SANGRUR,UPS NIHALGARH,Unplanned,Closed,2026-09-25T15:00:00Z,2026-09-25T15:50:00Z,50
1946521,Central,CITY WEST LUDHIANA,Shiv Shakti,Unplanned,Closed,2026-09-25T14:48:14Z,2026-09-25T15:33:00Z,44
1946524,East,Zirakpur,Bhudda Sahib,Planned,Closed,2026-09-25T14:48:00Z,2026-09-25T14:58:00Z,10
1946523,East,Zirakpur,BEGAMPURA,Planned,Closed,2026-09-25T14:48:00Z,2026-09-25T14:58:00Z,10
1946520,North,HOSHIARPUR,PANDORI,Unplanned,Closed,2026-09-25T14:46:00Z,2026-09-25T15:21:00Z,35
1946525,East,ROPAR,Thana,Unplanned,Closed,2026-09-25T14:45:00Z,2026-09-25T15:05:00Z,20
1946522,North,NAWANSHAHR,Apra,Unplanned,Closed,2026-09-25T14:40:00Z,2026-09-25T16:20:00Z,100
1946519,North,HOSHIARPUR,CHAUNNI,Unplanned,Closed,2026-09-25T14:40:00Z,2026-09-25T14:50:00Z,10
1946517,North,HOSHIARPUR,DHOOT KALAN,Unplanned,Closed,2026-09-25T14:39:00Z,2026-09-25T15:09:00Z,30
1946514,North,HOSHIARPUR,MANGARH,Unplanned,Closed,2026-09-25T14:39:00Z,2026-09-25T15:08:00Z,29
1946518,Border,GURDASPUR,Bamial 24hrs,Unplanned,Closed,2026-09-25T14:35:00Z,2026-09-25T14:56:00Z,21
1946516,Border,GURDASPUR,N.J.Singh 24hrs,Unplanned,Closed,2026-09-25T14:35:00Z,2026-09-25T14:56:00Z,21
1946513,South,PATIALA,SYL,Planned,Closed,2026-09-25T14:35:00Z,2026-09-25T14:55:00Z,20
1946515,West,MUKATSAR,11 KV Rajiv Nagar,Unplanned,Closed,2026-09-25T14:33:08Z,2026-09-25T15:38:13Z,65
1946510,South,SANGRUR,11 KV RAM NAGAR URBAN,Unplanned,Closed,2026-09-25T14:32:24Z,2026-09-25T14:37:47Z,5
1946512,West,BATHINDA,NANGLA,Planned,Closed,2026-09-25T14:27:00Z,2026-09-25T17:30:00Z,183
1946511,North,KAPURTHALA,UPS Seowal,Unplanned,Closed,2026-09-25T14:25:00Z,2026-09-25T15:20:00Z,55
1946509,North,HOSHIARPUR,KOLYA,Unplanned,Closed,2026-09-25T14:24:00Z,2026-09-25T14:40:00Z,16
1946508,North,HOSHIARPUR,RAMPUR,Unplanned,Closed,2026-09-25T14:24:00Z,2026-09-25T14:45:00Z,21
1946597,North,KAPURTHALA,DHARIWAL,Unplanned,Closed,2026-09-25T14:21:19Z,2026-09-25T17:42:45Z,201
1946501,North,HOSHIARPUR,Lalpur,Unplanned,Closed,2026-09-25T14:20:00Z,2026-09-25T14:30:00Z,10
1946498,West,FARIDKOT,UPS NO.1 FGP,Unplanned,Closed,2026-09-25T14:19:48Z,2026-09-25T15:30:15Z,70
1946506,East,Zirakpur,SANULI,Unplanned,Closed,2026-09-25T14:18:00Z,2026-09-25T14:32:00Z,14
1946505,East,Zirakpur,DHAKOLI,Planned,Closed,2026-09-25T14:15:00Z,2026-09-25T15:45:00Z,90
1946504,East,Zirakpur,TRY CITY,Planned,Closed,2026-09-25T14:15:00Z,2026-09-25T15:45:00Z,90
1946499,East,MOHALI,ALAMPUR UPS,Unplanned,Closed,2026-09-25T14:15:00Z,2026-09-25T15:05:38Z,50
1946496,Central,CITY WEST LUDHIANA,Baghi Stand,Unplanned,Closed,2026-09-25T14:14:56Z,2026-09-25T15:06:43Z,51
1946500,North,NAWANSHAHR,11 KV Begam Pur,Unplanned,Closed,2026-09-25T14:12:00Z,2026-09-25T14:35:00Z,23
1946493,South,SANGRUR,Geeta Bhawan Road Dirba C-1,Planned,Closed,2026-09-25T14:12:00Z,2026-09-25T15:33:00Z,81
1946502,Border,TARN TARAN,THATHIAN 3 W URBAN`,Unplanned,Closed,2026-09-25T14:05:00Z,2026-09-25T15:30:00Z,85
1946494,North,NAWANSHAHR,THOPIA,Unplanned,Closed,2026-09-25T14:05:00Z,2026-09-25T14:20:00Z,15
1946492,North,HOSHIARPUR,Sharipur,Unplanned,Closed,2026-09-25T14:05:00Z,2026-09-25T14:45:00Z,40
1946490,East,ROPAR,BAINS,Unplanned,Closed,2026-09-25T14:05:00Z,2026-09-25T14:50:00Z,45
1946491,North,NAWANSHAHR,SHAHPUR,Unplanned,Closed,2026-09-25T14:04:00Z,2026-09-25T14:18:00Z,14
1946497,Border,GURDASPUR,11 KV Dhesian,Unplanned,Closed,2026-09-25T14:02:00Z,2026-09-25T15:03:00Z,61
1946503,East,ROPAR,Giani market,Unplanned,Closed,2026-09-25T14:01:00Z,2026-09-25T15:21:00Z,80
1946489,East,ROPAR,CITY,Unplanned,Closed,2026-09-25T14:01:00Z,2026-09-25T15:50:00Z,109
1946488,North,HOSHIARPUR,khudda,Unplanned,Closed,2026-09-25T13:57:00Z,2026-09-25T14:20:00Z,23
1946487,North,HOSHIARPUR,Darapur,Unplanned,Closed,2026-09-25T13:57:00Z,2026-09-25T14:15:00Z,18
1946486,East,ROPAR,11 KV Moura,Unplanned,Closed,2026-09-25T13:54:00Z,2026-09-25T13:59:00Z,5
1946485,North,HOSHIARPUR,Harsipind UPS,Unplanned,Closed,2026-09-25T13:54:00Z,2026-09-25T14:06:00Z,12
1946484,North,NAWANSHAHR,CITY GARHSHANKAR,Unplanned,Closed,2026-09-25T13:52:00Z,2026-09-25T14:17:00Z,25
1946507,East,MOHALI,TDI,Unplanned,Closed,2026-09-25T13:50:00Z,2026-09-25T15:38:00Z,108
1946495,Border,GURDASPUR,Sathiali 24 hrs.,Unplanned,Closed,2026-09-25T13:45:00Z,2026-09-25T14:28:00Z,43
1946483,Central,CITY WEST LUDHIANA,LOHARA,Unplanned,Closed,2026-09-25T13:42:10Z,2026-09-25T15:16:12Z,94
1946480,Border,GURDASPUR,GAJIKOT,Unplanned,Closed,2026-09-25T13:41:00Z,2026-09-25T14:40:00Z,59
1946482,East,ROPAR,11 KV Bharatgarh,Unplanned,Closed,2026-09-25T13:40:00Z,2026-09-25T15:14:00Z,94
1946478,Central,KHANNA,Payal city,Planned,Closed,2026-09-25T13:40:00Z,2026-09-25T14:10:00Z,30
1946479,Central,CITY WEST LUDHIANA,WAHEGURU ROAD,Unplanned,Closed,2026-09-25T13:38:57Z,2026-09-25T14:20:54Z,41
1946475,South,SANGRUR,MEHLAN AP (GRID SUNAM),Planned,Closed,2026-09-25T13:35:00Z,2026-09-26T10:14:00Z,1239
1946474,West,MUKATSAR,11 KV Focal Point-2,Unplanned,Closed,2026-09-25T13:33:34Z,2026-09-25T13:53:38Z,20
1946473,West,MUKATSAR,11 KV Focal Point-1,Unplanned,Closed,2026-09-25T13:33:34Z,2026-09-25T13:53:38Z,20
1946476,East,ROPAR,11 KV Kakrala,Unplanned,Closed,2026-09-25T13:32:00Z,2026-09-25T13:52:00Z,20
1946472,West,BATHINDA,Mian,Planned,Closed,2026-09-25T13:28:50Z,2026-09-25T15:39:00Z,130
1946481,North,JALANDHAR,Basti Sheikh,Unplanned,Closed,2026-09-25T13:23:00Z,2026-09-25T14:14:00Z,51
1946477,Border,GURDASPUR,Gorsiya,Unplanned,Closed,2026-09-25T13:20:00Z,2026-09-25T14:35:00Z,75
1946471,Border,SUB URBAN AMRITSAR,MAPHILL,Unplanned,Closed,2026-09-25T13:20:00Z,2026-09-25T13:45:00Z,25
1946470,North,JALANDHAR,11 KV LAW GATE FEEDER,Unplanned,Closed,2026-09-25T13:20:00Z,2026-09-25T13:35:00Z,15
1946468,South,PATIALA,jiwan complex,Unplanned,Closed,2026-09-25T13:18:00Z,2026-09-25T13:50:00Z,32
1946469,East,ROPAR,11 KV Bharatgarh,Unplanned,Closed,2026-09-25T13:15:00Z,2026-09-25T13:39:00Z,24
1946464,Border,GURDASPUR,City-1,Unplanned,Closed,2026-09-25T13:11:00Z,2026-09-25T13:35:00Z,24
1946467,Border,TARN TARAN,POLICE LINE,Unplanned,Closed,2026-09-25T13:10:00Z,2026-09-25T14:35:00Z,85
1946465,Central,KHANNA,jagat colony,Unplanned,Closed,2026-09-25T13:10:00Z,2026-09-25T13:30:00Z,20
1946461,Border,GURDASPUR,Tharial,Unplanned,Closed,2026-09-25T13:07:00Z,2026-09-25T13:21:00Z,14
1946466,South,PATIALA,ups Ambala Road,Unplanned,Closed,2026-09-25T13:05:00Z,2026-09-25T14:05:00Z,60
1946459,Central,KHANNA,Focal Point 2,Unplanned,Closed,2026-09-25T13:05:00Z,2026-09-25T14:01:00Z,56
1946462,Central,KHANNA,FATEHGARH SAHIB,Unplanned,Closed,2026-09-25T13:00:00Z,2026-09-25T14:45:00Z,105
1946456,East,MOHALI,TDI,Unplanned,Closed,2026-09-25T13:00:00Z,2026-09-25T13:45:00Z,45
1946455,Central,KHANNA,DANA MANDI,Unplanned,Closed,2026-09-25T13:00:00Z,2026-09-25T14:12:00Z,72
1946436,South,BARNALA,Kattu CAT-I,Planned,Closed,2026-09-25T13:00:00Z,2026-09-25T15:35:00Z,155
1946454,North,HOSHIARPUR,JALALPUR,Unplanned,Closed,2026-09-25T12:58:00Z,2026-09-25T13:48:00Z,50
1946460,South,SANGRUR,11 KV DHADRIAN URBAN,Unplanned,Closed,2026-09-25T12:57:00Z,2026-09-25T13:28:00Z,31
1946452,North,HOSHIARPUR,Salempur,Unplanned,Closed,2026-09-25T12:57:00Z,2026-09-25T13:47:00Z,50
1946451,North,JALANDHAR,11KV SALEMPUR,Unplanned,Closed,2026-09-25T12:56:20Z,2026-09-25T13:28:00Z,31
1946457,East,MOHALI,Sec 56,Planned,Closed,2026-09-25T12:56:00Z,2026-09-25T13:09:00Z,13
1946458,North,JALANDHAR,Urban Rural no 2,Unplanned,Closed,2026-09-25T12:55:00Z,2026-09-25T14:05:00Z,70
1946453,North,JALANDHAR,RAJOWAL,Unplanned,Closed,2026-09-25T12:55:00Z,2026-09-25T13:55:00Z,60
1946450,South,PATIALA,CITY SAMANA,Unplanned,Closed,2026-09-25T12:51:00Z,2026-09-25T14:12:00Z,81
1946448,South,PATIALA,Bharat colony,Unplanned,Closed,2026-09-25T12:45:00Z,2026-09-25T13:05:00Z,20
1946446,South,SANGRUR,Guga Marhi AP,Unplanned,Closed,2026-09-25T12:45:00Z,2026-09-25T14:00:00Z,75
1946445,South,SANGRUR,Ladda AP,Unplanned,Closed,2026-09-25T12:45:00Z,2026-09-25T14:00:00Z,75
1946444,Central,CITY WEST LUDHIANA,Kiran Vihar,Planned,Closed,2026-09-25T12:45:00Z,2026-09-25T13:15:00Z,30
1946443,West,MUKATSAR,11 KV Dhani Bisehesarnath,Unplanned,Closed,2026-09-25T12:40:40Z,2026-09-25T13:19:45Z,39
1946449,North,JALANDHAR,THIRD WIRE,Planned,Closed,2026-09-25T12:40:00Z,2026-09-25T14:00:00Z,80
1946438,West,MUKATSAR,MAUJGARH,Unplanned,Closed,2026-09-25T12:36:45Z,2026-09-25T13:35:58Z,59
1946440,West,MUKATSAR,11 KV Sappan wali,Unplanned,Closed,2026-09-25T12:36:43Z,2026-09-25T13:35:53Z,59
1946439,West,MUKATSAR,DAULATPURA UPS,Unplanned,Closed,2026-09-25T12:36:14Z,2026-09-25T13:35:24Z,59
1946437,West,MUKATSAR,DALMIR KHERA,Unplanned,Closed,2026-09-25T12:36:14Z,2026-09-25T13:35:27Z,59
1946441,East,MOHALI,11KV KAMBALA UPS,Unplanned,Closed,2026-09-25T12:35:27Z,2026-09-25T12:57:11Z,21
1946447,West,FARIDKOT,GUMTI KHURD UPS,Planned,Closed,2026-09-25T12:27:00Z,2026-09-25T13:18:00Z,51
1946442,West,FARIDKOT,BATHINDA ROAD,Planned,Closed,2026-09-25T12:27:00Z,2026-09-25T13:18:00Z,51
1946434,North,KAPURTHALA,UPS MITHRA,Unplanned,Closed,2026-09-25T12:27:00Z,2026-09-25T13:03:00Z,36
1946433,West,MUKATSAR,11 KV Ganganagar Road,Unplanned,Closed,2026-09-25T12:23:29Z,2026-09-25T12:49:29Z,26
1946432,West,MUKATSAR,11 KV Punjava Model,Unplanned,Closed,2026-09-25T12:23:29Z,2026-09-25T12:49:29Z,26
1946431,West,MUKATSAR,11 KALLER KHERA,Unplanned,Closed,2026-09-25T12:23:29Z,2026-09-25T12:49:29Z,26
1946430,West,MUKATSAR,JANDWALA HANUWANTA,Unplanned,Closed,2026-09-25T12:23:29Z,2026-09-25T12:49:29Z,26
1946435,North,KAPURTHALA,UPS DHAPAI,Planned,Closed,2026-09-25T12:20:17Z,2026-09-25T12:56:38Z,36
1946429,North,HOSHIARPUR,ADAMWAL UPS,Planned,Closed,2026-09-25T12:20:00Z,2026-09-25T14:24:00Z,124
1946427,North,NAWANSHAHR,CITY GARHSHANKAR,Unplanned,Closed,2026-09-25T12:20:00Z,2026-09-25T13:10:00Z,50
1946426,South,PATIALA,11 KV UPS BORAN-KALAN,Unplanned,Closed,2026-09-25T12:20:00Z,2026-09-25T13:30:01Z,70
1946425,South,PATIALA,Jagdish Ashram,Unplanned,Closed,2026-09-25T12:20:00Z,2026-09-25T12:32:00Z,12
1946428,West,BATHINDA,BAGHA,Planned,Closed,2026-09-25T12:19:00Z,2026-09-25T13:33:00Z,74
1946424,South,SANGRUR,11 kv Balian 1,Unplanned,Closed,2026-09-25T12:18:00Z,2026-09-25T12:31:00Z,13
1946415,East,ROPAR,11 KV Chonta Urban,Unplanned,Closed,2026-09-25T12:05:49Z,2026-09-25T17:40:49Z,335
1946421,Central,KHANNA,Kahanpura,Unplanned,Closed,2026-09-25T12:05:00Z,2026-09-25T13:25:00Z,80
1946414,Central,KHANNA,Shri Ganesh Edibals,Unplanned,Closed,2026-09-25T12:05:00Z,2026-09-25T13:30:00Z,85
1946412,Central,KHANNA,Amloh Industrial,Unplanned,Closed,2026-09-25T12:05:00Z,2026-09-25T13:30:00Z,85
1946405,Central,KHANNA,GO Steel,Unplanned,Closed,2026-09-25T12:05:00Z,2026-09-25T13:30:00Z,85
1946403,Central,KHANNA,SALANA UPS,Unplanned,Closed,2026-09-25T12:05:00Z,2026-09-25T13:30:00Z,85
1946413,East,Zirakpur,SACHKHAND SAHIB,Planned,Closed,2026-09-25T12:04:00Z,2026-09-25T14:12:00Z,128
1946407,South,SANGRUR,11 KV ELAHI CHOWK URBAN,Unplanned,Closed,2026-09-25T12:03:00Z,2026-09-25T13:20:00Z,77
1946420,East,ROPAR,Ham Oil,Unplanned,Closed,2026-09-25T12:00:37Z,2026-09-25T13:00:37Z,60
1946419,East,ROPAR,Sanjeev Dying,Unplanned,Closed,2026-09-25T12:00:37Z,2026-09-25T17:40:37Z,340
1946418,East,ROPAR,11KV Kalas Kalan UPS,Unplanned,Closed,2026-09-25T12:00:37Z,2026-09-25T17:40:37Z,340
1946417,East,ROPAR,11KV Gehlewal Cat-2,Unplanned,Closed,2026-09-25T12:00:37Z,2026-09-25T13:00:37Z,60
1946416,East,ROPAR,11KV Sherian UPS,Unplanned,Closed,2026-09-25T12:00:37Z,2026-09-25T13:00:37Z,60
1946408,North,HOSHIARPUR,Khozkipur,Unplanned,Closed,2026-09-25T12:00:00Z,2026-09-25T12:20:00Z,20
1946402,East,MOHALI,Mullanpur,Planned,Closed,2026-09-25T12:00:00Z,2026-09-25T13:55:00Z,115
1946399,South,SANGRUR,11 kv Balian 1,Unplanned,Closed,2026-09-25T12:00:00Z,2026-09-25T12:13:00Z,13
1946379,Central,CITY WEST LUDHIANA,DUSHERA GROUND,Planned,Closed,2026-09-25T12:00:00Z,2026-09-25T17:00:00Z,300
1946378,Central,CITY WEST LUDHIANA,UPKAR NAGAR,Planned,Closed,2026-09-25T12:00:00Z,2026-09-25T17:00:00Z,300
1946393,West,BATHINDA,11KV RAJA BAGH,Unplanned,Closed,2026-09-25T11:56:00Z,2026-09-25T12:33:00Z,37
1946422,West,MUKATSAR,11 Kv Kaniawali,Planned,Closed,2026-09-25T11:55:35Z,2026-09-25T18:45:35Z,410
1946394,North,HOSHIARPUR,Meeranpur UPS,Unplanned,Closed,2026-09-25T11:55:00Z,2026-09-25T12:05:00Z,10
1946411,East,Zirakpur,11KV  SUSHMA,Planned,Closed,2026-09-25T11:50:00Z,2026-09-25T14:12:00Z,142
1946410,East,Zirakpur,EKTA VIHAR,Planned,Closed,2026-09-25T11:50:00Z,2026-09-25T14:12:00Z,142
1946409,East,Zirakpur,DHAKOLI,Planned,Closed,2026-09-25T11:50:00Z,2026-09-25T14:12:00Z,142
1946406,East,Zirakpur,11 KV Aero Home Feeder,Planned,Closed,2026-09-25T11:50:00Z,2026-09-25T14:12:00Z,142
1946404,East,Zirakpur,TRY CITY,Planned,Closed,2026-09-25T11:50:00Z,2026-09-25T14:12:00Z,142
1946400,North,HOSHIARPUR,11 Kv Mahadpur,Unplanned,Closed,2026-09-25T11:50:00Z,2026-09-25T12:10:00Z,20
1946396,North,HOSHIARPUR,11kv Chanour UPS,Unplanned,Closed,2026-09-25T11:50:00Z,2026-09-25T12:10:00Z,20
1946401,Border,SUB URBAN AMRITSAR,TahlaSahib,Unplanned,Closed,2026-09-25T11:45:00Z,2026-09-25T13:48:00Z,123
1946385,South,SANGRUR,DEHLA,Planned,Closed,2026-09-25T11:41:14Z,2026-09-25T13:00:35Z,79
1946398,North,HOSHIARPUR,AIMA MANGAT KANDI AP,Unplanned,Closed,2026-09-25T11:40:00Z,2026-09-25T12:15:00Z,35
1946397,North,HOSHIARPUR,MPH4,Unplanned,Closed,2026-09-25T11:40:00Z,2026-09-25T12:15:00Z,35
1946395,North,HOSHIARPUR,CHACK,Unplanned,Closed,2026-09-25T11:40:00Z,2026-09-25T12:15:00Z,35
1946391,North,NAWANSHAHR,11KV BARNALA,Unplanned,Closed,2026-09-25T11:40:00Z,2026-09-25T11:55:00Z,15
1946390,North,HOSHIARPUR,URMAR,Unplanned,Closed,2026-09-25T11:40:00Z,2026-09-25T12:15:00Z,35
1946388,Central,KHANNA,Galwaddi,Unplanned,Closed,2026-09-25T11:40:00Z,2026-09-25T14:00:00Z,140
1946387,Border,GURDASPUR,ARYA NAGAR,Unplanned,Closed,2026-09-25T11:40:00Z,2026-09-25T12:30:00Z,50
1946389,North,NAWANSHAHR,GARHI,Unplanned,Closed,2026-09-25T11:32:00Z,2026-09-25T11:44:00Z,12
1946383,West,BATHINDA,11KV THAKUR COLONY,Planned,Closed,2026-09-25T11:32:00Z,2026-09-25T11:43:00Z,11
1946392,South,SANGRUR,Club Road,Unplanned,Closed,2026-09-25T11:30:00Z,2026-09-25T12:48:00Z,78
1946386,South,SANGRUR,11 KV HOSPITAL ROAD URBAN,Unplanned,Closed,2026-09-25T11:30:00Z,2026-09-25T11:55:00Z,25
1946384,North,JALANDHAR,PUNJABI BAGH,Unplanned,Closed,2026-09-25T11:30:00Z,2026-09-25T11:45:00Z,15
1946382,Border,TARN TARAN,MEHTA URBAN-II,Unplanned,Closed,2026-09-25T11:30:00Z,2026-09-25T12:50:00Z,80
1946381,South,PATIALA,Thuhi Road,Unplanned,Closed,2026-09-25T11:30:00Z,2026-09-25T13:20:00Z,110
1946377,Border,GURDASPUR,Azizpur,Unplanned,Closed,2026-09-25T11:30:00Z,2026-09-25T12:30:00Z,60
1946374,North,HOSHIARPUR,UNCHIBASSI,Unplanned,Closed,2026-09-25T11:24:00Z,2026-09-25T12:11:00Z,47
1946373,South,SANGRUR,11 KV SULARGHRAT UPS,Unplanned,Closed,2026-09-25T11:20:39Z,2026-09-25T11:31:53Z,11
1946376,South,SANGRUR,11KV KHERU ROAD CAT2,Unplanned,Closed,2026-09-25T11:20:00Z,2026-09-25T11:40:50Z,20
1946370,Central,CITY WEST LUDHIANA,STAR ROAD FEEDER,Unplanned,Closed,2026-09-25T11:19:41Z,2026-09-25T12:24:54Z,65
1946369,Central,CITY WEST LUDHIANA,BASANT CITY,Planned,Closed,2026-09-25T11:18:00Z,2026-09-25T11:37:00Z,19
1946368,Border,GURDASPUR,Ghesal,Unplanned,Closed,2026-09-25T11:18:00Z,2026-09-25T11:50:00Z,32
1946367,Border,GURDASPUR,Kanwan,Unplanned,Closed,2026-09-25T11:18:00Z,2026-09-25T11:50:00Z,32
1946366,Border,GURDASPUR,Gujran Lahri,Unplanned,Closed,2026-09-25T11:17:00Z,2026-09-25T11:50:00Z,33
1946372,North,KAPURTHALA,KHOJEWAL,Unplanned,Closed,2026-09-25T11:15:17Z,2026-09-25T12:50:27Z,95
1946362,North,HOSHIARPUR,11KV MAKOWAL,Unplanned,Closed,2026-09-25T11:10:00Z,2026-09-25T11:56:00Z,46
1946361,Border,GURDASPUR,Dalia,Unplanned,Closed,2026-09-25T11:09:00Z,2026-09-25T12:24:00Z,75
1946360,Border,GURDASPUR,Manj,Unplanned,Closed,2026-09-25T11:08:00Z,2026-09-25T12:24:00Z,76
1946359,Border,GURDASPUR,HABIBPUR,Unplanned,Closed,2026-09-25T11:07:00Z,2026-09-25T12:15:00Z,68
1946358,East,Zirakpur,JEOLY,Unplanned,Closed,2026-09-25T11:00:44Z,2026-09-25T11:30:54Z,30
1946355,West,MUKATSAR,PANJKOSI,Unplanned,Closed,2026-09-25T11:00:27Z,2026-09-25T12:35:37Z,95
1946255,West,MUKATSAR,Mohlan (UPS),Planned,Closed,2026-09-25T11:00:01Z,2026-09-25T15:00:01Z,240
1946254,West,MUKATSAR,Raniwala,Planned,Closed,2026-09-25T11:00:01Z,2026-09-25T15:00:01Z,240
1946253,West,MUKATSAR,Shergarh,Planned,Closed,2026-09-25T11:00:01Z,2026-09-25T15:00:01Z,240
1946252,West,MUKATSAR,Midda,Planned,Closed,2026-09-25T11:00:01Z,2026-09-25T15:00:01Z,240
1946353,West,BATHINDA,SANGUANA BASTI,Planned,Closed,2026-09-25T10:57:41Z,2026-09-25T11:23:35Z,25
1946380,West,BATHINDA,LELEWALA,Planned,Closed,2026-09-25T10:57:00Z,2026-09-25T17:30:00Z,393
1946352,Central,KHANNA,Badla,Unplanned,Closed,2026-09-25T10:55:16Z,2026-09-25T11:22:41Z,27
1946423,East,MOHALI,HULKA,Unplanned,Closed,2026-09-25T10:55:00Z,2026-09-25T13:00:00Z,125
1946375,Border,GURDASPUR,Rampur Talwara,Unplanned,Closed,2026-09-25T10:55:00Z,2026-09-25T12:02:00Z,67
1946357,North,NAWANSHAHR,BHARTHALA (GAHOON),Unplanned,Closed,2026-09-25T10:55:00Z,2026-09-25T11:20:00Z,25
1946354,South,BARNALA,UPS BALAMGARH,Planned,Closed,2026-09-25T10:55:00Z,2026-09-25T12:50:00Z,115
1946350,North,HOSHIARPUR,RUPOWAL,Unplanned,Closed,2026-09-25T10:54:00Z,2026-09-25T11:08:00Z,14
1946343,South,SANGRUR,Nehri AP,Unplanned,Closed,2026-09-25T10:53:36Z,2026-09-25T12:26:46Z,93
1946348,North,HOSHIARPUR,CHAK KHELA,Unplanned,Closed,2026-09-25T10:53:00Z,2026-09-25T11:08:00Z,15
1946371,Border,TARN TARAN,JAWANDY KHURD,Unplanned,Closed,2026-09-25T10:52:59Z,2026-09-25T14:35:59Z,223
1946363,Border,SUB URBAN AMRITSAR,DEO BATH,Unplanned,Closed,2026-09-25T10:52:00Z,2026-09-25T14:35:00Z,223
1946341,South,SANGRUR,Colony AP,Unplanned,Closed,2026-09-25T10:51:07Z,2026-09-25T12:27:18Z,96
1946351,North,JALANDHAR,Hoshiarpur Road,Unplanned,Closed,2026-09-25T10:50:00Z,2026-09-25T11:55:00Z,65
1946346,South,SANGRUR,JHEOUR MAJRA,Unplanned,Closed,2026-09-25T10:50:00Z,2026-09-25T12:00:00Z,70
1946344,South,SANGRUR,Beed,Unplanned,Closed,2026-09-25T10:50:00Z,2026-09-25T12:00:00Z,70
1946349,East,Zirakpur,PATIALA ROAD,Planned,Closed,2026-09-25T10:47:00Z,2026-09-25T10:54:00Z,7
1946338,Border,TARN TARAN,DEHREWAL(SAIDPUR),Planned,Closed,2026-09-25T10:46:28Z,2026-09-25T11:30:41Z,44
1946356,Border,GURDASPUR,Jafferwal,Planned,Closed,2026-09-25T10:45:00Z,2026-09-25T12:05:00Z,80
1946342,East,MOHALI,URBAN III,Planned,Closed,2026-09-25T10:45:00Z,2026-09-25T12:05:00Z,80
1946337,West,BATHINDA,11 KV GOPAL NAGAR,Planned,Closed,2026-09-25T10:42:09Z,2026-09-25T11:43:00Z,60
1946340,Central,KHANNA,Shastri Nagar,Unplanned,Closed,2026-09-25T10:42:00Z,2026-09-25T14:28:00Z,226
1946339,South,PATIALA,ups Ambala Road,Unplanned,Closed,2026-09-25T10:42:00Z,2026-09-25T11:50:00Z,68
1946365,Border,TARN TARAN,11 KV Industrial Feeder,Unplanned,Closed,2026-09-25T10:40:00Z,2026-09-25T11:20:00Z,40
1946364,Border,TARN TARAN,KADD GILL UPS,Unplanned,Closed,2026-09-25T10:40:00Z,2026-09-25T11:20:00Z,40
1946335,West,BATHINDA,MANSA ROAD (NEW),Planned,Closed,2026-09-25T10:38:00Z,2026-09-25T13:15:00Z,157
1946333,East,ROPAR,Gobind Valley,Unplanned,Closed,2026-09-25T10:36:00Z,2026-09-25T10:54:00Z,18
1946332,West,BATHINDA,SANGAT,Planned,Closed,2026-09-25T10:35:54Z,2026-09-25T11:28:00Z,52
1946347,East,Zirakpur,Jaskaran,Planned,Closed,2026-09-25T10:35:00Z,2026-09-25T10:58:00Z,23
1946345,East,Zirakpur,PEER BABA ROAD,Planned,Closed,2026-09-25T10:35:00Z,2026-09-25T10:58:00Z,23
1946331,North,HOSHIARPUR,11 KV DHADEKATWAL,Unplanned,Closed,2026-09-25T10:33:00Z,2026-09-25T12:20:00Z,107
1946334,West,BATHINDA,INDUSTRIES,Unplanned,Closed,2026-09-25T10:30:00Z,2026-09-25T11:30:00Z,60
1946329,Central,CITY WEST LUDHIANA,BHAGWAN CHOWK,Unplanned,Closed,2026-09-25T10:29:58Z,2026-09-25T11:16:51Z,46
1946326,Border,GURDASPUR,City-1,Unplanned,Closed,2026-09-25T10:27:00Z,2026-09-25T11:35:00Z,68
1946336,Border,TARN TARAN,Darbar Sahib,Unplanned,Closed,2026-09-25T10:25:00Z,2026-09-25T11:05:00Z,40
1946324,North,HOSHIARPUR,MAND PHANDER,Unplanned,Closed,2026-09-25T10:23:00Z,2026-09-25T10:33:00Z,10
1946320,Border,GURDASPUR,Taragarh,Unplanned,Closed,2026-09-25T10:22:00Z,2026-09-25T11:59:00Z,97
1946318,Border,GURDASPUR,Saidipur,Unplanned,Closed,2026-09-25T10:21:00Z,2026-09-25T11:59:00Z,98
1946317,West,MUKATSAR,11 KV Focal Point-2,Unplanned,Closed,2026-09-25T10:20:23Z,2026-09-25T11:03:27Z,43
1946316,West,MUKATSAR,11 KV Focal Point-1,Unplanned,Closed,2026-09-25T10:20:23Z,2026-09-25T11:03:27Z,43
1946328,East,MOHALI,KHALOUR,Unplanned,Closed,2026-09-25T10:20:00Z,2026-09-25T13:20:00Z,180
1946327,East,MOHALI,CHARBARH UPS,Unplanned,Closed,2026-09-25T10:20:00Z,2026-09-25T13:19:00Z,179
1946321,South,SANGRUR,Rajindrapuri,Unplanned,Closed,2026-09-25T10:20:00Z,2026-09-25T11:40:24Z,80
1946325,Border,SUB URBAN AMRITSAR,Pakharpura,Unplanned,Closed,2026-09-25T10:19:00Z,2026-09-25T13:02:00Z,163
1946315,North,NAWANSHAHR,SAMMUNDRA .,Unplanned,Closed,2026-09-25T10:19:00Z,2026-09-25T10:50:00Z,31
1946323,East,Zirakpur,PANCHSHEEL,Planned,Closed,2026-09-25T10:18:00Z,2026-09-25T12:35:00Z,137
1946322,East,Zirakpur,PREET COLONY,Planned,Closed,2026-09-25T10:18:00Z,2026-09-25T12:35:00Z,137
1946314,East,Zirakpur,11 kv Japuria Feeder,Planned,Closed,2026-09-25T10:17:00Z,2026-09-25T10:53:00Z,36
1946313,East,Zirakpur,ECME,Planned,Closed,2026-09-25T10:17:00Z,2026-09-25T10:53:00Z,36
1946312,East,Zirakpur,Bhabat,Planned,Closed,2026-09-25T10:17:00Z,2026-09-25T10:53:00Z,36
1946330,Border,GURDASPUR,24Hrs SUPPLY SEKHWAN,Planned,Closed,2026-09-25T10:15:00Z,2026-09-25T11:15:00Z,60
1946319,East,Zirakpur,PUNJAB,Planned,Closed,2026-09-25T10:15:00Z,2026-09-25T17:25:00Z,430
1946159,East,Zirakpur,GREEN VALLEY,Planned,Closed,2026-09-25T10:15:00Z,2026-09-25T17:25:00Z,430
1946293,East,ROPAR,11KV Gillco Velly,Planned,Closed,2026-09-25T10:13:00Z,2026-09-25T10:30:00Z,17
1946311,South,PATIALA,Vikas Colony,Unplanned,Closed,2026-09-25T10:10:00Z,2026-09-25T11:35:00Z,85
1946305,West,MUKATSAR,11 KV SARDARPURA UPS,Unplanned,Closed,2026-09-25T10:08:55Z,2026-09-25T12:51:55Z,163
1946304,West,MUKATSAR,11 KV Bhagsar UPS,Unplanned,Closed,2026-09-25T10:08:55Z,2026-09-25T12:55:55Z,167
1946303,West,MUKATSAR,11 KV SITO,Unplanned,Closed,2026-09-25T10:08:55Z,2026-09-25T12:55:55Z,167
1946310,West,MUKATSAR,11 KV RAJPURA,Unplanned,Closed,2026-09-25T10:08:20Z,2026-09-25T12:51:20Z,163
1946309,West,MUKATSAR,11 KV KHATWAN,Unplanned,Closed,2026-09-25T10:08:20Z,2026-09-25T12:51:20Z,163
1946308,West,MUKATSAR,11 KV KANDHWALA UPS,Unplanned,Closed,2026-09-25T10:08:20Z,2026-09-25T12:51:20Z,163
1946307,West,MUKATSAR,11 KV BHAGU,Unplanned,Closed,2026-09-25T10:08:20Z,2026-09-25T12:51:20Z,163
1946306,West,MUKATSAR,11 KV BAHAV WALA,Unplanned,Closed,2026-09-25T10:08:20Z,2026-09-25T12:51:14Z,162
1946302,West,MUKATSAR,Dhani Sucha Singh (Old Chakra),Unplanned,Closed,2026-09-25T10:08:03Z,2026-09-25T12:11:03Z,123
1946301,West,MUKATSAR,11 KV New Water Works -2,Unplanned,Closed,2026-09-25T10:08:03Z,2026-09-25T12:11:03Z,123
1946300,West,MUKATSAR,11 KV BALA JI DHAM,Unplanned,Closed,2026-09-25T10:08:03Z,2026-09-25T12:11:03Z,123
1946299,West,MUKATSAR,11 KV Dhani Bisehesarnath,Unplanned,Closed,2026-09-25T10:08:03Z,2026-09-25T12:11:03Z,123
1946298,West,MUKATSAR,11 KV Azimgarh Urban,Unplanned,Closed,2026-09-25T10:08:03Z,2026-09-25T12:11:03Z,123
1946297,West,MUKATSAR,11 KV South Avenue,Unplanned,Closed,2026-09-25T10:08:03Z,2026-09-25T12:11:03Z,123
1946296,South,SANGRUR,Ladbanjara Road,Unplanned,Closed,2026-09-25T10:05:00Z,2026-09-25T11:10:00Z,65
1946295,West,BATHINDA,Industry Mehta,Planned,Closed,2026-09-25T10:05:00Z,2026-09-25T16:00:00Z,355
1946294,North,NAWANSHAHR,Dagham,Unplanned,Closed,2026-09-25T10:05:00Z,2026-09-25T11:10:00Z,65
1946292,South,SANGRUR,Dera Baba Saul Dass,Planned,Closed,2026-09-25T10:05:00Z,2026-09-25T14:12:00Z,247
1946285,Central,KHANNA,RAIYEWAL CAT-1,Planned,Closed,2026-09-25T10:00:45Z,2026-09-25T16:01:45Z,361
1946284,Central,KHANNA,RURKI UPS,Planned,Closed,2026-09-25T10:00:45Z,2026-09-25T16:01:45Z,361
1946283,Central,KHANNA,TIBBI UPS,Planned,Closed,2026-09-25T10:00:45Z,2026-09-25T16:01:45Z,361
1946282,Central,KHANNA,Dhangeri,Planned,Closed,2026-09-25T10:00:45Z,2026-09-25T16:01:45Z,361
1946286,Central,KHANNA,ChobdaranUPS,Planned,Closed,2026-09-25T10:00:33Z,2026-09-25T16:01:33Z,361
1946181,Border,TARN TARAN,URBAN GHARYALA,Planned,Closed,2026-09-25T10:00:07Z,2026-09-25T16:55:07Z,415
1946289,South,PATIALA,OPH,Planned,Closed,2026-09-25T10:00:00Z,2026-09-25T10:09:00Z,9
1946290,North,JALANDHAR,Rainak Bazar,Unplanned,Closed,2026-09-25T09:56:00Z,2026-09-25T11:46:00Z,110
1946281,West,FARIDKOT,NIDHANWALA,Planned,Closed,2026-09-25T09:54:11Z,2026-09-25T10:54:48Z,60
1946280,West,FARIDKOT,Green City UPS,Planned,Closed,2026-09-25T09:54:11Z,2026-09-25T10:54:48Z,60
1946279,West,FARIDKOT,ADANI AGRO INDEPENDENT,Planned,Closed,2026-09-25T09:54:11Z,2026-09-25T10:54:48Z,60
1946278,West,FARIDKOT,DAGRU,Planned,Closed,2026-09-25T09:54:11Z,2026-09-25T10:54:48Z,60
1946291,East,MOHALI,TDI,Unplanned,Closed,2026-09-25T09:52:00Z,2026-09-25T10:07:00Z,15
1946287,East,MOHALI,"IAS,PCS Socity",Unplanned,Closed,2026-09-25T09:50:00Z,2026-09-25T11:10:00Z,80
1946276,East,ROPAR,11KV Alampur,Unplanned,Closed,2026-09-25T09:35:00Z,2026-09-25T10:04:00Z,29
1946273,North,HOSHIARPUR,PIPLANWALA FOCAL POINT,Planned,Closed,2026-09-25T09:30:00Z,2026-09-25T11:20:00Z,110
1946272,East,ROPAR,Bhangala,Unplanned,Closed,2026-09-25T09:30:00Z,2026-09-25T09:50:00Z,20
1946274,East,ROPAR,11 KV Moura,Unplanned,Closed,2026-09-25T09:29:00Z,2026-09-25T09:55:00Z,26
1946271,North,HOSHIARPUR,JALALPUR,Unplanned,Closed,2026-09-25T09:29:00Z,2026-09-25T10:10:00Z,41
1946266,South,SANGRUR,11 KV ROHI AP,Planned,Closed,2026-09-25T09:25:40Z,2026-09-25T11:04:51Z,99
1946265,South,SANGRUR,11 KV SATOJ URBAN,Planned,Closed,2026-09-25T09:25:15Z,2026-09-25T11:04:25Z,99
1946267,East,ROPAR,TIBBA TAPPRIAN,Unplanned,Closed,2026-09-25T09:25:06Z,2026-09-25T09:35:00Z,9
1946277,Central,KHANNA,Sangtpura,Unplanned,Closed,2026-09-25T09:23:00Z,2026-09-25T10:20:00Z,57
1946275,East,ROPAR,UPS SAHO MAJRA,Unplanned,Closed,2026-09-25T09:23:00Z,2026-09-25T10:15:00Z,52
1946268,North,HOSHIARPUR,HARKOWAL,Unplanned,Closed,2026-09-25T09:20:00Z,2026-09-25T10:30:00Z,70
1946264,East,MOHALI,RATWARA SAHIB,Unplanned,Closed,2026-09-25T09:16:31Z,2026-09-25T09:55:38Z,39
1946263,East,MOHALI,11KV SIDHU UPS,Planned,Closed,2026-09-25T09:10:00Z,2026-09-25T09:20:00Z,10
1946262,South,BARNALA,URBAN DHAUNALA CITY,Unplanned,Closed,2026-09-25T09:10:00Z,2026-09-25T09:40:00Z,30
1946261,West,BATHINDA,Autawali,Unplanned,Closed,2026-09-25T09:10:00Z,2026-09-25T11:01:16Z,111
1946256,West,BATHINDA,PUCCA KALAN,Unplanned,Closed,2026-09-25T09:06:03Z,2026-09-25T09:47:40Z,41
1946269,East,ROPAR,ASRON,Unplanned,Closed,2026-09-25T09:06:00Z,2026-09-25T09:41:00Z,35
1946258,Central,KHANNA,SIHORA UPS,Unplanned,Closed,2026-09-25T09:05:00Z,2026-09-25T11:15:00Z,130
1946270,East,ROPAR,11KV Dugri,Unplanned,Closed,2026-09-25T09:03:00Z,2026-09-25T10:05:00Z,62
1946151,West,BATHINDA,Dhan Singh Khanna Cat-1,Planned,Closed,2026-09-25T09:00:24Z,2026-09-25T16:30:24Z,450
1946250,West,FARIDKOT,11KV HASSAN BHATTI,Unplanned,Closed,2026-09-25T09:00:20Z,2026-09-25T10:50:06Z,109
1946251,North,JALANDHAR,BABA VISHKARMA MANDIR,Unplanned,Closed,2026-09-25T08:58:00Z,2026-09-25T09:32:00Z,34
1946257,North,KAPURTHALA,UPS Aujla,Unplanned,Closed,2026-09-25T08:55:00Z,2026-09-25T09:55:00Z,60
1946249,West,BATHINDA,Talwandi Road,Unplanned,Closed,2026-09-25T08:46:00Z,2026-09-25T10:50:00Z,124
1946260,South,PATIALA,FAGGANMAJRA UPS,Unplanned,Closed,2026-09-25T08:42:02Z,2026-09-25T09:33:02Z,51
1946259,South,PATIALA,11 kV BIO Fuel (CNG Plant),Unplanned,Closed,2026-09-25T08:42:02Z,2026-09-25T09:33:02Z,51
1946247,North,NAWANSHAHR,CITY GARHSHANKAR-2,Unplanned,Closed,2026-09-25T08:40:00Z,2026-09-25T09:30:00Z,50
1946246,South,SANGRUR,Bagrian Road,Unplanned,Closed,2026-09-25T08:35:02Z,2026-09-25T09:19:00Z,43
1946244,East,MOHALI,NAYA GAON,Unplanned,Closed,2026-09-25T08:19:05Z,2026-09-25T09:00:20Z,41
1946245,North,KAPURTHALA,UPS DALLA,Unplanned,Closed,2026-09-25T08:15:00Z,2026-09-25T09:35:00Z,80
1946248,East,MOHALI,MOHIKALAN UPS,Unplanned,Closed,2026-09-25T08:10:23Z,2026-09-25T09:50:56Z,100
1946243,Border,TARN TARAN,Khadoor Sahib URBAN.,Unplanned,Closed,2026-09-25T08:03:00Z,2026-09-25T08:30:00Z,27
1946242,East,MOHALI,Urban,Unplanned,Closed,2026-09-25T08:03:00Z,2026-09-25T09:46:00Z,103
1946240,Central,CITY WEST LUDHIANA,HIGHWAY FEEDER,Unplanned,Closed,2026-09-25T08:01:14Z,2026-09-25T08:59:54Z,58
1946239,North,HOSHIARPUR,11kv Chanour UPS,Unplanned,Closed,2026-09-25T07:55:00Z,2026-09-25T09:45:00Z,110
1946236,Central,CITY WEST LUDHIANA,SHIMLA PURI FEEDER,Unplanned,Closed,2026-09-25T07:44:13Z,2026-09-25T08:21:50Z,37
1946237,West,BATHINDA,Burj UPS,Unplanned,Closed,2026-09-25T07:38:00Z,2026-09-25T08:26:00Z,48
1946234,Border,SUB URBAN AMRITSAR,Urban Estate,Unplanned,Closed,2026-09-25T07:35:00Z,2026-09-25T08:40:00Z,65
1946235,South,SANGRUR,Industrial (Dhuri),Unplanned,Closed,2026-09-25T07:33:00Z,2026-09-25T09:19:00Z,106
1946233,South,SANGRUR,Haryou UPS,Unplanned,Closed,2026-09-25T07:20:00Z,2026-09-25T08:40:00Z,80
1946241,South,BARNALA,PHARWAHI 24 Hrs.,Unplanned,Closed,2026-09-25T07:15:00Z,2026-09-25T08:58:00Z,103
1946238,West,MUKATSAR,11 KV SARDARPURA UPS,Unplanned,Closed,2026-09-25T07:15:00Z,2026-09-25T08:25:00Z,70
1946230,West,MUKATSAR,Abohar Road,Unplanned,Closed,2026-09-25T07:11:25Z,2026-09-25T10:21:27Z,190
1946229,North,HOSHIARPUR,SALLAN,Unplanned,Closed,2026-09-25T07:02:00Z,2026-09-25T07:40:00Z,38
1946232,South,BARNALA,KARAMGARH URBAN,Unplanned,Closed,2026-09-25T07:00:00Z,2026-09-25T08:20:00Z,80
1946228,West,FEROZPUR,11 KV  Bhagat singh College,Unplanned,Closed,2026-09-25T07:00:00Z,2026-09-25T11:14:00Z,254
1946226,North,HOSHIARPUR,Bham,Unplanned,Closed,2026-09-25T06:45:00Z,2026-09-25T07:25:00Z,40
1946227,Border,GURDASPUR,24Hrs SUPPLY KALA BALA,Unplanned,Closed,2026-09-25T06:30:00Z,2026-09-25T11:15:00Z,285
1946225,East,ROPAR,Giani Zail Singh Nagar,Unplanned,Closed,2026-09-25T06:19:00Z,2026-09-25T06:46:00Z,27
1946224,West,MUKATSAR,Abohar Road,Unplanned,Closed,2026-09-25T06:05:21Z,2026-09-25T07:03:59Z,58
1946223,West,MUKATSAR,Salemshah UPS,Unplanned,Closed,2026-09-25T06:05:21Z,2026-09-25T07:07:34Z,62
1946222,West,MUKATSAR,Gaushala,Unplanned,Closed,2026-09-25T06:05:21Z,2026-09-25T07:09:21Z,64
1946221,West,MUKATSAR,Ferozepur Road,Unplanned,Closed,2026-09-25T06:05:21Z,2026-09-25T07:06:29Z,61
1946220,West,MUKATSAR,Basti Hazoor Singh,Unplanned,Closed,2026-09-25T06:05:21Z,2026-09-25T07:05:06Z,59
1946219,West,MUKATSAR,BOP Mauzam Forward,Unplanned,Closed,2026-09-25T06:05:21Z,2026-09-25T07:08:49Z,63
1946231,Border,SUB URBAN AMRITSAR,Bhararri Wal,Unplanned,Closed,2026-09-25T06:00:00Z,2026-09-25T09:05:32Z,185
1946218,Central,KHANNA,Alloona Miana,Unplanned,Closed,2026-09-25T06:00:00Z,2026-09-25T07:35:00Z,95
1946217,Border,TARN TARAN,URBAN SABHRA,Unplanned,Closed,2026-09-25T05:45:00Z,2026-09-25T07:00:00Z,75
1946216,West,FARIDKOT,11 KV SMALSAR CAT-01,Unplanned,Closed,2026-09-25T05:26:00Z,2026-09-25T07:01:00Z,95
1946215,East,MOHALI,11KV MANAV RACHNA,Unplanned,Closed,2026-09-25T05:09:00Z,2026-09-25T05:47:00Z,38
1946214,South,BARNALA,U.P.S-2 BADRA,Unplanned,Closed,2026-09-25T04:40:00Z,2026-09-25T07:20:00Z,160
1946213,West,MUKATSAR,Lambi,Unplanned,Closed,2026-09-25T04:06:00Z,2026-09-25T05:55:00Z,109
1946211,North,JALANDHAR,RERRU,Unplanned,Closed,2026-09-25T02:48:00Z,2026-09-25T03:25:00Z,37
1946209,South,BARNALA,ASPAL KALAN CAT--1,Unplanned,Closed,2026-09-25T01:55:00Z,2026-09-25T05:41:00Z,226
1946206,Central,CITY WEST LUDHIANA,ISHER NAGAR FEEDER,Unplanned,Closed,2026-09-25T01:40:46Z,2026-09-25T02:17:42Z,36
1946203,North,JALANDHAR,Chara Mandi,Unplanned,Closed,2026-09-25T01:00:00Z,2026-09-25T02:50:00Z,110
1946202,Border,SUB URBAN AMRITSAR,Industrial Estate,Unplanned,Closed,2026-09-25T00:55:00Z,2026-09-25T01:55:05Z,60
1946201,Central,CITY WEST LUDHIANA,NATIONAL FEEDER,Unplanned,Closed,2026-09-25T00:46:55Z,2026-09-25T01:21:33Z,34
1946200,West,MUKATSAR,Shakti Nagar,Unplanned,Closed,2026-09-25T00:40:05Z,2026-09-25T00:52:39Z,12
1946199,Border,CITY AMRITSAR,JOSHI COLONY,Unplanned,Closed,2026-09-25T00:30:00Z,2026-09-25T00:52:00Z,22
1946198,East,Zirakpur,11 KV SHAKTINAGAR,Unplanned,Closed,2026-09-25T00:28:00Z,2026-09-25T01:47:00Z,79
1946212,South,BARNALA,SEHNA cat-1,Unplanned,Closed,2026-09-25T00:15:00Z,2026-09-25T05:42:00Z,327
1946194,North,NAWANSHAHR,Bara Pind,Unplanned,Closed,2026-09-24T23:54:00Z,2026-09-25T00:43:00Z,49
1946197,South,SANGRUR,Club Road,Unplanned,Closed,2026-09-24T23:28:00Z,2026-09-25T00:20:00Z,52
1946191,North,JALANDHAR,SUN FLAG,Unplanned,Closed,2026-09-24T23:02:00Z,2026-09-24T23:33:00Z,31
1946190,North,JALANDHAR,INDUSTRIAL-3,Unplanned,Closed,2026-09-24T23:02:00Z,2026-09-24T23:33:00Z,31
1946193,East,MOHALI,11 KV Sec 59,Unplanned,Closed,2026-09-24T22:45:00Z,2026-09-24T23:59:00Z,74
1946192,East,MOHALI,TDI,Unplanned,Closed,2026-09-24T22:45:00Z,2026-09-24T23:59:00Z,74
1946189,Border,TARN TARAN,URBAN SABHRA,Unplanned,Closed,2026-09-24T22:30:00Z,2026-09-24T23:55:00Z,85
1946188,South,PATIALA,Urban Estate Phase -4,Unplanned,Closed,2026-09-24T22:20:00Z,2026-09-24T22:52:00Z,32
1946187,North,JALANDHAR,VIP,Unplanned,Closed,2026-09-24T22:15:00Z,2026-09-24T23:15:00Z,60
1946186,West,BATHINDA,PANCHVATI NAGAR,Unplanned,Closed,2026-09-24T22:00:00Z,2026-09-24T22:08:49Z,8
1946185,West,BATHINDA,PANCHVATI NAGAR,Planned,Closed,2026-09-24T21:50:44Z,2026-09-24T21:59:39Z,8
1946184,Border,SUB URBAN AMRITSAR,TEJ ALLOYS,Unplanned,Closed,2026-09-24T21:45:00Z,2026-09-24T22:20:00Z,35
1946183,Central,KHANNA,Focal Point 2,Unplanned,Closed,2026-09-24T21:40:00Z,2026-09-24T23:05:00Z,85
1946179,Central,CITY EAST LUDHIANA,11KV Mahindra Colony,Unplanned,Closed,2026-09-24T21:23:28Z,2026-09-24T22:07:28Z,44
1946178,Central,CITY EAST LUDHIANA,MOHAR SINGH NAGAR,Unplanned,Closed,2026-09-24T21:23:28Z,2026-09-24T22:07:40Z,44
1946177,West,FARIDKOT,KOT ISE KHAN,Unplanned,Closed,2026-09-24T21:23:19Z,2026-09-24T22:33:13Z,69
1946176,West,FARIDKOT,Kothe Dhaliwal,Planned,Closed,2026-09-24T21:15:00Z,2026-09-24T21:32:00Z,17
1946175,North,HOSHIARPUR,KHARDEHER,Unplanned,Closed,2026-09-24T21:12:00Z,2026-09-24T22:23:00Z,71
1946174,Border,SUB URBAN AMRITSAR,Mahabir,Unplanned,Closed,2026-09-24T20:55:00Z,2026-09-24T21:20:00Z,25
1946173,South,SANGRUR,CITY-4 NEW,Unplanned,Closed,2026-09-24T20:55:00Z,2026-09-24T22:25:00Z,90
1946172,South,PATIALA,Panjiri Plant,Unplanned,Closed,2026-09-24T20:50:00Z,2026-09-24T21:35:00Z,45
1946170,East,Zirakpur,11 KV SHAKTINAGAR,Unplanned,Closed,2026-09-24T20:41:00Z,2026-09-24T21:55:00Z,74
1946171,Border,GURDASPUR,I.T.I,Unplanned,Closed,2026-09-24T20:35:00Z,2026-09-24T23:40:00Z,185
1946169,East,Zirakpur,ORBIT,Unplanned,Closed,2026-09-24T20:20:00Z,2026-09-24T21:16:00Z,56
1946167,West,MUKATSAR,11 KV BAHAV WALA,Unplanned,Closed,2026-09-24T20:19:00Z,2026-09-24T20:40:00Z,21
1946166,Central,CITY EAST LUDHIANA,TAJ GANJ,Unplanned,Closed,2026-09-24T20:00:26Z,2026-09-24T21:00:00Z,59
1946168,Border,SUB URBAN AMRITSAR,Industrial Estate,Unplanned,Closed,2026-09-24T20:00:00Z,2026-09-25T00:24:04Z,264
1946162,Central,CITY EAST LUDHIANA,TUBEWELL,Unplanned,Closed,2026-09-24T19:59:38Z,2026-09-24T21:25:40Z,86
1946161,Central,CITY EAST LUDHIANA,SANTOKH NAGAR,Unplanned,Closed,2026-09-24T19:58:00Z,2026-09-24T21:24:00Z,86
1946160,North,HOSHIARPUR,CHAK KHELA,Unplanned,Closed,2026-09-24T19:55:00Z,2026-09-24T20:45:00Z,50
1946156,Central,KHANNA,Focal Point 2,Unplanned,Closed,2026-09-24T19:33:00Z,2026-09-24T20:47:00Z,74
1946155,East,Zirakpur,DHAKOLI,Planned,Closed,2026-09-24T19:25:00Z,2026-09-24T19:35:00Z,10
1946154,East,Zirakpur,HARMILAP NAGAR,Planned,Closed,2026-09-24T19:25:00Z,2026-09-24T19:35:00Z,10
1946158,Border,TARN TARAN,URBAN SABHRA,Unplanned,Closed,2026-09-24T19:20:00Z,2026-09-24T22:08:00Z,168
1946157,South,PATIALA,11 KV BAHADURGARH,Unplanned,Closed,2026-09-24T19:20:00Z,2026-09-24T20:16:00Z,56
1946153,South,PATIALA,11 KV UPS 1,Unplanned,Closed,2026-09-24T19:15:00Z,2026-09-24T19:34:00Z,19
1946152,South,PATIALA,11 KV UPS CHAPPAR,Unplanned,Closed,2026-09-24T19:15:00Z,2026-09-24T19:20:00Z,5
1946148,West,FARIDKOT,KOT ISE KHAN,Unplanned,Closed,2026-09-24T19:04:09Z,2026-09-24T20:44:29Z,100
1946146,West,BATHINDA,SANGUANA BASTI,Planned,Closed,2026-09-24T18:55:20Z,2026-09-24T19:12:32Z,17
1946147,West,FARIDKOT,11KV PATTO HAIR SINGH  UPS,Unplanned,Closed,2026-09-24T18:55:00Z,2026-09-24T19:45:00Z,50
1946145,Central,CITY EAST LUDHIANA,FATEH GANJ,Unplanned,Closed,2026-09-24T18:51:24Z,2026-09-24T20:02:15Z,70
1946144,Central,CITY EAST LUDHIANA,ISLAM GANJ,Unplanned,Closed,2026-09-24T18:50:08Z,2026-09-24T20:02:41Z,72
1946149,South,BARNALA,URBAN DHAUNALA CITY,Unplanned,Closed,2026-09-24T18:50:00Z,2026-09-24T19:50:00Z,60
1946143,Border,GURDASPUR,BHAM UPS,Unplanned,Closed,2026-09-24T18:45:00Z,2026-09-24T19:05:00Z,20
1946139,South,SANGRUR,24 HRS. CHANGALIWALA,Unplanned,Closed,2026-09-24T18:40:18Z,2026-09-24T19:05:41Z,25
1946141,North,HOSHIARPUR,JASSOWAL,Unplanned,Closed,2026-09-24T18:40:00Z,2026-09-24T19:15:00Z,35
1946138,North,JALANDHAR,Shivaji Nagar,Unplanned,Closed,2026-09-24T18:37:00Z,2026-09-24T19:00:00Z,23
1946140,Border,CITY AMRITSAR,Tilak Nagar,Unplanned,Closed,2026-09-24T18:35:30Z,2026-09-24T18:45:37Z,10
1946150,Border,SUB URBAN AMRITSAR,MILK PLANT,Unplanned,Closed,2026-09-24T18:35:00Z,2026-09-24T19:24:00Z,49
1946137,East,Zirakpur,11KV  SUSHMA,Unplanned,Closed,2026-09-24T18:34:00Z,2026-09-24T19:35:00Z,61
1946136,South,SANGRUR,11 KV Guga Mari Urban Cat-1,Unplanned,Closed,2026-09-24T18:29:48Z,2026-09-24T18:58:01Z,28
1946142,South,BARNALA,URBAN DHAUNALA CITY,Unplanned,Closed,2026-09-24T18:20:00Z,2026-09-24T18:45:00Z,25
1946135,East,Zirakpur,11KV  SUSHMA,Unplanned,Closed,2026-09-24T18:20:00Z,2026-09-24T18:30:00Z,10
1946134,East,Zirakpur,HARMILAP NAGAR,Planned,Closed,2026-09-24T18:20:00Z,2026-09-24T18:30:00Z,10
1946133,East,Zirakpur,DHAKOLI,Planned,Closed,2026-09-24T18:20:00Z,2026-09-24T18:30:00Z,10
1946128,South,SANGRUR,A P Solvex,Planned,Closed,2026-09-24T18:19:00Z,2026-09-24T18:56:00Z,37
1946126,Central,CITY WEST LUDHIANA,AZAD NAGAR FEEDER,Unplanned,Closed,2026-09-24T18:11:01Z,2026-09-24T19:13:53Z,62
1946125,North,JALANDHAR,CANAL,Unplanned,Closed,2026-09-24T18:07:00Z,2026-09-24T18:30:00Z,23
1946131,Border,SUB URBAN AMRITSAR,Purana Adda Gandhinagar,Unplanned,Closed,2026-09-24T18:05:00Z,2026-09-24T18:40:00Z,35
1946130,South,SANGRUR,11 KV Guga Mari Urban Cat-1,Unplanned,Closed,2026-09-24T18:05:00Z,2026-09-24T18:58:00Z,53
1946123,Border,GURDASPUR,IGC,Unplanned,Closed,2026-09-24T18:03:00Z,2026-09-24T18:17:00Z,14
1946127,West,FARIDKOT,Bharro-Bhatti,Planned,Closed,2026-09-24T18:02:00Z,2026-09-24T18:35:00Z,33
1946124,North,HOSHIARPUR,BULLOWAL   NO    2,Unplanned,Closed,2026-09-24T18:01:00Z,2026-09-24T18:20:00Z,19
1946132,East,Zirakpur,Bhagwanpur industry,Unplanned,Closed,2026-09-24T18:00:00Z,2026-09-24T18:44:00Z,44
1946129,West,MUKATSAR,11 KV Dhani Bisehesarnath,Unplanned,Closed,2026-09-24T17:59:00Z,2026-09-24T18:51:50Z,52
1946122,Border,GURDASPUR,City Thana,Unplanned,Closed,2026-09-24T17:55:00Z,2026-09-24T18:20:00Z,25
1946121,North,JALANDHAR,11KV JUNEJA FORGING,Unplanned,Closed,2026-09-24T17:54:00Z,2026-09-24T18:15:00Z,21
1946118,Border,GURDASPUR,Azizpur,Unplanned,Closed,2026-09-24T17:51:00Z,2026-09-24T18:15:00Z,24
1946120,North,JALANDHAR,WARYANA COMPLEX NO. 2,Unplanned,Closed,2026-09-24T17:50:00Z,2026-09-24T18:15:00Z,25
1946119,North,JALANDHAR,NEEL KAMAL,Unplanned,Closed,2026-09-24T17:50:00Z,2026-09-24T18:15:00Z,25
1946090,North,HOSHIARPUR,RUPOWAL,Unplanned,Closed,2026-09-24T17:40:00Z,2026-09-24T18:13:00Z,33
1946089,West,MUKATSAR,DAULATPURA UPS,Unplanned,Closed,2026-09-24T17:39:34Z,2026-09-24T17:52:49Z,13
1946088,North,HOSHIARPUR,CHAK KHELA,Unplanned,Closed,2026-09-24T17:38:00Z,2026-09-24T18:12:00Z,34
1946085,West,MUKATSAR,11 KV Kera Khera,Unplanned,Closed,2026-09-24T17:37:38Z,2026-09-24T18:07:45Z,30
1946087,West,MUKATSAR,11 KV Raipura,Unplanned,Closed,2026-09-24T17:37:24Z,2026-09-24T18:07:31Z,30
1946084,West,MUKATSAR,11 KV Malookpura UPS,Unplanned,Closed,2026-09-24T17:37:12Z,2026-09-24T18:07:21Z,30
1946086,West,MUKATSAR,11 KV Dhaban Kokrian,Unplanned,Closed,2026-09-24T17:37:01Z,2026-09-24T18:07:08Z,30
1946083,Central,CITY WEST LUDHIANA,JAWADDI,Planned,Closed,2026-09-24T17:35:20Z,2026-09-24T17:56:35Z,21
1946117,Central,CITY EAST LUDHIANA,D007-11 KV VIJAY NAGAR,Unplanned,Closed,2026-09-24T17:30:36Z,2026-09-24T18:06:52Z,36
1946116,Central,CITY EAST LUDHIANA,11 KV KIDWAI NAGAR,Unplanned,Closed,2026-09-24T17:30:36Z,2026-09-24T18:06:48Z,36
1946115,Central,CITY EAST LUDHIANA,Ganesh Nagar,Unplanned,Closed,2026-09-24T17:30:36Z,2026-09-24T18:06:42Z,36
1946114,Central,CITY EAST LUDHIANA,RAJ SANDEEP,Unplanned,Closed,2026-09-24T17:30:36Z,2026-09-24T18:06:37Z,36
1946113,Central,CITY EAST LUDHIANA,TAJ GANJ,Unplanned,Closed,2026-09-24T17:30:36Z,2026-09-24T18:06:31Z,35
1946112,Central,CITY EAST LUDHIANA,11KV Guru Teg feeder,Unplanned,Closed,2026-09-24T17:30:36Z,2026-09-24T18:06:26Z,35
1946111,Central,CITY EAST LUDHIANA,11KV Mahindra Colony,Unplanned,Closed,2026-09-24T17:30:36Z,2026-09-24T18:03:44Z,33
1946110,Central,CITY EAST LUDHIANA,VENUS WOLLEN MILLS,Unplanned,Closed,2026-09-24T17:30:36Z,2026-09-24T18:04:13Z,33
1946109,Central,CITY EAST LUDHIANA,SACHDEVA,Unplanned,Closed,2026-09-24T17:30:36Z,2026-09-24T18:40:36Z,70
1946108,Central,CITY EAST LUDHIANA,NAHAR SPG,Unplanned,Closed,2026-09-24T17:30:36Z,2026-09-24T18:04:28Z,33
1946107,Central,CITY EAST LUDHIANA,OSWAL,Unplanned,Closed,2026-09-24T17:30:36Z,2026-09-24T18:04:34Z,33
1946106,Central,CITY EAST LUDHIANA,BROWN ROAD,Unplanned,Closed,2026-09-24T17:30:36Z,2026-09-24T18:04:41Z,34
1946105,Central,CITY EAST LUDHIANA,LINK ROAD,Unplanned,Closed,2026-09-24T17:30:36Z,2026-09-24T18:01:30Z,30
1946104,Central,CITY EAST LUDHIANA,11 KV Om Processor,Unplanned,Closed,2026-09-24T17:30:36Z,2026-09-24T18:40:12Z,69
1946103,Central,CITY EAST LUDHIANA,11 KV Shiv Chowk,Unplanned,Closed,2026-09-24T17:30:36Z,2026-09-24T18:05:55Z,35
1946102,Central,CITY EAST LUDHIANA,Voltan industry,Unplanned,Closed,2026-09-24T17:30:36Z,2026-09-24T18:06:01Z,35
1946101,Central,CITY EAST LUDHIANA,TEXTILE,Unplanned,Closed,2026-09-24T17:30:36Z,2026-09-24T18:06:08Z,35
1946100,Central,CITY EAST LUDHIANA,WEST,Unplanned,Closed,2026-09-24T17:30:36Z,2026-09-24T18:06:15Z,35
1946099,Central,CITY EAST LUDHIANA,R.K.,Unplanned,Closed,2026-09-24T17:30:36Z,2026-09-24T18:06:20Z,35
1946098,Central,CITY EAST LUDHIANA,DOHLEWAL,Unplanned,Closed,2026-09-24T17:30:36Z,2026-09-24T18:30:43Z,60
1946097,Central,CITY EAST LUDHIANA,KAILASH NAGAR,Unplanned,Closed,2026-09-24T17:30:36Z,2026-09-24T18:32:18Z,61
1946096,Central,CITY EAST LUDHIANA,suffion,Unplanned,Closed,2026-09-24T17:30:36Z,2026-09-24T18:31:27Z,60
1946095,Central,CITY EAST LUDHIANA,HANUMAN MANDIR,Unplanned,Closed,2026-09-24T17:30:36Z,2026-09-24T18:31:32Z,60
1946094,Central,CITY EAST LUDHIANA,TUBEWELL,Unplanned,Closed,2026-09-24T17:30:36Z,2026-09-24T18:31:37Z,61
1946093,Central,CITY EAST LUDHIANA,MES,Unplanned,Closed,2026-09-24T17:30:36Z,2026-09-24T18:31:43Z,61
1946092,Central,CITY EAST LUDHIANA,COMMAN WEALTH,Unplanned,Closed,2026-09-24T17:30:36Z,2026-09-24T18:07:02Z,36
1946091,Central,CITY EAST LUDHIANA,pearl,Unplanned,Closed,2026-09-24T17:30:36Z,2026-09-24T18:06:58Z,36
1946081,East,MOHALI,SEC 65-A,Unplanned,Closed,2026-09-24T17:23:01Z,2026-09-24T17:34:00Z,10
1946082,South,SANGRUR,Organics Cat-4,Unplanned,Closed,2026-09-24T17:20:00Z,2026-09-24T18:56:00Z,96
1946080,North,JALANDHAR,RAJOWAL,Unplanned,Closed,2026-09-24T17:20:00Z,2026-09-24T18:05:00Z,45
1946078,Border,SUB URBAN AMRITSAR,Holy City,Unplanned,Closed,2026-09-24T17:20:00Z,2026-09-24T17:50:00Z,30
1946079,Border,TARN TARAN,Baba Bakala,Unplanned,Closed,2026-09-24T17:10:00Z,2026-09-24T18:01:00Z,51
1946077,Border,TARN TARAN,BALA CHAK,Unplanned,Closed,2026-09-24T16:55:22Z,2026-09-24T17:35:00Z,39
1946076,Border,GURDASPUR,Ghesal,Unplanned,Closed,2026-09-24T16:55:00Z,2026-09-24T19:09:00Z,134
1946075,Border,GURDASPUR,Kanwan,Unplanned,Closed,2026-09-24T16:55:00Z,2026-09-24T19:09:00Z,134
1946073,Border,GURDASPUR,Taragarh,Unplanned,Closed,2026-09-24T16:55:00Z,2026-09-24T19:09:00Z,134
1946072,Border,GURDASPUR,Dalia,Unplanned,Closed,2026-09-24T16:55:00Z,2026-09-24T19:09:00Z,134
1946070,Border,GURDASPUR,Gujran Lahri,Unplanned,Closed,2026-09-24T16:55:00Z,2026-09-24T19:09:00Z,134
1946069,Border,GURDASPUR,Manj,Unplanned,Closed,2026-09-24T16:55:00Z,2026-09-24T19:09:00Z,134
1946068,Border,GURDASPUR,Saidipur,Unplanned,Closed,2026-09-24T16:55:00Z,2026-09-24T19:09:00Z,134
1946066,Central,CITY WEST LUDHIANA,LOHARA,Unplanned,Closed,2026-09-24T16:53:48Z,2026-09-24T17:28:21Z,34
1946067,North,KAPURTHALA,UPS Maida,Unplanned,Closed,2026-09-24T16:53:00Z,2026-09-24T18:19:00Z,86
1946065,Border,TARN TARAN,GOINDWAL SAHIB URBAN..,Unplanned,Closed,2026-09-24T16:50:00Z,2026-09-24T17:35:00Z,45
1946064,North,HOSHIARPUR,BASSI,Unplanned,Closed,2026-09-24T16:49:00Z,2026-09-24T17:10:00Z,21
1946062,North,HOSHIARPUR,Mirpur,Unplanned,Closed,2026-09-24T16:48:00Z,2026-09-24T17:01:00Z,13
1946060,East,MOHALI,Industrial,Unplanned,Closed,2026-09-24T16:44:40Z,2026-09-24T18:22:48Z,98
1946059,South,PATIALA,Vikas Colony,Unplanned,Closed,2026-09-24T16:43:28Z,2026-09-24T17:15:48Z,32
1946063,North,JALANDHAR,FATEHGARH,Unplanned,Closed,2026-09-24T16:40:00Z,2026-09-24T17:05:00Z,25
1946061,North,HOSHIARPUR,Chaggran,Unplanned,Closed,2026-09-24T16:40:00Z,2026-09-24T16:55:00Z,15
1946074,Border,TARN TARAN,UPS BABA DEEP SINGH,Unplanned,Closed,2026-09-24T16:36:00Z,2026-09-24T18:36:00Z,120
1946071,Border,TARN TARAN,JAWANDY KHURD,Unplanned,Closed,2026-09-24T16:35:00Z,2026-09-24T18:05:00Z,90
1946050,South,SANGRUR,Dera Baba Saul Dass,Planned,Closed,2026-09-24T16:35:00Z,2026-09-24T18:21:00Z,106
1946053,North,JALANDHAR,11 KV Gopal Nagar,Unplanned,Closed,2026-09-24T16:30:29Z,2026-09-24T16:48:35Z,18
1946056,East,Zirakpur,11KV  SUSHMA,Planned,Closed,2026-09-24T16:30:00Z,2026-09-24T16:37:00Z,7
1946055,East,Zirakpur,DHAKOLI,Unplanned,Closed,2026-09-24T16:30:00Z,2026-09-24T16:37:00Z,7
1946054,East,Zirakpur,HARMILAP NAGAR,Unplanned,Closed,2026-09-24T16:30:00Z,2026-09-24T16:37:00Z,7
1946057,East,MOHALI,11 KV Sector-71,Unplanned,Closed,2026-09-24T16:27:00Z,2026-09-24T16:52:32Z,25
1946051,South,SANGRUR,Bhalwan3,Planned,Closed,2026-09-24T16:25:00Z,2026-09-24T18:10:00Z,105
1946052,East,Zirakpur,SANULI,Unplanned,Closed,2026-09-24T16:24:00Z,2026-09-24T16:30:00Z,6
1946058,South,PATIALA,GURU NANAK NAGAR,Unplanned,Closed,2026-09-24T16:20:00Z,2026-09-24T17:30:00Z,70
1946045,Central,CITY WEST LUDHIANA,HOUSEFED,Planned,Closed,2026-09-24T16:15:35Z,2026-09-24T16:59:37Z,44
1946049,West,BATHINDA,JUJHAR SINGH NAGAR,Unplanned,Closed,2026-09-24T16:15:00Z,2026-09-24T17:40:00Z,85
1946044,South,SANGRUR,11 KV UPS PHULAD,Unplanned,Closed,2026-09-24T16:12:44Z,2026-09-24T17:43:11Z,90
1946043,South,SANGRUR,PULAD NEW,Unplanned,Closed,2026-09-24T16:12:11Z,2026-09-24T17:43:27Z,91
1946048,Border,TARN TARAN,Baba Bakala,Unplanned,Closed,2026-09-24T16:10:00Z,2026-09-24T16:45:00Z,35
1946041,North,JALANDHAR,11 kv central town,Unplanned,Closed,2026-09-24T16:05:42Z,2026-09-24T16:50:47Z,45
1946040,East,MOHALI,INDUSTRIAL I,Unplanned,Closed,2026-09-24T16:04:00Z,2026-09-24T17:00:00Z,56
1946046,South,BARNALA,ALLI KE UPS,Unplanned,Closed,2026-09-24T16:03:00Z,2026-09-24T18:10:00Z,127
1946036,South,SANGRUR,BABA JEET SINGH WALA,Unplanned,Closed,2026-09-24T16:02:44Z,2026-09-24T17:32:58Z,90
1946042,Border,CITY AMRITSAR,Tilak Nagar,Unplanned,Closed,2026-09-24T16:02:33Z,2026-09-24T16:27:17Z,24
1946039,Border,GURDASPUR,THEKERIWAL,Unplanned,Closed,2026-09-24T16:02:00Z,2026-09-24T17:10:00Z,68
1946037,South,SANGRUR,SUB STATION TRANSFORMER BAKSHIWA,Planned,Closed,2026-09-24T16:01:00Z,2026-09-24T16:36:00Z,35
1946035,North,JALANDHAR,CHAMIARA,Unplanned,Closed,2026-09-24T16:00:00Z,2026-09-24T16:20:00Z,20
1946038,East,ROPAR,BHAINI,Unplanned,Closed,2026-09-24T15:55:00Z,2026-09-24T16:15:12Z,20
1946033,North,HOSHIARPUR,Salwara,Unplanned,Closed,2026-09-24T15:53:00Z,2026-09-24T16:48:00Z,55
1946030,South,SANGRUR,BABA JEET SINGH WALA,Unplanned,Closed,2026-09-24T15:52:14Z,2026-09-24T15:52:27Z,0
1946047,Border,TARN TARAN,KOT MEHTAB URBAN,Unplanned,Closed,2026-09-24T15:50:00Z,2026-09-24T18:01:00Z,131
1946034,West,MUKATSAR,11 KV SITO,Unplanned,Closed,2026-09-24T15:50:00Z,2026-09-24T16:54:00Z,64
1946032,East,Zirakpur,ZIRAKPUR-1,Planned,Closed,2026-09-24T15:47:00Z,2026-09-24T17:09:00Z,82
1946029,West,BATHINDA,11 KV NEW URBAN BARETA,Planned,Closed,2026-09-24T15:45:00Z,2026-09-24T16:35:00Z,50
1946031,North,HOSHIARPUR,HARKOWAL,Unplanned,Closed,2026-09-24T15:40:00Z,2026-09-24T16:40:00Z,60
1946025,East,MOHALI,Nirankari feeder,Unplanned,Closed,2026-09-24T15:35:03Z,2026-09-24T16:22:49Z,47
1946027,Border,TARN TARAN,MEHTA URBAN-I,Unplanned,Closed,2026-09-24T15:32:27Z,2026-09-24T16:20:57Z,48
1946026,Border,TARN TARAN,MEHTA URBAN-I,Unplanned,Closed,2026-09-24T15:32:27Z,2026-09-24T16:20:57Z,48
1946024,East,Zirakpur,AGRO DUTCH,Unplanned,Closed,2026-09-24T15:30:00Z,2026-09-24T16:21:00Z,51
1946023,Central,KHANNA,11 KV MODEL TOWN,Unplanned,Closed,2026-09-24T15:30:00Z,2026-09-24T16:20:00Z,50
1946028,West,FARIDKOT,11 KV SMADH BHAI-CAT-01,Planned,Closed,2026-09-24T15:24:00Z,2026-09-24T17:05:00Z,101
1946020,Central,CITY WEST LUDHIANA,E Block,Planned,Closed,2026-09-24T15:23:57Z,2026-09-24T15:31:11Z,7
1946021,East,MOHALI,11KV MANANA,Unplanned,Closed,2026-09-24T15:20:16Z,2026-09-24T15:42:32Z,22
1946018,West,MUKATSAR,dhani shaffi,Unplanned,Closed,2026-09-24T15:20:00Z,2026-09-24T16:38:26Z,78
1946016,South,SANGRUR,Bhullerheri,Planned,Closed,2026-09-24T15:17:00Z,2026-09-24T15:57:00Z,40
1946022,South,BARNALA,Chaunke UPS,Unplanned,Closed,2026-09-24T15:15:00Z,2026-09-24T16:20:00Z,65
1946019,South,BARNALA,MEHAL KHURAD UPS,Planned,Closed,2026-09-24T15:15:00Z,2026-09-24T15:50:00Z,35
1946015,Central,CITY EAST LUDHIANA,SANTOKH NAGAR,Unplanned,Closed,2026-09-24T15:15:00Z,2026-09-24T16:50:00Z,95
1946011,North,JALANDHAR,MARKETER,Unplanned,Closed,2026-09-24T15:06:00Z,2026-09-24T15:24:00Z,18
1946017,North,HOSHIARPUR,Bihala,Unplanned,Closed,2026-09-24T15:05:00Z,2026-09-24T15:40:00Z,35
1946010,West,MUKATSAR,11 KV Dharampura,Planned,Closed,2026-09-24T15:01:21Z,2026-09-24T16:59:33Z,118
1946009,West,MUKATSAR,11 KV SAIDANWALI,Planned,Closed,2026-09-24T15:00:50Z,2026-09-24T16:59:00Z,118
1946014,North,KAPURTHALA,UPS KAMALPUR,Unplanned,Closed,2026-09-24T15:00:00Z,2026-09-24T15:40:00Z,40
1946012,North,HOSHIARPUR,Soosa,Unplanned,Closed,2026-09-24T15:00:00Z,2026-09-24T16:42:00Z,102
1946007,Border,GURDASPUR,Dalia,Unplanned,Closed,2026-09-24T15:00:00Z,2026-09-24T16:38:00Z,98
1946006,Border,GURDASPUR,Manj,Unplanned,Closed,2026-09-24T15:00:00Z,2026-09-24T16:38:00Z,98
1946005,Border,GURDASPUR,Gujran Lahri,Unplanned,Closed,2026-09-24T15:00:00Z,2026-09-24T15:13:00Z,13
1946004,South,SANGRUR,11 KV PEERKHANA ROAD AP,Unplanned,Closed,2026-09-24T14:59:14Z,2026-09-24T15:48:40Z,49
1946013,South,PATIALA,11KV Chandni Chownk,Unplanned,Closed,2026-09-24T14:57:00Z,2026-09-24T15:15:00Z,18
1946003,East,MOHALI,MOHIKALAN UPS,Unplanned,Closed,2026-09-24T14:52:55Z,2026-09-24T15:01:45Z,8
1946002,Border,GURDASPUR,Kiari,Unplanned,Closed,2026-09-24T14:50:00Z,2026-09-24T15:23:00Z,33
1946001,South,PATIALA,GURU NANAK NAGAR,Unplanned,Closed,2026-09-24T14:46:00Z,2026-09-24T16:15:00Z,89
1946000,Border,GURDASPUR,ARYA NAGAR,Unplanned,Closed,2026-09-24T14:45:00Z,2026-09-24T16:21:00Z,96
1945999,Border,GURDASPUR,CITY-3,Unplanned,Closed,2026-09-24T14:45:00Z,2026-09-24T16:21:00Z,96
1945997,Border,GURDASPUR,City Thana,Unplanned,Closed,2026-09-24T14:45:00Z,2026-09-24T16:21:00Z,96
1945998,Central,KHANNA,kherinoudhsingh,Unplanned,Closed,2026-09-24T14:44:00Z,2026-09-24T16:27:00Z,103
1946008,East,ROPAR,MUNDI KHARAR,Unplanned,Closed,2026-09-24T14:40:00Z,2026-09-24T15:30:00Z,50
1945992,South,SANGRUR,Tibba AP (KT),Planned,Closed,2026-09-24T14:25:00Z,2026-09-24T16:45:00Z,140
1945996,North,JALANDHAR,LADHAYWALI,Unplanned,Closed,2026-09-24T14:23:00Z,2026-09-24T14:44:00Z,21
1945993,Border,SUB URBAN AMRITSAR,RANJIT AVENUE,Unplanned,Closed,2026-09-24T14:23:00Z,2026-09-24T15:00:00Z,37
1945995,East,MOHALI,11KV DHARAMGARH UPS,Unplanned,Closed,2026-09-24T14:16:23Z,2026-09-24T14:33:04Z,16
1945990,West,MUKATSAR,CANT ROAD,Unplanned,Closed,2026-09-24T14:13:00Z,2026-09-24T15:37:00Z,84
1945994,East,MOHALI,SEC-70,Unplanned,Closed,2026-09-24T14:10:41Z,2026-09-24T15:40:57Z,90
1945991,North,HOSHIARPUR,HARIANA,Planned,Closed,2026-09-24T14:10:00Z,2026-09-24T15:48:00Z,98
1945989,Central,CITY WEST LUDHIANA,JAWADDI,Planned,Closed,2026-09-24T14:09:53Z,2026-09-24T14:40:00Z,30
1945847,North,HOSHIARPUR,Sutehri Road,Planned,Closed,2026-09-24T14:05:00Z,2026-09-24T16:45:00Z,160
1945988,South,PATIALA,Ghalaudi Gate,Unplanned,Closed,2026-09-24T14:01:00Z,2026-09-24T14:20:00Z,19
1945987,East,Zirakpur,MES,Unplanned,Closed,2026-09-24T14:00:00Z,2026-09-24T15:00:00Z,60
1945985,North,NAWANSHAHR,BHADDI,Unplanned,Closed,2026-09-24T13:50:00Z,2026-09-24T15:40:00Z,110
1945979,South,SANGRUR,Nagar khera,Unplanned,Closed,2026-09-24T13:40:39Z,2026-09-24T14:25:50Z,45
1945980,South,SANGRUR,UPS GULARI,Unplanned,Closed,2026-09-24T13:40:38Z,2026-09-24T14:10:48Z,30
1945984,South,PATIALA,rajpura,Unplanned,Closed,2026-09-24T13:40:00Z,2026-09-24T14:10:00Z,30
1945982,North,KAPURTHALA,UPS KAMALPUR,Unplanned,Closed,2026-09-24T13:40:00Z,2026-09-24T14:30:00Z,50
1945978,South,PATIALA,GURBAX COLONY NO.-1,Unplanned,Closed,2026-09-24T13:38:00Z,2026-09-24T14:28:00Z,50
1945983,South,SANGRUR,Rajindrapuri,Unplanned,Closed,2026-09-24T13:35:00Z,2026-09-24T14:07:36Z,32
1945977,West,BATHINDA,PUCCA KALAN,Unplanned,Closed,2026-09-24T13:33:37Z,2026-09-24T15:03:45Z,90
1945972,Border,SUB URBAN AMRITSAR,"D-block, GAD avenue",Unplanned,Closed,2026-09-24T13:22:00Z,2026-09-24T14:15:00Z,53
1945971,South,BARNALA,MALERKOTLA UPS,Planned,Closed,2026-09-24T13:20:28Z,2026-09-24T15:10:36Z,110
1945976,South,BARNALA,INDUSTRIAL RATOLAN,Unplanned,Closed,2026-09-24T13:15:00Z,2026-09-24T14:00:02Z,45
1945975,North,JALANDHAR,Nanak Nagri,Planned,Closed,2026-09-24T13:15:00Z,2026-09-24T16:35:00Z,200
1945974,South,SANGRUR,City-II,Unplanned,Closed,2026-09-24T13:15:00Z,2026-09-24T14:41:00Z,86
1945973,Border,TARN TARAN,Fatehabad Urban .,Unplanned,Closed,2026-09-24T13:15:00Z,2026-09-24T13:40:00Z,25
1945967,South,SANGRUR,MODEL TOWN URBAN,Planned,Closed,2026-09-24T13:14:58Z,2026-09-24T13:55:25Z,40
1945968,North,JALANDHAR,SUTLAJ,Unplanned,Closed,2026-09-24T13:08:00Z,2026-09-24T13:30:00Z,22
1945970,North,HOSHIARPUR,Bihala,Unplanned,Closed,2026-09-24T13:05:00Z,2026-09-24T13:40:00Z,35
1945969,West,BATHINDA,MODEL TOWN PHASE -1,Planned,Closed,2026-09-24T13:05:00Z,2026-09-24T13:18:00Z,13
1945966,East,ROPAR,JHANDIAN,Unplanned,Closed,2026-09-24T13:05:00Z,2026-09-24T13:25:27Z,20
1945965,North,JALANDHAR,New Defence Colony,Unplanned,Closed,2026-09-24T13:01:00Z,2026-09-24T13:13:00Z,12
1945981,Border,SUB URBAN AMRITSAR,11 KV PASSPORT OFFICE,Unplanned,Closed,2026-09-24T13:00:00Z,2026-09-24T14:32:00Z,92
1945722,Border,CITY AMRITSAR,Guru Nanak Dev Hospital,Planned,Closed,2026-09-24T13:00:00Z,2026-09-24T18:15:00Z,315
1945964,North,HOSHIARPUR,11KV MAKOWAL,Unplanned,Closed,2026-09-24T12:58:00Z,2026-09-24T13:15:00Z,17
1945963,Border,GURDASPUR,City-2,Unplanned,Closed,2026-09-24T12:54:00Z,2026-09-24T13:22:00Z,28
1945962,Border,GURDASPUR,Coco Cola ( Wave Beverages ),Unplanned,Closed,2026-09-24T12:54:00Z,2026-09-24T13:22:00Z,28
1945959,Central,CITY WEST LUDHIANA,JAWADDI,Planned,Closed,2026-09-24T12:32:13Z,2026-09-24T13:02:00Z,29
1945958,Border,SUB URBAN AMRITSAR,KOTLA SULTAN SINGH UPS,Planned,Closed,2026-09-24T12:23:21Z,2026-09-24T14:31:00Z,127
1945956,North,HOSHIARPUR,RUPOWAL,Unplanned,Closed,2026-09-24T12:20:00Z,2026-09-24T13:08:00Z,48
1945955,South,SANGRUR,11 KV Urban Truck Union Road,Unplanned,Closed,2026-09-24T12:16:00Z,2026-09-24T12:42:00Z,26
1945957,North,JALANDHAR,KLARWARA GATE,Unplanned,Closed,2026-09-24T12:15:00Z,2026-09-24T13:05:00Z,50
1945952,South,BARNALA,Himtana,Planned,Closed,2026-09-24T12:05:00Z,2026-09-24T19:10:00Z,425
1945951,South,BARNALA,11 kv Faijgarh,Planned,Closed,2026-09-24T12:05:00Z,2026-09-24T19:10:00Z,425
1945950,South,BARNALA,ADAMWAL,Planned,Closed,2026-09-24T12:05:00Z,2026-09-24T19:10:00Z,425
1945947,South,BARNALA,SADOPUR,Planned,Closed,2026-09-24T12:05:00Z,2026-09-24T19:10:00Z,425
1945954,South,PATIALA,Vikas Colony,Unplanned,Closed,2026-09-24T12:04:00Z,2026-09-24T14:30:00Z,146
1945948,South,SANGRUR,BADRUKHAN,Unplanned,Closed,2026-09-24T12:01:56Z,2026-09-24T13:33:09Z,91
1945949,South,SANGRUR,CHANGAL,Unplanned,Closed,2026-09-24T12:01:33Z,2026-09-24T13:33:45Z,92
1945946,South,PATIALA,Vikas Colony,Unplanned,Closed,2026-09-24T12:01:01Z,2026-09-24T14:30:12Z,149
1945961,Border,SUB URBAN AMRITSAR,HOUSING BOARD COLONY,Unplanned,Closed,2026-09-24T12:00:00Z,2026-09-24T13:00:00Z,60
1945960,Border,SUB URBAN AMRITSAR,C-BLOCK RANJIT AVENUE,Unplanned,Closed,2026-09-24T12:00:00Z,2026-09-24T13:00:00Z,60
1945939,South,SANGRUR,UPS Guru Nanak Nagar,Planned,Closed,2026-09-24T11:59:50Z,2026-09-24T20:45:03Z,525
1945945,Central,CITY EAST LUDHIANA,TRIVENI,Unplanned,Closed,2026-09-24T11:58:00Z,2026-09-24T12:35:00Z,37
1945944,Central,CITY EAST LUDHIANA,RAM NAGAR Feeder,Unplanned,Closed,2026-09-24T11:58:00Z,2026-09-24T12:35:00Z,37
1945943,Border,GURDASPUR,City-1,Unplanned,Closed,2026-09-24T11:57:00Z,2026-09-24T12:33:00Z,36
1945942,Border,GURDASPUR,CITY-3,Unplanned,Closed,2026-09-24T11:57:00Z,2026-09-24T12:33:00Z,36
1945941,Border,GURDASPUR,ARYA NAGAR,Unplanned,Closed,2026-09-24T11:57:00Z,2026-09-24T12:33:00Z,36
1945953,Border,TARN TARAN,Darbar Sahib,Unplanned,Closed,2026-09-24T11:55:00Z,2026-09-24T12:55:00Z,60
1945938,Border,CITY AMRITSAR,Cheel Mandi,Planned,Closed,2026-09-24T11:55:00Z,2026-09-24T13:30:15Z,95
1945931,Central,KHANNA,RURKI UPS,Planned,Closed,2026-09-24T11:48:00Z,2026-09-24T13:42:00Z,114
1945935,South,SANGRUR,New Bus Stand wala,Unplanned,Closed,2026-09-24T11:47:10Z,2026-09-24T12:33:27Z,46
1945940,Border,GURDASPUR,24Hrs U.P.S. KOTLA CHAHAL,Unplanned,Closed,2026-09-24T11:45:00Z,2026-09-24T16:45:00Z,300
1945937,North,HOSHIARPUR,Patti,Unplanned,Closed,2026-09-24T11:45:00Z,2026-09-24T12:10:00Z,25
1945934,West,MUKATSAR,11 KV Alamgarh,Unplanned,Closed,2026-09-24T11:43:57Z,2026-09-24T12:06:10Z,22
1945933,West,MUKATSAR,11 KV GANGA NAGAR ROAD,Unplanned,Closed,2026-09-24T11:43:27Z,2026-09-24T12:06:44Z,23
1945936,Border,SUB URBAN AMRITSAR,KAMBO,Unplanned,Closed,2026-09-24T11:40:00Z,2026-09-24T12:55:00Z,75
1945930,Central,SUB URBAN LUDHIANA,City No-3  Maloud,Unplanned,Closed,2026-09-24T11:28:00Z,2026-09-24T11:54:00Z,26
1945929,West,MUKATSAR,11 KV Dharampura,Planned,Closed,2026-09-24T11:27:31Z,2026-09-24T12:31:40Z,64
1945928,West,MUKATSAR,11 KV SAIDANWALI,Planned,Closed,2026-09-24T11:27:08Z,2026-09-24T12:31:22Z,64
1945932,East,ROPAR,TIBBA TAPPRIAN,Unplanned,Closed,2026-09-24T11:25:00Z,2026-09-24T13:20:26Z,115
1945927,South,PATIALA,jiwan complex,Unplanned,Closed,2026-09-24T11:25:00Z,2026-09-24T12:40:00Z,75
1945924,Central,CITY WEST LUDHIANA,E Block,Planned,Closed,2026-09-24T11:20:33Z,2026-09-24T13:00:26Z,99
1945923,Central,CITY WEST LUDHIANA,HOUSEFED,Planned,Closed,2026-09-24T11:20:33Z,2026-09-24T12:55:00Z,94
1945922,Central,CITY WEST LUDHIANA,B.V.M.,Planned,Closed,2026-09-24T11:20:33Z,2026-09-24T12:55:59Z,95
1945921,Central,CITY WEST LUDHIANA,CENTRA GREENS,Planned,Closed,2026-09-24T11:20:33Z,2026-09-24T12:55:15Z,94
1945925,Border,SUB URBAN AMRITSAR,CIVIL LINE DUPLICATE,Unplanned,Closed,2026-09-24T11:19:00Z,2026-09-24T14:15:00Z,176
1945919,North,JALANDHAR,Shivaji Nagar,Unplanned,Closed,2026-09-24T11:16:00Z,2026-09-24T11:32:00Z,16
1945920,North,KAPURTHALA,Nirmal Kutiya,Planned,Closed,2026-09-24T11:15:00Z,2026-09-24T13:02:00Z,107
1945917,Border,CITY AMRITSAR,Head Water Works Road,Unplanned,Closed,2026-09-24T11:14:00Z,2026-09-24T12:05:00Z,51
1945918,South,PATIALA,Anardana,Unplanned,Closed,2026-09-24T11:12:00Z,2026-09-24T11:40:00Z,28
1945926,North,KAPURTHALA,UPS DALLA,Planned,Closed,2026-09-24T11:05:00Z,2026-09-24T11:25:00Z,20
1945916,West,FEROZPUR,Amritsari Gate,Planned,Closed,2026-09-24T10:57:00Z,2026-09-24T11:56:00Z,59
1945914,Border,SUB URBAN AMRITSAR,KARAM PURA,Unplanned,Closed,2026-09-24T10:57:00Z,2026-09-24T12:30:00Z,93
1945915,Border,CITY AMRITSAR,11Kv Navdeep Theatre,Unplanned,Closed,2026-09-24T10:55:00Z,2026-09-24T13:20:00Z,145
1945912,North,JALANDHAR,SEMI,Unplanned,Closed,2026-09-24T10:55:00Z,2026-09-24T12:42:00Z,107
1945911,Border,TARN TARAN,JAWANDY,Unplanned,Closed,2026-09-24T10:50:00Z,2026-09-24T12:05:00Z,75
1945910,North,KAPURTHALA,DHUGGAR,Unplanned,Closed,2026-09-24T10:50:00Z,2026-09-24T12:05:00Z,75
1945909,Border,TARN TARAN,SHERON UPS,Unplanned,Closed,2026-09-24T10:50:00Z,2026-09-24T12:05:00Z,75
1945906,South,SANGRUR,11 KV HEERO KALAN UPS,Planned,Closed,2026-09-24T10:47:00Z,2026-09-24T13:15:00Z,148
1945905,Central,CITY WEST LUDHIANA,URBAN ESTATE PH-2,Planned,Closed,2026-09-24T10:46:30Z,2026-09-24T11:30:00Z,43
1945904,Central,CITY WEST LUDHIANA,A W H O,Planned,Closed,2026-09-24T10:46:30Z,2026-09-24T11:30:00Z,43
1945908,North,JALANDHAR,11 KV D.A.V,Planned,Closed,2026-09-24T10:45:00Z,2026-09-24T13:05:00Z,140
1945901,West,MUKATSAR,11 KV RAJPURA,Unplanned,Closed,2026-09-24T10:43:00Z,2026-09-24T11:43:16Z,60
1945900,West,MUKATSAR,11 KV KULAR,Unplanned,Closed,2026-09-24T10:43:00Z,2026-09-24T11:43:00Z,60
1945913,South,BARNALA,LOHATBADDI CAT.1,Unplanned,Closed,2026-09-24T10:40:00Z,2026-09-24T11:30:00Z,50
1945907,East,ROPAR,BHAINI,Unplanned,Closed,2026-09-24T10:40:00Z,2026-09-24T10:55:00Z,15
1945903,North,KAPURTHALA,URBAN LOHIAN,Planned,Closed,2026-09-24T10:40:00Z,2026-09-24T11:43:00Z,63
1945902,North,HOSHIARPUR,RAMPUR,Unplanned,Closed,2026-09-24T10:40:00Z,2026-09-24T11:50:00Z,70
1945897,South,SANGRUR,Sherpur AP (KT),Unplanned,Closed,2026-09-24T10:35:00Z,2026-09-24T12:04:00Z,89
1945895,Central,CITY EAST LUDHIANA,SHINGAR,Unplanned,Closed,2026-09-24T10:31:00Z,2026-09-24T11:25:00Z,54
1945896,East,MOHALI,MOHIKALAN UPS,Unplanned,Closed,2026-09-24T10:25:00Z,2026-09-24T11:00:00Z,35
1945899,North,KAPURTHALA,URBAN Hamira,Unplanned,Closed,2026-09-24T10:20:00Z,2026-09-24T11:15:00Z,55
1945898,Border,TARN TARAN,KADD GILL UPS,Unplanned,Closed,2026-09-24T10:20:00Z,2026-09-24T11:30:00Z,70
1945894,East,MOHALI,11 KV CHADIALA UPS,Planned,Closed,2026-09-24T10:20:00Z,2026-09-24T10:40:00Z,20
1945893,North,KAPURTHALA,UPS SUJOKALIA,Unplanned,Closed,2026-09-24T10:20:00Z,2026-09-24T10:54:00Z,34
1945888,South,PATIALA,UPS RAIPUR,Unplanned,Closed,2026-09-24T10:15:00Z,2026-09-24T12:40:00Z,145
1945889,Border,GURDASPUR,Azizpur,Unplanned,Closed,2026-09-24T10:10:00Z,2026-09-24T10:28:00Z,18
1945886,West,FARIDKOT,11KV Chehal UPS,Unplanned,Closed,2026-09-24T10:08:00Z,2026-09-24T11:16:00Z,68
1945887,North,KAPURTHALA,URBAN Mandi Road NURMAHAL,Planned,Closed,2026-09-24T10:05:00Z,2026-09-24T10:25:00Z,20
1945884,North,KAPURTHALA,UPS GURSAR,Unplanned,Closed,2026-09-24T10:05:00Z,2026-09-24T10:45:00Z,40
1945892,East,ROPAR,Asmanpur,Unplanned,Closed,2026-09-24T10:03:00Z,2026-09-24T10:33:00Z,30
1945880,South,SANGRUR,Khokhar UPS,Unplanned,Closed,2026-09-24T10:00:36Z,2026-09-24T12:08:33Z,127
1945891,Border,SUB URBAN AMRITSAR,GAURI SHANKAR,Unplanned,Closed,2026-09-24T10:00:00Z,2026-09-24T11:40:00Z,100
1945885,North,HOSHIARPUR,PURHIRAN URBAN,Planned,Closed,2026-09-24T10:00:00Z,2026-09-24T13:25:00Z,205
1945868,South,BARNALA,Chappa UPS,Planned,Closed,2026-09-24T10:00:00Z,2026-09-24T17:30:00Z,450
1945881,Border,SUB URBAN AMRITSAR,SADAR BAZAR CANTT,Unplanned,Closed,2026-09-24T09:56:00Z,2026-09-24T10:30:00Z,34
1945876,Border,SUB URBAN AMRITSAR,UPS JAHNJOTI,Unplanned,Closed,2026-09-24T09:53:00Z,2026-09-24T11:00:00Z,67
1945890,Border,SUB URBAN AMRITSAR,DADDIAN UPS,Unplanned,Closed,2026-09-24T09:50:00Z,2026-09-24T11:05:00Z,75
1945879,Border,SUB URBAN AMRITSAR,KAMBO,Unplanned,Closed,2026-09-24T09:50:00Z,2026-09-24T11:20:00Z,90
1945878,Border,SUB URBAN AMRITSAR,GURU NANAKPURA,Unplanned,Closed,2026-09-24T09:50:00Z,2026-09-24T11:20:00Z,90
1945875,North,HOSHIARPUR,MASTIWAL,Unplanned,Closed,2026-09-24T09:45:00Z,2026-09-24T10:20:00Z,35
1945883,Border,SUB URBAN AMRITSAR,MAPHILL,Unplanned,Closed,2026-09-24T09:40:00Z,2026-09-24T11:15:00Z,95
1945882,Border,SUB URBAN AMRITSAR,HARSHA CHHINA UPS,Unplanned,Closed,2026-09-24T09:40:00Z,2026-09-24T11:00:00Z,80
1945877,Central,CITY EAST LUDHIANA,SHINGAR,Unplanned,Closed,2026-09-24T09:39:00Z,2026-09-24T10:30:00Z,51
1945874,Border,GURDASPUR,Kahnuwan City,Unplanned,Closed,2026-09-24T09:36:00Z,2026-09-24T10:11:00Z,35
1945871,Border,SUB URBAN AMRITSAR,Byepas Verka,Unplanned,Closed,2026-09-24T09:33:00Z,2026-09-24T10:05:00Z,32
1945870,East,ROPAR,PLATA,Unplanned,Closed,2026-09-24T09:23:00Z,2026-09-24T10:20:00Z,57
1945865,Border,SUB URBAN AMRITSAR,BABA SHRI CHAND AVNUE,Unplanned,Closed,2026-09-24T09:22:00Z,2026-09-24T10:00:00Z,38
1945873,Border,SUB URBAN AMRITSAR,AIR FORCE STATION,Unplanned,Closed,2026-09-24T09:20:00Z,2026-09-24T10:25:00Z,65
1945872,Border,SUB URBAN AMRITSAR,NAWAN ADDA RAJA SANSI,Unplanned,Closed,2026-09-24T09:20:00Z,2026-09-24T12:55:00Z,215
1945869,Border,SUB URBAN AMRITSAR,RADDISON,Unplanned,Closed,2026-09-24T09:20:00Z,2026-09-24T11:20:00Z,120
1945867,Border,GURDASPUR,BHORA SAHIB,Unplanned,Closed,2026-09-24T09:20:00Z,2026-09-24T09:45:00Z,25
1945866,South,SANGRUR,11 KV Rambagh,Unplanned,Closed,2026-09-24T09:18:00Z,2026-09-24T16:42:00Z,444
1945864,West,FARIDKOT,Nigaha Road,Unplanned,Closed,2026-09-24T09:11:21Z,2026-09-24T09:31:57Z,20
1945863,West,FARIDKOT,CIVIL HOSPITAL,Unplanned,Closed,2026-09-24T09:11:21Z,2026-09-24T09:31:45Z,20
1945859,Central,CITY WEST LUDHIANA,LOHARA,Unplanned,Closed,2026-09-24T08:57:14Z,2026-09-24T09:27:20Z,30
1945858,West,MUKATSAR,PANJKOSI,Unplanned,Closed,2026-09-24T08:52:45Z,2026-09-24T09:58:52Z,66
1945861,South,PATIALA,Focal Point-II,Unplanned,Closed,2026-09-24T08:52:00Z,2026-09-24T10:30:00Z,98
1945862,South,SANGRUR,11 KV UPS HAMJHERI,Unplanned,Closed,2026-09-24T08:50:00Z,2026-09-24T12:25:00Z,215
1945860,South,PATIALA,UPS TUNGA,Unplanned,Closed,2026-09-24T08:50:00Z,2026-09-24T09:32:00Z,42
1945854,South,SANGRUR,Tibian Wali,Unplanned,Closed,2026-09-24T08:48:29Z,2026-09-24T09:03:43Z,15
1945855,North,HOSHIARPUR,PAKHOWAL,Unplanned,Closed,2026-09-24T08:45:00Z,2026-09-24T09:10:00Z,25
1945856,Border,GURDASPUR,Sarna,Unplanned,Closed,2026-09-24T08:40:00Z,2026-09-24T10:10:00Z,90
1945852,West,MUKATSAR,11 KV Ganganagar Road,Unplanned,Closed,2026-09-24T08:35:04Z,2026-09-24T09:02:04Z,27
1945851,West,MUKATSAR,11 KV Punjava Model,Unplanned,Closed,2026-09-24T08:35:04Z,2026-09-24T09:02:04Z,27
1945850,West,MUKATSAR,11 KALLER KHERA,Unplanned,Closed,2026-09-24T08:35:04Z,2026-09-24T09:02:04Z,27
1945849,West,MUKATSAR,JANDWALA HANUWANTA,Unplanned,Closed,2026-09-24T08:35:04Z,2026-09-24T09:02:04Z,27
1945845,South,SANGRUR,24 HRS. GHAMOORGHAT,Unplanned,Closed,2026-09-24T08:33:08Z,2026-09-24T10:20:16Z,107
1945844,North,JALANDHAR,JULKA ESTATE,Unplanned,Closed,2026-09-24T08:33:00Z,2026-09-24T08:44:00Z,11
1945842,East,MOHALI,LOGISTIC,Unplanned,Closed,2026-09-24T08:30:04Z,2026-09-24T09:55:00Z,84
1945841,East,MOHALI,MOHIKALAN UPS,Unplanned,Closed,2026-09-24T08:30:04Z,2026-09-24T09:55:00Z,84
1945857,Border,SUB URBAN AMRITSAR,BAL SACHANDER,Unplanned,Closed,2026-09-24T08:30:00Z,2026-09-24T11:30:00Z,180
1945848,North,HOSHIARPUR,Bihala,Unplanned,Closed,2026-09-24T08:30:00Z,2026-09-24T09:10:00Z,40
1945853,Border,TARN TARAN,KAROWAL,Unplanned,Closed,2026-09-24T08:22:00Z,2026-09-24T10:15:00Z,113
1945836,North,KAPURTHALA,KHOJEWAL,Unplanned,Closed,2026-09-24T08:19:18Z,2026-09-24T09:20:39Z,61
1945840,South,PATIALA,FRIENDS COLONY,Unplanned,Closed,2026-09-24T08:19:00Z,2026-09-24T10:04:00Z,105
1945839,South,SANGRUR,Haryou UPS,Unplanned,Closed,2026-09-24T08:16:00Z,2026-09-24T09:05:00Z,49
1945838,North,JALANDHAR,11KV CHANDAN NAGAR,Unplanned,Closed,2026-09-24T08:15:00Z,2026-09-24T08:28:00Z,13
1945837,Central,CITY EAST LUDHIANA,MADHO PURI,Unplanned,Closed,2026-09-24T08:15:00Z,2026-09-24T09:00:00Z,45
1945835,Border,SUB URBAN AMRITSAR,G.T.Road,Unplanned,Closed,2026-09-24T08:05:24Z,2026-09-24T09:05:22Z,59
1945832,East,Zirakpur,ROYAL ESTATE,Unplanned,Closed,2026-09-24T07:59:00Z,2026-09-24T08:48:00Z,49
1945846,East,MOHALI,11KV 82 ALPHA,Unplanned,Closed,2026-09-24T07:57:42Z,2026-09-24T09:24:00Z,86
1945833,North,JALANDHAR,NEW MODEL TOWN,Unplanned,Closed,2026-09-24T07:56:00Z,2026-09-24T08:35:00Z,39
1945831,Border,GURDASPUR,Sathiali 24 hrs.,Unplanned,Closed,2026-09-24T07:55:00Z,2026-09-24T09:25:00Z,90
1945830,Border,GURDASPUR,Roranwali 24 hrs.,Unplanned,Closed,2026-09-24T07:55:00Z,2026-09-24T09:25:00Z,90
1945829,Border,GURDASPUR,Kahnuwan City,Unplanned,Closed,2026-09-24T07:55:00Z,2026-09-24T09:25:00Z,90
1945834,East,ROPAR,Kansala,Unplanned,Closed,2026-09-24T07:50:00Z,2026-09-24T08:30:00Z,40
1945828,North,HOSHIARPUR,NANGAL BIHALAN,Unplanned,Closed,2026-09-24T07:40:00Z,2026-09-24T07:55:00Z,15
1945843,East,MOHALI,KHERIGURNA AP,Unplanned,Closed,2026-09-24T07:30:00Z,2026-09-24T09:25:00Z,115
1945826,East,ROPAR,MUKARI,Unplanned,Closed,2026-09-24T07:24:00Z,2026-09-24T07:44:00Z,20
1945827,West,FARIDKOT,11 KV MOGA ROAD CAT-02,Unplanned,Closed,2026-09-24T07:20:00Z,2026-09-24T09:10:00Z,110
1945824,North,JALANDHAR,KHURLA KINGRA,Unplanned,Closed,2026-09-24T07:11:14Z,2026-09-24T07:54:31Z,43
1945823,South,PATIALA,Urban Estate Phase -4,Unplanned,Closed,2026-09-24T07:03:00Z,2026-09-24T07:17:00Z,14
1945822,South,PATIALA,URBAN ESTATE,Unplanned,Closed,2026-09-24T07:03:00Z,2026-09-24T07:17:00Z,14
1945821,South,PATIALA,DEELWAL,Unplanned,Closed,2026-09-24T07:03:00Z,2026-09-24T07:17:00Z,14
1945820,South,PATIALA,FRIENDS COLONY,Unplanned,Closed,2026-09-24T07:03:00Z,2026-09-24T07:17:00Z,14
1945819,South,PATIALA,PROFESSOR COLONY,Unplanned,Closed,2026-09-24T07:03:00Z,2026-09-24T07:17:00Z,14
1945818,South,PATIALA,DAV FEEDER,Unplanned,Closed,2026-09-24T07:03:00Z,2026-09-24T07:17:00Z,14
1945817,South,PATIALA,Rishi Colony Feeder,Unplanned,Closed,2026-09-24T07:03:00Z,2026-09-24T07:17:00Z,14
1945816,South,PATIALA,MEHTA COLONY,Unplanned,Closed,2026-09-24T07:03:00Z,2026-09-24T07:17:00Z,14
1945815,South,PATIALA,BANK FEEDER,Unplanned,Closed,2026-09-24T07:03:00Z,2026-09-24T07:17:00Z,14
1945814,South,PATIALA,ALL INDIA RADIO,Unplanned,Closed,2026-09-24T07:03:00Z,2026-09-24T07:17:00Z,14
1945813,South,PATIALA,SALARIA VIHAR,Unplanned,Closed,2026-09-24T07:03:00Z,2026-09-24T07:17:00Z,14
1945812,South,PATIALA,Panchvati Feeder,Unplanned,Closed,2026-09-24T07:03:00Z,2026-09-24T07:17:00Z,14
1945811,North,JALANDHAR,PAP,Unplanned,Closed,2026-09-24T06:50:00Z,2026-09-24T07:10:00Z,20
1945809,North,HOSHIARPUR,SUSANA,Unplanned,Closed,2026-09-24T06:45:00Z,2026-09-24T07:25:00Z,40
1945810,North,NAWANSHAHR,MALPUR,Unplanned,Closed,2026-09-24T06:40:00Z,2026-09-24T08:14:00Z,94
1945825,Border,TARN TARAN,Budha Theh,Unplanned,Closed,2026-09-24T06:31:00Z,2026-09-24T08:30:00Z,119
1945806,West,FARIDKOT,INDUSTRIAL,Unplanned,Closed,2026-09-24T06:21:50Z,2026-09-24T08:00:00Z,98
1945808,Border,GURDASPUR,ARYA NAGAR,Unplanned,Closed,2026-09-24T06:20:00Z,2026-09-24T06:35:00Z,15
1945805,North,HOSHIARPUR,UPS katrala,Unplanned,Closed,2026-09-24T06:15:00Z,2026-09-24T07:15:00Z,60
1945807,Border,GURDASPUR,City Ptk.,Unplanned,Closed,2026-09-24T06:11:00Z,2026-09-24T06:55:00Z,44
1945802,West,MUKATSAR,Badal,Unplanned,Closed,2026-09-24T06:04:00Z,2026-09-24T06:50:00Z,46
1945804,South,SANGRUR,UPS CHUNAGRA,Unplanned,Closed,2026-09-24T05:55:00Z,2026-09-24T12:45:00Z,410
1945803,North,HOSHIARPUR,KALA BAKRA shared feeder,Unplanned,Closed,2026-09-24T05:55:00Z,2026-09-24T07:45:00Z,110
1945801,Central,CITY WEST LUDHIANA,STAR ROAD FEEDER,Unplanned,Closed,2026-09-24T05:29:20Z,2026-09-24T07:15:17Z,105
1945800,West,BATHINDA,INDUSTRIAL,Unplanned,Closed,2026-09-24T05:15:00Z,2026-09-24T07:10:00Z,115
1945798,Border,GURDASPUR,City,Unplanned,Closed,2026-09-24T05:10:00Z,2026-09-24T05:50:00Z,40
1945799,South,SANGRUR,NEW BADALGARH,Unplanned,Closed,2026-09-24T05:01:00Z,2026-09-24T10:10:00Z,309
1945797,East,ROPAR,BAINS,Unplanned,Closed,2026-09-24T04:55:00Z,2026-09-24T05:15:00Z,20
1945795,Border,GURDASPUR,Sri Hargobindpur,Unplanned,Closed,2026-09-24T04:31:00Z,2026-09-24T05:55:00Z,84
1945793,Central,CITY WEST LUDHIANA,AZAD NAGAR FEEDER,Unplanned,Closed,2026-09-24T04:18:54Z,2026-09-24T04:56:26Z,37
1945792,Border,GURDASPUR,THEKERIWAL,Unplanned,Closed,2026-09-24T04:10:00Z,2026-09-24T06:05:00Z,115
1945796,South,BARNALA,Chaunke UPS,Unplanned,Closed,2026-09-24T04:09:00Z,2026-09-24T07:45:00Z,216
1945794,South,SANGRUR,24 HRS. MAHASINGHWALA,Unplanned,Closed,2026-09-24T03:45:00Z,2026-09-24T05:40:00Z,115
1945791,North,HOSHIARPUR,Bihala,Unplanned,Closed,2026-09-24T03:35:00Z,2026-09-24T05:15:00Z,100
1945790,Central,KHANNA,City-2,Unplanned,Closed,2026-09-24T03:00:00Z,2026-09-24T03:39:00Z,39
1945789,East,ROPAR,11 KV Chajjumajra,Unplanned,Closed,2026-09-24T02:40:00Z,2026-09-24T03:33:00Z,53
1945788,Border,GURDASPUR,Sri Hargobindpur,Unplanned,Closed,2026-09-24T01:10:00Z,2026-09-24T05:55:00Z,285
1945787,Central,CITY WEST LUDHIANA,WAHEGURU ROAD,Unplanned,Closed,2026-09-24T00:29:00Z,2026-09-24T01:04:29Z,35
1945786,North,JALANDHAR,Chowk Sudan,Unplanned,Closed,2026-09-23T23:53:16Z,2026-09-24T00:32:23Z,39
1945785,North,HOSHIARPUR,SANDPUR,Unplanned,Closed,2026-09-23T23:40:00Z,2026-09-24T00:15:00Z,35
1945784,Central,KHANNA,LALHERI ROAD,Unplanned,Closed,2026-09-23T23:40:00Z,2026-09-24T03:00:00Z,200
1945783,Central,CITY WEST LUDHIANA,SHIMLA PURI FEEDER,Unplanned,Closed,2026-09-23T23:27:09Z,2026-09-23T23:59:32Z,32
1945782,North,NAWANSHAHR,PANDORI,Unplanned,Closed,2026-09-23T23:08:00Z,2026-09-24T00:15:00Z,67
1945781,North,NAWANSHAHR,CITY II,Unplanned,Closed,2026-09-23T23:05:00Z,2026-09-23T23:20:00Z,15
1945779,South,PATIALA,Ghuman Nagar,Unplanned,Closed,2026-09-23T22:30:50Z,2026-09-23T22:40:50Z,10
1945778,South,PATIALA,11 KV Bhawani Polymers Focal P,Unplanned,Closed,2026-09-23T22:30:50Z,2026-09-23T22:40:50Z,10
1945777,South,PATIALA,new anaj mandi,Unplanned,Closed,2026-09-23T22:30:50Z,2026-09-23T22:40:50Z,10
1945776,South,PATIALA,Industrial Estate New,Unplanned,Closed,2026-09-23T22:30:50Z,2026-09-23T22:40:50Z,10
1945775,South,PATIALA,HARINDER NAGAR,Unplanned,Closed,2026-09-23T22:30:50Z,2026-09-23T22:40:50Z,10
1945774,South,PATIALA,Deep nagar,Unplanned,Closed,2026-09-23T22:30:50Z,2026-09-23T22:40:50Z,10
1945773,South,PATIALA,11KV EKTA NAGAR,Unplanned,Closed,2026-09-23T22:30:50Z,2026-09-23T22:40:50Z,10
1945772,South,PATIALA,11KV AZAD NAGAR,Unplanned,Closed,2026-09-23T22:30:50Z,2026-09-23T22:40:50Z,10
1945771,South,PATIALA,FOCAL POINT-IV,Unplanned,Closed,2026-09-23T22:30:50Z,2026-09-23T22:40:50Z,10
1945770,South,PATIALA,Focal Point-I,Unplanned,Closed,2026-09-23T22:30:50Z,2026-09-23T22:40:50Z,10
1945769,South,PATIALA,Focal Point-II,Unplanned,Closed,2026-09-23T22:30:50Z,2026-09-23T22:40:50Z,10
1945768,South,PATIALA,Focal Point-III,Unplanned,Closed,2026-09-23T22:30:50Z,2026-09-23T22:40:50Z,10
1945767,South,PATIALA,11KV NARENDRA ENCLAVE,Unplanned,Closed,2026-09-23T22:30:50Z,2026-09-23T22:40:50Z,10
1945766,South,PATIALA,FACTORY AREA (NEW),Unplanned,Closed,2026-09-23T22:30:50Z,2026-09-23T22:40:50Z,10
1945765,South,PATIALA,DARSHAN SINGH NAGAR,Unplanned,Closed,2026-09-23T22:30:50Z,2026-09-23T22:40:50Z,10
1945780,South,PATIALA,GOBIND BAGH,Unplanned,Closed,2026-09-23T22:30:00Z,2026-09-23T22:45:00Z,15
1945764,South,PATIALA,SIDHU COLONY,Unplanned,Closed,2026-09-23T22:22:00Z,2026-09-23T22:58:00Z,36
1945762,West,BATHINDA,BARETA City,Unplanned,Closed,2026-09-23T22:15:00Z,2026-09-23T23:25:00Z,70
1945763,East,Zirakpur,ALLWIN,Unplanned,Closed,2026-09-23T22:12:00Z,2026-09-24T00:00:00Z,108
1945761,North,JALANDHAR,11KV LAXMI PURA,Unplanned,Closed,2026-09-23T22:12:00Z,2026-09-24T00:04:48Z,112
1945759,Border,TARN TARAN,CITY 5,Unplanned,Closed,2026-09-23T22:01:00Z,2026-09-23T22:40:00Z,39
1945760,North,KAPURTHALA,UPS Sohal Khurd,Unplanned,Closed,2026-09-23T22:00:00Z,2026-09-23T22:20:00Z,20
1945758,West,MUKATSAR,CANT ROAD,Unplanned,Closed,2026-09-23T22:00:00Z,2026-09-23T22:08:49Z,8
1945756,North,KAPURTHALA,Wadala UPS,Unplanned,Closed,2026-09-23T21:41:56Z,2026-09-23T22:18:05Z,36
1945753,South,SANGRUR,SUB STATION GHANAURI KALAN,Unplanned,Closed,2026-09-23T21:20:20Z,2026-09-23T21:39:20Z,19
1945752,South,SANGRUR,New Salempur UPS,Unplanned,Closed,2026-09-23T21:20:20Z,2026-09-23T21:39:20Z,19
1945751,South,SANGRUR,BAMAL,Unplanned,Closed,2026-09-23T21:20:20Z,2026-09-23T21:39:20Z,19
1945750,South,SANGRUR,UPS Badshahpur,Unplanned,Closed,2026-09-23T21:20:20Z,2026-09-23T21:39:20Z,19
1945749,South,SANGRUR,GHANOURI KALAN C1,Unplanned,Closed,2026-09-23T21:20:20Z,2026-09-23T21:39:20Z,19
1945742,East,Zirakpur,KHANNA,Unplanned,Closed,2026-09-23T21:01:00Z,2026-09-23T22:16:00Z,75
1945740,Central,KHANNA,City-2,Unplanned,Closed,2026-09-23T21:00:00Z,2026-09-23T21:38:00Z,38
1945743,Central,KHANNA,SALANA UPS,Unplanned,Closed,2026-09-23T20:59:00Z,2026-09-23T21:17:00Z,18
1945737,North,KAPURTHALA,Wadala UPS,Unplanned,Closed,2026-09-23T20:50:35Z,2026-09-23T21:26:18Z,35
1945736,Central,KHANNA,Gobindgarh Road,Unplanned,Closed,2026-09-23T20:46:00Z,2026-09-23T22:27:00Z,101
1945731,Central,KHANNA,Solitair,Unplanned,Closed,2026-09-23T20:30:00Z,2026-09-23T21:09:00Z,39
1945729,North,NAWANSHAHR,Achan Chak,Unplanned,Closed,2026-09-23T20:22:00Z,2026-09-23T20:30:00Z,8
1945730,North,HOSHIARPUR,SUNDER NAGAR,Planned,Closed,2026-09-23T20:20:00Z,2026-09-23T20:40:00Z,20
1945732,Border,SUB URBAN AMRITSAR,City-3,Unplanned,Closed,2026-09-23T20:15:00Z,2026-09-23T21:30:00Z,75
1945728,East,Zirakpur,Bauli Sahib,Unplanned,Closed,2026-09-23T20:00:00Z,2026-09-23T20:51:00Z,51
1945721,North,HOSHIARPUR,Patti,Unplanned,Closed,2026-09-23T19:50:00Z,2026-09-23T20:40:00Z,50
1945720,East,Zirakpur,PRITHIM,Planned,Closed,2026-09-23T19:45:00Z,2026-09-23T19:55:00Z,10
1945726,Central,KHANNA,66 KV BIHARI LAL ISPAT,Unplanned,Closed,2026-09-23T19:42:09Z,2026-09-23T20:20:09Z,38
1945725,Central,KHANNA,Belco steel,Unplanned,Closed,2026-09-23T19:42:09Z,2026-09-23T20:20:09Z,38
1945724,Central,KHANNA,Bihari Lal Ispat,Unplanned,Closed,2026-09-23T19:42:09Z,2026-09-23T20:40:09Z,58
1945723,Central,KHANNA,Amloh Road,Unplanned,Closed,2026-09-23T19:42:09Z,2026-09-23T20:19:09Z,37
1945719,Central,CITY EAST LUDHIANA,Trikoni Park,Unplanned,Closed,2026-09-23T19:36:00Z,2026-09-23T21:05:00Z,89
1945717,North,HOSHIARPUR,SHIVAM HOSPITAL,Unplanned,Closed,2026-09-23T19:30:00Z,2026-09-23T21:15:00Z,105
1945715,Central,CITY EAST LUDHIANA,KOTWALI,Unplanned,Closed,2026-09-23T19:23:00Z,2026-09-23T20:02:00Z,39
1945713,East,Zirakpur,DEEPAK PIPE,Unplanned,Closed,2026-09-23T19:21:00Z,2026-09-23T19:51:00Z,30
1945716,East,ROPAR,HIYATPUR,Unplanned,Closed,2026-09-23T19:20:00Z,2026-09-23T19:57:15Z,37
1945727,Central,KHANNA,Dhiman (Regal),Unplanned,Closed,2026-09-23T19:18:00Z,2026-09-23T20:30:00Z,72
1945718,South,SANGRUR,24 HRS. CHANGALIWALA,Unplanned,Closed,2026-09-23T19:15:00Z,2026-09-23T19:40:00Z,25
1945711,North,HOSHIARPUR,ROSHAN GROUND,Unplanned,Closed,2026-09-23T19:15:00Z,2026-09-23T19:40:00Z,25
1945712,East,Zirakpur,HARMILAP NAGAR,Unplanned,Closed,2026-09-23T19:12:00Z,2026-09-23T19:58:00Z,46
1945710,Central,KHANNA,Gobindgarh Road,Unplanned,Closed,2026-09-23T19:07:00Z,2026-09-23T20:31:00Z,84
1945714,North,JALANDHAR,Dushiara Ground,Unplanned,Closed,2026-09-23T19:04:00Z,2026-09-23T20:10:00Z,66
1945705,West,MUKATSAR,11 KB BAZIDPURA,Unplanned,Closed,2026-09-23T18:53:34Z,2026-09-23T19:13:40Z,20
1945704,West,MUKATSAR,11 KV SITO,Unplanned,Closed,2026-09-23T18:53:25Z,2026-09-23T19:13:20Z,19
1945709,East,Zirakpur,11kv Dhanoni,Unplanned,Closed,2026-09-23T18:52:00Z,2026-09-23T20:00:00Z,68
1945706,South,PATIALA,UPS RAJPURA,Unplanned,Closed,2026-09-23T18:50:00Z,2026-09-23T19:05:00Z,15
1945703,Central,KHANNA,11 KV MODEL TOWN,Unplanned,Closed,2026-09-23T18:50:00Z,2026-09-23T19:25:00Z,35
1945702,Central,KHANNA,Samrala Road,Unplanned,Closed,2026-09-23T18:50:00Z,2026-09-23T19:25:00Z,35
1945701,Central,CITY EAST LUDHIANA,HIRA NAGAR,Unplanned,Closed,2026-09-23T18:40:00Z,2026-09-23T20:25:00Z,105
1945700,East,Zirakpur,HARMILAP NAGAR,Planned,Closed,2026-09-23T18:40:00Z,2026-09-23T19:05:00Z,25
1945699,East,Zirakpur,DHAKOLI,Planned,Closed,2026-09-23T18:40:00Z,2026-09-23T19:05:00Z,25
1945698,North,NAWANSHAHR,BALACHAUR CITY-3,Unplanned,Closed,2026-09-23T18:40:00Z,2026-09-23T19:40:00Z,60
1945697,Border,GURDASPUR,Gujran Lahri,Unplanned,Closed,2026-09-23T18:40:00Z,2026-09-23T18:56:00Z,16
1945696,East,Zirakpur,PATIALA ROAD,Planned,Closed,2026-09-23T18:30:00Z,2026-09-23T18:59:00Z,29
1945695,Border,TARN TARAN,Railway Road Urban..,Unplanned,Closed,2026-09-23T18:30:00Z,2026-09-23T20:20:00Z,110
1945707,East,ROPAR,CITY,Unplanned,Closed,2026-09-23T18:28:00Z,2026-09-23T19:55:00Z,87
1945691,East,Zirakpur,MES,Unplanned,Closed,2026-09-23T18:17:00Z,2026-09-23T18:50:00Z,33
1945690,East,Zirakpur,DEEPAK PIPE,Unplanned,Closed,2026-09-23T18:17:00Z,2026-09-23T18:50:00Z,33
1945693,South,PATIALA,SARHIND ROAD,Unplanned,Closed,2026-09-23T18:15:00Z,2026-09-23T19:10:00Z,55
1945692,North,NAWANSHAHR,Achan Chak,Unplanned,Closed,2026-09-23T18:15:00Z,2026-09-23T18:38:00Z,23
1945689,East,Zirakpur,NIMBUA,Unplanned,Closed,2026-09-23T18:15:00Z,2026-09-23T19:08:00Z,53
1945681,Central,KHANNA,Bull Forge,Planned,Closed,2026-09-23T18:10:00Z,2026-09-23T19:15:00Z,65
1945688,Central,KHANNA,City Centre,Unplanned,Closed,2026-09-23T18:08:00Z,2026-09-23T19:06:00Z,58
1945687,Central,KHANNA,Friend colony,Unplanned,Closed,2026-09-23T18:08:00Z,2026-09-23T19:08:00Z,60
1945686,Central,KHANNA,Amloh Road,Unplanned,Closed,2026-09-23T18:08:00Z,2026-09-23T19:08:00Z,60
1945694,South,SANGRUR,NICS,Unplanned,Closed,2026-09-23T18:05:00Z,2026-09-23T19:40:00Z,95
1945685,West,FARIDKOT,Kataria Rice Mill,Planned,Closed,2026-09-23T17:55:00Z,2026-09-23T18:19:48Z,24
1945680,Border,SUB URBAN AMRITSAR,M.E.S,Unplanned,Closed,2026-09-23T17:50:00Z,2026-09-23T18:30:00Z,40
1945682,East,MOHALI,LANDRAN,Unplanned,Closed,2026-09-23T17:47:00Z,2026-09-23T18:15:00Z,28
1945683,North,JALANDHAR,GURU NANAK NAGAR,Unplanned,Closed,2026-09-23T17:45:00Z,2026-09-23T18:27:00Z,42
1945679,East,MOHALI,Mandi Board,Unplanned,Closed,2026-09-23T17:31:00Z,2026-09-23T19:43:00Z,132
1945676,Central,KHANNA,Mill 1,Unplanned,Closed,2026-09-23T17:22:00Z,2026-09-23T19:06:00Z,104
1945678,Central,CITY EAST LUDHIANA,BASTI FEEDER,Unplanned,Closed,2026-09-23T17:20:00Z,2026-09-23T18:23:00Z,63
1945672,South,SANGRUR,UPS NIHALGARH,Unplanned,Closed,2026-09-23T17:15:00Z,2026-09-23T18:15:00Z,60
1945674,North,JALANDHAR,SAROOP NAGAR,Unplanned,Closed,2026-09-23T17:14:00Z,2026-09-23T18:20:00Z,66
1945673,North,JALANDHAR,RERRU,Unplanned,Closed,2026-09-23T17:14:00Z,2026-09-23T18:20:00Z,66
1945671,East,MOHALI,11 KV Masol,Unplanned,Closed,2026-09-23T17:10:51Z,2026-09-23T17:42:00Z,31
1945668,South,PATIALA,SUNDER NAGAR RAJPURA,Unplanned,Closed,2026-09-23T17:10:00Z,2026-09-23T18:35:00Z,85
1945670,North,JALANDHAR,G T ROAD NO.1,Unplanned,Closed,2026-09-23T17:05:00Z,2026-09-23T17:50:00Z,45
1945669,North,JALANDHAR,DHANOWALI,Unplanned,Closed,2026-09-23T17:05:00Z,2026-09-23T17:50:00Z,45
1945662,East,MOHALI,SEC-77,Unplanned,Closed,2026-09-23T17:05:00Z,2026-09-23T17:36:00Z,31
1945675,Border,GURDASPUR,Nangal,Unplanned,Closed,2026-09-23T17:00:00Z,2026-09-23T17:30:00Z,30
1945658,Central,KHANNA,SALANA,Unplanned,Closed,2026-09-23T17:00:00Z,2026-09-23T17:34:00Z,34
1945655,South,PATIALA,UPS RURKI,Unplanned,Closed,2026-09-23T17:00:00Z,2026-09-23T18:50:09Z,110
1945677,West,BATHINDA,Chehlawala,Unplanned,Closed,2026-09-23T16:55:00Z,2026-09-23T19:49:00Z,174
1945667,North,JALANDHAR,FATEHGARH,Unplanned,Closed,2026-09-23T16:55:00Z,2026-09-23T17:20:00Z,25
1945659,North,JALANDHAR,CHOGITTI,Unplanned,Closed,2026-09-23T16:48:00Z,2026-09-23T17:24:00Z,36
1945651,North,JALANDHAR,BASTI DANISJMANDA,Unplanned,Closed,2026-09-23T16:47:00Z,2026-09-23T17:15:00Z,28
1945650,Border,CITY AMRITSAR,Lawrence Road,Unplanned,Closed,2026-09-23T16:45:00Z,2026-09-23T17:10:22Z,25
1945648,Central,CITY WEST LUDHIANA,VISHAL NAGAR,Planned,Closed,2026-09-23T16:32:59Z,2026-09-23T17:15:06Z,42
1945575,West,MUKATSAR,dhani shaffi,Planned,Closed,2026-09-23T16:30:07Z,2026-09-23T18:44:07Z,134
1945574,West,MUKATSAR,Dhanger Khera,Planned,Closed,2026-09-23T16:30:07Z,2026-09-23T18:45:07Z,135
1945573,West,MUKATSAR,Bajidpur Katian Wali,Planned,Closed,2026-09-23T16:30:07Z,2026-09-23T18:45:07Z,135
1945572,West,MUKATSAR,Chouriwala Dhana,Planned,Closed,2026-09-23T16:30:07Z,2026-09-23T18:45:07Z,135
1945643,Central,KHANNA,RAM RAJAYA,Unplanned,Closed,2026-09-23T16:28:18Z,2026-09-23T18:20:24Z,112
1945649,Central,CITY EAST LUDHIANA,IQBAL GANJ,Unplanned,Closed,2026-09-23T16:28:00Z,2026-09-23T16:55:00Z,27
1945647,Central,SUB URBAN LUDHIANA,Urban Raikot Adda ( City-1),Unplanned,Closed,2026-09-23T16:25:00Z,2026-09-23T17:45:00Z,80
1945644,Central,SUB URBAN LUDHIANA,Urban Anad Isher School,Unplanned,Closed,2026-09-23T16:25:00Z,2026-09-23T17:45:00Z,80
1945641,North,JALANDHAR,GT Road No. 2,Unplanned,Closed,2026-09-23T16:21:00Z,2026-09-23T17:50:00Z,89
1945639,Border,GURDASPUR,Maira,Unplanned,Closed,2026-09-23T16:21:00Z,2026-09-23T16:34:00Z,13
1945646,East,MOHALI,Nirankari feeder,Planned,Closed,2026-09-23T16:20:00Z,2026-09-23T17:37:00Z,77
1945645,East,MOHALI,Janta colony,Planned,Closed,2026-09-23T16:20:00Z,2026-09-23T17:37:00Z,77
1945642,East,MOHALI,11KV SIDHU UPS,Unplanned,Closed,2026-09-23T16:15:00Z,2026-09-23T16:58:10Z,43
1945640,North,NAWANSHAHR,PAILY,Unplanned,Closed,2026-09-23T16:14:00Z,2026-09-23T16:30:00Z,16
1945637,North,HOSHIARPUR,Chak Jhandu,Unplanned,Closed,2026-09-23T16:10:00Z,2026-09-23T16:30:00Z,20
1945635,Border,GURDASPUR,CITY-3,Unplanned,Closed,2026-09-23T16:10:00Z,2026-09-23T17:04:00Z,54
1945633,Border,GURDASPUR,ARYA NAGAR,Unplanned,Closed,2026-09-23T16:10:00Z,2026-09-23T17:04:00Z,54
1945622,East,Zirakpur,HARMILAP NAGAR,Planned,Closed,2026-09-23T16:02:00Z,2026-09-23T16:10:00Z,8
1945632,West,MUKATSAR,MALOUT ROAD,Planned,Closed,2026-09-23T16:01:58Z,2026-09-23T18:34:58Z,153
1945631,West,MUKATSAR,11KV Danna Mandi,Planned,Closed,2026-09-23T16:01:58Z,2026-09-23T18:34:58Z,153
1945630,West,MUKATSAR,11KV Balam Garh Road,Planned,Closed,2026-09-23T16:01:58Z,2026-09-23T18:34:58Z,153
1945629,West,MUKATSAR,11KV Tarn Taran Sahib,Planned,Closed,2026-09-23T16:01:58Z,2026-09-23T18:34:58Z,153
1945628,West,MUKATSAR,DISPOSAL WORKS,Planned,Closed,2026-09-23T16:01:58Z,2026-09-23T18:34:58Z,153
1945627,West,MUKATSAR,Civil Hospital,Planned,Closed,2026-09-23T16:01:58Z,2026-09-23T18:34:58Z,153
1945626,West,MUKATSAR,MUKT-E-MINAR,Planned,Closed,2026-09-23T16:01:58Z,2026-09-23T18:34:58Z,153
1945625,West,MUKATSAR,RAHURIANWALI,Planned,Closed,2026-09-23T16:01:58Z,2026-09-23T18:34:58Z,153
1945624,West,MUKATSAR,ABOHAR ROAD,Planned,Closed,2026-09-23T16:01:58Z,2026-09-23T18:34:58Z,153
1945623,West,MUKATSAR,BUS STAND,Planned,Closed,2026-09-23T16:01:58Z,2026-09-23T18:34:58Z,153
1945544,West,MUKATSAR,11 KV RIDHI SIDHI URBAN,Planned,Closed,2026-09-23T16:00:07Z,2026-09-23T17:28:07Z,88
1945543,West,MUKATSAR,11 KV Circular Road,Planned,Closed,2026-09-23T16:00:07Z,2026-09-23T17:28:07Z,88
1945542,West,MUKATSAR,11 KV Focal Point-2,Planned,Closed,2026-09-23T16:00:07Z,2026-09-23T17:28:07Z,88
1945541,West,MUKATSAR,11 KV TARA ESTATE,Planned,Closed,2026-09-23T16:00:07Z,2026-09-23T17:28:07Z,88
1945540,West,MUKATSAR,11 KV BSF,Planned,Closed,2026-09-23T16:00:07Z,2026-09-23T17:28:07Z,88
1945539,West,MUKATSAR,11 KV GANGA NAGAR ROAD,Planned,Closed,2026-09-23T16:00:07Z,2026-09-23T17:28:07Z,88
1945538,West,MUKATSAR,11 KV Focal Point-1,Planned,Closed,2026-09-23T16:00:07Z,2026-09-23T17:28:07Z,88
1945537,West,MUKATSAR,INDRA NAGRI,Planned,Closed,2026-09-23T16:00:07Z,2026-09-23T17:28:07Z,88
1945536,West,MUKATSAR,11 KV Chirag dhani,Planned,Closed,2026-09-23T16:00:07Z,2026-09-23T17:28:07Z,88
1945535,West,MUKATSAR,11 KV Rajiv Nagar,Planned,Closed,2026-09-23T16:00:07Z,2026-09-23T17:28:07Z,88
1945534,West,MUKATSAR,11 KV SIDHU NAGRI,Planned,Closed,2026-09-23T16:00:07Z,2026-09-23T17:28:07Z,88
1945533,West,MUKATSAR,11 KV NAI ABADI,Planned,Closed,2026-09-23T16:00:07Z,2026-09-23T17:28:07Z,88
1945532,West,MUKATSAR,11 KV KANDHWALA Road Urban,Planned,Closed,2026-09-23T16:00:07Z,2026-09-23T17:28:07Z,88
1945531,West,MUKATSAR,11 KV Alamgarh,Planned,Closed,2026-09-23T16:00:07Z,2026-09-23T17:28:07Z,88
1945530,West,MUKATSAR,KRISHNA NAGRI,Planned,Closed,2026-09-23T16:00:07Z,2026-09-23T17:28:07Z,88
1945619,Border,GURDASPUR,Manj,Unplanned,Closed,2026-09-23T16:00:00Z,2026-09-23T17:14:00Z,74
1945617,North,JALANDHAR,11 kv Euro,Unplanned,Closed,2026-09-23T15:55:00Z,2026-09-23T16:23:00Z,28
1945616,North,JALANDHAR,Mahajan feeder,Unplanned,Closed,2026-09-23T15:55:00Z,2026-09-23T16:23:00Z,28
1945636,North,JALANDHAR,FATEHGARH,Unplanned,Closed,2026-09-23T15:50:00Z,2026-09-23T16:50:00Z,60
1945620,East,Zirakpur,BALTANA,Planned,Closed,2026-09-23T15:50:00Z,2026-09-23T16:35:00Z,45
1945618,Border,SUB URBAN AMRITSAR,Urban-1 Nawapind,Planned,Closed,2026-09-23T15:50:00Z,2026-09-23T16:45:00Z,55
1945615,South,PATIALA,AMARGARH,Unplanned,Closed,2026-09-23T15:50:00Z,2026-09-23T16:35:00Z,45
1945608,North,NAWANSHAHR,KAULGARH,Unplanned,Closed,2026-09-23T15:45:00Z,2026-09-23T16:55:00Z,70
1945598,Central,KHANNA,Ratanheri,Unplanned,Closed,2026-09-23T15:44:00Z,2026-09-23T16:31:00Z,47
1945613,East,MOHALI,11KV BHARATPUR AP,Unplanned,Closed,2026-09-23T15:40:00Z,2026-09-23T16:40:00Z,60
1945612,East,MOHALI,11 KV CHADIALA UPS,Unplanned,Closed,2026-09-23T15:40:00Z,2026-09-23T16:40:00Z,60
1945611,East,ROPAR,Thana,Unplanned,Closed,2026-09-23T15:40:00Z,2026-09-23T15:54:06Z,14
1945607,North,HOSHIARPUR,CHACK,Unplanned,Closed,2026-09-23T15:40:00Z,2026-09-23T17:20:00Z,100
1945638,South,SANGRUR,CITY-8,Unplanned,Closed,2026-09-23T15:35:00Z,2026-09-23T17:20:00Z,105
1945594,East,Zirakpur,Bhudda Sahib,Planned,Closed,2026-09-23T15:35:00Z,2026-09-23T15:45:00Z,10
1945580,East,Zirakpur,BEGAMPURA,Unplanned,Closed,2026-09-23T15:35:00Z,2026-09-23T15:45:00Z,10
1945579,North,NAWANSHAHR,MEHIATPUR,Unplanned,Closed,2026-09-23T15:35:00Z,2026-09-23T17:20:00Z,105
1945578,North,HOSHIARPUR,PANDORI,Unplanned,Closed,2026-09-23T15:35:00Z,2026-09-23T16:15:00Z,40
1945576,South,SANGRUR,11 KV Urban Truck Union Road,Unplanned,Closed,2026-09-23T15:32:00Z,2026-09-23T16:30:00Z,58
1945601,South,BARNALA,MALERKOTLA UPS,Unplanned,Closed,2026-09-23T15:30:00Z,2026-09-23T16:15:00Z,45
1945571,North,JALANDHAR,Shivaji Nagar,Unplanned,Closed,2026-09-23T15:28:00Z,2026-09-23T15:46:00Z,18
1945577,Central,KHANNA,MALERKOTLA ROAD,Unplanned,Closed,2026-09-23T15:25:57Z,2026-09-23T16:31:07Z,65
1945569,South,PATIALA,SULAR,Planned,Closed,2026-09-23T15:25:57Z,2026-09-23T16:12:04Z,46
1945614,Border,SUB URBAN AMRITSAR,UPS-4 Makhanwindi,Unplanned,Closed,2026-09-23T15:25:00Z,2026-09-23T16:30:00Z,65
1945566,South,SANGRUR,KHANAL A+B (GRID DIRBA),Unplanned,Closed,2026-09-23T15:17:46Z,2026-09-23T18:25:10Z,187
1945565,North,JALANDHAR,CHAMIARA,Unplanned,Closed,2026-09-23T15:17:00Z,2026-09-23T15:53:00Z,36
1945570,North,JALANDHAR,URBAN STATE,Planned,Closed,2026-09-23T15:15:00Z,2026-09-23T17:30:00Z,135
1945568,South,BARNALA,OIL MILL,Unplanned,Closed,2026-09-23T15:15:00Z,2026-09-23T16:25:00Z,70
1945567,West,BATHINDA,GILL KALAN,Planned,Closed,2026-09-23T15:10:00Z,2026-09-23T17:40:00Z,150
1945562,North,JALANDHAR,Firoz,Unplanned,Closed,2026-09-23T15:09:00Z,2026-09-23T15:26:00Z,17
1945563,Border,TARN TARAN,BHIKHIWIND,Unplanned,Closed,2026-09-23T15:06:00Z,2026-09-23T15:25:00Z,19
1945558,Border,GURDASPUR,Gurdaspur Road,Unplanned,Closed,2026-09-23T15:05:00Z,2026-09-23T15:38:00Z,33
1945557,North,NAWANSHAHR,CHAK GURU,Unplanned,Closed,2026-09-23T15:05:00Z,2026-09-23T16:52:00Z,107
1945564,South,PATIALA,UPS MUGAL SARAI,Unplanned,Closed,2026-09-23T15:01:00Z,2026-09-23T18:30:00Z,209
1945561,North,JALANDHAR,G T ROAD NO.1,Unplanned,Closed,2026-09-23T15:01:00Z,2026-09-23T16:20:00Z,79
1945560,North,JALANDHAR,DHANOWALI,Unplanned,Closed,2026-09-23T15:01:00Z,2026-09-23T16:20:00Z,79
1945559,North,JALANDHAR,GT Road No. 2,Unplanned,Closed,2026-09-23T15:01:00Z,2026-09-23T16:20:00Z,79
1945587,Central,CITY WEST LUDHIANA,SANGITA TOOLS,Planned,Closed,2026-09-23T15:00:00Z,2026-09-23T19:00:00Z,240
1945586,Central,CITY WEST LUDHIANA,LOHARA ROAD,Planned,Closed,2026-09-23T15:00:00Z,2026-09-23T19:00:00Z,240
1945585,Central,CITY WEST LUDHIANA,SOMAL PIPE,Planned,Closed,2026-09-23T15:00:00Z,2026-09-23T19:00:00Z,240
1945584,Central,CITY WEST LUDHIANA,APOLLO,Planned,Closed,2026-09-23T15:00:00Z,2026-09-23T19:00:00Z,240
1945583,Central,CITY WEST LUDHIANA,JVR,Planned,Closed,2026-09-23T15:00:00Z,2026-09-23T19:00:00Z,240
1945582,Central,CITY WEST LUDHIANA,BHOGAL,Planned,Closed,2026-09-23T15:00:00Z,2026-09-23T19:00:00Z,240
1945581,Central,CITY WEST LUDHIANA,JANTA NAGAR,Planned,Closed,2026-09-23T15:00:00Z,2026-09-23T19:00:00Z,240
1945555,South,PATIALA,11 KV RAI MAJRA,Unplanned,Closed,2026-09-23T14:57:27Z,2026-09-23T15:28:52Z,31
1945548,East,MOHALI,Industrial,Planned,Closed,2026-09-23T14:49:00Z,2026-09-23T16:07:00Z,78
1945547,North,NAWANSHAHR,CITY II,Unplanned,Closed,2026-09-23T14:45:00Z,2026-09-23T15:05:00Z,20
1945545,West,FARIDKOT,MOGA-2,Unplanned,Closed,2026-09-23T14:37:15Z,2026-09-23T15:18:17Z,41
1945528,North,JALANDHAR,PPR Mall,Unplanned,Closed,2026-09-23T14:31:36Z,2026-09-23T16:46:36Z,135
1945527,North,JALANDHAR,MOTA SINGH NAGAR,Unplanned,Closed,2026-09-23T14:31:36Z,2026-09-23T16:46:36Z,135
1945526,North,JALANDHAR,11KV Royal Residency,Unplanned,Closed,2026-09-23T14:31:36Z,2026-09-23T16:46:36Z,135
1945525,North,JALANDHAR,11KV Baba Makhan Shah Lubana,Unplanned,Closed,2026-09-23T14:31:36Z,2026-09-23T16:46:36Z,135
1945524,North,JALANDHAR,11 KV Curo Mall,Unplanned,Closed,2026-09-23T14:31:36Z,2026-09-23T16:46:36Z,135
1945523,North,JALANDHAR,11KV Mithapur Feeder,Unplanned,Closed,2026-09-23T14:31:36Z,2026-09-23T16:46:36Z,135
1945522,North,JALANDHAR,11 KV Jalandhar Height-1,Unplanned,Closed,2026-09-23T14:31:36Z,2026-09-23T16:46:36Z,135
1945521,North,JALANDHAR,11 KV Garden Colony,Unplanned,Closed,2026-09-23T14:31:36Z,2026-09-23T16:46:36Z,135
1945520,South,PATIALA,cityS/D talwandi dheriyan wali,Planned,Closed,2026-09-23T14:28:09Z,2026-09-23T15:52:11Z,84
1945519,North,JALANDHAR,HAZARA,Unplanned,Closed,2026-09-23T14:25:00Z,2026-09-23T14:55:00Z,30
1945529,South,SANGRUR,11 kv Dhillon Patti Cat-1,Unplanned,Closed,2026-09-23T14:21:00Z,2026-09-23T15:21:00Z,60
1945518,East,Zirakpur,PEER BABA ROAD,Unplanned,Closed,2026-09-23T14:21:00Z,2026-09-23T14:39:00Z,18
1945516,South,PATIALA,UPS Lout,Unplanned,Closed,2026-09-23T14:21:00Z,2026-09-23T15:00:00Z,39
1945556,West,BATHINDA,BHAGU,Planned,Closed,2026-09-23T14:16:00Z,2026-09-23T18:00:00Z,224
1945515,South,PATIALA,BANK FEEDER,Unplanned,Closed,2026-09-23T14:11:00Z,2026-09-23T14:42:00Z,31
1945513,Central,KHANNA,MALERKOTLA ROAD,Unplanned,Closed,2026-09-23T14:08:54Z,2026-09-23T14:32:09Z,23
1945546,West,BATHINDA,JAGGA RAM TIRTH,Unplanned,Closed,2026-09-23T14:07:00Z,2026-09-23T14:45:00Z,38
1945514,North,JALANDHAR,GOLDEN AVENUE,Unplanned,Closed,2026-09-23T14:05:00Z,2026-09-23T15:05:00Z,60
1945504,Central,KHANNA,GT ROAD 1,Planned,Closed,2026-09-23T14:04:14Z,2026-09-23T15:10:28Z,66
1945511,North,HOSHIARPUR,RAMGHAR,Unplanned,Closed,2026-09-23T14:01:00Z,2026-09-23T14:11:00Z,10
1945512,South,PATIALA,BANK FEEDER,Unplanned,Closed,2026-09-23T13:58:00Z,2026-09-23T14:06:00Z,8
1945510,North,KAPURTHALA,UPS MALLIWAL,Unplanned,Closed,2026-09-23T13:49:00Z,2026-09-23T14:15:00Z,26
1945509,Border,GURDASPUR,Gujran Lahri,Unplanned,Closed,2026-09-23T13:46:00Z,2026-09-23T14:09:00Z,23
1945508,Border,GURDASPUR,Ghesal,Unplanned,Closed,2026-09-23T13:45:00Z,2026-09-23T14:09:00Z,24
1945507,Border,GURDASPUR,Kanwan,Unplanned,Closed,2026-09-23T13:45:00Z,2026-09-23T14:09:00Z,24
1945506,East,MOHALI,commercial 95-96,Unplanned,Closed,2026-09-23T13:38:52Z,2026-09-23T15:50:00Z,131
1945505,North,NAWANSHAHR,PANYALI,Unplanned,Closed,2026-09-23T13:35:00Z,2026-09-23T14:35:00Z,60
1945517,South,PATIALA,cityS/D talwandi dheriyan wali,Planned,Closed,2026-09-23T13:25:51Z,2026-09-23T13:37:20Z,11
1945503,Border,CITY AMRITSAR,Laxmi Rice Mills,Unplanned,Closed,2026-09-23T13:20:00Z,2026-09-23T14:25:00Z,65
1945502,North,KAPURTHALA,UPS KASSO CHAHAL,Planned,Closed,2026-09-23T13:20:00Z,2026-09-23T14:30:00Z,70
1945496,South,SANGRUR,MATTRAN UPS,Planned,Closed,2026-09-23T13:16:40Z,2026-09-23T14:24:56Z,68
1945501,Border,GURDASPUR,GAGOWALI,Unplanned,Closed,2026-09-23T13:15:00Z,2026-09-23T15:45:00Z,150
1945499,Border,GURDASPUR,Dalia,Unplanned,Closed,2026-09-23T13:15:00Z,2026-09-23T15:10:00Z,115
1945498,Border,GURDASPUR,Manj,Unplanned,Closed,2026-09-23T13:13:00Z,2026-09-23T15:10:00Z,117
1945497,Border,GURDASPUR,Taragarh Cat-1,Unplanned,Closed,2026-09-23T13:13:00Z,2026-09-23T13:30:00Z,17
1945494,East,MOHALI,11kV Sector-123,Unplanned,Closed,2026-09-23T13:11:00Z,2026-09-23T14:30:00Z,79
1945495,North,NAWANSHAHR,BALACHAUR CITY-3,Unplanned,Closed,2026-09-23T13:10:00Z,2026-09-23T15:02:00Z,112
1945492,South,SANGRUR,Patran Road,Planned,Closed,2026-09-23T13:07:41Z,2026-09-23T13:15:53Z,8
1945491,North,NAWANSHAHR,11 KV Buthgarh,Unplanned,Closed,2026-09-23T13:05:00Z,2026-09-23T13:50:00Z,45
1945493,South,PATIALA,TEHSIL ROAD,Planned,Closed,2026-09-23T13:02:00Z,2026-09-23T13:35:00Z,33
1945438,North,JALANDHAR,Shivaji Nagar,Planned,Closed,2026-09-23T13:01:06Z,2026-09-23T13:45:06Z,44
1945437,North,JALANDHAR,11KV Industrial Raja Garden Fe,Planned,Closed,2026-09-23T13:01:06Z,2026-09-23T13:45:06Z,44
1945436,North,JALANDHAR,11KV Ghah Mandi,Planned,Closed,2026-09-23T13:01:06Z,2026-09-23T13:45:06Z,44
1945435,North,JALANDHAR,11 KV GROVER COLONY,Planned,Closed,2026-09-23T13:01:06Z,2026-09-23T13:45:06Z,44
1945434,North,JALANDHAR,11KV BASTI GUJAN,Planned,Closed,2026-09-23T13:01:06Z,2026-09-23T13:45:06Z,44
1945433,North,JALANDHAR,BASTI DANISJMANDA,Planned,Closed,2026-09-23T13:01:06Z,2026-09-23T13:45:06Z,44
1945432,North,JALANDHAR,MARKETER,Planned,Closed,2026-09-23T13:01:06Z,2026-09-23T13:45:06Z,44
1945431,North,JALANDHAR,JULKA ESTATE,Planned,Closed,2026-09-23T13:01:06Z,2026-09-23T13:45:06Z,44
1945500,West,FARIDKOT,11 KV GILL UPS,Planned,Closed,2026-09-23T12:55:00Z,2026-09-23T14:03:00Z,68
1945477,South,BARNALA,UPS HAMIDI/GURMA,Unplanned,Closed,2026-09-23T12:50:00Z,2026-09-23T14:10:00Z,80
1945476,Border,TARN TARAN,JODHPUR UPS,Unplanned,Closed,2026-09-23T12:50:00Z,2026-09-23T15:35:00Z,165
1945473,Border,GURDASPUR,Maira,Unplanned,Closed,2026-09-23T12:49:00Z,2026-09-23T13:51:00Z,62
1945474,East,ROPAR,11 KV Khairabad UPS,Unplanned,Closed,2026-09-23T12:48:00Z,2026-09-23T13:46:00Z,58
1945472,North,NAWANSHAHR,SADHOWAL,Unplanned,Closed,2026-09-23T12:48:00Z,2026-09-23T13:23:00Z,35
1945471,Central,CITY EAST LUDHIANA,B DEEP SINGH NAGAR,Unplanned,Closed,2026-09-23T12:45:00Z,2026-09-23T13:20:00Z,35
1945467,South,SANGRUR,UPS Guru Nanak Nagar,Planned,Closed,2026-09-23T12:43:56Z,2026-09-23T18:10:12Z,326
1945468,South,SANGRUR,Industrial (Benra),Unplanned,Closed,2026-09-23T12:42:00Z,2026-09-23T13:08:00Z,26
1945475,West,FARIDKOT,INDUSTRY URBAN,Unplanned,Closed,2026-09-23T12:40:00Z,2026-09-23T14:07:00Z,87
1945470,South,PATIALA,SOGALPUR UPS,Unplanned,Closed,2026-09-23T12:40:00Z,2026-09-23T13:10:16Z,30
1945469,South,PATIALA,DEELWAL,Unplanned,Closed,2026-09-23T12:40:00Z,2026-09-23T13:30:04Z,50
1945465,East,MOHALI,Rubber Plant,Planned,Closed,2026-09-23T12:34:00Z,2026-09-23T13:05:00Z,31
1945463,West,BATHINDA,BAGHA,Planned,Closed,2026-09-23T12:34:00Z,2026-09-23T15:13:00Z,159
1945462,South,PATIALA,JANDOLI,Unplanned,Closed,2026-09-23T12:30:00Z,2026-09-23T12:50:00Z,20
1945459,North,JALANDHAR,EKTA NAGAR,Unplanned,Closed,2026-09-23T12:21:00Z,2026-09-23T13:08:00Z,47
1945461,Border,CITY AMRITSAR,11Kv saraswati,Unplanned,Closed,2026-09-23T12:20:00Z,2026-09-23T12:30:00Z,10
1945457,West,BATHINDA,MODEL TOWN PHASE -2,Planned,Closed,2026-09-23T12:20:00Z,2026-09-23T12:49:00Z,29
1945458,North,HOSHIARPUR,Bihala,Unplanned,Closed,2026-09-23T12:15:00Z,2026-09-23T12:45:00Z,30
1945455,West,BATHINDA,DAYA NAND,Planned,Closed,2026-09-23T12:15:00Z,2026-09-23T13:55:00Z,100
1945452,East,ROPAR,Rangeel Pur,Unplanned,Closed,2026-09-23T12:15:00Z,2026-09-23T12:47:00Z,32
1945450,North,NAWANSHAHR,Danduwal,Unplanned,Closed,2026-09-23T12:14:30Z,2026-09-23T14:08:46Z,114
1945449,Border,CITY AMRITSAR,Lawrence Road,Unplanned,Closed,2026-09-23T12:13:12Z,2026-09-23T12:31:57Z,18
1945454,West,MUKATSAR,11 KV NANAK NAGRI,Unplanned,Closed,2026-09-23T12:12:00Z,2026-09-23T12:40:46Z,28
1945453,West,MUKATSAR,LINK NO. 1,Unplanned,Closed,2026-09-23T12:12:00Z,2026-09-23T12:40:00Z,28
1945460,North,JALANDHAR,Sewerage,Unplanned,Closed,2026-09-23T12:10:00Z,2026-09-23T12:50:00Z,40
1945446,South,BARNALA,Old Bus Stand,Planned,Closed,2026-09-23T12:06:00Z,2026-09-23T13:08:00Z,62
1945466,East,ROPAR,CHATAULI,Unplanned,Closed,2026-09-23T12:05:00Z,2026-09-23T13:42:00Z,97
1945447,Central,KHANNA,Gobindgarh Road,Planned,Closed,2026-09-23T12:05:00Z,2026-09-23T12:30:00Z,25
1945451,South,BARNALA,NABHA ROAD INDUSTRY,Unplanned,Closed,2026-09-23T12:03:00Z,2026-09-23T12:55:38Z,52
1945445,West,BATHINDA,NEHIAN WALA,Planned,Closed,2026-09-23T12:03:00Z,2026-09-23T13:02:00Z,59
1945464,South,PATIALA,INERTIA ALUMINIUM,Unplanned,Closed,2026-09-23T12:02:00Z,2026-09-23T14:00:00Z,118
1945443,West,MUKATSAR,11 KV RAJPURA,Unplanned,Closed,2026-09-23T12:01:26Z,2026-09-23T13:10:37Z,69
1945448,West,BATHINDA,11 KV ANOOPGARH UPS,Planned,Closed,2026-09-23T12:00:00Z,2026-09-23T14:15:12Z,135
1945441,North,JALANDHAR,SAFIPUR,Unplanned,Closed,2026-09-23T12:00:00Z,2026-09-23T13:30:00Z,90
1945429,North,JALANDHAR,11KV SANGAT SINGH NAGAR,Planned,Closed,2026-09-23T12:00:00Z,2026-09-23T17:10:34Z,310
1945282,North,JALANDHAR,DOABA CHOWK,Planned,Closed,2026-09-23T12:00:00Z,2026-09-23T15:30:00Z,210
1945444,North,HOSHIARPUR,BHAMBOTAR,Unplanned,Closed,2026-09-23T11:58:00Z,2026-09-23T12:20:00Z,22
1945456,South,PATIALA,11 KV URBAN ANAJ MANDI SNR,Planned,Closed,2026-09-23T11:50:00Z,2026-09-23T13:15:00Z,85
1945439,Central,CITY EAST LUDHIANA,G ARJAN DEV NAGAR,Unplanned,Closed,2026-09-23T11:50:00Z,2026-09-23T12:45:00Z,55
1945428,North,NAWANSHAHR,11 KV Buthgarh,Unplanned,Closed,2026-09-23T11:48:00Z,2026-09-23T12:20:00Z,32
1945427,East,MOHALI,11 kv sec 54A,Planned,Closed,2026-09-23T11:47:00Z,2026-09-23T12:51:00Z,64
1945426,East,MOHALI,Sec 53,Planned,Closed,2026-09-23T11:47:00Z,2026-09-23T12:51:00Z,64
1945271,South,PATIALA,OPH,Planned,Closed,2026-09-23T11:46:00Z,2026-09-23T12:07:00Z,21
1945425,Border,SUB URBAN AMRITSAR,Pakharpura,Unplanned,Closed,2026-09-23T11:45:00Z,2026-09-23T12:10:00Z,25
1945423,South,PATIALA,ALOHRAN GATE,Unplanned,Closed,2026-09-23T11:44:00Z,2026-09-23T12:39:00Z,55
1945424,North,JALANDHAR,NEW SHANKAR,Unplanned,Closed,2026-09-23T11:43:00Z,2026-09-23T12:05:00Z,22
1945430,West,BATHINDA,KOT FATTA,Unplanned,Closed,2026-09-23T11:42:00Z,2026-09-23T14:01:00Z,139
1945419,West,BATHINDA,KOT GURU,Planned,Closed,2026-09-23T11:40:12Z,2026-09-23T17:00:00Z,319
1945442,Border,TARN TARAN,RAYYA BACK FEEDING,Unplanned,Closed,2026-09-23T11:40:00Z,2026-09-23T12:23:00Z,43
1945420,Central,CITY EAST LUDHIANA,Harbanspura,Unplanned,Closed,2026-09-23T11:40:00Z,2026-09-23T12:22:00Z,42
1945034,West,BATHINDA,AJIT ROAD,Planned,Closed,2026-09-23T11:40:00Z,2026-09-23T15:15:00Z,215
1945032,West,BATHINDA,Jaude pul,Planned,Closed,2026-09-23T11:40:00Z,2026-09-23T15:15:00Z,215
1945023,West,BATHINDA,Jnta colony,Planned,Closed,2026-09-23T11:40:00Z,2026-09-23T15:15:00Z,215
1945421,South,SANGRUR,HOSPITAL,Unplanned,Closed,2026-09-23T11:38:41Z,2026-09-23T12:04:49Z,26
1945490,East,ROPAR,66 kv Renny Strip,Unplanned,Closed,2026-09-23T11:38:10Z,2026-09-23T13:00:10Z,82
1945489,East,ROPAR,11KV KDFP,Unplanned,Closed,2026-09-23T11:38:10Z,2026-09-23T13:00:10Z,82
1945488,East,ROPAR,MAI BAAP,Unplanned,Closed,2026-09-23T11:38:10Z,2026-09-23T13:03:10Z,85
1945487,East,ROPAR,Zayntex,Unplanned,Closed,2026-09-23T11:38:10Z,2026-09-23T13:00:10Z,82
1945486,East,ROPAR,Namdhari,Unplanned,Closed,2026-09-23T11:38:10Z,2026-09-23T13:01:10Z,83
1945485,East,ROPAR,New Swan,Unplanned,Closed,2026-09-23T11:38:10Z,2026-09-23T13:01:10Z,83
1945484,East,ROPAR,11KV Sukasa Food,Unplanned,Closed,2026-09-23T11:38:10Z,2026-09-23T13:02:10Z,84
1945483,East,ROPAR,11KV Narindera Behal,Unplanned,Closed,2026-09-23T11:38:10Z,2026-09-23T13:02:10Z,84
1945482,East,ROPAR,11Kv Kitty Industries,Unplanned,Closed,2026-09-23T11:38:10Z,2026-09-23T13:03:10Z,85
1945481,East,ROPAR,N.R.G,Unplanned,Closed,2026-09-23T11:38:10Z,2026-09-23T13:00:10Z,82
1945480,East,ROPAR,11 KV Ramji Acro,Unplanned,Closed,2026-09-23T11:38:10Z,2026-09-23T13:04:10Z,86
1945479,East,ROPAR,Bhagpur Urban,Unplanned,Closed,2026-09-23T11:38:10Z,2026-09-23T13:02:10Z,84
1945478,East,ROPAR,11 KV Ranne Casting,Unplanned,Closed,2026-09-23T11:38:10Z,2026-09-23T13:00:10Z,82
1945418,West,BATHINDA,KILLI NIHAL SINGH,Planned,Closed,2026-09-23T11:37:00Z,2026-09-23T15:52:00Z,255
1945422,South,SANGRUR,POLICE LINE,Unplanned,Closed,2026-09-23T11:36:01Z,2026-09-23T12:04:08Z,28
1945416,Border,GURDASPUR,GAJIKOT,Unplanned,Closed,2026-09-23T11:33:00Z,2026-09-23T11:43:00Z,10
1945414,South,SANGRUR,Panchait Bhawan,Unplanned,Closed,2026-09-23T11:32:50Z,2026-09-23T11:56:58Z,24
1945415,Border,GURDASPUR,TALIBPUR,Unplanned,Closed,2026-09-23T11:32:00Z,2026-09-23T11:43:00Z,11
1945413,Border,TARN TARAN,BABA BHATA,Planned,Closed,2026-09-23T11:31:59Z,2026-09-23T12:52:21Z,80
1945417,North,KAPURTHALA,Kotu Chownk,Unplanned,Closed,2026-09-23T11:30:00Z,2026-09-23T12:29:00Z,59
1945411,Border,SUB URBAN AMRITSAR,PUTLIGHAR,Unplanned,Closed,2026-09-23T11:27:00Z,2026-09-23T13:13:00Z,106
1945412,East,Zirakpur,Jaskaran,Unplanned,Closed,2026-09-23T11:25:00Z,2026-09-23T11:50:00Z,25
1945410,East,Zirakpur,PATIALA ROAD,Unplanned,Closed,2026-09-23T11:24:00Z,2026-09-23T12:04:00Z,40
1945407,South,PATIALA,HIRA MAHAL,Unplanned,Closed,2026-09-23T11:23:00Z,2026-09-23T13:06:00Z,103
1945406,North,HOSHIARPUR,Model Town,Planned,Closed,2026-09-23T11:20:00Z,2026-09-23T13:05:00Z,105
1945409,Border,TARN TARAN,Baba Bhuda Sahib,Unplanned,Closed,2026-09-23T11:15:00Z,2026-09-23T17:50:00Z,395
1945408,East,MOHALI,JANTI DEVI,Unplanned,Closed,2026-09-23T11:14:00Z,2026-09-23T13:30:00Z,136
1945440,Border,SUB URBAN AMRITSAR,CHHEHARTA,Unplanned,Closed,2026-09-23T11:13:00Z,2026-09-23T11:42:00Z,29
1945404,North,KAPURTHALA,URBAN JANDIALA ROAD Nurmahal,Planned,Closed,2026-09-23T11:10:00Z,2026-09-23T12:30:00Z,80
1945399,South,SANGRUR,Natt UPS,Unplanned,Closed,2026-09-23T11:10:00Z,2026-09-23T12:05:00Z,55
1945403,North,HOSHIARPUR,DALLI shared feeder with s/divn,Unplanned,Closed,2026-09-23T11:08:00Z,2026-09-23T12:02:00Z,54
1945405,South,BARNALA,U.P.S. KALEKE,Unplanned,Closed,2026-09-23T11:06:00Z,2026-09-23T12:30:00Z,84
1945398,Central,KHANNA,Sangtpura,Unplanned,Closed,2026-09-23T11:05:00Z,2026-09-23T12:07:00Z,62
1945397,West,BATHINDA,11KV THAKUR COLONY,Planned,Closed,2026-09-23T11:02:00Z,2026-09-23T11:24:00Z,22
1945394,Central,CITY WEST LUDHIANA,Aman Park,Planned,Closed,2026-09-23T11:01:07Z,2026-09-23T12:01:10Z,60
1945396,Border,SUB URBAN AMRITSAR,GUMTALA,Unplanned,Closed,2026-09-23T11:00:00Z,2026-09-23T11:30:00Z,30
1945395,North,HOSHIARPUR,RAM MANDIR,Planned,Closed,2026-09-23T11:00:00Z,2026-09-23T14:30:00Z,210
1945260,Central,CITY WEST LUDHIANA,SANGITA TOOLS,Planned,Closed,2026-09-23T11:00:00Z,2026-09-23T14:30:00Z,210
1945259,Central,CITY WEST LUDHIANA,LOHARA ROAD,Planned,Closed,2026-09-23T11:00:00Z,2026-09-23T14:30:00Z,210
1945257,Central,CITY WEST LUDHIANA,SOMAL PIPE,Planned,Closed,2026-09-23T11:00:00Z,2026-09-23T14:30:00Z,210
1945256,Central,CITY WEST LUDHIANA,APOLLO,Planned,Closed,2026-09-23T11:00:00Z,2026-09-23T14:30:00Z,210
1945255,Central,CITY WEST LUDHIANA,JANTA NAGAR,Planned,Closed,2026-09-23T11:00:00Z,2026-09-23T14:30:00Z,210
1945254,Central,CITY WEST LUDHIANA,BHOGAL,Planned,Closed,2026-09-23T11:00:00Z,2026-09-23T14:30:00Z,210
1945253,Central,CITY WEST LUDHIANA,JVR,Planned,Closed,2026-09-23T11:00:00Z,2026-09-23T14:30:00Z,210
1945391,East,ROPAR,11 KV Chajjumajra,Planned,Closed,2026-09-23T10:57:00Z,2026-09-23T12:42:00Z,105
1945393,Central,CITY EAST LUDHIANA,B DEEP SINGH NAGAR,Unplanned,Closed,2026-09-23T10:55:00Z,2026-09-23T11:50:00Z,55
1945402,Border,TARN TARAN,24 HRS CHUTALA,Unplanned,Closed,2026-09-23T10:50:00Z,2026-09-23T11:15:00Z,25
1945401,Border,TARN TARAN,Sarhali Road,Unplanned,Closed,2026-09-23T10:50:00Z,2026-09-23T11:15:00Z,25
1945400,Border,TARN TARAN,Railway Road Urban..,Unplanned,Closed,2026-09-23T10:50:00Z,2026-09-23T11:15:00Z,25
1945390,South,SANGRUR,City-II,Unplanned,Closed,2026-09-23T10:50:00Z,2026-09-23T11:35:00Z,45
1945384,North,KAPURTHALA,AJIT NAGAR,Planned,Closed,2026-09-23T10:40:39Z,2026-09-23T10:59:54Z,19
1945388,South,SANGRUR,DM FEEDER,Planned,Closed,2026-09-23T10:40:00Z,2026-09-23T19:40:00Z,540
1945387,North,JALANDHAR,KMV,Unplanned,Closed,2026-09-23T10:40:00Z,2026-09-23T12:16:00Z,96
1945386,Border,GURDASPUR,Sathiali 24 hrs.,Unplanned,Closed,2026-09-23T10:37:00Z,2026-09-23T11:07:00Z,30
1945383,North,KAPURTHALA,NATHU CHAHAL,Planned,Closed,2026-09-23T10:35:28Z,2026-09-23T10:50:42Z,15
1945380,Border,TARN TARAN,11 KV Shekh Chuk UPS,Unplanned,Closed,2026-09-23T10:30:00Z,2026-09-23T11:30:00Z,60
1945376,Central,CITY WEST LUDHIANA,JAGDAMBA,Planned,Closed,2026-09-23T10:26:08Z,2026-09-23T10:55:23Z,29
1945377,Border,GURDASPUR,Nawan Pind,Unplanned,Closed,2026-09-23T10:25:00Z,2026-09-23T10:47:00Z,22
1945373,South,SANGRUR,New Bardwal,Planned,Closed,2026-09-23T10:20:00Z,2026-09-23T17:15:32Z,415
1945372,South,SANGRUR,Isra,Planned,Closed,2026-09-23T10:20:00Z,2026-09-23T17:15:00Z,415
1945379,West,BATHINDA,Sooch UPS,Planned,Closed,2026-09-23T10:16:00Z,2026-09-23T13:03:00Z,167
1945374,North,HOSHIARPUR,JANOURI,Planned,Closed,2026-09-23T10:15:00Z,2026-09-23T13:15:00Z,180
1945385,Central,KHANNA,Khanyan Road,Unplanned,Closed,2026-09-23T10:13:00Z,2026-09-23T10:52:00Z,39
1945378,East,MOHALI,11KV BARI AP,Unplanned,Closed,2026-09-23T10:12:24Z,2026-09-23T13:10:00Z,177
1945375,East,MOHALI,11KV SIDHU UPS,Unplanned,Closed,2026-09-23T10:12:12Z,2026-09-23T13:10:00Z,177
1945370,North,JALANDHAR,SHANKAR,Unplanned,Closed,2026-09-23T10:11:00Z,2026-09-23T10:35:00Z,24
1945382,East,MOHALI,64-C,Planned,Closed,2026-09-23T10:10:00Z,2026-09-23T14:20:00Z,250
1945381,East,MOHALI,64-B,Planned,Closed,2026-09-23T10:10:00Z,2026-09-23T14:20:00Z,250
1945369,North,JALANDHAR,M.G.N,Unplanned,Closed,2026-09-23T10:02:24Z,2026-09-23T10:34:00Z,31
1945371,West,MUKATSAR,11 KV SAIDANWALI,Unplanned,Closed,2026-09-23T10:01:00Z,2026-09-23T11:15:52Z,74
1944740,Border,GURDASPUR,AB Sugar Mill,Planned,Closed,2026-09-23T10:00:54Z,2026-09-23T17:55:54Z,475
1944739,Border,GURDASPUR,Rajoa,Planned,Closed,2026-09-23T10:00:54Z,2026-09-23T17:55:54Z,475
1944738,Border,GURDASPUR,Dogar Mahesh,Planned,Closed,2026-09-23T10:00:54Z,2026-09-23T17:55:54Z,475
1944737,Border,GURDASPUR,KIRI UPS,Planned,Closed,2026-09-23T10:00:54Z,2026-09-23T17:55:54Z,475
1945392,Border,SUB URBAN AMRITSAR,GUMTALA,Unplanned,Closed,2026-09-23T10:00:00Z,2026-09-23T10:40:00Z,40
1945389,Central,CITY EAST LUDHIANA,G ARJAN DEV NAGAR,Unplanned,Closed,2026-09-23T10:00:00Z,2026-09-23T10:55:00Z,55
1945368,East,MOHALI,Sec 54,Planned,Closed,2026-09-23T10:00:00Z,2026-09-23T11:23:00Z,83
1945347,West,BATHINDA,GEHLE UPS,Planned,Closed,2026-09-23T10:00:00Z,2026-09-23T15:05:38Z,305
1945075,Central,KHANNA,11 KV MODEL TOWN,Planned,Closed,2026-09-23T10:00:00Z,2026-09-23T17:30:00Z,450
1945074,Central,KHANNA,Samrala Road,Planned,Closed,2026-09-23T10:00:00Z,2026-09-23T17:30:00Z,450
1945057,South,SANGRUR,Industrial (Dhuri),Planned,Closed,2026-09-23T10:00:00Z,2026-09-23T17:15:11Z,435
1945056,South,SANGRUR,Bagrian Road,Planned,Closed,2026-09-23T10:00:00Z,2026-09-23T17:15:22Z,435
1945363,South,BARNALA,Dasonda Singh wala CAT-1,Planned,Closed,2026-09-23T09:53:00Z,2026-09-23T17:50:00Z,477
1945366,South,SANGRUR,11 KV Khadial Cat-1,Unplanned,Closed,2026-09-23T09:51:00Z,2026-09-23T10:25:00Z,34
1945364,North,HOSHIARPUR,Pandori Attwal,Unplanned,Closed,2026-09-23T09:50:00Z,2026-09-23T10:30:00Z,40
1945360,South,PATIALA,JANDOLI,Unplanned,Closed,2026-09-23T09:45:00Z,2026-09-23T10:15:00Z,30
1945365,East,MOHALI,11KV DHELPUR,Unplanned,Closed,2026-09-23T09:42:00Z,2026-09-23T09:57:02Z,15
1945354,North,HOSHIARPUR,DHOOT KALAN,Unplanned,Closed,2026-09-23T09:40:00Z,2026-09-23T10:30:00Z,50
1945349,South,SANGRUR,Khokhar UPS,Unplanned,Closed,2026-09-23T09:31:36Z,2026-09-23T09:45:46Z,14
1945348,South,SANGRUR,Bhakhra,Unplanned,Closed,2026-09-23T09:31:21Z,2026-09-23T09:45:27Z,14
1945353,North,HOSHIARPUR,MEGHOWAL,Unplanned,Closed,2026-09-23T09:25:00Z,2026-09-23T10:20:00Z,55
1945352,East,MOHALI,11KV IT CITY,Unplanned,Closed,2026-09-23T09:22:41Z,2026-09-23T09:57:00Z,34
1945362,East,Zirakpur,Bhudda Sahib,Unplanned,Closed,2026-09-23T09:22:00Z,2026-09-23T11:16:00Z,114
1945361,East,Zirakpur,ZIRAKPUR-1,Unplanned,Closed,2026-09-23T09:22:00Z,2026-09-23T11:16:00Z,114
1945344,South,SANGRUR,DC ROAD SANGRUR,Unplanned,Closed,2026-09-23T09:15:00Z,2026-09-23T09:50:00Z,35
1945345,South,PATIALA,INDUSTRIAL 1,Unplanned,Closed,2026-09-23T09:12:00Z,2026-09-23T10:22:00Z,70
1945351,East,MOHALI,11KV 66B,Unplanned,Closed,2026-09-23T09:11:12Z,2026-09-23T09:43:49Z,32
1945341,South,PATIALA,UPS Mulabadha,Unplanned,Closed,2026-09-23T09:10:40Z,2026-09-23T10:49:50Z,99
1945339,South,PATIALA,SALEMPUR,Unplanned,Closed,2026-09-23T09:10:23Z,2026-09-23T10:49:51Z,99
1945340,South,PATIALA,UPS RAIPUR,Unplanned,Closed,2026-09-23T09:10:22Z,2026-09-23T10:45:12Z,94
1945359,South,PATIALA,INERTIA ALUMINIUM,Planned,Closed,2026-09-23T09:05:33Z,2026-09-23T11:20:33Z,135
1945358,South,PATIALA,MANOHAR PACKERG,Planned,Closed,2026-09-23T09:05:33Z,2026-09-23T11:20:33Z,135
1945357,South,PATIALA,ABIS,Planned,Closed,2026-09-23T09:05:33Z,2026-09-23T11:20:33Z,135
1945356,South,PATIALA,TPI,Planned,Closed,2026-09-23T09:05:33Z,2026-09-23T11:20:33Z,135
1945355,South,PATIALA,UPS SANDARSI,Planned,Closed,2026-09-23T09:05:33Z,2026-09-23T11:20:33Z,135
1945342,South,SANGRUR,24 HRS. BHANI,Unplanned,Closed,2026-09-23T09:05:00Z,2026-09-23T09:20:00Z,15
1945338,South,PATIALA,MH CONTAINER,Planned,Closed,2026-09-23T09:00:37Z,2026-09-23T11:20:47Z,140
1945337,South,PATIALA,SALEMPUR UPS,Planned,Closed,2026-09-23T09:00:37Z,2026-09-23T11:20:37Z,140
1945336,South,PATIALA,11KV HASSANPUR,Planned,Closed,2026-09-23T09:00:37Z,2026-09-23T11:20:37Z,140
1945335,South,PATIALA,11 KV Bector Foods,Planned,Closed,2026-09-23T09:00:37Z,2026-09-23T11:20:37Z,140
1945346,Border,TARN TARAN,JODHPUR UPS,Unplanned,Closed,2026-09-23T08:55:00Z,2026-09-23T10:10:00Z,75
1945343,East,MOHALI,URBAN PH-7,Unplanned,Closed,2026-09-23T08:50:00Z,2026-09-23T10:05:00Z,75
1945334,Central,CITY WEST LUDHIANA,Shiv Shakti,Planned,Closed,2026-09-23T08:41:11Z,2026-09-23T09:40:24Z,59
1945333,Border,GURDASPUR,Dalia,Unplanned,Closed,2026-09-23T08:39:00Z,2026-09-23T09:54:00Z,75
1945332,Border,GURDASPUR,Manj,Unplanned,Closed,2026-09-23T08:39:00Z,2026-09-23T09:54:00Z,75
1945350,East,MOHALI,BASMA,Unplanned,Closed,2026-09-23T08:30:15Z,2026-09-23T10:05:04Z,94
1945331,Border,GURDASPUR,Naroat Mehra,Unplanned,Closed,2026-09-23T08:15:00Z,2026-09-23T09:06:00Z,51
1945330,Border,GURDASPUR,Bharoli,Unplanned,Closed,2026-09-23T08:15:00Z,2026-09-23T08:55:00Z,40
1945329,West,FARIDKOT,11 KV MUDKI ROAD CAT-02,Unplanned,Closed,2026-09-23T08:13:00Z,2026-09-23T09:16:00Z,63
1945327,North,JALANDHAR,11KV CHANDAN NAGAR,Unplanned,Closed,2026-09-23T08:10:00Z,2026-09-23T08:28:00Z,18
1945325,Central,CITY EAST LUDHIANA,SANTOKH NAGAR,Unplanned,Closed,2026-09-23T08:09:00Z,2026-09-23T09:35:00Z,86
1945326,North,HOSHIARPUR,MODEL  TOWN,Unplanned,Closed,2026-09-23T08:05:00Z,2026-09-23T08:51:00Z,46
1945328,Border,GURDASPUR,Jaswan,Unplanned,Closed,2026-09-23T07:55:00Z,2026-09-23T08:25:00Z,30
1945324,North,HOSHIARPUR,Urban qilla road,Unplanned,Closed,2026-09-23T07:55:00Z,2026-09-23T08:40:00Z,45
1945323,North,JALANDHAR,Hargobind Nagar,Unplanned,Closed,2026-09-23T07:50:00Z,2026-09-23T09:50:00Z,120
1945322,East,Zirakpur,Dehar. Cat. 1,Unplanned,Closed,2026-09-23T07:49:00Z,2026-09-23T08:15:00Z,26
1945321,Border,GURDASPUR,IGC,Unplanned,Closed,2026-09-23T07:47:00Z,2026-09-23T08:02:00Z,15
1945320,South,PATIALA,Tej Bagh Colony,Unplanned,Closed,2026-09-23T07:36:00Z,2026-09-23T08:10:00Z,34
1945319,North,HOSHIARPUR,LAROYA,Unplanned,Closed,2026-09-23T07:24:00Z,2026-09-23T08:49:00Z,85
1945318,North,KAPURTHALA,UPS SUJOKALIA,Unplanned,Closed,2026-09-23T07:23:00Z,2026-09-23T09:18:00Z,115
1945317,North,HOSHIARPUR,RAMPUR,Unplanned,Closed,2026-09-23T07:15:00Z,2026-09-23T08:19:00Z,64
1945316,North,HOSHIARPUR,KOLYA,Unplanned,Closed,2026-09-23T07:10:00Z,2026-09-23T08:19:00Z,69
1945313,North,KAPURTHALA,UPS Badli Adda,Unplanned,Closed,2026-09-23T06:52:00Z,2026-09-23T08:15:00Z,83
1945314,Border,SUB URBAN AMRITSAR,UPS/ MANAWALA,Unplanned,Closed,2026-09-23T06:51:00Z,2026-09-23T07:30:00Z,39
1945312,West,MUKATSAR,Sikhwala Urban,Unplanned,Closed,2026-09-23T06:50:00Z,2026-09-23T10:00:00Z,190
1945310,Central,KHANNA,Sanjay Agro,Unplanned,Closed,2026-09-23T06:35:00Z,2026-09-23T08:00:00Z,85
1945311,West,BATHINDA,Nandh garh,Unplanned,Closed,2026-09-23T06:23:00Z,2026-09-23T07:19:00Z,56
1945309,East,Zirakpur,SAVITRY GREEN 2,Unplanned,Closed,2026-09-23T06:22:00Z,2026-09-23T07:36:00Z,74
1945315,North,JALANDHAR,Shivaji Nagar,Unplanned,Closed,2026-09-23T06:20:00Z,2026-09-23T07:22:00Z,62
1945308,East,MOHALI,Sec 54,Unplanned,Closed,2026-09-23T06:13:25Z,2026-09-23T06:50:30Z,37
1945307,South,PATIALA,Tej Bagh Colony,Unplanned,Closed,2026-09-23T06:03:00Z,2026-09-23T06:53:00Z,50
1945305,South,SANGRUR,Ganesh Thread,Unplanned,Closed,2026-09-23T05:48:05Z,2026-09-23T09:15:05Z,207
1945304,South,SANGRUR,Mandi Road,Unplanned,Closed,2026-09-23T05:48:05Z,2026-09-23T09:15:05Z,207
1945303,South,SANGRUR,UPS DAFTRIWALA,Unplanned,Closed,2026-09-23T05:48:05Z,2026-09-23T09:15:05Z,207
1945302,South,SANGRUR,GHAGGA CITY,Unplanned,Closed,2026-09-23T05:48:05Z,2026-09-23T09:15:05Z,207
1945301,South,SANGRUR,UPS ATTALIAN,Unplanned,Closed,2026-09-23T05:48:05Z,2026-09-23T09:15:05Z,207
1945300,South,SANGRUR,UPS BHAMANMAJARA,Unplanned,Closed,2026-09-23T05:48:05Z,2026-09-23T09:15:05Z,207
1945306,South,SANGRUR,BANARSI CITY,Unplanned,Closed,2026-09-23T05:35:00Z,2026-09-23T07:00:00Z,85
1945299,West,BATHINDA,BABA HARNAM SINGH,Unplanned,Closed,2026-09-23T05:20:00Z,2026-09-23T05:50:00Z,30
1945298,Border,SUB URBAN AMRITSAR,Satnam Nagar,Unplanned,Closed,2026-09-23T05:05:41Z,2026-09-23T07:25:14Z,139
1945297,South,SANGRUR,UPS TEIPUR,Unplanned,Closed,2026-09-23T04:45:00Z,2026-09-23T06:40:00Z,115
1945296,North,JALANDHAR,PAP,Unplanned,Closed,2026-09-23T04:30:00Z,2026-09-23T05:15:00Z,45
1945367,Central,CITY WEST LUDHIANA,LOHARA ROAD,Unplanned,Closed,2026-09-23T04:28:51Z,2026-09-23T10:29:20Z,360
1945295,West,BATHINDA,Baba dunna urban chawke,Unplanned,Closed,2026-09-23T03:00:00Z,2026-09-23T07:05:00Z,245
1945294,North,HOSHIARPUR,11KV Dagan UPS,Unplanned,Closed,2026-09-23T02:25:00Z,2026-09-23T02:40:00Z,15
1945293,West,MUKATSAR,11 KV Bhagsar UPS,Unplanned,Closed,2026-09-23T01:04:01Z,2026-09-23T05:57:20Z,293
1945291,East,Zirakpur,DAPPAR,Unplanned,Closed,2026-09-23T00:20:00Z,2026-09-23T01:00:00Z,40
1945290,West,BATHINDA,Mandi Khurd,Unplanned,Closed,2026-09-23T00:05:00Z,2026-09-23T01:20:00Z,75
1945289,Central,CITY WEST LUDHIANA,Aman Park,Planned,Closed,2026-09-22T23:57:58Z,2026-09-23T00:25:13Z,27
1945287,East,Zirakpur,ALFA DRUG,Unplanned,Closed,2026-09-22T23:30:00Z,2026-09-22T23:50:00Z,20
1945286,East,Zirakpur,JAGAN TUBE,Unplanned,Closed,2026-09-22T23:30:00Z,2026-09-22T23:50:00Z,20
1945285,East,Zirakpur,DAPPAR,Unplanned,Closed,2026-09-22T23:20:00Z,2026-09-22T23:50:00Z,30
1945284,South,SANGRUR,Roxy road,Unplanned,Closed,2026-09-22T23:11:35Z,2026-09-22T23:31:44Z,20
1945292,North,JALANDHAR,GURU NANAK NAGAR,Unplanned,Closed,2026-09-22T23:00:00Z,2026-09-22T23:42:00Z,42
1945288,Border,GURDASPUR,Sunder Nagar,Unplanned,Closed,2026-09-22T23:00:00Z,2026-09-22T23:38:00Z,38
1945281,East,Zirakpur,ASSTHA,Planned,Closed,2026-09-22T22:38:00Z,2026-09-22T23:50:00Z,72
1945280,East,Zirakpur,11 KV AMBALA ROAD,Planned,Closed,2026-09-22T22:38:00Z,2026-09-22T23:50:00Z,72
1945278,East,Zirakpur,Sukhmani Sahib,Unplanned,Closed,2026-09-22T22:32:00Z,2026-09-22T23:38:00Z,66
1945277,East,MOHALI,SEC-69,Unplanned,Closed,2026-09-22T22:29:48Z,2026-09-22T23:50:58Z,81
1945276,West,MUKATSAR,Ladhuka,Unplanned,Closed,2026-09-22T21:57:13Z,2026-09-22T23:13:06Z,75
1945275,North,JALANDHAR,DRDO,Unplanned,Closed,2026-09-22T21:56:00Z,2026-09-22T22:41:00Z,45
1945279,Border,GURDASPUR,UPS Feeder,Unplanned,Closed,2026-09-22T21:55:00Z,2026-09-22T22:50:00Z,55
1945274,Central,KHANNA,Bija Urban,Unplanned,Closed,2026-09-22T21:45:00Z,2026-09-22T22:55:00Z,70
1945273,South,BARNALA,UPS HATHOA,Unplanned,Closed,2026-09-22T21:35:00Z,2026-09-22T22:20:00Z,45
1945269,Central,KHANNA,Alloona Miana,Unplanned,Closed,2026-09-22T21:20:00Z,2026-09-22T23:15:00Z,115
1945267,North,HOSHIARPUR,Tagore Nagar,Unplanned,Closed,2026-09-22T21:20:00Z,2026-09-22T22:07:00Z,47
1945261,Central,CITY WEST LUDHIANA,LODHI CLUB,Planned,Closed,2026-09-22T20:47:17Z,2026-09-22T21:11:41Z,24
1945251,East,ROPAR,11 KV Badala Road,Unplanned,Closed,2026-09-22T20:25:00Z,2026-09-22T21:48:00Z,83
1945283,East,MOHALI,64-B,Unplanned,Closed,2026-09-22T20:22:00Z,2026-09-22T21:50:00Z,88
1945250,East,ROPAR,11 KV Kiratpur Sahib,Unplanned,Closed,2026-09-22T20:21:00Z,2026-09-22T20:52:00Z,31
1945249,South,SANGRUR,11 KV LONGOWAL URBAN,Unplanned,Closed,2026-09-22T20:15:00Z,2026-09-22T20:50:00Z,35
1945252,East,Zirakpur,UPS AGGANPUR,Unplanned,Closed,2026-09-22T20:10:00Z,2026-09-22T21:10:00Z,60
1945248,Central,CITY EAST LUDHIANA,G ARJAN DEV NAGAR,Unplanned,Closed,2026-09-22T20:10:00Z,2026-09-22T21:10:00Z,60
1945247,South,SANGRUR,11 KV SAMADHAN URBAN,Unplanned,Closed,2026-09-22T20:01:00Z,2026-09-22T20:20:00Z,19
1945244,Central,CITY WEST LUDHIANA,Rolex Feeder,Unplanned,Closed,2026-09-22T19:56:41Z,2026-09-22T20:17:15Z,20
1945243,East,MOHALI,Kasauli,Unplanned,Closed,2026-09-22T19:47:02Z,2026-09-22T20:50:51Z,63
1945245,West,BATHINDA,BAGHA,Unplanned,Closed,2026-09-22T19:45:00Z,2026-09-22T20:07:00Z,22
1945242,Central,KHANNA,Shastri Nagar,Unplanned,Closed,2026-09-22T19:45:00Z,2026-09-22T20:10:00Z,25
1945246,West,BATHINDA,11 KV NEW URBAN BARETA,Unplanned,Closed,2026-09-22T19:41:00Z,2026-09-22T20:20:00Z,39
1945240,Central,CITY WEST LUDHIANA,AKM,Planned,Closed,2026-09-22T19:39:19Z,2026-09-22T20:20:21Z,41
1945238,Central,CITY WEST LUDHIANA,RENTAL COLONY,Planned,Closed,2026-09-22T19:36:24Z,2026-09-22T20:00:29Z,24
1945241,East,MOHALI,11KV DHARAMGARH UPS,Unplanned,Closed,2026-09-22T19:34:39Z,2026-09-22T19:52:21Z,17
1945239,Central,CITY EAST LUDHIANA,PREM NAGAR,Unplanned,Closed,2026-09-22T19:34:00Z,2026-09-22T20:01:00Z,27
1945237,Border,TARN TARAN,SAIDPUR URBAN,Unplanned,Closed,2026-09-22T19:25:00Z,2026-09-22T20:05:19Z,40
1945236,West,BATHINDA,GOLE MARKET -1,Planned,Closed,2026-09-22T19:18:39Z,2026-09-22T20:17:14Z,58
1945196,East,Zirakpur,LALRU CITY,Unplanned,Closed,2026-09-22T19:14:00Z,2026-09-22T19:40:00Z,26
1945194,North,HOSHIARPUR,Lajwanti Stadium,Unplanned,Closed,2026-09-22T19:06:00Z,2026-09-22T19:22:00Z,16
1945193,East,Zirakpur,LALRU CITY,Unplanned,Closed,2026-09-22T19:00:00Z,2026-09-22T19:40:00Z,40
1945192,North,HOSHIARPUR,FOCAL POINT KHUN-2KALAN,Unplanned,Closed,2026-09-22T19:00:00Z,2026-09-22T19:15:00Z,15
1945195,West,BATHINDA,DUBWALI ROAD,Planned,Closed,2026-09-22T18:57:59Z,2026-09-22T19:29:03Z,31
1945191,South,PATIALA,CINEMA  ROAD,Unplanned,Closed,2026-09-22T18:55:00Z,2026-09-22T19:30:00Z,35
1945189,North,HOSHIARPUR,LAMBRA,Unplanned,Closed,2026-09-22T18:49:00Z,2026-09-22T19:40:00Z,51
1945190,West,BATHINDA,11 KV H P Road,Unplanned,Closed,2026-09-22T18:45:00Z,2026-09-22T20:40:00Z,115
1945185,South,PATIALA,UPS RAJPURA,Unplanned,Closed,2026-09-22T18:40:00Z,2026-09-22T18:59:00Z,19
1945188,East,Zirakpur,Bhudda Sahib,Planned,Closed,2026-09-22T18:38:00Z,2026-09-22T18:54:00Z,16
1945187,East,Zirakpur,11 kv malwa,Planned,Closed,2026-09-22T18:38:00Z,2026-09-22T18:54:00Z,16
1945186,East,Zirakpur,BEGAMPURA,Unplanned,Closed,2026-09-22T18:38:00Z,2026-09-22T18:54:00Z,16
1945138,East,Zirakpur,DEEPAK PIPE,Unplanned,Closed,2026-09-22T18:36:00Z,2026-09-22T18:52:00Z,16
1945207,Border,SUB URBAN AMRITSAR,MILK PLANT,Unplanned,Closed,2026-09-22T18:35:00Z,2026-09-22T20:40:00Z,125
1945133,South,SANGRUR,BALAKNATH,Planned,Closed,2026-09-22T18:33:15Z,2026-09-22T18:58:49Z,25
1945184,West,BATHINDA,DUBWALI ROAD,Unplanned,Closed,2026-09-22T18:27:00Z,2026-09-22T18:55:45Z,28
1945183,West,BATHINDA,GOLE MARKET -1,Unplanned,Closed,2026-09-22T18:22:00Z,2026-09-22T19:17:15Z,55
1945112,Border,GURDASPUR,Taragarh,Unplanned,Closed,2026-09-22T18:16:00Z,2026-09-22T18:38:00Z,22
1945111,Border,GURDASPUR,Dalia,Unplanned,Closed,2026-09-22T18:16:00Z,2026-09-22T18:38:00Z,22
1945110,North,HOSHIARPUR,11 KV Banial Feeder,Unplanned,Closed,2026-09-22T18:15:00Z,2026-09-22T18:32:00Z,17
1945109,Border,GURDASPUR,Manj,Unplanned,Closed,2026-09-22T18:15:00Z,2026-09-22T18:38:00Z,23
1945108,Border,GURDASPUR,Saidipur,Unplanned,Closed,2026-09-22T18:15:00Z,2026-09-22T18:38:00Z,23
1945107,Central,CITY EAST LUDHIANA,B DEEP SINGH NAGAR,Unplanned,Closed,2026-09-22T18:05:00Z,2026-09-22T19:47:00Z,102
1945089,South,SANGRUR,24 HRS. BALRAN,Planned,Closed,2026-09-22T18:02:31Z,2026-09-22T18:50:41Z,48
1945094,Central,CITY EAST LUDHIANA,G ARJAN DEV NAGAR,Unplanned,Closed,2026-09-22T18:00:00Z,2026-09-22T19:47:00Z,107
1945092,East,Zirakpur,LALRU CITY,Unplanned,Closed,2026-09-22T18:00:00Z,2026-09-22T18:55:00Z,55
1945088,South,SANGRUR,11 KV JAKHEPAL UPS,Unplanned,Closed,2026-09-22T17:55:00Z,2026-09-22T19:01:00Z,66
1945087,South,BARNALA,Block Road Cat-1,Unplanned,Closed,2026-09-22T17:55:00Z,2026-09-22T19:05:00Z,70
1945091,Central,CITY EAST LUDHIANA,PREM NAGAR,Unplanned,Closed,2026-09-22T17:50:00Z,2026-09-22T19:20:00Z,90
1945084,Central,CITY EAST LUDHIANA,CHAURA BAZAAR,Unplanned,Closed,2026-09-22T17:50:00Z,2026-09-22T18:37:00Z,47
1945080,South,SANGRUR,PAPRA(main+branch),Planned,Closed,2026-09-22T17:45:48Z,2026-09-22T18:52:57Z,67
1945085,South,PATIALA,AMARGARH UPS,Unplanned,Closed,2026-09-22T17:45:00Z,2026-09-22T18:05:24Z,20
1945086,West,FARIDKOT,GOBIND ESTATE,Planned,Closed,2026-09-22T17:44:11Z,2026-09-22T18:38:00Z,53
1945083,East,Zirakpur,HLP,Unplanned,Closed,2026-09-22T17:42:00Z,2026-09-22T18:28:00Z,46
1945081,East,MOHALI,JANTI DEVI,Unplanned,Closed,2026-09-22T17:40:55Z,2026-09-22T18:15:48Z,34
1945093,South,BARNALA,Bajakhana Road,Unplanned,Closed,2026-09-22T17:40:00Z,2026-09-22T18:15:00Z,35
1945082,Central,CITY EAST LUDHIANA,GIRJAGHAR CHOWNK,Unplanned,Closed,2026-09-22T17:34:00Z,2026-09-22T18:57:00Z,83
1945078,North,HOSHIARPUR,CHACK NUR ALI,Unplanned,Closed,2026-09-22T17:30:00Z,2026-09-22T18:00:00Z,30
1945076,North,HOSHIARPUR,DHOOT KALAN,Unplanned,Closed,2026-09-22T17:30:00Z,2026-09-22T18:00:00Z,30
1945073,South,BARNALA,BANBHOURA CAT.1,Planned,Closed,2026-09-22T17:30:00Z,2026-09-22T17:50:00Z,20
1945079,Border,TARN TARAN,Railway Road Urban..,Unplanned,Closed,2026-09-22T17:25:00Z,2026-09-22T18:10:00Z,45
1945077,East,ROPAR,Jhangrian,Unplanned,Closed,2026-09-22T17:24:00Z,2026-09-22T17:42:00Z,18
1945072,East,Zirakpur,SANULI,Planned,Closed,2026-09-22T17:20:00Z,2026-09-22T17:32:00Z,12
1945069,Central,CITY WEST LUDHIANA,LOHARA,Unplanned,Closed,2026-09-22T17:17:06Z,2026-09-22T18:07:54Z,50
1945068,Border,GURDASPUR,Bamial 24hrs,Unplanned,Closed,2026-09-22T17:15:00Z,2026-09-22T17:30:00Z,15
1945067,Border,CITY AMRITSAR,Lawrence Road,Unplanned,Closed,2026-09-22T17:12:56Z,2026-09-22T17:52:04Z,39
1945071,Border,GURDASPUR,Manj,Unplanned,Closed,2026-09-22T17:10:00Z,2026-09-22T17:58:00Z,48
1945065,North,JALANDHAR,NEW SHANKAR,Unplanned,Closed,2026-09-22T17:09:00Z,2026-09-22T17:30:00Z,21
1945070,West,MUKATSAR,11 KV Alamgarh,Unplanned,Closed,2026-09-22T17:08:00Z,2026-09-22T18:28:00Z,80
1945060,Central,CITY WEST LUDHIANA,CENTRA GREENS,Planned,Closed,2026-09-22T17:06:16Z,2026-09-22T17:31:18Z,25
1945061,North,JALANDHAR,GAJIPUR,Unplanned,Closed,2026-09-22T17:05:00Z,2026-09-22T17:20:00Z,15
1945059,Border,SUB URBAN AMRITSAR,Hoshiar Nagar UPS,Unplanned,Closed,2026-09-22T17:03:00Z,2026-09-22T19:00:00Z,117
1945064,North,KAPURTHALA,Nawi Abadi,Unplanned,Closed,2026-09-22T17:00:00Z,2026-09-22T17:30:00Z,30
1945058,South,SANGRUR,CITY LEHRA,Unplanned,Closed,2026-09-22T16:46:00Z,2026-09-22T18:25:00Z,99
1945055,North,NAWANSHAHR,UPS No. 2,Unplanned,Closed,2026-09-22T16:45:00Z,2026-09-22T17:50:00Z,65
1945053,East,MOHALI,Kasauli,Unplanned,Closed,2026-09-22T16:42:33Z,2026-09-22T17:40:27Z,57
1945052,East,MOHALI,11 KV Gura,Unplanned,Closed,2026-09-22T16:42:33Z,2026-09-22T16:55:00Z,12
1945066,East,Zirakpur,ATS-2,Unplanned,Closed,2026-09-22T16:40:00Z,2026-09-22T17:46:00Z,66
1945063,East,Zirakpur,MAHIWALA,Unplanned,Closed,2026-09-22T16:40:00Z,2026-09-22T17:46:00Z,66
1945062,East,Zirakpur,URBAN-3 DERABASSI,Unplanned,Closed,2026-09-22T16:40:00Z,2026-09-22T17:46:00Z,66
1945054,South,SANGRUR,Industrial (Benra),Unplanned,Closed,2026-09-22T16:40:00Z,2026-09-22T18:25:00Z,105
1945051,South,PATIALA,Jagdish Colony,Unplanned,Closed,2026-09-22T16:36:00Z,2026-09-22T16:49:00Z,13
1945049,Border,GURDASPUR,IGC,Unplanned,Closed,2026-09-22T16:31:00Z,2026-09-22T17:00:00Z,29
1945050,South,SANGRUR,CHHAHAR UPS,Unplanned,Closed,2026-09-22T16:25:00Z,2026-09-22T16:50:00Z,25
1945045,East,MOHALI,Kasauli,Unplanned,Closed,2026-09-22T16:20:00Z,2026-09-22T16:34:11Z,14
1945048,North,HOSHIARPUR,Bihala,Unplanned,Closed,2026-09-22T16:15:00Z,2026-09-22T17:10:00Z,55
1945047,North,HOSHIARPUR,FATEHGARH,Unplanned,Closed,2026-09-22T16:15:00Z,2026-09-22T16:45:00Z,30
1945044,East,Zirakpur,GREEN LOTUS,Planned,Closed,2026-09-22T16:10:00Z,2026-09-22T16:23:00Z,13
1945043,East,Zirakpur,SAVITRYGREEN,Planned,Closed,2026-09-22T16:10:00Z,2026-09-22T16:23:00Z,13
1945046,North,JALANDHAR,11 KV NEW SHARP CHUCK,Unplanned,Closed,2026-09-22T16:06:00Z,2026-09-22T17:10:00Z,64
1945036,South,SANGRUR,Dhuri Gate,Unplanned,Closed,2026-09-22T16:05:11Z,2026-09-22T17:05:25Z,60
1945041,East,Zirakpur,SAVITRY GREEN 2,Planned,Closed,2026-09-22T16:05:00Z,2026-09-22T16:12:00Z,7
1945040,West,MUKATSAR,Gandhi Nagar,Unplanned,Closed,2026-09-22T16:00:00Z,2026-09-22T17:37:00Z,97
1945038,West,MUKATSAR,Bikaneri Road,Unplanned,Closed,2026-09-22T16:00:00Z,2026-09-22T17:36:00Z,96
1945039,West,MUKATSAR,Kheowali,Unplanned,Closed,2026-09-22T15:56:00Z,2026-09-22T16:55:00Z,59
1945035,East,Zirakpur,HARMILAP NAGAR,Planned,Closed,2026-09-22T15:55:00Z,2026-09-22T16:04:00Z,9
1945037,West,MUKATSAR,Lambi,Unplanned,Closed,2026-09-22T15:48:00Z,2026-09-22T16:55:00Z,67
1945042,Border,GURDASPUR,MUGRALA,Unplanned,Closed,2026-09-22T15:45:00Z,2026-09-22T16:13:00Z,28
1945022,Central,KHANNA,City-3,Unplanned,Closed,2026-09-22T15:44:00Z,2026-09-22T16:22:00Z,38
1945033,East,ROPAR,Nijjer Road,Planned,Closed,2026-09-22T15:42:00Z,2026-09-22T16:11:00Z,29
1945020,South,SANGRUR,DHURI PIND AP (66KV BENRA),Planned,Closed,2026-09-22T15:42:00Z,2026-09-22T19:24:00Z,222
1945019,South,SANGRUR,Meerheri 2,Planned,Closed,2026-09-22T15:42:00Z,2026-09-22T19:24:00Z,222
1945017,South,SANGRUR,Organics Cat-4,Planned,Closed,2026-09-22T15:42:00Z,2026-09-22T19:24:00Z,222
1945015,South,SANGRUR,A P Solvex,Planned,Closed,2026-09-22T15:42:00Z,2026-09-22T19:24:00Z,222
1945016,North,HOSHIARPUR,JAKOWAL,Unplanned,Closed,2026-09-22T15:40:00Z,2026-09-22T16:05:00Z,25
1945018,East,Zirakpur,DHILLON,Unplanned,Closed,2026-09-22T15:38:00Z,2026-09-22T16:40:00Z,62
1945014,East,Zirakpur,PEER MUCHHALA,Planned,Closed,2026-09-22T15:33:00Z,2026-09-22T15:46:00Z,13
1945013,East,Zirakpur,KHANNA,Planned,Closed,2026-09-22T15:33:00Z,2026-09-22T15:46:00Z,13
1945011,East,Zirakpur,BPCL,Unplanned,Closed,2026-09-22T15:32:00Z,2026-09-22T16:08:00Z,36
1945021,Border,CITY AMRITSAR,11 KV Bhathian,Unplanned,Closed,2026-09-22T15:30:00Z,2026-09-22T16:00:10Z,30
1945009,Central,KHANNA,M/s Sam Solar Private Limited,Planned,Closed,2026-09-22T15:30:00Z,2026-09-22T18:35:00Z,185
1945008,Central,KHANNA,GANPATI BODY BUILDERS,Unplanned,Closed,2026-09-22T15:30:00Z,2026-09-22T17:00:00Z,90
1945031,West,BATHINDA,11 KV WATER WORKS,Planned,Closed,2026-09-22T15:27:34Z,2026-09-22T15:30:41Z,3
1945030,West,BATHINDA,MODEL TOWN PHASE-4&5,Planned,Closed,2026-09-22T15:27:34Z,2026-09-22T15:30:34Z,3
1945029,West,BATHINDA,TIN KONI,Planned,Closed,2026-09-22T15:27:34Z,2026-09-22T15:30:02Z,2
1945028,West,BATHINDA,BALLA RAM NAGAR,Planned,Closed,2026-09-22T15:27:34Z,2026-09-22T15:31:10Z,3
1945027,West,BATHINDA,GANESHA BASTI,Planned,Closed,2026-09-22T15:27:34Z,2026-09-22T15:30:18Z,2
1945026,West,BATHINDA,GREEN CITY,Planned,Closed,2026-09-22T15:27:34Z,2026-09-22T15:31:27Z,3
1945025,West,BATHINDA,M.E.S.(STANDBY) /WATER WORKS,Planned,Closed,2026-09-22T15:27:34Z,2026-09-22T15:28:34Z,1
1945024,West,BATHINDA,SHAKTI VIHAR,Planned,Closed,2026-09-22T15:27:34Z,2026-09-22T15:30:44Z,3
1945012,East,MOHALI,11KV Sec 109,Unplanned,Closed,2026-09-22T15:25:00Z,2026-09-22T15:55:00Z,30
1945010,West,BATHINDA,MIRPUR,Planned,Closed,2026-09-22T15:25:00Z,2026-09-22T16:02:14Z,37
1945007,South,PATIALA,UPS RAJPURA,Unplanned,Closed,2026-09-22T15:25:00Z,2026-09-22T16:15:00Z,50
1945006,Border,GURDASPUR,GAJIKOT,Unplanned,Closed,2026-09-22T15:21:00Z,2026-09-22T15:40:00Z,19
1945005,Border,GURDASPUR,TALIBPUR,Unplanned,Closed,2026-09-22T15:20:00Z,2026-09-22T15:40:00Z,20
1944998,South,SANGRUR,UPS Guru Nanak Nagar,Planned,Closed,2026-09-22T15:15:26Z,2026-09-22T17:15:39Z,120
1945004,North,JALANDHAR,TV TOWER,Unplanned,Closed,2026-09-22T15:15:00Z,2026-09-22T15:25:00Z,10
1945002,East,Zirakpur,ORBIT,Unplanned,Closed,2026-09-22T15:14:00Z,2026-09-22T16:23:00Z,69
1945000,East,MOHALI,Kasauli,Unplanned,Closed,2026-09-22T15:10:23Z,2026-09-22T15:35:36Z,25
1944999,East,MOHALI,11 KV SUKHNA ENCLAVE,Unplanned,Closed,2026-09-22T15:10:23Z,2026-09-22T15:35:06Z,24
1945001,West,FARIDKOT,11 Kv Surgapuri C-1,Planned,Closed,2026-09-22T15:05:18Z,2026-09-22T17:16:07Z,130
1944996,Border,GURDASPUR,Manj,Unplanned,Closed,2026-09-22T15:05:00Z,2026-09-22T15:27:00Z,22
1944997,South,PATIALA,rajpura,Planned,Closed,2026-09-22T15:02:00Z,2026-09-22T15:20:00Z,18
1945003,West,BATHINDA,LOCAL FEEDER,Unplanned,Closed,2026-09-22T14:57:00Z,2026-09-22T18:26:00Z,209
1944989,Central,CITY WEST LUDHIANA,MODEL TOWN,Planned,Closed,2026-09-22T14:55:02Z,2026-09-22T16:08:22Z,73
1944995,North,KAPURTHALA,Taj city,Unplanned,Closed,2026-09-22T14:55:00Z,2026-09-22T16:10:00Z,75
1944991,East,Zirakpur,MUBARIK PUR INDUSTRIAL,Unplanned,Closed,2026-09-22T14:53:00Z,2026-09-22T15:55:00Z,62
1944994,East,Zirakpur,DHAKOLI,Planned,Closed,2026-09-22T14:50:00Z,2026-09-22T15:18:00Z,28
1944993,Border,GURDASPUR,HOSPITAL,Unplanned,Closed,2026-09-22T14:50:00Z,2026-09-22T15:10:00Z,20
1944992,East,MOHALI,11KV BHARATPUR AP,Unplanned,Closed,2026-09-22T14:50:00Z,2026-09-22T15:50:00Z,60
1944990,East,MOHALI,11 KV CHADIALA UPS,Unplanned,Closed,2026-09-22T14:50:00Z,2026-09-22T15:50:00Z,60
1944987,East,Zirakpur,RANBAXY,Unplanned,Closed,2026-09-22T14:48:00Z,2026-09-22T15:40:00Z,52
1944986,East,Zirakpur,HARMILAP NAGAR,Planned,Closed,2026-09-22T14:40:00Z,2026-09-22T15:03:00Z,23
1944985,North,HOSHIARPUR,11 KV KAILON,Unplanned,Closed,2026-09-22T14:40:00Z,2026-09-22T15:35:00Z,55
1944984,West,FARIDKOT,FACTORY AREA,Unplanned,Closed,2026-09-22T14:40:00Z,2026-09-22T15:30:00Z,50
1944988,East,ROPAR,Haripur,Unplanned,Closed,2026-09-22T14:38:00Z,2026-09-22T14:58:00Z,20
1944978,North,NAWANSHAHR,BALACHAUR CITY-3,Unplanned,Closed,2026-09-22T14:35:00Z,2026-09-22T16:15:00Z,100
1944977,West,FARIDKOT,DEEP SINGH WALA,Planned,Closed,2026-09-22T14:31:47Z,2026-09-22T15:36:54Z,65
1944982,East,Zirakpur,ZIRAKPUR-1,Unplanned,Closed,2026-09-22T14:30:00Z,2026-09-22T14:54:00Z,24
1944981,East,Zirakpur,11 kv malwa,Planned,Closed,2026-09-22T14:30:00Z,2026-09-22T14:40:00Z,10
1944980,East,Zirakpur,Bhudda Sahib,Planned,Closed,2026-09-22T14:30:00Z,2026-09-22T14:40:00Z,10
1944979,East,Zirakpur,BEGAMPURA,Unplanned,Closed,2026-09-22T14:30:00Z,2026-09-22T14:40:00Z,10
1944944,North,JALANDHAR,11 KV GROVER COLONY,Unplanned,Closed,2026-09-22T14:28:00Z,2026-09-22T14:41:00Z,13
1944958,East,MOHALI,11KV MANANA,Unplanned,Closed,2026-09-22T14:25:57Z,2026-09-22T15:10:38Z,44
1944942,South,SANGRUR,Dhhaake wala peer,Unplanned,Closed,2026-09-22T14:24:58Z,2026-09-22T15:07:06Z,42
1944941,Border,CITY AMRITSAR,LAKKAR MANDI,Planned,Closed,2026-09-22T14:23:51Z,2026-09-22T16:53:43Z,149
1944940,Border,CITY AMRITSAR,baba bhori wala,Planned,Closed,2026-09-22T14:23:51Z,2026-09-22T16:53:54Z,150
1944957,West,BATHINDA,COMMUNITY CENTRE,Unplanned,Closed,2026-09-22T14:23:33Z,2026-09-22T14:32:33Z,9
1944956,West,BATHINDA,GHORA CHOWNK,Unplanned,Closed,2026-09-22T14:23:33Z,2026-09-22T14:32:33Z,9
1944955,West,BATHINDA,MODEL TOWN PHASE -3,Unplanned,Closed,2026-09-22T14:23:33Z,2026-09-22T14:30:33Z,7
1944954,West,BATHINDA,MODEL TOWN PHASE -2,Unplanned,Closed,2026-09-22T14:23:33Z,2026-09-22T14:31:33Z,8
1944953,West,BATHINDA,MODEL TOWN PHASE -1,Unplanned,Closed,2026-09-22T14:23:33Z,2026-09-22T14:31:33Z,8
1944952,West,BATHINDA,JEEVAN PARKASH,Unplanned,Closed,2026-09-22T14:23:33Z,2026-09-22T14:33:33Z,10
1944951,West,BATHINDA,JUJHAR SINGH NAGAR,Unplanned,Closed,2026-09-22T14:23:33Z,2026-09-22T14:29:33Z,6
1944950,West,BATHINDA,11KV THAKUR COLONY,Unplanned,Closed,2026-09-22T14:23:28Z,2026-09-22T14:36:08Z,12
1944949,West,BATHINDA,11 KV DHOBI BAZAR,Unplanned,Closed,2026-09-22T14:23:28Z,2026-09-22T14:31:28Z,8
1944948,West,BATHINDA,11KV KANHAIYA CHOWK,Unplanned,Closed,2026-09-22T14:23:28Z,2026-09-22T14:31:28Z,8
1944947,West,BATHINDA,11 KV ZILA PARISHAD,Unplanned,Closed,2026-09-22T14:23:28Z,2026-09-22T14:30:28Z,7
1944946,West,BATHINDA,11 KV NAI BASTI,Unplanned,Closed,2026-09-22T14:23:28Z,2026-09-22T14:31:28Z,8
1944945,West,BATHINDA,11 KV MALL ROAD,Unplanned,Closed,2026-09-22T14:23:28Z,2026-09-22T14:31:34Z,8
1944976,West,BATHINDA,STADIUM,Unplanned,Closed,2026-09-22T14:22:59Z,2026-09-22T14:31:59Z,9
1944975,West,BATHINDA,MATA JIVI NAGAR,Unplanned,Closed,2026-09-22T14:22:59Z,2026-09-22T14:29:59Z,7
1944974,West,BATHINDA,BABA FARID NAGAR,Unplanned,Closed,2026-09-22T14:22:59Z,2026-09-22T14:31:59Z,9
1944973,West,BATHINDA,Relience Market,Unplanned,Closed,2026-09-22T14:22:59Z,2026-09-22T14:27:59Z,5
1944972,West,BATHINDA,KAMLA NEHRU,Unplanned,Closed,2026-09-22T14:22:59Z,2026-09-22T14:29:59Z,7
1944971,West,BATHINDA,Polytechnic,Unplanned,Closed,2026-09-22T14:22:59Z,2026-09-22T14:32:59Z,10
1944970,West,BATHINDA,DAYA NAND,Unplanned,Closed,2026-09-22T14:22:59Z,2026-09-22T14:32:59Z,10
1944969,West,BATHINDA,SHIV COLONY,Unplanned,Closed,2026-09-22T14:22:59Z,2026-09-22T14:32:59Z,10
1944968,West,BATHINDA,FOUJI CHOWK,Unplanned,Closed,2026-09-22T14:22:59Z,2026-09-22T14:32:59Z,10
1944967,West,BATHINDA,11 KV WATER WORKS,Unplanned,Closed,2026-09-22T14:22:59Z,2026-09-22T14:32:59Z,10
1944966,West,BATHINDA,MODEL TOWN PHASE-4&5,Unplanned,Closed,2026-09-22T14:22:59Z,2026-09-22T14:32:59Z,10
1944965,West,BATHINDA,TIN KONI,Unplanned,Closed,2026-09-22T14:22:59Z,2026-09-22T14:32:59Z,10
1944964,West,BATHINDA,Patel Nagar,Unplanned,Closed,2026-09-22T14:22:59Z,2026-09-22T14:32:59Z,10
1944963,West,BATHINDA,BALLA RAM NAGAR,Unplanned,Closed,2026-09-22T14:22:59Z,2026-09-22T14:32:59Z,10
1944962,West,BATHINDA,GANESHA BASTI,Unplanned,Closed,2026-09-22T14:22:59Z,2026-09-22T14:32:59Z,10
1944961,West,BATHINDA,GREEN CITY,Unplanned,Closed,2026-09-22T14:22:59Z,2026-09-22T14:32:59Z,10
1944960,West,BATHINDA,M.E.S.(STANDBY) /WATER WORKS,Unplanned,Closed,2026-09-22T14:22:59Z,2026-09-22T14:32:59Z,10
1944959,West,BATHINDA,SHAKTI VIHAR,Unplanned,Closed,2026-09-22T14:22:59Z,2026-09-22T14:34:59Z,12
1944939,North,KAPURTHALA,Civil Hospital,Unplanned,Closed,2026-09-22T14:20:04Z,2026-09-22T16:10:04Z,110
1944938,North,KAPURTHALA,UPS Kotla Suraj Mall,Unplanned,Closed,2026-09-22T14:20:04Z,2026-09-22T16:10:04Z,110
1944937,North,KAPURTHALA,UPS Sangatpur,Unplanned,Closed,2026-09-22T14:20:04Z,2026-09-22T16:10:04Z,110
1944936,North,KAPURTHALA,URBAN MODEL TOWN Shahkot,Unplanned,Closed,2026-09-22T14:20:04Z,2026-09-22T16:10:04Z,110
1944935,North,KAPURTHALA,Fazalwal,Unplanned,Closed,2026-09-22T14:20:04Z,2026-09-22T16:10:04Z,110
1944934,North,KAPURTHALA,Gobind Nagar,Unplanned,Closed,2026-09-22T14:20:04Z,2026-09-22T16:10:04Z,110
1944933,North,KAPURTHALA,URBAN MAIN BAZAAR Shahkot,Unplanned,Closed,2026-09-22T14:20:04Z,2026-09-22T16:10:04Z,110
1944932,North,KAPURTHALA,UPS Nagal Ambian,Unplanned,Closed,2026-09-22T14:20:04Z,2026-09-22T16:10:04Z,110
1944931,North,KAPURTHALA,URBAN DANA MANDI Shahkot,Unplanned,Closed,2026-09-22T14:20:04Z,2026-09-22T16:10:04Z,110
1944943,Border,GURDASPUR,Gorsiya,Unplanned,Closed,2026-09-22T14:20:00Z,2026-09-22T16:02:00Z,102
1944930,North,HOSHIARPUR,SANSARPUR,Unplanned,Closed,2026-09-22T14:20:00Z,2026-09-22T14:55:00Z,35
1944928,North,HOSHIARPUR,11KV MAKOWAL,Unplanned,Closed,2026-09-22T14:20:00Z,2026-09-22T14:55:00Z,35
1944983,Border,GURDASPUR,Burma Shell,Unplanned,Closed,2026-09-22T14:16:00Z,2026-09-22T14:40:00Z,24
1944927,East,ROPAR,Nurpur Bedi,Unplanned,Closed,2026-09-22T14:15:00Z,2026-09-22T14:50:00Z,35
1944929,West,BATHINDA,Station Basti,Unplanned,Closed,2026-09-22T14:13:00Z,2026-09-22T15:05:00Z,52
1944925,South,SANGRUR,SATGUR+MAURAN (GRID SULAR),Unplanned,Closed,2026-09-22T14:10:00Z,2026-09-22T14:25:00Z,15
1944922,South,BARNALA,INDUSTRIAL RATOLAN,Unplanned,Closed,2026-09-22T14:02:00Z,2026-09-22T15:30:00Z,88
1944921,North,HOSHIARPUR,GREEN VIEW PARK,Unplanned,Closed,2026-09-22T14:02:00Z,2026-09-22T14:33:00Z,31
1944920,North,KAPURTHALA,UPS MEHTMAWAL,Unplanned,Closed,2026-09-22T14:00:00Z,2026-09-22T14:36:00Z,36
1944919,North,JALANDHAR,Shivaji Nagar,Unplanned,Closed,2026-09-22T14:00:00Z,2026-09-22T14:45:00Z,45
1944924,Border,SUB URBAN AMRITSAR,Kot khalsa,Planned,Closed,2026-09-22T13:55:00Z,2026-09-22T14:55:00Z,60
1944918,South,BARNALA,UPS HATHOA,Unplanned,Closed,2026-09-22T13:55:00Z,2026-09-22T15:15:00Z,80
1944917,North,NAWANSHAHR,DUGRI,Unplanned,Closed,2026-09-22T13:55:00Z,2026-09-22T14:31:00Z,36
1944923,Border,TARN TARAN,LIDHAR,Unplanned,Closed,2026-09-22T13:50:00Z,2026-09-22T14:25:53Z,35
1944916,South,PATIALA,SARHIND ROAD,Unplanned,Closed,2026-09-22T13:50:00Z,2026-09-22T14:01:00Z,11
1944926,Border,GURDASPUR,UPS Feeder,Unplanned,Closed,2026-09-22T13:45:00Z,2026-09-22T16:15:00Z,150
1944912,Border,GURDASPUR,ARYA NAGAR,Unplanned,Closed,2026-09-22T13:45:00Z,2026-09-22T14:08:00Z,23
1944911,North,JALANDHAR,11KV JUNEJA FORGING,Unplanned,Closed,2026-09-22T13:44:00Z,2026-09-22T13:53:00Z,9
1944908,North,JALANDHAR,JULKA ESTATE,Unplanned,Closed,2026-09-22T13:40:00Z,2026-09-22T13:42:00Z,2
1944907,South,SANGRUR,HARIPURA,Unplanned,Closed,2026-09-22T13:38:42Z,2026-09-22T15:28:53Z,110
1944906,South,SANGRUR,AMBEKAR NAGAR,Unplanned,Closed,2026-09-22T13:36:11Z,2026-09-22T15:20:20Z,104
1944909,East,Zirakpur,HARMILAP NAGAR,Unplanned,Closed,2026-09-22T13:36:00Z,2026-09-22T14:30:00Z,54
1944904,North,JALANDHAR,SODAL,Planned,Closed,2026-09-22T13:31:00Z,2026-09-22T14:37:00Z,66
1944915,North,HOSHIARPUR,DARAPUR KANDI AP,Planned,Closed,2026-09-22T13:30:00Z,2026-09-22T15:35:00Z,125
1944914,North,HOSHIARPUR,Puda Colony,Planned,Closed,2026-09-22T13:30:00Z,2026-09-22T15:35:00Z,125
1944913,North,HOSHIARPUR,UPS katrala,Planned,Closed,2026-09-22T13:30:00Z,2026-09-22T15:35:00Z,125
1944910,East,Zirakpur,SAVITRY GREEN 2,Planned,Closed,2026-09-22T13:25:00Z,2026-09-22T13:33:00Z,8
1944903,Central,KHANNA,PAGRO,Unplanned,Closed,2026-09-22T13:23:00Z,2026-09-22T14:23:00Z,60
1944902,Central,KHANNA,NABIPUR,Unplanned,Closed,2026-09-22T13:23:00Z,2026-09-22T14:23:00Z,60
1944901,East,MOHALI,11 KV Masol,Planned,Closed,2026-09-22T13:23:00Z,2026-09-22T14:50:00Z,87
1944905,East,MOHALI,MOULI,Unplanned,Closed,2026-09-22T13:20:00Z,2026-09-22T14:12:00Z,52
1944898,Border,GURDASPUR,MUGRALA,Unplanned,Closed,2026-09-22T13:20:00Z,2026-09-22T15:08:00Z,108
1944887,North,JALANDHAR,NEW MODEL TOWN,Planned,Closed,2026-09-22T13:15:00Z,2026-09-22T15:13:00Z,118
1944895,South,SANGRUR,Geeta Bhawan Road Dirba C-1,Unplanned,Closed,2026-09-22T13:14:00Z,2026-09-22T13:48:00Z,34
1944900,East,MOHALI,ATS,Planned,Closed,2026-09-22T13:10:00Z,2026-09-22T13:36:00Z,26
1944899,East,MOHALI,Badmajra,Planned,Closed,2026-09-22T13:10:00Z,2026-09-22T13:36:00Z,26
1944896,North,HOSHIARPUR,Banjarbag,Planned,Closed,2026-09-22T13:10:00Z,2026-09-22T13:26:00Z,16
1944894,North,JALANDHAR,HAZARA,Unplanned,Closed,2026-09-22T13:05:00Z,2026-09-22T13:55:00Z,50
1944890,Border,TARN TARAN,BUTARI URBAN,Unplanned,Closed,2026-09-22T13:02:00Z,2026-09-22T13:25:51Z,23
1944897,East,Zirakpur,PEER MUCHHALA,Unplanned,Closed,2026-09-22T13:01:00Z,2026-09-22T14:18:00Z,77
1944880,Central,CITY EAST LUDHIANA,BASTI FEEDER,Planned,Closed,2026-09-22T13:01:00Z,2026-09-22T14:40:00Z,99
1944886,South,SANGRUR,Gurbaxpura-1,Unplanned,Closed,2026-09-22T13:00:00Z,2026-09-22T13:30:00Z,30
1944888,South,SANGRUR,Industrial,Planned,Closed,2026-09-22T12:59:46Z,2026-09-22T14:34:00Z,94
1944889,South,SANGRUR,Industrial Siana road,Planned,Closed,2026-09-22T12:59:11Z,2026-09-22T14:34:18Z,95
1944893,North,JALANDHAR,DHANOWALI,Unplanned,Closed,2026-09-22T12:55:00Z,2026-09-22T13:35:00Z,40
1944892,North,JALANDHAR,G T ROAD NO.1,Unplanned,Closed,2026-09-22T12:55:00Z,2026-09-22T13:35:00Z,40
1944891,North,JALANDHAR,GT Road No. 2,Unplanned,Closed,2026-09-22T12:55:00Z,2026-09-22T13:35:00Z,40
1944884,Central,CITY WEST LUDHIANA,LOHARA,Unplanned,Closed,2026-09-22T12:54:51Z,2026-09-22T13:58:54Z,64
1944882,East,MOHALI,commercial 95-96,Unplanned,Closed,2026-09-22T12:48:00Z,2026-09-22T13:03:00Z,15
1944797,North,HOSHIARPUR,HAJIPUR,Planned,Closed,2026-09-22T12:46:00Z,2026-09-22T15:25:00Z,159
1944795,North,HOSHIARPUR,KHIZARPUR,Planned,Closed,2026-09-22T12:46:00Z,2026-09-22T15:25:00Z,159
1944885,North,HOSHIARPUR,BHOGPUR NO 2,Unplanned,Closed,2026-09-22T12:40:00Z,2026-09-22T13:55:00Z,75
1944881,Border,TARN TARAN,NAGOKE URBAN,Unplanned,Closed,2026-09-22T12:40:00Z,2026-09-22T13:05:02Z,25
1944878,South,PATIALA,k.k.SCHOOL ROAD,Unplanned,Closed,2026-09-22T12:35:00Z,2026-09-22T12:50:00Z,15
1944341,Border,SUB URBAN AMRITSAR,MVN INDUSTRY,Planned,Closed,2026-09-22T12:35:00Z,2026-09-22T17:50:05Z,315
1944879,Central,SUB URBAN LUDHIANA,CITY-4,Unplanned,Closed,2026-09-22T12:33:00Z,2026-09-22T13:19:00Z,46
1944875,Border,GURDASPUR,GAJIKOT,Unplanned,Closed,2026-09-22T12:32:00Z,2026-09-22T13:20:00Z,48
1944841,South,SANGRUR,INDUSTRIAL CAT-II (Bhasour),Planned,Closed,2026-09-22T12:30:30Z,2026-09-22T13:50:00Z,79
1944840,South,SANGRUR,City,Planned,Closed,2026-09-22T12:30:00Z,2026-09-22T13:50:00Z,80
1944877,North,HOSHIARPUR,Banjarbag,Unplanned,Closed,2026-09-22T12:29:00Z,2026-09-22T12:50:00Z,21
1944872,West,MUKATSAR,11 KV LINK NO. 2,Unplanned,Closed,2026-09-22T12:26:00Z,2026-09-22T14:25:00Z,119
1944883,Border,TARN TARAN,Botelkiri,Unplanned,Closed,2026-09-22T12:20:00Z,2026-09-22T13:20:25Z,60
1944874,Border,SUB URBAN AMRITSAR,Disposal,Unplanned,Closed,2026-09-22T12:20:00Z,2026-09-22T12:50:27Z,30
1944865,Central,KHANNA,Ranno,Unplanned,Closed,2026-09-22T12:16:00Z,2026-09-22T13:08:00Z,52
1944871,South,SANGRUR,INDUSTRY,Unplanned,Closed,2026-09-22T12:15:00Z,2026-09-22T14:10:00Z,115
1944869,North,HOSHIARPUR,NESHRA PATAN,Unplanned,Closed,2026-09-22T12:15:00Z,2026-09-22T12:57:00Z,42
1944868,South,PATIALA,rajpura,Unplanned,Closed,2026-09-22T12:15:00Z,2026-09-22T12:35:00Z,20
1944867,North,HOSHIARPUR,RAILWAY ROAD MUKERIAN,Unplanned,Closed,2026-09-22T12:15:00Z,2026-09-22T12:57:00Z,42
1944866,North,HOSHIARPUR,CHACK,Unplanned,Closed,2026-09-22T12:15:00Z,2026-09-22T12:57:00Z,42
1944876,Border,GURDASPUR,TALIBPUR,Unplanned,Closed,2026-09-22T12:12:00Z,2026-09-22T13:20:00Z,68
1944864,Central,KHANNA,Tarkheri,Unplanned,Closed,2026-09-22T12:10:00Z,2026-09-22T13:08:00Z,58
1944862,Central,KHANNA,Shamshpur UPS,Unplanned,Closed,2026-09-22T12:10:00Z,2026-09-22T13:09:00Z,59
1944860,Central,KHANNA,Focal Point 2,Unplanned,Closed,2026-09-22T12:10:00Z,2026-09-22T12:47:00Z,37
1944870,South,SANGRUR,PUNIA COLONY,Unplanned,Closed,2026-09-22T12:08:04Z,2026-09-22T13:51:40Z,103
1944873,Border,CITY AMRITSAR,11Kv Kesri Bagh,Unplanned,Closed,2026-09-22T12:07:00Z,2026-09-22T13:30:00Z,83
1944863,South,PATIALA,SUNDER NAGAR RAJPURA,Unplanned,Closed,2026-09-22T12:05:00Z,2026-09-22T12:20:00Z,15
1944861,North,HOSHIARPUR,milk plant,Planned,Closed,2026-09-22T12:05:00Z,2026-09-22T12:30:00Z,25
1944857,Border,GURDASPUR,Irrigation,Unplanned,Closed,2026-09-22T12:02:00Z,2026-09-22T13:06:00Z,64
1944859,Border,TARN TARAN,KALAH UPS,Unplanned,Closed,2026-09-22T12:01:00Z,2026-09-22T12:30:00Z,29
1944723,East,ROPAR,9th Avenue,Planned,Closed,2026-09-22T12:00:26Z,2026-09-22T13:40:26Z,100
1944722,East,ROPAR,11 KV Green Wood,Planned,Closed,2026-09-22T12:00:26Z,2026-09-22T13:40:26Z,100
1944721,East,ROPAR,11 KV Absolute,Planned,Closed,2026-09-22T12:00:26Z,2026-09-22T13:40:26Z,100
1944720,East,ROPAR,11 KV COD,Planned,Closed,2026-09-22T12:00:26Z,2026-09-22T13:40:26Z,100
1944719,East,ROPAR,11 KV Casa Homes,Planned,Closed,2026-09-22T12:00:26Z,2026-09-22T13:40:26Z,100
1944853,North,JALANDHAR,11KV SANGAT SINGH NAGAR,Unplanned,Closed,2026-09-22T11:55:22Z,2026-09-22T12:14:01Z,18
1944858,East,Zirakpur,Bhudda Sahib,Planned,Closed,2026-09-22T11:55:00Z,2026-09-22T12:03:00Z,8
1944854,North,HOSHIARPUR,KOTLA,Unplanned,Closed,2026-09-22T11:55:00Z,2026-09-22T12:30:00Z,35
1944839,West,MUKATSAR,11 KV SAIDANWALI,Unplanned,Closed,2026-09-22T11:53:10Z,2026-09-22T13:20:20Z,87
1944856,West,MUKATSAR,GHUMIARA,Unplanned,Closed,2026-09-22T11:52:00Z,2026-09-22T13:09:00Z,77
1944831,West,MUKATSAR,INDRA NAGRI,Unplanned,Closed,2026-09-22T11:50:10Z,2026-09-22T13:48:14Z,118
1944852,Border,SUB URBAN AMRITSAR,BAL SACHANDER,Unplanned,Closed,2026-09-22T11:50:00Z,2026-09-22T12:15:00Z,25
1944829,Border,GURDASPUR,Behrian,Unplanned,Closed,2026-09-22T11:48:00Z,2026-09-22T12:23:00Z,35
1944842,West,FARIDKOT,11 Kv JALALEANA  CAT-1,Planned,Closed,2026-09-22T11:47:53Z,2026-09-22T14:23:56Z,156
1944850,North,HOSHIARPUR,BHUNGA,Planned,Closed,2026-09-22T11:45:00Z,2026-09-22T12:25:00Z,40
1944849,North,HOSHIARPUR,11 KV KAILON,Planned,Closed,2026-09-22T11:45:00Z,2026-09-22T12:25:00Z,40
1944848,North,HOSHIARPUR,GUGGA-PATTI,Planned,Closed,2026-09-22T11:45:00Z,2026-09-22T12:25:00Z,40
1944847,North,HOSHIARPUR,JANOURI,Planned,Closed,2026-09-22T11:45:00Z,2026-09-22T12:25:00Z,40
1944846,North,HOSHIARPUR,REHMAPUR,Planned,Closed,2026-09-22T11:45:00Z,2026-09-22T12:25:00Z,40
1944845,North,HOSHIARPUR,DAM,Planned,Closed,2026-09-22T11:45:00Z,2026-09-22T12:25:00Z,40
1944844,North,HOSHIARPUR,BAGPUR,Planned,Closed,2026-09-22T11:45:00Z,2026-09-22T12:25:00Z,40
1944843,North,HOSHIARPUR,KHUN KHUN,Planned,Closed,2026-09-22T11:45:00Z,2026-09-22T12:25:00Z,40
1944838,North,HOSHIARPUR,HARIANA,Planned,Closed,2026-09-22T11:45:00Z,2026-09-22T12:25:00Z,40
1944837,North,HOSHIARPUR,SOTLA,Planned,Closed,2026-09-22T11:45:00Z,2026-09-22T12:25:00Z,40
1944836,North,HOSHIARPUR,11 KV Bhikhowal,Planned,Closed,2026-09-22T11:45:00Z,2026-09-22T12:25:00Z,40
1944835,North,HOSHIARPUR,NIKKIWAL,Planned,Closed,2026-09-22T11:45:00Z,2026-09-22T12:25:00Z,40
1944834,North,HOSHIARPUR,NOORPUR,Planned,Closed,2026-09-22T11:45:00Z,2026-09-22T12:25:00Z,40
1944832,North,HOSHIARPUR,11 KV Kotli,Planned,Closed,2026-09-22T11:45:00Z,2026-09-22T12:25:00Z,40
1944830,East,Zirakpur,PANCHSHEEL,Unplanned,Closed,2026-09-22T11:45:00Z,2026-09-22T12:35:00Z,50
1944824,West,MUKATSAR,LINK NO. 1,Unplanned,Closed,2026-09-22T11:43:08Z,2026-09-22T12:34:14Z,51
1944828,West,BATHINDA,DANA MANDI,Planned,Closed,2026-09-22T11:43:00Z,2026-09-22T11:58:00Z,15
1944825,Central,KHANNA,Hargana,Unplanned,Closed,2026-09-22T11:43:00Z,2026-09-22T12:45:00Z,62
1944823,Central,KHANNA,Defence Bandh,Planned,Closed,2026-09-22T11:42:54Z,2026-09-22T13:00:54Z,78
1944822,Central,KHANNA,HOSPITAL,Planned,Closed,2026-09-22T11:42:54Z,2026-09-22T13:00:54Z,78
1944821,Central,KHANNA,JODHPUR,Planned,Closed,2026-09-22T11:42:54Z,2026-09-22T13:00:54Z,78
1944820,Central,KHANNA,AAM KHASS BAGH,Planned,Closed,2026-09-22T11:42:54Z,2026-09-22T13:00:54Z,78
1944819,Central,KHANNA,raily,Planned,Closed,2026-09-22T11:42:54Z,2026-09-22T13:02:54Z,80
1944818,Central,KHANNA,FATEHGARH SAHIB,Planned,Closed,2026-09-22T11:42:54Z,2026-09-22T13:00:54Z,78
1944817,Central,KHANNA,HANSALI,Planned,Closed,2026-09-22T11:42:54Z,2026-09-22T13:00:54Z,78
1944816,Central,KHANNA,Jyoti Swaroop Sahib,Planned,Closed,2026-09-22T11:42:54Z,2026-09-22T13:00:54Z,78
1944810,South,SANGRUR,RAMGARH,Planned,Closed,2026-09-22T11:40:09Z,2026-09-22T16:50:20Z,310
1944827,North,HOSHIARPUR,11 KV Shri Guru Nanak Nagar,Planned,Closed,2026-09-22T11:40:00Z,2026-09-22T14:15:00Z,155
1944811,North,HOSHIARPUR,KALYANPUR,Unplanned,Closed,2026-09-22T11:40:00Z,2026-09-22T11:55:00Z,15
1944799,North,HOSHIARPUR,WAZIRAN,Planned,Closed,2026-09-22T11:40:00Z,2026-09-22T14:25:00Z,165
1944798,North,HOSHIARPUR,HANDHWAL UPS,Planned,Closed,2026-09-22T11:40:00Z,2026-09-22T14:20:00Z,160
1944793,North,HOSHIARPUR,SAWAR,Planned,Closed,2026-09-22T11:40:00Z,2026-09-22T14:25:00Z,165
1944792,North,HOSHIARPUR,MPH NO. 3&4,Planned,Closed,2026-09-22T11:40:00Z,2026-09-22T14:25:00Z,165
1944791,North,HOSHIARPUR,khunda,Planned,Closed,2026-09-22T11:40:00Z,2026-09-22T14:25:00Z,165
1944789,North,HOSHIARPUR,MHP2,Planned,Closed,2026-09-22T11:40:00Z,2026-09-22T14:25:00Z,165
1944808,Border,GURDASPUR,Railway Road,Unplanned,Closed,2026-09-22T11:36:00Z,2026-09-22T13:40:00Z,124
1944809,South,SANGRUR,DHURI PIND AP (66KV BENRA),Planned,Closed,2026-09-22T11:35:00Z,2026-09-22T15:24:17Z,229
1944807,South,SANGRUR,Meerheri 2,Planned,Closed,2026-09-22T11:35:00Z,2026-09-22T15:24:42Z,229
1944805,South,SANGRUR,A P Solvex,Planned,Closed,2026-09-22T11:35:00Z,2026-09-22T15:24:03Z,229
1944803,South,SANGRUR,Organics Cat-4,Planned,Closed,2026-09-22T11:35:00Z,2026-09-22T15:24:17Z,229
1944815,East,Zirakpur,SILVERCITY,Planned,Closed,2026-09-22T11:33:00Z,2026-09-22T11:58:00Z,25
1944814,East,Zirakpur,SAVITRYGREEN,Planned,Closed,2026-09-22T11:33:00Z,2026-09-22T11:58:00Z,25
1944813,East,Zirakpur,ORBIT,Planned,Closed,2026-09-22T11:33:00Z,2026-09-22T11:58:00Z,25
1944801,East,MOHALI,11 KV Feeder sec 66 B,Planned,Closed,2026-09-22T11:32:00Z,2026-09-22T12:48:00Z,76
1944790,Central,CITY WEST LUDHIANA,Shiv Shakti,Unplanned,Closed,2026-09-22T11:30:49Z,2026-09-22T12:50:36Z,79
1944800,South,SANGRUR,GHARAT,Unplanned,Closed,2026-09-22T11:30:00Z,2026-09-22T12:20:00Z,50
1944796,West,BATHINDA,11 KV MAHAVIR DAL,Planned,Closed,2026-09-22T11:30:00Z,2026-09-22T13:20:00Z,110
1944794,West,BATHINDA,AJIT ROAD,Planned,Closed,2026-09-22T11:30:00Z,2026-09-22T13:20:00Z,110
1944788,South,SANGRUR,New Anaj Mandi,Unplanned,Closed,2026-09-22T11:26:00Z,2026-09-22T12:55:00Z,89
1944783,Central,CITY EAST LUDHIANA,BASTI FEEDER,Unplanned,Closed,2026-09-22T11:26:00Z,2026-09-22T12:08:00Z,42
1944804,North,JALANDHAR,Rainak Bazar,Unplanned,Closed,2026-09-22T11:25:35Z,2026-09-22T12:00:32Z,34
1944812,Border,GURDASPUR,MES Madhopur,Unplanned,Closed,2026-09-22T11:25:00Z,2026-09-22T13:06:00Z,101
1944787,Border,GURDASPUR,Malpur,Unplanned,Closed,2026-09-22T11:25:00Z,2026-09-22T16:20:00Z,295
1944782,South,PATIALA,Ablowal Feeder,Unplanned,Closed,2026-09-22T11:24:20Z,2026-09-22T14:02:36Z,158
1944781,North,JALANDHAR,LOVELY,Planned,Closed,2026-09-22T11:23:00Z,2026-09-22T15:05:00Z,222
1944785,West,BATHINDA,JHANDA KHURD,Planned,Closed,2026-09-22T11:20:00Z,2026-09-22T11:40:00Z,20
1944784,North,HOSHIARPUR,Bihala,Unplanned,Closed,2026-09-22T11:20:00Z,2026-09-22T11:45:00Z,25
1944780,East,Zirakpur,SHYAM INDOSPIN,Unplanned,Closed,2026-09-22T11:20:00Z,2026-09-22T12:10:00Z,50
1944779,North,HOSHIARPUR,PANWAN,Unplanned,Closed,2026-09-22T11:20:00Z,2026-09-22T12:00:00Z,40
1944778,Central,CITY WEST LUDHIANA,Rajguru Nagar,Planned,Closed,2026-09-22T11:19:14Z,2026-09-22T14:59:36Z,220
1944806,West,FARIDKOT,11 KV LANDE-UPS,Planned,Closed,2026-09-22T11:15:00Z,2026-09-22T11:55:00Z,40
1944802,West,FARIDKOT,11 KV SMALSAR CAT-01,Planned,Closed,2026-09-22T11:15:00Z,2026-09-22T11:55:00Z,40
1944786,West,BATHINDA,PHUL,Planned,Closed,2026-09-22T11:15:00Z,2026-09-22T13:10:00Z,115
1944777,Border,GURDASPUR,Pakho Chack,Unplanned,Closed,2026-09-22T11:11:00Z,2026-09-22T14:22:00Z,191
1944776,Border,GURDASPUR,Taragarh Cat-1,Unplanned,Closed,2026-09-22T11:11:00Z,2026-09-22T14:22:00Z,191
1944775,Border,GURDASPUR,Rattangarh,Unplanned,Closed,2026-09-22T11:11:00Z,2026-09-22T14:22:00Z,191
1944774,West,FARIDKOT,DANA ROMANA,Planned,Closed,2026-09-22T11:10:54Z,2026-09-22T12:26:52Z,75
1944773,South,SANGRUR,Ladwanjara C-1,Unplanned,Closed,2026-09-22T11:10:00Z,2026-09-22T11:30:00Z,20
1944771,East,MOHALI,Kasauli,Planned,Closed,2026-09-22T11:08:00Z,2026-09-22T12:23:00Z,75
1944851,West,FARIDKOT,11 KV MUDKI ROAD CAT-02,Unplanned,Closed,2026-09-22T11:05:00Z,2026-09-22T12:42:00Z,97
1944767,North,HOSHIARPUR,BILASPUR,Unplanned,Closed,2026-09-22T11:05:00Z,2026-09-22T11:15:00Z,10
1944764,North,HOSHIARPUR,BAGHA,Unplanned,Closed,2026-09-22T11:05:00Z,2026-09-22T12:00:00Z,55
1944768,South,PATIALA,INERTIA ALUMINIUM,Unplanned,Closed,2026-09-22T11:02:00Z,2026-09-22T11:30:00Z,28
1944772,Border,GURDASPUR,Chhaurian,Unplanned,Closed,2026-09-22T11:00:00Z,2026-09-22T13:50:00Z,170
1944769,East,MOHALI,Sec 56,Planned,Closed,2026-09-22T11:00:00Z,2026-09-22T12:20:00Z,80
1944766,North,HOSHIARPUR,SUSANA,Unplanned,Closed,2026-09-22T11:00:00Z,2026-09-22T11:45:00Z,45
1944765,North,HOSHIARPUR,DALLI shared feeder with s/divn,Unplanned,Closed,2026-09-22T11:00:00Z,2026-09-22T11:05:00Z,5
1944730,South,PATIALA,OPH,Planned,Closed,2026-09-22T11:00:00Z,2026-09-22T13:23:00Z,143
1944763,East,ROPAR,11KV Gillco Velly,Planned,Closed,2026-09-22T10:56:00Z,2026-09-22T11:58:00Z,62
1944761,East,MOHALI,39 west,Planned,Closed,2026-09-22T10:56:00Z,2026-09-22T13:33:00Z,157
1944760,East,MOHALI,Balongi,Planned,Closed,2026-09-22T10:56:00Z,2026-09-22T13:33:00Z,157
1944770,West,BATHINDA,BALLIANWALI CITY,Unplanned,Closed,2026-09-22T10:55:00Z,2026-09-22T13:30:00Z,155
1944759,Border,TARN TARAN,KALAH UPS,Unplanned,Closed,2026-09-22T10:50:00Z,2026-09-22T11:30:00Z,40
1944752,East,Zirakpur,KALKA ROAD,Planned,Closed,2026-09-22T10:45:00Z,2026-09-22T10:55:00Z,10
1944751,East,Zirakpur,BIG BAZAAR,Planned,Closed,2026-09-22T10:45:00Z,2026-09-22T10:55:00Z,10
1944750,Central,KHANNA,Badla,Unplanned,Closed,2026-09-22T10:41:00Z,2026-09-22T12:15:00Z,94
1944748,North,NAWANSHAHR,IBRAHIMPUR,Unplanned,Closed,2026-09-22T10:40:00Z,2026-09-22T11:42:00Z,62
1944746,North,NAWANSHAHR,DUGRI,Unplanned,Closed,2026-09-22T10:35:00Z,2026-09-22T11:04:00Z,29
1944758,East,MOHALI,BASMA,Unplanned,Closed,2026-09-22T10:30:00Z,2026-09-22T12:30:29Z,120
1944757,East,MOHALI,GHARAMA AP,Unplanned,Closed,2026-09-22T10:30:00Z,2026-09-22T12:30:29Z,120
1944756,East,MOHALI,KHERIGURNA AP,Unplanned,Closed,2026-09-22T10:30:00Z,2026-09-22T12:30:29Z,120
1944755,East,MOHALI,SIGMA,Unplanned,Closed,2026-09-22T10:30:00Z,2026-09-22T12:30:00Z,120
1944754,East,MOHALI,LOGISTIC,Unplanned,Closed,2026-09-22T10:30:00Z,2026-09-22T12:30:00Z,120
1944749,East,MOHALI,MOHIKALAN UPS,Unplanned,Closed,2026-09-22T10:30:00Z,2026-09-22T12:30:00Z,120
1944747,East,MOHALI,11 KV Sec-60 C,Planned,Closed,2026-09-22T10:30:00Z,2026-09-22T13:25:00Z,175
1944762,East,MOHALI,11KV MGF,Planned,Closed,2026-09-22T10:27:00Z,2026-09-22T13:01:00Z,154
1944855,East,MOHALI,11KV PEARL,Unplanned,Closed,2026-09-22T10:22:00Z,2026-09-22T13:01:24Z,159
1944745,East,Zirakpur,BEGAMPURA,Unplanned,Closed,2026-09-22T10:22:00Z,2026-09-22T12:03:00Z,101
1944744,Border,GURDASPUR,Bank colony,Planned,Closed,2026-09-22T10:22:00Z,2026-09-22T12:15:00Z,113
1944753,West,BATHINDA,PL ROAD,Planned,Closed,2026-09-22T10:21:00Z,2026-09-22T12:05:00Z,104
1944743,North,JALANDHAR,Chomon,Unplanned,Closed,2026-09-22T10:20:00Z,2026-09-22T11:10:00Z,50
1944742,South,SANGRUR,Mandi Road,Unplanned,Closed,2026-09-22T10:20:00Z,2026-09-22T11:05:00Z,45
1944741,North,HOSHIARPUR,JASSOWAL,Unplanned,Closed,2026-09-22T10:20:00Z,2026-09-22T10:45:00Z,25
1944735,North,HOSHIARPUR,MODEL  TOWN,Unplanned,Closed,2026-09-22T10:15:00Z,2026-09-22T10:58:00Z,43
1944734,North,NAWANSHAHR,UPS No. 1,Unplanned,Closed,2026-09-22T10:15:00Z,2026-09-22T12:15:00Z,120
1944728,North,JALANDHAR,BONE MILL,Planned,Closed,2026-09-22T10:15:00Z,2026-09-22T12:30:00Z,135
1944732,South,PATIALA,Cantt Road,Unplanned,Closed,2026-09-22T10:11:00Z,2026-09-22T13:38:00Z,207
1944729,South,SANGRUR,11 KV SATOJ URBAN,Planned,Closed,2026-09-22T10:10:03Z,2026-09-22T12:09:17Z,119
1944736,West,MUKATSAR,Lambi,Unplanned,Closed,2026-09-22T10:01:00Z,2026-09-22T11:00:00Z,59
1944731,South,BARNALA,UPS-1,Unplanned,Closed,2026-09-22T10:00:00Z,2026-09-22T11:35:00Z,95
1944725,South,BARNALA,Chappa UPS,Planned,Closed,2026-09-22T10:00:00Z,2026-09-22T17:40:00Z,460
1944630,North,JALANDHAR,NEHRU GARDEN ROAD,Planned,Closed,2026-09-22T10:00:00Z,2026-09-22T13:18:00Z,198
1944619,Border,CITY AMRITSAR,11kV Islamabad link 2,Planned,Closed,2026-09-22T10:00:00Z,2026-09-22T14:04:44Z,244
1944727,East,Zirakpur,TRIBUNE COLONY,Planned,Closed,2026-09-22T09:50:00Z,2026-09-22T11:20:00Z,90
1944726,East,Zirakpur,SAINI VIHAR,Planned,Closed,2026-09-22T09:50:00Z,2026-09-22T11:20:00Z,90
1944724,Border,GURDASPUR,Panwan,Unplanned,Closed,2026-09-22T09:48:00Z,2026-09-22T10:30:00Z,42
1944718,East,ROPAR,Bassi,Unplanned,Closed,2026-09-22T09:45:00Z,2026-09-22T10:28:00Z,43
1944716,South,SANGRUR,KATRON Cat.1,Unplanned,Closed,2026-09-22T09:40:00Z,2026-09-22T11:30:00Z,110
1944712,South,SANGRUR,Dhuri Gate,Unplanned,Closed,2026-09-22T09:35:48Z,2026-09-22T10:35:56Z,60
1944717,Border,GURDASPUR,DHINDSA,Unplanned,Closed,2026-09-22T09:35:00Z,2026-09-22T10:50:00Z,75
1944715,East,ROPAR,Mundho,Unplanned,Closed,2026-09-22T09:34:00Z,2026-09-22T09:57:00Z,23
1944710,North,HOSHIARPUR,DHOOT KALAN,Unplanned,Closed,2026-09-22T09:30:00Z,2026-09-22T10:05:00Z,35
1944714,Border,SUB URBAN AMRITSAR,Partap Bazar,Unplanned,Closed,2026-09-22T09:25:28Z,2026-09-22T10:20:00Z,54
1944711,South,SANGRUR,Mandi Road,Unplanned,Closed,2026-09-22T09:23:00Z,2026-09-22T10:15:00Z,52
1944713,Border,SUB URBAN AMRITSAR,SUGAR MILL,Unplanned,Closed,2026-09-22T09:20:00Z,2026-09-22T09:40:00Z,20
1944709,East,MOHALI,11kv Saidpura,Unplanned,Closed,2026-09-22T09:20:00Z,2026-09-22T09:45:02Z,25
1944705,Central,CITY WEST LUDHIANA,GURU NANAK STREET FEEDER,Unplanned,Closed,2026-09-22T09:11:19Z,2026-09-22T09:42:53Z,31
1944708,South,PATIALA,INDUSTRIAL NO 2 (FP),Unplanned,Closed,2026-09-22T09:05:00Z,2026-09-22T09:55:00Z,50
1944703,West,FARIDKOT,Kothe Dhaliwal,Unplanned,Closed,2026-09-22T09:01:22Z,2026-09-22T09:33:50Z,32
1944701,West,MUKATSAR,11 KV Ganganagar Road,Unplanned,Closed,2026-09-22T09:00:28Z,2026-09-22T09:27:39Z,27
1944706,North,HOSHIARPUR,SUSANA,Unplanned,Closed,2026-09-22T09:00:00Z,2026-09-22T10:40:00Z,100
1944702,East,Zirakpur,SUNNY ENCLAVE,Unplanned,Closed,2026-09-22T08:57:00Z,2026-09-22T10:55:00Z,118
1944704,North,HOSHIARPUR,DALLI shared feeder with s/divn,Unplanned,Closed,2026-09-22T08:55:00Z,2026-09-22T10:40:00Z,105
1944700,East,Zirakpur,ORBIT,Planned,Closed,2026-09-22T08:47:00Z,2026-09-22T09:16:00Z,29
1944699,East,Zirakpur,SAVITRYGREEN,Planned,Closed,2026-09-22T08:47:00Z,2026-09-22T09:16:00Z,29
1944698,East,Zirakpur,SILVERCITY,Planned,Closed,2026-09-22T08:47:00Z,2026-09-22T09:16:00Z,29
1944697,Border,SUB URBAN AMRITSAR,SUNDER NAGAR,Unplanned,Closed,2026-09-22T08:40:00Z,2026-09-22T09:40:00Z,60
1944696,South,SANGRUR,Benra,Unplanned,Closed,2026-09-22T08:40:00Z,2026-09-22T10:05:00Z,85
1944695,South,SANGRUR,UPS Lehal Kalan,Unplanned,Closed,2026-09-22T08:34:00Z,2026-09-22T09:10:00Z,36
1944693,West,FARIDKOT,CIVIL HOSPITAL,Unplanned,Closed,2026-09-22T08:29:32Z,2026-09-22T09:10:41Z,41
1944692,West,FARIDKOT,Nigaha Road,Unplanned,Closed,2026-09-22T08:28:06Z,2026-09-22T08:54:26Z,26
1944690,North,HOSHIARPUR,11KV BHATOLIAN,Unplanned,Closed,2026-09-22T08:15:00Z,2026-09-22T08:24:00Z,9
1944689,North,HOSHIARPUR,GUGGA-PATTI,Unplanned,Closed,2026-09-22T08:11:00Z,2026-09-22T08:20:00Z,9
1944688,North,JALANDHAR,GADAI PUR - 2,Unplanned,Closed,2026-09-22T08:02:00Z,2026-09-22T08:25:00Z,23
1944691,West,BATHINDA,KANCHIAN,Unplanned,Closed,2026-09-22T08:00:00Z,2026-09-22T08:25:00Z,25
1944687,Central,CITY EAST LUDHIANA,GIRJAGHAR CHOWNK,Unplanned,Closed,2026-09-22T07:58:00Z,2026-09-22T08:35:00Z,37
1944686,Central,CITY EAST LUDHIANA,IQBAL GANJ,Unplanned,Closed,2026-09-22T07:48:00Z,2026-09-22T09:15:00Z,87
1944707,East,MOHALI,11 KV GIDDARPUR AP,Unplanned,Closed,2026-09-22T07:45:01Z,2026-09-22T10:10:00Z,144
1944681,Central,CITY WEST LUDHIANA,STAR ROAD FEEDER,Unplanned,Closed,2026-09-22T07:40:40Z,2026-09-22T08:03:04Z,22
1944680,Central,CITY WEST LUDHIANA,BAROTA ROAD,Unplanned,Closed,2026-09-22T07:40:40Z,2026-09-22T08:02:42Z,22
1944679,Central,CITY WEST LUDHIANA,WAHEGURU ROAD,Unplanned,Closed,2026-09-22T07:40:40Z,2026-09-22T08:15:42Z,35
1944694,East,ROPAR,Mianpur,Unplanned,Closed,2026-09-22T07:30:00Z,2026-09-22T09:20:00Z,110
1944677,Border,GURDASPUR,11 K.V UPS Balwanda,Unplanned,Closed,2026-09-22T07:30:00Z,2026-09-22T08:05:00Z,35
1944684,South,SANGRUR,PATTI KHALIL C-1,Unplanned,Closed,2026-09-22T07:29:25Z,2026-09-22T08:25:25Z,56
1944683,South,SANGRUR,Bajwa UPS,Unplanned,Closed,2026-09-22T07:29:25Z,2026-09-22T12:00:25Z,271
1944682,South,SANGRUR,Kheri Cat.No1,Unplanned,Closed,2026-09-22T07:29:25Z,2026-09-22T12:00:25Z,271
1944685,South,BARNALA,NANGAL UPS,Unplanned,Closed,2026-09-22T07:29:00Z,2026-09-22T11:55:00Z,266
1944674,West,MUKATSAR,11 KV SUKHCHAIN,Unplanned,Closed,2026-09-22T07:16:31Z,2026-09-22T08:07:42Z,51
1944676,West,MUKATSAR,11 KV Bhagsar UPS,Unplanned,Closed,2026-09-22T07:16:23Z,2026-09-22T08:07:19Z,50
1944675,West,MUKATSAR,11 KV SARDARPURA UPS,Unplanned,Closed,2026-09-22T07:16:01Z,2026-09-22T08:07:56Z,51
1944678,Border,SUB URBAN AMRITSAR,Partap Bazar,Unplanned,Closed,2026-09-22T07:00:00Z,2026-09-22T08:40:35Z,100
1944673,Central,CITY EAST LUDHIANA,PRITAM PURI,Unplanned,Closed,2026-09-22T07:00:00Z,2026-09-22T08:05:00Z,65
1944672,South,PATIALA,SUNDER NAGAR RAJPURA,Unplanned,Closed,2026-09-22T06:45:00Z,2026-09-22T07:35:00Z,50
1944670,Central,KHANNA,Prem Nagar,Unplanned,Closed,2026-09-22T06:38:00Z,2026-09-22T07:17:00Z,39
1944671,Border,GURDASPUR,Civil Line,Unplanned,Closed,2026-09-22T06:35:00Z,2026-09-22T07:20:00Z,45
1944669,North,JALANDHAR,DEFENCE COLONY,Unplanned,Closed,2026-09-22T06:24:00Z,2026-09-22T07:02:00Z,38
1944668,West,BATHINDA,11KV FAKKAR JHAND UPS,Unplanned,Closed,2026-09-22T06:21:00Z,2026-09-22T11:40:00Z,319
1944665,Central,KHANNA,Lalheri city,Unplanned,Closed,2026-09-22T06:11:00Z,2026-09-22T06:28:00Z,17
1944664,North,JALANDHAR,FATEHGARH,Unplanned,Closed,2026-09-22T06:01:00Z,2026-09-22T06:45:00Z,44
1944666,East,ROPAR,Siswan,Unplanned,Closed,2026-09-22T05:50:00Z,2026-09-22T06:25:00Z,35
1944663,North,KAPURTHALA,URBAN DANA MANDI Shahkot,Unplanned,Closed,2026-09-22T05:25:00Z,2026-09-22T05:45:00Z,20
1944662,South,SANGRUR,GULARH Ap feeder,Unplanned,Closed,2026-09-22T05:00:00Z,2026-09-22T07:30:00Z,150
1944661,East,ROPAR,Bassi,Unplanned,Closed,2026-09-22T04:30:00Z,2026-09-22T04:50:47Z,20
1944658,West,BATHINDA,Talwandi Road,Unplanned,Closed,2026-09-22T04:29:00Z,2026-09-22T04:41:00Z,12
1944659,South,SANGRUR,Roxy road,Unplanned,Closed,2026-09-22T04:28:00Z,2026-09-22T05:41:00Z,73
1944660,North,JALANDHAR,CIVIL LINE,Unplanned,Closed,2026-09-22T04:20:00Z,2026-09-22T05:10:00Z,50
1944656,South,SANGRUR,sub station Bhasaur,Unplanned,Closed,2026-09-22T03:33:49Z,2026-09-22T06:15:49Z,162
1944655,South,SANGRUR,INDUSTRIAL CAT-II (Bhasour),Unplanned,Closed,2026-09-22T03:33:49Z,2026-09-22T06:15:49Z,162
1944654,South,SANGRUR,Rajindrapuri,Unplanned,Closed,2026-09-22T03:33:49Z,2026-09-22T06:15:49Z,162
1944653,South,SANGRUR,City,Unplanned,Closed,2026-09-22T03:33:49Z,2026-09-22T06:15:49Z,162
1944651,North,JALANDHAR,Rainak Bazar,Unplanned,Closed,2026-09-22T03:26:43Z,2026-09-22T05:45:35Z,138
1944649,East,ROPAR,11 KV Sarsa Nangal,Unplanned,Closed,2026-09-22T03:24:00Z,2026-09-22T04:27:51Z,63
1944650,Border,CITY AMRITSAR,11 KV Bhathian,Unplanned,Closed,2026-09-22T03:22:00Z,2026-09-22T04:31:00Z,69
1944652,Border,GURDASPUR,KIRI UPS,Unplanned,Closed,2026-09-22T03:20:00Z,2026-09-22T06:25:00Z,185
1944657,West,FARIDKOT,GURU NANAK COLONY,Unplanned,Closed,2026-09-22T03:16:56Z,2026-09-22T04:45:21Z,88
1944648,West,FARIDKOT,Zira Road,Unplanned,Closed,2026-09-22T03:13:29Z,2026-09-22T03:36:00Z,22
1944647,Central,CITY WEST LUDHIANA,Shiv Shakti,Unplanned,Closed,2026-09-22T02:49:25Z,2026-09-22T04:26:28Z,97
1944646,Central,CITY EAST LUDHIANA,Harbanspura,Unplanned,Closed,2026-09-22T02:13:00Z,2026-09-22T03:07:00Z,54
1944645,Central,CITY EAST LUDHIANA,Thakur Dwara,Unplanned,Closed,2026-09-22T02:13:00Z,2026-09-22T03:05:00Z,52
1944644,Central,CITY WEST LUDHIANA,KOT MANGAL SINGH,Unplanned,Closed,2026-09-22T02:00:00Z,2026-09-22T02:57:28Z,57
1944643,South,PATIALA,11 KV Yadvindra Enclave,Unplanned,Closed,2026-09-22T01:16:00Z,2026-09-22T02:16:00Z,60
1944636,Border,SUB URBAN AMRITSAR,VERKA IND.1,Unplanned,Closed,2026-09-22T00:15:00Z,2026-09-22T01:50:00Z,95
