outage_id,Zone,Circle,Feeder,Type of Outage,Status,Start Time,End Time,Diff in mins
1894263,Border,CITY AMRITSAR,11 KV Beri gate,Planned,Active,2026-07-11T14:00:00Z,2026-07-11T18:00:00Z,240
1894262,Border,CITY AMRITSAR,SUBHASH PARK,Planned,Active,2026-07-11T14:00:00Z,2026-07-11T18:00:00Z,240
1894261,Border,CITY AMRITSAR,11Kv Katra Moti Ram,Planned,Active,2026-07-11T14:00:00Z,2026-07-11T18:00:00Z,240
1894260,Border,CITY AMRITSAR,11Kv Gagar Mal,Planned,Active,2026-07-11T14:00:00Z,2026-07-11T18:00:00Z,240
1894259,Border,CITY AMRITSAR,B-K DUTT Gate,Planned,Active,2026-07-11T14:00:00Z,2026-07-11T18:00:00Z,240
1894258,Border,CITY AMRITSAR,11KvKatra Sher Singh,Planned,Active,2026-07-11T14:00:00Z,2026-07-11T18:00:00Z,240
1894257,Border,CITY AMRITSAR,11KvGoal Bagh,Planned,Active,2026-07-11T14:00:00Z,2026-07-11T18:00:00Z,240
1895036,East,MOHALI,11 KV CHADIALA UPS,Planned,Active,2026-07-11T13:00:00Z,2026-07-11T16:00:00Z,180
1895034,East,MOHALI,11 KV GIDDARPUR AP,Planned,Active,2026-07-11T13:00:00Z,2026-07-11T16:00:00Z,180
1895033,East,MOHALI,11KV BHARATPUR AP,Planned,Active,2026-07-11T13:00:00Z,2026-07-11T16:00:00Z,180
1895032,East,MOHALI,11kv Saidpura,Planned,Active,2026-07-11T13:00:00Z,2026-07-11T16:00:00Z,180
1894848,East,Zirakpur,11KV Abbot,Planned,Active,2026-07-11T12:00:00Z,2026-07-11T16:00:00Z,240
1894847,East,Zirakpur,THAPAR UNIVERSITY,Planned,Active,2026-07-11T12:00:00Z,2026-07-11T16:00:00Z,240
1894846,East,Zirakpur,MK Overseas,Planned,Active,2026-07-11T12:00:00Z,2026-07-11T16:00:00Z,240
1895135,Border,GURDASPUR,Sathiali 24 hrs.,Unplanned,Active,2026-07-11T10:50:00Z,2026-07-11T14:00:00Z,190
1895134,North,KAPURTHALA,URBAN Mandi Road NURMAHAL,Unplanned,Active,2026-07-11T10:50:00Z,2026-07-11T12:00:00Z,70
1895133,West,FARIDKOT,11 KV KOTKAPURA ROAD,Planned,Active,2026-07-11T10:47:00Z,2026-07-11T11:30:00Z,43
1895130,East,ROPAR,COLD STORE,Planned,Active,2026-07-11T10:46:00Z,2026-07-11T14:00:00Z,194
1895129,Border,SUB URBAN AMRITSAR,Pandori UPS,Unplanned,Active,2026-07-11T10:45:00Z,2026-07-11T12:31:00Z,106
1895128,Border,SUB URBAN AMRITSAR,KOTGURBAX,Unplanned,Active,2026-07-11T10:45:00Z,2026-07-11T12:31:00Z,106
1895126,Border,SUB URBAN AMRITSAR,RAMDASS  BOP,Unplanned,Active,2026-07-11T10:45:00Z,2026-07-11T12:31:00Z,106
1895125,Border,SUB URBAN AMRITSAR,RAMDAS,Unplanned,Active,2026-07-11T10:45:00Z,2026-07-11T12:31:00Z,106
1895127,North,JALANDHAR,11KV Industrial Raja Garden Fe,Unplanned,Active,2026-07-11T10:43:00Z,2026-07-11T12:00:00Z,77
1895121,Central,CITY WEST LUDHIANA,Kiran Vihar,Planned,Active,2026-07-11T10:41:00Z,2026-07-11T10:52:00Z,11
1895132,South,BARNALA,Mansa Road,Unplanned,Active,2026-07-11T10:40:00Z,2026-07-11T14:00:00Z,200
1895124,East,ROPAR,AKALGARH,Unplanned,Active,2026-07-11T10:40:00Z,2026-07-11T11:53:00Z,73
1895123,Border,GURDASPUR,Maira,Unplanned,Active,2026-07-11T10:40:00Z,2026-07-11T12:00:00Z,80
1895122,South,SANGRUR,11 KV CITY SUNAM URBAN,Unplanned,Active,2026-07-11T10:40:00Z,2026-07-11T13:00:00Z,140
1895120,Central,KHANNA,RAM RAJAYA,Unplanned,Active,2026-07-11T10:38:00Z,2026-07-11T11:23:00Z,45
1895117,South,SANGRUR,24 HRS. HAMIRGARH,Unplanned,Active,2026-07-11T10:34:32Z,2026-07-11T12:09:50Z,95
1895118,South,SANGRUR,Patran Road,Unplanned,Active,2026-07-11T10:34:21Z,2026-07-11T12:09:26Z,95
1895072,South,PATIALA,Bhupindra Road,Planned,Active,2026-07-11T10:32:00Z,2026-07-11T14:00:00Z,208
1895131,Border,GURDASPUR,Zahadpur,Unplanned,Active,2026-07-11T10:30:00Z,2026-07-11T14:00:00Z,210
1895115,Central,CITY EAST LUDHIANA,Chand Cinema,Unplanned,Active,2026-07-11T10:30:00Z,2026-07-11T12:00:00Z,90
1895113,Central,KHANNA,Khanyan Road,Unplanned,Active,2026-07-11T10:30:00Z,2026-07-11T12:00:00Z,90
1895110,Central,KHANNA,City-2,Unplanned,Active,2026-07-11T10:30:00Z,2026-07-11T12:00:00Z,90
1895108,Central,KHANNA,CITY-1,Unplanned,Active,2026-07-11T10:30:00Z,2026-07-11T12:00:00Z,90
1895105,East,Zirakpur,WATER WORKS HANDESRA,Unplanned,Active,2026-07-11T10:29:00Z,2026-07-11T11:15:00Z,46
1895102,West,MUKATSAR,11 KV Alamgarh,Unplanned,Closed,2026-07-11T10:25:00Z,2026-07-11T10:41:00Z,16
1895111,West,MUKATSAR,Bus Stand Road,Unplanned,Active,2026-07-11T10:22:00Z,2026-07-11T11:24:00Z,62
1895114,West,FARIDKOT,Dhana Basti,Planned,Active,2026-07-11T10:20:00Z,2026-07-11T12:00:00Z,100
1895112,West,FARIDKOT,Kothe Warring (Samgh),Planned,Active,2026-07-11T10:20:00Z,2026-07-11T12:00:00Z,100
1895109,West,FARIDKOT,"Factory Road, Kotkapura",Planned,Active,2026-07-11T10:20:00Z,2026-07-11T12:00:00Z,100
1895107,West,FARIDKOT,IOC,Planned,Active,2026-07-11T10:20:00Z,2026-07-11T12:00:00Z,100
1895104,Central,KHANNA,Civil Hospital,Unplanned,Active,2026-07-11T10:20:00Z,2026-07-11T12:00:00Z,100
1895100,Border,GURDASPUR,KHUJALA,Planned,Closed,2026-07-11T10:20:00Z,2026-07-11T10:37:00Z,17
1895119,West,FEROZPUR,LAKHA HAZI UPS,Planned,Active,2026-07-11T10:19:00Z,2026-07-11T12:21:00Z,122
1895079,South,SANGRUR,SEKHUWAS CITY,Planned,Active,2026-07-11T10:15:36Z,2026-07-11T11:23:14Z,67
1895099,North,HOSHIARPUR,GIDARPINDI,Unplanned,Active,2026-07-11T10:15:00Z,2026-07-11T11:15:00Z,60
1895098,North,HOSHIARPUR,Mokal,Unplanned,Active,2026-07-11T10:15:00Z,2026-07-11T11:15:00Z,60
1895096,Border,GURDASPUR,Bank colony,Planned,Closed,2026-07-11T10:14:00Z,2026-07-11T10:45:00Z,31
1895093,Central,CITY WEST LUDHIANA,BHAGWAN CHOWK,Unplanned,Active,2026-07-11T10:11:51Z,2026-07-11T12:11:54Z,120
1895101,South,BARNALA,SHERWANIKOT UPS,Unplanned,Active,2026-07-11T10:10:00Z,2026-07-11T12:28:00Z,138
1895094,Central,CITY EAST LUDHIANA,BAL SINGH NAGAR,Unplanned,Active,2026-07-11T10:10:00Z,2026-07-11T12:00:00Z,110
1895092,West,FARIDKOT,11 KV BMS NATHUWALA-CAT-01,Unplanned,Active,2026-07-11T10:10:00Z,2026-07-11T12:00:00Z,110
1895095,West,BATHINDA,shri Guru Aagand Dev Ji,Unplanned,Active,2026-07-11T10:05:00Z,2026-07-11T12:00:00Z,115
1895090,North,JALANDHAR,Shivaji Nagar,Unplanned,Closed,2026-07-11T10:05:00Z,2026-07-11T10:25:00Z,20
1895106,Border,SUB URBAN AMRITSAR,Sawdeshi Korean,Unplanned,Active,2026-07-11T10:02:00Z,2026-07-11T12:00:00Z,118
1895086,Central,KHANNA,City-2 khanna,Unplanned,Active,2026-07-11T10:01:00Z,2026-07-11T10:29:00Z,28
1894180,Central,SUB URBAN LUDHIANA,Urban Gandhi School,Planned,Active,2026-07-11T10:01:00Z,2026-07-11T12:00:00Z,119
1894179,Central,SUB URBAN LUDHIANA,Urban Main Bazar (City-4),Planned,Active,2026-07-11T10:01:00Z,2026-07-11T12:00:00Z,119
1895116,Border,SUB URBAN AMRITSAR,MES,Unplanned,Active,2026-07-11T10:00:00Z,2026-07-11T10:55:00Z,55
1895088,Border,SUB URBAN AMRITSAR,24 Hrs Bhadiar,Unplanned,Closed,2026-07-11T10:00:00Z,2026-07-11T10:51:00Z,51
1895087,Central,KHANNA,FCI,Unplanned,Active,2026-07-11T10:00:00Z,2026-07-11T12:00:00Z,120
1893852,South,SANGRUR,Gaushala Road,Planned,Active,2026-07-11T10:00:00Z,2026-07-11T16:00:00Z,360
1895084,South,PATIALA,Ablowal,Unplanned,Active,2026-07-11T09:56:44Z,2026-07-11T10:54:00Z,57
1895083,Central,CITY WEST LUDHIANA,METRO FEEDER,Unplanned,Active,2026-07-11T09:56:03Z,2026-07-11T12:00:00Z,123
1895082,North,JALANDHAR,RAGHU EXPORT,Unplanned,Closed,2026-07-11T09:56:00Z,2026-07-11T10:13:00Z,17
1895081,Border,GURDASPUR,Manesh (A),Unplanned,Closed,2026-07-11T09:50:00Z,2026-07-11T10:40:00Z,50
1895077,West,MUKATSAR,11 KV SITO,Unplanned,Closed,2026-07-11T09:49:37Z,2026-07-11T10:29:47Z,40
1895078,West,MUKATSAR,11 KB BAZIDPURA,Unplanned,Closed,2026-07-11T09:49:08Z,2026-07-11T10:29:18Z,40
1895085,South,PATIALA,INDUSTRIAL,Unplanned,Closed,2026-07-11T09:45:00Z,2026-07-11T10:44:00Z,59
1895076,North,HOSHIARPUR,KALYANPUR,Unplanned,Closed,2026-07-11T09:45:00Z,2026-07-11T10:00:00Z,15
1895073,North,JALANDHAR,GURUDWARA SHIV NAGAR,Unplanned,Closed,2026-07-11T09:45:00Z,2026-07-11T10:10:00Z,25
1895071,South,SANGRUR,Sangatpura,Unplanned,Closed,2026-07-11T09:43:00Z,2026-07-11T10:01:00Z,18
1895074,East,MOHALI,Sec 55,Unplanned,Closed,2026-07-11T09:39:44Z,2026-07-11T10:02:32Z,22
1895089,South,BARNALA,INDUSTRIAL,Unplanned,Active,2026-07-11T09:36:00Z,2026-07-11T13:00:00Z,204
1895066,North,NAWANSHAHR,11 KV Begam Pur,Unplanned,Active,2026-07-11T09:35:00Z,2026-07-11T11:17:00Z,102
1895065,North,HOSHIARPUR,khunda,Unplanned,Active,2026-07-11T09:35:00Z,2026-07-11T10:10:00Z,35
1895063,South,PATIALA,BALBERA,Unplanned,Closed,2026-07-11T09:35:00Z,2026-07-11T10:35:15Z,60
1895061,North,JALANDHAR,WATER SUPPLY,Unplanned,Closed,2026-07-11T09:35:00Z,2026-07-11T09:55:00Z,20
1895103,South,SANGRUR,Nwa Pind,Unplanned,Active,2026-07-11T09:32:00Z,2026-07-11T12:00:00Z,148
1895075,Border,GURDASPUR,11 K.V UPS Balwanda,Unplanned,Active,2026-07-11T09:32:00Z,2026-07-11T14:00:00Z,268
1895062,East,ROPAR,COLD STORE,Unplanned,Closed,2026-07-11T09:31:00Z,2026-07-11T10:40:00Z,69
1895058,West,MUKATSAR,11 KV Focal Point-2,Unplanned,Closed,2026-07-11T09:31:00Z,2026-07-11T09:58:00Z,27
1895057,West,MUKATSAR,11 KV Focal Point-1,Unplanned,Closed,2026-07-11T09:31:00Z,2026-07-11T09:58:00Z,27
1895070,West,FARIDKOT,SAHIBZADA AJIT SINGH NAGAR,Planned,Closed,2026-07-11T09:30:10Z,2026-07-11T10:29:54Z,59
1895069,West,FARIDKOT,FCI URBAN,Planned,Closed,2026-07-11T09:30:10Z,2026-07-11T10:30:01Z,59
1895068,West,FARIDKOT,Dutt Road,Planned,Closed,2026-07-11T09:30:10Z,2026-07-11T10:30:06Z,59
1895067,West,FARIDKOT,11 SODHI NAGAR URBAN,Planned,Closed,2026-07-11T09:30:10Z,2026-07-11T10:30:09Z,59
1895064,North,NAWANSHAHR,11KV MUBARKPUR,Unplanned,Closed,2026-07-11T09:30:00Z,2026-07-11T09:55:00Z,25
1895052,Border,SUB URBAN AMRITSAR,Sethan Wala,Unplanned,Active,2026-07-11T09:29:19Z,2026-07-11T10:33:31Z,64
1895051,North,KAPURTHALA,Thabalke,Planned,Closed,2026-07-11T09:28:00Z,2026-07-11T10:45:00Z,77
1895060,Border,GURDASPUR,Ranipur,Unplanned,Active,2026-07-11T09:25:00Z,2026-07-11T11:00:00Z,95
1895056,North,JALANDHAR,BABA GADHIYA,Unplanned,Closed,2026-07-11T09:25:00Z,2026-07-11T10:35:00Z,70
1895050,Border,CITY AMRITSAR,11kV Islamabad Link,Unplanned,Closed,2026-07-11T09:23:34Z,2026-07-11T09:42:20Z,18
1895059,Border,GURDASPUR,Ujjagar Nagar,Unplanned,Closed,2026-07-11T09:20:00Z,2026-07-11T10:05:00Z,45
1895055,East,ROPAR,KHANPUR,Unplanned,Active,2026-07-11T09:20:00Z,2026-07-11T11:30:00Z,130
1895049,North,NAWANSHAHR,TEHSIL COMPLEX GSR,Unplanned,Closed,2026-07-11T09:20:00Z,2026-07-11T09:45:00Z,25
1895040,Border,SUB URBAN AMRITSAR,NANGAL PANNUAN,Unplanned,Active,2026-07-11T09:19:07Z,2026-07-11T13:00:39Z,221
1895037,West,FARIDKOT,Zira Road,Planned,Active,2026-07-11T09:12:56Z,2026-07-11T11:12:58Z,120
1895035,Border,SUB URBAN AMRITSAR,PUTLIGHAR,Unplanned,Closed,2026-07-11T09:12:16Z,2026-07-11T09:40:00Z,27
1895030,West,MUKATSAR,11 KV Bhagsar UPS,Unplanned,Closed,2026-07-11T09:06:31Z,2026-07-11T09:43:44Z,37
1895054,North,JALANDHAR,Civil Hospital,Unplanned,Closed,2026-07-11T09:05:00Z,2026-07-11T10:35:00Z,90
1895053,North,JALANDHAR,LINK FEEDER,Unplanned,Closed,2026-07-11T09:05:00Z,2026-07-11T10:35:00Z,90
1895039,North,NAWANSHAHR,DHARAMPUR,Unplanned,Closed,2026-07-11T09:05:00Z,2026-07-11T09:38:00Z,33
1895048,South,PATIALA,Jain Ice,Unplanned,Closed,2026-07-11T09:02:00Z,2026-07-11T10:14:20Z,72
1895029,North,JALANDHAR,LADOWALI ROAD,Unplanned,Active,2026-07-11T09:01:00Z,2026-07-11T09:50:00Z,49
1895047,South,PATIALA,HUL ROAD,Planned,Active,2026-07-11T09:00:12Z,2026-07-11T15:00:12Z,360
1895046,South,PATIALA,DANBURY YARN,Planned,Active,2026-07-11T09:00:12Z,2026-07-11T15:00:12Z,360
1895045,South,PATIALA,Chandigarh Road,Planned,Active,2026-07-11T09:00:12Z,2026-07-11T15:00:12Z,360
1895044,South,PATIALA,kotla,Planned,Active,2026-07-11T09:00:12Z,2026-07-11T15:00:12Z,360
1895043,South,PATIALA,11 KV Sood packers,Planned,Active,2026-07-11T09:00:12Z,2026-07-11T15:00:12Z,360
1895042,South,PATIALA,INDUSTRIAL NO 2 (FP),Planned,Active,2026-07-11T09:00:12Z,2026-07-11T15:00:12Z,360
1895041,South,PATIALA,industrial No.1 (FP),Planned,Active,2026-07-11T09:00:12Z,2026-07-11T15:00:12Z,360
1894207,Central,SUB URBAN LUDHIANA,City-11 Kamal Chownk,Planned,Active,2026-07-11T09:00:00Z,2026-07-11T13:00:00Z,240
1894206,Central,SUB URBAN LUDHIANA,CITY-5,Planned,Active,2026-07-11T09:00:00Z,2026-07-11T13:00:00Z,240
1895025,West,MUKATSAR,11 KV SUKHCHAIN,Unplanned,Closed,2026-07-11T08:58:35Z,2026-07-11T09:43:44Z,45
1895026,West,MUKATSAR,11 KV SARDARPURA UPS,Unplanned,Closed,2026-07-11T08:58:01Z,2026-07-11T09:43:08Z,45
1895038,West,FARIDKOT,MAANA WALA UPS,Unplanned,Closed,2026-07-11T08:58:00Z,2026-07-11T09:50:00Z,52
1895028,South,SANGRUR,Rohi Babe ka Hambelwass,Unplanned,Closed,2026-07-11T08:55:00Z,2026-07-11T09:45:00Z,50
1895022,West,FARIDKOT,Zira Road,Unplanned,Closed,2026-07-11T08:54:56Z,2026-07-11T09:12:32Z,17
1895031,Border,GURDASPUR,11 KV Rangar Nangal (AP),Unplanned,Closed,2026-07-11T08:52:00Z,2026-07-11T10:35:00Z,103
1895027,North,JALANDHAR,KADIAN,Unplanned,Active,2026-07-11T08:52:00Z,2026-07-11T10:00:00Z,68
1895091,Border,SUB URBAN AMRITSAR,Sadar bazar,Unplanned,Closed,2026-07-11T08:50:00Z,2026-07-11T09:50:00Z,60
1895024,North,HOSHIARPUR,MANA,Unplanned,Closed,2026-07-11T08:50:00Z,2026-07-11T09:35:00Z,45
1895021,North,NAWANSHAHR,BALACHAUR CITY-3,Unplanned,Closed,2026-07-11T08:45:00Z,2026-07-11T09:05:00Z,20
1895018,East,MOHALI,11 KV OMAXE,Unplanned,Closed,2026-07-11T08:44:20Z,2026-07-11T09:29:46Z,45
1895016,East,MOHALI,11 KV DLF,Unplanned,Closed,2026-07-11T08:44:20Z,2026-07-11T09:11:46Z,27
1895014,West,FEROZPUR,Makhu Gate,Unplanned,Active,2026-07-11T08:43:00Z,2026-07-11T09:57:00Z,74
1895010,North,KAPURTHALA,URBAN Sura Nussi,Unplanned,Closed,2026-07-11T08:42:00Z,2026-07-11T09:10:00Z,28
1895020,Border,SUB URBAN AMRITSAR,RAM NAGAR AP,Planned,Active,2026-07-11T08:40:12Z,2026-07-11T13:21:18Z,281
1895015,North,KAPURTHALA,Thabalke,Unplanned,Closed,2026-07-11T08:40:00Z,2026-07-11T09:00:00Z,20
1895013,North,KAPURTHALA,UPS METLA,Unplanned,Closed,2026-07-11T08:40:00Z,2026-07-11T08:50:00Z,10
1895012,North,KAPURTHALA,URBAN Hamira,Unplanned,Closed,2026-07-11T08:40:00Z,2026-07-11T09:05:00Z,25
1895009,Border,GURDASPUR,Jafferwal,Unplanned,Closed,2026-07-11T08:40:00Z,2026-07-11T10:40:00Z,120
1895007,Border,GURDASPUR,Kahnuwan Road,Unplanned,Closed,2026-07-11T08:38:00Z,2026-07-11T09:34:00Z,56
1895011,North,KAPURTHALA,URBAN Malsian,Unplanned,Active,2026-07-11T08:37:00Z,2026-07-11T11:33:00Z,176
1895017,West,BATHINDA,11 kv Dera mastan das,Unplanned,Closed,2026-07-11T08:36:00Z,2026-07-11T09:09:00Z,33
1895006,Central,KHANNA,GTB Nagar,Unplanned,Closed,2026-07-11T08:35:00Z,2026-07-11T08:57:00Z,22
1895002,North,HOSHIARPUR,CHAK KHELA,Unplanned,Closed,2026-07-11T08:35:00Z,2026-07-11T08:55:00Z,20
1894998,North,HOSHIARPUR,HAMZA,Unplanned,Closed,2026-07-11T08:35:00Z,2026-07-11T09:00:00Z,25
1895005,Central,KHANNA,MANGARH ROAD,Unplanned,Closed,2026-07-11T08:34:00Z,2026-07-11T09:07:00Z,33
1895004,Central,KHANNA,Khanyan Road,Unplanned,Closed,2026-07-11T08:34:00Z,2026-07-11T09:00:00Z,26
1895003,Central,KHANNA,Civil Hospital,Unplanned,Closed,2026-07-11T08:34:00Z,2026-07-11T09:11:00Z,37
1895001,Central,KHANNA,City-2,Unplanned,Active,2026-07-11T08:34:00Z,2026-07-11T10:29:00Z,115
1894999,Central,KHANNA,CITY-1,Unplanned,Active,2026-07-11T08:34:00Z,2026-07-11T10:29:00Z,115
1895023,Border,GURDASPUR,BADHOWAL,Unplanned,Closed,2026-07-11T08:31:00Z,2026-07-11T10:01:00Z,90
1895080,Border,GURDASPUR,KHUNDA,Unplanned,Closed,2026-07-11T08:30:00Z,2026-07-11T10:30:00Z,120
1895000,North,HOSHIARPUR,URMAR,Unplanned,Closed,2026-07-11T08:30:00Z,2026-07-11T09:35:00Z,65
1894995,North,JALANDHAR,LADOWALI ROAD,Unplanned,Closed,2026-07-11T08:30:00Z,2026-07-11T08:48:00Z,18
1894997,North,JALANDHAR,PREET NAGAR,Unplanned,Closed,2026-07-11T08:25:00Z,2026-07-11T08:44:00Z,19
1895097,West,BATHINDA,ALLIKE,Unplanned,Closed,2026-07-11T08:23:00Z,2026-07-11T08:24:00Z,1
1894972,Border,GURDASPUR,Wara,Unplanned,Closed,2026-07-11T08:20:00Z,2026-07-11T09:20:00Z,60
1894973,East,ROPAR,Jhangrian,Unplanned,Closed,2026-07-11T08:19:00Z,2026-07-11T09:15:00Z,56
1894979,East,MOHALI,11 KV Gura,Unplanned,Closed,2026-07-11T08:17:32Z,2026-07-11T08:41:48Z,24
1894978,East,MOHALI,11 KV SUKHNA ENCLAVE,Unplanned,Closed,2026-07-11T08:17:32Z,2026-07-11T08:41:10Z,23
1894977,East,MOHALI,11 KV Masol,Unplanned,Closed,2026-07-11T08:17:32Z,2026-07-11T08:41:31Z,23
1894976,East,MOHALI,11 KV Kansal,Unplanned,Closed,2026-07-11T08:17:32Z,2026-07-11T08:41:08Z,23
1894975,East,MOHALI,11KV Shivalik Vihar,Unplanned,Closed,2026-07-11T08:17:32Z,2026-07-11T08:41:38Z,24
1894974,East,MOHALI,Kasauli,Unplanned,Closed,2026-07-11T08:17:32Z,2026-07-11T08:41:41Z,24
1894994,East,MOHALI,TOGGAN,Unplanned,Closed,2026-07-11T08:17:27Z,2026-07-11T08:41:03Z,23
1894993,East,MOHALI,SUBSTATION MULLANPUR,Unplanned,Closed,2026-07-11T08:17:27Z,2026-07-11T08:41:32Z,24
1894992,East,MOHALI,11 KV Manohar,Unplanned,Closed,2026-07-11T08:17:27Z,2026-07-11T08:41:17Z,23
1894991,East,MOHALI,11 KV OMAXE,Unplanned,Closed,2026-07-11T08:17:27Z,2026-07-11T08:41:27Z,24
1894990,East,MOHALI,11 KV Bansepur,Unplanned,Closed,2026-07-11T08:17:27Z,2026-07-11T08:41:47Z,24
1894989,East,MOHALI,JANTI DEVI,Unplanned,Closed,2026-07-11T08:17:27Z,2026-07-11T08:41:13Z,23
1894988,East,MOHALI,Janta colony,Unplanned,Closed,2026-07-11T08:17:27Z,2026-07-11T08:41:01Z,23
1894987,East,MOHALI,Mullanpur,Unplanned,Closed,2026-07-11T08:17:27Z,2026-07-11T08:41:46Z,24
1894986,East,MOHALI,Nirankari feeder,Unplanned,Closed,2026-07-11T08:17:27Z,2026-07-11T08:41:33Z,24
1894985,East,MOHALI,PCA NEW CRICKET STADIUM MULLAN,Unplanned,Closed,2026-07-11T08:17:27Z,2026-07-11T08:41:15Z,23
1894984,East,MOHALI,11 KV DLF,Unplanned,Closed,2026-07-11T08:17:27Z,2026-07-11T08:41:56Z,24
1894983,East,MOHALI,"IAS,PCS Socity",Unplanned,Closed,2026-07-11T08:17:27Z,2026-07-11T08:41:40Z,24
1894982,East,MOHALI,RATWARA SAHIB,Unplanned,Closed,2026-07-11T08:17:27Z,2026-07-11T08:41:23Z,23
1894981,East,MOHALI,NAYA GAON,Unplanned,Closed,2026-07-11T08:17:27Z,2026-07-11T08:41:08Z,23
1894965,North,HOSHIARPUR,PURHIRAN URBAN,Unplanned,Closed,2026-07-11T08:15:00Z,2026-07-11T09:50:00Z,95
1895008,Central,KHANNA,Bija Urban,Unplanned,Closed,2026-07-11T08:12:00Z,2026-07-11T09:15:00Z,63
1894971,West,FEROZPUR,CHOTA GHAR (UPS),Unplanned,Active,2026-07-11T08:12:00Z,2026-07-11T09:46:00Z,94
1894961,North,JALANDHAR,SOFIPIND,Unplanned,Closed,2026-07-11T08:10:00Z,2026-07-11T10:45:00Z,155
1894955,Central,CITY WEST LUDHIANA,METRO FEEDER,Unplanned,Closed,2026-07-11T08:09:45Z,2026-07-11T09:55:26Z,105
1894963,North,JALANDHAR,11 KV GRAIN MARKET (Old),Unplanned,Active,2026-07-11T08:08:00Z,2026-07-11T08:55:00Z,47
1894960,South,PATIALA,Patiala Road,Unplanned,Closed,2026-07-11T08:06:00Z,2026-07-11T10:15:00Z,129
1894954,West,BATHINDA,PIPLI,Unplanned,Closed,2026-07-11T08:04:00Z,2026-07-11T09:32:00Z,88
1894958,South,PATIALA,UPS DHADOGAL,Unplanned,Closed,2026-07-11T08:02:00Z,2026-07-11T09:50:00Z,108
1894956,North,HOSHIARPUR,FOCAL POINT,Unplanned,Closed,2026-07-11T08:02:00Z,2026-07-11T09:05:00Z,63
1894996,South,PATIALA,GOBIND BAGH,Unplanned,Closed,2026-07-11T08:00:00Z,2026-07-11T08:55:00Z,55
1894980,Border,SUB URBAN AMRITSAR,RANJIT AVENUE,Unplanned,Closed,2026-07-11T08:00:00Z,2026-07-11T08:52:00Z,52
1894970,Central,CITY EAST LUDHIANA,RAJ SANDEEP,Unplanned,Closed,2026-07-11T08:00:00Z,2026-07-11T08:59:00Z,59
1894953,West,FEROZPUR,Santpura (UPS),Unplanned,Active,2026-07-11T08:00:00Z,2026-07-11T09:54:00Z,114
1894957,Border,GURDASPUR,Innokot,Unplanned,Closed,2026-07-11T07:59:00Z,2026-07-11T09:45:00Z,106
1894950,North,HOSHIARPUR,Tanda City,Unplanned,Closed,2026-07-11T07:58:00Z,2026-07-11T09:35:00Z,97
1894949,Border,GURDASPUR,Kohali,Unplanned,Closed,2026-07-11T07:58:00Z,2026-07-11T09:35:00Z,97
1894951,South,SANGRUR,CITY-5,Unplanned,Closed,2026-07-11T07:54:00Z,2026-07-11T09:50:00Z,116
1894947,East,MOHALI,11KV MANANA,Unplanned,Closed,2026-07-11T07:50:18Z,2026-07-11T08:03:22Z,13
1894959,North,JALANDHAR,Bhanoki Road,Unplanned,Closed,2026-07-11T07:50:00Z,2026-07-11T08:55:00Z,65
1894948,North,JALANDHAR,ASHOK VIHAR,Unplanned,Closed,2026-07-11T07:50:00Z,2026-07-11T08:10:00Z,20
1894946,North,NAWANSHAHR,BORA,Unplanned,Closed,2026-07-11T07:50:00Z,2026-07-11T09:35:00Z,105
1894942,North,NAWANSHAHR,BULLEWAL,Unplanned,Closed,2026-07-11T07:50:00Z,2026-07-11T08:10:00Z,20
1894945,Border,SUB URBAN AMRITSAR,11 kv GreenLand,Unplanned,Closed,2026-07-11T07:48:00Z,2026-07-11T08:30:00Z,42
1894943,North,HOSHIARPUR,Khozkipur,Unplanned,Closed,2026-07-11T07:45:00Z,2026-07-11T09:20:00Z,95
1894941,North,HOSHIARPUR,DALLI shared feeder with s/divn,Unplanned,Closed,2026-07-11T07:45:00Z,2026-07-11T09:15:00Z,90
1894939,Central,KHANNA,FCI,Unplanned,Closed,2026-07-11T07:40:00Z,2026-07-11T09:57:00Z,137
1894938,Border,TARN TARAN,CITY 1,Unplanned,Closed,2026-07-11T07:40:00Z,2026-07-11T08:40:00Z,60
1894937,West,BATHINDA,GILL KALAN,Unplanned,Closed,2026-07-11T07:40:00Z,2026-07-11T10:44:00Z,184
1894934,North,HOSHIARPUR,11KV KALLOWAL FEEDER,Unplanned,Closed,2026-07-11T07:40:00Z,2026-07-11T08:30:00Z,50
1894944,North,NAWANSHAHR,TEHSIL COMPLEX GSR,Unplanned,Closed,2026-07-11T07:38:00Z,2026-07-11T08:03:00Z,25
1894930,North,HOSHIARPUR,KALYANPUR,Unplanned,Closed,2026-07-11T07:35:00Z,2026-07-11T08:05:00Z,30
1894940,Border,GURDASPUR,11 K.V UPS Balwanda,Unplanned,Closed,2026-07-11T07:33:00Z,2026-07-11T08:15:00Z,42
1894932,North,JALANDHAR,CITY2,Unplanned,Closed,2026-07-11T07:30:00Z,2026-07-11T08:15:00Z,45
1894936,North,KAPURTHALA,UPS MODEL TOWN,Unplanned,Active,2026-07-11T07:21:00Z,2026-07-11T09:00:00Z,99
1894915,Border,GURDASPUR,24HRS U.P.S. MULLIANWAL,Unplanned,Closed,2026-07-11T07:20:00Z,2026-07-11T08:20:00Z,60
1894926,East,ROPAR,RP ENGINEERING,Unplanned,Active,2026-07-11T07:15:22Z,2026-07-11T11:15:22Z,240
1894925,East,ROPAR,11 KV Budhewal Road,Unplanned,Active,2026-07-11T07:15:22Z,2026-07-11T11:15:22Z,240
1894924,East,ROPAR,11 KV Paharuwal Road,Unplanned,Active,2026-07-11T07:15:22Z,2026-07-11T11:15:22Z,240
1894923,East,ROPAR,Hero Cycle,Unplanned,Active,2026-07-11T07:15:22Z,2026-07-11T11:15:22Z,240
1894922,East,ROPAR,11 KV Gangotri Rubber,Unplanned,Active,2026-07-11T07:15:22Z,2026-07-11T11:15:22Z,240
1894921,East,ROPAR,11 KV acme,Unplanned,Active,2026-07-11T07:15:22Z,2026-07-11T11:15:22Z,240
1894920,East,ROPAR,11KV AMWAY Forging,Unplanned,Active,2026-07-11T07:15:22Z,2026-07-11T11:15:22Z,240
1894919,East,ROPAR,11 KV Osho tool,Unplanned,Active,2026-07-11T07:15:22Z,2026-07-11T11:15:22Z,240
1894918,East,ROPAR,11 KV Jindal Agro,Unplanned,Active,2026-07-11T07:15:22Z,2026-07-11T11:15:22Z,240
1894917,East,ROPAR,11 KV Asian Lacto,Unplanned,Active,2026-07-11T07:15:22Z,2026-07-11T11:15:22Z,240
1894916,East,ROPAR,11 KV Jandiali,Unplanned,Active,2026-07-11T07:15:22Z,2026-07-11T11:15:22Z,240
1894928,Border,TARN TARAN,KHABERAJPUTA,Unplanned,Closed,2026-07-11T07:15:00Z,2026-07-11T09:40:00Z,145
1894911,Border,GURDASPUR,Roranwali 24 hrs.,Unplanned,Closed,2026-07-11T07:15:00Z,2026-07-11T07:51:00Z,36
1894908,Central,CITY EAST LUDHIANA,Trikoni Park,Unplanned,Closed,2026-07-11T07:15:00Z,2026-07-11T08:15:00Z,60
1894906,East,ROPAR,Rangeel Pur,Unplanned,Active,2026-07-11T07:13:00Z,2026-07-11T11:00:00Z,227
1894929,Border,GURDASPUR,BhojRaj,Unplanned,Closed,2026-07-11T07:10:00Z,2026-07-11T08:50:00Z,100
1894927,Border,TARN TARAN,MEHTA URBAN-II,Unplanned,Closed,2026-07-11T07:10:00Z,2026-07-11T09:35:00Z,145
1894910,Border,GURDASPUR,Kaler,Unplanned,Active,2026-07-11T07:10:00Z,2026-07-11T12:00:00Z,290
1894902,Border,SUB URBAN AMRITSAR,Jagdambey Colony,Unplanned,Closed,2026-07-11T07:07:00Z,2026-07-11T08:33:00Z,86
1894905,Central,CITY EAST LUDHIANA,JAIL ROAD,Unplanned,Closed,2026-07-11T07:06:00Z,2026-07-11T07:28:00Z,22
1894904,Central,CITY EAST LUDHIANA,BHADOUR HOUSE,Unplanned,Closed,2026-07-11T07:06:00Z,2026-07-11T07:38:00Z,32
1894909,Border,GURDASPUR,Doulatpur,Unplanned,Closed,2026-07-11T07:05:00Z,2026-07-11T07:50:00Z,45
1894899,South,PATIALA,Majhithia Enclave,Unplanned,Closed,2026-07-11T07:05:00Z,2026-07-11T09:02:16Z,117
1894952,South,SANGRUR,M & M SCHOOL,Unplanned,Active,2026-07-11T07:01:00Z,2026-07-11T12:00:00Z,299
1894969,Central,CITY EAST LUDHIANA,pearl,Unplanned,Closed,2026-07-11T07:00:00Z,2026-07-11T07:59:00Z,59
1894903,South,SANGRUR,MOLVIWALA,Unplanned,Active,2026-07-11T07:00:00Z,2026-07-11T10:00:00Z,180
1894964,Border,GURDASPUR,24Hrs DALERPUR,Unplanned,Closed,2026-07-11T06:55:00Z,2026-07-11T07:30:00Z,35
1894901,Border,GURDASPUR,Bank colony,Unplanned,Closed,2026-07-11T06:55:00Z,2026-07-11T07:45:00Z,50
1894897,Border,GURDASPUR,Dalla UPS,Unplanned,Closed,2026-07-11T06:55:00Z,2026-07-11T08:05:00Z,70
1894895,North,JALANDHAR,TRIBUNE,Unplanned,Closed,2026-07-11T06:54:00Z,2026-07-11T08:05:00Z,71
1894892,East,MOHALI,11KV PEARL,Unplanned,Closed,2026-07-11T06:52:00Z,2026-07-11T08:15:00Z,83
1894962,Border,GURDASPUR,24Hrs U.P.S. KOTLA CHAHAL,Unplanned,Closed,2026-07-11T06:50:00Z,2026-07-11T08:30:00Z,100
1894900,Border,TARN TARAN,GOINDWAL SAHIB URBAN..,Unplanned,Closed,2026-07-11T06:50:00Z,2026-07-11T08:05:00Z,75
1894889,North,KAPURTHALA,JALLOW KHANNA URBAN,Unplanned,Closed,2026-07-11T06:50:00Z,2026-07-11T10:12:00Z,202
1894888,Border,GURDASPUR,Basarpura,Unplanned,Active,2026-07-11T06:50:00Z,2026-07-11T13:00:00Z,370
1894885,North,JALANDHAR,PREET NAGAR,Unplanned,Closed,2026-07-11T06:48:00Z,2026-07-11T07:40:00Z,52
1894896,Border,GURDASPUR,Thakarwal,Unplanned,Closed,2026-07-11T06:45:00Z,2026-07-11T09:25:00Z,160
1894890,Border,GURDASPUR,Agwaan,Unplanned,Closed,2026-07-11T06:45:00Z,2026-07-11T07:56:00Z,71
1894880,Border,TARN TARAN,CITY 2,Unplanned,Closed,2026-07-11T06:45:00Z,2026-07-11T08:50:00Z,125
1894887,East,ROPAR,Bhabour sahib,Unplanned,Closed,2026-07-11T06:44:36Z,2026-07-11T07:25:33Z,40
1894883,North,JALANDHAR,MUBARAKPUR SHEKHE,Unplanned,Closed,2026-07-11T06:43:00Z,2026-07-11T07:36:00Z,53
1894879,East,MOHALI,Sector-77B,Unplanned,Closed,2026-07-11T06:42:00Z,2026-07-11T07:44:23Z,62
1894966,Border,GURDASPUR,SATKOHA,Unplanned,Active,2026-07-11T06:40:00Z,2026-07-11T11:00:00Z,260
1894913,Border,TARN TARAN,BUTARI URBAN,Unplanned,Closed,2026-07-11T06:40:00Z,2026-07-11T09:40:00Z,180
1894884,North,JALANDHAR,LINK FEEDER,Unplanned,Closed,2026-07-11T06:40:00Z,2026-07-11T08:15:00Z,95
1894898,North,JALANDHAR,11 KV BHANOKI LINK FEEDER,Unplanned,Closed,2026-07-11T06:35:00Z,2026-07-11T08:25:00Z,110
1894882,North,JALANDHAR,Civil Hospital,Unplanned,Closed,2026-07-11T06:35:00Z,2026-07-11T08:05:00Z,90
1894872,Central,CITY EAST LUDHIANA,DIVISION-3,Unplanned,Closed,2026-07-11T06:35:00Z,2026-07-11T07:30:00Z,55
1894870,South,SANGRUR,Kandhargarh,Unplanned,Closed,2026-07-11T06:25:18Z,2026-07-11T10:21:00Z,235
1894881,North,JALANDHAR,FATEHGARH,Unplanned,Closed,2026-07-11T06:25:00Z,2026-07-11T07:25:00Z,60
1894877,Border,SUB URBAN AMRITSAR,KOTLA URBAN,Unplanned,Closed,2026-07-11T06:25:00Z,2026-07-11T07:25:00Z,60
1894871,North,JALANDHAR,GARHA,Unplanned,Closed,2026-07-11T06:25:00Z,2026-07-11T07:50:00Z,85
1894869,Border,SUB URBAN AMRITSAR,VERKA IND.2,Unplanned,Closed,2026-07-11T06:25:00Z,2026-07-11T07:15:00Z,50
1894867,Central,KHANNA,Gobindgarh Road,Unplanned,Closed,2026-07-11T06:24:00Z,2026-07-11T08:11:00Z,107
1894866,Central,KHANNA,CITY-1,Unplanned,Closed,2026-07-11T06:22:00Z,2026-07-11T08:01:00Z,99
1894886,North,JALANDHAR,THIRD WIRE,Unplanned,Closed,2026-07-11T06:20:00Z,2026-07-11T07:40:00Z,80
1894878,North,JALANDHAR,CITY2,Unplanned,Closed,2026-07-11T06:20:00Z,2026-07-11T06:58:00Z,38
1894859,South,SANGRUR,11 KV Mata Modi Road,Unplanned,Closed,2026-07-11T06:20:00Z,2026-07-11T06:40:00Z,20
1894857,West,FARIDKOT,11 KV LOHGARH URBAN FEEDER,Unplanned,Closed,2026-07-11T06:19:30Z,2026-07-11T07:45:04Z,85
1894875,Border,GURDASPUR,Roranwali 24 hrs.,Unplanned,Closed,2026-07-11T06:17:00Z,2026-07-11T06:53:00Z,36
1894864,Border,CITY AMRITSAR,New Amritsar,Unplanned,Closed,2026-07-11T06:16:00Z,2026-07-11T07:10:00Z,54
1894863,Border,CITY AMRITSAR,Bhai  Ghaniyia ji,Unplanned,Closed,2026-07-11T06:14:00Z,2026-07-11T07:36:00Z,82
1894912,Border,TARN TARAN,BANIA URBAN,Unplanned,Active,2026-07-11T06:10:00Z,2026-07-11T11:00:00Z,290
1894894,South,PATIALA,11 KV UPS Assmanpur,Unplanned,Closed,2026-07-11T06:10:00Z,2026-07-11T10:15:00Z,245
1894860,North,HOSHIARPUR,NARU NANGAL,Unplanned,Closed,2026-07-11T06:10:00Z,2026-07-11T06:35:00Z,25
1894862,Border,CITY AMRITSAR,11kV Garden Enclave,Unplanned,Closed,2026-07-11T06:06:00Z,2026-07-11T07:09:00Z,63
1894893,South,PATIALA,URBAN NANAKSAR,Unplanned,Closed,2026-07-11T06:05:00Z,2026-07-11T07:00:00Z,55
1894868,Border,GURDASPUR,Ujjagar Nagar,Unplanned,Closed,2026-07-11T06:05:00Z,2026-07-11T07:15:00Z,70
1894876,Border,GURDASPUR,GAGOWALI,Unplanned,Closed,2026-07-11T06:02:00Z,2026-07-11T08:05:00Z,123
1894874,Border,GURDASPUR,Nikkosaran 24 Hrs,Unplanned,Closed,2026-07-11T06:01:00Z,2026-07-11T07:01:00Z,60
1894968,Central,CITY EAST LUDHIANA,Ganesh Nagar,Unplanned,Closed,2026-07-11T06:00:00Z,2026-07-11T06:59:00Z,59
1894852,West,BATHINDA,DHADE,Unplanned,Closed,2026-07-11T06:00:00Z,2026-07-11T08:45:00Z,165
1894842,West,FARIDKOT,Tarewala UPS,Unplanned,Closed,2026-07-11T05:55:00Z,2026-07-11T09:09:32Z,194
1894839,East,MOHALI,TDI 2,Unplanned,Closed,2026-07-11T05:52:00Z,2026-07-11T07:15:12Z,83
1894967,Border,GURDASPUR,SIDHWAN,Unplanned,Active,2026-07-11T05:51:00Z,2026-07-11T11:00:00Z,309
1894843,South,PATIALA,Ablowal Feeder,Unplanned,Closed,2026-07-11T05:51:00Z,2026-07-11T06:48:15Z,57
1894845,North,KAPURTHALA,MALL ROAD URBAN,Unplanned,Closed,2026-07-11T05:50:00Z,2026-07-11T07:37:00Z,107
1894851,East,MOHALI,11KV 66B,Unplanned,Closed,2026-07-11T05:48:00Z,2026-07-11T06:22:00Z,34
1894858,North,JALANDHAR,Urban Rural no 2,Unplanned,Closed,2026-07-11T05:45:00Z,2026-07-11T07:10:00Z,85
1894856,Border,TARN TARAN,SHERON UPS,Unplanned,Closed,2026-07-11T05:45:00Z,2026-07-11T08:45:00Z,180
1894855,Border,TARN TARAN,FELLOKE,Unplanned,Closed,2026-07-11T05:45:00Z,2026-07-11T08:35:00Z,170
1894854,Border,TARN TARAN,THATHIAN 3 W URBAN`,Unplanned,Closed,2026-07-11T05:45:00Z,2026-07-11T06:45:00Z,60
1894853,Border,TARN TARAN,NAUSHEHRA PANNUN URBAN,Unplanned,Closed,2026-07-11T05:45:00Z,2026-07-11T08:35:00Z,170
1894850,North,JALANDHAR,RING MAIN,Unplanned,Closed,2026-07-11T05:45:00Z,2026-07-11T08:45:00Z,180
1894840,North,NAWANSHAHR,ACHALPUR,Unplanned,Closed,2026-07-11T05:45:00Z,2026-07-11T06:01:00Z,16
1894836,Central,KHANNA,F C I,Unplanned,Closed,2026-07-11T05:44:00Z,2026-07-11T07:48:00Z,124
1894849,Border,GURDASPUR,Jafferwal,Unplanned,Closed,2026-07-11T05:40:00Z,2026-07-11T07:06:00Z,86
1894832,North,KAPURTHALA,Bulandpuri,Unplanned,Closed,2026-07-11T05:40:00Z,2026-07-11T07:07:00Z,87
1894831,North,KAPURTHALA,DHUGGAR,Unplanned,Closed,2026-07-11T05:40:00Z,2026-07-11T07:33:00Z,113
1894830,North,KAPURTHALA,Bangiwal UPS,Unplanned,Closed,2026-07-11T05:40:00Z,2026-07-11T07:12:00Z,92
1894829,North,KAPURTHALA,URBAN MODEL TOWN Shahkot,Unplanned,Closed,2026-07-11T05:40:00Z,2026-07-11T06:19:00Z,39
1894835,Border,SUB URBAN AMRITSAR,BATALA ROAD,Unplanned,Closed,2026-07-11T05:39:00Z,2026-07-11T08:55:00Z,196
1894827,North,KAPURTHALA,UPS TANDA AURA,Unplanned,Closed,2026-07-11T05:38:00Z,2026-07-11T07:05:00Z,87
1894865,West,FARIDKOT,11 KV INDUSTRIAL CAT-01,Unplanned,Closed,2026-07-11T05:33:00Z,2026-07-11T06:45:00Z,72
1894873,Border,GURDASPUR,LOHARAWALI,Unplanned,Closed,2026-07-11T05:30:00Z,2026-07-11T08:25:00Z,175
1894833,Border,GURDASPUR,SHANTI NAGAR,Unplanned,Closed,2026-07-11T05:30:00Z,2026-07-11T05:58:00Z,28
1894826,East,MOHALI,11KV DERRI UPS,Unplanned,Closed,2026-07-11T05:30:00Z,2026-07-11T06:15:00Z,45
1894825,Central,KHANNA,RAM RAJAYA,Unplanned,Closed,2026-07-11T05:30:00Z,2026-07-11T07:32:00Z,122
1894824,North,HOSHIARPUR,MODEL  TOWN,Unplanned,Closed,2026-07-11T05:25:00Z,2026-07-11T06:25:00Z,60
1894838,West,MUKATSAR,New Patrewala UPS,Unplanned,Closed,2026-07-11T05:20:00Z,2026-07-11T09:35:00Z,255
1894837,West,MUKATSAR,11 KV Patrewala,Unplanned,Closed,2026-07-11T05:20:00Z,2026-07-11T05:34:00Z,14
1894823,South,PATIALA,UPS MIRJAPUR,Unplanned,Closed,2026-07-11T05:20:00Z,2026-07-11T07:05:00Z,105
1894821,South,PATIALA,UPS 3-Wire Shambhu,Unplanned,Closed,2026-07-11T05:20:00Z,2026-07-11T09:35:00Z,255
1894819,South,PATIALA,AMARGARH UPS,Unplanned,Closed,2026-07-11T05:20:00Z,2026-07-11T09:14:00Z,234
1894815,West,FARIDKOT,11 KV GILL UPS,Unplanned,Closed,2026-07-11T05:20:00Z,2026-07-11T06:06:00Z,46
1894814,South,PATIALA,UPS ALALMAJRA,Unplanned,Closed,2026-07-11T05:20:00Z,2026-07-11T08:30:00Z,190
1894818,South,SANGRUR,KHANOURI-2,Unplanned,Closed,2026-07-11T05:17:00Z,2026-07-11T05:35:00Z,18
1894811,South,BARNALA,11 KV MALERROAD,Unplanned,Closed,2026-07-11T05:15:37Z,2026-07-11T10:00:00Z,284
1894820,South,PATIALA,SARHIND ROAD,Unplanned,Closed,2026-07-11T05:15:00Z,2026-07-11T06:43:00Z,88
1894806,West,FARIDKOT,11KV KHAMBE UPS..,Unplanned,Closed,2026-07-11T05:14:03Z,2026-07-11T07:30:07Z,136
1894808,West,FARIDKOT,11 KV GAJJANWALA-U-CAT-01,Unplanned,Closed,2026-07-11T05:14:00Z,2026-07-11T06:25:00Z,71
1894810,East,MOHALI,11 KV Azad Nagar,Unplanned,Closed,2026-07-11T05:11:00Z,2026-07-11T07:16:46Z,125
1894809,East,MOHALI,Sec 55,Unplanned,Closed,2026-07-11T05:11:00Z,2026-07-11T06:51:22Z,100
1894803,West,FARIDKOT,11KV RADHA KRISHAN,Unplanned,Closed,2026-07-11T05:11:00Z,2026-07-11T06:10:00Z,59
1894822,East,MOHALI,BANUR URBAN 1,Unplanned,Closed,2026-07-11T05:10:00Z,2026-07-11T05:50:00Z,40
1894817,North,KAPURTHALA,Guru Nanak Nagar URBAN,Unplanned,Active,2026-07-11T05:10:00Z,2026-07-11T09:00:00Z,230
1894816,Border,TARN TARAN,24 HRS UPS,Unplanned,Closed,2026-07-11T05:10:00Z,2026-07-11T08:50:00Z,220
1894802,West,FARIDKOT,11 KV RANSHIH KALAN-UPS,Unplanned,Closed,2026-07-11T05:10:00Z,2026-07-11T07:05:00Z,115
1894812,East,MOHALI,11KV JAND PUR,Unplanned,Closed,2026-07-11T05:09:00Z,2026-07-11T05:49:00Z,40
1894797,West,FARIDKOT,MUSEWAALA (MASITAN),Unplanned,Closed,2026-07-11T05:08:07Z,2026-07-11T08:00:41Z,172
1894794,Border,SUB URBAN AMRITSAR,THANDE UPS,Unplanned,Closed,2026-07-11T05:06:58Z,2026-07-11T06:48:00Z,101
1894861,West,FARIDKOT,11 KV NIHAL SINGH WALA CAT-01,Unplanned,Closed,2026-07-11T05:05:00Z,2026-07-11T07:00:00Z,115
1894800,Central,CITY EAST LUDHIANA,JAIL ROAD,Unplanned,Closed,2026-07-11T05:05:00Z,2026-07-11T06:45:00Z,100
1894799,Central,CITY EAST LUDHIANA,BHADOUR HOUSE,Unplanned,Closed,2026-07-11T05:05:00Z,2026-07-11T06:45:00Z,100
1894798,Central,CITY EAST LUDHIANA,Subash Nagar Feeder,Unplanned,Closed,2026-07-11T05:05:00Z,2026-07-11T06:02:00Z,57
1894791,North,JALANDHAR,GT ROAD,Unplanned,Closed,2026-07-11T05:05:00Z,2026-07-11T05:35:00Z,30
1894844,Border,TARN TARAN,KADD GILL UPS,Unplanned,Closed,2026-07-11T05:01:00Z,2026-07-11T07:25:00Z,144
1894841,West,FARIDKOT,NANAK  PURI  UPS,Unplanned,Closed,2026-07-11T05:00:00Z,2026-07-11T08:24:24Z,204
1894834,West,FARIDKOT,BUTTAR UPS,Unplanned,Closed,2026-07-11T05:00:00Z,2026-07-11T07:49:06Z,169
1894790,Border,SUB URBAN AMRITSAR,Mohleke Urban,Unplanned,Closed,2026-07-11T04:59:40Z,2026-07-11T08:31:00Z,211
1894789,Border,SUB URBAN AMRITSAR,24 Hrs Mohleke,Unplanned,Closed,2026-07-11T04:59:40Z,2026-07-11T08:31:00Z,211
1894907,North,KAPURTHALA,UPS SUJOKALIA,Unplanned,Active,2026-07-11T04:56:00Z,2026-07-11T10:35:00Z,339
1894788,South,PATIALA,TEHSIL ROAD,Unplanned,Closed,2026-07-11T04:56:00Z,2026-07-11T06:25:00Z,89
1894786,South,PATIALA,Park Avenue,Unplanned,Closed,2026-07-11T04:56:00Z,2026-07-11T06:35:00Z,99
1894785,South,PATIALA,Guru ramdas nagar,Unplanned,Closed,2026-07-11T04:56:00Z,2026-07-11T07:20:00Z,144
1894784,Border,SUB URBAN AMRITSAR,24 Hrs Rajatal,Unplanned,Closed,2026-07-11T04:55:52Z,2026-07-11T09:51:55Z,296
1894783,Border,SUB URBAN AMRITSAR,BHUSSE,Unplanned,Closed,2026-07-11T04:55:23Z,2026-07-11T07:29:00Z,153
1894813,East,MOHALI,commercial 95-96,Unplanned,Closed,2026-07-11T04:52:00Z,2026-07-11T05:38:22Z,46
1894807,East,MOHALI,11KV MANANA,Unplanned,Closed,2026-07-11T04:50:00Z,2026-07-11T06:48:00Z,118
1894796,West,MUKATSAR,11 KV Ganganagar Road,Unplanned,Closed,2026-07-11T04:50:00Z,2026-07-11T05:20:00Z,30
1894795,West,MUKATSAR,11 KV Punjava Model,Unplanned,Closed,2026-07-11T04:50:00Z,2026-07-11T05:20:00Z,30
1894793,West,MUKATSAR,JANDWALA HANUWANTA,Unplanned,Closed,2026-07-11T04:50:00Z,2026-07-11T05:20:00Z,30
1894792,West,MUKATSAR,11 KALLER KHERA,Unplanned,Closed,2026-07-11T04:50:00Z,2026-07-11T05:20:00Z,30
1894787,Border,GURDASPUR,Shankarpura,Unplanned,Closed,2026-07-11T04:50:00Z,2026-07-11T05:50:00Z,60
1894781,East,MOHALI,Green Enclave,Unplanned,Closed,2026-07-11T04:49:23Z,2026-07-11T06:23:00Z,93
1894779,Border,SUB URBAN AMRITSAR,24 HRS RANIA,Unplanned,Closed,2026-07-11T04:48:57Z,2026-07-11T08:24:00Z,215
1894777,Border,SUB URBAN AMRITSAR,Chan Malah,Unplanned,Closed,2026-07-11T04:48:57Z,2026-07-11T07:59:00Z,190
1894776,Border,SUB URBAN AMRITSAR,24 Hrs Pandori,Unplanned,Closed,2026-07-11T04:48:34Z,2026-07-11T07:22:00Z,153
1894775,Border,SUB URBAN AMRITSAR,24 Hrs Vehra,Unplanned,Closed,2026-07-11T04:47:54Z,2026-07-11T08:07:00Z,199
1894773,Border,SUB URBAN AMRITSAR,LALIAN UPS,Unplanned,Closed,2026-07-11T04:47:54Z,2026-07-11T07:55:00Z,187
1894770,Border,SUB URBAN AMRITSAR,11 KVA URBAN BAGGA,Unplanned,Active,2026-07-11T04:43:43Z,2026-07-11T09:00:00Z,256
1894769,Border,SUB URBAN AMRITSAR,UPS JAHNJOTI,Unplanned,Closed,2026-07-11T04:43:43Z,2026-07-11T08:54:00Z,250
1894782,Central,KHANNA,New Shanti Nagar,Unplanned,Closed,2026-07-11T04:43:00Z,2026-07-11T07:00:00Z,137
1894768,Border,SUB URBAN AMRITSAR,MANAWALA UPS,Unplanned,Closed,2026-07-11T04:42:11Z,2026-07-11T07:54:00Z,191
1894767,Border,SUB URBAN AMRITSAR,24 HRS BHITTEWED UPS,Unplanned,Active,2026-07-11T04:42:11Z,2026-07-11T09:00:00Z,257
1894891,South,PATIALA,PUNJLAND,Unplanned,Closed,2026-07-11T04:42:00Z,2026-07-11T08:05:00Z,203
1894765,Border,SUB URBAN AMRITSAR,Rattan,Unplanned,Closed,2026-07-11T04:39:34Z,2026-07-11T06:14:00Z,94
1894764,Border,SUB URBAN AMRITSAR,BOP,Unplanned,Closed,2026-07-11T04:39:25Z,2026-07-11T05:50:07Z,70
1894780,North,HOSHIARPUR,Darapur,Unplanned,Closed,2026-07-11T04:38:00Z,2026-07-11T05:20:00Z,42
1894760,South,SANGRUR,11 KV KHADIAL ROAD C2,Unplanned,Closed,2026-07-11T04:35:00Z,2026-07-11T06:05:00Z,90
1894778,South,PATIALA,Majhithia Enclave,Unplanned,Closed,2026-07-11T04:33:00Z,2026-07-11T06:30:15Z,117
1894774,South,PATIALA,Dental College,Unplanned,Closed,2026-07-11T04:33:00Z,2026-07-11T05:45:26Z,72
1894750,Border,TARN TARAN,Urban Railway Station Patti,Unplanned,Closed,2026-07-11T04:32:12Z,2026-07-11T09:25:00Z,292
1894749,Border,TARN TARAN,URBAN GARDEN COLONY,Unplanned,Closed,2026-07-11T04:32:12Z,2026-07-11T06:00:00Z,87
1894759,South,PATIALA,CINEMA  ROAD,Unplanned,Closed,2026-07-11T04:30:37Z,2026-07-11T07:52:00Z,201
1894772,Border,TARN TARAN,MANOCHAL UPS,Unplanned,Closed,2026-07-11T04:30:00Z,2026-07-11T05:50:00Z,80
1894763,East,MOHALI,scada-1,Unplanned,Closed,2026-07-11T04:30:00Z,2026-07-11T06:15:00Z,105
1894766,East,ROPAR,MODLE  TOWN,Unplanned,Closed,2026-07-11T04:26:00Z,2026-07-11T06:08:00Z,102
1894746,Border,SUB URBAN AMRITSAR,24 Hrs Kohali,Unplanned,Closed,2026-07-11T04:25:40Z,2026-07-11T07:59:00Z,213
1894761,South,BARNALA,NABHA ROAD INDUSTRY,Unplanned,Closed,2026-07-11T04:25:00Z,2026-07-11T09:40:00Z,315
1894752,West,MUKATSAR,11 KV LINK NO. 2,Unplanned,Closed,2026-07-11T04:24:00Z,2026-07-11T04:44:00Z,20
1894744,Border,TARN TARAN,UPS MARHANA,Unplanned,Closed,2026-07-11T04:22:04Z,2026-07-11T09:50:00Z,327
1894757,South,PATIALA,UPS Mulabadha,Unplanned,Closed,2026-07-11T04:20:37Z,2026-07-11T09:45:00Z,324
1894801,Border,SUB URBAN AMRITSAR,Bandala Urban,Unplanned,Closed,2026-07-11T04:20:00Z,2026-07-11T06:50:00Z,150
1894747,South,SANGRUR,Samundgarh UPS,Unplanned,Closed,2026-07-11T04:20:00Z,2026-07-11T10:20:00Z,360
1894740,Border,SUB URBAN AMRITSAR,11 KV BACHIWIND,Unplanned,Closed,2026-07-11T04:19:00Z,2026-07-11T08:00:00Z,221
1894758,Border,GURDASPUR,SEKHOWALI,Unplanned,Closed,2026-07-11T04:15:00Z,2026-07-11T08:15:00Z,240
1894745,Border,SUB URBAN AMRITSAR,Friends Avenue,Unplanned,Closed,2026-07-11T04:15:00Z,2026-07-11T06:00:00Z,105
1894828,North,JALANDHAR,BHARO CAMP,Unplanned,Closed,2026-07-11T04:14:00Z,2026-07-11T08:02:00Z,228
1894741,South,BARNALA,WAZIDKE 24 HRS,Unplanned,Closed,2026-07-11T04:13:00Z,2026-07-11T09:35:00Z,322
1894743,South,SANGRUR,11 KV HEERO KALAN URBAN,Unplanned,Closed,2026-07-11T04:12:00Z,2026-07-11T06:38:00Z,146
1894737,South,BARNALA,GREWAL UPS,Unplanned,Closed,2026-07-11T04:10:50Z,2026-07-11T07:40:00Z,209
1894751,South,PATIALA,NABHA NO.1,Unplanned,Closed,2026-07-11T04:10:37Z,2026-07-11T08:55:00Z,284
1894739,South,BARNALA,Sehjra UPS,Unplanned,Closed,2026-07-11T04:09:00Z,2026-07-11T06:51:00Z,162
1894762,Border,GURDASPUR,Qila Lal Singh,Unplanned,Closed,2026-07-11T04:07:00Z,2026-07-11T07:07:00Z,180
1894754,South,PATIALA,INDUSTRIAL,Unplanned,Closed,2026-07-11T04:05:37Z,2026-07-11T08:20:00Z,254
1894755,Border,GURDASPUR,Khatib,Unplanned,Closed,2026-07-11T04:05:00Z,2026-07-11T07:20:00Z,195
1894732,Central,CITY EAST LUDHIANA,SAHIBANA,Unplanned,Closed,2026-07-11T03:55:43Z,2026-07-11T05:50:07Z,114
1894738,South,BARNALA,U.P.S-1 KOTDUNA,Unplanned,Closed,2026-07-11T03:55:00Z,2026-07-11T09:10:00Z,315
1894734,South,SANGRUR,S/S Bharo,Unplanned,Closed,2026-07-11T03:55:00Z,2026-07-11T07:34:00Z,219
1894731,Central,CITY EAST LUDHIANA,HOSIRY COMPLEX,Unplanned,Closed,2026-07-11T03:50:39Z,2026-07-11T05:55:45Z,125
1894756,Border,GURDASPUR,Shikaar 24 Hrs,Unplanned,Closed,2026-07-11T03:50:00Z,2026-07-11T07:10:00Z,200
1894735,South,SANGRUR,UPS BHAMANMAJARA,Unplanned,Closed,2026-07-11T03:50:00Z,2026-07-11T09:30:00Z,340
1894748,South,PATIALA,UPS RAIPUR,Unplanned,Closed,2026-07-11T03:45:00Z,2026-07-11T09:20:00Z,335
1894730,South,SANGRUR,BIGARWAL UPS,Unplanned,Closed,2026-07-11T03:40:00Z,2026-07-11T09:15:00Z,335
1894729,Central,SUB URBAN LUDHIANA,Ghungrana UPS,Unplanned,Closed,2026-07-11T03:40:00Z,2026-07-11T05:20:00Z,100
1894728,South,SANGRUR,11 KV HEERO KALAN UPS,Unplanned,Closed,2026-07-11T03:40:00Z,2026-07-11T09:15:00Z,335
1894723,Central,CITY EAST LUDHIANA,Subash Nagar Feeder,Unplanned,Closed,2026-07-11T03:40:00Z,2026-07-11T04:50:00Z,70
1894733,South,BARNALA,UPS SANDOUR,Unplanned,Closed,2026-07-11T03:35:00Z,2026-07-11T08:25:00Z,290
1894727,South,PATIALA,Thuhi Micro,Unplanned,Closed,2026-07-11T03:30:35Z,2026-07-11T06:40:28Z,189
1894720,South,BARNALA,Industrial-I,Unplanned,Closed,2026-07-11T03:30:00Z,2026-07-11T09:15:00Z,345
1894718,South,SANGRUR,Nwa Pind,Unplanned,Closed,2026-07-11T03:25:31Z,2026-07-11T09:20:00Z,354
1894719,South,BARNALA,MALERKOTLA-1,Unplanned,Closed,2026-07-11T03:25:00Z,2026-07-11T09:35:00Z,370
1894717,Central,CITY EAST LUDHIANA,JAIL ROAD,Unplanned,Closed,2026-07-11T03:25:00Z,2026-07-11T03:40:00Z,15
1894724,South,PATIALA,UPS NABHA NO.1,Unplanned,Closed,2026-07-11T03:20:00Z,2026-07-11T08:03:00Z,283
1894712,Border,TARN TARAN,UPS KIRTOWAL,Unplanned,Closed,2026-07-11T03:17:03Z,2026-07-11T05:45:00Z,147
1894711,Border,TARN TARAN,URBAN ADDA HARIKE,Unplanned,Closed,2026-07-11T03:17:03Z,2026-07-11T07:35:00Z,257
1894753,Border,GURDASPUR,Abdaal 24 Hrs.,Unplanned,Closed,2026-07-11T03:15:00Z,2026-07-11T07:15:00Z,240
1894721,South,SANGRUR,11KV UPS JOLIAN,Unplanned,Closed,2026-07-11T03:15:00Z,2026-07-11T09:30:00Z,375
1894716,Central,CITY EAST LUDHIANA,BASTI FEEDER,Unplanned,Closed,2026-07-11T03:15:00Z,2026-07-11T04:44:00Z,89
1894713,Central,CITY EAST LUDHIANA,BHADOUR HOUSE,Unplanned,Closed,2026-07-11T03:15:00Z,2026-07-11T03:44:00Z,29
1894710,South,SANGRUR,UPS BALAD KALAN,Unplanned,Closed,2026-07-11T03:10:00Z,2026-07-11T09:10:00Z,360
1894707,West,FARIDKOT,KARYAAL URBAN,Unplanned,Closed,2026-07-11T03:06:00Z,2026-07-11T05:19:42Z,133
1894705,West,FARIDKOT,CHEEMA,Unplanned,Closed,2026-07-11T03:05:00Z,2026-07-11T07:14:14Z,249
1894771,South,BARNALA,JAMALPURA,Unplanned,Closed,2026-07-11T03:03:00Z,2026-07-11T05:01:23Z,118
1894715,South,BARNALA,LUDHIANA ROAD,Unplanned,Closed,2026-07-11T03:03:00Z,2026-07-11T09:45:00Z,402
1894704,Border,TARN TARAN,URBAN CHOHLA,Unplanned,Closed,2026-07-11T03:02:37Z,2026-07-11T06:50:00Z,227
1894935,South,PATIALA,KUTHAKHERI (D-GARH),Unplanned,Active,2026-07-11T03:01:00Z,2026-07-11T11:30:00Z,509
1894933,South,PATIALA,KABULPUR    (D-GARH),Unplanned,Active,2026-07-11T03:01:00Z,2026-07-11T11:34:00Z,513
1894931,South,PATIALA,SAHAL UPS,Unplanned,Active,2026-07-11T03:01:00Z,2026-07-11T11:29:00Z,508
1894709,West,FARIDKOT,Guru Ram Dass Nagar,Unplanned,Closed,2026-07-11T03:00:00Z,2026-07-11T08:13:23Z,313
1894708,South,SANGRUR,DEHLA UPS,Unplanned,Closed,2026-07-11T03:00:00Z,2026-07-11T07:15:00Z,255
1894703,West,FARIDKOT,DOSANJ UPS,Unplanned,Closed,2026-07-11T02:51:00Z,2026-07-11T09:05:39Z,374
1894714,South,PATIALA,Thuhi Road,Unplanned,Closed,2026-07-11T02:50:48Z,2026-07-11T09:20:11Z,389
1894726,South,SANGRUR,Ups Shadipur,Unplanned,Closed,2026-07-11T02:50:00Z,2026-07-11T07:15:00Z,265
1894706,South,SANGRUR,UPPLI UPS,Unplanned,Closed,2026-07-11T02:50:00Z,2026-07-11T06:55:00Z,245
1894722,South,SANGRUR,INDUSTRIAL,Unplanned,Closed,2026-07-11T02:48:00Z,2026-07-11T05:20:00Z,152
1894697,South,SANGRUR,NANKIANA SAHIB,Unplanned,Closed,2026-07-11T02:46:00Z,2026-07-11T05:30:00Z,164
1894695,South,SANGRUR,Dhuri Gate,Unplanned,Closed,2026-07-11T02:40:00Z,2026-07-11T05:30:00Z,170
1894700,West,MUKATSAR,New Patrewala UPS,Unplanned,Closed,2026-07-11T02:39:00Z,2026-07-11T03:56:00Z,77
1894699,West,MUKATSAR,11 KV Patrewala,Unplanned,Closed,2026-07-11T02:39:00Z,2026-07-11T03:56:00Z,77
1894691,Border,TARN TARAN,URBAN ADDA HARIKE,Unplanned,Closed,2026-07-11T02:35:29Z,2026-07-11T03:00:48Z,25
1894693,South,BARNALA,Baba sant singh nigah,Unplanned,Closed,2026-07-11T02:35:00Z,2026-07-11T08:25:00Z,350
1894690,Border,TARN TARAN,UPS KIRTOWAL,Unplanned,Closed,2026-07-11T02:34:46Z,2026-07-11T03:00:29Z,25
1894742,South,SANGRUR,11 KV Nagri UPS,Unplanned,Active,2026-07-11T02:33:00Z,2026-07-11T12:00:00Z,567
1894696,South,SANGRUR,Chhajli road,Unplanned,Closed,2026-07-11T02:32:00Z,2026-07-11T03:45:00Z,73
1894689,West,FARIDKOT,KOT ISE KHAN,Unplanned,Closed,2026-07-11T02:32:00Z,2026-07-11T07:25:33Z,293
1894725,South,PATIALA,UPS ROHTA SAHIB,Unplanned,Closed,2026-07-11T02:30:00Z,2026-07-11T10:30:00Z,480
1894698,South,BARNALA,UPS KANGANWAL,Unplanned,Closed,2026-07-11T02:30:00Z,2026-07-11T09:45:00Z,435
1894692,South,SANGRUR,11 KV SAHID UDHAM SINGH URBAN,Unplanned,Closed,2026-07-11T02:28:00Z,2026-07-11T03:28:00Z,60
1894682,Central,CITY WEST LUDHIANA,METRO FEEDER,Unplanned,Closed,2026-07-11T02:27:11Z,2026-07-11T04:03:17Z,96
1894686,Border,GURDASPUR,Jugial,Unplanned,Closed,2026-07-11T02:25:00Z,2026-07-11T03:20:00Z,55
1894685,Central,CITY EAST LUDHIANA,GIRJAGHAR CHOWNK,Unplanned,Closed,2026-07-11T02:24:00Z,2026-07-11T04:12:00Z,108
1894683,Central,CITY EAST LUDHIANA,IQBAL GANJ,Unplanned,Closed,2026-07-11T02:24:00Z,2026-07-11T04:15:00Z,111
1894702,South,BARNALA,SANGHAIN UPS,Unplanned,Closed,2026-07-11T02:20:00Z,2026-07-11T08:15:00Z,355
1894701,South,BARNALA,UPS DULMAN,Unplanned,Closed,2026-07-11T02:20:00Z,2026-07-11T06:35:24Z,255
1894679,Central,CITY EAST LUDHIANA,DIVISION-3,Unplanned,Closed,2026-07-11T02:20:00Z,2026-07-11T03:20:00Z,60
1894678,South,SANGRUR,Club Road,Unplanned,Closed,2026-07-11T02:20:00Z,2026-07-11T03:25:00Z,65
1894674,Central,CITY WEST LUDHIANA,SATSANG GHAR,Unplanned,Closed,2026-07-11T02:19:59Z,2026-07-11T04:01:02Z,101
1894673,Central,CITY WEST LUDHIANA,WAHEGURU ROAD,Unplanned,Closed,2026-07-11T02:19:59Z,2026-07-11T04:00:02Z,100
1894671,Central,CITY WEST LUDHIANA,Baghi Stand,Unplanned,Closed,2026-07-11T02:19:59Z,2026-07-11T03:54:02Z,94
1894670,Central,CITY WEST LUDHIANA,UDAM SINGH,Unplanned,Closed,2026-07-11T02:19:59Z,2026-07-11T04:01:02Z,101
1894694,South,SANGRUR,Hamirgarh City,Unplanned,Closed,2026-07-11T02:15:00Z,2026-07-11T09:30:00Z,435
1894687,South,BARNALA,Industrial-2,Unplanned,Closed,2026-07-11T02:15:00Z,2026-07-11T04:50:47Z,155
1894684,South,BARNALA,MALERKOTLA UPS,Unplanned,Closed,2026-07-11T02:15:00Z,2026-07-11T09:05:00Z,410
1894680,South,SANGRUR,CHHAHAR UPS,Unplanned,Closed,2026-07-11T02:15:00Z,2026-07-11T04:30:00Z,135
1894667,Central,SUB URBAN LUDHIANA,RACHHIN,Unplanned,Closed,2026-07-11T02:10:31Z,2026-07-11T04:10:00Z,119
1894677,Central,CITY EAST LUDHIANA,MADHO PURI,Unplanned,Closed,2026-07-11T02:10:00Z,2026-07-11T03:08:00Z,58
1894672,Central,CITY EAST LUDHIANA,Chand Cinema,Unplanned,Closed,2026-07-11T02:10:00Z,2026-07-11T03:08:00Z,58
1894669,Central,CITY EAST LUDHIANA,Shivpuri,Unplanned,Closed,2026-07-11T02:10:00Z,2026-07-11T03:10:00Z,60
1894664,Central,CITY WEST LUDHIANA,KOT MANGAL SINGH,Unplanned,Closed,2026-07-11T02:08:14Z,2026-07-11T03:39:17Z,91
1894663,Central,CITY WEST LUDHIANA,GOLDEN PARK,Unplanned,Closed,2026-07-11T02:08:14Z,2026-07-11T03:43:17Z,95
1894688,South,BARNALA,BABA BEERAM DAS,Unplanned,Closed,2026-07-11T02:05:00Z,2026-07-11T08:20:00Z,375
1894662,North,HOSHIARPUR,WAZIRAN,Unplanned,Closed,2026-07-11T02:02:00Z,2026-07-11T02:18:00Z,16
1894660,North,NAWANSHAHR,PTC,Unplanned,Closed,2026-07-11T02:01:00Z,2026-07-11T02:58:00Z,57
1894681,South,SANGRUR,Bangawali,Unplanned,Closed,2026-07-11T01:58:00Z,2026-07-11T06:00:00Z,242
1894665,South,SANGRUR,MEHLAN UPS,Unplanned,Closed,2026-07-11T01:55:00Z,2026-07-11T04:25:00Z,150
1894658,Border,CITY AMRITSAR,MAKBOOL PURA,Unplanned,Closed,2026-07-11T01:55:00Z,2026-07-11T02:02:00Z,7
1894657,North,NAWANSHAHR,KAHLON,Unplanned,Closed,2026-07-11T01:54:00Z,2026-07-11T02:20:00Z,26
1894655,West,FARIDKOT,SAHIBZADA AJIT SINGH NAGAR,Unplanned,Closed,2026-07-11T01:53:00Z,2026-07-11T04:12:00Z,139
1894650,Border,SUB URBAN AMRITSAR,GUMTALA,Unplanned,Closed,2026-07-11T01:51:10Z,2026-07-11T06:27:00Z,275
1894659,East,ROPAR,Dashmesh Nagar,Unplanned,Closed,2026-07-11T01:50:00Z,2026-07-11T02:45:00Z,55
1894656,South,SANGRUR,AMBEKAR NAGAR,Unplanned,Closed,2026-07-11T01:50:00Z,2026-07-11T06:35:00Z,285
1894653,North,NAWANSHAHR,Industry,Unplanned,Closed,2026-07-11T01:50:00Z,2026-07-11T03:10:00Z,80
1894652,South,SANGRUR,Baba Masat Ram,Unplanned,Closed,2026-07-11T01:50:00Z,2026-07-11T03:00:00Z,70
1894805,Border,SUB URBAN AMRITSAR,Focal Point-3,Unplanned,Closed,2026-07-11T01:45:00Z,2026-07-11T07:15:00Z,330
1894804,Border,SUB URBAN AMRITSAR,Focal point No2 Bhupindera,Unplanned,Closed,2026-07-11T01:45:00Z,2026-07-11T07:15:00Z,330
1894668,South,SANGRUR,11 KV Rambagh,Unplanned,Closed,2026-07-11T01:45:00Z,2026-07-11T05:52:04Z,247
1894675,South,SANGRUR,Industrial (Dhuri),Unplanned,Closed,2026-07-11T01:41:00Z,2026-07-11T07:05:00Z,324
1894648,South,BARNALA,GURUDWARA HAA DA NARA,Unplanned,Closed,2026-07-11T01:40:35Z,2026-07-11T02:15:00Z,34
1894647,South,BARNALA,JAMALPURA,Unplanned,Closed,2026-07-11T01:40:35Z,2026-07-11T02:20:13Z,39
1894646,South,BARNALA,LUDHIANA ROAD,Unplanned,Closed,2026-07-11T01:40:35Z,2026-07-11T02:20:39Z,40
1894645,South,BARNALA,MOTI BAZAR,Unplanned,Closed,2026-07-11T01:40:35Z,2026-07-11T05:00:53Z,200
1894644,South,BARNALA,MALERKOTLA-2,Unplanned,Closed,2026-07-11T01:40:35Z,2026-07-11T02:15:17Z,34
1894643,South,BARNALA,QUILA REHMATGARH,Unplanned,Closed,2026-07-11T01:40:35Z,2026-07-11T02:15:31Z,34
1894642,South,BARNALA,LOHA BAZAR,Unplanned,Closed,2026-07-11T01:40:35Z,2026-07-11T02:15:48Z,35
1894641,South,BARNALA,Industrial-2,Unplanned,Closed,2026-07-11T01:40:35Z,2026-07-11T02:14:33Z,33
1894640,South,BARNALA,SIRGANGARAM,Unplanned,Closed,2026-07-11T01:40:35Z,2026-07-11T02:15:20Z,34
1894639,South,BARNALA,MALERKOTLA-1,Unplanned,Closed,2026-07-11T01:40:35Z,2026-07-11T02:15:44Z,35
1894649,East,MOHALI,TDI,Unplanned,Closed,2026-07-11T01:40:00Z,2026-07-11T02:37:00Z,57
1894676,South,SANGRUR,M K Road,Unplanned,Closed,2026-07-11T01:37:00Z,2026-07-11T10:05:00Z,508
1894661,North,NAWANSHAHR,Kang Arayian,Unplanned,Closed,2026-07-11T01:33:00Z,2026-07-11T04:45:00Z,192
1894632,Border,TARN TARAN,URBAN PATTI CITY,Unplanned,Closed,2026-07-11T01:31:51Z,2026-07-11T02:53:47Z,81
1894637,Border,TARN TARAN,UPS CHUNG,Unplanned,Closed,2026-07-11T01:29:00Z,2026-07-11T08:25:00Z,416
1894629,West,FARIDKOT,Green City UPS,Unplanned,Closed,2026-07-11T01:29:00Z,2026-07-11T02:33:00Z,64
1894654,Border,TARN TARAN,SUR SINGH URBAN,Unplanned,Closed,2026-07-11T01:25:00Z,2026-07-11T06:01:00Z,276
1894651,South,SANGRUR,MES,Unplanned,Closed,2026-07-11T01:25:00Z,2026-07-11T05:00:00Z,215
1894635,South,BARNALA,UPS SANDOUR,Unplanned,Closed,2026-07-11T01:25:00Z,2026-07-11T02:05:20Z,40
1894634,South,BARNALA,UPS KUPKALAN,Unplanned,Closed,2026-07-11T01:25:00Z,2026-07-11T02:15:22Z,50
1894630,North,HOSHIARPUR,NANGAL BIHALAN,Unplanned,Closed,2026-07-11T01:25:00Z,2026-07-11T01:45:00Z,20
1894628,South,BARNALA,KUTHALA CAT-1,Unplanned,Closed,2026-07-11T01:25:00Z,2026-07-11T02:10:25Z,45
1894631,South,SANGRUR,MANDVI CITY,Unplanned,Closed,2026-07-11T01:20:00Z,2026-07-11T07:35:00Z,375
1894626,Central,CITY EAST LUDHIANA,JAIL ROAD,Unplanned,Closed,2026-07-11T01:15:00Z,2026-07-11T03:00:00Z,105
1894627,South,SANGRUR,11 KV HEERO KALAN URBAN,Unplanned,Closed,2026-07-11T01:11:00Z,2026-07-11T01:35:00Z,24
1894624,North,JALANDHAR,Dushiara Ground,Unplanned,Closed,2026-07-11T01:11:00Z,2026-07-11T01:50:00Z,39
1894636,Border,TARN TARAN,24 Hrs. UPS Narli,Unplanned,Closed,2026-07-11T01:10:00Z,2026-07-11T07:45:00Z,395
1894622,West,FARIDKOT,BHATTIANA,Unplanned,Closed,2026-07-11T01:08:00Z,2026-07-11T07:12:00Z,364
1894621,West,FARIDKOT,BABA LAKCHMAN SIDH UPS,Unplanned,Active,2026-07-11T01:08:00Z,2026-07-11T08:00:00Z,412
1894623,North,JALANDHAR,GEETA MANDIR,Unplanned,Closed,2026-07-11T01:03:00Z,2026-07-11T01:28:00Z,25
1894625,South,SANGRUR,UPS RAMPURA,Unplanned,Closed,2026-07-11T01:01:00Z,2026-07-11T07:55:00Z,414
1894617,West,FARIDKOT,11 KV PANDORI GATE URBAN,Unplanned,Closed,2026-07-11T01:00:00Z,2026-07-11T05:07:15Z,247
1894616,West,FARIDKOT,AJITWAL URBAN 2,Unplanned,Active,2026-07-11T01:00:00Z,2026-07-11T08:00:00Z,420
1894615,West,FARIDKOT,11 KV Dana Mandi,Unplanned,Closed,2026-07-11T01:00:00Z,2026-07-11T04:57:49Z,237
1894620,Border,GURDASPUR,MUGRALA,Unplanned,Closed,2026-07-11T00:55:00Z,2026-07-11T06:25:00Z,330
1894612,Border,TARN TARAN,B.S.F.,Unplanned,Closed,2026-07-11T00:46:37Z,2026-07-11T07:20:00Z,393
1894619,West,FARIDKOT,DADHUAR UPS,Unplanned,Closed,2026-07-11T00:46:00Z,2026-07-11T07:21:15Z,395
1894613,East,MOHALI,scada-1,Unplanned,Closed,2026-07-11T00:45:35Z,2026-07-11T01:20:00Z,34
1894614,West,FEROZPUR,BOP,Unplanned,Closed,2026-07-11T00:45:00Z,2026-07-11T09:20:00Z,515
1894611,North,NAWANSHAHR,Ghaas mandi,Unplanned,Closed,2026-07-11T00:44:00Z,2026-07-11T00:54:00Z,10
1894610,Border,TARN TARAN,Adda Bhikhiwind,Unplanned,Closed,2026-07-11T00:41:42Z,2026-07-11T07:24:00Z,402
1894638,Border,TARN TARAN,UPS Machike,Unplanned,Closed,2026-07-11T00:40:00Z,2026-07-11T06:50:32Z,370
1894618,East,Zirakpur,SAVITRY GREEN 2,Unplanned,Closed,2026-07-11T00:38:00Z,2026-07-11T01:25:00Z,47
1894666,Border,TARN TARAN,JAWANDY,Unplanned,Closed,2026-07-11T00:30:00Z,2026-07-11T06:05:00Z,335
1894633,Central,SUB URBAN LUDHIANA,CITY-6,Unplanned,Closed,2026-07-11T00:30:00Z,2026-07-11T01:08:00Z,38
1894608,West,FARIDKOT,Guru Ram Dass Nagar,Unplanned,Closed,2026-07-11T00:26:00Z,2026-07-11T01:18:00Z,52
1894602,South,SANGRUR,CHURAL UPS,Unplanned,Closed,2026-07-11T00:20:00Z,2026-07-11T06:20:00Z,360
1894601,West,FARIDKOT,INDUSTRIAL,Unplanned,Closed,2026-07-11T00:20:00Z,2026-07-11T02:56:00Z,156
1894606,Border,CITY AMRITSAR,MAKBOOL PURA,Unplanned,Closed,2026-07-11T00:15:00Z,2026-07-11T00:42:00Z,27
1894603,West,FEROZPUR,POLYTECHNIC COLLEGE,Unplanned,Closed,2026-07-11T00:15:00Z,2026-07-11T08:45:00Z,510
1894600,Border,TARN TARAN,KAROWAL,Unplanned,Closed,2026-07-11T00:15:00Z,2026-07-11T00:40:00Z,25
1894591,Border,SUB URBAN AMRITSAR,PUTLIGHAR,Unplanned,Closed,2026-07-11T00:15:00Z,2026-07-11T01:01:00Z,46
1894590,North,JALANDHAR,GEETA MANDIR,Unplanned,Closed,2026-07-11T00:11:00Z,2026-07-11T00:31:00Z,20
1894589,West,MUKATSAR,Malout Road,Unplanned,Closed,2026-07-11T00:10:00Z,2026-07-11T04:51:00Z,281
1894588,Border,GURDASPUR,11kv feeder Meerpur,Unplanned,Closed,2026-07-11T00:05:00Z,2026-07-11T08:30:00Z,505
1894587,Border,GURDASPUR,Sukha chirra,Unplanned,Closed,2026-07-11T00:05:00Z,2026-07-11T08:20:00Z,495
1894585,North,KAPURTHALA,MALL ROAD URBAN,Unplanned,Closed,2026-07-11T00:05:00Z,2026-07-11T00:25:00Z,20
1894595,Border,GURDASPUR,Abdal,Unplanned,Closed,2026-07-11T00:02:00Z,2026-07-11T06:20:00Z,378
1894594,Border,GURDASPUR,Mangian,Unplanned,Closed,2026-07-11T00:02:00Z,2026-07-11T06:15:00Z,373
1894607,Border,GURDASPUR,Balewal,Unplanned,Closed,2026-07-11T00:01:00Z,2026-07-11T07:45:00Z,464
1894605,Border,TARN TARAN,24 HRS CHUTALA,Unplanned,Closed,2026-07-11T00:01:00Z,2026-07-11T06:05:00Z,364
1894604,Border,TARN TARAN,Sarhali Road,Unplanned,Closed,2026-07-11T00:01:00Z,2026-07-11T01:55:00Z,114
1894593,Border,GURDASPUR,Talwandi Bharthwal,Unplanned,Closed,2026-07-11T00:01:00Z,2026-07-11T04:30:00Z,269
1894592,Border,GURDASPUR,Kashtiwal,Unplanned,Closed,2026-07-11T00:01:00Z,2026-07-11T01:15:00Z,74
1894586,Border,GURDASPUR,Kaler,Unplanned,Closed,2026-07-11T00:01:00Z,2026-07-11T06:40:00Z,399
1894599,East,ROPAR,Dashmesh Nagar,Unplanned,Closed,2026-07-11T00:00:00Z,2026-07-11T00:31:00Z,31
1894609,West,FEROZPUR,Nazu Shah Wala,Unplanned,Closed,2026-07-10T23:54:00Z,2026-07-11T03:55:00Z,241
1894597,West,FEROZPUR,HASTI WALA,Unplanned,Closed,2026-07-10T23:50:00Z,2026-07-11T06:54:00Z,424
1894596,West,FEROZPUR,LOHGARH,Unplanned,Closed,2026-07-10T23:50:00Z,2026-07-11T00:00:00Z,10
1894584,Border,GURDASPUR,11 KV BHANDHRI MOHALLA,Unplanned,Closed,2026-07-10T23:50:00Z,2026-07-11T00:30:00Z,40
1894914,Border,SUB URBAN AMRITSAR,Beas Wire,Unplanned,Closed,2026-07-10T23:48:00Z,2026-07-11T09:01:00Z,553
1894582,West,FARIDKOT,SHAHEED BHAGAT SINGH NAGAR,Unplanned,Closed,2026-07-10T23:47:00Z,2026-07-11T00:16:00Z,29
1894581,West,FARIDKOT,ITI,Unplanned,Closed,2026-07-10T23:47:00Z,2026-07-11T00:16:00Z,29
1894580,West,FARIDKOT,AKALSAR,Unplanned,Closed,2026-07-10T23:47:00Z,2026-07-11T00:07:00Z,20
1894579,West,FARIDKOT,11 SODHI NAGAR URBAN,Unplanned,Closed,2026-07-10T23:47:00Z,2026-07-11T00:07:00Z,20
1894578,West,FARIDKOT,AMRITSAR ROAD URBAN,Unplanned,Closed,2026-07-10T23:47:00Z,2026-07-11T00:05:00Z,18
1894577,West,FARIDKOT,SAHIBZADA AJIT SINGH NAGAR,Unplanned,Closed,2026-07-10T23:47:00Z,2026-07-11T00:07:00Z,20
1894576,West,FARIDKOT,Dutt Road,Unplanned,Closed,2026-07-10T23:47:00Z,2026-07-11T00:07:00Z,20
1894575,West,FARIDKOT,Zira Road,Unplanned,Closed,2026-07-10T23:47:00Z,2026-07-11T00:08:00Z,21
1894574,West,FARIDKOT,INDUSTRIAL,Unplanned,Closed,2026-07-10T23:47:00Z,2026-07-11T00:07:00Z,20
1894573,West,FARIDKOT,Guru Ram Dass Nagar,Unplanned,Closed,2026-07-10T23:47:00Z,2026-07-11T00:08:00Z,21
1894572,West,FARIDKOT,LandeKe URBAN,Unplanned,Closed,2026-07-10T23:47:00Z,2026-07-11T00:07:00Z,20
1894598,West,FARIDKOT,11 KV MOGA ROAD CAT-02,Unplanned,Closed,2026-07-10T23:46:00Z,2026-07-11T00:20:00Z,34
1894583,Border,TARN TARAN,Piddi,Unplanned,Closed,2026-07-10T23:45:00Z,2026-07-11T07:45:00Z,480
1894568,North,JALANDHAR,MODEL TOWN,Unplanned,Closed,2026-07-10T23:44:50Z,2026-07-11T00:20:09Z,35
1894571,North,JALANDHAR,RAIWAY WORKSHOP,Unplanned,Closed,2026-07-10T23:40:00Z,2026-07-10T23:55:00Z,15
1894570,North,JALANDHAR,RAMA MANDI,Unplanned,Closed,2026-07-10T23:40:00Z,2026-07-10T23:55:00Z,15
1894569,North,JALANDHAR,PROFFESSER COLONY,Unplanned,Closed,2026-07-10T23:40:00Z,2026-07-10T23:55:00Z,15
1894566,West,FEROZPUR,Makhu Gate,Unplanned,Closed,2026-07-10T23:36:00Z,2026-07-11T00:21:00Z,45
1894565,West,FEROZPUR,DANA MANDI,Unplanned,Closed,2026-07-10T23:36:00Z,2026-07-11T00:42:00Z,66
1894736,Border,TARN TARAN,Khadoor Sahib URBAN.,Unplanned,Closed,2026-07-10T23:30:00Z,2026-07-11T06:50:00Z,440
1894560,West,FEROZPUR,RINGMAIN B,Planned,Closed,2026-07-10T23:28:00Z,2026-07-11T00:00:00Z,32
1894557,West,MUKATSAR,11 KV Alamgarh,Unplanned,Closed,2026-07-10T23:20:00Z,2026-07-10T23:51:45Z,31
1894555,West,MUKATSAR,11 KV GANGA NAGAR ROAD,Unplanned,Closed,2026-07-10T23:20:00Z,2026-07-10T23:51:45Z,31
1894554,West,MUKATSAR,11 KV TARA ESTATE,Unplanned,Closed,2026-07-10T23:20:00Z,2026-07-10T23:51:45Z,31
1894558,West,FEROZPUR,ZIRA ROAD,Unplanned,Closed,2026-07-10T23:17:00Z,2026-07-11T00:11:00Z,54
1894556,North,NAWANSHAHR,Ghaas mandi,Unplanned,Closed,2026-07-10T23:17:00Z,2026-07-10T23:45:00Z,28
1894553,North,HOSHIARPUR,SUDHANA,Unplanned,Closed,2026-07-10T23:13:00Z,2026-07-10T23:50:00Z,37
1894542,Border,SUB URBAN AMRITSAR,PUTLIGHAR,Unplanned,Closed,2026-07-10T23:10:01Z,2026-07-11T01:01:00Z,110
1894552,North,HOSHIARPUR,SAWAR,Unplanned,Closed,2026-07-10T23:05:00Z,2026-07-10T23:35:00Z,30
1894563,West,FEROZPUR,Katora (UPS),Unplanned,Closed,2026-07-10T23:04:00Z,2026-07-11T04:30:00Z,326
1894538,Border,GURDASPUR,Kaluwal,Unplanned,Closed,2026-07-10T23:01:00Z,2026-07-11T04:05:00Z,304
1894518,Central,CITY EAST LUDHIANA,HOSIRY COMPLEX,Unplanned,Closed,2026-07-10T23:00:25Z,2026-07-10T23:30:00Z,29
1894559,South,PATIALA,URBAN NANAKSAR,Unplanned,Closed,2026-07-10T23:00:00Z,2026-07-10T23:49:00Z,49
1894513,West,FEROZPUR,Amritsari Gate,Planned,Closed,2026-07-10T23:00:00Z,2026-07-11T00:07:00Z,67
1894514,Central,CITY EAST LUDHIANA,SAHIBANA,Unplanned,Closed,2026-07-10T22:59:56Z,2026-07-10T23:35:31Z,35
1894527,North,JALANDHAR,PAP,Unplanned,Closed,2026-07-10T22:58:00Z,2026-07-10T23:29:00Z,31
1894545,Border,SUB URBAN AMRITSAR,Urban Tangra,Unplanned,Closed,2026-07-10T22:55:00Z,2026-07-10T23:55:00Z,60
1894539,Border,GURDASPUR,Partap Paper Mills,Unplanned,Closed,2026-07-10T22:55:00Z,2026-07-10T23:20:00Z,25
1894535,West,FEROZPUR,POLYTECHNIC COLLEGE,Unplanned,Closed,2026-07-10T22:55:00Z,2026-07-10T23:40:00Z,45
1894531,Border,GURDASPUR,CHHEENA VEERA (A.P.),Unplanned,Closed,2026-07-10T22:55:00Z,2026-07-11T05:55:00Z,420
1894529,Border,GURDASPUR,Natt (mokal),Unplanned,Closed,2026-07-10T22:55:00Z,2026-07-11T05:55:00Z,420
1894516,Border,GURDASPUR,SUNIYA 24hrs,Unplanned,Closed,2026-07-10T22:55:00Z,2026-07-11T05:15:00Z,380
1894506,Border,SUB URBAN AMRITSAR,GHALA MALA CHOWNK,Unplanned,Closed,2026-07-10T22:53:00Z,2026-07-10T23:59:00Z,66
1894526,West,FEROZPUR,RAILWAY,Unplanned,Closed,2026-07-10T22:51:00Z,2026-07-11T00:55:00Z,124
1894511,East,Zirakpur,11 kv malwa,Unplanned,Closed,2026-07-10T22:51:00Z,2026-07-10T23:45:00Z,54
1894541,Border,GURDASPUR,GHAZI NANGAL,Unplanned,Closed,2026-07-10T22:50:00Z,2026-07-11T05:10:00Z,380
1894507,East,ROPAR,11 KV Moura,Unplanned,Closed,2026-07-10T22:48:15Z,2026-07-10T22:58:36Z,10
1894537,Border,SUB URBAN AMRITSAR,BABA NAMDEV JI UPS,Unplanned,Active,2026-07-10T22:45:00Z,2026-07-11T06:00:00Z,435
1894503,Border,CITY AMRITSAR,JOSHI COLONY,Unplanned,Closed,2026-07-10T22:45:00Z,2026-07-11T00:15:00Z,90
1894504,Border,SUB URBAN AMRITSAR,Avtar Avenue,Unplanned,Closed,2026-07-10T22:44:00Z,2026-07-10T23:59:00Z,75
1894564,Border,GURDASPUR,KISHANKOT UPS,Unplanned,Closed,2026-07-10T22:43:00Z,2026-07-11T06:40:00Z,477
1894499,Central,CITY EAST LUDHIANA,SEC-40,Unplanned,Closed,2026-07-10T22:42:02Z,2026-07-10T23:40:56Z,58
1894498,Central,CITY EAST LUDHIANA,Tushar Feeder,Unplanned,Closed,2026-07-10T22:42:02Z,2026-07-10T23:40:41Z,58
1894501,Central,CITY EAST LUDHIANA,VASHISHT,Unplanned,Closed,2026-07-10T22:41:01Z,2026-07-10T22:58:48Z,17
1894505,North,HOSHIARPUR,PANKHUH,Unplanned,Closed,2026-07-10T22:40:00Z,2026-07-10T23:25:00Z,45
1894546,North,HOSHIARPUR,SUDHANA,Unplanned,Closed,2026-07-10T22:34:00Z,2026-07-10T22:47:00Z,13
1894496,North,HOSHIARPUR,Harsipind UPS,Unplanned,Closed,2026-07-10T22:34:00Z,2026-07-10T23:07:00Z,33
1894543,Border,GURDASPUR,Basrawan,Unplanned,Closed,2026-07-10T22:31:00Z,2026-07-11T00:35:00Z,124
1894540,Border,GURDASPUR,Dalla UPS,Unplanned,Closed,2026-07-10T22:31:00Z,2026-07-11T02:25:00Z,234
1894550,Border,GURDASPUR,DOGER,Unplanned,Closed,2026-07-10T22:30:00Z,2026-07-11T06:30:00Z,480
1894509,East,MOHALI,Industrial 8A,Unplanned,Closed,2026-07-10T22:30:00Z,2026-07-10T23:50:39Z,80
1894500,North,KAPURTHALA,Guru Nanak Nagar URBAN,Unplanned,Closed,2026-07-10T22:30:00Z,2026-07-10T23:05:00Z,35
1894494,Central,KHANNA,Peer Khana,Unplanned,Closed,2026-07-10T22:30:00Z,2026-07-10T23:16:00Z,46
1894491,West,MUKATSAR,Basti Hazoor Singh,Unplanned,Closed,2026-07-10T22:30:00Z,2026-07-10T22:55:00Z,25
1894488,Border,TARN TARAN,UPS BABA BHAI KALU JI,Unplanned,Closed,2026-07-10T22:26:02Z,2026-07-10T23:15:06Z,49
1894562,Border,GURDASPUR,BHARTH,Unplanned,Closed,2026-07-10T22:25:00Z,2026-07-10T23:57:00Z,92
1894490,Border,GURDASPUR,Bharoli,Unplanned,Closed,2026-07-10T22:25:00Z,2026-07-10T22:40:00Z,15
1894510,Central,CITY EAST LUDHIANA,SAHIBANA,Unplanned,Closed,2026-07-10T22:22:23Z,2026-07-10T22:22:26Z,0
1894567,Border,GURDASPUR,NEW BALLARWAL UPS,Unplanned,Closed,2026-07-10T22:20:00Z,2026-07-11T06:40:00Z,500
1894469,Central,CITY WEST LUDHIANA,Maya Soap Street,Unplanned,Closed,2026-07-10T22:19:45Z,2026-07-10T23:03:40Z,43
1894508,Central,CITY EAST LUDHIANA,SAHIBANA,Unplanned,Closed,2026-07-10T22:18:06Z,2026-07-10T22:22:06Z,4
1894489,North,HOSHIARPUR,UPS katrala,Unplanned,Closed,2026-07-10T22:17:00Z,2026-07-10T23:10:00Z,53
1894487,West,MUKATSAR,11 KV SARDARPURA UPS,Unplanned,Closed,2026-07-10T22:17:00Z,2026-07-10T23:23:55Z,66
1894480,North,JALANDHAR,Hargobind Nagar,Unplanned,Closed,2026-07-10T22:16:00Z,2026-07-10T22:40:00Z,24
1894473,West,FEROZPUR,Gobar Mandi,Unplanned,Closed,2026-07-10T22:16:00Z,2026-07-10T23:07:00Z,51
1894471,West,FEROZPUR,Makhu Gate,Unplanned,Closed,2026-07-10T22:16:00Z,2026-07-10T23:07:00Z,51
1894461,North,HOSHIARPUR,Urban qilla road,Unplanned,Closed,2026-07-10T22:15:00Z,2026-07-10T22:50:00Z,35
1894502,Border,SUB URBAN AMRITSAR,MAJITHA ROAD BYE PASS,Unplanned,Closed,2026-07-10T22:10:00Z,2026-07-10T23:59:00Z,109
1894493,Border,GURDASPUR,Bhagowal Khurd,Unplanned,Closed,2026-07-10T22:10:00Z,2026-07-11T09:10:00Z,660
1894485,North,KAPURTHALA,UPS Mustfabad,Unplanned,Closed,2026-07-10T22:10:00Z,2026-07-10T22:30:00Z,20
1894484,North,KAPURTHALA,URBAN Hamira,Unplanned,Closed,2026-07-10T22:10:00Z,2026-07-10T22:30:00Z,20
1894483,North,KAPURTHALA,Bamuwal,Unplanned,Closed,2026-07-10T22:10:00Z,2026-07-10T22:30:00Z,20
1894481,North,KAPURTHALA,Arya Nagar,Unplanned,Closed,2026-07-10T22:10:00Z,2026-07-10T22:30:00Z,20
1894478,North,KAPURTHALA,Fateh Jalal,Unplanned,Closed,2026-07-10T22:10:00Z,2026-07-10T22:30:00Z,20
1894477,Border,GURDASPUR,Aliwal 24 Hr,Unplanned,Closed,2026-07-10T22:10:00Z,2026-07-10T22:25:00Z,15
1894476,North,KAPURTHALA,UPS Ambgarh,Unplanned,Closed,2026-07-10T22:10:00Z,2026-07-10T22:35:00Z,25
1894475,North,KAPURTHALA,UPS Kahlwan,Unplanned,Closed,2026-07-10T22:10:00Z,2026-07-10T22:35:00Z,25
1894474,North,KAPURTHALA,Pattar Kalan,Unplanned,Closed,2026-07-10T22:10:00Z,2026-07-10T22:25:00Z,15
1894472,North,KAPURTHALA,Furniture Bajar,Unplanned,Closed,2026-07-10T22:10:00Z,2026-07-10T22:30:00Z,20
1894470,North,KAPURTHALA,City kartarpur,Unplanned,Closed,2026-07-10T22:10:00Z,2026-07-10T22:30:00Z,20
1894468,Border,GURDASPUR,DABURJI,Unplanned,Closed,2026-07-10T22:10:00Z,2026-07-10T22:30:00Z,20
1894438,West,FEROZPUR,ARSONAL,Planned,Closed,2026-07-10T22:09:00Z,2026-07-10T23:29:00Z,80
1894515,Border,SUB URBAN AMRITSAR,A.S.FARM,Unplanned,Closed,2026-07-10T22:07:00Z,2026-07-10T23:51:00Z,104
1894512,Border,SUB URBAN AMRITSAR,NEHRU COLONY,Unplanned,Closed,2026-07-10T22:07:00Z,2026-07-10T23:51:00Z,104
1894425,Border,CITY AMRITSAR,Dasondha Singh Road,Unplanned,Closed,2026-07-10T22:07:00Z,2026-07-10T23:00:00Z,53
1894437,North,KAPURTHALA,SHALIMAR JALANDHAR ROAD,Unplanned,Closed,2026-07-10T22:05:00Z,2026-07-10T22:20:00Z,15
1894426,Border,GURDASPUR,SHANTI NAGAR,Unplanned,Closed,2026-07-10T22:03:00Z,2026-07-10T22:55:00Z,52
1894533,Border,SUB URBAN AMRITSAR,LOHARKA UPS,Unplanned,Closed,2026-07-10T22:00:00Z,2026-07-11T06:00:00Z,480
1894532,Border,SUB URBAN AMRITSAR,Muradpura,Unplanned,Closed,2026-07-10T22:00:00Z,2026-07-10T23:02:00Z,62
1894520,Border,SUB URBAN AMRITSAR,KOTLA SULTAN SINGH UPS,Unplanned,Closed,2026-07-10T22:00:00Z,2026-07-11T07:35:00Z,575
1894413,Central,KHANNA,Khanyan Road,Unplanned,Closed,2026-07-10T22:00:00Z,2026-07-10T22:39:00Z,39
1894492,Central,CITY EAST LUDHIANA,HOSIRY COMPLEX,Unplanned,Closed,2026-07-10T21:58:33Z,2026-07-10T21:59:52Z,1
1894525,Border,SUB URBAN AMRITSAR,MILK PLANT,Unplanned,Closed,2026-07-10T21:56:00Z,2026-07-10T23:51:00Z,115
1894497,Border,GURDASPUR,Dyal Garh,Unplanned,Active,2026-07-10T21:56:00Z,2026-07-10T23:53:00Z,117
1894551,Border,SUB URBAN AMRITSAR,Purana Adda Gandhinagar,Unplanned,Closed,2026-07-10T21:55:00Z,2026-07-11T00:55:00Z,180
1894549,Border,SUB URBAN AMRITSAR,NAWAN ADDA RAJA SANSI,Unplanned,Closed,2026-07-10T21:55:00Z,2026-07-11T01:25:00Z,210
1894548,Border,SUB URBAN AMRITSAR,GURU NANAKPURA,Unplanned,Closed,2026-07-10T21:55:00Z,2026-07-11T00:30:00Z,155
1894547,Border,SUB URBAN AMRITSAR,KAMBO,Unplanned,Closed,2026-07-10T21:55:00Z,2026-07-11T07:05:00Z,550
1894544,Border,SUB URBAN AMRITSAR,BAL SACHANDER,Unplanned,Closed,2026-07-10T21:55:00Z,2026-07-11T09:40:00Z,705
1894495,Border,GURDASPUR,JAURA SINGHA,Unplanned,Active,2026-07-10T21:55:00Z,2026-07-10T23:53:00Z,118
1894460,Border,SUB URBAN AMRITSAR,Beas Wire,Unplanned,Closed,2026-07-10T21:55:00Z,2026-07-10T23:45:00Z,110
1894459,Border,SUB URBAN AMRITSAR,GT Road 1,Unplanned,Closed,2026-07-10T21:55:00Z,2026-07-10T22:30:00Z,35
1894457,Border,SUB URBAN AMRITSAR,Dream City Ambuja,Unplanned,Closed,2026-07-10T21:55:00Z,2026-07-11T00:35:00Z,160
1894441,Border,GURDASPUR,BHARTH,Unplanned,Closed,2026-07-10T21:55:00Z,2026-07-10T22:20:00Z,25
1894440,Border,GURDASPUR,METLE,Unplanned,Closed,2026-07-10T21:55:00Z,2026-07-10T22:20:00Z,25
1894439,Border,GURDASPUR,BHAM UPS,Unplanned,Closed,2026-07-10T21:55:00Z,2026-07-10T22:20:00Z,25
1894424,Border,GURDASPUR,KISHANKOT UPS,Unplanned,Closed,2026-07-10T21:55:00Z,2026-07-10T22:20:00Z,25
1894423,Border,GURDASPUR,Cheema Khuddi,Unplanned,Closed,2026-07-10T21:55:00Z,2026-07-10T22:40:00Z,45
1894422,Border,GURDASPUR,Withwan,Unplanned,Closed,2026-07-10T21:55:00Z,2026-07-10T22:40:00Z,45
1894421,Border,GURDASPUR,Rampur Talwara,Unplanned,Closed,2026-07-10T21:55:00Z,2026-07-10T22:40:00Z,45
1894420,Border,GURDASPUR,Sri Hargobindpur,Unplanned,Closed,2026-07-10T21:55:00Z,2026-07-10T22:40:00Z,45
1894419,Border,GURDASPUR,RAILWAY ROAD CAT-1,Unplanned,Closed,2026-07-10T21:55:00Z,2026-07-10T22:30:00Z,35
1894418,Border,GURDASPUR,11KV BUTTER UPS,Unplanned,Closed,2026-07-10T21:55:00Z,2026-07-10T22:30:00Z,35
1894417,Border,GURDASPUR,Basrawan,Unplanned,Closed,2026-07-10T21:55:00Z,2026-07-10T22:30:00Z,35
1894416,Border,GURDASPUR,I.T.I,Unplanned,Closed,2026-07-10T21:55:00Z,2026-07-10T22:30:00Z,35
1894415,Border,GURDASPUR,Civil Line,Unplanned,Closed,2026-07-10T21:55:00Z,2026-07-10T22:30:00Z,35
1894414,Border,GURDASPUR,City,Unplanned,Closed,2026-07-10T21:55:00Z,2026-07-10T22:30:00Z,35
1894412,Border,GURDASPUR,THEKERIWAL,Unplanned,Closed,2026-07-10T21:55:00Z,2026-07-10T22:40:00Z,45
1894411,Border,GURDASPUR,Dalla UPS,Unplanned,Closed,2026-07-10T21:55:00Z,2026-07-10T22:30:00Z,35
1894408,North,KAPURTHALA,Bulandpuri,Unplanned,Closed,2026-07-10T21:51:00Z,2026-07-10T22:10:00Z,19
1894482,Border,SUB URBAN AMRITSAR,Khankot,Unplanned,Closed,2026-07-10T21:50:00Z,2026-07-10T23:15:00Z,85
1894479,Border,SUB URBAN AMRITSAR,Ashbarry Homes,Unplanned,Closed,2026-07-10T21:50:00Z,2026-07-10T23:50:00Z,120
1894467,Border,SUB URBAN AMRITSAR,Urban-1 Nawapind,Unplanned,Closed,2026-07-10T21:50:00Z,2026-07-10T22:25:00Z,35
1894450,Border,SUB URBAN AMRITSAR,HARSHA CHHINA UPS,Unplanned,Closed,2026-07-10T21:50:00Z,2026-07-11T08:20:00Z,630
1894449,Border,SUB URBAN AMRITSAR,RAJASANSI/HC,Unplanned,Closed,2026-07-10T21:50:00Z,2026-07-11T07:15:00Z,565
1894448,Border,SUB URBAN AMRITSAR,RANEWALI UPS,Unplanned,Closed,2026-07-10T21:50:00Z,2026-07-11T08:15:00Z,625
1894447,Border,SUB URBAN AMRITSAR,SUGAR MILL,Unplanned,Closed,2026-07-10T21:50:00Z,2026-07-11T07:50:00Z,600
1894443,Border,SUB URBAN AMRITSAR,Amir Chand  Exports,Unplanned,Active,2026-07-10T21:50:00Z,2026-07-10T23:30:00Z,100
1894410,South,PATIALA,Kohenoor vally,Unplanned,Closed,2026-07-10T21:47:00Z,2026-07-10T22:50:00Z,63
1894486,Border,SUB URBAN AMRITSAR,UPS-3 Pandher,Unplanned,Closed,2026-07-10T21:45:00Z,2026-07-10T23:40:00Z,115
1894407,Border,SUB URBAN AMRITSAR,11KV City4,Unplanned,Closed,2026-07-10T21:45:00Z,2026-07-10T21:55:00Z,10
1894406,Border,SUB URBAN AMRITSAR,City-II,Unplanned,Closed,2026-07-10T21:45:00Z,2026-07-10T23:15:00Z,90
1894400,West,FEROZPUR,INDUSTRIAL,Planned,Closed,2026-07-10T21:43:00Z,2026-07-10T22:55:00Z,72
1894405,West,BATHINDA,Alampur UPS,Unplanned,Closed,2026-07-10T21:32:00Z,2026-07-10T22:20:00Z,48
1894381,South,SANGRUR,Industrial (Dhuri),Unplanned,Closed,2026-07-10T21:32:00Z,2026-07-10T23:01:05Z,89
1894398,Border,GURDASPUR,Greater Kailash,Unplanned,Closed,2026-07-10T21:30:29Z,2026-07-10T21:58:29Z,28
1894397,Border,GURDASPUR,KHAJURI GATE,Unplanned,Closed,2026-07-10T21:30:29Z,2026-07-10T21:58:29Z,28
1894396,Border,GURDASPUR,Gurudwara Kandh Sahib,Unplanned,Closed,2026-07-10T21:30:29Z,2026-07-10T21:58:29Z,28
1894395,Border,GURDASPUR,OLD HOSPITAL BATALA,Unplanned,Closed,2026-07-10T21:30:29Z,2026-07-10T21:58:29Z,28
1894394,Border,GURDASPUR,Bank colony,Unplanned,Closed,2026-07-10T21:30:29Z,2026-07-10T21:58:29Z,28
1894393,Border,GURDASPUR,G.T Road,Unplanned,Closed,2026-07-10T21:30:29Z,2026-07-10T21:58:29Z,28
1894392,Border,GURDASPUR,11 KV RAILWAY ROAD,Unplanned,Closed,2026-07-10T21:30:29Z,2026-07-10T21:58:29Z,28
1894391,Border,GURDASPUR,11 KV BHANDHRI MOHALLA,Unplanned,Closed,2026-07-10T21:30:29Z,2026-07-10T21:58:29Z,28
1894390,Border,GURDASPUR,SHANTI NAGAR,Unplanned,Closed,2026-07-10T21:30:29Z,2026-07-10T21:58:29Z,28
1894389,Border,GURDASPUR,Batala City,Unplanned,Closed,2026-07-10T21:30:29Z,2026-07-10T21:58:29Z,28
1894388,Border,GURDASPUR,Murgi Mohalla,Unplanned,Closed,2026-07-10T21:30:29Z,2026-07-10T21:58:29Z,28
1894387,Border,GURDASPUR,Kahnuwan Road,Unplanned,Closed,2026-07-10T21:30:29Z,2026-07-10T21:58:29Z,28
1894386,Border,GURDASPUR,Simbal,Unplanned,Closed,2026-07-10T21:30:29Z,2026-07-10T21:58:29Z,28
1894385,Border,GURDASPUR,Dera Baba Nanak Road,Unplanned,Closed,2026-07-10T21:30:29Z,2026-07-10T21:58:29Z,28
1894384,Border,GURDASPUR,Improvement Trust,Unplanned,Closed,2026-07-10T21:30:29Z,2026-07-10T21:58:29Z,28
1894404,Border,GURDASPUR,NEW BALLARWAL UPS,Unplanned,Closed,2026-07-10T21:30:00Z,2026-07-10T22:10:00Z,40
1894403,Border,GURDASPUR,NANGAL UPS,Unplanned,Closed,2026-07-10T21:30:00Z,2026-07-10T22:10:00Z,40
1894402,Border,GURDASPUR,Bolewal,Unplanned,Closed,2026-07-10T21:30:00Z,2026-07-10T22:10:00Z,40
1894401,Border,GURDASPUR,Ghuman,Unplanned,Closed,2026-07-10T21:30:00Z,2026-07-10T22:10:00Z,40
1894399,Border,GURDASPUR,dakoha,Unplanned,Closed,2026-07-10T21:30:00Z,2026-07-10T22:10:00Z,40
1894379,West,FEROZPUR,11 KV NAMAK MANDI,Planned,Closed,2026-07-10T21:25:00Z,2026-07-10T22:09:00Z,44
1894409,West,BATHINDA,KAHNEWAL,Unplanned,Closed,2026-07-10T21:20:00Z,2026-07-10T22:25:40Z,65
1894378,Border,CITY AMRITSAR,Guru Nanak Dev Hospital,Unplanned,Closed,2026-07-10T21:12:44Z,2026-07-10T21:50:16Z,37
1894364,West,FEROZPUR,Bahadur Wala,Unplanned,Closed,2026-07-10T21:05:00Z,2026-07-10T22:08:00Z,63
1894363,West,FEROZPUR,POLYTECHNIC COLLEGE,Unplanned,Closed,2026-07-10T21:05:00Z,2026-07-10T22:08:00Z,63
1894354,Border,GURDASPUR,City-2,Unplanned,Closed,2026-07-10T21:04:00Z,2026-07-10T21:29:00Z,25
1894358,Border,CITY AMRITSAR,SULTANWIND ROAD,Unplanned,Closed,2026-07-10T21:03:05Z,2026-07-10T21:45:42Z,42
1894380,Border,TARN TARAN,MEHTA URBAN-I,Unplanned,Closed,2026-07-10T21:02:00Z,2026-07-10T22:05:00Z,63
1894376,Border,CITY AMRITSAR,11 KV Namak Mandi,Unplanned,Closed,2026-07-10T21:01:58Z,2026-07-10T21:45:49Z,43
1894375,Border,CITY AMRITSAR,11 KV Akara Kallu,Unplanned,Closed,2026-07-10T21:01:58Z,2026-07-10T21:45:49Z,43
1894374,Border,CITY AMRITSAR,11 KV Gurbux Nagar,Unplanned,Closed,2026-07-10T21:01:58Z,2026-07-10T21:45:49Z,43
1894373,Border,CITY AMRITSAR,11 KV Chabbal Road,Unplanned,Closed,2026-07-10T21:01:58Z,2026-07-10T21:45:49Z,43
1894372,Border,CITY AMRITSAR,11 KV SAHIBZADA FATEH SINGH,Unplanned,Closed,2026-07-10T21:01:58Z,2026-07-10T21:45:49Z,43
1894371,Border,CITY AMRITSAR,11 KV Tunda Talab,Unplanned,Closed,2026-07-10T21:01:58Z,2026-07-10T21:45:49Z,43
1894370,Border,CITY AMRITSAR,11 KV Lahori Gate,Unplanned,Closed,2026-07-10T21:01:58Z,2026-07-10T21:45:49Z,43
1894369,Border,CITY AMRITSAR,11 KV Bhathian,Unplanned,Closed,2026-07-10T21:01:58Z,2026-07-10T21:45:49Z,43
1894368,Border,CITY AMRITSAR,11 KV Peer Shah Road,Unplanned,Closed,2026-07-10T21:01:58Z,2026-07-10T21:45:49Z,43
1894367,Border,CITY AMRITSAR,11 KV Dhab Tilli Bhanna,Unplanned,Closed,2026-07-10T21:01:58Z,2026-07-10T21:45:49Z,43
1894366,Border,CITY AMRITSAR,11 KV disposal,Unplanned,Closed,2026-07-10T21:01:58Z,2026-07-10T21:45:49Z,43
1894365,Border,CITY AMRITSAR,11 KV Bhagtawala,Unplanned,Closed,2026-07-10T21:01:58Z,2026-07-10T21:45:49Z,43
1894377,Border,SUB URBAN AMRITSAR,Byepas Verka,Unplanned,Closed,2026-07-10T21:01:01Z,2026-07-10T22:31:01Z,90
1894361,Border,SUB URBAN AMRITSAR,UMARPURA UPS,Unplanned,Active,2026-07-10T21:01:00Z,2026-07-10T23:31:00Z,150
1894338,Border,CITY AMRITSAR,NAVANKOT,Unplanned,Closed,2026-07-10T21:00:14Z,2026-07-10T21:34:50Z,34
1894337,Border,CITY AMRITSAR,11 KV Haripura Feeder,Unplanned,Closed,2026-07-10T21:00:14Z,2026-07-10T21:33:50Z,33
1894336,Border,CITY AMRITSAR,DHAPAI INDUSTRIAL,Unplanned,Closed,2026-07-10T21:00:14Z,2026-07-10T21:33:50Z,33
1894335,Border,CITY AMRITSAR,KHOO BHALLA,Unplanned,Closed,2026-07-10T21:00:14Z,2026-07-10T21:30:50Z,30
1894334,Border,CITY AMRITSAR,GURUDWARA TAPOWAN,Unplanned,Closed,2026-07-10T21:00:14Z,2026-07-10T21:28:50Z,28
1894333,Border,CITY AMRITSAR,BHANDARI CHOWK,Unplanned,Closed,2026-07-10T21:00:14Z,2026-07-10T21:33:50Z,33
1894332,Border,CITY AMRITSAR,KISHANKOT,Unplanned,Closed,2026-07-10T21:00:14Z,2026-07-10T21:31:50Z,31
1894561,South,PATIALA,11 kV Udham Singh Nagar,Unplanned,Closed,2026-07-10T21:00:00Z,2026-07-10T23:00:00Z,120
1894536,Border,SUB URBAN AMRITSAR,TEJ ALLOYS,Unplanned,Closed,2026-07-10T21:00:00Z,2026-07-11T02:10:00Z,310
1894534,Border,SUB URBAN AMRITSAR,Josan colony,Unplanned,Closed,2026-07-10T21:00:00Z,2026-07-10T23:28:00Z,148
1894530,Border,SUB URBAN AMRITSAR,Mallan Wali,Unplanned,Closed,2026-07-10T21:00:00Z,2026-07-10T23:31:00Z,151
1894528,Border,SUB URBAN AMRITSAR,C-BLOCK RANJIT AVENUE,Unplanned,Closed,2026-07-10T21:00:00Z,2026-07-10T23:01:00Z,121
1894524,Border,SUB URBAN AMRITSAR,Meritorious School,Unplanned,Closed,2026-07-10T21:00:00Z,2026-07-10T23:19:00Z,139
1894523,Border,SUB URBAN AMRITSAR,Guru AmarDass Avenue,Unplanned,Closed,2026-07-10T21:00:00Z,2026-07-10T23:15:00Z,135
1894522,Border,SUB URBAN AMRITSAR,Kherabad,Unplanned,Closed,2026-07-10T21:00:00Z,2026-07-11T01:00:00Z,240
1894521,Border,SUB URBAN AMRITSAR,Sada Pind,Unplanned,Closed,2026-07-10T21:00:00Z,2026-07-10T23:16:00Z,136
1894519,Border,SUB URBAN AMRITSAR,Holy City,Unplanned,Closed,2026-07-10T21:00:00Z,2026-07-10T23:15:00Z,135
1894517,Border,SUB URBAN AMRITSAR,Labh Nagar,Unplanned,Closed,2026-07-10T21:00:00Z,2026-07-11T03:00:00Z,360
1894362,Border,CITY AMRITSAR,Chatiwind Gate,Unplanned,Closed,2026-07-10T21:00:00Z,2026-07-10T21:45:10Z,45
1894360,Border,CITY AMRITSAR,City Feeder,Unplanned,Closed,2026-07-10T21:00:00Z,2026-07-10T21:45:30Z,45
1894359,Border,CITY AMRITSAR,100 ft. ROAD,Unplanned,Closed,2026-07-10T21:00:00Z,2026-07-10T21:37:52Z,37
1894355,West,FEROZPUR,UPS FEEDER,Unplanned,Closed,2026-07-10T21:00:00Z,2026-07-10T22:25:00Z,85
1894331,Border,SUB URBAN AMRITSAR,11 kv Mohan Nagar,Unplanned,Closed,2026-07-10T20:58:08Z,2026-07-10T22:30:30Z,92
1894330,Border,SUB URBAN AMRITSAR,VERKA IND.1,Unplanned,Closed,2026-07-10T20:58:08Z,2026-07-10T22:30:30Z,92
1894329,Border,SUB URBAN AMRITSAR,VERKA IND.2,Unplanned,Closed,2026-07-10T20:58:08Z,2026-07-10T22:30:30Z,92
1894328,Border,SUB URBAN AMRITSAR,GURU NAGAR,Unplanned,Closed,2026-07-10T20:58:08Z,2026-07-10T22:30:30Z,92
1894327,Border,SUB URBAN AMRITSAR,GURUDWARA NANAKSAR,Unplanned,Closed,2026-07-10T20:58:08Z,2026-07-10T22:30:30Z,92
1894383,South,BARNALA,BANBHOURA CAT.1,Unplanned,Closed,2026-07-10T20:56:00Z,2026-07-10T21:42:00Z,46
1894382,South,BARNALA,BANBHOURA,Unplanned,Closed,2026-07-10T20:56:00Z,2026-07-10T21:42:00Z,46
1894308,Border,CITY AMRITSAR,Shastri Nagar,Unplanned,Closed,2026-07-10T20:55:01Z,2026-07-10T21:47:12Z,52
1894307,Border,CITY AMRITSAR,BEAUTY AVENUE,Unplanned,Closed,2026-07-10T20:55:01Z,2026-07-10T21:51:24Z,56
1894306,Border,CITY AMRITSAR,Dasondha Singh Road,Unplanned,Closed,2026-07-10T20:55:01Z,2026-07-10T21:53:24Z,58
1894353,Border,CITY AMRITSAR,GREEN AVENUE,Unplanned,Closed,2026-07-10T20:54:42Z,2026-07-10T21:35:56Z,41
1894352,Border,CITY AMRITSAR,KENNEDY AVENUE,Unplanned,Closed,2026-07-10T20:54:42Z,2026-07-10T21:37:42Z,43
1894351,Border,CITY AMRITSAR,MAHINDERA COLONY,Unplanned,Closed,2026-07-10T20:54:42Z,2026-07-10T21:40:02Z,45
1894350,Border,CITY AMRITSAR,COURT ROAD Civil,Unplanned,Closed,2026-07-10T20:54:42Z,2026-07-10T21:33:10Z,38
1894349,Border,CITY AMRITSAR,MODEL TOWN,Unplanned,Closed,2026-07-10T20:54:42Z,2026-07-10T21:30:21Z,35
1894348,Border,CITY AMRITSAR,DMT,Unplanned,Closed,2026-07-10T20:54:42Z,2026-07-10T21:29:42Z,35
1894347,Border,CITY AMRITSAR,DISTRICT COURT,Unplanned,Closed,2026-07-10T20:54:42Z,2026-07-10T21:28:42Z,34
1894346,Border,CITY AMRITSAR,MOHAN HOTEL,Unplanned,Closed,2026-07-10T20:54:42Z,2026-07-10T21:28:42Z,34
1894345,Border,CITY AMRITSAR,MAQBOOL ROAD,Unplanned,Closed,2026-07-10T20:54:42Z,2026-07-10T21:33:42Z,39
1894344,Border,CITY AMRITSAR,RANI KA BAGH,Unplanned,Closed,2026-07-10T20:54:42Z,2026-07-10T21:33:42Z,39
1894343,Border,CITY AMRITSAR,CANTT ROAD,Unplanned,Closed,2026-07-10T20:54:42Z,2026-07-10T21:32:42Z,38
1894342,Border,CITY AMRITSAR,BASANT AVENUE,Unplanned,Closed,2026-07-10T20:54:10Z,2026-07-10T21:42:13Z,48
1894341,Border,CITY AMRITSAR,ANAND AVENUE,Unplanned,Closed,2026-07-10T20:54:10Z,2026-07-10T21:38:27Z,44
1894340,Border,CITY AMRITSAR,GOBIND PARK,Unplanned,Closed,2026-07-10T20:54:10Z,2026-07-10T21:38:23Z,44
1894339,Border,CITY AMRITSAR,MAQBOOL ROAD,Unplanned,Closed,2026-07-10T20:54:10Z,2026-07-10T21:37:23Z,43
1894323,Border,SUB URBAN AMRITSAR,Dashmesh Nagar,Unplanned,Closed,2026-07-10T20:50:53Z,2026-07-10T21:30:53Z,40
1894322,Border,SUB URBAN AMRITSAR,KABIR PARK,Unplanned,Closed,2026-07-10T20:50:53Z,2026-07-10T21:30:53Z,40
1894321,Border,SUB URBAN AMRITSAR,Hakima Gate,Unplanned,Closed,2026-07-10T20:50:53Z,2026-07-10T21:30:53Z,40
1894320,Border,SUB URBAN AMRITSAR,Polytechnic,Unplanned,Closed,2026-07-10T20:50:53Z,2026-07-10T21:30:53Z,40
1894319,Border,SUB URBAN AMRITSAR,Guru nanak dev university,Unplanned,Closed,2026-07-10T20:50:53Z,2026-07-10T21:30:53Z,40
1894318,Border,SUB URBAN AMRITSAR,Essma,Unplanned,Closed,2026-07-10T20:50:53Z,2026-07-10T21:30:53Z,40
1894317,Border,SUB URBAN AMRITSAR,Kot khalsa,Unplanned,Closed,2026-07-10T20:50:53Z,2026-07-10T21:30:53Z,40
1894316,Border,SUB URBAN AMRITSAR,SANDHU COLONY,Unplanned,Closed,2026-07-10T20:50:53Z,2026-07-10T21:30:53Z,40
1894315,Border,SUB URBAN AMRITSAR,G.T.Road,Unplanned,Closed,2026-07-10T20:50:53Z,2026-07-10T21:30:53Z,40
1894314,Border,SUB URBAN AMRITSAR,Bhalla Colony,Unplanned,Closed,2026-07-10T20:50:53Z,2026-07-10T21:30:53Z,40
1894313,Border,SUB URBAN AMRITSAR,AZAD ROAD FEEDER,Unplanned,Closed,2026-07-10T20:50:53Z,2026-07-10T21:30:53Z,40
1894312,Border,SUB URBAN AMRITSAR,Partap Bazar,Unplanned,Closed,2026-07-10T20:50:53Z,2026-07-10T21:30:53Z,40
1894311,Border,SUB URBAN AMRITSAR,Sadar bazar,Unplanned,Closed,2026-07-10T20:50:53Z,2026-07-10T21:30:53Z,40
1894310,Border,SUB URBAN AMRITSAR,Industrial Estate,Unplanned,Closed,2026-07-10T20:50:53Z,2026-07-10T21:30:53Z,40
1894309,Border,SUB URBAN AMRITSAR,Disposal,Unplanned,Closed,2026-07-10T20:50:53Z,2026-07-10T21:30:53Z,40
1894326,Border,CITY AMRITSAR,swadeshi mill,Unplanned,Closed,2026-07-10T20:50:35Z,2026-07-10T22:40:35Z,110
1894325,Border,CITY AMRITSAR,CANAL OFFICE,Unplanned,Closed,2026-07-10T20:50:35Z,2026-07-10T22:40:35Z,110
1894324,Border,CITY AMRITSAR,RLY WORKSHOP,Unplanned,Closed,2026-07-10T20:50:35Z,2026-07-10T22:40:35Z,110
1894442,Border,SUB URBAN AMRITSAR,MAPHILL,Unplanned,Active,2026-07-10T20:50:00Z,2026-07-10T23:30:00Z,160
1894305,North,NAWANSHAHR,JALALPUR,Unplanned,Closed,2026-07-10T20:50:00Z,2026-07-10T22:40:00Z,110
1894304,North,NAWANSHAHR,PARAGPUR,Unplanned,Closed,2026-07-10T20:50:00Z,2026-07-10T22:40:00Z,110
1894301,North,NAWANSHAHR,HEDONBET,Unplanned,Closed,2026-07-10T20:50:00Z,2026-07-10T22:40:00Z,110
1894299,North,NAWANSHAHR,JINDAPUR,Unplanned,Closed,2026-07-10T20:50:00Z,2026-07-10T22:40:00Z,110
1894298,North,NAWANSHAHR,Achan Chak,Unplanned,Closed,2026-07-10T20:50:00Z,2026-07-10T21:05:00Z,15
1894297,North,NAWANSHAHR,PANYALI,Unplanned,Closed,2026-07-10T20:50:00Z,2026-07-10T22:40:00Z,110
1894302,South,PATIALA,UPS SANDARSI,Unplanned,Closed,2026-07-10T20:45:00Z,2026-07-10T21:55:00Z,70
1894300,Border,SUB URBAN AMRITSAR,JIJEANI UPS,Unplanned,Active,2026-07-10T20:40:00Z,2026-07-10T23:35:00Z,175
1894294,Central,CITY EAST LUDHIANA,GAU SHALA,Unplanned,Closed,2026-07-10T20:36:00Z,2026-07-10T21:41:00Z,65
1894296,West,FEROZPUR,BAGDADI GATE,Unplanned,Closed,2026-07-10T20:32:00Z,2026-07-10T21:32:00Z,60
1894292,East,MOHALI,11 kv sec 54A,Unplanned,Closed,2026-07-10T20:31:48Z,2026-07-10T20:53:44Z,21
1894303,East,MOHALI,11KV 66B,Unplanned,Closed,2026-07-10T20:31:12Z,2026-07-10T20:58:00Z,26
1894288,Central,CITY WEST LUDHIANA,SATSANG GHAR,Unplanned,Closed,2026-07-10T20:26:11Z,2026-07-10T21:33:48Z,67
1894287,Border,GURDASPUR,City Thana,Unplanned,Closed,2026-07-10T20:26:00Z,2026-07-10T20:44:00Z,18
1894291,East,MOHALI,11 KV Indutrial-4,Unplanned,Closed,2026-07-10T20:25:00Z,2026-07-10T21:15:00Z,50
1894290,East,Zirakpur,SAVITRYGREEN,Planned,Closed,2026-07-10T20:24:00Z,2026-07-10T20:50:00Z,26
1894289,East,Zirakpur,ORBIT,Planned,Closed,2026-07-10T20:24:00Z,2026-07-10T20:50:00Z,26
1894286,Central,CITY EAST LUDHIANA,NEW VISHNUPURI,Unplanned,Closed,2026-07-10T20:21:00Z,2026-07-10T21:05:00Z,44
1894284,East,Zirakpur,BIG BAZAAR,Unplanned,Closed,2026-07-10T20:15:00Z,2026-07-10T21:35:00Z,80
1894293,West,BATHINDA,GOLE MARKET -1,Unplanned,Closed,2026-07-10T20:14:00Z,2026-07-10T21:23:25Z,69
1894279,West,MUKATSAR,11 KV KILLIANWALI,Unplanned,Closed,2026-07-10T20:12:42Z,2026-07-10T20:32:40Z,19
1894282,West,MUKATSAR,11 KV Chirag dhani,Unplanned,Closed,2026-07-10T20:12:31Z,2026-07-10T20:32:57Z,20
1894281,West,MUKATSAR,11 KV KIKKER KHERA,Unplanned,Closed,2026-07-10T20:12:22Z,2026-07-10T20:32:35Z,20
1894280,West,MUKATSAR,11 KV Alamgarh,Unplanned,Closed,2026-07-10T20:12:13Z,2026-07-10T20:32:00Z,19
1894283,West,FEROZPUR,11 KV  Bhagat singh College,Unplanned,Closed,2026-07-10T20:11:00Z,2026-07-10T21:14:00Z,63
1894276,West,MUKATSAR,11 KV Azimgarh Urban,Planned,Closed,2026-07-10T20:08:00Z,2026-07-10T20:32:00Z,24
1894275,West,MUKATSAR,11 KV Dhani Bisehesarnath,Planned,Closed,2026-07-10T20:08:00Z,2026-07-10T20:32:00Z,24
1894274,West,FARIDKOT,CITY MOGA,Unplanned,Closed,2026-07-10T20:00:06Z,2026-07-10T20:41:34Z,41
1894277,Central,KHANNA,Jim Khana,Unplanned,Closed,2026-07-10T20:00:00Z,2026-07-10T20:15:00Z,15
1894295,East,ROPAR,DARPAN,Unplanned,Closed,2026-07-10T19:55:00Z,2026-07-10T20:30:00Z,35
1894271,Central,CITY EAST LUDHIANA,SAHIBANA,Unplanned,Closed,2026-07-10T19:52:08Z,2026-07-10T20:20:26Z,28
1894278,West,BATHINDA,SANGAT,Unplanned,Closed,2026-07-10T19:52:00Z,2026-07-10T20:35:31Z,43
1894273,West,FARIDKOT,THARA AP,Unplanned,Closed,2026-07-10T19:50:27Z,2026-07-10T20:24:52Z,34
1894266,West,FEROZPUR,City Enclave,Unplanned,Closed,2026-07-10T19:40:00Z,2026-07-10T20:43:00Z,63
1894265,Central,KHANNA,Bhamra,Unplanned,Closed,2026-07-10T19:38:00Z,2026-07-10T19:55:00Z,17
1894285,Central,SUB URBAN LUDHIANA,CITY-6,Unplanned,Closed,2026-07-10T19:35:00Z,2026-07-10T21:10:00Z,95
1894268,West,FARIDKOT,Dhana Basti,Planned,Closed,2026-07-10T19:33:00Z,2026-07-10T20:24:00Z,51
1894267,West,FARIDKOT,"Factory Road, Kotkapura",Planned,Closed,2026-07-10T19:33:00Z,2026-07-10T20:26:00Z,53
1894264,West,FEROZPUR,11 NAMDEV CHAUNK URBAN,Unplanned,Closed,2026-07-10T19:31:00Z,2026-07-10T20:31:00Z,60
1894270,Border,GURDASPUR,Godharpura,Unplanned,Closed,2026-07-10T19:30:00Z,2026-07-11T08:05:00Z,755
1894272,Border,SUB URBAN AMRITSAR,NEHRU COLONY,Unplanned,Closed,2026-07-10T19:28:33Z,2026-07-10T20:27:00Z,58
1894253,East,Zirakpur,LALRU MANDI,Unplanned,Closed,2026-07-10T19:22:00Z,2026-07-10T19:52:00Z,30
1894269,West,FARIDKOT,MAANA WALA UPS,Unplanned,Closed,2026-07-10T19:16:55Z,2026-07-10T20:35:25Z,78
1894254,East,Zirakpur,SACHKHAND SAHIB,Unplanned,Closed,2026-07-10T19:15:00Z,2026-07-10T20:14:00Z,59
1894250,West,FEROZPUR,HAKE WALA,Unplanned,Closed,2026-07-10T19:11:00Z,2026-07-10T19:38:00Z,27
1894249,West,FARIDKOT,Sandhwan,Unplanned,Closed,2026-07-10T19:11:00Z,2026-07-10T20:02:00Z,51
1894255,West,FARIDKOT,SADIQ,Unplanned,Closed,2026-07-10T19:10:44Z,2026-07-10T20:31:31Z,80
1894256,West,MUKATSAR,11 KV TARA ESTATE,Unplanned,Closed,2026-07-10T19:10:00Z,2026-07-10T20:48:51Z,98
1894247,Border,GURDASPUR,CITY 2,Unplanned,Closed,2026-07-10T19:09:00Z,2026-07-10T19:38:00Z,29
1894251,West,MUKATSAR,Nandgarh Ghudda,Unplanned,Closed,2026-07-10T19:08:00Z,2026-07-10T20:53:00Z,105
1894246,West,FARIDKOT,SAHIBZADA AJIT SINGH NAGAR,Unplanned,Closed,2026-07-10T19:07:00Z,2026-07-10T19:24:00Z,17
1894248,West,BATHINDA,Mirpur Kalan (Alike Grid),Unplanned,Closed,2026-07-10T19:05:00Z,2026-07-10T19:40:04Z,35
1894252,West,FARIDKOT,MAANA WALA UPS,Unplanned,Closed,2026-07-10T19:02:00Z,2026-07-10T20:18:00Z,76
1894244,West,FARIDKOT,Ramuana UPS,Unplanned,Closed,2026-07-10T18:56:00Z,2026-07-10T19:42:00Z,46
1894242,West,MUKATSAR,11 KV Dhani Bisehesarnath,Unplanned,Closed,2026-07-10T18:52:00Z,2026-07-10T19:03:46Z,11
1894241,West,MUKATSAR,11 KV Azimgarh Urban,Unplanned,Closed,2026-07-10T18:52:00Z,2026-07-10T19:02:46Z,10
1894245,East,MOHALI,11KV 66B,Unplanned,Closed,2026-07-10T18:48:00Z,2026-07-10T19:18:00Z,30
1894243,West,FARIDKOT,Kothe Warring (Samgh),Unplanned,Closed,2026-07-10T18:43:00Z,2026-07-10T20:34:00Z,111
1894240,East,Zirakpur,11 kv Japuria Feeder,Unplanned,Closed,2026-07-10T18:43:00Z,2026-07-10T19:23:00Z,40
1894239,East,Zirakpur,Bhabat,Unplanned,Closed,2026-07-10T18:43:00Z,2026-07-10T19:23:00Z,40
1894238,East,Zirakpur,ECME,Unplanned,Closed,2026-07-10T18:43:00Z,2026-07-10T19:23:00Z,40
1894230,West,FEROZPUR,HAKE WALA,Unplanned,Closed,2026-07-10T18:41:00Z,2026-07-10T19:01:00Z,20
1894229,Central,KHANNA,Bhagwanpura,Planned,Closed,2026-07-10T18:37:00Z,2026-07-10T19:04:00Z,27
1894228,Central,KHANNA,Akalgarh,Planned,Closed,2026-07-10T18:37:00Z,2026-07-10T19:05:00Z,28
1894227,Central,KHANNA,Chahal,Unplanned,Closed,2026-07-10T18:37:00Z,2026-07-10T19:04:01Z,27
1894226,North,KAPURTHALA,DHUGGAR,Unplanned,Closed,2026-07-10T18:35:00Z,2026-07-10T18:50:00Z,15
1894225,West,BATHINDA,KOT DHARMU URBAN,Unplanned,Closed,2026-07-10T18:30:00Z,2026-07-10T19:15:26Z,45
1894218,Border,CITY AMRITSAR,11Kv Navdeep Theatre,Unplanned,Closed,2026-07-10T18:21:05Z,2026-07-10T19:10:00Z,48
1894221,West,FEROZPUR,ZILA PARISHAD,Unplanned,Closed,2026-07-10T18:21:00Z,2026-07-10T19:18:00Z,57
1894223,East,Zirakpur,ASSTHA,Planned,Closed,2026-07-10T18:20:00Z,2026-07-10T18:35:00Z,15
1894222,East,Zirakpur,11 KV AMBALA ROAD,Unplanned,Closed,2026-07-10T18:20:00Z,2026-07-10T18:35:00Z,15
1894220,West,FARIDKOT,11KV MACHAKI MAL SINGH UPS,Unplanned,Closed,2026-07-10T18:20:00Z,2026-07-10T19:18:09Z,58
1894216,West,MUKATSAR,11 KV SAIDANWALI,Unplanned,Closed,2026-07-10T18:16:09Z,2026-07-10T18:49:35Z,33
1894219,West,FARIDKOT,Army,Unplanned,Closed,2026-07-10T18:16:00Z,2026-07-10T19:20:00Z,64
1894217,West,BATHINDA,Mirpur Kalan (Alike Grid),Unplanned,Closed,2026-07-10T18:15:00Z,2026-07-10T18:49:31Z,34
1894215,West,MUKATSAR,Abohar Road,Unplanned,Closed,2026-07-10T18:13:51Z,2026-07-10T19:50:06Z,96
1894214,West,FARIDKOT,11KV Circular Road,Unplanned,Closed,2026-07-10T18:13:00Z,2026-07-10T19:19:04Z,66
1894212,Border,SUB URBAN AMRITSAR,Ranjit Avenue B block,Unplanned,Closed,2026-07-10T18:07:00Z,2026-07-10T18:25:00Z,18
1894211,Central,CITY WEST LUDHIANA,STAR ROAD FEEDER,Unplanned,Closed,2026-07-10T18:05:47Z,2026-07-10T19:21:01Z,75
1894213,West,FARIDKOT,IOC,Unplanned,Closed,2026-07-10T18:04:00Z,2026-07-10T20:23:00Z,139
1894224,West,BATHINDA,Khark Singh Wala,Unplanned,Closed,2026-07-10T18:03:00Z,2026-07-10T18:43:00Z,40
1894204,West,FARIDKOT,11KV BHARAT CARD BOARD,Unplanned,Closed,2026-07-10T17:51:00Z,2026-07-10T19:39:33Z,108
1894209,North,NAWANSHAHR,PANYALI,Unplanned,Closed,2026-07-10T17:50:00Z,2026-07-10T18:15:00Z,25
1894203,West,MUKATSAR,CANT ROAD,Unplanned,Closed,2026-07-10T17:50:00Z,2026-07-10T20:22:00Z,152
1894202,West,MUKATSAR,Gaushala,Unplanned,Closed,2026-07-10T17:50:00Z,2026-07-10T18:11:05Z,21
1894201,West,MUKATSAR,Town,Unplanned,Closed,2026-07-10T17:50:00Z,2026-07-10T20:28:17Z,158
1894208,West,FARIDKOT,Qila Nau,Unplanned,Closed,2026-07-10T17:45:00Z,2026-07-10T19:35:00Z,110
1894205,North,KAPURTHALA,Purani Dana mandi,Unplanned,Closed,2026-07-10T17:45:00Z,2026-07-10T18:20:00Z,35
1894200,West,MUKATSAR,11 KV Ganganagar Road,Unplanned,Closed,2026-07-10T17:45:00Z,2026-07-10T18:56:56Z,71
1894199,South,SANGRUR,Nwa Pind,Unplanned,Closed,2026-07-10T17:44:00Z,2026-07-10T18:20:00Z,36
1894210,East,Zirakpur,SAVITRYGREEN,Unplanned,Closed,2026-07-10T17:41:00Z,2026-07-10T18:10:00Z,29
1894194,North,JALANDHAR,RAGHU EXPORT,Unplanned,Closed,2026-07-10T17:41:00Z,2026-07-10T17:48:00Z,7
1894197,North,JALANDHAR,RAJOWAL,Unplanned,Closed,2026-07-10T17:40:00Z,2026-07-10T18:25:00Z,45
1894195,West,FEROZPUR,Makhu Gate,Unplanned,Closed,2026-07-10T17:36:00Z,2026-07-10T18:01:00Z,25
1894193,West,FEROZPUR,DANA MANDI,Unplanned,Closed,2026-07-10T17:36:00Z,2026-07-10T18:37:00Z,61
1894198,South,SANGRUR,11 KV UBHEWAL URBAN,Unplanned,Closed,2026-07-10T17:35:00Z,2026-07-10T19:04:00Z,89
1894191,Border,SUB URBAN AMRITSAR,11 kv GreenLand,Unplanned,Closed,2026-07-10T17:32:00Z,2026-07-10T17:55:00Z,23
1894189,Central,KHANNA,Hoshpital,Unplanned,Closed,2026-07-10T17:31:00Z,2026-07-10T18:02:00Z,31
1894188,Central,KHANNA,DEVI DAWALA feeder,Unplanned,Closed,2026-07-10T17:31:00Z,2026-07-10T18:02:00Z,31
1894185,East,MOHALI,11 KV Sec 60-B,Unplanned,Closed,2026-07-10T17:25:33Z,2026-07-10T17:47:06Z,21
1894183,East,Zirakpur,GBM,Unplanned,Closed,2026-07-10T17:20:00Z,2026-07-10T17:55:00Z,35
1894182,West,FEROZPUR,Dhawan Colony,Unplanned,Closed,2026-07-10T17:20:00Z,2026-07-10T18:13:00Z,53
1894181,West,FEROZPUR,BAGDADI GATE,Unplanned,Closed,2026-07-10T17:20:00Z,2026-07-10T18:14:00Z,54
1894196,Border,GURDASPUR,Veela City,Unplanned,Closed,2026-07-10T17:15:00Z,2026-07-10T18:30:00Z,75
1894192,Border,GURDASPUR,AP TIBBA,Unplanned,Closed,2026-07-10T17:15:00Z,2026-07-10T18:30:00Z,75
1894190,North,JALANDHAR,NEW MODEL TOWN,Unplanned,Closed,2026-07-10T17:11:00Z,2026-07-10T17:49:00Z,38
1894184,West,FARIDKOT,11 Kv JALALEANA  CAT-1,Unplanned,Closed,2026-07-10T17:11:00Z,2026-07-10T18:15:00Z,64
1894187,East,Zirakpur,SAVITRYGREEN,Planned,Closed,2026-07-10T17:10:00Z,2026-07-10T17:25:00Z,15
1894186,East,Zirakpur,ORBIT,Unplanned,Closed,2026-07-10T17:10:00Z,2026-07-10T17:25:00Z,15
1894178,Border,GURDASPUR,Bamial 24hrs,Unplanned,Closed,2026-07-10T17:10:00Z,2026-07-10T17:40:00Z,30
1894174,North,NAWANSHAHR,DUGRI,Unplanned,Closed,2026-07-10T17:06:00Z,2026-07-10T17:20:00Z,14
1894177,South,PATIALA,UPS TEPLA,Planned,Closed,2026-07-10T17:05:00Z,2026-07-10T19:50:00Z,165
1894175,West,BATHINDA,BAJEWALA,Unplanned,Closed,2026-07-10T17:05:00Z,2026-07-10T19:35:22Z,150
1894173,South,BARNALA,HATHAN UPS,Unplanned,Closed,2026-07-10T17:03:00Z,2026-07-10T18:45:00Z,102
1894171,Border,SUB URBAN AMRITSAR,GUMTALA,Unplanned,Closed,2026-07-10T17:03:00Z,2026-07-10T17:34:00Z,31
1894176,Border,TARN TARAN,THATHIAN 3 W URBAN`,Unplanned,Closed,2026-07-10T17:01:00Z,2026-07-10T18:25:00Z,84
1894169,East,MOHALI,11 KV Masol,Unplanned,Closed,2026-07-10T17:00:08Z,2026-07-10T17:28:02Z,27
1894172,North,JALANDHAR,Rainak Bazar,Unplanned,Closed,2026-07-10T16:55:21Z,2026-07-10T17:25:03Z,29
1894170,West,MUKATSAR,11 KV TAJA PATTI,Unplanned,Closed,2026-07-10T16:55:00Z,2026-07-10T17:04:30Z,9
1894168,West,BATHINDA,MOOSA,Unplanned,Closed,2026-07-10T16:50:54Z,2026-07-10T17:20:32Z,29
1894167,South,PATIALA,SYL (F.P),Unplanned,Closed,2026-07-10T16:50:00Z,2026-07-10T17:50:00Z,60
1894164,South,PATIALA,Ajit Nagar,Planned,Closed,2026-07-10T16:50:00Z,2026-07-10T16:59:00Z,9
1894162,Central,KHANNA,Bhadalthua,Planned,Closed,2026-07-10T16:48:00Z,2026-07-10T17:54:00Z,66
1894165,West,FEROZPUR,MOGA ROAD,Unplanned,Closed,2026-07-10T16:47:00Z,2026-07-10T17:00:00Z,13
1894163,West,BATHINDA,ALLIKE,Unplanned,Closed,2026-07-10T16:45:35Z,2026-07-10T17:58:00Z,72
1894161,Central,KHANNA,Khanyan Road,Unplanned,Closed,2026-07-10T16:43:00Z,2026-07-10T17:43:00Z,60
1894166,West,BATHINDA,11 KV Baba Sidh Singh UPS,Unplanned,Closed,2026-07-10T16:40:54Z,2026-07-10T18:15:18Z,94
1894160,South,SANGRUR,11 KV Turri,Unplanned,Closed,2026-07-10T16:40:25Z,2026-07-10T18:50:51Z,130
1894159,South,SANGRUR,DIALPURA,Unplanned,Closed,2026-07-10T16:38:29Z,2026-07-10T16:59:59Z,21
1894155,North,HOSHIARPUR,KALYANPUR,Unplanned,Closed,2026-07-10T16:35:00Z,2026-07-10T16:50:00Z,15
1894154,Central,KHANNA,Payal city,Unplanned,Closed,2026-07-10T16:35:00Z,2026-07-10T17:00:00Z,25
1894153,South,SANGRUR,11KV UPS JOLIAN,Unplanned,Closed,2026-07-10T16:32:07Z,2026-07-10T17:00:02Z,27
1894157,West,FEROZPUR,Gobar Mandi,Unplanned,Closed,2026-07-10T16:30:00Z,2026-07-10T17:28:00Z,58
1894156,Border,TARN TARAN,BHAROWAL URBAN,Unplanned,Closed,2026-07-10T16:30:00Z,2026-07-10T17:30:00Z,60
1894152,South,PATIALA,GAJJU KHERA URBAN,Unplanned,Closed,2026-07-10T16:25:00Z,2026-07-10T17:20:00Z,55
1894148,West,FEROZPUR,Amritsari Gate,Planned,Closed,2026-07-10T16:22:00Z,2026-07-10T18:00:00Z,98
1894158,West,BATHINDA,LOCAL FEEDER,Unplanned,Closed,2026-07-10T16:20:00Z,2026-07-10T16:48:00Z,28
1894150,West,BATHINDA,JASSI,Unplanned,Closed,2026-07-10T16:20:00Z,2026-07-10T16:54:00Z,34
1894145,North,KAPURTHALA,UCHA,Unplanned,Closed,2026-07-10T16:20:00Z,2026-07-10T17:00:09Z,40
1894142,South,SANGRUR,MOONAK CITY,Unplanned,Closed,2026-07-10T16:16:21Z,2026-07-10T17:36:29Z,80
1894139,Border,GURDASPUR,Kahnuwan Road,Planned,Closed,2026-07-10T16:15:00Z,2026-07-10T17:05:00Z,50
1894137,West,BATHINDA,AMARPURA,Unplanned,Closed,2026-07-10T16:12:41Z,2026-07-10T16:49:06Z,36
1894149,West,BATHINDA,11 KV NAI BASTI,Unplanned,Closed,2026-07-10T16:10:00Z,2026-07-10T16:35:20Z,25
1894146,Border,GURDASPUR,1 KV Gajju Gaji,Unplanned,Closed,2026-07-10T16:10:00Z,2026-07-10T17:10:00Z,60
1894138,West,MUKATSAR,Namdev Nagar,Unplanned,Closed,2026-07-10T16:09:41Z,2026-07-10T20:23:29Z,253
1894144,West,BATHINDA,11 KV NEW RING ROAD FEEDER,Unplanned,Closed,2026-07-10T16:08:06Z,2026-07-10T16:56:57Z,48
1894134,West,BATHINDA,Sahnewali ups III,Unplanned,Closed,2026-07-10T16:06:00Z,2026-07-10T18:15:38Z,129
1894130,North,HOSHIARPUR,Chetna Park,Unplanned,Closed,2026-07-10T16:05:00Z,2026-07-10T16:52:00Z,47
1894143,West,MUKATSAR,11 KV Telupura,Unplanned,Closed,2026-07-10T16:01:05Z,2026-07-10T16:55:59Z,54
1894135,Border,TARN TARAN,GANDIWIND 24 HRS SUPPLY,Unplanned,Closed,2026-07-10T16:01:00Z,2026-07-10T16:50:00Z,49
1894127,West,FARIDKOT,ADANI AGRO INDEPENDENT,Unplanned,Closed,2026-07-10T16:00:58Z,2026-07-10T17:15:55Z,74
1894147,Central,SUB URBAN LUDHIANA,PABBIAN UPS,Planned,Closed,2026-07-10T16:00:00Z,2026-07-10T17:45:00Z,105
1894133,West,BATHINDA,DHADE,Unplanned,Closed,2026-07-10T16:00:00Z,2026-07-10T19:05:00Z,185
1894129,North,HOSHIARPUR,Tagore Nagar,Unplanned,Closed,2026-07-10T16:00:00Z,2026-07-10T16:52:00Z,52
1894132,West,MUKATSAR,Bajak,Unplanned,Closed,2026-07-10T15:58:00Z,2026-07-10T16:10:00Z,12
1894131,West,MUKATSAR,Nandgarh Ghudda,Unplanned,Closed,2026-07-10T15:58:00Z,2026-07-10T18:10:00Z,132
1894125,West,FARIDKOT,Green City UPS,Unplanned,Closed,2026-07-10T15:57:13Z,2026-07-10T17:19:27Z,82
1894124,West,FARIDKOT,DAGRU,Unplanned,Closed,2026-07-10T15:57:13Z,2026-07-10T17:19:39Z,82
1894123,Central,KHANNA,Chander Lok,Unplanned,Closed,2026-07-10T15:57:04Z,2026-07-10T15:59:26Z,2
1894136,Border,GURDASPUR,Paroshah,Unplanned,Closed,2026-07-10T15:56:00Z,2026-07-10T17:10:00Z,74
1894128,North,JALANDHAR,11KV HOUSING BOARD,Unplanned,Closed,2026-07-10T15:54:00Z,2026-07-10T16:26:00Z,32
1894122,East,MOHALI,INDUSTRIAL-II,Unplanned,Closed,2026-07-10T15:53:00Z,2026-07-10T16:05:00Z,12
1894116,Central,KHANNA,City-2 khanna,Unplanned,Closed,2026-07-10T15:51:00Z,2026-07-10T17:23:00Z,92
1894121,East,Zirakpur,KHANNA,Planned,Closed,2026-07-10T15:50:00Z,2026-07-10T19:12:00Z,202
1894120,East,Zirakpur,11KV Dream Home,Planned,Closed,2026-07-10T15:50:00Z,2026-07-10T19:12:00Z,202
1894117,East,Zirakpur,11kv Hanumant Feeder,Planned,Closed,2026-07-10T15:50:00Z,2026-07-10T19:12:00Z,202
1894115,North,NAWANSHAHR,11 KV Buthgarh,Unplanned,Closed,2026-07-10T15:47:00Z,2026-07-10T16:15:00Z,28
1894141,West,MUKATSAR,PANJKOSI,Unplanned,Closed,2026-07-10T15:45:11Z,2026-07-10T16:55:00Z,69
1894140,West,MUKATSAR,11 KV Sappan wali,Unplanned,Closed,2026-07-10T15:45:11Z,2026-07-10T16:35:00Z,49
1894151,West,BATHINDA,BATHINDA ROAD,Planned,Closed,2026-07-10T15:45:00Z,2026-07-10T16:30:00Z,45
1894119,Central,CITY EAST LUDHIANA,GAU SHALA,Unplanned,Closed,2026-07-10T15:45:00Z,2026-07-10T16:50:00Z,65
1894118,Central,CITY EAST LUDHIANA,Chand Cinema,Unplanned,Closed,2026-07-10T15:45:00Z,2026-07-10T16:45:00Z,60
1894111,West,BATHINDA,AMARPURA,Unplanned,Closed,2026-07-10T15:38:54Z,2026-07-10T16:09:28Z,30
1894110,West,BATHINDA,FOCAL POINT,Unplanned,Closed,2026-07-10T15:38:54Z,2026-07-10T16:09:32Z,30
1894109,West,BATHINDA,DUBWALI ROAD,Unplanned,Closed,2026-07-10T15:38:54Z,2026-07-10T16:09:37Z,30
1894108,West,BATHINDA,11 KV DEEP SINGH NAGAR,Unplanned,Closed,2026-07-10T15:38:54Z,2026-07-10T16:09:43Z,30
1894107,West,BATHINDA,Industrial,Unplanned,Closed,2026-07-10T15:38:54Z,2026-07-10T16:09:47Z,30
1894106,West,BATHINDA,Jassi Road,Unplanned,Closed,2026-07-10T15:38:54Z,2026-07-10T16:09:57Z,31
1894105,West,BATHINDA,BATHINDA CHEMICAL,Unplanned,Closed,2026-07-10T15:38:54Z,2026-07-10T16:10:05Z,31
1894104,West,BATHINDA,ENGG. COLLEGE,Unplanned,Closed,2026-07-10T15:38:54Z,2026-07-10T16:10:14Z,31
1894103,West,BATHINDA,11 KV House Fed,Unplanned,Closed,2026-07-10T15:38:54Z,2026-07-10T16:10:18Z,31
1894102,West,BATHINDA,Amardas Nagar,Unplanned,Closed,2026-07-10T15:36:35Z,2026-07-10T15:57:19Z,20
1894101,West,BATHINDA,HARI NAGAR,Unplanned,Closed,2026-07-10T15:36:35Z,2026-07-10T15:57:15Z,20
1894100,West,BATHINDA,SANGUANA BASTI,Unplanned,Closed,2026-07-10T15:36:35Z,2026-07-10T15:57:11Z,20
1894099,West,BATHINDA,AAWA BASTI,Unplanned,Closed,2026-07-10T15:36:35Z,2026-07-10T15:57:08Z,20
1894098,West,BATHINDA,SIRKI BAZAAR,Unplanned,Closed,2026-07-10T15:36:35Z,2026-07-10T15:57:04Z,20
1894097,West,BATHINDA,BANK BAZAAR,Unplanned,Closed,2026-07-10T15:36:35Z,2026-07-10T15:57:01Z,20
1894096,West,BATHINDA,11KV THAKUR COLONY,Unplanned,Closed,2026-07-10T15:36:16Z,2026-07-10T15:37:05Z,0
1894095,West,BATHINDA,11 KV DHOBI BAZAR,Unplanned,Closed,2026-07-10T15:36:16Z,2026-07-10T15:37:16Z,1
1894094,West,BATHINDA,11KV KANHAIYA CHOWK,Unplanned,Closed,2026-07-10T15:36:16Z,2026-07-10T15:38:16Z,2
1894093,West,BATHINDA,11 KV ZILA PARISHAD,Unplanned,Closed,2026-07-10T15:36:16Z,2026-07-10T15:39:16Z,3
1894092,West,BATHINDA,11 KV NAI BASTI,Unplanned,Closed,2026-07-10T15:36:16Z,2026-07-10T15:37:09Z,0
1894091,West,BATHINDA,11 KV MALL ROAD,Unplanned,Closed,2026-07-10T15:36:16Z,2026-07-10T15:38:16Z,2
1894090,West,BATHINDA,PARAS RAM NAGAR,Unplanned,Closed,2026-07-10T15:35:59Z,2026-07-10T15:37:59Z,2
1894089,West,BATHINDA,AMRIK SINGH ROAD,Unplanned,Closed,2026-07-10T15:35:59Z,2026-07-10T15:37:59Z,2
1894088,West,BATHINDA,11KV RAJA BAGH,Unplanned,Closed,2026-07-10T15:35:59Z,2026-07-10T15:37:59Z,2
1894087,West,BATHINDA,NATIONAL COLONY,Unplanned,Closed,2026-07-10T15:35:59Z,2026-07-10T15:37:59Z,2
1894086,West,BATHINDA,PANCHVATI NAGAR,Unplanned,Closed,2026-07-10T15:35:59Z,2026-07-10T15:36:59Z,1
1894085,West,BATHINDA,TRANSPORT NAGAR,Unplanned,Closed,2026-07-10T15:35:59Z,2026-07-10T15:37:59Z,2
1894084,West,BATHINDA,INDUSTRIAL COMPLEX,Unplanned,Closed,2026-07-10T15:35:59Z,2026-07-10T15:37:59Z,2
1894083,West,BATHINDA,MITTAL MALL,Unplanned,Closed,2026-07-10T15:35:59Z,2026-07-10T15:37:59Z,2
1894082,West,BATHINDA,GOLE MARKET -1,Unplanned,Closed,2026-07-10T15:35:59Z,2026-07-10T15:37:59Z,2
1894081,West,BATHINDA,JANTA NAGAR,Unplanned,Closed,2026-07-10T15:35:59Z,2026-07-10T15:36:59Z,1
1894080,West,BATHINDA,ADRASH NAGAR,Unplanned,Closed,2026-07-10T15:35:59Z,2026-07-10T15:37:59Z,2
1894079,West,BATHINDA,VISHAL NAGAR,Unplanned,Closed,2026-07-10T15:35:59Z,2026-07-10T15:37:59Z,2
1894078,West,BATHINDA,THERMAL PLANT BACK FEEDING,Unplanned,Closed,2026-07-10T15:35:59Z,2026-07-10T15:37:59Z,2
1894077,West,BATHINDA,11 KV GOPAL NAGAR,Unplanned,Closed,2026-07-10T15:35:59Z,2026-07-10T15:38:59Z,3
1894076,West,BATHINDA,NORTHEN RAILWAY,Unplanned,Closed,2026-07-10T15:35:59Z,2026-07-10T16:09:12Z,33
1894075,West,BATHINDA,GOLE MARKET - 2,Unplanned,Closed,2026-07-10T15:35:59Z,2026-07-10T15:36:47Z,0
1894074,West,BATHINDA,PUCCA KALAN,Unplanned,Closed,2026-07-10T15:35:23Z,2026-07-10T16:08:38Z,33
1894073,West,BATHINDA,JASSI,Unplanned,Closed,2026-07-10T15:35:23Z,2026-07-10T16:08:54Z,33
1894126,South,PATIALA,UPS ALALMAJRA,Planned,Closed,2026-07-10T15:35:00Z,2026-07-10T16:40:00Z,65
1894112,West,BATHINDA,11 KV TAJ PALACE ROAD,Unplanned,Closed,2026-07-10T15:35:00Z,2026-07-10T17:20:00Z,105
1894072,West,BATHINDA,AMBUJA CEMENT,Unplanned,Closed,2026-07-10T15:34:58Z,2026-07-10T15:57:54Z,22
1894071,West,BATHINDA,AIR FORCE,Unplanned,Closed,2026-07-10T15:34:58Z,2026-07-10T15:57:58Z,23
1894070,West,BATHINDA,SIVIAN,Unplanned,Closed,2026-07-10T15:34:58Z,2026-07-10T15:58:02Z,23
1894069,West,BATHINDA,HIGHWAY FEEDER,Unplanned,Closed,2026-07-10T15:34:58Z,2026-07-10T15:58:06Z,23
1894068,West,BATHINDA,AIR FORCE,Unplanned,Closed,2026-07-10T15:34:58Z,2026-07-10T15:58:19Z,23
1894067,West,BATHINDA,CHUGE KHURD UPS,Unplanned,Closed,2026-07-10T15:34:58Z,2026-07-10T16:08:29Z,33
1894066,West,BATHINDA,Industry Mehta,Unplanned,Closed,2026-07-10T15:34:32Z,2026-07-10T15:56:28Z,21
1894065,West,BATHINDA,STATION WALA,Unplanned,Closed,2026-07-10T15:34:32Z,2026-07-10T15:56:25Z,21
1894064,West,BATHINDA,MEHTA,Unplanned,Closed,2026-07-10T15:34:32Z,2026-07-10T15:56:20Z,21
1894063,West,BATHINDA,MULTANIA ROAD,Unplanned,Closed,2026-07-10T15:33:35Z,2026-07-10T16:07:29Z,33
1894062,West,BATHINDA,11 KV VISWASH COLONY,Unplanned,Closed,2026-07-10T15:33:35Z,2026-07-10T16:07:32Z,33
1894061,West,BATHINDA,LAL SINGH NAGAR,Unplanned,Closed,2026-07-10T15:33:35Z,2026-07-10T16:07:36Z,34
1894060,West,BATHINDA,11 KV AMBEDKAR NAGAR,Unplanned,Closed,2026-07-10T15:33:35Z,2026-07-10T16:07:39Z,34
1894059,West,BATHINDA,Mian,Unplanned,Closed,2026-07-10T15:33:35Z,2026-07-10T16:07:50Z,34
1894058,West,BATHINDA,11 KV NEW RING ROAD FEEDER,Unplanned,Closed,2026-07-10T15:33:35Z,2026-07-10T16:07:53Z,34
1894057,West,BATHINDA,DD Mittal tower,Unplanned,Closed,2026-07-10T15:33:35Z,2026-07-10T16:08:04Z,34
1894056,West,BATHINDA,PARTAP NAGAR,Unplanned,Closed,2026-07-10T15:33:35Z,2026-07-10T16:08:07Z,34
1894055,West,BATHINDA,Hans Nagar,Unplanned,Closed,2026-07-10T15:33:35Z,2026-07-10T16:08:11Z,34
1894054,West,BATHINDA,BAHO (UPS),Unplanned,Closed,2026-07-10T15:33:35Z,2026-07-10T16:08:16Z,34
1894053,West,FEROZPUR,SODHE WALA,Unplanned,Closed,2026-07-10T15:31:00Z,2026-07-10T16:30:00Z,59
1894052,West,FEROZPUR,POLYTECHNIC COLLEGE,Unplanned,Closed,2026-07-10T15:31:00Z,2026-07-10T16:30:00Z,59
1894049,North,HOSHIARPUR,Pandori Attwal,Unplanned,Closed,2026-07-10T15:30:00Z,2026-07-10T16:20:00Z,50
1894048,North,HOSHIARPUR,MASTIWAL,Unplanned,Closed,2026-07-10T15:30:00Z,2026-07-10T16:20:00Z,50
1894036,Central,KHANNA,Royal,Unplanned,Closed,2026-07-10T15:27:13Z,2026-07-10T16:11:26Z,44
1894047,West,FEROZPUR,HABIB WALA,Planned,Closed,2026-07-10T15:25:00Z,2026-07-10T17:00:00Z,95
1894114,East,Zirakpur,TRY CITY,Unplanned,Closed,2026-07-10T15:23:00Z,2026-07-10T19:12:00Z,229
1894050,Central,KHANNA,Sanjay Agro,Planned,Closed,2026-07-10T15:21:00Z,2026-07-10T20:01:00Z,280
1894046,West,MUKATSAR,BAHAVAL BASI,Unplanned,Closed,2026-07-10T15:20:31Z,2026-07-10T16:20:00Z,59
1894045,West,MUKATSAR,INDUSTRIAL,Unplanned,Closed,2026-07-10T15:20:31Z,2026-07-10T16:20:00Z,59
1894044,West,MUKATSAR,11 KV MALOUT ROAD,Unplanned,Closed,2026-07-10T15:20:31Z,2026-07-10T16:20:00Z,59
1894043,West,MUKATSAR,FAZILKA ROAD,Unplanned,Closed,2026-07-10T15:20:31Z,2026-07-10T16:20:00Z,59
1894042,West,MUKATSAR,WATER WORKS,Unplanned,Closed,2026-07-10T15:20:31Z,2026-07-10T16:20:00Z,59
1894041,West,MUKATSAR,11 KV ABC,Unplanned,Closed,2026-07-10T15:20:31Z,2026-07-10T16:20:00Z,59
1894040,West,MUKATSAR,Bus Stand Road,Unplanned,Closed,2026-07-10T15:20:31Z,2026-07-10T16:20:00Z,59
1894039,West,MUKATSAR,11 KV Town,Unplanned,Closed,2026-07-10T15:20:31Z,2026-07-10T16:20:00Z,59
1894038,West,MUKATSAR,11 KV Model Town,Unplanned,Closed,2026-07-10T15:20:31Z,2026-07-10T16:20:00Z,59
1894037,West,MUKATSAR,11 KV LINK NO. 2,Unplanned,Closed,2026-07-10T15:20:31Z,2026-07-10T16:20:00Z,59
1894031,West,FEROZPUR,11 KV Delhi Gate,Unplanned,Closed,2026-07-10T15:20:00Z,2026-07-10T15:31:00Z,11
1894035,West,FEROZPUR,RINGMAIN B,Planned,Closed,2026-07-10T15:18:00Z,2026-07-10T16:18:00Z,60
1894051,North,NAWANSHAHR,City Behram,Unplanned,Closed,2026-07-10T15:15:00Z,2026-07-10T16:05:00Z,50
1894034,East,Zirakpur,11kv Cosmo,Planned,Closed,2026-07-10T15:15:00Z,2026-07-10T15:26:00Z,11
1894033,East,Zirakpur,SATLUJ,Planned,Closed,2026-07-10T15:15:00Z,2026-07-10T15:26:00Z,11
1894032,East,Zirakpur,PRITHIM,Unplanned,Closed,2026-07-10T15:15:00Z,2026-07-10T15:26:00Z,11
1894030,South,PATIALA,ups Ambala Road,Unplanned,Closed,2026-07-10T15:15:00Z,2026-07-10T16:10:00Z,55
1894029,West,MUKATSAR,Badal,Unplanned,Closed,2026-07-10T15:10:00Z,2026-07-10T16:36:00Z,86
1894028,Central,KHANNA,Sanjay Agro,Unplanned,Closed,2026-07-10T15:09:00Z,2026-07-10T15:19:00Z,10
1894026,West,MUKATSAR,LINK NO. 1,Unplanned,Closed,2026-07-10T15:08:37Z,2026-07-10T17:09:00Z,120
1894027,Border,GURDASPUR,11 KV Dhesian,Unplanned,Closed,2026-07-10T15:05:00Z,2026-07-10T16:40:00Z,95
1894025,West,BATHINDA,RAMPURA,Planned,Closed,2026-07-10T15:05:00Z,2026-07-10T18:40:00Z,215
1894019,West,FARIDKOT,AKALSAR,Planned,Closed,2026-07-10T15:01:00Z,2026-07-10T15:39:25Z,38
1894018,Border,CITY AMRITSAR,11Kv Navdeep Theatre,Unplanned,Closed,2026-07-10T14:59:43Z,2026-07-10T15:30:00Z,30
1894113,East,MOHALI,INDUSTRIAL-II,Unplanned,Closed,2026-07-10T14:59:00Z,2026-07-10T15:50:00Z,51
1894022,North,JALANDHAR,11 KV BHAGAT SINGH COLONY,Unplanned,Closed,2026-07-10T14:58:59Z,2026-07-10T15:09:07Z,10
1894020,West,BATHINDA,UPS-II,Unplanned,Closed,2026-07-10T14:56:22Z,2026-07-10T15:35:53Z,39
1894023,West,BATHINDA,JHANDA KHURD,Planned,Closed,2026-07-10T14:55:00Z,2026-07-10T17:25:25Z,150
1894024,West,FEROZPUR,BASTI TANKAN WALI,Unplanned,Closed,2026-07-10T14:54:00Z,2026-07-10T15:36:00Z,42
1894021,Border,SUB URBAN AMRITSAR,Sarli,Unplanned,Closed,2026-07-10T14:50:00Z,2026-07-10T15:40:00Z,50
1894012,West,BATHINDA,PHUL,Unplanned,Closed,2026-07-10T14:50:00Z,2026-07-10T15:40:00Z,50
1894000,South,PATIALA,UPS PAWALA,Planned,Closed,2026-07-10T14:50:00Z,2026-07-10T15:15:00Z,25
1893997,Border,GURDASPUR,Manj,Unplanned,Closed,2026-07-10T14:50:00Z,2026-07-10T16:32:00Z,102
1893995,Border,SUB URBAN AMRITSAR,24 HRS RANIA,Unplanned,Closed,2026-07-10T14:46:53Z,2026-07-10T15:26:32Z,39
1894002,South,PATIALA,UPS SANDARSI,Planned,Closed,2026-07-10T14:45:00Z,2026-07-10T15:01:00Z,16
1893999,South,PATIALA,Jain Ice,Unplanned,Closed,2026-07-10T14:45:00Z,2026-07-10T16:40:00Z,115
1893998,South,PATIALA,SULAR,Unplanned,Closed,2026-07-10T14:45:00Z,2026-07-10T16:40:00Z,115
1894005,West,MUKATSAR,11 KV GADDAN DOB,Unplanned,Closed,2026-07-10T14:44:07Z,2026-07-10T15:44:00Z,59
1894004,West,MUKATSAR,11 KV TAJA PATTI,Unplanned,Closed,2026-07-10T14:44:07Z,2026-07-10T15:44:00Z,59
1894003,West,MUKATSAR,11 KV RATTA TIBBA,Unplanned,Closed,2026-07-10T14:44:07Z,2026-07-10T15:44:00Z,59
1894014,West,MUKATSAR,11 KV Circular Road,Unplanned,Closed,2026-07-10T14:42:33Z,2026-07-10T15:42:00Z,59
1894013,West,MUKATSAR,KRISHNA NAGRI,Unplanned,Closed,2026-07-10T14:42:33Z,2026-07-10T15:41:00Z,58
1894011,West,MUKATSAR,11 KV GANGA NAGAR ROAD,Unplanned,Closed,2026-07-10T14:42:33Z,2026-07-10T15:41:00Z,58
1894010,West,MUKATSAR,11 KV RIDHI SIDHI URBAN,Unplanned,Closed,2026-07-10T14:42:33Z,2026-07-10T15:41:00Z,58
1894009,West,MUKATSAR,11 KV KANDHWALA Road Urban,Unplanned,Closed,2026-07-10T14:42:33Z,2026-07-10T15:41:00Z,58
1894008,West,MUKATSAR,11 KV NAI ABADI,Unplanned,Closed,2026-07-10T14:42:33Z,2026-07-10T15:41:00Z,58
1894007,West,MUKATSAR,11 KV SIDHU NAGRI,Unplanned,Closed,2026-07-10T14:42:33Z,2026-07-10T15:41:00Z,58
1894017,West,MUKATSAR,11 KV Rajiv Nagar,Unplanned,Closed,2026-07-10T14:42:00Z,2026-07-10T15:41:00Z,59
1894016,West,MUKATSAR,INDRA NAGRI,Unplanned,Closed,2026-07-10T14:42:00Z,2026-07-10T15:41:00Z,59
1894015,West,MUKATSAR,11 KV TARA ESTATE,Unplanned,Closed,2026-07-10T14:42:00Z,2026-07-10T15:41:00Z,59
1893996,West,MUKATSAR,Abohar Road,Unplanned,Closed,2026-07-10T14:41:04Z,2026-07-10T18:12:24Z,211
1894001,West,FEROZPUR,INDUSTRIAL,Planned,Closed,2026-07-10T14:40:00Z,2026-07-10T17:16:00Z,156
1894006,East,MOHALI,Kasauli,Unplanned,Closed,2026-07-10T14:38:00Z,2026-07-10T15:13:49Z,35
1893994,West,MUKATSAR,Kandukhera,Unplanned,Closed,2026-07-10T14:37:00Z,2026-07-10T15:50:00Z,73
1893993,East,Zirakpur,RANBAXY,Unplanned,Closed,2026-07-10T14:35:00Z,2026-07-10T14:47:00Z,12
1893991,West,FEROZPUR,City Enclave,Unplanned,Closed,2026-07-10T14:33:00Z,2026-07-10T15:31:00Z,58
1893989,West,FEROZPUR,DANA MANDI,Unplanned,Closed,2026-07-10T14:33:00Z,2026-07-10T15:31:00Z,58
1893990,East,Zirakpur,CITY COURT,Unplanned,Closed,2026-07-10T14:30:00Z,2026-07-10T15:05:00Z,35
1893985,South,BARNALA,Kubbe AP,Planned,Closed,2026-07-10T14:30:00Z,2026-07-10T18:26:00Z,236
1893983,East,ROPAR,Majri Jattan,Unplanned,Closed,2026-07-10T14:30:00Z,2026-07-10T15:10:00Z,40
1893992,West,FEROZPUR,UPS FEEDER,Planned,Closed,2026-07-10T14:27:00Z,2026-07-10T16:21:00Z,114
1893984,Border,GURDASPUR,SHAHPUR GORAYA  AP,Unplanned,Closed,2026-07-10T14:25:00Z,2026-07-10T15:55:00Z,90
1893981,North,JALANDHAR,11KV LAXMI PURA,Unplanned,Closed,2026-07-10T14:24:00Z,2026-07-10T14:50:00Z,26
1893988,West,MUKATSAR,11 KV Bhagsar UPS,Unplanned,Closed,2026-07-10T14:22:08Z,2026-07-10T15:21:00Z,58
1893987,West,MUKATSAR,11 KV SARDARPURA UPS,Unplanned,Closed,2026-07-10T14:22:08Z,2026-07-10T15:21:00Z,58
1893986,West,MUKATSAR,11 KV SITO,Unplanned,Closed,2026-07-10T14:22:08Z,2026-07-10T15:21:00Z,58
1893982,North,NAWANSHAHR,CHOKKRAN FEEDER,Unplanned,Closed,2026-07-10T14:20:00Z,2026-07-10T15:05:00Z,45
1893980,Border,TARN TARAN,NAUSHEHRA PANNUN URBAN,Unplanned,Closed,2026-07-10T14:20:00Z,2026-07-10T15:10:00Z,50
1893978,North,JALANDHAR,NEW SHANKAR,Unplanned,Closed,2026-07-10T14:20:00Z,2026-07-10T15:10:00Z,50
1893975,West,FEROZPUR,11 KV Delhi Gate,Unplanned,Closed,2026-07-10T14:19:00Z,2026-07-10T15:19:00Z,60
1893974,West,FEROZPUR,11 NAMDEV CHAUNK URBAN,Unplanned,Closed,2026-07-10T14:19:00Z,2026-07-10T16:00:00Z,101
1893973,West,MUKATSAR,11 KV KANDHWALA UPS,Unplanned,Closed,2026-07-10T14:15:47Z,2026-07-10T15:14:00Z,58
1893972,West,MUKATSAR,11 KV BAHAV WALA,Unplanned,Closed,2026-07-10T14:15:47Z,2026-07-10T15:14:00Z,58
1893970,West,MUKATSAR,11 KV BHAGU,Unplanned,Closed,2026-07-10T14:15:47Z,2026-07-10T15:14:00Z,58
1893969,West,MUKATSAR,11 KV RAJPURA,Unplanned,Closed,2026-07-10T14:15:47Z,2026-07-10T15:14:00Z,58
1893968,West,MUKATSAR,11 KV KHATWAN,Unplanned,Closed,2026-07-10T14:15:47Z,2026-07-10T15:14:00Z,58
1893964,North,JALANDHAR,HARNAM DASS PURA,Unplanned,Closed,2026-07-10T14:11:00Z,2026-07-10T14:25:00Z,14
1893979,East,Zirakpur,11 kv malwa,Unplanned,Closed,2026-07-10T14:08:00Z,2026-07-10T14:50:00Z,42
1893977,East,Zirakpur,11kv Cosmo,Planned,Closed,2026-07-10T14:08:00Z,2026-07-10T14:26:00Z,18
1893976,East,Zirakpur,PRITHIM,Unplanned,Closed,2026-07-10T14:08:00Z,2026-07-10T14:26:00Z,18
1893963,Central,CITY EAST LUDHIANA,OLD SARYANS,Unplanned,Closed,2026-07-10T14:05:00Z,2026-07-10T14:45:00Z,40
1893967,West,MUKATSAR,JANDWALA HANUWANTA,Unplanned,Closed,2026-07-10T14:02:25Z,2026-07-10T15:02:00Z,59
1893966,West,MUKATSAR,11 KV Ganganagar Road,Unplanned,Closed,2026-07-10T14:02:25Z,2026-07-10T15:02:00Z,59
1893965,West,MUKATSAR,11 KALLER KHERA,Unplanned,Closed,2026-07-10T14:02:25Z,2026-07-10T15:02:00Z,59
1893926,West,MUKATSAR,Lalo Wali,Planned,Closed,2026-07-10T14:01:28Z,2026-07-10T14:39:47Z,38
1893971,Border,GURDASPUR,TARUWALI,Unplanned,Closed,2026-07-10T14:01:00Z,2026-07-10T15:35:00Z,94
1893933,North,JALANDHAR,JYOTI CHOWK,Planned,Closed,2026-07-10T14:00:37Z,2026-07-10T16:01:37Z,121
1893932,North,JALANDHAR,T.V.CENTER,Planned,Closed,2026-07-10T14:00:37Z,2026-07-10T15:01:37Z,61
1893931,North,JALANDHAR,SHAKTI NAGAR,Planned,Closed,2026-07-10T14:00:37Z,2026-07-10T15:01:37Z,61
1893930,North,JALANDHAR,ADARSH NAGAR,Planned,Closed,2026-07-10T14:00:37Z,2026-07-10T15:01:37Z,61
1893929,North,JALANDHAR,Rainak Bazar,Planned,Closed,2026-07-10T14:00:37Z,2026-07-10T15:01:37Z,61
1893962,Central,KHANNA,Bhamra,Unplanned,Closed,2026-07-10T14:00:00Z,2026-07-10T14:30:00Z,30
1893858,North,JALANDHAR,11 KV New Ashok Nagar,Planned,Closed,2026-07-10T14:00:00Z,2026-07-10T15:54:00Z,114
1893856,North,JALANDHAR,TEJ MOHAN NAGAR,Planned,Closed,2026-07-10T14:00:00Z,2026-07-10T15:55:00Z,115
1893855,North,JALANDHAR,PRUTHI,Planned,Closed,2026-07-10T14:00:00Z,2026-07-10T15:53:00Z,113
1893853,North,JALANDHAR,LINK ROAD,Planned,Closed,2026-07-10T14:00:00Z,2026-07-10T15:00:00Z,60
1893960,Border,GURDASPUR,City Ptk.,Unplanned,Closed,2026-07-10T13:58:00Z,2026-07-10T14:30:00Z,32
1893961,West,MUKATSAR,11 KV Alamgarh,Unplanned,Closed,2026-07-10T13:56:55Z,2026-07-10T21:20:00Z,443
1893958,South,SANGRUR,Dashmesh nagar,Unplanned,Closed,2026-07-10T13:55:00Z,2026-07-10T15:24:00Z,89
1893957,Border,GURDASPUR,CITY 2,Unplanned,Closed,2026-07-10T13:55:00Z,2026-07-10T15:05:00Z,70
1893956,North,HOSHIARPUR,KHIZARPUR,Unplanned,Closed,2026-07-10T13:48:00Z,2026-07-10T14:10:00Z,22
1893951,North,HOSHIARPUR,SAWAR,Unplanned,Closed,2026-07-10T13:48:00Z,2026-07-10T14:10:00Z,22
1893955,West,MUKATSAR,11 KV Azimgarh Urban,Unplanned,Closed,2026-07-10T13:46:57Z,2026-07-10T14:45:17Z,58
1893954,West,MUKATSAR,11 KV Dhani Bisehesarnath,Unplanned,Closed,2026-07-10T13:46:57Z,2026-07-10T14:45:17Z,58
1893953,West,MUKATSAR,11 KV BALA JI DHAM,Unplanned,Closed,2026-07-10T13:46:57Z,2026-07-10T14:45:17Z,58
1893952,West,MUKATSAR,11 KV South Avenue,Unplanned,Closed,2026-07-10T13:46:57Z,2026-07-10T14:43:11Z,56
1893950,West,BATHINDA,JAITO ROAD,Planned,Closed,2026-07-10T13:42:00Z,2026-07-10T13:52:00Z,10
1893945,West,FARIDKOT,RAM LEELA GROUND,Unplanned,Closed,2026-07-10T13:37:01Z,2026-07-10T14:32:31Z,55
1893947,West,BATHINDA,11KV KANHAIYA CHOWK,Unplanned,Closed,2026-07-10T13:35:00Z,2026-07-10T13:55:00Z,20
1893959,West,BATHINDA,11KV KANHAIYA CHOWK,Planned,Closed,2026-07-10T13:34:00Z,2026-07-10T14:10:41Z,36
1893938,West,MUKATSAR,11 KV TARA ESTATE,Unplanned,Closed,2026-07-10T13:32:02Z,2026-07-10T13:55:09Z,23
1893943,West,BATHINDA,SANGUANA BASTI,Planned,Closed,2026-07-10T13:32:00Z,2026-07-10T14:41:25Z,69
1893949,West,MUKATSAR,11 KV Chirag dhani,Unplanned,Closed,2026-07-10T13:31:32Z,2026-07-10T16:44:00Z,192
1893948,South,PATIALA,MANOHAR PACKERG,Unplanned,Closed,2026-07-10T13:30:00Z,2026-07-10T15:05:00Z,95
1893946,North,HOSHIARPUR,Khozkipur,Unplanned,Closed,2026-07-10T13:30:00Z,2026-07-10T13:55:00Z,25
1893941,West,FEROZPUR,Gobar Mandi,Unplanned,Closed,2026-07-10T13:30:00Z,2026-07-10T14:30:00Z,60
1893940,West,FEROZPUR,Makhu Gate,Unplanned,Closed,2026-07-10T13:30:00Z,2026-07-10T14:30:00Z,60
1893937,East,Zirakpur,ROYAL ESTATE,Unplanned,Closed,2026-07-10T13:30:00Z,2026-07-10T14:28:00Z,58
1893942,Border,TARN TARAN,KHABERAJPUTA,Unplanned,Closed,2026-07-10T13:25:00Z,2026-07-10T14:15:00Z,50
1893936,Border,TARN TARAN,SHERON UPS,Unplanned,Closed,2026-07-10T13:25:00Z,2026-07-10T14:01:00Z,36
1893935,Border,TARN TARAN,JAWANDY,Unplanned,Closed,2026-07-10T13:25:00Z,2026-07-10T14:01:00Z,36
1893944,North,JALANDHAR,PAP,Unplanned,Closed,2026-07-10T13:22:00Z,2026-07-10T13:50:00Z,28
1893934,South,PATIALA,UPS BHOJOMAJRI,Unplanned,Closed,2026-07-10T13:20:00Z,2026-07-10T13:37:00Z,17
1893925,Central,CITY EAST LUDHIANA,JAIL ROAD,Unplanned,Closed,2026-07-10T13:20:00Z,2026-07-10T14:27:00Z,67
1893923,Central,CITY WEST LUDHIANA,RERU SAHIB ROAD FEEDER,Unplanned,Closed,2026-07-10T13:18:03Z,2026-07-10T15:13:14Z,115
1893924,West,FEROZPUR,ZILA PARISHAD,Unplanned,Closed,2026-07-10T13:18:00Z,2026-07-10T14:20:00Z,62
1893927,Central,KHANNA,kherinoudhsingh,Unplanned,Closed,2026-07-10T13:15:00Z,2026-07-10T13:30:00Z,15
1893939,Border,TARN TARAN,Sarja UPS,Unplanned,Closed,2026-07-10T13:10:00Z,2026-07-10T15:45:00Z,155
1893928,Border,GURDASPUR,N.J.Singh,Unplanned,Closed,2026-07-10T13:10:00Z,2026-07-10T13:30:00Z,20
1893921,North,KAPURTHALA,Nirmal Kutiya,Unplanned,Closed,2026-07-10T13:05:00Z,2026-07-10T14:55:00Z,110
1893920,West,FEROZPUR,Police Line,Planned,Closed,2026-07-10T13:04:00Z,2026-07-10T14:42:00Z,98
1893917,East,MOHALI,Sector-68 B,Unplanned,Closed,2026-07-10T13:01:00Z,2026-07-10T13:16:00Z,15
1893913,East,Zirakpur,URBAN-3 DERABASSI,Unplanned,Closed,2026-07-10T13:00:20Z,2026-07-10T13:18:20Z,18
1893918,South,SANGRUR,MEHLAN UPS,Unplanned,Closed,2026-07-10T13:00:00Z,2026-07-10T14:25:00Z,85
1893916,East,MOHALI,Jandpur Water Works,Unplanned,Closed,2026-07-10T12:59:00Z,2026-07-10T14:14:00Z,75
1893915,East,MOHALI,Green Enclave,Unplanned,Closed,2026-07-10T12:59:00Z,2026-07-10T14:14:00Z,75
1893919,South,PATIALA,URBAN NANAKSAR,Unplanned,Closed,2026-07-10T12:58:00Z,2026-07-10T15:00:00Z,122
1893922,Border,GURDASPUR,BANGOWANI,Unplanned,Closed,2026-07-10T12:52:00Z,2026-07-10T13:25:00Z,33
1893914,West,FEROZPUR,Dhawan Colony,Unplanned,Closed,2026-07-10T12:52:00Z,2026-07-10T13:51:00Z,59
1893910,West,BATHINDA,AMARPURA,Planned,Closed,2026-07-10T12:47:00Z,2026-07-10T15:12:49Z,145
1893906,North,JALANDHAR,Rainak Bazar,Unplanned,Closed,2026-07-10T12:46:28Z,2026-07-10T13:05:00Z,18
1893902,Central,KHANNA,Bhagwanpura,Planned,Closed,2026-07-10T12:45:00Z,2026-07-10T13:55:00Z,70
1893901,Central,KHANNA,Akalgarh,Planned,Closed,2026-07-10T12:45:00Z,2026-07-10T13:51:00Z,66
1893900,Central,KHANNA,Bhari,Unplanned,Closed,2026-07-10T12:45:00Z,2026-07-10T13:55:00Z,70
1893907,Border,CITY AMRITSAR,SHIVALA ROAD,Unplanned,Closed,2026-07-10T12:41:14Z,2026-07-10T13:36:03Z,54
1893912,East,MOHALI,11KV A&C BLOCK,Unplanned,Closed,2026-07-10T12:40:46Z,2026-07-10T13:35:00Z,54
1893911,South,PATIALA,rajpura,Unplanned,Closed,2026-07-10T12:40:00Z,2026-07-10T13:00:00Z,20
1893909,North,HOSHIARPUR,FOCAL POINT,Unplanned,Closed,2026-07-10T12:40:00Z,2026-07-10T14:05:00Z,85
1893908,North,NAWANSHAHR,HEDONBET,Unplanned,Closed,2026-07-10T12:40:00Z,2026-07-10T13:20:00Z,40
1893904,North,NAWANSHAHR,JALALPUR,Unplanned,Closed,2026-07-10T12:40:00Z,2026-07-10T13:20:00Z,40
1893903,North,NAWANSHAHR,PARAGPUR,Unplanned,Closed,2026-07-10T12:40:00Z,2026-07-10T13:20:00Z,40
1893899,North,NAWANSHAHR,JINDAPUR,Unplanned,Closed,2026-07-10T12:40:00Z,2026-07-10T14:15:00Z,95
1893898,North,NAWANSHAHR,PANYALI,Unplanned,Closed,2026-07-10T12:40:00Z,2026-07-10T13:20:00Z,40
1893896,Central,CITY EAST LUDHIANA,Chand Cinema,Unplanned,Closed,2026-07-10T12:39:00Z,2026-07-10T13:10:00Z,31
1893895,West,FEROZPUR,MADHRE,Planned,Closed,2026-07-10T12:31:00Z,2026-07-10T14:31:00Z,120
1893897,North,HOSHIARPUR,KHARDEHER,Planned,Closed,2026-07-10T12:30:00Z,2026-07-10T14:15:00Z,105
1893893,East,Zirakpur,GOLDEN HUT,Unplanned,Closed,2026-07-10T12:27:00Z,2026-07-10T12:52:00Z,25
1893894,North,HOSHIARPUR,SUDHANA,Unplanned,Closed,2026-07-10T12:23:00Z,2026-07-10T12:50:00Z,27
1893888,West,MUKATSAR,Town,Unplanned,Closed,2026-07-10T12:21:47Z,2026-07-10T13:43:39Z,81
1893892,East,MOHALI,11 kv sec 54A,Unplanned,Closed,2026-07-10T12:21:00Z,2026-07-10T12:52:00Z,31
1893891,South,SANGRUR,MATTA RANI,Unplanned,Closed,2026-07-10T12:20:00Z,2026-07-10T13:00:00Z,40
1893890,West,BATHINDA,UPS BANGI DEEPA,Unplanned,Closed,2026-07-10T12:20:00Z,2026-07-10T12:40:00Z,20
1893889,East,Zirakpur,RANBAXY,Unplanned,Closed,2026-07-10T12:20:00Z,2026-07-10T12:35:00Z,15
1893887,Border,GURDASPUR,HABIBPUR,Unplanned,Closed,2026-07-10T12:20:00Z,2026-07-10T12:50:00Z,30
1893884,South,SANGRUR,City-I,Unplanned,Closed,2026-07-10T12:15:00Z,2026-07-10T13:20:00Z,65
1893886,East,Zirakpur,ROYAL ESTATE,Unplanned,Closed,2026-07-10T12:14:00Z,2026-07-10T12:40:00Z,26
1893882,Border,CITY AMRITSAR,11Kv New Ravi Dass Road,Unplanned,Closed,2026-07-10T12:09:00Z,2026-07-10T12:50:00Z,41
1893883,South,PATIALA,GAJJU KHERA URBAN,Unplanned,Closed,2026-07-10T12:05:00Z,2026-07-10T12:30:00Z,25
1893880,North,JALANDHAR,PAP,Unplanned,Closed,2026-07-10T12:05:00Z,2026-07-10T13:20:00Z,75
1893876,North,JALANDHAR,MANDI ROAD,Unplanned,Closed,2026-07-10T12:02:00Z,2026-07-10T12:36:00Z,34
1893885,West,BATHINDA,INDUSTRIAL,Planned,Closed,2026-07-10T12:01:00Z,2026-07-10T15:58:00Z,237
1893878,South,PATIALA,11 KV PUDA ENCLAVE,Unplanned,Closed,2026-07-10T12:01:00Z,2026-07-10T14:00:00Z,119
1893877,South,PATIALA,UPS KAKRALA,Unplanned,Closed,2026-07-10T12:01:00Z,2026-07-10T17:50:00Z,349
1893881,North,KAPURTHALA,UPS Sianiwal,Unplanned,Closed,2026-07-10T12:00:00Z,2026-07-10T12:35:00Z,35
1893879,East,ROPAR,UPS-II,Unplanned,Closed,2026-07-10T12:00:00Z,2026-07-10T14:02:00Z,122
1893762,Central,SUB URBAN LUDHIANA,PABBIAN UPS,Planned,Closed,2026-07-10T12:00:00Z,2026-07-10T14:00:00Z,120
1893874,East,ROPAR,ANAJ MANDI,Unplanned,Closed,2026-07-10T11:55:00Z,2026-07-10T12:43:00Z,48
1893870,North,JALANDHAR,DEVI TALAB,Unplanned,Closed,2026-07-10T11:55:00Z,2026-07-10T12:25:00Z,30
1893875,North,NAWANSHAHR,11 KV JAFFERPUR,Unplanned,Closed,2026-07-10T11:50:00Z,2026-07-10T13:30:00Z,100
1893905,Border,GURDASPUR,Shikaar,Unplanned,Closed,2026-07-10T11:45:00Z,2026-07-10T12:45:00Z,60
1893872,South,PATIALA,Bharat colony,Unplanned,Closed,2026-07-10T11:45:00Z,2026-07-10T12:05:00Z,20
1893871,South,PATIALA,UPS NABHA NO.1,Unplanned,Closed,2026-07-10T11:44:00Z,2026-07-10T12:30:00Z,46
1893868,North,NAWANSHAHR,SIKANDERPUR,Unplanned,Closed,2026-07-10T11:40:00Z,2026-07-10T12:01:00Z,21
1893873,East,MOHALI,URBAN III,Unplanned,Closed,2026-07-10T11:35:00Z,2026-07-10T12:28:00Z,53
1893869,South,PATIALA,NABHA NO.2,Unplanned,Closed,2026-07-10T11:30:00Z,2026-07-10T11:49:00Z,19
1893864,North,NAWANSHAHR,BIRAMPUR,Unplanned,Closed,2026-07-10T11:25:00Z,2026-07-10T11:54:00Z,29
1893863,Central,CITY EAST LUDHIANA,New Sahibana,Unplanned,Closed,2026-07-10T11:25:00Z,2026-07-10T12:10:00Z,45
1893857,North,JALANDHAR,11 KV Nagra,Unplanned,Closed,2026-07-10T11:16:00Z,2026-07-10T11:28:00Z,12
1893862,West,MUKATSAR,11 KV SARDARPURA UPS,Unplanned,Closed,2026-07-10T11:15:10Z,2026-07-10T12:15:00Z,59
1893867,North,NAWANSHAHR,KUNAIL .,Unplanned,Closed,2026-07-10T11:15:00Z,2026-07-10T11:35:00Z,20
1893861,Border,TARN TARAN,JAMA RAI UPS,Unplanned,Closed,2026-07-10T11:15:00Z,2026-07-10T12:01:00Z,46
1893859,Border,TARN TARAN,FELLOKE,Unplanned,Closed,2026-07-10T11:10:00Z,2026-07-10T12:20:00Z,70
1893866,West,BATHINDA,Mandi Khurd,Unplanned,Closed,2026-07-10T11:05:00Z,2026-07-10T12:05:00Z,60
1893854,South,SANGRUR,Rajindrapuri,Unplanned,Closed,2026-07-10T11:05:00Z,2026-07-10T12:05:00Z,60
1893848,Border,SUB URBAN AMRITSAR,GUMTALA,Unplanned,Closed,2026-07-10T11:04:00Z,2026-07-10T11:24:00Z,20
1893850,West,FARIDKOT,JAITO CITY,Unplanned,Closed,2026-07-10T11:01:00Z,2026-07-10T12:12:02Z,71
1893865,West,BATHINDA,HEERA,Planned,Closed,2026-07-10T11:00:00Z,2026-07-10T15:15:00Z,255
1893860,West,FEROZPUR,Amritsari Gate,Planned,Closed,2026-07-10T11:00:00Z,2026-07-10T12:40:00Z,100
1893851,South,SANGRUR,UBHIA UPS,Unplanned,Closed,2026-07-10T11:00:00Z,2026-07-10T12:50:00Z,110
1893845,West,FARIDKOT,BATHINDA ROAD,Unplanned,Closed,2026-07-10T10:55:49Z,2026-07-10T11:18:00Z,22
1893849,East,ROPAR,Bassi,Unplanned,Closed,2026-07-10T10:55:00Z,2026-07-10T11:15:00Z,20
1893846,West,BATHINDA,RAMPURA,Planned,Closed,2026-07-10T10:55:00Z,2026-07-10T14:15:00Z,200
1893842,South,BARNALA,GURUDWARA HAA DA NARA,Planned,Closed,2026-07-10T10:50:00Z,2026-07-10T12:45:00Z,115
1893844,West,BATHINDA,BARNALA ROAD,Unplanned,Closed,2026-07-10T10:49:00Z,2026-07-10T11:30:00Z,41
1893843,Central,KHANNA,GOYAL MALLEABLES,Unplanned,Closed,2026-07-10T10:48:55Z,2026-07-10T11:16:09Z,27
1893840,Central,KHANNA,ITI feeder,Unplanned,Closed,2026-07-10T10:45:00Z,2026-07-10T11:00:00Z,15
1893841,East,ROPAR,HIYATPUR,Unplanned,Closed,2026-07-10T10:39:00Z,2026-07-10T11:10:00Z,31
1893837,Central,CITY EAST LUDHIANA,JAIL ROAD,Unplanned,Closed,2026-07-10T10:39:00Z,2026-07-10T11:20:00Z,41
1893835,Central,KHANNA,Shastri Nagar,Planned,Closed,2026-07-10T10:38:00Z,2026-07-10T12:28:00Z,110
1893838,West,BATHINDA,Sahnewali ups III,Planned,Closed,2026-07-10T10:35:00Z,2026-07-10T11:49:00Z,74
1893839,North,JALANDHAR,Railway Road,Unplanned,Closed,2026-07-10T10:34:00Z,2026-07-10T11:15:00Z,41
1893831,North,KAPURTHALA,URBAN Malsian,Unplanned,Closed,2026-07-10T10:32:00Z,2026-07-10T12:10:00Z,98
1893836,South,PATIALA,BSNL,Unplanned,Closed,2026-07-10T10:30:00Z,2026-07-10T10:50:00Z,20
1893829,Border,GURDASPUR,24Hrs U.P.S. KOTLA CHAHAL,Unplanned,Closed,2026-07-10T10:30:00Z,2026-07-10T10:55:00Z,25
1893827,East,MOHALI,11 KV Feeder sec 66 B,Planned,Closed,2026-07-10T10:30:00Z,2026-07-10T12:36:00Z,126
1893824,Border,GURDASPUR,GAJIKOT,Unplanned,Closed,2026-07-10T10:26:00Z,2026-07-10T11:20:00Z,54
1893834,South,SANGRUR,11 KV CHEEMA URBAN,Unplanned,Closed,2026-07-10T10:25:00Z,2026-07-10T12:05:00Z,100
1893833,Central,KHANNA,RAM RAJAYA,Unplanned,Closed,2026-07-10T10:25:00Z,2026-07-10T12:10:00Z,105
1893830,North,HOSHIARPUR,11KV SINGHPUR UPS,Unplanned,Closed,2026-07-10T10:25:00Z,2026-07-10T11:15:00Z,50
1893823,Border,GURDASPUR,TALIBPUR,Unplanned,Closed,2026-07-10T10:25:00Z,2026-07-10T11:20:00Z,55
1893821,South,SANGRUR,BALIAL (BHATTI),Unplanned,Closed,2026-07-10T10:21:43Z,2026-07-10T10:50:11Z,28
1893832,West,FEROZPUR,HABIB WALA,Unplanned,Closed,2026-07-10T10:21:00Z,2026-07-10T11:18:00Z,57
1893828,West,FARIDKOT,11 KV BAGHAPURANA URBAN CAT-01,Unplanned,Closed,2026-07-10T10:21:00Z,2026-07-10T11:24:00Z,63
1893822,Central,CITY EAST LUDHIANA,SAHIBANA,Unplanned,Closed,2026-07-10T10:20:00Z,2026-07-10T11:00:00Z,40
1893826,East,MOHALI,11KV AEROCITY-2,Unplanned,Closed,2026-07-10T10:18:00Z,2026-07-10T11:30:00Z,72
1893819,East,Zirakpur,JEOLY,Unplanned,Closed,2026-07-10T10:16:45Z,2026-07-10T11:23:10Z,66
1893847,Border,CITY AMRITSAR,11 KV Chabbal Road,Planned,Closed,2026-07-10T10:16:21Z,2026-07-10T14:39:19Z,262
1893820,North,KAPURTHALA,UPS Ajtani,Unplanned,Closed,2026-07-10T10:15:00Z,2026-07-10T11:35:00Z,80
1893817,North,HOSHIARPUR,PANDORI,Unplanned,Closed,2026-07-10T10:15:00Z,2026-07-10T11:00:00Z,45
1893825,East,MOHALI,Badmajra,Unplanned,Closed,2026-07-10T10:09:00Z,2026-07-10T10:40:00Z,31
1893818,East,Zirakpur,SAVITRYGREEN,Unplanned,Closed,2026-07-10T10:07:00Z,2026-07-10T11:00:00Z,53
1893813,Border,GURDASPUR,SUNIYA 24hrs,Unplanned,Closed,2026-07-10T10:05:00Z,2026-07-10T11:10:00Z,65
1893811,North,HOSHIARPUR,KOTLA,Unplanned,Closed,2026-07-10T10:05:00Z,2026-07-10T11:00:00Z,55
1893812,West,FEROZPUR,URBAN MEHAMA,Planned,Closed,2026-07-10T10:04:00Z,2026-07-10T11:27:00Z,83
1893816,South,PATIALA,11 KV UPS Assmanpur,Unplanned,Closed,2026-07-10T10:02:00Z,2026-07-10T11:20:00Z,78
1893810,Border,SUB URBAN AMRITSAR,URBAN KAKKAR,Unplanned,Closed,2026-07-10T10:00:00Z,2026-07-10T12:34:00Z,154
1893809,West,BATHINDA,NEHIAN WALA,Planned,Closed,2026-07-10T10:00:00Z,2026-07-10T11:00:00Z,60
1893796,North,HOSHIARPUR,KHARDEHER,Planned,Closed,2026-07-10T10:00:00Z,2026-07-10T11:50:00Z,110
1893815,West,BATHINDA,CHUGE KHURD UPS,Unplanned,Closed,2026-07-10T09:58:00Z,2026-07-10T11:30:05Z,92
1893808,North,HOSHIARPUR,DHOOT KALAN,Unplanned,Closed,2026-07-10T09:55:00Z,2026-07-10T10:15:00Z,20
1893807,North,HOSHIARPUR,CHACK NUR ALI,Unplanned,Closed,2026-07-10T09:55:00Z,2026-07-10T10:15:00Z,20
1893805,Central,CITY WEST LUDHIANA,JAWADDI,Planned,Closed,2026-07-10T09:54:13Z,2026-07-10T10:39:33Z,45
1893804,North,NAWANSHAHR,Ragomal Urban,Unplanned,Closed,2026-07-10T09:51:00Z,2026-07-10T12:10:00Z,139
1893803,North,HOSHIARPUR,BASSI,Unplanned,Closed,2026-07-10T09:40:00Z,2026-07-10T10:10:00Z,30
1893800,Border,GURDASPUR,Civil Hospital,Unplanned,Closed,2026-07-10T09:40:00Z,2026-07-10T15:31:00Z,351
1893799,Central,CITY EAST LUDHIANA,RISHI FABRICS,Unplanned,Closed,2026-07-10T09:40:00Z,2026-07-10T10:20:00Z,40
1893814,Border,GURDASPUR,BHOA,Unplanned,Closed,2026-07-10T09:35:00Z,2026-07-10T12:05:00Z,150
1893802,Border,GURDASPUR,PASSNAWAL,Unplanned,Closed,2026-07-10T09:35:00Z,2026-07-10T11:30:00Z,115
1893801,North,HOSHIARPUR,Lalpur,Unplanned,Closed,2026-07-10T09:35:00Z,2026-07-10T09:53:00Z,18
1893798,North,JALANDHAR,MANDI ROAD,Unplanned,Closed,2026-07-10T09:35:00Z,2026-07-10T10:00:00Z,25
1893797,South,BARNALA,NABHA ROAD INDUSTRY,Unplanned,Closed,2026-07-10T09:30:00Z,2026-07-10T10:10:00Z,40
1893423,Central,SUB URBAN LUDHIANA,Urban Raikot Adda ( City-1),Planned,Closed,2026-07-10T09:30:00Z,2026-07-10T12:22:00Z,172
1893806,Border,SUB URBAN AMRITSAR,G.T.Road,Unplanned,Closed,2026-07-10T09:20:00Z,2026-07-10T09:50:52Z,30
1893795,Central,CITY EAST LUDHIANA,THAPER ISPAT,Unplanned,Closed,2026-07-10T09:16:00Z,2026-07-10T09:50:00Z,34
1893794,Border,GURDASPUR,Kot Todermal,Unplanned,Closed,2026-07-10T09:13:00Z,2026-07-10T10:20:00Z,67
1893793,Border,GURDASPUR,11KV BUTTER UPS,Unplanned,Closed,2026-07-10T09:13:00Z,2026-07-10T10:20:00Z,67
1893792,Border,GURDASPUR,THEKERIWAL,Unplanned,Closed,2026-07-10T09:13:00Z,2026-07-10T10:20:00Z,67
1893791,Border,GURDASPUR,CITY 2,Unplanned,Closed,2026-07-10T09:10:00Z,2026-07-10T09:43:00Z,33
1893785,North,KAPURTHALA,UPS TANDA AURA,Unplanned,Closed,2026-07-10T09:05:00Z,2026-07-10T09:55:00Z,50
1893784,East,ROPAR,11KV CGC JHANJHERI,Unplanned,Closed,2026-07-10T09:05:00Z,2026-07-10T09:30:00Z,25
1893783,North,NAWANSHAHR,PANYALI,Unplanned,Closed,2026-07-10T09:05:00Z,2026-07-10T09:45:00Z,40
1893781,West,BATHINDA,11 KV Kulrian Urban,Unplanned,Closed,2026-07-10T09:05:00Z,2026-07-10T10:00:00Z,55
1893780,Border,GURDASPUR,ARYA NAGAR,Unplanned,Closed,2026-07-10T09:03:00Z,2026-07-10T10:35:00Z,92
1893788,South,SANGRUR,Gidriani C-1,Planned,Closed,2026-07-10T09:01:59Z,2026-07-10T09:55:59Z,54
1893787,South,SANGRUR,Haryou UPS,Planned,Closed,2026-07-10T09:01:59Z,2026-07-10T09:55:59Z,54
1893790,South,SANGRUR,24 HRS. DASKA,Planned,Closed,2026-07-10T09:01:41Z,2026-07-10T09:55:41Z,54
1893789,South,SANGRUR,Daska C-1,Planned,Closed,2026-07-10T09:01:41Z,2026-07-10T09:55:41Z,54
1893786,North,HOSHIARPUR,khudda,Unplanned,Closed,2026-07-10T09:00:00Z,2026-07-10T09:35:00Z,35
1893782,North,NAWANSHAHR,JADALI,Unplanned,Closed,2026-07-10T08:50:00Z,2026-07-10T09:10:00Z,20
1893779,East,ROPAR,Chandigarh Road category-1,Unplanned,Closed,2026-07-10T08:40:00Z,2026-07-10T09:20:00Z,40
1893778,East,ROPAR,Gani Khan Nabi Khan,Unplanned,Closed,2026-07-10T08:40:00Z,2026-07-10T09:15:00Z,35
1893777,Central,KHANNA,Bija Urban,Unplanned,Closed,2026-07-10T08:38:00Z,2026-07-10T09:35:00Z,57
1893775,Border,TARN TARAN,URBAN MES & HEAD WORKS,Unplanned,Closed,2026-07-10T08:30:00Z,2026-07-10T08:40:00Z,10
1893776,Border,SUB URBAN AMRITSAR,RANEWALI UPS,Unplanned,Closed,2026-07-10T08:20:00Z,2026-07-10T10:55:00Z,155
1893773,Central,CITY EAST LUDHIANA,IQBAL GANJ,Unplanned,Closed,2026-07-10T08:18:00Z,2026-07-10T08:39:00Z,21
1893774,West,FARIDKOT,BURJ JAWAHAR SINGH WALA,Unplanned,Closed,2026-07-10T08:15:00Z,2026-07-10T10:10:44Z,115
1893770,Border,SUB URBAN AMRITSAR,Hoshiar Nagar UPS,Unplanned,Closed,2026-07-10T08:10:00Z,2026-07-10T10:41:00Z,151
1893769,Central,KHANNA,Nandi Colony,Unplanned,Closed,2026-07-10T08:10:00Z,2026-07-10T09:22:00Z,72
1893771,Central,KHANNA,SALANA UPS,Unplanned,Closed,2026-07-10T08:06:00Z,2026-07-10T08:40:00Z,34
1893772,West,FARIDKOT,Kotkapura-I,Unplanned,Closed,2026-07-10T08:02:42Z,2026-07-10T08:40:21Z,37
1893768,Border,TARN TARAN,JAWANDY KHURD,Unplanned,Closed,2026-07-10T08:01:00Z,2026-07-10T08:15:00Z,14
1893765,Central,SUB URBAN LUDHIANA,Kot Umra,Planned,Closed,2026-07-10T07:52:00Z,2026-07-10T10:00:00Z,128
1893766,Central,KHANNA,Mahpur,Unplanned,Closed,2026-07-10T07:45:00Z,2026-07-10T08:30:00Z,45
1893767,Border,GURDASPUR,Kotli,Unplanned,Closed,2026-07-10T07:35:00Z,2026-07-10T10:45:00Z,190
1893764,North,JALANDHAR,HSP ROAD,Unplanned,Closed,2026-07-10T07:30:00Z,2026-07-10T09:00:00Z,90
1893763,East,MOHALI,MOULI,Unplanned,Closed,2026-07-10T07:25:00Z,2026-07-10T10:07:00Z,162
1893758,West,MUKATSAR,Bikaneri Road,Planned,Closed,2026-07-10T07:15:12Z,2026-07-10T08:26:15Z,71
1893761,West,FEROZPUR,INDUSTRIAL,Planned,Closed,2026-07-10T07:15:00Z,2026-07-10T08:15:00Z,60
1893760,East,Zirakpur,PREET COLONY,Unplanned,Closed,2026-07-10T07:10:00Z,2026-07-10T08:15:00Z,65
1893759,Border,GURDASPUR,Khanpur,Unplanned,Closed,2026-07-10T07:10:00Z,2026-07-10T08:25:00Z,75
1893756,West,FARIDKOT,SUNDER NAGAR,Unplanned,Closed,2026-07-10T07:07:48Z,2026-07-10T08:07:14Z,59
1893757,North,JALANDHAR,NEW SHANKAR,Unplanned,Closed,2026-07-10T06:57:00Z,2026-07-10T08:50:00Z,113
1893752,North,JALANDHAR,CHANDERSEN,Unplanned,Closed,2026-07-10T06:47:00Z,2026-07-10T06:58:00Z,11
1893751,North,JALANDHAR,King city,Unplanned,Closed,2026-07-10T06:47:00Z,2026-07-10T06:58:00Z,11
1893753,South,PATIALA,UPS TEPLA,Unplanned,Closed,2026-07-10T06:45:00Z,2026-07-10T11:05:00Z,260
1893747,South,PATIALA,Jain Ice,Unplanned,Closed,2026-07-10T06:37:18Z,2026-07-10T07:13:35Z,36
1893746,South,PATIALA,Ram Ashram,Unplanned,Closed,2026-07-10T06:37:18Z,2026-07-10T07:05:47Z,28
1893745,South,PATIALA,SULAR,Unplanned,Closed,2026-07-10T06:37:18Z,2026-07-10T08:34:27Z,117
1893743,East,MOHALI,Sec 56,Unplanned,Closed,2026-07-10T06:35:38Z,2026-07-10T07:01:07Z,25
1893750,West,FARIDKOT,BUDH RAM URBAN,Unplanned,Closed,2026-07-10T06:30:59Z,2026-07-10T07:53:56Z,82
1893744,South,BARNALA,GREWAL UPS,Unplanned,Closed,2026-07-10T06:30:00Z,2026-07-10T09:30:00Z,180
1893742,South,SANGRUR,CITY-5,Unplanned,Closed,2026-07-10T06:20:00Z,2026-07-10T07:19:00Z,59
1893749,Border,TARN TARAN,UPS DHARIWAL,Unplanned,Closed,2026-07-10T06:15:00Z,2026-07-10T08:20:00Z,125
1893741,East,Zirakpur,SAINI VIHAR,Unplanned,Closed,2026-07-10T06:15:00Z,2026-07-10T07:35:00Z,80
1893740,West,FARIDKOT,AJITWAL URBAN 2,Unplanned,Closed,2026-07-10T06:14:53Z,2026-07-10T07:35:49Z,80
1893748,Border,TARN TARAN,URBAN BOPARAI,Unplanned,Closed,2026-07-10T06:10:00Z,2026-07-10T08:30:00Z,140
1893738,North,NAWANSHAHR,GARHI,Unplanned,Closed,2026-07-10T06:07:00Z,2026-07-10T06:25:00Z,18
1893739,South,SANGRUR,11 KV BHRAMKUMARI,Unplanned,Closed,2026-07-10T05:57:00Z,2026-07-10T07:33:00Z,96
1893733,North,NAWANSHAHR,JHUNGI,Unplanned,Closed,2026-07-10T05:48:00Z,2026-07-10T06:05:00Z,17
1893737,East,MOHALI,TDI,Unplanned,Closed,2026-07-10T05:47:00Z,2026-07-10T09:20:00Z,213
1893734,South,SANGRUR,11 KV CHEEMA URBAN,Unplanned,Closed,2026-07-10T05:46:00Z,2026-07-10T06:56:00Z,70
1893736,East,MOHALI,MOHIKALAN UPS,Unplanned,Closed,2026-07-10T05:35:00Z,2026-07-10T06:30:00Z,55
1893727,Border,GURDASPUR,24Hrs SUPPLY SEKHWAN,Unplanned,Closed,2026-07-10T05:35:00Z,2026-07-10T07:10:00Z,95
1893729,West,MUKATSAR,11 KV Patrewala,Unplanned,Closed,2026-07-10T05:30:00Z,2026-07-10T06:15:00Z,45
1893730,East,Zirakpur,11 KV Aero Home Feeder,Unplanned,Closed,2026-07-10T05:25:00Z,2026-07-10T07:50:00Z,145
1893728,East,Zirakpur,RANBAXY,Unplanned,Closed,2026-07-10T05:25:00Z,2026-07-10T07:58:00Z,153
1893722,East,MOHALI,11 KV Sec 59,Unplanned,Closed,2026-07-10T05:15:27Z,2026-07-10T07:09:23Z,113
1893726,East,Zirakpur,11 KV AMBALA ROAD,Unplanned,Closed,2026-07-10T05:14:00Z,2026-07-10T07:54:00Z,160
1893720,South,PATIALA,Hot Line (Samana),Unplanned,Closed,2026-07-10T05:11:00Z,2026-07-10T09:28:00Z,257
1893721,East,Zirakpur,KALKA ROAD,Unplanned,Closed,2026-07-10T05:06:00Z,2026-07-10T06:46:00Z,100
1893725,East,Zirakpur,ORBIT,Unplanned,Closed,2026-07-10T05:04:00Z,2026-07-10T07:51:00Z,167
1893724,East,Zirakpur,ZIRAKPUR-1,Unplanned,Closed,2026-07-10T05:02:00Z,2026-07-10T06:02:00Z,60
1893755,South,PATIALA,PUNJLAND,Unplanned,Closed,2026-07-10T05:00:00Z,2026-07-10T07:00:00Z,120
1893731,East,Zirakpur,THAPAR UNIVERSITY,Unplanned,Closed,2026-07-10T04:58:00Z,2026-07-10T08:45:00Z,227
1893735,East,MOHALI,64-C,Unplanned,Closed,2026-07-10T04:48:00Z,2026-07-10T07:04:01Z,136
1893718,East,Zirakpur,HARMILAP NAGAR,Unplanned,Closed,2026-07-10T04:45:00Z,2026-07-10T06:25:00Z,100
1893715,Border,TARN TARAN,BUTARI URBAN,Unplanned,Closed,2026-07-10T04:45:00Z,2026-07-10T09:10:00Z,265
1893723,East,MOHALI,11 KV Industrial-3,Unplanned,Closed,2026-07-10T04:44:00Z,2026-07-10T06:45:34Z,121
1893719,East,Zirakpur,GBM,Unplanned,Closed,2026-07-10T04:40:00Z,2026-07-10T05:10:00Z,30
1893713,Central,CITY EAST LUDHIANA,BAL SINGH NAGAR,Unplanned,Closed,2026-07-10T04:33:00Z,2026-07-10T06:03:00Z,90
1893716,East,Zirakpur,SANULI,Unplanned,Closed,2026-07-10T04:30:00Z,2026-07-10T06:40:00Z,130
1893711,East,MOHALI,11KV E&G Block,Unplanned,Closed,2026-07-10T04:27:00Z,2026-07-10T06:00:00Z,93
1893712,East,MOHALI,MOULI,Unplanned,Closed,2026-07-10T04:25:40Z,2026-07-10T06:15:00Z,109
1893709,East,ROPAR,11 KV LIC Colony,Unplanned,Closed,2026-07-10T04:20:00Z,2026-07-10T09:10:00Z,290
1893708,East,MOHALI,11 kv sec 54A,Unplanned,Closed,2026-07-10T04:09:39Z,2026-07-10T07:04:44Z,175
1893705,South,PATIALA,UPS 3-Wire Shambhu,Unplanned,Closed,2026-07-10T04:05:00Z,2026-07-10T09:30:00Z,325
1893704,South,PATIALA,UPS MIRJAPUR,Unplanned,Closed,2026-07-10T04:05:00Z,2026-07-10T08:05:00Z,240
1893703,South,PATIALA,MAHAVIR,Unplanned,Closed,2026-07-10T04:01:00Z,2026-07-10T07:40:00Z,219
1893710,East,ROPAR,MODLE  TOWN,Unplanned,Closed,2026-07-10T03:55:00Z,2026-07-10T06:15:00Z,140
1893714,East,Zirakpur,GREEN VALLEY,Unplanned,Closed,2026-07-10T03:51:00Z,2026-07-10T06:50:00Z,179
1893707,East,MOHALI,Sec 56,Unplanned,Closed,2026-07-10T03:44:00Z,2026-07-10T04:22:00Z,38
1893706,East,MOHALI,Sec 55,Unplanned,Closed,2026-07-10T03:42:00Z,2026-07-10T05:02:00Z,80
1893702,North,HOSHIARPUR,TALWARA,Unplanned,Closed,2026-07-10T03:40:00Z,2026-07-10T04:02:00Z,22
1893701,East,MOHALI,commercial 95-96,Unplanned,Closed,2026-07-10T03:35:00Z,2026-07-10T05:13:00Z,98
1893700,East,ROPAR,11 KV Kotla,Unplanned,Closed,2026-07-10T03:35:00Z,2026-07-10T03:50:28Z,15
1893698,South,PATIALA,SYL (F.P),Unplanned,Closed,2026-07-10T03:10:00Z,2026-07-10T07:45:00Z,275
1893696,Border,SUB URBAN AMRITSAR,"D-block, GAD avenue",Unplanned,Closed,2026-07-10T03:00:00Z,2026-07-10T03:45:00Z,45
1893695,Border,SUB URBAN AMRITSAR,Guru AmarDass Avenue,Unplanned,Closed,2026-07-10T03:00:00Z,2026-07-10T03:45:00Z,45
1893697,South,PATIALA,UPS RAJPURA,Unplanned,Closed,2026-07-10T02:50:00Z,2026-07-10T07:20:00Z,270
1893754,South,PATIALA,PUNJLAND,Unplanned,Closed,2026-07-10T02:44:00Z,2026-07-10T04:43:00Z,119
1893687,East,Zirakpur,Bauli Sahib,Unplanned,Closed,2026-07-10T02:18:00Z,2026-07-10T03:04:00Z,46
1893686,South,PATIALA,UPS SANDARSI,Unplanned,Closed,2026-07-10T02:08:00Z,2026-07-10T10:55:00Z,527
1893685,Border,SUB URBAN AMRITSAR,MES,Unplanned,Closed,2026-07-10T02:00:00Z,2026-07-10T02:38:00Z,38
1893684,East,Zirakpur,Silver City,Unplanned,Closed,2026-07-10T01:58:00Z,2026-07-10T03:05:00Z,67
1893694,Border,SUB URBAN AMRITSAR,VEER GARDEN,Unplanned,Closed,2026-07-10T01:45:00Z,2026-07-10T03:00:00Z,75
1893693,Border,SUB URBAN AMRITSAR,POWER COLONY,Unplanned,Closed,2026-07-10T01:45:00Z,2026-07-10T03:00:00Z,75
1893692,Border,SUB URBAN AMRITSAR,BABA SHRI CHAND AVNUE,Unplanned,Closed,2026-07-10T01:45:00Z,2026-07-10T03:00:00Z,75
1893691,Border,SUB URBAN AMRITSAR,Hari mandir,Unplanned,Closed,2026-07-10T01:45:00Z,2026-07-10T06:05:00Z,260
1893690,Border,SUB URBAN AMRITSAR,M.E.S,Unplanned,Closed,2026-07-10T01:45:00Z,2026-07-10T06:05:00Z,260
1893689,Border,SUB URBAN AMRITSAR,DIAMOND AVENUE,Unplanned,Closed,2026-07-10T01:45:00Z,2026-07-10T06:05:00Z,260
1893688,Border,SUB URBAN AMRITSAR,Guru Har Rai avenue,Unplanned,Closed,2026-07-10T01:45:00Z,2026-07-10T03:00:00Z,75
1893682,East,MOHALI,11KV JAND PUR,Unplanned,Closed,2026-07-10T01:42:02Z,2026-07-10T05:02:06Z,200
1893699,South,PATIALA,UPS FOCAL POINT,Unplanned,Closed,2026-07-10T01:40:27Z,2026-07-10T03:25:09Z,104
1893683,East,ROPAR,11KV Belian UPS FEEDER,Unplanned,Closed,2026-07-10T01:35:56Z,2026-07-10T04:08:30Z,152
1893679,East,MOHALI,Sec 56,Unplanned,Closed,2026-07-10T01:24:51Z,2026-07-10T03:21:00Z,116
1893680,North,JALANDHAR,T. V. TOWER,Unplanned,Closed,2026-07-10T01:21:00Z,2026-07-10T01:52:00Z,31
1893676,East,MOHALI,Mullanpur,Unplanned,Closed,2026-07-10T01:15:30Z,2026-07-10T01:46:39Z,31
1893675,East,MOHALI,11KV BLOCK-C,Unplanned,Closed,2026-07-10T01:13:00Z,2026-07-10T01:58:00Z,45
1893678,East,MOHALI,JHAMPUR FEEDER,Unplanned,Closed,2026-07-10T01:10:51Z,2026-07-10T08:04:00Z,413
1893677,East,ROPAR,JHANDIAN,Unplanned,Closed,2026-07-10T01:10:00Z,2026-07-10T02:15:00Z,65
1893674,West,FARIDKOT,11KV Circular Road,Unplanned,Closed,2026-07-10T01:00:00Z,2026-07-10T01:40:42Z,40
1893673,East,MOHALI,MOULI,Unplanned,Closed,2026-07-10T00:36:27Z,2026-07-10T01:56:00Z,79
1893665,North,JALANDHAR,11 KV BASTI DANISHMANDA,Unplanned,Closed,2026-07-10T00:35:36Z,2026-07-10T01:35:17Z,59
1893669,Border,SUB URBAN AMRITSAR,Airforce,Unplanned,Closed,2026-07-10T00:35:00Z,2026-07-10T03:15:00Z,160
1893668,South,PATIALA,PUNJLAND,Unplanned,Closed,2026-07-10T00:35:00Z,2026-07-10T02:34:00Z,119
1893681,North,JALANDHAR,BASTI DANISJMANDA,Unplanned,Closed,2026-07-10T00:34:00Z,2026-07-10T01:35:00Z,61
1893672,West,FARIDKOT,11KV DHUDI UPS,Unplanned,Closed,2026-07-10T00:30:00Z,2026-07-10T02:27:00Z,117
1893671,South,PATIALA,JANDOLI,Unplanned,Closed,2026-07-10T00:30:00Z,2026-07-10T08:10:00Z,460
1893666,South,PATIALA,ups Ambala Road,Unplanned,Closed,2026-07-10T00:30:00Z,2026-07-10T05:40:00Z,310
1893664,Central,KHANNA,Khanyan Road,Unplanned,Closed,2026-07-10T00:30:00Z,2026-07-10T02:00:00Z,90
1893667,South,PATIALA,UPS MUGAL SARAI,Unplanned,Closed,2026-07-10T00:25:00Z,2026-07-10T09:40:00Z,555
1893732,East,Zirakpur,Tasimbli Road,Unplanned,Closed,2026-07-10T00:20:00Z,2026-07-10T02:10:00Z,110
1893670,South,PATIALA,11KV DAKALA2(SEHAJENCLVE) C1,Unplanned,Closed,2026-07-10T00:15:00Z,2026-07-10T01:18:00Z,63
1893663,South,PATIALA,rajpura,Unplanned,Closed,2026-07-10T00:15:00Z,2026-07-10T01:55:00Z,100
1893662,East,MOHALI,BANUR URBAN 2,Unplanned,Closed,2026-07-10T00:10:00Z,2026-07-10T01:15:00Z,65
1893660,North,JALANDHAR,LADHAYWALI,Unplanned,Closed,2026-07-10T00:05:00Z,2026-07-10T00:45:00Z,40
1893656,Central,KHANNA,Chander Lok,Unplanned,Closed,2026-07-09T23:56:21Z,2026-07-10T00:04:33Z,8
1893658,East,Zirakpur,KALKA ROAD,Planned,Closed,2026-07-09T23:50:00Z,2026-07-10T00:25:00Z,35
1893659,East,MOHALI,BANUR URBAN 1,Unplanned,Closed,2026-07-09T23:48:00Z,2026-07-10T00:20:00Z,32
1893657,South,PATIALA,UPS Rohti Basta,Unplanned,Closed,2026-07-09T23:45:18Z,2026-07-10T06:40:18Z,415
1893655,North,HOSHIARPUR,SUKCHAINPUR,Unplanned,Closed,2026-07-09T23:35:00Z,2026-07-09T23:55:00Z,20
1893653,West,FEROZPUR,11 KV NAMAK MANDI,Planned,Closed,2026-07-09T23:30:00Z,2026-07-10T00:30:00Z,60
1893661,Central,KHANNA,Chander Lok,Unplanned,Closed,2026-07-09T23:27:00Z,2026-07-09T23:55:00Z,28
1893652,North,KAPURTHALA,URBAN JANDIALA ROAD Nurmahal,Unplanned,Closed,2026-07-09T23:20:00Z,2026-07-10T00:10:00Z,50
1893654,East,Zirakpur,DHAKOLI,Unplanned,Closed,2026-07-09T23:16:00Z,2026-07-09T23:45:00Z,29
1893651,East,MOHALI,11KV AMBIKA,Unplanned,Closed,2026-07-09T23:15:00Z,2026-07-10T00:30:00Z,75
1893650,Central,KHANNA,Khanna feeder,Unplanned,Closed,2026-07-09T23:15:00Z,2026-07-09T23:55:00Z,40
1893647,East,ROPAR,UPS-II,Unplanned,Closed,2026-07-09T23:10:00Z,2026-07-09T23:33:00Z,23
1893648,East,ROPAR,Rangeel Pur,Unplanned,Closed,2026-07-09T23:03:00Z,2026-07-09T23:59:00Z,56
1893645,West,FEROZPUR,INDUSTRIAL,Planned,Closed,2026-07-09T23:00:00Z,2026-07-09T23:59:00Z,59
1893644,West,FEROZPUR,Amritsari Gate,Planned,Closed,2026-07-09T23:00:00Z,2026-07-09T23:45:00Z,45
1893643,West,FEROZPUR,ARSONAL,Planned,Closed,2026-07-09T23:00:00Z,2026-07-09T23:30:00Z,30
1893641,North,JALANDHAR,RAMA MANDI,Unplanned,Closed,2026-07-09T22:57:00Z,2026-07-09T23:06:00Z,9
1893646,East,ROPAR,City-2,Unplanned,Closed,2026-07-09T22:54:00Z,2026-07-09T23:44:26Z,50
1893642,South,PATIALA,UPS 1,Unplanned,Closed,2026-07-09T22:52:00Z,2026-07-10T06:52:00Z,480
1893649,East,MOHALI,11 KV Sec-88,Unplanned,Closed,2026-07-09T22:50:00Z,2026-07-09T23:30:00Z,40
1893640,East,MOHALI,SEC-80,Unplanned,Closed,2026-07-09T22:48:00Z,2026-07-10T00:07:00Z,79
1893639,South,PATIALA,UPS RAIPUR,Unplanned,Closed,2026-07-09T22:30:00Z,2026-07-10T06:30:15Z,480
1893635,East,ROPAR,Asmanpur,Unplanned,Closed,2026-07-09T22:26:15Z,2026-07-09T22:36:30Z,10
1893636,Border,SUB URBAN AMRITSAR,Urban 1 Tarsika,Unplanned,Closed,2026-07-09T22:25:00Z,2026-07-09T23:55:00Z,90
1893632,North,NAWANSHAHR,CITY GARHSHANKAR-2,Unplanned,Closed,2026-07-09T22:22:00Z,2026-07-09T22:52:00Z,30
1893631,East,ROPAR,11 KV Paharpur,Unplanned,Closed,2026-07-09T22:18:59Z,2026-07-09T22:25:48Z,6
1893634,East,MOHALI,Sec 56,Unplanned,Closed,2026-07-09T22:16:00Z,2026-07-09T23:18:00Z,62
1893633,East,MOHALI,Sec 55,Unplanned,Closed,2026-07-09T22:16:00Z,2026-07-09T23:55:00Z,99
1893630,North,KAPURTHALA,URBAN Khadar Bhandar,Planned,Closed,2026-07-09T22:10:00Z,2026-07-09T22:35:00Z,25
1893626,North,HOSHIARPUR,khudda,Unplanned,Closed,2026-07-09T22:04:00Z,2026-07-09T23:10:00Z,66
1893638,West,FEROZPUR,Gobar Mandi,Unplanned,Closed,2026-07-09T22:00:00Z,2026-07-09T23:00:00Z,60
1893637,West,FEROZPUR,POLYTECHNIC COLLEGE,Unplanned,Closed,2026-07-09T22:00:00Z,2026-07-09T23:00:00Z,60
1893628,West,FEROZPUR,BAGDADI GATE,Unplanned,Closed,2026-07-09T22:00:00Z,2026-07-09T23:00:00Z,60
1893627,West,FEROZPUR,11 KV Delhi Gate,Unplanned,Closed,2026-07-09T22:00:00Z,2026-07-09T23:00:00Z,60
1893623,East,MOHALI,Jandpur Water Works,Unplanned,Closed,2026-07-09T21:52:00Z,2026-07-10T05:02:13Z,430
1893629,East,MOHALI,11KV 82 ALPHA,Unplanned,Closed,2026-07-09T21:51:00Z,2026-07-09T22:50:00Z,59
1893625,North,NAWANSHAHR,Dosanjh UPS,Unplanned,Closed,2026-07-09T21:50:00Z,2026-07-09T22:30:00Z,40
1893624,East,ROPAR,11 KV Plazzo ELite,Unplanned,Closed,2026-07-09T21:47:00Z,2026-07-10T00:45:00Z,178
1893622,South,BARNALA,Badbar CAT-I,Unplanned,Closed,2026-07-09T21:35:00Z,2026-07-09T23:15:00Z,100
1893621,West,FEROZPUR,Bahadur Wala,Unplanned,Closed,2026-07-09T21:33:00Z,2026-07-09T22:34:00Z,61
1893619,West,FEROZPUR,SODHE WALA,Unplanned,Closed,2026-07-09T21:33:00Z,2026-07-09T22:34:00Z,61
1893620,East,ROPAR,Bassi,Unplanned,Closed,2026-07-09T21:30:00Z,2026-07-09T22:25:21Z,55
1893618,South,BARNALA,Manvi UPS,Unplanned,Closed,2026-07-09T21:20:00Z,2026-07-09T21:45:11Z,25
1893617,North,HOSHIARPUR,HAJIPUR,Unplanned,Closed,2026-07-09T21:15:00Z,2026-07-09T21:30:00Z,15
1893615,Central,CITY EAST LUDHIANA,NEW VISHNUPURI,Unplanned,Closed,2026-07-09T21:12:00Z,2026-07-09T22:06:00Z,54
1893616,Central,KHANNA,Khanyan Road,Unplanned,Closed,2026-07-09T21:00:00Z,2026-07-09T22:30:00Z,90
1893613,West,FEROZPUR,RINGMAIN B,Planned,Closed,2026-07-09T20:55:00Z,2026-07-09T22:00:00Z,65
1893610,East,ROPAR,Bassi,Unplanned,Closed,2026-07-09T20:32:00Z,2026-07-09T20:52:00Z,20
1893607,West,FEROZPUR,City Enclave,Unplanned,Closed,2026-07-09T20:31:00Z,2026-07-09T21:32:00Z,61
1893606,West,FEROZPUR,Makhu Gate,Unplanned,Closed,2026-07-09T20:31:00Z,2026-07-09T21:32:00Z,61
1893612,West,BATHINDA,ALLIKE,Unplanned,Closed,2026-07-09T20:30:00Z,2026-07-09T20:45:06Z,15
1893609,East,ROPAR,Jhangrian,Unplanned,Closed,2026-07-09T20:28:00Z,2026-07-09T21:08:00Z,40
1893614,Border,SUB URBAN AMRITSAR,Bhaka Hari Singh,Unplanned,Closed,2026-07-09T20:25:00Z,2026-07-09T21:25:00Z,60
1893600,Central,KHANNA,Royal,Unplanned,Closed,2026-07-09T20:22:08Z,2026-07-09T20:52:24Z,30
1893601,North,NAWANSHAHR,Dana Mandi,Unplanned,Closed,2026-07-09T20:19:00Z,2026-07-09T20:25:00Z,6
1893608,West,BATHINDA,AHLUPUR,Unplanned,Closed,2026-07-09T20:17:00Z,2026-07-09T22:03:22Z,106
1893605,East,ROPAR,NALHOTI,Unplanned,Closed,2026-07-09T20:16:00Z,2026-07-09T20:46:00Z,30
1893611,Border,TARN TARAN,Sanghey UPS,Unplanned,Closed,2026-07-09T20:15:00Z,2026-07-09T21:01:00Z,46
1893603,North,HOSHIARPUR,11 KV SARIANA,Unplanned,Closed,2026-07-09T20:15:00Z,2026-07-09T21:30:00Z,75
1893602,North,HOSHIARPUR,11 KV DHADEKATWAL,Unplanned,Closed,2026-07-09T20:15:00Z,2026-07-09T21:30:00Z,75
1893596,East,ROPAR,11 KV Kiratpur Sahib,Unplanned,Closed,2026-07-09T20:08:00Z,2026-07-09T21:14:00Z,66
1893599,North,HOSHIARPUR,AIMA MANGAT KANDI AP,Unplanned,Closed,2026-07-09T20:05:00Z,2026-07-09T21:00:00Z,55
1893598,North,HOSHIARPUR,NESHRA PATAN,Unplanned,Closed,2026-07-09T20:05:00Z,2026-07-09T21:00:00Z,55
1893595,North,HOSHIARPUR,MPH4,Unplanned,Closed,2026-07-09T20:05:00Z,2026-07-09T21:00:00Z,55
1893597,South,PATIALA,PARTAP,Unplanned,Closed,2026-07-09T20:04:00Z,2026-07-09T20:30:00Z,26
1893592,Central,CITY WEST LUDHIANA,RENTAL COLONY,Planned,Closed,2026-07-09T20:00:26Z,2026-07-09T20:41:26Z,41
1893604,East,MOHALI,11 KV Feeder sec 66 B,Unplanned,Closed,2026-07-09T20:00:00Z,2026-07-09T21:30:00Z,90
1893594,North,KAPURTHALA,UPS Fajalpur,Unplanned,Closed,2026-07-09T20:00:00Z,2026-07-09T20:20:00Z,20
1893593,North,KAPURTHALA,SHALIMAR JALANDHAR ROAD,Unplanned,Closed,2026-07-09T20:00:00Z,2026-07-09T21:10:00Z,70
1893590,West,FEROZPUR,11 KV NAMAK MANDI,Planned,Closed,2026-07-09T20:00:00Z,2026-07-09T20:50:00Z,50
1893591,North,HOSHIARPUR,CHACK,Unplanned,Closed,2026-07-09T19:50:00Z,2026-07-09T21:00:00Z,70
1893588,North,HOSHIARPUR,WAZIRAN,Unplanned,Closed,2026-07-09T19:50:00Z,2026-07-09T21:30:00Z,100
1893589,North,HOSHIARPUR,RAMGHAR,Unplanned,Closed,2026-07-09T19:45:00Z,2026-07-09T20:05:00Z,20
1893585,West,MUKATSAR,Abohar Road,Unplanned,Closed,2026-07-09T19:43:00Z,2026-07-09T20:23:51Z,40
1893584,North,KAPURTHALA,Kasupur,Unplanned,Closed,2026-07-09T19:43:00Z,2026-07-09T20:20:00Z,37
1893583,North,KAPURTHALA,Esewal,Unplanned,Closed,2026-07-09T19:43:00Z,2026-07-09T20:20:00Z,37
1893587,West,MUKATSAR,Namdev Nagar,Unplanned,Closed,2026-07-09T19:42:00Z,2026-07-09T20:24:17Z,42
1893581,North,KAPURTHALA,URBAN Malsian,Unplanned,Closed,2026-07-09T19:42:00Z,2026-07-09T20:20:00Z,38
1893580,North,KAPURTHALA,UPS MALLIWAL,Unplanned,Closed,2026-07-09T19:42:00Z,2026-07-09T20:20:00Z,38
1893582,West,FEROZPUR,DANA MANDI,Unplanned,Closed,2026-07-09T19:41:00Z,2026-07-09T20:33:00Z,52
1893579,West,FEROZPUR,Bahadur Wala,Unplanned,Closed,2026-07-09T19:30:00Z,2026-07-09T20:30:00Z,60
1893576,West,FARIDKOT,Prem Nagar,Planned,Closed,2026-07-09T19:28:00Z,2026-07-09T20:03:18Z,35
1893577,East,Zirakpur,11 KV AMBALA ROAD,Unplanned,Closed,2026-07-09T19:25:00Z,2026-07-09T20:40:00Z,75
1893578,North,JALANDHAR,ATTARI BAZZAR,Unplanned,Closed,2026-07-09T19:23:58Z,2026-07-09T19:58:12Z,34
1893574,North,NAWANSHAHR,BHAJJAL,Unplanned,Closed,2026-07-09T19:22:00Z,2026-07-09T21:00:00Z,98
1893573,North,JALANDHAR,PRITHVI,Unplanned,Closed,2026-07-09T19:22:00Z,2026-07-09T19:50:00Z,28
1893586,East,ROPAR,11KV Dugri,Unplanned,Closed,2026-07-09T19:20:00Z,2026-07-09T19:50:00Z,30
1893572,East,ROPAR,11 KV Bharatgarh,Unplanned,Closed,2026-07-09T19:18:00Z,2026-07-09T21:20:00Z,122
1893567,Central,CITY EAST LUDHIANA,GURU NANAK DEV NAGAR,Unplanned,Closed,2026-07-09T19:17:00Z,2026-07-09T20:33:00Z,76
1893571,Border,GURDASPUR,RAILWAY ROAD CAT-1,Unplanned,Closed,2026-07-09T19:15:00Z,2026-07-09T19:34:00Z,19
1893570,Border,GURDASPUR,THEKERIWAL,Unplanned,Closed,2026-07-09T19:15:00Z,2026-07-09T19:34:00Z,19
1893569,Border,GURDASPUR,11KV BUTTER UPS,Unplanned,Closed,2026-07-09T19:15:00Z,2026-07-09T19:34:00Z,19
1893568,West,BATHINDA,11 KV TAJ PALACE ROAD,Unplanned,Closed,2026-07-09T19:10:00Z,2026-07-09T19:45:00Z,35
1893566,North,NAWANSHAHR,TEHSIL COMPLEX GSR,Unplanned,Closed,2026-07-09T19:10:00Z,2026-07-09T19:54:00Z,44
1893564,Border,GURDASPUR,Ranipur,Unplanned,Closed,2026-07-09T19:05:00Z,2026-07-09T19:40:00Z,35
1893575,Border,GURDASPUR,Cheema Khuddi,Unplanned,Closed,2026-07-09T19:04:00Z,2026-07-09T20:20:00Z,76
1893565,West,FARIDKOT,Heera Singh Nagar,Planned,Closed,2026-07-09T19:01:00Z,2026-07-09T20:01:00Z,60
1893563,Border,TARN TARAN,Railway Road Urban..,Unplanned,Closed,2026-07-09T19:01:00Z,2026-07-09T19:40:00Z,39
1893561,West,MUKATSAR,WATER WORKS,Unplanned,Closed,2026-07-09T19:01:00Z,2026-07-09T19:35:50Z,34
1893562,East,ROPAR,11 KV Bharatgarh,Unplanned,Closed,2026-07-09T18:57:00Z,2026-07-09T19:16:00Z,19
1893560,West,MUKATSAR,BAHAVAL BASI,Unplanned,Closed,2026-07-09T18:57:00Z,2026-07-09T20:56:36Z,119
1893557,Border,GURDASPUR,City SJN,Unplanned,Closed,2026-07-09T18:50:00Z,2026-07-09T19:05:00Z,15
1893559,East,ROPAR,SAIDPUR,Unplanned,Closed,2026-07-09T18:48:00Z,2026-07-09T19:06:00Z,18
1893558,North,JALANDHAR,ATTARI BAZZAR,Unplanned,Closed,2026-07-09T18:46:32Z,2026-07-09T19:19:39Z,33
1893556,North,JALANDHAR,11 KV Nagra,Unplanned,Closed,2026-07-09T18:41:26Z,2026-07-09T18:55:34Z,14
1893555,Border,TARN TARAN,RAILWAY STATION-II,Unplanned,Closed,2026-07-09T18:38:39Z,2026-07-09T19:40:56Z,62
1893551,West,FEROZPUR,Amritsari Gate,Planned,Closed,2026-07-09T18:36:00Z,2026-07-09T19:45:00Z,69
1893553,North,JALANDHAR,11 KV MAKSUDPUR,Unplanned,Closed,2026-07-09T18:35:43Z,2026-07-09T18:41:51Z,6
1893554,East,Zirakpur,Bauli Sahib,Unplanned,Closed,2026-07-09T18:31:00Z,2026-07-09T19:29:00Z,58
1893547,North,JALANDHAR,SUN FLAG,Unplanned,Closed,2026-07-09T18:30:00Z,2026-07-09T18:53:00Z,23
1893550,West,FEROZPUR,Gobar Mandi,Unplanned,Closed,2026-07-09T18:29:00Z,2026-07-09T19:31:00Z,62
1893549,West,FEROZPUR,POLYTECHNIC COLLEGE,Unplanned,Closed,2026-07-09T18:29:00Z,2026-07-09T19:31:00Z,62
1893543,North,KAPURTHALA,Kotu Chownk,Unplanned,Closed,2026-07-09T18:26:00Z,2026-07-09T18:55:00Z,29
1893552,South,PATIALA,SARHIND ROAD,Unplanned,Closed,2026-07-09T18:23:00Z,2026-07-09T19:21:00Z,58
1893542,North,HOSHIARPUR,MPH4,Unplanned,Closed,2026-07-09T18:20:00Z,2026-07-09T20:00:00Z,100
1893541,North,HOSHIARPUR,NESHRA PATAN,Unplanned,Closed,2026-07-09T18:20:00Z,2026-07-09T20:00:00Z,100
1893540,North,HOSHIARPUR,AIMA MANGAT KANDI AP,Unplanned,Closed,2026-07-09T18:20:00Z,2026-07-09T20:00:00Z,100
1893538,Border,CITY AMRITSAR,11Kv Ghee Mandi 2,Unplanned,Closed,2026-07-09T18:17:55Z,2026-07-09T18:32:00Z,14
1893536,North,JALANDHAR,CHOGITTI,Unplanned,Closed,2026-07-09T18:14:41Z,2026-07-09T18:52:18Z,37
1893548,East,Zirakpur,CITY COURT,Unplanned,Closed,2026-07-09T18:10:00Z,2026-07-09T19:10:00Z,60
1893546,East,Zirakpur,HARMILAP NAGAR,Unplanned,Closed,2026-07-09T18:10:00Z,2026-07-09T19:10:00Z,60
1893545,East,Zirakpur,DHAKOLI,Unplanned,Closed,2026-07-09T18:10:00Z,2026-07-09T19:10:00Z,60
1893544,East,Zirakpur,EKTA VIHAR,Unplanned,Closed,2026-07-09T18:10:00Z,2026-07-09T19:10:00Z,60
1893534,North,HOSHIARPUR,Chak Jhandu,Unplanned,Closed,2026-07-09T18:10:00Z,2026-07-09T19:46:00Z,96
1893532,North,KAPURTHALA,UPS KOHALA,Unplanned,Closed,2026-07-09T18:10:00Z,2026-07-09T18:30:00Z,20
1893533,West,MUKATSAR,Sito Road,Unplanned,Closed,2026-07-09T18:08:00Z,2026-07-09T19:35:00Z,87
1893529,Central,KHANNA,Chander Lok,Unplanned,Closed,2026-07-09T18:08:00Z,2026-07-09T19:03:00Z,55
1893535,North,NAWANSHAHR,Urban Pattren,Unplanned,Closed,2026-07-09T18:07:00Z,2026-07-09T18:30:00Z,23
1893539,Border,TARN TARAN,JAWANDY KHURD,Unplanned,Closed,2026-07-09T18:01:00Z,2026-07-09T19:05:00Z,64
1893531,Central,KHANNA,Kotla,Unplanned,Closed,2026-07-09T18:01:00Z,2026-07-09T19:30:00Z,89
1893530,Central,KHANNA,Royal,Unplanned,Closed,2026-07-09T18:01:00Z,2026-07-09T19:04:00Z,63
1893525,West,FEROZPUR,City Enclave,Unplanned,Closed,2026-07-09T18:00:00Z,2026-07-09T18:45:00Z,45
1893519,Central,SUB URBAN LUDHIANA,Umarpura,Planned,Closed,2026-07-09T18:00:00Z,2026-07-09T18:30:00Z,30
1893518,Central,SUB URBAN LUDHIANA,UPS,Planned,Closed,2026-07-09T18:00:00Z,2026-07-09T18:30:00Z,30
1893528,Border,SUB URBAN AMRITSAR,Focal Point-3,Unplanned,Closed,2026-07-09T17:55:00Z,2026-07-09T18:55:00Z,60
1893526,Central,KHANNA,FATEHGARH SAHIB,Unplanned,Closed,2026-07-09T17:55:00Z,2026-07-09T19:30:00Z,95
1893522,North,HOSHIARPUR,CHACK,Unplanned,Closed,2026-07-09T17:55:00Z,2026-07-09T19:40:00Z,105
1893537,East,MOHALI,11KV MANAV RACHNA,Unplanned,Closed,2026-07-09T17:52:35Z,2026-07-09T19:05:00Z,72
1893527,Border,SUB URBAN AMRITSAR,Amir Chand  Exports,Unplanned,Closed,2026-07-09T17:50:00Z,2026-07-09T18:30:00Z,40
1893524,West,FEROZPUR,BAGDADI GATE,Unplanned,Closed,2026-07-09T17:49:00Z,2026-07-09T19:05:00Z,76
1893523,West,FEROZPUR,11 KV Delhi Gate,Unplanned,Closed,2026-07-09T17:49:00Z,2026-07-09T19:50:00Z,121
1893517,East,ROPAR,11KV Belian UPS FEEDER,Unplanned,Closed,2026-07-09T17:49:00Z,2026-07-09T20:08:00Z,139
1893521,West,FARIDKOT,KOTKAPURA ROAD,Planned,Closed,2026-07-09T17:48:00Z,2026-07-09T18:08:06Z,20
1893516,Central,KHANNA,DANA MANDI,Unplanned,Closed,2026-07-09T17:41:00Z,2026-07-09T19:00:00Z,79
1893512,East,MOHALI,11 KV Feeder sec 66 B,Unplanned,Closed,2026-07-09T17:41:00Z,2026-07-09T19:30:00Z,109
1893515,East,ROPAR,Asmanpur,Unplanned,Closed,2026-07-09T17:40:00Z,2026-07-09T18:40:00Z,60
1893513,South,PATIALA,INDUSTRIAL,Unplanned,Closed,2026-07-09T17:37:00Z,2026-07-09T19:11:00Z,94
1893514,Border,CITY AMRITSAR,Mohan Rice Mills,Planned,Closed,2026-07-09T17:35:00Z,2026-07-09T17:58:42Z,23
1893510,North,NAWANSHAHR,PAILY,Unplanned,Closed,2026-07-09T17:35:00Z,2026-07-09T18:35:00Z,60
1893509,North,NAWANSHAHR,KAULGARH,Unplanned,Closed,2026-07-09T17:35:00Z,2026-07-09T17:55:00Z,20
1893504,East,ROPAR,TIBBA TAPPRIAN,Unplanned,Closed,2026-07-09T17:30:00Z,2026-07-09T18:40:00Z,70
1893503,North,HOSHIARPUR,11Kv Bebhalmanj UPS,Unplanned,Closed,2026-07-09T17:30:00Z,2026-07-09T18:10:00Z,40
1893499,East,ROPAR,11 KV Bharatgarh,Unplanned,Closed,2026-07-09T17:30:00Z,2026-07-09T17:56:00Z,26
1893506,North,NAWANSHAHR,PANDORI,Unplanned,Closed,2026-07-09T17:29:00Z,2026-07-09T18:49:00Z,80
1893501,West,FEROZPUR,Makhu Gate,Unplanned,Closed,2026-07-09T17:29:00Z,2026-07-09T18:33:00Z,64
1893500,West,FEROZPUR,DANA MANDI,Unplanned,Closed,2026-07-09T17:29:00Z,2026-07-09T18:33:00Z,64
1893520,West,FARIDKOT,Kothe Warring (Samgh),Planned,Closed,2026-07-09T17:28:00Z,2026-07-09T17:58:00Z,30
1893502,North,HOSHIARPUR,11Kv Mushabpur UPS,Unplanned,Closed,2026-07-09T17:28:00Z,2026-07-09T17:50:00Z,22
1893497,South,BARNALA,BANBHOURA,Unplanned,Closed,2026-07-09T17:25:00Z,2026-07-09T18:25:00Z,60
1893505,North,NAWANSHAHR,JHUNGI,Unplanned,Closed,2026-07-09T17:22:00Z,2026-07-09T17:37:00Z,15
1893496,North,JALANDHAR,INDUSTRY AREA,Unplanned,Closed,2026-07-09T17:20:00Z,2026-07-09T17:40:00Z,20
1893494,North,HOSHIARPUR,PENSRA,Unplanned,Closed,2026-07-09T17:20:00Z,2026-07-09T17:35:00Z,15
1893507,East,ROPAR,11 KV Chajjumajra,Unplanned,Closed,2026-07-09T17:15:00Z,2026-07-09T18:30:00Z,75
1893498,West,BATHINDA,THERMAL UPS,Unplanned,Closed,2026-07-09T17:15:00Z,2026-07-09T17:57:00Z,42
1893493,North,HOSHIARPUR,Handowal,Unplanned,Closed,2026-07-09T17:15:00Z,2026-07-09T17:25:00Z,10
1893495,East,ROPAR,MIAN PUR,Unplanned,Closed,2026-07-09T17:13:00Z,2026-07-09T17:25:00Z,12
1893491,East,Zirakpur,DERA BASSI INDUSTRIAL,Unplanned,Closed,2026-07-09T17:10:00Z,2026-07-09T17:55:00Z,45
1893488,East,ROPAR,11 KV Sarsa Nangal,Unplanned,Closed,2026-07-09T17:08:00Z,2026-07-09T18:05:00Z,57
1893492,North,HOSHIARPUR,SANDPUR,Unplanned,Closed,2026-07-09T17:05:00Z,2026-07-09T17:30:00Z,25
1893490,North,HOSHIARPUR,SATHWAN,Unplanned,Closed,2026-07-09T17:05:00Z,2026-07-09T17:30:00Z,25
1893489,North,HOSHIARPUR,TALWARA,Unplanned,Closed,2026-07-09T17:05:00Z,2026-07-09T17:30:00Z,25
1893486,East,MOHALI,RATWARA SAHIB,Unplanned,Closed,2026-07-09T17:05:00Z,2026-07-09T17:30:00Z,25
1893480,South,PATIALA,11KV DAKALA2(SEHAJENCLVE) C1,Unplanned,Closed,2026-07-09T17:05:00Z,2026-07-09T17:30:00Z,25
1893487,West,MUKATSAR,BAHAVAL BASI,Unplanned,Closed,2026-07-09T17:02:00Z,2026-07-09T17:23:00Z,21
1893481,North,HOSHIARPUR,WAZIRAN,Unplanned,Closed,2026-07-09T17:02:00Z,2026-07-09T17:42:00Z,40
1893479,North,HOSHIARPUR,HAJIPUR,Unplanned,Closed,2026-07-09T17:02:00Z,2026-07-09T17:40:00Z,38
1893478,North,HOSHIARPUR,SAWAR,Unplanned,Closed,2026-07-09T17:02:00Z,2026-07-09T17:42:00Z,40
1893477,North,HOSHIARPUR,khunda,Unplanned,Closed,2026-07-09T17:02:00Z,2026-07-09T17:42:00Z,40
1893476,North,HOSHIARPUR,KHIZARPUR,Unplanned,Closed,2026-07-09T17:02:00Z,2026-07-09T17:42:00Z,40
1893475,North,HOSHIARPUR,MHP2,Unplanned,Closed,2026-07-09T17:02:00Z,2026-07-09T17:42:00Z,40
1893483,East,ROPAR,11KV Madwara,Unplanned,Closed,2026-07-09T17:01:00Z,2026-07-09T19:00:00Z,119
1893484,West,BATHINDA,Gill Kalan,Unplanned,Closed,2026-07-09T17:00:00Z,2026-07-09T18:40:00Z,100
1893482,West,BATHINDA,AJIT ROAD,Unplanned,Closed,2026-07-09T17:00:00Z,2026-07-09T18:20:00Z,80
1893511,East,ROPAR,BINDRAKH,Unplanned,Closed,2026-07-09T16:57:00Z,2026-07-09T18:40:00Z,103
1893474,North,NAWANSHAHR,SIMBAL MAJARA,Unplanned,Closed,2026-07-09T16:57:00Z,2026-07-09T17:22:00Z,25
1893473,East,ROPAR,Rangeel Pur,Unplanned,Closed,2026-07-09T16:55:00Z,2026-07-09T18:28:00Z,93
1893472,East,ROPAR,Thana,Unplanned,Closed,2026-07-09T16:55:00Z,2026-07-09T17:40:00Z,45
1893471,North,NAWANSHAHR,DILAWARPUR,Unplanned,Closed,2026-07-09T16:55:00Z,2026-07-09T17:25:00Z,30
1893470,North,HOSHIARPUR,DATARPUR,Unplanned,Closed,2026-07-09T16:55:00Z,2026-07-09T17:50:00Z,55
1893469,North,HOSHIARPUR,KAMHI DEVI,Unplanned,Closed,2026-07-09T16:55:00Z,2026-07-09T17:30:00Z,35
1893468,East,MOHALI,Jandpur Water Works,Unplanned,Closed,2026-07-09T16:55:00Z,2026-07-09T19:38:00Z,163
1893459,North,HOSHIARPUR,FOCAL POINT,Unplanned,Closed,2026-07-09T16:55:00Z,2026-07-09T17:30:00Z,35
1893466,North,HOSHIARPUR,DEVIDASS,Unplanned,Closed,2026-07-09T16:50:00Z,2026-07-09T17:40:00Z,50
1893465,East,MOHALI,Nirankari feeder,Unplanned,Closed,2026-07-09T16:50:00Z,2026-07-09T18:11:00Z,81
1893464,North,HOSHIARPUR,BILASPUR,Unplanned,Closed,2026-07-09T16:50:00Z,2026-07-09T17:30:00Z,40
1893463,East,MOHALI,Sec 56,Unplanned,Closed,2026-07-09T16:50:00Z,2026-07-09T18:55:00Z,125
1893460,West,BATHINDA,SANGAT,Planned,Closed,2026-07-09T16:50:00Z,2026-07-09T19:33:00Z,163
1893458,East,ROPAR,11 KV Paharpur,Unplanned,Closed,2026-07-09T16:49:00Z,2026-07-09T17:40:00Z,51
1893508,East,ROPAR,Panjola,Unplanned,Closed,2026-07-09T16:48:00Z,2026-07-09T18:03:00Z,75
1893454,South,PATIALA,Nabha Gate,Unplanned,Closed,2026-07-09T16:45:47Z,2026-07-09T17:25:46Z,39
1893453,South,PATIALA,Yadwindra  Colony,Unplanned,Closed,2026-07-09T16:45:47Z,2026-07-09T17:25:31Z,39
1893467,East,MOHALI,11 KV Govt. Press,Unplanned,Closed,2026-07-09T16:45:00Z,2026-07-09T19:41:00Z,176
1893462,South,PATIALA,UPS MIRJAPUR,Unplanned,Closed,2026-07-09T16:45:00Z,2026-07-09T17:20:00Z,35
1893457,North,JALANDHAR,DANA MANDI RAIPUR,Unplanned,Closed,2026-07-09T16:45:00Z,2026-07-09T17:16:00Z,31
1893455,North,JALANDHAR,11KV SANGAT SINGH NAGAR,Unplanned,Closed,2026-07-09T16:45:00Z,2026-07-09T17:32:09Z,47
1893485,East,Zirakpur,PREET COLONY,Unplanned,Closed,2026-07-09T16:40:00Z,2026-07-09T17:15:00Z,35
1893461,East,MOHALI,SEC 64-A,Unplanned,Closed,2026-07-09T16:40:00Z,2026-07-09T20:00:00Z,200
1893456,North,NAWANSHAHR,GARCHA,Unplanned,Closed,2026-07-09T16:40:00Z,2026-07-09T17:45:00Z,65
1893451,Border,GURDASPUR,Mamoon,Unplanned,Closed,2026-07-09T16:40:00Z,2026-07-09T16:55:00Z,15
1893448,North,HOSHIARPUR,NANGAL BIHALAN,Unplanned,Closed,2026-07-09T16:40:00Z,2026-07-09T17:20:00Z,40
1893447,North,HOSHIARPUR,khudda,Unplanned,Closed,2026-07-09T16:40:00Z,2026-07-09T16:50:00Z,10
1893442,Border,CITY AMRITSAR,HUSSAINPURA,Unplanned,Closed,2026-07-09T16:40:00Z,2026-07-09T17:40:00Z,60
1893449,North,NAWANSHAHR,11 KV Begam Pur,Unplanned,Closed,2026-07-09T16:38:00Z,2026-07-09T17:05:00Z,27
1893452,North,NAWANSHAHR,TAJPUR,Unplanned,Closed,2026-07-09T16:35:00Z,2026-07-09T17:25:00Z,50
1893445,South,PATIALA,SAKOHAN,Unplanned,Closed,2026-07-09T16:35:00Z,2026-07-09T17:30:00Z,55
1893443,North,NAWANSHAHR,HEDONBET,Unplanned,Closed,2026-07-09T16:35:00Z,2026-07-09T17:15:00Z,40
1893440,North,NAWANSHAHR,PANYALI,Unplanned,Closed,2026-07-09T16:35:00Z,2026-07-09T17:15:00Z,40
1893444,Central,KHANNA,ITI feeder,Unplanned,Closed,2026-07-09T16:34:00Z,2026-07-09T17:32:00Z,58
1893439,West,BATHINDA,Factory Road,Planned,Closed,2026-07-09T16:34:00Z,2026-07-09T17:43:00Z,69
1893437,West,MUKATSAR,11 KV SIDHU NAGRI,Unplanned,Closed,2026-07-09T16:32:00Z,2026-07-09T17:54:00Z,82
1893434,East,Zirakpur,WATER WORKS HANDESRA,Unplanned,Closed,2026-07-09T16:32:00Z,2026-07-09T17:05:00Z,33
1893441,West,FEROZPUR,POLYTECHNIC COLLEGE,Unplanned,Closed,2026-07-09T16:31:00Z,2026-07-09T17:33:00Z,62
1893435,North,NAWANSHAHR,DAYALAN,Unplanned,Closed,2026-07-09T16:30:00Z,2026-07-09T17:20:00Z,50
1893432,South,SANGRUR,11 KV CITY-9,Unplanned,Closed,2026-07-09T16:30:00Z,2026-07-09T17:15:00Z,45
1893446,South,SANGRUR,JHALLOR,Unplanned,Closed,2026-07-09T16:28:00Z,2026-07-09T17:05:00Z,37
1893436,North,JALANDHAR,LINK FEEDER,Unplanned,Closed,2026-07-09T16:25:00Z,2026-07-09T16:50:00Z,25
1893433,South,PATIALA,JAIL ROAD,Unplanned,Closed,2026-07-09T16:25:00Z,2026-07-09T17:02:00Z,37
1893430,South,PATIALA,GHAMROUDA NO.2,Unplanned,Closed,2026-07-09T16:25:00Z,2026-07-09T17:30:00Z,65
1893429,South,PATIALA,11 KV SANGATPURA,Unplanned,Closed,2026-07-09T16:25:00Z,2026-07-09T17:35:00Z,70
1893426,West,FEROZPUR,Dhawan Colony,Unplanned,Closed,2026-07-09T16:24:00Z,2026-07-09T17:26:00Z,62
1893438,West,BATHINDA,Bhagiwander UPS,Unplanned,Closed,2026-07-09T16:22:00Z,2026-07-09T16:55:00Z,33
1893417,South,SANGRUR,Hamirgarh City,Unplanned,Closed,2026-07-09T16:21:19Z,2026-07-09T16:54:38Z,33
1893431,West,FARIDKOT,Prem Nagar,Planned,Closed,2026-07-09T16:20:00Z,2026-07-09T17:34:00Z,74
1893428,East,Zirakpur,GREEN VALLEY,Planned,Closed,2026-07-09T16:20:00Z,2026-07-09T16:44:00Z,24
1893427,East,Zirakpur,PRITHIM,Planned,Closed,2026-07-09T16:20:00Z,2026-07-09T16:44:00Z,24
1893424,East,Zirakpur,PUNJAB,Planned,Closed,2026-07-09T16:20:00Z,2026-07-09T16:44:00Z,24
1893422,East,Zirakpur,SIMRAN,Planned,Closed,2026-07-09T16:20:00Z,2026-07-09T16:44:00Z,24
1893419,West,FEROZPUR,11 NAMDEV CHAUNK URBAN,Unplanned,Closed,2026-07-09T16:20:00Z,2026-07-09T17:20:00Z,60
1893418,North,HOSHIARPUR,GREEN VIEW PARK,Unplanned,Closed,2026-07-09T16:20:00Z,2026-07-09T16:40:00Z,20
1893421,Central,KHANNA,PS,Unplanned,Closed,2026-07-09T16:18:00Z,2026-07-09T18:29:00Z,131
1893420,East,MOHALI,11KV 82 ALPHA,Unplanned,Closed,2026-07-09T16:14:00Z,2026-07-09T17:37:00Z,83
1893406,East,ROPAR,Bassi,Unplanned,Closed,2026-07-09T16:12:00Z,2026-07-09T16:42:00Z,30
1893415,South,PATIALA,VAZEEDPUR,Unplanned,Closed,2026-07-09T16:10:00Z,2026-07-09T17:20:00Z,70
1893411,East,MOHALI,11KV JAND PUR,Unplanned,Closed,2026-07-09T16:10:00Z,2026-07-09T16:52:00Z,42
1893398,North,JALANDHAR,11 KV GULAB DEVI,Unplanned,Closed,2026-07-09T16:09:51Z,2026-07-09T16:13:42Z,3
1893405,North,JALANDHAR,DEVI TALAB,Unplanned,Closed,2026-07-09T16:09:05Z,2026-07-09T16:40:36Z,31
1893408,North,HOSHIARPUR,MEGHOWAL,Unplanned,Closed,2026-07-09T16:08:00Z,2026-07-09T16:20:00Z,12
1893402,Central,CITY EAST LUDHIANA,CHAURA BAZAAR,Unplanned,Closed,2026-07-09T16:08:00Z,2026-07-09T17:02:00Z,54
1893416,South,PATIALA,U.P.S. SAMUNGARH-2,Unplanned,Closed,2026-07-09T16:05:00Z,2026-07-09T17:50:00Z,105
1893412,South,PATIALA,UPS SUKHEWAL,Unplanned,Closed,2026-07-09T16:05:00Z,2026-07-09T16:45:00Z,40
1893410,South,PATIALA,KAUL,Unplanned,Closed,2026-07-09T16:05:00Z,2026-07-09T17:16:00Z,71
1893403,South,SANGRUR,GHANOURI KALAN C1,Unplanned,Closed,2026-07-09T16:05:00Z,2026-07-09T17:05:00Z,60
1893399,North,KAPURTHALA,UPS Malri,Unplanned,Closed,2026-07-09T16:05:00Z,2026-07-09T16:40:00Z,35
1893397,North,NAWANSHAHR,KUNAIL .,Unplanned,Closed,2026-07-09T16:05:00Z,2026-07-09T16:25:00Z,20
1893389,North,KAPURTHALA,nawajipur,Unplanned,Closed,2026-07-09T16:03:00Z,2026-07-09T16:10:00Z,7
1893387,North,KAPURTHALA,UPS Kotli,Unplanned,Closed,2026-07-09T16:03:00Z,2026-07-09T16:12:00Z,9
1893400,South,BARNALA,Kattu CAT-I,Unplanned,Closed,2026-07-09T16:02:00Z,2026-07-09T17:50:00Z,108
1893390,East,ROPAR,11 KV Bharatgarh,Unplanned,Closed,2026-07-09T16:02:00Z,2026-07-09T16:13:00Z,11
1893425,South,PATIALA,UPS DANDRALA,Unplanned,Closed,2026-07-09T16:01:00Z,2026-07-09T17:55:00Z,114
1893404,East,ROPAR,11KV Dugri,Unplanned,Closed,2026-07-09T16:01:00Z,2026-07-09T16:50:00Z,49
1893391,East,ROPAR,HIYATPUR,Unplanned,Closed,2026-07-09T16:01:00Z,2026-07-09T16:51:00Z,50
1893409,North,JALANDHAR,NIHAL GARGH,Unplanned,Closed,2026-07-09T16:00:00Z,2026-07-09T17:15:00Z,75
1893407,North,JALANDHAR,INDUSTRY AREA,Unplanned,Closed,2026-07-09T16:00:00Z,2026-07-09T16:50:00Z,50
1893395,West,FARIDKOT,Ram ganz,Planned,Closed,2026-07-09T16:00:00Z,2026-07-09T17:16:26Z,76
1893394,West,FARIDKOT,BUDH RAM URBAN,Planned,Closed,2026-07-09T16:00:00Z,2026-07-09T17:16:56Z,76
1893393,West,FARIDKOT,PREM NAGAR,Unplanned,Closed,2026-07-09T16:00:00Z,2026-07-09T17:17:43Z,77
1893388,West,FEROZPUR,MADHRE,Planned,Closed,2026-07-09T16:00:00Z,2026-07-09T16:50:00Z,50
1893413,South,PATIALA,UPS BHOJOMAJRI,Unplanned,Closed,2026-07-09T15:58:00Z,2026-07-09T17:20:00Z,82
1893401,East,MOHALI,SEC-70,Unplanned,Closed,2026-07-09T15:58:00Z,2026-07-09T17:23:00Z,85
1893385,Central,KHANNA,Focal Point 2,Unplanned,Closed,2026-07-09T15:56:00Z,2026-07-09T17:06:00Z,70
1893386,North,HOSHIARPUR,CHACK,Unplanned,Closed,2026-07-09T15:55:00Z,2026-07-09T17:50:00Z,115
1893392,South,BARNALA,KALAL MAJRA UPS,Unplanned,Closed,2026-07-09T15:50:00Z,2026-07-09T16:35:00Z,45
1893383,East,ROPAR,11 KV Plazzo ELite,Unplanned,Closed,2026-07-09T15:47:00Z,2026-07-09T16:35:00Z,48
1893381,East,MOHALI,11KV E&G Block,Unplanned,Closed,2026-07-09T15:42:00Z,2026-07-09T16:19:01Z,37
1893396,West,BATHINDA,ALLIKE,Unplanned,Closed,2026-07-09T15:40:00Z,2026-07-09T16:47:50Z,67
1893382,East,ROPAR,kohara urban,Unplanned,Closed,2026-07-09T15:40:00Z,2026-07-09T16:30:00Z,50
1893380,North,HOSHIARPUR,URMAR,Unplanned,Closed,2026-07-09T15:40:00Z,2026-07-09T15:50:00Z,10
1893379,South,SANGRUR,Gaushala Road,Unplanned,Closed,2026-07-09T15:40:00Z,2026-07-09T16:30:00Z,50
1893368,South,SANGRUR,MANDVI RURAL,Unplanned,Closed,2026-07-09T15:39:42Z,2026-07-09T17:18:57Z,99
1893378,Central,KHANNA,Royal,Unplanned,Closed,2026-07-09T15:37:00Z,2026-07-09T17:00:00Z,83
1893376,Central,KHANNA,Kotla,Unplanned,Closed,2026-07-09T15:37:00Z,2026-07-09T17:00:00Z,83
1893369,South,BARNALA,BANBHOURA CAT.1,Unplanned,Closed,2026-07-09T15:35:00Z,2026-07-09T16:00:00Z,25
1893366,East,Zirakpur,HARMILAP NAGAR,Unplanned,Closed,2026-07-09T15:35:00Z,2026-07-09T16:01:00Z,26
1893375,East,MOHALI,Sec-70 B,Unplanned,Closed,2026-07-09T15:33:00Z,2026-07-09T16:13:00Z,40
1893374,East,MOHALI,11KV 66B,Unplanned,Closed,2026-07-09T15:33:00Z,2026-07-09T16:46:42Z,73
1893367,East,ROPAR,MUKARI,Unplanned,Closed,2026-07-09T15:33:00Z,2026-07-09T16:15:00Z,42
1893384,South,BARNALA,UPS KUPKALAN,Unplanned,Closed,2026-07-09T15:30:00Z,2026-07-09T16:45:00Z,75
1893377,South,BARNALA,Manvi UPS,Unplanned,Closed,2026-07-09T15:30:00Z,2026-07-09T16:55:00Z,85
1893373,South,PATIALA,BINAHERI,Unplanned,Closed,2026-07-09T15:30:00Z,2026-07-09T16:20:00Z,50
1893357,Central,SUB URBAN LUDHIANA,NATHUMAJRA,Unplanned,Closed,2026-07-09T15:30:00Z,2026-07-09T16:10:00Z,40
1893371,Central,KHANNA,Mahpur,Unplanned,Closed,2026-07-09T15:29:00Z,2026-07-09T16:14:00Z,45
1893362,East,ROPAR,Palmajra,Unplanned,Closed,2026-07-09T15:29:00Z,2026-07-09T15:44:00Z,15
1893370,South,BARNALA,NABHA ROAD INDUSTRY,Unplanned,Closed,2026-07-09T15:28:00Z,2026-07-09T19:05:00Z,217
1893372,North,NAWANSHAHR,UPS No. 2,Unplanned,Closed,2026-07-09T15:25:00Z,2026-07-09T15:50:00Z,25
1893361,East,ROPAR,11 KV Jandiali,Unplanned,Closed,2026-07-09T15:25:00Z,2026-07-09T16:10:00Z,45
1893355,East,ROPAR,Bassi,Unplanned,Closed,2026-07-09T15:25:00Z,2026-07-09T15:35:00Z,10
1893354,North,JALANDHAR,11KV SALEMPUR,Unplanned,Closed,2026-07-09T15:25:00Z,2026-07-09T15:44:25Z,19
1893351,South,PATIALA,Officer Colony,Unplanned,Closed,2026-07-09T15:21:45Z,2026-07-09T16:05:00Z,43
1893352,West,FEROZPUR,RINGMAIN B,Planned,Closed,2026-07-09T15:21:00Z,2026-07-09T17:02:00Z,101
1893365,Border,GURDASPUR,College,Unplanned,Closed,2026-07-09T15:20:00Z,2026-07-09T15:45:00Z,25
1893364,Border,GURDASPUR,DHINDSA,Unplanned,Closed,2026-07-09T15:20:00Z,2026-07-09T15:45:00Z,25
1893363,East,ROPAR,11 KV Ghungrali Sikhan,Unplanned,Closed,2026-07-09T15:20:00Z,2026-07-09T16:05:00Z,45
1893350,North,HOSHIARPUR,UNCHIBASSI,Unplanned,Closed,2026-07-09T15:19:00Z,2026-07-09T16:08:00Z,49
1893353,West,FEROZPUR,Gobar Mandi,Unplanned,Closed,2026-07-09T15:18:00Z,2026-07-09T16:21:00Z,63
1893356,South,PATIALA,UPS PAWALA,Unplanned,Closed,2026-07-09T15:15:00Z,2026-07-09T15:35:00Z,20
1893344,Central,KHANNA,CHANNI,Unplanned,Closed,2026-07-09T15:14:00Z,2026-07-09T18:50:00Z,216
1893343,North,NAWANSHAHR,CITY GARHSHANKAR,Unplanned,Closed,2026-07-09T15:12:00Z,2026-07-09T15:25:00Z,13
1893360,North,JALANDHAR,11KVMARKFEED FEEDER,Unplanned,Closed,2026-07-09T15:10:00Z,2026-07-09T16:15:00Z,65
1893359,North,JALANDHAR,Pandori,Unplanned,Closed,2026-07-09T15:10:00Z,2026-07-09T16:50:00Z,100
1893358,North,JALANDHAR,11KV UDESIAN,Unplanned,Closed,2026-07-09T15:10:00Z,2026-07-09T16:05:00Z,55
1893348,North,JALANDHAR,FATEHGARH,Unplanned,Closed,2026-07-09T15:10:00Z,2026-07-09T15:20:00Z,10
1893345,Border,GURDASPUR,Kiari,Unplanned,Closed,2026-07-09T15:10:00Z,2026-07-09T16:20:00Z,70
1893341,South,SANGRUR,UPS GULARI,Unplanned,Closed,2026-07-09T15:05:00Z,2026-07-09T16:30:00Z,85
1893339,East,ROPAR,SRAIN,Unplanned,Closed,2026-07-09T15:05:00Z,2026-07-09T15:28:00Z,23
1893338,Central,KHANNA,Jai Bhart,Unplanned,Closed,2026-07-09T15:05:00Z,2026-07-09T15:45:00Z,40
1893333,Central,KHANNA,Bija Urban,Unplanned,Closed,2026-07-09T15:05:00Z,2026-07-09T15:34:00Z,29
1893346,North,JALANDHAR,URBAN RURAL,Unplanned,Closed,2026-07-09T15:00:00Z,2026-07-09T15:40:00Z,40
1893340,West,FEROZPUR,City Enclave,Unplanned,Closed,2026-07-09T15:00:00Z,2026-07-09T16:00:00Z,60
1893335,West,FEROZPUR,SODHE WALA,Unplanned,Closed,2026-07-09T15:00:00Z,2026-07-09T16:00:00Z,60
1893330,East,MOHALI,Nirankari feeder,Unplanned,Closed,2026-07-09T15:00:00Z,2026-07-09T16:45:00Z,105
1893319,East,Zirakpur,INDUSTRIAL LALRU,Unplanned,Closed,2026-07-09T15:00:00Z,2026-07-09T15:40:00Z,40
1893337,Central,SUB URBAN LUDHIANA,NAGLAN,Unplanned,Closed,2026-07-09T14:58:00Z,2026-07-09T15:55:00Z,57
1893349,West,FARIDKOT,GUMTI KHURD UPS,Planned,Closed,2026-07-09T14:56:00Z,2026-07-09T15:36:00Z,40
1893347,West,FARIDKOT,RAM LEELA GROUND,Planned,Closed,2026-07-09T14:56:00Z,2026-07-09T15:36:00Z,40
1893336,South,PATIALA,UPS DHADOGAL,Unplanned,Closed,2026-07-09T14:55:00Z,2026-07-09T16:45:00Z,110
1893334,East,MOHALI,11KV GMI,Unplanned,Closed,2026-07-09T14:55:00Z,2026-07-09T15:10:00Z,15
1893323,North,NAWANSHAHR,Langria UPS,Unplanned,Closed,2026-07-09T14:55:00Z,2026-07-09T16:50:00Z,115
1893310,Border,GURDASPUR,Kahnuwan Road,Planned,Closed,2026-07-09T14:55:00Z,2026-07-09T16:09:00Z,74
1893316,South,PATIALA,UPS DANDRALA,Unplanned,Closed,2026-07-09T14:51:00Z,2026-07-09T15:35:00Z,44
1893314,South,PATIALA,UPS UPPLAN,Unplanned,Closed,2026-07-09T14:51:00Z,2026-07-09T14:58:00Z,7
1893450,South,PATIALA,UPS NABHA NO.1,Unplanned,Closed,2026-07-09T14:50:00Z,2026-07-09T16:40:00Z,110
1893342,West,BATHINDA,PEERKHANA,Planned,Closed,2026-07-09T14:50:00Z,2026-07-09T15:14:00Z,24
1893331,South,PATIALA,ups Ambala Road,Unplanned,Closed,2026-07-09T14:50:00Z,2026-07-09T16:50:00Z,120
1893326,South,SANGRUR,UPS Sailwala,Unplanned,Closed,2026-07-09T14:50:00Z,2026-07-09T16:15:00Z,85
1893325,West,BATHINDA,100 FEET ROAD,Planned,Closed,2026-07-09T14:50:00Z,2026-07-09T15:50:00Z,60
1893317,North,JALANDHAR,Railway Road,Unplanned,Closed,2026-07-09T14:50:00Z,2026-07-09T16:08:00Z,78
1893307,East,ROPAR,11 KV Kakrala,Unplanned,Closed,2026-07-09T14:47:00Z,2026-07-09T15:45:00Z,58
1893332,South,PATIALA,UPS 2,Unplanned,Closed,2026-07-09T14:45:00Z,2026-07-09T16:15:00Z,90
1893329,Border,SUB URBAN AMRITSAR,11kv Gopal Mandir,Planned,Closed,2026-07-09T14:45:00Z,2026-07-09T16:55:00Z,130
1893328,Border,SUB URBAN AMRITSAR,88 feet road,Planned,Closed,2026-07-09T14:45:00Z,2026-07-09T16:55:00Z,130
1893327,Border,SUB URBAN AMRITSAR,GHALA MALA CHOWNK,Planned,Closed,2026-07-09T14:45:00Z,2026-07-09T16:55:00Z,130
1893322,Central,SUB URBAN LUDHIANA,SAHARAN MAJRA UPS,Unplanned,Closed,2026-07-09T14:40:00Z,2026-07-09T15:40:00Z,60
1893321,Central,SUB URBAN LUDHIANA,Bhikhi UPS,Unplanned,Closed,2026-07-09T14:40:00Z,2026-07-09T15:40:00Z,60
1893320,Central,SUB URBAN LUDHIANA,city-2,Unplanned,Closed,2026-07-09T14:40:00Z,2026-07-09T15:40:00Z,60
1893318,Central,SUB URBAN LUDHIANA,City-1,Unplanned,Closed,2026-07-09T14:40:00Z,2026-07-09T15:40:00Z,60
1893315,North,JALANDHAR,UNIK,Unplanned,Closed,2026-07-09T14:40:00Z,2026-07-09T15:25:00Z,45
1893313,North,JALANDHAR,Hargobind Nagar,Unplanned,Closed,2026-07-09T14:40:00Z,2026-07-09T15:25:00Z,45
1893312,North,JALANDHAR,GAUSHALLA,Unplanned,Closed,2026-07-09T14:40:00Z,2026-07-09T15:25:00Z,45
1893311,North,JALANDHAR,KALI MATA MANDIR,Unplanned,Closed,2026-07-09T14:40:00Z,2026-07-09T15:25:00Z,45
1893309,North,JALANDHAR,Khalsa Road,Unplanned,Closed,2026-07-09T14:40:00Z,2026-07-09T15:25:00Z,45
1893308,North,JALANDHAR,TRIBUNE,Unplanned,Closed,2026-07-09T14:40:00Z,2026-07-09T15:55:00Z,75
1893304,South,PATIALA,UPS Rohti Basta,Unplanned,Closed,2026-07-09T14:36:00Z,2026-07-09T18:15:00Z,219
1893288,Border,CITY AMRITSAR,City Feeder,Unplanned,Closed,2026-07-09T14:35:45Z,2026-07-09T15:40:02Z,64
1893292,South,SANGRUR,11 KV Turri,Unplanned,Closed,2026-07-09T14:34:57Z,2026-07-09T16:42:17Z,127
1893291,South,SANGRUR,Bakhopir II,Unplanned,Closed,2026-07-09T14:34:01Z,2026-07-09T14:59:49Z,25
1893282,East,ROPAR,11 KV Sarsa Nangal,Unplanned,Closed,2026-07-09T14:33:00Z,2026-07-09T15:46:00Z,73
1893296,East,Zirakpur,SUKHNA,Unplanned,Closed,2026-07-09T14:32:00Z,2026-07-09T16:20:00Z,108
1893300,North,JALANDHAR,LINK FEEDER,Unplanned,Closed,2026-07-09T14:30:00Z,2026-07-09T14:45:00Z,15
1893299,North,JALANDHAR,11 KV LAW GATE FEEDER,Unplanned,Closed,2026-07-09T14:30:00Z,2026-07-09T14:46:00Z,16
1893298,North,JALANDHAR,VIEW ESTATE,Unplanned,Closed,2026-07-09T14:30:00Z,2026-07-09T14:42:00Z,12
1893297,South,SANGRUR,UPS DORALI,Unplanned,Closed,2026-07-09T14:30:00Z,2026-07-09T15:55:00Z,85
1893295,North,JALANDHAR,DANA MANDI RAIPUR,Unplanned,Closed,2026-07-09T14:30:00Z,2026-07-09T14:45:00Z,15
1893294,North,JALANDHAR,PEER PRANIA FEEDER,Unplanned,Closed,2026-07-09T14:30:00Z,2026-07-09T14:45:00Z,15
1893293,North,JALANDHAR,RURAL URBAN  (NAWAN PIND),Unplanned,Closed,2026-07-09T14:30:00Z,2026-07-09T14:44:00Z,14
1893289,South,SANGRUR,Hamirgarh City,Unplanned,Closed,2026-07-09T14:30:00Z,2026-07-09T14:55:00Z,25
1893277,North,NAWANSHAHR,PARAGPUR,Unplanned,Closed,2026-07-09T14:30:00Z,2026-07-09T16:25:00Z,115
1893274,North,NAWANSHAHR,DIBHALI,Unplanned,Closed,2026-07-09T14:30:00Z,2026-07-09T16:25:00Z,115
1893301,South,SANGRUR,BUGRAN UPS,Unplanned,Closed,2026-07-09T14:28:00Z,2026-07-09T15:28:00Z,60
1893270,East,MOHALI,Mullanpur,Unplanned,Closed,2026-07-09T14:28:00Z,2026-07-09T14:46:00Z,18
1893302,West,BATHINDA,THERMAL UPS,Unplanned,Closed,2026-07-09T14:27:00Z,2026-07-09T15:30:00Z,63
1893269,Border,GURDASPUR,Islampur No. 1,Unplanned,Closed,2026-07-09T14:27:00Z,2026-07-09T15:24:00Z,57
1893306,West,FEROZPUR,UPS FEEDER,Planned,Closed,2026-07-09T14:26:00Z,2026-07-09T15:26:00Z,60
1893266,West,FEROZPUR,ARSONAL,Planned,Closed,2026-07-09T14:26:00Z,2026-07-09T15:26:00Z,60
1893275,East,Zirakpur,BEGAMPURA,Unplanned,Closed,2026-07-09T14:25:00Z,2026-07-09T14:45:00Z,20
1893272,East,Zirakpur,ALLWIN,Unplanned,Closed,2026-07-09T14:25:00Z,2026-07-09T14:45:00Z,20
1893324,South,SANGRUR,UPS PATRAN,Unplanned,Closed,2026-07-09T14:20:00Z,2026-07-09T17:35:00Z,195
1893303,North,HOSHIARPUR,Chabbewal,Unplanned,Closed,2026-07-09T14:20:00Z,2026-07-09T14:45:00Z,25
1893278,West,FEROZPUR,Police Line,Planned,Closed,2026-07-09T14:20:00Z,2026-07-09T15:56:00Z,96
1893265,West,FEROZPUR,DANA MANDI,Unplanned,Closed,2026-07-09T14:20:00Z,2026-07-09T15:02:00Z,42
1893276,West,FEROZPUR,HABIB WALA,Planned,Closed,2026-07-09T14:19:00Z,2026-07-09T15:55:00Z,96
1893273,West,FEROZPUR,Amritsari Gate,Planned,Closed,2026-07-09T14:19:00Z,2026-07-09T15:56:00Z,97
1893268,East,ROPAR,MUKARI,Unplanned,Closed,2026-07-09T14:18:00Z,2026-07-09T14:48:00Z,30
1893290,North,JALANDHAR,BABA GADHIYA,Unplanned,Closed,2026-07-09T14:15:00Z,2026-07-09T14:45:00Z,30
1893287,North,JALANDHAR,ASHOK VIHAR,Unplanned,Closed,2026-07-09T14:15:00Z,2026-07-09T14:46:00Z,31
1893286,North,JALANDHAR,Convent School,Unplanned,Closed,2026-07-09T14:15:00Z,2026-07-09T14:45:00Z,30
1893285,North,JALANDHAR,LINK FEEDER,Unplanned,Closed,2026-07-09T14:15:00Z,2026-07-09T14:45:00Z,30
1893284,North,JALANDHAR,FATEHGARH,Unplanned,Closed,2026-07-09T14:15:00Z,2026-07-09T14:45:00Z,30
1893283,North,JALANDHAR,Urban Rural no 2,Unplanned,Closed,2026-07-09T14:15:00Z,2026-07-09T14:45:00Z,30
1893281,North,JALANDHAR,URBAN RURAL,Unplanned,Closed,2026-07-09T14:15:00Z,2026-07-09T14:45:00Z,30
1893280,North,JALANDHAR,KLARWARA GATE,Unplanned,Closed,2026-07-09T14:15:00Z,2026-07-09T14:45:00Z,30
1893279,North,JALANDHAR,HSP ROAD,Unplanned,Closed,2026-07-09T14:15:00Z,2026-07-09T14:44:00Z,29
1893267,East,ROPAR,Jhangrian,Unplanned,Closed,2026-07-09T14:15:00Z,2026-07-09T14:45:00Z,30
1893264,East,ROPAR,SRAIN,Unplanned,Closed,2026-07-09T14:15:00Z,2026-07-09T14:55:00Z,40
1893255,West,FARIDKOT,BATHINDA ROAD,Planned,Closed,2026-07-09T14:15:00Z,2026-07-09T16:49:00Z,154
1893260,East,MOHALI,11 KV Gura,Unplanned,Closed,2026-07-09T14:13:00Z,2026-07-09T15:26:00Z,73
1893263,North,NAWANSHAHR,KAULGARH,Unplanned,Closed,2026-07-09T14:12:00Z,2026-07-09T16:10:00Z,118
1893262,South,BARNALA,BANBHOURA,Unplanned,Closed,2026-07-09T14:10:00Z,2026-07-09T16:12:00Z,122
1893261,Border,GURDASPUR,Basrawan,Unplanned,Closed,2026-07-09T14:10:00Z,2026-07-09T14:45:00Z,35
1893256,East,Zirakpur,Jastna Kandi Pure AP,Unplanned,Closed,2026-07-09T14:10:00Z,2026-07-09T14:45:00Z,35
1893257,East,ROPAR,11KV Alampur,Unplanned,Closed,2026-07-09T14:08:00Z,2026-07-09T14:28:00Z,20
1893259,North,NAWANSHAHR,GARCHA,Unplanned,Closed,2026-07-09T14:05:00Z,2026-07-09T14:25:00Z,20
1893258,North,NAWANSHAHR,MALPUR,Unplanned,Closed,2026-07-09T14:05:00Z,2026-07-09T14:25:00Z,20
1893254,Central,CITY EAST LUDHIANA,DIVISION-3,Unplanned,Closed,2026-07-09T14:05:00Z,2026-07-09T14:21:00Z,16
1893247,Border,GURDASPUR,Kahnuwan Road,Planned,Closed,2026-07-09T14:05:00Z,2026-07-09T14:51:00Z,46
1893246,Border,GURDASPUR,Simbal,Planned,Closed,2026-07-09T14:05:00Z,2026-07-09T14:51:00Z,46
1893253,West,FEROZPUR,Bahadur Wala,Unplanned,Closed,2026-07-09T14:00:00Z,2026-07-09T15:08:00Z,68
1893252,East,ROPAR,11 KV Diwala,Unplanned,Closed,2026-07-09T14:00:00Z,2026-07-09T15:00:00Z,60
1893251,West,FEROZPUR,HAKE WALA,Unplanned,Closed,2026-07-09T14:00:00Z,2026-07-09T15:08:00Z,68
1893249,West,FEROZPUR,Makhu Gate,Unplanned,Closed,2026-07-09T14:00:00Z,2026-07-09T15:08:00Z,68
1893248,East,ROPAR,11 KV Chakli Aadal,Unplanned,Closed,2026-07-09T14:00:00Z,2026-07-09T15:00:00Z,60
1893245,East,ROPAR,11KV Belian UPS FEEDER,Unplanned,Closed,2026-07-09T13:59:00Z,2026-07-09T14:20:00Z,21
1893243,North,NAWANSHAHR,RATTEWAL,Unplanned,Closed,2026-07-09T13:50:00Z,2026-07-09T15:50:00Z,120
1893242,Central,KHANNA,Kotla bhari,Unplanned,Closed,2026-07-09T13:50:00Z,2026-07-09T15:16:00Z,86
1893241,Central,KHANNA,Focal Point 2,Unplanned,Closed,2026-07-09T13:50:00Z,2026-07-09T15:54:00Z,124
1893239,Central,KHANNA,Ratanheri,Unplanned,Closed,2026-07-09T13:50:00Z,2026-07-09T15:36:00Z,106
1893231,South,SANGRUR,Hassanpur,Planned,Closed,2026-07-09T13:50:00Z,2026-07-09T18:45:00Z,295
1893230,South,SANGRUR,LADDA (DHURI),Planned,Closed,2026-07-09T13:50:00Z,2026-07-09T18:45:00Z,295
1893240,North,NAWANSHAHR,PANYALI,Unplanned,Closed,2026-07-09T13:45:00Z,2026-07-09T14:45:00Z,60
1893237,North,JALANDHAR,CANAL,Unplanned,Closed,2026-07-09T13:45:00Z,2026-07-09T14:56:00Z,71
1893229,Border,GURDASPUR,HABIBPUR,Unplanned,Closed,2026-07-09T13:45:00Z,2026-07-09T14:55:00Z,70
1893228,North,JALANDHAR,Mahajan feeder,Unplanned,Closed,2026-07-09T13:45:00Z,2026-07-09T14:00:00Z,15
1893244,East,ROPAR,11 KV Sarsa Nangal,Unplanned,Closed,2026-07-09T13:44:00Z,2026-07-09T14:20:00Z,36
1893233,South,SANGRUR,Kammomajra,Unplanned,Closed,2026-07-09T13:42:00Z,2026-07-09T15:15:00Z,93
1893236,South,SANGRUR,CITY-5,Unplanned,Closed,2026-07-09T13:40:00Z,2026-07-09T16:10:00Z,150
1893235,Border,CITY AMRITSAR,11kV Garden Enclave,Unplanned,Closed,2026-07-09T13:40:00Z,2026-07-09T14:02:00Z,22
1893234,North,NAWANSHAHR,HEDONBET,Unplanned,Closed,2026-07-09T13:40:00Z,2026-07-09T14:55:00Z,75
1893225,South,SANGRUR,Industrial (Benra),Unplanned,Closed,2026-07-09T13:40:00Z,2026-07-09T13:55:00Z,15
1893227,North,NAWANSHAHR,Urban Pattren,Unplanned,Closed,2026-07-09T13:37:00Z,2026-07-09T13:45:00Z,8
1893226,East,Zirakpur,BALTANA,Unplanned,Closed,2026-07-09T13:37:00Z,2026-07-09T14:05:00Z,28
1893238,North,KAPURTHALA,11 KV urban Girl School,Unplanned,Closed,2026-07-09T13:36:00Z,2026-07-09T14:20:00Z,44
1893250,South,SANGRUR,R.G. Developers,Unplanned,Closed,2026-07-09T13:32:00Z,2026-07-09T15:05:00Z,93
1893224,East,ROPAR,NALHOTI,Unplanned,Closed,2026-07-09T13:25:00Z,2026-07-09T13:55:00Z,30
1893221,North,HOSHIARPUR,SATHWAN,Unplanned,Closed,2026-07-09T13:25:00Z,2026-07-09T13:55:00Z,30
1893214,West,FARIDKOT,11KV Circular Road,Unplanned,Closed,2026-07-09T13:24:25Z,2026-07-09T14:24:52Z,60
1893215,South,PATIALA,TEHSIL ROAD,Unplanned,Closed,2026-07-09T13:24:00Z,2026-07-09T13:57:00Z,33
1893219,North,NAWANSHAHR,City,Unplanned,Closed,2026-07-09T13:22:00Z,2026-07-09T13:33:00Z,11
1893218,North,JALANDHAR,DRP,Unplanned,Closed,2026-07-09T13:20:00Z,2026-07-09T15:20:00Z,120
1893217,North,HOSHIARPUR,PADDI SURA SINGH,Unplanned,Closed,2026-07-09T13:20:00Z,2026-07-09T13:58:00Z,38
1893232,East,ROPAR,Mianpur,Unplanned,Closed,2026-07-09T13:18:00Z,2026-07-09T13:55:00Z,37
1893223,Central,KHANNA,PS,Unplanned,Closed,2026-07-09T13:15:00Z,2026-07-09T14:44:00Z,89
1893216,South,SANGRUR,BIJALPUR UPS,Unplanned,Closed,2026-07-09T13:10:00Z,2026-07-09T16:10:00Z,180
1893211,South,SANGRUR,UPS BHAMANMAJARA,Unplanned,Closed,2026-07-09T13:10:00Z,2026-07-09T16:00:00Z,170
1893204,North,NAWANSHAHR,TEHSIL COMPLEX GSR,Unplanned,Closed,2026-07-09T13:10:00Z,2026-07-09T13:30:00Z,20
1893208,South,SANGRUR,KHANOURI  PEER,Unplanned,Closed,2026-07-09T13:07:00Z,2026-07-09T13:50:00Z,43
1893213,South,SANGRUR,SOHIAN,Unplanned,Closed,2026-07-09T13:05:00Z,2026-07-09T13:55:00Z,50
1893209,North,NAWANSHAHR,BAZIDPUR,Unplanned,Closed,2026-07-09T13:05:00Z,2026-07-09T14:00:00Z,55
1893205,South,SANGRUR,UPS THRWA,Unplanned,Closed,2026-07-09T13:05:00Z,2026-07-09T17:25:00Z,260
1893202,North,HOSHIARPUR,PENSRA,Unplanned,Closed,2026-07-09T13:05:00Z,2026-07-09T13:35:00Z,30
1893220,North,NAWANSHAHR,11KV24HRS NO-4,Unplanned,Closed,2026-07-09T13:02:00Z,2026-07-09T14:01:00Z,59
1893201,East,MOHALI,NAYA GAON,Unplanned,Closed,2026-07-09T13:02:00Z,2026-07-09T13:30:00Z,28
1893203,South,SANGRUR,Kaimpur UPS (GRID DIRBA),Unplanned,Closed,2026-07-09T13:01:00Z,2026-07-09T16:25:00Z,204
1893207,West,FEROZPUR,POLYTECHNIC COLLEGE,Unplanned,Closed,2026-07-09T13:00:00Z,2026-07-09T14:00:00Z,60
1893206,West,FEROZPUR,Gobar Mandi,Unplanned,Closed,2026-07-09T13:00:00Z,2026-07-09T14:00:00Z,60
1893197,Central,KHANNA,Focal Point 1,Unplanned,Closed,2026-07-09T12:57:00Z,2026-07-09T13:00:00Z,3
1893222,East,ROPAR,Dhakoran,Unplanned,Closed,2026-07-09T12:55:00Z,2026-07-09T14:00:00Z,65
1893199,East,MOHALI,70-A,Unplanned,Closed,2026-07-09T12:55:00Z,2026-07-09T13:56:00Z,61
1893305,East,ROPAR,CITY,Unplanned,Closed,2026-07-09T12:50:00Z,2026-07-09T15:48:00Z,178
1893198,North,NAWANSHAHR,CITY GARHSHANKAR,Unplanned,Closed,2026-07-09T12:50:00Z,2026-07-09T13:17:00Z,27
1893194,South,SANGRUR,UPS SIHAL,Unplanned,Closed,2026-07-09T12:50:00Z,2026-07-09T14:40:00Z,110
1893187,Central,KHANNA,MALKO MAJRA,Planned,Closed,2026-07-09T12:47:31Z,2026-07-09T16:23:41Z,216
1893195,East,MOHALI,11KV 82 ALPHA,Unplanned,Closed,2026-07-09T12:46:00Z,2026-07-09T13:05:32Z,19
1893196,West,FEROZPUR,MADHRE,Planned,Closed,2026-07-09T12:45:00Z,2026-07-09T14:30:00Z,105
1893188,West,FEROZPUR,ZILA PARISHAD,Unplanned,Closed,2026-07-09T12:45:00Z,2026-07-09T13:22:00Z,37
1893185,South,SANGRUR,BABA MITHU SHAH,Unplanned,Closed,2026-07-09T12:44:04Z,2026-07-09T13:08:16Z,24
1893186,Central,CITY EAST LUDHIANA,GRD Nagar,Unplanned,Closed,2026-07-09T12:43:58Z,2026-07-09T15:03:18Z,139
1893189,East,Zirakpur,SACHKHAND SAHIB,Unplanned,Closed,2026-07-09T12:43:00Z,2026-07-09T13:28:00Z,45
1893212,East,ROPAR,11 KV SIDHUPUR,Unplanned,Closed,2026-07-09T12:40:00Z,2026-07-09T14:10:00Z,90
1893190,South,SANGRUR,UPS-1,Unplanned,Closed,2026-07-09T12:40:00Z,2026-07-09T13:58:00Z,78
1893210,West,BATHINDA,11 KV NEW RING ROAD FEEDER,Planned,Closed,2026-07-09T12:30:00Z,2026-07-09T13:16:35Z,46
1893193,North,NAWANSHAHR,UPS No. 1,Unplanned,Closed,2026-07-09T12:30:00Z,2026-07-09T13:41:52Z,71
1893192,North,NAWANSHAHR,UPS No. 2,Unplanned,Closed,2026-07-09T12:30:00Z,2026-07-09T13:10:00Z,40
1893183,North,HOSHIARPUR,Ahiapur,Unplanned,Closed,2026-07-09T12:30:00Z,2026-07-09T12:55:00Z,25
1893200,West,FARIDKOT,11 KV RODE CAT-01,Planned,Closed,2026-07-09T12:25:00Z,2026-07-09T13:55:00Z,90
1893182,South,SANGRUR,SUB STATION GURBAXPURA,Unplanned,Closed,2026-07-09T12:24:50Z,2026-07-09T13:05:50Z,41
1893181,South,SANGRUR,Badesha,Unplanned,Closed,2026-07-09T12:24:50Z,2026-07-09T13:05:50Z,41
1893180,South,SANGRUR,Gurbaxpura,Unplanned,Closed,2026-07-09T12:24:50Z,2026-07-09T13:05:50Z,41
1893191,East,Zirakpur,ASSTHA,Unplanned,Closed,2026-07-09T12:22:00Z,2026-07-09T12:50:00Z,28
1893176,West,FARIDKOT,TAIBAN (Sherpur),Planned,Closed,2026-07-09T12:20:50Z,2026-07-09T13:48:56Z,88
1893178,West,BATHINDA,BUGGAR,Planned,Closed,2026-07-09T12:20:00Z,2026-07-09T14:25:00Z,125
1893177,Border,GURDASPUR,DHINDSA,Unplanned,Closed,2026-07-09T12:20:00Z,2026-07-09T12:50:00Z,30
1893171,Central,KHANNA,SANGATPURA,Planned,Closed,2026-07-09T12:15:21Z,2026-07-09T18:30:51Z,375
1893184,North,KAPURTHALA,UPS Malri,Unplanned,Closed,2026-07-09T12:15:00Z,2026-07-09T12:36:00Z,21
1893169,North,KAPURTHALA,Nirmal Kutiya,Planned,Closed,2026-07-09T12:15:00Z,2026-07-09T16:00:00Z,225
1893173,West,FARIDKOT,SAHIBZADA AJIT SINGH NAGAR,Unplanned,Closed,2026-07-09T12:13:33Z,2026-07-09T13:19:33Z,66
1893172,West,FARIDKOT,AKALSAR,Unplanned,Closed,2026-07-09T12:13:33Z,2026-07-09T13:19:28Z,65
1893174,West,FEROZPUR,UPS FEEDER,Planned,Closed,2026-07-09T12:13:00Z,2026-07-09T13:08:00Z,55
1893175,West,FARIDKOT,11 KV BMS NATHUWALA-CAT-01,Planned,Closed,2026-07-09T12:10:00Z,2026-07-09T13:20:00Z,70
1893170,North,NAWANSHAHR,DUGRI,Unplanned,Closed,2026-07-09T12:10:00Z,2026-07-09T12:45:00Z,35
1893164,North,NAWANSHAHR,JADALI,Unplanned,Closed,2026-07-09T12:10:00Z,2026-07-09T13:30:00Z,80
1893162,North,NAWANSHAHR,RAKKAR DHAHAN,Unplanned,Closed,2026-07-09T12:10:00Z,2026-07-09T13:30:00Z,80
1893161,Border,SUB URBAN AMRITSAR,GOPAL NAGAR,Unplanned,Closed,2026-07-09T12:08:17Z,2026-07-09T12:47:00Z,38
1893165,Central,CITY EAST LUDHIANA,GURMAMDI,Unplanned,Closed,2026-07-09T12:05:00Z,2026-07-09T13:25:00Z,80
1893167,South,BARNALA,RADAR CAT-4,Planned,Closed,2026-07-09T12:01:00Z,2026-07-09T12:45:00Z,44
1893166,South,BARNALA,Ram Rajia,Planned,Closed,2026-07-09T12:01:00Z,2026-07-09T12:45:00Z,44
1893163,South,BARNALA,KALA MEHAL,Planned,Closed,2026-07-09T12:01:00Z,2026-07-09T12:45:00Z,44
1893159,West,FEROZPUR,DANA MANDI,Unplanned,Closed,2026-07-09T12:00:00Z,2026-07-09T13:00:00Z,60
1893082,Central,CITY WEST LUDHIANA,SAHIB METAL,Planned,Closed,2026-07-09T12:00:00Z,2026-07-09T14:00:00Z,120
1893081,Central,CITY WEST LUDHIANA,PREMIUM COMPLEX,Planned,Closed,2026-07-09T12:00:00Z,2026-07-09T14:00:00Z,120
1893168,South,SANGRUR,Bhagwanpura,Unplanned,Closed,2026-07-09T11:55:00Z,2026-07-09T13:10:00Z,75
1893160,Border,CITY AMRITSAR,11KvGoal Bagh,Unplanned,Closed,2026-07-09T11:55:00Z,2026-07-09T12:10:00Z,15
1893156,North,NAWANSHAHR,CHAHALPUR,Unplanned,Closed,2026-07-09T11:55:00Z,2026-07-09T12:13:00Z,18
1893153,South,BARNALA,KHANPUR UPS,Planned,Closed,2026-07-09T11:55:00Z,2026-07-09T12:50:00Z,55
1893154,South,SANGRUR,RAJGARH Basti,Unplanned,Closed,2026-07-09T11:50:01Z,2026-07-09T13:35:15Z,105
1893157,East,MOHALI,CHARBARH UPS,Unplanned,Closed,2026-07-09T11:50:00Z,2026-07-09T12:50:51Z,60
1893155,North,NAWANSHAHR,JINDAPUR,Unplanned,Closed,2026-07-09T11:50:00Z,2026-07-09T12:15:00Z,25
1893152,West,MUKATSAR,FOCAL POINT,Planned,Closed,2026-07-09T11:50:00Z,2026-07-09T12:08:00Z,18
1893158,Border,CITY AMRITSAR,City Feeder,Unplanned,Closed,2026-07-09T11:47:00Z,2026-07-09T12:45:00Z,58
1893150,North,NAWANSHAHR,PAILY,Unplanned,Closed,2026-07-09T11:38:00Z,2026-07-09T11:48:00Z,10
1893149,Central,KHANNA,Friend colony,Unplanned,Closed,2026-07-09T11:37:00Z,2026-07-09T12:20:00Z,43
1893179,North,NAWANSHAHR,Friends Road,Unplanned,Closed,2026-07-09T11:35:00Z,2026-07-09T12:20:00Z,45
1893144,South,SANGRUR,Bhathuan,Unplanned,Closed,2026-07-09T11:32:49Z,2026-07-09T12:51:07Z,78
1893151,South,BARNALA,INDUSTRIAL,Unplanned,Closed,2026-07-09T11:32:00Z,2026-07-09T12:15:00Z,43
1893147,East,MOHALI,MOULI,Unplanned,Closed,2026-07-09T11:27:00Z,2026-07-09T12:35:00Z,68
1893142,South,SANGRUR,HARIGARH (GRID DIRBA),Unplanned,Closed,2026-07-09T11:27:00Z,2026-07-09T12:20:00Z,53
1893146,Border,GURDASPUR,11KV UPS Datial Feeder,Unplanned,Closed,2026-07-09T11:25:00Z,2026-07-09T12:10:00Z,45
1893143,West,BATHINDA,LAL SINGH BASTI,Unplanned,Closed,2026-07-09T11:25:00Z,2026-07-09T12:20:00Z,55
1893145,East,ROPAR,SWARA,Unplanned,Closed,2026-07-09T11:24:00Z,2026-07-09T11:48:00Z,24
1893137,South,SANGRUR,11kv Bhikhi Road,Planned,Closed,2026-07-09T11:20:00Z,2026-07-09T12:48:00Z,88
1893136,South,SANGRUR,11 KV CHEEMA URBAN,Unplanned,Closed,2026-07-09T11:20:00Z,2026-07-09T12:48:00Z,88
1893141,East,ROPAR,11KV Dugri,Unplanned,Closed,2026-07-09T11:19:00Z,2026-07-09T12:11:00Z,52
1893148,West,FEROZPUR,LAKHA HAZI UPS,Planned,Closed,2026-07-09T11:15:00Z,2026-07-09T13:07:00Z,112
1893139,North,HOSHIARPUR,CHACK,Unplanned,Closed,2026-07-09T11:15:00Z,2026-07-09T13:10:00Z,115
1893138,North,KAPURTHALA,UPS GURSAR,Unplanned,Closed,2026-07-09T11:15:00Z,2026-07-09T12:20:00Z,65
1893135,South,PATIALA,JAMITGARH UPS,Unplanned,Closed,2026-07-09T11:10:00Z,2026-07-09T11:40:10Z,30
1893132,East,ROPAR,11KV Shvalik Heights,Planned,Closed,2026-07-09T11:10:00Z,2026-07-09T12:31:00Z,81
1893133,Central,CITY EAST LUDHIANA,BASTI JODHEWAL,Unplanned,Closed,2026-07-09T11:07:00Z,2026-07-09T12:22:00Z,75
1893130,West,FEROZPUR,Amritsari Gate,Planned,Closed,2026-07-09T11:07:00Z,2026-07-09T12:10:00Z,63
1893128,Border,SUB URBAN AMRITSAR,24 HRS RANIA,Unplanned,Closed,2026-07-09T11:07:00Z,2026-07-09T13:19:00Z,132
1893140,Central,KHANNA,Sohavi,Unplanned,Closed,2026-07-09T11:05:00Z,2026-07-09T12:15:00Z,70
1893126,South,SANGRUR,NANKIANA SAHIB,Planned,Closed,2026-07-09T11:04:37Z,2026-07-09T12:30:56Z,86
1893129,North,HOSHIARPUR,PATHRALIAN,Unplanned,Closed,2026-07-09T11:00:00Z,2026-07-09T11:20:00Z,20
1893125,West,FEROZPUR,SODHE WALA,Unplanned,Closed,2026-07-09T11:00:00Z,2026-07-09T12:00:00Z,60
1893124,North,JALANDHAR,HSP ROAD,Unplanned,Closed,2026-07-09T11:00:00Z,2026-07-09T12:00:00Z,60
1893123,East,MOHALI,SEC-69,Planned,Closed,2026-07-09T11:00:00Z,2026-07-09T12:43:00Z,103
1893127,West,BATHINDA,Sahnewali ups III,Unplanned,Closed,2026-07-09T10:59:00Z,2026-07-09T11:40:47Z,41
1893114,South,SANGRUR,11 KV DUGGAN URBAN,Planned,Closed,2026-07-09T10:55:23Z,2026-07-09T11:55:59Z,60
1893115,South,SANGRUR,11KV BAHADURPUR UPS(DUGGAN GRID),Planned,Closed,2026-07-09T10:55:16Z,2026-07-09T11:55:33Z,60
1893122,North,HOSHIARPUR,Harsipind UPS,Unplanned,Closed,2026-07-09T10:55:00Z,2026-07-09T11:10:00Z,15
1893117,North,JALANDHAR,RANDHAWA MASANDA,Unplanned,Closed,2026-07-09T10:53:00Z,2026-07-09T11:36:00Z,43
1893121,West,MUKATSAR,KHUIKHERA UPS,Unplanned,Closed,2026-07-09T10:52:00Z,2026-07-09T13:35:08Z,163
1893120,East,MOHALI,ALAMPUR UPS,Unplanned,Closed,2026-07-09T10:50:00Z,2026-07-09T13:15:52Z,145
1893118,Border,TARN TARAN,Kendri Sudhar Ghar,Unplanned,Closed,2026-07-09T10:50:00Z,2026-07-09T12:35:00Z,105
1893112,West,FEROZPUR,Dhawan Colony,Unplanned,Closed,2026-07-09T10:50:00Z,2026-07-09T12:20:00Z,90
1893113,West,FEROZPUR,Police Line,Planned,Closed,2026-07-09T10:46:00Z,2026-07-09T12:41:00Z,115
1893110,North,KAPURTHALA,UPS Malri,Planned,Closed,2026-07-09T10:46:00Z,2026-07-09T11:05:00Z,19
1893134,North,JALANDHAR,PANJPEER,Unplanned,Closed,2026-07-09T10:45:00Z,2026-07-09T12:39:00Z,114
1893131,East,ROPAR,11 KV Casa Homes,Unplanned,Closed,2026-07-09T10:45:00Z,2026-07-09T12:08:00Z,83
1893119,North,JALANDHAR,JAGDAMBAY FEEDER,Unplanned,Closed,2026-07-09T10:45:00Z,2026-07-09T11:35:00Z,50
1893111,West,FARIDKOT,Panj Grain,Unplanned,Closed,2026-07-09T10:41:00Z,2026-07-09T12:55:00Z,134
1893099,South,SANGRUR,BHUTAL CITY,Planned,Closed,2026-07-09T10:40:45Z,2026-07-09T14:12:58Z,212
1893116,Border,TARN TARAN,Khadoor Sahib URBAN.,Unplanned,Closed,2026-07-09T10:40:00Z,2026-07-09T11:40:00Z,60
1893107,South,SANGRUR,11 KV TUNGAN AP,Unplanned,Closed,2026-07-09T10:40:00Z,2026-07-09T16:10:00Z,330
1893105,West,MUKATSAR,11 KV SITO,Unplanned,Closed,2026-07-09T10:38:15Z,2026-07-09T10:59:24Z,21
1893106,Border,GURDASPUR,Bahardur Hussain,Unplanned,Closed,2026-07-09T10:35:00Z,2026-07-09T13:25:00Z,170
1893104,North,NAWANSHAHR,SAHIBA,Unplanned,Closed,2026-07-09T10:35:00Z,2026-07-09T12:05:00Z,90
1893103,North,NAWANSHAHR,KARAWAR,Unplanned,Closed,2026-07-09T10:35:00Z,2026-07-09T12:05:00Z,90
1893098,Border,CITY AMRITSAR,DHAPAI INDUSTRIAL,Unplanned,Closed,2026-07-09T10:32:51Z,2026-07-09T10:41:42Z,8
1893109,North,HOSHIARPUR,Patti,Unplanned,Closed,2026-07-09T10:30:00Z,2026-07-09T12:05:00Z,95
1893108,East,MOHALI,11KV PATTON AP,Unplanned,Closed,2026-07-09T10:30:00Z,2026-07-09T11:30:57Z,60
1893102,East,MOHALI,11 KV SUKHNA ENCLAVE,Planned,Closed,2026-07-09T10:30:00Z,2026-07-09T11:57:00Z,87
1893101,East,MOHALI,11KV Shivalik Vihar,Planned,Closed,2026-07-09T10:30:00Z,2026-07-09T11:57:00Z,87
1893100,East,MOHALI,11 KV Kansal,Planned,Closed,2026-07-09T10:30:00Z,2026-07-09T11:57:00Z,87
1893079,Central,CITY WEST LUDHIANA,KHURANA ROLLING,Planned,Closed,2026-07-09T10:30:00Z,2026-07-09T14:00:00Z,210
1893078,Central,CITY WEST LUDHIANA,SHAROMANI,Planned,Closed,2026-07-09T10:30:00Z,2026-07-09T14:00:00Z,210
1893097,North,HOSHIARPUR,CHANNIYA,Unplanned,Closed,2026-07-09T10:25:00Z,2026-07-09T10:42:00Z,17
1892827,Central,SUB URBAN LUDHIANA,City-02,Planned,Closed,2026-07-09T10:25:00Z,2026-07-09T14:05:00Z,220
1893090,East,Zirakpur,JEOLY,Unplanned,Closed,2026-07-09T10:21:51Z,2026-07-09T10:52:06Z,30
1893096,East,ROPAR,11 KV Landran Road,Unplanned,Closed,2026-07-09T10:21:00Z,2026-07-09T11:05:00Z,44
1893093,South,SANGRUR,11 KV SULARGHRAT UPS,Unplanned,Closed,2026-07-09T10:20:19Z,2026-07-09T10:40:35Z,20
1893095,Border,TARN TARAN,GHAT SAHIB URBAN,Unplanned,Closed,2026-07-09T10:20:00Z,2026-07-09T12:30:00Z,130
1893094,North,JALANDHAR,KALIA COLONY,Unplanned,Closed,2026-07-09T10:20:00Z,2026-07-09T10:45:00Z,25
1893089,West,FEROZPUR,PEERU WALA,Planned,Closed,2026-07-09T10:20:00Z,2026-07-09T11:33:00Z,73
1893092,East,MOHALI,11KV JAND PUR,Unplanned,Closed,2026-07-09T10:15:00Z,2026-07-09T10:40:00Z,25
1893091,West,BATHINDA,11 KV H P Road,Unplanned,Closed,2026-07-09T10:15:00Z,2026-07-09T11:15:00Z,60
1893088,Central,SUB URBAN LUDHIANA,City No-3  Maloud,Unplanned,Closed,2026-07-09T10:15:00Z,2026-07-09T10:35:00Z,20
1893086,South,PATIALA,INDUSTRIAL,Unplanned,Closed,2026-07-09T10:11:00Z,2026-07-09T11:02:00Z,51
1893087,West,BATHINDA,CANAL,Planned,Closed,2026-07-09T10:10:00Z,2026-07-09T15:40:42Z,330
1893085,East,MOHALI,MOHIKALAN UPS,Unplanned,Closed,2026-07-09T10:10:00Z,2026-07-09T11:05:00Z,55
1893080,East,ROPAR,COLD STORE,Planned,Closed,2026-07-09T10:07:00Z,2026-07-09T14:15:00Z,248
1893083,Border,GURDASPUR,Khanpur,Unplanned,Closed,2026-07-09T10:05:00Z,2026-07-09T10:57:00Z,52
1893077,North,KAPURTHALA,Ramuwal,Unplanned,Closed,2026-07-09T10:05:00Z,2026-07-09T11:55:00Z,110
1893084,West,FEROZPUR,HABIB WALA,Planned,Closed,2026-07-09T10:00:00Z,2026-07-09T11:09:00Z,69
1893075,West,FEROZPUR,Bahadur Wala,Unplanned,Closed,2026-07-09T10:00:00Z,2026-07-09T11:03:00Z,63
1892861,Border,GURDASPUR,Barnala,Planned,Closed,2026-07-09T10:00:00Z,2026-07-09T15:04:00Z,304
1892860,Border,GURDASPUR,BATHWALA,Planned,Closed,2026-07-09T10:00:00Z,2026-07-09T15:04:00Z,304
1892857,Border,GURDASPUR,Meerpur,Planned,Closed,2026-07-09T10:00:00Z,2026-07-09T15:04:00Z,304
1893073,North,HOSHIARPUR,GHOGRA,Unplanned,Closed,2026-07-09T09:56:00Z,2026-07-09T10:40:00Z,44
1893076,Central,KHANNA,Kotla bhari,Unplanned,Closed,2026-07-09T09:51:00Z,2026-07-09T10:28:00Z,37
1893072,North,HOSHIARPUR,DHUGGA2,Unplanned,Closed,2026-07-09T09:50:00Z,2026-07-09T10:38:00Z,48
1893074,East,ROPAR,Sialba,Unplanned,Closed,2026-07-09T09:35:00Z,2026-07-09T10:30:00Z,55
1893071,West,FEROZPUR,Makhu Gate,Unplanned,Closed,2026-07-09T09:35:00Z,2026-07-09T10:01:00Z,26
1893069,North,HOSHIARPUR,LAROYA,Unplanned,Closed,2026-07-09T09:25:00Z,2026-07-09T10:15:00Z,50
1893068,Border,TARN TARAN,Dhotian UPS (KMK),Unplanned,Closed,2026-07-09T09:25:00Z,2026-07-09T10:10:00Z,45
1893065,North,HOSHIARPUR,PANWAN,Unplanned,Closed,2026-07-09T09:24:00Z,2026-07-09T09:46:00Z,22
1893070,East,ROPAR,KHANPUR,Unplanned,Closed,2026-07-09T09:23:00Z,2026-07-09T10:24:00Z,61
1893067,West,FEROZPUR,BHAWARA AZAM SHAH,Planned,Closed,2026-07-09T09:22:00Z,2026-07-09T10:40:00Z,78
1893066,East,ROPAR,Dher,Unplanned,Closed,2026-07-09T09:20:00Z,2026-07-09T10:02:00Z,42
1893060,West,FARIDKOT,Qila Nau,Unplanned,Closed,2026-07-09T09:16:30Z,2026-07-09T11:01:17Z,104
1893059,North,JALANDHAR,GT ROAD,Unplanned,Closed,2026-07-09T09:15:00Z,2026-07-09T09:45:00Z,30
1893058,Central,CITY EAST LUDHIANA,BASTI JODHEWAL,Unplanned,Closed,2026-07-09T09:11:00Z,2026-07-09T10:07:00Z,56
1893057,East,MOHALI,60-A,Unplanned,Closed,2026-07-09T09:09:00Z,2026-07-09T09:45:00Z,36
1893063,Border,SUB URBAN AMRITSAR,Shaheed Udham Singh,Planned,Closed,2026-07-09T09:05:00Z,2026-07-09T10:50:00Z,105
1893062,Border,SUB URBAN AMRITSAR,City 2,Planned,Closed,2026-07-09T09:05:00Z,2026-07-09T10:50:00Z,105
1893056,South,SANGRUR,11 KV RAM NAGAR URBAN,Unplanned,Closed,2026-07-09T09:03:00Z,2026-07-09T11:10:00Z,127
1893061,Border,GURDASPUR,N.J.Singh,Unplanned,Closed,2026-07-09T09:01:00Z,2026-07-09T09:55:00Z,54
1893054,Border,GURDASPUR,ARYA NAGAR,Unplanned,Closed,2026-07-09T09:01:00Z,2026-07-09T09:55:00Z,54
1893052,Border,CITY AMRITSAR,JOSHI COLONY,Unplanned,Closed,2026-07-09T08:58:40Z,2026-07-09T09:49:07Z,50
1893053,West,BATHINDA,COLD STORE,Unplanned,Closed,2026-07-09T08:55:00Z,2026-07-09T09:35:00Z,40
1893051,North,KAPURTHALA,Industrial Area,Unplanned,Closed,2026-07-09T08:55:00Z,2026-07-09T10:45:00Z,110
1893050,East,ROPAR,11KV Belian UPS FEEDER,Unplanned,Closed,2026-07-09T08:45:00Z,2026-07-09T08:57:00Z,12
1893055,Border,GURDASPUR,DUNERA,Unplanned,Closed,2026-07-09T08:40:00Z,2026-07-09T10:20:00Z,100
1893064,Border,SUB URBAN AMRITSAR,Mahabir,Unplanned,Closed,2026-07-09T08:35:26Z,2026-07-09T10:12:00Z,96
1893049,West,BATHINDA,ANSAL MITTAL,Planned,Closed,2026-07-09T08:22:00Z,2026-07-09T10:00:00Z,98
1893048,West,BATHINDA,BATHINDA ROAD,Planned,Closed,2026-07-09T08:22:00Z,2026-07-09T10:00:00Z,98
1893047,West,MUKATSAR,11 KV BHAGU,Unplanned,Closed,2026-07-09T08:16:00Z,2026-07-09T08:34:00Z,18
1893046,West,FEROZPUR,INDUSTRIAL,Unplanned,Closed,2026-07-09T08:15:00Z,2026-07-09T09:40:00Z,85
1893043,North,HOSHIARPUR,Handowal,Unplanned,Closed,2026-07-09T08:10:00Z,2026-07-09T09:05:00Z,55
1893042,East,ROPAR,11KV Belian UPS FEEDER,Unplanned,Closed,2026-07-09T08:08:00Z,2026-07-09T08:23:00Z,15
1893041,Border,GURDASPUR,Preet Nagar,Unplanned,Closed,2026-07-09T08:08:00Z,2026-07-09T08:37:00Z,29
1893045,South,BARNALA,Sanghera Road,Unplanned,Closed,2026-07-09T08:05:00Z,2026-07-09T08:20:00Z,15
1892949,North,JALANDHAR,JAINA NAGAR,Planned,Closed,2026-07-09T08:00:52Z,2026-07-09T10:55:52Z,175
1892948,North,JALANDHAR,DASHMESH NAGAR,Planned,Closed,2026-07-09T08:00:52Z,2026-07-09T10:55:52Z,175
1892947,North,JALANDHAR,11 KV Gurmehar Enclave,Planned,Closed,2026-07-09T08:00:52Z,2026-07-09T10:55:52Z,175
1892946,North,JALANDHAR,Basti Sheikh,Planned,Closed,2026-07-09T08:00:52Z,2026-07-09T10:55:52Z,175
1892945,North,JALANDHAR,DHALIWAL,Planned,Closed,2026-07-09T08:00:52Z,2026-07-09T10:55:52Z,175
1892944,North,JALANDHAR,RAJA GARDEN,Planned,Closed,2026-07-09T08:00:52Z,2026-07-09T10:55:52Z,175
1892943,North,JALANDHAR,PIONEER SPORTS,Planned,Closed,2026-07-09T08:00:52Z,2026-07-09T10:55:52Z,175
1893044,South,SANGRUR,Industrial (Benra),Unplanned,Closed,2026-07-09T07:42:00Z,2026-07-09T08:45:00Z,63
1893039,North,NAWANSHAHR,TEHSIL COMPLEX GSR,Unplanned,Closed,2026-07-09T07:32:00Z,2026-07-09T07:44:00Z,12
1893040,West,FARIDKOT,Shri Guru Tegh Bahadur Ji,Unplanned,Closed,2026-07-09T07:30:00Z,2026-07-09T09:15:00Z,105
1893037,North,NAWANSHAHR,TEHSIL COMPLEX GSR,Unplanned,Closed,2026-07-09T07:18:00Z,2026-07-09T07:30:00Z,12
1893038,East,MOHALI,Sec 72-C,Unplanned,Closed,2026-07-09T07:15:35Z,2026-07-09T08:15:00Z,59
1893036,North,NAWANSHAHR,BALLOWAL,Unplanned,Closed,2026-07-09T07:10:00Z,2026-07-09T08:35:00Z,85
1893035,South,BARNALA,INDUSTRIAL-1,Unplanned,Closed,2026-07-09T07:10:00Z,2026-07-09T07:55:00Z,45
1893034,North,JALANDHAR,NAAZ,Unplanned,Closed,2026-07-09T07:09:00Z,2026-07-09T07:34:00Z,25
1893027,East,MOHALI,Green Enclave,Unplanned,Closed,2026-07-09T06:33:00Z,2026-07-09T06:48:00Z,15
1893033,West,BATHINDA,NEW PUNJAB POLYTECHNIC COLLEGE,Unplanned,Closed,2026-07-09T06:32:00Z,2026-07-09T09:32:00Z,180
1893025,North,NAWANSHAHR,TEHSIL COMPLEX GSR,Unplanned,Closed,2026-07-09T06:26:00Z,2026-07-09T07:10:00Z,44
1893024,North,NAWANSHAHR,SUJJOWAL,Unplanned,Closed,2026-07-09T06:25:00Z,2026-07-09T07:35:00Z,70
1893032,North,JALANDHAR,Hoshiarpur Road,Unplanned,Closed,2026-07-09T06:24:00Z,2026-07-09T08:25:00Z,121
1893023,North,HOSHIARPUR,URMAR,Unplanned,Closed,2026-07-09T06:20:00Z,2026-07-09T07:20:00Z,60
1893022,West,FEROZPUR,Amritsari Gate,Planned,Closed,2026-07-09T06:19:00Z,2026-07-09T07:43:00Z,84
1893021,Central,CITY EAST LUDHIANA,SANTOKH NAGAR,Unplanned,Closed,2026-07-09T06:15:00Z,2026-07-09T07:05:00Z,50
1893019,South,BARNALA,KUTHALA CAT-1,Unplanned,Closed,2026-07-09T06:05:00Z,2026-07-09T07:55:00Z,110
1893020,North,JALANDHAR,RANDHAWA MASANDA,Unplanned,Closed,2026-07-09T06:01:00Z,2026-07-09T06:30:00Z,29
1893028,East,Zirakpur,ALASKA FABTECH,Unplanned,Closed,2026-07-09T06:00:00Z,2026-07-09T06:45:00Z,45
1893026,East,Zirakpur,barvala industrial park,Unplanned,Closed,2026-07-09T06:00:00Z,2026-07-09T06:35:00Z,35
1893017,West,MUKATSAR,11 KV Punjava Model,Unplanned,Closed,2026-07-09T05:51:00Z,2026-07-09T07:01:00Z,70
1893018,Border,GURDASPUR,SAGARPURA,Unplanned,Closed,2026-07-09T05:47:00Z,2026-07-09T06:18:00Z,31
1893012,Central,CITY EAST LUDHIANA,D007-11 KV VIJAY NAGAR,Unplanned,Closed,2026-07-09T05:35:30Z,2026-07-09T06:20:30Z,45
1893011,Central,CITY EAST LUDHIANA,11 KV KIDWAI NAGAR,Unplanned,Closed,2026-07-09T05:35:30Z,2026-07-09T06:20:30Z,45
1893010,Central,CITY EAST LUDHIANA,Ganesh Nagar,Unplanned,Closed,2026-07-09T05:35:30Z,2026-07-09T06:20:30Z,45
1893009,Central,CITY EAST LUDHIANA,RAJ SANDEEP,Unplanned,Closed,2026-07-09T05:35:30Z,2026-07-09T06:20:30Z,45
1893008,Central,CITY EAST LUDHIANA,TAJ GANJ,Unplanned,Closed,2026-07-09T05:35:30Z,2026-07-09T06:20:30Z,45
1893007,Central,CITY EAST LUDHIANA,11KV Guru Teg feeder,Unplanned,Closed,2026-07-09T05:35:30Z,2026-07-09T06:20:30Z,45
1893006,Central,CITY EAST LUDHIANA,11KV Mahindra Colony,Unplanned,Closed,2026-07-09T05:35:30Z,2026-07-09T06:20:30Z,45
1893005,Central,CITY EAST LUDHIANA,VENUS WOLLEN MILLS,Unplanned,Closed,2026-07-09T05:35:30Z,2026-07-09T06:20:30Z,45
1893004,Central,CITY EAST LUDHIANA,SACHDEVA,Unplanned,Closed,2026-07-09T05:35:30Z,2026-07-09T06:20:30Z,45
1893003,Central,CITY EAST LUDHIANA,NAHAR SPG,Unplanned,Closed,2026-07-09T05:35:30Z,2026-07-09T06:20:30Z,45
1893002,Central,CITY EAST LUDHIANA,OSWAL,Unplanned,Closed,2026-07-09T05:35:30Z,2026-07-09T06:20:30Z,45
1893001,Central,CITY EAST LUDHIANA,BROWN ROAD,Unplanned,Closed,2026-07-09T05:35:30Z,2026-07-09T06:20:30Z,45
1893000,Central,CITY EAST LUDHIANA,LINK ROAD,Unplanned,Closed,2026-07-09T05:35:30Z,2026-07-09T06:20:30Z,45
1892999,Central,CITY EAST LUDHIANA,11 KV Om Processor,Unplanned,Closed,2026-07-09T05:35:30Z,2026-07-09T06:20:30Z,45
1892998,Central,CITY EAST LUDHIANA,11 KV Shiv Chowk,Unplanned,Closed,2026-07-09T05:35:30Z,2026-07-09T06:20:30Z,45
1892997,Central,CITY EAST LUDHIANA,Voltan industry,Unplanned,Closed,2026-07-09T05:35:30Z,2026-07-09T06:20:30Z,45
1892996,Central,CITY EAST LUDHIANA,TEXTILE,Unplanned,Closed,2026-07-09T05:35:30Z,2026-07-09T06:20:30Z,45
1892995,Central,CITY EAST LUDHIANA,WEST,Unplanned,Closed,2026-07-09T05:35:30Z,2026-07-09T06:20:30Z,45
1892994,Central,CITY EAST LUDHIANA,R.K.,Unplanned,Closed,2026-07-09T05:35:30Z,2026-07-09T06:21:30Z,46
1892993,Central,CITY EAST LUDHIANA,DOHLEWAL,Unplanned,Closed,2026-07-09T05:35:30Z,2026-07-09T06:20:30Z,45
1892992,Central,CITY EAST LUDHIANA,KAILASH NAGAR,Unplanned,Closed,2026-07-09T05:35:30Z,2026-07-09T06:20:30Z,45
1892991,Central,CITY EAST LUDHIANA,suffion,Unplanned,Closed,2026-07-09T05:35:30Z,2026-07-09T06:20:30Z,45
1892990,Central,CITY EAST LUDHIANA,HANUMAN MANDIR,Unplanned,Closed,2026-07-09T05:35:30Z,2026-07-09T06:20:30Z,45
1892989,Central,CITY EAST LUDHIANA,TUBEWELL,Unplanned,Closed,2026-07-09T05:35:30Z,2026-07-09T06:21:30Z,46
1892988,Central,CITY EAST LUDHIANA,MES,Unplanned,Closed,2026-07-09T05:35:30Z,2026-07-09T06:20:30Z,45
1892987,Central,CITY EAST LUDHIANA,COMMAN WEALTH,Unplanned,Closed,2026-07-09T05:35:30Z,2026-07-09T06:20:30Z,45
1892986,Central,CITY EAST LUDHIANA,pearl,Unplanned,Closed,2026-07-09T05:35:30Z,2026-07-09T06:20:30Z,45
1892985,East,Zirakpur,SANULI,Unplanned,Closed,2026-07-09T05:23:00Z,2026-07-09T06:05:00Z,42
1892984,East,Zirakpur,HARMILAP NAGAR,Unplanned,Closed,2026-07-09T05:21:00Z,2026-07-09T06:10:00Z,49
1892983,Central,CITY EAST LUDHIANA,IQBAL GANJ,Unplanned,Closed,2026-07-09T05:20:00Z,2026-07-09T06:46:00Z,86
1892981,North,JALANDHAR,11KV SHANTI VIHAR,Unplanned,Closed,2026-07-09T05:19:00Z,2026-07-09T05:51:31Z,32
1893016,Border,TARN TARAN,UPS MUGGALWALA,Unplanned,Closed,2026-07-09T05:05:06Z,2026-07-09T12:10:06Z,425
1893015,Border,TARN TARAN,UPS MANIHALA,Unplanned,Closed,2026-07-09T05:05:06Z,2026-07-09T12:10:06Z,425
1893014,Border,TARN TARAN,UPS AHMADPUR,Unplanned,Closed,2026-07-09T05:05:06Z,2026-07-09T12:10:06Z,425
1893013,Border,TARN TARAN,UPS PRAGPURA,Unplanned,Closed,2026-07-09T05:05:06Z,2026-07-09T12:10:06Z,425
1892980,East,MOHALI,11 KV Masol,Unplanned,Closed,2026-07-09T05:03:00Z,2026-07-09T05:27:00Z,24
1893030,East,Zirakpur,HAIBAT PUR INDUSTRY,Unplanned,Closed,2026-07-09T04:55:00Z,2026-07-09T06:10:00Z,75
1893031,East,Zirakpur,SAIDPURA,Unplanned,Closed,2026-07-09T04:45:00Z,2026-07-09T05:35:00Z,50
1892982,South,BARNALA,DHURI ROAD,Unplanned,Closed,2026-07-09T04:37:00Z,2026-07-09T07:32:00Z,175
1893029,East,Zirakpur,Tasimbli Road,Unplanned,Closed,2026-07-09T04:35:00Z,2026-07-09T06:50:00Z,135
1892977,North,JALANDHAR,Khalsa Road,Unplanned,Closed,2026-07-09T04:34:00Z,2026-07-09T05:20:00Z,46
1892976,South,SANGRUR,Dhode C-1,Unplanned,Closed,2026-07-09T04:25:00Z,2026-07-09T05:40:00Z,75
1892973,South,SANGRUR,MEHLAN ROAD,Unplanned,Closed,2026-07-09T04:10:00Z,2026-07-09T06:08:00Z,118
1892974,Border,GURDASPUR,TALIBPUR,Unplanned,Closed,2026-07-09T04:01:00Z,2026-07-09T05:10:00Z,69
1892975,Border,SUB URBAN AMRITSAR,Shaheed Udham Singh,Unplanned,Closed,2026-07-09T03:56:00Z,2026-07-09T04:30:00Z,34
1892972,East,ROPAR,NALHOTI,Unplanned,Closed,2026-07-09T03:52:00Z,2026-07-09T04:05:07Z,13
1892978,East,Zirakpur,EKTA VIHAR,Unplanned,Closed,2026-07-09T03:41:00Z,2026-07-09T06:05:00Z,144
1892971,Border,GURDASPUR,11 K.V UPS Balwanda,Unplanned,Closed,2026-07-09T03:35:00Z,2026-07-09T05:15:00Z,100
1892970,North,JALANDHAR,PRITHVI,Unplanned,Closed,2026-07-09T03:31:00Z,2026-07-09T06:08:00Z,157
1892969,South,PATIALA,BANK FEEDER,Unplanned,Closed,2026-07-09T03:25:47Z,2026-07-09T03:55:03Z,29
1892968,South,PATIALA,PUNJABI UNIVERSITY,Unplanned,Closed,2026-07-09T03:25:47Z,2026-07-09T03:55:27Z,29
1892964,Border,CITY AMRITSAR,Dilbagh Nagar,Unplanned,Closed,2026-07-09T02:55:00Z,2026-07-09T05:35:00Z,160
1892962,East,ROPAR,NALHOTI,Unplanned,Closed,2026-07-09T02:51:17Z,2026-07-09T03:21:55Z,30
1892965,North,HOSHIARPUR,LAROYA,Unplanned,Closed,2026-07-09T02:50:00Z,2026-07-09T04:40:00Z,110
1892958,Central,CITY EAST LUDHIANA,DUKH NIWARAN,Unplanned,Closed,2026-07-09T02:10:00Z,2026-07-09T02:42:00Z,32
1892959,East,ROPAR,11KV Belian UPS FEEDER,Unplanned,Closed,2026-07-09T02:05:00Z,2026-07-09T02:35:13Z,30
1892956,South,BARNALA,JABBOMAJRA UPS,Unplanned,Closed,2026-07-09T02:05:00Z,2026-07-09T07:15:00Z,310
1892957,Border,GURDASPUR,Bharoli,Unplanned,Closed,2026-07-09T01:45:00Z,2026-07-09T03:35:00Z,110
1892955,South,BARNALA,BANBHOURA,Unplanned,Closed,2026-07-09T01:40:00Z,2026-07-09T05:01:00Z,201
1892954,Border,SUB URBAN AMRITSAR,City 2,Unplanned,Closed,2026-07-09T01:40:00Z,2026-07-09T03:30:00Z,110
1892953,East,Zirakpur,PANCHSHEEL,Unplanned,Closed,2026-07-09T01:40:00Z,2026-07-09T02:30:00Z,50
1892951,North,JALANDHAR,RAIWAY WORKSHOP,Unplanned,Closed,2026-07-09T01:12:00Z,2026-07-09T01:42:00Z,30
1892950,South,PATIALA,City Feeder,Unplanned,Closed,2026-07-09T00:56:10Z,2026-07-09T01:33:49Z,37
1892939,North,JALANDHAR,11 kv CHILDERN PARK NO. 1,Unplanned,Closed,2026-07-09T00:30:11Z,2026-07-09T00:53:40Z,23
1892952,Border,CITY AMRITSAR,11 KV Dhab Tilli Bhanna,Unplanned,Closed,2026-07-09T00:30:00Z,2026-07-09T01:35:00Z,65
1892941,North,JALANDHAR,11 KV Deol Nagar,Unplanned,Closed,2026-07-09T00:27:00Z,2026-07-09T01:53:00Z,86
1892942,Border,GURDASPUR,11KV UPS Datial Feeder,Unplanned,Closed,2026-07-09T00:25:00Z,2026-07-09T01:50:00Z,85
1892940,East,ROPAR,11KV Shvalik Heights,Unplanned,Closed,2026-07-09T00:18:00Z,2026-07-09T03:39:00Z,201
1892938,North,JALANDHAR,Shivaji Nagar,Unplanned,Closed,2026-07-09T00:13:00Z,2026-07-09T01:07:00Z,54
1892937,Border,CITY AMRITSAR,GOBIND PARK,Unplanned,Closed,2026-07-09T00:05:00Z,2026-07-09T02:16:00Z,131
1892936,West,FEROZPUR,Amritsari Gate,Planned,Closed,2026-07-09T00:03:00Z,2026-07-09T01:20:00Z,77
1892979,Border,TARN TARAN,NEROLAC,Unplanned,Closed,2026-07-09T00:00:00Z,2026-07-09T12:35:00Z,755
1892935,West,FEROZPUR,ARSONAL,Planned,Closed,2026-07-08T23:52:00Z,2026-07-09T00:37:00Z,45
1892934,West,BATHINDA,BAHO (UPS),Unplanned,Closed,2026-07-08T23:50:00Z,2026-07-09T00:40:00Z,50
1892933,North,JALANDHAR,L.I.C,Unplanned,Closed,2026-07-08T23:34:19Z,2026-07-09T01:35:18Z,120
1892932,North,JALANDHAR,CIVIL LINE,Unplanned,Closed,2026-07-08T23:34:19Z,2026-07-09T00:50:06Z,75
1892931,North,NAWANSHAHR,THOPIA,Unplanned,Closed,2026-07-08T23:30:00Z,2026-07-08T23:40:00Z,10
1892930,West,BATHINDA,AMARPURA,Unplanned,Closed,2026-07-08T23:12:00Z,2026-07-09T02:42:00Z,210
1892929,West,FEROZPUR,MADHRE,Planned,Closed,2026-07-08T23:03:00Z,2026-07-09T00:04:00Z,61
1892928,West,FEROZPUR,Makhu Gate,Unplanned,Closed,2026-07-08T23:00:00Z,2026-07-09T00:00:00Z,60
1892927,West,FEROZPUR,City Enclave,Unplanned,Closed,2026-07-08T23:00:00Z,2026-07-09T00:00:00Z,60
1892926,West,BATHINDA,SANGAT,Unplanned,Closed,2026-07-08T23:00:00Z,2026-07-08T23:18:57Z,18
1892924,West,FEROZPUR,11 KV NAMAK MANDI,Planned,Closed,2026-07-08T22:54:00Z,2026-07-08T23:52:00Z,58
1892925,Border,SUB URBAN AMRITSAR,City-3,Unplanned,Closed,2026-07-08T22:51:00Z,2026-07-08T23:20:00Z,29
1892923,West,FEROZPUR,DANA MANDI,Unplanned,Closed,2026-07-08T22:22:00Z,2026-07-08T23:03:00Z,41
1892922,West,FEROZPUR,Dhawan Colony,Unplanned,Closed,2026-07-08T22:22:00Z,2026-07-08T23:17:00Z,55
1892920,Border,TARN TARAN,NEROLAC,Unplanned,Closed,2026-07-08T22:05:00Z,2026-07-08T23:55:00Z,110
1892919,North,NAWANSHAHR,Achan Chak,Unplanned,Closed,2026-07-08T21:58:00Z,2026-07-08T22:12:00Z,14
1892921,Border,GURDASPUR,Chakki,Unplanned,Closed,2026-07-08T21:50:00Z,2026-07-09T05:10:00Z,440
1892917,North,HOSHIARPUR,11 KV Shri Guru Nanak Nagar,Unplanned,Closed,2026-07-08T21:38:00Z,2026-07-08T22:42:00Z,64
1892914,Central,KHANNA,Sangtpura,Unplanned,Closed,2026-07-08T21:31:53Z,2026-07-08T21:44:14Z,12
1892912,North,HOSHIARPUR,KHIZARPUR,Unplanned,Closed,2026-07-08T21:25:00Z,2026-07-08T23:15:00Z,110
1892913,Border,GURDASPUR,HABIBPUR,Unplanned,Closed,2026-07-08T21:20:00Z,2026-07-08T22:15:00Z,55
1892911,North,HOSHIARPUR,PURHIRAN URBAN,Unplanned,Closed,2026-07-08T21:20:00Z,2026-07-08T22:10:00Z,50
1892908,East,Zirakpur,Dehar. Cat. 1,Unplanned,Closed,2026-07-08T21:20:00Z,2026-07-08T21:40:00Z,20
1892907,West,FEROZPUR,RINGMAIN B,Planned,Closed,2026-07-08T21:19:00Z,2026-07-08T22:31:00Z,72
1892915,North,HOSHIARPUR,MANJPUR,Unplanned,Closed,2026-07-08T21:18:00Z,2026-07-08T22:02:00Z,44
1892909,Border,GURDASPUR,CITY 2,Unplanned,Closed,2026-07-08T21:17:00Z,2026-07-08T21:45:00Z,28
1892918,Border,GURDASPUR,Chounta,Unplanned,Closed,2026-07-08T21:16:00Z,2026-07-08T21:58:00Z,42
1892916,North,HOSHIARPUR,Urban qilla road,Unplanned,Closed,2026-07-08T21:15:00Z,2026-07-08T22:10:00Z,55
1892910,East,Zirakpur,OXFORD STREET,Unplanned,Closed,2026-07-08T21:10:00Z,2026-07-08T21:40:00Z,30
1892906,North,HOSHIARPUR,11KV SINGHPUR UPS,Unplanned,Closed,2026-07-08T21:05:00Z,2026-07-08T21:55:00Z,50
1892905,Border,GURDASPUR,ARYA NAGAR,Unplanned,Closed,2026-07-08T21:05:00Z,2026-07-08T21:25:00Z,20
1892904,North,HOSHIARPUR,11Kv Bebhalmanj UPS,Unplanned,Closed,2026-07-08T21:05:00Z,2026-07-08T22:05:00Z,60
1892903,East,ROPAR,11 KV Sarsa Nangal,Unplanned,Closed,2026-07-08T21:02:00Z,2026-07-08T21:19:00Z,17
1892902,West,FEROZPUR,POLYTECHNIC COLLEGE,Unplanned,Closed,2026-07-08T21:00:00Z,2026-07-08T22:00:00Z,60
1892897,Border,CITY AMRITSAR,11Kv Ghee Mandi 2,Unplanned,Closed,2026-07-08T20:46:55Z,2026-07-08T21:20:00Z,33
1892901,North,HOSHIARPUR,Model Town,Unplanned,Closed,2026-07-08T20:45:00Z,2026-07-08T21:05:00Z,20
1892898,North,JALANDHAR,11KV Mithapur Feeder,Unplanned,Closed,2026-07-08T20:45:00Z,2026-07-08T21:07:00Z,22
1892900,North,JALANDHAR,KALIA COLONY,Unplanned,Closed,2026-07-08T20:44:00Z,2026-07-08T21:12:00Z,28
1892899,North,NAWANSHAHR,CHUSHMA,Unplanned,Closed,2026-07-08T20:40:00Z,2026-07-08T21:25:00Z,45
1892896,North,JALANDHAR,11KV Baba Makhan Shah Lubana,Unplanned,Closed,2026-07-08T20:36:00Z,2026-07-08T21:21:00Z,45
1892894,North,JALANDHAR,EKTA NAGAR,Unplanned,Closed,2026-07-08T20:27:47Z,2026-07-08T20:55:01Z,27
1892893,South,SANGRUR,BAKHOPIR URBAN,Unplanned,Closed,2026-07-08T20:27:33Z,2026-07-08T20:58:21Z,30
1892891,East,Zirakpur,MES,Unplanned,Closed,2026-07-08T20:22:00Z,2026-07-08T20:45:00Z,23
1892892,North,JALANDHAR,Chowk Sudan,Unplanned,Closed,2026-07-08T20:17:00Z,2026-07-08T21:01:00Z,44
1892890,West,FEROZPUR,ZILA PARISHAD,Unplanned,Closed,2026-07-08T20:16:00Z,2026-07-08T21:13:00Z,57
1892895,North,JALANDHAR,GARHA,Unplanned,Closed,2026-07-08T20:15:00Z,2026-07-08T20:40:00Z,25
1892888,West,FEROZPUR,ZILA PARISHAD,Unplanned,Closed,2026-07-08T20:14:00Z,2026-07-08T21:16:00Z,62
1892889,West,FEROZPUR,Makhu Gate,Unplanned,Closed,2026-07-08T20:13:00Z,2026-07-08T21:16:00Z,63
1892887,Central,SUB URBAN LUDHIANA,CITY 8,Unplanned,Closed,2026-07-08T20:10:00Z,2026-07-08T20:30:00Z,20
1892885,North,NAWANSHAHR,Achan Chak,Unplanned,Closed,2026-07-08T19:50:00Z,2026-07-08T20:19:00Z,29
1892884,West,FEROZPUR,Amritsari Gate,Planned,Closed,2026-07-08T19:48:00Z,2026-07-08T21:20:00Z,92
1892886,North,HOSHIARPUR,Sarangwal,Unplanned,Closed,2026-07-08T19:45:00Z,2026-07-08T20:25:00Z,40
1892883,Border,TARN TARAN,Behla ups,Unplanned,Closed,2026-07-08T19:30:00Z,2026-07-08T20:00:00Z,30
1892880,West,FEROZPUR,INDUSTRIAL,Planned,Closed,2026-07-08T19:30:00Z,2026-07-08T23:01:00Z,211
1892881,North,NAWANSHAHR,UPS-1,Unplanned,Closed,2026-07-08T19:25:00Z,2026-07-08T20:20:00Z,55
1892879,East,Zirakpur,MES,Unplanned,Closed,2026-07-08T19:25:00Z,2026-07-08T19:56:00Z,31
1892877,Central,CITY WEST LUDHIANA,JANPATH,Unplanned,Closed,2026-07-08T19:16:09Z,2026-07-08T21:23:16Z,127
1892878,West,FEROZPUR,11 NAMDEV CHAUNK URBAN,Unplanned,Closed,2026-07-08T19:16:00Z,2026-07-08T20:13:00Z,57
1892882,Border,SUB URBAN AMRITSAR,Mustafabaad,Unplanned,Closed,2026-07-08T19:05:00Z,2026-07-08T19:25:00Z,20
1892872,West,MUKATSAR,11 KV KILLIANWALI,Unplanned,Closed,2026-07-08T18:55:37Z,2026-07-08T19:46:03Z,50
1892876,North,JALANDHAR,11KV GTB NAGAR,Unplanned,Closed,2026-07-08T18:50:00Z,2026-07-08T19:40:00Z,50
1892873,West,MUKATSAR,RORAANWALI  (UPS),Unplanned,Closed,2026-07-08T18:50:00Z,2026-07-08T19:25:00Z,35
1892871,North,HOSHIARPUR,KANDHALA JATTAN,Unplanned,Closed,2026-07-08T18:50:00Z,2026-07-08T19:10:00Z,20
1892875,North,HOSHIARPUR,RAMGHAR,Unplanned,Closed,2026-07-08T18:49:00Z,2026-07-08T19:15:00Z,26
1892870,South,SANGRUR,11 KV SAHID UDHAM SINGH URBAN,Unplanned,Closed,2026-07-08T18:47:35Z,2026-07-08T19:17:51Z,30
1892874,West,FEROZPUR,11 KV Delhi Gate,Unplanned,Closed,2026-07-08T18:32:00Z,2026-07-08T19:20:00Z,48
1892868,West,FARIDKOT,AKALSAR,Unplanned,Closed,2026-07-08T18:16:03Z,2026-07-08T18:48:19Z,32
1892867,Border,CITY AMRITSAR,SULTANWIND ROAD,Unplanned,Closed,2026-07-08T18:03:39Z,2026-07-08T18:10:18Z,6
1892869,North,JALANDHAR,GADAI PUR - 2,Unplanned,Closed,2026-07-08T17:59:00Z,2026-07-08T18:55:00Z,56
1892866,North,HOSHIARPUR,Tanda City,Unplanned,Closed,2026-07-08T17:46:00Z,2026-07-08T19:30:00Z,104
1892864,West,MUKATSAR,11 KV Sappan wali,Unplanned,Closed,2026-07-08T17:44:52Z,2026-07-08T18:21:03Z,36
1892863,West,MUKATSAR,MAUJGARH,Unplanned,Closed,2026-07-08T17:44:17Z,2026-07-08T18:21:59Z,37
1892865,North,KAPURTHALA,MALL ROAD URBAN,Unplanned,Closed,2026-07-08T17:40:00Z,2026-07-08T19:30:00Z,110
1892858,Border,CITY AMRITSAR,City Feeder,Unplanned,Closed,2026-07-08T17:36:00Z,2026-07-08T18:10:00Z,34
1892859,North,HOSHIARPUR,Chaggran,Unplanned,Closed,2026-07-08T17:30:00Z,2026-07-08T19:10:00Z,100
1892862,North,HOSHIARPUR,WAZIRAN,Unplanned,Closed,2026-07-08T17:28:00Z,2026-07-08T18:10:00Z,42
1892855,West,FEROZPUR,11 KV NAMAK MANDI,Planned,Closed,2026-07-08T17:15:00Z,2026-07-08T18:16:00Z,61
1892854,West,FEROZPUR,MADHRE,Planned,Closed,2026-07-08T17:15:00Z,2026-07-08T19:30:00Z,135
1892853,South,PATIALA,District Admn. Complex,Unplanned,Closed,2026-07-08T17:12:51Z,2026-07-08T18:10:02Z,57
1892856,Border,GURDASPUR,Roranwali 24 hrs.,Unplanned,Closed,2026-07-08T17:10:00Z,2026-07-08T17:50:00Z,40
1892852,West,MUKATSAR,Lakhewali(Urban),Unplanned,Closed,2026-07-08T16:45:00Z,2026-07-08T18:40:00Z,115
1892851,Border,SUB URBAN AMRITSAR,GURU NANAKPURA,Unplanned,Closed,2026-07-08T16:42:00Z,2026-07-08T16:50:00Z,8
1892850,Border,SUB URBAN AMRITSAR,Sethan Wala,Planned,Closed,2026-07-08T16:39:34Z,2026-07-08T17:15:48Z,36
1892847,West,MUKATSAR,MAUJGARH,Unplanned,Closed,2026-07-08T16:32:00Z,2026-07-08T18:17:39Z,105
1892849,Border,GURDASPUR,KHUJALA,Unplanned,Closed,2026-07-08T16:30:00Z,2026-07-08T17:20:00Z,50
1892846,South,SANGRUR,Gurdaspura,Unplanned,Closed,2026-07-08T16:30:00Z,2026-07-08T17:00:00Z,30
1892844,South,SANGRUR,Maula Patti,Planned,Closed,2026-07-08T16:27:05Z,2026-07-08T18:16:02Z,108
1892843,West,FARIDKOT,LOHARA RURAL,Unplanned,Closed,2026-07-08T16:25:35Z,2026-07-08T17:15:11Z,49
1892845,North,NAWANSHAHR,MALEWAL,Unplanned,Closed,2026-07-08T16:25:00Z,2026-07-08T16:35:00Z,10
1892840,South,SANGRUR,SHADHARI-2+ BADALGARH ROAD,Planned,Closed,2026-07-08T16:19:00Z,2026-07-08T17:33:00Z,74
1892842,Border,SUB URBAN AMRITSAR,silverstate,Unplanned,Closed,2026-07-08T16:15:41Z,2026-07-08T16:45:34Z,29
1892839,South,SANGRUR,BAKHOPIR URBAN,Unplanned,Closed,2026-07-08T16:13:25Z,2026-07-08T16:45:12Z,31
1892841,Border,SUB URBAN AMRITSAR,Judge Nagar,Unplanned,Closed,2026-07-08T16:09:00Z,2026-07-08T17:20:20Z,71
1892837,Border,CITY AMRITSAR,BATALA ROAD,Unplanned,Closed,2026-07-08T16:02:00Z,2026-07-08T17:00:20Z,58
1892836,South,SANGRUR,11 KV CHHAJLI INDUSTRIAL,Planned,Closed,2026-07-08T16:01:00Z,2026-07-08T17:50:00Z,109
1892835,South,SANGRUR,11 KV RAM NAGAR URBAN,Planned,Closed,2026-07-08T16:01:00Z,2026-07-08T17:50:00Z,109
1892833,East,Zirakpur,MUKANDPUR,Unplanned,Closed,2026-07-08T15:50:00Z,2026-07-08T16:21:00Z,31
1892831,Border,GURDASPUR,Manwal,Unplanned,Closed,2026-07-08T15:49:00Z,2026-07-08T17:35:00Z,106
1892830,Border,GURDASPUR,Seunty,Unplanned,Closed,2026-07-08T15:49:00Z,2026-07-08T17:35:00Z,106
1892838,North,JALANDHAR,11KV GTB NAGAR,Unplanned,Closed,2026-07-08T15:44:00Z,2026-07-08T16:30:00Z,46
1892832,Central,SUB URBAN LUDHIANA,CITY-3,Unplanned,Closed,2026-07-08T15:42:00Z,2026-07-08T16:30:00Z,48
1892828,West,FARIDKOT,LandeKe URBAN,Unplanned,Closed,2026-07-08T15:39:49Z,2026-07-08T16:36:06Z,56
1892834,North,JALANDHAR,BASTI NAU (OLD),Unplanned,Closed,2026-07-08T15:39:36Z,2026-07-08T16:05:52Z,26
1892826,West,FARIDKOT,Dutt Road,Unplanned,Closed,2026-07-08T15:37:00Z,2026-07-08T15:59:24Z,22
1892825,East,Zirakpur,MES,Unplanned,Closed,2026-07-08T15:35:00Z,2026-07-08T16:10:00Z,35
1892823,South,SANGRUR,11 KV KHADIAL ROAD C2,Planned,Closed,2026-07-08T15:27:06Z,2026-07-08T15:59:14Z,32
1892824,Border,GURDASPUR,Basrawan,Unplanned,Closed,2026-07-08T15:20:00Z,2026-07-08T16:40:00Z,80
1892822,West,FEROZPUR,UPS FEEDER,Planned,Closed,2026-07-08T15:18:00Z,2026-07-08T17:15:00Z,117
1892829,Central,SUB URBAN LUDHIANA,CITY-5,Planned,Closed,2026-07-08T15:15:00Z,2026-07-08T16:05:00Z,50
1892821,West,FEROZPUR,INDUSTRIAL,Planned,Closed,2026-07-08T15:08:00Z,2026-07-08T17:17:00Z,129
1892820,Central,CITY WEST LUDHIANA,MAGNET ROAD,Unplanned,Closed,2026-07-08T15:03:58Z,2026-07-08T15:12:18Z,8
1892818,Border,SUB URBAN AMRITSAR,RAJASANSI/RS,Unplanned,Closed,2026-07-08T14:55:00Z,2026-07-08T15:50:00Z,55
1892817,Border,SUB URBAN AMRITSAR,BAL SACHANDER,Unplanned,Closed,2026-07-08T14:55:00Z,2026-07-08T15:15:00Z,20
1892816,Border,GURDASPUR,City,Unplanned,Closed,2026-07-08T14:40:00Z,2026-07-08T15:20:00Z,40
1892815,North,KAPURTHALA,11 KV Janta Nagar,Unplanned,Closed,2026-07-08T14:40:00Z,2026-07-08T15:28:00Z,48
1892807,South,SANGRUR,MEHLAN UPS,Planned,Closed,2026-07-08T14:36:00Z,2026-07-08T16:09:00Z,93
1892812,North,JALANDHAR,AMAN NAGAR,Unplanned,Closed,2026-07-08T14:32:00Z,2026-07-08T14:50:00Z,18
1892819,Border,SUB URBAN AMRITSAR,Dashmesh Nagar,Unplanned,Closed,2026-07-08T14:30:00Z,2026-07-08T15:55:00Z,85
1892814,West,FEROZPUR,Amritsari Gate,Planned,Closed,2026-07-08T14:30:00Z,2026-07-08T15:09:00Z,39
1892806,South,SANGRUR,Mandvi Road,Unplanned,Closed,2026-07-08T14:27:00Z,2026-07-08T15:40:23Z,73
1892811,Border,GURDASPUR,11KV BUTTER UPS,Unplanned,Closed,2026-07-08T14:15:00Z,2026-07-08T14:30:00Z,15
1892810,Border,GURDASPUR,THEKERIWAL,Unplanned,Closed,2026-07-08T14:15:00Z,2026-07-08T14:30:00Z,15
1892805,West,MUKATSAR,11 KV Bhagsar UPS,Unplanned,Closed,2026-07-08T14:08:19Z,2026-07-08T15:35:30Z,87
1892813,South,PATIALA,UPS SURAJPUR,Unplanned,Closed,2026-07-08T14:01:00Z,2026-07-08T14:40:00Z,39
1892804,North,NAWANSHAHR,DUGRI,Unplanned,Closed,2026-07-08T13:50:00Z,2026-07-08T14:30:00Z,40
1892802,East,ROPAR,Jhangrian,Unplanned,Closed,2026-07-08T13:41:00Z,2026-07-08T14:03:00Z,22
1892803,West,FEROZPUR,Amritsari Gate,Unplanned,Closed,2026-07-08T13:40:00Z,2026-07-08T13:56:00Z,16
1892801,West,FEROZPUR,Police Line,Planned,Closed,2026-07-08T13:35:00Z,2026-07-08T14:36:00Z,61
1892800,East,Zirakpur,11KV Dream Home,Unplanned,Closed,2026-07-08T13:30:00Z,2026-07-08T13:40:00Z,10
1892799,West,FEROZPUR,MADHRE,Planned,Closed,2026-07-08T13:18:00Z,2026-07-08T15:20:00Z,122
1892798,Border,GURDASPUR,RAILWAY ROAD CAT-1,Unplanned,Closed,2026-07-08T13:10:00Z,2026-07-08T13:50:00Z,40
1892794,Central,SUB URBAN LUDHIANA,City-1,Unplanned,Closed,2026-07-08T13:00:00Z,2026-07-08T13:40:00Z,40
1892796,North,JALANDHAR,DOABA CHOWK,Unplanned,Closed,2026-07-08T12:55:00Z,2026-07-08T14:04:00Z,69
1892793,Border,GURDASPUR,Kahnuwan Road,Unplanned,Closed,2026-07-08T12:53:00Z,2026-07-08T13:33:00Z,40
1892795,South,SANGRUR,Industrial (Benra),Unplanned,Closed,2026-07-08T12:50:00Z,2026-07-08T14:05:00Z,75
1892792,North,HOSHIARPUR,MUKERIAN,Unplanned,Closed,2026-07-08T12:50:00Z,2026-07-08T14:05:00Z,75
1892791,East,ROPAR,Bhatton,Unplanned,Closed,2026-07-08T12:45:21Z,2026-07-08T14:10:21Z,85
1892790,East,ROPAR,SRAIN,Unplanned,Closed,2026-07-08T12:45:21Z,2026-07-08T14:10:21Z,85
1892789,East,ROPAR,BAINS,Unplanned,Closed,2026-07-08T12:45:21Z,2026-07-08T14:10:21Z,85
1892788,East,ROPAR,ABIANA,Unplanned,Closed,2026-07-08T12:45:21Z,2026-07-08T14:10:21Z,85
1892787,East,ROPAR,TIBBA TAPPRIAN,Unplanned,Closed,2026-07-08T12:45:21Z,2026-07-08T14:10:21Z,85
1892786,East,ROPAR,JHANDIAN,Unplanned,Closed,2026-07-08T12:45:21Z,2026-07-08T14:10:21Z,85
1892784,South,SANGRUR,11 KV SANT SEWA DASS AP,Unplanned,Closed,2026-07-08T12:35:00Z,2026-07-08T13:59:00Z,84
1892782,Border,SUB URBAN AMRITSAR,Sethan Wala,Planned,Closed,2026-07-08T12:32:00Z,2026-07-08T13:10:46Z,38
1892781,East,Zirakpur,MIAN PUR,Unplanned,Closed,2026-07-08T12:30:00Z,2026-07-08T13:26:00Z,56
1892785,Border,CITY AMRITSAR,Head Water Works Road,Unplanned,Closed,2026-07-08T12:25:00Z,2026-07-08T12:58:00Z,33
1892778,North,JALANDHAR,Guru Nanak Nagar,Unplanned,Closed,2026-07-08T12:24:07Z,2026-07-08T12:54:17Z,30
1892776,South,BARNALA,MALERKOTLA UPS,Unplanned,Closed,2026-07-08T12:22:47Z,2026-07-08T13:35:20Z,72
1892780,North,KAPURTHALA,UPS Kotli,Unplanned,Closed,2026-07-08T12:22:00Z,2026-07-08T14:05:00Z,103
1892783,Border,TARN TARAN,Baba Bakala,Unplanned,Closed,2026-07-08T12:20:00Z,2026-07-08T12:31:00Z,11
1892777,North,KAPURTHALA,URBAN Mehsampur,Unplanned,Closed,2026-07-08T12:20:00Z,2026-07-08T14:10:00Z,110
1892775,Central,CITY WEST LUDHIANA,BUS STAND,Planned,Closed,2026-07-08T12:15:52Z,2026-07-08T14:33:00Z,137
1892773,Central,KHANNA,Sangtpura,Unplanned,Closed,2026-07-08T12:12:07Z,2026-07-08T12:41:24Z,29
1892779,Border,TARN TARAN,JAMA RAI UPS,Unplanned,Closed,2026-07-08T12:05:00Z,2026-07-08T12:50:00Z,45
1892774,North,HOSHIARPUR,Soosa,Unplanned,Closed,2026-07-08T12:05:00Z,2026-07-08T13:40:00Z,95
1892771,Border,GURDASPUR,Behrian,Unplanned,Closed,2026-07-08T12:04:00Z,2026-07-08T13:53:00Z,109
1892797,South,PATIALA,UPS Rohti Basta,Unplanned,Closed,2026-07-08T12:01:00Z,2026-07-08T13:15:00Z,74
1892772,Central,CITY EAST LUDHIANA,Shivpuri,Unplanned,Closed,2026-07-08T12:00:00Z,2026-07-08T12:54:00Z,54
1892705,Border,CITY AMRITSAR,HUSSAINPURA,Planned,Closed,2026-07-08T11:44:00Z,2026-07-08T14:00:00Z,136
1892770,West,MUKATSAR,11 KV South Avenue,Unplanned,Closed,2026-07-08T11:42:19Z,2026-07-08T13:27:35Z,105
1892769,North,JALANDHAR,BASANT HILLS,Unplanned,Closed,2026-07-08T11:40:42Z,2026-07-08T12:05:10Z,24
1892767,West,FEROZPUR,Amritsari Gate,Planned,Closed,2026-07-08T11:38:00Z,2026-07-08T13:30:00Z,112
1892768,North,KAPURTHALA,UPS Fajalpur,Unplanned,Closed,2026-07-08T11:35:00Z,2026-07-08T11:50:00Z,15
1892766,Border,SUB URBAN AMRITSAR,MAJITHA,Unplanned,Closed,2026-07-08T11:33:35Z,2026-07-08T12:10:00Z,36
1892765,South,SANGRUR,BHULLAN,Unplanned,Closed,2026-07-08T11:32:00Z,2026-07-08T12:10:49Z,38
1892763,North,JALANDHAR,PRITHVI,Unplanned,Closed,2026-07-08T11:26:00Z,2026-07-08T11:47:00Z,21
1892764,South,SANGRUR,Roshan Nagar,Unplanned,Closed,2026-07-08T11:25:11Z,2026-07-08T12:59:36Z,94
1892760,West,MUKATSAR,11 KV SAIDANWALI,Unplanned,Closed,2026-07-08T11:21:21Z,2026-07-08T12:21:35Z,60
1892759,West,MUKATSAR,11 KV SAIDANWALI,Unplanned,Closed,2026-07-08T11:21:21Z,2026-07-08T12:21:35Z,60
1892761,West,FEROZPUR,UPS FEEDER,Planned,Closed,2026-07-08T11:21:00Z,2026-07-08T13:16:00Z,115
1892762,North,HOSHIARPUR,Tanda City,Unplanned,Closed,2026-07-08T11:19:00Z,2026-07-08T11:55:00Z,36
1892754,Border,CITY AMRITSAR,Tilak Nagar,Planned,Closed,2026-07-08T11:07:10Z,2026-07-08T11:55:24Z,48
1892753,Border,CITY AMRITSAR,MALL ROAD,Planned,Closed,2026-07-08T11:07:10Z,2026-07-08T11:59:13Z,52
1892752,Border,CITY AMRITSAR,BATALA ROAD,Planned,Closed,2026-07-08T11:07:10Z,2026-07-08T12:01:05Z,53
1892751,Border,CITY AMRITSAR,SHIVALA ROAD,Planned,Closed,2026-07-08T11:07:10Z,2026-07-08T12:02:17Z,55
1892750,Border,CITY AMRITSAR,majitha road,Planned,Closed,2026-07-08T11:07:10Z,2026-07-08T12:03:40Z,56
1892749,Border,CITY AMRITSAR,MEDICAL COLLEGE,Planned,Closed,2026-07-08T11:07:10Z,2026-07-08T12:12:53Z,65
1892748,Border,CITY AMRITSAR,Queens Road,Planned,Closed,2026-07-08T11:07:10Z,2026-07-08T12:15:26Z,68
1892747,Border,CITY AMRITSAR,JOSHI COLONY,Planned,Closed,2026-07-08T11:07:10Z,2026-07-08T12:14:48Z,67
1892746,Border,CITY AMRITSAR,COMPANY BAGH,Planned,Closed,2026-07-08T11:07:10Z,2026-07-08T12:09:43Z,62
1892745,Border,CITY AMRITSAR,ADARSH,Planned,Closed,2026-07-08T11:07:10Z,2026-07-08T12:11:55Z,64
1892744,Border,CITY AMRITSAR,CIRCULAR ROAD,Planned,Closed,2026-07-08T11:07:10Z,2026-07-08T12:11:34Z,64
1892743,Border,CITY AMRITSAR,SANT AVENUE,Planned,Closed,2026-07-08T11:07:10Z,2026-07-08T12:13:47Z,66
1892742,Border,CITY AMRITSAR,V.J.HOSPITAL,Planned,Closed,2026-07-08T11:07:10Z,2026-07-08T12:09:28Z,62
1892741,Border,CITY AMRITSAR,KRISHNA NAGAR,Planned,Closed,2026-07-08T11:07:10Z,2026-07-08T12:03:06Z,55
1892740,Border,CITY AMRITSAR,Lawrence Road,Planned,Closed,2026-07-08T11:07:10Z,2026-07-08T11:59:54Z,52
1892757,Central,CITY EAST LUDHIANA,Harbanspura,Unplanned,Closed,2026-07-08T11:04:00Z,2026-07-08T11:55:00Z,51
1892755,Central,CITY EAST LUDHIANA,KAKKA,Planned,Closed,2026-07-08T11:00:00Z,2026-07-08T13:30:00Z,150
1892758,Central,CITY EAST LUDHIANA,GAU SHALA,Unplanned,Closed,2026-07-08T10:58:00Z,2026-07-08T12:35:00Z,97
1892738,East,Zirakpur,Jalalpur Kandi Pure AP,Unplanned,Closed,2026-07-08T10:55:00Z,2026-07-08T11:50:00Z,55
1892739,South,PATIALA,Assa Majra,Unplanned,Closed,2026-07-08T10:54:51Z,2026-07-08T12:25:07Z,90
1892737,South,SANGRUR,UPS RAMPURA,Unplanned,Closed,2026-07-08T10:48:26Z,2026-07-08T12:08:33Z,80
1892730,West,FEROZPUR,Police Line,Planned,Closed,2026-07-08T10:46:00Z,2026-07-08T11:10:00Z,24
1892736,North,NAWANSHAHR,Danduwal,Unplanned,Closed,2026-07-08T10:45:00Z,2026-07-08T11:35:00Z,50
1892735,East,ROPAR,11 KV Khairabad UPS,Unplanned,Closed,2026-07-08T10:45:00Z,2026-07-08T12:30:00Z,105
1892733,East,ROPAR,UPS-II,Unplanned,Closed,2026-07-08T10:45:00Z,2026-07-08T12:30:00Z,105
1892729,East,ROPAR,UPS-I,Unplanned,Closed,2026-07-08T10:45:00Z,2026-07-08T12:30:00Z,105
1892756,East,Zirakpur,SANULI,Unplanned,Closed,2026-07-08T10:44:00Z,2026-07-08T11:35:00Z,51
1892728,West,FEROZPUR,PEERU WALA,Planned,Closed,2026-07-08T10:39:00Z,2026-07-08T12:03:00Z,84
1892732,West,MUKATSAR,11 KV LINK NO. 2,Planned,Closed,2026-07-08T10:37:28Z,2026-07-08T11:40:00Z,62
1892734,North,HOSHIARPUR,KHUN-2 KALAN,Unplanned,Closed,2026-07-08T10:35:00Z,2026-07-08T11:56:00Z,81
1892731,North,HOSHIARPUR,Motia Mill,Unplanned,Closed,2026-07-08T10:35:00Z,2026-07-08T10:45:00Z,10
1892727,North,JALANDHAR,11 KV FRIEND COLONY,Unplanned,Closed,2026-07-08T10:32:00Z,2026-07-08T11:40:00Z,68
1892726,West,MUKATSAR,Bus Stand Road,Planned,Closed,2026-07-08T10:32:00Z,2026-07-08T14:46:00Z,254
1892725,West,MUKATSAR,11 KV Town,Planned,Closed,2026-07-08T10:31:00Z,2026-07-08T14:46:00Z,255
1892722,Border,SUB URBAN AMRITSAR,NAG KALAN Anaitpura,Unplanned,Closed,2026-07-08T10:28:00Z,2026-07-08T11:50:00Z,82
1892721,East,Zirakpur,MIAN PUR,Unplanned,Closed,2026-07-08T10:28:00Z,2026-07-08T11:31:00Z,63
1892719,North,JALANDHAR,PRITHVI,Unplanned,Closed,2026-07-08T10:27:00Z,2026-07-08T11:03:00Z,36
1892724,West,FEROZPUR,URBAN JHOKE HARI HAR,Planned,Closed,2026-07-08T10:23:00Z,2026-07-08T11:18:00Z,55
1892720,Border,TARN TARAN,Goindwal Road Urban.,Unplanned,Closed,2026-07-08T10:20:00Z,2026-07-08T10:45:00Z,25
1892718,Border,TARN TARAN,Sarhali Road,Unplanned,Closed,2026-07-08T10:20:00Z,2026-07-08T10:45:00Z,25
1892716,West,FEROZPUR,LAKHA HAZI UPS,Planned,Closed,2026-07-08T10:06:00Z,2026-07-08T11:56:00Z,110
1892714,North,KAPURTHALA,Civil Hospital,Unplanned,Closed,2026-07-08T10:05:35Z,2026-07-08T13:00:35Z,175
1892713,North,KAPURTHALA,UPS Kotla Suraj Mall,Unplanned,Closed,2026-07-08T10:05:35Z,2026-07-08T13:00:35Z,175
1892712,North,KAPURTHALA,UPS Sangatpur,Unplanned,Closed,2026-07-08T10:05:35Z,2026-07-08T13:00:35Z,175
1892711,North,KAPURTHALA,URBAN MODEL TOWN Shahkot,Unplanned,Closed,2026-07-08T10:05:35Z,2026-07-08T13:00:35Z,175
1892710,North,KAPURTHALA,Fazalwal,Unplanned,Closed,2026-07-08T10:05:35Z,2026-07-08T13:00:35Z,175
1892709,North,KAPURTHALA,Gobind Nagar,Unplanned,Closed,2026-07-08T10:05:35Z,2026-07-08T13:00:35Z,175
1892708,North,KAPURTHALA,URBAN MAIN BAZAAR Shahkot,Unplanned,Closed,2026-07-08T10:05:35Z,2026-07-08T13:00:35Z,175
1892707,North,KAPURTHALA,UPS Nagal Ambian,Unplanned,Closed,2026-07-08T10:05:35Z,2026-07-08T13:00:35Z,175
1892706,North,KAPURTHALA,URBAN DANA MANDI Shahkot,Unplanned,Closed,2026-07-08T10:05:35Z,2026-07-08T13:00:35Z,175
1892717,North,HOSHIARPUR,MUKERIAN,Unplanned,Closed,2026-07-08T10:05:00Z,2026-07-08T10:20:00Z,15
1892723,Border,SUB URBAN AMRITSAR,SANT BHAGAT SINGH UPS,Unplanned,Closed,2026-07-08T10:02:00Z,2026-07-08T10:45:00Z,43
1892715,West,FEROZPUR,BHAWARA AZAM SHAH,Planned,Closed,2026-07-08T10:00:00Z,2026-07-08T10:31:00Z,31
1892698,Border,GURDASPUR,Aujla,Planned,Closed,2026-07-08T10:00:00Z,2026-07-08T13:07:00Z,187
1892682,South,PATIALA,11KV NARENDRA ENCLAVE,Planned,Closed,2026-07-08T10:00:00Z,2026-07-08T14:00:00Z,240
1892681,South,PATIALA,Deep nagar,Planned,Closed,2026-07-08T10:00:00Z,2026-07-08T14:00:00Z,240
1892680,South,PATIALA,Industrial Estate New,Planned,Closed,2026-07-08T10:00:00Z,2026-07-08T14:00:00Z,240
1892678,South,PATIALA,Ghuman Nagar,Planned,Closed,2026-07-08T10:00:00Z,2026-07-08T14:12:00Z,252
1892704,Border,SUB URBAN AMRITSAR,JALALPURA UPS,Unplanned,Closed,2026-07-08T09:50:17Z,2026-07-08T11:10:00Z,79
1892703,North,NAWANSHAHR,TEHSIL COMPLEX GSR,Unplanned,Closed,2026-07-08T09:47:00Z,2026-07-08T10:45:00Z,58
1892700,South,SANGRUR,AZAD AP,Unplanned,Closed,2026-07-08T09:41:37Z,2026-07-08T12:00:43Z,139
1892702,South,SANGRUR,BHAMNIWALA,Unplanned,Closed,2026-07-08T09:41:22Z,2026-07-08T12:02:36Z,141
1892699,South,SANGRUR,KHOKHAR,Unplanned,Closed,2026-07-08T09:41:09Z,2026-07-08T12:01:15Z,140
1892701,South,SANGRUR,GEHLAN,Unplanned,Closed,2026-07-08T09:41:03Z,2026-07-08T12:02:10Z,141
1892697,South,SANGRUR,CHANGAL,Unplanned,Closed,2026-07-08T09:29:57Z,2026-07-08T15:00:07Z,330
1892696,East,Zirakpur,SINGHPURA,Unplanned,Closed,2026-07-08T09:20:00Z,2026-07-08T10:40:00Z,80
1892695,Central,CITY EAST LUDHIANA,JAIL ROAD,Unplanned,Closed,2026-07-08T09:13:00Z,2026-07-08T09:50:00Z,37
1892694,North,JALANDHAR,Chomon,Unplanned,Closed,2026-07-08T09:10:00Z,2026-07-08T09:30:00Z,20
1892693,North,HOSHIARPUR,BILASPUR,Unplanned,Closed,2026-07-08T08:55:00Z,2026-07-08T10:15:00Z,80
1892690,North,JALANDHAR,COLD STORE,Unplanned,Closed,2026-07-08T08:53:00Z,2026-07-08T09:59:00Z,66
1892689,North,JALANDHAR,11kv kc feeder,Unplanned,Closed,2026-07-08T08:53:00Z,2026-07-08T09:59:00Z,66
1892688,North,JALANDHAR,PRITHVI,Unplanned,Closed,2026-07-08T08:53:00Z,2026-07-08T09:48:00Z,55
1892687,North,JALANDHAR,GADAIPUR-1,Unplanned,Closed,2026-07-08T08:53:00Z,2026-07-08T10:40:00Z,107
1892692,Border,TARN TARAN,Udhonangal,Unplanned,Closed,2026-07-08T08:50:00Z,2026-07-08T10:00:00Z,70
1892691,Border,TARN TARAN,MEHTA URBAN-II,Unplanned,Closed,2026-07-08T08:50:00Z,2026-07-08T10:00:00Z,70
1892686,South,SANGRUR,11 KV SAHID UDHAM SINGH URBAN,Unplanned,Closed,2026-07-08T06:20:00Z,2026-07-08T08:18:00Z,118
1892966,South,PATIALA,PUNJABI UNIVERSITY,Unplanned,Closed,2026-07-08T03:25:48Z,2026-07-08T03:55:10Z,29
1892967,South,PATIALA,BANK FEEDER,Unplanned,Closed,2026-07-08T03:25:43Z,2026-07-08T03:56:04Z,30
1892961,South,PATIALA,BANK FEEDER,Unplanned,Closed,2026-07-08T02:47:19Z,2026-07-08T03:10:02Z,22
1892960,South,PATIALA,PUNJABI UNIVERSITY,Unplanned,Closed,2026-07-08T02:47:18Z,2026-07-08T03:10:02Z,22
1892684,Border,SUB URBAN AMRITSAR,RANJIT AVENUE,Unplanned,Closed,2026-07-08T02:17:00Z,2026-07-08T02:36:00Z,19
1892683,Border,SUB URBAN AMRITSAR,RANJIT AVENUE,Unplanned,Closed,2026-07-08T02:13:00Z,2026-07-08T02:30:00Z,17
1892685,South,SANGRUR,11 KV SAHID UDHAM SINGH URBAN,Unplanned,Closed,2026-07-08T01:07:02Z,2026-07-08T01:09:13Z,2
1892679,East,Zirakpur,GBM,Unplanned,Closed,2026-07-07T23:00:00Z,2026-07-07T23:18:00Z,18
1892677,North,KAPURTHALA,UPS DALLA,Unplanned,Closed,2026-07-07T22:05:00Z,2026-07-07T23:00:00Z,55
1892676,East,Zirakpur,Sukhmani Sahib,Unplanned,Closed,2026-07-07T21:38:00Z,2026-07-07T22:22:00Z,44
1892675,Border,SUB URBAN AMRITSAR,UPS TARHPUR,Unplanned,Closed,2026-07-07T21:10:00Z,2026-07-07T21:40:00Z,30
1892674,North,JALANDHAR,PRITHVI,Unplanned,Closed,2026-07-07T20:57:00Z,2026-07-07T23:33:00Z,156
1892671,West,MUKATSAR,PANJKOSI,Unplanned,Closed,2026-07-07T20:07:18Z,2026-07-07T20:54:00Z,46
1892673,Border,CITY AMRITSAR,JOSHI COLONY,Unplanned,Closed,2026-07-07T20:00:00Z,2026-07-07T21:15:00Z,75
1892670,North,JALANDHAR,PRITHVI,Unplanned,Closed,2026-07-07T19:55:00Z,2026-07-07T20:23:00Z,28
1892669,South,SANGRUR,CITY SANGRUR,Unplanned,Closed,2026-07-07T19:50:00Z,2026-07-07T20:21:00Z,31
1892672,Border,SUB URBAN AMRITSAR,11 kv Bhullar Avenue,Unplanned,Closed,2026-07-07T19:30:00Z,2026-07-07T21:00:00Z,90
1892667,South,PATIALA,Virk Colony,Unplanned,Closed,2026-07-07T19:16:45Z,2026-07-07T19:57:00Z,40
1892668,Border,SUB URBAN AMRITSAR,Urban 2 Nawapind,Unplanned,Closed,2026-07-07T19:15:00Z,2026-07-07T19:50:00Z,35
1892663,South,PATIALA,ANAND NAGAR,Unplanned,Closed,2026-07-07T17:55:18Z,2026-07-07T18:53:43Z,58
1892662,South,PATIALA,11 kv vikas  nagar,Unplanned,Closed,2026-07-07T17:55:18Z,2026-07-07T18:53:01Z,57
1892661,South,PATIALA,SIDHU COLONY,Unplanned,Closed,2026-07-07T17:55:18Z,2026-07-07T18:53:24Z,58
1892657,West,MUKATSAR,Ghubaya,Unplanned,Closed,2026-07-07T17:43:55Z,2026-07-07T18:20:17Z,36
1892659,West,MUKATSAR,GUDDAR BHAINI,Unplanned,Closed,2026-07-07T17:43:40Z,2026-07-07T18:20:55Z,37
1892658,West,FEROZPUR,BHAMBA WATTU,Unplanned,Closed,2026-07-07T17:43:02Z,2026-07-07T19:02:17Z,79
1892666,South,PATIALA,UPS ALLOWAL,Unplanned,Closed,2026-07-07T17:40:00Z,2026-07-07T19:20:00Z,100
1892664,Border,SUB URBAN AMRITSAR,GT road 2,Planned,Closed,2026-07-07T17:31:00Z,2026-07-07T18:05:00Z,34
1892665,Border,SUB URBAN AMRITSAR,BY PASS,Planned,Closed,2026-07-07T17:30:00Z,2026-07-07T18:05:00Z,35
1892656,West,MUKATSAR,DAULATPURA UPS,Unplanned,Closed,2026-07-07T17:25:33Z,2026-07-07T17:53:40Z,28
1892660,Border,SUB URBAN AMRITSAR,Beas Wire,Unplanned,Closed,2026-07-07T17:05:00Z,2026-07-07T18:15:00Z,70
1892655,West,MUKATSAR,11 KV Bhagsar UPS,Unplanned,Closed,2026-07-07T17:00:49Z,2026-07-07T18:18:57Z,78
1892654,West,MUKATSAR,11 KB BAZIDPURA,Unplanned,Closed,2026-07-07T17:00:08Z,2026-07-07T18:18:28Z,78
1892653,West,FARIDKOT,11 kv URBAN NANAKSAR ROAD,Unplanned,Closed,2026-07-07T16:55:39Z,2026-07-07T17:25:48Z,30
1892652,South,SANGRUR,24 HRS. BALRAN,Planned,Closed,2026-07-07T16:36:02Z,2026-07-07T17:30:17Z,54
1892651,Border,SUB URBAN AMRITSAR,11 kv Bhullar Avenue,Unplanned,Closed,2026-07-07T16:15:00Z,2026-07-07T16:45:00Z,30
1892650,West,MUKATSAR,RORAANWALI  (UPS),Unplanned,Closed,2026-07-07T16:15:00Z,2026-07-07T18:10:00Z,115
1892649,South,SANGRUR,Ballran C-1,Planned,Closed,2026-07-07T16:02:54Z,2026-07-07T16:53:01Z,50
1892646,North,JALANDHAR,NEW LAXMI,Unplanned,Closed,2026-07-07T15:41:00Z,2026-07-07T16:05:00Z,24
1892648,South,SANGRUR,Sangrur road,Unplanned,Closed,2026-07-07T15:35:00Z,2026-07-07T16:30:00Z,55
1892647,South,SANGRUR,New Anaj Mandi,Unplanned,Closed,2026-07-07T15:35:00Z,2026-07-07T16:30:00Z,55
1892644,East,Zirakpur,Jalalpur Kandi Pure AP,Unplanned,Closed,2026-07-07T15:26:00Z,2026-07-07T16:30:00Z,64
1892643,Central,KHANNA,SANGATPURA,Planned,Closed,2026-07-07T15:23:21Z,2026-07-07T16:59:30Z,96
1892642,Central,KHANNA,MALKO MAJRA,Planned,Closed,2026-07-07T15:23:05Z,2026-07-07T16:54:18Z,91
1892645,Border,SUB URBAN AMRITSAR,MES,Unplanned,Closed,2026-07-07T15:20:00Z,2026-07-07T15:45:00Z,25
1892641,Border,GURDASPUR,CITY 2,Unplanned,Closed,2026-07-07T15:16:00Z,2026-07-07T16:19:00Z,63
1892640,North,HOSHIARPUR,Lalpur Bhana,Unplanned,Closed,2026-07-07T15:15:08Z,2026-07-07T15:20:00Z,4
1892639,Border,GURDASPUR,City Ptk.,Unplanned,Closed,2026-07-07T15:12:00Z,2026-07-07T16:12:00Z,60
1892638,West,FEROZPUR,ARSONAL,Planned,Closed,2026-07-07T15:00:00Z,2026-07-07T17:02:00Z,122
1892637,West,FEROZPUR,11 KV NAMAK MANDI,Planned,Closed,2026-07-07T14:36:00Z,2026-07-07T15:01:00Z,25
1892636,North,HOSHIARPUR,BADLA,Unplanned,Closed,2026-07-07T14:20:00Z,2026-07-07T14:50:00Z,30
1892632,Central,CITY WEST LUDHIANA,DHURI  LINE,Unplanned,Closed,2026-07-07T13:38:39Z,2026-07-07T15:28:00Z,109
1892631,South,SANGRUR,24 HRS. BALRAN,Planned,Closed,2026-07-07T13:37:33Z,2026-07-07T14:04:09Z,26
1892630,South,SANGRUR,PAPRA(main+branch),Planned,Closed,2026-07-07T13:35:50Z,2026-07-07T13:39:09Z,3
1892634,West,FEROZPUR,MADHRE,Planned,Closed,2026-07-07T13:23:00Z,2026-07-07T15:23:00Z,120
1892633,West,FEROZPUR,Amritsari Gate,Planned,Closed,2026-07-07T13:20:00Z,2026-07-07T15:21:00Z,121
1892629,West,MUKATSAR,RUPANA UPS,Unplanned,Closed,2026-07-07T13:20:00Z,2026-07-07T14:20:00Z,60
1892606,West,FEROZPUR,COURT FEEDER,Planned,Closed,2026-07-07T13:06:00Z,2026-07-07T13:54:00Z,48
1892605,North,JALANDHAR,ARJAN NAGAR,Unplanned,Closed,2026-07-07T13:05:00Z,2026-07-07T13:27:00Z,22
1892603,Border,GURDASPUR,Mamoon,Unplanned,Closed,2026-07-07T13:04:54Z,2026-07-07T13:40:12Z,35
1892621,South,PATIALA,UPS Rohti Basta,Unplanned,Closed,2026-07-07T13:01:00Z,2026-07-07T14:35:00Z,94
1892604,East,Zirakpur,EKTA VIHAR,Unplanned,Closed,2026-07-07T12:55:00Z,2026-07-07T14:17:00Z,82
1892607,East,Zirakpur,GBM,Unplanned,Closed,2026-07-07T12:51:00Z,2026-07-07T15:22:00Z,151
1892635,East,Zirakpur,SANULI,Unplanned,Closed,2026-07-07T12:41:00Z,2026-07-07T13:31:00Z,50
1892602,West,FEROZPUR,AMAR TAKIS,Planned,Closed,2026-07-07T12:40:00Z,2026-07-07T13:40:00Z,60
1892600,East,Zirakpur,Sukhmani Sahib,Unplanned,Closed,2026-07-07T12:40:00Z,2026-07-07T15:12:00Z,152
1892598,West,FEROZPUR,URBAN JHOKE HARI HAR,Planned,Closed,2026-07-07T12:37:00Z,2026-07-07T14:31:00Z,114
1892597,Central,KHANNA,KHANPUR,Unplanned,Closed,2026-07-07T12:36:41Z,2026-07-07T13:55:50Z,79
1892595,South,PATIALA,Quila Chowk,Unplanned,Closed,2026-07-07T12:32:22Z,2026-07-07T13:15:57Z,43
1892596,West,MUKATSAR,11 KV NAI ABADI,Unplanned,Closed,2026-07-07T12:21:58Z,2026-07-07T12:53:09Z,31
1892599,South,SANGRUR,Benra,Unplanned,Closed,2026-07-07T12:20:00Z,2026-07-07T13:48:00Z,88
1892627,West,MUKATSAR,Satia Paper Mill (Rupana),Unplanned,Closed,2026-07-07T12:02:49Z,2026-07-07T13:18:49Z,76
1892626,West,MUKATSAR,Check  Dhuewala ups,Unplanned,Closed,2026-07-07T12:02:49Z,2026-07-07T13:18:49Z,76
1892625,West,MUKATSAR,Tibbi UPS,Unplanned,Closed,2026-07-07T12:02:49Z,2026-07-07T13:18:49Z,76
1892624,West,MUKATSAR,440 KV Goneana,Unplanned,Closed,2026-07-07T12:02:49Z,2026-07-07T13:18:49Z,76
1892623,West,MUKATSAR,Bhangchari UPS,Unplanned,Closed,2026-07-07T12:02:49Z,2026-07-07T13:18:49Z,76
1892622,West,MUKATSAR,RUPANA UPS,Unplanned,Closed,2026-07-07T12:02:49Z,2026-07-07T13:18:49Z,76
1892610,West,MUKATSAR,11 Kv Bhular,Unplanned,Closed,2026-07-07T12:02:16Z,2026-07-07T13:12:16Z,70
1892609,West,MUKATSAR,11KV KAOUNI CAT-1,Unplanned,Closed,2026-07-07T12:02:16Z,2026-07-07T13:12:16Z,70
1892608,West,MUKATSAR,MALLAN UPS,Unplanned,Closed,2026-07-07T12:02:16Z,2026-07-07T13:12:16Z,70
1892611,South,PATIALA,UPS SUKHEWAL,Unplanned,Closed,2026-07-07T12:01:00Z,2026-07-07T13:55:00Z,114
1892593,West,MUKATSAR,11 KV South Avenue,Unplanned,Closed,2026-07-07T12:00:45Z,2026-07-07T13:45:00Z,104
1892594,West,MUKATSAR,Bhangchari UPS,Unplanned,Closed,2026-07-07T11:50:00Z,2026-07-07T11:58:00Z,8
1892591,Central,KHANNA,City-3,Unplanned,Closed,2026-07-07T11:48:30Z,2026-07-07T13:21:37Z,93
1892592,Central,KHANNA,CITY-2,Unplanned,Closed,2026-07-07T11:46:53Z,2026-07-07T13:27:02Z,100
1892590,West,FEROZPUR,INDUSTRIAL,Planned,Closed,2026-07-07T11:45:00Z,2026-07-07T13:44:00Z,119
1892587,North,HOSHIARPUR,KALYANPUR,Unplanned,Closed,2026-07-07T11:35:00Z,2026-07-07T12:05:00Z,30
1892586,South,PATIALA,Sarabha Nagar feeder,Unplanned,Closed,2026-07-07T11:30:57Z,2026-07-07T12:35:37Z,64
1892589,West,FEROZPUR,UPS FEEDER,Planned,Closed,2026-07-07T11:30:00Z,2026-07-07T13:30:00Z,120
1892588,West,FEROZPUR,HABIB WALA,Planned,Closed,2026-07-07T11:30:00Z,2026-07-07T13:30:00Z,120
1892584,East,Zirakpur,ATS-2,Unplanned,Closed,2026-07-07T11:19:12Z,2026-07-07T12:16:29Z,57
1892585,East,Zirakpur,URBAN-3 DERABASSI,Unplanned,Closed,2026-07-07T11:19:06Z,2026-07-07T12:16:06Z,57
1892581,North,JALANDHAR,BABA VISHKARMA MANDIR,Unplanned,Closed,2026-07-07T11:18:00Z,2026-07-07T11:37:00Z,19
1892583,West,MUKATSAR,Bus Stand Road,Planned,Closed,2026-07-07T11:12:00Z,2026-07-07T13:21:00Z,129
1892582,West,MUKATSAR,11 KV Town,Planned,Closed,2026-07-07T11:12:00Z,2026-07-07T13:21:00Z,129
1892628,South,PATIALA,Patiala Road,Unplanned,Closed,2026-07-07T11:10:00Z,2026-07-07T12:45:00Z,95
1892579,North,JALANDHAR,RAIPUR ROAD,Unplanned,Closed,2026-07-07T11:00:00Z,2026-07-07T11:15:00Z,15
1892578,South,SANGRUR,Dhandra,Unplanned,Closed,2026-07-07T10:55:00Z,2026-07-07T12:55:00Z,120
1892575,South,SANGRUR,Hamirgarh City,Planned,Closed,2026-07-07T10:44:40Z,2026-07-07T11:44:50Z,60
1892574,South,SANGRUR,Bhunder Bhaini,Unplanned,Closed,2026-07-07T10:44:08Z,2026-07-07T11:44:16Z,60
1892580,West,FEROZPUR,Police Line,Planned,Closed,2026-07-07T10:36:00Z,2026-07-07T11:49:00Z,73
1892573,North,HOSHIARPUR,11 KV ARMY GROUND,Unplanned,Closed,2026-07-07T10:35:00Z,2026-07-07T10:50:00Z,15
1892572,East,Zirakpur,LALRU RURAL  Kandi Pure AP,Unplanned,Closed,2026-07-07T10:31:00Z,2026-07-07T11:31:00Z,60
1892570,North,JALANDHAR,SURGICAL COMPLEX,Unplanned,Closed,2026-07-07T10:26:00Z,2026-07-07T10:37:00Z,11
1892571,Central,CITY WEST LUDHIANA,URBAN VIHAR,Planned,Closed,2026-07-07T10:25:00Z,2026-07-07T10:40:00Z,15
1892566,North,HOSHIARPUR,SUKCHAINPUR,Planned,Closed,2026-07-07T10:10:00Z,2026-07-07T13:00:00Z,170
1892565,North,HOSHIARPUR,RAMGHAR,Planned,Closed,2026-07-07T10:10:00Z,2026-07-07T13:01:00Z,171
1892567,North,HOSHIARPUR,DATARPUR,Planned,Closed,2026-07-07T10:09:00Z,2026-07-07T13:00:00Z,171
1892564,South,SANGRUR,Benra,Unplanned,Closed,2026-07-07T10:00:00Z,2026-07-07T11:50:00Z,110
1892562,South,SANGRUR,11 KV New Grain Markit,Planned,Closed,2026-07-07T10:00:00Z,2026-07-07T14:00:00Z,240
1892561,South,SANGRUR,Chhajli road,Planned,Closed,2026-07-07T10:00:00Z,2026-07-07T14:00:00Z,240
1892560,South,SANGRUR,11 KV MAYA GARDEN,Planned,Closed,2026-07-07T10:00:00Z,2026-07-07T14:00:00Z,240
1892493,Border,GURDASPUR,Behrian,Planned,Closed,2026-07-07T10:00:00Z,2026-07-07T14:00:00Z,240
1892577,West,MUKATSAR,BHUTTIWALA,Unplanned,Closed,2026-07-07T09:55:00Z,2026-07-07T11:31:00Z,96
1892563,West,MUKATSAR,INDUSTRIAL,Unplanned,Closed,2026-07-07T09:37:00Z,2026-07-07T10:05:00Z,28
1892569,West,FEROZPUR,MADHRE,Planned,Closed,2026-07-07T09:32:00Z,2026-07-07T11:30:00Z,118
1892568,West,FEROZPUR,Amritsari Gate,Planned,Closed,2026-07-07T09:31:00Z,2026-07-07T11:29:00Z,118
1892601,East,Zirakpur,RAIL VIHAR,Unplanned,Closed,2026-07-07T09:18:00Z,2026-07-07T09:57:00Z,39
1892559,South,SANGRUR,Tibian Wali,Unplanned,Closed,2026-07-07T09:11:39Z,2026-07-07T10:01:04Z,49
1892558,Border,SUB URBAN AMRITSAR,RAKH NAG,Unplanned,Closed,2026-07-07T07:56:12Z,2026-07-07T09:30:33Z,94
1892556,West,FARIDKOT,SHAHEED BHAGAT SINGH NAGAR,Planned,Closed,2026-07-07T07:36:00Z,2026-07-07T07:47:17Z,11
1892557,South,PATIALA,City Feeder,Unplanned,Closed,2026-07-07T07:33:59Z,2026-07-07T08:07:25Z,33
1892555,East,Zirakpur,NABHA SAHIB,Planned,Closed,2026-07-07T02:05:00Z,2026-07-07T02:24:00Z,19
1892554,East,Zirakpur,SIMRAN,Unplanned,Closed,2026-07-07T01:00:00Z,2026-07-07T03:00:00Z,120
1892553,East,Zirakpur,GBM,Unplanned,Closed,2026-07-07T00:43:00Z,2026-07-07T01:25:00Z,42
1892552,East,Zirakpur,PATIALA ROAD,Unplanned,Closed,2026-07-07T00:00:00Z,2026-07-07T01:00:00Z,60
1892551,North,JALANDHAR,11KV Royal Residency,Unplanned,Closed,2026-07-06T23:08:00Z,2026-07-06T23:30:00Z,22
1892550,North,JALANDHAR,11 KV Jalandhar Height-1,Unplanned,Closed,2026-07-06T23:08:00Z,2026-07-06T23:30:00Z,22
1892549,South,PATIALA,ALOHRAN GATE,Unplanned,Closed,2026-07-06T21:50:00Z,2026-07-06T23:25:00Z,95
1892546,West,MUKATSAR,11 KV GANGA NAGAR ROAD,Unplanned,Closed,2026-07-06T21:30:56Z,2026-07-06T21:50:00Z,19
1892548,West,MUKATSAR,11 KV KIKKER KHERA,Unplanned,Closed,2026-07-06T21:30:00Z,2026-07-06T21:50:00Z,20
1892547,West,MUKATSAR,11 KV Alamgarh,Unplanned,Closed,2026-07-06T21:30:00Z,2026-07-06T21:50:00Z,20
1892544,Central,SUB URBAN LUDHIANA,Urban Ahmedgarh (City-3),Unplanned,Closed,2026-07-06T19:53:00Z,2026-07-06T20:35:00Z,42
1892543,South,SANGRUR,BABA MITHU SHAH,Unplanned,Closed,2026-07-06T19:39:01Z,2026-07-06T20:20:16Z,41
1892541,Border,GURDASPUR,Preet Nagar,Unplanned,Closed,2026-07-06T19:16:00Z,2026-07-06T19:22:00Z,6
1892542,Central,KHANNA,Goldev City,Unplanned,Closed,2026-07-06T19:08:01Z,2026-07-06T20:24:16Z,76
1892539,West,MUKATSAR,11 KV SITO,Unplanned,Closed,2026-07-06T18:58:16Z,2026-07-06T19:40:24Z,42
1892538,East,Zirakpur,Dehar. Cat. 1,Unplanned,Closed,2026-07-06T18:55:00Z,2026-07-06T19:08:00Z,13
1892537,West,FARIDKOT,FCI URBAN,Unplanned,Closed,2026-07-06T18:54:00Z,2026-07-06T19:24:56Z,30
1892540,South,SANGRUR,Tibian Wali,Unplanned,Closed,2026-07-06T18:16:16Z,2026-07-06T20:15:28Z,119
1892536,North,JALANDHAR,SATYAM,Unplanned,Closed,2026-07-06T18:14:00Z,2026-07-06T18:50:00Z,36
1892535,South,PATIALA,BEAS GHAR,Unplanned,Closed,2026-07-06T17:55:00Z,2026-07-06T19:37:00Z,102
1892534,South,SANGRUR,11KV JHARON ROAD,Unplanned,Closed,2026-07-06T17:40:04Z,2026-07-06T19:16:23Z,96
1892533,West,BATHINDA,BUGGAR,Planned,Closed,2026-07-06T17:40:00Z,2026-07-06T18:40:00Z,60
1892545,South,PATIALA,Stn T.F Old Nabha,Unplanned,Closed,2026-07-06T17:34:00Z,2026-07-06T20:28:00Z,174
1892532,Border,SUB URBAN AMRITSAR,UPS SILAKA,Unplanned,Closed,2026-07-06T17:10:39Z,2026-07-06T17:37:11Z,26
1892531,Central,KHANNA,MALKO MAJRA,Planned,Closed,2026-07-06T17:00:38Z,2026-07-06T18:00:50Z,60
1892525,West,FARIDKOT,GONDARA,Planned,Active,2026-07-06T16:55:46Z,2026-07-06T17:59:12Z,63
1892530,Border,SUB URBAN AMRITSAR,GUMTALA,Unplanned,Closed,2026-07-06T16:53:00Z,2026-07-06T17:16:00Z,23
1892528,West,FARIDKOT,DEDA MUNI,Planned,Active,2026-07-06T16:50:51Z,2026-07-06T17:59:18Z,68
1892527,West,FARIDKOT,BURJ JAWAHAR SINGH WALA,Planned,Active,2026-07-06T16:50:29Z,2026-07-06T17:59:40Z,69
1892529,West,FARIDKOT,Dera Jalal,Planned,Active,2026-07-06T16:50:27Z,2026-07-06T17:59:36Z,69
1892526,West,FARIDKOT,VANDER,Planned,Active,2026-07-06T16:50:02Z,2026-07-06T17:59:15Z,69
1892524,North,KAPURTHALA,UPS Seowal,Unplanned,Closed,2026-07-06T16:48:00Z,2026-07-06T17:10:00Z,22
1892523,North,KAPURTHALA,Gill,Unplanned,Closed,2026-07-06T16:47:00Z,2026-07-06T17:10:00Z,23
1892515,East,Zirakpur,11 KV PREM NAGAR FEEDER,Unplanned,Closed,2026-07-06T16:08:00Z,2026-07-06T16:46:00Z,38
1892512,South,SANGRUR,Ballran C-1,Planned,Closed,2026-07-06T16:02:12Z,2026-07-06T17:52:22Z,110
1892514,West,FEROZPUR,Amritsari Gate,Planned,Closed,2026-07-06T16:00:00Z,2026-07-06T17:06:00Z,66
1892513,West,FEROZPUR,RINGMAIN B,Planned,Closed,2026-07-06T16:00:00Z,2026-07-06T17:07:00Z,67
1892521,South,PATIALA,FOCAL POINT-IV,Unplanned,Closed,2026-07-06T15:58:00Z,2026-07-06T16:30:52Z,32
1892517,West,BATHINDA,MALUKA AP (BHAGTA),Unplanned,Closed,2026-07-06T15:55:58Z,2026-07-06T18:00:09Z,124
1892518,West,BATHINDA,GUMTI AP,Unplanned,Closed,2026-07-06T15:55:41Z,2026-07-06T18:00:50Z,125
1892519,West,BATHINDA,Gaushala,Unplanned,Closed,2026-07-06T15:55:25Z,2026-07-06T18:00:34Z,125
1892516,West,BATHINDA,DYALPURA AP (BHAGTA),Unplanned,Closed,2026-07-06T15:55:18Z,2026-07-06T18:00:31Z,125
1892520,West,BATHINDA,Gumti New,Unplanned,Closed,2026-07-06T15:55:01Z,2026-07-06T18:00:07Z,125
1892511,South,SANGRUR,Dhhaake wala peer,Unplanned,Closed,2026-07-06T15:52:12Z,2026-07-06T17:25:21Z,93
1892510,South,PATIALA,Samania Gate,Unplanned,Closed,2026-07-06T15:34:00Z,2026-07-06T16:50:00Z,76
1892509,East,Zirakpur,LALRU MANDI,Unplanned,Closed,2026-07-06T15:34:00Z,2026-07-06T15:50:00Z,16
1892508,South,PATIALA,GOBIND BAGH,Unplanned,Closed,2026-07-06T15:29:28Z,2026-07-06T15:53:52Z,24
1892507,North,HOSHIARPUR,Lalpur Bhana,Unplanned,Closed,2026-07-06T15:20:52Z,2026-07-06T15:55:26Z,34
1892506,South,SANGRUR,24 HRS. BALRAN,Unplanned,Closed,2026-07-06T15:16:57Z,2026-07-06T15:36:09Z,19
1892504,Border,CITY AMRITSAR,11KV HussainPura,Planned,Closed,2026-07-06T15:00:00Z,2026-07-06T16:00:00Z,60
1892505,South,PATIALA,Polo Ground,Unplanned,Closed,2026-07-06T14:55:00Z,2026-07-06T15:20:00Z,25
1892502,West,FEROZPUR,ARSONAL,Planned,Closed,2026-07-06T14:40:00Z,2026-07-06T15:58:00Z,78
1892503,South,PATIALA,NIS Complex,Unplanned,Closed,2026-07-06T14:32:12Z,2026-07-06T15:20:00Z,47
1892233,Border,SUB URBAN AMRITSAR,Industry NAG,Planned,Closed,2026-07-06T14:17:34Z,2026-07-06T16:10:40Z,113
1892497,Border,TARN TARAN,PHERUMAN,Unplanned,Closed,2026-07-06T14:10:59Z,2026-07-06T17:10:40Z,179
1892522,Border,CITY AMRITSAR,Kairon Market,Unplanned,Closed,2026-07-06T14:00:00Z,2026-07-06T15:00:00Z,60
1892499,West,FEROZPUR,HABIB WALA,Planned,Closed,2026-07-06T14:00:00Z,2026-07-06T16:00:00Z,120
1892498,West,FEROZPUR,MADHRE,Planned,Closed,2026-07-06T14:00:00Z,2026-07-06T16:00:00Z,120
1892495,East,Zirakpur,JEOLY,Unplanned,Closed,2026-07-06T14:00:00Z,2026-07-06T14:33:00Z,33
1892496,Central,KHANNA,CITY ONE,Unplanned,Closed,2026-07-06T13:57:27Z,2026-07-06T14:59:45Z,62
1892500,West,MUKATSAR,Kotli Road,Unplanned,Closed,2026-07-06T13:55:00Z,2026-07-06T14:35:00Z,40
1892494,South,SANGRUR,MEHLAN UPS,Unplanned,Closed,2026-07-06T13:40:00Z,2026-07-06T14:55:00Z,75
1892492,South,PATIALA,UPS CHAUNDA,Unplanned,Closed,2026-07-06T13:20:00Z,2026-07-06T13:45:00Z,25
1892489,West,FEROZPUR,LAKHA HAZI UPS,Planned,Closed,2026-07-06T13:11:00Z,2026-07-06T14:20:00Z,69
1892491,South,PATIALA,Stn T.F Old Nabha,Unplanned,Closed,2026-07-06T13:10:00Z,2026-07-06T13:55:00Z,45
1892472,South,SANGRUR,CITY SANGRUR,Unplanned,Closed,2026-07-06T13:05:00Z,2026-07-06T14:35:00Z,90
1892482,North,HOSHIARPUR,DRAS ENGINEERING,Planned,Closed,2026-07-06T13:00:36Z,2026-07-06T14:45:36Z,105
1892481,North,HOSHIARPUR,ITL CHAK GUJRAN,Planned,Closed,2026-07-06T13:00:36Z,2026-07-06T14:45:36Z,105
1892480,North,HOSHIARPUR,BALA JI,Planned,Closed,2026-07-06T13:00:36Z,2026-07-06T14:45:36Z,105
1892479,North,HOSHIARPUR,11 KV INDUSTRIAL NASRAL JAL RD,Planned,Closed,2026-07-06T13:00:36Z,2026-07-06T15:00:36Z,120
1892478,North,HOSHIARPUR,Anand,Planned,Closed,2026-07-06T13:00:36Z,2026-07-06T14:45:36Z,105
1892477,North,HOSHIARPUR,PEALAN,Planned,Closed,2026-07-06T13:00:36Z,2026-07-06T14:45:36Z,105
1892476,North,HOSHIARPUR,11kv INDUSTRIAL HSP ROAD NASRALA,Planned,Closed,2026-07-06T13:00:36Z,2026-07-06T14:45:36Z,105
1892475,North,HOSHIARPUR,Rotavator,Planned,Closed,2026-07-06T13:00:36Z,2026-07-06T14:45:36Z,105
1892474,North,HOSHIARPUR,NEW TANDA ROAD,Planned,Closed,2026-07-06T13:00:36Z,2026-07-06T14:45:36Z,105
1892473,North,HOSHIARPUR,KAKKAR COMPLEX,Planned,Closed,2026-07-06T13:00:36Z,2026-07-06T14:45:36Z,105
1892470,North,JALANDHAR,INDUSTRIAL AREA 2,Unplanned,Closed,2026-07-06T13:00:18Z,2026-07-06T13:25:29Z,25
1892487,North,HOSHIARPUR,INDUSTRIAL,Planned,Closed,2026-07-06T13:00:05Z,2026-07-06T14:45:05Z,105
1892486,North,HOSHIARPUR,PATHRALIAN,Planned,Closed,2026-07-06T13:00:05Z,2026-07-06T14:45:05Z,105
1892485,North,HOSHIARPUR,SHAM-84,Planned,Closed,2026-07-06T13:00:05Z,2026-07-06T14:45:05Z,105
1892484,North,HOSHIARPUR,TARAGARH,Planned,Closed,2026-07-06T13:00:05Z,2026-07-06T14:45:05Z,105
1892483,North,HOSHIARPUR,JALBHEY,Planned,Closed,2026-07-06T13:00:05Z,2026-07-06T14:45:05Z,105
1892471,West,FEROZPUR,UPS FEEDER,Planned,Closed,2026-07-06T13:00:00Z,2026-07-06T14:00:00Z,60
1892488,East,Zirakpur,BEGAMPURA,Unplanned,Closed,2026-07-06T12:58:00Z,2026-07-06T14:11:00Z,73
1892490,South,PATIALA,UPS BHOJOMAJRI,Unplanned,Closed,2026-07-06T12:45:00Z,2026-07-06T13:20:00Z,35
1892469,South,PATIALA,NIS Complex,Unplanned,Closed,2026-07-06T12:44:23Z,2026-07-06T14:05:57Z,81
1892468,South,PATIALA,11 KV RAI MAJRA,Unplanned,Closed,2026-07-06T12:33:00Z,2026-07-06T12:47:00Z,14
1892463,West,MUKATSAR,DALMIR KHERA,Unplanned,Closed,2026-07-06T12:27:55Z,2026-07-06T13:11:06Z,43
1892465,West,MUKATSAR,DAULATPURA UPS,Unplanned,Closed,2026-07-06T12:27:52Z,2026-07-06T13:11:01Z,43
1892464,West,MUKATSAR,MAUJGARH,Unplanned,Closed,2026-07-06T12:27:22Z,2026-07-06T13:10:32Z,43
1892466,South,PATIALA,Heera Bagh,Unplanned,Closed,2026-07-06T12:22:00Z,2026-07-06T12:44:00Z,22
1892462,South,PATIALA,Jagdish Colony,Unplanned,Closed,2026-07-06T12:21:00Z,2026-07-06T12:48:00Z,27
1892461,South,PATIALA,SST Nagar,Unplanned,Closed,2026-07-06T12:20:00Z,2026-07-06T12:46:00Z,26
1892456,Border,CITY AMRITSAR,11 KV Namak Mandi,Planned,Active,2026-07-06T12:16:00Z,2026-07-06T14:16:00Z,120
1892460,North,HOSHIARPUR,CHHAMB,Unplanned,Closed,2026-07-06T12:15:30Z,2026-07-06T12:20:48Z,5
1892234,Border,SUB URBAN AMRITSAR,Sawdeshi Korean,Planned,Closed,2026-07-06T12:15:15Z,2026-07-06T14:05:19Z,110
1892459,South,SANGRUR,11 KV HEERO KALAN UPS,Planned,Closed,2026-07-06T12:10:00Z,2026-07-06T12:50:00Z,40
1892458,Central,KHANNA,Goldev City,Unplanned,Closed,2026-07-06T12:07:21Z,2026-07-06T14:01:31Z,114
1892457,South,SANGRUR,Dera rajputa,Unplanned,Closed,2026-07-06T12:06:08Z,2026-07-06T13:38:33Z,92
1892455,East,Zirakpur,SANULI,Unplanned,Closed,2026-07-06T11:58:00Z,2026-07-06T12:10:00Z,12
1892453,South,SANGRUR,Ballran C-1,Planned,Closed,2026-07-06T11:46:04Z,2026-07-06T12:24:18Z,38
1892454,Border,SUB URBAN AMRITSAR,NAG KALAN URBAN,Planned,Closed,2026-07-06T11:45:25Z,2026-07-06T13:35:53Z,110
1892452,North,JALANDHAR,PILOT,Unplanned,Closed,2026-07-06T11:41:00Z,2026-07-06T11:53:00Z,12
1892446,North,JALANDHAR,BHARO CAMP,Unplanned,Closed,2026-07-06T11:16:50Z,2026-07-06T11:46:04Z,29
1892445,North,JALANDHAR,MODEL HOUSE,Unplanned,Closed,2026-07-06T11:16:14Z,2026-07-06T11:46:46Z,30
1892441,West,FEROZPUR,Police Line,Planned,Closed,2026-07-06T11:10:00Z,2026-07-06T12:58:00Z,108
1892439,West,FEROZPUR,11 KV INDUSTRIAL,Planned,Closed,2026-07-06T11:07:00Z,2026-07-06T13:01:00Z,114
1892298,Border,SUB URBAN AMRITSAR,GAURI SHANKAR,Planned,Closed,2026-07-06T11:01:25Z,2026-07-06T12:55:43Z,114
1892438,Border,CITY AMRITSAR,Bhai Laloji Nagar,Planned,Closed,2026-07-06T11:00:59Z,2026-07-06T15:31:14Z,270
1892297,Border,SUB URBAN AMRITSAR,BAL KALAN INDUSTRY,Planned,Closed,2026-07-06T11:00:33Z,2026-07-06T12:31:55Z,91
1892440,North,JALANDHAR,GLOBE COLONY,Unplanned,Closed,2026-07-06T11:00:00Z,2026-07-06T11:25:00Z,25
1892436,North,JALANDHAR,INDUSTRIAL AREA 2,Unplanned,Closed,2026-07-06T10:55:00Z,2026-07-06T11:40:00Z,45
1892437,Border,CITY AMRITSAR,EAST MOHAN NAGAR,Planned,Closed,2026-07-06T10:50:00Z,2026-07-06T14:16:00Z,206
1892435,North,KAPURTHALA,UPS Seowal,Unplanned,Closed,2026-07-06T10:48:00Z,2026-07-06T11:09:00Z,21
1892434,North,KAPURTHALA,Sahariwal,Unplanned,Closed,2026-07-06T10:48:00Z,2026-07-06T11:09:00Z,21
1892433,South,PATIALA,DIDAR STEEL,Unplanned,Closed,2026-07-06T10:48:00Z,2026-07-06T11:30:00Z,42
1892432,Border,SUB URBAN AMRITSAR,MAJITHA,Planned,Closed,2026-07-06T10:47:20Z,2026-07-06T12:34:42Z,107
1892444,Border,SUB URBAN AMRITSAR,GT Road 1,Planned,Closed,2026-07-06T10:45:00Z,2026-07-06T14:20:00Z,215
1892443,Border,SUB URBAN AMRITSAR,Dream City Ambuja,Planned,Closed,2026-07-06T10:45:00Z,2026-07-06T14:20:00Z,215
1892442,Border,SUB URBAN AMRITSAR,BY PASS,Planned,Closed,2026-07-06T10:45:00Z,2026-07-06T14:20:00Z,215
1892431,West,FEROZPUR,AMAR TAKIS,Unplanned,Closed,2026-07-06T10:40:00Z,2026-07-06T11:34:00Z,54
1892430,South,PATIALA,SALARIA VIHAR,Unplanned,Closed,2026-07-06T10:35:00Z,2026-07-06T11:15:22Z,40
1892428,Border,SUB URBAN AMRITSAR,Pandori UPS,Planned,Closed,2026-07-06T10:28:24Z,2026-07-06T12:20:38Z,112
1892429,Border,SUB URBAN AMRITSAR,Pandori,Planned,Closed,2026-07-06T10:27:50Z,2026-07-06T12:21:01Z,113
1892427,East,Zirakpur,GREEN LOTUS,Unplanned,Closed,2026-07-06T10:21:00Z,2026-07-06T10:54:00Z,33
1892426,East,Zirakpur,SINGHPURA,Unplanned,Closed,2026-07-06T10:21:00Z,2026-07-06T10:54:00Z,33
1892424,East,Zirakpur,ZIRAKPUR-1,Unplanned,Closed,2026-07-06T10:21:00Z,2026-07-06T10:54:00Z,33
1892422,Border,CITY AMRITSAR,MAKBOOL PURA,Planned,Closed,2026-07-06T10:21:00Z,2026-07-06T12:48:00Z,147
1892423,East,Zirakpur,CITY COURT,Unplanned,Closed,2026-07-06T10:20:00Z,2026-07-06T10:56:00Z,36
1892235,Border,SUB URBAN AMRITSAR,CHAND INDUSTRY,Planned,Closed,2026-07-06T10:14:57Z,2026-07-06T12:02:03Z,107
1892421,North,HOSHIARPUR,KOTLA,Unplanned,Closed,2026-07-06T10:10:00Z,2026-07-06T10:45:00Z,35
1892420,North,JALANDHAR,GLOBE COLONY,Unplanned,Closed,2026-07-06T10:09:00Z,2026-07-06T10:33:00Z,24
1892418,West,BATHINDA,KOTHA GURU (UPS),Unplanned,Closed,2026-07-06T10:05:27Z,2026-07-06T12:10:51Z,125
1892419,West,BATHINDA,Kaul Sahib,Unplanned,Closed,2026-07-06T10:05:18Z,2026-07-06T10:10:26Z,5
1892369,Border,SUB URBAN AMRITSAR,Dashmesh Nagar,Planned,Closed,2026-07-06T10:00:02Z,2026-07-06T17:00:02Z,420
1892368,Border,SUB URBAN AMRITSAR,KABIR PARK,Planned,Closed,2026-07-06T10:00:02Z,2026-07-06T17:00:02Z,420
1892367,Border,SUB URBAN AMRITSAR,Hakima Gate,Planned,Closed,2026-07-06T10:00:02Z,2026-07-06T17:00:02Z,420
1892366,Border,SUB URBAN AMRITSAR,Polytechnic,Planned,Closed,2026-07-06T10:00:02Z,2026-07-06T17:00:02Z,420
1892365,Border,SUB URBAN AMRITSAR,Guru nanak dev university,Planned,Closed,2026-07-06T10:00:02Z,2026-07-06T17:00:02Z,420
1892364,Border,SUB URBAN AMRITSAR,Essma,Planned,Closed,2026-07-06T10:00:02Z,2026-07-06T17:00:02Z,420
1892363,Border,SUB URBAN AMRITSAR,Kot khalsa,Planned,Closed,2026-07-06T10:00:02Z,2026-07-06T17:00:02Z,420
1892362,Border,SUB URBAN AMRITSAR,SANDHU COLONY,Planned,Closed,2026-07-06T10:00:02Z,2026-07-06T17:00:02Z,420
1892361,Border,SUB URBAN AMRITSAR,G.T.Road,Planned,Closed,2026-07-06T10:00:02Z,2026-07-06T17:00:02Z,420
1892360,Border,SUB URBAN AMRITSAR,Bhalla Colony,Planned,Closed,2026-07-06T10:00:02Z,2026-07-06T17:00:02Z,420
1892359,Border,SUB URBAN AMRITSAR,AZAD ROAD FEEDER,Planned,Closed,2026-07-06T10:00:02Z,2026-07-06T17:00:02Z,420
1892358,Border,SUB URBAN AMRITSAR,Partap Bazar,Planned,Closed,2026-07-06T10:00:02Z,2026-07-06T17:00:02Z,420
1892357,Border,SUB URBAN AMRITSAR,Sadar bazar,Planned,Closed,2026-07-06T10:00:02Z,2026-07-06T17:00:02Z,420
1892356,Border,SUB URBAN AMRITSAR,Industrial Estate,Planned,Closed,2026-07-06T10:00:02Z,2026-07-06T16:00:02Z,360
1892355,Border,SUB URBAN AMRITSAR,Disposal,Planned,Closed,2026-07-06T10:00:02Z,2026-07-06T17:00:02Z,420
1892417,North,HOSHIARPUR,HOSPITAL,Unplanned,Closed,2026-07-06T10:00:00Z,2026-07-06T10:35:00Z,35
1892392,Border,SUB URBAN AMRITSAR,KALLEY,Planned,Closed,2026-07-06T10:00:00Z,2026-07-06T12:00:00Z,120
1892416,North,HOSHIARPUR,11KV KALLOWAL FEEDER,Unplanned,Closed,2026-07-06T09:45:00Z,2026-07-06T10:00:00Z,15
1892415,West,MUKATSAR,BATHINDA ROAD,Unplanned,Closed,2026-07-06T09:15:00Z,2026-07-06T11:00:00Z,105
1892414,Border,SUB URBAN AMRITSAR,RANJIT AVENUE,Unplanned,Closed,2026-07-06T09:00:00Z,2026-07-06T09:44:00Z,44
1892412,East,Zirakpur,GREEN VALLEY,Unplanned,Closed,2026-07-06T07:38:00Z,2026-07-06T09:08:00Z,90
1892411,East,Zirakpur,KALGIDHAR,Unplanned,Closed,2026-07-06T07:34:00Z,2026-07-06T08:14:00Z,40
1892410,East,Zirakpur,SAVITRY GREEN 2,Unplanned,Closed,2026-07-06T07:22:00Z,2026-07-06T08:02:00Z,40
1892408,Border,SUB URBAN AMRITSAR,NAG KALAN,Unplanned,Closed,2026-07-06T07:10:15Z,2026-07-06T09:05:30Z,115
1892409,Border,CITY AMRITSAR,NAVANKOT,Unplanned,Closed,2026-07-06T07:10:00Z,2026-07-06T07:50:00Z,40
1892407,Border,SUB URBAN AMRITSAR,MAJITHA,Unplanned,Closed,2026-07-06T07:02:59Z,2026-07-06T07:33:24Z,30
1892406,Border,SUB URBAN AMRITSAR,UPS  AMARKOT,Unplanned,Closed,2026-07-06T06:25:00Z,2026-07-06T07:35:00Z,70
1892405,South,PATIALA,Nabha Gate,Unplanned,Closed,2026-07-06T06:24:00Z,2026-07-06T07:29:00Z,65
1892404,East,Zirakpur,PEER BABA ROAD,Unplanned,Closed,2026-07-06T06:10:00Z,2026-07-06T07:58:00Z,108
1892403,East,Zirakpur,SANULI,Unplanned,Closed,2026-07-06T06:06:00Z,2026-07-06T06:40:00Z,34
1892401,East,Zirakpur,SINGHPURA,Unplanned,Closed,2026-07-06T05:36:00Z,2026-07-06T06:18:00Z,42
1892400,South,PATIALA,Ablowal Feeder,Unplanned,Closed,2026-07-06T04:29:00Z,2026-07-06T05:45:05Z,76
1892402,East,Zirakpur,GREEN VALLEY,Unplanned,Closed,2026-07-06T02:00:00Z,2026-07-06T03:22:00Z,82
1892501,Border,CITY AMRITSAR,Cheel Mandi,Unplanned,Closed,2026-07-06T01:30:00Z,2026-07-06T03:15:00Z,105
1892399,Border,SUB URBAN AMRITSAR,City-3,Unplanned,Closed,2026-07-06T00:10:00Z,2026-07-06T01:20:00Z,70
1892398,Border,GURDASPUR,Preet Nagar,Unplanned,Closed,2026-07-06T00:00:00Z,2026-07-06T02:00:00Z,120
