outage_id,Zone,Circle,Feeder,Type of Outage,Status,Start Time,End Time,Diff in mins
1833258,East,MOHALI,11KV MANAV RACHNA,Planned,Active,2026-05-05T12:00:00Z,2026-05-05T14:00:00Z,120
1833527,Border,SUB URBAN AMRITSAR,KALLEY,Planned,Active,2026-05-05T11:00:00Z,2026-05-05T14:00:00Z,180
1833526,Border,SUB URBAN AMRITSAR,Mallan Wali,Planned,Active,2026-05-05T11:00:00Z,2026-05-05T14:00:00Z,180
1833653,Border,GURDASPUR,Murgi Mohalla,Planned,Active,2026-05-05T10:57:00Z,2026-05-05T16:00:00Z,303
1833650,Central,CITY WEST LUDHIANA,B.V.M.,Unplanned,Active,2026-05-05T10:50:47Z,2026-05-05T11:59:49Z,69
1833646,South,SANGRUR,New Bardwal,Unplanned,Active,2026-05-05T10:50:15Z,2026-05-05T13:20:26Z,150
1833652,South,PATIALA,MOHINDER GANJ,Unplanned,Active,2026-05-05T10:50:00Z,2026-05-05T12:00:00Z,70
1833648,Border,GURDASPUR,11 KV Massanian,Planned,Active,2026-05-05T10:50:00Z,2026-05-05T16:00:00Z,310
1833647,Border,GURDASPUR,Mata Sulakhni Ji,Planned,Active,2026-05-05T10:50:00Z,2026-05-05T16:00:00Z,310
1833649,North,HOSHIARPUR,MEGHOWAL,Unplanned,Active,2026-05-05T10:47:00Z,2026-05-05T12:47:00Z,120
1833641,Border,GURDASPUR,Taragarh,Unplanned,Active,2026-05-05T10:47:00Z,2026-05-05T11:45:00Z,58
1833640,Border,GURDASPUR,Saidipur,Unplanned,Active,2026-05-05T10:47:00Z,2026-05-05T11:45:00Z,58
1833645,North,JALANDHAR,GANDHI NAGAR,Unplanned,Active,2026-05-05T10:45:00Z,2026-05-05T12:00:00Z,75
1833643,Border,SUB URBAN AMRITSAR,UPS Chattiwind,Planned,Active,2026-05-05T10:45:00Z,2026-05-05T11:15:00Z,30
1833642,Border,SUB URBAN AMRITSAR,Chatiwind,Unplanned,Active,2026-05-05T10:45:00Z,2026-05-05T11:15:00Z,30
1833637,Border,GURDASPUR,Improvement Trust,Planned,Active,2026-05-05T10:45:00Z,2026-05-05T16:00:00Z,315
1833635,Border,GURDASPUR,11 KV BHANDHRI MOHALLA,Planned,Active,2026-05-05T10:41:00Z,2026-05-05T14:00:00Z,199
1833627,North,KAPURTHALA,UPS NANAKPUR,Planned,Active,2026-05-05T10:38:00Z,2026-05-05T14:00:00Z,202
1833644,Central,KHANNA,DANA MANDI,Unplanned,Active,2026-05-05T10:37:00Z,2026-05-05T12:00:00Z,83
1833632,West,FARIDKOT,BAJA ROAD,Planned,Active,2026-05-05T10:36:00Z,2026-05-05T11:34:00Z,58
1833634,Border,GURDASPUR,Bank colony,Planned,Active,2026-05-05T10:35:00Z,2026-05-05T14:00:00Z,205
1833625,North,KAPURTHALA,DHUGGAR,Planned,Active,2026-05-05T10:35:00Z,2026-05-05T13:00:00Z,145
1833628,West,FARIDKOT,SAMAGH UPS,Unplanned,Active,2026-05-05T10:33:15Z,2026-05-05T10:47:44Z,14
1833626,North,HOSHIARPUR,SAGRA,Unplanned,Closed,2026-05-05T10:32:00Z,2026-05-05T10:52:00Z,20
1833630,North,HOSHIARPUR,LAROYA,Unplanned,Active,2026-05-05T10:30:00Z,2026-05-05T11:30:00Z,60
1833629,North,HOSHIARPUR,DALLI shared feeder with s/divn,Unplanned,Active,2026-05-05T10:30:00Z,2026-05-05T11:30:00Z,60
1833622,South,PATIALA,11 KV RAI MAJRA,Unplanned,Closed,2026-05-05T10:28:00Z,2026-05-05T10:34:00Z,6
1833651,North,NAWANSHAHR,Urban,Unplanned,Active,2026-05-05T10:24:00Z,2026-05-05T13:00:00Z,156
1833620,North,JALANDHAR,NURPUR UPS,Unplanned,Closed,2026-05-05T10:24:00Z,2026-05-05T10:45:00Z,21
1833623,Central,KHANNA,Mugol Majra,Unplanned,Active,2026-05-05T10:23:00Z,2026-05-05T11:44:00Z,81
1833621,North,KAPURTHALA,UPS Sangatpur,Unplanned,Active,2026-05-05T10:21:00Z,2026-05-05T13:00:00Z,159
1833639,Border,GURDASPUR,Sri Hargobindpur,Unplanned,Active,2026-05-05T10:20:00Z,2026-05-05T14:00:00Z,220
1833631,North,JALANDHAR,CHUHARWALI,Unplanned,Active,2026-05-05T10:20:00Z,2026-05-05T11:57:00Z,97
1833624,North,JALANDHAR,LINK FEEDER,Unplanned,Active,2026-05-05T10:20:00Z,2026-05-05T12:36:00Z,136
1833617,Border,GURDASPUR,Dalla UPS,Unplanned,Active,2026-05-05T10:20:00Z,2026-05-05T14:00:00Z,220
1833615,North,HOSHIARPUR,Jallowal,Unplanned,Active,2026-05-05T10:16:00Z,2026-05-05T12:16:00Z,120
1833070,Central,SUB URBAN LUDHIANA,RACHHIN,Planned,Active,2026-05-05T10:15:01Z,2026-05-05T14:00:00Z,224
1833619,East,MOHALI,11KV SHAMPUR AP,Unplanned,Closed,2026-05-05T10:15:00Z,2026-05-05T10:35:00Z,20
1833616,East,MOHALI,11 KV RAIPUR KALAN UPS,Unplanned,Closed,2026-05-05T10:15:00Z,2026-05-05T10:35:00Z,20
1833614,North,HOSHIARPUR,BASSI,Unplanned,Active,2026-05-05T10:15:00Z,2026-05-05T11:15:00Z,60
1833607,North,KAPURTHALA,BUS ADDA BILGA URBAN,Planned,Active,2026-05-05T10:13:00Z,2026-05-05T12:00:00Z,107
1833633,East,Zirakpur,SACHKHAND SAHIB,Unplanned,Closed,2026-05-05T10:11:00Z,2026-05-05T10:48:00Z,37
1833605,North,NAWANSHAHR,11KVCITY-2,Planned,Active,2026-05-05T10:10:07Z,2026-05-05T14:02:57Z,232
1833602,North,NAWANSHAHR,City Banga,Planned,Active,2026-05-05T10:10:07Z,2026-05-05T14:02:57Z,232
1833612,Border,GURDASPUR,BOP Tash,Unplanned,Active,2026-05-05T10:10:00Z,2026-05-05T13:00:00Z,170
1833611,Border,GURDASPUR,Jaswan,Unplanned,Active,2026-05-05T10:10:00Z,2026-05-05T13:00:00Z,170
1833601,Border,GURDASPUR,Paroshah,Planned,Active,2026-05-05T10:10:00Z,2026-05-05T16:00:00Z,350
1833603,West,MUKATSAR,11 KV Chirag dhani,Unplanned,Active,2026-05-05T10:09:41Z,2026-05-05T10:40:02Z,30
1833613,Border,SUB URBAN AMRITSAR,24 Hrs Bhullar,Unplanned,Active,2026-05-05T10:09:00Z,2026-05-05T15:00:00Z,291
1833638,Border,SUB URBAN AMRITSAR,Tung pai,Unplanned,Active,2026-05-05T10:06:00Z,2026-05-05T12:00:00Z,114
1833636,Border,SUB URBAN AMRITSAR,KASHMIR AVANUE,Unplanned,Active,2026-05-05T10:06:00Z,2026-05-05T12:00:00Z,114
1833618,Border,GURDASPUR,KHAN PIARA,Unplanned,Active,2026-05-05T10:05:00Z,2026-05-05T12:00:00Z,115
1833610,Border,TARN TARAN,NAURANGABAD UPS,Unplanned,Closed,2026-05-05T10:05:00Z,2026-05-05T10:40:00Z,35
1833609,Border,SUB URBAN AMRITSAR,PAWAN NAGAR,Unplanned,Active,2026-05-05T10:05:00Z,2026-05-05T12:00:00Z,115
1833604,North,HOSHIARPUR,11KV Dagan UPS,Planned,Active,2026-05-05T10:05:00Z,2026-05-05T14:00:00Z,235
1833595,Central,KHANNA,11 KV MIRPUR,Planned,Closed,2026-05-05T10:01:38Z,2026-05-05T10:15:27Z,13
1833473,Border,TARN TARAN,SAIDPUR URBAN,Planned,Active,2026-05-05T10:00:56Z,2026-05-05T14:00:56Z,240
1833472,Border,TARN TARAN,KOT HAYAT,Planned,Active,2026-05-05T10:00:56Z,2026-05-05T14:00:56Z,240
1833471,Border,TARN TARAN,Sarja UPS,Planned,Active,2026-05-05T10:00:56Z,2026-05-05T14:00:56Z,240
1833470,Border,TARN TARAN,Dera Baba Teja Singh,Planned,Active,2026-05-05T10:00:56Z,2026-05-05T14:00:56Z,240
1833469,Border,TARN TARAN,Dera Saidpur,Planned,Active,2026-05-05T10:00:56Z,2026-05-05T14:00:56Z,240
1833478,Border,TARN TARAN,DARAPUR,Planned,Active,2026-05-05T10:00:07Z,2026-05-05T14:00:07Z,240
1833477,Border,TARN TARAN,MIANWIND URBAN,Planned,Active,2026-05-05T10:00:07Z,2026-05-05T14:00:07Z,240
1833476,Border,TARN TARAN,Mallah,Planned,Active,2026-05-05T10:00:07Z,2026-05-05T14:00:07Z,240
1833475,Border,TARN TARAN,NAGOKE URBAN,Planned,Active,2026-05-05T10:00:07Z,2026-05-05T14:00:07Z,240
1833474,Border,TARN TARAN,Botelkiri,Planned,Active,2026-05-05T10:00:07Z,2026-05-05T14:00:07Z,240
1833598,North,JALANDHAR,KATHAR,Unplanned,Closed,2026-05-05T10:00:00Z,2026-05-05T10:17:00Z,17
1833597,North,HOSHIARPUR,MUKERIAN,Planned,Active,2026-05-05T10:00:00Z,2026-05-05T14:00:00Z,240
1833596,North,HOSHIARPUR,Rest House,Planned,Active,2026-05-05T10:00:00Z,2026-05-05T14:00:00Z,240
1833593,Central,CITY WEST LUDHIANA,Shiv Kripa,Planned,Active,2026-05-05T10:00:00Z,2026-05-05T14:00:00Z,240
1833567,Border,GURDASPUR,I.T.I,Planned,Active,2026-05-05T10:00:00Z,2026-05-05T16:00:00Z,360
1833560,South,SANGRUR,Dashmesh nagar,Planned,Active,2026-05-05T10:00:00Z,2026-05-05T14:00:00Z,240
1833558,South,SANGRUR,11KV KHERU ROAD CAT2,Planned,Active,2026-05-05T10:00:00Z,2026-05-05T14:00:00Z,240
1833557,South,SANGRUR,Kakarwal,Planned,Active,2026-05-05T10:00:00Z,2026-05-05T14:00:00Z,240
1833172,Central,SUB URBAN LUDHIANA,CITY 8,Planned,Active,2026-05-05T10:00:00Z,2026-05-05T14:00:00Z,240
1833171,Central,SUB URBAN LUDHIANA,CITY NO 07,Planned,Active,2026-05-05T10:00:00Z,2026-05-05T14:00:00Z,240
1833168,Central,SUB URBAN LUDHIANA,CITY-6,Planned,Active,2026-05-05T10:00:00Z,2026-05-05T14:00:00Z,240
1833166,Central,SUB URBAN LUDHIANA,CITY-5,Planned,Active,2026-05-05T10:00:00Z,2026-05-05T14:00:00Z,240
1833494,Border,CITY AMRITSAR,11 KV Dhab Tilli Bhanna,Planned,Active,2026-05-05T09:57:00Z,2026-05-05T13:00:00Z,183
1833608,North,HOSHIARPUR,11 Kv Atyal sahib,Planned,Active,2026-05-05T09:55:00Z,2026-05-05T14:00:00Z,245
1833606,North,HOSHIARPUR,Rajpur Ups,Planned,Active,2026-05-05T09:55:00Z,2026-05-05T14:00:00Z,245
1833600,North,HOSHIARPUR,Handowal,Unplanned,Active,2026-05-05T09:55:00Z,2026-05-05T11:55:00Z,120
1833594,North,HOSHIARPUR,UNCHIBASSI,Unplanned,Active,2026-05-05T09:54:00Z,2026-05-05T10:49:00Z,55
1833493,Border,CITY AMRITSAR,11 KV Lahori Gate,Planned,Active,2026-05-05T09:54:00Z,2026-05-05T13:00:00Z,186
1833592,Central,CITY WEST LUDHIANA,Kiran Vihar,Unplanned,Closed,2026-05-05T09:43:18Z,2026-05-05T10:08:06Z,24
1833591,Central,CITY WEST LUDHIANA,BAREWAL VILLAGE,Unplanned,Active,2026-05-05T09:42:03Z,2026-05-05T10:42:06Z,60
1833587,Border,GURDASPUR,HARNAM NAGAR,Planned,Active,2026-05-05T09:40:00Z,2026-05-05T12:00:00Z,140
1833586,North,KAPURTHALA,UPS GURSAR,Planned,Active,2026-05-05T09:40:00Z,2026-05-05T14:00:00Z,260
1833585,North,KAPURTHALA,URBAN FATTUDHINGA,Planned,Active,2026-05-05T09:40:00Z,2026-05-05T14:00:00Z,260
1833589,West,MUKATSAR,11 KV SAIDANWALI,Unplanned,Active,2026-05-05T09:38:19Z,2026-05-05T10:38:05Z,59
1833590,South,SANGRUR,Hamirgarh,Unplanned,Active,2026-05-05T09:38:00Z,2026-05-05T12:38:14Z,180
1833588,North,JALANDHAR,MIG,Unplanned,Closed,2026-05-05T09:36:00Z,2026-05-05T10:40:00Z,64
1833581,North,NAWANSHAHR,CITY GARHSHANKAR,Planned,Closed,2026-05-05T09:35:00Z,2026-05-05T09:56:00Z,21
1833583,West,MUKATSAR,DALMIR KHERA,Unplanned,Active,2026-05-05T09:34:31Z,2026-05-05T09:37:43Z,3
1833584,West,MUKATSAR,MAUJGARH,Unplanned,Active,2026-05-05T09:34:07Z,2026-05-05T09:55:18Z,21
1833582,South,PATIALA,11 KV AP GAUNSPUR,Unplanned,Active,2026-05-05T09:32:52Z,2026-05-05T11:30:00Z,117
1831494,West,BATHINDA,JHUNIR,Planned,Active,2026-05-05T09:30:20Z,2026-05-05T12:30:20Z,180
1831532,West,BATHINDA,UPS-II,Planned,Active,2026-05-05T09:30:00Z,2026-05-05T12:30:00Z,180
1833577,Border,GURDASPUR,Sujanpur,Unplanned,Active,2026-05-05T09:28:00Z,2026-05-05T12:00:00Z,152
1833575,West,MUKATSAR,BHANGER KHERA,Unplanned,Active,2026-05-05T09:25:55Z,2026-05-05T10:40:11Z,74
1833576,West,MUKATSAR,11 KV Punjava Model,Unplanned,Active,2026-05-05T09:25:33Z,2026-05-05T10:40:45Z,75
1833574,Border,GURDASPUR,Khundi,Unplanned,Active,2026-05-05T09:25:00Z,2026-05-05T12:00:00Z,155
1833573,Border,GURDASPUR,N.J.Singh 24hrs,Planned,Active,2026-05-05T09:23:00Z,2026-05-05T13:00:00Z,217
1833572,Border,GURDASPUR,Tharial,Planned,Active,2026-05-05T09:23:00Z,2026-05-05T13:00:00Z,217
1833571,Border,GURDASPUR,Abrol Nagar,Planned,Active,2026-05-05T09:23:00Z,2026-05-05T13:00:00Z,217
1833570,Border,GURDASPUR,Azizpur Sarna,Planned,Active,2026-05-05T09:23:00Z,2026-05-05T13:00:00Z,217
1833569,Border,GURDASPUR,Bharoli,Planned,Active,2026-05-05T09:23:00Z,2026-05-05T13:00:00Z,217
1833580,East,Zirakpur,JEOLY,Unplanned,Active,2026-05-05T09:22:46Z,2026-05-05T10:02:15Z,39
1833564,Border,GURDASPUR,Rattangarh,Planned,Active,2026-05-05T09:20:51Z,2026-05-05T11:30:02Z,129
1833578,North,KAPURTHALA,UPS Fajalpur,Unplanned,Closed,2026-05-05T09:20:00Z,2026-05-05T10:00:00Z,40
1833563,South,SANGRUR,24 HRS. MAHASINGHWALA,Unplanned,Active,2026-05-05T09:10:27Z,2026-05-05T09:35:38Z,25
1833565,Border,GURDASPUR,Rattowal,Unplanned,Active,2026-05-05T09:10:00Z,2026-05-05T12:00:00Z,170
1833562,Central,CITY EAST LUDHIANA,BRAHM PURI,Unplanned,Closed,2026-05-05T09:08:00Z,2026-05-05T09:48:00Z,40
1833559,Border,GURDASPUR,Anandpur Road,Planned,Active,2026-05-05T09:08:00Z,2026-05-05T13:00:00Z,232
1833568,North,HOSHIARPUR,SHAH NEHAR,Planned,Active,2026-05-05T09:05:00Z,2026-05-05T13:00:00Z,235
1833566,North,JALANDHAR,KAPOOR PIND,Unplanned,Active,2026-05-05T09:05:00Z,2026-05-05T10:51:00Z,106
1833544,North,KAPURTHALA,Mahuwal,Planned,Closed,2026-05-05T08:52:00Z,2026-05-05T09:20:00Z,28
1833547,West,MUKATSAR,11 KV GANGA NAGAR ROAD,Unplanned,Active,2026-05-05T08:50:28Z,2026-05-05T09:20:42Z,30
1833548,West,MUKATSAR,11 KV Alamgarh,Unplanned,Active,2026-05-05T08:50:01Z,2026-05-05T09:20:11Z,30
1833561,North,HOSHIARPUR,Handowal,Unplanned,Closed,2026-05-05T08:45:00Z,2026-05-05T09:15:00Z,30
1833549,North,JALANDHAR,CHOKAN,Unplanned,Closed,2026-05-05T08:45:00Z,2026-05-05T10:05:00Z,80
1833537,West,MUKATSAR,11 KV BSF,Unplanned,Active,2026-05-05T08:43:52Z,2026-05-05T09:30:04Z,46
1833538,South,PATIALA,BATHAN,Unplanned,Active,2026-05-05T08:41:00Z,2026-05-05T15:00:00Z,379
1833534,North,NAWANSHAHR,BHARTA,Unplanned,Closed,2026-05-05T08:40:00Z,2026-05-05T09:25:00Z,45
1833556,North,JALANDHAR,Alipur,Unplanned,Closed,2026-05-05T08:35:21Z,2026-05-05T09:55:21Z,80
1833555,North,JALANDHAR,Eastwood,Unplanned,Closed,2026-05-05T08:35:21Z,2026-05-05T09:55:21Z,80
1833554,North,JALANDHAR,Vajra Vihar,Unplanned,Closed,2026-05-05T08:35:21Z,2026-05-05T09:55:21Z,80
1833553,North,JALANDHAR,New Defence Colony,Unplanned,Closed,2026-05-05T08:35:21Z,2026-05-05T09:55:21Z,80
1833552,North,JALANDHAR,Lucky Dhaba,Unplanned,Closed,2026-05-05T08:35:21Z,2026-05-05T09:55:21Z,80
1833551,North,JALANDHAR,Lilly Resort,Unplanned,Closed,2026-05-05T08:35:21Z,2026-05-05T09:55:21Z,80
1833550,North,JALANDHAR,Viva Collage New,Unplanned,Closed,2026-05-05T08:35:21Z,2026-05-05T09:55:21Z,80
1833546,North,JALANDHAR,NARANGPUR,Unplanned,Closed,2026-05-05T08:35:00Z,2026-05-05T09:30:00Z,55
1833531,East,MOHALI,11 KV Indus,Unplanned,Closed,2026-05-05T08:28:48Z,2026-05-05T08:50:56Z,22
1833532,Central,CITY EAST LUDHIANA,SANTOKH NAGAR,Unplanned,Closed,2026-05-05T08:28:00Z,2026-05-05T09:52:00Z,84
1833530,Central,CITY EAST LUDHIANA,SEKHEWAL,Unplanned,Closed,2026-05-05T08:28:00Z,2026-05-05T09:52:00Z,84
1833533,East,ROPAR,11 KV Moura,Unplanned,Closed,2026-05-05T08:23:00Z,2026-05-05T08:45:00Z,22
1833529,Central,KHANNA,Labour Colony,Unplanned,Active,2026-05-05T08:22:00Z,2026-05-05T13:00:00Z,278
1833528,South,PATIALA,MIRZAPUR,Unplanned,Active,2026-05-05T08:15:00Z,2026-05-05T12:00:00Z,225
1833522,Border,CITY AMRITSAR,11Kv Ghee Mandi 2,Unplanned,Closed,2026-05-05T08:11:00Z,2026-05-05T09:10:00Z,59
1833523,North,KAPURTHALA,BILLI CHAHARMI,Unplanned,Closed,2026-05-05T08:10:00Z,2026-05-05T09:25:00Z,75
1833525,North,JALANDHAR,KANGNIWAL,Unplanned,Closed,2026-05-05T08:01:00Z,2026-05-05T08:36:00Z,35
1833521,North,HOSHIARPUR,11 KV Shri Guru Nanak Nagar,Unplanned,Closed,2026-05-05T08:00:00Z,2026-05-05T08:32:00Z,32
1833520,North,NAWANSHAHR,SIMBAL MAJARA,Unplanned,Closed,2026-05-05T07:58:00Z,2026-05-05T08:30:00Z,32
1833524,North,JALANDHAR,Johal,Unplanned,Closed,2026-05-05T07:55:00Z,2026-05-05T08:45:00Z,50
1833519,East,ROPAR,PADIALA,Unplanned,Closed,2026-05-05T07:50:00Z,2026-05-05T08:30:00Z,40
1833518,North,HOSHIARPUR,KAKKON,Unplanned,Closed,2026-05-05T07:40:00Z,2026-05-05T08:21:00Z,41
1833516,Central,CITY WEST LUDHIANA,JAWADDI,Unplanned,Closed,2026-05-05T07:39:43Z,2026-05-05T08:20:06Z,40
1833515,South,SANGRUR,11 Peeran Wala Gate Cat-1,Unplanned,Active,2026-05-05T07:32:54Z,2026-05-05T09:36:15Z,123
1833545,Border,GURDASPUR,CHANDU WADALA,Unplanned,Closed,2026-05-05T07:30:00Z,2026-05-05T09:22:00Z,112
1833543,Border,GURDASPUR,Dhidowal,Unplanned,Closed,2026-05-05T07:30:00Z,2026-05-05T09:21:00Z,111
1833542,Border,GURDASPUR,ROSSA,Unplanned,Closed,2026-05-05T07:30:00Z,2026-05-05T09:20:00Z,110
1833541,Border,GURDASPUR,Rahimabad,Unplanned,Closed,2026-05-05T07:30:00Z,2026-05-05T10:06:00Z,156
1833540,Border,GURDASPUR,DEHAR,Unplanned,Closed,2026-05-05T07:30:00Z,2026-05-05T09:23:00Z,113
1833539,Border,GURDASPUR,NABI NAGAR,Unplanned,Active,2026-05-05T07:30:00Z,2026-05-05T11:00:00Z,210
1833513,South,PATIALA,11 KV Dharamheri,Unplanned,Closed,2026-05-05T07:30:00Z,2026-05-05T08:25:41Z,55
1833512,East,MOHALI,11KV EYE HOSPITAL,Unplanned,Closed,2026-05-05T07:22:00Z,2026-05-05T10:04:32Z,162
1833511,East,ROPAR,SRAIN,Unplanned,Closed,2026-05-05T07:21:00Z,2026-05-05T07:42:00Z,21
1833507,Central,CITY WEST LUDHIANA,BANK  COLONY,Unplanned,Active,2026-05-05T07:20:52Z,2026-05-05T10:58:00Z,217
1833514,North,JALANDHAR,DAROLI KHURD,Unplanned,Closed,2026-05-05T07:20:00Z,2026-05-05T10:15:00Z,175
1833517,East,Zirakpur,SIMRAN,Unplanned,Closed,2026-05-05T07:15:00Z,2026-05-05T08:32:00Z,77
1833509,Border,TARN TARAN,CITY 2,Unplanned,Closed,2026-05-05T07:15:00Z,2026-05-05T07:30:00Z,15
1833508,Border,TARN TARAN,CITY 5,Unplanned,Closed,2026-05-05T07:15:00Z,2026-05-05T07:30:00Z,15
1833505,North,KAPURTHALA,URBAN Khadar Bhandar,Unplanned,Closed,2026-05-05T07:10:00Z,2026-05-05T07:40:00Z,30
1833501,North,HOSHIARPUR,Khalsa College Garhdiwala,Unplanned,Closed,2026-05-05T07:00:00Z,2026-05-05T08:01:00Z,61
1833502,East,ROPAR,11 KV Paharpur,Unplanned,Closed,2026-05-05T06:59:00Z,2026-05-05T07:48:00Z,49
1833510,Border,GURDASPUR,UPS Feeder,Unplanned,Closed,2026-05-05T06:55:00Z,2026-05-05T07:30:00Z,35
1833500,East,ROPAR,PLATA,Unplanned,Closed,2026-05-05T06:55:00Z,2026-05-05T07:30:00Z,35
1833499,North,HOSHIARPUR,Mahilpur,Unplanned,Closed,2026-05-05T06:55:00Z,2026-05-05T07:00:00Z,5
1833503,Central,CITY WEST LUDHIANA,BUS STAND,Unplanned,Closed,2026-05-05T06:54:00Z,2026-05-05T07:37:00Z,43
1833504,East,ROPAR,Dhakoran,Unplanned,Closed,2026-05-05T06:48:00Z,2026-05-05T10:44:00Z,236
1833498,Central,KHANNA,Royal,Unplanned,Closed,2026-05-05T06:47:00Z,2026-05-05T08:36:00Z,109
1833497,Central,KHANNA,Labour Colony,Unplanned,Closed,2026-05-05T06:47:00Z,2026-05-05T08:06:00Z,79
1833495,North,NAWANSHAHR,MAHIPUR,Unplanned,Closed,2026-05-05T06:38:00Z,2026-05-05T07:35:00Z,57
1833492,North,HOSHIARPUR,DAM,Unplanned,Closed,2026-05-05T06:37:00Z,2026-05-05T07:20:00Z,43
1833490,North,HOSHIARPUR,11 KV Banial Feeder,Unplanned,Closed,2026-05-05T06:31:00Z,2026-05-05T07:40:00Z,69
1833489,North,HOSHIARPUR,11KV KALLOWAL FEEDER,Unplanned,Closed,2026-05-05T06:31:00Z,2026-05-05T07:40:00Z,69
1833491,Border,GURDASPUR,Kiari,Unplanned,Closed,2026-05-05T06:30:00Z,2026-05-05T07:05:00Z,35
1833485,North,HOSHIARPUR,BADLA,Unplanned,Closed,2026-05-05T06:24:00Z,2026-05-05T07:45:00Z,81
1833486,North,JALANDHAR,Dhadde,Unplanned,Closed,2026-05-05T06:20:00Z,2026-05-05T06:45:00Z,25
1833482,North,HOSHIARPUR,Khalsa College Garhdiwala,Unplanned,Closed,2026-05-05T06:18:00Z,2026-05-05T06:50:00Z,32
1833484,East,ROPAR,Bassi,Unplanned,Closed,2026-05-05T06:17:00Z,2026-05-05T06:40:00Z,23
1833483,North,HOSHIARPUR,RAMPUR,Unplanned,Closed,2026-05-05T06:15:00Z,2026-05-05T08:00:00Z,105
1833480,North,KAPURTHALA,Bangiwal UPS,Unplanned,Closed,2026-05-05T06:15:00Z,2026-05-05T07:19:00Z,64
1833481,East,Zirakpur,11 kv adda jhungia cat-1,Unplanned,Closed,2026-05-05T06:13:00Z,2026-05-05T07:29:00Z,76
1833479,North,NAWANSHAHR,BHAWANIPUR,Unplanned,Closed,2026-05-05T06:13:00Z,2026-05-05T07:02:00Z,49
1833488,South,PATIALA,ROSHANPUR,Unplanned,Closed,2026-05-05T05:54:45Z,2026-05-05T06:35:45Z,41
1833487,South,PATIALA,BOLI SAHIB,Unplanned,Closed,2026-05-05T05:54:45Z,2026-05-05T06:34:45Z,40
1833468,North,NAWANSHAHR,RAM NAGAR,Unplanned,Closed,2026-05-05T05:50:00Z,2026-05-05T06:33:00Z,43
1833467,South,PATIALA,DIDAR STEEL,Unplanned,Closed,2026-05-05T05:48:00Z,2026-05-05T06:35:00Z,47
1833496,North,JALANDHAR,BABA MANDIR 132KV FOCAL POINT,Unplanned,Closed,2026-05-05T05:30:00Z,2026-05-05T07:02:00Z,92
1833465,East,MOHALI,I.T PARK,Unplanned,Closed,2026-05-05T05:25:00Z,2026-05-05T05:52:00Z,27
1833464,North,KAPURTHALA,UPS Rawal,Unplanned,Closed,2026-05-05T05:23:00Z,2026-05-05T06:20:00Z,57
1833463,North,NAWANSHAHR,Muthada urban,Unplanned,Active,2026-05-05T05:05:00Z,2026-05-05T11:00:00Z,355
1833461,Border,TARN TARAN,UPS DHARIWAL,Unplanned,Closed,2026-05-05T05:05:00Z,2026-05-05T08:05:05Z,180
1833466,South,PATIALA,NANDGARH,Unplanned,Closed,2026-05-05T05:00:00Z,2026-05-05T06:35:00Z,95
1833460,North,HOSHIARPUR,TARAGARH,Unplanned,Closed,2026-05-05T05:00:00Z,2026-05-05T05:25:00Z,25
1833459,North,HOSHIARPUR,JALBHEY,Unplanned,Closed,2026-05-05T05:00:00Z,2026-05-05T06:30:00Z,90
1833458,North,HOSHIARPUR,PATHRALIAN,Unplanned,Closed,2026-05-05T05:00:00Z,2026-05-05T06:35:00Z,95
1833462,North,KAPURTHALA,UPS DALLA,Unplanned,Closed,2026-05-05T04:55:00Z,2026-05-05T05:35:00Z,40
1833456,Border,GURDASPUR,BHORA SAHIB,Unplanned,Closed,2026-05-05T04:55:00Z,2026-05-05T06:56:00Z,121
1833455,Border,GURDASPUR,24hrs Shuhar,Unplanned,Closed,2026-05-05T04:50:00Z,2026-05-05T06:15:00Z,85
1833450,North,HOSHIARPUR,HARKOWAL,Unplanned,Closed,2026-05-05T04:50:00Z,2026-05-05T06:45:00Z,115
1833454,East,Zirakpur,Rampur kalan,Unplanned,Active,2026-05-05T04:45:00Z,2026-05-05T07:30:00Z,165
1833452,East,Zirakpur,11 kv adda jhungia cat-1,Unplanned,Closed,2026-05-05T04:45:00Z,2026-05-05T06:05:00Z,80
1833449,North,JALANDHAR,EKTA NAGAR,Unplanned,Closed,2026-05-05T04:24:00Z,2026-05-05T06:55:00Z,151
1833448,North,NAWANSHAHR,TAKARLA,Unplanned,Closed,2026-05-05T04:15:00Z,2026-05-05T07:55:00Z,220
1833579,Border,CITY AMRITSAR,11 KV Peer Shah Road,Unplanned,Closed,2026-05-05T04:09:36Z,2026-05-05T04:30:02Z,20
1833445,North,KAPURTHALA,URBAN Mustfapur,Unplanned,Closed,2026-05-05T03:50:00Z,2026-05-05T07:00:00Z,190
1833441,East,MOHALI,Sec-53A,Unplanned,Closed,2026-05-05T03:48:00Z,2026-05-05T04:10:36Z,22
1833447,East,MOHALI,Trivikarma,Unplanned,Closed,2026-05-05T03:40:00Z,2026-05-05T05:52:00Z,132
1833444,Border,TARN TARAN,UPS JAUR SINGH WALA,Unplanned,Closed,2026-05-05T03:34:38Z,2026-05-05T08:29:11Z,294
1833443,Border,TARN TARAN,UPS MAAN,Unplanned,Closed,2026-05-05T03:30:38Z,2026-05-05T07:54:41Z,264
1833438,East,ROPAR,SUGARMILL,Unplanned,Closed,2026-05-05T03:05:00Z,2026-05-05T04:02:00Z,57
1833446,Border,TARN TARAN,UPS BABA JHARH SAHIB JI,Unplanned,Closed,2026-05-05T02:50:38Z,2026-05-05T07:03:19Z,252
1833430,North,NAWANSHAHR,DHARAMPUR,Unplanned,Closed,2026-05-05T02:45:00Z,2026-05-05T05:15:00Z,150
1833432,Central,CITY EAST LUDHIANA,BY PASS,Unplanned,Closed,2026-05-05T02:41:00Z,2026-05-05T04:09:00Z,88
1833429,Border,TARN TARAN,KAROWAL,Unplanned,Closed,2026-05-05T02:07:00Z,2026-05-05T07:42:00Z,335
1833437,North,KAPURTHALA,SALAMATPUR,Unplanned,Closed,2026-05-05T01:50:00Z,2026-05-05T06:40:00Z,290
1833436,North,KAPURTHALA,UPS METLA,Unplanned,Closed,2026-05-05T01:50:00Z,2026-05-05T07:50:00Z,360
1833435,North,KAPURTHALA,CAT-1 BHOLATH,Unplanned,Closed,2026-05-05T01:50:00Z,2026-05-05T07:20:00Z,330
1833428,North,JALANDHAR,EKTA NAGAR,Unplanned,Closed,2026-05-05T01:45:00Z,2026-05-05T03:13:00Z,88
1833427,North,JALANDHAR,LADHAYWALI,Unplanned,Closed,2026-05-05T01:45:00Z,2026-05-05T06:55:00Z,310
1833426,South,BARNALA,LASSOI CAT.1,Unplanned,Closed,2026-05-05T01:30:00Z,2026-05-05T03:24:00Z,114
1833425,North,HOSHIARPUR,Lalpur,Unplanned,Closed,2026-05-05T01:27:00Z,2026-05-05T01:35:00Z,8
1833424,North,HOSHIARPUR,KHARKAN,Unplanned,Closed,2026-05-05T01:17:00Z,2026-05-05T01:55:00Z,38
1833423,East,MOHALI,11 KV jLPLSec-90 91,Unplanned,Closed,2026-05-05T01:15:00Z,2026-05-05T02:33:19Z,78
1833536,South,BARNALA,BHADAUR URBAN,Unplanned,Closed,2026-05-05T01:12:00Z,2026-05-05T04:44:00Z,212
1833419,North,NAWANSHAHR,CITY GARHSHANKAR,Unplanned,Closed,2026-05-05T01:12:00Z,2026-05-05T02:25:00Z,73
1833442,Border,TARN TARAN,THATHIAN 3 W URBAN`,Unplanned,Closed,2026-05-05T01:10:00Z,2026-05-05T05:55:00Z,285
1833439,Border,TARN TARAN,NAUSHEHRA PANNUN URBAN,Unplanned,Closed,2026-05-05T01:10:00Z,2026-05-05T06:25:00Z,315
1833434,Border,TARN TARAN,UPS Machike,Unplanned,Closed,2026-05-05T01:10:00Z,2026-05-05T06:36:00Z,326
1833451,Border,SUB URBAN AMRITSAR,Urban-1 Nawapind,Unplanned,Closed,2026-05-05T01:05:00Z,2026-05-05T05:49:00Z,284
1833414,North,HOSHIARPUR,NARA DADA,Unplanned,Closed,2026-05-05T01:03:00Z,2026-05-05T01:51:00Z,48
1833418,Border,TARN TARAN,Fatehabad Urban .,Unplanned,Closed,2026-05-05T01:01:00Z,2026-05-05T06:50:00Z,349
1833410,North,HOSHIARPUR,service club,Unplanned,Closed,2026-05-05T01:00:00Z,2026-05-05T01:34:00Z,34
1833409,South,PATIALA,UPS KAKRALA,Unplanned,Closed,2026-05-05T01:00:00Z,2026-05-05T06:06:00Z,306
1833406,North,KAPURTHALA,UPS Nagal Ambian,Unplanned,Closed,2026-05-05T00:52:00Z,2026-05-05T05:53:00Z,301
1833405,North,KAPURTHALA,UPS Sangatpur,Unplanned,Closed,2026-05-05T00:52:00Z,2026-05-05T05:25:00Z,273
1833404,North,KAPURTHALA,UPS MALLIWAL,Unplanned,Closed,2026-05-05T00:52:00Z,2026-05-05T06:45:00Z,353
1833402,North,KAPURTHALA,UPS Badli Adda,Unplanned,Closed,2026-05-05T00:52:00Z,2026-05-05T07:11:00Z,379
1833415,Border,TARN TARAN,BHAROWAL URBAN,Unplanned,Closed,2026-05-05T00:50:00Z,2026-05-05T06:10:00Z,320
1833408,North,NAWANSHAHR,Dagham,Unplanned,Closed,2026-05-05T00:50:00Z,2026-05-05T01:08:00Z,18
1833407,South,PATIALA,11 kV feeder Dardi colony,Unplanned,Closed,2026-05-05T00:50:00Z,2026-05-05T01:15:00Z,25
1833403,South,PATIALA,Guru ramdas nagar,Unplanned,Closed,2026-05-05T00:50:00Z,2026-05-05T01:15:00Z,25
1833401,South,PATIALA,SABJI MANDI,Unplanned,Closed,2026-05-05T00:50:00Z,2026-05-05T01:14:00Z,24
1833400,South,PATIALA,TEHSIL ROAD,Unplanned,Closed,2026-05-05T00:50:00Z,2026-05-05T01:17:00Z,27
1833399,South,PATIALA,HARMAN,Unplanned,Closed,2026-05-05T00:50:00Z,2026-05-05T01:15:00Z,25
1833398,South,PATIALA,GC/ SPINYEX,Unplanned,Closed,2026-05-05T00:50:00Z,2026-05-05T01:16:00Z,26
1833397,South,PATIALA,WARICHAN ROAD,Unplanned,Closed,2026-05-05T00:50:00Z,2026-05-05T01:16:00Z,26
1833396,South,PATIALA,ANAJ MANDI,Unplanned,Closed,2026-05-05T00:50:00Z,2026-05-05T01:15:00Z,25
1833395,South,PATIALA,MANDI ROAD,Unplanned,Closed,2026-05-05T00:50:00Z,2026-05-05T01:15:00Z,25
1833394,South,PATIALA,CITY SAMANA,Unplanned,Closed,2026-05-05T00:50:00Z,2026-05-05T01:15:00Z,25
1833413,North,KAPURTHALA,UPS Ambgarh,Unplanned,Closed,2026-05-05T00:47:00Z,2026-05-05T03:00:00Z,133
1833412,North,KAPURTHALA,UPS Kahlwan,Unplanned,Closed,2026-05-05T00:47:00Z,2026-05-05T01:47:00Z,60
1833411,North,KAPURTHALA,Fateh Jalal,Unplanned,Closed,2026-05-05T00:47:00Z,2026-05-05T01:47:00Z,60
1833421,North,KAPURTHALA,UPS DALLA,Unplanned,Closed,2026-05-05T00:45:00Z,2026-05-05T04:20:00Z,215
1833388,North,HOSHIARPUR,DALLI shared feeder with s/divn,Unplanned,Closed,2026-05-05T00:45:00Z,2026-05-05T02:40:00Z,115
1833385,North,NAWANSHAHR,11 KV SALEMPUR,Unplanned,Closed,2026-05-05T00:45:00Z,2026-05-05T01:10:00Z,25
1833384,North,NAWANSHAHR,HAZIPUR,Unplanned,Closed,2026-05-05T00:45:00Z,2026-05-05T01:10:00Z,25
1833383,North,NAWANSHAHR,KITNA,Unplanned,Closed,2026-05-05T00:45:00Z,2026-05-05T01:10:00Z,25
1833393,North,KAPURTHALA,UPS MEER PUR,Unplanned,Closed,2026-05-05T00:44:00Z,2026-05-05T06:25:00Z,341
1833387,South,PATIALA,Mohindra College,Unplanned,Closed,2026-05-05T00:41:15Z,2026-05-05T01:21:35Z,40
1833386,North,JALANDHAR,11 KV Cantt Mandi,Unplanned,Closed,2026-05-05T00:41:00Z,2026-05-05T01:45:00Z,64
1833382,East,MOHALI,SEC 65-A,Unplanned,Closed,2026-05-05T00:40:00Z,2026-05-05T00:50:55Z,10
1833390,North,KAPURTHALA,MALL ROAD URBAN,Unplanned,Closed,2026-05-05T00:30:00Z,2026-05-05T05:31:00Z,301
1833389,North,KAPURTHALA,KARTARPUR ROAD URBAN,Unplanned,Closed,2026-05-05T00:30:00Z,2026-05-05T05:41:00Z,311
1833381,North,KAPURTHALA,Razapur UPS,Unplanned,Closed,2026-05-05T00:30:00Z,2026-05-05T06:00:00Z,330
1833433,Border,TARN TARAN,UPS CHUNG,Unplanned,Closed,2026-05-05T00:29:00Z,2026-05-05T08:15:00Z,466
1833378,North,KAPURTHALA,preet nagar,Unplanned,Closed,2026-05-05T00:29:00Z,2026-05-05T06:33:00Z,364
1833431,Border,GURDASPUR,Thireawal UPS feeder,Unplanned,Closed,2026-05-05T00:25:00Z,2026-05-05T06:27:00Z,362
1833377,Border,TARN TARAN,UPS KOT BUDDA,Unplanned,Closed,2026-05-05T00:25:00Z,2026-05-05T07:02:47Z,397
1833376,Border,TARN TARAN,UPS MUTHEANWALA/TOOT,Unplanned,Closed,2026-05-05T00:25:00Z,2026-05-05T08:05:56Z,460
1833457,Border,SUB URBAN AMRITSAR,Kotla Urban,Unplanned,Closed,2026-05-05T00:20:00Z,2026-05-05T05:30:00Z,310
1833380,South,PATIALA,DIDAR STEEL,Unplanned,Closed,2026-05-05T00:20:00Z,2026-05-05T05:10:00Z,290
1833379,Border,GURDASPUR,dakoha,Unplanned,Closed,2026-05-05T00:20:00Z,2026-05-05T07:10:00Z,410
1833373,Border,SUB URBAN AMRITSAR,24HOURS KOT SIDHU,Unplanned,Closed,2026-05-05T00:20:00Z,2026-05-05T09:05:00Z,525
1833370,North,JALANDHAR,LINK FEEDER,Unplanned,Closed,2026-05-05T00:15:00Z,2026-05-05T01:05:00Z,50
1833440,Border,TARN TARAN,LAL PUR HATTA UPS,Unplanned,Closed,2026-05-05T00:10:00Z,2026-05-05T06:25:00Z,375
1833372,North,NAWANSHAHR,Urban Pattren UPS,Unplanned,Closed,2026-05-05T00:10:00Z,2026-05-05T00:50:00Z,40
1833371,North,NAWANSHAHR,Dosanjh UPS,Unplanned,Closed,2026-05-05T00:10:00Z,2026-05-05T00:50:00Z,40
1833354,Border,TARN TARAN,URBAN GARDEN COLONY,Unplanned,Closed,2026-05-05T00:06:07Z,2026-05-05T08:11:02Z,484
1833417,North,NAWANSHAHR,Urban,Unplanned,Closed,2026-05-05T00:05:00Z,2026-05-05T06:30:00Z,385
1833369,North,NAWANSHAHR,Kang Arayian,Unplanned,Closed,2026-05-05T00:05:00Z,2026-05-05T00:45:00Z,40
1833368,North,NAWANSHAHR,Muthada urban,Unplanned,Closed,2026-05-05T00:05:00Z,2026-05-05T00:45:00Z,40
1833367,North,NAWANSHAHR,MUTHADA UPS,Unplanned,Closed,2026-05-05T00:05:00Z,2026-05-05T00:45:00Z,40
1833366,North,NAWANSHAHR,Dosanjh Khurd,Unplanned,Closed,2026-05-05T00:05:00Z,2026-05-05T00:45:00Z,40
1833365,North,NAWANSHAHR,Langria UPS,Unplanned,Closed,2026-05-05T00:05:00Z,2026-05-05T00:45:00Z,40
1833361,North,NAWANSHAHR,Mithra UPS,Unplanned,Closed,2026-05-05T00:05:00Z,2026-05-05T00:45:00Z,40
1833360,North,NAWANSHAHR,Ragomal Urban,Unplanned,Closed,2026-05-05T00:05:00Z,2026-05-05T00:45:00Z,40
1833358,North,NAWANSHAHR,Bundala Cat-1,Unplanned,Closed,2026-05-05T00:05:00Z,2026-05-05T00:45:00Z,40
1833353,Border,TARN TARAN,UPS SAIDPUR,Unplanned,Closed,2026-05-05T00:04:00Z,2026-05-05T08:12:57Z,488
1833392,Central,SUB URBAN LUDHIANA,CITY NO 07,Unplanned,Closed,2026-05-05T00:02:48Z,2026-05-05T00:08:40Z,5
1833391,Central,SUB URBAN LUDHIANA,CITY-5,Unplanned,Closed,2026-05-05T00:02:48Z,2026-05-05T02:21:00Z,138
1833416,North,NAWANSHAHR,Bara Pind,Unplanned,Closed,2026-05-05T00:01:00Z,2026-05-05T06:30:00Z,389
1833654,North,JALANDHAR,SANJAY GANDHI NAGAR,Unplanned,Active,2026-05-05T00:00:00Z,2026-05-05T11:35:03Z,695
1833375,Border,TARN TARAN,UPS SHAHEED BABA DEEP SINGH,Unplanned,Closed,2026-05-05T00:00:00Z,2026-05-05T06:48:28Z,408
1833374,Border,TARN TARAN,URBAN DUBLI,Unplanned,Closed,2026-05-05T00:00:00Z,2026-05-05T06:48:55Z,408
1833364,North,KAPURTHALA,Pattar Kalan,Unplanned,Closed,2026-05-05T00:00:00Z,2026-05-05T01:00:00Z,60
1833363,North,KAPURTHALA,UPS Ambgarh,Unplanned,Closed,2026-05-05T00:00:00Z,2026-05-05T00:45:00Z,45
1833362,North,KAPURTHALA,UPS Kahlwan,Unplanned,Closed,2026-05-05T00:00:00Z,2026-05-05T00:45:00Z,45
1833359,North,KAPURTHALA,Arya Nagar,Unplanned,Closed,2026-05-05T00:00:00Z,2026-05-05T01:00:00Z,60
1833357,North,KAPURTHALA,Fateh Jalal,Unplanned,Closed,2026-05-05T00:00:00Z,2026-05-05T00:45:00Z,45
1833356,North,KAPURTHALA,Furniture Bajar,Unplanned,Closed,2026-05-05T00:00:00Z,2026-05-05T01:00:00Z,60
1833355,North,KAPURTHALA,City kartarpur,Unplanned,Closed,2026-05-05T00:00:00Z,2026-05-05T01:00:00Z,60
1833349,Border,SUB URBAN AMRITSAR,BASKEGILLAN UPS,Unplanned,Closed,2026-05-04T23:56:10Z,2026-05-05T09:31:00Z,574
1833352,North,NAWANSHAHR,Khehra,Unplanned,Closed,2026-05-04T23:55:00Z,2026-05-05T00:45:00Z,50
1833351,North,NAWANSHAHR,Achan Chak,Unplanned,Closed,2026-05-04T23:55:00Z,2026-05-05T00:45:00Z,50
1833350,North,NAWANSHAHR,City,Unplanned,Closed,2026-05-04T23:55:00Z,2026-05-05T00:35:00Z,40
1833348,North,JALANDHAR,EKTA NAGAR,Unplanned,Closed,2026-05-04T23:54:31Z,2026-05-05T00:45:31Z,51
1833347,North,JALANDHAR,Karol bagh,Unplanned,Closed,2026-05-04T23:54:31Z,2026-05-05T00:45:31Z,51
1833346,North,JALANDHAR,UNIVERSIY,Unplanned,Closed,2026-05-04T23:54:31Z,2026-05-05T00:45:31Z,51
1833345,North,JALANDHAR,LADHAYWALI,Unplanned,Closed,2026-05-04T23:54:31Z,2026-05-05T00:45:31Z,51
1833344,North,JALANDHAR,CHANDERSEN,Unplanned,Closed,2026-05-04T23:54:31Z,2026-05-05T00:45:31Z,51
1833343,North,JALANDHAR,11kv Nangal shama,Unplanned,Closed,2026-05-04T23:54:31Z,2026-05-05T00:45:31Z,51
1833342,North,JALANDHAR,King city,Unplanned,Closed,2026-05-04T23:54:31Z,2026-05-05T00:45:31Z,51
1833341,North,JALANDHAR,Guru Nanak Nagar,Unplanned,Closed,2026-05-04T23:54:31Z,2026-05-05T00:45:31Z,51
1833340,North,JALANDHAR,DRDO,Unplanned,Closed,2026-05-04T23:54:31Z,2026-05-05T00:45:31Z,51
1833339,North,JALANDHAR,CHOGITTI,Unplanned,Closed,2026-05-04T23:54:31Z,2026-05-05T00:45:31Z,51
1833338,North,JALANDHAR,ME LAB,Unplanned,Closed,2026-05-04T23:54:31Z,2026-05-05T00:45:31Z,51
1833337,North,JALANDHAR,BASANT HILLS,Unplanned,Closed,2026-05-04T23:54:31Z,2026-05-05T00:45:31Z,51
1833318,Central,CITY WEST LUDHIANA,MODEL GRAM,Unplanned,Closed,2026-05-04T23:52:52Z,2026-05-05T01:07:26Z,74
1833336,North,JALANDHAR,MES,Unplanned,Closed,2026-05-04T23:50:48Z,2026-05-05T00:40:48Z,50
1833335,North,JALANDHAR,11 KV Cantt Mandi,Unplanned,Closed,2026-05-04T23:50:48Z,2026-05-05T00:40:48Z,50
1833334,North,JALANDHAR,11 KV Lal Kurti Feeder,Unplanned,Closed,2026-05-04T23:50:48Z,2026-05-05T00:40:48Z,50
1833333,North,JALANDHAR,Sewerage Treatment Plant,Unplanned,Closed,2026-05-04T23:50:48Z,2026-05-05T00:40:48Z,50
1833332,North,JALANDHAR,DEEP NAGAR,Unplanned,Closed,2026-05-04T23:50:48Z,2026-05-05T00:40:48Z,50
1833331,North,JALANDHAR,PROFFESSER COLONY,Unplanned,Closed,2026-05-04T23:50:48Z,2026-05-05T00:40:48Z,50
1833330,North,JALANDHAR,PRAGPUR,Unplanned,Closed,2026-05-04T23:50:48Z,2026-05-05T00:40:48Z,50
1833329,North,JALANDHAR,CHURCH,Unplanned,Closed,2026-05-04T23:50:48Z,2026-05-05T00:40:48Z,50
1833328,North,JALANDHAR,G T ROAD NO.1,Unplanned,Closed,2026-05-04T23:50:48Z,2026-05-05T00:40:48Z,50
1833327,North,JALANDHAR,GARHA,Unplanned,Closed,2026-05-04T23:50:48Z,2026-05-05T02:25:48Z,155
1833326,North,JALANDHAR,SOFIPIND,Unplanned,Closed,2026-05-04T23:50:48Z,2026-05-05T00:40:48Z,50
1833325,North,JALANDHAR,DHANOWALI,Unplanned,Closed,2026-05-04T23:50:48Z,2026-05-05T00:40:48Z,50
1833324,North,JALANDHAR,GT Road No. 2,Unplanned,Closed,2026-05-04T23:50:48Z,2026-05-05T00:40:48Z,50
1833323,North,JALANDHAR,RAMA MANDI,Unplanned,Closed,2026-05-04T23:50:48Z,2026-05-05T00:40:48Z,50
1833322,North,JALANDHAR,TV TOWER,Unplanned,Closed,2026-05-04T23:50:48Z,2026-05-05T00:40:48Z,50
1833321,North,JALANDHAR,PAP,Unplanned,Closed,2026-05-04T23:50:48Z,2026-05-05T00:40:48Z,50
1833320,North,JALANDHAR,veva collage,Unplanned,Closed,2026-05-04T23:50:48Z,2026-05-05T00:40:48Z,50
1833319,North,JALANDHAR,RAIWAY WORKSHOP,Unplanned,Closed,2026-05-04T23:50:48Z,2026-05-05T00:40:48Z,50
1833420,North,KAPURTHALA,UPS kANG SAHIB RAI,Unplanned,Closed,2026-05-04T23:50:00Z,2026-05-05T05:45:00Z,355
1833453,Border,SUB URBAN AMRITSAR,UPS Janina,Unplanned,Closed,2026-05-04T23:44:00Z,2026-05-05T05:40:00Z,356
1833316,Border,TARN TARAN,CITY 5,Unplanned,Closed,2026-05-04T23:40:00Z,2026-05-05T02:40:00Z,180
1833317,Border,TARN TARAN,JAWANDY,Unplanned,Closed,2026-05-04T23:30:00Z,2026-05-05T06:05:00Z,395
1833309,North,KAPURTHALA,11KV RAIL TECH,Unplanned,Closed,2026-05-04T23:28:00Z,2026-05-05T00:25:00Z,57
1833308,North,KAPURTHALA,FACTORY AREA,Unplanned,Closed,2026-05-04T23:28:00Z,2026-05-05T00:25:00Z,57
1833307,North,KAPURTHALA,11 kV AUJLA ROAD,Unplanned,Closed,2026-05-04T23:28:00Z,2026-05-05T00:25:00Z,57
1833306,North,KAPURTHALA,Santpura,Unplanned,Closed,2026-05-04T23:28:00Z,2026-05-05T00:25:00Z,57
1833305,North,KAPURTHALA,Purani Dana mandi,Unplanned,Closed,2026-05-04T23:28:00Z,2026-05-05T00:25:00Z,57
1833304,North,KAPURTHALA,Kotu Chownk,Unplanned,Closed,2026-05-04T23:28:00Z,2026-05-05T00:25:00Z,57
1833303,North,KAPURTHALA,URBAN MARKFED,Unplanned,Closed,2026-05-04T23:28:00Z,2026-05-05T00:25:00Z,57
1833302,North,KAPURTHALA,URBAN SHEIKHUPUR,Unplanned,Closed,2026-05-04T23:28:00Z,2026-05-05T00:25:00Z,57
1833315,Border,TARN TARAN,UPS Dall,Unplanned,Closed,2026-05-04T23:26:00Z,2026-05-05T03:05:05Z,219
1833310,Central,SUB URBAN LUDHIANA,CENTER CITY,Unplanned,Closed,2026-05-04T23:24:00Z,2026-05-05T01:00:00Z,96
1833313,North,KAPURTHALA,Mahuwal,Unplanned,Closed,2026-05-04T23:20:00Z,2026-05-05T00:30:00Z,70
1833312,North,KAPURTHALA,UPS Malri,Unplanned,Closed,2026-05-04T23:20:00Z,2026-05-05T00:30:00Z,70
1833311,Border,TARN TARAN,UPS Baba Risiana Ji,Unplanned,Closed,2026-05-04T23:20:00Z,2026-05-05T08:18:00Z,538
1833535,South,BARNALA,SADAR BAZAR,Unplanned,Closed,2026-05-04T23:08:00Z,2026-05-05T00:47:00Z,99
1833298,North,JALANDHAR,BASANT HILLS,Unplanned,Closed,2026-05-04T23:01:00Z,2026-05-04T23:21:00Z,20
1833314,North,KAPURTHALA,Nawi Abadi,Unplanned,Closed,2026-05-04T23:00:00Z,2026-05-05T00:30:00Z,90
1833300,Border,TARN TARAN,UPS MUTHEANWALA/TOOT,Unplanned,Closed,2026-05-04T23:00:00Z,2026-05-04T23:17:06Z,17
1833295,Border,CITY AMRITSAR,11 KV Haripura Feeder,Unplanned,Closed,2026-05-04T22:55:00Z,2026-05-04T23:05:00Z,10
1833301,North,HOSHIARPUR,Tanda City,Unplanned,Closed,2026-05-04T22:54:00Z,2026-05-05T00:15:00Z,81
1833296,Central,CITY EAST LUDHIANA,NEW VISHNUPURI,Unplanned,Closed,2026-05-04T22:52:00Z,2026-05-05T02:47:00Z,235
1833294,Central,CITY EAST LUDHIANA,BY PASS,Unplanned,Closed,2026-05-04T22:52:00Z,2026-05-05T02:40:00Z,228
1833299,Border,SUB URBAN AMRITSAR,UPS/ MANAWALA,Unplanned,Closed,2026-05-04T22:40:00Z,2026-05-04T23:10:00Z,30
1833292,East,Zirakpur,SANULI,Unplanned,Closed,2026-05-04T22:39:00Z,2026-05-05T00:03:00Z,84
1833422,North,KAPURTHALA,UPS Sarih,Unplanned,Closed,2026-05-04T22:31:00Z,2026-05-05T06:20:00Z,469
1833297,Border,SUB URBAN AMRITSAR,KOTLA URBAN,Unplanned,Closed,2026-05-04T22:30:00Z,2026-05-04T23:15:00Z,45
1833283,Central,KHANNA,F C I,Unplanned,Closed,2026-05-04T22:27:00Z,2026-05-04T23:19:00Z,52
1833282,Border,SUB URBAN AMRITSAR,11 kv Bhullar Avenue,Unplanned,Closed,2026-05-04T22:19:00Z,2026-05-05T01:35:00Z,196
1833279,Border,SUB URBAN AMRITSAR,Blue Valley,Unplanned,Closed,2026-05-04T22:10:01Z,2026-05-04T22:50:01Z,40
1833278,Border,SUB URBAN AMRITSAR,Urban Estate,Unplanned,Closed,2026-05-04T22:10:01Z,2026-05-04T22:50:01Z,40
1833277,Border,SUB URBAN AMRITSAR,TEJ ALLOYS,Unplanned,Closed,2026-05-04T22:10:01Z,2026-05-04T22:50:01Z,40
1833276,Border,SUB URBAN AMRITSAR,KARAM PURA,Unplanned,Closed,2026-05-04T22:10:01Z,2026-05-04T22:50:01Z,40
1833275,Border,SUB URBAN AMRITSAR,AJNALA ROAD,Unplanned,Closed,2026-05-04T22:10:01Z,2026-05-04T22:50:01Z,40
1833274,Border,SUB URBAN AMRITSAR,CIVIL LINE DUPLICATE,Unplanned,Closed,2026-05-04T22:10:01Z,2026-05-04T22:15:01Z,5
1833273,Border,SUB URBAN AMRITSAR,MAJITHA ROAD BYE PASS,Unplanned,Closed,2026-05-04T22:10:01Z,2026-05-04T22:50:01Z,40
1833293,Border,TARN TARAN,BOHRU UPS,Unplanned,Closed,2026-05-04T22:10:00Z,2026-05-05T08:35:00Z,625
1833281,East,Zirakpur,Utsav,Planned,Closed,2026-05-04T22:08:00Z,2026-05-04T22:25:00Z,17
1833280,East,Zirakpur,Bhudda Sahib,Planned,Closed,2026-05-04T22:08:00Z,2026-05-04T22:25:00Z,17
1833291,Border,SUB URBAN AMRITSAR,Mollechak,Unplanned,Closed,2026-05-04T22:06:00Z,2026-05-04T22:54:00Z,48
1833272,Central,KHANNA,Raimond,Unplanned,Closed,2026-05-04T22:06:00Z,2026-05-04T23:06:00Z,60
1833271,Central,KHANNA,Neelkanth,Unplanned,Closed,2026-05-04T22:06:00Z,2026-05-04T23:06:00Z,60
1833270,Central,KHANNA,Bhamra,Unplanned,Closed,2026-05-04T22:06:00Z,2026-05-04T23:06:00Z,60
1833269,Central,KHANNA,PS,Unplanned,Closed,2026-05-04T22:06:00Z,2026-05-04T23:06:00Z,60
1833268,Central,KHANNA,JSM,Unplanned,Closed,2026-05-04T22:06:00Z,2026-05-04T23:06:00Z,60
1833267,Central,CITY EAST LUDHIANA,BY PASS,Unplanned,Closed,2026-05-04T21:58:00Z,2026-05-04T22:50:00Z,52
1833287,Border,TARN TARAN,11KV UPS KAMBOKE,Unplanned,Closed,2026-05-04T21:45:32Z,2026-05-04T22:39:16Z,53
1833286,Border,TARN TARAN,BOP,Unplanned,Closed,2026-05-04T21:45:32Z,2026-05-04T22:39:32Z,54
1833285,Border,TARN TARAN,Mari Megha Urban,Unplanned,Closed,2026-05-04T21:45:32Z,2026-05-04T22:39:32Z,54
1833284,Border,TARN TARAN,UPS Dall,Unplanned,Closed,2026-05-04T21:45:32Z,2026-05-04T22:39:32Z,54
1833290,Border,TARN TARAN,24 Hrs. UPS (wan Tara Singh),Unplanned,Closed,2026-05-04T21:43:12Z,2026-05-04T22:48:18Z,65
1833289,Border,TARN TARAN,BOP Wan,Unplanned,Closed,2026-05-04T21:43:12Z,2026-05-04T22:48:41Z,65
1833288,Border,TARN TARAN,UPS WAN TARA SINGH,Unplanned,Closed,2026-05-04T21:43:12Z,2026-05-04T22:42:59Z,59
1833266,South,SANGRUR,11 Peeran Wala Gate Cat-1,Unplanned,Closed,2026-05-04T21:41:39Z,2026-05-04T22:03:40Z,22
1833265,Central,KHANNA,Sangtpura,Unplanned,Closed,2026-05-04T21:19:00Z,2026-05-04T21:32:00Z,13
1833264,East,Zirakpur,M.E.S,Planned,Closed,2026-05-04T20:50:00Z,2026-05-04T22:28:00Z,98
1833263,Central,KHANNA,BAINI,Unplanned,Closed,2026-05-04T20:40:00Z,2026-05-04T21:57:00Z,77
1833262,East,Zirakpur,SAVITRYGREEN,Planned,Closed,2026-05-04T20:36:00Z,2026-05-04T20:45:00Z,9
1833260,West,FARIDKOT,11 KV Dana Mandi,Unplanned,Closed,2026-05-04T20:26:14Z,2026-05-04T21:41:23Z,75
1833261,Border,CITY AMRITSAR,MAKBOOL PURA,Unplanned,Closed,2026-05-04T20:20:15Z,2026-05-04T20:58:00Z,37
1833257,South,SANGRUR,Gurdaspura,Unplanned,Closed,2026-05-04T20:10:00Z,2026-05-04T20:46:00Z,36
1833259,Border,GURDASPUR,24Hrs MOUR,Unplanned,Closed,2026-05-04T19:55:00Z,2026-05-04T20:55:00Z,60
1833256,Central,SUB URBAN LUDHIANA,CITY NO 07,Unplanned,Closed,2026-05-04T19:55:00Z,2026-05-04T22:20:00Z,145
1833255,Central,SUB URBAN LUDHIANA,CITY-5,Unplanned,Closed,2026-05-04T19:55:00Z,2026-05-04T21:05:00Z,70
1833254,North,NAWANSHAHR,PANYALI,Unplanned,Closed,2026-05-04T19:54:00Z,2026-05-04T21:16:00Z,82
1833253,Central,CITY WEST LUDHIANA,HIGHWAY FEEDER,Unplanned,Closed,2026-05-04T19:48:40Z,2026-05-04T20:55:15Z,66
1833251,West,MUKATSAR,11 KV GANGA NAGAR ROAD,Unplanned,Closed,2026-05-04T19:44:59Z,2026-05-04T20:30:12Z,45
1833252,East,Zirakpur,SACHKHAND SAHIB,Unplanned,Closed,2026-05-04T19:40:00Z,2026-05-04T19:55:00Z,15
1833249,North,JALANDHAR,KHIALA,Unplanned,Closed,2026-05-04T19:39:45Z,2026-05-04T20:00:58Z,21
1833246,South,PATIALA,SARHIND ROAD,Unplanned,Closed,2026-05-04T19:35:00Z,2026-05-04T20:55:00Z,80
1833245,Central,KHANNA,Raisal,Planned,Closed,2026-05-04T19:35:00Z,2026-05-04T20:04:00Z,29
1833244,Central,KHANNA,Mugol Majra,Unplanned,Closed,2026-05-04T19:32:00Z,2026-05-04T20:00:00Z,28
1833250,North,NAWANSHAHR,JAINPUR,Unplanned,Closed,2026-05-04T19:30:00Z,2026-05-04T20:30:00Z,60
1833248,East,Zirakpur,HERMITAGE,Planned,Closed,2026-05-04T19:30:00Z,2026-05-04T19:51:00Z,21
1833242,Border,SUB URBAN AMRITSAR,Chh UPS,Unplanned,Closed,2026-05-04T19:21:29Z,2026-05-04T20:19:49Z,58
1833243,North,HOSHIARPUR,Bhagowal,Unplanned,Closed,2026-05-04T19:20:00Z,2026-05-04T19:55:00Z,35
1833241,Central,KHANNA,F C I,Unplanned,Closed,2026-05-04T19:16:00Z,2026-05-04T19:33:00Z,17
1833239,Border,SUB URBAN AMRITSAR,U P S Iban,Unplanned,Closed,2026-05-04T19:05:00Z,2026-05-04T20:31:00Z,86
1833238,North,NAWANSHAHR,PANYALI,Unplanned,Closed,2026-05-04T19:05:00Z,2026-05-04T19:20:00Z,15
1833236,East,Zirakpur,Hasanpur UPS,Planned,Closed,2026-05-04T19:02:00Z,2026-05-04T19:52:00Z,50
1833247,South,BARNALA,JAMALPURA,Unplanned,Closed,2026-05-04T19:00:00Z,2026-05-04T19:42:00Z,42
1833234,Border,SUB URBAN AMRITSAR,11 KV MADOKEY UPS,Unplanned,Closed,2026-05-04T18:57:46Z,2026-05-04T19:33:26Z,35
1833235,North,HOSHIARPUR,11 KV Jahankhelan,Unplanned,Closed,2026-05-04T18:54:00Z,2026-05-04T19:20:00Z,26
1833240,Border,SUB URBAN AMRITSAR,UPS-3 Pandher,Unplanned,Closed,2026-05-04T18:52:00Z,2026-05-04T19:20:00Z,28
1833231,Border,GURDASPUR,BOP Tash,Unplanned,Closed,2026-05-04T18:51:00Z,2026-05-04T19:48:00Z,57
1833230,Border,GURDASPUR,Jaswan,Unplanned,Closed,2026-05-04T18:51:00Z,2026-05-04T19:48:00Z,57
1833229,Border,GURDASPUR,N.J.Singh 24hrs,Unplanned,Closed,2026-05-04T18:51:00Z,2026-05-04T19:48:00Z,57
1833228,North,KAPURTHALA,UPS Kotli,Unplanned,Closed,2026-05-04T18:51:00Z,2026-05-04T19:57:00Z,66
1833227,North,KAPURTHALA,nawajipur,Unplanned,Closed,2026-05-04T18:51:00Z,2026-05-04T19:57:00Z,66
1833237,Border,GURDASPUR,Dalla UPS,Unplanned,Closed,2026-05-04T18:50:00Z,2026-05-04T19:35:00Z,45
1833233,North,HOSHIARPUR,HARIANA,Unplanned,Closed,2026-05-04T18:50:00Z,2026-05-04T19:36:00Z,46
1833232,North,HOSHIARPUR,GUGGA-PATTI,Unplanned,Closed,2026-05-04T18:50:00Z,2026-05-04T19:36:00Z,46
1833225,North,NAWANSHAHR,BHADDI,Unplanned,Closed,2026-05-04T18:40:00Z,2026-05-04T19:05:00Z,25
1833221,Border,SUB URBAN AMRITSAR,Chogawan,Unplanned,Closed,2026-05-04T18:35:58Z,2026-05-04T19:34:13Z,58
1833222,West,MUKATSAR,BHANGER KHERA,Unplanned,Closed,2026-05-04T18:30:19Z,2026-05-04T19:50:37Z,80
1833223,West,MUKATSAR,11 KV Punjava Model,Unplanned,Closed,2026-05-04T18:30:11Z,2026-05-04T19:55:18Z,85
1833224,South,PATIALA,UPS CHAMARU,Unplanned,Closed,2026-05-04T18:30:00Z,2026-05-04T20:05:00Z,95
1833220,Border,SUB URBAN AMRITSAR,Guru AmarDass Avenue,Unplanned,Closed,2026-05-04T18:27:00Z,2026-05-04T19:55:00Z,88
1833226,East,MOHALI,ATS,Unplanned,Closed,2026-05-04T18:23:55Z,2026-05-04T19:15:41Z,51
1833217,North,JALANDHAR,Begampura,Unplanned,Closed,2026-05-04T18:20:00Z,2026-05-04T19:10:00Z,50
1833215,North,JALANDHAR,HAZARA,Unplanned,Closed,2026-05-04T18:20:00Z,2026-05-04T19:10:00Z,50
1833219,Border,GURDASPUR,Godharpura,Unplanned,Closed,2026-05-04T18:15:00Z,2026-05-04T19:50:00Z,95
1833218,South,PATIALA,UPS CHAUNDA,Unplanned,Closed,2026-05-04T18:15:00Z,2026-05-04T18:55:00Z,40
1833214,North,NAWANSHAHR,MOJOWAL MAJARA,Unplanned,Closed,2026-05-04T18:15:00Z,2026-05-04T18:55:00Z,40
1833211,North,NAWANSHAHR,HAZIPUR,Unplanned,Closed,2026-05-04T18:10:00Z,2026-05-04T18:55:00Z,45
1833210,South,PATIALA,Arya Samaj,Unplanned,Closed,2026-05-04T18:10:00Z,2026-05-04T18:20:00Z,10
1833200,Central,KHANNA,Ajnodh,Planned,Closed,2026-05-04T18:09:09Z,2026-05-04T19:05:36Z,56
1833213,East,ROPAR,UPS SAHO MAJRA,Unplanned,Closed,2026-05-04T18:08:00Z,2026-05-04T18:52:00Z,44
1833198,West,MUKATSAR,11 KV KILLIANWALI,Unplanned,Closed,2026-05-04T18:05:46Z,2026-05-04T19:05:58Z,60
1833199,West,MUKATSAR,11 KV Chirag dhani,Unplanned,Closed,2026-05-04T18:05:30Z,2026-05-04T19:05:48Z,60
1833203,Border,GURDASPUR,Bhagwansar,Unplanned,Closed,2026-05-04T18:05:00Z,2026-05-04T18:30:00Z,25
1833207,Central,KHANNA,Main Bazar,Unplanned,Closed,2026-05-04T18:04:00Z,2026-05-04T18:28:00Z,24
1833201,East,ROPAR,11KV Chandesar,Unplanned,Closed,2026-05-04T18:02:00Z,2026-05-04T18:12:53Z,10
1833205,East,MOHALI,Kasauli,Unplanned,Closed,2026-05-04T18:00:53Z,2026-05-04T18:35:30Z,34
1833206,Central,CITY WEST LUDHIANA,BVM SCHOOL,Unplanned,Closed,2026-05-04T18:00:00Z,2026-05-04T19:28:00Z,88
1833204,Central,CITY WEST LUDHIANA,Dandi Swami,Unplanned,Closed,2026-05-04T18:00:00Z,2026-05-04T18:26:00Z,26
1833202,Central,CITY WEST LUDHIANA,SHAI MOHALLA,Unplanned,Closed,2026-05-04T18:00:00Z,2026-05-04T18:59:00Z,59
1833216,Border,GURDASPUR,N.N.Bandha,Unplanned,Closed,2026-05-04T17:58:00Z,2026-05-04T19:53:00Z,115
1833208,Border,GURDASPUR,Najo Chack,Unplanned,Closed,2026-05-04T17:58:00Z,2026-05-04T18:20:00Z,22
1833209,Border,GURDASPUR,24Hrs MOUR,Unplanned,Closed,2026-05-04T17:55:00Z,2026-05-04T18:35:00Z,40
1833197,North,NAWANSHAHR,TEHSIL COMPLEX GSR,Unplanned,Closed,2026-05-04T17:52:00Z,2026-05-04T18:12:00Z,20
1833212,East,ROPAR,Mianpur,Unplanned,Closed,2026-05-04T17:45:00Z,2026-05-04T19:40:00Z,115
1833194,North,JALANDHAR,Urban Rural no 2,Unplanned,Closed,2026-05-04T17:40:00Z,2026-05-04T18:10:00Z,30
1833188,North,JALANDHAR,INDUSTRY AREA,Planned,Closed,2026-05-04T17:40:00Z,2026-05-04T18:20:00Z,40
1833196,Border,GURDASPUR,N.J.Singh 24hrs,Unplanned,Closed,2026-05-04T17:38:00Z,2026-05-04T18:50:00Z,72
1833195,East,ROPAR,11KV  Dhahe Feeder,Unplanned,Closed,2026-05-04T17:35:34Z,2026-05-04T17:42:42Z,7
1833190,North,KAPURTHALA,Taj city,Unplanned,Closed,2026-05-04T17:30:00Z,2026-05-04T17:50:00Z,20
1833189,North,NAWANSHAHR,PANYALI,Unplanned,Closed,2026-05-04T17:30:00Z,2026-05-04T18:38:00Z,68
1833187,East,Zirakpur,LALRU CITY,Planned,Closed,2026-05-04T17:26:00Z,2026-05-04T18:00:00Z,34
1833185,East,Zirakpur,DEHAR UPS,Planned,Closed,2026-05-04T17:26:00Z,2026-05-04T18:00:00Z,34
1833184,East,Zirakpur,LALRU MANDI,Planned,Closed,2026-05-04T17:26:00Z,2026-05-04T18:00:00Z,34
1833186,North,NAWANSHAHR,DHARAMPUR,Unplanned,Closed,2026-05-04T17:24:00Z,2026-05-04T17:46:00Z,22
1833183,South,PATIALA,11 KV URBAN ANAJ MANDI SNR,Unplanned,Closed,2026-05-04T17:20:00Z,2026-05-04T18:10:00Z,50
1833176,North,JALANDHAR,11KV SANGAT SINGH NAGAR,Unplanned,Closed,2026-05-04T17:17:04Z,2026-05-04T18:10:41Z,53
1833177,South,SANGRUR,Khokhar UPS,Unplanned,Closed,2026-05-04T17:15:37Z,2026-05-04T18:20:59Z,65
1833175,Central,CITY WEST LUDHIANA,Bhagat Naam Dev,Unplanned,Closed,2026-05-04T17:13:27Z,2026-05-04T18:11:03Z,57
1833191,Central,KHANNA,JSM,Unplanned,Closed,2026-05-04T17:13:00Z,2026-05-04T18:12:00Z,59
1833182,Central,KHANNA,Raimond,Unplanned,Closed,2026-05-04T17:12:00Z,2026-05-04T18:12:00Z,60
1833181,Central,KHANNA,Bhamra,Unplanned,Closed,2026-05-04T17:12:00Z,2026-05-04T18:12:00Z,60
1833179,Central,KHANNA,PS,Unplanned,Closed,2026-05-04T17:12:00Z,2026-05-04T18:13:00Z,61
1833178,Central,KHANNA,Neelkanth,Unplanned,Closed,2026-05-04T17:12:00Z,2026-05-04T18:13:00Z,61
1833192,South,PATIALA,UPS Rohti Basta,Unplanned,Closed,2026-05-04T17:10:00Z,2026-05-04T18:25:00Z,75
1833180,North,JALANDHAR,HAZARA,Unplanned,Closed,2026-05-04T17:10:00Z,2026-05-04T17:40:00Z,30
1833174,South,PATIALA,RAMPUR,Unplanned,Closed,2026-05-04T17:07:00Z,2026-05-04T17:31:47Z,24
1833169,Central,KHANNA,Mugol Majra,Unplanned,Closed,2026-05-04T17:05:00Z,2026-05-04T19:17:00Z,132
1833167,North,HOSHIARPUR,HARIANA,Unplanned,Closed,2026-05-04T17:05:00Z,2026-05-04T17:25:00Z,20
1833173,East,ROPAR,11 KV SHISH GANJ,Unplanned,Closed,2026-05-04T17:02:00Z,2026-05-04T18:22:00Z,80
1833193,East,MOHALI,Sector-68 B,Unplanned,Closed,2026-05-04T17:00:00Z,2026-05-04T21:00:00Z,240
1833160,Border,SUB URBAN AMRITSAR,Mallan Wali,Unplanned,Closed,2026-05-04T17:00:00Z,2026-05-04T17:35:00Z,35
1833158,East,ROPAR,JATANA,Unplanned,Closed,2026-05-04T16:57:00Z,2026-05-04T20:30:00Z,213
1833157,North,JALANDHAR,TV TOWER,Unplanned,Closed,2026-05-04T16:56:00Z,2026-05-04T17:26:00Z,30
1833156,South,PATIALA,UPS SANDARSI,Unplanned,Closed,2026-05-04T16:55:00Z,2026-05-04T17:24:00Z,29
1833154,Border,GURDASPUR,Khatib,Planned,Closed,2026-05-04T16:53:00Z,2026-05-04T17:16:00Z,23
1833152,Central,CITY WEST LUDHIANA,NATIONAL FEEDER,Unplanned,Closed,2026-05-04T16:49:15Z,2026-05-04T19:58:49Z,189
1833155,Central,KHANNA,SALANA UPS,Unplanned,Closed,2026-05-04T16:47:00Z,2026-05-04T17:17:00Z,30
1833151,Central,CITY WEST LUDHIANA,SHEETLA MANDHIR,Unplanned,Closed,2026-05-04T16:46:35Z,2026-05-04T17:35:41Z,49
1833150,Central,CITY WEST LUDHIANA,LODHI CLUB,Unplanned,Closed,2026-05-04T16:46:35Z,2026-05-04T17:35:59Z,49
1833149,Central,CITY WEST LUDHIANA,Ferozpur Road,Unplanned,Closed,2026-05-04T16:46:35Z,2026-05-04T19:29:13Z,162
1833153,Central,KHANNA,Jim Khana,Unplanned,Closed,2026-05-04T16:45:00Z,2026-05-04T17:52:00Z,67
1833146,Border,CITY AMRITSAR,LAKKAR MANDI,Unplanned,Closed,2026-05-04T16:42:30Z,2026-05-04T18:22:47Z,100
1833148,North,HOSHIARPUR,PATTI NO-2,Unplanned,Closed,2026-05-04T16:40:00Z,2026-05-04T17:20:00Z,40
1833147,East,ROPAR,SUGARMILL,Unplanned,Closed,2026-05-04T16:35:00Z,2026-05-04T16:55:00Z,20
1833141,Border,GURDASPUR,Manj,Planned,Closed,2026-05-04T16:35:00Z,2026-05-04T17:31:00Z,56
1833140,Border,GURDASPUR,Simbal,Planned,Closed,2026-05-04T16:33:00Z,2026-05-04T16:58:00Z,25
1833139,Border,GURDASPUR,Dalia,Unplanned,Closed,2026-05-04T16:33:00Z,2026-05-04T17:31:00Z,58
1833163,Border,GURDASPUR,SIDHWAN,Unplanned,Closed,2026-05-04T16:31:00Z,2026-05-04T17:40:00Z,69
1833143,Central,CITY WEST LUDHIANA,BASANT CITY,Planned,Closed,2026-05-04T16:30:05Z,2026-05-04T18:39:30Z,129
1833145,North,JALANDHAR,Urban Rural no 2,Planned,Closed,2026-05-04T16:30:00Z,2026-05-04T17:01:00Z,31
1833144,North,JALANDHAR,URBAN RURAL,Planned,Closed,2026-05-04T16:30:00Z,2026-05-04T17:01:00Z,31
1833142,East,Zirakpur,SANULI,Planned,Closed,2026-05-04T16:30:00Z,2026-05-04T17:15:00Z,45
1833135,Border,CITY AMRITSAR,DISTRICT COURT,Unplanned,Closed,2026-05-04T16:25:00Z,2026-05-04T17:15:00Z,50
1833136,Central,CITY WEST LUDHIANA,MAGNET ROAD,Unplanned,Closed,2026-05-04T16:24:23Z,2026-05-04T19:06:37Z,162
1833132,Central,CITY WEST LUDHIANA,MAHAVIR NAGAR,Unplanned,Closed,2026-05-04T16:23:20Z,2026-05-04T18:10:50Z,107
1833130,North,NAWANSHAHR,SIKANDERPUR,Planned,Closed,2026-05-04T16:22:00Z,2026-05-04T16:34:00Z,12
1833133,Central,KHANNA,Shri Ram Jain,Unplanned,Closed,2026-05-04T16:21:00Z,2026-05-04T16:43:00Z,22
1833137,South,PATIALA,SURAJPUR CAT. 1,Unplanned,Closed,2026-05-04T16:20:00Z,2026-05-04T18:01:00Z,101
1833134,Border,GURDASPUR,GHUMAN,Unplanned,Closed,2026-05-04T16:20:00Z,2026-05-04T18:25:00Z,125
1833127,Border,SUB URBAN AMRITSAR,CHAND INDUSTRY,Unplanned,Closed,2026-05-04T16:17:06Z,2026-05-04T17:01:26Z,44
1833129,Border,GURDASPUR,Tharial,Unplanned,Closed,2026-05-04T16:16:00Z,2026-05-04T16:50:00Z,34
1833125,South,SANGRUR,Colony AP,Unplanned,Closed,2026-05-04T16:15:00Z,2026-05-04T17:46:12Z,91
1833124,South,SANGRUR,HARERI,Unplanned,Closed,2026-05-04T16:15:00Z,2026-05-04T18:45:49Z,150
1833128,East,MOHALI,11 KV BATHLANA UPS,Unplanned,Closed,2026-05-04T16:10:00Z,2026-05-04T16:30:28Z,20
1833126,East,MOHALI,MOHIKALAN UPS,Unplanned,Closed,2026-05-04T16:10:00Z,2026-05-04T16:40:45Z,30
1833123,East,MOHALI,SIGMA,Unplanned,Closed,2026-05-04T16:10:00Z,2026-05-04T16:40:58Z,30
1833122,East,MOHALI,LOGISTIC,Unplanned,Closed,2026-05-04T16:10:00Z,2026-05-04T16:40:28Z,30
1833114,Border,GURDASPUR,Seunty,Unplanned,Closed,2026-05-04T16:06:00Z,2026-05-04T16:25:00Z,19
1833131,Border,TARN TARAN,KAROWAL,Unplanned,Closed,2026-05-04T16:05:00Z,2026-05-04T18:10:00Z,125
1833119,South,PATIALA,UPS SANDARSI,Unplanned,Closed,2026-05-04T16:02:00Z,2026-05-04T16:12:00Z,10
1833120,Border,TARN TARAN,Railway Road Urban..,Unplanned,Closed,2026-05-04T16:01:00Z,2026-05-04T17:10:00Z,69
1833117,East,MOHALI,SEC-70,Unplanned,Closed,2026-05-04T16:00:00Z,2026-05-04T17:00:17Z,60
1833111,Border,TARN TARAN,UPS KHARA,Unplanned,Closed,2026-05-04T16:00:00Z,2026-05-04T16:30:00Z,30
1833116,South,PATIALA,SYL (F.P),Unplanned,Closed,2026-05-04T15:55:00Z,2026-05-04T16:15:00Z,20
1833115,South,PATIALA,BABA DEEP SINGH,Unplanned,Closed,2026-05-04T15:55:00Z,2026-05-04T16:15:00Z,20
1833108,North,NAWANSHAHR,MOJOWAL MAJARA,Planned,Closed,2026-05-04T15:55:00Z,2026-05-04T17:08:00Z,73
1833107,South,SANGRUR,11 KV  LAKHMIRWALA UPS,Unplanned,Closed,2026-05-04T15:55:00Z,2026-05-04T16:24:00Z,29
1833113,South,PATIALA,TUNGA,Unplanned,Closed,2026-05-04T15:53:00Z,2026-05-04T16:24:00Z,31
1833112,South,PATIALA,UPS TUNGA,Unplanned,Closed,2026-05-04T15:53:00Z,2026-05-04T16:24:00Z,31
1833106,Border,TARN TARAN,BABA JALAN JI,Unplanned,Closed,2026-05-04T15:45:00Z,2026-05-04T16:30:00Z,45
1833103,South,SANGRUR,11 KV Khadial Cat-1,Unplanned,Closed,2026-05-04T15:43:26Z,2026-05-04T16:48:47Z,65
1833104,North,HOSHIARPUR,Handowal,Unplanned,Closed,2026-05-04T15:40:00Z,2026-05-04T15:55:00Z,15
1833109,North,KAPURTHALA,UPS DALLA,Unplanned,Closed,2026-05-04T15:35:00Z,2026-05-04T16:35:00Z,60
1833102,North,NAWANSHAHR,Chandigarh Road,Unplanned,Closed,2026-05-04T15:31:00Z,2026-05-04T15:55:00Z,24
1833099,North,HOSHIARPUR,CHANNIYA,Unplanned,Closed,2026-05-04T15:26:00Z,2026-05-04T16:12:00Z,46
1833094,Central,CITY WEST LUDHIANA,Aman Park,Planned,Closed,2026-05-04T15:25:02Z,2026-05-04T16:09:20Z,44
1833110,Border,TARN TARAN,KOT MOHAMAD KHAN UPS,Unplanned,Closed,2026-05-04T15:25:00Z,2026-05-04T16:30:00Z,65
1833105,Border,TARN TARAN,Dhotian UPS (KMK),Unplanned,Closed,2026-05-04T15:25:00Z,2026-05-04T16:30:00Z,65
1833098,Central,KHANNA,Labour Colony,Unplanned,Closed,2026-05-04T15:25:00Z,2026-05-04T17:45:00Z,140
1833097,Central,KHANNA,City-2 khanna,Unplanned,Closed,2026-05-04T15:25:00Z,2026-05-04T17:00:00Z,95
1833095,Border,SUB URBAN AMRITSAR,silverstate,Unplanned,Closed,2026-05-04T15:25:00Z,2026-05-04T15:49:00Z,24
1833084,East,Zirakpur,DAPPAR,Planned,Closed,2026-05-04T15:24:00Z,2026-05-04T15:46:00Z,22
1833100,East,MOHALI,CHARBARH UPS,Unplanned,Closed,2026-05-04T15:20:00Z,2026-05-04T16:36:10Z,76
1833096,Border,GURDASPUR,11 KV Dhesian,Unplanned,Closed,2026-05-04T15:20:00Z,2026-05-04T17:05:00Z,105
1833091,East,ROPAR,11 KV Sarsa Nangal,Unplanned,Closed,2026-05-04T15:17:00Z,2026-05-04T15:45:03Z,28
1833093,North,HOSHIARPUR,POSSI,Unplanned,Closed,2026-05-04T15:15:00Z,2026-05-04T15:50:00Z,35
1833092,North,HOSHIARPUR,MAZARA DINGRIAN,Unplanned,Closed,2026-05-04T15:15:00Z,2026-05-04T15:50:00Z,35
1833089,North,KAPURTHALA,UPS Malri,Unplanned,Closed,2026-05-04T15:15:00Z,2026-05-04T16:00:00Z,45
1833087,Central,KHANNA,RAM RAJAYA,Unplanned,Closed,2026-05-04T15:11:00Z,2026-05-04T16:00:00Z,49
1833085,North,NAWANSHAHR,MAZARI,Unplanned,Closed,2026-05-04T15:10:00Z,2026-05-04T15:30:00Z,20
1833083,East,MOHALI,11KV Sector 101,Unplanned,Closed,2026-05-04T15:09:34Z,2026-05-04T15:47:21Z,37
1833082,Central,KHANNA,Labour Colony,Unplanned,Closed,2026-05-04T15:07:00Z,2026-05-04T15:21:00Z,14
1833088,East,MOHALI,11KV DGR Feeder,Unplanned,Closed,2026-05-04T15:05:00Z,2026-05-04T17:04:48Z,119
1833080,North,HOSHIARPUR,HAJIPUR,Unplanned,Closed,2026-05-04T15:03:00Z,2026-05-04T15:35:00Z,32
1833079,Central,KHANNA,MALERKOTLA ROAD,Unplanned,Closed,2026-05-04T15:03:00Z,2026-05-04T16:00:00Z,57
1833077,Central,CITY WEST LUDHIANA,MARUTI ALLOY,Planned,Closed,2026-05-04T14:59:00Z,2026-05-04T15:20:00Z,21
1833121,Border,GURDASPUR,SIDHWAN,Unplanned,Closed,2026-05-04T14:58:00Z,2026-05-04T16:30:00Z,92
1833118,Border,GURDASPUR,BEHBAL CHACK,Unplanned,Closed,2026-05-04T14:58:00Z,2026-05-04T16:30:00Z,92
1833078,West,MUKATSAR,DHABWALI DHAB CAT-1,Unplanned,Closed,2026-05-04T14:58:00Z,2026-05-04T15:56:00Z,58
1833081,North,NAWANSHAHR,TAKARLA,Unplanned,Closed,2026-05-04T14:55:00Z,2026-05-04T15:55:00Z,60
1833074,South,PATIALA,MH CONTAINER,Unplanned,Closed,2026-05-04T14:50:00Z,2026-05-04T16:15:57Z,85
1833073,Border,CITY AMRITSAR,DISTRICT COURT,Unplanned,Closed,2026-05-04T14:50:00Z,2026-05-04T15:21:00Z,31
1833072,South,SANGRUR,11 KV Mata Modi Road,Unplanned,Closed,2026-05-04T14:50:00Z,2026-05-04T15:06:00Z,16
1833090,East,MOHALI,Kasauli,Unplanned,Closed,2026-05-04T14:49:00Z,2026-05-04T16:47:16Z,118
1833069,East,Zirakpur,11 KV PREM NAGAR FEEDER,Planned,Closed,2026-05-04T14:46:00Z,2026-05-04T15:25:00Z,39
1833068,East,ROPAR,MILL,Unplanned,Closed,2026-05-04T14:40:00Z,2026-05-04T15:30:00Z,50
1833066,North,NAWANSHAHR,BARSIAN,Unplanned,Closed,2026-05-04T14:40:00Z,2026-05-04T14:55:00Z,15
1833067,North,JALANDHAR,DINGRIAN BADALA,Unplanned,Closed,2026-05-04T14:30:00Z,2026-05-04T14:55:00Z,25
1833065,South,PATIALA,MOHINDER GANJ,Unplanned,Closed,2026-05-04T14:30:00Z,2026-05-04T14:45:00Z,15
1833058,Central,CITY WEST LUDHIANA,Kiran Vihar,Planned,Closed,2026-05-04T14:25:21Z,2026-05-04T15:43:47Z,78
1833086,Border,SUB URBAN AMRITSAR,KHANNA NAGAR,Unplanned,Closed,2026-05-04T14:25:00Z,2026-05-04T15:25:00Z,60
1833076,North,NAWANSHAHR,UPS-1,Unplanned,Closed,2026-05-04T14:20:00Z,2026-05-04T15:05:00Z,45
1833060,North,HOSHIARPUR,11 KV Bassi Wazid,Unplanned,Closed,2026-05-04T14:20:00Z,2026-05-04T15:30:00Z,70
1833059,North,JALANDHAR,Begampura,Unplanned,Closed,2026-05-04T14:20:00Z,2026-05-04T14:40:00Z,20
1833053,South,PATIALA,Industrial Estate(old),Unplanned,Closed,2026-05-04T14:19:00Z,2026-05-04T14:21:00Z,2
1833052,Central,CITY WEST LUDHIANA,Ishmeet Acadmy,Planned,Closed,2026-05-04T14:18:39Z,2026-05-04T14:35:00Z,16
1833057,East,ROPAR,11KV Belian UPS FEEDER,Unplanned,Closed,2026-05-04T14:18:00Z,2026-05-04T14:31:27Z,13
1833056,South,PATIALA,11KV NARENDRA ENCLAVE,Unplanned,Closed,2026-05-04T14:18:00Z,2026-05-04T14:21:00Z,3
1833054,North,HOSHIARPUR,11Kv Bebhalmanj UPS,Unplanned,Closed,2026-05-04T14:18:00Z,2026-05-04T15:35:00Z,77
1833049,South,SANGRUR,Industrial (Dhuri),Unplanned,Closed,2026-05-04T14:12:23Z,2026-05-04T14:45:34Z,33
1833050,North,NAWANSHAHR,BORA,Unplanned,Closed,2026-05-04T14:06:00Z,2026-05-04T14:35:00Z,29
1833047,South,PATIALA,gobind colony,Unplanned,Closed,2026-05-04T14:05:00Z,2026-05-04T16:55:00Z,170
1833064,West,FARIDKOT,CHANNU WALA AP,Unplanned,Closed,2026-05-04T14:04:25Z,2026-05-04T15:25:28Z,81
1833063,West,FARIDKOT,11 KV KOTHE RAJPOOT,Unplanned,Closed,2026-05-04T14:04:10Z,2026-05-04T15:25:14Z,81
1833045,Central,CITY WEST LUDHIANA,NATISH VIHAR,Unplanned,Closed,2026-05-04T14:04:00Z,2026-05-04T15:12:03Z,68
1833062,West,FARIDKOT,11 KV FATEH SINGH,Unplanned,Closed,2026-05-04T14:03:33Z,2026-05-04T15:25:38Z,82
1833061,West,FARIDKOT,11 KV GHOLIA KHURD-R,Unplanned,Closed,2026-05-04T14:03:14Z,2026-05-04T15:25:22Z,82
1833041,North,HOSHIARPUR,Bassi Gulam Hussian,Unplanned,Closed,2026-05-04T14:01:00Z,2026-05-04T14:48:00Z,47
1833075,West,MUKATSAR,DHABWALI DHAB CAT-1,Unplanned,Closed,2026-05-04T14:00:00Z,2026-05-04T14:49:00Z,49
1833071,East,MOHALI,11KV One Business,Unplanned,Closed,2026-05-04T14:00:00Z,2026-05-04T14:58:00Z,58
1833055,North,KAPURTHALA,AJIT NAGAR,Unplanned,Closed,2026-05-04T14:00:00Z,2026-05-04T15:48:00Z,108
1833051,South,PATIALA,JAMITGARH UPS,Unplanned,Closed,2026-05-04T14:00:00Z,2026-05-04T14:25:25Z,25
1833038,Border,GURDASPUR,CITY 2,Unplanned,Closed,2026-05-04T14:00:00Z,2026-05-04T15:05:00Z,65
1833034,Central,CITY WEST LUDHIANA,11 KV Happy colony,Unplanned,Closed,2026-05-04T13:56:09Z,2026-05-04T14:44:37Z,48
1833046,Border,GURDASPUR,SHAHPUR GORAYA 24Hrs,Unplanned,Closed,2026-05-04T13:55:00Z,2026-05-04T15:30:00Z,95
1833042,Border,GURDASPUR,I.T.I,Unplanned,Closed,2026-05-04T13:55:00Z,2026-05-04T16:05:00Z,130
1833037,Border,GURDASPUR,Thind Dhariwal,Unplanned,Closed,2026-05-04T13:55:00Z,2026-05-04T15:01:00Z,66
1833033,Border,GURDASPUR,RAILWAY ROAD CAT-1,Unplanned,Closed,2026-05-04T13:55:00Z,2026-05-04T15:01:00Z,66
1833032,Central,CITY WEST LUDHIANA,DABA ROAD FEEDER,Unplanned,Closed,2026-05-04T13:54:56Z,2026-05-04T15:39:52Z,104
1833029,West,FARIDKOT,11 KV BABA GURDITTA,Unplanned,Closed,2026-05-04T13:51:40Z,2026-05-04T15:25:47Z,94
1833028,West,FARIDKOT,11 KV FATEH SINGH,Unplanned,Closed,2026-05-04T13:51:26Z,2026-05-04T15:25:34Z,94
1833048,Border,TARN TARAN,KOT MOHAMAD KHAN UPS,Unplanned,Closed,2026-05-04T13:50:00Z,2026-05-04T15:05:00Z,75
1833043,Border,SUB URBAN AMRITSAR,DADDIAN UPS,Unplanned,Closed,2026-05-04T13:50:00Z,2026-05-04T14:15:00Z,25
1833036,North,JALANDHAR,Lucky Dhaba,Unplanned,Closed,2026-05-04T13:50:00Z,2026-05-04T15:00:00Z,70
1833025,Border,GURDASPUR,City,Unplanned,Closed,2026-05-04T13:50:00Z,2026-05-04T16:40:00Z,170
1833024,Border,GURDASPUR,Trimmo Road,Unplanned,Closed,2026-05-04T13:50:00Z,2026-05-04T16:40:00Z,170
1833023,Central,KHANNA,CHARHI,Unplanned,Closed,2026-05-04T13:47:41Z,2026-05-04T14:16:38Z,28
1833044,East,MOHALI,Industrial 8A,Unplanned,Closed,2026-05-04T13:45:00Z,2026-05-04T17:01:06Z,196
1833019,Central,KHANNA,Sahpur,Planned,Closed,2026-05-04T13:45:00Z,2026-05-04T14:15:00Z,30
1833040,East,Zirakpur,SAINI VIHAR,Planned,Closed,2026-05-04T13:44:00Z,2026-05-04T14:02:00Z,18
1833039,East,Zirakpur,KALKA ROAD,Planned,Closed,2026-05-04T13:44:00Z,2026-05-04T14:02:00Z,18
1833020,North,HOSHIARPUR,11KV KALLOWAL FEEDER,Unplanned,Closed,2026-05-04T13:40:00Z,2026-05-04T14:45:00Z,65
1833015,North,HOSHIARPUR,RAILWAY STATION,Unplanned,Closed,2026-05-04T13:33:00Z,2026-05-04T14:12:00Z,39
1833011,North,JALANDHAR,CIVIL LINE,Unplanned,Closed,2026-05-04T13:32:00Z,2026-05-04T13:40:00Z,8
1833014,West,MUKATSAR,11 KV KIKKER KHERA,Unplanned,Closed,2026-05-04T13:30:38Z,2026-05-04T14:10:23Z,39
1833035,Border,TARN TARAN,LAL PUR HATTA UPS,Unplanned,Closed,2026-05-04T13:30:00Z,2026-05-04T15:01:00Z,91
1833031,Border,CITY AMRITSAR,Kot Baba Deep singh,Unplanned,Closed,2026-05-04T13:30:00Z,2026-05-04T15:00:51Z,90
1833022,Border,CITY AMRITSAR,SULTANWIND ROAD,Unplanned,Closed,2026-05-04T13:30:00Z,2026-05-04T13:32:00Z,2
1833018,North,HOSHIARPUR,MHP2,Unplanned,Closed,2026-05-04T13:30:00Z,2026-05-04T14:02:00Z,32
1833016,East,MOHALI,HINDUSTAN TIMES,Unplanned,Closed,2026-05-04T13:30:00Z,2026-05-04T14:46:00Z,76
1833012,North,HOSHIARPUR,PRTC,Unplanned,Closed,2026-05-04T13:30:00Z,2026-05-04T13:44:00Z,14
1832978,Central,KHANNA,BAINI,Planned,Closed,2026-05-04T13:30:00Z,2026-05-04T14:15:00Z,45
1833021,East,MOHALI,SEC-68,Unplanned,Closed,2026-05-04T13:29:00Z,2026-05-04T15:20:00Z,111
1833010,North,HOSHIARPUR,KHARKAN,Unplanned,Closed,2026-05-04T13:28:00Z,2026-05-04T13:42:00Z,14
1833005,North,HOSHIARPUR,Pandori Attwal,Unplanned,Closed,2026-05-04T13:28:00Z,2026-05-04T13:50:00Z,22
1833006,South,PATIALA,NABHA NO.1,Unplanned,Closed,2026-05-04T13:27:00Z,2026-05-04T13:38:00Z,11
1833030,North,KAPURTHALA,URBAN CITY,Unplanned,Closed,2026-05-04T13:25:00Z,2026-05-04T15:40:00Z,135
1833013,Border,SUB URBAN AMRITSAR,NAG KALAN URBAN,Unplanned,Closed,2026-05-04T13:25:00Z,2026-05-04T15:55:00Z,150
1833009,Border,TARN TARAN,JAWANDY,Unplanned,Closed,2026-05-04T13:25:00Z,2026-05-04T14:40:00Z,75
1833008,East,ROPAR,SABJI MANDI,Unplanned,Closed,2026-05-04T13:25:00Z,2026-05-04T15:15:00Z,110
1833007,North,NAWANSHAHR,BALLOWAL,Unplanned,Closed,2026-05-04T13:25:00Z,2026-05-04T13:50:00Z,25
1832999,West,MUKATSAR,11 KV Dharampura,Unplanned,Closed,2026-05-04T13:23:32Z,2026-05-04T14:00:34Z,37
1832997,West,MUKATSAR,11 KV Dharampura,Unplanned,Closed,2026-05-04T13:23:32Z,2026-05-04T14:00:34Z,37
1833017,South,PATIALA,UPS SANDARSI,Unplanned,Closed,2026-05-04T13:23:00Z,2026-05-04T16:12:00Z,169
1832998,West,MUKATSAR,11 KV SAIDANWALI,Unplanned,Closed,2026-05-04T13:22:42Z,2026-05-04T14:00:00Z,37
1832996,West,MUKATSAR,11 KV SAIDANWALI,Unplanned,Closed,2026-05-04T13:22:42Z,2026-05-04T14:00:00Z,37
1833004,North,HOSHIARPUR,BILASPUR,Unplanned,Closed,2026-05-04T13:20:00Z,2026-05-04T14:10:00Z,50
1833002,Border,GURDASPUR,Nikkosaran 24 Hrs,Unplanned,Closed,2026-05-04T13:20:00Z,2026-05-04T14:30:00Z,70
1833001,Border,GURDASPUR,I.T.I,Unplanned,Closed,2026-05-04T13:20:00Z,2026-05-04T13:54:00Z,34
1832994,Border,SUB URBAN AMRITSAR,Mallan Wali,Unplanned,Closed,2026-05-04T13:19:00Z,2026-05-04T13:54:46Z,35
1832991,South,SANGRUR,11 KV KOTHE ROHI RAM AP,Unplanned,Closed,2026-05-04T13:16:59Z,2026-05-04T14:15:13Z,58
1832992,South,SANGRUR,11 KV CHHAJLI INDUSTRIAL,Unplanned,Closed,2026-05-04T13:16:24Z,2026-05-04T14:20:44Z,64
1832990,Border,GURDASPUR,Lamini,Unplanned,Closed,2026-05-04T13:16:00Z,2026-05-04T14:58:00Z,102
1833003,Border,SUB URBAN AMRITSAR,BAULI INDUSTRY,Unplanned,Closed,2026-05-04T13:15:00Z,2026-05-04T15:12:00Z,117
1832989,North,JALANDHAR,FAZIL PUR,Unplanned,Closed,2026-05-04T13:14:00Z,2026-05-04T13:30:00Z,16
1833000,Border,SUB URBAN AMRITSAR,GURUDWARA NANAKSAR,Unplanned,Closed,2026-05-04T13:10:00Z,2026-05-04T14:10:00Z,60
1832993,East,ROPAR,11 KV Navodya,Unplanned,Closed,2026-05-04T13:10:00Z,2026-05-04T14:10:00Z,60
1832988,East,ROPAR,11 KV Paharpur,Unplanned,Closed,2026-05-04T13:10:00Z,2026-05-04T14:36:57Z,86
1832985,Central,CITY WEST LUDHIANA,ISHER NAGAR FEEDER,Unplanned,Closed,2026-05-04T13:10:00Z,2026-05-04T13:44:00Z,34
1832986,Central,SUB URBAN LUDHIANA,CITY-1,Unplanned,Closed,2026-05-04T13:05:00Z,2026-05-04T15:00:00Z,115
1832984,North,HOSHIARPUR,SUBHANPUR,Unplanned,Closed,2026-05-04T13:05:00Z,2026-05-04T14:00:00Z,55
1832983,South,PATIALA,UPS SANDARSI,Unplanned,Closed,2026-05-04T13:01:00Z,2026-05-04T13:20:00Z,19
1832982,East,ROPAR,SHRI DASHMESH ACADEMY,Unplanned,Closed,2026-05-04T13:01:00Z,2026-05-04T13:11:00Z,10
1832987,North,JALANDHAR,Baba Deep Singh Nagar,Unplanned,Closed,2026-05-04T13:00:00Z,2026-05-04T15:00:00Z,120
1832981,Border,GURDASPUR,SADANA,Unplanned,Closed,2026-05-04T13:00:00Z,2026-05-04T14:56:00Z,116
1832980,Border,GURDASPUR,KOT BHALLA,Unplanned,Closed,2026-05-04T13:00:00Z,2026-05-04T14:56:00Z,116
1832979,Border,SUB URBAN AMRITSAR,M.E.S,Unplanned,Closed,2026-05-04T13:00:00Z,2026-05-04T13:40:00Z,40
1832977,North,HOSHIARPUR,Banjarbag,Unplanned,Closed,2026-05-04T13:00:00Z,2026-05-04T13:05:00Z,5
1832976,North,HOSHIARPUR,PANDORI,Unplanned,Closed,2026-05-04T12:58:00Z,2026-05-04T14:08:00Z,70
1832973,North,KAPURTHALA,URBAN Jandiala,Planned,Closed,2026-05-04T12:52:00Z,2026-05-04T15:25:00Z,153
1832974,Border,SUB URBAN AMRITSAR,24 Hrs Vehra,Unplanned,Closed,2026-05-04T12:49:00Z,2026-05-04T13:08:00Z,19
1832975,Border,SUB URBAN AMRITSAR,LAKHUWAL,Unplanned,Closed,2026-05-04T12:45:00Z,2026-05-04T14:50:00Z,125
1832969,Border,CITY AMRITSAR,Kapoor Nagar,Unplanned,Closed,2026-05-04T12:45:00Z,2026-05-04T13:58:00Z,73
1832958,West,FEROZPUR,UPS 1,Planned,Active,2026-05-04T12:45:00Z,2026-05-04T13:45:00Z,60
1832965,North,JALANDHAR,DEEP NAGAR,Unplanned,Closed,2026-05-04T12:42:00Z,2026-05-04T13:05:00Z,23
1832967,Central,CITY WEST LUDHIANA,URBAN ESTATE PH-1,Unplanned,Closed,2026-05-04T12:41:30Z,2026-05-04T13:48:27Z,66
1832966,Central,CITY WEST LUDHIANA,JAWADDI,Unplanned,Closed,2026-05-04T12:41:30Z,2026-05-04T14:28:25Z,106
1832964,Border,SUB URBAN AMRITSAR,Sada Pind,Unplanned,Closed,2026-05-04T12:41:00Z,2026-05-04T13:40:00Z,59
1832970,South,PATIALA,MADOMAJRA,Unplanned,Closed,2026-05-04T12:40:00Z,2026-05-04T16:00:01Z,200
1832962,Border,SUB URBAN AMRITSAR,Meritorious School,Unplanned,Closed,2026-05-04T12:40:00Z,2026-05-04T13:40:00Z,60
1832971,South,PATIALA,Old MES,Unplanned,Closed,2026-05-04T12:35:00Z,2026-05-04T12:50:00Z,15
1832968,East,MOHALI,11KV DURALI UPS,Unplanned,Closed,2026-05-04T12:35:00Z,2026-05-04T12:42:25Z,7
1832961,North,KAPURTHALA,UPS RAULI,Unplanned,Closed,2026-05-04T12:35:00Z,2026-05-04T13:50:00Z,75
1832953,Border,CITY AMRITSAR,MAQBOOL ROAD,Unplanned,Closed,2026-05-04T12:31:37Z,2026-05-04T12:39:04Z,7
1832951,Central,KHANNA,MAHON,Unplanned,Closed,2026-05-04T12:30:17Z,2026-05-04T13:17:13Z,46
1832947,West,FEROZPUR,ZIRA INDUSTRY 2,Unplanned,Active,2026-05-04T12:30:03Z,2026-05-04T13:53:00Z,82
1832959,North,KAPURTHALA,11 KV SHERPURA,Unplanned,Closed,2026-05-04T12:30:00Z,2026-05-04T12:55:00Z,25
1832957,North,KAPURTHALA,Nawi Abadi,Unplanned,Closed,2026-05-04T12:30:00Z,2026-05-04T13:30:00Z,60
1832956,North,KAPURTHALA,UPS Saidowal,Unplanned,Closed,2026-05-04T12:30:00Z,2026-05-04T13:00:00Z,30
1832955,North,HOSHIARPUR,Bhagowal,Unplanned,Closed,2026-05-04T12:30:00Z,2026-05-04T13:30:00Z,60
1832954,North,NAWANSHAHR,CHANDIANI,Unplanned,Closed,2026-05-04T12:25:00Z,2026-05-04T12:34:00Z,9
1832934,South,SANGRUR,11 KV LAKHMIRWALA AP(66 KV SUNAM,Unplanned,Closed,2026-05-04T12:24:35Z,2026-05-04T13:05:22Z,40
1832935,South,SANGRUR,11 KV  LAKHMIRWALA UPS,Unplanned,Closed,2026-05-04T12:24:07Z,2026-05-04T13:05:36Z,41
1832932,North,NAWANSHAHR,PANAM,Planned,Closed,2026-05-04T12:24:00Z,2026-05-04T12:42:00Z,18
1832949,East,ROPAR,Asmanpur,Unplanned,Closed,2026-05-04T12:23:00Z,2026-05-04T12:51:00Z,28
1832960,East,MOHALI,11KV Sector 101,Unplanned,Closed,2026-05-04T12:22:00Z,2026-05-04T13:39:52Z,77
1832952,North,KAPURTHALA,UPS TANDA AURA,Unplanned,Closed,2026-05-04T12:22:00Z,2026-05-04T14:10:00Z,108
1832933,Border,GURDASPUR,Simbal,Unplanned,Closed,2026-05-04T12:22:00Z,2026-05-04T13:50:00Z,88
1832944,North,HOSHIARPUR,khudda,Unplanned,Closed,2026-05-04T12:20:00Z,2026-05-04T13:15:00Z,55
1832936,Border,GURDASPUR,Malave de Kothi,Unplanned,Closed,2026-05-04T12:20:00Z,2026-05-04T14:05:00Z,105
1832928,Central,CITY WEST LUDHIANA,Ranchi Colony,Unplanned,Closed,2026-05-04T12:17:13Z,2026-05-04T13:10:27Z,53
1832927,North,NAWANSHAHR,Dana Mandi,Unplanned,Closed,2026-05-04T12:17:00Z,2026-05-04T12:44:00Z,27
1832948,East,MOHALI,11 KV CHADIALA UPS,Unplanned,Closed,2026-05-04T12:15:00Z,2026-05-04T12:30:24Z,15
1832937,North,HOSHIARPUR,RAILWAY STATION,Unplanned,Closed,2026-05-04T12:15:00Z,2026-05-04T12:35:00Z,20
1832930,North,NAWANSHAHR,PANYALI,Unplanned,Closed,2026-05-04T12:15:00Z,2026-05-04T13:20:00Z,65
1832925,North,NAWANSHAHR,JINDAPUR,Unplanned,Closed,2026-05-04T12:15:00Z,2026-05-04T13:20:00Z,65
1832917,North,JALANDHAR,EKTA NAGAR,Unplanned,Closed,2026-05-04T12:11:00Z,2026-05-04T12:25:00Z,14
1832919,Central,CITY WEST LUDHIANA,ABDULLAPUR BASTI,Unplanned,Closed,2026-05-04T12:10:05Z,2026-05-04T13:46:55Z,96
1832931,Border,SUB URBAN AMRITSAR,Fathapur,Unplanned,Closed,2026-05-04T12:10:00Z,2026-05-04T14:10:00Z,120
1832926,Central,KHANNA,JSM,Unplanned,Closed,2026-05-04T12:10:00Z,2026-05-04T13:08:00Z,58
1832924,Central,KHANNA,RP CONCAST,Unplanned,Closed,2026-05-04T12:10:00Z,2026-05-04T13:08:00Z,58
1832914,Central,KHANNA,Sangtpura,Unplanned,Closed,2026-05-04T12:06:00Z,2026-05-04T17:10:00Z,304
1832972,East,MOHALI,LANDRAN,Unplanned,Closed,2026-05-04T12:05:00Z,2026-05-04T14:30:00Z,145
1832963,East,MOHALI,BSF,Unplanned,Closed,2026-05-04T12:05:00Z,2026-05-04T14:30:00Z,145
1832922,Border,TARN TARAN,KOCHAR,Unplanned,Closed,2026-05-04T12:05:00Z,2026-05-04T13:10:00Z,65
1832921,North,HOSHIARPUR,Bassi Gulam Hussian,Unplanned,Closed,2026-05-04T12:05:00Z,2026-05-04T12:18:00Z,13
1832920,Central,KHANNA,Hargana,Unplanned,Closed,2026-05-04T12:05:00Z,2026-05-04T14:05:00Z,120
1832918,Central,KHANNA,MALERKOTLA ROAD,Unplanned,Closed,2026-05-04T12:05:00Z,2026-05-04T15:00:00Z,175
1832915,Central,KHANNA,SALANA UPS,Unplanned,Closed,2026-05-04T12:05:00Z,2026-05-04T13:08:00Z,63
1832912,North,NAWANSHAHR,CHOKKRAN FEEDER,Planned,Closed,2026-05-04T12:00:00Z,2026-05-04T16:00:00Z,240
1832911,North,NAWANSHAHR,DILAWARPUR,Planned,Closed,2026-05-04T12:00:00Z,2026-05-04T16:00:00Z,240
1832903,West,MUKATSAR,11 KV Alamgarh,Unplanned,Closed,2026-05-04T11:55:39Z,2026-05-04T12:30:50Z,35
1832904,West,MUKATSAR,11 KV KIKKER KHERA,Unplanned,Closed,2026-05-04T11:55:24Z,2026-05-04T12:30:38Z,35
1832906,North,JALANDHAR,DANA MANDI RAIPUR,Unplanned,Closed,2026-05-04T11:55:00Z,2026-05-04T14:35:00Z,160
1832908,North,NAWANSHAHR,CHANDPUR RURKI,Unplanned,Closed,2026-05-04T11:54:00Z,2026-05-04T12:05:00Z,11
1832902,North,HOSHIARPUR,KHIZARPUR,Unplanned,Closed,2026-05-04T11:52:00Z,2026-05-04T12:04:00Z,12
1832900,Central,CITY WEST LUDHIANA,A W H O,Unplanned,Closed,2026-05-04T11:50:52Z,2026-05-04T13:46:53Z,116
1832923,Border,GURDASPUR,24Hrs GOWARA,Unplanned,Closed,2026-05-04T11:50:00Z,2026-05-04T14:05:00Z,135
1832907,Border,GURDASPUR,KHAN PIARA,Unplanned,Closed,2026-05-04T11:50:00Z,2026-05-04T12:15:00Z,25
1832905,Border,GURDASPUR,SEKHWAN,Unplanned,Closed,2026-05-04T11:50:00Z,2026-05-04T12:15:00Z,25
1832899,North,HOSHIARPUR,Salempur,Unplanned,Closed,2026-05-04T11:50:00Z,2026-05-04T12:02:00Z,12
1832916,Border,GURDASPUR,dakoha,Unplanned,Closed,2026-05-04T11:45:00Z,2026-05-04T15:55:00Z,250
1832910,Border,SUB URBAN AMRITSAR,CHAND INDUSTRY,Unplanned,Closed,2026-05-04T11:45:00Z,2026-05-04T12:10:00Z,25
1832909,North,HOSHIARPUR,PATHRALIAN,Unplanned,Closed,2026-05-04T11:45:00Z,2026-05-04T13:25:00Z,100
1832898,North,KAPURTHALA,UPS Sunner Kalan,Planned,Closed,2026-05-04T11:45:00Z,2026-05-04T16:20:00Z,275
1832892,North,JALANDHAR,SAROOP NAGAR,Unplanned,Closed,2026-05-04T11:45:00Z,2026-05-04T12:34:00Z,49
1832913,East,Zirakpur,SUKHNA,Planned,Closed,2026-05-04T11:44:00Z,2026-05-04T12:02:00Z,18
1832894,North,NAWANSHAHR,DUGRI,Unplanned,Closed,2026-05-04T11:42:00Z,2026-05-04T12:01:00Z,19
1832895,North,HOSHIARPUR,Banjarbag,Unplanned,Closed,2026-05-04T11:40:00Z,2026-05-04T12:20:00Z,40
1832891,Central,KHANNA,Samadhi Road,Unplanned,Closed,2026-05-04T11:40:00Z,2026-05-04T12:33:00Z,53
1832884,South,PATIALA,Arya Samaj,Unplanned,Closed,2026-05-04T11:38:46Z,2026-05-04T12:05:04Z,26
1832886,Central,CITY EAST LUDHIANA,11 KV D-SUB STATION,Unplanned,Closed,2026-05-04T11:37:00Z,2026-05-04T12:57:00Z,80
1832885,Central,CITY EAST LUDHIANA,JAIL ROAD,Unplanned,Closed,2026-05-04T11:37:00Z,2026-05-04T12:47:00Z,70
1832882,North,JALANDHAR,GANDHI NAGAR,Unplanned,Closed,2026-05-04T11:37:00Z,2026-05-04T13:43:00Z,126
1832893,North,NAWANSHAHR,Mithra UPS,Unplanned,Closed,2026-05-04T11:35:00Z,2026-05-04T12:35:00Z,60
1832888,North,HOSHIARPUR,Tanda City,Unplanned,Closed,2026-05-04T11:35:00Z,2026-05-04T13:30:00Z,115
1832883,Border,SUB URBAN AMRITSAR,KAMBO,Unplanned,Closed,2026-05-04T11:35:00Z,2026-05-04T12:30:00Z,55
1832881,North,JALANDHAR,MALKO,Unplanned,Closed,2026-05-04T11:34:00Z,2026-05-04T12:37:00Z,63
1832879,Central,KHANNA,Samrala Road,Unplanned,Closed,2026-05-04T11:34:00Z,2026-05-04T12:35:00Z,61
1832876,East,ROPAR,Dashmesh Nagar,Unplanned,Closed,2026-05-04T11:32:16Z,2026-05-04T11:50:00Z,17
1832890,East,Zirakpur,SAINI VIHAR,Planned,Closed,2026-05-04T11:32:00Z,2026-05-04T11:50:00Z,18
1832889,East,Zirakpur,KALKA ROAD,Planned,Closed,2026-05-04T11:32:00Z,2026-05-04T11:50:00Z,18
1832887,East,Zirakpur,S S INFRA,Planned,Closed,2026-05-04T11:32:00Z,2026-05-04T11:50:00Z,18
1832950,Central,CITY EAST LUDHIANA,TAJPUR ROAD,Unplanned,Closed,2026-05-04T11:30:00Z,2026-05-04T13:10:00Z,100
1832897,South,PATIALA,GAJEWAS,Unplanned,Closed,2026-05-04T11:30:00Z,2026-05-04T18:00:00Z,390
1832880,North,NAWANSHAHR,MOJOWAL MAJARA,Unplanned,Closed,2026-05-04T11:30:00Z,2026-05-04T15:25:00Z,235
1832877,Border,GURDASPUR,KHUNDA,Unplanned,Closed,2026-05-04T11:30:00Z,2026-05-04T11:50:00Z,20
1832875,North,JALANDHAR,KAPURTHALA ROAD,Unplanned,Closed,2026-05-04T11:27:00Z,2026-05-04T12:28:00Z,61
1832869,Central,CITY WEST LUDHIANA,BASANT AVENUE,Unplanned,Closed,2026-05-04T11:25:44Z,2026-05-04T12:46:11Z,80
1832874,Border,GURDASPUR,Bhaini Mian Khan,Unplanned,Closed,2026-05-04T11:25:00Z,2026-05-04T12:30:00Z,65
1832868,North,JALANDHAR,MANDI ROAD,Unplanned,Closed,2026-05-04T11:25:00Z,2026-05-04T11:44:00Z,19
1832901,North,KAPURTHALA,Thabalke,Unplanned,Closed,2026-05-04T11:20:00Z,2026-05-04T12:30:00Z,70
1832878,Border,SUB URBAN AMRITSAR,Pathan Nangal,Unplanned,Closed,2026-05-04T11:20:00Z,2026-05-04T13:30:00Z,130
1832871,Border,GURDASPUR,BULEWAL,Unplanned,Closed,2026-05-04T11:20:00Z,2026-05-04T13:07:00Z,107
1832867,East,MOHALI,11 KV BATHLANA UPS,Unplanned,Closed,2026-05-04T11:20:00Z,2026-05-04T11:50:25Z,30
1832863,Central,CITY WEST LUDHIANA,MERADO FEEDER,Unplanned,Closed,2026-05-04T11:19:44Z,2026-05-04T13:41:48Z,142
1832864,North,HOSHIARPUR,PURHIRAN URBAN,Unplanned,Closed,2026-05-04T11:15:00Z,2026-05-04T11:35:00Z,20
1832857,North,JALANDHAR,SAROOP NAGAR,Unplanned,Closed,2026-05-04T11:13:00Z,2026-05-04T11:32:00Z,19
1832854,Central,KHANNA,DFL,Unplanned,Closed,2026-05-04T11:12:00Z,2026-05-04T13:40:00Z,148
1832852,Central,CITY EAST LUDHIANA,DIVISION-3,Unplanned,Closed,2026-05-04T11:11:00Z,2026-05-04T12:29:00Z,78
1832872,Border,SUB URBAN AMRITSAR,BAL SACHANDER,Unplanned,Closed,2026-05-04T11:10:00Z,2026-05-04T11:45:00Z,35
1832870,Border,GURDASPUR,LOHCHAP,Unplanned,Closed,2026-05-04T11:10:00Z,2026-05-04T12:55:00Z,105
1832859,Border,GURDASPUR,SOHAL,Unplanned,Closed,2026-05-04T11:10:00Z,2026-05-04T11:20:00Z,10
1832856,Central,KHANNA,Shiva Casting,Unplanned,Closed,2026-05-04T11:09:00Z,2026-05-04T11:50:00Z,41
1832855,North,JALANDHAR,11KV SALEMPUR,Unplanned,Closed,2026-05-04T11:09:00Z,2026-05-04T11:28:00Z,19
1832853,East,MOHALI,Nirankari feeder,Unplanned,Closed,2026-05-04T11:09:00Z,2026-05-04T11:30:00Z,21
1832844,North,JALANDHAR,G.T.ROAD,Unplanned,Closed,2026-05-04T11:07:00Z,2026-05-04T11:21:00Z,14
1832841,Border,GURDASPUR,24HRS U.P.S. MULLIANWAL,Unplanned,Closed,2026-05-04T11:05:00Z,2026-05-04T11:30:00Z,25
1832828,South,SANGRUR,UBHEWAL,Unplanned,Closed,2026-05-04T11:05:00Z,2026-05-04T13:02:47Z,117
1832861,North,JALANDHAR,NIHAL GARGH,Unplanned,Closed,2026-05-04T11:02:00Z,2026-05-04T11:20:00Z,18
1832850,North,NAWANSHAHR,BHADDI,Unplanned,Closed,2026-05-04T11:02:00Z,2026-05-04T11:15:00Z,13
1832827,North,HOSHIARPUR,Khalsa College Garhdiwala,Unplanned,Closed,2026-05-04T11:02:00Z,2026-05-04T11:27:00Z,25
1832848,East,MOHALI,MOHIKALAN UPS,Unplanned,Closed,2026-05-04T11:01:00Z,2026-05-04T13:20:32Z,139
1832846,East,MOHALI,SIGMA,Unplanned,Closed,2026-05-04T11:01:00Z,2026-05-04T13:20:22Z,139
1832843,East,MOHALI,LOGISTIC,Unplanned,Closed,2026-05-04T11:01:00Z,2026-05-04T13:20:03Z,139
1832896,North,KAPURTHALA,UPS Aujla,Unplanned,Closed,2026-05-04T11:00:00Z,2026-05-04T13:00:00Z,120
1832873,South,SANGRUR,Mahmadpur 1,Unplanned,Closed,2026-05-04T11:00:00Z,2026-05-04T11:46:00Z,46
1832865,North,HOSHIARPUR,Patti,Unplanned,Closed,2026-05-04T11:00:00Z,2026-05-04T12:40:00Z,100
1832851,East,MOHALI,NAYA GAON,Unplanned,Closed,2026-05-04T11:00:00Z,2026-05-04T11:30:00Z,30
1832849,North,HOSHIARPUR,Tajowal,Unplanned,Closed,2026-05-04T11:00:00Z,2026-05-04T12:50:00Z,110
1832847,Central,CITY WEST LUDHIANA,KITCHLU NAGAR,Unplanned,Closed,2026-05-04T11:00:00Z,2026-05-04T11:55:00Z,55
1832831,North,NAWANSHAHR,Dana Mandi,Unplanned,Closed,2026-05-04T10:58:00Z,2026-05-04T11:45:00Z,47
1832824,South,SANGRUR,KHANOURI  PEER,Unplanned,Closed,2026-05-04T10:55:03Z,2026-05-04T11:28:09Z,33
1832838,North,HOSHIARPUR,MAZARA DINGRIAN,Unplanned,Closed,2026-05-04T10:55:00Z,2026-05-04T11:30:00Z,35
1832826,North,JALANDHAR,GREEN PARK,Unplanned,Closed,2026-05-04T10:55:00Z,2026-05-04T12:02:00Z,67
1832840,North,JALANDHAR,COLD STORE,Unplanned,Closed,2026-05-04T10:50:00Z,2026-05-04T12:00:00Z,70
1832820,North,JALANDHAR,TUBEWELL CORPORATION,Unplanned,Closed,2026-05-04T10:50:00Z,2026-05-04T11:10:00Z,20
1832819,Border,CITY AMRITSAR,Kot Baba Deep singh,Unplanned,Closed,2026-05-04T10:49:00Z,2026-05-04T11:30:00Z,41
1832816,Border,CITY AMRITSAR,Dilbagh Nagar,Unplanned,Closed,2026-05-04T10:48:00Z,2026-05-04T11:30:00Z,42
1832845,Border,GURDASPUR,UBDC,Unplanned,Closed,2026-05-04T10:45:00Z,2026-05-04T11:55:00Z,70
1832836,East,MOHALI,11kv Saidpura,Unplanned,Closed,2026-05-04T10:45:00Z,2026-05-04T11:10:30Z,25
1832830,East,MOHALI,11 KV GIDDARPUR AP,Unplanned,Closed,2026-05-04T10:45:00Z,2026-05-04T11:10:28Z,25
1832829,North,JALANDHAR,NURPUR UPS,Unplanned,Closed,2026-05-04T10:45:00Z,2026-05-04T12:00:00Z,75
1832822,North,JALANDHAR,GADDO WALI,Unplanned,Closed,2026-05-04T10:45:00Z,2026-05-04T11:45:00Z,60
1832817,Border,GURDASPUR,HARNAM NAGAR,Unplanned,Closed,2026-05-04T10:45:00Z,2026-05-04T11:25:00Z,40
1832812,Border,GURDASPUR,Ujjagar Nagar,Unplanned,Closed,2026-05-04T10:45:00Z,2026-05-04T11:20:00Z,35
1832795,South,SANGRUR,UPS PAIND,Unplanned,Closed,2026-05-04T10:41:16Z,2026-05-04T11:11:14Z,29
1832823,South,PATIALA,11KV CHALELA - 2,Unplanned,Closed,2026-05-04T10:40:41Z,2026-05-04T16:46:38Z,365
1832866,North,JALANDHAR,PEER PRANIA FEEDER,Unplanned,Closed,2026-05-04T10:40:00Z,2026-05-04T11:40:00Z,60
1832862,North,JALANDHAR,INDUSTRY AREA,Unplanned,Closed,2026-05-04T10:40:00Z,2026-05-04T11:25:00Z,45
1832842,Border,GURDASPUR,KALER,Unplanned,Closed,2026-05-04T10:40:00Z,2026-05-04T11:41:00Z,61
1832839,North,JALANDHAR,LINK FEEDER,Unplanned,Closed,2026-05-04T10:40:00Z,2026-05-04T11:40:00Z,60
1832837,North,JALANDHAR,RURAL URBAN  (NAWAN PIND),Unplanned,Closed,2026-05-04T10:40:00Z,2026-05-04T11:40:00Z,60
1832835,North,JALANDHAR,VIEW ESTATE,Unplanned,Closed,2026-05-04T10:40:00Z,2026-05-04T11:40:00Z,60
1832834,North,JALANDHAR,SUNRA,Unplanned,Closed,2026-05-04T10:40:00Z,2026-05-04T11:40:00Z,60
1832833,North,JALANDHAR,DANA MANDI RAIPUR,Unplanned,Closed,2026-05-04T10:40:00Z,2026-05-04T11:40:00Z,60
1832832,North,JALANDHAR,11 KV LAW GATE FEEDER,Unplanned,Closed,2026-05-04T10:40:00Z,2026-05-04T11:40:00Z,60
1832825,East,ROPAR,SUGARMILL,Unplanned,Closed,2026-05-04T10:40:00Z,2026-05-04T14:00:00Z,200
1832814,North,HOSHIARPUR,MODEL  TOWN,Unplanned,Closed,2026-05-04T10:40:00Z,2026-05-04T11:25:00Z,45
1832813,North,NAWANSHAHR,11 KV UPS KATANA,Unplanned,Closed,2026-05-04T10:40:00Z,2026-05-04T11:20:00Z,40
1832810,North,JALANDHAR,DEFENCE COLONY NO.1,Unplanned,Closed,2026-05-04T10:40:00Z,2026-05-04T12:20:00Z,100
1832808,North,JALANDHAR,MARKFED,Unplanned,Closed,2026-05-04T10:40:00Z,2026-05-04T12:10:00Z,90
1832804,North,NAWANSHAHR,CHANDIANI,Unplanned,Closed,2026-05-04T10:40:00Z,2026-05-04T11:40:00Z,60
1832779,Border,CITY AMRITSAR,CHATIWIND 1,Planned,Closed,2026-05-04T10:40:00Z,2026-05-04T11:00:00Z,20
1832793,Central,KHANNA,R.G.,Unplanned,Closed,2026-05-04T10:39:00Z,2026-05-04T16:00:00Z,321
1832792,North,JALANDHAR,TRIBUNE,Unplanned,Closed,2026-05-04T10:39:00Z,2026-05-04T10:53:00Z,14
1832802,North,KAPURTHALA,Tower Colony,Unplanned,Closed,2026-05-04T10:38:00Z,2026-05-04T12:10:00Z,92
1832785,Central,CITY WEST LUDHIANA,NATISH VIHAR,Unplanned,Closed,2026-05-04T10:35:11Z,2026-05-04T12:30:41Z,115
1832794,South,PATIALA,Kohenoor vally,Unplanned,Closed,2026-05-04T10:35:09Z,2026-05-04T13:00:24Z,145
1832800,North,JALANDHAR,CENTRAL MILL,Unplanned,Closed,2026-05-04T10:35:00Z,2026-05-04T10:46:00Z,11
1832797,North,NAWANSHAHR,UPS NO.1,Unplanned,Closed,2026-05-04T10:35:00Z,2026-05-04T11:55:00Z,80
1832786,Central,KHANNA,Sangtpura,Unplanned,Closed,2026-05-04T10:33:00Z,2026-05-04T11:54:00Z,81
1832778,South,PATIALA,11 KV NEXGEN FEEDER,Unplanned,Closed,2026-05-04T10:30:31Z,2026-05-04T10:50:32Z,20
1832777,South,PATIALA,11 KV BANK FEEDER,Unplanned,Closed,2026-05-04T10:30:31Z,2026-05-04T10:50:03Z,19
1832776,South,PATIALA,11 KV UPS-2 ?azror Feeder,Unplanned,Closed,2026-05-04T10:30:31Z,2026-05-04T10:50:13Z,19
1832775,South,PATIALA,11 KV URBAN ESTATE,Unplanned,Closed,2026-05-04T10:30:31Z,2026-05-04T10:50:31Z,20
1832774,South,PATIALA,11 KV UPS 1,Unplanned,Closed,2026-05-04T10:30:31Z,2026-05-04T10:50:46Z,20
1832773,South,PATIALA,spade mettalices,Unplanned,Closed,2026-05-04T10:30:31Z,2026-05-04T10:50:10Z,19
1832772,South,PATIALA,PUNJABI UNIVERSITY,Unplanned,Closed,2026-05-04T10:30:31Z,2026-05-04T10:50:31Z,20
1832771,South,PATIALA,Substation Bhadurgarh,Unplanned,Closed,2026-05-04T10:30:31Z,2026-05-04T10:50:58Z,20
1832770,South,PATIALA,11 KV MILKFOOD,Unplanned,Closed,2026-05-04T10:30:31Z,2026-05-04T10:50:16Z,19
1832769,South,PATIALA,11 KV BAHADURGARH,Unplanned,Closed,2026-05-04T10:30:31Z,2026-05-04T10:50:34Z,20
1832858,North,JALANDHAR,THIRD WIRE,Unplanned,Closed,2026-05-04T10:30:00Z,2026-05-04T11:15:00Z,45
1832821,Border,GURDASPUR,11 KV Said Mubarak,Planned,Closed,2026-05-04T10:30:00Z,2026-05-04T11:28:00Z,58
1832803,Border,GURDASPUR,PASSNAWAL,Unplanned,Closed,2026-05-04T10:30:00Z,2026-05-04T10:50:00Z,20
1832801,Border,GURDASPUR,24Hrs SUPPLY KALA BALA,Unplanned,Closed,2026-05-04T10:30:00Z,2026-05-04T10:50:00Z,20
1832798,Border,SUB URBAN AMRITSAR,KOTLA URBAN,Unplanned,Closed,2026-05-04T10:30:00Z,2026-05-04T11:30:00Z,60
1832796,North,JALANDHAR,CHUHARWALI,Unplanned,Closed,2026-05-04T10:30:00Z,2026-05-04T11:25:00Z,55
1832790,North,NAWANSHAHR,11KV BHEEN (Urban),Unplanned,Closed,2026-05-04T10:30:00Z,2026-05-04T11:25:00Z,55
1832789,North,JALANDHAR,11 KV BHANOKI LINK FEEDER,Unplanned,Closed,2026-05-04T10:30:00Z,2026-05-04T10:31:00Z,1
1832787,North,JALANDHAR,LINK FEEDER,Unplanned,Closed,2026-05-04T10:30:00Z,2026-05-04T10:55:00Z,25
1832784,North,JALANDHAR,ASHOK VIHAR,Unplanned,Closed,2026-05-04T10:30:00Z,2026-05-04T10:55:00Z,25
1832783,North,JALANDHAR,Urban Rural no 2,Unplanned,Closed,2026-05-04T10:30:00Z,2026-05-04T10:55:00Z,25
1832782,North,JALANDHAR,URBAN RURAL,Unplanned,Closed,2026-05-04T10:30:00Z,2026-05-04T10:55:00Z,25
1832767,North,KAPURTHALA,UPS GURSAR,Unplanned,Closed,2026-05-04T10:30:00Z,2026-05-04T11:25:00Z,55
1832766,Border,GURDASPUR,Thind Dhariwal,Unplanned,Closed,2026-05-04T10:30:00Z,2026-05-04T11:35:00Z,65
1832762,Border,GURDASPUR,Dalla UPS,Unplanned,Closed,2026-05-04T10:30:00Z,2026-05-04T11:35:00Z,65
1832758,Central,KHANNA,DEVI DAWALA feeder,Unplanned,Closed,2026-05-04T10:30:00Z,2026-05-04T11:12:00Z,42
1832756,Central,CITY EAST LUDHIANA,SHIVAJI NAGAR,Unplanned,Closed,2026-05-04T10:30:00Z,2026-05-04T11:40:00Z,70
1832760,South,PATIALA,Thuhi Road,Unplanned,Closed,2026-05-04T10:29:00Z,2026-05-04T11:50:00Z,81
1832757,East,Zirakpur,ZIRAKPUR-1,Unplanned,Closed,2026-05-04T10:28:00Z,2026-05-04T11:29:00Z,61
1832761,North,JALANDHAR,JALANDHAR KUNJ,Unplanned,Closed,2026-05-04T10:26:00Z,2026-05-04T12:00:00Z,94
1832750,Border,GURDASPUR,Trimmo Road,Unplanned,Closed,2026-05-04T10:26:00Z,2026-05-04T10:35:00Z,9
1832818,Border,SUB URBAN AMRITSAR,RANEWALI UPS,Unplanned,Closed,2026-05-04T10:25:00Z,2026-05-04T11:15:00Z,50
1832815,Border,SUB URBAN AMRITSAR,RAJASANSI/HC,Unplanned,Closed,2026-05-04T10:25:00Z,2026-05-04T11:15:00Z,50
1832765,North,KAPURTHALA,UPS Sangatpur,Unplanned,Closed,2026-05-04T10:25:00Z,2026-05-04T11:15:00Z,50
1832763,North,HOSHIARPUR,Naurangabad,Unplanned,Closed,2026-05-04T10:25:00Z,2026-05-04T10:50:00Z,25
1832745,Border,GURDASPUR,Karnama,Unplanned,Closed,2026-05-04T10:24:00Z,2026-05-04T10:35:00Z,11
1832740,North,JALANDHAR,11 KV GRAIN MARKET (Old),Unplanned,Closed,2026-05-04T10:23:12Z,2026-05-04T10:53:00Z,29
1832751,North,NAWANSHAHR,Urban,Unplanned,Closed,2026-05-04T10:23:00Z,2026-05-04T11:02:00Z,39
1832752,North,JALANDHAR,UDHOPUR,Unplanned,Closed,2026-05-04T10:22:00Z,2026-05-04T12:00:00Z,98
1832811,East,ROPAR,DARPAN,Unplanned,Closed,2026-05-04T10:20:00Z,2026-05-04T11:45:00Z,85
1832788,North,NAWANSHAHR,KHOJA,Unplanned,Closed,2026-05-04T10:20:00Z,2026-05-04T10:55:00Z,35
1832759,Border,TARN TARAN,JAWANDY,Unplanned,Closed,2026-05-04T10:20:00Z,2026-05-04T12:05:00Z,105
1832747,North,NAWANSHAHR,11 KV UPS,Unplanned,Closed,2026-05-04T10:20:00Z,2026-05-04T11:50:00Z,90
1832743,North,KAPURTHALA,UPS SATABGARH,Unplanned,Closed,2026-05-04T10:20:00Z,2026-05-04T10:55:00Z,35
1832754,North,KAPURTHALA,URBAN CITY,Unplanned,Closed,2026-05-04T10:18:00Z,2026-05-04T12:00:00Z,102
1832753,North,KAPURTHALA,URBAN MOHABAT NAGAR,Unplanned,Closed,2026-05-04T10:18:00Z,2026-05-04T13:00:00Z,162
1832744,North,JALANDHAR,Lilly Resort,Unplanned,Closed,2026-05-04T10:17:00Z,2026-05-04T10:37:00Z,20
1832742,North,NAWANSHAHR,UPS-5,Unplanned,Closed,2026-05-04T10:15:00Z,2026-05-04T10:50:00Z,35
1832741,North,NAWANSHAHR,UPS-4,Unplanned,Closed,2026-05-04T10:15:00Z,2026-05-04T10:45:00Z,30
1832739,North,JALANDHAR,Sangal Sohal,Unplanned,Closed,2026-05-04T10:15:00Z,2026-05-04T12:00:00Z,105
1832733,North,JALANDHAR,Alipur,Unplanned,Closed,2026-05-04T10:15:00Z,2026-05-04T10:37:00Z,22
1832732,North,HOSHIARPUR,BILASPUR,Unplanned,Closed,2026-05-04T10:15:00Z,2026-05-04T13:05:00Z,170
1832730,North,HOSHIARPUR,11 KV Shri Guru Nanak Nagar,Unplanned,Closed,2026-05-04T10:15:00Z,2026-05-04T11:15:00Z,60
1832716,Border,SUB URBAN AMRITSAR,Chaba,Planned,Closed,2026-05-04T10:15:00Z,2026-05-04T11:15:00Z,60
1832736,Border,GURDASPUR,Simbal,Unplanned,Closed,2026-05-04T10:14:00Z,2026-05-04T12:14:00Z,120
1832726,East,MOHALI,11KV Shivalik Vihar,Unplanned,Closed,2026-05-04T10:13:00Z,2026-05-04T10:47:00Z,34
1832723,Border,GURDASPUR,Ghesal,Unplanned,Closed,2026-05-04T10:11:00Z,2026-05-04T10:39:00Z,28
1832721,Border,GURDASPUR,Kanwan,Unplanned,Closed,2026-05-04T10:11:00Z,2026-05-04T10:39:00Z,28
1832717,Border,GURDASPUR,Gujran Lahri,Unplanned,Closed,2026-05-04T10:11:00Z,2026-05-04T10:39:00Z,28
1832748,South,PATIALA,11 KV Amara Breweries,Unplanned,Closed,2026-05-04T10:10:09Z,2026-05-04T12:25:32Z,135
1832746,South,PATIALA,UPS MARU,Unplanned,Closed,2026-05-04T10:10:09Z,2026-05-04T10:40:23Z,30
1832738,North,JALANDHAR,ADAMPUR,Unplanned,Closed,2026-05-04T10:10:00Z,2026-05-04T12:15:00Z,125
1832735,North,NAWANSHAHR,MEHIATPUR,Unplanned,Closed,2026-05-04T10:10:00Z,2026-05-04T10:25:00Z,15
1832734,North,JALANDHAR,GARHA,Unplanned,Closed,2026-05-04T10:10:00Z,2026-05-04T11:20:00Z,70
1832725,North,NAWANSHAHR,11KV GHATARON,Unplanned,Closed,2026-05-04T10:10:00Z,2026-05-04T11:10:00Z,60
1832722,North,JALANDHAR,CHITTI (U),Unplanned,Closed,2026-05-04T10:09:00Z,2026-05-04T11:00:00Z,51
1832720,North,NAWANSHAHR,CHUSHMA,Unplanned,Closed,2026-05-04T10:08:00Z,2026-05-04T10:55:00Z,47
1832715,Central,KHANNA,Motia Khan,Unplanned,Closed,2026-05-04T10:06:00Z,2026-05-04T11:45:00Z,99
1832780,Border,TARN TARAN,KOT DASANDI MAL,Unplanned,Closed,2026-05-04T10:05:04Z,2026-05-04T12:18:09Z,133
1832755,East,Zirakpur,PUNJAB,Unplanned,Closed,2026-05-04T10:05:00Z,2026-05-04T12:02:00Z,117
1832727,Border,SUB URBAN AMRITSAR,VERKA IND.1,Unplanned,Closed,2026-05-04T10:05:00Z,2026-05-04T11:01:00Z,56
1832718,North,JALANDHAR,DAROLI KHURD,Unplanned,Closed,2026-05-04T10:05:00Z,2026-05-04T12:15:00Z,130
1832712,North,JALANDHAR,KUKARPIND,Unplanned,Closed,2026-05-04T10:05:00Z,2026-05-04T12:05:00Z,120
1832705,North,NAWANSHAHR,UPS-2,Unplanned,Closed,2026-05-04T10:05:00Z,2026-05-04T10:47:00Z,42
1833101,South,SANGRUR,11 KV  LAKHMIRWALA UPS,Unplanned,Closed,2026-05-04T10:03:32Z,2026-05-04T10:11:11Z,7
1832728,North,JALANDHAR,HARIPUR,Unplanned,Closed,2026-05-04T10:02:00Z,2026-05-04T11:40:00Z,98
1832711,North,KAPURTHALA,UPS NAL,Unplanned,Closed,2026-05-04T10:02:00Z,2026-05-04T11:20:00Z,78
1832709,East,MOHALI,Sohana 2,Unplanned,Closed,2026-05-04T10:02:00Z,2026-05-04T12:09:00Z,127
1832749,East,MOHALI,11KV NADIALI AP,Unplanned,Closed,2026-05-04T10:01:00Z,2026-05-04T12:10:34Z,129
1832731,North,JALANDHAR,Vajra Vihar,Unplanned,Closed,2026-05-04T10:01:00Z,2026-05-04T10:26:00Z,25
1832737,South,PATIALA,FAGGANMAJRA UPS,Unplanned,Closed,2026-05-04T10:00:09Z,2026-05-04T11:50:00Z,109
1833138,South,SANGRUR,Dashmesh nagar,Unplanned,Closed,2026-05-04T10:00:00Z,2026-05-04T14:00:00Z,240
1832807,North,JALANDHAR,BABA GADHIYA,Unplanned,Closed,2026-05-04T10:00:00Z,2026-05-04T10:55:00Z,55
1832806,North,JALANDHAR,FATEHGARH,Unplanned,Closed,2026-05-04T10:00:00Z,2026-05-04T10:55:00Z,55
1832805,North,JALANDHAR,Bhanoki Road,Unplanned,Closed,2026-05-04T10:00:00Z,2026-05-04T10:55:00Z,55
1832799,North,JALANDHAR,Dhadde,Unplanned,Closed,2026-05-04T10:00:00Z,2026-05-04T11:55:00Z,115
1832729,North,JALANDHAR,panshata urban,Unplanned,Closed,2026-05-04T10:00:00Z,2026-05-04T11:50:00Z,110
1832713,North,HOSHIARPUR,HARKOWAL,Unplanned,Closed,2026-05-04T10:00:00Z,2026-05-04T10:23:00Z,23
1832696,Central,KHANNA,JASARA,Unplanned,Closed,2026-05-04T10:00:00Z,2026-05-04T11:54:00Z,114
1832695,Central,KHANNA,Jim Khana,Unplanned,Closed,2026-05-04T10:00:00Z,2026-05-04T10:35:00Z,35
1832693,Border,CITY AMRITSAR,Bhai  Ghaniyia ji,Unplanned,Closed,2026-05-04T10:00:00Z,2026-05-04T10:55:00Z,55
1832724,East,ROPAR,WINDSOR,Unplanned,Closed,2026-05-04T09:59:00Z,2026-05-04T10:15:00Z,16
1832702,North,KAPURTHALA,11 KV SHERPURA,Unplanned,Closed,2026-05-04T09:58:00Z,2026-05-04T10:25:00Z,27
1832679,North,NAWANSHAHR,CITY GARHSHANKAR-2,Planned,Closed,2026-05-04T09:58:00Z,2026-05-04T10:46:00Z,48
1832698,East,MOHALI,TEPLA ROAD BANUR,Unplanned,Closed,2026-05-04T09:57:00Z,2026-05-04T10:50:38Z,53
1832685,Border,CITY AMRITSAR,11kV Garden Enclave,Unplanned,Closed,2026-05-04T09:57:00Z,2026-05-04T10:50:00Z,53
1832686,North,JALANDHAR,NUCON,Unplanned,Closed,2026-05-04T09:56:00Z,2026-05-04T10:22:00Z,26
1832681,North,JALANDHAR,GURU AMAR DASS NAGAR,Unplanned,Closed,2026-05-04T09:56:00Z,2026-05-04T10:15:00Z,19
1832708,South,PATIALA,11KV KALWA,Unplanned,Closed,2026-05-04T09:55:57Z,2026-05-04T15:20:08Z,324
1832707,South,PATIALA,11KV CHALELA OLD,Unplanned,Closed,2026-05-04T09:55:57Z,2026-05-04T13:00:00Z,184
1832710,East,MOHALI,KALOMAJRA AP,Unplanned,Closed,2026-05-04T09:55:00Z,2026-05-04T10:05:00Z,10
1832706,East,MOHALI,CHARBARH UPS,Unplanned,Closed,2026-05-04T09:55:00Z,2026-05-04T10:05:35Z,10
1832704,East,MOHALI,ALAMPUR UPS,Unplanned,Closed,2026-05-04T09:55:00Z,2026-05-04T10:05:00Z,10
1832703,East,MOHALI,GIAN SAGAR,Unplanned,Closed,2026-05-04T09:55:00Z,2026-05-04T10:05:25Z,10
1832701,Central,CITY EAST LUDHIANA,KOTWALI,Unplanned,Closed,2026-05-04T09:55:00Z,2026-05-04T12:21:00Z,146
1832700,North,KAPURTHALA,Mahuwal,Unplanned,Closed,2026-05-04T09:55:00Z,2026-05-04T11:35:00Z,100
1832699,North,JALANDHAR,Chomon,Unplanned,Closed,2026-05-04T09:55:00Z,2026-05-04T11:45:00Z,110
1832692,North,JALANDHAR,PEER PRANIA FEEDER,Unplanned,Closed,2026-05-04T09:55:00Z,2026-05-04T10:30:00Z,35
1832684,North,NAWANSHAHR,Mukandpur,Unplanned,Closed,2026-05-04T09:55:00Z,2026-05-04T11:05:00Z,70
1832694,North,JALANDHAR,GADDO WALI,Unplanned,Closed,2026-05-04T09:51:00Z,2026-05-04T10:34:00Z,43
1832676,Central,SUB URBAN LUDHIANA,11 KV LEHRA UPS FEEDER,Unplanned,Closed,2026-05-04T09:50:29Z,2026-05-04T11:25:53Z,95
1832674,Border,CITY AMRITSAR,NAVANKOT,Unplanned,Closed,2026-05-04T09:50:02Z,2026-05-04T10:48:15Z,58
1832860,North,KAPURTHALA,UPS Malri,Unplanned,Closed,2026-05-04T09:50:00Z,2026-05-04T12:50:00Z,180
1832687,North,HOSHIARPUR,Chaggran,Unplanned,Closed,2026-05-04T09:50:00Z,2026-05-04T10:50:00Z,60
1832683,North,HOSHIARPUR,Handowal,Unplanned,Closed,2026-05-04T09:50:00Z,2026-05-04T12:05:00Z,135
1832680,East,ROPAR,11 KV Jeunewal,Unplanned,Closed,2026-05-04T09:50:00Z,2026-05-04T10:45:00Z,55
1832697,North,JALANDHAR,KANG SABOO,Unplanned,Closed,2026-05-04T09:47:00Z,2026-05-04T17:15:00Z,448
1832691,North,JALANDHAR,NIJJRAN,Unplanned,Closed,2026-05-04T09:46:00Z,2026-05-04T11:00:00Z,74
1832714,North,JALANDHAR,STARCH MILL,Unplanned,Closed,2026-05-04T09:45:00Z,2026-05-04T10:30:00Z,45
1832671,Border,SUB URBAN AMRITSAR,11KV Jagiwal,Unplanned,Closed,2026-05-04T09:45:00Z,2026-05-04T11:20:00Z,95
1832673,North,JALANDHAR,KAPURTHALA ROAD,Unplanned,Closed,2026-05-04T09:42:00Z,2026-05-04T10:36:00Z,54
1832672,North,KAPURTHALA,URBAN Civil Hospital,Unplanned,Closed,2026-05-04T09:42:00Z,2026-05-04T10:30:00Z,48
1832670,Border,CITY AMRITSAR,DISTRICT COURT,Unplanned,Closed,2026-05-04T09:40:57Z,2026-05-04T12:23:04Z,162
1832677,Central,KHANNA,Barmalipur city,Unplanned,Closed,2026-05-04T09:40:00Z,2026-05-04T13:35:00Z,235
1832678,North,JALANDHAR,BASTI PEER DAD,Unplanned,Closed,2026-05-04T09:38:00Z,2026-05-04T10:26:00Z,48
1832660,South,PATIALA,DAKALA,Unplanned,Closed,2026-05-04T09:35:57Z,2026-05-04T12:25:09Z,169
1832661,Central,CITY WEST LUDHIANA,URBAN ESTATE PH-1,Unplanned,Closed,2026-05-04T09:35:55Z,2026-05-04T11:36:41Z,120
1832667,North,NAWANSHAHR,UPS No. 2,Unplanned,Closed,2026-05-04T09:35:00Z,2026-05-04T11:50:00Z,135
1832666,East,ROPAR,SABJI MANDI,Unplanned,Closed,2026-05-04T09:35:00Z,2026-05-04T09:53:00Z,18
1832662,Border,TARN TARAN,VARPALCITY,Unplanned,Closed,2026-05-04T09:35:00Z,2026-05-04T09:47:00Z,12
1832664,Central,KHANNA,Labour Colony,Unplanned,Closed,2026-05-04T09:34:00Z,2026-05-04T14:41:00Z,307
1832663,Central,KHANNA,CITY,Unplanned,Closed,2026-05-04T09:34:00Z,2026-05-04T10:40:00Z,66
1832639,South,SANGRUR,24 HRS. MAHASINGHWALA,Unplanned,Closed,2026-05-04T09:33:59Z,2026-05-04T10:10:16Z,36
1832659,North,HOSHIARPUR,WAZIRAN,Unplanned,Closed,2026-05-04T09:33:00Z,2026-05-04T10:04:00Z,31
1832647,Central,CITY WEST LUDHIANA,Ranchi Colony,Unplanned,Closed,2026-05-04T09:32:02Z,2026-05-04T12:16:30Z,164
1832636,South,PATIALA,Focal Point-III,Unplanned,Closed,2026-05-04T09:32:00Z,2026-05-04T11:10:00Z,98
1832637,Central,CITY WEST LUDHIANA,RENTAL COLONY,Unplanned,Closed,2026-05-04T09:31:25Z,2026-05-04T11:11:25Z,100
1832689,South,PATIALA,CHATERA,Unplanned,Closed,2026-05-04T09:30:57Z,2026-05-04T11:05:00Z,94
1832688,South,PATIALA,DHANORI,Unplanned,Closed,2026-05-04T09:30:57Z,2026-05-04T11:20:57Z,110
1832634,South,PATIALA,SALEMPUR,Unplanned,Closed,2026-05-04T09:30:57Z,2026-05-04T11:30:31Z,119
1832690,North,JALANDHAR,MANDI,Unplanned,Closed,2026-05-04T09:30:00Z,2026-05-04T10:00:00Z,30
1832665,North,JALANDHAR,11 kv central town,Unplanned,Closed,2026-05-04T09:30:00Z,2026-05-04T10:30:00Z,60
1832657,North,KAPURTHALA,UPS KHUKHRAIN,Unplanned,Closed,2026-05-04T09:30:00Z,2026-05-04T10:00:00Z,30
1832654,North,NAWANSHAHR,UPS-3,Unplanned,Closed,2026-05-04T09:30:00Z,2026-05-04T12:07:00Z,157
1832653,South,PATIALA,Bharat colony,Unplanned,Closed,2026-05-04T09:30:00Z,2026-05-04T10:15:00Z,45
1832651,North,KAPURTHALA,Nirmal Kutiya,Unplanned,Closed,2026-05-04T09:30:00Z,2026-05-04T11:05:00Z,95
1832645,Central,CITY EAST LUDHIANA,HIRA NAGAR,Unplanned,Closed,2026-05-04T09:30:00Z,2026-05-04T10:55:00Z,85
1832643,Central,CITY EAST LUDHIANA,TAJPUR ROAD,Unplanned,Closed,2026-05-04T09:30:00Z,2026-05-04T10:55:00Z,85
1832635,Central,SUB URBAN LUDHIANA,RAIKOT,Unplanned,Closed,2026-05-04T09:29:25Z,2026-05-04T09:52:51Z,23
1832632,East,MOHALI,11KV Shivalik,Unplanned,Closed,2026-05-04T09:28:00Z,2026-05-04T12:44:00Z,196
1832658,Border,GURDASPUR,Focal Point,Unplanned,Closed,2026-05-04T09:27:00Z,2026-05-04T10:06:00Z,39
1832633,North,JALANDHAR,Star,Unplanned,Closed,2026-05-04T09:26:00Z,2026-05-04T09:30:00Z,4
1832631,North,HOSHIARPUR,KHARDEHER,Unplanned,Closed,2026-05-04T09:26:00Z,2026-05-04T09:32:00Z,6
1832640,South,PATIALA,Nizamniwala,Unplanned,Closed,2026-05-04T09:25:09Z,2026-05-04T10:30:00Z,64
1832655,East,ROPAR,DATARPUR,Unplanned,Closed,2026-05-04T09:25:00Z,2026-05-04T10:45:00Z,80
1832652,East,ROPAR,Jhangrian,Unplanned,Closed,2026-05-04T09:25:00Z,2026-05-04T09:57:00Z,32
1832627,North,NAWANSHAHR,MAHIPUR,Unplanned,Closed,2026-05-04T09:25:00Z,2026-05-04T10:05:00Z,40
1832626,North,NAWANSHAHR,BHADDI URBAN,Unplanned,Closed,2026-05-04T09:25:00Z,2026-05-04T10:05:00Z,40
1832650,East,Zirakpur,11 KV AMBALA ROAD,Unplanned,Closed,2026-05-04T09:24:00Z,2026-05-04T10:54:00Z,90
1832648,East,Zirakpur,Jaskaran,Unplanned,Closed,2026-05-04T09:24:00Z,2026-05-04T10:52:00Z,88
1832646,East,Zirakpur,11 kv adda jhungia cat-1,Unplanned,Closed,2026-05-04T09:24:00Z,2026-05-04T11:50:00Z,146
1832629,North,HOSHIARPUR,DALLI shared feeder with s/divn,Unplanned,Closed,2026-05-04T09:24:00Z,2026-05-04T09:50:00Z,26
1832625,North,NAWANSHAHR,SIMBAL MAJARA,Unplanned,Closed,2026-05-04T09:22:00Z,2026-05-04T10:22:00Z,60
1832624,North,NAWANSHAHR,KARAWAR,Unplanned,Closed,2026-05-04T09:22:00Z,2026-05-04T10:22:00Z,60
1832623,North,NAWANSHAHR,JADALI,Unplanned,Closed,2026-05-04T09:22:00Z,2026-05-04T10:22:00Z,60
1832622,North,NAWANSHAHR,RAKKAR DHAHAN,Unplanned,Closed,2026-05-04T09:22:00Z,2026-05-04T10:22:00Z,60
1832621,North,NAWANSHAHR,DHARAMPUR,Unplanned,Closed,2026-05-04T09:22:00Z,2026-05-04T10:22:00Z,60
1832619,North,NAWANSHAHR,SAHIBA,Unplanned,Closed,2026-05-04T09:22:00Z,2026-05-04T10:22:00Z,60
1832630,North,JALANDHAR,JAMSHER,Unplanned,Closed,2026-05-04T09:20:00Z,2026-05-04T10:15:00Z,55
1832628,North,JALANDHAR,bambiwal 2,Unplanned,Closed,2026-05-04T09:20:00Z,2026-05-04T12:10:00Z,170
1832607,Central,CITY WEST LUDHIANA,JAWADDI,Unplanned,Closed,2026-05-04T09:18:42Z,2026-05-04T11:12:31Z,113
1832618,East,ROPAR,CHINTGARH FEEDER,Unplanned,Closed,2026-05-04T09:18:00Z,2026-05-04T09:44:00Z,26
1832682,North,KAPURTHALA,UPS PITHORAL,Unplanned,Closed,2026-05-04T09:17:00Z,2026-05-04T11:10:00Z,113
1832599,Central,SUB URBAN LUDHIANA,Urban Anad Isher School,Unplanned,Closed,2026-05-04T09:15:28Z,2026-05-04T10:05:37Z,50
1832719,North,JALANDHAR,Basti Sheikh,Unplanned,Closed,2026-05-04T09:15:00Z,2026-05-04T10:40:00Z,85
1832668,Border,GURDASPUR,Dera Road,Unplanned,Closed,2026-05-04T09:15:00Z,2026-05-04T12:04:00Z,169
1832617,East,ROPAR,Bhallan,Unplanned,Closed,2026-05-04T09:15:00Z,2026-05-04T09:42:00Z,27
1832616,East,MOHALI,11kv Saidpura,Unplanned,Closed,2026-05-04T09:15:00Z,2026-05-04T09:30:28Z,15
1832613,Border,TARN TARAN,Dhotian UPS (KMK),Unplanned,Closed,2026-05-04T09:15:00Z,2026-05-04T10:50:00Z,95
1832611,North,JALANDHAR,BASTI DANISJMANDA,Unplanned,Closed,2026-05-04T09:15:00Z,2026-05-04T10:40:00Z,85
1832609,North,HOSHIARPUR,CHACK,Unplanned,Closed,2026-05-04T09:15:00Z,2026-05-04T09:35:00Z,20
1832600,North,JALANDHAR,INDUSTRY AREA,Unplanned,Closed,2026-05-04T09:15:00Z,2026-05-04T10:05:00Z,50
1832768,South,PATIALA,ups-3,Unplanned,Closed,2026-05-04T09:12:00Z,2026-05-04T12:25:00Z,193
1832598,Central,KHANNA,Dhiman (Regal),Unplanned,Closed,2026-05-04T09:12:00Z,2026-05-04T10:30:00Z,78
1832597,Central,KHANNA,sharda,Unplanned,Closed,2026-05-04T09:12:00Z,2026-05-04T10:00:00Z,48
1832596,Central,KHANNA,DASHMESH (JALALPUR),Unplanned,Closed,2026-05-04T09:12:00Z,2026-05-04T13:52:00Z,280
1832809,Border,TARN TARAN,11 KV Shekh Chuk UPS,Unplanned,Closed,2026-05-04T09:10:00Z,2026-05-04T12:25:00Z,195
1832615,Border,GURDASPUR,24HRS U.P.S. MULLIANWAL,Unplanned,Closed,2026-05-04T09:10:00Z,2026-05-04T09:55:00Z,45
1832612,Border,GURDASPUR,SAHARI,Unplanned,Closed,2026-05-04T09:10:00Z,2026-05-04T09:56:00Z,46
1832594,South,PATIALA,11 KV BAL FARM,Unplanned,Closed,2026-05-04T09:10:00Z,2026-05-04T11:40:11Z,150
1832593,South,PATIALA,11 KV RANDHAWA AP,Unplanned,Closed,2026-05-04T09:10:00Z,2026-05-04T10:30:19Z,80
1832602,North,NAWANSHAHR,Urban Pattren,Unplanned,Closed,2026-05-04T09:08:00Z,2026-05-04T09:40:00Z,32
1832644,East,MOHALI,Urban,Unplanned,Closed,2026-05-04T09:06:03Z,2026-05-04T12:04:00Z,177
1832592,East,ROPAR,11 KV Punnian,Unplanned,Closed,2026-05-04T09:06:00Z,2026-05-04T10:10:00Z,64
1832649,Border,TARN TARAN,DEHRA SAHIB UPS (BRAHMPURA),Unplanned,Closed,2026-05-04T09:05:00Z,2026-05-04T12:00:00Z,175
1832606,East,ROPAR,CITY,Unplanned,Closed,2026-05-04T09:05:00Z,2026-05-04T09:30:00Z,25
1832591,East,ROPAR,11 KV Mansoorpur,Unplanned,Closed,2026-05-04T09:05:00Z,2026-05-04T10:25:00Z,80
1832588,North,NAWANSHAHR,MOJOWAL MAJARA,Unplanned,Closed,2026-05-04T09:05:00Z,2026-05-04T11:10:00Z,125
1832587,South,PATIALA,ups pilkhani,Unplanned,Closed,2026-05-04T09:05:00Z,2026-05-04T10:15:00Z,70
1832586,Border,SUB URBAN AMRITSAR,UPS-3 Pandher,Unplanned,Closed,2026-05-04T09:05:00Z,2026-05-04T10:10:00Z,65
1832584,South,PATIALA,ALIPUR,Unplanned,Closed,2026-05-04T09:05:00Z,2026-05-04T10:20:00Z,75
1832583,South,PATIALA,11 KV AP MOHBATPUR,Unplanned,Closed,2026-05-04T09:05:00Z,2026-05-04T10:05:25Z,60
1832642,East,Zirakpur,ROYAL ESTATE,Unplanned,Closed,2026-05-04T09:03:00Z,2026-05-04T10:10:00Z,67
1832610,East,Zirakpur,Bhudda Sahib,Unplanned,Closed,2026-05-04T09:03:00Z,2026-05-04T11:02:00Z,119
1832638,East,Zirakpur,ZIRAKPUR-2,Unplanned,Closed,2026-05-04T09:02:00Z,2026-05-04T10:10:00Z,68
1832608,East,Zirakpur,BEGAMPURA,Unplanned,Closed,2026-05-04T09:02:00Z,2026-05-04T10:10:00Z,68
1832603,East,MOHALI,SEC-79,Unplanned,Closed,2026-05-04T09:01:00Z,2026-05-04T09:57:00Z,56
1832601,East,MOHALI,SEC-77,Unplanned,Closed,2026-05-04T09:01:00Z,2026-05-04T10:46:00Z,105
1832641,South,PATIALA,Focal Point-II,Unplanned,Closed,2026-05-04T09:00:00Z,2026-05-04T09:51:00Z,51
1832590,North,JALANDHAR,11 KV SHIV MANDIR,Unplanned,Closed,2026-05-04T09:00:00Z,2026-05-04T10:43:00Z,103
1832589,North,JALANDHAR,INDIAN OIL,Unplanned,Closed,2026-05-04T09:00:00Z,2026-05-04T10:40:00Z,100
1832581,North,KAPURTHALA,UPS Sohal Jagir,Unplanned,Closed,2026-05-04T09:00:00Z,2026-05-04T10:55:00Z,115
1832579,East,MOHALI,JANTI DEVI,Unplanned,Closed,2026-05-04T09:00:00Z,2026-05-04T15:15:00Z,375
1832582,North,JALANDHAR,MALKO,Unplanned,Closed,2026-05-04T08:59:00Z,2026-05-04T09:59:00Z,60
1832580,East,MOHALI,11 KV Bansepur,Unplanned,Closed,2026-05-04T08:58:00Z,2026-05-04T12:30:00Z,212
1832781,East,ROPAR,Rana Mahindra Paper mill,Unplanned,Closed,2026-05-04T08:56:00Z,2026-05-04T11:50:00Z,174
1832595,North,NAWANSHAHR,11 KV UPS RAIPUR ARRIYIAN,Unplanned,Closed,2026-05-04T08:55:00Z,2026-05-04T09:40:00Z,45
1832577,South,PATIALA,UPS RURKI,Unplanned,Closed,2026-05-04T08:55:00Z,2026-05-04T09:54:00Z,59
1832576,East,ROPAR,11 kv kot gangu rai,Unplanned,Closed,2026-05-04T08:55:00Z,2026-05-04T09:40:00Z,45
1832575,North,NAWANSHAHR,CHANDIANI,Unplanned,Closed,2026-05-04T08:55:00Z,2026-05-04T09:30:00Z,35
1832585,East,ROPAR,MILL,Unplanned,Closed,2026-05-04T08:52:00Z,2026-05-04T09:38:00Z,46
1832578,East,MOHALI,11 KV ALIPUR UPS,Unplanned,Closed,2026-05-04T08:51:00Z,2026-05-04T10:05:06Z,74
1832570,Border,SUB URBAN AMRITSAR,MUDH,Unplanned,Closed,2026-05-04T08:50:00Z,2026-05-04T12:57:00Z,247
1832764,Border,TARN TARAN,RASULPUR,Unplanned,Closed,2026-05-04T08:48:00Z,2026-05-04T13:10:00Z,262
1832572,East,MOHALI,11KV SIDHU UPS,Unplanned,Closed,2026-05-04T08:47:00Z,2026-05-04T09:05:00Z,18
1832567,Central,KHANNA,ISSRU CITY,Unplanned,Closed,2026-05-04T08:46:00Z,2026-05-04T09:15:00Z,29
1832669,East,ROPAR,Dashmesh Nagar,Unplanned,Closed,2026-05-04T08:45:00Z,2026-05-04T11:00:28Z,135
1832573,North,NAWANSHAHR,TAKARLA,Planned,Closed,2026-05-04T08:45:00Z,2026-05-04T11:05:00Z,140
1832566,North,NAWANSHAHR,AKALIANA,Unplanned,Closed,2026-05-04T08:45:00Z,2026-05-04T10:10:00Z,85
1832552,East,Zirakpur,ALFA DRUG,Planned,Closed,2026-05-04T08:44:00Z,2026-05-04T10:02:00Z,78
1832562,Central,CITY WEST LUDHIANA,Roop nagar,Unplanned,Closed,2026-05-04T08:43:47Z,2026-05-04T09:50:19Z,66
1832558,Central,CITY WEST LUDHIANA,B.V.M.,Unplanned,Closed,2026-05-04T08:43:15Z,2026-05-04T09:01:23Z,18
1832574,North,JALANDHAR,KADIAN,Unplanned,Closed,2026-05-04T08:43:00Z,2026-05-04T11:00:00Z,137
1832557,North,NAWANSHAHR,Achan Chak,Unplanned,Closed,2026-05-04T08:43:00Z,2026-05-04T08:51:00Z,8
1832561,South,PATIALA,SADHAN,Unplanned,Closed,2026-05-04T08:40:49Z,2026-05-04T10:15:54Z,95
1832559,South,PATIALA,Luddan,Unplanned,Closed,2026-05-04T08:40:49Z,2026-05-04T10:20:53Z,100
1832565,Border,TARN TARAN,Wallipur,Unplanned,Closed,2026-05-04T08:40:00Z,2026-05-04T09:35:00Z,55
1832563,Border,TARN TARAN,MOHAN SINGH TUR,Unplanned,Closed,2026-05-04T08:40:00Z,2026-05-04T11:40:00Z,180
1832556,East,MOHALI,11KV LANDRAN ROAD,Unplanned,Closed,2026-05-04T08:39:00Z,2026-05-04T11:34:56Z,175
1832568,North,NAWANSHAHR,PAILY,Unplanned,Closed,2026-05-04T08:38:00Z,2026-05-04T10:32:00Z,114
1832553,East,ROPAR,11KV Naanowal (UPS),Unplanned,Closed,2026-05-04T08:38:00Z,2026-05-04T09:15:00Z,37
1832549,Border,GURDASPUR,Simbal,Unplanned,Closed,2026-05-04T08:38:00Z,2026-05-04T09:30:00Z,52
1832546,South,PATIALA,11KV DAULATPUR,Unplanned,Closed,2026-05-04T08:35:49Z,2026-05-04T09:30:00Z,54
1832554,South,PATIALA,11 KV UPS 2,Unplanned,Closed,2026-05-04T08:35:01Z,2026-05-04T09:40:06Z,65
1832656,Border,SUB URBAN AMRITSAR,GURU NAGAR,Unplanned,Closed,2026-05-04T08:35:00Z,2026-05-04T13:40:00Z,305
1832551,East,ROPAR,11 KV Dhanoor,Unplanned,Closed,2026-05-04T08:35:00Z,2026-05-04T09:25:00Z,50
1832550,North,JALANDHAR,NANGAL FATEHKHAN,Unplanned,Closed,2026-05-04T08:35:00Z,2026-05-04T09:25:00Z,50
1832548,North,NAWANSHAHR,ROR MAJRA,Unplanned,Closed,2026-05-04T08:35:00Z,2026-05-04T09:45:00Z,70
1832543,North,HOSHIARPUR,Puda Colony,Unplanned,Closed,2026-05-04T08:33:00Z,2026-05-04T09:28:00Z,55
1832547,Central,KHANNA,ARUN,Unplanned,Closed,2026-05-04T08:31:00Z,2026-05-04T11:34:00Z,183
1832545,Central,KHANNA,Prem Nagar,Unplanned,Closed,2026-05-04T08:31:00Z,2026-05-04T09:05:00Z,34
1832560,East,MOHALI,11KV DHELPUR,Unplanned,Closed,2026-05-04T08:30:00Z,2026-05-04T09:30:45Z,60
1832555,East,MOHALI,11 KV BATHLANA UPS,Unplanned,Closed,2026-05-04T08:30:00Z,2026-05-04T09:05:56Z,35
1832542,South,SANGRUR,11 Peeran Wala Gate Cat-1,Unplanned,Closed,2026-05-04T08:30:00Z,2026-05-04T09:00:00Z,30
1832569,South,PATIALA,SARHIND ROAD,Unplanned,Closed,2026-05-04T08:29:00Z,2026-05-04T09:30:00Z,61
1832535,Central,CITY EAST LUDHIANA,SEKHEWAL,Unplanned,Closed,2026-05-04T08:28:00Z,2026-05-04T09:12:00Z,44
1832533,Central,CITY WEST LUDHIANA,ADARSH,Unplanned,Closed,2026-05-04T08:26:29Z,2026-05-04T09:50:07Z,83
1832564,East,ROPAR,SUGARMILL,Unplanned,Closed,2026-05-04T08:26:00Z,2026-05-04T09:05:00Z,39
1832540,North,KAPURTHALA,UPS Sherpur Sadha,Unplanned,Closed,2026-05-04T08:25:00Z,2026-05-04T08:50:00Z,25
1832536,East,ROPAR,BHANGLAN,Unplanned,Closed,2026-05-04T08:25:00Z,2026-05-04T09:05:00Z,40
1832531,West,MUKATSAR,11 KV Sappan wali,Unplanned,Closed,2026-05-04T08:21:29Z,2026-05-04T09:18:47Z,57
1832537,South,PATIALA,MAJAL KALAN,Unplanned,Closed,2026-05-04T08:20:49Z,2026-05-04T10:18:00Z,117
1832604,East,MOHALI,QUARK CITY,Unplanned,Closed,2026-05-04T08:20:00Z,2026-05-04T10:15:00Z,115
1832571,North,KAPURTHALA,URBAN Shankar,Unplanned,Closed,2026-05-04T08:20:00Z,2026-05-04T10:20:00Z,120
1832539,North,NAWANSHAHR,ACHALPUR,Unplanned,Closed,2026-05-04T08:20:00Z,2026-05-04T09:40:00Z,80
1832538,North,NAWANSHAHR,BHAWANIPUR,Unplanned,Closed,2026-05-04T08:20:00Z,2026-05-04T09:30:00Z,70
1832534,Central,CITY EAST LUDHIANA,DUKH NIWARAN,Unplanned,Closed,2026-05-04T08:20:00Z,2026-05-04T10:02:00Z,102
1832532,South,PATIALA,11 KV RamNagar UPS,Unplanned,Closed,2026-05-04T08:20:00Z,2026-05-04T10:30:00Z,130
1832530,Central,CITY EAST LUDHIANA,Chand Cinema,Unplanned,Closed,2026-05-04T08:20:00Z,2026-05-04T08:38:00Z,18
1832675,East,MOHALI,CHITKARA,Unplanned,Closed,2026-05-04T08:15:00Z,2026-05-04T09:50:51Z,95
1832515,South,PATIALA,11 KV Kamalpur,Unplanned,Closed,2026-05-04T08:10:49Z,2026-05-04T11:30:47Z,199
1832529,Border,GURDASPUR,TALWANDI,Unplanned,Closed,2026-05-04T08:10:00Z,2026-05-04T09:20:00Z,70
1832528,Border,GURDASPUR,Focal Point,Unplanned,Closed,2026-05-04T08:10:00Z,2026-05-04T09:20:00Z,70
1832527,Border,GURDASPUR,Jafferwal,Unplanned,Closed,2026-05-04T08:10:00Z,2026-05-04T09:20:00Z,70
1832526,Border,GURDASPUR,24Hrs SUPPLY KALA BALA,Unplanned,Closed,2026-05-04T08:10:00Z,2026-05-04T09:20:00Z,70
1832525,East,MOHALI,11KV MANAULI AP,Unplanned,Closed,2026-05-04T08:10:00Z,2026-05-04T09:35:13Z,85
1832506,Central,CITY WEST LUDHIANA,M.I.G. FLATS,Unplanned,Closed,2026-05-04T08:05:55Z,2026-05-04T09:21:26Z,75
1832544,Border,GURDASPUR,SATKOHA,Unplanned,Closed,2026-05-04T08:05:00Z,2026-05-04T10:50:00Z,165
1832524,North,NAWANSHAHR,JHUNGI,Unplanned,Closed,2026-05-04T08:05:00Z,2026-05-04T08:20:00Z,15
1832523,North,NAWANSHAHR,PANDORI,Unplanned,Closed,2026-05-04T08:05:00Z,2026-05-04T08:20:00Z,15
1832522,North,NAWANSHAHR,ACHALPUR,Unplanned,Closed,2026-05-04T08:05:00Z,2026-05-04T08:19:00Z,14
1832521,North,NAWANSHAHR,BHAWANIPUR,Unplanned,Closed,2026-05-04T08:05:00Z,2026-05-04T08:19:00Z,14
1832520,North,NAWANSHAHR,DALLEWAL URBAN,Unplanned,Closed,2026-05-04T08:05:00Z,2026-05-04T08:20:00Z,15
1832508,North,HOSHIARPUR,PAKHOWAL,Unplanned,Closed,2026-05-04T08:05:00Z,2026-05-04T08:40:00Z,35
1832516,Central,KHANNA,A.R. Pipe,Unplanned,Closed,2026-05-04T08:03:00Z,2026-05-04T09:53:00Z,110
1832514,North,NAWANSHAHR,Industry,Unplanned,Closed,2026-05-04T08:03:00Z,2026-05-04T08:37:00Z,34
1832510,East,ROPAR,11KV Chandesar,Unplanned,Closed,2026-05-04T08:02:00Z,2026-05-04T08:16:00Z,14
1832541,North,JALANDHAR,Nanak Nagri,Unplanned,Closed,2026-05-04T08:01:00Z,2026-05-04T08:50:00Z,49
1832517,North,NAWANSHAHR,CITY GARHSHANKAR-2,Unplanned,Closed,2026-05-04T08:01:00Z,2026-05-04T09:20:00Z,79
1832500,South,PATIALA,DALIMA,Unplanned,Closed,2026-05-04T08:00:00Z,2026-05-04T08:35:00Z,35
1826626,West,FARIDKOT,11KV MAI GODRI SHAIB,Planned,Closed,2026-05-04T08:00:00Z,2026-05-04T11:47:00Z,227
1832519,North,NAWANSHAHR,TAKARLA,Unplanned,Closed,2026-05-04T07:55:00Z,2026-05-04T08:35:00Z,40
1832513,South,PATIALA,MIRZAPUR,Unplanned,Closed,2026-05-04T07:55:00Z,2026-05-04T09:30:40Z,95
1832512,North,NAWANSHAHR,Friends Road,Unplanned,Closed,2026-05-04T07:55:00Z,2026-05-04T09:00:00Z,65
1832511,South,PATIALA,11 KV AP GAUNSPUR,Unplanned,Closed,2026-05-04T07:55:00Z,2026-05-04T10:05:00Z,130
1832498,South,PATIALA,11 KV RASULPUR,Unplanned,Closed,2026-05-04T07:55:00Z,2026-05-04T09:40:31Z,105
1832518,North,NAWANSHAHR,DUGRI,Unplanned,Closed,2026-05-04T07:54:00Z,2026-05-04T08:18:00Z,24
1832509,South,PATIALA,JAND MANGOLI,Unplanned,Closed,2026-05-04T07:50:00Z,2026-05-04T14:01:00Z,371
1832505,South,PATIALA,LOHSIMBLI (GHANOUR),Unplanned,Closed,2026-05-04T07:50:00Z,2026-05-04T12:50:29Z,300
1832504,South,PATIALA,MAGGAR,Unplanned,Closed,2026-05-04T07:50:00Z,2026-05-04T13:35:20Z,345
1832503,South,PATIALA,MANJOLI,Unplanned,Closed,2026-05-04T07:50:00Z,2026-05-04T12:35:23Z,285
1832502,South,PATIALA,SARALA,Unplanned,Closed,2026-05-04T07:50:00Z,2026-05-04T11:25:24Z,215
1832501,South,PATIALA,KUTHAKHERI (GANOUR),Unplanned,Closed,2026-05-04T07:50:00Z,2026-05-04T15:25:57Z,455
1832497,North,HOSHIARPUR,BHKALA,Unplanned,Closed,2026-05-04T07:50:00Z,2026-05-04T08:15:00Z,25
1832496,East,Zirakpur,PATIALA ROAD,Unplanned,Closed,2026-05-04T07:38:00Z,2026-05-04T08:36:00Z,58
1832499,Border,GURDASPUR,Hardochhanni,Unplanned,Closed,2026-05-04T07:36:00Z,2026-05-04T10:56:00Z,200
1832493,Central,CITY WEST LUDHIANA,D-BLOCK,Unplanned,Closed,2026-05-04T07:25:50Z,2026-05-04T09:14:13Z,108
1832495,Border,TARN TARAN,NAUSHEHRA PANNUN URBAN,Unplanned,Closed,2026-05-04T07:25:00Z,2026-05-04T12:05:00Z,280
1832490,Central,CITY WEST LUDHIANA,SATGURU NAGAR,Unplanned,Closed,2026-05-04T07:22:21Z,2026-05-04T08:08:41Z,46
1832489,North,HOSHIARPUR,SUBHANPUR,Unplanned,Closed,2026-05-04T07:20:00Z,2026-05-04T07:45:00Z,25
1832494,East,MOHALI,Sec 53,Unplanned,Closed,2026-05-04T07:16:00Z,2026-05-04T15:30:41Z,494
1832488,East,MOHALI,11KV One Business,Unplanned,Closed,2026-05-04T07:14:00Z,2026-05-04T07:43:10Z,29
1832491,South,PATIALA,DAV FEEDER,Unplanned,Closed,2026-05-04T07:02:00Z,2026-05-04T09:54:13Z,172
1832484,Border,SUB URBAN AMRITSAR,Guruwali Independent,Unplanned,Closed,2026-05-04T07:01:00Z,2026-05-04T10:01:00Z,180
1832507,North,KAPURTHALA,UPS MAND,Unplanned,Closed,2026-05-04T07:00:00Z,2026-05-04T09:27:00Z,147
1832485,North,HOSHIARPUR,ADAMWAL UPS,Unplanned,Closed,2026-05-04T07:00:00Z,2026-05-04T07:25:00Z,25
1832486,East,MOHALI,11KV DHARAMGARH UPS,Unplanned,Closed,2026-05-04T06:58:00Z,2026-05-04T07:42:01Z,44
1832487,North,JALANDHAR,BHODE SAPRAI,Unplanned,Closed,2026-05-04T06:55:00Z,2026-05-04T08:05:00Z,70
1832483,North,HOSHIARPUR,DALLI shared feeder with s/divn,Unplanned,Closed,2026-05-04T06:55:00Z,2026-05-04T07:05:00Z,10
1832929,Central,KHANNA,Kotla bhari,Unplanned,Closed,2026-05-04T06:50:05Z,2026-05-04T07:20:48Z,30
1832482,Border,GURDASPUR,11 K.V UPS Balwanda,Unplanned,Closed,2026-05-04T06:30:00Z,2026-05-04T09:45:00Z,195
1832479,Border,GURDASPUR,Najo Chack,Unplanned,Closed,2026-05-04T06:27:00Z,2026-05-04T06:45:00Z,18
1832478,East,MOHALI,Kasauli,Unplanned,Closed,2026-05-04T06:22:00Z,2026-05-04T13:03:00Z,401
1832475,North,NAWANSHAHR,TAKARLA,Unplanned,Closed,2026-05-04T06:15:00Z,2026-05-04T07:25:00Z,70
1832474,Central,SUB URBAN LUDHIANA,City-02,Unplanned,Closed,2026-05-04T06:15:00Z,2026-05-04T07:00:31Z,45
1832477,East,MOHALI,CHITKARA,Unplanned,Closed,2026-05-04T06:05:00Z,2026-05-04T08:00:00Z,115
1832473,Central,SUB URBAN LUDHIANA,Ghungrana UPS,Unplanned,Closed,2026-05-04T06:05:00Z,2026-05-04T07:10:59Z,65
1832469,Central,SUB URBAN LUDHIANA,RACHHIN,Unplanned,Closed,2026-05-04T06:05:00Z,2026-05-04T06:07:00Z,2
1832467,Central,CITY WEST LUDHIANA,Kiran Vihar,Unplanned,Closed,2026-05-04T06:01:24Z,2026-05-04T07:58:58Z,117
1832471,North,HOSHIARPUR,BAINS KHURD,Unplanned,Closed,2026-05-04T06:00:00Z,2026-05-04T06:20:07Z,20
1832468,Border,SUB URBAN AMRITSAR,Mollechak,Unplanned,Closed,2026-05-04T06:00:00Z,2026-05-04T07:01:00Z,61
1832465,Central,KHANNA,DASHMESH (JALALPUR),Planned,Closed,2026-05-04T05:53:56Z,2026-05-04T06:23:18Z,29
1832466,Border,GURDASPUR,Irrigation,Unplanned,Closed,2026-05-04T05:50:00Z,2026-05-04T07:15:00Z,85
1832472,Border,GURDASPUR,Ranipur,Unplanned,Closed,2026-05-04T05:45:00Z,2026-05-04T20:33:00Z,888
1832462,Border,CITY AMRITSAR,CHATIWIND 2,Unplanned,Closed,2026-05-04T05:42:00Z,2026-05-04T06:30:00Z,48
1832461,Border,GURDASPUR,24HRS U.P.S. MULLIANWAL,Unplanned,Closed,2026-05-04T05:40:00Z,2026-05-04T06:30:00Z,50
1832456,Border,CITY AMRITSAR,CHATIWIND 1,Unplanned,Closed,2026-05-04T05:40:00Z,2026-05-04T07:16:00Z,96
1832458,North,NAWANSHAHR,MALEWAL,Unplanned,Closed,2026-05-04T05:35:00Z,2026-05-04T06:35:00Z,60
1832444,East,Zirakpur,11 KV SAB COLONY,Unplanned,Closed,2026-05-04T05:35:00Z,2026-05-04T06:49:00Z,74
1832443,East,Zirakpur,MUBARIK PUR INDUSTRIAL,Unplanned,Closed,2026-05-04T05:35:00Z,2026-05-04T06:49:00Z,74
1832442,East,Zirakpur,NIMBUA,Unplanned,Closed,2026-05-04T05:35:00Z,2026-05-04T06:53:00Z,78
1832441,East,Zirakpur,SBP,Unplanned,Closed,2026-05-04T05:35:00Z,2026-05-04T06:51:00Z,76
1832440,East,Zirakpur,Bauli Sahib,Unplanned,Closed,2026-05-04T05:35:00Z,2026-05-04T06:35:00Z,60
1832439,East,Zirakpur,Silver City,Unplanned,Closed,2026-05-04T05:35:00Z,2026-05-04T06:35:00Z,60
1832470,Border,SUB URBAN AMRITSAR,GT Road 1,Unplanned,Closed,2026-05-04T05:30:00Z,2026-05-04T06:45:00Z,75
1832438,East,Zirakpur,BHANKHERPUR,Unplanned,Closed,2026-05-04T05:30:00Z,2026-05-04T06:39:00Z,69
1832437,East,Zirakpur,HANDESRA UPS,Unplanned,Closed,2026-05-04T05:30:00Z,2026-05-04T06:40:00Z,70
1832436,East,Zirakpur,Ballopur UPS,Unplanned,Closed,2026-05-04T05:30:00Z,2026-05-04T06:32:00Z,62
1832435,East,Zirakpur,11 KV SHAKTINAGAR,Unplanned,Closed,2026-05-04T05:30:00Z,2026-05-04T06:41:00Z,71
1832433,East,Zirakpur,11KV BEHRA FEEDER,Unplanned,Closed,2026-05-04T05:30:00Z,2026-05-04T06:42:00Z,72
1832432,East,Zirakpur,DERA BASSI URBAN,Unplanned,Closed,2026-05-04T05:30:00Z,2026-05-04T06:42:00Z,72
1832431,East,Zirakpur,11KV UPS RURKI,Unplanned,Closed,2026-05-04T05:30:00Z,2026-05-04T06:44:00Z,74
1832430,East,Zirakpur,11 KV PREM NAGAR FEEDER,Unplanned,Closed,2026-05-04T05:30:00Z,2026-05-04T06:43:00Z,73
1832429,East,Zirakpur,DEHAR UPS,Unplanned,Closed,2026-05-04T05:30:00Z,2026-05-04T06:42:00Z,72
1832428,East,Zirakpur,LALRU MANDI,Unplanned,Closed,2026-05-04T05:30:00Z,2026-05-04T06:46:00Z,76
1832427,East,Zirakpur,LALRU CITY,Unplanned,Closed,2026-05-04T05:30:00Z,2026-05-04T06:50:00Z,80
1832426,South,PATIALA,11 KV UPS Assmanpur,Unplanned,Closed,2026-05-04T05:30:00Z,2026-05-04T08:30:00Z,180
1832425,East,Zirakpur,Hasanpur UPS,Unplanned,Closed,2026-05-04T05:30:00Z,2026-05-04T06:42:00Z,72
1832424,South,PATIALA,UPS-3 Katkheri,Unplanned,Closed,2026-05-04T05:30:00Z,2026-05-04T10:00:00Z,270
1832423,East,Zirakpur,DAPPAR,Unplanned,Closed,2026-05-04T05:30:00Z,2026-05-04T06:47:00Z,77
1832421,South,PATIALA,Sugar Mill,Unplanned,Closed,2026-05-04T05:30:00Z,2026-05-04T06:15:00Z,45
1832420,South,PATIALA,UPS Gharam,Unplanned,Closed,2026-05-04T05:30:00Z,2026-05-04T05:45:00Z,15
1832480,South,BARNALA,UPS BEGOWAL,Unplanned,Closed,2026-05-04T05:25:00Z,2026-05-04T11:05:00Z,340
1832445,North,NAWANSHAHR,11 KV Buthgarh,Unplanned,Closed,2026-05-04T05:25:00Z,2026-05-04T06:50:00Z,85
1832422,South,PATIALA,UPS  KHANSIAN,Unplanned,Closed,2026-05-04T05:25:00Z,2026-05-04T09:05:00Z,220
1832418,South,PATIALA,UPS Sainimajra,Unplanned,Closed,2026-05-04T05:25:00Z,2026-05-04T06:35:00Z,70
1832419,South,PATIALA,Garrison Engineers,Unplanned,Closed,2026-05-04T05:20:00Z,2026-05-04T05:35:00Z,15
1832417,South,PATIALA,11 KV UPS Kheri Raju,Unplanned,Closed,2026-05-04T05:20:00Z,2026-05-04T09:30:00Z,250
1832434,Border,GURDASPUR,KISHANPUR,Unplanned,Closed,2026-05-04T05:15:00Z,2026-05-04T07:25:00Z,130
1832414,East,MOHALI,11 KV Sec 60-B,Unplanned,Closed,2026-05-04T05:10:24Z,2026-05-04T05:15:46Z,5
1832415,East,MOHALI,11KV DGR Feeder,Unplanned,Closed,2026-05-04T05:10:00Z,2026-05-04T07:23:00Z,133
1832416,North,HOSHIARPUR,Rajpur Ups,Unplanned,Closed,2026-05-04T05:05:00Z,2026-05-04T05:50:00Z,45
1832413,South,PATIALA,Passiana,Unplanned,Closed,2026-05-04T05:00:00Z,2026-05-04T06:35:00Z,95
1832412,South,PATIALA,Sher Majra,Unplanned,Closed,2026-05-04T05:00:00Z,2026-05-04T08:30:00Z,210
1832411,South,PATIALA,M.E.S.,Unplanned,Closed,2026-05-04T05:00:00Z,2026-05-04T08:00:00Z,180
1832410,South,PATIALA,11 KV Dudhan,Unplanned,Closed,2026-05-04T04:55:00Z,2026-05-04T06:30:00Z,95
1832409,South,PATIALA,BOLI SAHIB,Unplanned,Closed,2026-05-04T04:50:00Z,2026-05-04T09:30:00Z,280
1832408,North,HOSHIARPUR,11Kv Bebhalmanj UPS,Unplanned,Closed,2026-05-04T04:50:00Z,2026-05-04T05:45:00Z,55
1832407,Border,GURDASPUR,LAKHOWAL,Unplanned,Closed,2026-05-04T04:32:00Z,2026-05-04T10:30:00Z,358
1832406,Border,GURDASPUR,24hrs Shuhar,Unplanned,Closed,2026-05-04T04:30:00Z,2026-05-04T13:20:00Z,530
1832405,South,PATIALA,11 KV RamNagar UPS,Unplanned,Closed,2026-05-04T04:30:00Z,2026-05-04T06:10:00Z,100
1832404,Border,SUB URBAN AMRITSAR,Pathan Nangal,Unplanned,Closed,2026-05-04T04:25:00Z,2026-05-04T09:25:00Z,300
1832400,Border,GURDASPUR,24 Hrs Amipur,Unplanned,Closed,2026-05-04T04:03:00Z,2026-05-04T06:55:00Z,172
1832402,Border,GURDASPUR,I.T.I,Unplanned,Closed,2026-05-04T04:02:00Z,2026-05-04T06:25:00Z,143
1832399,South,PATIALA,SOGALPUR UPS,Unplanned,Closed,2026-05-04T04:01:00Z,2026-05-04T11:20:54Z,439
1832464,East,Zirakpur,Addlerwood feeder,Unplanned,Closed,2026-05-04T04:00:00Z,2026-05-04T06:00:00Z,120
1832463,East,Zirakpur,Stone Crusher Handesra,Unplanned,Closed,2026-05-04T04:00:00Z,2026-05-04T06:00:00Z,120
1832460,East,Zirakpur,Eco Spin,Unplanned,Closed,2026-05-04T04:00:00Z,2026-05-04T06:00:00Z,120
1832459,East,Zirakpur,AMBCHAHPA INDUSTRY FEEDER,Unplanned,Closed,2026-05-04T04:00:00Z,2026-05-04T06:24:00Z,144
1832457,East,Zirakpur,JOULA INDUSTRIAL,Unplanned,Closed,2026-05-04T04:00:00Z,2026-05-04T06:28:00Z,148
1832455,East,Zirakpur,11 KV TEHSIL ROAD FEEDER,Unplanned,Closed,2026-05-04T04:00:00Z,2026-05-04T06:30:00Z,150
1832454,East,Zirakpur,11 Kv Ambala Road,Unplanned,Closed,2026-05-04T04:00:00Z,2026-05-04T06:32:00Z,152
1832453,East,Zirakpur,11KV Abbot,Unplanned,Closed,2026-05-04T04:00:00Z,2026-05-04T06:35:00Z,155
1832452,East,Zirakpur,INDUSTRIAL ALAMGIR,Unplanned,Closed,2026-05-04T04:00:00Z,2026-05-04T06:34:00Z,154
1832451,East,Zirakpur,ALFA DRUG,Unplanned,Closed,2026-05-04T04:00:00Z,2026-05-04T06:37:00Z,157
1832450,East,Zirakpur,GOLDEN HUT,Unplanned,Closed,2026-05-04T04:00:00Z,2026-05-04T06:38:00Z,158
1832449,East,Zirakpur,WATER WORKS HANDESRA,Unplanned,Closed,2026-05-04T04:00:00Z,2026-05-04T06:38:00Z,158
1832448,East,Zirakpur,DEEPAK PIPE,Unplanned,Closed,2026-05-04T04:00:00Z,2026-05-04T06:40:00Z,160
1832447,East,Zirakpur,INDUSTRIAL LALRU,Unplanned,Closed,2026-05-04T04:00:00Z,2026-05-04T06:00:00Z,120
1832446,East,Zirakpur,JAGAN TUBE,Unplanned,Closed,2026-05-04T04:00:00Z,2026-05-04T06:00:00Z,120
1832393,East,Zirakpur,RANBAXY,Unplanned,Closed,2026-05-04T03:50:00Z,2026-05-04T05:15:00Z,85
1832392,Border,GURDASPUR,Bhaini Mian Khan,Unplanned,Closed,2026-05-04T03:40:00Z,2026-05-04T08:10:00Z,270
1832388,Central,CITY WEST LUDHIANA,M.I.G. FLATS,Unplanned,Closed,2026-05-04T03:30:05Z,2026-05-04T04:34:54Z,64
1832389,Border,GURDASPUR,24Hrs MOUR,Unplanned,Closed,2026-05-04T03:25:00Z,2026-05-04T07:45:00Z,260
1832390,Border,GURDASPUR,Sri Hargobindpur,Unplanned,Closed,2026-05-04T03:20:00Z,2026-05-04T09:42:00Z,382
1832387,Border,GURDASPUR,City,Unplanned,Closed,2026-05-04T03:20:00Z,2026-05-04T05:02:00Z,102
1832386,East,ROPAR,UNIVERSAL,Unplanned,Closed,2026-05-04T03:15:00Z,2026-05-04T03:50:00Z,35
1832391,South,PATIALA,UPS CHAMARU,Unplanned,Closed,2026-05-04T03:10:00Z,2026-05-04T07:15:00Z,245
1832376,East,ROPAR,AILGRAN,Unplanned,Closed,2026-05-04T03:08:00Z,2026-05-04T04:02:00Z,54
1832374,East,ROPAR,Ambika Devi,Unplanned,Closed,2026-05-04T03:00:00Z,2026-05-04T04:36:00Z,96
1832373,East,ROPAR,RADIALA,Unplanned,Closed,2026-05-04T03:00:00Z,2026-05-04T05:43:00Z,163
1832371,East,ROPAR,UPS BHAGOMAJRA,Unplanned,Closed,2026-05-04T03:00:00Z,2026-05-04T05:00:00Z,120
1832370,East,ROPAR,Sehauran,Unplanned,Closed,2026-05-04T03:00:00Z,2026-05-04T06:45:00Z,225
1832401,East,ROPAR,Rangian,Unplanned,Closed,2026-05-04T02:58:00Z,2026-05-04T10:00:00Z,422
1832379,South,PATIALA,BATHONIA,Unplanned,Closed,2026-05-04T02:55:00Z,2026-05-04T06:21:00Z,206
1832354,South,PATIALA,11 KV UPS Assmanpur,Unplanned,Closed,2026-05-04T02:45:00Z,2026-05-04T04:45:00Z,120
1832352,East,MOHALI,"IAS,PCS Socity",Unplanned,Closed,2026-05-04T02:42:48Z,2026-05-04T04:44:08Z,121
1832385,South,PATIALA,Industrial ( N),Unplanned,Closed,2026-05-04T02:40:00Z,2026-05-04T10:05:00Z,445
1832384,South,PATIALA,INDUSTRIAL-(N) 2,Unplanned,Closed,2026-05-04T02:40:00Z,2026-05-04T08:21:00Z,341
1832383,South,PATIALA,UPS TEPLA,Unplanned,Closed,2026-05-04T02:40:00Z,2026-05-04T09:35:00Z,415
1832382,South,PATIALA,UPS MUGAL SARAI,Unplanned,Closed,2026-05-04T02:40:00Z,2026-05-04T08:10:00Z,330
1832381,South,PATIALA,UPS 3-Wire Shambhu,Unplanned,Closed,2026-05-04T02:40:00Z,2026-05-04T07:33:00Z,293
1832380,South,PATIALA,SYL,Unplanned,Closed,2026-05-04T02:40:00Z,2026-05-04T03:33:00Z,53
1832353,East,MOHALI,11 KV Sector-71,Unplanned,Closed,2026-05-04T02:37:48Z,2026-05-04T04:18:56Z,101
1832355,East,MOHALI,NAYA GAON,Unplanned,Closed,2026-05-04T02:37:00Z,2026-05-04T04:43:01Z,126
1832356,South,PATIALA,UPS SURAJPUR,Unplanned,Closed,2026-05-04T02:35:34Z,2026-05-04T06:05:01Z,209
1832351,East,MOHALI,11 KV Bansepur,Unplanned,Closed,2026-05-04T02:35:00Z,2026-05-04T05:12:35Z,157
1832403,North,KAPURTHALA,URBAN Mandi Road NURMAHAL,Unplanned,Closed,2026-05-04T02:30:00Z,2026-05-04T06:10:00Z,220
1832362,East,MOHALI,11 KV RAIPUR KALAN UPS,Unplanned,Closed,2026-05-04T02:30:00Z,2026-05-04T03:55:00Z,85
1832360,East,MOHALI,11KV DERRI UPS,Unplanned,Closed,2026-05-04T02:30:00Z,2026-05-04T03:40:00Z,70
1832349,East,MOHALI,BSF,Unplanned,Closed,2026-05-04T02:26:00Z,2026-05-04T05:27:00Z,181
1832358,East,MOHALI,11KV KAMBALA UPS,Unplanned,Closed,2026-05-04T02:25:00Z,2026-05-04T03:50:00Z,85
1832343,North,JALANDHAR,SOFIPIND,Unplanned,Closed,2026-05-04T02:25:00Z,2026-05-04T05:10:00Z,165
1832348,East,Zirakpur,ASSTHA,Unplanned,Closed,2026-05-04T02:24:00Z,2026-05-04T04:33:00Z,129
1832346,East,Zirakpur,11 KV AMBALA ROAD,Unplanned,Closed,2026-05-04T02:24:00Z,2026-05-04T04:33:00Z,129
1832347,East,MOHALI,Kasauli,Unplanned,Closed,2026-05-04T02:21:00Z,2026-05-04T05:45:00Z,204
1832340,East,Zirakpur,11 kv adda jhungia cat-1,Unplanned,Closed,2026-05-04T02:21:00Z,2026-05-04T06:22:00Z,241
1832342,South,PATIALA,11 KV Dudhan,Unplanned,Closed,2026-05-04T02:20:00Z,2026-05-04T04:30:00Z,130
1832335,East,Zirakpur,ZIRAKPUR-2,Unplanned,Closed,2026-05-04T02:19:00Z,2026-05-04T04:14:00Z,115
1832378,East,Zirakpur,PREET COLONY,Unplanned,Closed,2026-05-04T02:18:00Z,2026-05-04T03:26:00Z,68
1832377,East,Zirakpur,BALTANA,Unplanned,Closed,2026-05-04T02:18:00Z,2026-05-04T03:29:00Z,71
1832375,East,Zirakpur,KALGIDHAR,Unplanned,Closed,2026-05-04T02:18:00Z,2026-05-04T03:26:00Z,68
1832372,East,Zirakpur,Bauli Sahib,Unplanned,Closed,2026-05-04T02:18:00Z,2026-05-04T03:26:00Z,68
1832369,East,Zirakpur,PANCHSHEEL,Unplanned,Closed,2026-05-04T02:18:00Z,2026-05-04T03:26:00Z,68
1832368,East,Zirakpur,OXFORD STREET,Unplanned,Closed,2026-05-04T02:18:00Z,2026-05-04T03:26:00Z,68
1832367,East,Zirakpur,SAINI VIHAR,Unplanned,Closed,2026-05-04T02:18:00Z,2026-05-04T03:26:00Z,68
1832366,East,Zirakpur,KALKA ROAD,Unplanned,Closed,2026-05-04T02:18:00Z,2026-05-04T03:26:00Z,68
1832365,East,Zirakpur,HERMITAGE,Unplanned,Closed,2026-05-04T02:18:00Z,2026-05-04T03:26:00Z,68
1832364,East,Zirakpur,SACHKHAND SAHIB,Unplanned,Closed,2026-05-04T02:18:00Z,2026-05-04T03:26:00Z,68
1832363,East,Zirakpur,DHAKOLI,Unplanned,Closed,2026-05-04T02:18:00Z,2026-05-04T03:26:00Z,68
1832361,East,Zirakpur,KHANNA,Unplanned,Closed,2026-05-04T02:18:00Z,2026-05-04T03:26:00Z,68
1832359,East,Zirakpur,BIG BAZAAR,Unplanned,Closed,2026-05-04T02:18:00Z,2026-05-04T03:26:00Z,68
1832357,East,Zirakpur,PEER MUCHHALA,Unplanned,Closed,2026-05-04T02:18:00Z,2026-05-04T03:26:00Z,68
1832345,East,MOHALI,11 KV Kansal,Unplanned,Closed,2026-05-04T02:17:00Z,2026-05-04T06:20:00Z,243
1832344,East,MOHALI,11KV Shivalik Vihar,Unplanned,Closed,2026-05-04T02:17:00Z,2026-05-04T05:45:00Z,208
1832341,South,PATIALA,Passiana,Unplanned,Closed,2026-05-04T02:15:00Z,2026-05-04T04:30:00Z,135
1832339,North,HOSHIARPUR,RAILWAY STATION,Unplanned,Closed,2026-05-04T02:15:00Z,2026-05-04T03:15:00Z,60
1832338,South,PATIALA,Sher Majra,Unplanned,Closed,2026-05-04T02:15:00Z,2026-05-04T04:30:00Z,135
1832337,South,PATIALA,M.E.S.,Unplanned,Closed,2026-05-04T02:15:00Z,2026-05-04T04:40:00Z,145
1832332,East,Zirakpur,SIMRAN,Unplanned,Closed,2026-05-04T02:14:00Z,2026-05-04T03:57:00Z,103
1832350,South,PATIALA,HASSANPUR,Unplanned,Closed,2026-05-04T02:10:00Z,2026-05-04T09:00:00Z,410
1832336,South,PATIALA,Sugar Mill,Unplanned,Closed,2026-05-04T02:10:00Z,2026-05-04T04:35:00Z,145
1832333,East,Zirakpur,11 kv Japuria Feeder,Unplanned,Closed,2026-05-04T02:10:00Z,2026-05-04T04:54:00Z,164
1832330,East,Zirakpur,PRITHIM,Unplanned,Closed,2026-05-04T02:10:00Z,2026-05-04T03:55:00Z,105
1832329,East,Zirakpur,ECME,Unplanned,Closed,2026-05-04T02:10:00Z,2026-05-04T05:09:00Z,179
1832327,East,ROPAR,11 KV Sarsa Nangal,Unplanned,Closed,2026-05-04T02:07:00Z,2026-05-04T04:48:00Z,161
1832334,South,PATIALA,UPS Gharam,Unplanned,Closed,2026-05-04T02:05:00Z,2026-05-04T04:30:00Z,145
1832331,South,PATIALA,UPS  KHANSIAN,Unplanned,Closed,2026-05-04T02:05:00Z,2026-05-04T04:30:00Z,145
1832326,East,Zirakpur,PEER BABA ROAD,Unplanned,Closed,2026-05-04T02:03:00Z,2026-05-04T04:48:00Z,165
1832328,South,PATIALA,URBAN SANAUR,Unplanned,Closed,2026-05-04T02:01:00Z,2026-05-04T02:40:00Z,39
1832325,East,MOHALI,11KV BLOCK-C,Unplanned,Closed,2026-05-04T01:56:00Z,2026-05-04T04:30:00Z,154
1832323,Border,GURDASPUR,Roranwali 24 hrs.,Unplanned,Closed,2026-05-04T01:55:57Z,2026-05-04T02:55:57Z,60
1832322,Border,GURDASPUR,Kahnuwan City,Unplanned,Closed,2026-05-04T01:55:57Z,2026-05-04T02:55:57Z,60
1832321,Border,GURDASPUR,11 K.V UPS Balwanda,Unplanned,Closed,2026-05-04T01:55:57Z,2026-05-04T02:55:57Z,60
1832320,Border,GURDASPUR,Sathiali 24 hrs.,Unplanned,Closed,2026-05-04T01:55:57Z,2026-05-04T02:55:57Z,60
1832317,East,ROPAR,11KV CGC JHANJHERI,Unplanned,Closed,2026-05-04T01:55:00Z,2026-05-04T02:30:00Z,35
1832324,East,ROPAR,11 KV Old Sunny,Unplanned,Closed,2026-05-04T01:52:00Z,2026-05-04T03:18:00Z,86
1832398,East,MOHALI,11KV NABI,Unplanned,Closed,2026-05-04T01:49:00Z,2026-05-04T05:17:00Z,208
1832315,South,PATIALA,INDUSTRIAL,Unplanned,Closed,2026-05-04T01:45:47Z,2026-05-04T06:35:55Z,290
1832395,South,PATIALA,11 KV UPS 2,Unplanned,Closed,2026-05-04T01:45:00Z,2026-05-04T05:55:00Z,250
1832311,East,Zirakpur,11 kv malwa,Unplanned,Closed,2026-05-04T01:44:00Z,2026-05-04T05:20:00Z,216
1832316,East,Zirakpur,BALTANA,Unplanned,Closed,2026-05-04T01:40:00Z,2026-05-04T04:21:00Z,161
1832394,East,MOHALI,MOULI,Unplanned,Closed,2026-05-04T01:39:00Z,2026-05-04T04:53:00Z,194
1832310,North,HOSHIARPUR,BUDHABAR,Unplanned,Closed,2026-05-04T01:39:00Z,2026-05-04T04:39:00Z,180
1832314,East,Zirakpur,SUKHNA,Unplanned,Closed,2026-05-04T01:37:00Z,2026-05-04T04:40:00Z,183
1832309,East,Zirakpur,Bhudda Sahib,Unplanned,Closed,2026-05-04T01:36:00Z,2026-05-04T05:20:00Z,224
1832313,Border,GURDASPUR,Kahnuwan City,Unplanned,Closed,2026-05-04T01:35:00Z,2026-05-04T06:30:00Z,295
1832306,East,Zirakpur,BEGAMPURA,Unplanned,Closed,2026-05-04T01:33:00Z,2026-05-04T03:52:00Z,139
1832307,North,NAWANSHAHR,DUGRI,Unplanned,Closed,2026-05-04T01:32:00Z,2026-05-04T03:32:00Z,120
1832312,South,PATIALA,UPS MANDOUR,Unplanned,Closed,2026-05-04T01:30:08Z,2026-05-04T07:40:00Z,369
1832318,East,ROPAR,Nijjer Road,Unplanned,Closed,2026-05-04T01:28:00Z,2026-05-04T04:50:00Z,202
1832308,East,ROPAR,CITY KHARAR,Unplanned,Closed,2026-05-04T01:26:00Z,2026-05-04T03:29:00Z,123
1832319,East,MOHALI,SEC-77,Unplanned,Closed,2026-05-04T01:25:00Z,2026-05-04T05:10:00Z,225
1832396,East,MOHALI,SEC-79,Unplanned,Closed,2026-05-04T01:23:00Z,2026-05-04T05:31:00Z,248
1832299,East,Zirakpur,PEER BABA ROAD,Unplanned,Closed,2026-05-04T01:21:00Z,2026-05-04T02:02:00Z,41
1832304,South,PATIALA,BSNL,Unplanned,Closed,2026-05-04T01:20:00Z,2026-05-04T06:21:00Z,301
1832302,East,MOHALI,11 KV SUKHNA ENCLAVE,Unplanned,Closed,2026-05-04T01:20:00Z,2026-05-04T05:45:00Z,265
1832305,South,PATIALA,UPS,Unplanned,Closed,2026-05-04T01:18:00Z,2026-05-04T07:22:00Z,364
1832303,East,MOHALI,11KV MANAV RACHNA,Unplanned,Closed,2026-05-04T01:18:00Z,2026-05-04T01:34:00Z,16
1832295,East,Zirakpur,SINGHPURA,Unplanned,Closed,2026-05-04T01:12:00Z,2026-05-04T04:48:00Z,216
1832282,East,MOHALI,11kv SIAU,Unplanned,Closed,2026-05-04T01:08:00Z,2026-05-04T01:35:00Z,27
1832293,Central,KHANNA,FCI,Unplanned,Closed,2026-05-04T01:05:00Z,2026-05-04T03:45:00Z,160
1832283,East,ROPAR,11KV Belian UPS FEEDER,Unplanned,Closed,2026-05-04T01:02:00Z,2026-05-04T04:32:00Z,210
1832292,East,MOHALI,11KV JAGATPURA,Unplanned,Closed,2026-05-04T01:01:00Z,2026-05-04T04:56:00Z,235
1832397,East,MOHALI,11KV Preet City,Unplanned,Closed,2026-05-04T01:00:00Z,2026-05-04T05:22:00Z,262
1832296,Central,SUB URBAN LUDHIANA,CITY-5,Unplanned,Closed,2026-05-04T01:00:00Z,2026-05-04T01:30:00Z,30
1832266,South,PATIALA,URBAN NANAKSAR,Unplanned,Closed,2026-05-04T01:00:00Z,2026-05-04T02:10:00Z,70
1832276,East,MOHALI,11KV PEARL,Unplanned,Closed,2026-05-04T00:58:22Z,2026-05-04T05:04:00Z,245
1832301,South,PATIALA,SARHIND ROAD,Unplanned,Closed,2026-05-04T00:57:00Z,2026-05-04T06:21:00Z,324
1832300,South,PATIALA,BSNL,Unplanned,Closed,2026-05-04T00:57:00Z,2026-05-04T06:22:00Z,325
1832281,East,ROPAR,KHANPUR,Unplanned,Closed,2026-05-04T00:57:00Z,2026-05-04T02:12:00Z,75
1832279,East,ROPAR,RORA,Unplanned,Closed,2026-05-04T00:57:00Z,2026-05-04T01:48:00Z,51
1832275,East,Zirakpur,HLP,Unplanned,Closed,2026-05-04T00:56:00Z,2026-05-04T06:55:00Z,359
1832265,South,PATIALA,SUNDER NAGAR RAJPURA,Unplanned,Closed,2026-05-04T00:56:00Z,2026-05-04T03:05:00Z,129
1832277,East,MOHALI,11 KV RAIPUR KALAN UPS,Unplanned,Closed,2026-05-04T00:55:22Z,2026-05-04T02:20:00Z,84
1832298,South,PATIALA,UPS KAKRALA,Unplanned,Closed,2026-05-04T00:55:06Z,2026-05-04T06:45:12Z,350
1832297,South,PATIALA,Garrison Engineers,Unplanned,Closed,2026-05-04T00:55:00Z,2026-05-04T02:55:00Z,120
1832291,East,MOHALI,CHITKARA,Unplanned,Closed,2026-05-04T00:55:00Z,2026-05-04T02:45:00Z,110
1832290,East,MOHALI,GIAN SAGAR,Unplanned,Closed,2026-05-04T00:55:00Z,2026-05-04T02:45:00Z,110
1832289,East,MOHALI,ALAMPUR UPS,Unplanned,Closed,2026-05-04T00:55:00Z,2026-05-04T02:45:00Z,110
1832288,East,MOHALI,11kv University Feeder,Unplanned,Closed,2026-05-04T00:55:00Z,2026-05-04T02:45:00Z,110
1832287,East,MOHALI,LOGISTIC,Unplanned,Closed,2026-05-04T00:55:00Z,2026-05-04T02:45:00Z,110
1832286,East,MOHALI,CHARBARH UPS,Unplanned,Closed,2026-05-04T00:55:00Z,2026-05-04T02:45:00Z,110
1832285,East,MOHALI,MOHIKALAN UPS,Unplanned,Closed,2026-05-04T00:55:00Z,2026-05-04T02:45:00Z,110
1832284,East,MOHALI,SIGMA,Unplanned,Closed,2026-05-04T00:55:00Z,2026-05-04T02:45:00Z,110
1832273,East,MOHALI,11KV LANDCHESTER,Unplanned,Closed,2026-05-04T00:55:00Z,2026-05-04T02:15:00Z,80
1832272,East,MOHALI,11KV SIGNATURE CITY,Unplanned,Closed,2026-05-04T00:55:00Z,2026-05-04T02:15:00Z,80
1832271,East,MOHALI,11KV DERRI UPS,Unplanned,Closed,2026-05-04T00:55:00Z,2026-05-04T02:15:00Z,80
1832270,East,MOHALI,11KV KAMBALA UPS,Unplanned,Closed,2026-05-04T00:55:00Z,2026-05-04T02:15:00Z,80
1832269,East,MOHALI,11 KV BATHLANA UPS,Unplanned,Closed,2026-05-04T00:55:00Z,2026-05-04T02:15:00Z,80
1832268,East,MOHALI,11KV MK TECHNOLOGY,Unplanned,Closed,2026-05-04T00:55:00Z,2026-05-04T02:15:00Z,80
1832267,East,MOHALI,11KV DURALI UPS,Unplanned,Closed,2026-05-04T00:55:00Z,2026-05-04T02:15:00Z,80
1832263,South,PATIALA,BOLI SAHIB,Unplanned,Closed,2026-05-04T00:55:00Z,2026-05-04T02:55:00Z,120
1832476,South,PATIALA,11 KV Amara Breweries,Unplanned,Closed,2026-05-04T00:53:33Z,2026-05-04T06:45:30Z,351
1832257,East,Zirakpur,SAVITRYGREEN,Unplanned,Closed,2026-05-04T00:52:00Z,2026-05-04T04:53:00Z,241
1832280,South,PATIALA,DHARAMGARH URBAN,Unplanned,Closed,2026-05-04T00:50:00Z,2026-05-04T07:26:00Z,396
1832278,South,PATIALA,PARTAP,Unplanned,Closed,2026-05-04T00:50:00Z,2026-05-04T10:01:00Z,551
1832256,South,PATIALA,ups Ambala Road,Unplanned,Closed,2026-05-04T00:50:00Z,2026-05-04T06:44:00Z,354
1832255,East,ROPAR,SWARA,Unplanned,Closed,2026-05-04T00:48:00Z,2026-05-04T02:48:00Z,120
1832254,South,PATIALA,U.P.S. SAMUNGARH-2,Unplanned,Closed,2026-05-04T00:45:05Z,2026-05-04T07:06:23Z,381
1832253,South,PATIALA,UPS TUNGA,Unplanned,Closed,2026-05-04T00:45:05Z,2026-05-04T06:15:42Z,330
1832252,South,PATIALA,11 KV UPS BORAN-KALAN,Unplanned,Closed,2026-05-04T00:45:05Z,2026-05-04T10:11:23Z,566
1832274,Central,KHANNA,JSM,Unplanned,Closed,2026-05-04T00:45:00Z,2026-05-04T03:50:00Z,185
1832259,South,PATIALA,Palace Feeder,Unplanned,Closed,2026-05-04T00:45:00Z,2026-05-04T03:15:00Z,150
1832260,South,PATIALA,Kartarpura,Unplanned,Closed,2026-05-04T00:43:00Z,2026-05-04T01:25:00Z,42
1832247,East,ROPAR,ASRON,Unplanned,Closed,2026-05-04T00:43:00Z,2026-05-04T00:57:00Z,14
1832258,South,PATIALA,11 KV Dakala UPS,Unplanned,Closed,2026-05-04T00:40:00Z,2026-05-04T01:30:00Z,50
1832242,South,PATIALA,UPS Sainimajra,Unplanned,Closed,2026-05-04T00:40:00Z,2026-05-04T02:50:00Z,130
1832243,East,MOHALI,Sec-53A,Unplanned,Closed,2026-05-04T00:38:00Z,2026-05-04T01:54:28Z,76
1832264,East,ROPAR,Barodi,Unplanned,Closed,2026-05-04T00:35:00Z,2026-05-04T00:50:00Z,15
1832262,East,ROPAR,Kansala,Unplanned,Closed,2026-05-04T00:35:00Z,2026-05-04T01:05:00Z,30
1832261,East,ROPAR,Ranguana,Unplanned,Closed,2026-05-04T00:35:00Z,2026-05-04T01:05:00Z,30
1832246,East,MOHALI,11kv Saidpura,Unplanned,Closed,2026-05-04T00:35:00Z,2026-05-04T04:10:00Z,215
1832245,East,MOHALI,11 KV CHADIALA UPS,Unplanned,Closed,2026-05-04T00:35:00Z,2026-05-04T04:35:00Z,240
1832294,South,PATIALA,Mall Road,Unplanned,Closed,2026-05-04T00:31:14Z,2026-05-04T02:25:00Z,113
1832241,South,PATIALA,11KV SAMASHPUR UPS,Unplanned,Closed,2026-05-04T00:30:00Z,2026-05-04T07:30:00Z,420
1832240,North,HOSHIARPUR,PURHIRAN URBAN,Unplanned,Closed,2026-05-04T00:30:00Z,2026-05-04T01:15:25Z,45
1832239,East,MOHALI,JHAMPUR FEEDER,Unplanned,Closed,2026-05-04T00:30:00Z,2026-05-04T01:00:00Z,30
1832244,East,MOHALI,11KV Sec-108,Unplanned,Closed,2026-05-04T00:26:00Z,2026-05-04T00:51:00Z,25
1832251,South,PATIALA,kotla,Unplanned,Closed,2026-05-04T00:20:00Z,2026-05-04T11:25:00Z,665
1832250,South,PATIALA,DHARAMGARH URBAN,Unplanned,Closed,2026-05-04T00:20:00Z,2026-05-04T00:32:00Z,12
1832249,South,PATIALA,JANDOLI,Unplanned,Closed,2026-05-04T00:20:00Z,2026-05-04T07:21:00Z,421
1832248,South,PATIALA,DALIMA,Unplanned,Closed,2026-05-04T00:20:00Z,2026-05-04T07:30:00Z,430
1832238,South,PATIALA,GAJEWAS,Unplanned,Closed,2026-05-04T00:20:00Z,2026-05-04T07:35:00Z,435
1832226,South,PATIALA,Nizamniwala,Unplanned,Closed,2026-05-04T00:15:00Z,2026-05-04T02:05:00Z,110
1832224,South,PATIALA,11 KV RamNagar UPS,Unplanned,Closed,2026-05-04T00:15:00Z,2026-05-04T02:05:00Z,110
1832218,Central,KHANNA,URBAN,Unplanned,Closed,2026-05-04T00:14:00Z,2026-05-04T03:29:00Z,195
1832216,Central,KHANNA,BAGHOUR,Unplanned,Closed,2026-05-04T00:14:00Z,2026-05-04T03:52:00Z,218
1832227,East,MOHALI,11KV Mohali walk,Unplanned,Closed,2026-05-04T00:12:00Z,2026-05-04T00:44:00Z,32
1832232,East,MOHALI,11 KV Masol,Unplanned,Closed,2026-05-04T00:08:00Z,2026-05-04T01:30:00Z,82
1832223,South,PATIALA,11KV BARAN,Unplanned,Closed,2026-05-04T00:05:00Z,2026-05-04T04:15:00Z,250
1832236,East,ROPAR,PADIALA,Unplanned,Closed,2026-05-04T00:02:00Z,2026-05-04T00:45:00Z,43
1832234,East,Zirakpur,HARMILAP NAGAR,Unplanned,Closed,2026-05-04T00:02:00Z,2026-05-04T00:40:00Z,38
1832233,East,Zirakpur,DHAKOLI,Unplanned,Closed,2026-05-04T00:02:00Z,2026-05-04T00:40:00Z,38
1832231,East,Zirakpur,SACHKHAND SAHIB,Unplanned,Closed,2026-05-04T00:02:00Z,2026-05-04T00:40:00Z,38
1832230,East,Zirakpur,11kv Hanumant Feeder,Unplanned,Closed,2026-05-04T00:02:00Z,2026-05-04T00:40:00Z,38
1832229,East,Zirakpur,TRY CITY,Unplanned,Closed,2026-05-04T00:02:00Z,2026-05-04T00:40:00Z,38
1832228,East,Zirakpur,REGLIYA,Unplanned,Closed,2026-05-04T00:02:00Z,2026-05-04T00:40:00Z,38
1832222,East,Zirakpur,ESCON ERENA,Unplanned,Closed,2026-05-04T00:02:00Z,2026-05-04T00:40:00Z,38
1832221,East,Zirakpur,CITY COURT,Unplanned,Closed,2026-05-04T00:02:00Z,2026-05-04T00:40:00Z,38
1832220,East,Zirakpur,SANULI,Unplanned,Closed,2026-05-04T00:02:00Z,2026-05-04T00:40:00Z,38
1832219,East,Zirakpur,KHANNA,Unplanned,Closed,2026-05-04T00:02:00Z,2026-05-04T00:39:00Z,37
1832210,East,ROPAR,Asmanpur,Unplanned,Closed,2026-05-04T00:02:00Z,2026-05-04T00:27:00Z,25
1832201,North,NAWANSHAHR,UPS-5,Unplanned,Closed,2026-05-04T00:02:00Z,2026-05-04T04:40:00Z,278
1832186,Border,SUB URBAN AMRITSAR,GUMTALA,Unplanned,Closed,2026-05-04T00:02:00Z,2026-05-04T02:00:00Z,118
1832217,South,PATIALA,Alipur,Unplanned,Closed,2026-05-04T00:01:48Z,2026-05-04T01:50:44Z,108
1832194,South,PATIALA,NABHA NO.1,Unplanned,Closed,2026-05-04T00:01:00Z,2026-05-04T01:30:25Z,89
1832208,Central,KHANNA,MALERKOTLA ROAD,Unplanned,Closed,2026-05-03T23:58:00Z,2026-05-04T03:04:00Z,186
1832215,East,Zirakpur,S S INFRA,Unplanned,Closed,2026-05-03T23:56:00Z,2026-05-04T00:18:00Z,22
1832155,Central,CITY WEST LUDHIANA,KALGIDHAR MARG,Unplanned,Closed,2026-05-03T23:55:28Z,2026-05-04T00:31:35Z,36
1832214,East,Zirakpur,HERMITAGE,Unplanned,Closed,2026-05-03T23:55:00Z,2026-05-04T00:25:00Z,30
1832213,East,Zirakpur,Utsav,Unplanned,Closed,2026-05-03T23:55:00Z,2026-05-04T00:25:00Z,30
1832212,East,Zirakpur,BEGAMPURA,Unplanned,Closed,2026-05-03T23:55:00Z,2026-05-04T00:25:00Z,30
1832211,East,Zirakpur,Bhudda Sahib,Unplanned,Closed,2026-05-03T23:55:00Z,2026-05-04T00:25:00Z,30
1832209,East,Zirakpur,SIMRAN,Unplanned,Closed,2026-05-03T23:55:00Z,2026-05-04T00:25:00Z,30
1832200,Central,SUB URBAN LUDHIANA,City-02,Unplanned,Closed,2026-05-03T23:55:00Z,2026-05-04T00:43:00Z,48
1832197,North,NAWANSHAHR,MAHIPUR,Unplanned,Closed,2026-05-03T23:55:00Z,2026-05-04T06:05:00Z,370
1832192,East,MOHALI,11KV DGR Feeder,Unplanned,Closed,2026-05-03T23:55:00Z,2026-05-04T04:55:45Z,300
1832205,Central,KHANNA,RAM RAJAYA,Unplanned,Closed,2026-05-03T23:54:00Z,2026-05-04T02:35:00Z,161
1832203,East,Zirakpur,RAIL VIHAR,Unplanned,Closed,2026-05-03T23:54:00Z,2026-05-04T00:25:00Z,31
1832202,Central,KHANNA,Urban,Unplanned,Closed,2026-05-03T23:54:00Z,2026-05-04T04:11:00Z,257
1832196,East,MOHALI,11 KV SBP Homes,Unplanned,Closed,2026-05-03T23:54:00Z,2026-05-04T01:24:00Z,90
1832193,East,MOHALI,SEC 65-A,Unplanned,Closed,2026-05-03T23:54:00Z,2026-05-04T00:44:00Z,50
1832191,East,Zirakpur,GREEN LOTUS,Unplanned,Closed,2026-05-03T23:54:00Z,2026-05-04T00:38:00Z,44
1832188,East,Zirakpur,RANBAXY,Unplanned,Closed,2026-05-03T23:54:00Z,2026-05-04T00:38:00Z,44
1832184,East,Zirakpur,Sukhmani Sahib,Unplanned,Closed,2026-05-03T23:54:00Z,2026-05-04T00:38:00Z,44
1832183,East,Zirakpur,PEER BABA ROAD,Unplanned,Closed,2026-05-03T23:54:00Z,2026-05-04T00:38:00Z,44
1832181,East,Zirakpur,11 kv Japuria Feeder,Unplanned,Closed,2026-05-03T23:54:00Z,2026-05-04T00:38:00Z,44
1832180,East,Zirakpur,SAVITRYGREEN,Unplanned,Closed,2026-05-03T23:54:00Z,2026-05-04T00:38:00Z,44
1832179,East,Zirakpur,ASSTHA,Unplanned,Closed,2026-05-03T23:54:00Z,2026-05-04T00:38:00Z,44
1832178,East,Zirakpur,11 KV AMBALA ROAD,Unplanned,Closed,2026-05-03T23:54:00Z,2026-05-04T00:38:00Z,44
1832177,East,Zirakpur,ECME,Unplanned,Closed,2026-05-03T23:54:00Z,2026-05-04T00:38:00Z,44
1832176,East,Zirakpur,ORBIT,Unplanned,Closed,2026-05-03T23:54:00Z,2026-05-04T00:38:00Z,44
1832175,East,Zirakpur,ZIRAKPUR-1,Unplanned,Closed,2026-05-03T23:54:00Z,2026-05-04T00:38:00Z,44
1832173,East,Zirakpur,ROYAL ESTATE,Unplanned,Closed,2026-05-03T23:54:00Z,2026-05-04T00:38:00Z,44
1832172,East,Zirakpur,ZIRAKPUR-2,Unplanned,Closed,2026-05-03T23:54:00Z,2026-05-04T00:38:00Z,44
1832171,East,Zirakpur,SILVERCITY,Unplanned,Closed,2026-05-03T23:54:00Z,2026-05-04T00:38:00Z,44
1832169,East,Zirakpur,Jaskaran,Unplanned,Closed,2026-05-03T23:54:00Z,2026-05-04T00:38:00Z,44
1832168,East,Zirakpur,NABHA SAHIB,Unplanned,Closed,2026-05-03T23:54:00Z,2026-05-04T00:38:00Z,44
1832158,East,MOHALI,11KV SIDHU UPS,Unplanned,Closed,2026-05-03T23:54:00Z,2026-05-04T00:12:00Z,18
1832129,Central,CITY EAST LUDHIANA,GTB Nagar,Unplanned,Closed,2026-05-03T23:51:33Z,2026-05-04T03:00:00Z,188
1832195,North,NAWANSHAHR,MOJOWAL MAJARA,Unplanned,Closed,2026-05-03T23:50:00Z,2026-05-04T06:10:00Z,380
1832170,East,ROPAR,11 KV Absolute,Unplanned,Closed,2026-05-03T23:50:00Z,2026-05-04T00:15:00Z,25
1832167,East,ROPAR,Orchard County,Unplanned,Closed,2026-05-03T23:50:00Z,2026-05-04T00:15:00Z,25
1832166,South,PATIALA,11 KV UPS Kheri Raju,Unplanned,Closed,2026-05-03T23:50:00Z,2026-05-04T01:45:00Z,115
1832138,Border,SUB URBAN AMRITSAR,GUMTALA,Unplanned,Closed,2026-05-03T23:50:00Z,2026-05-03T23:59:00Z,9
1832132,South,PATIALA,Bhakhda Enclave,Unplanned,Closed,2026-05-03T23:50:00Z,2026-05-04T00:30:00Z,40
1832127,South,PATIALA,Sher Majra,Unplanned,Closed,2026-05-03T23:50:00Z,2026-05-04T01:45:00Z,115
1832123,South,PATIALA,M.E.S.,Unplanned,Closed,2026-05-03T23:50:00Z,2026-05-04T01:50:00Z,120
1832121,South,PATIALA,Passiana,Unplanned,Closed,2026-05-03T23:50:00Z,2026-05-04T01:50:00Z,120
1832114,South,PATIALA,11kv GOBIND BAGH,Unplanned,Closed,2026-05-03T23:46:55Z,2026-05-04T02:10:34Z,143
1832225,East,ROPAR,SUGARMILL,Unplanned,Closed,2026-05-03T23:45:00Z,2026-05-04T00:35:00Z,50
1832204,South,PATIALA,UPS DHADOGAL,Unplanned,Closed,2026-05-03T23:45:00Z,2026-05-04T07:29:00Z,464
1832198,Central,KHANNA,Samrala Road,Unplanned,Closed,2026-05-03T23:45:00Z,2026-05-04T00:45:00Z,60
1832190,East,ROPAR,11 KV Landran Road,Unplanned,Closed,2026-05-03T23:45:00Z,2026-05-04T00:40:00Z,55
1832189,East,ROPAR,11 KV Badala Road,Unplanned,Closed,2026-05-03T23:45:00Z,2026-05-04T00:40:00Z,55
1832187,East,ROPAR,11KV CGC JHANJHERI,Unplanned,Closed,2026-05-03T23:45:00Z,2026-05-04T00:45:00Z,60
1832185,East,ROPAR,11KV JPTL,Unplanned,Closed,2026-05-03T23:45:00Z,2026-05-04T00:40:00Z,55
1832182,East,ROPAR,SOM  DUTT,Unplanned,Closed,2026-05-03T23:45:00Z,2026-05-04T00:40:00Z,55
1832153,South,PATIALA,11 kV BIO Fuel (CNG Plant),Unplanned,Closed,2026-05-03T23:45:00Z,2026-05-04T05:05:00Z,320
1832147,South,PATIALA,FAGGANMAJRA UPS,Unplanned,Closed,2026-05-03T23:45:00Z,2026-05-04T05:05:00Z,320
1832116,South,BARNALA,UPS SANDOUR,Unplanned,Closed,2026-05-03T23:45:00Z,2026-05-04T08:40:00Z,535
1832111,Central,CITY EAST LUDHIANA,11 KV KOHLI,Unplanned,Closed,2026-05-03T23:44:08Z,2026-05-04T03:00:00Z,195
1832108,Central,CITY EAST LUDHIANA,Gulabi Bagh,Unplanned,Closed,2026-05-03T23:42:37Z,2026-05-04T03:00:00Z,197
1832164,East,ROPAR,UPS BHAGOMAJRA,Unplanned,Closed,2026-05-03T23:42:00Z,2026-05-04T00:42:00Z,60
1832162,East,ROPAR,CHANDO,Unplanned,Closed,2026-05-03T23:42:00Z,2026-05-04T00:40:00Z,58
1832161,East,ROPAR,RADIALA,Unplanned,Closed,2026-05-03T23:42:00Z,2026-05-04T00:41:00Z,59
1832160,East,ROPAR,RORA,Unplanned,Closed,2026-05-03T23:42:00Z,2026-05-04T00:40:00Z,58
1832159,East,ROPAR,Sehauran,Unplanned,Closed,2026-05-03T23:42:00Z,2026-05-04T00:40:00Z,58
1832157,East,Zirakpur,HLP,Unplanned,Closed,2026-05-03T23:42:00Z,2026-05-04T00:23:00Z,41
1832156,East,ROPAR,Ambika Devi,Unplanned,Closed,2026-05-03T23:42:00Z,2026-05-04T00:40:00Z,58
1832154,East,ROPAR,Ranjit Nagar,Unplanned,Closed,2026-05-03T23:42:00Z,2026-05-04T00:40:00Z,58
1832151,East,ROPAR,KHANPUR,Unplanned,Closed,2026-05-03T23:42:00Z,2026-05-04T00:42:00Z,60
1832150,East,ROPAR,Rangian,Unplanned,Closed,2026-05-03T23:42:00Z,2026-05-04T00:40:00Z,58
1832149,East,ROPAR,CITY KHARAR,Unplanned,Closed,2026-05-03T23:42:00Z,2026-05-04T00:40:00Z,58
1832146,East,ROPAR,ANAJ MANDI,Unplanned,Closed,2026-05-03T23:42:00Z,2026-05-04T00:40:00Z,58
1832122,East,MOHALI,11 KV TDI Sec-110,Unplanned,Closed,2026-05-03T23:42:00Z,2026-05-04T01:20:00Z,98
1832120,East,MOHALI,Sector-113,Unplanned,Closed,2026-05-03T23:42:00Z,2026-05-04T00:05:00Z,23
1832119,South,PATIALA,PUNJABI UNIVERSITY,Unplanned,Closed,2026-05-03T23:41:00Z,2026-05-03T23:55:00Z,14
1832118,South,PATIALA,DAV FEEDER,Unplanned,Closed,2026-05-03T23:41:00Z,2026-05-04T03:05:00Z,204
1832113,South,PATIALA,UPS DHANGERA,Unplanned,Closed,2026-05-03T23:40:34Z,2026-05-04T09:15:00Z,574
1832148,East,MOHALI,CHITKARA,Unplanned,Closed,2026-05-03T23:40:00Z,2026-05-04T00:30:00Z,50
1832145,East,MOHALI,GIAN SAGAR,Unplanned,Closed,2026-05-03T23:40:00Z,2026-05-04T00:30:00Z,50
1832144,East,MOHALI,ALAMPUR UPS,Unplanned,Closed,2026-05-03T23:40:00Z,2026-05-04T00:30:00Z,50
1832143,East,MOHALI,11kv University Feeder,Unplanned,Closed,2026-05-03T23:40:00Z,2026-05-04T00:30:00Z,50
1832142,East,MOHALI,LOGISTIC,Unplanned,Closed,2026-05-03T23:40:00Z,2026-05-04T00:30:00Z,50
1832141,East,MOHALI,CHARBARH UPS,Unplanned,Closed,2026-05-03T23:40:00Z,2026-05-04T00:30:00Z,50
1832140,East,MOHALI,MOHIKALAN UPS,Unplanned,Closed,2026-05-03T23:40:00Z,2026-05-04T00:30:00Z,50
1832139,East,MOHALI,SIGMA,Unplanned,Closed,2026-05-03T23:40:00Z,2026-05-04T00:30:00Z,50
1832137,East,MOHALI,11KV LANDCHESTER,Unplanned,Closed,2026-05-03T23:40:00Z,2026-05-04T00:25:00Z,45
1832136,East,MOHALI,11KV SIGNATURE CITY,Unplanned,Closed,2026-05-03T23:40:00Z,2026-05-04T00:25:00Z,45
1832135,East,MOHALI,11KV DERRI UPS,Unplanned,Closed,2026-05-03T23:40:00Z,2026-05-04T00:25:00Z,45
1832134,East,MOHALI,11KV KAMBALA UPS,Unplanned,Closed,2026-05-03T23:40:00Z,2026-05-04T00:25:00Z,45
1832133,East,MOHALI,11 KV BATHLANA UPS,Unplanned,Closed,2026-05-03T23:40:00Z,2026-05-04T00:25:00Z,45
1832131,East,MOHALI,11KV MK TECHNOLOGY,Unplanned,Closed,2026-05-03T23:40:00Z,2026-05-04T00:25:00Z,45
1832130,East,MOHALI,11KV DURALI UPS,Unplanned,Closed,2026-05-03T23:40:00Z,2026-05-04T00:25:00Z,45
1832126,East,MOHALI,11kv Saidpura,Unplanned,Closed,2026-05-03T23:40:00Z,2026-05-04T00:30:00Z,50
1832125,East,MOHALI,11 KV RAIPUR KALAN UPS,Unplanned,Closed,2026-05-03T23:40:00Z,2026-05-04T00:30:00Z,50
1832124,East,MOHALI,11 KV CHADIALA UPS,Unplanned,Closed,2026-05-03T23:40:00Z,2026-05-04T00:30:00Z,50
1832112,East,Zirakpur,SINGHPURA,Unplanned,Closed,2026-05-03T23:40:00Z,2026-05-04T01:02:00Z,82
1832152,East,MOHALI,11KV Sec 109,Unplanned,Closed,2026-05-03T23:39:00Z,2026-05-04T02:12:00Z,153
1832174,South,PATIALA,Mai Ji Di Saran,Unplanned,Closed,2026-05-03T23:38:00Z,2026-05-04T01:13:00Z,95
1832109,South,PATIALA,UPS Lout,Unplanned,Closed,2026-05-03T23:35:05Z,2026-05-04T06:05:46Z,390
1832110,South,BARNALA,JABBOMAJRA UPS,Unplanned,Closed,2026-05-03T23:35:00Z,2026-05-04T05:30:52Z,355
1832107,South,PATIALA,UPS ALLOWAL,Unplanned,Closed,2026-05-03T23:35:00Z,2026-05-04T06:05:50Z,390
1832106,North,NAWANSHAHR,PANDORI,Unplanned,Closed,2026-05-03T23:35:00Z,2026-05-03T23:58:00Z,23
1832165,South,PATIALA,Bahera Road,Unplanned,Closed,2026-05-03T23:32:00Z,2026-05-04T01:32:51Z,120
1832100,Central,CITY WEST LUDHIANA,ADARSH,Unplanned,Closed,2026-05-03T23:31:45Z,2026-05-04T01:21:48Z,110
1832237,South,BARNALA,DHURI ROAD,Unplanned,Closed,2026-05-03T23:30:00Z,2026-05-04T05:40:00Z,370
1832235,South,BARNALA,ANAAJ MANDI,Unplanned,Closed,2026-05-03T23:30:00Z,2026-05-04T00:50:00Z,80
1832199,South,PATIALA,11 KV Dudhan,Unplanned,Closed,2026-05-03T23:30:00Z,2026-05-04T01:25:00Z,115
1832163,South,PATIALA,Ram Ashram,Unplanned,Closed,2026-05-03T23:30:00Z,2026-05-04T01:30:51Z,120
1832117,South,PATIALA,BANK FEEDER,Unplanned,Closed,2026-05-03T23:30:00Z,2026-05-03T23:55:00Z,25
1832104,South,PATIALA,UPS FOCAL POINT,Unplanned,Closed,2026-05-03T23:30:00Z,2026-05-04T07:38:00Z,488
1832095,Central,CITY EAST LUDHIANA,Fine Finishing,Unplanned,Closed,2026-05-03T23:28:45Z,2026-05-04T02:56:55Z,208
1832115,South,PATIALA,Rishi Colony Feeder,Unplanned,Closed,2026-05-03T23:27:00Z,2026-05-03T23:55:00Z,28
1832103,South,PATIALA,Ekta Vihar,Unplanned,Closed,2026-05-03T23:25:37Z,2026-05-03T23:52:22Z,26
1832102,South,PATIALA,SIDHU COLONY,Unplanned,Closed,2026-05-03T23:25:37Z,2026-05-03T23:59:00Z,33
1832101,South,PATIALA,Dashmesh Nagar,Unplanned,Closed,2026-05-03T23:25:37Z,2026-05-03T23:59:00Z,33
1832099,South,PATIALA,11 kv vikas  nagar,Unplanned,Closed,2026-05-03T23:25:37Z,2026-05-04T01:40:33Z,134
1832097,South,PATIALA,ANAND NAGAR,Unplanned,Closed,2026-05-03T23:25:37Z,2026-05-03T23:59:00Z,33
1832098,South,PATIALA,11 KV PUDA ENCLAVE,Unplanned,Closed,2026-05-03T23:25:00Z,2026-05-04T03:40:34Z,255
1832068,South,BARNALA,BANBHOURA,Unplanned,Closed,2026-05-03T23:25:00Z,2026-05-04T06:12:00Z,407
1832096,South,PATIALA,I.T.I,Unplanned,Closed,2026-05-03T23:23:00Z,2026-05-04T09:25:00Z,602
1832094,Central,KHANNA,Chopra(Naraian),Unplanned,Closed,2026-05-03T23:23:00Z,2026-05-04T01:00:00Z,97
1832093,Central,KHANNA,CITY,Unplanned,Closed,2026-05-03T23:23:00Z,2026-05-04T00:30:00Z,67
1832092,Central,KHANNA,Shastri Nagar,Unplanned,Closed,2026-05-03T23:23:00Z,2026-05-04T01:00:00Z,97
1832091,Central,KHANNA,Jim Khana,Unplanned,Closed,2026-05-03T23:23:00Z,2026-05-04T00:30:00Z,67
1832090,Central,KHANNA,Main Bazar,Unplanned,Closed,2026-05-03T23:23:00Z,2026-05-04T01:00:00Z,97
1832089,Central,KHANNA,JASARA,Unplanned,Closed,2026-05-03T23:23:00Z,2026-05-04T01:00:00Z,97
1832088,Central,KHANNA,Labour Colony,Unplanned,Closed,2026-05-03T23:23:00Z,2026-05-04T01:00:00Z,97
1832087,Central,KHANNA,Sangtpura,Unplanned,Closed,2026-05-03T23:23:00Z,2026-05-04T01:00:00Z,97
1832086,Central,KHANNA,Chander Lok,Unplanned,Closed,2026-05-03T23:23:00Z,2026-05-04T01:00:00Z,97
1832084,Central,KHANNA,Motia Khan,Unplanned,Closed,2026-05-03T23:23:00Z,2026-05-04T01:00:00Z,97
1832207,South,PATIALA,OPH,Unplanned,Closed,2026-05-03T23:20:00Z,2026-05-04T01:00:00Z,100
1832206,South,PATIALA,Ablowal Feeder,Unplanned,Closed,2026-05-03T23:20:00Z,2026-05-04T01:20:00Z,120
1832105,South,BARNALA,MALERKOTLA UPS,Unplanned,Closed,2026-05-03T23:20:00Z,2026-05-04T05:50:00Z,390
1832085,Central,SUB URBAN LUDHIANA,CITY-5 UPS,Unplanned,Closed,2026-05-03T23:20:00Z,2026-05-04T01:10:00Z,110
1832066,South,PATIALA,UPS NABHA NO.1,Unplanned,Closed,2026-05-03T23:18:12Z,2026-05-03T23:54:41Z,36
1832067,South,PATIALA,UPS NABHA NO. 2,Unplanned,Closed,2026-05-03T23:18:00Z,2026-05-04T07:44:00Z,506
1832065,Central,KHANNA,F C I,Unplanned,Closed,2026-05-03T23:18:00Z,2026-05-04T00:50:00Z,92
1832049,Central,KHANNA,Kamma,Unplanned,Closed,2026-05-03T23:08:00Z,2026-05-04T03:57:00Z,289
1832050,South,PATIALA,11 KV RAI MAJRA,Unplanned,Closed,2026-05-03T23:05:08Z,2026-05-04T01:30:53Z,145
1832053,Central,KHANNA,11 KV MODEL TOWN,Unplanned,Closed,2026-05-03T23:05:00Z,2026-05-03T23:57:00Z,52
1832060,East,MOHALI,SEC 63,Unplanned,Closed,2026-05-03T23:04:00Z,2026-05-03T23:34:00Z,30
1832046,South,PATIALA,GURBAX COLONY NO.-1,Unplanned,Closed,2026-05-03T23:01:52Z,2026-05-04T01:31:09Z,149
1832044,South,PATIALA,11 KV RADHA SWAMI ROAD,Unplanned,Closed,2026-05-03T23:01:11Z,2026-05-03T23:55:03Z,53
1832040,Central,KHANNA,SALANA UPS,Unplanned,Closed,2026-05-03T23:01:00Z,2026-05-03T23:50:00Z,49
1832620,South,BARNALA,Bajakhana Road,Unplanned,Closed,2026-05-03T23:00:00Z,2026-05-04T08:00:00Z,540
1832614,South,BARNALA,11KV TARAKSHEEL ROAD,Unplanned,Closed,2026-05-03T23:00:00Z,2026-05-04T04:00:00Z,300
1832059,South,BARNALA,Industrial,Unplanned,Closed,2026-05-03T23:00:00Z,2026-05-04T06:53:00Z,473
1832058,South,BARNALA,NAUDHARANI CAT.I,Unplanned,Closed,2026-05-03T23:00:00Z,2026-05-03T23:31:00Z,31
1832057,South,BARNALA,Wraich UPS,Unplanned,Closed,2026-05-03T23:00:00Z,2026-05-03T23:30:00Z,30
1832055,South,BARNALA,HATHAN UPS,Unplanned,Closed,2026-05-03T23:00:00Z,2026-05-03T23:31:00Z,31
1832054,South,BARNALA,SADDOPUR ROAD,Unplanned,Closed,2026-05-03T23:00:00Z,2026-05-03T23:31:00Z,31
1832051,South,BARNALA,Raikot Road Industry Cat-2,Unplanned,Closed,2026-05-03T23:00:00Z,2026-05-03T23:30:00Z,30
1832048,South,BARNALA,Munday Paper Mill,Unplanned,Closed,2026-05-03T23:00:00Z,2026-05-03T23:30:00Z,30
1832047,South,BARNALA,VISHAL PAPER MILL,Unplanned,Closed,2026-05-03T23:00:00Z,2026-05-03T23:30:00Z,30
1832045,South,BARNALA,NABHA PAPER MILL,Unplanned,Closed,2026-05-03T23:00:00Z,2026-05-03T23:30:00Z,30
1832041,Central,KHANNA,Doburji,Unplanned,Closed,2026-05-03T23:00:00Z,2026-05-04T06:05:00Z,425
1832036,Border,CITY AMRITSAR,Queens Road,Unplanned,Closed,2026-05-03T22:50:00Z,2026-05-03T23:05:00Z,15
1832063,East,MOHALI,48-C,Unplanned,Closed,2026-05-03T22:48:00Z,2026-05-03T23:42:00Z,54
1832043,Central,KHANNA,Alloona Miana,Unplanned,Closed,2026-05-03T22:48:00Z,2026-05-03T23:36:00Z,48
1832056,South,PATIALA,URBAN NANAKSAR,Unplanned,Closed,2026-05-03T22:45:00Z,2026-05-04T00:50:00Z,125
1832038,South,PATIALA,BOLI SAHIB,Unplanned,Closed,2026-05-03T22:45:00Z,2026-05-04T00:50:00Z,125
1832039,North,NAWANSHAHR,Muthada urban,Unplanned,Closed,2026-05-03T22:44:00Z,2026-05-04T07:50:00Z,546
1832064,South,BARNALA,LASSOI CAT.1,Unplanned,Closed,2026-05-03T22:40:00Z,2026-05-04T05:30:00Z,410
1832035,Central,SUB URBAN LUDHIANA,CITY-5 UPS,Unplanned,Closed,2026-05-03T22:40:00Z,2026-05-03T23:19:00Z,39
1832034,Central,SUB URBAN LUDHIANA,City-4,Unplanned,Closed,2026-05-03T22:40:00Z,2026-05-03T23:20:00Z,40
1832033,Central,SUB URBAN LUDHIANA,City No-3  Maloud,Unplanned,Closed,2026-05-03T22:40:00Z,2026-05-03T23:39:00Z,59
1832032,Central,SUB URBAN LUDHIANA,City-1 Maloud,Unplanned,Closed,2026-05-03T22:40:00Z,2026-05-03T23:20:00Z,40
1832031,Central,SUB URBAN LUDHIANA,City-02,Unplanned,Closed,2026-05-03T22:40:00Z,2026-05-03T23:39:00Z,59
1832037,South,PATIALA,UPS NABHA NO.1,Unplanned,Closed,2026-05-03T22:36:00Z,2026-05-03T23:17:21Z,41
1832052,Central,KHANNA,LANDHA BOWANI,Unplanned,Closed,2026-05-03T22:33:00Z,2026-05-04T06:05:00Z,452
1832062,South,BARNALA,MANVI CAT.1,Unplanned,Closed,2026-05-03T22:31:00Z,2026-05-03T23:45:00Z,74
1832061,South,BARNALA,Manvi UPS,Unplanned,Closed,2026-05-03T22:31:00Z,2026-05-03T23:45:00Z,74
1832083,South,BARNALA,SIRGANGARAM,Unplanned,Closed,2026-05-03T22:30:50Z,2026-05-03T23:15:50Z,45
1832082,South,BARNALA,HOSPITAL,Unplanned,Closed,2026-05-03T22:30:50Z,2026-05-03T23:15:50Z,45
1832081,South,BARNALA,LOHA BAZAR,Unplanned,Closed,2026-05-03T22:30:50Z,2026-05-03T23:15:50Z,45
1832080,South,BARNALA,Industrial-2,Unplanned,Closed,2026-05-03T22:30:50Z,2026-05-03T23:15:50Z,45
1832079,South,BARNALA,INDUSTRIAL RATOLAN,Unplanned,Closed,2026-05-03T22:30:50Z,2026-05-03T23:15:50Z,45
1832078,South,BARNALA,QUILA REHMATGARH,Unplanned,Closed,2026-05-03T22:30:50Z,2026-05-03T23:15:50Z,45
1832077,South,BARNALA,Satta Bazaar,Unplanned,Closed,2026-05-03T22:30:50Z,2026-05-03T23:15:50Z,45
1832076,South,BARNALA,MALERKOTLA-1,Unplanned,Closed,2026-05-03T22:30:50Z,2026-05-03T23:15:50Z,45
1832075,South,BARNALA,ANAAJ MANDI,Unplanned,Closed,2026-05-03T22:30:50Z,2026-05-03T23:15:50Z,45
1832074,South,BARNALA,SHRI RAVIDASS NAGAR,Unplanned,Closed,2026-05-03T22:30:50Z,2026-05-03T23:15:50Z,45
1832073,South,BARNALA,DHURI ROAD,Unplanned,Closed,2026-05-03T22:30:50Z,2026-05-03T23:15:50Z,45
1832072,South,BARNALA,MALERKOTLA-2,Unplanned,Closed,2026-05-03T22:30:50Z,2026-05-03T23:15:50Z,45
1832071,South,BARNALA,Industrial-I,Unplanned,Closed,2026-05-03T22:30:50Z,2026-05-03T23:15:50Z,45
1832070,South,BARNALA,MALERKOTLA UPS,Unplanned,Closed,2026-05-03T22:30:50Z,2026-05-03T23:15:50Z,45
1832069,South,BARNALA,GURUDWARA HAA DA NARA,Unplanned,Closed,2026-05-03T22:30:50Z,2026-05-03T23:15:50Z,45
1832030,East,MOHALI,Nirankari feeder,Unplanned,Closed,2026-05-03T22:29:00Z,2026-05-03T22:50:22Z,21
1832128,South,BARNALA,SHERWANIKOT UPS,Unplanned,Closed,2026-05-03T22:25:00Z,2026-05-04T07:00:00Z,515
1832042,South,PATIALA,PREET AGRO,Unplanned,Closed,2026-05-03T22:17:00Z,2026-05-04T09:35:00Z,678
1832029,North,HOSHIARPUR,Jallowal,Unplanned,Closed,2026-05-03T22:10:00Z,2026-05-03T22:26:00Z,16
1832605,South,BARNALA,COURT ROAD,Unplanned,Closed,2026-05-03T22:05:00Z,2026-05-03T23:51:00Z,106
1832481,South,BARNALA,SADAR BAZAR,Unplanned,Closed,2026-05-03T22:04:00Z,2026-05-03T22:49:00Z,45
1832028,North,JALANDHAR,11 KV GULAB DEVI,Unplanned,Closed,2026-05-03T21:50:00Z,2026-05-03T22:02:45Z,12
1832025,North,KAPURTHALA,URBAN MOHABAT NAGAR,Unplanned,Closed,2026-05-03T21:50:00Z,2026-05-03T22:20:00Z,30
1832027,East,MOHALI,11 KV Manohar,Unplanned,Closed,2026-05-03T21:49:51Z,2026-05-03T22:20:00Z,30
1832026,East,ROPAR,PADIALA,Unplanned,Closed,2026-05-03T21:45:00Z,2026-05-03T22:20:00Z,35
1832022,Border,GURDASPUR,CITY AWANKHA,Unplanned,Closed,2026-05-03T21:36:00Z,2026-05-03T21:47:00Z,11
1832024,East,ROPAR,ARCHIAN FOODS,Unplanned,Closed,2026-05-03T21:32:00Z,2026-05-03T21:45:00Z,13
1832023,East,MOHALI,11 KV Gura,Unplanned,Closed,2026-05-03T21:31:59Z,2026-05-03T21:54:00Z,22
1832020,West,MUKATSAR,11 KV Dhani Bisehesarnath,Unplanned,Closed,2026-05-03T21:30:53Z,2026-05-03T21:57:18Z,26
1832021,West,MUKATSAR,11 KV Azimgarh Urban,Unplanned,Closed,2026-05-03T21:30:48Z,2026-05-03T21:58:58Z,28
1832019,North,JALANDHAR,11KV SALEMPUR,Unplanned,Closed,2026-05-03T21:22:16Z,2026-05-03T22:08:23Z,46
1832018,Border,GURDASPUR,CITY AWANKHA,Unplanned,Closed,2026-05-03T21:22:00Z,2026-05-03T21:35:00Z,13
1832016,Central,CITY WEST LUDHIANA,SANGEET FEEDER,Unplanned,Closed,2026-05-03T21:17:20Z,2026-05-03T21:53:41Z,36
1832012,South,SANGRUR,Kishanpura Road,Unplanned,Closed,2026-05-03T21:12:17Z,2026-05-03T21:53:40Z,41
1832013,Border,GURDASPUR,Simbal,Unplanned,Closed,2026-05-03T21:12:00Z,2026-05-03T21:32:00Z,20
1832017,North,HOSHIARPUR,MANJPUR,Unplanned,Closed,2026-05-03T21:10:00Z,2026-05-03T21:45:00Z,35
1832014,East,Zirakpur,MES,Planned,Closed,2026-05-03T21:10:00Z,2026-05-03T21:40:00Z,30
1832006,North,NAWANSHAHR,BHAJJAL,Unplanned,Closed,2026-05-03T21:02:00Z,2026-05-03T21:32:00Z,30
1832011,East,Zirakpur,SAINI VIHAR,Planned,Closed,2026-05-03T20:58:00Z,2026-05-03T21:35:00Z,37
1832010,East,Zirakpur,KALKA ROAD,Planned,Closed,2026-05-03T20:58:00Z,2026-05-03T21:35:00Z,37
1832009,East,Zirakpur,S S INFRA,Planned,Closed,2026-05-03T20:58:00Z,2026-05-03T21:35:00Z,37
1832004,North,NAWANSHAHR,DUGRI,Planned,Closed,2026-05-03T20:58:00Z,2026-05-03T21:37:00Z,39
1832003,North,JALANDHAR,11 KV D.A.V,Unplanned,Closed,2026-05-03T20:55:57Z,2026-05-03T21:11:34Z,15
1832015,Border,SUB URBAN AMRITSAR,Friends Avenue,Unplanned,Closed,2026-05-03T20:55:00Z,2026-05-03T21:21:00Z,26
1832008,Central,CITY EAST LUDHIANA,GURU NANAK DEV NAGAR,Unplanned,Closed,2026-05-03T20:55:00Z,2026-05-03T22:05:00Z,70
1832005,North,HOSHIARPUR,KANDHALA JATTAN,Unplanned,Closed,2026-05-03T20:50:00Z,2026-05-03T21:05:00Z,15
1832000,North,JALANDHAR,EKTA NAGAR,Unplanned,Closed,2026-05-03T20:46:00Z,2026-05-03T21:22:00Z,36
1832007,South,PATIALA,Sarabha Nagar feeder,Unplanned,Closed,2026-05-03T20:45:00Z,2026-05-03T22:39:00Z,114
1832001,North,HOSHIARPUR,NARA DADA,Unplanned,Closed,2026-05-03T20:42:00Z,2026-05-03T21:13:00Z,31
1831999,Central,KHANNA,Sangtpura,Unplanned,Closed,2026-05-03T20:42:00Z,2026-05-03T21:50:00Z,68
1831998,East,Zirakpur,11 KV PREM NAGAR FEEDER,Planned,Closed,2026-05-03T20:40:00Z,2026-05-03T21:05:00Z,25
1831997,North,JALANDHAR,GILL COLONY,Unplanned,Closed,2026-05-03T20:35:00Z,2026-05-03T21:00:00Z,25
1831994,Border,SUB URBAN AMRITSAR,PUTLIGHAR,Unplanned,Closed,2026-05-03T20:30:55Z,2026-05-03T20:54:00Z,23
1831993,Border,GURDASPUR,SHANTI NAGAR,Planned,Closed,2026-05-03T20:30:00Z,2026-05-03T21:10:00Z,40
1831992,Border,GURDASPUR,Kahnuwan Road,Planned,Closed,2026-05-03T20:30:00Z,2026-05-03T21:10:00Z,40
1831991,Border,GURDASPUR,Simbal,Planned,Closed,2026-05-03T20:30:00Z,2026-05-03T21:10:00Z,40
1831990,Central,CITY WEST LUDHIANA,GURU GIAN VIHAR,Planned,Closed,2026-05-03T20:25:14Z,2026-05-03T21:20:01Z,54
1831986,Border,GURDASPUR,TRUCK UNION,Planned,Closed,2026-05-03T20:15:00Z,2026-05-03T20:33:00Z,18
1831982,Border,CITY AMRITSAR,Queens Road,Planned,Closed,2026-05-03T20:15:00Z,2026-05-03T20:30:00Z,15
1831983,East,Zirakpur,PEER BABA ROAD,Planned,Closed,2026-05-03T20:08:00Z,2026-05-03T21:25:00Z,77
1831981,East,Zirakpur,NABHA SAHIB,Planned,Closed,2026-05-03T20:08:00Z,2026-05-03T21:25:00Z,77
1831980,East,Zirakpur,Jaskaran,Planned,Closed,2026-05-03T20:08:00Z,2026-05-03T21:25:00Z,77
1831988,North,HOSHIARPUR,Jallowal,Unplanned,Closed,2026-05-03T20:01:00Z,2026-05-03T21:50:00Z,109
1831968,Border,SUB URBAN AMRITSAR,Mallan Wali,Unplanned,Closed,2026-05-03T20:01:00Z,2026-05-03T20:29:00Z,28
1831979,North,HOSHIARPUR,PEALAN,Unplanned,Closed,2026-05-03T20:00:00Z,2026-05-03T20:30:00Z,30
1831974,Central,CITY EAST LUDHIANA,FARID NAGAR,Unplanned,Closed,2026-05-03T20:00:00Z,2026-05-03T21:24:00Z,84
1831961,Border,GURDASPUR,Pioneer Agro,Unplanned,Closed,2026-05-03T19:55:00Z,2026-05-03T21:04:00Z,69
1831962,Border,SUB URBAN AMRITSAR,Mallan Wali,Unplanned,Closed,2026-05-03T19:53:00Z,2026-05-03T20:30:00Z,37
1831996,East,ROPAR,Mundho,Unplanned,Closed,2026-05-03T19:52:00Z,2026-05-03T20:35:00Z,43
1831965,North,NAWANSHAHR,DUGRI,Unplanned,Closed,2026-05-03T19:52:00Z,2026-05-03T20:04:00Z,12
1831958,North,JALANDHAR,BASTI NAU (OLD),Unplanned,Closed,2026-05-03T19:51:50Z,2026-05-03T20:15:52Z,24
1831957,North,HOSHIARPUR,Lajwanti Stadium,Unplanned,Closed,2026-05-03T19:51:00Z,2026-05-03T20:30:00Z,39
1831960,Central,CITY WEST LUDHIANA,VISHAL NAGAR,Planned,Closed,2026-05-03T19:50:26Z,2026-05-03T21:19:42Z,89
1831989,East,ROPAR,CITY,Unplanned,Closed,2026-05-03T19:50:00Z,2026-05-03T20:45:00Z,55
1831964,North,HOSHIARPUR,CHAUNNI,Unplanned,Closed,2026-05-03T19:47:00Z,2026-05-03T20:05:00Z,18
1831966,East,ROPAR,11 KV Moura,Unplanned,Closed,2026-05-03T19:46:00Z,2026-05-03T19:54:00Z,8
1831963,North,HOSHIARPUR,BILASPUR,Unplanned,Closed,2026-05-03T19:45:00Z,2026-05-03T20:10:00Z,25
1831956,North,JALANDHAR,GILL COLONY,Unplanned,Closed,2026-05-03T19:43:00Z,2026-05-03T20:11:00Z,28
1831955,West,FARIDKOT,CITY MOGA,Unplanned,Closed,2026-05-03T19:42:52Z,2026-05-03T20:10:18Z,27
1831959,Central,KHANNA,Bija Urban,Unplanned,Closed,2026-05-03T19:42:00Z,2026-05-03T20:32:00Z,50
1831954,West,FARIDKOT,11 KV PANDORI GATE URBAN,Unplanned,Closed,2026-05-03T19:41:43Z,2026-05-03T20:59:32Z,77
1831953,East,Zirakpur,ZIRAKPUR-2,Planned,Closed,2026-05-03T19:33:00Z,2026-05-03T19:54:00Z,21
1831952,East,Zirakpur,ROYAL ESTATE,Planned,Closed,2026-05-03T19:33:00Z,2026-05-03T19:54:00Z,21
1831951,Border,SUB URBAN AMRITSAR,11 kv Bhullar Avenue,Unplanned,Closed,2026-05-03T19:30:00Z,2026-05-03T19:41:00Z,11
1831946,North,NAWANSHAHR,CITY GARHSHANKAR-2,Planned,Closed,2026-05-03T19:28:00Z,2026-05-03T19:52:00Z,24
1831950,North,HOSHIARPUR,Tajowal,Unplanned,Closed,2026-05-03T19:25:00Z,2026-05-03T20:10:00Z,45
1831948,Central,KHANNA,City-2 khanna,Unplanned,Closed,2026-05-03T19:24:00Z,2026-05-03T19:57:00Z,33
1831949,North,KAPURTHALA,URBAN JANDIALA ROAD Nurmahal,Unplanned,Closed,2026-05-03T19:20:00Z,2026-05-03T19:55:00Z,35
1831943,East,MOHALI,11 KV Gura,Unplanned,Closed,2026-05-03T19:15:39Z,2026-05-03T20:17:47Z,62
1831944,East,MOHALI,11KV Sector 101,Unplanned,Closed,2026-05-03T19:10:46Z,2026-05-03T20:20:00Z,69
1831945,North,HOSHIARPUR,Khozkipur,Unplanned,Closed,2026-05-03T19:10:00Z,2026-05-03T19:25:00Z,15
1832002,South,BARNALA,11KV TARAKSHEEL ROAD,Unplanned,Closed,2026-05-03T19:05:00Z,2026-05-03T20:51:00Z,106
1831942,North,HOSHIARPUR,Banjarbag,Unplanned,Closed,2026-05-03T19:03:00Z,2026-05-03T19:15:00Z,12
1831941,North,HOSHIARPUR,Salwara,Unplanned,Closed,2026-05-03T19:03:00Z,2026-05-03T19:15:00Z,12
1831938,Central,CITY WEST LUDHIANA,ADARSH,Unplanned,Closed,2026-05-03T19:00:33Z,2026-05-03T20:00:23Z,59
1831940,North,HOSHIARPUR,KHARKAN,Unplanned,Closed,2026-05-03T19:00:00Z,2026-05-03T19:23:00Z,23
1831939,North,HOSHIARPUR,DALLI shared feeder with s/divn,Unplanned,Closed,2026-05-03T18:55:00Z,2026-05-03T20:20:00Z,85
1831937,North,NAWANSHAHR,DUGRI,Unplanned,Closed,2026-05-03T18:55:00Z,2026-05-03T19:08:00Z,13
1831936,North,HOSHIARPUR,NARA DADA,Unplanned,Closed,2026-05-03T18:55:00Z,2026-05-03T19:18:00Z,23
1831935,Central,KHANNA,Sangtpura,Unplanned,Closed,2026-05-03T18:54:00Z,2026-05-03T20:41:00Z,107
1831934,East,Zirakpur,SAVITRYGREEN,Unplanned,Closed,2026-05-03T18:48:00Z,2026-05-03T18:55:00Z,7
1831933,West,MUKATSAR,11 KV Punjava Model,Unplanned,Closed,2026-05-03T18:45:59Z,2026-05-03T19:54:25Z,68
1831932,West,MUKATSAR,BHANGER KHERA,Unplanned,Closed,2026-05-03T18:45:23Z,2026-05-03T19:58:36Z,73
1831947,Border,SUB URBAN AMRITSAR,Urban 2 Nawapind,Unplanned,Closed,2026-05-03T18:40:00Z,2026-05-03T19:25:00Z,45
1831928,East,ROPAR,11 KV Paharpur,Unplanned,Closed,2026-05-03T18:38:00Z,2026-05-03T18:45:00Z,7
1831929,East,MOHALI,11 KV Feeder sec 69 B,Unplanned,Closed,2026-05-03T18:35:00Z,2026-05-03T19:42:59Z,67
1831921,West,FARIDKOT,Jiwanwala,Planned,Closed,2026-05-03T18:33:00Z,2026-05-03T19:07:00Z,34
1831926,North,HOSHIARPUR,RAMPUR,Unplanned,Closed,2026-05-03T18:32:00Z,2026-05-03T18:55:00Z,23
1831916,Central,CITY WEST LUDHIANA,AVON FEEDER,Unplanned,Closed,2026-05-03T18:31:39Z,2026-05-03T19:38:02Z,66
1831930,East,MOHALI,JANTI DEVI,Unplanned,Closed,2026-05-03T18:31:00Z,2026-05-03T20:13:00Z,102
1831931,East,Zirakpur,SAVITRYGREEN,Planned,Closed,2026-05-03T18:30:00Z,2026-05-03T18:46:00Z,16
1831924,East,Zirakpur,SINGHPURA,Planned,Closed,2026-05-03T18:30:00Z,2026-05-03T18:46:00Z,16
1831923,East,Zirakpur,GREEN LOTUS,Planned,Closed,2026-05-03T18:30:00Z,2026-05-03T18:46:00Z,16
1831922,Border,GURDASPUR,KHUJALA,Unplanned,Closed,2026-05-03T18:30:00Z,2026-05-03T18:50:00Z,20
1831920,East,Zirakpur,HARMILAP NAGAR,Planned,Closed,2026-05-03T18:30:00Z,2026-05-03T18:35:00Z,5
1831919,East,Zirakpur,EKTA VIHAR,Planned,Closed,2026-05-03T18:30:00Z,2026-05-03T18:35:00Z,5
1831918,East,Zirakpur,11KV  SUSHMA,Planned,Closed,2026-05-03T18:30:00Z,2026-05-03T18:35:00Z,5
1831911,Central,KHANNA,Amloh Road,Unplanned,Closed,2026-05-03T18:26:00Z,2026-05-03T20:07:00Z,101
1831914,Central,CITY WEST LUDHIANA,RENTAL COLONY,Planned,Closed,2026-05-03T18:25:54Z,2026-05-03T19:20:12Z,54
1831925,North,HOSHIARPUR,KOLYA,Unplanned,Closed,2026-05-03T18:25:00Z,2026-05-03T19:25:00Z,60
1831912,Border,TARN TARAN,UPS SHAKRI,Unplanned,Closed,2026-05-03T18:25:00Z,2026-05-03T19:25:00Z,60
1831908,East,Zirakpur,LALRU CITY,Planned,Closed,2026-05-03T18:23:00Z,2026-05-03T18:45:00Z,22
1831917,East,MOHALI,11 KV Bansepur,Unplanned,Closed,2026-05-03T18:20:00Z,2026-05-03T18:50:18Z,30
1831915,Central,KHANNA,DEVI DAWALA feeder,Unplanned,Closed,2026-05-03T18:20:00Z,2026-05-03T20:30:00Z,130
1831906,North,JALANDHAR,JANDUSINGHA,Planned,Closed,2026-05-03T18:20:00Z,2026-05-03T18:30:00Z,10
1831904,North,JALANDHAR,NEW JAWAHAR NAGAR,Unplanned,Closed,2026-05-03T18:14:31Z,2026-05-03T18:27:40Z,13
1831927,East,Zirakpur,PANCHSHEEL,Planned,Closed,2026-05-03T18:10:00Z,2026-05-03T18:30:00Z,20
1831913,East,MOHALI,I.T PARK,Unplanned,Closed,2026-05-03T18:09:00Z,2026-05-03T20:47:59Z,158
1831905,South,PATIALA,Mohindra College,Unplanned,Closed,2026-05-03T18:07:28Z,2026-05-03T18:45:05Z,37
1831903,South,PATIALA,Ghalaudi Gate,Unplanned,Closed,2026-05-03T18:07:24Z,2026-05-03T18:45:31Z,38
1831901,East,MOHALI,60-A,Unplanned,Closed,2026-05-03T18:03:40Z,2026-05-03T18:57:00Z,53
1831899,East,MOHALI,Kasauli,Unplanned,Closed,2026-05-03T18:03:40Z,2026-05-03T19:00:42Z,57
1831902,North,JALANDHAR,NEW MODEL TOWN,Unplanned,Closed,2026-05-03T18:02:00Z,2026-05-03T18:48:00Z,46
1831898,Central,KHANNA,Samrala Road,Unplanned,Closed,2026-05-03T18:00:00Z,2026-05-03T19:10:00Z,70
1831897,Central,CITY WEST LUDHIANA,GOLDEN PARK,Unplanned,Closed,2026-05-03T17:59:17Z,2026-05-03T18:39:52Z,40
1831896,Central,CITY WEST LUDHIANA,MODEL GRAM,Unplanned,Closed,2026-05-03T17:57:27Z,2026-05-03T19:12:52Z,75
1831900,North,HOSHIARPUR,KHAROUDI,Unplanned,Closed,2026-05-03T17:55:00Z,2026-05-03T19:05:00Z,70
1831893,East,ROPAR,Haripur,Unplanned,Closed,2026-05-03T17:50:00Z,2026-05-03T18:05:00Z,15
1831890,Border,GURDASPUR,Babbri Nangal,Unplanned,Closed,2026-05-03T17:50:00Z,2026-05-03T19:03:00Z,73
1831888,South,PATIALA,FAGGANMAJRA UPS,Unplanned,Closed,2026-05-03T17:45:00Z,2026-05-03T19:05:45Z,80
1831887,North,JALANDHAR,UDYOG NAGAR,Unplanned,Closed,2026-05-03T17:43:00Z,2026-05-03T18:04:00Z,21
1831892,North,JALANDHAR,KATHAR,Unplanned,Closed,2026-05-03T17:40:00Z,2026-05-03T17:55:00Z,15
1831880,North,JALANDHAR,Phagwara Road,Planned,Closed,2026-05-03T17:35:10Z,2026-05-03T18:23:42Z,48
1831879,North,JALANDHAR,NEW SARHALI FEEDER,Planned,Closed,2026-05-03T17:35:10Z,2026-05-03T18:23:31Z,48
1831891,Border,GURDASPUR,11 K.V UPS Balwanda,Unplanned,Closed,2026-05-03T17:35:00Z,2026-05-03T18:25:00Z,50
1831889,Border,TARN TARAN,JAWANDY KHURD,Unplanned,Closed,2026-05-03T17:35:00Z,2026-05-03T19:07:00Z,92
1831884,North,KAPURTHALA,Tower Colony,Unplanned,Closed,2026-05-03T17:35:00Z,2026-05-03T18:55:00Z,80
1831883,North,KAPURTHALA,Industrial Area,Unplanned,Closed,2026-05-03T17:35:00Z,2026-05-03T18:55:00Z,80
1831895,East,MOHALI,JHAMPUR FEEDER,Unplanned,Closed,2026-05-03T17:29:00Z,2026-05-03T18:02:00Z,33
1831894,East,MOHALI,11 KV New Sunny,Unplanned,Closed,2026-05-03T17:29:00Z,2026-05-03T19:05:50Z,96
1831872,North,HOSHIARPUR,DAM,Unplanned,Closed,2026-05-03T17:26:00Z,2026-05-03T17:55:00Z,29
1831877,North,JALANDHAR,PATARA,Unplanned,Closed,2026-05-03T17:25:00Z,2026-05-03T18:05:00Z,40
1831865,North,NAWANSHAHR,11 KV Buthgarh,Unplanned,Closed,2026-05-03T17:25:00Z,2026-05-03T17:50:00Z,25
1831863,North,NAWANSHAHR,CITY GARHSHANKAR-2,Planned,Closed,2026-05-03T17:22:00Z,2026-05-03T17:49:00Z,27
1831871,Central,KHANNA,Labour Colony,Unplanned,Closed,2026-05-03T17:21:00Z,2026-05-03T18:20:00Z,59
1831862,South,PATIALA,Chandigarh Road,Unplanned,Closed,2026-05-03T17:18:00Z,2026-05-03T17:30:00Z,12
1831860,Border,CITY AMRITSAR,JOSHI COLONY,Unplanned,Closed,2026-05-03T17:15:00Z,2026-05-03T20:15:00Z,180
1831859,North,JALANDHAR,11kv Nangal shama,Unplanned,Closed,2026-05-03T17:15:00Z,2026-05-03T17:45:00Z,30
1831856,East,MOHALI,Janta colony,Unplanned,Closed,2026-05-03T17:13:00Z,2026-05-03T17:27:46Z,14
1831857,North,KAPURTHALA,UPS KHUKHRAIN,Unplanned,Closed,2026-05-03T17:12:00Z,2026-05-03T19:41:00Z,149
1831864,North,NAWANSHAHR,KAMALPUR,Unplanned,Closed,2026-05-03T17:10:00Z,2026-05-03T19:20:00Z,130
1831858,East,ROPAR,MUKARI,Unplanned,Closed,2026-05-03T17:10:00Z,2026-05-03T18:10:00Z,60
1831861,South,PATIALA,ups Ambala Road,Unplanned,Closed,2026-05-03T17:05:00Z,2026-05-03T18:25:00Z,80
1831855,North,JALANDHAR,TOWER ENCLAVE,Unplanned,Closed,2026-05-03T17:05:00Z,2026-05-03T18:34:00Z,89
1831853,North,JALANDHAR,11KV SALEMPUR,Unplanned,Closed,2026-05-03T17:04:08Z,2026-05-03T17:23:00Z,18
1831854,North,HOSHIARPUR,Ravidas Nagar feeder,Unplanned,Closed,2026-05-03T17:03:00Z,2026-05-03T17:58:00Z,55
1831850,Border,GURDASPUR,Abdaal 24 Hrs.,Unplanned,Closed,2026-05-03T17:00:00Z,2026-05-03T17:30:00Z,30
1831849,Border,SUB URBAN AMRITSAR,BASKEGILLAN UPS,Unplanned,Closed,2026-05-03T16:59:00Z,2026-05-03T18:06:39Z,67
1831852,North,NAWANSHAHR,Achan Chak,Unplanned,Closed,2026-05-03T16:55:00Z,2026-05-03T17:17:00Z,22
1831851,North,NAWANSHAHR,Industry,Unplanned,Closed,2026-05-03T16:55:00Z,2026-05-03T17:18:00Z,23
1831846,South,SANGRUR,Industrial (Dhuri),Unplanned,Closed,2026-05-03T16:52:33Z,2026-05-03T17:10:49Z,18
1831847,South,SANGRUR,Bagrian Road,Unplanned,Closed,2026-05-03T16:52:09Z,2026-05-03T17:10:17Z,18
1831848,North,NAWANSHAHR,AKALIANA,Unplanned,Closed,2026-05-03T16:52:00Z,2026-05-03T21:20:00Z,268
1831843,Central,CITY WEST LUDHIANA,URBAN ESTATE PH-2,Unplanned,Closed,2026-05-03T16:45:17Z,2026-05-03T17:35:44Z,50
1831845,East,MOHALI,Sec-61c,Unplanned,Closed,2026-05-03T16:44:00Z,2026-05-04T01:01:00Z,497
1831844,East,MOHALI,SEC-61B,Unplanned,Closed,2026-05-03T16:44:00Z,2026-05-03T19:20:35Z,156
1831837,North,JALANDHAR,BABA VISHKARMA MANDIR,Unplanned,Closed,2026-05-03T16:34:00Z,2026-05-03T16:56:00Z,22
1831841,East,Zirakpur,SAVITRYGREEN,Planned,Closed,2026-05-03T16:31:00Z,2026-05-03T16:47:00Z,16
1831840,East,Zirakpur,RAIL VIHAR,Planned,Closed,2026-05-03T16:31:00Z,2026-05-03T16:47:00Z,16
1831839,East,Zirakpur,11 kv Japuria Feeder,Planned,Closed,2026-05-03T16:31:00Z,2026-05-03T16:47:00Z,16
1831842,East,Zirakpur,SINGHPURA,Unplanned,Closed,2026-05-03T16:30:00Z,2026-05-03T17:10:00Z,40
1831838,North,NAWANSHAHR,KAULGARH,Unplanned,Closed,2026-05-03T16:30:00Z,2026-05-03T16:55:00Z,25
1831836,North,NAWANSHAHR,Friends Road,Unplanned,Closed,2026-05-03T16:30:00Z,2026-05-03T16:59:00Z,29
1831835,East,Zirakpur,GREEN LOTUS,Planned,Closed,2026-05-03T16:21:00Z,2026-05-03T16:30:00Z,9
1831823,North,JALANDHAR,11kv Nangal shama,Unplanned,Closed,2026-05-03T16:21:00Z,2026-05-03T16:45:00Z,24
1831834,Border,GURDASPUR,Kahnuwan Road,Unplanned,Closed,2026-05-03T16:20:00Z,2026-05-03T17:15:00Z,55
1831829,North,KAPURTHALA,UPS Saidowal,Unplanned,Closed,2026-05-03T16:20:00Z,2026-05-03T16:45:00Z,25
1831828,North,JALANDHAR,PRAGPUR,Unplanned,Closed,2026-05-03T16:20:00Z,2026-05-03T16:30:00Z,10
1831827,Central,KHANNA,RAM RAJAYA,Unplanned,Closed,2026-05-03T16:20:00Z,2026-05-03T17:55:00Z,95
1831833,East,Zirakpur,11 KV AMBALA ROAD,Planned,Closed,2026-05-03T16:19:00Z,2026-05-03T18:02:00Z,103
1831832,East,Zirakpur,ZIRAKPUR-2,Planned,Closed,2026-05-03T16:19:00Z,2026-05-03T18:02:00Z,103
1831831,East,Zirakpur,ASSTHA,Planned,Closed,2026-05-03T16:19:00Z,2026-05-03T18:02:00Z,103
1831825,South,PATIALA,UPS RAJPURA,Unplanned,Closed,2026-05-03T16:15:00Z,2026-05-03T16:40:00Z,25
1831821,Border,CITY AMRITSAR,majitha road,Planned,Closed,2026-05-03T16:15:00Z,2026-05-03T16:40:00Z,25
1831824,Border,GURDASPUR,TALWANDI,Unplanned,Closed,2026-05-03T16:12:00Z,2026-05-03T18:55:00Z,163
1831819,East,Zirakpur,LALRU RURAL  Kandi Pure AP,Planned,Closed,2026-05-03T16:11:00Z,2026-05-03T19:00:00Z,169
1831816,East,Zirakpur,DEHAR UPS,Planned,Closed,2026-05-03T16:11:00Z,2026-05-03T19:00:00Z,169
1831820,North,KAPURTHALA,CHANNIA UPS,Planned,Closed,2026-05-03T16:10:00Z,2026-05-03T17:20:00Z,70
1831817,South,PATIALA,gobind colony,Unplanned,Closed,2026-05-03T16:08:52Z,2026-05-03T16:45:09Z,36
1831826,South,PATIALA,rajpura,Unplanned,Closed,2026-05-03T16:05:00Z,2026-05-03T17:25:00Z,80
1831815,North,HOSHIARPUR,GHOGRA,Unplanned,Closed,2026-05-03T16:05:00Z,2026-05-03T16:35:00Z,30
1831804,Border,CITY AMRITSAR,11 KV Haripura Feeder,Planned,Closed,2026-05-03T16:05:00Z,2026-05-03T16:25:00Z,20
1831822,South,PATIALA,BSNL,Unplanned,Closed,2026-05-03T16:04:00Z,2026-05-03T16:40:00Z,36
1831818,East,Zirakpur,11 KV Aero Home Feeder,Planned,Closed,2026-05-03T16:02:00Z,2026-05-03T16:24:00Z,22
1831810,North,KAPURTHALA,URBAN Jandiala,Planned,Closed,2026-05-03T16:01:00Z,2026-05-03T17:42:00Z,101
1831805,North,HOSHIARPUR,DALLI shared feeder with s/divn,Unplanned,Closed,2026-05-03T15:56:00Z,2026-05-03T16:55:00Z,59
1831806,South,PATIALA,UPS CHAMARU,Unplanned,Closed,2026-05-03T15:55:49Z,2026-05-03T16:45:27Z,49
1831803,East,ROPAR,SOM  DUTT,Unplanned,Closed,2026-05-03T15:50:00Z,2026-05-03T17:17:00Z,87
1831800,Central,KHANNA,Chander Lok,Unplanned,Closed,2026-05-03T15:45:00Z,2026-05-03T16:40:00Z,55
1831799,North,HOSHIARPUR,INDUSTRIAL,Unplanned,Closed,2026-05-03T15:45:00Z,2026-05-03T17:40:00Z,115
1831793,Central,CITY WEST LUDHIANA,B.V.M.,Unplanned,Closed,2026-05-03T15:42:38Z,2026-05-03T17:35:08Z,112
1831797,North,HOSHIARPUR,FOCAL POINT,Unplanned,Closed,2026-05-03T15:40:00Z,2026-05-03T19:55:00Z,255
1831791,North,NAWANSHAHR,PANYALI,Unplanned,Closed,2026-05-03T15:40:00Z,2026-05-03T18:48:00Z,188
1831784,East,ROPAR,Mianpur,Unplanned,Closed,2026-05-03T15:36:00Z,2026-05-03T16:17:00Z,41
1831786,Central,CITY WEST LUDHIANA,ADARSH,Unplanned,Closed,2026-05-03T15:35:27Z,2026-05-03T16:45:23Z,69
1831794,East,Zirakpur,RANBAXY,Planned,Closed,2026-05-03T15:35:00Z,2026-05-03T15:45:00Z,10
1831790,North,NAWANSHAHR,RATTEWAL,Unplanned,Closed,2026-05-03T15:35:00Z,2026-05-03T16:02:00Z,27
1831783,East,MOHALI,11kv SIAU,Unplanned,Closed,2026-05-03T15:32:35Z,2026-05-03T17:13:56Z,101
1831813,Central,CITY EAST LUDHIANA,Laj Export,Unplanned,Closed,2026-05-03T15:30:27Z,2026-05-03T17:04:00Z,93
1831812,Central,CITY EAST LUDHIANA,MUNISH FORGING,Unplanned,Closed,2026-05-03T15:30:27Z,2026-05-03T17:07:00Z,96
1831811,Central,CITY EAST LUDHIANA,SHARU STEEL,Unplanned,Closed,2026-05-03T15:30:27Z,2026-05-03T17:09:11Z,98
1831809,Central,CITY EAST LUDHIANA,VIKRANT COMPONENT,Unplanned,Closed,2026-05-03T15:30:27Z,2026-05-03T17:10:56Z,100
1831808,Central,CITY EAST LUDHIANA,Amco Gold Star,Unplanned,Closed,2026-05-03T15:30:27Z,2026-05-03T17:05:00Z,94
1831807,Central,CITY EAST LUDHIANA,11KV Ishwar Industries,Unplanned,Closed,2026-05-03T15:30:27Z,2026-05-03T17:05:00Z,94
1831802,Central,CITY EAST LUDHIANA,Alliance Overseas,Unplanned,Closed,2026-05-03T15:30:27Z,2026-05-03T17:05:00Z,94
1831801,Central,CITY EAST LUDHIANA,Ranjan Madaan,Unplanned,Closed,2026-05-03T15:30:27Z,2026-05-03T17:06:00Z,95
1831798,Central,CITY EAST LUDHIANA,NANDISH ALLOYS,Unplanned,Closed,2026-05-03T15:30:27Z,2026-05-03T17:05:00Z,94
1831796,Central,CITY EAST LUDHIANA,R.K CONCAST,Unplanned,Closed,2026-05-03T15:30:27Z,2026-05-03T17:07:00Z,96
1831795,Central,CITY EAST LUDHIANA,CENTEX INTERNATIONAL,Unplanned,Closed,2026-05-03T15:30:27Z,2026-05-03T17:04:00Z,93
1831789,Central,CITY EAST LUDHIANA,MUKESH STEEL,Unplanned,Closed,2026-05-03T15:30:27Z,2026-05-03T17:10:22Z,99
1831788,Central,CITY EAST LUDHIANA,JYOTI,Unplanned,Closed,2026-05-03T15:30:27Z,2026-05-03T17:04:00Z,93
1831785,Central,CITY EAST LUDHIANA,SURINDRA CYCLE,Unplanned,Closed,2026-05-03T15:30:27Z,2026-05-03T17:05:00Z,94
1831782,Central,CITY EAST LUDHIANA,K.K. Rubber,Unplanned,Closed,2026-05-03T15:30:27Z,2026-05-03T17:04:00Z,93
1831792,North,KAPURTHALA,UPS Sheller Wala,Unplanned,Closed,2026-05-03T15:30:00Z,2026-05-03T18:20:00Z,170
1831781,North,NAWANSHAHR,KAMALPUR,Unplanned,Closed,2026-05-03T15:30:00Z,2026-05-03T15:56:00Z,26
1831778,South,SANGRUR,BADRUKHAN,Unplanned,Closed,2026-05-03T15:29:55Z,2026-05-03T17:01:06Z,91
1831779,South,SANGRUR,CHANGAL,Unplanned,Closed,2026-05-03T15:28:20Z,2026-05-03T17:01:26Z,93
1831780,North,NAWANSHAHR,GOLUMAJRA,Unplanned,Closed,2026-05-03T15:25:00Z,2026-05-03T15:57:00Z,32
1831768,North,NAWANSHAHR,SAROYA,Planned,Closed,2026-05-03T15:22:00Z,2026-05-03T15:25:00Z,3
1831773,Central,KHANNA,Labour Colony,Unplanned,Closed,2026-05-03T15:20:00Z,2026-05-03T17:00:00Z,100
1831772,South,PATIALA,Passiana,Unplanned,Closed,2026-05-03T15:20:00Z,2026-05-03T17:00:00Z,100
1831771,Central,CITY WEST LUDHIANA,TAGORE NAGAR,Unplanned,Closed,2026-05-03T15:20:00Z,2026-05-03T16:07:00Z,47
1831769,Border,GURDASPUR,G.T Road,Planned,Closed,2026-05-03T15:20:00Z,2026-05-03T18:35:00Z,195
1831767,South,PATIALA,UPS Gharam,Unplanned,Closed,2026-05-03T15:20:00Z,2026-05-03T16:10:55Z,50
1831770,North,HOSHIARPUR,Bassi Gulam Hussian,Unplanned,Closed,2026-05-03T15:16:00Z,2026-05-03T15:59:00Z,43
1831774,North,NAWANSHAHR,TAKARLA,Unplanned,Closed,2026-05-03T15:15:00Z,2026-05-03T16:15:00Z,60
1831764,North,NAWANSHAHR,CITY GARHSHANKAR,Planned,Closed,2026-05-03T15:15:00Z,2026-05-03T15:35:00Z,20
1831763,Central,CITY WEST LUDHIANA,SATSANG GHAR,Unplanned,Closed,2026-05-03T15:13:55Z,2026-05-03T17:59:07Z,165
1831777,East,Zirakpur,BEGAMPURA,Planned,Closed,2026-05-03T15:13:00Z,2026-05-03T16:39:00Z,86
1831776,East,Zirakpur,11 kv malwa,Planned,Closed,2026-05-03T15:13:00Z,2026-05-03T16:39:00Z,86
1831775,East,Zirakpur,Bhudda Sahib,Planned,Closed,2026-05-03T15:13:00Z,2026-05-03T16:39:00Z,86
1831762,North,HOSHIARPUR,NAWA GHAR,Unplanned,Closed,2026-05-03T15:12:00Z,2026-05-03T17:00:00Z,108
1831766,South,PATIALA,Chandigarh Road,Unplanned,Closed,2026-05-03T15:10:00Z,2026-05-03T15:45:00Z,35
1831754,South,PATIALA,SARHIND ROAD,Unplanned,Closed,2026-05-03T15:06:53Z,2026-05-03T15:48:03Z,41
1831814,North,NAWANSHAHR,Court Complex,Unplanned,Closed,2026-05-03T15:05:00Z,2026-05-03T17:32:00Z,147
1831761,Border,TARN TARAN,MOHAN SINGH TUR,Unplanned,Closed,2026-05-03T15:05:00Z,2026-05-03T17:15:00Z,130
1831759,North,NAWANSHAHR,PAILY,Unplanned,Closed,2026-05-03T15:05:00Z,2026-05-03T15:45:00Z,40
1831758,North,NAWANSHAHR,BALLOWAL,Unplanned,Closed,2026-05-03T15:05:00Z,2026-05-03T15:55:00Z,50
1831755,Central,KHANNA,11 KV MODEL TOWN,Unplanned,Closed,2026-05-03T15:05:00Z,2026-05-03T15:55:00Z,50
1831765,South,PATIALA,kotla,Unplanned,Closed,2026-05-03T15:02:00Z,2026-05-03T16:25:00Z,83
1831752,North,HOSHIARPUR,RAILWAY STATION,Unplanned,Closed,2026-05-03T15:01:00Z,2026-05-03T15:12:00Z,11
1829448,South,PATIALA,11 KV NEXGEN FEEDER,Planned,Closed,2026-05-03T15:00:06Z,2026-05-03T19:55:36Z,295
1829447,South,PATIALA,11 KV BANK FEEDER,Planned,Closed,2026-05-03T15:00:06Z,2026-05-03T19:55:48Z,295
1829446,South,PATIALA,11 KV UPS-2 ?azror Feeder,Planned,Closed,2026-05-03T15:00:06Z,2026-05-03T19:55:06Z,295
1829445,South,PATIALA,11 KV URBAN ESTATE,Planned,Closed,2026-05-03T15:00:06Z,2026-05-03T19:55:06Z,295
1829444,South,PATIALA,11 KV UPS 1,Planned,Closed,2026-05-03T15:00:06Z,2026-05-03T19:55:06Z,295
1829443,South,PATIALA,spade mettalices,Planned,Closed,2026-05-03T15:00:06Z,2026-05-03T19:55:06Z,295
1829442,South,PATIALA,11 kV MDB FEEDER,Planned,Closed,2026-05-03T15:00:06Z,2026-05-03T19:55:06Z,295
1829441,South,PATIALA,PUNJABI UNIVERSITY,Planned,Closed,2026-05-03T15:00:06Z,2026-05-03T19:55:38Z,295
1829440,South,PATIALA,rajpura road,Planned,Closed,2026-05-03T15:00:06Z,2026-05-03T19:55:06Z,295
1829439,South,PATIALA,Substation Bhadurgarh,Planned,Closed,2026-05-03T15:00:06Z,2026-05-03T19:55:06Z,295
1829438,South,PATIALA,11 KV MILKFOOD,Planned,Closed,2026-05-03T15:00:06Z,2026-05-03T19:55:06Z,295
1829437,South,PATIALA,11 KV BAHADURGARH,Planned,Closed,2026-05-03T15:00:06Z,2026-05-03T19:55:06Z,295
1831756,Central,SUB URBAN LUDHIANA,CITY-5 UPS,Unplanned,Closed,2026-05-03T15:00:00Z,2026-05-03T16:30:00Z,90
1831750,North,JALANDHAR,GANDHI NAGAR,Unplanned,Closed,2026-05-03T15:00:00Z,2026-05-03T15:27:00Z,27
1831749,North,JALANDHAR,VAJU VIHAR,Unplanned,Closed,2026-05-03T15:00:00Z,2026-05-03T15:27:00Z,27
1831751,North,HOSHIARPUR,MEGHOWAL,Unplanned,Closed,2026-05-03T14:59:00Z,2026-05-03T15:09:00Z,10
1831757,Border,TARN TARAN,NAUSHEHRA PANNUN URBAN,Unplanned,Closed,2026-05-03T14:50:00Z,2026-05-03T16:05:00Z,75
1831748,South,BARNALA,KUTHALA CAT-1,Unplanned,Closed,2026-05-03T14:50:00Z,2026-05-03T15:15:00Z,25
1831747,North,NAWANSHAHR,MALEWAL,Unplanned,Closed,2026-05-03T14:50:00Z,2026-05-03T15:12:00Z,22
1831787,East,ROPAR,Swaraj,Unplanned,Closed,2026-05-03T14:45:00Z,2026-05-03T16:30:00Z,105
1831746,North,KAPURTHALA,nawajipur,Unplanned,Closed,2026-05-03T14:45:00Z,2026-05-03T16:10:00Z,85
1831745,North,KAPURTHALA,Saidpur,Unplanned,Closed,2026-05-03T14:45:00Z,2026-05-03T16:10:00Z,85
1831744,North,HOSHIARPUR,CHAK KHELA,Unplanned,Closed,2026-05-03T14:45:00Z,2026-05-03T15:05:00Z,20
1831743,North,KAPURTHALA,Kotli Gajran,Unplanned,Closed,2026-05-03T14:45:00Z,2026-05-03T16:10:00Z,85
1831741,North,HOSHIARPUR,FOCAL POINT,Unplanned,Closed,2026-05-03T14:45:00Z,2026-05-03T15:30:00Z,45
1831739,Central,KHANNA,NABIPUR,Unplanned,Closed,2026-05-03T14:45:00Z,2026-05-03T19:24:00Z,279
1831740,Central,KHANNA,PAGRO,Unplanned,Closed,2026-05-03T14:44:00Z,2026-05-03T15:21:12Z,37
1831738,North,NAWANSHAHR,Achan Chak,Unplanned,Closed,2026-05-03T14:39:00Z,2026-05-03T15:30:00Z,51
1831720,East,MOHALI,64-C,Unplanned,Closed,2026-05-03T14:35:50Z,2026-05-03T16:16:53Z,101
1831721,North,HOSHIARPUR,11KV MILK PLANT,Unplanned,Closed,2026-05-03T14:35:00Z,2026-05-03T15:00:00Z,25
1831716,South,SANGRUR,24 HRS. HAMIRGARH,Unplanned,Closed,2026-05-03T14:33:20Z,2026-05-03T15:10:53Z,37
1831719,West,MUKATSAR,11 KV Punjava Model,Unplanned,Closed,2026-05-03T14:30:45Z,2026-05-03T15:10:59Z,40
1831717,West,MUKATSAR,JANDWALA HANUWANTA,Unplanned,Closed,2026-05-03T14:30:38Z,2026-05-03T15:10:52Z,40
1831718,West,MUKATSAR,BHANGER KHERA,Unplanned,Closed,2026-05-03T14:30:22Z,2026-05-03T15:10:30Z,40
1831753,East,MOHALI,11 KV RAIPUR KALAN UPS,Unplanned,Closed,2026-05-03T14:30:12Z,2026-05-03T15:05:34Z,35
1831760,Border,GURDASPUR,Jafferwal,Unplanned,Closed,2026-05-03T14:30:00Z,2026-05-03T15:40:00Z,70
1831732,Border,GURDASPUR,Focal Point,Unplanned,Closed,2026-05-03T14:30:00Z,2026-05-03T15:40:00Z,70
1831715,Central,CITY EAST LUDHIANA,BY PASS,Unplanned,Closed,2026-05-03T14:30:00Z,2026-05-03T15:50:00Z,80
1831712,North,JALANDHAR,SATYAM,Unplanned,Closed,2026-05-03T14:30:00Z,2026-05-03T14:41:00Z,11
1831714,North,JALANDHAR,11KV Mithapur Feeder,Unplanned,Closed,2026-05-03T14:28:00Z,2026-05-03T15:04:00Z,36
1831742,West,MUKATSAR,TOWN,Unplanned,Closed,2026-05-03T14:25:00Z,2026-05-03T17:10:00Z,165
1831711,North,HOSHIARPUR,PANWAN,Unplanned,Closed,2026-05-03T14:25:00Z,2026-05-03T14:50:00Z,25
1831707,North,JALANDHAR,11KV GTB NAGAR,Unplanned,Closed,2026-05-03T14:25:00Z,2026-05-03T14:52:00Z,27
1831704,Central,CITY WEST LUDHIANA,ATAM NAGAR,Unplanned,Closed,2026-05-03T14:20:06Z,2026-05-03T15:27:47Z,67
1831699,Central,CITY WEST LUDHIANA,AZAD NAGAR FEEDER,Unplanned,Closed,2026-05-03T14:20:04Z,2026-05-03T15:34:52Z,74
1831710,South,PATIALA,GAJEWAS,Unplanned,Closed,2026-05-03T14:20:00Z,2026-05-03T15:50:32Z,90
1831708,North,HOSHIARPUR,LAMBRA,Unplanned,Closed,2026-05-03T14:18:00Z,2026-05-03T15:00:00Z,42
1831709,South,PATIALA,JALALKHERA CAT-1,Unplanned,Closed,2026-05-03T14:16:00Z,2026-05-03T16:10:47Z,114
1831695,North,JALANDHAR,TV TOWER,Unplanned,Closed,2026-05-03T14:16:00Z,2026-05-03T14:55:00Z,39
1831700,East,MOHALI,11KV E&G Block,Unplanned,Closed,2026-05-03T14:12:00Z,2026-05-03T14:12:45Z,0
1831706,Border,TARN TARAN,BANIA URBAN,Unplanned,Closed,2026-05-03T14:10:00Z,2026-05-03T15:56:00Z,106
1831697,East,ROPAR,Sialba,Unplanned,Closed,2026-05-03T14:08:00Z,2026-05-03T14:55:00Z,47
1831688,East,ROPAR,Khijrabad Kandi,Unplanned,Closed,2026-05-03T14:08:00Z,2026-05-03T15:33:00Z,85
1831681,Central,CITY WEST LUDHIANA,E Block,Planned,Closed,2026-05-03T14:07:14Z,2026-05-03T15:31:12Z,83
1831705,East,MOHALI,Bariali,Unplanned,Closed,2026-05-03T14:07:00Z,2026-05-03T22:40:37Z,513
1831703,East,MOHALI,Ramdeep,Unplanned,Closed,2026-05-03T14:07:00Z,2026-05-03T18:55:33Z,288
1831702,East,MOHALI,Urban,Unplanned,Closed,2026-05-03T14:07:00Z,2026-05-03T17:59:39Z,232
1831698,East,MOHALI,Mullanpur,Unplanned,Closed,2026-05-03T14:07:00Z,2026-05-03T16:07:52Z,120
1831694,East,ROPAR,Barsalpur,Unplanned,Closed,2026-05-03T14:07:00Z,2026-05-03T14:51:00Z,44
1831690,East,ROPAR,Mirzapur,Unplanned,Closed,2026-05-03T14:07:00Z,2026-05-03T14:33:00Z,26
1831680,Central,CITY EAST LUDHIANA,FATEH GANJ,Unplanned,Closed,2026-05-03T14:06:44Z,2026-05-03T14:15:55Z,9
1831701,North,JALANDHAR,MARKFED,Unplanned,Closed,2026-05-03T14:06:00Z,2026-05-03T14:22:00Z,16
1831696,East,ROPAR,Kubaheri,Unplanned,Closed,2026-05-03T14:06:00Z,2026-05-03T15:40:00Z,94
1831692,Border,GURDASPUR,24HRS U.P.S. MULLIANWAL,Unplanned,Closed,2026-05-03T14:02:00Z,2026-05-03T14:20:00Z,18
1831691,South,PATIALA,11 KV UPS Assmanpur,Unplanned,Closed,2026-05-03T14:01:00Z,2026-05-03T16:30:53Z,149
1831737,Central,CITY WEST LUDHIANA,DEMARTE,Planned,Closed,2026-05-03T14:00:00Z,2026-05-03T17:00:00Z,180
1831736,Central,CITY WEST LUDHIANA,MJ Rubber,Planned,Closed,2026-05-03T14:00:00Z,2026-05-03T17:00:00Z,180
1831735,Central,CITY WEST LUDHIANA,KANGANWAL,Planned,Closed,2026-05-03T14:00:00Z,2026-05-03T17:00:00Z,180
1831734,Central,CITY WEST LUDHIANA,VISHKARMA,Planned,Closed,2026-05-03T14:00:00Z,2026-05-03T17:00:00Z,180
1831733,Central,CITY WEST LUDHIANA,VAIDYA ALLOY,Planned,Closed,2026-05-03T14:00:00Z,2026-05-03T17:00:00Z,180
1831731,Central,CITY WEST LUDHIANA,KL Ispat,Planned,Closed,2026-05-03T14:00:00Z,2026-05-03T17:00:00Z,180
1831730,Central,CITY WEST LUDHIANA,D.M.K,Planned,Closed,2026-05-03T14:00:00Z,2026-05-03T17:00:00Z,180
1831729,Central,CITY WEST LUDHIANA,DURGA CONCAST,Planned,Closed,2026-05-03T14:00:00Z,2026-05-03T17:00:00Z,180
1831728,Central,CITY WEST LUDHIANA,Pawa Road,Planned,Closed,2026-05-03T14:00:00Z,2026-05-03T17:00:00Z,180
1831727,Central,CITY WEST LUDHIANA,PROMINENT,Planned,Closed,2026-05-03T14:00:00Z,2026-05-03T17:00:00Z,180
1831726,Central,CITY WEST LUDHIANA,NORTH STAR,Planned,Closed,2026-05-03T14:00:00Z,2026-05-03T17:00:00Z,180
1831725,Central,CITY WEST LUDHIANA,RAJ CASTING,Planned,Closed,2026-05-03T14:00:00Z,2026-05-03T17:00:00Z,180
1831724,Central,CITY WEST LUDHIANA,Batta,Planned,Closed,2026-05-03T14:00:00Z,2026-05-03T17:00:00Z,180
1831723,Central,CITY WEST LUDHIANA,KABIR EMPAX,Planned,Closed,2026-05-03T14:00:00Z,2026-05-03T17:00:00Z,180
1831722,Central,CITY WEST LUDHIANA,ANAND MANGAL,Planned,Closed,2026-05-03T14:00:00Z,2026-05-03T17:00:00Z,180
1831689,North,KAPURTHALA,URBAN Dana mandi,Unplanned,Closed,2026-05-03T14:00:00Z,2026-05-03T15:37:00Z,97
1831682,Central,CITY EAST LUDHIANA,RAM NAGAR Feeder,Unplanned,Closed,2026-05-03T14:00:00Z,2026-05-03T16:44:01Z,164
1831687,North,HOSHIARPUR,BULLOWAL   NO    2,Unplanned,Closed,2026-05-03T13:59:00Z,2026-05-03T14:55:00Z,56
1831669,North,JALANDHAR,11KV SALEMPUR,Unplanned,Closed,2026-05-03T13:55:37Z,2026-05-03T14:25:00Z,29
1831679,South,SANGRUR,11 KV UPS PHULAD,Unplanned,Closed,2026-05-03T13:55:22Z,2026-05-03T14:40:29Z,45
1831677,South,SANGRUR,PULAD NEW,Unplanned,Closed,2026-05-03T13:55:12Z,2026-05-03T14:35:38Z,40
1831693,South,PATIALA,ups Ambala Road,Unplanned,Closed,2026-05-03T13:55:00Z,2026-05-03T15:45:00Z,110
1831678,South,SANGRUR,Dhhaake wala peer,Unplanned,Closed,2026-05-03T13:55:00Z,2026-05-03T14:44:08Z,49
1831676,North,HOSHIARPUR,MANJPUR,Unplanned,Closed,2026-05-03T13:52:00Z,2026-05-03T14:32:00Z,40
1831668,Border,GURDASPUR,Manj,Unplanned,Closed,2026-05-03T13:50:00Z,2026-05-03T14:27:00Z,37
1831662,Central,CITY WEST LUDHIANA,MERADO FEEDER,Unplanned,Closed,2026-05-03T13:45:40Z,2026-05-03T15:14:31Z,88
1831713,North,JALANDHAR,CHUHARWALI,Unplanned,Closed,2026-05-03T13:45:00Z,2026-05-03T14:55:00Z,70
1831686,Border,TARN TARAN,Baba Khekhi sah,Unplanned,Closed,2026-05-03T13:45:00Z,2026-05-03T14:25:00Z,40
1831685,Border,TARN TARAN,GAGOBUA URBAN,Unplanned,Closed,2026-05-03T13:45:00Z,2026-05-03T14:25:00Z,40
1831667,South,PATIALA,TEHSIL ROAD,Unplanned,Closed,2026-05-03T13:45:00Z,2026-05-03T14:03:00Z,18
1831663,North,KAPURTHALA,UPS Kotli,Unplanned,Closed,2026-05-03T13:45:00Z,2026-05-03T16:10:00Z,145
1831655,East,Zirakpur,DEHAR UPS,Planned,Closed,2026-05-03T13:42:00Z,2026-05-03T14:41:00Z,59
1831666,Central,KHANNA,Labour Colony,Unplanned,Closed,2026-05-03T13:40:00Z,2026-05-03T15:00:00Z,80
1831665,Central,KHANNA,Chander Lok,Unplanned,Closed,2026-05-03T13:40:00Z,2026-05-03T15:20:00Z,100
1831660,East,MOHALI,11kv Saidpura,Unplanned,Closed,2026-05-03T13:35:09Z,2026-05-03T13:52:14Z,17
1831661,East,MOHALI,11 KV GIDDARPUR AP,Unplanned,Closed,2026-05-03T13:35:00Z,2026-05-03T13:52:45Z,17
1831646,East,MOHALI,Sector-77B,Unplanned,Closed,2026-05-03T13:30:39Z,2026-05-03T15:18:45Z,108
1831675,East,ROPAR,11 KV Chajjumajra,Unplanned,Closed,2026-05-03T13:30:00Z,2026-05-03T14:50:00Z,80
1831674,East,ROPAR,11 KV Plazzo ELite,Unplanned,Closed,2026-05-03T13:30:00Z,2026-05-03T14:38:00Z,68
1831673,East,ROPAR,Nijjer Road,Unplanned,Closed,2026-05-03T13:30:00Z,2026-05-03T14:38:00Z,68
1831672,East,ROPAR,11 KV Sunny Mandir,Unplanned,Closed,2026-05-03T13:30:00Z,2026-05-03T14:44:00Z,74
1831671,East,ROPAR,PARADISE,Unplanned,Closed,2026-05-03T13:30:00Z,2026-05-03T14:39:00Z,69
1831670,East,ROPAR,11 KV Old Sunny,Unplanned,Closed,2026-05-03T13:30:00Z,2026-05-03T14:40:00Z,70
1831659,Central,KHANNA,Motia Khan,Unplanned,Closed,2026-05-03T13:25:00Z,2026-05-03T14:05:00Z,40
1831639,East,Zirakpur,LALRU RURAL  Kandi Pure AP,Planned,Closed,2026-05-03T13:24:00Z,2026-05-03T13:41:00Z,17
1831641,West,FARIDKOT,11 KV BABA GURDITTA,Unplanned,Closed,2026-05-03T13:23:05Z,2026-05-03T14:55:11Z,92
1831635,East,Zirakpur,Industry Sitarpur,Planned,Closed,2026-05-03T13:23:00Z,2026-05-03T14:00:00Z,37
1831644,Central,CITY EAST LUDHIANA,JAIL ROAD,Unplanned,Closed,2026-05-03T13:21:00Z,2026-05-03T14:48:00Z,87
1831647,East,ROPAR,11 KV Shatabgarh,Unplanned,Closed,2026-05-03T13:20:00Z,2026-05-03T14:00:00Z,40
1831642,North,HOSHIARPUR,BUDHABAR,Unplanned,Closed,2026-05-03T13:20:00Z,2026-05-03T13:35:00Z,15
1831638,North,HOSHIARPUR,KHARKAN,Unplanned,Closed,2026-05-03T13:18:00Z,2026-05-03T14:15:00Z,57
1831664,Border,GURDASPUR,SEKHWAN,Unplanned,Closed,2026-05-03T13:17:00Z,2026-05-03T13:45:00Z,28
1831636,West,FARIDKOT,LandeKe URBAN,Unplanned,Closed,2026-05-03T13:15:33Z,2026-05-03T14:48:58Z,93
1831629,Central,CITY WEST LUDHIANA,MINT GUMRI,Unplanned,Closed,2026-05-03T13:12:30Z,2026-05-03T16:17:11Z,184
1831632,East,ROPAR,11 KV Landran Road,Unplanned,Closed,2026-05-03T13:12:00Z,2026-05-03T13:28:00Z,16
1831625,Central,CITY WEST LUDHIANA,Maya Soap Street,Unplanned,Closed,2026-05-03T13:09:29Z,2026-05-03T13:39:30Z,30
1831624,East,Zirakpur,DAPPAR,Unplanned,Closed,2026-05-03T13:08:00Z,2026-05-03T15:01:00Z,113
1831628,North,HOSHIARPUR,DALLI shared feeder with s/divn,Unplanned,Closed,2026-05-03T13:07:00Z,2026-05-03T14:25:00Z,78
1831623,North,NAWANSHAHR,SUDHA MAJRA,Unplanned,Closed,2026-05-03T13:02:00Z,2026-05-03T13:17:00Z,15
1831617,Border,GURDASPUR,Rampur Talwara,Unplanned,Closed,2026-05-03T13:01:00Z,2026-05-03T14:47:00Z,106
1829030,Central,CITY EAST LUDHIANA,DEMARTE,Planned,Closed,2026-05-03T13:00:21Z,2026-05-03T15:08:44Z,128
1829031,Central,CITY EAST LUDHIANA,METRO AZAD,Planned,Closed,2026-05-03T13:00:18Z,2026-05-03T15:30:35Z,150
1829032,Central,CITY EAST LUDHIANA,METRO TYRE,Planned,Closed,2026-05-03T13:00:09Z,2026-05-03T15:31:04Z,150
1831619,East,MOHALI,11 KV Bansepur,Unplanned,Closed,2026-05-03T13:00:00Z,2026-05-03T17:37:48Z,277
1831627,North,JALANDHAR,DEFENCE COLONY NO.2,Unplanned,Closed,2026-05-03T12:55:00Z,2026-05-03T13:40:00Z,45
1831626,East,ROPAR,11 KV Badala Road,Unplanned,Closed,2026-05-03T12:55:00Z,2026-05-03T14:23:00Z,88
1831621,East,ROPAR,Nurpur Bedi,Unplanned,Closed,2026-05-03T12:55:00Z,2026-05-03T14:20:00Z,85
1831614,Border,GURDASPUR,IGC,Unplanned,Closed,2026-05-03T12:55:00Z,2026-05-03T15:24:00Z,149
1831613,South,PATIALA,MANDI ROAD,Unplanned,Closed,2026-05-03T12:55:00Z,2026-05-03T13:58:00Z,63
1831654,North,JALANDHAR,BHAKHRIANA,Unplanned,Closed,2026-05-03T12:50:00Z,2026-05-03T14:30:00Z,100
1831652,North,JALANDHAR,Talhan,Unplanned,Closed,2026-05-03T12:50:00Z,2026-05-03T14:30:00Z,100
1831622,East,ROPAR,Bassi,Unplanned,Closed,2026-05-03T12:50:00Z,2026-05-03T14:40:00Z,110
1831616,North,JALANDHAR,RAJOWAL,Unplanned,Closed,2026-05-03T12:50:00Z,2026-05-03T13:25:00Z,35
1831615,Central,CITY EAST LUDHIANA,GURMAMDI,Unplanned,Closed,2026-05-03T12:50:00Z,2026-05-03T13:21:00Z,31
1831620,South,PATIALA,ABIS,Unplanned,Closed,2026-05-03T12:49:00Z,2026-05-03T15:40:00Z,171
1831604,South,PATIALA,SURAJPUR CAT. 1,Unplanned,Closed,2026-05-03T12:46:00Z,2026-05-03T13:51:00Z,65
1831608,North,KAPURTHALA,URBAN Shankar,Unplanned,Closed,2026-05-03T12:45:00Z,2026-05-03T15:05:00Z,140
1831599,South,PATIALA,FAGGANMAJRA UPS,Unplanned,Closed,2026-05-03T12:40:15Z,2026-05-03T13:30:32Z,50
1831580,Border,GURDASPUR,11 K.V UPS Balwanda,Unplanned,Closed,2026-05-03T12:40:00Z,2026-05-03T13:38:00Z,58
1831572,South,PATIALA,11KV SAMASHPUR UPS,Unplanned,Closed,2026-05-03T12:35:51Z,2026-05-03T13:05:19Z,29
1831591,Border,GURDASPUR,Jafferwal,Unplanned,Closed,2026-05-03T12:35:00Z,2026-05-03T15:40:00Z,185
1831586,South,PATIALA,GAJJU KHERA URBAN,Unplanned,Closed,2026-05-03T12:35:00Z,2026-05-03T13:15:00Z,40
1831577,North,HOSHIARPUR,Kalewal,Unplanned,Closed,2026-05-03T12:35:00Z,2026-05-03T14:00:00Z,85
1831574,North,HOSHIARPUR,Langeri,Unplanned,Closed,2026-05-03T12:34:00Z,2026-05-03T14:55:00Z,141
1831568,Central,KHANNA,Bhattian,Unplanned,Closed,2026-05-03T12:31:00Z,2026-05-03T13:20:00Z,49
1831578,East,ROPAR,Rasulpur,Unplanned,Closed,2026-05-03T12:30:00Z,2026-05-03T13:13:00Z,43
1831576,North,HOSHIARPUR,Maili,Unplanned,Closed,2026-05-03T12:30:00Z,2026-05-03T13:10:00Z,40
1831575,East,ROPAR,Sainimajra,Unplanned,Closed,2026-05-03T12:30:00Z,2026-05-03T13:16:00Z,46
1831570,North,HOSHIARPUR,PATTI NO-2,Unplanned,Closed,2026-05-03T12:30:00Z,2026-05-03T14:00:00Z,90
1831569,East,ROPAR,11 KV Sector 115,Unplanned,Closed,2026-05-03T12:30:00Z,2026-05-03T14:46:00Z,136
1831571,North,HOSHIARPUR,Jallowal,Unplanned,Closed,2026-05-03T12:26:00Z,2026-05-03T13:40:00Z,74
1831554,North,KAPURTHALA,UPS LODHIWAL,Unplanned,Closed,2026-05-03T12:25:00Z,2026-05-03T14:10:00Z,105
1831556,East,ROPAR,11 KV SIDHUPUR,Unplanned,Closed,2026-05-03T12:24:00Z,2026-05-03T13:16:00Z,52
1831634,East,MOHALI,11KV BLOCK-C,Unplanned,Closed,2026-05-03T12:22:00Z,2026-05-03T13:08:46Z,46
1831555,North,HOSHIARPUR,Ahiapur,Unplanned,Closed,2026-05-03T12:22:00Z,2026-05-03T13:50:00Z,88
1831553,Central,CITY WEST LUDHIANA,PHULLANWAL,Unplanned,Closed,2026-05-03T12:21:24Z,2026-05-03T14:52:25Z,151
1831552,Central,CITY WEST LUDHIANA,B.V.M.,Unplanned,Closed,2026-05-03T12:21:24Z,2026-05-03T15:27:29Z,186
1831549,Central,CITY WEST LUDHIANA,A W H O,Unplanned,Closed,2026-05-03T12:21:24Z,2026-05-03T14:51:01Z,149
1831547,Central,CITY WEST LUDHIANA,MANAKWAL,Unplanned,Closed,2026-05-03T12:21:24Z,2026-05-03T14:50:15Z,148
1831546,Central,CITY WEST LUDHIANA,URBAN ESTATE PH-1,Unplanned,Closed,2026-05-03T12:21:24Z,2026-05-03T14:30:26Z,129
1831545,Central,CITY WEST LUDHIANA,DUGRI,Unplanned,Closed,2026-05-03T12:21:24Z,2026-05-03T15:30:31Z,189
1831544,Central,CITY WEST LUDHIANA,RENTAL COLONY,Unplanned,Closed,2026-05-03T12:21:24Z,2026-05-03T14:11:07Z,109
1831543,Central,CITY WEST LUDHIANA,A block,Unplanned,Closed,2026-05-03T12:21:24Z,2026-05-03T14:10:52Z,109
1831542,Central,CITY WEST LUDHIANA,URBAN VIHAR,Unplanned,Closed,2026-05-03T12:21:24Z,2026-05-03T14:10:40Z,109
1831541,Central,CITY WEST LUDHIANA,MOTI  BAGG,Unplanned,Closed,2026-05-03T12:21:24Z,2026-05-03T14:30:31Z,129
1831540,Central,CITY WEST LUDHIANA,ADARSH,Unplanned,Closed,2026-05-03T12:21:24Z,2026-05-03T15:25:58Z,184
1831539,Central,CITY WEST LUDHIANA,11 KV Vikram Dutt,Unplanned,Closed,2026-05-03T12:21:24Z,2026-05-03T14:30:53Z,129
1831538,Central,CITY WEST LUDHIANA,SATSANG GHAR,Unplanned,Closed,2026-05-03T12:21:04Z,2026-05-03T14:48:59Z,147
1831566,East,ROPAR,11 KV Mansoorpur,Unplanned,Closed,2026-05-03T12:20:00Z,2026-05-03T13:00:00Z,40
1831564,East,ROPAR,11 KV Methewal,Unplanned,Closed,2026-05-03T12:20:00Z,2026-05-03T13:00:00Z,40
1831561,East,ROPAR,CITY,Unplanned,Closed,2026-05-03T12:20:00Z,2026-05-03T13:19:00Z,59
1831559,East,ROPAR,11 KV Punnian,Unplanned,Closed,2026-05-03T12:20:00Z,2026-05-03T13:00:00Z,40
1831557,East,ROPAR,11 KV Ghulal,Unplanned,Closed,2026-05-03T12:20:00Z,2026-05-03T13:00:00Z,40
1831551,East,ROPAR,BOOTHGARH,Unplanned,Closed,2026-05-03T12:20:00Z,2026-05-03T13:19:00Z,59
1831531,East,ROPAR,Mirzapur,Unplanned,Closed,2026-05-03T12:15:32Z,2026-05-03T13:26:32Z,71
1831530,East,ROPAR,Mundho,Unplanned,Closed,2026-05-03T12:15:32Z,2026-05-03T13:20:32Z,65
1831529,East,ROPAR,Khera,Unplanned,Closed,2026-05-03T12:15:32Z,2026-05-03T13:18:32Z,63
1831528,East,ROPAR,Mianpur,Unplanned,Closed,2026-05-03T12:15:32Z,2026-05-03T13:19:32Z,64
1831527,East,ROPAR,Barsalpur,Unplanned,Closed,2026-05-03T12:15:32Z,2026-05-03T13:18:32Z,63
1831526,East,ROPAR,Kubaheri,Unplanned,Closed,2026-05-03T12:15:32Z,2026-05-03T13:19:32Z,64
1831550,North,JALANDHAR,11 KV Lal Kurti Feeder,Unplanned,Closed,2026-05-03T12:15:00Z,2026-05-03T12:25:00Z,10
1831534,Border,GURDASPUR,Dhira,Unplanned,Closed,2026-05-03T12:15:00Z,2026-05-03T12:36:00Z,21
1831684,East,MOHALI,PAROL,Unplanned,Closed,2026-05-03T12:13:00Z,2026-05-03T15:30:00Z,197
1831535,Central,KHANNA,Neelkanth,Unplanned,Closed,2026-05-03T12:13:00Z,2026-05-03T13:15:00Z,62
1831523,North,JALANDHAR,ADAMPUR,Unplanned,Closed,2026-05-03T12:13:00Z,2026-05-03T12:33:00Z,20
1831520,East,ROPAR,Sialba,Unplanned,Closed,2026-05-03T12:12:16Z,2026-05-03T13:45:16Z,93
1831519,East,ROPAR,Harjas,Unplanned,Closed,2026-05-03T12:12:16Z,2026-05-03T13:07:16Z,55
1831518,East,ROPAR,Chandpur,Unplanned,Closed,2026-05-03T12:12:16Z,2026-05-03T13:48:16Z,96
1831517,East,ROPAR,Metro Eco,Unplanned,Closed,2026-05-03T12:12:16Z,2026-05-03T13:38:16Z,86
1831516,East,ROPAR,Barodi,Unplanned,Closed,2026-05-03T12:12:16Z,2026-05-03T13:43:16Z,91
1831515,East,ROPAR,Khijrabad Kandi,Unplanned,Closed,2026-05-03T12:12:16Z,2026-05-03T13:38:16Z,86
1831514,East,ROPAR,Kansala,Unplanned,Closed,2026-05-03T12:12:16Z,2026-05-03T13:07:16Z,55
1831513,East,ROPAR,Station transformer,Unplanned,Closed,2026-05-03T12:12:16Z,2026-05-03T13:41:16Z,89
1831512,East,ROPAR,220kv Majra grid,Unplanned,Closed,2026-05-03T12:12:16Z,2026-05-03T13:18:16Z,66
1831511,East,ROPAR,Siswan,Unplanned,Closed,2026-05-03T12:12:16Z,2026-05-03T13:35:16Z,83
1831510,East,ROPAR,Dhakoran,Unplanned,Closed,2026-05-03T12:12:16Z,2026-05-03T13:08:16Z,56
1831509,East,ROPAR,Ranguana,Unplanned,Closed,2026-05-03T12:12:16Z,2026-05-03T13:42:16Z,90
1831508,East,ROPAR,MLA flats,Unplanned,Closed,2026-05-03T12:12:16Z,2026-05-03T13:35:16Z,83
1831507,East,ROPAR,Rana Mahindra Paper mill,Unplanned,Closed,2026-05-03T12:12:16Z,2026-05-03T13:37:16Z,85
1831506,East,ROPAR,PTL,Unplanned,Closed,2026-05-03T12:12:16Z,2026-05-03T13:22:16Z,70
1831633,East,MOHALI,SIGMA,Unplanned,Closed,2026-05-03T12:10:00Z,2026-05-03T13:30:46Z,80
1831631,East,MOHALI,LOGISTIC,Unplanned,Closed,2026-05-03T12:10:00Z,2026-05-03T13:30:46Z,80
1831630,East,MOHALI,MOHIKALAN UPS,Unplanned,Closed,2026-05-03T12:10:00Z,2026-05-03T13:30:46Z,80
1831533,South,PATIALA,UPS RAJPURA,Unplanned,Closed,2026-05-03T12:10:00Z,2026-05-03T12:40:00Z,30
1831525,Central,SUB URBAN LUDHIANA,Urban Victoria Collage,Unplanned,Closed,2026-05-03T12:10:00Z,2026-05-03T14:30:00Z,140
1831504,Border,SUB URBAN AMRITSAR,MAJITHA,Unplanned,Closed,2026-05-03T12:10:00Z,2026-05-03T13:49:00Z,99
1831501,East,ROPAR,11 KV GLOBAL,Unplanned,Closed,2026-05-03T12:05:14Z,2026-05-03T13:37:14Z,92
1831500,East,ROPAR,RANGIAN,Unplanned,Closed,2026-05-03T12:05:14Z,2026-05-03T12:52:14Z,47
1831499,East,ROPAR,DARPAN,Unplanned,Closed,2026-05-03T12:05:14Z,2026-05-03T13:01:14Z,56
1831498,East,ROPAR,DATARPUR,Unplanned,Closed,2026-05-03T12:05:14Z,2026-05-03T13:03:14Z,58
1831497,East,ROPAR,MUNDIAN,Unplanned,Closed,2026-05-03T12:05:14Z,2026-05-03T12:54:14Z,49
1831496,East,ROPAR,SUGARMILL,Unplanned,Closed,2026-05-03T12:05:14Z,2026-05-03T13:03:14Z,58
1831637,East,MOHALI,11KV GMI,Unplanned,Closed,2026-05-03T12:05:00Z,2026-05-03T13:06:46Z,61
1831548,North,NAWANSHAHR,KAULGARH,Unplanned,Closed,2026-05-03T12:05:00Z,2026-05-03T12:40:00Z,35
1831521,Border,TARN TARAN,BHAROWAL URBAN,Unplanned,Closed,2026-05-03T12:05:00Z,2026-05-03T13:45:00Z,100
1831495,Border,GURDASPUR,G.T Road,Unplanned,Closed,2026-05-03T12:05:00Z,2026-05-03T13:06:00Z,61
1831490,Central,KHANNA,Kamma,Unplanned,Closed,2026-05-03T12:02:00Z,2026-05-03T17:27:00Z,325
1831492,South,PATIALA,UPS RAIPUR,Unplanned,Closed,2026-05-03T12:01:00Z,2026-05-03T14:01:00Z,120
1831683,East,MOHALI,11KV AMBIKA,Unplanned,Closed,2026-05-03T12:00:00Z,2026-05-03T15:31:00Z,211
1831573,West,FEROZPUR,11 KV Railway Basti,Unplanned,Closed,2026-05-03T12:00:00Z,2026-05-03T13:00:00Z,60
1831567,West,FEROZPUR,Town-4,Unplanned,Closed,2026-05-03T12:00:00Z,2026-05-03T13:00:00Z,60
1831565,North,KAPURTHALA,Bijli Nangal,Unplanned,Closed,2026-05-03T12:00:00Z,2026-05-03T12:30:00Z,30
1829580,Central,CITY WEST LUDHIANA,Link Well,Planned,Closed,2026-05-03T12:00:00Z,2026-05-03T15:30:00Z,210
1831645,East,MOHALI,11KV DHARAMGARH UPS,Unplanned,Closed,2026-05-03T11:55:00Z,2026-05-03T12:27:30Z,32
1831502,Border,GURDASPUR,11 K.V. BOPARAI (UPS),Unplanned,Closed,2026-05-03T11:55:00Z,2026-05-03T12:45:00Z,50
1831489,East,ROPAR,Jain feeder,Unplanned,Closed,2026-05-03T11:55:00Z,2026-05-03T12:21:00Z,26
1831488,East,ROPAR,Golhani,Unplanned,Closed,2026-05-03T11:55:00Z,2026-05-03T12:20:00Z,25
1831487,North,HOSHIARPUR,FOCAL POINT,Unplanned,Closed,2026-05-03T11:53:00Z,2026-05-03T17:35:00Z,342
1831485,North,HOSHIARPUR,Bihala,Unplanned,Closed,2026-05-03T11:50:00Z,2026-05-03T12:15:00Z,25
1831480,Central,KHANNA,Amloh Road,Unplanned,Closed,2026-05-03T11:49:00Z,2026-05-03T11:59:00Z,10
1831472,East,MOHALI,11 KV Sec-60 C,Unplanned,Closed,2026-05-03T11:48:00Z,2026-05-03T18:50:58Z,422
1831471,East,MOHALI,Sec-53A,Unplanned,Closed,2026-05-03T11:48:00Z,2026-05-03T16:12:24Z,264
1831470,East,MOHALI,60-A,Unplanned,Closed,2026-05-03T11:48:00Z,2026-05-03T15:52:58Z,244
1831640,East,MOHALI,11 KV BATHLANA UPS,Unplanned,Closed,2026-05-03T11:45:00Z,2026-05-03T12:35:11Z,50
1831491,North,HOSHIARPUR,PANKHUH,Unplanned,Closed,2026-05-03T11:45:00Z,2026-05-03T13:35:00Z,110
1831474,North,HOSHIARPUR,11KV MILK PLANT,Unplanned,Closed,2026-05-03T11:45:00Z,2026-05-03T12:30:00Z,45
1831465,West,MUKATSAR,11 KV Punjava Model,Unplanned,Closed,2026-05-03T11:40:56Z,2026-05-03T13:05:11Z,84
1831483,South,PATIALA,HARIGARH,Unplanned,Closed,2026-05-03T11:40:45Z,2026-05-03T12:30:00Z,49
1831618,Border,GURDASPUR,TALWANDI,Unplanned,Closed,2026-05-03T11:40:00Z,2026-05-03T15:35:00Z,235
1831468,North,NAWANSHAHR,11 KV UPS BHOURA,Unplanned,Closed,2026-05-03T11:40:00Z,2026-05-03T12:25:00Z,45
1831462,Central,CITY WEST LUDHIANA,CENTRA GREENS,Unplanned,Closed,2026-05-03T11:36:39Z,2026-05-03T14:11:37Z,154
1831460,North,HOSHIARPUR,JANOURI,Unplanned,Closed,2026-05-03T11:35:00Z,2026-05-03T12:50:00Z,75
1831459,South,SANGRUR,Rasaldar chhana,Unplanned,Closed,2026-05-03T11:33:45Z,2026-05-03T12:03:57Z,30
1831455,Central,KHANNA,Main Bazar,Unplanned,Closed,2026-05-03T11:30:00Z,2026-05-03T12:50:00Z,80
1831482,South,PATIALA,KAPOORI FEEDER,Unplanned,Closed,2026-05-03T11:25:45Z,2026-05-03T13:00:55Z,95
1831481,South,PATIALA,KABULPUR (GHANOUR),Unplanned,Closed,2026-05-03T11:25:45Z,2026-05-03T13:20:16Z,114
1831479,South,PATIALA,KAMI KALAN,Unplanned,Closed,2026-05-03T11:25:45Z,2026-05-03T12:40:27Z,74
1831478,South,PATIALA,SALEMPUR,Unplanned,Closed,2026-05-03T11:25:45Z,2026-05-03T12:10:22Z,44
1831477,South,PATIALA,SARALA,Unplanned,Closed,2026-05-03T11:25:45Z,2026-05-03T17:05:19Z,339
1831476,South,PATIALA,MANJOLI,Unplanned,Closed,2026-05-03T11:25:45Z,2026-05-03T13:20:01Z,114
1831475,South,PATIALA,LOHSIMBLI (GHANOUR),Unplanned,Closed,2026-05-03T11:25:45Z,2026-05-03T15:10:05Z,224
1831484,South,PATIALA,UPS MARU,Unplanned,Closed,2026-05-03T11:25:06Z,2026-05-03T13:15:02Z,109
1831453,Central,SUB URBAN LUDHIANA,SHAHPUR UPS,Unplanned,Closed,2026-05-03T11:24:00Z,2026-05-03T13:50:00Z,146
1831467,South,PATIALA,Jagdish Colony,Unplanned,Closed,2026-05-03T11:22:00Z,2026-05-03T12:05:00Z,43
1831466,South,PATIALA,11 KV RAI MAJRA,Unplanned,Closed,2026-05-03T11:22:00Z,2026-05-03T12:05:00Z,43
1831464,South,PATIALA,SST Nagar,Unplanned,Closed,2026-05-03T11:22:00Z,2026-05-03T12:05:00Z,43
1831463,South,PATIALA,Heera Bagh,Unplanned,Closed,2026-05-03T11:22:00Z,2026-05-03T12:05:00Z,43
1831563,East,ROPAR,11KV JPTL,Unplanned,Closed,2026-05-03T11:20:00Z,2026-05-03T14:52:00Z,212
1831562,East,ROPAR,SOM  DUTT,Unplanned,Closed,2026-05-03T11:20:00Z,2026-05-03T13:15:00Z,115
1831537,East,ROPAR,CHANDO,Unplanned,Closed,2026-05-03T11:20:00Z,2026-05-03T14:33:00Z,193
1831536,East,ROPAR,Ambika Devi,Unplanned,Closed,2026-05-03T11:20:00Z,2026-05-03T12:44:00Z,84
1831451,Border,SUB URBAN AMRITSAR,Pathan Nangal,Unplanned,Closed,2026-05-03T11:20:00Z,2026-05-03T11:35:00Z,15
1831473,South,PATIALA,BATHONIA,Unplanned,Closed,2026-05-03T11:18:00Z,2026-05-03T12:10:00Z,52
1831458,Border,SUB URBAN AMRITSAR,11 kv Bhullar Avenue,Unplanned,Closed,2026-05-03T11:17:00Z,2026-05-03T12:10:00Z,53
1831461,Border,SUB URBAN AMRITSAR,Partap Bazar,Unplanned,Closed,2026-05-03T11:15:45Z,2026-05-03T11:40:26Z,24
1831456,South,PATIALA,UPS DANDRALA,Unplanned,Closed,2026-05-03T11:14:00Z,2026-05-03T14:11:00Z,177
1831448,East,ROPAR,NILET,Unplanned,Closed,2026-05-03T11:13:00Z,2026-05-03T11:25:00Z,12
1831439,North,KAPURTHALA,URBAN DHILWAN,Planned,Closed,2026-05-03T11:13:00Z,2026-05-03T13:00:00Z,107
1831445,Border,GURDASPUR,GAJIKOT,Unplanned,Closed,2026-05-03T11:12:00Z,2026-05-03T11:39:00Z,27
1831444,Border,GURDASPUR,TALIBPUR,Unplanned,Closed,2026-05-03T11:12:00Z,2026-05-03T11:39:00Z,27
1831447,Border,SUB URBAN AMRITSAR,Pandori UPS,Unplanned,Closed,2026-05-03T11:10:00Z,2026-05-03T12:15:00Z,65
1831442,Central,KHANNA,City 1,Unplanned,Closed,2026-05-03T11:10:00Z,2026-05-03T13:17:00Z,127
1831440,Central,KHANNA,Khanna feeder,Unplanned,Closed,2026-05-03T11:10:00Z,2026-05-03T11:53:00Z,43
1831438,Central,KHANNA,Samrala Road,Unplanned,Closed,2026-05-03T11:10:00Z,2026-05-03T11:50:00Z,40
1831452,South,PATIALA,k.k.SCHOOL ROAD,Unplanned,Closed,2026-05-03T11:08:00Z,2026-05-03T11:35:00Z,27
1831436,Border,CITY AMRITSAR,MALL ROAD,Unplanned,Closed,2026-05-03T11:06:41Z,2026-05-03T11:40:33Z,33
1831450,North,HOSHIARPUR,Bhangala,Unplanned,Closed,2026-05-03T11:06:00Z,2026-05-03T13:06:00Z,120
1831449,North,HOSHIARPUR,Rajpur Ups,Unplanned,Closed,2026-05-03T11:06:00Z,2026-05-03T12:02:00Z,56
1831446,North,KAPURTHALA,UPS KHUKHRAIN,Unplanned,Closed,2026-05-03T11:06:00Z,2026-05-03T12:47:00Z,101
1831423,Border,GURDASPUR,Taragarh Cat-1,Planned,Closed,2026-05-03T11:05:10Z,2026-05-03T11:06:29Z,1
1831433,East,Zirakpur,PREET COLONY,Unplanned,Closed,2026-05-03T11:03:00Z,2026-05-03T11:28:00Z,25
1831425,Central,CITY WEST LUDHIANA,LOHARA,Unplanned,Closed,2026-05-03T11:00:20Z,2026-05-03T14:45:59Z,225
1831454,North,KAPURTHALA,URBAN CITY,Unplanned,Closed,2026-05-03T11:00:00Z,2026-05-03T12:09:00Z,69
1831432,Central,KHANNA,Sangtpura,Unplanned,Closed,2026-05-03T11:00:00Z,2026-05-03T11:17:00Z,17
1831431,Central,KHANNA,Chander Lok,Unplanned,Closed,2026-05-03T11:00:00Z,2026-05-03T12:50:00Z,110
1831426,Border,GURDASPUR,11 KV Shahabpura Road,Unplanned,Closed,2026-05-03T11:00:00Z,2026-05-03T12:02:00Z,62
1831402,South,BARNALA,DHURI ROAD,Planned,Closed,2026-05-03T11:00:00Z,2026-05-03T15:50:00Z,290
1831400,South,BARNALA,INDUSTRIAL RATOLAN,Planned,Closed,2026-05-03T11:00:00Z,2026-05-03T15:50:00Z,290
1831457,Border,SUB URBAN AMRITSAR,PUTLIGHAR,Unplanned,Closed,2026-05-03T10:57:00Z,2026-05-03T13:27:00Z,150
1831435,Central,SUB URBAN LUDHIANA,City-4,Unplanned,Closed,2026-05-03T10:55:00Z,2026-05-03T12:45:00Z,110
1831427,North,HOSHIARPUR,Ghanta Ghar,Unplanned,Closed,2026-05-03T10:55:00Z,2026-05-03T12:05:00Z,70
1831417,Border,GURDASPUR,Taragarh,Unplanned,Closed,2026-05-03T10:55:00Z,2026-05-03T11:31:00Z,36
1831416,Border,GURDASPUR,Saidipur,Unplanned,Closed,2026-05-03T10:55:00Z,2026-05-03T11:31:00Z,36
1831522,East,MOHALI,MOULI,Unplanned,Closed,2026-05-03T10:52:00Z,2026-05-03T16:18:53Z,326
1831424,North,HOSHIARPUR,khudda,Unplanned,Closed,2026-05-03T10:51:00Z,2026-05-03T11:10:00Z,19
1831422,North,HOSHIARPUR,Harsipind UPS,Unplanned,Closed,2026-05-03T10:51:00Z,2026-05-03T11:08:00Z,17
1831421,North,HOSHIARPUR,FOCAL POINT,Unplanned,Closed,2026-05-03T10:51:00Z,2026-05-03T11:10:00Z,19
1831420,North,HOSHIARPUR,BASSI,Unplanned,Closed,2026-05-03T10:51:00Z,2026-05-03T11:10:00Z,19
1831419,North,HOSHIARPUR,MODEL  TOWN,Unplanned,Closed,2026-05-03T10:51:00Z,2026-05-03T11:08:00Z,17
1831418,North,HOSHIARPUR,SALLAN,Unplanned,Closed,2026-05-03T10:51:00Z,2026-05-03T11:10:00Z,19
1831505,East,MOHALI,SEC-79,Unplanned,Closed,2026-05-03T10:50:00Z,2026-05-03T16:39:32Z,349
1831503,East,MOHALI,SEC.-78,Unplanned,Closed,2026-05-03T10:50:00Z,2026-05-03T15:12:00Z,262
1831430,East,Zirakpur,DHAKOLI,Unplanned,Closed,2026-05-03T10:50:00Z,2026-05-03T14:05:00Z,195
1831429,East,Zirakpur,HARMILAP NAGAR,Unplanned,Closed,2026-05-03T10:50:00Z,2026-05-03T13:55:00Z,185
1831415,North,NAWANSHAHR,Rurka Kalan,Unplanned,Closed,2026-05-03T10:50:00Z,2026-05-03T12:05:00Z,75
1831409,North,JALANDHAR,INDIAN OIL,Unplanned,Closed,2026-05-03T10:50:00Z,2026-05-03T11:41:00Z,51
1831403,East,ROPAR,UPS-I,Unplanned,Closed,2026-05-03T10:46:00Z,2026-05-03T11:30:00Z,44
1831408,North,HOSHIARPUR,11KV MILK PLANT,Unplanned,Closed,2026-05-03T10:45:00Z,2026-05-03T11:30:00Z,45
1831407,North,JALANDHAR,JANDUSINGHA,Planned,Closed,2026-05-03T10:45:00Z,2026-05-03T15:55:00Z,310
1831405,Border,GURDASPUR,24Hrs SUPPLY SEKHWAN,Unplanned,Closed,2026-05-03T10:45:00Z,2026-05-03T11:15:00Z,30
1831404,Border,TARN TARAN,VARPALCITY,Unplanned,Closed,2026-05-03T10:45:00Z,2026-05-03T13:30:00Z,165
1831382,Border,SUB URBAN AMRITSAR,Chaba,Planned,Closed,2026-05-03T10:45:00Z,2026-05-03T11:45:00Z,60
1831394,Central,CITY WEST LUDHIANA,RAM NAGAR FEEDER,Unplanned,Closed,2026-05-03T10:42:15Z,2026-05-03T11:27:02Z,44
1831393,Central,CITY WEST LUDHIANA,DASHMESH NAGAR FEEDER,Unplanned,Closed,2026-05-03T10:42:15Z,2026-05-03T10:58:56Z,16
1831392,Central,CITY WEST LUDHIANA,Rolex Feeder,Unplanned,Closed,2026-05-03T10:42:15Z,2026-05-03T11:34:36Z,52
1831391,Central,CITY WEST LUDHIANA,PARTAP NAGAR FEEDER,Unplanned,Closed,2026-05-03T10:42:15Z,2026-05-03T11:27:28Z,45
1831390,Central,CITY WEST LUDHIANA,METRO FEEDER,Unplanned,Closed,2026-05-03T10:42:15Z,2026-05-03T10:58:40Z,16
1831389,Central,CITY WEST LUDHIANA,SANGEET FEEDER,Unplanned,Closed,2026-05-03T10:42:15Z,2026-05-03T10:58:27Z,16
1831414,Border,SUB URBAN AMRITSAR,Pandori UPS,Unplanned,Closed,2026-05-03T10:42:00Z,2026-05-03T11:30:00Z,48
1831398,North,JALANDHAR,DAROLI KHURD,Unplanned,Closed,2026-05-03T10:40:00Z,2026-05-03T11:09:00Z,29
1831396,North,JALANDHAR,Chomon,Unplanned,Closed,2026-05-03T10:40:00Z,2026-05-03T11:09:00Z,29
1831395,North,JALANDHAR,RAJOWAL,Unplanned,Closed,2026-05-03T10:40:00Z,2026-05-03T11:09:00Z,29
1831401,Border,GURDASPUR,CHHINA,Unplanned,Closed,2026-05-03T10:36:00Z,2026-05-03T12:10:00Z,94
1831397,East,ROPAR,Agampur,Unplanned,Closed,2026-05-03T10:35:00Z,2026-05-03T11:35:00Z,60
1831388,Border,GURDASPUR,24 Hrs UPS Rangar Nangal,Unplanned,Closed,2026-05-03T10:35:00Z,2026-05-03T11:40:00Z,65
1831386,North,HOSHIARPUR,Tagore Nagar,Unplanned,Closed,2026-05-03T10:35:00Z,2026-05-03T11:05:00Z,30
1831384,East,ROPAR,Puda Colony Ropar,Unplanned,Closed,2026-05-03T10:35:00Z,2026-05-03T11:45:00Z,70
1831380,Central,CITY WEST LUDHIANA,SITA NAGAR,Unplanned,Closed,2026-05-03T10:33:56Z,2026-05-03T12:44:05Z,130
1831378,Central,CITY WEST LUDHIANA,BUS STAND,Unplanned,Closed,2026-05-03T10:33:56Z,2026-05-03T13:21:14Z,167
1831406,Border,TARN TARAN,BALA CHAK,Unplanned,Closed,2026-05-03T10:32:00Z,2026-05-03T13:55:00Z,203
1831399,North,NAWANSHAHR,Court Complex,Unplanned,Closed,2026-05-03T10:32:00Z,2026-05-03T12:39:00Z,127
1831385,North,NAWANSHAHR,Friends Road,Unplanned,Closed,2026-05-03T10:32:00Z,2026-05-03T11:40:00Z,68
1831360,Central,CITY WEST LUDHIANA,ISHER NAGAR FEEDER,Unplanned,Closed,2026-05-03T10:30:18Z,2026-05-03T11:48:17Z,77
1831413,Border,SUB URBAN AMRITSAR,NAG KALAN URBAN,Unplanned,Closed,2026-05-03T10:30:00Z,2026-05-03T11:50:00Z,80
1831412,Border,SUB URBAN AMRITSAR,BAULI INDUSTRY,Unplanned,Closed,2026-05-03T10:30:00Z,2026-05-03T11:10:00Z,40
1831354,Border,CITY AMRITSAR,11 KV Namak Mandi,Planned,Closed,2026-05-03T10:30:00Z,2026-05-03T11:30:00Z,60
1831364,West,MUKATSAR,11 KV KIKKER KHERA,Unplanned,Closed,2026-05-03T10:29:38Z,2026-05-03T11:15:53Z,46
1831362,West,MUKATSAR,11 KV GANGA NAGAR ROAD,Unplanned,Closed,2026-05-03T10:29:28Z,2026-05-03T11:15:40Z,46
1831363,West,MUKATSAR,11 KV Alamgarh,Unplanned,Closed,2026-05-03T10:29:08Z,2026-05-03T11:15:18Z,46
1831368,East,Zirakpur,PATIALA ROAD,Unplanned,Closed,2026-05-03T10:26:00Z,2026-05-03T12:12:00Z,106
1831365,East,Zirakpur,PEER BABA ROAD,Unplanned,Closed,2026-05-03T10:26:00Z,2026-05-03T12:35:00Z,129
1831358,Border,GURDASPUR,Behrian,Unplanned,Closed,2026-05-03T10:26:00Z,2026-05-03T12:04:00Z,98
1831381,Border,SUB URBAN AMRITSAR,KAMBO,Unplanned,Closed,2026-05-03T10:25:00Z,2026-05-03T10:55:00Z,30
1831379,Border,TARN TARAN,KOCHAR,Unplanned,Closed,2026-05-03T10:25:00Z,2026-05-03T13:30:00Z,185
1831374,East,Zirakpur,KALGIDHAR,Unplanned,Closed,2026-05-03T10:25:00Z,2026-05-03T12:15:00Z,110
1831369,Border,GURDASPUR,Aujla,Unplanned,Closed,2026-05-03T10:25:00Z,2026-05-03T13:55:00Z,210
1831357,North,HOSHIARPUR,FOCAL POINT,Unplanned,Closed,2026-05-03T10:25:00Z,2026-05-03T11:10:00Z,45
1831349,North,JALANDHAR,RAIWAY WORKSHOP,Unplanned,Closed,2026-05-03T10:25:00Z,2026-05-03T11:45:00Z,80
1831347,North,JALANDHAR,PROFFESSER COLONY,Unplanned,Closed,2026-05-03T10:25:00Z,2026-05-03T11:45:00Z,80
1831345,North,JALANDHAR,DHANOWALI,Unplanned,Closed,2026-05-03T10:25:00Z,2026-05-03T11:45:00Z,80
1831434,East,ROPAR,Shri Guru Harkrishan,Unplanned,Closed,2026-05-03T10:24:00Z,2026-05-03T11:20:00Z,56
1831428,East,ROPAR,11KV Mohan Majra,Unplanned,Closed,2026-05-03T10:24:00Z,2026-05-03T11:08:00Z,44
1831359,North,HOSHIARPUR,MODEL  TOWN,Unplanned,Closed,2026-05-03T10:24:00Z,2026-05-03T11:10:00Z,46
1831355,North,HOSHIARPUR,Darapur,Unplanned,Closed,2026-05-03T10:23:00Z,2026-05-03T11:15:00Z,52
1831373,Border,TARN TARAN,CHAHAL UPS,Unplanned,Closed,2026-05-03T10:22:59Z,2026-05-03T13:25:59Z,183
1831372,Border,TARN TARAN,MANKPURA UPS,Unplanned,Closed,2026-05-03T10:22:59Z,2026-05-03T13:25:59Z,183
1831371,Border,TARN TARAN,BABA JALAN JI,Unplanned,Closed,2026-05-03T10:22:59Z,2026-05-03T13:25:59Z,183
1831370,Border,TARN TARAN,GANDIWIND 24 HRS SUPPLY,Unplanned,Closed,2026-05-03T10:22:59Z,2026-05-03T13:25:59Z,183
1831366,North,HOSHIARPUR,Harsipind UPS,Unplanned,Closed,2026-05-03T10:22:00Z,2026-05-03T11:08:00Z,46
1831333,South,PATIALA,Tej Bagh Colony,Unplanned,Closed,2026-05-03T10:20:52Z,2026-05-03T10:32:48Z,11
1831330,West,MUKATSAR,11 KV SITO,Unplanned,Closed,2026-05-03T10:20:31Z,2026-05-03T10:50:41Z,30
1831331,West,MUKATSAR,11 KB BAZIDPURA,Unplanned,Closed,2026-05-03T10:20:09Z,2026-05-03T10:50:18Z,30
1831377,North,HOSHIARPUR,GREEN VIEW PARK,Unplanned,Closed,2026-05-03T10:20:00Z,2026-05-03T11:18:00Z,58
1831356,North,NAWANSHAHR,SKOHPUR,Unplanned,Closed,2026-05-03T10:20:00Z,2026-05-03T10:30:00Z,10
1831352,North,KAPURTHALA,URBAN Hamira,Unplanned,Closed,2026-05-03T10:20:00Z,2026-05-03T10:30:00Z,10
1831341,North,HOSHIARPUR,MANA,Unplanned,Closed,2026-05-03T10:20:00Z,2026-05-03T10:35:00Z,15
1831340,Border,SUB URBAN AMRITSAR,MUDH,Unplanned,Closed,2026-05-03T10:20:00Z,2026-05-03T12:00:00Z,100
1831338,Border,SUB URBAN AMRITSAR,LALIAN UPS,Unplanned,Closed,2026-05-03T10:20:00Z,2026-05-03T13:33:00Z,193
1831337,North,HOSHIARPUR,SAGRA,Unplanned,Closed,2026-05-03T10:20:00Z,2026-05-03T10:35:00Z,15
1831334,North,KAPURTHALA,URBAN Malsian,Unplanned,Closed,2026-05-03T10:20:00Z,2026-05-03T11:30:00Z,70
1831329,Border,GURDASPUR,New Batala Road,Unplanned,Closed,2026-05-03T10:15:00Z,2026-05-03T11:05:00Z,50
1831317,Central,CITY WEST LUDHIANA,SHIMLA PURI FEEDER,Unplanned,Closed,2026-05-03T10:13:29Z,2026-05-03T12:27:32Z,134
1831387,North,KAPURTHALA,UPS MODEL TOWN,Unplanned,Closed,2026-05-03T10:13:00Z,2026-05-03T12:00:00Z,107
1831314,Central,CITY WEST LUDHIANA,MERADO FEEDER,Unplanned,Closed,2026-05-03T10:12:44Z,2026-05-03T13:45:05Z,212
1831315,North,JALANDHAR,BASTI NAU (OLD),Unplanned,Closed,2026-05-03T10:12:34Z,2026-05-03T11:20:55Z,68
1831325,Central,SUB URBAN LUDHIANA,PHALEWAL,Unplanned,Closed,2026-05-03T10:11:00Z,2026-05-03T12:24:00Z,133
1831350,North,NAWANSHAHR,CHOKKRAN FEEDER,Planned,Closed,2026-05-03T10:10:00Z,2026-05-03T13:55:00Z,225
1831348,North,NAWANSHAHR,DILAWARPUR,Planned,Closed,2026-05-03T10:10:00Z,2026-05-03T13:55:00Z,225
1831344,South,SANGRUR,UBHIA UPS,Unplanned,Closed,2026-05-03T10:10:00Z,2026-05-03T12:45:00Z,155
1831343,North,NAWANSHAHR,11kv Behloor Kalan,Planned,Closed,2026-05-03T10:10:00Z,2026-05-03T13:55:00Z,225
1831324,East,Zirakpur,SANULI,Unplanned,Closed,2026-05-03T10:10:00Z,2026-05-03T10:55:00Z,45
1831318,North,HOSHIARPUR,BADLA,Unplanned,Closed,2026-05-03T10:10:00Z,2026-05-03T10:20:00Z,10
1831310,North,HOSHIARPUR,PATHRALIAN,Unplanned,Closed,2026-05-03T10:10:00Z,2026-05-03T11:05:00Z,55
1831305,Central,CITY WEST LUDHIANA,GURU NANAK STREET FEEDER,Unplanned,Closed,2026-05-03T10:09:58Z,2026-05-03T12:36:19Z,146
1831312,Central,SUB URBAN LUDHIANA,CITY-5 UPS,Unplanned,Closed,2026-05-03T10:05:00Z,2026-05-03T12:34:00Z,149
1831306,North,KAPURTHALA,UPS Kotli,Unplanned,Closed,2026-05-03T10:05:00Z,2026-05-03T11:35:00Z,90
1831328,Border,GURDASPUR,Pudda No 2,Unplanned,Closed,2026-05-03T10:03:00Z,2026-05-03T11:30:00Z,87
1831309,Central,CITY EAST LUDHIANA,BRAHM PURI,Unplanned,Closed,2026-05-03T10:02:00Z,2026-05-03T13:20:00Z,198
1831293,Border,CITY AMRITSAR,GOBIND PARK,Unplanned,Closed,2026-05-03T10:01:19Z,2026-05-03T10:46:31Z,45
1831307,Border,SUB URBAN AMRITSAR,DADDIAN UPS,Unplanned,Closed,2026-05-03T10:01:00Z,2026-05-03T10:45:00Z,44
1829625,North,JALANDHAR,FAZIL PUR,Planned,Closed,2026-05-03T10:00:11Z,2026-05-03T14:25:11Z,265
1829624,North,JALANDHAR,JAGDAMBAY FEEDER,Planned,Closed,2026-05-03T10:00:11Z,2026-05-03T14:25:11Z,265
1829623,North,JALANDHAR,GURU AMAR DASS NAGAR,Planned,Closed,2026-05-03T10:00:11Z,2026-05-03T14:25:11Z,265
1829622,North,JALANDHAR,GADAI PUR - 2,Planned,Closed,2026-05-03T10:00:11Z,2026-05-03T14:25:11Z,265
1829621,North,JALANDHAR,INDUSTRIAL AREA 2,Planned,Closed,2026-05-03T10:00:11Z,2026-05-03T14:25:11Z,265
1829620,North,JALANDHAR,FOCAL POINT 2,Planned,Closed,2026-05-03T10:00:11Z,2026-05-03T14:25:11Z,265
1829619,North,JALANDHAR,NEW LAXMI,Planned,Closed,2026-05-03T10:00:11Z,2026-05-03T14:25:11Z,265
1829618,North,JALANDHAR,PUNJABI BAGH,Planned,Closed,2026-05-03T10:00:11Z,2026-05-03T14:25:11Z,265
1829617,North,JALANDHAR,KALIA COLONY,Planned,Closed,2026-05-03T10:00:11Z,2026-05-03T14:25:11Z,265
1829616,North,JALANDHAR,SALEMPUR,Planned,Closed,2026-05-03T10:00:11Z,2026-05-03T14:25:11Z,265
1829615,North,JALANDHAR,SHEETAL MILL,Planned,Closed,2026-05-03T10:00:11Z,2026-05-03T14:25:11Z,265
1829614,North,JALANDHAR,BABA VISHKARMA MANDIR,Planned,Closed,2026-05-03T10:00:11Z,2026-05-03T14:25:11Z,265
1829613,North,JALANDHAR,CANAL,Planned,Closed,2026-05-03T10:00:11Z,2026-05-03T14:25:11Z,265
1829612,North,JALANDHAR,PRITHVI,Planned,Closed,2026-05-03T10:00:11Z,2026-05-03T14:25:11Z,265
1829611,North,JALANDHAR,Star,Planned,Closed,2026-05-03T10:00:11Z,2026-05-03T14:25:11Z,265
1829610,North,JALANDHAR,DIC 2,Planned,Closed,2026-05-03T10:00:11Z,2026-05-03T14:25:11Z,265
1829609,North,JALANDHAR,SUN FLAG,Planned,Closed,2026-05-03T10:00:11Z,2026-05-03T14:25:11Z,265
1829608,North,JALANDHAR,D.I.C .. 1,Planned,Closed,2026-05-03T10:00:11Z,2026-05-03T14:25:11Z,265
1829607,North,JALANDHAR,SANJAY GANDHI NAGAR,Planned,Closed,2026-05-03T10:00:11Z,2026-05-03T14:25:11Z,265
1829606,North,JALANDHAR,B.S.N.L,Planned,Closed,2026-05-03T10:00:11Z,2026-05-03T14:25:11Z,265
1829605,North,JALANDHAR,WATER SUPPLY,Planned,Closed,2026-05-03T10:00:11Z,2026-05-03T14:25:11Z,265
1829604,North,JALANDHAR,UDYOG NAGAR,Planned,Closed,2026-05-03T10:00:11Z,2026-05-03T14:25:11Z,265
1831268,East,MOHALI,11KV Sec-108,Unplanned,Closed,2026-05-03T10:00:08Z,2026-05-03T10:00:36Z,0
1831411,East,MOHALI,11 KV Azad Nagar,Unplanned,Closed,2026-05-03T10:00:00Z,2026-05-03T15:41:10Z,341
1831410,East,MOHALI,Balongi,Unplanned,Closed,2026-05-03T10:00:00Z,2026-05-03T18:14:31Z,494
1831323,South,SANGRUR,City-II,Unplanned,Closed,2026-05-03T10:00:00Z,2026-05-03T11:30:00Z,90
1831313,South,SANGRUR,11 KV SITASAR URBAN,Unplanned,Closed,2026-05-03T10:00:00Z,2026-05-03T11:00:00Z,60
1831299,East,MOHALI,11KV AMBIKA,Unplanned,Closed,2026-05-03T10:00:00Z,2026-05-03T10:11:35Z,11
1831286,East,MOHALI,11KV DHARAMGARH UPS,Unplanned,Closed,2026-05-03T10:00:00Z,2026-05-03T10:25:19Z,25
1829644,Central,CITY WEST LUDHIANA,MANSAROVAR,Planned,Closed,2026-05-03T10:00:00Z,2026-05-03T14:00:00Z,240
1829599,North,JALANDHAR,GUDAIPUR,Planned,Closed,2026-05-03T10:00:00Z,2026-05-03T14:25:00Z,265
1829598,North,JALANDHAR,INDUSTRIAL-3,Planned,Closed,2026-05-03T10:00:00Z,2026-05-03T14:25:00Z,265
1829596,North,JALANDHAR,VIVEKANAND,Planned,Closed,2026-05-03T10:00:00Z,2026-05-03T14:25:00Z,265
1829594,North,JALANDHAR,RAIPUR ROAD,Planned,Closed,2026-05-03T10:00:00Z,2026-05-03T14:25:00Z,265
1829565,South,BARNALA,Bajakhana Road,Planned,Closed,2026-05-03T10:00:00Z,2026-05-03T14:00:00Z,240
1829564,South,BARNALA,SEHNA cat-1,Planned,Closed,2026-05-03T10:00:00Z,2026-05-03T14:00:00Z,240
1829473,Central,CITY EAST LUDHIANA,SEERA ROAD,Planned,Closed,2026-05-03T10:00:00Z,2026-05-03T14:00:00Z,240
1829471,Central,CITY EAST LUDHIANA,SATTOWAL,Planned,Closed,2026-05-03T10:00:00Z,2026-05-03T14:00:00Z,240
1829470,Central,CITY EAST LUDHIANA,SHAKTI,Planned,Closed,2026-05-03T10:00:00Z,2026-05-03T14:00:00Z,240
1829469,Central,CITY EAST LUDHIANA,GITANSH,Planned,Closed,2026-05-03T10:00:00Z,2026-05-03T14:00:00Z,240
1829467,Central,CITY EAST LUDHIANA,11 K.V. P.J.KRAFT,Planned,Closed,2026-05-03T10:00:00Z,2026-05-03T14:00:00Z,240
1829466,Central,CITY EAST LUDHIANA,Dashmesh Shellar,Planned,Closed,2026-05-03T10:00:00Z,2026-05-03T14:00:00Z,240
1829464,Central,CITY EAST LUDHIANA,INDUSTRIAL,Planned,Closed,2026-05-03T10:00:00Z,2026-05-03T14:00:00Z,240
1829462,Central,CITY EAST LUDHIANA,BAJRA ROAD,Planned,Closed,2026-05-03T10:00:00Z,2026-05-03T14:00:00Z,240
1829408,Central,CITY WEST LUDHIANA,MURAD PURA,Planned,Closed,2026-05-03T10:00:00Z,2026-05-03T14:00:00Z,240
1829243,Central,CITY EAST LUDHIANA,Ranjan Madaan,Planned,Closed,2026-05-03T10:00:00Z,2026-05-03T14:00:00Z,240
1829242,Central,CITY EAST LUDHIANA,Alliance Overseas,Planned,Closed,2026-05-03T10:00:00Z,2026-05-03T14:00:00Z,240
1829241,Central,CITY EAST LUDHIANA,11KV Ishwar Industries,Planned,Closed,2026-05-03T10:00:00Z,2026-05-03T14:00:00Z,240
1829240,Central,CITY EAST LUDHIANA,Amco Gold Star,Planned,Closed,2026-05-03T10:00:00Z,2026-05-03T14:00:00Z,240
1829238,Central,CITY EAST LUDHIANA,VIKRANT COMPONENT,Planned,Closed,2026-05-03T10:00:00Z,2026-05-03T14:00:00Z,240
1829237,Central,CITY EAST LUDHIANA,SHARU STEEL,Planned,Closed,2026-05-03T10:00:00Z,2026-05-03T14:00:00Z,240
1829236,Central,CITY EAST LUDHIANA,MUNISH FORGING,Planned,Closed,2026-05-03T10:00:00Z,2026-05-03T14:00:00Z,240
1829230,Central,CITY EAST LUDHIANA,Laj Export,Planned,Closed,2026-05-03T10:00:00Z,2026-05-03T14:00:00Z,240
1828996,Central,CITY WEST LUDHIANA,Laxmi Nagar,Planned,Closed,2026-05-03T10:00:00Z,2026-05-03T10:28:54Z,28
1828995,Central,CITY WEST LUDHIANA,AJIT NAGAR,Planned,Closed,2026-05-03T10:00:00Z,2026-05-03T10:29:00Z,29
1828994,Central,CITY WEST LUDHIANA,11KV KARNA INTERNATIONAL,Planned,Closed,2026-05-03T10:00:00Z,2026-05-03T10:29:06Z,29
1831304,Central,CITY EAST LUDHIANA,SEKHEWAL,Unplanned,Closed,2026-05-03T09:57:00Z,2026-05-03T10:24:00Z,27
1831342,East,MOHALI,11KV AEROCITY-2,Unplanned,Closed,2026-05-03T09:55:52Z,2026-05-03T10:18:25Z,22
1831443,East,MOHALI,11KV SHAMPUR AP,Unplanned,Closed,2026-05-03T09:55:00Z,2026-05-03T10:25:00Z,30
1831353,East,MOHALI,11 KV RAIPUR KALAN UPS,Unplanned,Closed,2026-05-03T09:55:00Z,2026-05-03T10:25:04Z,30
1831335,Border,GURDASPUR,GHUMAN,Unplanned,Closed,2026-05-03T09:55:00Z,2026-05-03T10:40:00Z,45
1831322,North,HOSHIARPUR,11kv Chanour UPS,Unplanned,Closed,2026-05-03T09:55:00Z,2026-05-03T11:30:00Z,95
1831321,North,HOSHIARPUR,BUDHABAR,Unplanned,Closed,2026-05-03T09:55:00Z,2026-05-03T11:30:00Z,95
1831320,North,HOSHIARPUR,PANKHUH,Unplanned,Closed,2026-05-03T09:55:00Z,2026-05-03T11:35:00Z,100
1831316,North,HOSHIARPUR,PALAKI,Unplanned,Closed,2026-05-03T09:55:00Z,2026-05-03T11:05:00Z,70
1831311,North,HOSHIARPUR,MANJPUR,Unplanned,Closed,2026-05-03T09:55:00Z,2026-05-03T11:05:00Z,70
1831303,South,SANGRUR,MEHLAN UPS,Unplanned,Closed,2026-05-03T09:55:00Z,2026-05-03T11:15:00Z,80
1831298,Border,GURDASPUR,I.T.I,Unplanned,Closed,2026-05-03T09:55:00Z,2026-05-03T11:30:00Z,95
1831297,North,HOSHIARPUR,11Kv Bebhalmanj UPS,Unplanned,Closed,2026-05-03T09:55:00Z,2026-05-03T11:05:00Z,70
1831296,North,HOSHIARPUR,Rajpur Ups,Unplanned,Closed,2026-05-03T09:55:00Z,2026-05-03T11:05:00Z,70
1831295,North,HOSHIARPUR,11kV Jandwal UPS,Unplanned,Closed,2026-05-03T09:55:00Z,2026-05-03T11:05:00Z,70
1831294,North,NAWANSHAHR,11KV GUJJARPUR,Unplanned,Closed,2026-05-03T09:55:00Z,2026-05-03T10:55:00Z,60
1831292,North,NAWANSHAHR,11KV BHEEN (Urban),Unplanned,Closed,2026-05-03T09:55:00Z,2026-05-03T10:55:00Z,60
1831291,North,HOSHIARPUR,11Kv Mushabpur UPS,Unplanned,Closed,2026-05-03T09:55:00Z,2026-05-03T11:05:00Z,70
1831289,East,MOHALI,11KV SIDHU UPS,Unplanned,Closed,2026-05-03T09:55:00Z,2026-05-03T10:48:19Z,53
1831288,East,MOHALI,11KV AEROCITY-2,Unplanned,Closed,2026-05-03T09:55:00Z,2026-05-03T09:55:36Z,0
1831267,North,JALANDHAR,MARKFED,Unplanned,Closed,2026-05-03T09:55:00Z,2026-05-03T10:15:00Z,20
1831257,Central,CITY WEST LUDHIANA,GULMOHAR,Unplanned,Closed,2026-05-03T09:54:45Z,2026-05-03T12:06:23Z,131
1831252,Border,SUB URBAN AMRITSAR,BOREWAL UPS,Unplanned,Closed,2026-05-03T09:52:21Z,2026-05-03T11:24:48Z,92
1831285,Central,SUB URBAN LUDHIANA,NAGLAN,Unplanned,Closed,2026-05-03T09:52:00Z,2026-05-03T10:30:00Z,38
1831256,Border,GURDASPUR,Bani Lodhi,Unplanned,Closed,2026-05-03T09:52:00Z,2026-05-03T11:05:00Z,73
1831253,North,JALANDHAR,Khalsa Road,Unplanned,Closed,2026-05-03T09:52:00Z,2026-05-03T12:06:00Z,134
1831251,Border,SUB URBAN AMRITSAR,JALALPURA UPS,Unplanned,Closed,2026-05-03T09:50:10Z,2026-05-03T11:24:42Z,94
1831248,South,PATIALA,11 KV NARDU,Unplanned,Closed,2026-05-03T09:50:09Z,2026-05-03T11:35:31Z,105
1831246,South,PATIALA,JAND MANGOLI,Unplanned,Closed,2026-05-03T09:50:09Z,2026-05-03T11:45:00Z,114
1831243,South,PATIALA,DARBA,Unplanned,Closed,2026-05-03T09:50:09Z,2026-05-03T11:30:15Z,100
1831241,South,PATIALA,NARAINGARH,Unplanned,Closed,2026-05-03T09:50:09Z,2026-05-03T11:30:41Z,100
1831236,South,PATIALA,RAMPUR,Unplanned,Closed,2026-05-03T09:50:09Z,2026-05-03T11:25:20Z,95
1831300,Central,SUB URBAN LUDHIANA,CITY-6,Unplanned,Closed,2026-05-03T09:50:00Z,2026-05-03T10:20:00Z,30
1831265,North,KAPURTHALA,UPS TANDA AURA,Unplanned,Closed,2026-05-03T09:50:00Z,2026-05-03T12:40:00Z,170
1831264,North,HOSHIARPUR,WAZIRAN,Unplanned,Closed,2026-05-03T09:50:00Z,2026-05-03T10:32:00Z,42
1831263,North,HOSHIARPUR,HANDHWAL UPS,Unplanned,Closed,2026-05-03T09:50:00Z,2026-05-03T10:33:00Z,43
1831262,North,HOSHIARPUR,HAJIPUR,Unplanned,Closed,2026-05-03T09:50:00Z,2026-05-03T11:20:00Z,90
1831261,North,HOSHIARPUR,KHIZARPUR,Unplanned,Closed,2026-05-03T09:50:00Z,2026-05-03T10:40:00Z,50
1831260,North,HOSHIARPUR,MHP2,Unplanned,Closed,2026-05-03T09:50:00Z,2026-05-03T11:15:00Z,85
1831259,North,HOSHIARPUR,SAWAR,Unplanned,Closed,2026-05-03T09:50:00Z,2026-05-03T11:55:00Z,125
1831258,North,HOSHIARPUR,khunda,Unplanned,Closed,2026-05-03T09:50:00Z,2026-05-03T11:10:00Z,80
1831249,Border,GURDASPUR,HOSPITAL,Unplanned,Closed,2026-05-03T09:50:00Z,2026-05-03T10:51:00Z,61
1831240,Border,GURDASPUR,Barnala,Unplanned,Closed,2026-05-03T09:50:00Z,2026-05-03T11:15:00Z,85
1831287,Border,GURDASPUR,24hrs Shuhar,Unplanned,Closed,2026-05-03T09:49:00Z,2026-05-03T10:14:00Z,25
1831255,Border,GURDASPUR,UBDC,Unplanned,Closed,2026-05-03T09:46:00Z,2026-05-03T09:51:00Z,5
1831254,Border,GURDASPUR,SOHAL,Unplanned,Closed,2026-05-03T09:46:00Z,2026-05-03T12:08:00Z,142
1831223,South,PATIALA,BALBERA,Unplanned,Closed,2026-05-03T09:45:57Z,2026-05-03T11:05:13Z,79
1831376,Border,GURDASPUR,TALWANDI,Unplanned,Closed,2026-05-03T09:45:00Z,2026-05-03T11:00:00Z,75
1831375,Border,GURDASPUR,KHAN PIARA,Unplanned,Closed,2026-05-03T09:45:00Z,2026-05-03T12:05:00Z,140
1831319,South,SANGRUR,GHARAT,Unplanned,Closed,2026-05-03T09:45:00Z,2026-05-03T12:25:00Z,160
1831247,East,MOHALI,INDUSTRIAL-II,Unplanned,Closed,2026-05-03T09:44:19Z,2026-05-03T15:52:00Z,367
1831245,East,MOHALI,SEC 65,Unplanned,Closed,2026-05-03T09:44:19Z,2026-05-03T11:16:00Z,91
1831242,East,MOHALI,Mandi Board,Unplanned,Closed,2026-05-03T09:44:19Z,2026-05-03T15:53:00Z,368
1831239,East,MOHALI,SEC 65-A,Unplanned,Closed,2026-05-03T09:44:19Z,2026-05-03T11:38:00Z,113
1831238,East,MOHALI,INDUSTRIAL I,Unplanned,Closed,2026-05-03T09:44:19Z,2026-05-03T15:53:00Z,368
1831237,East,MOHALI,11 KV MOTOR MARKET,Unplanned,Closed,2026-05-03T09:44:19Z,2026-05-03T16:54:11Z,429
1831235,East,MOHALI,NIPER,Unplanned,Closed,2026-05-03T09:44:19Z,2026-05-03T16:53:54Z,429
1831234,East,MOHALI,WATER WORKS,Unplanned,Closed,2026-05-03T09:44:19Z,2026-05-03T16:54:50Z,430
1831233,East,MOHALI,SEC 64-A,Unplanned,Closed,2026-05-03T09:44:19Z,2026-05-03T16:46:37Z,422
1831232,East,MOHALI,11 KV Feeder sec 66,Unplanned,Closed,2026-05-03T09:44:19Z,2026-05-03T16:53:21Z,429
1831231,East,MOHALI,IISER,Unplanned,Closed,2026-05-03T09:44:19Z,2026-05-03T15:02:00Z,317
1831230,East,MOHALI,11KV Preet City,Unplanned,Closed,2026-05-03T09:44:19Z,2026-05-03T10:48:53Z,64
1831229,East,MOHALI,SEC.-78,Unplanned,Closed,2026-05-03T09:44:19Z,2026-05-03T10:48:00Z,63
1831228,East,MOHALI,SEC-79,Unplanned,Closed,2026-05-03T09:44:19Z,2026-05-03T10:48:00Z,63
1831227,East,MOHALI,SEC-77,Unplanned,Closed,2026-05-03T09:44:19Z,2026-05-03T10:48:00Z,63
1831226,East,MOHALI,HOUSEFED,Unplanned,Closed,2026-05-03T09:44:19Z,2026-05-03T10:48:00Z,63
1831225,East,MOHALI,HT Towers 79,Unplanned,Closed,2026-05-03T09:44:19Z,2026-05-03T10:48:00Z,63
1831224,East,MOHALI,11KV NABI,Unplanned,Closed,2026-05-03T09:44:19Z,2026-05-03T10:48:00Z,63
1831221,East,MOHALI,SEC 67,Unplanned,Closed,2026-05-03T09:44:19Z,2026-05-03T16:39:08Z,414
1831220,East,MOHALI,11kV ISB FEEDER,Unplanned,Closed,2026-05-03T09:44:19Z,2026-05-03T10:48:37Z,64
1831219,East,MOHALI,SEC-80,Unplanned,Closed,2026-05-03T09:44:19Z,2026-05-03T10:48:00Z,63
1831218,East,MOHALI,MOULI,Unplanned,Closed,2026-05-03T09:44:19Z,2026-05-03T10:48:00Z,63
1831266,Central,CITY EAST LUDHIANA,DIVISION-3,Unplanned,Closed,2026-05-03T09:44:00Z,2026-05-03T11:18:00Z,94
1831222,Central,KHANNA,Main Bazar,Unplanned,Closed,2026-05-03T09:44:00Z,2026-05-03T11:15:00Z,91
1831216,North,NAWANSHAHR,RHYTHM TEXTILES.,Unplanned,Closed,2026-05-03T09:44:00Z,2026-05-03T10:37:00Z,53
1831592,East,MOHALI,JANTI DEVI,Unplanned,Closed,2026-05-03T09:42:00Z,2026-05-03T15:45:30Z,363
1831367,Border,GURDASPUR,Focal Point,Unplanned,Closed,2026-05-03T09:42:00Z,2026-05-03T11:05:00Z,83
1831215,North,NAWANSHAHR,Court Complex,Unplanned,Closed,2026-05-03T09:42:00Z,2026-05-03T10:24:00Z,42
1831213,North,NAWANSHAHR,11kv Behloor Kalan,Unplanned,Closed,2026-05-03T09:42:00Z,2026-05-03T10:00:00Z,18
1831560,East,MOHALI,Nirankari feeder,Unplanned,Closed,2026-05-03T09:41:00Z,2026-05-03T12:53:00Z,192
1831244,North,HOSHIARPUR,Darapur,Unplanned,Closed,2026-05-03T09:40:00Z,2026-05-03T09:55:00Z,15
1831217,East,MOHALI,11kv Saidpura,Unplanned,Closed,2026-05-03T09:40:00Z,2026-05-03T11:25:27Z,105
1831558,East,MOHALI,NAYA GAON,Unplanned,Closed,2026-05-03T09:39:00Z,2026-05-03T12:52:00Z,193
1831250,South,PATIALA,FACTORY AREA (NEW),Unplanned,Closed,2026-05-03T09:36:00Z,2026-05-03T10:05:00Z,29
1831206,Central,CITY WEST LUDHIANA,ATAM NAGAR,Unplanned,Closed,2026-05-03T09:35:14Z,2026-05-03T13:12:14Z,217
1831290,Border,TARN TARAN,VARPALCITY,Unplanned,Closed,2026-05-03T09:35:00Z,2026-05-03T10:10:00Z,35
1831214,Border,GURDASPUR,Goal Mandir,Unplanned,Closed,2026-05-03T09:35:00Z,2026-05-03T10:40:00Z,65
1831211,North,HOSHIARPUR,11 KV Bassi Wazid,Unplanned,Closed,2026-05-03T09:35:00Z,2026-05-03T10:20:00Z,45
1831208,North,HOSHIARPUR,GUGGA-PATTI,Unplanned,Closed,2026-05-03T09:35:00Z,2026-05-03T10:31:00Z,56
1831207,North,HOSHIARPUR,HARIANA,Unplanned,Closed,2026-05-03T09:35:00Z,2026-05-03T10:30:00Z,55
1831195,North,NAWANSHAHR,11 KV DOPALPUR UPS,Unplanned,Closed,2026-05-03T09:35:00Z,2026-05-03T10:35:00Z,60
1831193,North,NAWANSHAHR,11 KV Usmanpur,Unplanned,Closed,2026-05-03T09:35:00Z,2026-05-03T10:35:00Z,60
1831191,North,NAWANSHAHR,TAJOWAL,Unplanned,Closed,2026-05-03T09:35:00Z,2026-05-03T10:35:00Z,60
1831189,North,NAWANSHAHR,BARWA,Unplanned,Closed,2026-05-03T09:35:00Z,2026-05-03T10:35:00Z,60
1831186,North,NAWANSHAHR,JADLA,Unplanned,Closed,2026-05-03T09:35:00Z,2026-05-03T10:05:00Z,30
1831194,Central,KHANNA,Krishna Nagar,Unplanned,Closed,2026-05-03T09:34:00Z,2026-05-03T09:50:00Z,16
1831192,Central,KHANNA,Amloh Road,Unplanned,Closed,2026-05-03T09:34:00Z,2026-05-03T09:50:00Z,16
1831269,Border,SUB URBAN AMRITSAR,24 HORS DHADDY,Unplanned,Closed,2026-05-03T09:30:00Z,2026-05-03T11:40:00Z,130
1831209,Border,TARN TARAN,NAUSHEHRA PANNUN URBAN,Unplanned,Closed,2026-05-03T09:30:00Z,2026-05-03T12:01:00Z,151
1831203,Border,TARN TARAN,BAHADARPUR,Unplanned,Closed,2026-05-03T09:30:00Z,2026-05-03T11:15:00Z,105
1831188,South,PATIALA,PUNJABI UNIVERSITY,Unplanned,Closed,2026-05-03T09:30:00Z,2026-05-03T11:10:57Z,100
1831183,North,HOSHIARPUR,WAZIRAN,Unplanned,Closed,2026-05-03T09:30:00Z,2026-05-03T09:45:00Z,15
1831181,North,HOSHIARPUR,PALAKI,Unplanned,Closed,2026-05-03T09:30:00Z,2026-05-03T09:54:00Z,24
1831151,Border,GURDASPUR,Geeta Bhawan Road,Unplanned,Closed,2026-05-03T09:30:00Z,2026-05-03T11:40:00Z,130
1831150,Central,SUB URBAN LUDHIANA,CITY-5 UPS,Unplanned,Closed,2026-05-03T09:30:00Z,2026-05-03T09:40:00Z,10
1829588,Central,CITY EAST LUDHIANA,Shiv Shakti (Cat-2),Planned,Closed,2026-05-03T09:30:00Z,2026-05-03T13:00:00Z,210
1829587,Central,CITY EAST LUDHIANA,TRIVENI,Planned,Closed,2026-05-03T09:30:00Z,2026-05-03T13:00:00Z,210
1831168,North,HOSHIARPUR,BULLOWAL   NO    2,Unplanned,Closed,2026-05-03T09:28:00Z,2026-05-03T13:35:00Z,247
1831175,East,ROPAR,CHINTGARH FEEDER,Unplanned,Closed,2026-05-03T09:26:00Z,2026-05-03T10:23:00Z,57
1831486,North,HOSHIARPUR,PURHIRAN URBAN,Unplanned,Closed,2026-05-03T09:25:00Z,2026-05-03T20:00:00Z,635
1831180,North,HOSHIARPUR,SANDPUR,Unplanned,Closed,2026-05-03T09:25:00Z,2026-05-03T10:35:00Z,70
1831178,North,HOSHIARPUR,DATARPUR,Unplanned,Closed,2026-05-03T09:25:00Z,2026-05-03T10:35:00Z,70
1831177,North,HOSHIARPUR,TALWARA,Unplanned,Closed,2026-05-03T09:25:00Z,2026-05-03T10:35:00Z,70
1831162,North,HOSHIARPUR,SHAH NEHAR,Unplanned,Closed,2026-05-03T09:25:00Z,2026-05-03T10:35:00Z,70
1831160,North,HOSHIARPUR,KAMHI DEVI,Unplanned,Closed,2026-05-03T09:25:00Z,2026-05-03T10:35:00Z,70
1831159,North,HOSHIARPUR,BHAMBOTAR,Unplanned,Closed,2026-05-03T09:25:00Z,2026-05-03T10:35:00Z,70
1831158,North,HOSHIARPUR,SATHWAN,Unplanned,Closed,2026-05-03T09:25:00Z,2026-05-03T10:35:00Z,70
1831156,South,PATIALA,UPS RURKI,Unplanned,Closed,2026-05-03T09:25:00Z,2026-05-03T10:05:06Z,40
1831155,South,PATIALA,UPS MARU,Unplanned,Closed,2026-05-03T09:25:00Z,2026-05-03T10:15:15Z,50
1831154,South,PATIALA,SOGALPUR UPS,Unplanned,Closed,2026-05-03T09:25:00Z,2026-05-03T12:40:12Z,195
1831144,Border,GURDASPUR,Meerpur,Unplanned,Closed,2026-05-03T09:25:00Z,2026-05-03T11:31:00Z,126
1831153,Border,TARN TARAN,URBAN PATTI CITY,Unplanned,Closed,2026-05-03T09:24:00Z,2026-05-03T09:50:22Z,26
1831142,East,ROPAR,11 KV Moura,Unplanned,Closed,2026-05-03T09:23:00Z,2026-05-03T09:34:00Z,11
1831146,South,PATIALA,Tej Bagh Colony,Unplanned,Closed,2026-05-03T09:22:59Z,2026-05-03T09:37:08Z,14
1831124,North,JALANDHAR,GT ROAD,Unplanned,Closed,2026-05-03T09:21:00Z,2026-05-03T11:15:00Z,114
1831173,East,MOHALI,Bank Colony,Unplanned,Closed,2026-05-03T09:20:49Z,2026-05-03T11:20:00Z,119
1831170,East,MOHALI,Trivikarma,Unplanned,Closed,2026-05-03T09:20:49Z,2026-05-03T11:38:00Z,137
1831169,East,MOHALI,I.T PARK,Unplanned,Closed,2026-05-03T09:20:49Z,2026-05-03T17:50:04Z,509
1831166,East,MOHALI,11KV Mohali walk,Unplanned,Closed,2026-05-03T09:20:49Z,2026-05-03T11:38:37Z,137
1831138,East,MOHALI,Sector-68 B,Unplanned,Closed,2026-05-03T09:20:49Z,2026-05-03T17:34:53Z,494
1831133,East,MOHALI,11 KV Feeder sec 68A,Unplanned,Closed,2026-05-03T09:20:49Z,2026-05-03T12:30:00Z,189
1831127,East,MOHALI,11 KV Feeder sec 69 B,Unplanned,Closed,2026-05-03T09:20:49Z,2026-05-03T15:09:58Z,349
1831126,East,MOHALI,11 KV 63 A,Unplanned,Closed,2026-05-03T09:20:49Z,2026-05-03T11:20:00Z,119
1831125,East,MOHALI,SEC-69,Unplanned,Closed,2026-05-03T09:20:49Z,2026-05-03T16:40:14Z,439
1831123,East,MOHALI,SEC-70,Unplanned,Closed,2026-05-03T09:20:49Z,2026-05-03T11:40:25Z,139
1831122,East,MOHALI,SEC 63,Unplanned,Closed,2026-05-03T09:20:49Z,2026-05-03T16:17:54Z,417
1831121,East,MOHALI,11KV FOREST FEEDER,Unplanned,Closed,2026-05-03T09:20:49Z,2026-05-03T11:38:00Z,137
1831119,East,MOHALI,PCA,Unplanned,Closed,2026-05-03T09:20:49Z,2026-05-03T11:38:32Z,137
1831118,East,MOHALI,64-C,Unplanned,Closed,2026-05-03T09:20:49Z,2026-05-03T12:13:20Z,172
1831116,East,MOHALI,64-B,Unplanned,Closed,2026-05-03T09:20:49Z,2026-05-03T16:33:00Z,432
1831113,East,MOHALI,URBAN PH-7,Unplanned,Closed,2026-05-03T09:20:49Z,2026-05-03T11:41:17Z,140
1831111,East,MOHALI,CITY PARK,Unplanned,Closed,2026-05-03T09:20:49Z,2026-05-03T17:07:30Z,466
1831110,East,MOHALI,FORTIS,Unplanned,Closed,2026-05-03T09:20:49Z,2026-05-03T11:39:21Z,138
1831109,East,MOHALI,11 KV Sec-69-A,Unplanned,Closed,2026-05-03T09:20:49Z,2026-05-03T14:24:28Z,303
1831108,East,MOHALI,SEC-68,Unplanned,Closed,2026-05-03T09:20:49Z,2026-05-03T15:07:19Z,346
1831284,East,ROPAR,UNIVERSAL,Unplanned,Closed,2026-05-03T09:20:46Z,2026-05-03T11:37:46Z,137
1831283,East,ROPAR,CHANDIGARH NORTH,Unplanned,Closed,2026-05-03T09:20:46Z,2026-05-03T11:28:46Z,128
1831282,East,ROPAR,ARCHIAN FOODS,Unplanned,Closed,2026-05-03T09:20:46Z,2026-05-03T11:04:46Z,104
1831281,East,ROPAR,AKALGARH,Unplanned,Closed,2026-05-03T09:20:46Z,2026-05-03T11:32:46Z,132
1831280,East,ROPAR,CHATAULI,Unplanned,Closed,2026-05-03T09:20:46Z,2026-05-03T11:04:46Z,104
1831279,East,ROPAR,UPS2,Unplanned,Closed,2026-05-03T09:20:46Z,2026-05-03T11:04:46Z,104
1831278,East,ROPAR,ML INDUSTRY,Unplanned,Closed,2026-05-03T09:20:46Z,2026-05-03T11:04:46Z,104
1831277,East,ROPAR,HOSPITAL (HOTLINE),Unplanned,Closed,2026-05-03T09:20:46Z,2026-05-03T11:26:46Z,126
1831276,East,ROPAR,SABJI MANDI,Unplanned,Closed,2026-05-03T09:20:46Z,2026-05-03T11:04:46Z,104
1831275,East,ROPAR,INDEPENDENT KARAM INDUSTRY,Unplanned,Closed,2026-05-03T09:20:46Z,2026-05-03T11:04:46Z,104
1831274,East,ROPAR,CITY,Unplanned,Closed,2026-05-03T09:20:46Z,2026-05-03T11:14:46Z,114
1831273,East,ROPAR,PADIALA,Unplanned,Closed,2026-05-03T09:20:46Z,2026-05-03T11:04:46Z,104
1831272,East,ROPAR,PUNJAB TISSUE,Unplanned,Closed,2026-05-03T09:20:46Z,2026-05-03T11:04:46Z,104
1831271,East,ROPAR,WINDSOR,Unplanned,Closed,2026-05-03T09:20:46Z,2026-05-03T11:04:46Z,104
1831270,East,ROPAR,MILL,Unplanned,Closed,2026-05-03T09:20:46Z,2026-05-03T11:08:46Z,108
1831210,South,PATIALA,UPS ALALMAJRA,Unplanned,Closed,2026-05-03T09:20:00Z,2026-05-03T11:40:00Z,140
1831199,Border,TARN TARAN,KHABERAJPUTA,Unplanned,Closed,2026-05-03T09:20:00Z,2026-05-03T11:02:00Z,102
1831197,North,JALANDHAR,JANDAILI,Unplanned,Closed,2026-05-03T09:20:00Z,2026-05-03T10:46:00Z,86
1831196,South,PATIALA,URBAN ESTATE,Unplanned,Closed,2026-05-03T09:20:00Z,2026-05-03T09:55:54Z,35
1831174,East,ROPAR,11kv kotla hydle feeder,Unplanned,Closed,2026-05-03T09:20:00Z,2026-05-03T11:14:00Z,114
1831152,South,PATIALA,11KV SAMASHPUR UPS,Unplanned,Closed,2026-05-03T09:20:00Z,2026-05-03T11:15:51Z,115
1831120,Central,KHANNA,Chander Lok,Unplanned,Closed,2026-05-03T09:20:00Z,2026-05-03T10:30:00Z,70
1831117,Central,KHANNA,Royal,Unplanned,Closed,2026-05-03T09:20:00Z,2026-05-03T10:30:00Z,70
1831114,Central,KHANNA,Sangtpura,Unplanned,Closed,2026-05-03T09:20:00Z,2026-05-03T10:30:00Z,70
1831112,North,NAWANSHAHR,KAHLON,Unplanned,Closed,2026-05-03T09:20:00Z,2026-05-03T09:59:00Z,39
1831204,North,JALANDHAR,RING MAIN,Unplanned,Closed,2026-05-03T09:19:00Z,2026-05-03T10:40:00Z,81
1831106,Border,GURDASPUR,Andoi,Unplanned,Closed,2026-05-03T09:19:00Z,2026-05-03T09:39:00Z,20
1831105,Border,GURDASPUR,Nangal Bhoor,Unplanned,Closed,2026-05-03T09:19:00Z,2026-05-03T11:05:00Z,106
1831361,Border,GURDASPUR,BABEHALI,Unplanned,Closed,2026-05-03T09:18:00Z,2026-05-03T10:41:00Z,83
1831212,South,PATIALA,UPS NABHA NO.1,Unplanned,Closed,2026-05-03T09:18:00Z,2026-05-03T11:24:00Z,126
1831092,Central,CITY EAST LUDHIANA,Thakur Dwara,Unplanned,Closed,2026-05-03T09:18:00Z,2026-05-03T11:22:00Z,124
1831149,East,Zirakpur,M.E.S,Unplanned,Closed,2026-05-03T09:17:00Z,2026-05-03T11:30:00Z,133
1831157,Border,SUB URBAN AMRITSAR,Holy City,Unplanned,Closed,2026-05-03T09:15:00Z,2026-05-03T11:40:00Z,145
1831148,South,PATIALA,Kohenoor vally,Unplanned,Closed,2026-05-03T09:15:00Z,2026-05-03T10:25:37Z,70
1831147,South,PATIALA,11KV UPS,Unplanned,Closed,2026-05-03T09:15:00Z,2026-05-03T10:30:59Z,75
1831099,North,NAWANSHAHR,BALACHAUR CITY-3,Unplanned,Closed,2026-05-03T09:15:00Z,2026-05-03T10:13:00Z,58
1831097,North,NAWANSHAHR,TEHSIL COMPLEX,Unplanned,Closed,2026-05-03T09:15:00Z,2026-05-03T10:13:00Z,58
1831096,North,NAWANSHAHR,CITY BALACHAUR NO-2,Unplanned,Closed,2026-05-03T09:15:00Z,2026-05-03T10:13:00Z,58
1831095,North,JALANDHAR,11KV LAXMI PURA,Unplanned,Closed,2026-05-03T09:15:00Z,2026-05-03T10:15:00Z,60
1831094,North,NAWANSHAHR,BALACHAUR,Unplanned,Closed,2026-05-03T09:15:00Z,2026-05-03T10:13:00Z,58
1831176,Border,TARN TARAN,24 HRS UPS,Unplanned,Closed,2026-05-03T09:10:00Z,2026-05-03T10:40:00Z,90
1831115,North,HOSHIARPUR,MANJPUR,Unplanned,Closed,2026-05-03T09:10:00Z,2026-05-03T09:54:00Z,44
1831088,North,HOSHIARPUR,Soosa,Unplanned,Closed,2026-05-03T09:10:00Z,2026-05-03T10:20:00Z,70
1831083,North,HOSHIARPUR,HAJIPUR,Unplanned,Closed,2026-05-03T09:08:00Z,2026-05-03T09:40:00Z,32
1831061,South,PATIALA,shera wala gate,Unplanned,Closed,2026-05-03T09:08:00Z,2026-05-03T09:34:00Z,26
1831031,Border,GURDASPUR,Seunty,Unplanned,Closed,2026-05-03T09:05:00Z,2026-05-03T10:10:00Z,65
1831172,West,FARIDKOT,CHANNU WALA AP,Unplanned,Closed,2026-05-03T09:03:34Z,2026-05-03T10:17:38Z,74
1831171,West,FARIDKOT,11 KV FATEH SINGH,Unplanned,Closed,2026-05-03T09:03:16Z,2026-05-03T10:17:21Z,74
1831084,East,MOHALI,11 KV Gura,Unplanned,Closed,2026-05-03T09:03:00Z,2026-05-03T11:33:00Z,150
1831081,East,MOHALI,Kasauli,Unplanned,Closed,2026-05-03T09:03:00Z,2026-05-03T17:46:35Z,523
1831072,East,MOHALI,11KV Shivalik Vihar,Unplanned,Closed,2026-05-03T09:03:00Z,2026-05-03T12:32:00Z,209
1831066,East,MOHALI,11 KV Kansal,Unplanned,Closed,2026-05-03T09:03:00Z,2026-05-03T12:31:00Z,208
1831078,East,MOHALI,Industry Phase 2,Unplanned,Closed,2026-05-03T09:02:28Z,2026-05-03T17:34:05Z,511
1831077,East,MOHALI,11 KV VERKA,Unplanned,Closed,2026-05-03T09:02:28Z,2026-05-03T15:00:00Z,357
1831073,East,MOHALI,JUJHAR NAGAR,Unplanned,Closed,2026-05-03T09:02:28Z,2026-05-03T12:49:00Z,226
1831070,East,MOHALI,CIVIL HOSPITAL,Unplanned,Closed,2026-05-03T09:02:28Z,2026-05-03T10:35:00Z,92
1831068,East,MOHALI,TDI 2,Unplanned,Closed,2026-05-03T09:02:28Z,2026-05-03T14:01:00Z,298
1831065,East,MOHALI,11 KV Govt. Press,Unplanned,Closed,2026-05-03T09:02:28Z,2026-05-03T11:01:00Z,118
1831062,East,MOHALI,11 KV Sec 59,Unplanned,Closed,2026-05-03T09:02:28Z,2026-05-03T19:06:48Z,604
1831058,East,MOHALI,ATS,Unplanned,Closed,2026-05-03T09:02:28Z,2026-05-03T14:21:00Z,318
1831054,East,MOHALI,Colony phase 1,Unplanned,Closed,2026-05-03T09:02:28Z,2026-05-03T10:30:00Z,87
1831052,East,MOHALI,TDI,Unplanned,Closed,2026-05-03T09:02:28Z,2026-05-03T12:32:00Z,209
1831051,East,MOHALI,Sec-60,Unplanned,Closed,2026-05-03T09:02:28Z,2026-05-03T16:42:04Z,459
1831047,East,MOHALI,11KV SHAHIMAJRA INDUSTRY,Unplanned,Closed,2026-05-03T09:02:28Z,2026-05-03T09:33:00Z,30
1831045,East,MOHALI,11 kv sec 54A,Unplanned,Closed,2026-05-03T09:02:28Z,2026-05-03T16:13:16Z,430
1831044,East,MOHALI,Industrial,Unplanned,Closed,2026-05-03T09:02:28Z,2026-05-03T10:00:00Z,57
1831042,East,MOHALI,Jandpur Water Works,Unplanned,Closed,2026-05-03T09:02:28Z,2026-05-03T15:00:00Z,357
1831040,East,MOHALI,Sec 56,Unplanned,Closed,2026-05-03T09:02:28Z,2026-05-03T21:00:00Z,717
1831038,East,MOHALI,11KV SUB STATION,Unplanned,Closed,2026-05-03T09:02:28Z,2026-05-03T09:39:00Z,36
1831036,East,MOHALI,Water Works,Unplanned,Closed,2026-05-03T09:02:28Z,2026-05-04T01:00:00Z,957
1831035,East,MOHALI,Sec 53,Unplanned,Closed,2026-05-03T09:02:28Z,2026-05-04T01:00:00Z,957
1831034,East,MOHALI,Swani Rubber,Unplanned,Closed,2026-05-03T09:02:28Z,2026-05-03T16:01:09Z,418
1831032,East,MOHALI,Industry 7A,Unplanned,Closed,2026-05-03T09:02:28Z,2026-05-03T18:01:23Z,538
1831029,East,MOHALI,11 KV Mohali Vill.,Unplanned,Closed,2026-05-03T09:02:28Z,2026-05-03T14:42:00Z,339
1831027,East,MOHALI,Rubber Plant,Unplanned,Closed,2026-05-03T09:02:28Z,2026-05-04T00:13:00Z,910
1831025,East,MOHALI,Badmajra,Unplanned,Closed,2026-05-03T09:02:28Z,2026-05-03T14:36:00Z,333
1831023,East,MOHALI,Green Enclave,Unplanned,Closed,2026-05-03T09:02:28Z,2026-05-03T18:35:19Z,572
1831022,East,MOHALI,39 west,Unplanned,Closed,2026-05-03T09:02:28Z,2026-05-03T12:07:00Z,184
1831015,East,MOHALI,11 KV Indus,Unplanned,Closed,2026-05-03T09:02:28Z,2026-05-03T19:20:19Z,617
1831012,East,MOHALI,INDUSTRY PHASE 3,Unplanned,Closed,2026-05-03T09:02:28Z,2026-05-03T22:08:31Z,786
1831057,North,HOSHIARPUR,HAWKINS COOKERS CAT-2 IND.,Unplanned,Closed,2026-05-03T09:02:17Z,2026-05-03T09:20:17Z,18
1831056,North,HOSHIARPUR,PURHIRAN URBAN,Unplanned,Closed,2026-05-03T09:02:17Z,2026-05-03T09:20:17Z,18
1831055,North,HOSHIARPUR,FOCAL POINT,Unplanned,Closed,2026-05-03T09:02:17Z,2026-05-03T09:20:17Z,18
1831167,East,ROPAR,11KV Chandesar,Unplanned,Closed,2026-05-03T09:02:00Z,2026-05-03T09:45:00Z,43
1831165,East,ROPAR,City-2,Unplanned,Closed,2026-05-03T09:02:00Z,2026-05-03T09:35:00Z,33
1831164,East,ROPAR,City-1,Unplanned,Closed,2026-05-03T09:02:00Z,2026-05-03T09:55:00Z,53
1831163,East,ROPAR,Agampur,Unplanned,Closed,2026-05-03T09:02:00Z,2026-05-03T09:45:00Z,43
1831102,Border,GURDASPUR,SIDHWAN,Unplanned,Closed,2026-05-03T09:01:00Z,2026-05-03T09:26:00Z,25
1831100,Border,GURDASPUR,N.M.SINGH,Unplanned,Closed,2026-05-03T09:01:00Z,2026-05-03T09:22:00Z,21
1831086,North,HOSHIARPUR,11Kv Bebhalmanj UPS,Unplanned,Closed,2026-05-03T09:01:00Z,2026-05-03T09:25:00Z,24
1831033,South,PATIALA,UPS Trora,Unplanned,Closed,2026-05-03T09:01:00Z,2026-05-03T10:25:00Z,84
1831179,North,KAPURTHALA,UPS Fajalpur,Unplanned,Closed,2026-05-03T09:00:00Z,2026-05-03T09:01:00Z,1
1831135,North,JALANDHAR,INDUSTRY AREA,Unplanned,Closed,2026-05-03T09:00:00Z,2026-05-03T09:45:00Z,45
1831134,North,JALANDHAR,VIP,Unplanned,Closed,2026-05-03T09:00:00Z,2026-05-03T09:50:00Z,50
1831103,East,MOHALI,11 KV Masol,Unplanned,Closed,2026-05-03T09:00:00Z,2026-05-03T09:28:00Z,28
1831101,East,MOHALI,11KV AIRPORT ROAD,Unplanned,Closed,2026-05-03T09:00:00Z,2026-05-03T12:00:00Z,180
1831098,East,MOHALI,11kV Sector-123,Unplanned,Closed,2026-05-03T09:00:00Z,2026-05-03T09:29:38Z,29
1831093,East,MOHALI,11KV Desumajra,Unplanned,Closed,2026-05-03T09:00:00Z,2026-05-03T14:00:00Z,300
1831085,East,MOHALI,GMADA  water works,Unplanned,Closed,2026-05-03T09:00:00Z,2026-05-03T09:15:00Z,15
1831082,East,MOHALI,Commercial Complex,Unplanned,Closed,2026-05-03T09:00:00Z,2026-05-03T09:10:33Z,10
1831080,East,MOHALI,11KV MANANA,Unplanned,Closed,2026-05-03T09:00:00Z,2026-05-03T22:00:26Z,780
1831079,East,MOHALI,11 KV New Sunny,Unplanned,Closed,2026-05-03T09:00:00Z,2026-05-03T15:52:00Z,412
1831043,East,MOHALI,JHAMPUR FEEDER,Unplanned,Closed,2026-05-03T09:00:00Z,2026-05-03T15:25:26Z,385
1831030,East,MOHALI,11 KV Air Force,Unplanned,Closed,2026-05-03T09:00:00Z,2026-05-03T09:30:00Z,30
1831026,East,MOHALI,11KV JAND PUR,Unplanned,Closed,2026-05-03T09:00:00Z,2026-05-03T15:07:00Z,367
1831013,East,MOHALI,11KV Shivalik,Unplanned,Closed,2026-05-03T09:00:00Z,2026-05-03T09:31:02Z,31
1830995,Border,GURDASPUR,ARYA NAGAR,Unplanned,Closed,2026-05-03T09:00:00Z,2026-05-03T09:21:00Z,21
1829648,North,JALANDHAR,11 KV BABA MOHAN DASS NAGAR,Planned,Closed,2026-05-03T09:00:00Z,2026-05-03T14:25:00Z,325
1829647,North,JALANDHAR,11 KV New Amrit Vihar,Planned,Closed,2026-05-03T09:00:00Z,2026-05-03T14:25:00Z,325
1829641,Central,CITY WEST LUDHIANA,DEMARTE,Planned,Closed,2026-05-03T09:00:00Z,2026-05-03T13:00:00Z,240
1829640,Central,CITY WEST LUDHIANA,MJ Rubber,Planned,Closed,2026-05-03T09:00:00Z,2026-05-03T13:00:00Z,240
1829639,Central,CITY WEST LUDHIANA,KANGANWAL,Planned,Closed,2026-05-03T09:00:00Z,2026-05-03T13:00:00Z,240
1829638,Central,CITY WEST LUDHIANA,VISHKARMA,Planned,Closed,2026-05-03T09:00:00Z,2026-05-03T13:00:00Z,240
1829637,Central,CITY WEST LUDHIANA,VAIDYA ALLOY,Planned,Closed,2026-05-03T09:00:00Z,2026-05-03T13:00:00Z,240
1829636,Central,CITY WEST LUDHIANA,KL Ispat,Planned,Closed,2026-05-03T09:00:00Z,2026-05-03T13:00:00Z,240
1829635,Central,CITY WEST LUDHIANA,D.M.K,Planned,Closed,2026-05-03T09:00:00Z,2026-05-03T13:00:00Z,240
1829634,Central,CITY WEST LUDHIANA,DURGA CONCAST,Planned,Closed,2026-05-03T09:00:00Z,2026-05-03T13:00:00Z,240
1829633,Central,CITY WEST LUDHIANA,Pawa Road,Planned,Closed,2026-05-03T09:00:00Z,2026-05-03T13:00:00Z,240
1829632,Central,CITY WEST LUDHIANA,PROMINENT,Planned,Closed,2026-05-03T09:00:00Z,2026-05-03T13:00:00Z,240
1829631,Central,CITY WEST LUDHIANA,NORTH STAR,Planned,Closed,2026-05-03T09:00:00Z,2026-05-03T13:00:00Z,240
1829630,Central,CITY WEST LUDHIANA,RAJ CASTING,Planned,Closed,2026-05-03T09:00:00Z,2026-05-03T13:00:00Z,240
1829629,Central,CITY WEST LUDHIANA,Batta,Planned,Closed,2026-05-03T09:00:00Z,2026-05-03T13:00:00Z,240
1829628,Central,CITY WEST LUDHIANA,KABIR EMPAX,Planned,Closed,2026-05-03T09:00:00Z,2026-05-03T13:00:00Z,240
1829627,Central,CITY WEST LUDHIANA,ANAND MANGAL,Planned,Closed,2026-05-03T09:00:00Z,2026-05-03T13:00:00Z,240
1829233,Central,CITY EAST LUDHIANA,K.K. Rubber,Planned,Closed,2026-05-03T09:00:00Z,2026-05-03T13:00:00Z,240
1829232,Central,CITY EAST LUDHIANA,SURINDRA CYCLE,Planned,Closed,2026-05-03T09:00:00Z,2026-05-03T13:00:00Z,240
1829231,Central,CITY EAST LUDHIANA,JYOTI,Planned,Closed,2026-05-03T09:00:00Z,2026-05-03T13:00:00Z,240
1829229,Central,CITY EAST LUDHIANA,MUKESH STEEL,Planned,Closed,2026-05-03T09:00:00Z,2026-05-03T13:00:00Z,240
1829228,Central,CITY EAST LUDHIANA,CENTEX INTERNATIONAL,Planned,Closed,2026-05-03T09:00:00Z,2026-05-03T13:00:00Z,240
1829227,Central,CITY EAST LUDHIANA,R.K CONCAST,Planned,Closed,2026-05-03T09:00:00Z,2026-05-03T13:00:00Z,240
1829226,Central,CITY EAST LUDHIANA,NANDISH ALLOYS,Planned,Closed,2026-05-03T09:00:00Z,2026-05-03T13:00:00Z,240
1831143,East,Zirakpur,ECME,Unplanned,Closed,2026-05-03T08:59:00Z,2026-05-03T12:12:00Z,193
1831141,East,Zirakpur,SILVERCITY,Unplanned,Closed,2026-05-03T08:59:00Z,2026-05-03T09:20:00Z,21
1831140,East,Zirakpur,RANBAXY,Unplanned,Closed,2026-05-03T08:59:00Z,2026-05-03T09:20:00Z,21
1831139,East,Zirakpur,NABHA SAHIB,Unplanned,Closed,2026-05-03T08:59:00Z,2026-05-03T10:10:00Z,71
1831137,East,Zirakpur,GREEN LOTUS,Unplanned,Closed,2026-05-03T08:59:00Z,2026-05-03T12:42:00Z,223
1831136,East,Zirakpur,11 kv Japuria Feeder,Unplanned,Closed,2026-05-03T08:59:00Z,2026-05-03T10:20:00Z,81
1831131,West,FARIDKOT,CHANNU WALA AP,Unplanned,Closed,2026-05-03T08:57:32Z,2026-05-03T10:17:35Z,80
1831130,West,FARIDKOT,11 KV KOTHE RAJPOOT,Unplanned,Closed,2026-05-03T08:57:15Z,2026-05-03T10:17:20Z,80
1831050,East,ROPAR,Nikku Nangal,Unplanned,Closed,2026-05-03T08:57:00Z,2026-05-03T11:14:00Z,137
1831048,East,MOHALI,HOMI BHABHA CANCER HOSPITAL,Unplanned,Closed,2026-05-03T08:57:00Z,2026-05-03T09:05:20Z,8
1831046,East,MOHALI,PCA NEW CRICKET STADIUM MULLAN,Unplanned,Closed,2026-05-03T08:57:00Z,2026-05-03T09:27:00Z,30
1831041,East,MOHALI,Nirankari feeder,Unplanned,Closed,2026-05-03T08:57:00Z,2026-05-03T09:29:00Z,32
1831039,East,MOHALI,11 KV Manohar,Unplanned,Closed,2026-05-03T08:57:00Z,2026-05-03T09:28:00Z,31
1831037,East,MOHALI,11 KV Bansepur,Unplanned,Closed,2026-05-03T08:57:00Z,2026-05-03T09:27:00Z,30
1831028,East,MOHALI,11 KV OMAXE,Unplanned,Closed,2026-05-03T08:57:00Z,2026-05-03T09:21:00Z,24
1831024,East,MOHALI,11 KV DLF,Unplanned,Closed,2026-05-03T08:57:00Z,2026-05-03T09:28:00Z,31
1831021,East,MOHALI,"IAS,PCS Socity",Unplanned,Closed,2026-05-03T08:57:00Z,2026-05-03T09:28:00Z,31
1831020,East,MOHALI,Janta colony,Unplanned,Closed,2026-05-03T08:57:00Z,2026-05-03T12:53:00Z,236
1831019,East,MOHALI,RATWARA SAHIB,Unplanned,Closed,2026-05-03T08:57:00Z,2026-05-03T09:26:00Z,29
1831018,East,MOHALI,Mullanpur,Unplanned,Closed,2026-05-03T08:57:00Z,2026-05-03T09:24:00Z,27
1831017,East,MOHALI,NAYA GAON,Unplanned,Closed,2026-05-03T08:57:00Z,2026-05-03T09:30:18Z,33
1831007,East,MOHALI,JANTI DEVI,Unplanned,Closed,2026-05-03T08:57:00Z,2026-05-03T09:24:00Z,27
1831006,East,MOHALI,TOGGAN,Unplanned,Closed,2026-05-03T08:57:00Z,2026-05-03T09:30:00Z,33
1830992,East,ROPAR,Bhatton,Unplanned,Closed,2026-05-03T08:56:59Z,2026-05-03T12:30:59Z,214
1830991,East,ROPAR,SRAIN,Unplanned,Closed,2026-05-03T08:56:59Z,2026-05-03T12:30:59Z,214
1830990,East,ROPAR,BAINS,Unplanned,Closed,2026-05-03T08:56:59Z,2026-05-03T12:30:59Z,214
1830989,East,ROPAR,ABIANA,Unplanned,Closed,2026-05-03T08:56:59Z,2026-05-03T12:30:59Z,214
1830988,East,ROPAR,TIBBA TAPPRIAN,Unplanned,Closed,2026-05-03T08:56:59Z,2026-05-03T12:30:59Z,214
1830987,East,ROPAR,JHANDIAN,Unplanned,Closed,2026-05-03T08:56:59Z,2026-05-03T12:30:59Z,214
1831003,East,ROPAR,KALWAN,Unplanned,Closed,2026-05-03T08:56:51Z,2026-05-03T12:20:51Z,204
1831002,East,ROPAR,NALHOTI,Unplanned,Closed,2026-05-03T08:56:51Z,2026-05-03T12:20:51Z,204
1831001,East,ROPAR,BHANGLAN,Unplanned,Closed,2026-05-03T08:56:51Z,2026-05-03T12:20:51Z,204
1831000,East,ROPAR,PLATA,Unplanned,Closed,2026-05-03T08:56:51Z,2026-05-03T12:20:51Z,204
1830999,East,ROPAR,SWARA,Unplanned,Closed,2026-05-03T08:56:51Z,2026-05-03T12:20:51Z,204
1831129,West,FARIDKOT,11 KV FATEH SINGH,Unplanned,Closed,2026-05-03T08:56:47Z,2026-05-03T10:17:52Z,81
1831128,West,FARIDKOT,11 KV GHOLIA KHURD-R,Unplanned,Closed,2026-05-03T08:56:19Z,2026-05-03T10:17:28Z,81
1830982,East,ROPAR,BHAINI,Unplanned,Closed,2026-05-03T08:56:18Z,2026-05-03T12:20:18Z,204
1830981,East,ROPAR,BARWA,Unplanned,Closed,2026-05-03T08:56:18Z,2026-05-03T12:20:18Z,204
1830980,East,ROPAR,MUKARI,Unplanned,Closed,2026-05-03T08:56:18Z,2026-05-03T12:20:18Z,204
1830979,East,ROPAR,Bassi,Unplanned,Closed,2026-05-03T08:56:18Z,2026-05-03T12:20:18Z,204
1830978,East,ROPAR,HIYATPUR,Unplanned,Closed,2026-05-03T08:56:18Z,2026-05-03T12:20:18Z,204
1830977,East,ROPAR,Asmanpur,Unplanned,Closed,2026-05-03T08:56:18Z,2026-05-03T12:20:18Z,204
1830976,East,ROPAR,Thana,Unplanned,Closed,2026-05-03T08:56:18Z,2026-05-03T12:20:18Z,204
1831145,East,Zirakpur,11 KV AMBALA ROAD,Unplanned,Closed,2026-05-03T08:55:00Z,2026-05-03T10:55:00Z,120
1831132,Border,TARN TARAN,FELLOKE,Unplanned,Closed,2026-05-03T08:55:00Z,2026-05-03T11:40:00Z,165
1831089,South,SANGRUR,KHERI SAHIB UPS (EALWAL),Unplanned,Closed,2026-05-03T08:55:00Z,2026-05-03T09:50:00Z,55
1831010,North,HOSHIARPUR,Tagore Nagar,Unplanned,Closed,2026-05-03T08:51:00Z,2026-05-03T09:05:00Z,14
1830963,Central,CITY WEST LUDHIANA,VISHAL NAGAR,Unplanned,Closed,2026-05-03T08:50:09Z,2026-05-03T12:14:29Z,204
1830962,Central,CITY WEST LUDHIANA,GURU GIAN VIHAR,Unplanned,Closed,2026-05-03T08:50:09Z,2026-05-03T12:14:39Z,204
1830961,Central,CITY WEST LUDHIANA,URBAN ESTATE PH-1,Unplanned,Closed,2026-05-03T08:50:09Z,2026-05-03T10:30:00Z,99
1830960,Central,CITY WEST LUDHIANA,JAWADDI,Unplanned,Closed,2026-05-03T08:50:09Z,2026-05-03T11:04:10Z,134
1831198,North,KAPURTHALA,SHADIPUR,Unplanned,Closed,2026-05-03T08:50:00Z,2026-05-03T11:33:00Z,163
1831075,South,PATIALA,UPS LALAUDA,Unplanned,Closed,2026-05-03T08:50:00Z,2026-05-03T10:05:00Z,75
1831014,South,PATIALA,UPS Lout,Unplanned,Closed,2026-05-03T08:50:00Z,2026-05-03T09:07:00Z,17
1831005,South,PATIALA,UPS NABHA NO. 2,Unplanned,Closed,2026-05-03T08:50:00Z,2026-05-03T13:12:00Z,262
1830983,North,JALANDHAR,FATEHGARH,Unplanned,Closed,2026-05-03T08:50:00Z,2026-05-03T09:00:00Z,10
1830975,North,JALANDHAR,Urban Rural no 2,Unplanned,Closed,2026-05-03T08:50:00Z,2026-05-03T12:50:00Z,240
1830974,North,JALANDHAR,URBAN RURAL,Unplanned,Closed,2026-05-03T08:50:00Z,2026-05-03T12:51:00Z,241
1830973,South,PATIALA,MANOHAR PACKERG,Unplanned,Closed,2026-05-03T08:50:00Z,2026-05-03T09:25:00Z,35
1830972,East,ROPAR,Giani market,Unplanned,Closed,2026-05-03T08:50:00Z,2026-05-03T12:03:00Z,193
1831182,North,KAPURTHALA,UPS Sohal Khurd,Unplanned,Closed,2026-05-03T08:45:00Z,2026-05-03T09:33:00Z,48
1830971,East,ROPAR,Indira nagar,Unplanned,Closed,2026-05-03T08:45:00Z,2026-05-03T10:15:00Z,90
1830951,North,NAWANSHAHR,11 KV Begam Pur,Unplanned,Closed,2026-05-03T08:45:00Z,2026-05-03T09:38:00Z,53
1830949,North,NAWANSHAHR,FOCAL POINT,Unplanned,Closed,2026-05-03T08:45:00Z,2026-05-03T08:50:00Z,5
1830944,Border,GURDASPUR,SADANA,Unplanned,Closed,2026-05-03T08:45:00Z,2026-05-03T09:47:00Z,62
1830941,Border,GURDASPUR,KOT BHALLA,Unplanned,Closed,2026-05-03T08:45:00Z,2026-05-03T09:47:00Z,62
1830946,Central,KHANNA,SAMCAST,Unplanned,Closed,2026-05-03T08:44:44Z,2026-05-03T11:25:55Z,161
1830940,North,KAPURTHALA,URBAN MOHABAT NAGAR,Unplanned,Closed,2026-05-03T08:44:00Z,2026-05-03T10:08:00Z,84
1830942,Border,TARN TARAN,UPS Baba Risiana Ji,Unplanned,Closed,2026-05-03T08:42:00Z,2026-05-03T12:33:00Z,231
1831064,Border,TARN TARAN,24 Hrs. UPS Khemkaran,Unplanned,Closed,2026-05-03T08:41:00Z,2026-05-03T10:00:00Z,79
1831016,South,PATIALA,UPS MUGAL SARAI,Unplanned,Closed,2026-05-03T08:41:00Z,2026-05-03T08:57:00Z,16
1831011,South,PATIALA,MOHINDER GANJ,Unplanned,Closed,2026-05-03T08:41:00Z,2026-05-03T10:10:00Z,89
1831009,South,PATIALA,ANAAJ MANDI,Unplanned,Closed,2026-05-03T08:41:00Z,2026-05-03T13:40:00Z,299
1831008,South,PATIALA,INDUSTRIAL 1,Unplanned,Closed,2026-05-03T08:41:00Z,2026-05-03T11:55:00Z,194
1831004,South,PATIALA,JANDOLI,Unplanned,Closed,2026-05-03T08:41:00Z,2026-05-03T11:05:00Z,144
1830994,South,PATIALA,LAKKAR MANDI,Unplanned,Closed,2026-05-03T08:41:00Z,2026-05-03T12:00:00Z,199
1831308,South,PATIALA,A P JAIN HOSPITAL,Unplanned,Closed,2026-05-03T08:40:00Z,2026-05-03T10:20:00Z,100
1830996,South,PATIALA,UPS TUNGA,Unplanned,Closed,2026-05-03T08:40:00Z,2026-05-03T11:40:00Z,180
1830984,South,PATIALA,DALIMA,Unplanned,Closed,2026-05-03T08:40:00Z,2026-05-03T09:45:00Z,65
1830954,North,JALANDHAR,CHACHOKI COLONY,Unplanned,Closed,2026-05-03T08:40:00Z,2026-05-03T12:14:00Z,214
1830945,East,ROPAR,Nurpur Bedi,Unplanned,Closed,2026-05-03T08:40:00Z,2026-05-03T08:47:00Z,7
1830937,Border,GURDASPUR,Simbal,Unplanned,Closed,2026-05-03T08:40:00Z,2026-05-03T09:30:00Z,50
1830936,Border,GURDASPUR,Kahnuwan Road,Unplanned,Closed,2026-05-03T08:40:00Z,2026-05-03T09:30:00Z,50
1830935,Border,GURDASPUR,Greater Kailash,Unplanned,Closed,2026-05-03T08:40:00Z,2026-05-03T09:31:00Z,51
1831107,South,PATIALA,Chaunth UPS,Unplanned,Closed,2026-05-03T08:35:00Z,2026-05-03T10:25:03Z,110
1830938,Border,TARN TARAN,SAIDPUR URBAN,Unplanned,Closed,2026-05-03T08:35:00Z,2026-05-03T12:05:00Z,210
1830927,Border,GURDASPUR,KHUJALA,Planned,Closed,2026-05-03T08:35:00Z,2026-05-03T16:01:00Z,446
1830929,North,NAWANSHAHR,CIVIL HOSPITAL GARHSHANKAR,Unplanned,Closed,2026-05-03T08:32:00Z,2026-05-03T09:42:00Z,70
1830939,Border,TARN TARAN,UMRANANGAL,Unplanned,Closed,2026-05-03T08:31:00Z,2026-05-03T11:30:00Z,179
1831087,South,PATIALA,11KV NARENDRA ENCLAVE,Unplanned,Closed,2026-05-03T08:30:00Z,2026-05-03T09:23:56Z,53
1830959,South,PATIALA,UPS RAJPURA,Unplanned,Closed,2026-05-03T08:30:00Z,2026-05-03T10:20:00Z,110
1830958,South,PATIALA,kotla,Unplanned,Closed,2026-05-03T08:30:00Z,2026-05-03T13:30:00Z,300
1830957,South,PATIALA,ups Ambala Road,Unplanned,Closed,2026-05-03T08:30:00Z,2026-05-03T13:10:00Z,280
1830956,South,PATIALA,SYL (F.P),Unplanned,Closed,2026-05-03T08:30:00Z,2026-05-03T13:35:00Z,305
1830955,South,PATIALA,Omaxe,Unplanned,Closed,2026-05-03T08:30:00Z,2026-05-03T10:24:00Z,114
1830953,South,PATIALA,INDUSTRIAL NO 2 (FP),Unplanned,Closed,2026-05-03T08:30:00Z,2026-05-03T12:00:00Z,210
1830952,South,PATIALA,Bharat colony,Unplanned,Closed,2026-05-03T08:30:00Z,2026-05-03T10:05:00Z,95
1830948,South,PATIALA,SUNDER NAGAR RAJPURA,Unplanned,Closed,2026-05-03T08:30:00Z,2026-05-03T10:35:00Z,125
1830947,South,PATIALA,BABA DEEP SINGH,Unplanned,Closed,2026-05-03T08:30:00Z,2026-05-03T11:25:00Z,175
1830934,Border,GURDASPUR,Chhaurian,Unplanned,Closed,2026-05-03T08:30:00Z,2026-05-03T11:05:00Z,155
1830933,South,PATIALA,Focal Point-II,Unplanned,Closed,2026-05-03T08:30:00Z,2026-05-03T10:00:00Z,90
1831200,North,KAPURTHALA,URBAN Talwan,Unplanned,Closed,2026-05-03T08:29:00Z,2026-05-03T11:33:00Z,184
1830986,South,PATIALA,UPS SURAJPUR,Unplanned,Closed,2026-05-03T08:26:00Z,2026-05-03T10:34:00Z,128
1830924,North,HOSHIARPUR,Tagore Nagar,Unplanned,Closed,2026-05-03T08:26:00Z,2026-05-03T08:50:00Z,24
1830922,North,NAWANSHAHR,11KV GUJJARPUR,Unplanned,Closed,2026-05-03T08:26:00Z,2026-05-03T09:25:00Z,59
1830886,Border,GURDASPUR,Taragarh Cat-1,Planned,Closed,2026-05-03T08:25:56Z,2026-05-03T09:28:18Z,62
1830885,Border,GURDASPUR,Rattangarh,Planned,Closed,2026-05-03T08:25:11Z,2026-05-03T09:28:19Z,63
1830925,Border,SUB URBAN AMRITSAR,chah nighan,Unplanned,Closed,2026-05-03T08:25:00Z,2026-05-03T13:05:06Z,280
1830884,Border,GURDASPUR,Pakho Chack,Planned,Closed,2026-05-03T08:24:46Z,2026-05-03T09:28:55Z,64
1830920,North,NAWANSHAHR,Barnala Gate,Unplanned,Closed,2026-05-03T08:24:00Z,2026-05-03T08:50:00Z,26
1830918,Border,GURDASPUR,Pioneer Agro,Unplanned,Closed,2026-05-03T08:24:00Z,2026-05-03T08:55:00Z,31
1831383,South,SANGRUR,11 KV BHRAMKUMARI,Unplanned,Closed,2026-05-03T08:23:00Z,2026-05-03T11:56:00Z,213
1830923,Central,SUB URBAN LUDHIANA,UPS,Unplanned,Closed,2026-05-03T08:23:00Z,2026-05-03T10:55:00Z,152
1830950,Border,SUB URBAN AMRITSAR,Avtar Avenue,Unplanned,Closed,2026-05-03T08:22:00Z,2026-05-03T08:47:00Z,25
1830919,South,PATIALA,Deep nagar,Unplanned,Closed,2026-05-03T08:20:00Z,2026-05-03T08:40:00Z,20
1830912,South,PATIALA,UPS Rohti Basta,Unplanned,Closed,2026-05-03T08:20:00Z,2026-05-03T09:31:00Z,71
1831091,South,PATIALA,Kartarpura,Unplanned,Closed,2026-05-03T08:18:00Z,2026-05-03T10:25:02Z,127
1830908,Border,GURDASPUR,Simbal,Unplanned,Closed,2026-05-03T08:18:00Z,2026-05-03T09:45:00Z,87
1830928,South,PATIALA,UPS RAIPUR,Unplanned,Closed,2026-05-03T08:16:00Z,2026-05-03T09:34:00Z,78
1830904,Border,SUB URBAN AMRITSAR,KOTGURBAX,Unplanned,Closed,2026-05-03T08:16:00Z,2026-05-03T09:00:00Z,44
1830932,South,PATIALA,MIRZAPUR,Unplanned,Closed,2026-05-03T08:15:00Z,2026-05-03T12:50:53Z,275
1830931,South,PATIALA,11KV CHALELA OLD,Unplanned,Closed,2026-05-03T08:15:00Z,2026-05-03T11:15:59Z,180
1830930,South,PATIALA,11KV REETHKHERI NEW,Unplanned,Closed,2026-05-03T08:15:00Z,2026-05-03T10:40:38Z,145
1830921,South,PATIALA,11 KV POWER GRID,Unplanned,Closed,2026-05-03T08:15:00Z,2026-05-03T10:00:00Z,105
1830914,North,JALANDHAR,Hargobind Nagar,Unplanned,Closed,2026-05-03T08:15:00Z,2026-05-03T11:30:00Z,195
1830910,North,HOSHIARPUR,11kv Chanour UPS,Unplanned,Closed,2026-05-03T08:15:00Z,2026-05-03T09:15:00Z,60
1830892,Central,KHANNA,F C I,Unplanned,Closed,2026-05-03T08:15:00Z,2026-05-03T09:15:00Z,60
1830887,Central,KHANNA,SHIVPURI,Unplanned,Closed,2026-05-03T08:15:00Z,2026-05-03T09:20:00Z,65
1830877,Central,CITY EAST LUDHIANA,BRAHM PURI,Unplanned,Closed,2026-05-03T08:11:00Z,2026-05-03T09:45:00Z,94
1830895,Central,CITY WEST LUDHIANA,CENTRA GREENS,Unplanned,Closed,2026-05-03T08:09:23Z,2026-05-03T11:01:13Z,171
1830894,Central,CITY WEST LUDHIANA,11 KV Vikram Dutt,Unplanned,Closed,2026-05-03T08:09:23Z,2026-05-03T12:09:47Z,240
1830891,Central,CITY WEST LUDHIANA,Ranchi Colony,Unplanned,Closed,2026-05-03T08:09:23Z,2026-05-03T12:10:16Z,240
1830890,Central,CITY WEST LUDHIANA,City Enclave,Unplanned,Closed,2026-05-03T08:09:23Z,2026-05-03T11:01:23Z,172
1830888,Central,CITY WEST LUDHIANA,Roop nagar,Unplanned,Closed,2026-05-03T08:09:23Z,2026-05-03T11:10:18Z,180
1830883,Central,CITY WEST LUDHIANA,SATJOT  NAGAR,Unplanned,Closed,2026-05-03T08:09:23Z,2026-05-03T10:46:41Z,157
1830882,Central,CITY WEST LUDHIANA,11 KV Happy colony,Unplanned,Closed,2026-05-03T08:09:23Z,2026-05-03T10:45:27Z,156
1830874,Central,CITY WEST LUDHIANA,SHAM NAGAR,Unplanned,Closed,2026-05-03T08:09:23Z,2026-05-03T10:44:51Z,155
1830873,Central,CITY WEST LUDHIANA,BHAI HIMAT SINGH NAGAR,Unplanned,Closed,2026-05-03T08:09:23Z,2026-05-03T11:45:54Z,216
1830872,Central,CITY WEST LUDHIANA,BASANT AVENUE,Unplanned,Closed,2026-05-03T08:09:23Z,2026-05-03T12:10:56Z,241
1830871,Central,CITY WEST LUDHIANA,PHULLANWAL,Unplanned,Closed,2026-05-03T08:09:23Z,2026-05-03T12:12:26Z,243
1830869,Central,CITY WEST LUDHIANA,MOTI  BAGG,Unplanned,Closed,2026-05-03T08:09:23Z,2026-05-03T12:12:35Z,243
1830868,Central,CITY WEST LUDHIANA,ADARSH,Unplanned,Closed,2026-05-03T08:09:23Z,2026-05-03T12:12:46Z,243
1830867,Central,CITY WEST LUDHIANA,DANA MANDI,Unplanned,Closed,2026-05-03T08:09:23Z,2026-05-03T11:39:18Z,209
1830866,Central,CITY WEST LUDHIANA,HOUSEFED,Unplanned,Closed,2026-05-03T08:09:23Z,2026-05-03T09:59:07Z,109
1830865,Central,CITY WEST LUDHIANA,B.V.M.,Unplanned,Closed,2026-05-03T08:09:23Z,2026-05-03T12:14:22Z,244
1830864,Central,CITY WEST LUDHIANA,SATPAL MITTAL,Unplanned,Closed,2026-05-03T08:09:23Z,2026-05-03T11:04:00Z,174
1830862,Central,CITY WEST LUDHIANA,NATISH VIHAR,Unplanned,Closed,2026-05-03T08:09:23Z,2026-05-03T09:58:57Z,109
1830861,Central,CITY WEST LUDHIANA,URBAN ESTATE PH-2,Unplanned,Closed,2026-05-03T08:09:23Z,2026-05-03T11:01:52Z,172
1830860,Central,CITY WEST LUDHIANA,A W H O,Unplanned,Closed,2026-05-03T08:09:23Z,2026-05-03T12:14:03Z,244
1830859,Central,CITY WEST LUDHIANA,GLADA,Unplanned,Closed,2026-05-03T08:09:23Z,2026-05-03T11:01:59Z,172
1830858,Central,CITY WEST LUDHIANA,BDS Nagar,Unplanned,Closed,2026-05-03T08:09:23Z,2026-05-03T11:39:10Z,209
1830857,Central,CITY WEST LUDHIANA,MEHMOODPURA,Unplanned,Closed,2026-05-03T08:09:23Z,2026-05-03T09:25:19Z,75
1830856,Central,CITY WEST LUDHIANA,MANAKWAL,Unplanned,Closed,2026-05-03T08:09:23Z,2026-05-03T09:25:30Z,76
1830909,South,SANGRUR,UPS-1,Unplanned,Closed,2026-05-03T08:05:00Z,2026-05-03T11:20:00Z,195
1830876,South,PATIALA,11 KV RASULPUR,Unplanned,Closed,2026-05-03T08:05:00Z,2026-05-03T14:30:02Z,385
1830849,North,HOSHIARPUR,SUKCHAINPUR,Unplanned,Closed,2026-05-03T08:05:00Z,2026-05-03T08:30:00Z,25
1830838,Border,GURDASPUR,KISHANKOT UPS,Unplanned,Closed,2026-05-03T08:02:00Z,2026-05-03T09:52:00Z,110
1830837,Border,GURDASPUR,Cheema Khuddi,Unplanned,Closed,2026-05-03T08:02:00Z,2026-05-03T09:20:00Z,78
1830836,Border,GURDASPUR,Withwan,Unplanned,Closed,2026-05-03T08:02:00Z,2026-05-03T10:04:00Z,122
1830835,Border,GURDASPUR,Rampur Talwara,Unplanned,Closed,2026-05-03T08:02:00Z,2026-05-03T09:05:00Z,63
1830834,Border,GURDASPUR,Sri Hargobindpur,Unplanned,Closed,2026-05-03T08:02:00Z,2026-05-03T09:05:00Z,63
1830854,Border,TARN TARAN,BHAROWAL URBAN,Unplanned,Closed,2026-05-03T08:01:00Z,2026-05-03T10:01:00Z,120
1830853,South,SANGRUR,KULAR KHURD C-1,Unplanned,Closed,2026-05-03T08:01:00Z,2026-05-03T09:30:00Z,89
1830827,West,FARIDKOT,JANER UPS NEW,Unplanned,Closed,2026-05-03T08:00:13Z,2026-05-03T11:14:14Z,194
1831326,North,KAPURTHALA,UPS BHANDAL,Unplanned,Closed,2026-05-03T08:00:00Z,2026-05-03T13:48:00Z,348
1831302,North,KAPURTHALA,URBAN FATTUDHINGA,Unplanned,Closed,2026-05-03T08:00:00Z,2026-05-03T10:40:00Z,160
1831301,North,KAPURTHALA,UPS GURSAR,Unplanned,Closed,2026-05-03T08:00:00Z,2026-05-03T10:40:00Z,160
1830926,South,PATIALA,11kv GOBIND BAGH,Unplanned,Closed,2026-05-03T08:00:00Z,2026-05-03T09:35:00Z,95
1830916,Border,TARN TARAN,UPS TALWANDI BUDH SINGH,Unplanned,Closed,2026-05-03T08:00:00Z,2026-05-03T14:21:00Z,381
1830902,Central,SUB URBAN LUDHIANA,Urban Gandhi School,Unplanned,Closed,2026-05-03T08:00:00Z,2026-05-03T09:32:00Z,92
1830901,Central,SUB URBAN LUDHIANA,Urban Victoria Collage,Unplanned,Closed,2026-05-03T08:00:00Z,2026-05-03T08:40:00Z,40
1830900,Central,SUB URBAN LUDHIANA,NAGLAN,Unplanned,Closed,2026-05-03T08:00:00Z,2026-05-03T09:35:00Z,95
1830899,Central,SUB URBAN LUDHIANA,NATHUMAJRA,Unplanned,Closed,2026-05-03T08:00:00Z,2026-05-03T10:00:00Z,120
1830898,Central,SUB URBAN LUDHIANA,11 KV LEHRA UPS FEEDER,Unplanned,Closed,2026-05-03T08:00:00Z,2026-05-03T10:15:00Z,135
1830897,Central,SUB URBAN LUDHIANA,INDUSTRY,Unplanned,Closed,2026-05-03T08:00:00Z,2026-05-03T09:15:00Z,75
1830896,Central,SUB URBAN LUDHIANA,Urban New Gau Shala (City-2),Unplanned,Closed,2026-05-03T08:00:00Z,2026-05-03T10:05:00Z,125
1830847,Central,CITY WEST LUDHIANA,MODEL GRAM,Unplanned,Closed,2026-05-03T08:00:00Z,2026-05-03T09:23:00Z,83
1830846,Central,CITY WEST LUDHIANA,GULMOHAR,Unplanned,Closed,2026-05-03T08:00:00Z,2026-05-03T09:25:00Z,85
1830832,North,HOSHIARPUR,JALBHEY,Unplanned,Closed,2026-05-03T08:00:00Z,2026-05-03T09:50:00Z,110
1830831,North,HOSHIARPUR,SHAM-84,Unplanned,Closed,2026-05-03T08:00:00Z,2026-05-03T10:00:00Z,120
1830830,North,HOSHIARPUR,TARAGARH,Unplanned,Closed,2026-05-03T08:00:00Z,2026-05-03T10:00:00Z,120
1830829,North,HOSHIARPUR,PATHRALIAN,Unplanned,Closed,2026-05-03T08:00:00Z,2026-05-03T09:50:00Z,110
1829498,Central,CITY EAST LUDHIANA,BEAS HOSIERY,Planned,Closed,2026-05-03T08:00:00Z,2026-05-03T12:00:00Z,240
1829497,Central,CITY EAST LUDHIANA,SARDAR NAGAR,Planned,Closed,2026-05-03T08:00:00Z,2026-05-03T12:00:00Z,240
1830855,North,JALANDHAR,GURU GOBIND SINGH AVENUE,Unplanned,Closed,2026-05-03T07:58:00Z,2026-05-03T09:08:00Z,70
1830826,Central,CITY EAST LUDHIANA,BY PASS,Unplanned,Closed,2026-05-03T07:57:00Z,2026-05-03T10:27:00Z,150
1830844,South,SANGRUR,Khedi Naga UPS,Unplanned,Closed,2026-05-03T07:55:00Z,2026-05-03T09:30:00Z,95
1830841,South,SANGRUR,Ladwanjara C-1,Unplanned,Closed,2026-05-03T07:55:00Z,2026-05-03T10:20:00Z,145
1830818,North,JALANDHAR,11KV PARTAP BHAG,Unplanned,Closed,2026-05-03T07:55:00Z,2026-05-03T08:22:00Z,27
1830903,North,JALANDHAR,11kv Nangal shama,Unplanned,Closed,2026-05-03T07:54:00Z,2026-05-03T09:29:00Z,95
1830833,Central,SUB URBAN LUDHIANA,Urban Raikot Adda ( City-1),Unplanned,Closed,2026-05-03T07:52:00Z,2026-05-03T11:56:00Z,244
1830824,Border,TARN TARAN,MOHAN SINGH TUR,Unplanned,Closed,2026-05-03T07:50:00Z,2026-05-03T11:15:00Z,205
1830815,East,ROPAR,Udhowal kalan,Unplanned,Closed,2026-05-03T07:50:00Z,2026-05-03T08:50:00Z,60
1830813,East,ROPAR,KOHARA ROAD,Unplanned,Closed,2026-05-03T07:50:00Z,2026-05-03T08:50:00Z,60
1830812,East,ROPAR,11 KV Machiwara,Unplanned,Closed,2026-05-03T07:50:00Z,2026-05-03T08:50:00Z,60
1830811,East,ROPAR,Gani Khan Nabi Khan,Unplanned,Closed,2026-05-03T07:50:00Z,2026-05-03T08:50:00Z,60
1830807,South,PATIALA,UPS Babarpur,Unplanned,Closed,2026-05-03T07:49:00Z,2026-05-03T09:00:00Z,71
1830907,North,JALANDHAR,11KV CHANDAN NAGAR,Unplanned,Closed,2026-05-03T07:48:00Z,2026-05-03T09:01:00Z,73
1830985,East,MOHALI,11KV 66 Commercial,Unplanned,Closed,2026-05-03T07:47:00Z,2026-05-03T09:01:24Z,74
1830906,North,JALANDHAR,HARNAM DASS PURA,Unplanned,Closed,2026-05-03T07:46:00Z,2026-05-03T08:15:00Z,29
1830806,South,SANGRUR,11KV Patran Road Industry Feed,Unplanned,Closed,2026-05-03T07:46:00Z,2026-05-03T10:40:00Z,174
1830795,North,JALANDHAR,Karol bagh,Unplanned,Closed,2026-05-03T07:46:00Z,2026-05-03T09:23:00Z,97
1831190,North,KAPURTHALA,Mahuwal,Unplanned,Closed,2026-05-03T07:45:00Z,2026-05-03T09:41:00Z,116
1831187,North,KAPURTHALA,UPS Malri,Unplanned,Closed,2026-05-03T07:45:00Z,2026-05-03T11:33:00Z,228
1831185,North,KAPURTHALA,URBAN Bilga,Unplanned,Closed,2026-05-03T07:45:00Z,2026-05-03T11:33:00Z,228
1831184,North,KAPURTHALA,UPS Sangowal Bet,Unplanned,Closed,2026-05-03T07:45:00Z,2026-05-03T11:33:00Z,228
1830870,South,PATIALA,TEHSIL ROAD,Unplanned,Closed,2026-05-03T07:45:00Z,2026-05-03T08:45:00Z,60
1830839,Border,GURDASPUR,Dogar Mahesh,Unplanned,Closed,2026-05-03T07:45:00Z,2026-05-03T10:31:00Z,166
1830828,Border,TARN TARAN,ADM,Unplanned,Closed,2026-05-03T07:45:00Z,2026-05-03T08:40:00Z,55
1830821,South,PATIALA,11 KV RANDHAWA,Unplanned,Closed,2026-05-03T07:45:00Z,2026-05-03T08:45:00Z,60
1830819,South,PATIALA,Nizamniwala,Unplanned,Closed,2026-05-03T07:45:00Z,2026-05-03T08:45:00Z,60
1830810,South,BARNALA,OIL MILL,Unplanned,Closed,2026-05-03T07:45:00Z,2026-05-03T10:21:00Z,156
1830808,South,PATIALA,FAGGANMAJRA UPS,Unplanned,Closed,2026-05-03T07:45:00Z,2026-05-03T09:35:09Z,110
1830805,North,KAPURTHALA,CAT 1 BEGOWAL,Unplanned,Closed,2026-05-03T07:45:00Z,2026-05-03T09:10:00Z,85
1830793,North,JALANDHAR,DHANOWALI,Unplanned,Closed,2026-05-03T07:45:00Z,2026-05-03T09:50:00Z,125
1830792,North,JALANDHAR,GARHA,Unplanned,Closed,2026-05-03T07:45:00Z,2026-05-03T09:25:00Z,100
1830905,North,JALANDHAR,M.G.N,Unplanned,Closed,2026-05-03T07:44:00Z,2026-05-03T08:16:00Z,32
1830816,North,JALANDHAR,LADOWALI ROAD,Unplanned,Closed,2026-05-03T07:42:00Z,2026-05-03T12:45:00Z,303
1830787,North,KAPURTHALA,URBAN SHEIKHUPUR,Unplanned,Closed,2026-05-03T07:42:00Z,2026-05-03T09:30:00Z,108
1830782,South,PATIALA,INDUSTRIAL,Unplanned,Closed,2026-05-03T07:42:00Z,2026-05-03T09:52:00Z,130
1830801,East,ROPAR,11KV SEHJO MAJRA UPS,Unplanned,Closed,2026-05-03T07:40:13Z,2026-05-03T10:20:13Z,160
1830800,East,ROPAR,11 KV Kirhi Affgana,Unplanned,Closed,2026-05-03T07:40:13Z,2026-05-03T10:20:13Z,160
1830799,East,ROPAR,11KV Naanowal (UPS),Unplanned,Closed,2026-05-03T07:40:13Z,2026-05-03T10:20:13Z,160
1830798,East,ROPAR,11 KV Shatabgarh,Unplanned,Closed,2026-05-03T07:40:13Z,2026-05-03T10:20:13Z,160
1831469,Central,KHANNA,LANDHA BOWANI,Unplanned,Closed,2026-05-03T07:40:00Z,2026-05-03T12:25:00Z,285
1830803,Central,SUB URBAN LUDHIANA,SAHARAN MAJRA UPS,Unplanned,Closed,2026-05-03T07:40:00Z,2026-05-03T08:20:00Z,40
1830797,Central,SUB URBAN LUDHIANA,Bhikhi UPS,Unplanned,Closed,2026-05-03T07:40:00Z,2026-05-03T11:25:00Z,225
1830796,Central,SUB URBAN LUDHIANA,city-2,Unplanned,Closed,2026-05-03T07:40:00Z,2026-05-03T11:22:00Z,222
1830794,Central,SUB URBAN LUDHIANA,City-1,Unplanned,Closed,2026-05-03T07:40:00Z,2026-05-03T08:20:00Z,40
1830791,Central,SUB URBAN LUDHIANA,RACHHIN,Unplanned,Closed,2026-05-03T07:40:00Z,2026-05-03T08:20:00Z,40
1830790,Central,SUB URBAN LUDHIANA,Ghungrana UPS,Unplanned,Closed,2026-05-03T07:40:00Z,2026-05-03T12:50:00Z,310
1830789,South,PATIALA,11KV SAMASHPUR UPS,Unplanned,Closed,2026-05-03T07:40:00Z,2026-05-03T08:40:00Z,60
1830788,South,PATIALA,JAMITGARH UPS,Unplanned,Closed,2026-05-03T07:40:00Z,2026-05-03T08:40:00Z,60
1830786,South,PATIALA,LOHSIMBLI (LOHSIMBLI),Unplanned,Closed,2026-05-03T07:40:00Z,2026-05-03T08:40:00Z,60
1830784,North,KAPURTHALA,URBAN Hamira,Unplanned,Closed,2026-05-03T07:40:00Z,2026-05-03T08:25:00Z,45
1830763,Border,TARN TARAN,JODHPUR UPS,Unplanned,Closed,2026-05-03T07:40:00Z,2026-05-03T09:55:00Z,135
1830760,North,KAPURTHALA,UPS SATABGARH,Unplanned,Closed,2026-05-03T07:40:00Z,2026-05-03T08:35:00Z,55
1830758,North,KAPURTHALA,UPS Sherpur Sadha,Unplanned,Closed,2026-05-03T07:40:00Z,2026-05-03T08:35:00Z,55
1830756,North,KAPURTHALA,UPS LODHIWAL,Unplanned,Closed,2026-05-03T07:40:00Z,2026-05-03T08:35:00Z,55
1830754,North,KAPURTHALA,UPS MEER PUR,Unplanned,Closed,2026-05-03T07:40:00Z,2026-05-03T08:35:00Z,55
1830753,Central,CITY EAST LUDHIANA,SEKHEWAL,Unplanned,Closed,2026-05-03T07:40:00Z,2026-05-03T09:44:00Z,124
1830779,South,PATIALA,Lower Mall,Unplanned,Closed,2026-05-03T07:38:00Z,2026-05-03T08:35:00Z,57
1830759,South,SANGRUR,Markfed,Unplanned,Closed,2026-05-03T07:38:00Z,2026-05-03T11:56:00Z,258
1830726,North,KAPURTHALA,Arya Nagar,Unplanned,Closed,2026-05-03T07:38:00Z,2026-05-03T08:24:00Z,46
1830724,North,JALANDHAR,Railway Road,Unplanned,Closed,2026-05-03T07:37:00Z,2026-05-03T08:15:00Z,38
1830964,East,MOHALI,Kasauli,Unplanned,Closed,2026-05-03T07:35:50Z,2026-05-03T08:17:00Z,41
1830970,South,PATIALA,UPS 3-Wire Shambhu,Unplanned,Closed,2026-05-03T07:35:00Z,2026-05-03T15:05:00Z,450
1830968,South,PATIALA,SYL,Unplanned,Closed,2026-05-03T07:35:00Z,2026-05-03T10:25:00Z,170
1830966,South,PATIALA,UPS TEPLA,Unplanned,Closed,2026-05-03T07:35:00Z,2026-05-03T10:25:00Z,170
1830915,North,JALANDHAR,NEW WARYANA COMPLEX NO.1,Unplanned,Closed,2026-05-03T07:35:00Z,2026-05-03T10:12:00Z,157
1830764,North,HOSHIARPUR,Ahiapur,Unplanned,Closed,2026-05-03T07:35:00Z,2026-05-03T09:56:00Z,141
1830762,North,HOSHIARPUR,URMAR,Unplanned,Closed,2026-05-03T07:35:00Z,2026-05-03T09:56:00Z,141
1830751,North,JALANDHAR,Kot kala,Unplanned,Closed,2026-05-03T07:35:00Z,2026-05-03T09:20:00Z,105
1830743,North,JALANDHAR,Vajra Vihar,Unplanned,Closed,2026-05-03T07:35:00Z,2026-05-03T10:40:00Z,185
1830739,North,JALANDHAR,PROFFESSER COLONY,Unplanned,Closed,2026-05-03T07:35:00Z,2026-05-03T09:15:00Z,100
1830731,North,JALANDHAR,PAP,Unplanned,Closed,2026-05-03T07:35:00Z,2026-05-03T10:20:00Z,165
1830804,South,BARNALA,11KV TARAKSHEEL ROAD,Unplanned,Closed,2026-05-03T07:34:00Z,2026-05-03T09:42:00Z,128
1830659,North,JALANDHAR,INDIAN OIL,Unplanned,Closed,2026-05-03T07:34:00Z,2026-05-03T09:25:00Z,111
1830655,North,JALANDHAR,Pruthi Hospital,Unplanned,Closed,2026-05-03T07:34:00Z,2026-05-03T09:42:00Z,128
1830718,Central,CITY WEST LUDHIANA,SAS NAGAR,Unplanned,Closed,2026-05-03T07:33:48Z,2026-05-03T09:36:28Z,122
1830717,Central,CITY WEST LUDHIANA,UDAM SINGH,Unplanned,Closed,2026-05-03T07:33:48Z,2026-05-03T09:36:16Z,122
1830716,Central,CITY WEST LUDHIANA,OVERLOCK,Unplanned,Closed,2026-05-03T07:33:48Z,2026-05-03T09:36:49Z,123
1830715,Central,CITY WEST LUDHIANA,M.I.G. FLATS,Unplanned,Closed,2026-05-03T07:33:48Z,2026-05-03T09:36:42Z,122
1830714,Central,CITY WEST LUDHIANA,RAM NAGAR FEEDER,Unplanned,Closed,2026-05-03T07:33:48Z,2026-05-03T09:36:28Z,122
1830713,Central,CITY WEST LUDHIANA,MUNJAL FEEDER,Unplanned,Closed,2026-05-03T07:33:48Z,2026-05-03T09:36:11Z,122
1830712,Central,CITY WEST LUDHIANA,BHAGWAN CHOWK,Unplanned,Closed,2026-05-03T07:33:48Z,2026-05-03T09:36:55Z,123
1830711,Central,CITY WEST LUDHIANA,Pahwa Feeder,Unplanned,Closed,2026-05-03T07:33:48Z,2026-05-03T09:36:30Z,122
1830710,Central,CITY WEST LUDHIANA,SANGEET FEEDER,Unplanned,Closed,2026-05-03T07:33:48Z,2026-05-03T09:37:18Z,123
1830709,Central,CITY WEST LUDHIANA,K.W. FEEDER,Unplanned,Closed,2026-05-03T07:33:48Z,2026-05-03T09:36:12Z,122
1830708,Central,CITY WEST LUDHIANA,HIGHWAY FEEDER,Unplanned,Closed,2026-05-03T07:33:48Z,2026-05-03T09:35:05Z,121
1830707,Central,CITY WEST LUDHIANA,POPULAR FEEDER,Unplanned,Closed,2026-05-03T07:33:48Z,2026-05-03T09:36:56Z,123
1830706,Central,CITY WEST LUDHIANA,Rolex Feeder,Unplanned,Closed,2026-05-03T07:33:48Z,2026-05-03T09:36:43Z,122
1830705,Central,CITY WEST LUDHIANA,NATIONAL FEEDER,Unplanned,Closed,2026-05-03T07:33:48Z,2026-05-03T09:36:23Z,122
1830704,Central,CITY WEST LUDHIANA,DASHMESH NAGAR FEEDER,Unplanned,Closed,2026-05-03T07:33:48Z,2026-05-03T09:36:11Z,122
1830703,Central,CITY WEST LUDHIANA,PARTAP NAGAR FEEDER,Unplanned,Closed,2026-05-03T07:33:48Z,2026-05-03T09:36:03Z,122
1830702,Central,CITY WEST LUDHIANA,METRO FEEDER,Unplanned,Closed,2026-05-03T07:33:48Z,2026-05-03T09:35:46Z,121
1830696,Central,CITY WEST LUDHIANA,Kartar Chowk,Unplanned,Closed,2026-05-03T07:33:34Z,2026-05-03T09:36:08Z,122
1830695,Central,CITY WEST LUDHIANA,Maya Soap Street,Unplanned,Closed,2026-05-03T07:33:34Z,2026-05-03T09:37:18Z,123
1830694,Central,CITY WEST LUDHIANA,MICROWAVE FEEDER,Unplanned,Closed,2026-05-03T07:33:34Z,2026-05-03T09:36:03Z,122
1830693,Central,CITY WEST LUDHIANA,SATSANG GHAR,Unplanned,Closed,2026-05-03T07:33:34Z,2026-05-03T09:38:54Z,125
1830692,Central,CITY WEST LUDHIANA,MANDI BOARD,Unplanned,Closed,2026-05-03T07:33:34Z,2026-05-03T09:37:37Z,124
1830691,Central,CITY WEST LUDHIANA,SATGURU NAGAR,Unplanned,Closed,2026-05-03T07:33:34Z,2026-05-03T09:36:24Z,122
1830690,Central,CITY WEST LUDHIANA,WAHEGURU ROAD,Unplanned,Closed,2026-05-03T07:33:34Z,2026-05-03T09:37:52Z,124
1830689,Central,CITY WEST LUDHIANA,JAIMAL ROAD,Unplanned,Closed,2026-05-03T07:33:34Z,2026-05-03T09:37:44Z,124
1830688,Central,CITY WEST LUDHIANA,GOLDEN PARK,Unplanned,Closed,2026-05-03T07:33:34Z,2026-05-03T09:36:42Z,123
1830687,Central,CITY WEST LUDHIANA,GURPAL NAGAR FEEDER,Unplanned,Closed,2026-05-03T07:33:34Z,2026-05-03T09:37:23Z,123
1830686,Central,CITY WEST LUDHIANA,BAROTA ROAD,Unplanned,Closed,2026-05-03T07:33:34Z,2026-05-03T09:36:06Z,122
1830685,Central,CITY WEST LUDHIANA,KALGIDHAR MARG,Unplanned,Closed,2026-05-03T07:33:34Z,2026-05-03T09:35:57Z,122
1830684,Central,CITY WEST LUDHIANA,RANJIT NAGAR FEEDER,Unplanned,Closed,2026-05-03T07:33:34Z,2026-05-03T09:36:43Z,123
1830683,Central,CITY WEST LUDHIANA,HERKRISHAN NAGAR FEEDER,Unplanned,Closed,2026-05-03T07:33:34Z,2026-05-03T09:36:34Z,123
1830682,Central,CITY WEST LUDHIANA,AVON FEEDER,Unplanned,Closed,2026-05-03T07:33:34Z,2026-05-03T09:36:24Z,122
1830681,Central,CITY WEST LUDHIANA,NEW JANTA NAGAR,Unplanned,Closed,2026-05-03T07:33:34Z,2026-05-03T09:36:10Z,122
1830680,Central,CITY WEST LUDHIANA,GOBIND NAGAR FEEDER,Unplanned,Closed,2026-05-03T07:33:34Z,2026-05-03T09:35:59Z,122
1830679,Central,CITY WEST LUDHIANA,RADHA SWAMI ROAD,Unplanned,Closed,2026-05-03T07:33:34Z,2026-05-03T09:36:42Z,123
1830678,Central,CITY WEST LUDHIANA,KOT MANGAL SINGH,Unplanned,Closed,2026-05-03T07:33:34Z,2026-05-03T09:36:29Z,122
1830677,Central,CITY WEST LUDHIANA,PREET NAGAR FEEDER,Unplanned,Closed,2026-05-03T07:33:34Z,2026-05-03T09:37:18Z,123
1830676,Central,CITY WEST LUDHIANA,CHET SINGH NAGAR,Unplanned,Closed,2026-05-03T07:33:34Z,2026-05-03T09:36:07Z,122
1830675,Central,CITY WEST LUDHIANA,GILL ROAD FEEDER,Unplanned,Closed,2026-05-03T07:33:34Z,2026-05-03T09:36:59Z,123
1830674,Central,CITY WEST LUDHIANA,STAR ROAD FEEDER,Unplanned,Closed,2026-05-03T07:33:34Z,2026-05-03T09:36:50Z,123
1830673,Central,CITY WEST LUDHIANA,ISHER NAGAR FEEDER,Unplanned,Closed,2026-05-03T07:33:34Z,2026-05-03T09:36:25Z,122
1830672,Central,CITY WEST LUDHIANA,ESTATE FEEDER,Unplanned,Closed,2026-05-03T07:33:34Z,2026-05-03T09:36:05Z,122
1830671,Central,CITY WEST LUDHIANA,Baghi Stand,Unplanned,Closed,2026-05-03T07:33:34Z,2026-05-03T09:36:50Z,123
1830670,Central,CITY WEST LUDHIANA,SOKHI FEEDER,Unplanned,Closed,2026-05-03T07:33:34Z,2026-05-03T09:36:31Z,122
1830669,Central,CITY WEST LUDHIANA,DABA ROAD FEEDER,Unplanned,Closed,2026-05-03T07:33:34Z,2026-05-03T09:36:23Z,122
1830668,Central,CITY WEST LUDHIANA,BASANT FEEDER,Unplanned,Closed,2026-05-03T07:33:34Z,2026-05-03T09:36:04Z,122
1830667,Central,CITY WEST LUDHIANA,KARNAIL SINGH NAGAR FEEDER,Unplanned,Closed,2026-05-03T07:33:34Z,2026-05-03T09:36:49Z,123
1830666,Central,CITY WEST LUDHIANA,MERADO FEEDER,Unplanned,Closed,2026-05-03T07:33:34Z,2026-05-03T09:36:38Z,123
1830665,Central,CITY WEST LUDHIANA,RERU SAHIB ROAD FEEDER,Unplanned,Closed,2026-05-03T07:33:34Z,2026-05-03T09:36:25Z,122
1830664,Central,CITY WEST LUDHIANA,AZAD NAGAR FEEDER,Unplanned,Closed,2026-05-03T07:33:34Z,2026-05-03T09:36:09Z,122
1830663,Central,CITY WEST LUDHIANA,LOHARA,Unplanned,Closed,2026-05-03T07:33:34Z,2026-05-03T09:36:57Z,123
1830662,Central,CITY WEST LUDHIANA,SHIMLA PURI FEEDER,Unplanned,Closed,2026-05-03T07:33:34Z,2026-05-03T09:37:54Z,124
1830661,Central,CITY WEST LUDHIANA,GURU NANAK STREET FEEDER,Unplanned,Closed,2026-05-03T07:33:34Z,2026-05-03T09:36:37Z,123
1831612,East,MOHALI,scada-1,Unplanned,Closed,2026-05-03T07:33:00Z,2026-05-03T13:15:00Z,342
1831611,East,MOHALI,QUARK CITY,Unplanned,Closed,2026-05-03T07:33:00Z,2026-05-03T18:00:36Z,627
1831610,East,MOHALI,11 KV jLPLSec-90 91,Unplanned,Closed,2026-05-03T07:33:00Z,2026-05-03T13:41:00Z,368
1831609,East,MOHALI,Sec 74-A,Unplanned,Closed,2026-05-03T07:33:00Z,2026-05-03T16:28:06Z,535
1831607,East,MOHALI,Sec 74-B,Unplanned,Closed,2026-05-03T07:33:00Z,2026-05-03T13:05:00Z,332
1831606,East,MOHALI,11KV DGR Feeder,Unplanned,Closed,2026-05-03T07:33:00Z,2026-05-03T18:01:50Z,628
1831605,East,MOHALI,11 KV Sec 74 D,Unplanned,Closed,2026-05-03T07:33:00Z,2026-05-03T13:00:00Z,327
1831603,East,MOHALI,11 KV Sec-74-C,Unplanned,Closed,2026-05-03T07:33:00Z,2026-05-03T16:27:38Z,534
1831602,East,MOHALI,COURT COMPLEX,Unplanned,Closed,2026-05-03T07:33:00Z,2026-05-03T15:00:00Z,447
1831601,East,MOHALI,Industrial 8A,Unplanned,Closed,2026-05-03T07:33:00Z,2026-05-03T16:29:26Z,536
1831600,East,MOHALI,BSF,Unplanned,Closed,2026-05-03T07:33:00Z,2026-05-03T13:42:58Z,369
1831598,East,MOHALI,HINDUSTAN TIMES,Unplanned,Closed,2026-05-03T07:33:00Z,2026-05-03T16:28:54Z,535
1831597,East,MOHALI,SWARAJ R&D,Unplanned,Closed,2026-05-03T07:33:00Z,2026-05-03T16:28:29Z,535
1831596,East,MOHALI,LANDRAN,Unplanned,Closed,2026-05-03T07:33:00Z,2026-05-03T13:58:24Z,385
1831595,East,MOHALI,11 KV Sec-73,Unplanned,Closed,2026-05-03T07:33:00Z,2026-05-03T18:01:31Z,628
1831594,East,MOHALI,BSNL,Unplanned,Closed,2026-05-03T07:33:00Z,2026-05-03T18:00:00Z,627
1831593,East,MOHALI,11 KV Sec-72 D,Unplanned,Closed,2026-05-03T07:33:00Z,2026-05-03T18:01:47Z,628
1831590,East,MOHALI,11 KV Connect,Unplanned,Closed,2026-05-03T07:33:00Z,2026-05-03T14:43:00Z,430
1831589,East,MOHALI,72-B,Unplanned,Closed,2026-05-03T07:33:00Z,2026-05-03T18:00:26Z,627
1831588,East,MOHALI,Punwire,Unplanned,Closed,2026-05-03T07:33:00Z,2026-05-03T18:00:16Z,627
1831587,East,MOHALI,SOHANA,Unplanned,Closed,2026-05-03T07:33:00Z,2026-05-03T15:00:00Z,447
1831585,East,MOHALI,URBAN III,Unplanned,Closed,2026-05-03T07:33:00Z,2026-05-03T14:33:00Z,420
1831584,East,MOHALI,72-A,Unplanned,Closed,2026-05-03T07:33:00Z,2026-05-03T18:01:03Z,628
1831583,East,MOHALI,ESPL,Unplanned,Closed,2026-05-03T07:33:00Z,2026-05-03T18:01:49Z,628
1831582,East,MOHALI,Sec 72-C,Unplanned,Closed,2026-05-03T07:33:00Z,2026-05-03T18:02:18Z,629
1831581,East,MOHALI,Urban II,Unplanned,Closed,2026-05-03T07:33:00Z,2026-05-03T13:01:57Z,328
1831579,East,MOHALI,Ind Ph 7,Unplanned,Closed,2026-05-03T07:33:00Z,2026-05-03T18:01:03Z,628
1830893,South,BARNALA,CHEEMA,Unplanned,Closed,2026-05-03T07:33:00Z,2026-05-03T11:00:00Z,207
1830993,East,MOHALI,11KV Sec-108,Unplanned,Closed,2026-05-03T07:32:00Z,2026-05-03T09:55:00Z,143
1830965,South,PATIALA,SARHIND ROAD,Unplanned,Closed,2026-05-03T07:32:00Z,2026-05-03T11:18:00Z,226
1830657,North,NAWANSHAHR,Fambra,Unplanned,Closed,2026-05-03T07:32:00Z,2026-05-03T07:50:00Z,18
1830656,North,NAWANSHAHR,MEHRAMPUR,Unplanned,Closed,2026-05-03T07:32:00Z,2026-05-03T08:30:00Z,58
1830653,Border,GURDASPUR,Najo Chack,Unplanned,Closed,2026-05-03T07:32:00Z,2026-05-03T07:46:00Z,14
1831201,South,BARNALA,Talwandi Cat-1,Unplanned,Closed,2026-05-03T07:31:00Z,2026-05-03T09:40:00Z,129
1830969,East,MOHALI,11KV AMBIKA,Unplanned,Closed,2026-05-03T07:31:00Z,2026-05-03T09:55:30Z,144
1830967,East,MOHALI,11KV DHARAMGARH UPS,Unplanned,Closed,2026-05-03T07:31:00Z,2026-05-03T09:55:00Z,144
1830842,South,BARNALA,Mansa Road,Unplanned,Closed,2026-05-03T07:31:00Z,2026-05-03T10:30:00Z,179
1830651,North,NAWANSHAHR,11 KV JABOWAL,Unplanned,Closed,2026-05-03T07:31:00Z,2026-05-03T08:16:00Z,45
1830650,North,NAWANSHAHR,11kv Behloor Kalan,Unplanned,Closed,2026-05-03T07:31:00Z,2026-05-03T07:55:00Z,24
1830649,North,NAWANSHAHR,KAHLON,Unplanned,Closed,2026-05-03T07:31:00Z,2026-05-03T08:45:00Z,74
1830647,North,NAWANSHAHR,Hussain Chack,Unplanned,Closed,2026-05-03T07:31:00Z,2026-05-03T08:40:00Z,69
1831653,East,MOHALI,Sec-61c,Unplanned,Closed,2026-05-03T07:30:00Z,2026-05-03T16:43:27Z,553
1831651,East,MOHALI,11 KV Sector-71,Unplanned,Closed,2026-05-03T07:30:00Z,2026-05-03T20:16:45Z,766
1831650,East,MOHALI,SEC-61B,Unplanned,Closed,2026-05-03T07:30:00Z,2026-05-03T16:43:08Z,553
1831649,East,MOHALI,SEC-61A,Unplanned,Closed,2026-05-03T07:30:00Z,2026-05-03T18:01:58Z,631
1831648,East,MOHALI,70-A,Unplanned,Closed,2026-05-03T07:30:00Z,2026-05-03T18:00:00Z,630
1831161,East,ROPAR,MODEL TOWN,Unplanned,Closed,2026-05-03T07:30:00Z,2026-05-03T08:21:00Z,51
1830917,South,SANGRUR,M & M SCHOOL,Unplanned,Closed,2026-05-03T07:30:00Z,2026-05-03T11:05:00Z,215
1830913,North,JALANDHAR,11 kv Euro,Unplanned,Closed,2026-05-03T07:30:00Z,2026-05-03T11:10:00Z,220
1830843,South,BARNALA,PHARWAHI 24 Hrs.,Unplanned,Closed,2026-05-03T07:30:00Z,2026-05-03T09:26:00Z,116
1830785,South,PATIALA,11kv GOBIND BAGH,Unplanned,Closed,2026-05-03T07:30:00Z,2026-05-03T07:51:00Z,21
1830776,Central,SUB URBAN LUDHIANA,URBAN BAJRANG AKHARA,Unplanned,Closed,2026-05-03T07:30:00Z,2026-05-03T13:02:00Z,332
1830761,Central,SUB URBAN LUDHIANA,Urban Anad Isher School,Unplanned,Closed,2026-05-03T07:30:00Z,2026-05-03T09:25:00Z,115
1830744,North,JALANDHAR,GADAI PUR - 2,Unplanned,Closed,2026-05-03T07:30:00Z,2026-05-03T10:01:00Z,151
1830738,South,PATIALA,Panchvati Feeder,Unplanned,Closed,2026-05-03T07:30:00Z,2026-05-03T07:50:38Z,20
1830736,South,PATIALA,Urban Estate Phase -4,Unplanned,Closed,2026-05-03T07:30:00Z,2026-05-03T07:50:56Z,20
1830735,South,PATIALA,Rishi Colony Feeder,Unplanned,Closed,2026-05-03T07:30:00Z,2026-05-03T07:50:47Z,20
1830734,South,PATIALA,DEELWAL,Unplanned,Closed,2026-05-03T07:30:00Z,2026-05-03T07:50:00Z,20
1830733,South,PATIALA,FRIENDS COLONY,Unplanned,Closed,2026-05-03T07:30:00Z,2026-05-03T07:50:00Z,20
1830732,South,PATIALA,PROFESSOR COLONY,Unplanned,Closed,2026-05-03T07:30:00Z,2026-05-03T07:50:00Z,20
1830730,South,PATIALA,DAV FEEDER,Unplanned,Closed,2026-05-03T07:30:00Z,2026-05-03T07:50:00Z,20
1830729,South,PATIALA,MEHTA COLONY,Unplanned,Closed,2026-05-03T07:30:00Z,2026-05-03T07:50:00Z,20
1830728,South,PATIALA,BANK FEEDER,Unplanned,Closed,2026-05-03T07:30:00Z,2026-05-03T07:50:03Z,20
1830725,South,PATIALA,SALARIA VIHAR,Unplanned,Closed,2026-05-03T07:30:00Z,2026-05-03T07:50:31Z,20
1830723,South,PATIALA,URBAN ESTATE,Unplanned,Closed,2026-05-03T07:30:00Z,2026-05-03T07:50:00Z,20
1830721,South,PATIALA,11 KV URBAN ESTATE,Unplanned,Closed,2026-05-03T07:30:00Z,2026-05-03T08:15:48Z,45
1830719,South,PATIALA,rajpura road,Unplanned,Closed,2026-05-03T07:30:00Z,2026-05-03T08:15:00Z,45
1830701,South,PATIALA,11 KV BANK FEEDER,Unplanned,Closed,2026-05-03T07:30:00Z,2026-05-03T08:15:00Z,45
1830700,South,PATIALA,11 KV UPS-2 ?azror Feeder,Unplanned,Closed,2026-05-03T07:30:00Z,2026-05-03T08:15:11Z,45
1830698,South,PATIALA,11 KV UPS 1,Unplanned,Closed,2026-05-03T07:30:00Z,2026-05-03T08:15:00Z,45
1830697,South,PATIALA,11 KV BAHADURGARH,Unplanned,Closed,2026-05-03T07:30:00Z,2026-05-03T08:15:00Z,45
1830660,North,KAPURTHALA,Fateh Jalal,Unplanned,Closed,2026-05-03T07:30:00Z,2026-05-03T08:12:00Z,42
1830644,North,JALANDHAR,11 KV BASTI DANISHMANDA,Unplanned,Closed,2026-05-03T07:30:00Z,2026-05-03T10:55:00Z,205
1830636,North,JALANDHAR,11 KV Lal Kurti Feeder,Unplanned,Closed,2026-05-03T07:30:00Z,2026-05-03T10:25:00Z,175
1830750,South,PATIALA,11 KV PUNJABI BAGH,Unplanned,Closed,2026-05-03T07:29:13Z,2026-05-03T08:29:00Z,59
1831076,East,MOHALI,11KV 82 ALPHA,Unplanned,Closed,2026-05-03T07:29:00Z,2026-05-03T09:15:48Z,106
1831074,East,MOHALI,11KV 66B,Unplanned,Closed,2026-05-03T07:29:00Z,2026-05-03T09:30:48Z,121
1831071,East,MOHALI,11KV One Business,Unplanned,Closed,2026-05-03T07:29:00Z,2026-05-03T09:17:48Z,108
1831069,East,MOHALI,11KV Sector 101,Unplanned,Closed,2026-05-03T07:29:00Z,2026-05-03T09:28:48Z,119
1831067,East,MOHALI,11KV 83 ALPHA COMMERCIAL,Unplanned,Closed,2026-05-03T07:29:00Z,2026-05-03T10:05:48Z,156
1831063,East,MOHALI,11KV BLOCK-C,Unplanned,Closed,2026-05-03T07:29:00Z,2026-05-03T09:16:48Z,107
1831060,East,MOHALI,11KV MANAV RACHNA,Unplanned,Closed,2026-05-03T07:29:00Z,2026-05-03T09:17:48Z,108
1831059,East,MOHALI,11KV GMI,Unplanned,Closed,2026-05-03T07:29:00Z,2026-05-03T09:30:48Z,121
1831053,East,MOHALI,11KV BARI AP,Unplanned,Closed,2026-05-03T07:29:00Z,2026-05-03T10:40:08Z,191
1830652,North,JALANDHAR,G.T.ROAD,Unplanned,Closed,2026-05-03T07:29:00Z,2026-05-03T12:30:00Z,301
1830638,North,JALANDHAR,11KV SALEMPUR,Unplanned,Closed,2026-05-03T07:29:00Z,2026-05-03T08:12:00Z,43
1830740,North,KAPURTHALA,UPS Sunner Kalan,Unplanned,Closed,2026-05-03T07:28:00Z,2026-05-03T09:41:00Z,133
1830749,South,PATIALA,Hira Nagar,Unplanned,Closed,2026-05-03T07:27:00Z,2026-05-03T07:37:00Z,10
1830748,South,PATIALA,Leela Bhawan,Unplanned,Closed,2026-05-03T07:27:00Z,2026-05-03T07:38:00Z,11
1830727,North,JALANDHAR,KHURLA KINGRA,Unplanned,Closed,2026-05-03T07:27:00Z,2026-05-03T08:57:00Z,90
1830643,North,JALANDHAR,11 KV Manbro,Unplanned,Closed,2026-05-03T07:26:00Z,2026-05-03T10:10:00Z,164
1830611,East,ROPAR,11 KV Bhanaupli-2,Unplanned,Closed,2026-05-03T07:25:59Z,2026-05-03T09:05:18Z,99
1830720,Border,CITY AMRITSAR,Dilbagh Nagar,Unplanned,Closed,2026-05-03T07:25:49Z,2026-05-03T09:15:33Z,109
1831658,East,MOHALI,11KV MK TECHNOLOGY,Unplanned,Closed,2026-05-03T07:25:00Z,2026-05-03T11:50:00Z,265
1831657,East,MOHALI,11KV SIGNATURE CITY,Unplanned,Closed,2026-05-03T07:25:00Z,2026-05-03T11:50:00Z,265
1831656,East,MOHALI,11KV DERRI UPS,Unplanned,Closed,2026-05-03T07:25:00Z,2026-05-03T11:50:00Z,265
1831643,East,MOHALI,11KV MANAULI AP,Unplanned,Closed,2026-05-03T07:25:00Z,2026-05-03T12:45:00Z,320
1831441,East,MOHALI,11 KV BATHLANA UPS,Unplanned,Closed,2026-05-03T07:25:00Z,2026-05-03T10:55:00Z,210
1831437,East,MOHALI,11KV KAMBALA UPS,Unplanned,Closed,2026-05-03T07:25:00Z,2026-05-03T10:50:00Z,205
1831090,North,JALANDHAR,11 KV Gurmehar Enclave,Unplanned,Closed,2026-05-03T07:25:00Z,2026-05-03T09:58:00Z,153
1830911,North,JALANDHAR,11KV JUNEJA FORGING,Unplanned,Closed,2026-05-03T07:25:00Z,2026-05-03T11:54:00Z,269
1830620,North,JALANDHAR,SOFIPIND,Unplanned,Closed,2026-05-03T07:25:00Z,2026-05-03T09:15:00Z,110
1830619,North,HOSHIARPUR,Tajowal,Unplanned,Closed,2026-05-03T07:25:00Z,2026-05-03T09:20:00Z,115
1830617,North,HOSHIARPUR,MUKHLANA,Unplanned,Closed,2026-05-03T07:25:00Z,2026-05-03T09:20:00Z,115
1830616,North,HOSHIARPUR,HARKOWAL,Unplanned,Closed,2026-05-03T07:25:00Z,2026-05-03T09:20:00Z,115
1830613,North,HOSHIARPUR,MANA,Unplanned,Closed,2026-05-03T07:25:00Z,2026-05-03T09:20:00Z,115
1830606,South,PATIALA,11 KV RADHA SWAMI ROAD,Unplanned,Closed,2026-05-03T07:25:00Z,2026-05-03T08:35:00Z,70
1830863,South,BARNALA,BEEHLA 24 Hrs.,Unplanned,Closed,2026-05-03T07:23:00Z,2026-05-03T08:51:00Z,88
1830595,North,KAPURTHALA,UPS Ambgarh,Unplanned,Closed,2026-05-03T07:22:00Z,2026-05-03T07:52:00Z,30
1830777,South,PATIALA,Industrial Estate(old),Unplanned,Closed,2026-05-03T07:21:00Z,2026-05-03T07:55:00Z,34
1830775,South,PATIALA,Alipur,Unplanned,Closed,2026-05-03T07:21:00Z,2026-05-03T07:55:00Z,34
1830773,South,PATIALA,Jhill,Unplanned,Closed,2026-05-03T07:21:00Z,2026-05-03T07:55:00Z,34
1830889,North,JALANDHAR,KOTLA ROAD,Unplanned,Closed,2026-05-03T07:20:00Z,2026-05-03T11:25:00Z,245
1830825,North,NAWANSHAHR,UPS-5,Unplanned,Closed,2026-05-03T07:20:00Z,2026-05-03T08:58:15Z,98
1830823,North,NAWANSHAHR,UPS-4,Unplanned,Closed,2026-05-03T07:20:00Z,2026-05-03T12:45:00Z,325
1830822,North,NAWANSHAHR,UPS-3,Unplanned,Closed,2026-05-03T07:20:00Z,2026-05-03T08:57:24Z,97
1830820,North,NAWANSHAHR,UPS-2,Unplanned,Closed,2026-05-03T07:20:00Z,2026-05-03T08:41:13Z,81
1830817,North,NAWANSHAHR,UPS-1,Unplanned,Closed,2026-05-03T07:20:00Z,2026-05-03T08:54:41Z,94
1830814,North,NAWANSHAHR,City Behram,Unplanned,Closed,2026-05-03T07:20:00Z,2026-05-03T11:07:15Z,227
1830809,Border,TARN TARAN,MUGLANI,Unplanned,Closed,2026-05-03T07:20:00Z,2026-05-03T09:50:00Z,150
1830802,Border,TARN TARAN,11 KV Industrial Feeder,Unplanned,Closed,2026-05-03T07:20:00Z,2026-05-03T09:02:00Z,102
1830783,East,ROPAR,Sehauran,Unplanned,Closed,2026-05-03T07:20:00Z,2026-05-03T11:32:00Z,252
1830781,East,ROPAR,UPS BHAGOMAJRA,Unplanned,Closed,2026-05-03T07:20:00Z,2026-05-03T10:43:00Z,203
1830778,East,ROPAR,RORA,Unplanned,Closed,2026-05-03T07:20:00Z,2026-05-03T11:27:00Z,247
1830774,East,ROPAR,Ranjit Nagar,Unplanned,Closed,2026-05-03T07:20:00Z,2026-05-03T12:24:00Z,304
1830772,East,ROPAR,KHANPUR,Unplanned,Closed,2026-05-03T07:20:00Z,2026-05-03T10:27:00Z,187
1830757,East,ROPAR,Rangian,Unplanned,Closed,2026-05-03T07:20:00Z,2026-05-03T11:00:00Z,220
1830755,East,ROPAR,ANAJ MANDI,Unplanned,Closed,2026-05-03T07:20:00Z,2026-05-03T12:45:00Z,325
1830752,East,ROPAR,CITY KHARAR,Unplanned,Closed,2026-05-03T07:20:00Z,2026-05-03T11:28:00Z,248
1830641,North,JALANDHAR,Alipur,Unplanned,Closed,2026-05-03T07:20:00Z,2026-05-03T08:30:00Z,70
1830639,North,JALANDHAR,Lilly Resort,Unplanned,Closed,2026-05-03T07:20:00Z,2026-05-03T09:30:00Z,130
1830637,North,NAWANSHAHR,11 KV UPS,Unplanned,Closed,2026-05-03T07:20:00Z,2026-05-03T09:58:54Z,158
1830618,North,JALANDHAR,BHODE SAPRAI,Unplanned,Closed,2026-05-03T07:20:00Z,2026-05-03T09:20:00Z,120
1830615,North,JALANDHAR,Sewerage Board,Unplanned,Closed,2026-05-03T07:20:00Z,2026-05-03T08:50:00Z,90
1830610,North,KAPURTHALA,preet nagar,Unplanned,Closed,2026-05-03T07:20:00Z,2026-05-03T08:06:00Z,46
1830608,North,KAPURTHALA,Purani Dana mandi,Unplanned,Closed,2026-05-03T07:20:00Z,2026-05-03T08:08:00Z,48
1830604,South,PATIALA,11KV UPS,Unplanned,Closed,2026-05-03T07:20:00Z,2026-05-03T07:55:00Z,35
1830603,South,PATIALA,11KV BARAN,Unplanned,Closed,2026-05-03T07:20:00Z,2026-05-03T07:55:59Z,35
1830597,Border,GURDASPUR,BEHBAL CHACK,Unplanned,Closed,2026-05-03T07:20:00Z,2026-05-03T07:50:00Z,30
1830771,East,ROPAR,11 KV LIC Colony,Planned,Closed,2026-05-03T07:16:43Z,2026-05-03T11:00:43Z,224
1830770,East,ROPAR,Nijjer Road,Planned,Closed,2026-05-03T07:16:43Z,2026-05-03T11:00:43Z,224
1830769,East,ROPAR,11 KV Sunny Mandir,Planned,Closed,2026-05-03T07:16:43Z,2026-05-03T11:00:43Z,224
1830768,East,ROPAR,11 KV Chajjumajra,Planned,Closed,2026-05-03T07:16:43Z,2026-05-03T11:00:43Z,224
1830767,East,ROPAR,11 KV Plazzo ELite,Planned,Closed,2026-05-03T07:16:43Z,2026-05-03T11:00:43Z,224
1830766,East,ROPAR,PARADISE,Planned,Closed,2026-05-03T07:16:43Z,2026-05-03T11:00:43Z,224
1830765,East,ROPAR,11 KV Old Sunny,Planned,Closed,2026-05-03T07:16:43Z,2026-05-03T11:00:43Z,224
1830634,East,ROPAR,11KV UNIVERSITY FEEDER,Planned,Closed,2026-05-03T07:16:33Z,2026-05-03T11:00:33Z,224
1830633,East,ROPAR,NATURE HUT,Planned,Closed,2026-05-03T07:16:33Z,2026-05-03T11:00:33Z,224
1830632,East,ROPAR,11 KV Landran Road,Planned,Closed,2026-05-03T07:16:33Z,2026-05-03T11:00:33Z,224
1830631,East,ROPAR,11 KV Arya College Road,Planned,Closed,2026-05-03T07:16:33Z,2026-05-03T10:05:33Z,169
1830630,East,ROPAR,11KV JPTL,Planned,Closed,2026-05-03T07:16:33Z,2026-05-03T11:00:33Z,224
1830629,East,ROPAR,ACME HEIGHT,Planned,Closed,2026-05-03T07:16:33Z,2026-05-03T10:05:33Z,169
1830628,East,ROPAR,11 KV Sector 115,Planned,Closed,2026-05-03T07:16:33Z,2026-05-03T11:00:33Z,224
1830627,East,ROPAR,11 KV Badala Road,Planned,Closed,2026-05-03T07:16:33Z,2026-05-03T12:10:33Z,294
1830626,East,ROPAR,11KV CGC JHANJHERI,Planned,Closed,2026-05-03T07:16:33Z,2026-05-03T11:00:33Z,224
1830625,East,ROPAR,11KV Royal Home Feeder,Planned,Closed,2026-05-03T07:16:33Z,2026-05-03T11:00:33Z,224
1830624,East,ROPAR,Swaraj,Planned,Closed,2026-05-03T07:16:33Z,2026-05-03T11:00:33Z,224
1830623,East,ROPAR,11KV Shvalik Heights,Planned,Closed,2026-05-03T07:16:33Z,2026-05-03T10:05:33Z,169
1830622,East,ROPAR,SOM  DUTT,Planned,Closed,2026-05-03T07:16:33Z,2026-05-03T11:00:33Z,224
1830621,East,ROPAR,11KV Gillco Velly,Planned,Closed,2026-05-03T07:16:33Z,2026-05-03T10:05:33Z,169
1830852,South,BARNALA,Maur Nabha,Unplanned,Closed,2026-05-03T07:16:00Z,2026-05-03T09:05:00Z,109
1830851,South,BARNALA,SEHNA 24 Hrs.,Unplanned,Closed,2026-05-03T07:16:00Z,2026-05-03T09:25:00Z,129
1830943,South,PATIALA,KOLEHMAJRA (GANOUR),Unplanned,Closed,2026-05-03T07:15:00Z,2026-05-03T12:10:53Z,295
1830881,North,JALANDHAR,DRP,Unplanned,Closed,2026-05-03T07:15:00Z,2026-05-03T09:34:00Z,139
1830722,North,KAPURTHALA,UPS DALLA,Unplanned,Closed,2026-05-03T07:15:00Z,2026-05-03T09:34:00Z,139
1830601,South,PATIALA,GHANAUR,Unplanned,Closed,2026-05-03T07:15:00Z,2026-05-03T08:30:20Z,75
1830600,South,PATIALA,UPS BHAGORA,Unplanned,Closed,2026-05-03T07:15:00Z,2026-05-03T08:30:05Z,75
1830584,Border,CITY AMRITSAR,majitha road,Unplanned,Closed,2026-05-03T07:15:00Z,2026-05-03T09:13:34Z,118
1830583,Border,TARN TARAN,JAMA RAI UPS,Unplanned,Closed,2026-05-03T07:15:00Z,2026-05-03T10:05:00Z,170
1830580,North,JALANDHAR,THIRD WIRE,Unplanned,Closed,2026-05-03T07:15:00Z,2026-05-03T09:15:00Z,120
1830578,North,JALANDHAR,Nanak Nagri,Unplanned,Closed,2026-05-03T07:15:00Z,2026-05-03T07:52:00Z,37
1830576,North,JALANDHAR,MANDI,Unplanned,Closed,2026-05-03T07:15:00Z,2026-05-03T10:00:00Z,165
1830575,North,JALANDHAR,SEMI,Unplanned,Closed,2026-05-03T07:15:00Z,2026-05-03T08:46:00Z,91
1830574,North,JALANDHAR,BONE MILL,Unplanned,Closed,2026-05-03T07:15:00Z,2026-05-03T09:00:00Z,105
1830567,North,KAPURTHALA,UPS Kahlwan,Unplanned,Closed,2026-05-03T07:15:00Z,2026-05-03T09:10:00Z,115
1830880,North,JALANDHAR,MUBARAKPUR SHEKHE,Unplanned,Closed,2026-05-03T07:14:00Z,2026-05-03T14:15:00Z,421
1830850,South,BARNALA,Block Road Cat-1,Unplanned,Closed,2026-05-03T07:14:00Z,2026-05-03T08:08:00Z,54
1830845,South,BARNALA,Ramgarh UPS,Unplanned,Closed,2026-05-03T07:12:00Z,2026-05-03T08:39:00Z,87
1830879,North,JALANDHAR,UNIK,Unplanned,Closed,2026-05-03T07:11:00Z,2026-05-03T09:35:00Z,144
1830878,North,JALANDHAR,STATE BANK FEEDER,Unplanned,Closed,2026-05-03T07:11:00Z,2026-05-03T09:40:00Z,149
1830577,North,JALANDHAR,DEFENCE COLONY NO.1,Unplanned,Closed,2026-05-03T07:10:00Z,2026-05-03T11:25:00Z,255
1830561,North,KAPURTHALA,UPS METLA,Unplanned,Closed,2026-05-03T07:10:00Z,2026-05-03T08:23:00Z,73
1830605,North,JALANDHAR,BYE PASS,Unplanned,Closed,2026-05-03T07:09:00Z,2026-05-03T08:30:00Z,81
1830875,North,JALANDHAR,11 KV SHIV MANDIR,Unplanned,Closed,2026-05-03T07:08:00Z,2026-05-03T10:25:00Z,197
1830511,Border,GURDASPUR,MUGRALA,Planned,Closed,2026-05-03T07:07:00Z,2026-05-03T07:50:00Z,43
1830520,Border,GURDASPUR,N.J.Singh 24hrs,Unplanned,Closed,2026-05-03T07:06:00Z,2026-05-03T08:42:00Z,96
1830518,Border,GURDASPUR,Chakral,Unplanned,Closed,2026-05-03T07:06:00Z,2026-05-03T08:00:00Z,54
1830516,Border,GURDASPUR,Sunder Chack,Unplanned,Closed,2026-05-03T07:06:00Z,2026-05-03T09:05:00Z,119
1830747,Border,GURDASPUR,PASSNAWAL,Unplanned,Closed,2026-05-03T07:05:00Z,2026-05-03T10:22:00Z,197
1830746,Border,GURDASPUR,JOGI CHEEMA,Unplanned,Closed,2026-05-03T07:05:00Z,2026-05-03T08:20:00Z,75
1830745,Border,GURDASPUR,CHHINA,Unplanned,Closed,2026-05-03T07:05:00Z,2026-05-03T07:40:00Z,35
1830742,Border,GURDASPUR,LOHCHAP,Unplanned,Closed,2026-05-03T07:05:00Z,2026-05-03T08:10:00Z,65
1830741,Border,GURDASPUR,SEKHWAN,Unplanned,Closed,2026-05-03T07:05:00Z,2026-05-03T07:41:00Z,36
1830737,Border,GURDASPUR,DEHRIWAL,Unplanned,Closed,2026-05-03T07:05:00Z,2026-05-03T08:47:00Z,102
1830648,North,JALANDHAR,bambiwal.1,Unplanned,Closed,2026-05-03T07:05:00Z,2026-05-03T08:35:00Z,90
1830645,North,JALANDHAR,SARNANA,Unplanned,Closed,2026-05-03T07:05:00Z,2026-05-03T11:45:00Z,280
1830635,Border,TARN TARAN,BUTARI URBAN,Unplanned,Closed,2026-05-03T07:05:00Z,2026-05-03T08:35:00Z,90
1830612,North,JALANDHAR,King city,Unplanned,Closed,2026-05-03T07:05:00Z,2026-05-03T09:14:00Z,129
1830607,North,JALANDHAR,BASANT HILLS,Unplanned,Closed,2026-05-03T07:05:00Z,2026-05-03T08:14:00Z,69
1830591,North,JALANDHAR,DEEP NAGAR,Unplanned,Closed,2026-05-03T07:05:00Z,2026-05-03T08:45:00Z,100
1830589,North,JALANDHAR,MARKFED,Unplanned,Closed,2026-05-03T07:05:00Z,2026-05-03T09:22:00Z,137
1830588,North,JALANDHAR,GT Road No. 2,Unplanned,Closed,2026-05-03T07:05:00Z,2026-05-03T10:30:00Z,205
1830586,North,JALANDHAR,RAMA MANDI,Unplanned,Closed,2026-05-03T07:05:00Z,2026-05-03T11:45:00Z,280
1830585,North,JALANDHAR,TV TOWER,Unplanned,Closed,2026-05-03T07:05:00Z,2026-05-03T10:05:00Z,180
1830529,Border,TARN TARAN,Railway Road Urban..,Unplanned,Closed,2026-05-03T07:05:00Z,2026-05-03T07:50:00Z,45
1830492,Border,CITY AMRITSAR,11 KV SULTANWIND-1,Planned,Closed,2026-05-03T07:03:21Z,2026-05-03T09:00:21Z,117
1830491,Border,CITY AMRITSAR,11 KV DABURJI,Planned,Closed,2026-05-03T07:03:21Z,2026-05-03T09:00:21Z,117
1830490,Border,CITY AMRITSAR,11kV Diamond Estate,Planned,Closed,2026-05-03T07:03:21Z,2026-05-03T08:00:21Z,57
1830489,Border,CITY AMRITSAR,BABA BUDHA JI,Planned,Closed,2026-05-03T07:03:21Z,2026-05-03T09:00:21Z,117
1830488,Border,CITY AMRITSAR,Bhai  Ghaniyia ji,Planned,Closed,2026-05-03T07:03:21Z,2026-05-03T09:00:21Z,117
1830487,Border,CITY AMRITSAR,ATTARI SAHIB,Planned,Closed,2026-05-03T07:03:21Z,2026-05-03T09:00:21Z,117
1830486,Border,CITY AMRITSAR,BABA DEEP SINGH,Planned,Closed,2026-05-03T07:03:21Z,2026-05-03T09:00:21Z,117
1830509,North,HOSHIARPUR,COURT COMPLEX,Unplanned,Closed,2026-05-03T07:03:00Z,2026-05-03T08:02:00Z,59
1830568,Border,TARN TARAN,UPS Blair,Unplanned,Closed,2026-05-03T07:01:00Z,2026-05-03T09:21:00Z,140
1830510,Border,TARN TARAN,Fatehabad Urban .,Unplanned,Closed,2026-05-03T07:01:00Z,2026-05-03T08:15:00Z,74
1830848,South,BARNALA,Jangiana,Unplanned,Closed,2026-05-03T07:00:00Z,2026-05-03T08:35:00Z,95
1830840,South,BARNALA,BMC,Unplanned,Closed,2026-05-03T07:00:00Z,2026-05-03T10:04:00Z,184
1830646,North,JALANDHAR,SABOWAL,Unplanned,Closed,2026-05-03T07:00:00Z,2026-05-03T09:39:00Z,159
1830599,North,KAPURTHALA,J.J. CLUB,Unplanned,Closed,2026-05-03T07:00:00Z,2026-05-03T07:26:00Z,26
1830557,Central,KHANNA,Tooran,Unplanned,Closed,2026-05-03T07:00:00Z,2026-05-03T08:00:00Z,60
1830554,Central,KHANNA,ADARSH,Unplanned,Closed,2026-05-03T07:00:00Z,2026-05-03T08:00:00Z,60
1830552,Central,KHANNA,AMBEY MAJRA,Unplanned,Closed,2026-05-03T07:00:00Z,2026-05-03T08:00:00Z,60
1830551,Central,KHANNA,Kotla,Unplanned,Closed,2026-05-03T07:00:00Z,2026-05-03T08:20:00Z,80
1830548,Central,KHANNA,Chani,Unplanned,Closed,2026-05-03T07:00:00Z,2026-05-03T08:00:00Z,60
1830545,Central,KHANNA,Chopra(Naraian),Unplanned,Closed,2026-05-03T07:00:00Z,2026-05-03T08:00:00Z,60
1830542,Central,KHANNA,Shastri Nagar,Unplanned,Closed,2026-05-03T07:00:00Z,2026-05-03T08:00:00Z,60
1830541,Central,KHANNA,Labour Colony,Unplanned,Closed,2026-05-03T07:00:00Z,2026-05-03T08:00:00Z,60
1830539,Central,KHANNA,Sangtpura,Unplanned,Closed,2026-05-03T07:00:00Z,2026-05-03T08:00:00Z,60
1830538,Central,KHANNA,Chander Lok,Unplanned,Closed,2026-05-03T07:00:00Z,2026-05-03T08:00:00Z,60
1830537,Central,KHANNA,JASARA,Unplanned,Closed,2026-05-03T07:00:00Z,2026-05-03T08:00:00Z,60
1830536,Central,KHANNA,Motia Khan,Unplanned,Closed,2026-05-03T07:00:00Z,2026-05-03T08:00:00Z,60
1830534,Central,KHANNA,Jim Khana,Unplanned,Closed,2026-05-03T07:00:00Z,2026-05-03T08:00:00Z,60
1830531,Central,KHANNA,Main Bazar,Unplanned,Closed,2026-05-03T07:00:00Z,2026-05-03T08:00:00Z,60
1830530,North,HOSHIARPUR,Khozkipur,Unplanned,Closed,2026-05-03T07:00:00Z,2026-05-03T08:25:00Z,85
1830514,East,ROPAR,11 KV S/St Asron,Unplanned,Closed,2026-05-03T07:00:00Z,2026-05-03T09:44:00Z,164
1830579,Border,TARN TARAN,JAWANDY KHURD,Unplanned,Closed,2026-05-03T06:58:00Z,2026-05-03T09:05:00Z,127
1830522,North,KAPURTHALA,11kv urban  Industrial,Unplanned,Closed,2026-05-03T06:58:00Z,2026-05-03T09:35:00Z,157
1830532,East,ROPAR,Jawahar market,Unplanned,Closed,2026-05-03T06:57:00Z,2026-05-03T10:22:18Z,205
1830526,East,ROPAR,Nikku Nangal,Unplanned,Closed,2026-05-03T06:57:00Z,2026-05-03T07:54:18Z,57
1830524,East,ROPAR,Bhallan,Unplanned,Closed,2026-05-03T06:57:00Z,2026-05-03T11:25:18Z,268
1830523,East,ROPAR,11 KV Bhanaupli-1,Unplanned,Closed,2026-05-03T06:57:00Z,2026-05-03T10:48:18Z,231
1830528,Border,GURDASPUR,SAGARPURA,Unplanned,Closed,2026-05-03T06:56:00Z,2026-05-03T08:55:00Z,119
1831104,Border,TARN TARAN,KAROWAL,Unplanned,Closed,2026-05-03T06:55:00Z,2026-05-03T13:30:00Z,395
1830521,Border,TARN TARAN,GANDIWIND 24 HRS SUPPLY,Unplanned,Closed,2026-05-03T06:55:00Z,2026-05-03T10:05:00Z,190
1830519,Border,TARN TARAN,MANKPURA UPS,Unplanned,Closed,2026-05-03T06:55:00Z,2026-05-03T08:30:00Z,95
1830513,North,KAPURTHALA,URBAN KALA SANGHIAN,Unplanned,Closed,2026-05-03T06:55:00Z,2026-05-03T08:40:00Z,105
1830506,East,ROPAR,CHAND PUR,Unplanned,Closed,2026-05-03T06:55:00Z,2026-05-03T10:36:00Z,221
1830505,East,ROPAR,11KV Dugri,Unplanned,Closed,2026-05-03T06:55:00Z,2026-05-03T10:28:00Z,213
1830498,East,ROPAR,11KV Alampur,Unplanned,Closed,2026-05-03T06:55:00Z,2026-05-03T10:28:00Z,213
1830494,Central,SUB URBAN LUDHIANA,CITY-5 UPS,Unplanned,Closed,2026-05-03T06:55:00Z,2026-05-03T09:20:00Z,145
1830493,Central,SUB URBAN LUDHIANA,City No-3  Maloud,Unplanned,Closed,2026-05-03T06:55:00Z,2026-05-03T08:58:00Z,123
1830485,Central,SUB URBAN LUDHIANA,City-02,Unplanned,Closed,2026-05-03T06:55:00Z,2026-05-03T08:55:00Z,120
1830482,Central,SUB URBAN LUDHIANA,City-1 Maloud,Unplanned,Closed,2026-05-03T06:55:00Z,2026-05-03T08:15:00Z,80
1830543,Border,TARN TARAN,UPS Baba Risiana Ji,Unplanned,Closed,2026-05-03T06:54:00Z,2026-05-03T08:11:00Z,77
1830540,Border,TARN TARAN,UPS Kacha-Packa,Unplanned,Closed,2026-05-03T06:54:00Z,2026-05-03T07:53:00Z,59
1830533,North,KAPURTHALA,KARTARPUR ROAD URBAN,Unplanned,Closed,2026-05-03T06:54:00Z,2026-05-03T07:52:00Z,58
1830471,Border,GURDASPUR,Azizpur Sarna,Unplanned,Closed,2026-05-03T06:54:00Z,2026-05-03T07:41:00Z,47
1830465,North,NAWANSHAHR,Dana Mandi,Unplanned,Closed,2026-05-03T06:52:00Z,2026-05-03T07:51:00Z,59
1830590,Border,GURDASPUR,11 K.V UPS Balwanda,Unplanned,Closed,2026-05-03T06:50:00Z,2026-05-03T08:02:00Z,72
1830587,Border,GURDASPUR,Sathiali 24 hrs.,Unplanned,Closed,2026-05-03T06:50:00Z,2026-05-03T15:20:00Z,510
1830547,North,JALANDHAR,PRUTHI,Unplanned,Closed,2026-05-03T06:50:00Z,2026-05-03T08:40:00Z,110
1830527,Border,GURDASPUR,Paroshah,Unplanned,Closed,2026-05-03T06:50:00Z,2026-05-03T08:45:00Z,115
1830525,Border,GURDASPUR,11 KV Chone UPS,Unplanned,Closed,2026-05-03T06:50:00Z,2026-05-03T08:26:00Z,96
1830507,North,JALANDHAR,Munpur,Unplanned,Closed,2026-05-03T06:50:00Z,2026-05-03T09:28:00Z,158
1830480,East,ROPAR,City-1,Unplanned,Closed,2026-05-03T06:50:00Z,2026-05-03T08:20:00Z,90
1830468,North,HOSHIARPUR,BADLA,Unplanned,Closed,2026-05-03T06:50:00Z,2026-05-03T07:50:00Z,60
1830448,Border,GURDASPUR,Mirthal,Unplanned,Closed,2026-05-03T06:49:00Z,2026-05-03T07:17:00Z,28
1830446,Border,GURDASPUR,Nangal,Unplanned,Closed,2026-05-03T06:49:00Z,2026-05-03T07:18:00Z,29
1830478,East,ROPAR,City-2,Unplanned,Closed,2026-05-03T06:48:00Z,2026-05-03T08:20:00Z,92
1830442,East,ROPAR,11 KV RTP,Unplanned,Closed,2026-05-03T06:47:15Z,2026-05-03T10:20:00Z,212
1830440,East,ROPAR,11 KV Bharatgarh,Unplanned,Closed,2026-05-03T06:47:15Z,2026-05-03T10:20:00Z,212
1830517,Border,TARN TARAN,Khem Karan,Unplanned,Closed,2026-05-03T06:46:00Z,2026-05-03T09:47:00Z,181
1830435,North,NAWANSHAHR,Chandigarh Road,Unplanned,Closed,2026-05-03T06:46:00Z,2026-05-03T07:27:00Z,41
1830582,Border,GURDASPUR,College,Unplanned,Closed,2026-05-03T06:45:00Z,2026-05-03T08:05:00Z,80
1830581,Border,GURDASPUR,DHINDSA,Unplanned,Closed,2026-05-03T06:45:00Z,2026-05-03T07:55:00Z,70
1830469,Border,TARN TARAN,Udhonangal,Unplanned,Closed,2026-05-03T06:45:00Z,2026-05-03T08:25:00Z,100
1830466,North,KAPURTHALA,UPS BAJAJ,Unplanned,Closed,2026-05-03T06:45:00Z,2026-05-03T08:10:00Z,85
1830456,North,KAPURTHALA,URBAN Bye Pass,Unplanned,Closed,2026-05-03T06:45:00Z,2026-05-03T09:10:00Z,145
1830452,North,KAPURTHALA,URBAN Sura Nussi,Unplanned,Closed,2026-05-03T06:45:00Z,2026-05-03T09:00:00Z,135
1830449,North,KAPURTHALA,Furniture Bajar,Unplanned,Closed,2026-05-03T06:45:00Z,2026-05-03T08:25:00Z,100
1830447,East,ROPAR,11KV Belian UPS FEEDER,Unplanned,Closed,2026-05-03T06:44:15Z,2026-05-03T10:20:00Z,215
1831351,Central,KHANNA,Industrial-1,Unplanned,Closed,2026-05-03T06:44:00Z,2026-05-03T10:42:00Z,238
1830399,South,PATIALA,Sirhind Road,Unplanned,Closed,2026-05-03T06:42:27Z,2026-05-03T06:57:39Z,15
1830445,East,ROPAR,11 KV Sarsa Nangal,Unplanned,Closed,2026-05-03T06:42:15Z,2026-05-03T10:20:00Z,217
1831336,Central,KHANNA,11 kv Brahm bunga,Unplanned,Closed,2026-05-03T06:42:00Z,2026-05-03T11:46:00Z,304
1831332,Central,KHANNA,B.T.C,Unplanned,Closed,2026-05-03T06:42:00Z,2026-05-03T09:05:00Z,143
1830573,Border,GURDASPUR,NEW BALLARWAL UPS,Unplanned,Closed,2026-05-03T06:42:00Z,2026-05-03T08:05:00Z,83
1830572,Border,GURDASPUR,NANGAL UPS,Unplanned,Closed,2026-05-03T06:42:00Z,2026-05-03T07:53:00Z,71
1830571,Border,GURDASPUR,Bolewal,Unplanned,Closed,2026-05-03T06:42:00Z,2026-05-03T09:15:00Z,153
1830570,Border,GURDASPUR,Ghuman,Unplanned,Closed,2026-05-03T06:42:00Z,2026-05-03T08:15:00Z,93
1830569,Border,GURDASPUR,dakoha,Unplanned,Closed,2026-05-03T06:42:00Z,2026-05-03T08:42:00Z,120
1830512,North,JALANDHAR,GURU AMAR DASS NAGAR,Unplanned,Closed,2026-05-03T06:42:00Z,2026-05-03T14:40:00Z,478
1831327,Central,KHANNA,kumar Export,Unplanned,Closed,2026-05-03T06:41:00Z,2026-05-03T11:20:00Z,279
1830437,North,JALANDHAR,11 kv CHILDERN PARK NO. 1,Unplanned,Closed,2026-05-03T06:40:55Z,2026-05-03T09:55:00Z,194
1830504,East,ROPAR,Bhatton,Unplanned,Closed,2026-05-03T06:40:19Z,2026-05-03T07:35:24Z,55
1830503,East,ROPAR,SRAIN,Unplanned,Closed,2026-05-03T06:40:19Z,2026-05-03T07:35:27Z,55
1830502,East,ROPAR,BAINS,Unplanned,Closed,2026-05-03T06:40:19Z,2026-05-03T07:35:58Z,55
1830501,East,ROPAR,ABIANA,Unplanned,Closed,2026-05-03T06:40:19Z,2026-05-03T07:35:27Z,55
1830500,East,ROPAR,TIBBA TAPPRIAN,Unplanned,Closed,2026-05-03T06:40:19Z,2026-05-03T07:35:48Z,55
1830499,East,ROPAR,JHANDIAN,Unplanned,Closed,2026-05-03T06:40:19Z,2026-05-03T07:35:19Z,55
1831346,Central,KHANNA,KADDON,Unplanned,Closed,2026-05-03T06:40:00Z,2026-05-03T10:40:00Z,240
1831339,Central,KHANNA,SULTANPUR,Unplanned,Closed,2026-05-03T06:40:00Z,2026-05-03T15:45:00Z,545
1830642,Border,GURDASPUR,Gorsiya,Unplanned,Closed,2026-05-03T06:40:00Z,2026-05-03T09:04:00Z,144
1830640,Border,GURDASPUR,Bhaini Mian Khan,Unplanned,Closed,2026-05-03T06:40:00Z,2026-05-03T09:05:00Z,145
1830558,Border,SUB URBAN AMRITSAR,Urban-3,Unplanned,Closed,2026-05-03T06:40:00Z,2026-05-03T08:15:00Z,95
1830556,North,KAPURTHALA,UPS MIRZAPUR,Unplanned,Closed,2026-05-03T06:40:00Z,2026-05-03T06:50:00Z,10
1830553,North,KAPURTHALA,UPS MODEL TOWN,Unplanned,Closed,2026-05-03T06:40:00Z,2026-05-03T09:31:00Z,171
1830550,North,KAPURTHALA,UPS MAND,Unplanned,Closed,2026-05-03T06:40:00Z,2026-05-03T13:00:00Z,380
1830549,North,KAPURTHALA,URBAN NADALA,Unplanned,Closed,2026-05-03T06:40:00Z,2026-05-03T08:03:00Z,83
1830546,North,KAPURTHALA,UPS IBBRAHIMWAL,Unplanned,Closed,2026-05-03T06:40:00Z,2026-05-03T13:00:00Z,380
1830544,North,KAPURTHALA,UPS RAIPUR PEERBUX,Unplanned,Closed,2026-05-03T06:40:00Z,2026-05-03T09:33:00Z,173
1830535,Border,SUB URBAN AMRITSAR,Urban 2 Nawapind,Unplanned,Closed,2026-05-03T06:40:00Z,2026-05-03T09:30:00Z,170
1830443,North,KAPURTHALA,UPS KHUSROPUR,Unplanned,Closed,2026-05-03T06:40:00Z,2026-05-03T08:39:00Z,119
1830441,North,KAPURTHALA,UPS KULLAR,Unplanned,Closed,2026-05-03T06:40:00Z,2026-05-03T08:45:00Z,125
1830438,Central,CITY EAST LUDHIANA,DUKH NIWARAN,Unplanned,Closed,2026-05-03T06:40:00Z,2026-05-03T07:34:00Z,54
1830434,Central,CITY EAST LUDHIANA,CENTRAL FEEDER,Unplanned,Closed,2026-05-03T06:40:00Z,2026-05-03T07:34:00Z,54
1830432,Central,CITY EAST LUDHIANA,DIVISION-3,Unplanned,Closed,2026-05-03T06:40:00Z,2026-05-03T09:16:00Z,156
1830431,Central,CITY EAST LUDHIANA,IQBAL GANJ,Unplanned,Closed,2026-05-03T06:40:00Z,2026-05-03T07:34:00Z,54
1830430,North,HOSHIARPUR,FOCAL POINT,Unplanned,Closed,2026-05-03T06:40:00Z,2026-05-03T09:36:00Z,176
1830429,Central,CITY EAST LUDHIANA,WAIT GANJ,Unplanned,Closed,2026-05-03T06:40:00Z,2026-05-03T09:15:00Z,155
1830428,Central,CITY EAST LUDHIANA,GAU SHALA,Unplanned,Closed,2026-05-03T06:40:00Z,2026-05-03T09:15:00Z,155
1830427,Central,CITY EAST LUDHIANA,BASTI JODHEWAL,Unplanned,Closed,2026-05-03T06:40:00Z,2026-05-03T09:15:00Z,155
1830426,Central,CITY EAST LUDHIANA,GURU NANAK DEV NAGAR,Unplanned,Closed,2026-05-03T06:40:00Z,2026-05-03T09:15:00Z,155
1830425,Central,CITY EAST LUDHIANA,SEKHEWAL,Unplanned,Closed,2026-05-03T06:40:00Z,2026-05-03T07:34:00Z,54
1830424,Central,CITY EAST LUDHIANA,BAL SINGH NAGAR,Unplanned,Closed,2026-05-03T06:40:00Z,2026-05-03T09:15:00Z,155
1830423,Central,CITY EAST LUDHIANA,Shivpuri,Unplanned,Closed,2026-05-03T06:40:00Z,2026-05-03T09:15:00Z,155
1830422,Central,CITY EAST LUDHIANA,PATIALA HOUSE,Unplanned,Closed,2026-05-03T06:40:00Z,2026-05-03T09:15:00Z,155
1830420,North,JALANDHAR,11KV LAXMI PURA,Unplanned,Closed,2026-05-03T06:40:00Z,2026-05-03T08:28:00Z,108
1830419,Central,CITY EAST LUDHIANA,BASTI FEEDER,Unplanned,Closed,2026-05-03T06:40:00Z,2026-05-03T09:15:00Z,155
1830418,Central,CITY EAST LUDHIANA,SAMRALA ROAD,Unplanned,Closed,2026-05-03T06:40:00Z,2026-05-03T09:15:00Z,155
1830497,Border,TARN TARAN,Adda Amarkot,Unplanned,Closed,2026-05-03T06:39:42Z,2026-05-03T08:15:42Z,96
1830496,Border,TARN TARAN,UPS Valtoha,Unplanned,Closed,2026-05-03T06:39:42Z,2026-05-03T08:16:42Z,97
1830495,Border,TARN TARAN,24 Hrs. UPS  ASSAL,Unplanned,Closed,2026-05-03T06:39:42Z,2026-05-03T10:03:42Z,204
1830473,Border,SUB URBAN AMRITSAR,silverstate,Unplanned,Closed,2026-05-03T06:38:00Z,2026-05-03T07:28:00Z,50
1830417,North,JALANDHAR,11 KV Nagra,Unplanned,Closed,2026-05-03T06:38:00Z,2026-05-03T12:31:00Z,353
1830394,North,JALANDHAR,TOWER ENCLAVE,Unplanned,Closed,2026-05-03T06:38:00Z,2026-05-03T07:58:00Z,80
1830444,East,ROPAR,11 KV Kakrala,Unplanned,Closed,2026-05-03T06:37:15Z,2026-05-03T10:20:00Z,222
1830565,Border,TARN TARAN,24 Hrs. UPS (wan Tara Singh),Unplanned,Closed,2026-05-03T06:36:00Z,2026-05-03T09:49:00Z,193
1830555,Border,TARN TARAN,UPS WAN TARA SINGH,Unplanned,Closed,2026-05-03T06:36:00Z,2026-05-03T09:44:00Z,188
1830464,Border,GURDASPUR,G.T Road,Unplanned,Closed,2026-05-03T06:36:00Z,2026-05-03T07:43:00Z,67
1830462,Border,GURDASPUR,Simbal,Unplanned,Closed,2026-05-03T06:36:00Z,2026-05-03T07:37:00Z,61
1830461,Border,GURDASPUR,SHANTI NAGAR,Unplanned,Closed,2026-05-03T06:36:00Z,2026-05-03T07:33:00Z,57
1830458,Border,GURDASPUR,Murgi Mohalla,Unplanned,Closed,2026-05-03T06:36:00Z,2026-05-03T08:13:00Z,97
1830415,Central,CITY EAST LUDHIANA,MADHO PURI,Unplanned,Closed,2026-05-03T06:36:00Z,2026-05-03T07:34:00Z,58
1830412,East,ROPAR,11 KV Gajhpur,Unplanned,Closed,2026-05-03T06:35:15Z,2026-05-03T08:58:00Z,142
1830411,East,ROPAR,11 KV Paharpur,Unplanned,Closed,2026-05-03T06:35:15Z,2026-05-03T09:36:00Z,180
1830410,East,ROPAR,11 KV Moura,Unplanned,Closed,2026-05-03T06:35:15Z,2026-05-03T08:38:00Z,122
1830409,East,ROPAR,11 KV Kotla,Unplanned,Closed,2026-05-03T06:35:15Z,2026-05-03T09:32:00Z,176
1830407,East,ROPAR,11 KV Kiratpur Sahib,Unplanned,Closed,2026-05-03T06:35:15Z,2026-05-03T08:38:00Z,122
1830594,Border,GURDASPUR,11KV BUTTER UPS,Unplanned,Closed,2026-05-03T06:35:00Z,2026-05-03T07:53:00Z,78
1830593,Border,GURDASPUR,I.T.I,Unplanned,Closed,2026-05-03T06:35:00Z,2026-05-03T08:30:00Z,115
1830592,Border,GURDASPUR,THEKERIWAL,Unplanned,Closed,2026-05-03T06:35:00Z,2026-05-03T07:55:00Z,80
1830439,North,JALANDHAR,RURAL URBAN  (NAWAN PIND),Unplanned,Closed,2026-05-03T06:35:00Z,2026-05-03T09:00:00Z,145
1830436,North,JALANDHAR,DANA MANDI RAIPUR,Unplanned,Closed,2026-05-03T06:35:00Z,2026-05-03T08:23:00Z,108
1830433,North,JALANDHAR,LINK FEEDER,Unplanned,Closed,2026-05-03T06:35:00Z,2026-05-03T08:00:00Z,85
1830421,Central,SUB URBAN LUDHIANA,VKSUKHCHAIN,Unplanned,Closed,2026-05-03T06:35:00Z,2026-05-03T09:10:00Z,155
1830416,North,HOSHIARPUR,MODEL  TOWN,Unplanned,Closed,2026-05-03T06:35:00Z,2026-05-03T08:05:00Z,90
1830414,North,HOSHIARPUR,SALLAN,Unplanned,Closed,2026-05-03T06:35:00Z,2026-05-03T07:45:00Z,70
1830413,North,HOSHIARPUR,khudda,Unplanned,Closed,2026-05-03T06:35:00Z,2026-05-03T07:45:00Z,70
1830408,North,HOSHIARPUR,BASSI,Unplanned,Closed,2026-05-03T06:35:00Z,2026-05-03T09:35:00Z,180
1830405,North,HOSHIARPUR,Harsipind UPS,Unplanned,Closed,2026-05-03T06:35:00Z,2026-05-03T08:30:00Z,115
1830393,North,NAWANSHAHR,RHYTHM TEXTILES.,Unplanned,Closed,2026-05-03T06:32:00Z,2026-05-03T07:26:00Z,54
1830392,North,NAWANSHAHR,KIRPAL SAGAR,Unplanned,Closed,2026-05-03T06:32:00Z,2026-05-03T07:25:00Z,53
1830390,North,NAWANSHAHR,11 KV City-2,Unplanned,Closed,2026-05-03T06:32:00Z,2026-05-03T07:24:00Z,52
1830389,North,NAWANSHAHR,Hussain Chack,Unplanned,Closed,2026-05-03T06:32:00Z,2026-05-03T07:26:00Z,54
1830388,North,NAWANSHAHR,11kv Behloor Kalan,Unplanned,Closed,2026-05-03T06:32:00Z,2026-05-03T07:26:00Z,54
1830387,North,NAWANSHAHR,KAHLON,Unplanned,Closed,2026-05-03T06:32:00Z,2026-05-03T07:26:00Z,54
1830386,North,NAWANSHAHR,24 HRS RAHON,Unplanned,Closed,2026-05-03T06:32:00Z,2026-05-03T07:25:00Z,53
1830385,Border,TARN TARAN,Piddi,Unplanned,Closed,2026-05-03T06:32:00Z,2026-05-03T10:15:00Z,223
1830384,North,NAWANSHAHR,CITY RAHON,Unplanned,Closed,2026-05-03T06:32:00Z,2026-05-03T07:26:00Z,54
1830369,North,JALANDHAR,11KV Industrial Raja Garden Fe,Unplanned,Closed,2026-05-03T06:31:00Z,2026-05-03T08:05:00Z,94
1830463,East,ROPAR,11KV  Dhahe Feeder,Unplanned,Closed,2026-05-03T06:30:15Z,2026-05-03T09:23:00Z,172
1830460,East,ROPAR,SHRI DASHMESH ACADEMY,Unplanned,Closed,2026-05-03T06:30:15Z,2026-05-03T09:23:00Z,172
1830459,East,ROPAR,11KV Chandesar,Unplanned,Closed,2026-05-03T06:30:15Z,2026-05-03T08:15:00Z,104
1830457,East,ROPAR,11kv kotla hydle feeder,Unplanned,Closed,2026-05-03T06:30:15Z,2026-05-03T09:18:00Z,167
1830455,East,ROPAR,City-2,Unplanned,Closed,2026-05-03T06:30:15Z,2026-05-03T06:47:18Z,17
1830454,East,ROPAR,City-1,Unplanned,Closed,2026-05-03T06:30:15Z,2026-05-03T06:49:28Z,19
1830453,East,ROPAR,Lamlehri,Unplanned,Closed,2026-05-03T06:30:15Z,2026-05-03T09:20:00Z,169
1830451,East,ROPAR,Agampur,Unplanned,Closed,2026-05-03T06:30:15Z,2026-05-03T08:15:00Z,104
1830450,East,ROPAR,Dher,Unplanned,Closed,2026-05-03T06:30:15Z,2026-05-03T08:40:00Z,129
1830406,East,ROPAR,Nikku Nangal,Unplanned,Closed,2026-05-03T06:30:15Z,2026-05-03T06:56:26Z,26
1830404,East,ROPAR,Bhallan,Unplanned,Closed,2026-05-03T06:30:15Z,2026-05-03T06:56:52Z,26
1830403,East,ROPAR,11 KV Bhanaupli-1,Unplanned,Closed,2026-05-03T06:30:15Z,2026-05-03T06:56:33Z,26
1830402,East,ROPAR,Jawahar market,Unplanned,Closed,2026-05-03T06:30:15Z,2026-05-03T06:56:41Z,26
1830401,East,ROPAR,Indira nagar,Unplanned,Closed,2026-05-03T06:30:15Z,2026-05-03T06:57:51Z,27
1830400,East,ROPAR,Giani market,Unplanned,Closed,2026-05-03T06:30:15Z,2026-05-03T06:57:03Z,26
1830398,East,ROPAR,Bhabour sahib,Unplanned,Closed,2026-05-03T06:30:15Z,2026-05-03T10:20:00Z,229
1830375,East,ROPAR,HIYATPUR,Unplanned,Closed,2026-05-03T06:30:15Z,2026-05-03T08:17:00Z,106
1830374,East,ROPAR,Jhangrian,Unplanned,Closed,2026-05-03T06:30:15Z,2026-05-03T08:35:00Z,124
1830373,East,ROPAR,SAIDPUR,Unplanned,Closed,2026-05-03T06:30:15Z,2026-05-03T08:23:00Z,112
1830372,East,ROPAR,Haripur,Unplanned,Closed,2026-05-03T06:30:15Z,2026-05-03T08:15:00Z,104
1830371,East,ROPAR,Asmanpur,Unplanned,Closed,2026-05-03T06:30:15Z,2026-05-03T08:22:00Z,111
1830370,East,ROPAR,Nurpur Bedi,Unplanned,Closed,2026-05-03T06:30:15Z,2026-05-03T08:12:00Z,101
1830368,East,ROPAR,Thana,Unplanned,Closed,2026-05-03T06:30:15Z,2026-05-03T08:45:00Z,134
1830367,East,ROPAR,Bassi,Unplanned,Closed,2026-05-03T06:30:15Z,2026-05-03T08:12:00Z,101
1830351,East,ROPAR,Jain feeder,Unplanned,Closed,2026-05-03T06:30:15Z,2026-05-03T10:20:00Z,229
1831049,Border,TARN TARAN,BOP KK,Unplanned,Closed,2026-05-03T06:30:00Z,2026-05-03T10:07:00Z,217
1830598,Border,GURDASPUR,Shalla Urban,Unplanned,Closed,2026-05-03T06:30:00Z,2026-05-03T08:55:00Z,145
1830477,Border,TARN TARAN,24 Hours Supp Mir Pur,Unplanned,Closed,2026-05-03T06:30:00Z,2026-05-03T07:45:00Z,75
1830476,Border,TARN TARAN,Baba Bhuda Sahib,Unplanned,Closed,2026-05-03T06:30:00Z,2026-05-03T07:45:00Z,75
1830391,Border,TARN TARAN,JEOBALA UPS,Unplanned,Closed,2026-05-03T06:30:00Z,2026-05-03T08:40:00Z,130
1830381,Border,GURDASPUR,BhojRaj,Unplanned,Closed,2026-05-03T06:30:00Z,2026-05-03T08:04:00Z,94
1830380,Border,GURDASPUR,24Hrs MIR KACHANA,Unplanned,Closed,2026-05-03T06:30:00Z,2026-05-03T07:06:00Z,36
1830379,Border,GURDASPUR,24Hrs Khanowal,Unplanned,Closed,2026-05-03T06:30:00Z,2026-05-03T07:05:00Z,35
1830378,Border,GURDASPUR,24Hrs MALO GILL,Unplanned,Closed,2026-05-03T06:30:00Z,2026-05-03T07:05:00Z,35
1830363,North,NAWANSHAHR,KAMALPUR,Unplanned,Closed,2026-05-03T06:30:00Z,2026-05-03T07:26:00Z,56
1830362,North,NAWANSHAHR,RATTEWAL,Unplanned,Closed,2026-05-03T06:30:00Z,2026-05-03T07:26:00Z,56
1830361,North,NAWANSHAHR,JINDAPUR,Unplanned,Closed,2026-05-03T06:30:00Z,2026-05-03T07:26:00Z,56
1830359,North,NAWANSHAHR,DIBHALI,Unplanned,Closed,2026-05-03T06:30:00Z,2026-05-03T07:26:00Z,56
1830358,North,NAWANSHAHR,PANYALI,Unplanned,Closed,2026-05-03T06:30:00Z,2026-05-03T07:26:00Z,56
1830356,North,NAWANSHAHR,GOLUMAJRA,Unplanned,Closed,2026-05-03T06:30:00Z,2026-05-03T07:26:00Z,56
1830355,North,NAWANSHAHR,BALLOWAL,Unplanned,Closed,2026-05-03T06:30:00Z,2026-05-03T07:26:00Z,56
1830353,North,NAWANSHAHR,HEDONBET,Unplanned,Closed,2026-05-03T06:30:00Z,2026-05-03T07:26:00Z,56
1830352,North,NAWANSHAHR,KATHGARH,Unplanned,Closed,2026-05-03T06:30:00Z,2026-05-03T07:26:00Z,56
1830349,Border,GURDASPUR,Jafferwal,Unplanned,Closed,2026-05-03T06:30:00Z,2026-05-03T08:20:00Z,110
1830366,North,HOSHIARPUR,11 KV AP KANDI PATIARIAN,Unplanned,Closed,2026-05-03T06:29:00Z,2026-05-03T07:27:00Z,58
1830364,North,HOSHIARPUR,11 KV Jahankhelan,Unplanned,Closed,2026-05-03T06:29:00Z,2026-05-03T15:38:00Z,549
1830365,East,ROPAR,UPS SAHO MAJRA,Unplanned,Closed,2026-05-03T06:27:00Z,2026-05-03T07:35:00Z,68
1830479,North,JALANDHAR,11KV NIKKU PARK,Unplanned,Closed,2026-05-03T06:26:00Z,2026-05-03T08:44:00Z,138
1830338,North,NAWANSHAHR,11 KV DOPALPUR UPS,Unplanned,Closed,2026-05-03T06:26:00Z,2026-05-03T07:26:00Z,60
1830337,North,NAWANSHAHR,11 KV Usmanpur,Unplanned,Closed,2026-05-03T06:26:00Z,2026-05-03T07:26:00Z,60
1830336,North,NAWANSHAHR,TAJOWAL,Unplanned,Closed,2026-05-03T06:26:00Z,2026-05-03T07:26:00Z,60
1830335,North,NAWANSHAHR,BARWA,Unplanned,Closed,2026-05-03T06:26:00Z,2026-05-03T07:26:00Z,60
1830515,Border,TARN TARAN,UPS Machike,Unplanned,Closed,2026-05-03T06:25:00Z,2026-05-03T08:33:00Z,128
1830470,Border,GURDASPUR,HARNAM NAGAR,Unplanned,Closed,2026-05-03T06:25:00Z,2026-05-03T08:05:00Z,100
1830560,North,JALANDHAR,WARYAM NAGAR,Unplanned,Closed,2026-05-03T06:24:00Z,2026-05-03T11:41:00Z,317
1830342,North,HOSHIARPUR,FATEHGARH,Unplanned,Closed,2026-05-03T06:22:00Z,2026-05-03T08:45:00Z,143
1830320,North,HOSHIARPUR,manvta mander,Unplanned,Closed,2026-05-03T06:22:00Z,2026-05-03T07:45:00Z,83
1830319,North,HOSHIARPUR,Chetna Park,Unplanned,Closed,2026-05-03T06:22:00Z,2026-05-03T13:00:00Z,398
1830318,North,HOSHIARPUR,Ghanta Ghar,Unplanned,Closed,2026-05-03T06:22:00Z,2026-05-03T08:30:00Z,128
1830315,North,HOSHIARPUR,Model Town,Unplanned,Closed,2026-05-03T06:22:00Z,2026-05-03T08:10:00Z,108
1830325,North,NAWANSHAHR,AUR,Unplanned,Closed,2026-05-03T06:21:00Z,2026-05-03T07:40:00Z,79
1830321,North,NAWANSHAHR,MALPUR,Unplanned,Closed,2026-05-03T06:21:00Z,2026-05-03T09:15:00Z,174
1830316,North,NAWANSHAHR,BURAJTEHALDAS,Unplanned,Closed,2026-05-03T06:21:00Z,2026-05-03T09:50:00Z,209
1830333,North,JALANDHAR,BASTI NAU (OLD),Unplanned,Closed,2026-05-03T06:20:28Z,2026-05-03T10:10:51Z,230
1830467,East,ROPAR,AILGRAN,Unplanned,Closed,2026-05-03T06:20:15Z,2026-05-03T11:15:00Z,294
1830559,North,JALANDHAR,GEETA MANDIR,Unplanned,Closed,2026-05-03T06:20:00Z,2026-05-03T08:36:00Z,136
1830475,Border,GURDASPUR,Bakhatpur,Unplanned,Closed,2026-05-03T06:20:00Z,2026-05-03T08:25:00Z,125
1830474,Border,GURDASPUR,BuchaNagal,Unplanned,Closed,2026-05-03T06:20:00Z,2026-05-03T08:25:00Z,125
1830472,Border,GURDASPUR,Awan,Unplanned,Closed,2026-05-03T06:20:00Z,2026-05-03T08:26:00Z,126
1830360,North,KAPURTHALA,11 KV urban Girl School,Unplanned,Closed,2026-05-03T06:20:00Z,2026-05-03T06:58:00Z,38
1830357,North,KAPURTHALA,11 KV urban New Dana Mandi,Unplanned,Closed,2026-05-03T06:20:00Z,2026-05-03T06:58:00Z,38
1830354,North,KAPURTHALA,11 KV urban sultanpur bus Stand,Unplanned,Closed,2026-05-03T06:20:00Z,2026-05-03T06:58:00Z,38
1830344,North,KAPURTHALA,UPS Athoula,Unplanned,Closed,2026-05-03T06:20:00Z,2026-05-03T07:15:00Z,55
1830343,North,KAPURTHALA,UPS KASSO CHAHAL,Unplanned,Closed,2026-05-03T06:20:00Z,2026-05-03T07:15:00Z,55
1830341,North,KAPURTHALA,Razapur UPS,Unplanned,Closed,2026-05-03T06:20:00Z,2026-05-03T07:15:00Z,55
1830340,North,KAPURTHALA,INDUSTRY AREA,Unplanned,Closed,2026-05-03T06:20:00Z,2026-05-03T07:15:00Z,55
1830334,East,ROPAR,Golhani,Unplanned,Closed,2026-05-03T06:20:00Z,2026-05-03T11:31:00Z,311
1830332,North,HOSHIARPUR,KAMHI DEVI,Unplanned,Closed,2026-05-03T06:20:00Z,2026-05-03T07:10:00Z,50
1830331,East,ROPAR,BHANGLAN,Unplanned,Closed,2026-05-03T06:20:00Z,2026-05-03T08:45:00Z,145
1830330,East,ROPAR,KALWAN,Unplanned,Closed,2026-05-03T06:20:00Z,2026-05-03T08:40:00Z,140
1830329,Border,TARN TARAN,11 KV Industrial Feeder,Unplanned,Closed,2026-05-03T06:20:00Z,2026-05-03T07:01:00Z,41
1830328,East,ROPAR,PLATA,Unplanned,Closed,2026-05-03T06:20:00Z,2026-05-03T08:40:00Z,140
1830326,East,ROPAR,NALHOTI,Unplanned,Closed,2026-05-03T06:20:00Z,2026-05-03T08:40:00Z,140
1830324,East,ROPAR,SWARA,Unplanned,Closed,2026-05-03T06:20:00Z,2026-05-03T08:42:00Z,142
1830508,Border,TARN TARAN,UPS RATTOKE,Unplanned,Closed,2026-05-03T06:19:00Z,2026-05-03T08:32:00Z,133
1830302,North,JALANDHAR,11 KV LAW GATE FEEDER,Unplanned,Closed,2026-05-03T06:19:00Z,2026-05-03T07:17:00Z,58
1830299,North,JALANDHAR,11 KV TAGORE HOSPITAL,Unplanned,Closed,2026-05-03T06:19:00Z,2026-05-03T10:35:00Z,256
1830296,North,JALANDHAR,ASHOK VIHAR,Unplanned,Closed,2026-05-03T06:19:00Z,2026-05-03T07:17:00Z,58
1830294,North,JALANDHAR,LINK FEEDER,Unplanned,Closed,2026-05-03T06:19:00Z,2026-05-03T06:30:00Z,11
1830292,North,JALANDHAR,BABA GADHIYA,Unplanned,Closed,2026-05-03T06:19:00Z,2026-05-03T07:17:00Z,58
1830290,North,JALANDHAR,11 KV BHANOKI LINK FEEDER,Unplanned,Closed,2026-05-03T06:19:00Z,2026-05-03T07:17:00Z,58
1830397,North,JALANDHAR,MANDI ROAD,Unplanned,Closed,2026-05-03T06:18:00Z,2026-05-03T08:31:00Z,133
1830396,North,JALANDHAR,URBAN ESTATE,Unplanned,Closed,2026-05-03T06:18:00Z,2026-05-03T08:52:00Z,154
1830395,North,JALANDHAR,DAKOHA,Unplanned,Closed,2026-05-03T06:18:00Z,2026-05-03T09:08:00Z,170
1830383,Border,GURDASPUR,Ujjagar Nagar,Unplanned,Closed,2026-05-03T06:18:00Z,2026-05-03T07:45:00Z,87
1830382,Border,GURDASPUR,South City,Unplanned,Closed,2026-05-03T06:18:00Z,2026-05-03T08:55:00Z,157
1830350,Border,SUB URBAN AMRITSAR,Urban Jandiala,Unplanned,Closed,2026-05-03T06:15:00Z,2026-05-03T09:00:00Z,165
1830348,Border,SUB URBAN AMRITSAR,UPS Dharar,Unplanned,Closed,2026-05-03T06:15:00Z,2026-05-03T09:00:00Z,165
1830346,Border,SUB URBAN AMRITSAR,Shaheed Udham Singh,Unplanned,Closed,2026-05-03T06:15:00Z,2026-05-03T06:35:00Z,20
1830345,Border,SUB URBAN AMRITSAR,MES,Unplanned,Closed,2026-05-03T06:15:00Z,2026-05-03T09:00:00Z,165
1830312,North,NAWANSHAHR,Focal Point,Unplanned,Closed,2026-05-03T06:15:00Z,2026-05-03T06:50:00Z,35
1830311,North,NAWANSHAHR,Dana Mandi,Unplanned,Closed,2026-05-03T06:15:00Z,2026-05-03T06:50:00Z,35
1830310,North,NAWANSHAHR,Ghaas mandi,Unplanned,Closed,2026-05-03T06:15:00Z,2026-05-03T06:49:00Z,34
1830309,North,NAWANSHAHR,Rahon Road,Unplanned,Closed,2026-05-03T06:15:00Z,2026-05-03T06:49:00Z,34
1830308,North,NAWANSHAHR,City-1,Unplanned,Closed,2026-05-03T06:15:00Z,2026-05-03T06:51:00Z,36
1830305,North,NAWANSHAHR,Saloh Road,Unplanned,Closed,2026-05-03T06:15:00Z,2026-05-03T06:50:00Z,35
1830304,North,NAWANSHAHR,11 KV Railway Road,Unplanned,Closed,2026-05-03T06:15:00Z,2026-05-03T06:50:00Z,35
1830303,North,NAWANSHAHR,11 KV Begam Pur,Unplanned,Closed,2026-05-03T06:15:00Z,2026-05-03T06:50:00Z,35
1830301,North,NAWANSHAHR,Barnala Gate,Unplanned,Closed,2026-05-03T06:15:00Z,2026-05-03T06:51:00Z,36
1830300,North,NAWANSHAHR,11KV CITY-3,Unplanned,Closed,2026-05-03T06:15:00Z,2026-05-03T06:49:00Z,34
1830285,North,NAWANSHAHR,BHADDI URBAN,Unplanned,Closed,2026-05-03T06:15:00Z,2026-05-03T07:09:00Z,54
1830284,North,NAWANSHAHR,TAKARLA,Unplanned,Closed,2026-05-03T06:15:00Z,2026-05-03T07:09:00Z,54
1830283,North,NAWANSHAHR,MOJOWAL MAJARA,Unplanned,Closed,2026-05-03T06:15:00Z,2026-05-03T07:09:00Z,54
1830282,North,NAWANSHAHR,MAHIPUR,Unplanned,Closed,2026-05-03T06:15:00Z,2026-05-03T07:09:00Z,54
1830281,Border,TARN TARAN,Bodewal  UPS,Unplanned,Closed,2026-05-03T06:15:00Z,2026-05-03T09:35:00Z,200
1830280,North,NAWANSHAHR,AKALIANA,Unplanned,Closed,2026-05-03T06:15:00Z,2026-05-03T07:09:00Z,54
1830273,Border,TARN TARAN,Paddey,Unplanned,Closed,2026-05-03T06:15:00Z,2026-05-03T10:15:00Z,240
1830264,North,NAWANSHAHR,11KV GUJJARPUR,Unplanned,Closed,2026-05-03T06:15:00Z,2026-05-03T07:15:00Z,60
1830263,North,NAWANSHAHR,11KV GHATARON,Unplanned,Closed,2026-05-03T06:15:00Z,2026-05-03T07:15:00Z,60
1830262,North,NAWANSHAHR,11 KV JABOWAL,Unplanned,Closed,2026-05-03T06:15:00Z,2026-05-03T07:15:00Z,60
1830261,North,NAWANSHAHR,11KV BHEEN (Urban),Unplanned,Closed,2026-05-03T06:15:00Z,2026-05-03T07:15:00Z,60
1830251,Border,GURDASPUR,24 Hrs Supply,Unplanned,Closed,2026-05-03T06:15:00Z,2026-05-03T07:20:00Z,65
1830248,Border,GURDASPUR,Thireawal UPS feeder,Unplanned,Closed,2026-05-03T06:15:00Z,2026-05-03T07:25:00Z,70
1830276,North,NAWANSHAHR,TEHSIL COMPLEX,Unplanned,Closed,2026-05-03T06:14:00Z,2026-05-03T07:09:00Z,55
1830272,North,NAWANSHAHR,BALACHAUR,Unplanned,Closed,2026-05-03T06:14:00Z,2026-05-03T07:09:00Z,55
1830270,North,NAWANSHAHR,CITY BALACHAUR NO-2,Unplanned,Closed,2026-05-03T06:14:00Z,2026-05-03T07:09:00Z,55
1830269,Border,SUB URBAN AMRITSAR,Chogawan,Unplanned,Closed,2026-05-03T06:14:00Z,2026-05-03T13:38:00Z,444
1830268,North,NAWANSHAHR,SUDHA MAJRA,Unplanned,Closed,2026-05-03T06:14:00Z,2026-05-03T07:09:00Z,55
1830267,North,NAWANSHAHR,RAM NAGAR,Unplanned,Closed,2026-05-03T06:14:00Z,2026-05-03T07:09:00Z,55
1830266,North,NAWANSHAHR,THOPIA,Unplanned,Closed,2026-05-03T06:14:00Z,2026-05-03T07:09:00Z,55
1830265,Border,SUB URBAN AMRITSAR,GUMTALA,Unplanned,Closed,2026-05-03T06:14:00Z,2026-05-03T09:47:00Z,213
1830259,North,NAWANSHAHR,CHANDIANI,Unplanned,Closed,2026-05-03T06:14:00Z,2026-05-03T07:09:00Z,55
1830258,North,NAWANSHAHR,BHADDI,Unplanned,Closed,2026-05-03T06:14:00Z,2026-05-03T07:09:00Z,55
1830257,North,NAWANSHAHR,JAGATPUR,Unplanned,Closed,2026-05-03T06:14:00Z,2026-05-03T07:09:00Z,55
1830255,North,NAWANSHAHR,CHUSHMA,Unplanned,Closed,2026-05-03T06:14:00Z,2026-05-03T07:09:00Z,55
1830249,North,NAWANSHAHR,SKOHPUR,Unplanned,Closed,2026-05-03T06:14:00Z,2026-05-03T07:51:00Z,97
1830596,North,JALANDHAR,SHANKAR,Unplanned,Closed,2026-05-03T06:13:00Z,2026-05-03T08:37:00Z,144
1830289,Border,SUB URBAN AMRITSAR,24 Hrs Bhullar,Unplanned,Closed,2026-05-03T06:12:00Z,2026-05-03T09:21:00Z,189
1830287,Border,SUB URBAN AMRITSAR,24 Hrs Kohali,Unplanned,Closed,2026-05-03T06:12:00Z,2026-05-03T13:39:00Z,447
1830252,North,NAWANSHAHR,KHOJA,Unplanned,Closed,2026-05-03T06:12:00Z,2026-05-03T07:41:00Z,89
1830243,North,NAWANSHAHR,JADLA,Unplanned,Closed,2026-05-03T06:12:00Z,2026-05-03T06:15:00Z,3
1830233,North,JALANDHAR,VARINDERA TOOLS,Unplanned,Closed,2026-05-03T06:12:00Z,2026-05-03T08:26:00Z,134
1830229,North,JALANDHAR,DRY LEATHER COMPLEX,Unplanned,Closed,2026-05-03T06:12:00Z,2026-05-03T07:52:00Z,100
1830298,North,HOSHIARPUR,LACHOWAL,Unplanned,Closed,2026-05-03T06:11:00Z,2026-05-03T07:00:00Z,49
1830297,North,HOSHIARPUR,BAINS KHURD,Unplanned,Closed,2026-05-03T06:11:00Z,2026-05-03T07:00:00Z,49
1830295,North,HOSHIARPUR,ADAMWAL UPS,Unplanned,Closed,2026-05-03T06:11:00Z,2026-05-03T07:00:00Z,49
1830293,North,HOSHIARPUR,MEHENGROWAL,Unplanned,Closed,2026-05-03T06:11:00Z,2026-05-03T07:00:00Z,49
1830291,North,HOSHIARPUR,CHOHAL,Unplanned,Closed,2026-05-03T06:11:00Z,2026-05-03T07:10:00Z,59
1830347,Central,CITY WEST LUDHIANA,JAMMU COLONY,Unplanned,Closed,2026-05-03T06:10:00Z,2026-05-03T09:01:45Z,171
1830323,Border,TARN TARAN,Sarhali Road,Unplanned,Closed,2026-05-03T06:10:00Z,2026-05-03T08:35:00Z,145
1830307,Border,TARN TARAN,CITY 2,Unplanned,Closed,2026-05-03T06:10:00Z,2026-05-03T08:15:00Z,125
1830254,North,JALANDHAR,11KV HOUSING BOARD,Unplanned,Closed,2026-05-03T06:10:00Z,2026-05-03T09:48:00Z,218
1830250,Border,SUB URBAN AMRITSAR,11KV Granthgar,Unplanned,Closed,2026-05-03T06:10:00Z,2026-05-03T08:00:00Z,110
1830247,Border,SUB URBAN AMRITSAR,11KV CHAK DOGRA,Unplanned,Closed,2026-05-03T06:10:00Z,2026-05-03T09:14:00Z,184
1830246,Border,SUB URBAN AMRITSAR,11KV Jagiwal,Unplanned,Closed,2026-05-03T06:10:00Z,2026-05-03T08:21:00Z,131
1830245,Border,GURDASPUR,Karnama,Unplanned,Closed,2026-05-03T06:10:00Z,2026-05-03T06:55:00Z,45
1830244,North,JALANDHAR,SARSWATI VIHAR,Unplanned,Closed,2026-05-03T06:10:00Z,2026-05-03T06:57:00Z,47
1830240,North,NAWANSHAHR,JHUNGI,Unplanned,Closed,2026-05-03T06:10:00Z,2026-05-03T07:09:00Z,59
1830239,North,NAWANSHAHR,BHAWANIPUR,Unplanned,Closed,2026-05-03T06:10:00Z,2026-05-03T07:09:00Z,59
1830238,Border,SUB URBAN AMRITSAR,TALWANDI NAHAR,Unplanned,Closed,2026-05-03T06:10:00Z,2026-05-03T09:39:00Z,209
1830237,North,NAWANSHAHR,ACHALPUR,Unplanned,Closed,2026-05-03T06:10:00Z,2026-05-03T07:09:00Z,59
1830236,North,NAWANSHAHR,PANDORI,Unplanned,Closed,2026-05-03T06:10:00Z,2026-05-03T07:09:00Z,59
1830234,North,NAWANSHAHR,DALLEWAL URBAN,Unplanned,Closed,2026-05-03T06:10:00Z,2026-05-03T07:09:00Z,59
1830232,Border,SUB URBAN AMRITSAR,11KV Johal,Unplanned,Closed,2026-05-03T06:10:00Z,2026-05-03T08:05:00Z,115
1830230,Border,SUB URBAN AMRITSAR,CHETANPURA,Unplanned,Closed,2026-05-03T06:10:00Z,2026-05-03T09:10:00Z,180
1830228,Border,SUB URBAN AMRITSAR,SANGATPURA,Unplanned,Closed,2026-05-03T06:10:00Z,2026-05-03T08:30:00Z,140
1830227,Border,SUB URBAN AMRITSAR,Gujjarpura,Unplanned,Closed,2026-05-03T06:10:00Z,2026-05-03T09:51:00Z,221
1830226,Border,SUB URBAN AMRITSAR,Harrar Kalan,Unplanned,Closed,2026-05-03T06:10:00Z,2026-05-03T10:03:00Z,233
1830225,Border,SUB URBAN AMRITSAR,Bhaka Hari Singh,Unplanned,Closed,2026-05-03T06:10:00Z,2026-05-03T09:28:00Z,198
1830224,Border,SUB URBAN AMRITSAR,LAKHUWAL,Unplanned,Closed,2026-05-03T06:10:00Z,2026-05-03T10:07:00Z,237
1830222,Border,SUB URBAN AMRITSAR,GUJJAPEER,Unplanned,Closed,2026-05-03T06:10:00Z,2026-05-03T10:15:00Z,245
1830220,Border,SUB URBAN AMRITSAR,11KV City4,Unplanned,Closed,2026-05-03T06:10:00Z,2026-05-03T08:14:00Z,124
1830205,Central,CITY WEST LUDHIANA,BASANT CITY,Unplanned,Closed,2026-05-03T06:08:09Z,2026-05-03T10:43:02Z,274
1830242,North,JALANDHAR,Rainak Bazar,Unplanned,Closed,2026-05-03T06:08:00Z,2026-05-03T08:55:00Z,167
1830241,North,JALANDHAR,11 KV  GRAIN MARKET (New),Unplanned,Closed,2026-05-03T06:08:00Z,2026-05-03T11:29:00Z,321
1830221,North,NAWANSHAHR,11KV BARNALA,Unplanned,Closed,2026-05-03T06:08:00Z,2026-05-03T07:08:00Z,60
1830195,Border,TARN TARAN,MES-I,Unplanned,Closed,2026-05-03T06:07:00Z,2026-05-03T07:05:00Z,58
1830339,Border,GURDASPUR,24Hrs SUPPLY SEKHWAN,Unplanned,Closed,2026-05-03T06:06:00Z,2026-05-03T07:40:00Z,94
1830288,North,NAWANSHAHR,GNA-II,Unplanned,Closed,2026-05-03T06:05:55Z,2026-05-03T07:00:00Z,54
1830286,North,NAWANSHAHR,GNA-I,Unplanned,Closed,2026-05-03T06:05:55Z,2026-05-03T07:00:00Z,54
1830313,Border,TARN TARAN,GAGOBUA URBAN,Unplanned,Closed,2026-05-03T06:05:00Z,2026-05-03T13:40:00Z,455
1830256,South,PATIALA,Veer Singh Colony,Unplanned,Closed,2026-05-03T06:05:00Z,2026-05-03T08:05:00Z,120
1830218,North,NAWANSHAHR,Friends Road,Unplanned,Closed,2026-05-03T06:05:00Z,2026-05-03T09:40:00Z,215
1830215,North,NAWANSHAHR,Achan Chak,Unplanned,Closed,2026-05-03T06:05:00Z,2026-05-03T12:02:00Z,357
1830213,North,NAWANSHAHR,PTC,Unplanned,Closed,2026-05-03T06:05:00Z,2026-05-03T08:35:00Z,150
1830211,North,NAWANSHAHR,Cremica,Unplanned,Closed,2026-05-03T06:05:00Z,2026-05-03T09:00:00Z,175
1830208,North,NAWANSHAHR,City,Unplanned,Closed,2026-05-03T06:05:00Z,2026-05-03T09:00:00Z,175
1830207,North,NAWANSHAHR,Raiway road,Unplanned,Closed,2026-05-03T06:05:00Z,2026-05-03T09:39:00Z,214
1830204,North,NAWANSHAHR,RAKKAR DHAHAN,Unplanned,Closed,2026-05-03T06:05:00Z,2026-05-03T07:04:00Z,59
1830203,North,NAWANSHAHR,PAILY,Unplanned,Closed,2026-05-03T06:05:00Z,2026-05-03T07:04:00Z,59
1830202,North,NAWANSHAHR,MAZARI,Unplanned,Closed,2026-05-03T06:05:00Z,2026-05-03T07:04:00Z,59
1830201,North,NAWANSHAHR,KARAWAR,Unplanned,Closed,2026-05-03T06:05:00Z,2026-05-03T07:04:00Z,59
1830200,North,NAWANSHAHR,SAHIBA,Unplanned,Closed,2026-05-03T06:05:00Z,2026-05-03T07:04:00Z,59
1830199,North,NAWANSHAHR,DHARAMPUR,Unplanned,Closed,2026-05-03T06:05:00Z,2026-05-03T07:04:00Z,59
1830198,North,NAWANSHAHR,BAKAPUR,Unplanned,Closed,2026-05-03T06:05:00Z,2026-05-03T07:04:00Z,59
1830197,North,NAWANSHAHR,KAULGARH,Unplanned,Closed,2026-05-03T06:05:00Z,2026-05-03T07:04:00Z,59
1830196,North,NAWANSHAHR,JADALI,Unplanned,Closed,2026-05-03T06:05:00Z,2026-05-03T07:04:00Z,59
1830188,Border,TARN TARAN,RAYYA BACK FEEDING,Unplanned,Closed,2026-05-03T06:05:00Z,2026-05-03T07:42:00Z,97
1830186,North,HOSHIARPUR,milk plant,Unplanned,Closed,2026-05-03T06:05:00Z,2026-05-03T11:55:00Z,350
1830185,North,HOSHIARPUR,DAM,Unplanned,Closed,2026-05-03T06:05:00Z,2026-05-03T10:30:00Z,265
1830184,North,HOSHIARPUR,JANOURI,Unplanned,Closed,2026-05-03T06:05:00Z,2026-05-03T10:05:00Z,240
1830183,North,HOSHIARPUR,REHMAPUR,Unplanned,Closed,2026-05-03T06:05:00Z,2026-05-03T10:30:00Z,265
1830182,North,HOSHIARPUR,Janauri-2,Unplanned,Closed,2026-05-03T06:05:00Z,2026-05-03T08:55:00Z,170
1830181,North,HOSHIARPUR,Atwarapur,Unplanned,Closed,2026-05-03T06:05:00Z,2026-05-03T08:55:00Z,170
1830180,North,HOSHIARPUR,Dholwaha,Unplanned,Closed,2026-05-03T06:05:00Z,2026-05-03T08:50:00Z,165
1830178,North,HOSHIARPUR,11KV BHATOLIAN,Unplanned,Closed,2026-05-03T06:05:00Z,2026-05-03T08:50:00Z,165
1830177,North,NAWANSHAHR,ROR MAJRA,Unplanned,Closed,2026-05-03T06:05:00Z,2026-05-03T07:04:00Z,59
1830176,North,NAWANSHAHR,CHAK GURU,Unplanned,Closed,2026-05-03T06:05:00Z,2026-05-03T07:04:00Z,59
1830175,North,NAWANSHAHR,DAYALAN,Unplanned,Closed,2026-05-03T06:05:00Z,2026-05-03T07:04:00Z,59
1830174,North,HOSHIARPUR,BAGPUR,Unplanned,Closed,2026-05-03T06:05:00Z,2026-05-03T09:50:00Z,225
1830173,North,NAWANSHAHR,MALEWAL,Unplanned,Closed,2026-05-03T06:05:00Z,2026-05-03T07:04:00Z,59
1830172,North,HOSHIARPUR,SOTLA,Unplanned,Closed,2026-05-03T06:05:00Z,2026-05-03T09:20:00Z,195
1830171,North,NAWANSHAHR,CHANDPUR RURKI,Unplanned,Closed,2026-05-03T06:05:00Z,2026-05-03T07:04:00Z,59
1830170,North,HOSHIARPUR,11 KV KAILON,Unplanned,Closed,2026-05-03T06:05:00Z,2026-05-03T09:50:00Z,225
1830169,North,NAWANSHAHR,BINEWAL,Unplanned,Closed,2026-05-03T06:05:00Z,2026-05-03T07:04:00Z,59
1830168,North,NAWANSHAHR,SAROYA,Unplanned,Closed,2026-05-03T06:05:00Z,2026-05-03T07:04:00Z,59
1830167,North,NAWANSHAHR,ALLOWAL,Unplanned,Closed,2026-05-03T06:05:00Z,2026-05-03T07:04:00Z,59
1830278,North,HOSHIARPUR,KHAROUDI,Unplanned,Closed,2026-05-03T06:04:00Z,2026-05-03T07:04:00Z,60
1830275,North,HOSHIARPUR,SUNNI,Unplanned,Closed,2026-05-03T06:04:00Z,2026-05-03T07:04:00Z,60
1830274,North,HOSHIARPUR,Khushalpur,Unplanned,Closed,2026-05-03T06:04:00Z,2026-05-03T07:04:00Z,60
1830271,North,HOSHIARPUR,Kot Fatuhi,Unplanned,Closed,2026-05-03T06:04:00Z,2026-05-03T07:04:00Z,60
1830166,North,HOSHIARPUR,KOTWALI BAZAR,Unplanned,Closed,2026-05-03T06:03:00Z,2026-05-03T06:15:00Z,12
1830165,North,HOSHIARPUR,GUR MANDI,Unplanned,Closed,2026-05-03T06:03:00Z,2026-05-03T06:15:00Z,12
1830163,North,HOSHIARPUR,Jagatpura,Unplanned,Closed,2026-05-03T06:03:00Z,2026-05-03T06:15:00Z,12
1830161,North,HOSHIARPUR,Kamalpur,Unplanned,Closed,2026-05-03T06:03:00Z,2026-05-03T09:31:00Z,208
1830160,North,HOSHIARPUR,RAM MANDIR,Unplanned,Closed,2026-05-03T06:03:00Z,2026-05-03T07:02:00Z,59
1830158,North,HOSHIARPUR,Tagore Nagar,Unplanned,Closed,2026-05-03T06:03:00Z,2026-05-03T06:30:00Z,27
1830157,North,HOSHIARPUR,ROSHAN GROUND,Unplanned,Closed,2026-05-03T06:03:00Z,2026-05-03T07:00:00Z,57
1830780,South,SANGRUR,M K Road,Unplanned,Closed,2026-05-03T06:01:00Z,2026-05-03T08:35:00Z,154
1830314,Border,TARN TARAN,MES-II,Unplanned,Closed,2026-05-03T06:01:00Z,2026-05-03T07:17:00Z,76
1830216,Border,TARN TARAN,Budha Theh,Unplanned,Closed,2026-05-03T06:01:00Z,2026-05-03T07:23:00Z,82
1830154,North,JALANDHAR,11 KV Gopal Nagar,Unplanned,Closed,2026-05-03T06:00:09Z,2026-05-03T09:12:00Z,191
1830235,North,JALANDHAR,DOABA FEEDER,Unplanned,Closed,2026-05-03T06:00:00Z,2026-05-03T07:08:00Z,68
1830223,North,JALANDHAR,JANDAILI,Unplanned,Closed,2026-05-03T06:00:00Z,2026-05-03T07:00:00Z,60
1830219,North,JALANDHAR,URBAN STATE,Unplanned,Closed,2026-05-03T06:00:00Z,2026-05-03T07:00:00Z,60
1830212,Border,SUB URBAN AMRITSAR,City-II,Unplanned,Closed,2026-05-03T06:00:00Z,2026-05-03T06:55:00Z,55
1830209,Border,SUB URBAN AMRITSAR,Dalam,Unplanned,Closed,2026-05-03T06:00:00Z,2026-05-03T08:00:00Z,120
1830194,North,JALANDHAR,STARCH MILL,Unplanned,Closed,2026-05-03T06:00:00Z,2026-05-03T07:00:00Z,60
1830193,North,JALANDHAR,Onkar nagar,Unplanned,Closed,2026-05-03T06:00:00Z,2026-05-03T07:00:00Z,60
1830192,North,JALANDHAR,SUKHAIN NAGAR,Unplanned,Closed,2026-05-03T06:00:00Z,2026-05-03T07:00:00Z,60
1830191,North,JALANDHAR,RING MAIN,Unplanned,Closed,2026-05-03T06:00:00Z,2026-05-03T07:00:00Z,60
1830190,North,JALANDHAR,Bansan Bazaar,Unplanned,Closed,2026-05-03T06:00:00Z,2026-05-03T07:00:00Z,60
1830189,North,JALANDHAR,CITY2,Unplanned,Closed,2026-05-03T06:00:00Z,2026-05-03T07:00:00Z,60
1830187,North,JALANDHAR,CITY1,Unplanned,Closed,2026-05-03T06:00:00Z,2026-05-03T07:00:00Z,60
1830129,North,NAWANSHAHR,ups raipur dabba,Unplanned,Closed,2026-05-03T05:57:38Z,2026-05-03T11:08:40Z,311
1830231,Border,TARN TARAN,BAHADARPUR,Unplanned,Closed,2026-05-03T05:57:00Z,2026-05-03T09:01:00Z,184
1830614,Border,TARN TARAN,RAYYA URBAN,Unplanned,Closed,2026-05-03T05:55:00Z,2026-05-03T08:27:00Z,152
1830147,North,NAWANSHAHR,TAKARLA,Unplanned,Closed,2026-05-03T05:55:00Z,2026-05-03T14:05:00Z,490
1830122,North,NAWANSHAHR,TEHSIL COMPLEX GSR,Unplanned,Closed,2026-05-03T05:55:00Z,2026-05-03T06:43:00Z,48
1830119,North,NAWANSHAHR,SADHOWAL,Unplanned,Closed,2026-05-03T05:55:00Z,2026-05-03T06:43:00Z,48
1830116,North,NAWANSHAHR,BHAJJAL,Unplanned,Closed,2026-05-03T05:55:00Z,2026-05-03T06:43:00Z,48
1830114,North,NAWANSHAHR,SIKANDERPUR,Unplanned,Closed,2026-05-03T05:55:00Z,2026-05-03T06:43:00Z,48
1830113,North,NAWANSHAHR,DUGRI,Unplanned,Closed,2026-05-03T05:55:00Z,2026-05-03T06:43:00Z,48
1830111,North,NAWANSHAHR,CITY GARHSHANKAR-2,Unplanned,Closed,2026-05-03T05:55:00Z,2026-05-03T06:43:00Z,48
1830110,North,NAWANSHAHR,CITY GARHSHANKAR,Unplanned,Closed,2026-05-03T05:55:00Z,2026-05-03T06:43:00Z,48
1830105,North,NAWANSHAHR,11 KV SALEMPUR,Unplanned,Closed,2026-05-03T05:55:00Z,2026-05-03T06:43:00Z,48
1830104,North,NAWANSHAHR,HAZIPUR,Unplanned,Closed,2026-05-03T05:55:00Z,2026-05-03T06:43:00Z,48
1830103,North,NAWANSHAHR,KITNA,Unplanned,Closed,2026-05-03T05:55:00Z,2026-05-03T06:43:00Z,48
1830097,North,NAWANSHAHR,11 KV UPS BHOURA,Unplanned,Closed,2026-05-03T05:52:14Z,2026-05-03T06:52:03Z,59
1830096,North,NAWANSHAHR,11 KV UPS JHIKKA,Unplanned,Closed,2026-05-03T05:52:14Z,2026-05-03T10:00:43Z,248
1830094,North,NAWANSHAHR,UPS No. 3,Unplanned,Closed,2026-05-03T05:52:14Z,2026-05-03T10:01:51Z,249
1830092,North,NAWANSHAHR,UPS No. 1,Unplanned,Closed,2026-05-03T05:52:14Z,2026-05-03T09:35:37Z,223
1830089,North,NAWANSHAHR,11KV UPS BAKHLOUR,Unplanned,Closed,2026-05-03T05:52:14Z,2026-05-03T06:52:03Z,59
1830088,North,NAWANSHAHR,11KV UPS SHRI RAJA SAHIB,Unplanned,Closed,2026-05-03T05:52:14Z,2026-05-03T06:52:03Z,59
1830086,North,NAWANSHAHR,UPS No. 2,Unplanned,Closed,2026-05-03T05:52:14Z,2026-05-03T06:52:03Z,59
1830084,North,NAWANSHAHR,UPS NO.3,Unplanned,Closed,2026-05-03T05:52:14Z,2026-05-03T06:52:03Z,59
1830082,North,NAWANSHAHR,UPS NO.1,Unplanned,Closed,2026-05-03T05:52:14Z,2026-05-03T06:52:03Z,59
1830081,North,NAWANSHAHR,Mukandpur,Unplanned,Closed,2026-05-03T05:52:14Z,2026-05-03T06:52:03Z,59
1830078,North,NAWANSHAHR,11KV CITY NO-3,Unplanned,Closed,2026-05-03T05:52:14Z,2026-05-03T06:52:03Z,59
1830075,North,NAWANSHAHR,11KV24HRS NO-4,Unplanned,Closed,2026-05-03T05:52:14Z,2026-05-03T06:52:03Z,59
1830072,North,NAWANSHAHR,11KVCITY-2,Unplanned,Closed,2026-05-03T05:52:14Z,2026-05-03T06:52:03Z,59
1830069,North,NAWANSHAHR,UPS No. 2,Unplanned,Closed,2026-05-03T05:52:14Z,2026-05-03T06:52:03Z,59
1830068,North,NAWANSHAHR,City Banga,Unplanned,Closed,2026-05-03T05:52:14Z,2026-05-03T06:52:03Z,59
1830066,North,NAWANSHAHR,UPS-5,Unplanned,Closed,2026-05-03T05:52:14Z,2026-05-03T06:52:03Z,59
1830065,North,NAWANSHAHR,UPS-4,Unplanned,Closed,2026-05-03T05:52:14Z,2026-05-03T06:52:03Z,59
1830064,North,NAWANSHAHR,UPS-3,Unplanned,Closed,2026-05-03T05:52:14Z,2026-05-03T06:52:03Z,59
1830063,North,NAWANSHAHR,11 KV Blakipur city,Unplanned,Closed,2026-05-03T05:52:14Z,2026-05-03T06:52:03Z,59
1830062,North,NAWANSHAHR,11 KV UPS,Unplanned,Closed,2026-05-03T05:52:14Z,2026-05-03T06:52:03Z,59
1830061,North,NAWANSHAHR,UPS-2,Unplanned,Closed,2026-05-03T05:52:14Z,2026-05-03T06:52:03Z,59
1830060,North,NAWANSHAHR,UPS-1,Unplanned,Closed,2026-05-03T05:52:14Z,2026-05-03T06:52:03Z,59
1830058,North,NAWANSHAHR,City Behram,Unplanned,Closed,2026-05-03T05:52:14Z,2026-05-03T06:52:03Z,59
1830120,North,HOSHIARPUR,D.C ROAD,Unplanned,Closed,2026-05-03T05:52:00Z,2026-05-03T06:28:00Z,36
1830118,North,HOSHIARPUR,11 KV Balkrishan Road,Unplanned,Closed,2026-05-03T05:52:00Z,2026-05-03T06:28:00Z,36
1830115,North,HOSHIARPUR,L I C,Unplanned,Closed,2026-05-03T05:52:00Z,2026-05-03T06:28:00Z,36
1830112,North,HOSHIARPUR,RED ROAD,Unplanned,Closed,2026-05-03T05:52:00Z,2026-05-03T06:28:00Z,36
1830107,North,HOSHIARPUR,GREEN VIEW PARK,Unplanned,Closed,2026-05-03T05:52:00Z,2026-05-03T06:28:00Z,36
1830206,North,NAWANSHAHR,G.N.Hospital,Unplanned,Closed,2026-05-03T05:51:55Z,2026-05-03T09:11:10Z,199
1830699,North,KAPURTHALA,11 KV HIMMET UPS,Unplanned,Closed,2026-05-03T05:51:00Z,2026-05-03T09:31:00Z,220
1830658,North,KAPURTHALA,UPS Saidowal,Unplanned,Closed,2026-05-03T05:51:00Z,2026-05-03T09:25:00Z,214
1830260,Border,TARN TARAN,THATHIAN UPS,Unplanned,Closed,2026-05-03T05:50:00Z,2026-05-03T06:50:00Z,60
1830253,Border,TARN TARAN,KARTARRPUR UPS,Unplanned,Closed,2026-05-03T05:50:00Z,2026-05-03T07:50:00Z,120
1830155,North,NAWANSHAHR,Kahna Dhesian,Unplanned,Closed,2026-05-03T05:50:00Z,2026-05-03T09:05:00Z,195
1830151,Border,GURDASPUR,Goal Mandir,Unplanned,Closed,2026-05-03T05:50:00Z,2026-05-03T06:30:00Z,40
1830149,Border,GURDASPUR,SD Collage,Unplanned,Closed,2026-05-03T05:50:00Z,2026-05-03T07:20:00Z,90
1830148,Border,GURDASPUR,Baba Tehal Singh,Unplanned,Closed,2026-05-03T05:50:00Z,2026-05-03T06:30:00Z,40
1830146,North,NAWANSHAHR,Danduwal,Unplanned,Closed,2026-05-03T05:50:00Z,2026-05-03T09:50:00Z,240
1830145,North,NAWANSHAHR,Randhawa,Unplanned,Closed,2026-05-03T05:50:00Z,2026-05-03T09:05:00Z,195
1830144,North,NAWANSHAHR,Rurka Kalan,Unplanned,Closed,2026-05-03T05:50:00Z,2026-05-03T09:05:00Z,195
1830141,North,NAWANSHAHR,11 KV MANDI CAT 1,Unplanned,Closed,2026-05-03T05:50:00Z,2026-05-03T09:05:00Z,195
1830139,North,NAWANSHAHR,11 KV UPS KATANA,Unplanned,Closed,2026-05-03T05:50:00Z,2026-05-03T09:15:00Z,205
1830138,North,NAWANSHAHR,11 KV UPS RAIPUR ARRIYIAN,Unplanned,Closed,2026-05-03T05:50:00Z,2026-05-03T09:15:00Z,205
1830137,North,NAWANSHAHR,UPS Katpalon,Unplanned,Closed,2026-05-03T05:50:00Z,2026-05-03T09:15:10Z,205
1830136,North,NAWANSHAHR,Bansian Dhak,Unplanned,Closed,2026-05-03T05:50:00Z,2026-05-03T09:15:26Z,205
1830135,North,NAWANSHAHR,Urban Pattren,Unplanned,Closed,2026-05-03T05:50:00Z,2026-05-03T09:15:04Z,205
1830134,North,NAWANSHAHR,Urban Pattren,Unplanned,Closed,2026-05-03T05:50:00Z,2026-05-03T10:30:00Z,280
1830133,North,NAWANSHAHR,Apra,Unplanned,Closed,2026-05-03T05:50:00Z,2026-05-03T09:05:00Z,195
1830109,North,HOSHIARPUR,POSSI,Unplanned,Closed,2026-05-03T05:50:00Z,2026-05-03T06:50:00Z,60
1830108,North,HOSHIARPUR,MAZARA DINGRIAN,Unplanned,Closed,2026-05-03T05:50:00Z,2026-05-03T06:50:00Z,60
1830106,North,HOSHIARPUR,PADDI SURA SINGH,Unplanned,Closed,2026-05-03T05:50:00Z,2026-05-03T06:50:00Z,60
1830102,North,HOSHIARPUR,JASSOWAL,Unplanned,Closed,2026-05-03T05:50:00Z,2026-05-03T06:50:00Z,60
1830100,North,HOSHIARPUR,PAKHOWAL,Unplanned,Closed,2026-05-03T05:50:00Z,2026-05-03T06:50:00Z,60
1830099,North,HOSHIARPUR,PENSRA,Unplanned,Closed,2026-05-03T05:50:00Z,2026-05-03T06:50:00Z,60
1830056,North,HOSHIARPUR,BHUNGA,Unplanned,Closed,2026-05-03T05:50:00Z,2026-05-03T08:30:00Z,160
1830055,North,HOSHIARPUR,HARIANA,Unplanned,Closed,2026-05-03T05:50:00Z,2026-05-03T06:20:00Z,30
1830044,Border,SUB URBAN AMRITSAR,KOTLA UPS,Unplanned,Closed,2026-05-03T05:49:30Z,2026-05-03T08:20:00Z,150
1830043,Border,SUB URBAN AMRITSAR,11 KV WADALA,Unplanned,Closed,2026-05-03T05:49:30Z,2026-05-03T08:20:00Z,150
1830153,North,NAWANSHAHR,Khehra,Unplanned,Closed,2026-05-03T05:48:00Z,2026-05-03T09:44:00Z,236
1830132,North,HOSHIARPUR,JAIJON,Unplanned,Closed,2026-05-03T05:48:00Z,2026-05-03T06:48:00Z,60
1830130,North,HOSHIARPUR,RAILWAY STATION,Unplanned,Closed,2026-05-03T05:48:00Z,2026-05-03T06:48:00Z,60
1830127,North,HOSHIARPUR,MEGHOWAL,Unplanned,Closed,2026-05-03T05:48:00Z,2026-05-03T06:48:00Z,60
1830053,North,HOSHIARPUR,GUGGA-PATTI,Unplanned,Closed,2026-05-03T05:48:00Z,2026-05-03T08:10:00Z,142
1830052,North,HOSHIARPUR,Lajwanti Stadium,Unplanned,Closed,2026-05-03T05:48:00Z,2026-05-03T11:05:00Z,317
1830050,North,HOSHIARPUR,NAWA GHAR,Unplanned,Closed,2026-05-03T05:48:00Z,2026-05-03T09:40:00Z,232
1830049,North,HOSHIARPUR,Salwara,Unplanned,Closed,2026-05-03T05:48:00Z,2026-05-03T11:55:00Z,367
1830048,North,HOSHIARPUR,Banjarbag,Unplanned,Closed,2026-05-03T05:48:00Z,2026-05-03T12:35:00Z,407
1830162,Border,GURDASPUR,New Ergirten woolen Mill,Unplanned,Closed,2026-05-03T05:47:00Z,2026-05-03T08:40:00Z,173
1830095,North,HOSHIARPUR,11 KV Narayan Nagar,Unplanned,Closed,2026-05-03T05:46:00Z,2026-05-03T09:05:00Z,199
1830093,North,HOSHIARPUR,KHARKAN,Unplanned,Closed,2026-05-03T05:46:00Z,2026-05-03T08:40:00Z,174
1830091,North,HOSHIARPUR,Bassi Gulam Hussian,Unplanned,Closed,2026-05-03T05:46:00Z,2026-05-03T08:25:00Z,159
1830090,North,HOSHIARPUR,service club,Unplanned,Closed,2026-05-03T05:46:00Z,2026-05-03T09:10:00Z,204
1830087,North,HOSHIARPUR,SSG. UNIVERCITY,Unplanned,Closed,2026-05-03T05:46:00Z,2026-05-03T08:40:00Z,174
1830085,North,HOSHIARPUR,PB. AGRO,Unplanned,Closed,2026-05-03T05:46:00Z,2026-05-03T08:40:00Z,174
1830083,North,HOSHIARPUR,BAJWARA,Unplanned,Closed,2026-05-03T05:46:00Z,2026-05-03T08:40:00Z,174
1830080,North,HOSHIARPUR,PRTC,Unplanned,Closed,2026-05-03T05:46:00Z,2026-05-03T09:00:00Z,194
1830077,North,HOSHIARPUR,SHIMLA PAHARI,Unplanned,Closed,2026-05-03T05:46:00Z,2026-05-03T08:55:00Z,189
1830074,North,HOSHIARPUR,NARA DADA,Unplanned,Closed,2026-05-03T05:46:00Z,2026-05-03T08:40:00Z,174
1830071,North,HOSHIARPUR,CHAUNNI,Unplanned,Closed,2026-05-03T05:46:00Z,2026-05-03T08:27:00Z,161
1830067,North,HOSHIARPUR,ASLAMABAD,Unplanned,Closed,2026-05-03T05:46:00Z,2026-05-03T10:15:00Z,269
1830654,North,KAPURTHALA,URBAN JANDIALA ROAD Nurmahal,Unplanned,Closed,2026-05-03T05:45:00Z,2026-05-03T09:26:00Z,221
1830609,Border,TARN TARAN,BANIA URBAN,Unplanned,Closed,2026-05-03T05:45:00Z,2026-05-03T08:40:00Z,175
1830143,Border,TARN TARAN,FELLOKE,Unplanned,Closed,2026-05-03T05:45:00Z,2026-05-03T07:35:00Z,110
1830076,North,NAWANSHAHR,AKALGARH,Unplanned,Closed,2026-05-03T05:45:00Z,2026-05-03T06:43:00Z,58
1830073,North,NAWANSHAHR,LALLIAN,Unplanned,Closed,2026-05-03T05:45:00Z,2026-05-03T06:43:00Z,58
1830070,North,NAWANSHAHR,MOLA WAHIDPUR,Unplanned,Closed,2026-05-03T05:45:00Z,2026-05-03T06:43:00Z,58
1830011,Border,SUB URBAN AMRITSAR,BOP,Unplanned,Closed,2026-05-03T05:43:01Z,2026-05-03T12:32:00Z,408
1830010,Border,SUB URBAN AMRITSAR,DOORDARSHAN,Unplanned,Closed,2026-05-03T05:43:01Z,2026-05-03T14:38:00Z,534
1830009,Border,SUB URBAN AMRITSAR,Rattan,Unplanned,Closed,2026-05-03T05:43:01Z,2026-05-03T12:25:00Z,401
1830008,Border,SUB URBAN AMRITSAR,24 Hrs Bhadiar,Unplanned,Closed,2026-05-03T05:43:01Z,2026-05-03T09:34:00Z,230
1830007,Border,SUB URBAN AMRITSAR,Attari,Unplanned,Closed,2026-05-03T05:43:01Z,2026-05-03T08:21:00Z,157
1830322,South,BARNALA,Talwandi Cat-1,Unplanned,Closed,2026-05-03T05:42:00Z,2026-05-03T07:22:00Z,100
1830059,South,PATIALA,Factory Area(old),Unplanned,Closed,2026-05-03T05:41:18Z,2026-05-03T06:20:30Z,39
1830602,Border,SUB URBAN AMRITSAR,B. Mill,Unplanned,Closed,2026-05-03T05:40:00Z,2026-05-03T06:22:00Z,42
1830279,North,NAWANSHAHR,Mithra UPS,Unplanned,Closed,2026-05-03T05:40:00Z,2026-05-03T09:20:00Z,220
1830277,North,NAWANSHAHR,Bundala Cat-1,Unplanned,Closed,2026-05-03T05:40:00Z,2026-05-03T09:20:00Z,220
1830152,North,NAWANSHAHR,Industry,Unplanned,Closed,2026-05-03T05:40:00Z,2026-05-03T09:01:00Z,201
1830142,Border,TARN TARAN,SHERON UPS,Unplanned,Closed,2026-05-03T05:40:00Z,2026-05-03T08:05:00Z,145
1830140,Border,TARN TARAN,THATHIAN 3 W URBAN`,Unplanned,Closed,2026-05-03T05:40:00Z,2026-05-03T07:30:00Z,110
1830131,North,NAWANSHAHR,Ramgarhia,Unplanned,Closed,2026-05-03T05:40:00Z,2026-05-03T08:35:00Z,175
1830128,North,NAWANSHAHR,Kamalpur,Unplanned,Closed,2026-05-03T05:40:00Z,2026-05-03T08:35:00Z,175
1830126,North,NAWANSHAHR,G.T. Road,Unplanned,Closed,2026-05-03T05:40:00Z,2026-05-03T08:35:00Z,175
1830124,North,NAWANSHAHR,City-2,Unplanned,Closed,2026-05-03T05:40:00Z,2026-05-03T08:35:00Z,175
1830123,North,NAWANSHAHR,City-1,Unplanned,Closed,2026-05-03T05:40:00Z,2026-05-03T08:35:00Z,175
1830040,North,HOSHIARPUR,Ravidas Nagar feeder,Unplanned,Closed,2026-05-03T05:40:00Z,2026-05-03T08:22:00Z,162
1830039,North,HOSHIARPUR,Handowal,Unplanned,Closed,2026-05-03T05:40:00Z,2026-05-03T06:40:00Z,60
1830038,North,HOSHIARPUR,Sarangwal,Unplanned,Closed,2026-05-03T05:40:00Z,2026-05-03T06:40:00Z,60
1830037,North,HOSHIARPUR,BILASPUR,Unplanned,Closed,2026-05-03T05:40:00Z,2026-05-03T06:40:00Z,60
1830036,North,HOSHIARPUR,NARU NANGAL,Unplanned,Closed,2026-05-03T05:40:00Z,2026-05-03T06:40:00Z,60
1830035,North,HOSHIARPUR,BOHAN,Unplanned,Closed,2026-05-03T05:40:00Z,2026-05-03T06:40:00Z,60
1830034,North,HOSHIARPUR,BHKALA,Unplanned,Closed,2026-05-03T05:40:00Z,2026-05-03T11:30:00Z,350
1830032,North,HOSHIARPUR,Naurangabad,Unplanned,Closed,2026-05-03T05:40:00Z,2026-05-03T06:40:00Z,60
1830031,North,HOSHIARPUR,Patti,Unplanned,Closed,2026-05-03T05:40:00Z,2026-05-03T06:40:00Z,60
1830030,North,HOSHIARPUR,Bihala,Unplanned,Closed,2026-05-03T05:40:00Z,2026-05-03T06:40:00Z,60
1830029,North,HOSHIARPUR,Chaggran,Unplanned,Closed,2026-05-03T05:40:00Z,2026-05-03T06:40:00Z,60
1830028,North,HOSHIARPUR,LAMBRA,Unplanned,Closed,2026-05-03T05:40:00Z,2026-05-03T09:25:00Z,225
1830027,North,HOSHIARPUR,BULLOWAL,Unplanned,Closed,2026-05-03T05:40:00Z,2026-05-03T11:00:00Z,320
1830021,North,NAWANSHAHR,Urban Pattren UPS,Unplanned,Closed,2026-05-03T05:40:00Z,2026-05-03T09:25:00Z,225
1830019,North,NAWANSHAHR,Dosanjh UPS,Unplanned,Closed,2026-05-03T05:40:00Z,2026-05-03T09:25:00Z,225
1830017,North,HOSHIARPUR,SHIVAM HOSPITAL,Unplanned,Closed,2026-05-03T05:40:00Z,2026-05-03T09:30:00Z,230
1830016,North,HOSHIARPUR,MOUNT AVENUE,Unplanned,Closed,2026-05-03T05:40:00Z,2026-05-03T09:30:00Z,230
1830015,North,HOSHIARPUR,SUNDER NAGAR,Unplanned,Closed,2026-05-03T05:40:00Z,2026-05-03T09:30:00Z,230
1830013,North,HOSHIARPUR,Sutehri Road,Unplanned,Closed,2026-05-03T05:40:00Z,2026-05-03T09:30:00Z,230
1830012,Border,TARN TARAN,KOT MEHTAB URBAN,Unplanned,Closed,2026-05-03T05:40:00Z,2026-05-03T06:50:00Z,70
1830005,North,JALANDHAR,11 KV GULAB DEVI,Unplanned,Closed,2026-05-03T05:38:06Z,2026-05-03T11:49:00Z,370
1829992,North,KAPURTHALA,UPS RAULI,Unplanned,Closed,2026-05-03T05:37:00Z,2026-05-03T07:45:00Z,128
1829989,North,KAPURTHALA,Tower Colony,Unplanned,Closed,2026-05-03T05:37:00Z,2026-05-03T07:45:00Z,128
1829988,North,KAPURTHALA,URBAN INDUSTRY,Unplanned,Closed,2026-05-03T05:37:00Z,2026-05-03T07:45:00Z,128
1829986,North,KAPURTHALA,UPS Ajtani,Unplanned,Closed,2026-05-03T05:37:00Z,2026-05-03T07:45:00Z,128
1829982,North,KAPURTHALA,URBAN Mehatpur,Unplanned,Closed,2026-05-03T05:37:00Z,2026-05-03T07:45:00Z,128
1829971,Border,SUB URBAN AMRITSAR,24 Hrs Rajatal,Unplanned,Closed,2026-05-03T05:36:53Z,2026-05-03T10:39:00Z,302
1829970,Border,SUB URBAN AMRITSAR,RAJATAL BOP,Unplanned,Closed,2026-05-03T05:36:53Z,2026-05-03T12:26:00Z,409
1830125,Border,TARN TARAN,JAWANDY,Unplanned,Closed,2026-05-03T05:35:00Z,2026-05-03T07:30:00Z,115
1830117,Border,TARN TARAN,NAUSHEHRA PANNUN URBAN,Unplanned,Closed,2026-05-03T05:35:00Z,2026-05-03T08:35:00Z,180
1830003,North,HOSHIARPUR,Jallowal,Unplanned,Closed,2026-05-03T05:35:00Z,2026-05-03T06:35:00Z,60
1830001,North,HOSHIARPUR,SARHALA,Unplanned,Closed,2026-05-03T05:35:00Z,2026-05-03T06:35:00Z,60
1830000,North,HOSHIARPUR,Bham,Unplanned,Closed,2026-05-03T05:35:00Z,2026-05-03T06:35:00Z,60
1830150,Border,CITY AMRITSAR,11 KV Chabbal Road,Unplanned,Closed,2026-05-03T05:34:00Z,2026-05-03T05:57:00Z,23
1830121,Border,CITY AMRITSAR,11 KV Namak Mandi,Unplanned,Closed,2026-05-03T05:32:00Z,2026-05-03T07:05:00Z,93
1830101,Border,TARN TARAN,SUGAR MILL,Unplanned,Closed,2026-05-03T05:30:00Z,2026-05-03T08:30:00Z,180
1830051,North,JALANDHAR,VIEW ESTATE,Unplanned,Closed,2026-05-03T05:30:00Z,2026-05-03T06:30:00Z,60
1830047,North,JALANDHAR,DANA MANDI RAIPUR,Unplanned,Closed,2026-05-03T05:30:00Z,2026-05-03T06:30:00Z,60
1830045,North,JALANDHAR,PEER PRANIA FEEDER,Unplanned,Closed,2026-05-03T05:30:00Z,2026-05-03T06:30:00Z,60
1830042,North,JALANDHAR,RURAL URBAN  (NAWAN PIND),Unplanned,Closed,2026-05-03T05:30:00Z,2026-05-03T06:30:00Z,60
1830041,North,JALANDHAR,LINK FEEDER,Unplanned,Closed,2026-05-03T05:30:00Z,2026-05-03T06:30:00Z,60
1830026,North,JALANDHAR,FATEHGARH,Unplanned,Closed,2026-05-03T05:30:00Z,2026-05-03T06:30:00Z,60
1830025,North,JALANDHAR,Dhadde,Unplanned,Closed,2026-05-03T05:30:00Z,2026-05-03T06:30:00Z,60
1830024,North,JALANDHAR,Urban Rural no 2,Unplanned,Closed,2026-05-03T05:30:00Z,2026-05-03T06:30:00Z,60
1830023,North,JALANDHAR,URBAN RURAL,Unplanned,Closed,2026-05-03T05:30:00Z,2026-05-03T06:30:00Z,60
1830022,North,HOSHIARPUR,FOCAL POINT,Unplanned,Closed,2026-05-03T05:30:00Z,2026-05-03T06:30:00Z,60
1830020,North,HOSHIARPUR,PURHIRAN URBAN,Unplanned,Closed,2026-05-03T05:30:00Z,2026-05-03T06:30:00Z,60
1830018,North,JALANDHAR,HSP ROAD,Unplanned,Closed,2026-05-03T05:30:00Z,2026-05-03T06:30:00Z,60
1830014,North,JALANDHAR,KLARWARA GATE,Unplanned,Closed,2026-05-03T05:30:00Z,2026-05-03T06:30:00Z,60
1830006,North,JALANDHAR,CHACHOKI COLONY,Unplanned,Closed,2026-05-03T05:30:00Z,2026-05-03T06:30:00Z,60
1830004,North,JALANDHAR,VIP,Unplanned,Closed,2026-05-03T05:30:00Z,2026-05-03T06:30:00Z,60
1830002,North,HOSHIARPUR,JALBHEY,Unplanned,Closed,2026-05-03T05:30:00Z,2026-05-03T07:30:00Z,120
1829999,North,HOSHIARPUR,PATHRALIAN,Unplanned,Closed,2026-05-03T05:30:00Z,2026-05-03T07:30:00Z,120
1829998,North,JALANDHAR,11 KV Tibbi Feeder,Unplanned,Closed,2026-05-03T05:30:00Z,2026-05-03T06:30:00Z,60
1829997,North,HOSHIARPUR,TARAGARH,Unplanned,Closed,2026-05-03T05:30:00Z,2026-05-03T07:30:00Z,120
1829996,North,HOSHIARPUR,SHAM-84,Unplanned,Closed,2026-05-03T05:30:00Z,2026-05-03T07:30:00Z,120
1829995,North,HOSHIARPUR,MUKHLANA,Unplanned,Closed,2026-05-03T05:30:00Z,2026-05-03T06:30:00Z,60
1829994,North,JALANDHAR,NIHAL GARGH,Unplanned,Closed,2026-05-03T05:30:00Z,2026-05-03T06:30:00Z,60
1829993,North,HOSHIARPUR,HARKOWAL,Unplanned,Closed,2026-05-03T05:30:00Z,2026-05-03T06:30:00Z,60
1829991,North,HOSHIARPUR,Tajowal,Unplanned,Closed,2026-05-03T05:30:00Z,2026-05-03T06:30:00Z,60
1829990,North,HOSHIARPUR,MANA,Unplanned,Closed,2026-05-03T05:30:00Z,2026-05-03T06:30:00Z,60
1829987,North,HOSHIARPUR,11kv INDUSTRIAL HSP ROAD NASRALA,Unplanned,Closed,2026-05-03T05:30:00Z,2026-05-03T06:30:00Z,60
1829985,North,JALANDHAR,GT ROAD,Unplanned,Closed,2026-05-03T05:30:00Z,2026-05-03T06:30:00Z,60
1829984,North,HOSHIARPUR,11 KV INDUSTRIAL NASRAL JAL RD,Unplanned,Closed,2026-05-03T05:30:00Z,2026-05-03T06:30:00Z,60
1829983,North,HOSHIARPUR,NEW TANDA ROAD,Unplanned,Closed,2026-05-03T05:30:00Z,2026-05-03T06:30:00Z,60
1829981,North,HOSHIARPUR,PEALAN,Unplanned,Closed,2026-05-03T05:30:00Z,2026-05-03T06:30:00Z,60
1829972,Border,GURDASPUR,Pangoli,Unplanned,Closed,2026-05-03T05:30:00Z,2026-05-03T07:17:00Z,107
1829966,North,HOSHIARPUR,PATTI NO-2,Unplanned,Closed,2026-05-03T05:30:00Z,2026-05-03T06:30:00Z,60
1829961,North,KAPURTHALA,CAT-1 BHATNURA,Unplanned,Closed,2026-05-03T05:30:00Z,2026-05-03T06:30:00Z,60
1829959,North,KAPURTHALA,UPS PANDORI,Unplanned,Closed,2026-05-03T05:30:00Z,2026-05-03T06:30:00Z,60
1829958,North,KAPURTHALA,UPS BAJAJ,Unplanned,Closed,2026-05-03T05:30:00Z,2026-05-03T06:30:00Z,60
1829957,North,KAPURTHALA,UPS METLA,Unplanned,Closed,2026-05-03T05:30:00Z,2026-05-03T06:30:00Z,60
1829956,North,KAPURTHALA,CAT-1 BHOLATH,Unplanned,Closed,2026-05-03T05:30:00Z,2026-05-03T06:30:00Z,60
1829954,North,KAPURTHALA,UPS NADALI,Unplanned,Closed,2026-05-03T05:30:00Z,2026-05-03T06:30:00Z,60
1829953,North,KAPURTHALA,UPS MIANI,Unplanned,Closed,2026-05-03T05:30:00Z,2026-05-03T06:30:00Z,60
1829952,North,KAPURTHALA,UPS FEROZESANGOWAL,Unplanned,Closed,2026-05-03T05:30:00Z,2026-05-03T06:30:00Z,60
1829951,North,KAPURTHALA,CAT 1 BEGOWAL,Unplanned,Closed,2026-05-03T05:30:00Z,2026-05-03T06:30:00Z,60
1831205,North,KAPURTHALA,CHANNIA UPS,Unplanned,Closed,2026-05-03T05:29:00Z,2026-05-03T11:33:00Z,364
1831202,North,KAPURTHALA,UPS Sarih,Unplanned,Closed,2026-05-03T05:29:00Z,2026-05-03T11:33:00Z,364
1829942,North,KAPURTHALA,Wadala UPS,Unplanned,Closed,2026-05-03T05:27:00Z,2026-05-03T08:29:00Z,182
1829940,North,KAPURTHALA,UPS DHAPAI,Unplanned,Closed,2026-05-03T05:27:00Z,2026-05-03T10:00:00Z,273
1829939,North,KAPURTHALA,URBAN ATMA SINGH,Unplanned,Closed,2026-05-03T05:27:00Z,2026-05-03T08:29:00Z,182
1829936,North,KAPURTHALA,Civil Hospital,Unplanned,Closed,2026-05-03T05:26:46Z,2026-05-03T12:50:46Z,444
1829935,North,KAPURTHALA,UPS Kotla Suraj Mall,Unplanned,Closed,2026-05-03T05:26:46Z,2026-05-03T12:50:46Z,444
1829934,North,KAPURTHALA,UPS Sangatpur,Unplanned,Closed,2026-05-03T05:26:46Z,2026-05-03T12:50:46Z,444
1829933,North,KAPURTHALA,URBAN MODEL TOWN Shahkot,Unplanned,Closed,2026-05-03T05:26:46Z,2026-05-03T12:50:46Z,444
1829932,North,KAPURTHALA,Fazalwal,Unplanned,Closed,2026-05-03T05:26:46Z,2026-05-03T12:50:46Z,444
1829931,North,KAPURTHALA,Gobind Nagar,Unplanned,Closed,2026-05-03T05:26:46Z,2026-05-03T12:55:46Z,449
1829930,North,KAPURTHALA,URBAN MAIN BAZAAR Shahkot,Unplanned,Closed,2026-05-03T05:26:46Z,2026-05-03T12:55:46Z,449
1829929,North,KAPURTHALA,UPS Nagal Ambian,Unplanned,Closed,2026-05-03T05:26:46Z,2026-05-03T12:55:46Z,449
1829928,North,KAPURTHALA,URBAN DANA MANDI Shahkot,Unplanned,Closed,2026-05-03T05:26:46Z,2026-05-03T12:55:46Z,449
1829923,North,HOSHIARPUR,DATARPUR,Unplanned,Closed,2026-05-03T05:25:00Z,2026-05-03T06:20:00Z,55
1829921,North,HOSHIARPUR,KAMHI DEVI,Unplanned,Closed,2026-05-03T05:25:00Z,2026-05-03T06:19:00Z,54
1829920,North,HOSHIARPUR,SANDPUR,Unplanned,Closed,2026-05-03T05:25:00Z,2026-05-03T06:20:00Z,55
1829918,North,HOSHIARPUR,SATHWAN,Unplanned,Closed,2026-05-03T05:25:00Z,2026-05-03T06:20:00Z,55
1829915,North,HOSHIARPUR,TALWARA,Unplanned,Closed,2026-05-03T05:25:00Z,2026-05-03T06:20:00Z,55
1829914,North,HOSHIARPUR,BHAMBOTAR,Unplanned,Closed,2026-05-03T05:25:00Z,2026-05-03T06:20:00Z,55
1830033,North,JALANDHAR,ME LAB,Unplanned,Closed,2026-05-03T05:22:00Z,2026-05-03T06:03:00Z,41
1830057,North,JALANDHAR,NEW PIONEER SPORTS,Unplanned,Closed,2026-05-03T05:21:00Z,2026-05-03T07:50:00Z,149
1829896,North,KAPURTHALA,11 KV urban Girl School,Unplanned,Closed,2026-05-03T05:21:00Z,2026-05-03T05:44:00Z,23
1830566,Border,GURDASPUR,24Hrs MOUR,Unplanned,Closed,2026-05-03T05:20:00Z,2026-05-03T06:53:00Z,93
1830564,Border,GURDASPUR,24 Hrs Amipur,Unplanned,Closed,2026-05-03T05:20:00Z,2026-05-03T07:40:00Z,140
1830563,Border,GURDASPUR,24Hrs. Salimpur,Unplanned,Closed,2026-05-03T05:20:00Z,2026-05-03T07:20:00Z,120
1830562,Border,GURDASPUR,Heer,Unplanned,Closed,2026-05-03T05:20:00Z,2026-05-03T08:20:00Z,180
1830327,North,JALANDHAR,CHHOTI BARADARI,Unplanned,Closed,2026-05-03T05:20:00Z,2026-05-03T08:30:00Z,190
1830317,North,JALANDHAR,HIG,Unplanned,Closed,2026-05-03T05:20:00Z,2026-05-03T07:32:00Z,132
1830098,Border,CITY AMRITSAR,11 KV disposal,Unplanned,Closed,2026-05-03T05:20:00Z,2026-05-03T07:04:00Z,104
1829947,Border,SUB URBAN AMRITSAR,Kot khalsa,Unplanned,Closed,2026-05-03T05:20:00Z,2026-05-03T06:50:00Z,90
1829946,Border,SUB URBAN AMRITSAR,Hakima Gate,Unplanned,Closed,2026-05-03T05:20:00Z,2026-05-03T05:45:00Z,25
1829944,Border,SUB URBAN AMRITSAR,Essma,Unplanned,Closed,2026-05-03T05:20:00Z,2026-05-03T06:30:48Z,70
1829922,North,KAPURTHALA,Bamuwal,Unplanned,Closed,2026-05-03T05:20:00Z,2026-05-03T06:20:00Z,60
1829919,North,KAPURTHALA,Mana Talwandi,Unplanned,Closed,2026-05-03T05:20:00Z,2026-05-03T06:20:00Z,60
1829917,North,KAPURTHALA,UPS Mustfabad,Unplanned,Closed,2026-05-03T05:20:00Z,2026-05-03T06:20:00Z,60
1829913,North,KAPURTHALA,URBAN Hamira,Unplanned,Closed,2026-05-03T05:20:00Z,2026-05-03T06:20:00Z,60
1829912,North,KAPURTHALA,UPS Ambgarh,Unplanned,Closed,2026-05-03T05:20:00Z,2026-05-03T06:20:00Z,60
1829911,North,KAPURTHALA,UPS Rahimpur,Unplanned,Closed,2026-05-03T05:20:00Z,2026-05-03T06:20:00Z,60
1829908,North,KAPURTHALA,UPS Kahlwan,Unplanned,Closed,2026-05-03T05:20:00Z,2026-05-03T06:20:00Z,60
1829903,North,KAPURTHALA,Pattar Kalan,Unplanned,Closed,2026-05-03T05:20:00Z,2026-05-03T06:20:00Z,60
1829902,North,KAPURTHALA,Fateh Jalal,Unplanned,Closed,2026-05-03T05:20:00Z,2026-05-03T06:20:00Z,60
1829901,North,KAPURTHALA,Arya Nagar,Unplanned,Closed,2026-05-03T05:20:00Z,2026-05-03T06:20:00Z,60
1829899,North,KAPURTHALA,Furniture Bajar,Unplanned,Closed,2026-05-03T05:20:00Z,2026-05-03T06:20:00Z,60
1829898,North,KAPURTHALA,City kartarpur,Unplanned,Closed,2026-05-03T05:20:00Z,2026-05-03T06:20:00Z,60
1829893,North,HOSHIARPUR,RAMGHAR,Unplanned,Closed,2026-05-03T05:20:00Z,2026-05-03T07:05:00Z,105
1829892,North,HOSHIARPUR,SUKCHAINPUR,Unplanned,Closed,2026-05-03T05:20:00Z,2026-05-03T07:25:00Z,125
1829891,North,HOSHIARPUR,BHOL,Unplanned,Closed,2026-05-03T05:20:00Z,2026-05-03T07:05:00Z,105
1829888,North,KAPURTHALA,11 KV urban New Dana Mandi,Unplanned,Closed,2026-05-03T05:20:00Z,2026-05-03T05:45:00Z,25
1830306,North,JALANDHAR,JASWANT NAGAR,Unplanned,Closed,2026-05-03T05:19:00Z,2026-05-03T10:42:00Z,323
1829895,North,KAPURTHALA,11 KV urban sultanpur bus Stand,Unplanned,Closed,2026-05-03T05:19:00Z,2026-05-03T05:44:00Z,25
1830377,Border,SUB URBAN AMRITSAR,Khabedogran,Unplanned,Closed,2026-05-03T05:18:00Z,2026-05-03T09:00:00Z,222
1830376,Border,SUB URBAN AMRITSAR,UPS/ MANAWALA,Unplanned,Closed,2026-05-03T05:18:00Z,2026-05-03T09:00:00Z,222
1830179,Border,SUB URBAN AMRITSAR,Mollechak,Unplanned,Closed,2026-05-03T05:18:00Z,2026-05-03T09:30:00Z,252
1829886,North,HOSHIARPUR,66KV SUGAR MILL RANDHAWA,Unplanned,Closed,2026-05-03T05:17:00Z,2026-05-03T06:17:00Z,60
1829885,North,HOSHIARPUR,11 KV Banial Feeder,Unplanned,Closed,2026-05-03T05:17:00Z,2026-05-03T06:17:00Z,60
1829884,North,HOSHIARPUR,11KV KALLOWAL FEEDER,Unplanned,Closed,2026-05-03T05:17:00Z,2026-05-03T06:17:00Z,60
1829883,North,HOSHIARPUR,MAND PHANDER,Unplanned,Closed,2026-05-03T05:17:00Z,2026-05-03T06:17:00Z,60
1829882,North,HOSHIARPUR,PANWAN,Unplanned,Closed,2026-05-03T05:17:00Z,2026-05-03T06:17:00Z,60
1829881,North,HOSHIARPUR,JAKOWAL,Unplanned,Closed,2026-05-03T05:17:00Z,2026-05-03T06:17:00Z,60
1829879,North,HOSHIARPUR,Talla,Unplanned,Closed,2026-05-03T05:17:00Z,2026-05-03T06:17:00Z,60
1829878,North,HOSHIARPUR,Salempur,Unplanned,Closed,2026-05-03T05:17:00Z,2026-05-03T06:17:00Z,60
1829876,North,HOSHIARPUR,BAINSAN,Unplanned,Closed,2026-05-03T05:17:00Z,2026-05-03T06:17:00Z,60
1829875,North,HOSHIARPUR,KOTLA,Unplanned,Closed,2026-05-03T05:17:00Z,2026-05-03T06:17:00Z,60
1829871,North,HOSHIARPUR,MIANI,Unplanned,Closed,2026-05-03T05:17:00Z,2026-05-03T06:17:00Z,60
1829869,North,HOSHIARPUR,BADLA,Unplanned,Closed,2026-05-03T05:17:00Z,2026-05-03T06:17:00Z,60
1829868,North,HOSHIARPUR,CHANNIYA,Unplanned,Closed,2026-05-03T05:17:00Z,2026-05-03T06:17:00Z,60
1829867,North,HOSHIARPUR,PANDORI,Unplanned,Closed,2026-05-03T05:17:00Z,2026-05-03T06:17:00Z,60
1829866,North,HOSHIARPUR,SAGRA,Unplanned,Closed,2026-05-03T05:17:00Z,2026-05-03T06:17:00Z,60
1829865,North,HOSHIARPUR,GHOGRA,Unplanned,Closed,2026-05-03T05:17:00Z,2026-05-03T06:17:00Z,60
1830079,Border,TARN TARAN,ADM,Unplanned,Closed,2026-05-03T05:15:00Z,2026-05-03T07:25:00Z,130
1829980,North,JALANDHAR,11KVMARKFEED FEEDER,Unplanned,Closed,2026-05-03T05:15:00Z,2026-05-03T06:15:00Z,60
1829979,North,JALANDHAR,GANDHI NAGAR,Unplanned,Closed,2026-05-03T05:15:00Z,2026-05-03T06:15:00Z,60
1829978,North,JALANDHAR,Chomon,Unplanned,Closed,2026-05-03T05:15:00Z,2026-05-03T06:15:00Z,60
1829977,North,JALANDHAR,ADAMPUR,Unplanned,Closed,2026-05-03T05:15:00Z,2026-05-03T06:15:00Z,60
1829976,North,JALANDHAR,VAJU VIHAR,Unplanned,Closed,2026-05-03T05:15:00Z,2026-05-03T06:15:00Z,60
1829975,North,JALANDHAR,RAJOWAL,Unplanned,Closed,2026-05-03T05:15:00Z,2026-05-03T06:15:00Z,60
1829974,North,JALANDHAR,Pandori,Unplanned,Closed,2026-05-03T05:15:00Z,2026-05-03T06:15:00Z,60
1829973,North,JALANDHAR,11KV UDESIAN,Unplanned,Closed,2026-05-03T05:15:00Z,2026-05-03T06:15:00Z,60
1829969,North,JALANDHAR,PROFFESSER COLONY,Unplanned,Closed,2026-05-03T05:15:00Z,2026-05-03T06:13:00Z,58
1829968,North,JALANDHAR,DEEP NAGAR,Unplanned,Closed,2026-05-03T05:15:00Z,2026-05-03T06:13:00Z,58
1829967,North,JALANDHAR,11 KV Cantt Mandi,Unplanned,Closed,2026-05-03T05:15:00Z,2026-05-03T06:13:00Z,58
1829965,North,JALANDHAR,11 KV Lal Kurti Feeder,Unplanned,Closed,2026-05-03T05:15:00Z,2026-05-03T06:09:00Z,54
1829964,North,JALANDHAR,PRAGPUR,Unplanned,Closed,2026-05-03T05:15:00Z,2026-05-03T06:06:00Z,51
1829955,North,JALANDHAR,GT Road No. 2,Unplanned,Closed,2026-05-03T05:15:00Z,2026-05-03T06:07:00Z,52
1829950,North,JALANDHAR,DHANOWALI,Unplanned,Closed,2026-05-03T05:15:00Z,2026-05-03T06:08:00Z,53
1829949,North,JALANDHAR,SOFIPIND,Unplanned,Closed,2026-05-03T05:15:00Z,2026-05-03T06:09:00Z,54
1829948,North,JALANDHAR,CHURCH,Unplanned,Closed,2026-05-03T05:15:00Z,2026-05-03T06:13:00Z,58
1829945,North,JALANDHAR,GARHA,Unplanned,Closed,2026-05-03T05:15:00Z,2026-05-03T06:14:00Z,59
1829943,North,JALANDHAR,PAP,Unplanned,Closed,2026-05-03T05:15:00Z,2026-05-03T06:14:00Z,59
1829941,North,JALANDHAR,TV TOWER,Unplanned,Closed,2026-05-03T05:15:00Z,2026-05-03T06:14:00Z,59
1829937,North,JALANDHAR,RAMA MANDI,Unplanned,Closed,2026-05-03T05:15:00Z,2026-05-03T06:15:00Z,60
1829925,North,JALANDHAR,LADHAYWALI,Unplanned,Closed,2026-05-03T05:13:00Z,2026-05-03T05:56:00Z,43
1829924,North,JALANDHAR,King city,Unplanned,Closed,2026-05-03T05:13:00Z,2026-05-03T05:56:00Z,43
1829916,North,JALANDHAR,Guru Nanak Nagar,Unplanned,Closed,2026-05-03T05:13:00Z,2026-05-03T05:56:00Z,43
1829907,North,JALANDHAR,CHOGITTI,Unplanned,Closed,2026-05-03T05:13:00Z,2026-05-03T05:57:00Z,44
1829900,North,JALANDHAR,Karol bagh,Unplanned,Closed,2026-05-03T05:13:00Z,2026-05-03T05:56:00Z,43
1829894,North,JALANDHAR,BASANT HILLS,Unplanned,Closed,2026-05-03T05:13:00Z,2026-05-03T05:47:00Z,34
1829890,North,JALANDHAR,11kv Nangal shama,Unplanned,Closed,2026-05-03T05:13:00Z,2026-05-03T05:57:00Z,44
1829889,North,JALANDHAR,UNIVERSIY,Unplanned,Closed,2026-05-03T05:13:00Z,2026-05-03T05:57:00Z,44
1829887,North,JALANDHAR,EKTA NAGAR,Unplanned,Closed,2026-05-03T05:13:00Z,2026-05-03T05:56:00Z,43
1829927,North,JALANDHAR,11KV HOUSING BOARD,Unplanned,Closed,2026-05-03T05:12:00Z,2026-05-03T06:05:00Z,53
1829864,North,HOSHIARPUR,11KV MAKOWAL,Unplanned,Closed,2026-05-03T05:12:00Z,2026-05-03T06:12:00Z,60
1829863,North,HOSHIARPUR,CHACK NUR ALI,Unplanned,Closed,2026-05-03T05:12:00Z,2026-05-03T06:12:00Z,60
1829861,North,HOSHIARPUR,11KV ARGOWAL,Unplanned,Closed,2026-05-03T05:12:00Z,2026-05-03T06:12:00Z,60
1829859,North,HOSHIARPUR,Khalsa College Garhdiwala,Unplanned,Closed,2026-05-03T05:12:00Z,2026-05-03T06:12:00Z,60
1829854,North,HOSHIARPUR,Pandori Attwal,Unplanned,Closed,2026-05-03T05:12:00Z,2026-05-03T06:12:00Z,60
1829853,North,HOSHIARPUR,KHANPUR,Unplanned,Closed,2026-05-03T05:12:00Z,2026-05-03T06:12:00Z,60
1829849,North,HOSHIARPUR,MASTIWAL,Unplanned,Closed,2026-05-03T05:12:00Z,2026-05-03T06:12:00Z,60
1829845,North,HOSHIARPUR,CHAK KHELA,Unplanned,Closed,2026-05-03T05:12:00Z,2026-05-03T06:12:00Z,60
1829843,North,HOSHIARPUR,GARDIWAL,Unplanned,Closed,2026-05-03T05:12:00Z,2026-05-03T06:12:00Z,60
1829842,North,HOSHIARPUR,11 KV KAINTHA,Unplanned,Closed,2026-05-03T05:12:00Z,2026-05-03T06:12:00Z,60
1829840,North,HOSHIARPUR,11 KV ARMY GROUND,Unplanned,Closed,2026-05-03T05:12:00Z,2026-05-03T06:12:00Z,60
1829838,North,HOSHIARPUR,11KV MILK PLANT,Unplanned,Closed,2026-05-03T05:12:00Z,2026-05-03T06:12:00Z,60
1829837,North,HOSHIARPUR,11KV SWITHCHING SUB STN.DASUYA,Unplanned,Closed,2026-05-03T05:12:00Z,2026-05-03T06:12:00Z,60
1829835,North,HOSHIARPUR,HAMZA,Unplanned,Closed,2026-05-03T05:12:00Z,2026-05-03T06:12:00Z,60
1829833,North,HOSHIARPUR,COURT COMPLEX,Unplanned,Closed,2026-05-03T05:12:00Z,2026-05-03T06:12:00Z,60
1829831,North,HOSHIARPUR,DASUYA2,Unplanned,Closed,2026-05-03T05:12:00Z,2026-05-03T06:12:00Z,60
1829830,North,HOSHIARPUR,KALYANPUR,Unplanned,Closed,2026-05-03T05:12:00Z,2026-05-03T06:12:00Z,60
1829824,North,HOSHIARPUR,HOSPITAL,Unplanned,Closed,2026-05-03T05:12:00Z,2026-05-03T06:12:00Z,60
1829823,North,HOSHIARPUR,DASUYA1,Unplanned,Closed,2026-05-03T05:12:00Z,2026-05-03T06:12:00Z,60
1829938,North,JALANDHAR,GOL MARKET,Unplanned,Closed,2026-05-03T05:11:00Z,2026-05-03T08:17:00Z,186
1829860,North,KAPURTHALA,URBAN SHEIKHUPUR,Unplanned,Closed,2026-05-03T05:11:00Z,2026-05-03T06:40:00Z,89
1830159,North,JALANDHAR,KALIA COLONY,Unplanned,Closed,2026-05-03T05:10:00Z,2026-05-03T08:25:00Z,195
1830156,North,JALANDHAR,UDYOG NAGAR,Unplanned,Closed,2026-05-03T05:10:00Z,2026-05-03T09:37:00Z,267
1830054,North,JALANDHAR,BOMBAY NAGAR,Unplanned,Closed,2026-05-03T05:10:00Z,2026-05-03T07:38:00Z,148
1830046,North,JALANDHAR,11KV GTB NAGAR,Unplanned,Closed,2026-05-03T05:10:00Z,2026-05-03T08:50:00Z,220
1829910,North,HOSHIARPUR,Chak Jhandu,Unplanned,Closed,2026-05-03T05:10:00Z,2026-05-03T11:20:00Z,370
1829909,North,HOSHIARPUR,Khozkipur,Unplanned,Closed,2026-05-03T05:10:00Z,2026-05-03T06:40:00Z,90
1829906,North,HOSHIARPUR,SUSANA,Unplanned,Closed,2026-05-03T05:10:00Z,2026-05-03T10:24:00Z,314
1829905,North,HOSHIARPUR,SUDHANA,Unplanned,Closed,2026-05-03T05:10:00Z,2026-05-03T09:35:00Z,265
1829904,North,HOSHIARPUR,KALA BAKRA shared feeder,Unplanned,Closed,2026-05-03T05:10:00Z,2026-05-03T10:50:00Z,340
1829877,North,HOSHIARPUR,DALLI shared feeder with s/divn,Unplanned,Closed,2026-05-03T05:10:00Z,2026-05-03T09:03:00Z,233
1829874,North,HOSHIARPUR,11KV SATOWALI,Unplanned,Closed,2026-05-03T05:10:00Z,2026-05-03T10:58:00Z,348
1829873,North,HOSHIARPUR,GHUG,Unplanned,Closed,2026-05-03T05:10:00Z,2026-05-03T07:50:00Z,160
1829872,North,HOSHIARPUR,BHOGPUR NO 2,Unplanned,Closed,2026-05-03T05:10:00Z,2026-05-03T09:48:00Z,278
1829870,North,HOSHIARPUR,Bhogpur,Unplanned,Closed,2026-05-03T05:10:00Z,2026-05-03T08:08:00Z,178
1829862,North,HOSHIARPUR,KANDHALA JATTAN,Unplanned,Closed,2026-05-03T05:10:00Z,2026-05-03T08:50:00Z,220
1829858,North,HOSHIARPUR,KOLYA,Unplanned,Closed,2026-05-03T05:10:00Z,2026-05-03T11:45:00Z,395
1829856,North,HOSHIARPUR,RAMPUR,Unplanned,Closed,2026-05-03T05:10:00Z,2026-05-03T11:45:00Z,395
1829850,North,HOSHIARPUR,Ahiapur,Unplanned,Closed,2026-05-03T05:10:00Z,2026-05-03T06:25:00Z,75
1829847,North,KAPURTHALA,URBAN MARKFED,Unplanned,Closed,2026-05-03T05:10:00Z,2026-05-03T07:00:00Z,110
1829844,North,HOSHIARPUR,URMAR,Unplanned,Closed,2026-05-03T05:10:00Z,2026-05-03T06:25:00Z,75
1829841,North,HOSHIARPUR,SALLAN,Unplanned,Closed,2026-05-03T05:10:00Z,2026-05-03T06:25:00Z,75
1829839,North,HOSHIARPUR,Tanda City,Unplanned,Closed,2026-05-03T05:10:00Z,2026-05-03T06:25:00Z,75
1829836,North,HOSHIARPUR,FOCAL POINT KHUN-2KALAN,Unplanned,Closed,2026-05-03T05:10:00Z,2026-05-03T08:30:00Z,200
1829832,North,HOSHIARPUR,KHUN-2 KALAN,Unplanned,Closed,2026-05-03T05:10:00Z,2026-05-03T08:30:00Z,200
1830164,North,JALANDHAR,INDUSTRIAL AREA 2,Unplanned,Closed,2026-05-03T05:09:00Z,2026-05-03T08:32:00Z,203
1829819,North,JALANDHAR,Heera pur,Unplanned,Closed,2026-05-03T05:09:00Z,2026-05-03T08:53:00Z,224
1829814,North,KAPURTHALA,UPS KULLAR,Unplanned,Closed,2026-05-03T05:09:00Z,2026-05-03T06:00:00Z,51
1829820,North,KAPURTHALA,UPS KHUSROPUR,Unplanned,Closed,2026-05-03T05:08:00Z,2026-05-03T06:00:00Z,52
1829821,North,HOSHIARPUR,MES,Unplanned,Closed,2026-05-03T05:07:00Z,2026-05-03T06:07:00Z,60
1829926,Border,SUB URBAN AMRITSAR,U P S Iban,Unplanned,Closed,2026-05-03T05:05:00Z,2026-05-03T09:00:00Z,235
1829880,North,HOSHIARPUR,NANGAL BIHALAN,Unplanned,Closed,2026-05-03T05:05:00Z,2026-05-03T07:55:00Z,170
1829857,North,HOSHIARPUR,WAZIRAN,Unplanned,Closed,2026-05-03T05:05:00Z,2026-05-03T07:30:00Z,145
1829855,North,HOSHIARPUR,HANDHWAL UPS,Unplanned,Closed,2026-05-03T05:05:00Z,2026-05-03T07:05:00Z,120
1829852,North,HOSHIARPUR,SAWAR,Unplanned,Closed,2026-05-03T05:05:00Z,2026-05-03T07:35:00Z,150
1829851,North,HOSHIARPUR,khunda,Unplanned,Closed,2026-05-03T05:05:00Z,2026-05-03T07:07:00Z,122
1829848,North,HOSHIARPUR,KHIZARPUR,Unplanned,Closed,2026-05-03T05:05:00Z,2026-05-03T07:25:00Z,140
1829846,North,HOSHIARPUR,MHP2,Unplanned,Closed,2026-05-03T05:05:00Z,2026-05-03T08:55:00Z,230
1829834,South,PATIALA,Sugar Mill,Unplanned,Closed,2026-05-03T05:05:00Z,2026-05-03T06:40:00Z,95
1829815,Border,SUB URBAN AMRITSAR,Holy City,Unplanned,Closed,2026-05-03T05:05:00Z,2026-05-03T08:55:00Z,230
1829801,North,HOSHIARPUR,Bhagowal,Unplanned,Closed,2026-05-03T05:05:00Z,2026-05-03T05:59:09Z,54
1829897,South,PATIALA,UPS DHADOGAL,Unplanned,Closed,2026-05-03T05:01:00Z,2026-05-03T08:25:00Z,204
1829800,North,NAWANSHAHR,SHAHPUR,Unplanned,Closed,2026-05-03T05:01:00Z,2026-05-03T05:50:00Z,49
1829789,North,HOSHIARPUR,Urban qilla road,Unplanned,Closed,2026-05-03T05:01:00Z,2026-05-03T07:30:00Z,149
1829788,North,HOSHIARPUR,UPS katrala,Unplanned,Closed,2026-05-03T05:01:00Z,2026-05-03T07:55:00Z,174
1829787,North,HOSHIARPUR,11 kv Mansoorpur,Unplanned,Closed,2026-05-03T05:01:00Z,2026-05-03T07:55:00Z,174
1829786,North,HOSHIARPUR,11KV Dagan UPS,Unplanned,Closed,2026-05-03T05:01:00Z,2026-05-03T08:45:00Z,224
1829785,North,HOSHIARPUR,11KV SINGHPUR UPS,Unplanned,Closed,2026-05-03T05:01:00Z,2026-05-03T07:35:00Z,154
1829784,North,HOSHIARPUR,Rest House,Unplanned,Closed,2026-05-03T05:01:00Z,2026-05-03T07:30:00Z,149
1829783,North,HOSHIARPUR,Model Town,Unplanned,Closed,2026-05-03T05:01:00Z,2026-05-03T07:30:00Z,149
1829777,North,HOSHIARPUR,Puda Colony,Unplanned,Closed,2026-05-03T05:01:00Z,2026-05-03T07:30:00Z,149
1829775,North,HOSHIARPUR,RAILWAY ROAD MUKERIAN,Unplanned,Closed,2026-05-03T05:01:00Z,2026-05-03T07:30:00Z,149
1829774,North,HOSHIARPUR,HOSPITAL MUKERIAN,Unplanned,Closed,2026-05-03T05:01:00Z,2026-05-03T07:30:00Z,149
1829773,North,HOSHIARPUR,KOTLI,Unplanned,Closed,2026-05-03T05:01:00Z,2026-05-03T07:30:00Z,149
1829772,North,HOSHIARPUR,MUKERIAN,Unplanned,Closed,2026-05-03T05:01:00Z,2026-05-03T07:30:00Z,149
1829771,North,HOSHIARPUR,CHACK,Unplanned,Closed,2026-05-03T05:01:00Z,2026-05-03T10:10:00Z,309
1829813,North,KAPURTHALA,URBAN CITY,Unplanned,Closed,2026-05-03T05:00:00Z,2026-05-03T08:06:00Z,186
1829812,North,KAPURTHALA,JALLOW KHANNA URBAN,Unplanned,Closed,2026-05-03T05:00:00Z,2026-05-03T08:46:00Z,226
1829794,North,KAPURTHALA,UPS KHERA MANDIR,Unplanned,Closed,2026-05-03T05:00:00Z,2026-05-03T06:00:00Z,60
1829790,North,KAPURTHALA,UPS Karhal Kalaan,Unplanned,Closed,2026-05-03T05:00:00Z,2026-05-03T08:50:00Z,230
1829776,North,KAPURTHALA,UPS Rawal,Unplanned,Closed,2026-05-03T05:00:00Z,2026-05-03T06:00:00Z,60
1829769,North,HOSHIARPUR,BUDHABAR,Unplanned,Closed,2026-05-03T05:00:00Z,2026-05-03T07:50:00Z,170
1829768,North,HOSHIARPUR,PANKHUH,Unplanned,Closed,2026-05-03T05:00:00Z,2026-05-03T07:45:00Z,165
1829767,North,HOSHIARPUR,11kv Chanour UPS,Unplanned,Closed,2026-05-03T05:00:00Z,2026-05-03T08:15:00Z,195
1829770,Border,GURDASPUR,Behrian,Unplanned,Closed,2026-05-03T04:57:00Z,2026-05-03T07:13:00Z,136
1829822,East,MOHALI,11KV JLPL MEGA,Unplanned,Closed,2026-05-03T04:55:00Z,2026-05-03T07:00:47Z,125
1829754,Border,GURDASPUR,Civil Line,Unplanned,Closed,2026-05-03T04:52:37Z,2026-05-03T05:30:00Z,37
1829753,Border,GURDASPUR,City,Unplanned,Closed,2026-05-03T04:52:37Z,2026-05-03T05:30:00Z,37
1829752,Border,GURDASPUR,RAILWAY ROAD CAT-1,Unplanned,Closed,2026-05-03T04:52:37Z,2026-05-03T05:30:00Z,37
1829751,Border,GURDASPUR,Dalla UPS,Unplanned,Closed,2026-05-03T04:52:37Z,2026-05-03T05:30:00Z,37
1829750,Border,GURDASPUR,11KV BUTTER UPS,Unplanned,Closed,2026-05-03T04:52:37Z,2026-05-03T05:30:00Z,37
1829749,Border,GURDASPUR,Basrawan,Unplanned,Closed,2026-05-03T04:52:37Z,2026-05-03T05:30:00Z,37
1829748,Border,GURDASPUR,I.T.I,Unplanned,Closed,2026-05-03T04:52:37Z,2026-05-03T05:30:00Z,37
1829747,Border,GURDASPUR,THEKERIWAL,Unplanned,Closed,2026-05-03T04:52:37Z,2026-05-03T05:30:00Z,37
1829818,Border,GURDASPUR,AB Sugar Mill,Unplanned,Closed,2026-05-03T04:51:22Z,2026-05-03T05:51:22Z,60
1829817,Border,GURDASPUR,Rajoa,Unplanned,Closed,2026-05-03T04:51:22Z,2026-05-03T05:51:22Z,60
1829816,Border,GURDASPUR,Dogar Mahesh,Unplanned,Closed,2026-05-03T04:51:22Z,2026-05-03T05:51:22Z,60
1830484,Border,GURDASPUR,Geeta Bhawan Road,Unplanned,Closed,2026-05-03T04:51:00Z,2026-05-03T07:50:00Z,179
1830483,Border,GURDASPUR,Sadhuchack,Unplanned,Closed,2026-05-03T04:51:00Z,2026-05-03T07:51:00Z,180
1830481,Border,GURDASPUR,City,Unplanned,Closed,2026-05-03T04:51:00Z,2026-05-03T07:30:00Z,159
1829829,Border,GURDASPUR,KISHANKOT UPS,Unplanned,Closed,2026-05-03T04:50:48Z,2026-05-03T07:50:00Z,179
1829828,Border,GURDASPUR,Rampur Talwara,Unplanned,Closed,2026-05-03T04:50:48Z,2026-05-03T07:50:00Z,179
1829827,Border,GURDASPUR,Withwan,Unplanned,Closed,2026-05-03T04:50:48Z,2026-05-03T07:50:00Z,179
1829826,Border,GURDASPUR,Cheema Khuddi,Unplanned,Closed,2026-05-03T04:50:48Z,2026-05-03T07:50:48Z,180
1829825,Border,GURDASPUR,Sri Hargobindpur,Unplanned,Closed,2026-05-03T04:50:48Z,2026-05-03T07:50:00Z,179
1829766,North,HOSHIARPUR,11Kv Mushabpur UPS,Unplanned,Closed,2026-05-03T04:50:00Z,2026-05-03T06:55:00Z,125
1829765,North,HOSHIARPUR,Rajpur Ups,Unplanned,Closed,2026-05-03T04:50:00Z,2026-05-03T07:35:00Z,165
1829764,North,HOSHIARPUR,11kV Jandwal UPS,Unplanned,Closed,2026-05-03T04:50:00Z,2026-05-03T06:40:00Z,110
1829763,North,HOSHIARPUR,11Kv Bebhalmanj UPS,Unplanned,Closed,2026-05-03T04:50:00Z,2026-05-03T07:05:00Z,135
1829762,North,HOSHIARPUR,PALAKI,Unplanned,Closed,2026-05-03T04:50:00Z,2026-05-03T06:40:00Z,110
1829761,North,HOSHIARPUR,MANJPUR,Unplanned,Closed,2026-05-03T04:50:00Z,2026-05-03T07:30:00Z,160
1829760,North,HOSHIARPUR,Motia Mill,Unplanned,Closed,2026-05-03T04:50:00Z,2026-05-03T09:38:00Z,288
1829759,North,HOSHIARPUR,BHATIAN JATTAN,Unplanned,Closed,2026-05-03T04:50:00Z,2026-05-03T06:45:00Z,115
1829758,North,HOSHIARPUR,DEVIDASS,Unplanned,Closed,2026-05-03T04:50:00Z,2026-05-03T06:45:00Z,115
1829757,North,HOSHIARPUR,TANDA,Unplanned,Closed,2026-05-03T04:50:00Z,2026-05-03T06:45:00Z,115
1829756,North,HOSHIARPUR,11KV UPS TERKIANA,Unplanned,Closed,2026-05-03T04:50:00Z,2026-05-03T06:45:00Z,115
1830217,Border,SUB URBAN AMRITSAR,UPS Chhajalwaddi,Unplanned,Closed,2026-05-03T04:42:00Z,2026-05-03T09:00:00Z,258
1830214,Border,SUB URBAN AMRITSAR,Urban Tangra,Unplanned,Closed,2026-05-03T04:42:00Z,2026-05-03T09:00:00Z,258
1829782,Border,GURDASPUR,NANGAL UPS,Unplanned,Closed,2026-05-03T04:41:38Z,2026-05-03T05:41:38Z,60
1829781,Border,GURDASPUR,Ghuman,Unplanned,Closed,2026-05-03T04:41:38Z,2026-05-03T05:41:38Z,60
1829780,Border,GURDASPUR,Bolewal,Unplanned,Closed,2026-05-03T04:41:38Z,2026-05-03T05:41:38Z,60
1829779,Border,GURDASPUR,NEW BALLARWAL UPS,Unplanned,Closed,2026-05-03T04:41:38Z,2026-05-03T05:41:38Z,60
1829778,Border,GURDASPUR,dakoha,Unplanned,Closed,2026-05-03T04:41:38Z,2026-05-03T05:41:38Z,60
1829798,Border,GURDASPUR,Roranwali 24 hrs.,Unplanned,Closed,2026-05-03T04:41:26Z,2026-05-03T05:41:26Z,60
1829797,Border,GURDASPUR,Kahnuwan City,Unplanned,Closed,2026-05-03T04:41:26Z,2026-05-03T05:41:26Z,60
1829796,Border,GURDASPUR,11 K.V UPS Balwanda,Unplanned,Closed,2026-05-03T04:41:26Z,2026-05-03T05:41:26Z,60
1829795,Border,GURDASPUR,Sathiali 24 hrs.,Unplanned,Closed,2026-05-03T04:41:26Z,2026-05-03T05:41:26Z,60
1829793,Border,GURDASPUR,BHAM UPS,Unplanned,Closed,2026-05-03T04:41:23Z,2026-05-03T08:20:23Z,219
1829792,Border,GURDASPUR,METLE,Unplanned,Closed,2026-05-03T04:41:23Z,2026-05-03T08:20:23Z,219
1829791,Border,GURDASPUR,BHARTH,Unplanned,Closed,2026-05-03T04:41:23Z,2026-05-03T08:20:23Z,219
1829811,Border,GURDASPUR,College,Unplanned,Closed,2026-05-03T04:41:22Z,2026-05-03T05:41:22Z,60
1829810,Border,GURDASPUR,Sheh Bhattia,Unplanned,Closed,2026-05-03T04:41:22Z,2026-05-03T05:41:22Z,60
1829809,Border,GURDASPUR,Thakarwal,Unplanned,Closed,2026-05-03T04:41:22Z,2026-05-03T05:41:22Z,60
1829808,Border,GURDASPUR,DHINDSA,Unplanned,Closed,2026-05-03T04:41:22Z,2026-05-03T05:41:22Z,60
1829807,Border,GURDASPUR,Gorsiya,Unplanned,Closed,2026-05-03T04:41:13Z,2026-05-03T05:41:13Z,60
1829806,Border,GURDASPUR,UPS Feeder,Unplanned,Closed,2026-05-03T04:41:13Z,2026-05-03T05:41:13Z,60
1829805,Border,GURDASPUR,Bhaini Mian Khan,Unplanned,Closed,2026-05-03T04:41:13Z,2026-05-03T05:41:13Z,60
1830210,Border,SUB URBAN AMRITSAR,Kotla Urban,Unplanned,Closed,2026-05-03T04:40:00Z,2026-05-03T09:00:00Z,260
1829755,Border,SUB URBAN AMRITSAR,BASKEGILLAN UPS,Unplanned,Closed,2026-05-03T04:37:12Z,2026-05-03T12:49:00Z,491
1829742,Border,SUB URBAN AMRITSAR,24 Hrs Vehra,Unplanned,Closed,2026-05-03T04:37:12Z,2026-05-03T14:40:00Z,602
1829741,Border,SUB URBAN AMRITSAR,Chan Malah,Unplanned,Closed,2026-05-03T04:37:12Z,2026-05-03T12:27:00Z,469
1829804,North,JALANDHAR,RAJA GARDEN,Unplanned,Closed,2026-05-03T04:34:00Z,2026-05-03T07:15:00Z,161
1829799,North,JALANDHAR,VIVEKANAND,Unplanned,Closed,2026-05-03T04:34:00Z,2026-05-03T05:22:00Z,48
1829803,Border,GURDASPUR,11 KV Dhesian,Unplanned,Closed,2026-05-03T04:30:31Z,2026-05-03T09:30:31Z,300
1829802,Border,GURDASPUR,KOT DHANDHAL CAT-1,Unplanned,Closed,2026-05-03T04:30:31Z,2026-05-03T09:30:31Z,300
1829740,Border,SUB URBAN AMRITSAR,Avtar Avenue,Unplanned,Closed,2026-05-03T04:25:00Z,2026-05-03T05:00:00Z,35
1829739,Border,SUB URBAN AMRITSAR,11 kv Baba Deep Singh colony,Unplanned,Closed,2026-05-03T04:25:00Z,2026-05-03T05:00:00Z,35
1829723,Border,CITY AMRITSAR,Dilbagh Nagar,Unplanned,Closed,2026-05-03T04:23:43Z,2026-05-03T06:05:43Z,102
1829722,Border,CITY AMRITSAR,Chatiwind Gate,Unplanned,Closed,2026-05-03T04:23:43Z,2026-05-03T06:05:43Z,102
1829721,Border,CITY AMRITSAR,LAXMAN SAR,Unplanned,Closed,2026-05-03T04:23:43Z,2026-05-03T06:05:43Z,102
1829720,Border,CITY AMRITSAR,Mohan Rice Mills,Unplanned,Closed,2026-05-03T04:23:43Z,2026-05-03T06:05:43Z,102
1829719,Border,CITY AMRITSAR,Gilwalii Gate,Unplanned,Closed,2026-05-03T04:23:43Z,2026-05-03T06:05:43Z,102
1829718,Border,CITY AMRITSAR,Kot Baba Deep singh,Unplanned,Closed,2026-05-03T04:23:43Z,2026-05-03T06:05:43Z,102
1829717,Border,CITY AMRITSAR,Nagar Nigam Colony,Unplanned,Closed,2026-05-03T04:23:43Z,2026-05-03T06:05:43Z,102
1829716,Border,CITY AMRITSAR,Chatha Rice Mills,Unplanned,Closed,2026-05-03T04:23:43Z,2026-05-03T06:05:43Z,102
1829715,Border,CITY AMRITSAR,Laxmi Rice Mills,Unplanned,Closed,2026-05-03T04:23:43Z,2026-05-03T06:05:43Z,102
1829714,Border,CITY AMRITSAR,shri guru ram dass hospital,Unplanned,Closed,2026-05-03T04:23:43Z,2026-05-03T06:12:57Z,109
1829713,Border,CITY AMRITSAR,NEW DHAB BASTI RAM,Unplanned,Closed,2026-05-03T04:23:43Z,2026-05-03T06:12:31Z,108
1829706,Border,GURDASPUR,Greater Kailash,Unplanned,Closed,2026-05-03T04:20:55Z,2026-05-03T06:35:55Z,135
1829705,Border,GURDASPUR,KHAJURI GATE,Unplanned,Closed,2026-05-03T04:20:55Z,2026-05-03T06:35:55Z,135
1829704,Border,GURDASPUR,Gurudwara Kandh Sahib,Unplanned,Closed,2026-05-03T04:20:55Z,2026-05-03T06:35:55Z,135
1829703,Border,GURDASPUR,OLD HOSPITAL BATALA,Unplanned,Closed,2026-05-03T04:20:55Z,2026-05-03T06:35:55Z,135
1829702,Border,GURDASPUR,Bank colony,Unplanned,Closed,2026-05-03T04:20:55Z,2026-05-03T06:35:55Z,135
1829701,Border,GURDASPUR,G.T Road,Unplanned,Closed,2026-05-03T04:20:55Z,2026-05-03T06:35:55Z,135
1829700,Border,GURDASPUR,11 KV RAILWAY ROAD,Unplanned,Closed,2026-05-03T04:20:55Z,2026-05-03T06:35:55Z,135
1829699,Border,GURDASPUR,11 KV BHANDHRI MOHALLA,Unplanned,Closed,2026-05-03T04:20:55Z,2026-05-03T06:35:55Z,135
1829698,Border,GURDASPUR,SHANTI NAGAR,Unplanned,Closed,2026-05-03T04:20:55Z,2026-05-03T06:35:55Z,135
1829697,Border,GURDASPUR,Batala City,Unplanned,Closed,2026-05-03T04:20:55Z,2026-05-03T06:35:55Z,135
1829696,Border,GURDASPUR,Murgi Mohalla,Unplanned,Closed,2026-05-03T04:20:55Z,2026-05-03T06:35:55Z,135
1829695,Border,GURDASPUR,Kahnuwan Road,Unplanned,Closed,2026-05-03T04:20:55Z,2026-05-03T06:35:55Z,135
1829694,Border,GURDASPUR,Simbal,Unplanned,Closed,2026-05-03T04:20:55Z,2026-05-03T06:35:55Z,135
1829693,Border,GURDASPUR,Dera Baba Nanak Road,Unplanned,Closed,2026-05-03T04:20:55Z,2026-05-03T06:35:55Z,135
1829692,Border,GURDASPUR,Improvement Trust,Unplanned,Closed,2026-05-03T04:20:55Z,2026-05-03T06:35:55Z,135
1829690,Central,CITY WEST LUDHIANA,PREET NAGAR FEEDER,Unplanned,Closed,2026-05-03T04:20:42Z,2026-05-03T08:02:25Z,221
1829689,Central,CITY WEST LUDHIANA,GURU NANAK STREET FEEDER,Unplanned,Closed,2026-05-03T04:20:42Z,2026-05-03T08:02:13Z,221
1829746,Border,GURDASPUR,11 KV New Urban Estate phase 1,Unplanned,Closed,2026-05-03T04:18:55Z,2026-05-03T06:20:55Z,122
1829745,Border,GURDASPUR,11 KV Shahabpura Road,Unplanned,Closed,2026-05-03T04:18:55Z,2026-05-03T06:20:55Z,122
1829744,Border,GURDASPUR,HARNAM NAGAR,Unplanned,Closed,2026-05-03T04:18:55Z,2026-05-03T06:20:55Z,122
1829743,Border,GURDASPUR,TRUCK UNION,Unplanned,Closed,2026-05-03T04:18:55Z,2026-05-03T06:20:55Z,122
1829712,Border,GURDASPUR,11 kv Dhupshari ups,Unplanned,Closed,2026-05-03T04:15:35Z,2026-05-03T06:15:35Z,120
1829711,Border,GURDASPUR,11 KV Guru Nanak College,Unplanned,Closed,2026-05-03T04:15:35Z,2026-05-03T06:15:35Z,120
1829710,Border,GURDASPUR,Ujjagar Nagar,Unplanned,Closed,2026-05-03T04:15:35Z,2026-05-03T06:15:35Z,120
1829709,Border,GURDASPUR,South City,Unplanned,Closed,2026-05-03T04:15:35Z,2026-05-03T06:15:35Z,120
1829708,Border,GURDASPUR,Mata Sulakhni Ji,Unplanned,Closed,2026-05-03T04:15:35Z,2026-05-03T06:15:35Z,120
1829707,Border,GURDASPUR,Diamond Colony,Unplanned,Closed,2026-05-03T04:15:35Z,2026-05-03T06:15:35Z,120
1829675,Border,SUB URBAN AMRITSAR,WATER TREAT PLANT,Unplanned,Closed,2026-05-03T04:12:04Z,2026-05-03T11:44:00Z,451
1829678,Border,CITY AMRITSAR,swadeshi mill,Unplanned,Closed,2026-05-03T04:05:28Z,2026-05-03T05:40:18Z,94
1829677,Border,CITY AMRITSAR,CANAL OFFICE,Unplanned,Closed,2026-05-03T04:05:28Z,2026-05-03T05:40:49Z,95
1829676,Border,CITY AMRITSAR,RLY WORKSHOP,Unplanned,Closed,2026-05-03T04:05:28Z,2026-05-03T05:40:08Z,94
1829686,Border,CITY AMRITSAR,Toot Sahib,Unplanned,Closed,2026-05-03T04:05:13Z,2026-05-03T06:05:13Z,120
1829685,Border,CITY AMRITSAR,SULTANWIND ROAD,Unplanned,Closed,2026-05-03T04:05:13Z,2026-05-03T06:05:13Z,120
1829684,Border,CITY AMRITSAR,SERVER PURA,Unplanned,Closed,2026-05-03T04:05:13Z,2026-05-03T06:05:13Z,120
1829683,Border,CITY AMRITSAR,CHATIWIND 1,Unplanned,Closed,2026-05-03T04:05:13Z,2026-05-03T06:05:13Z,120
1829682,Border,CITY AMRITSAR,sarai guru ram dass,Unplanned,Closed,2026-05-03T04:05:13Z,2026-05-03T06:05:13Z,120
1829681,Border,CITY AMRITSAR,CHATIWIND 2,Unplanned,Closed,2026-05-03T04:05:13Z,2026-05-03T06:05:13Z,120
1829680,Border,CITY AMRITSAR,EAST MOHAN NAGAR,Unplanned,Closed,2026-05-03T04:05:13Z,2026-05-03T06:05:13Z,120
1829679,Border,CITY AMRITSAR,s.g.r.dental research,Unplanned,Closed,2026-05-03T04:05:13Z,2026-05-03T06:05:13Z,120
1829688,Border,CITY AMRITSAR,MAKBOOL PURA,Unplanned,Closed,2026-05-03T04:05:07Z,2026-05-03T06:05:07Z,120
1829687,Border,CITY AMRITSAR,100 ft. ROAD,Unplanned,Closed,2026-05-03T04:05:07Z,2026-05-03T06:10:41Z,125
1829738,Border,SUB URBAN AMRITSAR,11 kv New Greenland,Unplanned,Closed,2026-05-03T04:05:01Z,2026-05-03T05:00:01Z,55
1829737,Border,SUB URBAN AMRITSAR,11 Kv Shere Punjab Avenue,Unplanned,Closed,2026-05-03T04:05:01Z,2026-05-03T05:00:01Z,55
1829736,Border,SUB URBAN AMRITSAR,Guru Har Rai avenue,Unplanned,Closed,2026-05-03T04:05:01Z,2026-05-03T05:00:01Z,55
1829735,Border,SUB URBAN AMRITSAR,BABA SHRI CHAND AVNUE,Unplanned,Closed,2026-05-03T04:05:01Z,2026-05-03T05:00:01Z,55
1829734,Border,SUB URBAN AMRITSAR,VEER GARDEN,Unplanned,Closed,2026-05-03T04:05:01Z,2026-05-03T05:00:01Z,55
1829733,Border,SUB URBAN AMRITSAR,SG enclave,Unplanned,Closed,2026-05-03T04:05:01Z,2026-05-03T05:00:01Z,55
1829732,Border,SUB URBAN AMRITSAR,POWER COLONY,Unplanned,Closed,2026-05-03T04:05:01Z,2026-05-03T06:00:01Z,115
1829731,Border,SUB URBAN AMRITSAR,M.E.S,Unplanned,Closed,2026-05-03T04:05:01Z,2026-05-03T05:00:01Z,55
1829730,Border,SUB URBAN AMRITSAR,Hari mandir,Unplanned,Closed,2026-05-03T04:05:01Z,2026-05-03T05:00:01Z,55
1829729,Border,SUB URBAN AMRITSAR,Palm vihar,Unplanned,Closed,2026-05-03T04:05:01Z,2026-05-03T05:00:01Z,55
1829728,Border,SUB URBAN AMRITSAR,GOPAL NAGAR,Unplanned,Closed,2026-05-03T04:05:01Z,2026-05-03T05:00:01Z,55
1829727,Border,SUB URBAN AMRITSAR,MAJITHA ROAD VERKA BYE PASS,Unplanned,Closed,2026-05-03T04:05:01Z,2026-05-03T05:00:01Z,55
1829726,Border,SUB URBAN AMRITSAR,silverstate,Unplanned,Closed,2026-05-03T04:05:01Z,2026-05-03T05:00:01Z,55
1829725,Border,SUB URBAN AMRITSAR,DIAMOND AVENUE,Unplanned,Closed,2026-05-03T04:05:01Z,2026-05-03T05:00:01Z,55
1829724,Border,SUB URBAN AMRITSAR,GOKAL NAGAR,Unplanned,Closed,2026-05-03T04:05:01Z,2026-05-03T05:00:01Z,55
1829963,Border,SUB URBAN AMRITSAR,Focal Point-3,Unplanned,Closed,2026-05-03T04:05:00Z,2026-05-03T09:30:00Z,325
1829962,Border,SUB URBAN AMRITSAR,Focal Point No-1,Unplanned,Closed,2026-05-03T04:05:00Z,2026-05-03T09:30:00Z,325
1829960,Border,SUB URBAN AMRITSAR,Khankot,Unplanned,Closed,2026-05-03T04:05:00Z,2026-05-03T09:30:00Z,325
1829670,Border,SUB URBAN AMRITSAR,VERKA IND.1,Unplanned,Closed,2026-05-03T04:05:00Z,2026-05-03T05:00:00Z,55
1829669,Border,SUB URBAN AMRITSAR,VERKA IND.2,Unplanned,Closed,2026-05-03T04:05:00Z,2026-05-03T05:00:00Z,55
1829668,Border,SUB URBAN AMRITSAR,GURU NAGAR,Unplanned,Closed,2026-05-03T04:05:00Z,2026-05-03T05:00:00Z,55
1829667,Border,SUB URBAN AMRITSAR,GURUDWARA NANAKSAR,Unplanned,Closed,2026-05-03T04:05:00Z,2026-05-03T05:00:00Z,55
1829666,Border,SUB URBAN AMRITSAR,11 kv Bhullar Avenue,Unplanned,Closed,2026-05-03T04:05:00Z,2026-05-03T05:00:00Z,55
1829665,Border,SUB URBAN AMRITSAR,Faizpur,Unplanned,Closed,2026-05-03T04:05:00Z,2026-05-03T05:00:00Z,55
1829664,Border,SUB URBAN AMRITSAR,Trillium,Unplanned,Closed,2026-05-03T04:05:00Z,2026-05-03T05:00:00Z,55
1829663,Border,SUB URBAN AMRITSAR,MEDICAL ENCLAVE,Unplanned,Closed,2026-05-03T04:05:00Z,2026-05-03T05:00:00Z,55
1829674,Border,CITY AMRITSAR,BASANT AVENUE,Unplanned,Closed,2026-05-03T04:03:29Z,2026-05-03T05:15:04Z,71
1829673,Border,CITY AMRITSAR,ANAND AVENUE,Unplanned,Closed,2026-05-03T04:03:29Z,2026-05-03T05:15:22Z,71
1829672,Border,CITY AMRITSAR,GOBIND PARK,Unplanned,Closed,2026-05-03T04:03:29Z,2026-05-03T05:15:36Z,72
1829671,Border,CITY AMRITSAR,MAQBOOL ROAD,Unplanned,Closed,2026-05-03T04:03:29Z,2026-05-03T05:15:24Z,71
1829691,Border,SUB URBAN AMRITSAR,Mollechak,Unplanned,Closed,2026-05-03T04:00:00Z,2026-05-03T05:00:00Z,60
1829662,South,PATIALA,Lang UPS,Unplanned,Closed,2026-05-03T03:35:00Z,2026-05-03T04:50:00Z,75
1829660,Central,CITY WEST LUDHIANA,JAMMU COLONY,Unplanned,Closed,2026-05-03T03:06:31Z,2026-05-03T04:05:36Z,59
1829657,Central,KHANNA,Central,Unplanned,Closed,2026-05-03T02:17:00Z,2026-05-03T06:11:00Z,234
1829658,North,HOSHIARPUR,Bhagowal,Unplanned,Closed,2026-05-03T02:15:00Z,2026-05-03T04:49:00Z,154
1829659,Border,TARN TARAN,URBAN CIRCULAR ROAD PATTI,Unplanned,Closed,2026-05-03T02:13:00Z,2026-05-03T06:01:00Z,228
1829656,Border,TARN TARAN,CHAHAL UPS,Unplanned,Closed,2026-05-03T00:50:00Z,2026-05-03T07:30:00Z,400
1829653,South,PATIALA,Sirhind Road,Unplanned,Closed,2026-05-02T23:48:30Z,2026-05-03T00:03:32Z,15
1829654,East,MOHALI,11 KV Sec-73,Unplanned,Closed,2026-05-02T23:27:00Z,2026-05-03T00:11:50Z,44
1829655,Border,SUB URBAN AMRITSAR,UPS-3 Pandher,Unplanned,Closed,2026-05-02T23:10:00Z,2026-05-03T09:00:00Z,590
1829652,South,PATIALA,k.k.SCHOOL ROAD,Unplanned,Closed,2026-05-02T23:10:00Z,2026-05-02T23:57:00Z,47
1829651,North,HOSHIARPUR,11KV Dagan UPS,Unplanned,Closed,2026-05-02T23:03:00Z,2026-05-03T00:25:00Z,82
1829650,East,ROPAR,SABJI MANDI,Unplanned,Closed,2026-05-02T22:52:00Z,2026-05-03T00:18:00Z,86
1829649,North,HOSHIARPUR,11 KV AP KANDI PATIARIAN,Unplanned,Closed,2026-05-02T22:50:00Z,2026-05-02T23:06:00Z,16
1829645,Central,KHANNA,NABIPUR,Unplanned,Closed,2026-05-02T22:40:00Z,2026-05-02T23:00:37Z,20
1829646,Central,KHANNA,PAGRO,Unplanned,Closed,2026-05-02T22:39:00Z,2026-05-02T23:14:24Z,35
1829643,Border,SUB URBAN AMRITSAR,Avtar Avenue,Unplanned,Closed,2026-05-02T22:09:00Z,2026-05-03T01:22:00Z,193
1829642,Border,SUB URBAN AMRITSAR,UPS-3 Pandher,Unplanned,Closed,2026-05-02T22:06:00Z,2026-05-02T22:35:00Z,29
1829626,South,PATIALA,Sirhind Road,Unplanned,Closed,2026-05-02T21:57:38Z,2026-05-02T22:58:31Z,60
1829602,West,MUKATSAR,PANJKOSI,Unplanned,Closed,2026-05-02T21:20:34Z,2026-05-02T22:40:08Z,79
1829603,Central,CITY WEST LUDHIANA,GULMOHAR,Planned,Closed,2026-05-02T21:20:14Z,2026-05-02T21:57:35Z,37
1829595,Border,TARN TARAN,BEAS CITY,Unplanned,Closed,2026-05-02T21:05:00Z,2026-05-02T21:55:00Z,50
1829600,Border,TARN TARAN,Goindwal Road Urban.,Unplanned,Closed,2026-05-02T21:00:00Z,2026-05-02T22:10:00Z,70
1829586,North,NAWANSHAHR,JALALPUR,Planned,Closed,2026-05-02T20:42:00Z,2026-05-02T20:55:00Z,13
1829585,North,NAWANSHAHR,PARAGPUR,Planned,Closed,2026-05-02T20:42:00Z,2026-05-02T20:55:00Z,13
1829584,North,NAWANSHAHR,HEDONBET,Planned,Closed,2026-05-02T20:42:00Z,2026-05-02T20:55:00Z,13
1829583,North,NAWANSHAHR,JINDAPUR,Planned,Closed,2026-05-02T20:42:00Z,2026-05-02T20:55:00Z,13
1829589,North,JALANDHAR,NEHRU GARDEN ROAD,Unplanned,Closed,2026-05-02T20:40:00Z,2026-05-02T21:19:00Z,39
1829582,Central,KHANNA,Motia Khan,Unplanned,Closed,2026-05-02T20:28:00Z,2026-05-02T21:43:00Z,75
1829581,Border,SUB URBAN AMRITSAR,KHASSA,Unplanned,Closed,2026-05-02T20:21:54Z,2026-05-02T21:25:46Z,63
1829579,North,JALANDHAR,ADAMPUR,Unplanned,Closed,2026-05-02T20:04:00Z,2026-05-02T20:40:00Z,36
1829576,Central,KHANNA,PAGRO,Unplanned,Closed,2026-05-02T20:00:00Z,2026-05-02T21:00:00Z,60
1829575,Central,KHANNA,NABIPUR,Unplanned,Closed,2026-05-02T20:00:00Z,2026-05-02T21:15:00Z,75
1829574,Central,CITY WEST LUDHIANA,STAR ROAD FEEDER,Unplanned,Closed,2026-05-02T19:57:00Z,2026-05-02T20:11:39Z,14
1829573,North,NAWANSHAHR,PANYALI,Unplanned,Closed,2026-05-02T19:52:00Z,2026-05-02T20:55:00Z,63
1829577,North,NAWANSHAHR,Urban Pattren,Unplanned,Closed,2026-05-02T19:50:00Z,2026-05-02T20:05:00Z,15
1829571,Central,CITY WEST LUDHIANA,jawahar nagar,Planned,Closed,2026-05-02T19:39:15Z,2026-05-02T20:48:27Z,69
1829569,Central,CITY WEST LUDHIANA,JAMMU COLONY,Planned,Closed,2026-05-02T19:17:59Z,2026-05-02T20:13:54Z,55
1829570,East,ROPAR,ML INDUSTRY,Unplanned,Closed,2026-05-02T19:15:00Z,2026-05-02T20:28:00Z,73
1829566,Border,SUB URBAN AMRITSAR,Sada Pind,Unplanned,Closed,2026-05-02T19:09:42Z,2026-05-02T19:40:29Z,30
1829568,Central,KHANNA,Deepak,Unplanned,Closed,2026-05-02T19:08:00Z,2026-05-02T20:11:00Z,63
1829563,Central,CITY WEST LUDHIANA,GOLDEN PARK,Unplanned,Closed,2026-05-02T19:06:00Z,2026-05-02T19:45:00Z,39
1829562,East,Zirakpur,KALKA ROAD,Planned,Closed,2026-05-02T18:55:00Z,2026-05-02T19:05:00Z,10
1829561,East,Zirakpur,SUNNY ENCLAVE,Planned,Closed,2026-05-02T18:55:00Z,2026-05-02T19:05:00Z,10
1829560,South,PATIALA,11 KV BEHIL FEEDER,Unplanned,Closed,2026-05-02T18:55:00Z,2026-05-02T19:30:00Z,35
1829559,South,PATIALA,NABHA NO.1,Unplanned,Closed,2026-05-02T18:50:00Z,2026-05-02T19:35:00Z,45
1829555,North,HOSHIARPUR,manvta mander,Unplanned,Closed,2026-05-02T18:42:00Z,2026-05-02T19:53:00Z,71
1829572,Border,GURDASPUR,24Hrs Khanowal,Unplanned,Closed,2026-05-02T18:40:00Z,2026-05-02T19:55:00Z,75
1829553,South,SANGRUR,Bhagwanpura,Unplanned,Closed,2026-05-02T18:35:00Z,2026-05-02T19:14:00Z,39
1829552,East,MOHALI,11 KV Indus,Unplanned,Closed,2026-05-02T18:30:46Z,2026-05-02T19:18:05Z,47
1829554,North,NAWANSHAHR,Kang Arayian,Unplanned,Closed,2026-05-02T18:30:00Z,2026-05-02T19:35:00Z,65
1829551,Central,KHANNA,Bhagwati,Unplanned,Closed,2026-05-02T18:30:00Z,2026-05-02T19:13:00Z,43
1829549,Central,KHANNA,Samadhi Road,Unplanned,Closed,2026-05-02T18:20:00Z,2026-05-02T19:10:00Z,50
1829550,South,PATIALA,Nabha Gate,Unplanned,Closed,2026-05-02T18:15:00Z,2026-05-02T18:45:00Z,30
1829548,North,JALANDHAR,NURPUR UPS,Unplanned,Closed,2026-05-02T18:11:00Z,2026-05-02T18:24:00Z,13
1829547,Border,GURDASPUR,City Ptk.,Unplanned,Closed,2026-05-02T18:11:00Z,2026-05-02T21:27:00Z,196
1829546,Border,GURDASPUR,Telephone Exchange,Planned,Closed,2026-05-02T18:11:00Z,2026-05-02T21:27:00Z,196
1829539,South,PATIALA,M.E.S.,Unplanned,Closed,2026-05-02T18:05:00Z,2026-05-02T19:30:00Z,85
1829538,East,MOHALI,Kasauli,Unplanned,Closed,2026-05-02T18:02:33Z,2026-05-02T19:02:52Z,60
1829537,East,ROPAR,11 KV Kiratpur Sahib,Unplanned,Closed,2026-05-02T17:55:00Z,2026-05-02T18:25:00Z,30
1829534,Central,KHANNA,Motia Khan,Unplanned,Closed,2026-05-02T17:51:00Z,2026-05-02T18:00:00Z,9
1829536,Border,GURDASPUR,City Ptk.,Unplanned,Closed,2026-05-02T17:50:00Z,2026-05-02T18:10:00Z,20
1829535,Border,GURDASPUR,Sarna,Unplanned,Closed,2026-05-02T17:50:00Z,2026-05-02T18:15:00Z,25
1829527,Central,KHANNA,HANSALI,Planned,Closed,2026-05-02T17:45:39Z,2026-05-02T18:50:07Z,64
1829529,Border,CITY AMRITSAR,Queens Road,Unplanned,Closed,2026-05-02T17:43:35Z,2026-05-02T18:05:05Z,21
1829532,East,Zirakpur,RAIL VIHAR,Planned,Closed,2026-05-02T17:40:00Z,2026-05-02T18:02:00Z,22
1829531,East,Zirakpur,ECME,Planned,Closed,2026-05-02T17:40:00Z,2026-05-02T18:02:00Z,22
1829530,East,Zirakpur,11 kv Japuria Feeder,Planned,Closed,2026-05-02T17:40:00Z,2026-05-02T18:02:00Z,22
1829533,North,HOSHIARPUR,BOHAN,Unplanned,Closed,2026-05-02T17:35:00Z,2026-05-02T17:55:00Z,20
1829528,North,NAWANSHAHR,Urban Pattren,Unplanned,Closed,2026-05-02T17:35:00Z,2026-05-02T18:20:00Z,45
1829525,Border,GURDASPUR,Ranipur,Unplanned,Closed,2026-05-02T17:30:00Z,2026-05-02T20:25:00Z,175
1829524,North,JALANDHAR,INDUSTRY AREA,Unplanned,Closed,2026-05-02T17:23:00Z,2026-05-02T17:50:00Z,27
1829523,North,KAPURTHALA,URBAN LOHIAN,Unplanned,Closed,2026-05-02T17:18:00Z,2026-05-02T18:10:00Z,52
1829522,South,SANGRUR,11 KV  LAKHMIRWALA UPS,Unplanned,Closed,2026-05-02T17:16:16Z,2026-05-02T17:59:35Z,43
1829521,North,NAWANSHAHR,SKOHPUR,Unplanned,Closed,2026-05-02T17:11:00Z,2026-05-02T19:55:00Z,164
1829520,Central,KHANNA,Ratanheri,Unplanned,Closed,2026-05-02T17:11:00Z,2026-05-02T17:25:00Z,14
1829517,North,JALANDHAR,INDUSTRY AREA,Planned,Closed,2026-05-02T17:00:00Z,2026-05-02T17:20:00Z,20
1829515,Border,GURDASPUR,Heer,Unplanned,Closed,2026-05-02T16:55:00Z,2026-05-02T17:42:00Z,47
1829516,South,PATIALA,UPS PALAKHA,Unplanned,Closed,2026-05-02T16:52:00Z,2026-05-02T17:10:00Z,18
1829514,East,ROPAR,11KV Belian UPS FEEDER,Unplanned,Closed,2026-05-02T16:45:00Z,2026-05-02T17:05:00Z,20
1829513,Border,TARN TARAN,DARAPUR,Planned,Active,2026-05-02T16:40:00Z,2026-05-02T17:30:00Z,50
1829512,Border,TARN TARAN,VEROWAL,Planned,Active,2026-05-02T16:40:00Z,2026-05-02T17:30:00Z,50
1829511,Border,TARN TARAN,UPS KHARA,Unplanned,Closed,2026-05-02T16:40:00Z,2026-05-02T18:05:00Z,85
1829510,North,JALANDHAR,GUDAIPUR,Unplanned,Closed,2026-05-02T16:32:00Z,2026-05-02T16:54:00Z,22
1829519,North,NAWANSHAHR,Rurka Kalan,Unplanned,Closed,2026-05-02T16:30:00Z,2026-05-02T19:30:00Z,180
1829508,Central,KHANNA,Bhamra,Unplanned,Closed,2026-05-02T16:26:00Z,2026-05-02T17:06:00Z,40
1829507,Border,GURDASPUR,Najo Chack,Unplanned,Closed,2026-05-02T16:21:00Z,2026-05-02T17:02:00Z,41
1829509,East,MOHALI,Commercial Complex,Unplanned,Closed,2026-05-02T16:20:41Z,2026-05-02T17:02:29Z,41
1829506,North,JALANDHAR,UNIVERSIY,Unplanned,Closed,2026-05-02T16:20:00Z,2026-05-02T16:42:00Z,22
1829505,Central,CITY WEST LUDHIANA,NATISH VIHAR,Planned,Closed,2026-05-02T16:15:48Z,2026-05-02T17:20:26Z,64
1829502,East,MOHALI,11KV SIDHU UPS,Unplanned,Closed,2026-05-02T16:12:29Z,2026-05-02T16:44:51Z,32
1829501,North,HOSHIARPUR,Banjarbag,Unplanned,Closed,2026-05-02T16:11:00Z,2026-05-02T16:25:00Z,14
1829504,Border,SUB URBAN AMRITSAR,KOTGURBAX,Unplanned,Closed,2026-05-02T16:10:00Z,2026-05-02T16:30:00Z,20
1829500,Border,GURDASPUR,Attepur,Unplanned,Closed,2026-05-02T16:10:00Z,2026-05-02T17:20:00Z,70
1829499,South,PATIALA,UPS RAJPURA,Unplanned,Closed,2026-05-02T16:08:00Z,2026-05-02T16:15:00Z,7
1829496,North,HOSHIARPUR,BHUNGA,Unplanned,Closed,2026-05-02T16:04:00Z,2026-05-02T16:27:00Z,23
1829493,East,Zirakpur,LALRU RURAL  Kandi Pure AP,Unplanned,Closed,2026-05-02T16:00:00Z,2026-05-02T18:00:00Z,120
1829490,East,Zirakpur,DEHAR UPS,Unplanned,Closed,2026-05-02T15:58:00Z,2026-05-02T18:15:00Z,137
1829491,Central,KHANNA,Motia Khan,Unplanned,Closed,2026-05-02T15:57:00Z,2026-05-02T16:39:00Z,42
1829495,North,HOSHIARPUR,11 KV DHADEKATWAL,Unplanned,Closed,2026-05-02T15:55:00Z,2026-05-02T17:05:00Z,70
1829494,North,NAWANSHAHR,BULLEWAL,Unplanned,Closed,2026-05-02T15:55:00Z,2026-05-02T16:15:00Z,20
1829487,Central,KHANNA,Central,Unplanned,Closed,2026-05-02T15:54:00Z,2026-05-02T16:21:00Z,27
1829503,West,MUKATSAR,ABOHAR ROAD,Unplanned,Closed,2026-05-02T15:50:00Z,2026-05-02T16:40:00Z,50
1829492,East,Zirakpur,11 kv malwa,Unplanned,Closed,2026-05-02T15:50:00Z,2026-05-02T16:35:00Z,45
1829488,North,HOSHIARPUR,GHOGRA,Unplanned,Closed,2026-05-02T15:50:00Z,2026-05-02T16:25:00Z,35
1829486,North,JALANDHAR,11KV Mithapur Feeder,Unplanned,Closed,2026-05-02T15:44:00Z,2026-05-02T15:58:00Z,14
1829489,West,MUKATSAR,11KV Tarn Taran Sahib,Unplanned,Closed,2026-05-02T15:33:00Z,2026-05-02T16:10:00Z,37
1829483,South,BARNALA,HATHAN CAT.1,Unplanned,Closed,2026-05-02T15:33:00Z,2026-05-02T16:13:00Z,40
1829476,Border,SUB URBAN AMRITSAR,Satnam Nagar,Unplanned,Closed,2026-05-02T15:32:06Z,2026-05-02T17:10:22Z,98
1829480,Border,SUB URBAN AMRITSAR,Pandori UPS,Unplanned,Closed,2026-05-02T15:31:00Z,2026-05-02T15:50:00Z,19
1829481,Central,CITY WEST LUDHIANA,Roop nagar,Planned,Closed,2026-05-02T15:30:48Z,2026-05-02T16:30:58Z,60
1829478,Border,SUB URBAN AMRITSAR,NANGALI UPS,Unplanned,Closed,2026-05-02T15:30:45Z,2026-05-02T16:30:54Z,60
1829477,Border,SUB URBAN AMRITSAR,BAHAINI GILL,Unplanned,Closed,2026-05-02T15:30:09Z,2026-05-02T16:30:24Z,60
1829482,North,JALANDHAR,GURU NANAK NAGAR,Unplanned,Closed,2026-05-02T15:28:00Z,2026-05-02T16:17:00Z,49
1829485,East,MOHALI,11KV BARI AP,Unplanned,Closed,2026-05-02T15:27:00Z,2026-05-02T15:50:40Z,23
1829484,East,MOHALI,11KV SIDHU UPS,Unplanned,Closed,2026-05-02T15:27:00Z,2026-05-02T15:50:55Z,23
1829461,North,JALANDHAR,NEHRU GARDEN ROAD,Unplanned,Closed,2026-05-02T15:20:00Z,2026-05-02T15:30:00Z,10
1829460,Central,KHANNA,SIMRAN(JALALPUR),Unplanned,Closed,2026-05-02T15:20:00Z,2026-05-02T15:50:00Z,30
1829474,East,MOHALI,GIAN SAGAR,Unplanned,Closed,2026-05-02T15:19:33Z,2026-05-02T15:19:43Z,0
1829475,East,MOHALI,KALOMAJRA AP,Unplanned,Closed,2026-05-02T15:19:07Z,2026-05-02T15:19:18Z,0
1829472,East,Zirakpur,ECME,Planned,Closed,2026-05-02T15:19:00Z,2026-05-02T16:34:00Z,75
1829468,East,Zirakpur,11 kv Japuria Feeder,Planned,Closed,2026-05-02T15:19:00Z,2026-05-02T16:34:00Z,75
1829458,North,NAWANSHAHR,LOHAT,Planned,Closed,2026-05-02T15:15:00Z,2026-05-02T15:30:00Z,15
1829465,South,PATIALA,Nabha Gate,Unplanned,Closed,2026-05-02T15:10:00Z,2026-05-02T16:45:00Z,95
1829463,South,PATIALA,KISHAN NAGAR,Unplanned,Closed,2026-05-02T15:10:00Z,2026-05-02T16:45:00Z,95
1829457,East,MOHALI,AP CHILLA,Planned,Closed,2026-05-02T15:06:00Z,2026-05-02T15:29:04Z,23
1829456,East,MOHALI,MOULI,Unplanned,Closed,2026-05-02T15:05:53Z,2026-05-02T15:29:22Z,23
1829450,South,SANGRUR,11 KV KHADIAL ROAD C2,Unplanned,Closed,2026-05-02T15:00:46Z,2026-05-02T15:31:59Z,31
1829479,Border,SUB URBAN AMRITSAR,DAYA NAND NAGAR,Unplanned,Closed,2026-05-02T15:00:22Z,2026-05-02T16:30:30Z,90
1829459,Border,SUB URBAN AMRITSAR,SENSRA UPS,Unplanned,Closed,2026-05-02T15:00:00Z,2026-05-02T19:15:00Z,255
1829452,Central,KHANNA,DEVI DAWALA feeder,Unplanned,Closed,2026-05-02T15:00:00Z,2026-05-02T15:49:00Z,49
1829435,Border,SUB URBAN AMRITSAR,24 Hrs Bhadiar,Unplanned,Closed,2026-05-02T14:57:11Z,2026-05-02T16:06:37Z,69
1829451,West,MUKATSAR,11KV New Jallalabad Road.,Unplanned,Closed,2026-05-02T14:55:00Z,2026-05-02T15:10:00Z,15
1829434,Border,GURDASPUR,Bank colony,Planned,Closed,2026-05-02T14:55:00Z,2026-05-02T15:30:00Z,35
1829454,East,Zirakpur,PRITHIM,Planned,Closed,2026-05-02T14:53:00Z,2026-05-02T15:08:00Z,15
1829453,East,Zirakpur,11kv Cosmo,Planned,Closed,2026-05-02T14:53:00Z,2026-05-02T15:08:00Z,15
1829455,Border,TARN TARAN,KADD GILL UPS,Unplanned,Closed,2026-05-02T14:50:00Z,2026-05-02T15:45:00Z,55
1829436,North,JALANDHAR,KALIA COLONY,Unplanned,Closed,2026-05-02T14:48:00Z,2026-05-02T15:15:00Z,27
1829433,West,FARIDKOT,Ram ganz,Unplanned,Closed,2026-05-02T14:46:59Z,2026-05-02T15:01:45Z,14
1829431,Central,CITY WEST LUDHIANA,DHURI  LINE,Unplanned,Closed,2026-05-02T14:46:19Z,2026-05-02T16:25:43Z,99
1829449,North,HOSHIARPUR,11 KV AP KANDI PATIARIAN,Unplanned,Closed,2026-05-02T14:45:00Z,2026-05-02T15:40:00Z,55
1829432,Border,TARN TARAN,Adda Amarkot,Unplanned,Closed,2026-05-02T14:44:00Z,2026-05-02T15:30:00Z,46
1829430,West,MUKATSAR,Bajidpur Katian Wali,Unplanned,Closed,2026-05-02T14:43:00Z,2026-05-02T15:15:00Z,32
1829428,West,MUKATSAR,11 KV GANGA NAGAR ROAD,Unplanned,Closed,2026-05-02T14:38:33Z,2026-05-02T15:05:49Z,27
1829429,West,MUKATSAR,11 KV Alamgarh,Unplanned,Closed,2026-05-02T14:38:14Z,2026-05-02T15:05:25Z,27
1829427,North,JALANDHAR,11 KV Deol Nagar,Unplanned,Closed,2026-05-02T14:35:00Z,2026-05-02T15:03:00Z,28
1829426,East,ROPAR,ASRON,Unplanned,Closed,2026-05-02T14:29:00Z,2026-05-02T14:50:00Z,21
1829425,North,JALANDHAR,NEHRU GARDEN ROAD,Unplanned,Closed,2026-05-02T14:28:00Z,2026-05-02T14:50:00Z,22
1829424,East,Zirakpur,AMELIA,Planned,Closed,2026-05-02T14:25:00Z,2026-05-02T17:15:00Z,170
1829423,East,Zirakpur,HARMILAP NAGAR,Unplanned,Closed,2026-05-02T14:22:00Z,2026-05-02T14:48:00Z,26
1829421,Border,GURDASPUR,Batala City,Planned,Closed,2026-05-02T14:21:00Z,2026-05-02T15:25:00Z,64
1829422,Border,SUB URBAN AMRITSAR,silverstate,Unplanned,Closed,2026-05-02T14:20:00Z,2026-05-02T14:47:00Z,27
1829420,North,HOSHIARPUR,11 kv Mansoorpur,Unplanned,Closed,2026-05-02T14:20:00Z,2026-05-02T14:50:00Z,30
1829415,West,MUKATSAR,11 KV Dhaban Kokrian,Unplanned,Closed,2026-05-02T14:17:53Z,2026-05-02T14:48:02Z,30
1829416,West,MUKATSAR,11 KV Raipura,Unplanned,Closed,2026-05-02T14:17:26Z,2026-05-02T14:48:19Z,30
1829414,West,MUKATSAR,11 KV Malookpura UPS,Unplanned,Closed,2026-05-02T14:17:18Z,2026-05-02T14:47:40Z,30
1829418,Central,CITY WEST LUDHIANA,HOUSEFED,Planned,Closed,2026-05-02T14:15:38Z,2026-05-02T17:59:14Z,223
1829417,Central,CITY WEST LUDHIANA,CENTRA GREENS,Planned,Closed,2026-05-02T14:15:38Z,2026-05-02T17:59:52Z,224
1829419,East,Zirakpur,SINGHPURA,Unplanned,Closed,2026-05-02T14:12:00Z,2026-05-02T17:15:00Z,183
1829411,Central,KHANNA,Mahpur,Unplanned,Closed,2026-05-02T14:10:00Z,2026-05-02T15:40:00Z,90
1829413,East,MOHALI,MOULI,Unplanned,Closed,2026-05-02T14:06:00Z,2026-05-02T14:49:32Z,43
1829412,Border,TARN TARAN,Baba Khekhi sah,Unplanned,Closed,2026-05-02T14:00:00Z,2026-05-02T14:40:00Z,40
1829409,North,HOSHIARPUR,11 KV Sataur,Unplanned,Closed,2026-05-02T14:00:00Z,2026-05-02T15:00:00Z,60
1829410,North,HOSHIARPUR,KOLYA,Unplanned,Closed,2026-05-02T13:50:00Z,2026-05-02T16:40:00Z,170
1829406,North,JALANDHAR,Telbro,Unplanned,Closed,2026-05-02T13:50:00Z,2026-05-02T14:20:00Z,30
1829405,South,SANGRUR,Dhuri Gate,Unplanned,Closed,2026-05-02T13:49:16Z,2026-05-02T14:03:37Z,14
1829407,North,HOSHIARPUR,DALLI shared feeder with s/divn,Unplanned,Closed,2026-05-02T13:48:00Z,2026-05-02T14:05:00Z,17
1829404,Border,GURDASPUR,Tharial,Unplanned,Closed,2026-05-02T13:38:00Z,2026-05-02T14:35:00Z,57
1829403,East,MOHALI,Sec-60,Unplanned,Closed,2026-05-02T13:36:00Z,2026-05-02T13:51:00Z,15
1829399,North,NAWANSHAHR,MEHIATPUR,Unplanned,Closed,2026-05-02T13:25:00Z,2026-05-02T14:15:00Z,50
1829395,South,PATIALA,11 KV AP DAUN KALAN,Unplanned,Closed,2026-05-02T13:20:00Z,2026-05-02T13:30:08Z,10
1829396,West,MUKATSAR,JANDWALA HANUWANTA,Unplanned,Closed,2026-05-02T13:19:53Z,2026-05-02T13:46:12Z,26
1829397,West,MUKATSAR,BHANGER KHERA,Unplanned,Closed,2026-05-02T13:19:38Z,2026-05-02T13:52:53Z,33
1829398,West,MUKATSAR,11 KV Punjava Model,Unplanned,Closed,2026-05-02T13:19:09Z,2026-05-02T13:53:20Z,34
1829394,South,SANGRUR,Panchait Bhawan,Unplanned,Closed,2026-05-02T13:18:20Z,2026-05-02T13:56:27Z,38
1829400,Border,TARN TARAN,24 HRS UPS,Unplanned,Closed,2026-05-02T13:15:00Z,2026-05-02T15:30:00Z,135
1829393,North,JALANDHAR,TRIBUNE,Unplanned,Closed,2026-05-02T13:14:00Z,2026-05-02T13:30:00Z,16
1829390,North,JALANDHAR,SANTOKHPURA,Unplanned,Closed,2026-05-02T13:13:00Z,2026-05-02T13:35:00Z,22
1829389,Border,GURDASPUR,City SJN,Unplanned,Closed,2026-05-02T13:13:00Z,2026-05-02T13:43:00Z,30
1829387,Central,KHANNA,LALHERI ROAD,Unplanned,Closed,2026-05-02T13:06:00Z,2026-05-02T13:56:00Z,50
1829386,Central,KHANNA,Solitair,Planned,Closed,2026-05-02T13:05:13Z,2026-05-02T14:00:36Z,55
1829392,East,MOHALI,11KV JAGATPURA,Unplanned,Closed,2026-05-02T13:05:00Z,2026-05-02T13:15:10Z,10
1829391,East,MOHALI,11KV SECTOR-82,Unplanned,Closed,2026-05-02T13:05:00Z,2026-05-02T13:15:51Z,10
1829385,North,HOSHIARPUR,JASSOWAL,Unplanned,Closed,2026-05-02T13:05:00Z,2026-05-02T13:58:00Z,53
1829382,Border,GURDASPUR,CITY 2,Unplanned,Closed,2026-05-02T13:02:00Z,2026-05-02T13:27:00Z,25
1829388,Border,TARN TARAN,ADM,Unplanned,Closed,2026-05-02T13:01:00Z,2026-05-02T14:15:00Z,74
1829010,Central,CITY EAST LUDHIANA,CENTRAL JAIL,Planned,Closed,2026-05-02T13:00:47Z,2026-05-02T16:57:23Z,236
1829012,Central,CITY EAST LUDHIANA,33 Feet Road,Planned,Closed,2026-05-02T13:00:38Z,2026-05-02T16:56:46Z,236
1829013,Central,CITY EAST LUDHIANA,URBAN ESTATE,Planned,Closed,2026-05-02T13:00:23Z,2026-05-02T16:34:58Z,214
1829401,East,MOHALI,11KV BARI AP,Unplanned,Closed,2026-05-02T13:00:00Z,2026-05-02T14:20:01Z,80
1829384,East,ROPAR,Palmajra,Unplanned,Closed,2026-05-02T13:00:00Z,2026-05-02T14:00:00Z,60
1829381,North,HOSHIARPUR,Rajpur Ups,Unplanned,Closed,2026-05-02T12:54:00Z,2026-05-02T14:10:00Z,76
1829377,Central,CITY WEST LUDHIANA,Kartar Chowk,Unplanned,Closed,2026-05-02T12:53:00Z,2026-05-02T13:45:02Z,52
1829379,East,Zirakpur,SAVITRYGREEN,Planned,Closed,2026-05-02T12:52:00Z,2026-05-02T13:44:00Z,52
1829380,North,NAWANSHAHR,CHANDIANI,Unplanned,Closed,2026-05-02T12:50:00Z,2026-05-02T13:10:00Z,20
1829378,North,NAWANSHAHR,PANYALI,Unplanned,Closed,2026-05-02T12:50:00Z,2026-05-02T13:50:00Z,60
1829376,North,JALANDHAR,DHALIWAL,Unplanned,Closed,2026-05-02T12:50:00Z,2026-05-02T13:18:00Z,28
1829375,Central,CITY WEST LUDHIANA,DHURI  LINE,Unplanned,Closed,2026-05-02T12:42:38Z,2026-05-02T14:45:13Z,122
1829383,Border,GURDASPUR,11 KV Said Mubarak,Unplanned,Closed,2026-05-02T12:40:00Z,2026-05-02T15:10:00Z,150
1829368,North,JALANDHAR,RAIWAY WORKSHOP,Unplanned,Closed,2026-05-02T12:40:00Z,2026-05-02T13:05:00Z,25
1829366,North,NAWANSHAHR,BARSIAN,Unplanned,Closed,2026-05-02T12:40:00Z,2026-05-02T12:55:00Z,15
1829374,Border,TARN TARAN,Baba Bir Singh,Planned,Closed,2026-05-02T12:35:44Z,2026-05-02T13:10:44Z,35
1829373,Border,TARN TARAN,Jhamka UPS,Planned,Closed,2026-05-02T12:35:44Z,2026-05-02T13:10:44Z,35
1829372,Border,TARN TARAN,3 WIRE (UPS) NURPUR,Planned,Closed,2026-05-02T12:35:43Z,2026-05-02T13:10:43Z,35
1829371,Border,TARN TARAN,MANOCHAL UPS,Planned,Closed,2026-05-02T12:35:43Z,2026-05-02T13:10:43Z,35
1829370,Border,TARN TARAN,Wallipur,Planned,Closed,2026-05-02T12:35:43Z,2026-05-02T13:10:43Z,35
1829369,Border,TARN TARAN,JEOBALA UPS,Planned,Closed,2026-05-02T12:35:43Z,2026-05-02T13:10:43Z,35
1829365,Border,SUB URBAN AMRITSAR,GAURI SHANKAR,Unplanned,Closed,2026-05-02T12:35:05Z,2026-05-02T13:05:00Z,29
1829363,South,PATIALA,TEHSIL ROAD,Unplanned,Closed,2026-05-02T12:30:00Z,2026-05-02T13:50:00Z,80
1829362,Border,SUB URBAN AMRITSAR,24 Hrs Bhullar,Unplanned,Closed,2026-05-02T12:24:00Z,2026-05-02T14:49:38Z,145
1829361,Border,GURDASPUR,ARYA NAGAR,Unplanned,Closed,2026-05-02T12:24:00Z,2026-05-02T13:16:00Z,52
1829364,East,ROPAR,CITY KHARAR,Unplanned,Closed,2026-05-02T12:22:00Z,2026-05-02T13:27:00Z,65
1829357,Border,GURDASPUR,City-2,Unplanned,Closed,2026-05-02T12:19:00Z,2026-05-02T13:16:00Z,57
1829356,Border,GURDASPUR,CITY-3,Unplanned,Closed,2026-05-02T12:19:00Z,2026-05-02T13:16:00Z,57
1829367,Border,GURDASPUR,Kahnuwan City,Unplanned,Closed,2026-05-02T12:17:00Z,2026-05-02T12:50:00Z,33
1829352,Border,GURDASPUR,Heer,Unplanned,Closed,2026-05-02T12:15:00Z,2026-05-02T12:37:00Z,22
1829351,North,KAPURTHALA,AJIT NAGAR,Unplanned,Closed,2026-05-02T12:12:00Z,2026-05-02T13:32:00Z,80
1829346,South,PATIALA,GURDITPURA 2,Planned,Closed,2026-05-02T12:10:00Z,2026-05-02T18:00:00Z,350
1829350,East,MOHALI,Mullanpur,Unplanned,Closed,2026-05-02T12:09:00Z,2026-05-02T13:28:00Z,79
1829347,Border,GURDASPUR,Saidipur,Unplanned,Closed,2026-05-02T12:06:00Z,2026-05-02T12:33:00Z,27
1829360,East,MOHALI,11KV BHARATPUR AP,Unplanned,Closed,2026-05-02T12:01:00Z,2026-05-02T13:40:52Z,99
1829359,East,MOHALI,11 KV GIDDARPUR AP,Unplanned,Closed,2026-05-02T12:01:00Z,2026-05-02T13:40:52Z,99
1829358,East,MOHALI,11 KV CHADIALA UPS,Unplanned,Closed,2026-05-02T12:01:00Z,2026-05-02T13:40:47Z,99
1829354,East,MOHALI,11kv Saidpura,Unplanned,Closed,2026-05-02T12:01:00Z,2026-05-02T13:40:16Z,99
1829349,North,JALANDHAR,DHALIWAL,Unplanned,Closed,2026-05-02T12:00:00Z,2026-05-02T12:15:00Z,15
1829344,Border,GURDASPUR,Taragarh,Unplanned,Closed,2026-05-02T11:59:00Z,2026-05-02T12:33:00Z,34
1829343,Central,CITY WEST LUDHIANA,BDS Nagar,Planned,Closed,2026-05-02T11:56:16Z,2026-05-02T13:07:30Z,71
1829340,East,Zirakpur,SACHKHAND SAHIB,Planned,Closed,2026-05-02T11:52:43Z,2026-05-02T12:22:00Z,29
1829341,North,JALANDHAR,11KV LAXMI PURA,Unplanned,Closed,2026-05-02T11:52:00Z,2026-05-02T12:47:00Z,55
1829345,North,NAWANSHAHR,JINDAPUR,Unplanned,Closed,2026-05-02T11:50:00Z,2026-05-02T12:20:00Z,30
1829348,Border,GURDASPUR,Rashpalma,Unplanned,Closed,2026-05-02T11:48:00Z,2026-05-02T12:25:00Z,37
1829342,East,MOHALI,11KV BARI AP,Unplanned,Closed,2026-05-02T11:39:00Z,2026-05-02T12:30:00Z,51
1829339,South,PATIALA,Bharat colony,Unplanned,Closed,2026-05-02T11:38:00Z,2026-05-02T12:25:00Z,47
1829334,Border,TARN TARAN,Bhoewal AP,Planned,Closed,2026-05-02T11:36:27Z,2026-05-02T13:42:14Z,125
1829338,South,PATIALA,HIRA MAHAL,Unplanned,Closed,2026-05-02T11:32:00Z,2026-05-02T12:11:00Z,39
1829337,South,PATIALA,JAIL ROAD,Unplanned,Closed,2026-05-02T11:32:00Z,2026-05-02T12:12:00Z,40
1829336,South,PATIALA,NABHA NO.1,Unplanned,Closed,2026-05-02T11:32:00Z,2026-05-02T12:20:00Z,48
1829008,Central,SUB URBAN LUDHIANA,Mohie,Planned,Closed,2026-05-02T11:30:55Z,2026-05-02T13:20:14Z,109
1829333,Border,SUB URBAN AMRITSAR,UPS BALLOWALI,Planned,Closed,2026-05-02T11:30:28Z,2026-05-02T12:35:00Z,64
1829332,Border,GURDASPUR,Trimmo Road,Unplanned,Closed,2026-05-02T11:30:00Z,2026-05-02T13:30:00Z,120
1829331,Border,GURDASPUR,City,Unplanned,Closed,2026-05-02T11:30:00Z,2026-05-02T13:30:00Z,120
1829325,Central,KHANNA,Nandi Colony,Unplanned,Closed,2026-05-02T11:25:00Z,2026-05-02T11:55:00Z,30
1829324,Border,GURDASPUR,MUGRALA,Unplanned,Closed,2026-05-02T11:24:00Z,2026-05-02T11:53:00Z,29
1829323,Border,GURDASPUR,Nawan Pind,Unplanned,Closed,2026-05-02T11:24:00Z,2026-05-02T11:53:00Z,29
1829335,East,Zirakpur,11 KV AMBALA ROAD,Planned,Closed,2026-05-02T11:22:00Z,2026-05-02T12:38:00Z,76
1829328,North,HOSHIARPUR,service club,Unplanned,Closed,2026-05-02T11:20:00Z,2026-05-02T13:10:00Z,110
1829322,North,JALANDHAR,GAZZI GULLA,Unplanned,Closed,2026-05-02T11:18:11Z,2026-05-02T11:47:00Z,28
1829319,North,JALANDHAR,KALI MATA MANDIR,Unplanned,Closed,2026-05-02T11:12:00Z,2026-05-02T11:40:00Z,28
1829318,North,JALANDHAR,STATE BANK FEEDER,Unplanned,Closed,2026-05-02T11:11:00Z,2026-05-02T11:27:00Z,16
1829320,East,ROPAR,UPS-I,Unplanned,Closed,2026-05-02T11:10:00Z,2026-05-02T11:48:00Z,38
1829316,North,JALANDHAR,Pandori,Unplanned,Closed,2026-05-02T11:10:00Z,2026-05-02T11:30:00Z,20
1829317,East,MOHALI,MOHIKHURD AP,Unplanned,Closed,2026-05-02T11:05:00Z,2026-05-02T12:20:27Z,75
1829314,South,PATIALA,UPS PAWALA,Unplanned,Closed,2026-05-02T11:02:00Z,2026-05-02T11:20:00Z,18
1829313,North,JALANDHAR,11 KV NEW BARADARI,Unplanned,Closed,2026-05-02T11:02:00Z,2026-05-02T12:20:00Z,78
1829011,Central,SUB URBAN LUDHIANA,Urban Haveli,Planned,Closed,2026-05-02T11:00:31Z,2026-05-02T13:00:40Z,120
1829321,North,NAWANSHAHR,Ragomal Urban,Unplanned,Closed,2026-05-02T11:00:00Z,2026-05-02T12:00:00Z,60
1829311,Central,KHANNA,Labour Colony,Unplanned,Closed,2026-05-02T11:00:00Z,2026-05-02T13:21:00Z,141
1829076,Central,KHANNA,BISHANPURA,Planned,Closed,2026-05-02T11:00:00Z,2026-05-02T13:55:00Z,175
1829023,Central,CITY WEST LUDHIANA,HOUSEFED,Planned,Closed,2026-05-02T11:00:00Z,2026-05-02T11:20:45Z,20
1829022,Central,CITY WEST LUDHIANA,CENTRA GREENS,Planned,Closed,2026-05-02T11:00:00Z,2026-05-02T11:21:05Z,21
1829309,Central,CITY WEST LUDHIANA,Baghi Stand,Unplanned,Closed,2026-05-02T10:57:58Z,2026-05-02T15:00:48Z,242
1829312,Central,CITY WEST LUDHIANA,BASANT FEEDER,Unplanned,Closed,2026-05-02T10:57:28Z,2026-05-02T11:52:03Z,54
1829308,Border,GURDASPUR,Pioneer Agro,Unplanned,Closed,2026-05-02T10:57:00Z,2026-05-02T11:30:00Z,33
1829315,East,MOHALI,HOUSEFED,Unplanned,Closed,2026-05-02T10:54:00Z,2026-05-02T12:10:00Z,76
1829307,Border,GURDASPUR,Paniar,Unplanned,Closed,2026-05-02T10:51:00Z,2026-05-02T11:20:00Z,29
1829310,South,PATIALA,SINGH SABHA ROAD,Unplanned,Closed,2026-05-02T10:50:00Z,2026-05-02T11:15:00Z,25
1829305,South,PATIALA,11KV NANDPUR KESHO,Unplanned,Closed,2026-05-02T10:49:00Z,2026-05-02T12:10:24Z,81
1829304,Central,KHANNA,11 KV MODEL TOWN,Unplanned,Closed,2026-05-02T10:45:00Z,2026-05-02T11:26:00Z,41
1829306,East,MOHALI,11KV AEROCITY-2,Unplanned,Closed,2026-05-02T10:42:00Z,2026-05-02T10:58:00Z,16
1829302,Central,KHANNA,City-2 khanna,Unplanned,Closed,2026-05-02T10:41:00Z,2026-05-02T11:11:00Z,30
1829303,South,PATIALA,JAND MANGOLI,Unplanned,Closed,2026-05-02T10:35:00Z,2026-05-02T11:55:00Z,80
1829299,North,HOSHIARPUR,NARA DADA,Unplanned,Closed,2026-05-02T10:34:00Z,2026-05-02T10:48:00Z,14
1829301,East,MOHALI,CHANGERA AP,Unplanned,Closed,2026-05-02T10:30:00Z,2026-05-02T12:05:00Z,95
1829300,East,MOHALI,CHARBARH UPS,Unplanned,Closed,2026-05-02T10:30:00Z,2026-05-02T12:05:00Z,95
1829298,South,PATIALA,PATIALA RAOD,Unplanned,Closed,2026-05-02T10:30:00Z,2026-05-02T11:30:00Z,60
1829296,East,ROPAR,11 KV Khairabad UPS,Unplanned,Closed,2026-05-02T10:30:00Z,2026-05-02T10:58:00Z,28
1829295,South,PATIALA,ups Ambala Road,Unplanned,Closed,2026-05-02T10:30:00Z,2026-05-02T10:45:00Z,15
1829297,North,JALANDHAR,KADIAN,Unplanned,Closed,2026-05-02T10:26:00Z,2026-05-02T11:14:00Z,48
1829294,South,PATIALA,ups-3,Unplanned,Closed,2026-05-02T10:25:00Z,2026-05-02T11:10:00Z,45
1829293,North,HOSHIARPUR,Pandori Attwal,Unplanned,Closed,2026-05-02T10:25:00Z,2026-05-02T10:35:00Z,10
1829289,Central,CITY WEST LUDHIANA,Naveen Nagar,Planned,Closed,2026-05-02T10:24:12Z,2026-05-02T14:44:42Z,260
1829290,Border,CITY AMRITSAR,swadeshi mill,Unplanned,Closed,2026-05-02T10:23:11Z,2026-05-02T11:00:00Z,36
1829291,Border,GURDASPUR,GHO,Unplanned,Closed,2026-05-02T10:23:00Z,2026-05-02T10:47:00Z,24
1829292,Border,TARN TARAN,BAWA SHOE,Unplanned,Closed,2026-05-02T10:20:00Z,2026-05-02T11:50:00Z,90
1829281,Border,GURDASPUR,SD Collage,Planned,Closed,2026-05-02T10:20:00Z,2026-05-02T14:35:00Z,255
1829283,North,KAPURTHALA,BHANOLANGA,Planned,Closed,2026-05-02T10:10:41Z,2026-05-02T12:15:53Z,125
1829285,North,NAWANSHAHR,KANGNA,Unplanned,Closed,2026-05-02T10:09:00Z,2026-05-02T10:50:00Z,41
1829284,Central,CITY EAST LUDHIANA,Harbanspura,Unplanned,Closed,2026-05-02T10:08:00Z,2026-05-02T10:56:00Z,48
1829288,East,MOHALI,11 KV ALIPUR UPS,Unplanned,Closed,2026-05-02T10:05:00Z,2026-05-02T11:52:14Z,107
1829015,Central,CITY EAST LUDHIANA,Gulabi Bagh,Planned,Closed,2026-05-02T10:02:57Z,2026-05-02T13:03:47Z,180
1829287,Border,TARN TARAN,MEHTA URBAN-II,Unplanned,Closed,2026-05-02T10:00:00Z,2026-05-02T10:50:03Z,50
1829244,Central,CITY WEST LUDHIANA,SHERA PUNJAB,Planned,Closed,2026-05-02T10:00:00Z,2026-05-02T13:02:17Z,182
1829214,Central,KHANNA,Patiala Road,Planned,Closed,2026-05-02T10:00:00Z,2026-05-02T14:00:00Z,240
1829203,Central,KHANNA,CHASWAL UPS,Planned,Closed,2026-05-02T10:00:00Z,2026-05-02T14:00:00Z,240
1829202,Central,KHANNA,Khanyan Road,Planned,Closed,2026-05-02T10:00:00Z,2026-05-02T14:00:00Z,240
1829166,Central,CITY WEST LUDHIANA,B R S NAGAR,Planned,Closed,2026-05-02T10:00:00Z,2026-05-02T13:59:06Z,239
1829039,Central,CITY EAST LUDHIANA,Anmol,Planned,Closed,2026-05-02T10:00:00Z,2026-05-02T13:45:00Z,225
1829038,Central,CITY EAST LUDHIANA,BAWA COLONY,Planned,Closed,2026-05-02T10:00:00Z,2026-05-02T13:45:00Z,225
1829037,Central,CITY EAST LUDHIANA,VISHAL COLONY,Planned,Closed,2026-05-02T10:00:00Z,2026-05-02T13:45:00Z,225
1829036,Central,CITY EAST LUDHIANA,BAHADURKEY,Planned,Closed,2026-05-02T10:00:00Z,2026-05-02T13:45:00Z,225
1829017,Central,KHANNA,Barmalipur city,Planned,Closed,2026-05-02T10:00:00Z,2026-05-02T13:45:00Z,225
1828992,Central,CITY WEST LUDHIANA,11KV KARNA INTERNATIONAL,Planned,Closed,2026-05-02T10:00:00Z,2026-05-02T14:00:00Z,240
1828990,Central,CITY WEST LUDHIANA,AJIT NAGAR,Planned,Closed,2026-05-02T10:00:00Z,2026-05-02T14:00:00Z,240
1828989,Central,CITY WEST LUDHIANA,Laxmi Nagar,Planned,Closed,2026-05-02T10:00:00Z,2026-05-02T14:00:00Z,240
1828954,Central,SUB URBAN LUDHIANA,CITY NO 07,Planned,Closed,2026-05-02T10:00:00Z,2026-05-02T15:10:00Z,310
1829280,South,PATIALA,11 KV RASULPUR,Unplanned,Closed,2026-05-02T09:50:08Z,2026-05-02T11:10:00Z,79
1829277,North,KAPURTHALA,UPS RAULI,Unplanned,Closed,2026-05-02T09:47:00Z,2026-05-02T10:12:00Z,25
1829275,Central,CITY WEST LUDHIANA,DHURI  LINE,Unplanned,Closed,2026-05-02T09:45:59Z,2026-05-02T10:28:00Z,42
1829278,South,PATIALA,DAUN KALAN B.Garh RAZA FARM,Unplanned,Closed,2026-05-02T09:45:08Z,2026-05-02T10:30:00Z,44
1829274,Central,KHANNA,LALHERI ROAD,Unplanned,Closed,2026-05-02T09:43:00Z,2026-05-02T11:00:00Z,77
1829271,North,NAWANSHAHR,BHARTHALA (GAHOON),Unplanned,Closed,2026-05-02T09:40:00Z,2026-05-02T15:30:00Z,350
1829270,East,MOHALI,11 KV Sec-60 C,Unplanned,Closed,2026-05-02T09:39:48Z,2026-05-02T09:55:16Z,15
1829267,Central,KHANNA,Majra,Unplanned,Closed,2026-05-02T09:39:40Z,2026-05-02T10:20:07Z,40
1829272,Central,KHANNA,Sangtpura,Unplanned,Closed,2026-05-02T09:39:00Z,2026-05-02T10:19:00Z,40
1829263,North,JALANDHAR,LAMBRA,Unplanned,Closed,2026-05-02T09:35:00Z,2026-05-02T09:40:00Z,5
1829282,Border,TARN TARAN,Sarja UPS,Planned,Closed,2026-05-02T09:32:52Z,2026-05-02T10:30:11Z,57
1829261,Central,CITY WEST LUDHIANA,STAR ROAD FEEDER,Unplanned,Closed,2026-05-02T09:32:37Z,2026-05-02T10:04:22Z,31
1829268,East,MOHALI,DERRI AP,Unplanned,Closed,2026-05-02T09:32:00Z,2026-05-02T10:20:57Z,48
1829269,North,HOSHIARPUR,SUBHANPUR,Unplanned,Closed,2026-05-02T09:30:00Z,2026-05-02T10:25:00Z,55
1829264,Border,GURDASPUR,Sathiali 24 hrs.,Unplanned,Closed,2026-05-02T09:30:00Z,2026-05-02T10:22:00Z,52
1829273,North,NAWANSHAHR,CITY GARHSHANKAR,Unplanned,Closed,2026-05-02T09:25:00Z,2026-05-02T09:54:00Z,29
1829266,Border,SUB URBAN AMRITSAR,Gehri,Unplanned,Closed,2026-05-02T09:25:00Z,2026-05-02T10:05:00Z,40
1829265,East,MOHALI,11KV BARI AP,Unplanned,Closed,2026-05-02T09:25:00Z,2026-05-02T10:52:13Z,87
1829259,Border,TARN TARAN,BAWA SHOE,Unplanned,Closed,2026-05-02T09:25:00Z,2026-05-02T10:10:00Z,45
1829260,North,NAWANSHAHR,Industry,Unplanned,Closed,2026-05-02T09:16:00Z,2026-05-02T09:47:00Z,31
1829279,East,ROPAR,11 KV SIDHUPUR,Unplanned,Closed,2026-05-02T09:15:00Z,2026-05-02T09:55:00Z,40
1829257,West,MUKATSAR,DALMIR KHERA,Unplanned,Closed,2026-05-02T09:14:43Z,2026-05-02T09:44:59Z,30
1829258,North,JALANDHAR,PEER PRANIA FEEDER,Unplanned,Closed,2026-05-02T09:10:00Z,2026-05-02T10:15:00Z,65
1829254,Central,CITY WEST LUDHIANA,ATAM NAGAR,Unplanned,Closed,2026-05-02T09:09:37Z,2026-05-02T09:47:00Z,37
1829276,North,NAWANSHAHR,BHAJJAL,Unplanned,Closed,2026-05-02T09:07:00Z,2026-05-02T10:07:00Z,60
1829255,Border,GURDASPUR,Sahowal,Unplanned,Closed,2026-05-02T09:02:00Z,2026-05-02T10:10:00Z,68
1829256,South,PATIALA,11 KV RAO MAJRA,Unplanned,Closed,2026-05-02T09:01:08Z,2026-05-02T10:40:02Z,98
1829262,Border,GURDASPUR,KHAN PIARA,Unplanned,Closed,2026-05-02T09:01:00Z,2026-05-02T09:50:00Z,49
1829253,South,PATIALA,11KV FAGGANMAJRA,Unplanned,Closed,2026-05-02T09:00:08Z,2026-05-02T10:05:42Z,65
1829252,South,PATIALA,11KV DAULATPUR,Unplanned,Closed,2026-05-02T09:00:08Z,2026-05-02T09:20:17Z,20
1829251,Border,SUB URBAN AMRITSAR,BABA BUDHA SAHIB,Unplanned,Closed,2026-05-02T08:40:00Z,2026-05-02T09:25:00Z,45
1829250,North,JALANDHAR,JAGRAL,Unplanned,Closed,2026-05-02T08:40:00Z,2026-05-02T09:18:00Z,38
1829249,North,NAWANSHAHR,UPS-1,Unplanned,Closed,2026-05-02T08:40:00Z,2026-05-02T11:40:00Z,180
1829247,North,HOSHIARPUR,DHARIWAL,Unplanned,Closed,2026-05-02T08:30:00Z,2026-05-02T16:00:00Z,450
1829246,East,ROPAR,Majri Jattan,Unplanned,Closed,2026-05-02T08:28:00Z,2026-05-02T11:24:00Z,176
1829245,Border,SUB URBAN AMRITSAR,UPS SHURA,Unplanned,Closed,2026-05-02T08:25:00Z,2026-05-02T12:00:00Z,215
1829239,East,MOHALI,JUJHAR NAGAR,Unplanned,Closed,2026-05-02T08:20:31Z,2026-05-02T08:40:11Z,19
1829235,South,SANGRUR,Industrial Siana road,Unplanned,Closed,2026-05-02T08:20:23Z,2026-05-02T09:46:42Z,86
1829234,North,JALANDHAR,VIP,Unplanned,Closed,2026-05-02T08:20:00Z,2026-05-02T08:54:00Z,34
1829225,North,NAWANSHAHR,TAJPUR,Unplanned,Closed,2026-05-02T08:08:00Z,2026-05-02T08:26:00Z,18
1829248,Border,TARN TARAN,VARPALCITY,Unplanned,Closed,2026-05-02T08:01:00Z,2026-05-02T09:15:00Z,74
1829223,Border,CITY AMRITSAR,HUSSAINPURA,Planned,Closed,2026-05-02T08:00:43Z,2026-05-02T08:21:43Z,21
1829222,Border,CITY AMRITSAR,Head Water Works Road,Planned,Closed,2026-05-02T08:00:43Z,2026-05-02T08:21:43Z,21
1829221,Border,CITY AMRITSAR,Gobind Nagar,Planned,Closed,2026-05-02T08:00:43Z,2026-05-02T08:21:43Z,21
1829220,Border,CITY AMRITSAR,11Kv NEW GOLDEN AVENUE,Planned,Closed,2026-05-02T08:00:43Z,2026-05-02T08:21:43Z,21
1829224,North,JALANDHAR,11 KV Gurmehar Enclave,Unplanned,Closed,2026-05-02T08:00:00Z,2026-05-02T08:45:00Z,45
1829218,West,FARIDKOT,UPS Fatehgarh-Korotana,Unplanned,Closed,2026-05-02T07:50:28Z,2026-05-02T12:11:33Z,261
1829217,South,PATIALA,FAGGANMAJRA UPS,Unplanned,Closed,2026-05-02T07:50:00Z,2026-05-02T08:30:11Z,40
1829219,North,KAPURTHALA,UPS LODHIWAL,Unplanned,Closed,2026-05-02T07:47:00Z,2026-05-02T08:30:00Z,43
1829216,North,NAWANSHAHR,KATHGARH,Unplanned,Closed,2026-05-02T07:38:00Z,2026-05-02T08:55:00Z,77
1829215,East,MOHALI,Trivikarma,Unplanned,Closed,2026-05-02T07:27:00Z,2026-05-02T08:45:00Z,78
1829213,North,HOSHIARPUR,MEGHOWAL,Unplanned,Closed,2026-05-02T07:27:00Z,2026-05-02T08:58:00Z,91
1829211,Border,SUB URBAN AMRITSAR,BABA SHRI CHAND AVNUE,Unplanned,Closed,2026-05-02T07:16:00Z,2026-05-02T11:16:00Z,240
1829212,Central,KHANNA,Patiala Road,Planned,Closed,2026-05-02T07:00:00Z,2026-05-02T07:23:00Z,23
1829209,East,MOHALI,11KV LANDRAN ROAD,Unplanned,Closed,2026-05-02T06:55:00Z,2026-05-02T08:25:00Z,90
1829206,West,FARIDKOT,KANER,Unplanned,Closed,2026-05-02T06:46:12Z,2026-05-02T07:49:46Z,63
1829207,Border,GURDASPUR,Damtal,Unplanned,Closed,2026-05-02T06:40:00Z,2026-05-02T07:00:00Z,20
1829205,North,HOSHIARPUR,PURHIRAN URBAN,Unplanned,Closed,2026-05-02T06:28:00Z,2026-05-02T06:50:07Z,22
1829204,Border,GURDASPUR,24hrs Shuhar,Unplanned,Closed,2026-05-02T06:15:00Z,2026-05-02T07:40:00Z,85
1829200,North,HOSHIARPUR,NEW TANDA ROAD,Unplanned,Closed,2026-05-02T06:03:00Z,2026-05-02T06:38:09Z,35
1829208,North,JALANDHAR,New Defence Colony,Unplanned,Closed,2026-05-02T05:55:00Z,2026-05-02T07:10:00Z,75
1829201,North,JALANDHAR,Pandori,Unplanned,Closed,2026-05-02T05:55:00Z,2026-05-02T06:35:00Z,40
1829199,North,HOSHIARPUR,Rajpur Ups,Unplanned,Closed,2026-05-02T05:45:00Z,2026-05-02T06:15:00Z,30
1829198,East,ROPAR,11KV Belian UPS FEEDER,Unplanned,Closed,2026-05-02T05:45:00Z,2026-05-02T06:07:36Z,22
1829197,East,Zirakpur,PRITHIM,Unplanned,Closed,2026-05-02T05:25:00Z,2026-05-02T06:25:00Z,60
1829196,Border,SUB URBAN AMRITSAR,KHASSA,Unplanned,Closed,2026-05-02T05:13:23Z,2026-05-02T08:21:00Z,187
1829195,Border,SUB URBAN AMRITSAR,PADHRI,Unplanned,Closed,2026-05-02T05:13:23Z,2026-05-02T10:00:00Z,286
1829194,Border,TARN TARAN,Urban Railway Station Patti,Unplanned,Closed,2026-05-02T05:00:00Z,2026-05-02T07:08:19Z,128
1829193,North,KAPURTHALA,URBAN Malsian,Unplanned,Closed,2026-05-02T05:00:00Z,2026-05-02T05:40:00Z,40
1829192,Border,GURDASPUR,Jugial,Unplanned,Closed,2026-05-02T04:35:00Z,2026-05-02T06:25:00Z,110
1829191,East,MOHALI,MOULI,Unplanned,Closed,2026-05-02T04:00:00Z,2026-05-02T04:46:00Z,46
1829190,Border,TARN TARAN,Adda Amarkot,Unplanned,Closed,2026-05-02T02:46:00Z,2026-05-02T06:47:34Z,241
1829189,Border,TARN TARAN,UPS Valtoha,Unplanned,Closed,2026-05-02T02:45:01Z,2026-05-02T03:35:38Z,50
1829188,North,HOSHIARPUR,PALAKI,Unplanned,Closed,2026-05-02T01:30:00Z,2026-05-02T02:10:00Z,40
1829187,Border,SUB URBAN AMRITSAR,SADAR BAZAR CANTT,Unplanned,Closed,2026-05-02T01:21:34Z,2026-05-02T02:18:08Z,56
1829186,South,PATIALA,FAGGANMAJRA UPS,Unplanned,Closed,2026-05-02T00:55:00Z,2026-05-02T02:25:00Z,90
1829185,Border,GURDASPUR,UPS Feeder,Unplanned,Closed,2026-05-02T00:46:00Z,2026-05-02T05:46:00Z,300
1829184,North,JALANDHAR,11KVMARKFEED FEEDER,Unplanned,Closed,2026-05-02T00:40:00Z,2026-05-02T02:05:00Z,85
1829182,Central,CITY WEST LUDHIANA,HERKRISHAN NAGAR FEEDER,Unplanned,Closed,2026-05-02T00:36:00Z,2026-05-02T01:20:00Z,44
1829183,Border,CITY AMRITSAR,MAKBOOL PURA,Unplanned,Closed,2026-05-02T00:20:00Z,2026-05-02T01:02:00Z,42
1829181,Border,SUB URBAN AMRITSAR,Mallan Wali,Unplanned,Closed,2026-05-02T00:05:00Z,2026-05-02T00:21:00Z,16
1829180,Central,CITY EAST LUDHIANA,BASTI FEEDER,Unplanned,Closed,2026-05-02T00:00:00Z,2026-05-02T00:53:00Z,53
1829179,Central,CITY EAST LUDHIANA,SANTOKH NAGAR,Unplanned,Closed,2026-05-01T23:41:00Z,2026-05-02T00:26:00Z,45
1829178,Border,CITY AMRITSAR,Chatha Rice Mills,Unplanned,Closed,2026-05-01T22:58:00Z,2026-05-01T23:30:00Z,32
1829176,North,NAWANSHAHR,PANDORI,Unplanned,Closed,2026-05-01T22:10:00Z,2026-05-01T22:25:00Z,15
1829175,Border,TARN TARAN,URBAN GARDEN COLONY,Unplanned,Closed,2026-05-01T22:05:00Z,2026-05-01T23:04:00Z,59
1829174,Central,KHANNA,Sangtpura,Unplanned,Closed,2026-05-01T21:53:00Z,2026-05-01T23:25:00Z,92
1829177,North,JALANDHAR,BALLAN,Unplanned,Closed,2026-05-01T21:50:00Z,2026-05-01T23:50:00Z,120
1829173,North,NAWANSHAHR,RATTEWAL,Unplanned,Closed,2026-05-01T21:50:00Z,2026-05-01T22:25:00Z,35
1829172,Central,CITY WEST LUDHIANA,BASANT AVENUE,Unplanned,Closed,2026-05-01T21:45:16Z,2026-05-01T23:22:46Z,97
1829171,East,Zirakpur,RANBAXY,Unplanned,Closed,2026-05-01T21:27:00Z,2026-05-01T21:58:00Z,31
1829168,East,Zirakpur,Jaskaran,Planned,Closed,2026-05-01T21:15:00Z,2026-05-01T21:25:00Z,10
1829170,Border,GURDASPUR,11 K.V UPS Balwanda,Unplanned,Closed,2026-05-01T21:10:00Z,2026-05-01T21:46:00Z,36
1829167,Border,GURDASPUR,City Thana,Unplanned,Closed,2026-05-01T21:05:00Z,2026-05-01T21:26:00Z,21
1829169,North,JALANDHAR,BHODE SAPRAI,Unplanned,Closed,2026-05-01T21:01:00Z,2026-05-01T22:55:00Z,114
1829165,Border,GURDASPUR,ARYA NAGAR,Unplanned,Closed,2026-05-01T20:45:00Z,2026-05-01T21:10:00Z,25
1829164,East,Zirakpur,RANBAXY,Unplanned,Closed,2026-05-01T20:24:00Z,2026-05-01T20:50:00Z,26
1829163,North,JALANDHAR,CENTRAL MILL,Unplanned,Closed,2026-05-01T20:12:00Z,2026-05-01T21:05:00Z,53
1829162,East,ROPAR,Asmanpur,Unplanned,Closed,2026-05-01T20:10:00Z,2026-05-01T20:38:00Z,28
1829161,South,PATIALA,Ghuman Nagar,Unplanned,Closed,2026-05-01T20:05:00Z,2026-05-01T20:55:00Z,50
1829159,East,Zirakpur,ZIRAKPUR-1,Planned,Closed,2026-05-01T19:55:00Z,2026-05-01T20:05:00Z,10
1829157,Central,CITY WEST LUDHIANA,BASANT CITY,Unplanned,Closed,2026-05-01T19:50:16Z,2026-05-01T21:11:00Z,80
1829158,South,PATIALA,GC/ SPINYEX,Unplanned,Closed,2026-05-01T19:40:00Z,2026-05-01T21:00:00Z,80
1829155,North,JALANDHAR,11 KV GULAB DEVI,Unplanned,Closed,2026-05-01T19:39:04Z,2026-05-01T19:44:21Z,5
1829154,Border,SUB URBAN AMRITSAR,GUMTALA,Unplanned,Closed,2026-05-01T19:35:00Z,2026-05-01T20:40:00Z,65
1829160,North,NAWANSHAHR,Urban Pattren,Unplanned,Closed,2026-05-01T19:33:00Z,2026-05-01T20:10:00Z,37
1829153,South,PATIALA,BATHONIA,Unplanned,Closed,2026-05-01T19:25:00Z,2026-05-01T20:15:00Z,50
1829156,West,FARIDKOT,Guru Ram Dass Nagar,Unplanned,Closed,2026-05-01T19:21:14Z,2026-05-01T21:27:06Z,125
1829152,South,PATIALA,SYL (F.P),Unplanned,Closed,2026-05-01T19:15:00Z,2026-05-01T19:25:00Z,10
1829150,Border,TARN TARAN,Fatehabad Urban .,Unplanned,Closed,2026-05-01T19:01:00Z,2026-05-01T19:30:00Z,29
1829149,North,JALANDHAR,KHURLA KINGRA,Unplanned,Closed,2026-05-01T18:55:00Z,2026-05-01T19:15:00Z,20
1829148,Central,CITY WEST LUDHIANA,VISHAL NAGAR,Planned,Closed,2026-05-01T18:50:29Z,2026-05-01T19:50:36Z,60
1829048,Central,CITY WEST LUDHIANA,MODEL GRAM,Planned,Closed,2026-05-01T18:43:20Z,2026-05-01T20:01:39Z,78
1829050,Central,CITY WEST LUDHIANA,SITA NAGAR,Planned,Closed,2026-05-01T18:43:01Z,2026-05-01T19:49:09Z,66
1829049,Central,CITY WEST LUDHIANA,GULMOHAR,Planned,Closed,2026-05-01T18:41:55Z,2026-05-01T19:49:19Z,67
1829051,Central,CITY WEST LUDHIANA,jawahar nagar,Planned,Closed,2026-05-01T18:41:15Z,2026-05-01T20:01:27Z,80
1829147,South,SANGRUR,Nawi Chhajli Urben,Unplanned,Closed,2026-05-01T18:40:11Z,2026-05-01T19:15:32Z,35
1829146,North,NAWANSHAHR,CITY GARHSHANKAR-2,Planned,Closed,2026-05-01T18:38:00Z,2026-05-01T19:40:00Z,62
1829151,East,MOHALI,Sec 74-A,Unplanned,Closed,2026-05-01T18:35:00Z,2026-05-01T19:15:00Z,40
1829145,North,NAWANSHAHR,PANYALI,Unplanned,Closed,2026-05-01T18:25:00Z,2026-05-01T18:56:00Z,31
1829142,Central,CITY WEST LUDHIANA,BASANT AVENUE,Planned,Closed,2026-05-01T18:21:00Z,2026-05-01T19:18:21Z,57
1829144,Border,GURDASPUR,Rampur Talwara,Unplanned,Closed,2026-05-01T18:20:00Z,2026-05-01T19:35:00Z,75
1829141,East,Zirakpur,RANBAXY,Planned,Closed,2026-05-01T18:20:00Z,2026-05-01T18:30:00Z,10
1829140,Central,CITY WEST LUDHIANA,WAHEGURU ROAD,Unplanned,Closed,2026-05-01T18:19:31Z,2026-05-01T20:51:24Z,151
1829143,South,PATIALA,UPS MIRJAPUR,Unplanned,Closed,2026-05-01T18:15:00Z,2026-05-01T18:50:00Z,35
1829139,Central,CITY WEST LUDHIANA,DYAL NAGAR,Planned,Closed,2026-05-01T18:13:59Z,2026-05-01T19:13:59Z,60
1829138,Central,CITY WEST LUDHIANA,11 KV AARTI CHOWK,Planned,Closed,2026-05-01T18:13:59Z,2026-05-01T19:13:59Z,60
1829137,Central,CITY WEST LUDHIANA,Maharaj Nagar,Planned,Closed,2026-05-01T18:13:59Z,2026-05-01T19:13:59Z,60
1829136,Central,CITY WEST LUDHIANA,GHUMAR MANDI2,Planned,Closed,2026-05-01T18:13:59Z,2026-05-01T19:13:59Z,60
1829135,Central,CITY WEST LUDHIANA,MARITORIOUS SCHOOL,Planned,Closed,2026-05-01T18:13:59Z,2026-05-01T19:13:59Z,60
1829134,Central,CITY WEST LUDHIANA,TAGORE NAGAR,Planned,Closed,2026-05-01T18:13:59Z,2026-05-01T19:13:59Z,60
1829133,Central,CITY WEST LUDHIANA,MAYA NAGAR,Planned,Closed,2026-05-01T18:13:59Z,2026-05-01T19:13:59Z,60
1829132,Central,CITY WEST LUDHIANA,TELEPHONE EXCHANGE,Planned,Closed,2026-05-01T18:13:59Z,2026-05-01T19:13:59Z,60
1829131,Central,CITY WEST LUDHIANA,GOBIND NAGAR,Planned,Closed,2026-05-01T18:13:59Z,2026-05-01T19:13:59Z,60
1829130,Central,CITY WEST LUDHIANA,Mall Enclave,Planned,Closed,2026-05-01T18:13:27Z,2026-05-01T19:13:27Z,60
1829129,Central,CITY WEST LUDHIANA,Prince,Planned,Closed,2026-05-01T18:13:27Z,2026-05-01T19:13:27Z,60
1829128,Central,CITY WEST LUDHIANA,Bharat Nagar,Planned,Closed,2026-05-01T18:13:27Z,2026-05-01T19:13:27Z,60
1829127,Central,CITY WEST LUDHIANA,Ram Nagar,Planned,Closed,2026-05-01T18:13:27Z,2026-05-01T19:13:27Z,60
1829126,Central,CITY WEST LUDHIANA,D.C. Residence,Planned,Closed,2026-05-01T18:13:27Z,2026-05-01T19:13:27Z,60
1829125,Central,CITY WEST LUDHIANA,Sadar Thana,Planned,Closed,2026-05-01T18:13:27Z,2026-05-01T19:13:27Z,60
1829124,Central,CITY WEST LUDHIANA,POLICE LINE,Planned,Closed,2026-05-01T18:13:27Z,2026-05-01T19:13:27Z,60
1829123,Central,CITY WEST LUDHIANA,Rani Jhansi Road,Planned,Closed,2026-05-01T18:13:27Z,2026-05-01T19:13:27Z,60
1829122,Central,CITY WEST LUDHIANA,Dandi Swami,Planned,Closed,2026-05-01T18:13:27Z,2026-05-01T19:13:27Z,60
1829121,Central,CITY WEST LUDHIANA,SHAI MOHALLA,Planned,Closed,2026-05-01T18:13:27Z,2026-05-01T19:13:27Z,60
1829120,Central,CITY WEST LUDHIANA,Guru Nanak Stadium,Planned,Closed,2026-05-01T18:13:27Z,2026-05-01T19:13:27Z,60
1829119,Central,CITY WEST LUDHIANA,NATIONAL ROAD,Planned,Closed,2026-05-01T18:11:33Z,2026-05-01T19:11:33Z,60
1829118,Central,CITY WEST LUDHIANA,SATLUJ CLUB,Planned,Closed,2026-05-01T18:11:33Z,2026-05-01T19:11:33Z,60
1829117,Central,CITY WEST LUDHIANA,STOCK EXCHANGE,Planned,Closed,2026-05-01T18:11:33Z,2026-05-01T19:11:33Z,60
1829116,Central,CITY WEST LUDHIANA,NEW COURT,Planned,Closed,2026-05-01T18:11:33Z,2026-05-01T19:11:33Z,60
1829115,Central,CITY WEST LUDHIANA,FEROZEGANDHI MARKET,Planned,Closed,2026-05-01T18:11:33Z,2026-05-01T19:11:33Z,60
1829114,Central,CITY WEST LUDHIANA,SANT ISHER SINGH NAGAR,Planned,Closed,2026-05-01T18:11:33Z,2026-05-01T19:11:33Z,60
1829112,Border,GURDASPUR,Diamond Colony,Planned,Closed,2026-05-01T18:10:00Z,2026-05-01T18:20:00Z,10
1829113,South,PATIALA,City Badshahpur,Unplanned,Closed,2026-05-01T18:00:00Z,2026-05-01T18:30:00Z,30
1829109,East,MOHALI,NAYA GAON,Unplanned,Closed,2026-05-01T17:56:23Z,2026-05-01T18:53:23Z,57
1829107,East,MOHALI,JANTI DEVI,Unplanned,Closed,2026-05-01T17:56:13Z,2026-05-01T18:53:49Z,57
1829108,South,PATIALA,SUNDER NAGAR RAJPURA,Unplanned,Closed,2026-05-01T17:55:00Z,2026-05-01T18:30:00Z,35
1829105,Border,GURDASPUR,Gujran Lahri,Unplanned,Closed,2026-05-01T17:44:00Z,2026-05-01T18:08:00Z,24
1829103,North,HOSHIARPUR,PURHIRAN URBAN,Unplanned,Closed,2026-05-01T17:40:00Z,2026-05-01T17:50:00Z,10
1829102,Central,CITY WEST LUDHIANA,MERADO FEEDER,Unplanned,Closed,2026-05-01T17:38:42Z,2026-05-01T18:54:50Z,76
1829104,Border,GURDASPUR,dakoha,Unplanned,Closed,2026-05-01T17:30:00Z,2026-05-01T18:15:00Z,45
1829101,Border,GURDASPUR,Sahowal,Unplanned,Closed,2026-05-01T17:30:00Z,2026-05-01T19:30:00Z,120
1829100,North,JALANDHAR,BARSALAN,Unplanned,Closed,2026-05-01T17:29:00Z,2026-05-01T17:59:00Z,30
1829099,North,JALANDHAR,LOHARAN,Unplanned,Closed,2026-05-01T17:29:00Z,2026-05-01T17:59:00Z,30
1829098,Border,SUB URBAN AMRITSAR,silverstate,Unplanned,Closed,2026-05-01T17:27:07Z,2026-05-01T18:06:00Z,38
1829106,Border,TARN TARAN,UPS WAN TARA SINGH,Unplanned,Closed,2026-05-01T17:20:00Z,2026-05-01T19:05:00Z,105
1829097,Central,KHANNA,Hargana,Unplanned,Closed,2026-05-01T17:20:00Z,2026-05-01T20:04:00Z,164
1829095,Central,CITY WEST LUDHIANA,Park Plaza (DC Complex),Planned,Closed,2026-05-01T17:16:18Z,2026-05-01T20:08:58Z,172
1829094,North,JALANDHAR,11KV MAI HIREAN GATE,Unplanned,Closed,2026-05-01T17:14:26Z,2026-05-01T17:52:00Z,37
1829093,Central,CITY WEST LUDHIANA,P.A.U. (Hot Line),Planned,Closed,2026-05-01T17:13:38Z,2026-05-01T20:38:54Z,205
1829092,Central,CITY WEST LUDHIANA,Campus,Planned,Closed,2026-05-01T17:13:38Z,2026-05-01T20:39:17Z,205
1829091,Central,CITY WEST LUDHIANA,11 KV SCADA,Planned,Closed,2026-05-01T17:12:45Z,2026-05-01T20:06:24Z,173
1829090,Central,CITY WEST LUDHIANA,Aarti Chowk,Planned,Closed,2026-05-01T17:12:45Z,2026-05-01T20:07:22Z,174
1829089,Central,CITY WEST LUDHIANA,Malhar Road,Planned,Closed,2026-05-01T17:12:45Z,2026-05-01T20:07:38Z,174
1829088,Central,CITY WEST LUDHIANA,SIGMA,Planned,Closed,2026-05-01T17:12:45Z,2026-05-01T20:07:54Z,175
1829087,Central,CITY WEST LUDHIANA,New Sec. School,Planned,Closed,2026-05-01T17:12:45Z,2026-05-01T20:08:03Z,175
1829086,Central,CITY WEST LUDHIANA,Church Feeder,Planned,Closed,2026-05-01T17:12:45Z,2026-05-01T20:08:16Z,175
1829085,Central,CITY WEST LUDHIANA,H-Block Market,Planned,Closed,2026-05-01T17:12:45Z,2026-05-01T20:08:29Z,175
1829084,Central,CITY WEST LUDHIANA,Durga Mandir,Planned,Closed,2026-05-01T17:12:45Z,2026-05-01T20:08:37Z,175
1829083,Central,CITY WEST LUDHIANA,Deepak Hospital,Planned,Closed,2026-05-01T17:12:45Z,2026-05-01T20:08:47Z,176
1829096,East,Zirakpur,RANBAXY,Unplanned,Closed,2026-05-01T17:08:00Z,2026-05-01T17:37:00Z,29
1829082,North,HOSHIARPUR,CHACK,Unplanned,Closed,2026-05-01T17:05:00Z,2026-05-01T17:50:00Z,45
1829081,Border,CITY AMRITSAR,11Kv Navdeep Theatre,Unplanned,Closed,2026-05-01T17:00:00Z,2026-05-01T17:13:00Z,13
1829079,Border,CITY AMRITSAR,11Kv Ghee Mandi 2,Unplanned,Closed,2026-05-01T17:00:00Z,2026-05-01T19:39:00Z,159
1829077,Central,KHANNA,Solitair,Unplanned,Closed,2026-05-01T16:52:00Z,2026-05-01T18:30:00Z,98
1829074,Border,GURDASPUR,11 K.V UPS Balwanda,Unplanned,Closed,2026-05-01T16:45:00Z,2026-05-01T18:50:00Z,125
1829075,South,BARNALA,BANBHOURA CAT.1,Unplanned,Closed,2026-05-01T16:42:00Z,2026-05-01T17:50:00Z,68
1829078,East,Zirakpur,SUKHNA,Unplanned,Closed,2026-05-01T16:41:00Z,2026-05-01T17:30:00Z,49
1829073,Central,KHANNA,Nandi Colony,Unplanned,Closed,2026-05-01T16:40:00Z,2026-05-01T18:20:00Z,100
1829111,East,MOHALI,11KV AEROCITY-2,Unplanned,Closed,2026-05-01T16:34:00Z,2026-05-01T18:45:00Z,131
1829110,East,MOHALI,11KV BLOCK-C,Unplanned,Closed,2026-05-01T16:34:00Z,2026-05-01T18:45:43Z,131
1829070,East,Zirakpur,S S INFRA,Planned,Closed,2026-05-01T16:25:00Z,2026-05-01T16:40:00Z,15
1829069,East,Zirakpur,KALKA ROAD,Planned,Closed,2026-05-01T16:25:00Z,2026-05-01T16:40:00Z,15
1829068,East,Zirakpur,SAINI VIHAR,Planned,Closed,2026-05-01T16:25:00Z,2026-05-01T16:40:00Z,15
1829065,North,JALANDHAR,PAP,Planned,Closed,2026-05-01T16:22:00Z,2026-05-01T16:50:00Z,28
1829067,Central,KHANNA,Krishna Nagar,Unplanned,Closed,2026-05-01T16:20:00Z,2026-05-01T16:45:00Z,25
1829061,West,MUKATSAR,11 KV KIKKER KHERA,Unplanned,Closed,2026-05-01T16:15:48Z,2026-05-01T16:50:02Z,34
1829059,West,MUKATSAR,11 KV GANGA NAGAR ROAD,Unplanned,Closed,2026-05-01T16:15:30Z,2026-05-01T16:50:48Z,35
1829060,West,MUKATSAR,11 KV Alamgarh,Unplanned,Closed,2026-05-01T16:15:17Z,2026-05-01T16:50:27Z,35
1829064,North,KAPURTHALA,UPS Kotli,Unplanned,Closed,2026-05-01T16:15:00Z,2026-05-01T17:20:00Z,65
1829063,North,KAPURTHALA,Esewal,Unplanned,Closed,2026-05-01T16:15:00Z,2026-05-01T17:20:00Z,65
1829062,North,KAPURTHALA,nawajipur,Unplanned,Closed,2026-05-01T16:15:00Z,2026-05-01T17:21:00Z,66
1829066,Central,SUB URBAN LUDHIANA,City No-3  Maloud,Unplanned,Closed,2026-05-01T16:13:00Z,2026-05-01T17:20:00Z,67
1829057,South,PATIALA,INDUSTRIAL,Unplanned,Closed,2026-05-01T16:11:00Z,2026-05-01T17:18:00Z,67
1829072,Border,TARN TARAN,DEHRA SAHIB UPS (BRAHMPURA),Unplanned,Closed,2026-05-01T16:10:00Z,2026-05-01T17:35:00Z,85
1829056,North,HOSHIARPUR,BUDHABAR,Unplanned,Closed,2026-05-01T16:05:00Z,2026-05-01T17:40:00Z,95
1829055,North,HOSHIARPUR,Rajpur Ups,Unplanned,Closed,2026-05-01T16:05:00Z,2026-05-01T16:15:00Z,10
1829052,Central,CITY WEST LUDHIANA,BUS STAND,Unplanned,Closed,2026-05-01T16:04:04Z,2026-05-01T16:57:54Z,53
1829058,Border,TARN TARAN,LAL PUR HATTA UPS,Unplanned,Closed,2026-05-01T16:01:00Z,2026-05-01T18:01:00Z,120
1829053,Central,KHANNA,DFL,Unplanned,Closed,2026-05-01T16:00:00Z,2026-05-01T19:10:00Z,190
1829054,Border,TARN TARAN,UPS KOT BUDDA,Unplanned,Closed,2026-05-01T15:55:00Z,2026-05-01T17:35:00Z,100
1829047,Border,GURDASPUR,Paroshah,Unplanned,Closed,2026-05-01T15:50:00Z,2026-05-01T17:50:00Z,120
1829046,Border,GURDASPUR,City Thana,Unplanned,Closed,2026-05-01T15:46:00Z,2026-05-01T16:08:00Z,22
1829045,East,ROPAR,11 KV Kotala,Unplanned,Closed,2026-05-01T15:40:00Z,2026-05-01T16:15:00Z,35
1829044,Central,CITY WEST LUDHIANA,WAHEGURU ROAD,Unplanned,Closed,2026-05-01T15:39:42Z,2026-05-01T18:19:14Z,159
1829043,Central,CITY WEST LUDHIANA,GURPAL NAGAR FEEDER,Unplanned,Closed,2026-05-01T15:39:42Z,2026-05-01T18:18:19Z,158
1829041,South,PATIALA,DALIMA,Unplanned,Closed,2026-05-01T15:34:00Z,2026-05-01T16:50:00Z,76
1829026,Border,GURDASPUR,Nawan Pind,Planned,Closed,2026-05-01T15:27:00Z,2026-05-01T16:09:00Z,42
1829034,Border,GURDASPUR,MUGRALA,Unplanned,Closed,2026-05-01T15:24:00Z,2026-05-01T16:09:00Z,45
1829033,Central,CITY WEST LUDHIANA,JAMMU COLONY,Unplanned,Closed,2026-05-01T15:21:14Z,2026-05-01T16:15:52Z,54
1829040,Central,KHANNA,Samadhi Road,Unplanned,Closed,2026-05-01T15:20:00Z,2026-05-01T16:12:00Z,52
1829035,North,KAPURTHALA,UPS MIANI,Unplanned,Closed,2026-05-01T15:20:00Z,2026-05-01T16:40:00Z,80
1829029,North,JALANDHAR,Pandori,Planned,Closed,2026-05-01T15:17:00Z,2026-05-01T16:06:00Z,49
1829042,Border,GURDASPUR,Attepur,Unplanned,Closed,2026-05-01T15:16:00Z,2026-05-01T18:50:00Z,214
1829028,West,FARIDKOT,Jawahar Nagar,Unplanned,Closed,2026-05-01T15:14:54Z,2026-05-01T15:49:52Z,34
1829025,Central,KHANNA,Hoshpital,Unplanned,Closed,2026-05-01T15:04:00Z,2026-05-01T18:10:00Z,186
1829024,Central,KHANNA,City-2 khanna,Unplanned,Closed,2026-05-01T15:04:00Z,2026-05-01T18:10:00Z,186
1829027,North,KAPURTHALA,UPS Partabpura,Unplanned,Closed,2026-05-01T15:00:00Z,2026-05-01T15:45:00Z,45
1829020,West,MUKATSAR,NEFED,Unplanned,Closed,2026-05-01T14:59:18Z,2026-05-01T15:27:04Z,27
1829019,North,HOSHIARPUR,PENSRA,Unplanned,Closed,2026-05-01T14:50:00Z,2026-05-01T15:50:00Z,60
1829016,North,JALANDHAR,11KV LAXMI PURA,Unplanned,Closed,2026-05-01T14:43:00Z,2026-05-01T14:58:00Z,15
1829009,North,HOSHIARPUR,ASLAMABAD,Unplanned,Closed,2026-05-01T14:42:00Z,2026-05-01T15:17:00Z,35
1829018,South,PATIALA,CHATERA,Unplanned,Closed,2026-05-01T14:40:51Z,2026-05-01T15:40:23Z,59
1829014,Border,TARN TARAN,KOCHAR,Unplanned,Closed,2026-05-01T14:37:00Z,2026-05-01T19:45:00Z,308
1829006,Central,CITY WEST LUDHIANA,SHIMLA PURI FEEDER,Unplanned,Closed,2026-05-01T14:34:39Z,2026-05-01T16:02:35Z,87
1829004,Central,KHANNA,Chander Lok,Unplanned,Closed,2026-05-01T14:33:00Z,2026-05-01T16:40:00Z,127
1829002,Central,KHANNA,Royal,Unplanned,Closed,2026-05-01T14:33:00Z,2026-05-01T16:40:00Z,127
1829003,Border,GURDASPUR,Roranwali 24 hrs.,Unplanned,Closed,2026-05-01T14:25:00Z,2026-05-01T16:05:00Z,100
1828997,East,MOHALI,11 KV Bansepur,Unplanned,Closed,2026-05-01T14:23:44Z,2026-05-01T14:37:19Z,13
1828993,North,JALANDHAR,GADDO WALI,Unplanned,Closed,2026-05-01T14:23:00Z,2026-05-01T14:45:00Z,22
1829001,Border,TARN TARAN,Jandiala Road Urban.,Unplanned,Closed,2026-05-01T14:20:00Z,2026-05-01T17:30:00Z,190
1829000,Border,TARN TARAN,Goindwal Road Urban.,Unplanned,Closed,2026-05-01T14:20:00Z,2026-05-01T16:20:00Z,120
1828999,East,ROPAR,11 KV Jeunewal,Unplanned,Closed,2026-05-01T14:20:00Z,2026-05-01T15:00:00Z,40
1828988,Border,GURDASPUR,11 KV Guru Nanak College,Planned,Closed,2026-05-01T14:20:00Z,2026-05-01T15:05:00Z,45
1828998,South,PATIALA,SYL,Unplanned,Closed,2026-05-01T14:10:00Z,2026-05-01T14:55:00Z,45
1829007,Border,TARN TARAN,KOCHAR,Planned,Closed,2026-05-01T14:06:10Z,2026-05-01T14:30:16Z,24
1828984,Central,CITY WEST LUDHIANA,A-BLOCK,Unplanned,Closed,2026-05-01T14:06:10Z,2026-05-01T15:17:58Z,71
1828986,North,JALANDHAR,Khalsa Road,Unplanned,Closed,2026-05-01T14:06:00Z,2026-05-01T14:55:00Z,49
1828983,Central,KHANNA,Ratanheri,Unplanned,Closed,2026-05-01T14:03:00Z,2026-05-01T14:45:00Z,42
1828965,Border,CITY AMRITSAR,MEDICAL COLLEGE,Planned,Closed,2026-05-01T14:00:00Z,2026-05-01T15:10:00Z,70
1828985,South,PATIALA,Bharat colony,Unplanned,Closed,2026-05-01T13:55:00Z,2026-05-01T14:25:00Z,30
1828981,Central,CITY WEST LUDHIANA,Park Plaza (DC Complex),Planned,Closed,2026-05-01T13:43:34Z,2026-05-01T17:00:31Z,196
1828980,Central,CITY WEST LUDHIANA,Campus,Planned,Closed,2026-05-01T13:40:37Z,2026-05-01T17:11:33Z,210
1828979,Central,CITY WEST LUDHIANA,P.A.U. (Hot Line),Planned,Closed,2026-05-01T13:40:37Z,2026-05-01T17:11:42Z,211
1828978,Central,KHANNA,Samrala Road,Unplanned,Closed,2026-05-01T13:40:00Z,2026-05-01T15:15:00Z,95
1828982,North,HOSHIARPUR,11KV Dagan UPS,Unplanned,Closed,2026-05-01T13:38:00Z,2026-05-01T16:05:00Z,147
1828977,Central,CITY WEST LUDHIANA,11 KV SCADA,Planned,Closed,2026-05-01T13:36:41Z,2026-05-01T17:09:29Z,212
1828976,Central,CITY WEST LUDHIANA,Aarti Chowk,Planned,Closed,2026-05-01T13:36:41Z,2026-05-01T17:10:38Z,213
1828975,Central,CITY WEST LUDHIANA,Malhar Road,Planned,Closed,2026-05-01T13:36:41Z,2026-05-01T17:10:46Z,214
1828974,Central,CITY WEST LUDHIANA,SIGMA,Planned,Closed,2026-05-01T13:36:41Z,2026-05-01T17:10:52Z,214
1828973,Central,CITY WEST LUDHIANA,New Sec. School,Planned,Closed,2026-05-01T13:36:41Z,2026-05-01T17:11:00Z,214
1828972,Central,CITY WEST LUDHIANA,Church Feeder,Planned,Closed,2026-05-01T13:36:41Z,2026-05-01T17:11:07Z,214
1828971,Central,CITY WEST LUDHIANA,H-Block Market,Planned,Closed,2026-05-01T13:36:41Z,2026-05-01T17:11:11Z,214
1828970,Central,CITY WEST LUDHIANA,Durga Mandir,Planned,Closed,2026-05-01T13:36:41Z,2026-05-01T17:11:19Z,214
1828969,Central,CITY WEST LUDHIANA,Deepak Hospital,Planned,Closed,2026-05-01T13:36:41Z,2026-05-01T17:11:25Z,214
1828968,Border,TARN TARAN,11 KV Industrial Feeder,Unplanned,Closed,2026-05-01T13:25:00Z,2026-05-01T14:10:00Z,45
1828967,North,NAWANSHAHR,11KV BARNALA,Unplanned,Closed,2026-05-01T13:25:00Z,2026-05-01T13:50:00Z,25
1828964,North,HOSHIARPUR,SOTLA,Unplanned,Closed,2026-05-01T13:25:00Z,2026-05-01T14:41:00Z,76
1828962,North,JALANDHAR,Bhanoki Road,Unplanned,Closed,2026-05-01T13:25:00Z,2026-05-01T14:45:00Z,80
1828961,Border,GURDASPUR,Dalia,Unplanned,Closed,2026-05-01T13:23:00Z,2026-05-01T13:40:00Z,17
1828959,Border,GURDASPUR,Manj,Unplanned,Closed,2026-05-01T13:23:00Z,2026-05-01T13:40:00Z,17
1828966,Border,TARN TARAN,CITY 5,Unplanned,Closed,2026-05-01T13:20:00Z,2026-05-01T14:30:00Z,70
1828963,Border,TARN TARAN,CITY 2,Unplanned,Closed,2026-05-01T13:20:00Z,2026-05-01T14:30:00Z,70
1828960,North,HOSHIARPUR,NOORPUR,Unplanned,Closed,2026-05-01T13:20:00Z,2026-05-01T14:41:00Z,81
1828957,North,JALANDHAR,RING MAIN,Unplanned,Closed,2026-05-01T13:15:00Z,2026-05-01T13:45:00Z,30
1828956,Central,KHANNA,Tooran,Unplanned,Closed,2026-05-01T13:11:00Z,2026-05-01T14:21:00Z,70
1828958,North,JALANDHAR,PATARA,Unplanned,Closed,2026-05-01T13:10:00Z,2026-05-01T14:25:00Z,75
1829071,South,BARNALA,FCI Godown wala,Unplanned,Closed,2026-05-01T13:00:00Z,2026-05-01T14:11:00Z,71
1828953,Central,KHANNA,Chakmafi,Unplanned,Closed,2026-05-01T13:00:00Z,2026-05-01T14:35:00Z,95
1828952,Central,KHANNA,Jai Bhart,Unplanned,Closed,2026-05-01T13:00:00Z,2026-05-01T14:35:00Z,95
1828955,Border,TARN TARAN,KOT MEHTAB URBAN,Unplanned,Closed,2026-05-01T12:56:00Z,2026-05-01T13:56:21Z,60
1828946,West,MUKATSAR,11 KV Sappan wali,Unplanned,Closed,2026-05-01T12:52:34Z,2026-05-01T13:22:44Z,30
1828945,West,MUKATSAR,DAULATPURA UPS,Unplanned,Closed,2026-05-01T12:52:01Z,2026-05-01T13:22:16Z,30
1828948,South,PATIALA,Veer Singh Colony,Unplanned,Closed,2026-05-01T12:52:00Z,2026-05-01T13:26:00Z,34
1828947,Border,SUB URBAN AMRITSAR,PADHRI,Unplanned,Closed,2026-05-01T12:52:00Z,2026-05-01T14:59:45Z,127
1828951,North,HOSHIARPUR,BHAMBOTAR,Unplanned,Closed,2026-05-01T12:50:00Z,2026-05-01T13:25:00Z,35
1828949,North,HOSHIARPUR,TALWARA,Unplanned,Closed,2026-05-01T12:50:00Z,2026-05-01T13:25:00Z,35
1828943,East,MOHALI,11kV Sector-123,Unplanned,Closed,2026-05-01T12:45:00Z,2026-05-01T13:37:00Z,52
1828942,South,SANGRUR,Roxy road,Unplanned,Closed,2026-05-01T12:35:31Z,2026-05-01T13:40:43Z,65
1828941,South,SANGRUR,DHIBER BASTI,Unplanned,Closed,2026-05-01T12:35:05Z,2026-05-01T13:40:27Z,65
1828950,South,PATIALA,k.k.SCHOOL ROAD,Unplanned,Closed,2026-05-01T12:35:00Z,2026-05-01T14:10:00Z,95
1828938,Border,CITY AMRITSAR,11Kv New Ravi Dass Road,Unplanned,Closed,2026-05-01T12:35:00Z,2026-05-01T13:17:00Z,42
1828936,Central,CITY WEST LUDHIANA,SOKHI FEEDER,Unplanned,Closed,2026-05-01T12:32:40Z,2026-05-01T13:21:57Z,49
1828935,North,HOSHIARPUR,11 KV AP KANDI PATIARIAN,Unplanned,Closed,2026-05-01T12:28:00Z,2026-05-01T13:16:00Z,48
1828933,Central,KHANNA,Bhattian,Unplanned,Closed,2026-05-01T12:27:00Z,2026-05-01T12:45:00Z,18
1828937,North,HOSHIARPUR,DHARIWAL,Unplanned,Closed,2026-05-01T12:25:00Z,2026-05-01T13:40:00Z,75
1828934,South,PATIALA,11 KV AP MOHBATPUR,Unplanned,Closed,2026-05-01T12:25:00Z,2026-05-01T13:40:41Z,75
1828932,North,JALANDHAR,11KV LAXMI PURA,Unplanned,Closed,2026-05-01T12:25:00Z,2026-05-01T12:52:00Z,27
1828928,West,MUKATSAR,DALMIR KHERA,Unplanned,Closed,2026-05-01T12:22:25Z,2026-05-01T12:39:43Z,17
1828929,West,MUKATSAR,MAUJGARH,Unplanned,Closed,2026-05-01T12:22:03Z,2026-05-01T12:39:11Z,17
1828930,North,HOSHIARPUR,CHANNIYA,Unplanned,Closed,2026-05-01T12:21:00Z,2026-05-01T13:30:00Z,69
1828931,Border,TARN TARAN,MOHAN SINGH TUR,Unplanned,Closed,2026-05-01T12:15:00Z,2026-05-01T14:40:00Z,145
1828925,East,MOHALI,11KV SHAMPUR AP,Planned,Closed,2026-05-01T12:10:00Z,2026-05-01T12:53:27Z,43
1828924,East,MOHALI,11 KV RAIPUR KALAN UPS,Planned,Closed,2026-05-01T12:10:00Z,2026-05-01T12:53:20Z,43
1828926,North,JALANDHAR,DHADDA,Unplanned,Closed,2026-05-01T12:05:00Z,2026-05-01T12:15:00Z,10
1828922,North,JALANDHAR,KANG SABOO,Unplanned,Closed,2026-05-01T12:05:00Z,2026-05-01T12:35:00Z,30
1828919,Central,KHANNA,Rekofa,Planned,Closed,2026-05-01T12:00:49Z,2026-05-01T19:45:31Z,464
1828896,Central,CITY WEST LUDHIANA,Mall Enclave,Planned,Closed,2026-05-01T12:00:32Z,2026-05-01T17:00:25Z,299
1828895,Central,CITY WEST LUDHIANA,Prince,Planned,Closed,2026-05-01T12:00:32Z,2026-05-01T17:00:25Z,299
1828894,Central,CITY WEST LUDHIANA,Bharat Nagar,Planned,Closed,2026-05-01T12:00:32Z,2026-05-01T17:00:25Z,299
1828893,Central,CITY WEST LUDHIANA,Ram Nagar,Planned,Closed,2026-05-01T12:00:32Z,2026-05-01T17:00:25Z,299
1828892,Central,CITY WEST LUDHIANA,D.C. Residence,Planned,Closed,2026-05-01T12:00:32Z,2026-05-01T17:00:25Z,299
1828891,Central,CITY WEST LUDHIANA,Sadar Thana,Planned,Closed,2026-05-01T12:00:32Z,2026-05-01T17:00:25Z,299
1828890,Central,CITY WEST LUDHIANA,POLICE LINE,Planned,Closed,2026-05-01T12:00:32Z,2026-05-01T17:00:25Z,299
1828889,Central,CITY WEST LUDHIANA,Rani Jhansi Road,Planned,Closed,2026-05-01T12:00:32Z,2026-05-01T17:00:25Z,299
1828888,Central,CITY WEST LUDHIANA,Dandi Swami,Planned,Closed,2026-05-01T12:00:32Z,2026-05-01T17:00:25Z,299
1828887,Central,CITY WEST LUDHIANA,SHAI MOHALLA,Planned,Closed,2026-05-01T12:00:32Z,2026-05-01T17:00:25Z,299
1828886,Central,CITY WEST LUDHIANA,Guru Nanak Stadium,Planned,Closed,2026-05-01T12:00:32Z,2026-05-01T17:00:25Z,299
1828884,Central,CITY WEST LUDHIANA,DYAL NAGAR,Planned,Closed,2026-05-01T12:00:16Z,2026-05-01T16:00:48Z,240
1828883,Central,CITY WEST LUDHIANA,11 KV AARTI CHOWK,Planned,Closed,2026-05-01T12:00:16Z,2026-05-01T17:00:48Z,300
1828882,Central,CITY WEST LUDHIANA,Maharaj Nagar,Planned,Closed,2026-05-01T12:00:16Z,2026-05-01T17:00:48Z,300
1828881,Central,CITY WEST LUDHIANA,GHUMAR MANDI2,Planned,Closed,2026-05-01T12:00:16Z,2026-05-01T17:00:48Z,300
1828880,Central,CITY WEST LUDHIANA,MARITORIOUS SCHOOL,Planned,Closed,2026-05-01T12:00:16Z,2026-05-01T17:00:48Z,300
1828879,Central,CITY WEST LUDHIANA,TAGORE NAGAR,Planned,Closed,2026-05-01T12:00:16Z,2026-05-01T17:00:48Z,300
1828878,Central,CITY WEST LUDHIANA,MAYA NAGAR,Planned,Closed,2026-05-01T12:00:16Z,2026-05-01T17:00:48Z,300
1828877,Central,CITY WEST LUDHIANA,TELEPHONE EXCHANGE,Planned,Closed,2026-05-01T12:00:16Z,2026-05-01T17:00:48Z,300
1828876,Central,CITY WEST LUDHIANA,GOBIND NAGAR,Planned,Closed,2026-05-01T12:00:16Z,2026-05-01T17:00:48Z,300
1828912,Central,CITY WEST LUDHIANA,jawahar nagar,Planned,Closed,2026-05-01T12:00:15Z,2026-05-01T15:53:06Z,232
1828911,Central,CITY WEST LUDHIANA,MODEL GRAM,Planned,Closed,2026-05-01T12:00:15Z,2026-05-01T15:53:33Z,233
1828910,Central,CITY WEST LUDHIANA,SITA NAGAR,Planned,Closed,2026-05-01T12:00:15Z,2026-05-01T15:53:54Z,233
1828909,Central,CITY WEST LUDHIANA,RAILWAY LOCO SHED,Planned,Closed,2026-05-01T12:00:15Z,2026-05-01T15:54:11Z,233
1828908,Central,CITY WEST LUDHIANA,ESI,Planned,Closed,2026-05-01T12:00:15Z,2026-05-01T15:54:25Z,234
1828907,Central,CITY WEST LUDHIANA,GULMOHAR,Planned,Closed,2026-05-01T12:00:15Z,2026-05-01T15:54:42Z,234
1828918,Central,CITY WEST LUDHIANA,NATIONAL ROAD,Planned,Closed,2026-05-01T12:00:05Z,2026-05-01T17:00:05Z,300
1828917,Central,CITY WEST LUDHIANA,SATLUJ CLUB,Planned,Closed,2026-05-01T12:00:05Z,2026-05-01T17:00:05Z,300
1828916,Central,CITY WEST LUDHIANA,STOCK EXCHANGE,Planned,Closed,2026-05-01T12:00:05Z,2026-05-01T17:00:05Z,300
1828915,Central,CITY WEST LUDHIANA,NEW COURT,Planned,Closed,2026-05-01T12:00:05Z,2026-05-01T17:00:05Z,300
1828914,Central,CITY WEST LUDHIANA,FEROZEGANDHI MARKET,Planned,Closed,2026-05-01T12:00:05Z,2026-05-01T17:00:05Z,300
1828913,Central,CITY WEST LUDHIANA,SANT ISHER SINGH NAGAR,Planned,Closed,2026-05-01T12:00:05Z,2026-05-01T17:00:05Z,300
1828923,Border,GURDASPUR,Talwandivirk,Unplanned,Closed,2026-05-01T12:00:00Z,2026-05-01T14:35:00Z,155
1828903,South,PATIALA,11 KV UPS BORAN-KALAN,Unplanned,Closed,2026-05-01T11:52:00Z,2026-05-01T14:16:00Z,144
1828927,Border,TARN TARAN,GHAT SAHIB URBAN,Unplanned,Closed,2026-05-01T11:50:00Z,2026-05-01T12:25:00Z,35
1828904,North,KAPURTHALA,UPS Sangowal Bet,Unplanned,Closed,2026-05-01T11:50:00Z,2026-05-01T12:25:00Z,35
1828906,East,MOHALI,11KV BARI AP,Planned,Closed,2026-05-01T11:46:00Z,2026-05-01T12:00:00Z,14
1828905,East,MOHALI,11KV SIDHU UPS,Planned,Closed,2026-05-01T11:46:00Z,2026-05-01T12:00:00Z,14
1828901,Border,CITY AMRITSAR,Chatiwind Gate,Unplanned,Closed,2026-05-01T11:45:00Z,2026-05-01T12:00:34Z,15
1828902,South,PATIALA,SYL (F.P),Unplanned,Closed,2026-05-01T11:40:00Z,2026-05-01T11:55:00Z,15
1828899,North,HOSHIARPUR,SANDPUR,Unplanned,Closed,2026-05-01T11:40:00Z,2026-05-01T11:50:00Z,10
1828900,North,JALANDHAR,CHOKAN,Unplanned,Closed,2026-05-01T11:35:00Z,2026-05-01T14:55:00Z,200
1828898,Central,CITY EAST LUDHIANA,BRAHM PURI,Unplanned,Closed,2026-05-01T11:32:00Z,2026-05-01T13:05:00Z,93
1828875,Central,KHANNA,Chander Lok,Unplanned,Closed,2026-05-01T11:32:00Z,2026-05-01T11:53:00Z,21
1828865,East,Zirakpur,LALRU MANDI,Planned,Closed,2026-05-01T11:32:00Z,2026-05-01T13:25:00Z,113
1828866,South,PATIALA,DAUN KALAN B.Garh RAZA FARM,Unplanned,Closed,2026-05-01T11:30:08Z,2026-05-01T13:05:31Z,95
1828871,North,JALANDHAR,11 kv Euro,Unplanned,Closed,2026-05-01T11:30:00Z,2026-05-01T12:02:00Z,32
1828867,North,JALANDHAR,NEW WARYANA COMPLEX NO.1,Unplanned,Closed,2026-05-01T11:30:00Z,2026-05-01T12:02:00Z,32
1828921,Border,TARN TARAN,Udhonangal,Unplanned,Closed,2026-05-01T11:25:00Z,2026-05-01T12:20:12Z,55
1828885,Border,GURDASPUR,SADARANG,Unplanned,Closed,2026-05-01T11:25:00Z,2026-05-01T12:45:00Z,80
1828874,North,HOSHIARPUR,NIKKIWAL,Unplanned,Closed,2026-05-01T11:25:00Z,2026-05-01T11:50:00Z,25
1828873,North,HOSHIARPUR,11 KV Kotli,Unplanned,Closed,2026-05-01T11:25:00Z,2026-05-01T11:50:00Z,25
1828872,North,HOSHIARPUR,11 KV KAILON,Unplanned,Closed,2026-05-01T11:25:00Z,2026-05-01T11:50:00Z,25
1828870,North,HOSHIARPUR,BHUNGA,Unplanned,Closed,2026-05-01T11:25:00Z,2026-05-01T11:50:00Z,25
1828869,North,HOSHIARPUR,HARIANA,Unplanned,Closed,2026-05-01T11:25:00Z,2026-05-01T11:50:00Z,25
1828868,North,HOSHIARPUR,GUGGA-PATTI,Unplanned,Closed,2026-05-01T11:25:00Z,2026-05-01T11:50:00Z,25
1828920,Border,TARN TARAN,MEHTA URBAN-I,Unplanned,Closed,2026-05-01T11:20:00Z,2026-05-01T12:15:35Z,55
1828864,North,NAWANSHAHR,Fambra,Unplanned,Closed,2026-05-01T11:20:00Z,2026-05-01T12:02:00Z,42
1828862,Central,KHANNA,Hoshpital,Unplanned,Closed,2026-05-01T11:18:00Z,2026-05-01T12:06:00Z,48
1828861,Central,KHANNA,City-2 khanna,Unplanned,Closed,2026-05-01T11:18:00Z,2026-05-01T12:06:00Z,48
1828860,North,HOSHIARPUR,Rajpur Ups,Unplanned,Closed,2026-05-01T11:17:00Z,2026-05-01T11:50:00Z,33
1828858,Central,CITY WEST LUDHIANA,SATSANG GHAR,Unplanned,Closed,2026-05-01T11:15:29Z,2026-05-01T11:52:31Z,37
1828897,North,JALANDHAR,HOUSING BOARD,Unplanned,Closed,2026-05-01T11:15:00Z,2026-05-01T11:45:00Z,30
1828857,Central,KHANNA,Nandi Colony,Unplanned,Closed,2026-05-01T11:11:00Z,2026-05-01T14:35:00Z,204
1828852,South,SANGRUR,Dera rajputa,Planned,Closed,2026-05-01T11:04:41Z,2026-05-01T12:04:41Z,60
1828851,South,SANGRUR,S/S,Planned,Closed,2026-05-01T11:04:41Z,2026-05-01T12:04:41Z,60
1828850,South,SANGRUR,ARNO UPS,Planned,Closed,2026-05-01T11:04:41Z,2026-05-01T12:04:41Z,60
1828849,South,SANGRUR,S/S,Planned,Closed,2026-05-01T11:03:58Z,2026-05-01T12:03:58Z,60
1828848,South,SANGRUR,MATAULI CITY,Planned,Closed,2026-05-01T11:03:58Z,2026-05-01T12:03:58Z,60
1828847,South,SANGRUR,KHANOURI 1,Planned,Closed,2026-05-01T11:03:22Z,2026-05-01T12:03:22Z,60
1828846,South,SANGRUR,UPS TEIPUR,Planned,Closed,2026-05-01T11:03:22Z,2026-05-01T12:03:22Z,60
1828845,South,SANGRUR,S/S,Planned,Closed,2026-05-01T11:03:22Z,2026-05-01T12:03:22Z,60
1828844,South,SANGRUR,UPS THRWA,Planned,Closed,2026-05-01T11:03:22Z,2026-05-01T12:03:22Z,60
1828843,South,SANGRUR,KHANOURI  PEER,Planned,Closed,2026-05-01T11:03:22Z,2026-05-01T12:03:22Z,60
1828842,South,SANGRUR,KHANOURI-2,Planned,Closed,2026-05-01T11:03:22Z,2026-05-01T12:03:22Z,60
1828840,Central,CITY WEST LUDHIANA,Rajguru Nagar,Planned,Closed,2026-05-01T11:02:57Z,2026-05-01T14:15:31Z,192
1828839,South,SANGRUR,UPS KUANDERI,Planned,Closed,2026-05-01T11:02:27Z,2026-05-01T12:02:27Z,60
1828838,South,SANGRUR,SHATRANA CITY +ssa nagar adda,Planned,Closed,2026-05-01T11:02:27Z,2026-05-01T12:02:27Z,60
1828837,South,SANGRUR,CITY-3,Planned,Closed,2026-05-01T11:02:27Z,2026-05-01T12:02:27Z,60
1828836,South,SANGRUR,OM THIRED MILL,Planned,Closed,2026-05-01T11:02:27Z,2026-05-01T12:02:27Z,60
1828835,South,SANGRUR,PATRAN SPINTAX,Planned,Closed,2026-05-01T11:02:27Z,2026-05-01T12:02:27Z,60
1828834,South,SANGRUR,11 KV UPS NAIWALA,Planned,Closed,2026-05-01T11:02:27Z,2026-05-01T12:02:27Z,60
1828833,South,SANGRUR,11 KV GUPTA MOTOR,Planned,Closed,2026-05-01T11:02:27Z,2026-05-01T12:02:27Z,60
1828832,South,SANGRUR,RNG - cat 4,Planned,Closed,2026-05-01T11:02:27Z,2026-05-01T12:02:27Z,60
1828831,South,SANGRUR,UPS PAIND,Planned,Closed,2026-05-01T11:02:27Z,2026-05-01T12:02:27Z,60
1828830,South,SANGRUR,Ups Shadipur,Planned,Closed,2026-05-01T11:02:27Z,2026-05-01T12:02:27Z,60
1828829,South,SANGRUR,S/S,Planned,Closed,2026-05-01T11:02:27Z,2026-05-01T12:02:27Z,60
1828854,North,HOSHIARPUR,Ghanta Ghar,Unplanned,Closed,2026-05-01T11:02:00Z,2026-05-01T12:19:00Z,77
1828855,East,MOHALI,11KV DURALI UPS,Planned,Closed,2026-05-01T11:01:26Z,2026-05-01T12:01:00Z,59
1828856,East,MOHALI,11KV MANAULI AP,Planned,Closed,2026-05-01T11:01:00Z,2026-05-01T12:00:00Z,59
1828853,East,ROPAR,11 KV Kotla,Unplanned,Closed,2026-05-01T11:01:00Z,2026-05-01T11:40:00Z,39
1828841,North,JALANDHAR,TRIBUNE,Unplanned,Closed,2026-05-01T11:00:00Z,2026-05-01T11:54:00Z,54
1828828,North,JALANDHAR,Begampura,Unplanned,Closed,2026-05-01T11:00:00Z,2026-05-01T11:15:00Z,15
1828827,North,JALANDHAR,JAITEWALI,Unplanned,Closed,2026-05-01T10:59:00Z,2026-05-01T11:15:00Z,16
1828826,North,JALANDHAR,NANGAL FATEHKHAN,Unplanned,Closed,2026-05-01T10:58:00Z,2026-05-01T11:12:00Z,14
1828824,South,SANGRUR,Sadar Bazar,Unplanned,Closed,2026-05-01T10:56:09Z,2026-05-01T11:51:31Z,55
1828823,South,SANGRUR,MANGWAL,Unplanned,Closed,2026-05-01T10:55:43Z,2026-05-01T11:49:44Z,54
1828821,South,PATIALA,Thuhi Road,Unplanned,Closed,2026-05-01T10:52:00Z,2026-05-01T12:20:00Z,88
1828822,South,PATIALA,MAGGAR,Unplanned,Closed,2026-05-01T10:50:00Z,2026-05-01T11:55:00Z,65
1828825,North,JALANDHAR,Heera pur,Unplanned,Closed,2026-05-01T10:49:00Z,2026-05-01T11:22:00Z,33
1828817,East,ROPAR,Bela,Unplanned,Closed,2026-05-01T10:45:00Z,2026-05-01T12:25:00Z,100
1828815,East,ROPAR,11KV KHERI,Unplanned,Closed,2026-05-01T10:45:00Z,2026-05-01T12:25:00Z,100
1828812,East,ROPAR,11 KV Absolute,Planned,Closed,2026-05-01T10:40:40Z,2026-05-01T12:20:40Z,100
1828811,East,ROPAR,11 KV COD,Planned,Closed,2026-05-01T10:40:40Z,2026-05-01T12:20:40Z,100
1828810,East,ROPAR,11 KV Casa Homes,Planned,Closed,2026-05-01T10:40:40Z,2026-05-01T12:20:40Z,100
1828809,East,ROPAR,AHWO-1,Planned,Closed,2026-05-01T10:40:40Z,2026-05-01T12:20:40Z,100
1828808,East,ROPAR,Orchard County,Planned,Closed,2026-05-01T10:40:40Z,2026-05-01T12:20:40Z,100
1828807,East,ROPAR,Ansal-1,Planned,Closed,2026-05-01T10:40:40Z,2026-05-01T12:20:40Z,100
1828806,East,ROPAR,Ansal-2,Planned,Closed,2026-05-01T10:40:40Z,2026-05-01T12:20:40Z,100
1828816,South,PATIALA,Focal Point-III,Unplanned,Closed,2026-05-01T10:40:00Z,2026-05-01T12:25:00Z,105
1828859,Border,TARN TARAN,MIANWIND URBAN,Unplanned,Closed,2026-05-01T10:37:00Z,2026-05-01T11:40:56Z,63
1828819,North,JALANDHAR,MANKO,Unplanned,Closed,2026-05-01T10:35:00Z,2026-05-01T11:15:00Z,40
1828813,North,HOSHIARPUR,BHKALA,Unplanned,Closed,2026-05-01T10:33:00Z,2026-05-01T11:05:00Z,32
1828820,Border,TARN TARAN,24 HRS CHUTALA,Unplanned,Closed,2026-05-01T10:30:00Z,2026-05-01T12:05:00Z,95
1828818,East,MOHALI,Sector-113,Unplanned,Closed,2026-05-01T10:30:00Z,2026-05-01T12:20:16Z,110
1828814,North,HOSHIARPUR,Naurangabad,Unplanned,Closed,2026-05-01T10:30:00Z,2026-05-01T11:20:00Z,50
1828802,North,HOSHIARPUR,KHUN KHUN,Unplanned,Closed,2026-05-01T10:30:00Z,2026-05-01T10:35:00Z,5
1828803,North,JALANDHAR,RAMCO COLONY,Unplanned,Closed,2026-05-01T10:28:00Z,2026-05-01T11:05:00Z,37
1828786,Central,CITY WEST LUDHIANA,BASANT AVENUE,Unplanned,Closed,2026-05-01T10:23:50Z,2026-05-01T13:08:00Z,164
1828780,Border,CITY AMRITSAR,Head Water Works Road,Unplanned,Closed,2026-05-01T10:18:00Z,2026-05-01T10:40:00Z,22
1828784,North,JALANDHAR,SANTOKHPURA,Unplanned,Closed,2026-05-01T10:17:00Z,2026-05-01T10:55:00Z,38
1828783,North,NAWANSHAHR,GOLUMAJRA,Unplanned,Closed,2026-05-01T10:17:00Z,2026-05-01T10:55:00Z,38
1828787,East,MOHALI,SEC 63,Unplanned,Closed,2026-05-01T10:15:00Z,2026-05-01T10:32:00Z,17
1828782,South,PATIALA,JAMITGARH UPS,Unplanned,Closed,2026-05-01T10:15:00Z,2026-05-01T12:01:00Z,106
1828781,North,HOSHIARPUR,NOORPUR,Unplanned,Closed,2026-05-01T10:15:00Z,2026-05-01T12:10:00Z,115
1828776,North,HOSHIARPUR,Pandori Attwal,Unplanned,Closed,2026-05-01T10:14:00Z,2026-05-01T11:00:00Z,46
1828785,North,NAWANSHAHR,DUGRI,Unplanned,Closed,2026-05-01T10:12:00Z,2026-05-01T10:31:00Z,19
1828778,North,NAWANSHAHR,CHUSHMA,Unplanned,Closed,2026-05-01T10:10:00Z,2026-05-01T11:10:00Z,60
1828775,North,HOSHIARPUR,11 KV Bhikhowal,Unplanned,Closed,2026-05-01T10:10:00Z,2026-05-01T10:25:00Z,15
1828774,North,HOSHIARPUR,Mokal,Unplanned,Closed,2026-05-01T10:10:00Z,2026-05-01T11:55:00Z,105
1828773,North,HOSHIARPUR,SOTLA,Unplanned,Closed,2026-05-01T10:10:00Z,2026-05-01T10:25:00Z,15
1828772,North,HOSHIARPUR,BAGPUR,Unplanned,Closed,2026-05-01T10:10:00Z,2026-05-01T10:25:00Z,15
1828771,North,HOSHIARPUR,11 KV KAILON,Unplanned,Closed,2026-05-01T10:10:00Z,2026-05-01T10:25:00Z,15
1828770,North,HOSHIARPUR,KHUN KHUN,Unplanned,Closed,2026-05-01T10:10:00Z,2026-05-01T10:25:00Z,15
1828779,North,JALANDHAR,COLD STORE,Unplanned,Closed,2026-05-01T10:06:00Z,2026-05-01T11:05:00Z,59
1828769,North,HOSHIARPUR,PAKHOWAL,Unplanned,Closed,2026-05-01T10:05:00Z,2026-05-01T10:55:00Z,50
1828768,North,HOSHIARPUR,NARU NANGAL,Unplanned,Closed,2026-05-01T10:05:00Z,2026-05-01T10:45:00Z,40
1828767,North,JALANDHAR,KATHAR,Unplanned,Closed,2026-05-01T10:05:00Z,2026-05-01T10:20:00Z,15
1828765,North,NAWANSHAHR,RATTEWAL,Unplanned,Closed,2026-05-01T10:05:00Z,2026-05-01T10:34:00Z,29
1828766,South,PATIALA,ups Ambala Road,Unplanned,Closed,2026-05-01T10:02:00Z,2026-05-01T11:32:00Z,90
1828204,East,Zirakpur,SEVEN STAR,Planned,Closed,2026-05-01T10:00:39Z,2026-05-01T14:25:39Z,265
1828203,East,Zirakpur,K AREA,Planned,Closed,2026-05-01T10:00:39Z,2026-05-01T14:25:39Z,265
1828202,East,Zirakpur,PREET COLONY,Planned,Closed,2026-05-01T10:00:39Z,2026-05-01T14:25:39Z,265
1828201,East,Zirakpur,BALTANA,Planned,Closed,2026-05-01T10:00:39Z,2026-05-01T14:50:39Z,290
1828200,East,Zirakpur,KALGIDHAR,Planned,Closed,2026-05-01T10:00:39Z,2026-05-01T14:25:39Z,265
1828199,East,Zirakpur,S S INFRA,Planned,Closed,2026-05-01T10:00:39Z,2026-05-01T14:25:39Z,265
1828198,East,Zirakpur,TRIBUNE COLONY,Planned,Closed,2026-05-01T10:00:39Z,2026-05-01T13:55:39Z,235
1828197,East,Zirakpur,SUNNY ENCLAVE,Planned,Closed,2026-05-01T10:00:39Z,2026-05-01T14:25:39Z,265
1828196,East,Zirakpur,GBM,Planned,Closed,2026-05-01T10:00:39Z,2026-05-01T14:55:39Z,295
1828195,East,Zirakpur,Vasant Vihar,Planned,Closed,2026-05-01T10:00:39Z,2026-05-01T13:55:39Z,235
1828194,East,Zirakpur,Bauli Sahib,Planned,Closed,2026-05-01T10:00:39Z,2026-05-01T14:25:39Z,265
1828193,East,Zirakpur,PANCHSHEEL,Planned,Closed,2026-05-01T10:00:39Z,2026-05-01T14:25:39Z,265
1828192,East,Zirakpur,OXFORD STREET,Planned,Closed,2026-05-01T10:00:39Z,2026-05-01T14:25:39Z,265
1828191,East,Zirakpur,SAINI VIHAR,Planned,Closed,2026-05-01T10:00:39Z,2026-05-01T14:25:39Z,265
1828190,East,Zirakpur,BIG BAZAAR,Planned,Closed,2026-05-01T10:00:39Z,2026-05-01T14:25:39Z,265
1828189,East,Zirakpur,KALKA ROAD,Planned,Closed,2026-05-01T10:00:39Z,2026-05-01T14:25:39Z,265
1828801,East,ROPAR,11KV UNIVERSITY FEEDER,Planned,Closed,2026-05-01T10:00:09Z,2026-05-01T12:20:09Z,140
1828800,East,ROPAR,NATURE HUT,Planned,Closed,2026-05-01T10:00:09Z,2026-05-01T12:20:09Z,140
1828799,East,ROPAR,11 KV Landran Road,Planned,Closed,2026-05-01T10:00:09Z,2026-05-01T12:20:09Z,140
1828798,East,ROPAR,11 KV Arya College Road,Planned,Closed,2026-05-01T10:00:09Z,2026-05-01T12:20:09Z,140
1828797,East,ROPAR,11KV JPTL,Planned,Closed,2026-05-01T10:00:09Z,2026-05-01T12:20:09Z,140
1828796,East,ROPAR,ACME HEIGHT,Planned,Closed,2026-05-01T10:00:09Z,2026-05-01T12:20:09Z,140
1828795,East,ROPAR,11 KV Sector 115,Planned,Closed,2026-05-01T10:00:09Z,2026-05-01T12:20:09Z,140
1828794,East,ROPAR,11 KV Badala Road,Planned,Closed,2026-05-01T10:00:09Z,2026-05-01T12:20:09Z,140
1828793,East,ROPAR,11KV CGC JHANJHERI,Planned,Closed,2026-05-01T10:00:09Z,2026-05-01T12:20:09Z,140
1828792,East,ROPAR,11KV Royal Home Feeder,Planned,Closed,2026-05-01T10:00:09Z,2026-05-01T12:20:09Z,140
1828791,East,ROPAR,Swaraj,Planned,Closed,2026-05-01T10:00:09Z,2026-05-01T12:20:09Z,140
1828790,East,ROPAR,11KV Shvalik Heights,Planned,Closed,2026-05-01T10:00:09Z,2026-05-01T12:20:09Z,140
1828789,East,ROPAR,SOM  DUTT,Planned,Closed,2026-05-01T10:00:09Z,2026-05-01T12:20:09Z,140
1828788,East,ROPAR,11KV Gillco Velly,Planned,Closed,2026-05-01T10:00:09Z,2026-05-01T12:20:09Z,140
1828188,East,Zirakpur,SAVITRY GREEN 2,Planned,Closed,2026-05-01T10:00:03Z,2026-05-01T13:55:03Z,235
1828187,East,Zirakpur,EKTA VIHAR,Planned,Closed,2026-05-01T10:00:03Z,2026-05-01T13:55:03Z,235
1828186,East,Zirakpur,11KV  SUSHMA,Planned,Closed,2026-05-01T10:00:03Z,2026-05-01T13:55:03Z,235
1828185,East,Zirakpur,11 KV Aero Home Feeder,Planned,Closed,2026-05-01T10:00:03Z,2026-05-01T13:55:03Z,235
1828184,East,Zirakpur,11KV Dream Home,Planned,Closed,2026-05-01T10:00:03Z,2026-05-01T13:55:03Z,235
1828183,East,Zirakpur,HARMILAP NAGAR,Planned,Closed,2026-05-01T10:00:03Z,2026-05-01T13:55:03Z,235
1828182,East,Zirakpur,DHAKOLI,Planned,Closed,2026-05-01T10:00:03Z,2026-05-01T13:55:03Z,235
1828181,East,Zirakpur,SACHKHAND SAHIB,Planned,Closed,2026-05-01T10:00:03Z,2026-05-01T13:55:03Z,235
1828180,East,Zirakpur,KHANNA,Planned,Closed,2026-05-01T10:00:03Z,2026-05-01T13:55:03Z,235
1828179,East,Zirakpur,11kv Hanumant Feeder,Planned,Closed,2026-05-01T10:00:03Z,2026-05-01T13:55:03Z,235
1828178,East,Zirakpur,TRY CITY,Planned,Closed,2026-05-01T10:00:03Z,2026-05-01T13:55:03Z,235
1828177,East,Zirakpur,REGLIYA,Planned,Closed,2026-05-01T10:00:03Z,2026-05-01T13:55:03Z,235
1828176,East,Zirakpur,ESCON ERENA,Planned,Closed,2026-05-01T10:00:03Z,2026-05-01T13:55:03Z,235
1828175,East,Zirakpur,PEER MUCHHALA,Planned,Closed,2026-05-01T10:00:03Z,2026-05-01T13:55:03Z,235
1828174,East,Zirakpur,CITY COURT,Planned,Closed,2026-05-01T10:00:03Z,2026-05-01T13:55:03Z,235
1828173,East,Zirakpur,SANULI,Planned,Closed,2026-05-01T10:00:03Z,2026-05-01T13:55:03Z,235
1828758,North,NAWANSHAHR,JINDAPUR,Unplanned,Closed,2026-05-01T09:58:00Z,2026-05-01T10:55:00Z,57
1828777,North,JALANDHAR,KADIAN,Unplanned,Closed,2026-05-01T09:57:00Z,2026-05-01T12:45:00Z,168
1828755,Central,KHANNA,Ismailpur feeder,Unplanned,Closed,2026-05-01T09:53:00Z,2026-05-01T10:35:00Z,42
1828754,Central,CITY WEST LUDHIANA,Baghi Stand,Unplanned,Closed,2026-05-01T09:51:45Z,2026-05-01T10:37:04Z,45
1828756,South,PATIALA,JAND MANGOLI,Unplanned,Closed,2026-05-01T09:50:59Z,2026-05-01T13:35:14Z,224
1828751,South,PATIALA,KOLEHMAJRA (GANOUR),Unplanned,Closed,2026-05-01T09:50:59Z,2026-05-01T11:55:01Z,124
1828763,East,MOHALI,CHARBARH UPS,Planned,Closed,2026-05-01T09:50:44Z,2026-05-01T10:01:00Z,10
1828759,East,MOHALI,ALAMPUR UPS,Planned,Closed,2026-05-01T09:50:16Z,2026-05-01T10:01:00Z,10
1828764,East,MOHALI,BALMAJRA AP,Planned,Closed,2026-05-01T09:50:00Z,2026-05-01T10:01:43Z,11
1828762,South,PATIALA,UPS 3-Wire Shambhu,Unplanned,Closed,2026-05-01T09:50:00Z,2026-05-01T10:45:00Z,55
1828761,East,MOHALI,THUA AP,Planned,Closed,2026-05-01T09:50:00Z,2026-05-01T10:01:00Z,11
1828760,East,MOHALI,MOHIKHURD AP,Planned,Closed,2026-05-01T09:50:00Z,2026-05-01T10:01:00Z,11
1828757,North,HOSHIARPUR,BHOGPUR NO 2,Unplanned,Closed,2026-05-01T09:50:00Z,2026-05-01T10:55:00Z,65
1828750,North,HOSHIARPUR,RALHAN,Unplanned,Closed,2026-05-01T09:49:00Z,2026-05-01T11:20:37Z,91
1828752,North,HOSHIARPUR,CHAUNNI,Unplanned,Closed,2026-05-01T09:46:00Z,2026-05-01T10:26:00Z,40
1828748,North,KAPURTHALA,URBAN MODEL TOWN Shahkot,Unplanned,Closed,2026-05-01T09:45:00Z,2026-05-01T11:32:00Z,107
1828742,Central,CITY WEST LUDHIANA,Durga Mandir,Planned,Closed,2026-05-01T09:41:42Z,2026-05-01T13:45:45Z,244
1828746,North,HOSHIARPUR,BOHAN,Unplanned,Closed,2026-05-01T09:40:00Z,2026-05-01T12:25:00Z,165
1828745,North,JALANDHAR,KHIALA,Unplanned,Closed,2026-05-01T09:40:00Z,2026-05-01T10:00:00Z,20
1828741,Central,CITY WEST LUDHIANA,MEHMOODPURA,Planned,Closed,2026-05-01T09:38:14Z,2026-05-01T11:02:55Z,84
1828747,Central,CITY WEST LUDHIANA,BANK  COLONY,Unplanned,Closed,2026-05-01T09:38:01Z,2026-05-01T10:33:31Z,55
1828744,North,HOSHIARPUR,BILASPUR,Unplanned,Closed,2026-05-01T09:38:00Z,2026-05-01T11:20:00Z,102
1828732,North,HOSHIARPUR,PATHRALIAN,Unplanned,Closed,2026-05-01T09:31:00Z,2026-05-01T09:45:00Z,14
1828753,East,MOHALI,MOHIKHURD AP,Unplanned,Closed,2026-05-01T09:30:00Z,2026-05-01T09:40:00Z,10
1828739,Border,GURDASPUR,Roranwali 24 hrs.,Unplanned,Closed,2026-05-01T09:30:00Z,2026-05-01T10:41:55Z,71
1828736,South,PATIALA,SOGALPUR UPS,Unplanned,Closed,2026-05-01T09:30:00Z,2026-05-01T11:50:00Z,140
1828749,East,MOHALI,KANOUR,Unplanned,Closed,2026-05-01T09:27:00Z,2026-05-01T11:00:00Z,93
1828722,East,MOHALI,INDUSTRIAL-II,Unplanned,Closed,2026-05-01T09:25:45Z,2026-05-01T09:52:00Z,26
1828740,North,JALANDHAR,KANG SABOO,Unplanned,Closed,2026-05-01T09:25:00Z,2026-05-01T11:50:00Z,145
1828733,Border,GURDASPUR,24hrs Shuhar,Unplanned,Closed,2026-05-01T09:25:00Z,2026-05-01T13:25:00Z,240
1828726,North,KAPURTHALA,UPS TANDA AURA,Unplanned,Closed,2026-05-01T09:25:00Z,2026-05-01T12:30:00Z,185
1828727,Border,SUB URBAN AMRITSAR,24 Hrs Bhullar,Unplanned,Closed,2026-05-01T09:21:00Z,2026-05-01T12:24:00Z,183
1828725,Border,SUB URBAN AMRITSAR,UPS JAHNJOTI,Unplanned,Closed,2026-05-01T09:21:00Z,2026-05-01T09:49:00Z,28
1828743,Border,SUB URBAN AMRITSAR,DAYA NAND NAGAR,Unplanned,Closed,2026-05-01T09:20:00Z,2026-05-01T09:50:00Z,30
1828737,East,MOHALI,BASMA,Planned,Closed,2026-05-01T09:20:00Z,2026-05-01T10:01:00Z,41
1828735,East,MOHALI,GHARAMA AP,Planned,Closed,2026-05-01T09:20:00Z,2026-05-01T10:01:00Z,41
1828734,East,MOHALI,KHERIGURNA AP,Planned,Closed,2026-05-01T09:20:00Z,2026-05-01T10:01:00Z,41
1828731,East,MOHALI,MOHIKALAN UPS,Planned,Closed,2026-05-01T09:20:00Z,2026-05-01T10:05:00Z,45
1828730,East,MOHALI,SIGMA,Planned,Closed,2026-05-01T09:20:00Z,2026-05-01T10:01:00Z,41
1828729,East,MOHALI,LOGISTIC,Planned,Closed,2026-05-01T09:20:00Z,2026-05-01T10:01:00Z,41
1828728,Border,GURDASPUR,Sathiali 24 hrs.,Unplanned,Closed,2026-05-01T09:20:00Z,2026-05-01T10:49:00Z,89
1828723,North,HOSHIARPUR,NESHRA PATAN,Unplanned,Closed,2026-05-01T09:20:00Z,2026-05-01T11:35:00Z,135
1828720,North,HOSHIARPUR,11KV BHATOLIAN,Unplanned,Closed,2026-05-01T09:20:00Z,2026-05-01T09:55:00Z,35
1828721,South,PATIALA,11 KV RAO MAJRA,Unplanned,Closed,2026-05-01T09:15:30Z,2026-05-01T11:25:35Z,130
1828738,Central,SUB URBAN LUDHIANA,CITY-5,Unplanned,Closed,2026-05-01T09:15:00Z,2026-05-01T12:00:00Z,165
1828719,South,PATIALA,FAGGANMAJRA UPS,Unplanned,Closed,2026-05-01T09:15:00Z,2026-05-01T10:01:50Z,46
1828716,North,HOSHIARPUR,CHAK KHELA,Unplanned,Closed,2026-05-01T09:15:00Z,2026-05-01T10:10:00Z,55
1828714,Central,CITY WEST LUDHIANA,DYAL NAGAR,Planned,Closed,2026-05-01T09:12:03Z,2026-05-01T11:46:34Z,154
1828713,Central,CITY WEST LUDHIANA,11 KV AARTI CHOWK,Planned,Closed,2026-05-01T09:12:03Z,2026-05-01T11:39:34Z,147
1828712,Central,CITY WEST LUDHIANA,Maharaj Nagar,Planned,Closed,2026-05-01T09:12:03Z,2026-05-01T11:42:34Z,150
1828711,Central,CITY WEST LUDHIANA,GHUMAR MANDI2,Planned,Closed,2026-05-01T09:12:03Z,2026-05-01T11:47:34Z,155
1828710,Central,CITY WEST LUDHIANA,MARITORIOUS SCHOOL,Planned,Closed,2026-05-01T09:12:03Z,2026-05-01T11:44:34Z,152
1828709,Central,CITY WEST LUDHIANA,TAGORE NAGAR,Planned,Closed,2026-05-01T09:12:03Z,2026-05-01T11:45:34Z,153
1828708,Central,CITY WEST LUDHIANA,MAYA NAGAR,Planned,Closed,2026-05-01T09:12:03Z,2026-05-01T11:45:34Z,153
1828707,Central,CITY WEST LUDHIANA,TELEPHONE EXCHANGE,Planned,Closed,2026-05-01T09:12:03Z,2026-05-01T11:42:34Z,150
1828706,Central,CITY WEST LUDHIANA,GOBIND NAGAR,Planned,Closed,2026-05-01T09:12:03Z,2026-05-01T11:42:34Z,150
1828724,Border,TARN TARAN,BHATIKE,Unplanned,Closed,2026-05-01T09:10:39Z,2026-05-01T11:30:59Z,140
1828715,North,NAWANSHAHR,RATTEWAL,Unplanned,Closed,2026-05-01T09:10:00Z,2026-05-01T09:32:00Z,22
1828717,North,HOSHIARPUR,MEGHOWAL,Unplanned,Closed,2026-05-01T09:05:00Z,2026-05-01T09:50:00Z,45
1828705,Border,GURDASPUR,TALWANDI,Unplanned,Closed,2026-05-01T09:05:00Z,2026-05-01T10:15:00Z,70
1828704,Border,GURDASPUR,LOHCHAP,Unplanned,Closed,2026-05-01T09:05:00Z,2026-05-01T10:10:00Z,65
1828703,South,PATIALA,Nizamniwala,Unplanned,Closed,2026-05-01T09:05:00Z,2026-05-01T10:10:30Z,65
1828702,East,MOHALI,KHERIGURNA AP,Unplanned,Closed,2026-05-01T09:05:00Z,2026-05-01T09:15:26Z,10
1828718,South,PATIALA,11KV FAGGANMAJRA,Unplanned,Closed,2026-05-01T09:01:09Z,2026-05-01T13:00:33Z,239
1828693,North,JALANDHAR,EKTA NAGAR,Unplanned,Closed,2026-05-01T08:57:00Z,2026-05-01T09:21:00Z,24
1828691,South,PATIALA,11 KV AP DAUN KALAN,Unplanned,Closed,2026-05-01T08:55:24Z,2026-05-01T10:20:13Z,84
1828700,East,MOHALI,KHALOUR,Unplanned,Closed,2026-05-01T08:55:00Z,2026-05-01T10:40:00Z,105
1828698,East,MOHALI,GHARAMA AP,Unplanned,Closed,2026-05-01T08:55:00Z,2026-05-01T09:15:00Z,20
1828690,Central,CITY WEST LUDHIANA,BUS STAND,Unplanned,Closed,2026-05-01T08:54:47Z,2026-05-01T09:22:10Z,27
1828696,East,MOHALI,KURALI,Unplanned,Closed,2026-05-01T08:52:00Z,2026-05-01T10:03:02Z,71
1828697,East,MOHALI,11KV MANAULI AP,Unplanned,Closed,2026-05-01T08:50:00Z,2026-05-01T09:30:02Z,40
1828695,North,HOSHIARPUR,PATTI NO-2,Unplanned,Closed,2026-05-01T08:50:00Z,2026-05-01T09:35:00Z,45
1828694,Border,GURDASPUR,SATKOHA,Unplanned,Closed,2026-05-01T08:50:00Z,2026-05-01T15:30:00Z,400
1828689,North,KAPURTHALA,UPS Badli Adda,Unplanned,Closed,2026-05-01T08:50:00Z,2026-05-01T11:05:00Z,135
1828687,Border,GURDASPUR,Choudharywal,Unplanned,Closed,2026-05-01T08:46:00Z,2026-05-01T09:14:00Z,28
1828699,South,PATIALA,11KV DAULATPUR,Unplanned,Closed,2026-05-01T08:45:00Z,2026-05-01T12:15:54Z,210
1828680,Border,GURDASPUR,Behrian,Unplanned,Closed,2026-05-01T08:43:00Z,2026-05-01T09:36:00Z,53
1828686,North,HOSHIARPUR,Tajowal,Unplanned,Closed,2026-05-01T08:41:00Z,2026-05-01T10:35:00Z,114
1828683,South,PATIALA,11 AAKAR,Unplanned,Closed,2026-05-01T08:41:00Z,2026-05-01T13:05:59Z,264
1828685,Central,SUB URBAN LUDHIANA,UPS,Unplanned,Closed,2026-05-01T08:40:59Z,2026-05-01T11:10:16Z,149
1828682,South,PATIALA,11 KV AP FATEHPUR,Unplanned,Closed,2026-05-01T08:40:00Z,2026-05-01T09:10:04Z,30
1828681,North,HOSHIARPUR,KHARKAN,Unplanned,Closed,2026-05-01T08:40:00Z,2026-05-01T09:28:00Z,48
1828678,Central,CITY EAST LUDHIANA,NEW VISHNUPURI,Unplanned,Closed,2026-05-01T08:40:00Z,2026-05-01T10:30:00Z,110
1828679,Border,CITY AMRITSAR,CIRCULAR ROAD,Unplanned,Closed,2026-05-01T08:38:50Z,2026-05-01T09:44:38Z,65
1828673,North,NAWANSHAHR,SHAHPUR,Unplanned,Closed,2026-05-01T08:36:00Z,2026-05-01T09:07:00Z,31
1828692,Border,GURDASPUR,PASSNAWAL,Unplanned,Closed,2026-05-01T08:35:00Z,2026-05-01T09:55:00Z,80
1828688,Border,GURDASPUR,KALER,Unplanned,Closed,2026-05-01T08:35:00Z,2026-05-01T12:35:00Z,240
1828684,North,HOSHIARPUR,Chaggran,Unplanned,Closed,2026-05-01T08:35:00Z,2026-05-01T10:30:00Z,115
1828676,Central,KHANNA,Satnam,Unplanned,Closed,2026-05-01T08:35:00Z,2026-05-01T09:20:00Z,45
1828675,North,NAWANSHAHR,PARAGPUR,Unplanned,Closed,2026-05-01T08:35:00Z,2026-05-01T10:36:00Z,121
1828672,North,NAWANSHAHR,BIRAMPUR,Unplanned,Closed,2026-05-01T08:35:00Z,2026-05-01T09:06:00Z,31
1828669,Central,CITY WEST LUDHIANA,MEHMOODPURA,Unplanned,Closed,2026-05-01T08:33:50Z,2026-05-01T09:30:00Z,56
1828668,North,HOSHIARPUR,11 KV AP KANDI PATIARIAN,Unplanned,Closed,2026-05-01T08:33:00Z,2026-05-01T09:31:00Z,58
1828671,North,NAWANSHAHR,GOLUMAJRA,Unplanned,Closed,2026-05-01T08:30:00Z,2026-05-01T09:30:00Z,60
1828670,North,NAWANSHAHR,PANYALI,Unplanned,Closed,2026-05-01T08:30:00Z,2026-05-01T09:25:00Z,55
1828666,North,JALANDHAR,KATHAR,Unplanned,Closed,2026-05-01T08:20:00Z,2026-05-01T08:30:00Z,10
1828665,North,JALANDHAR,UDHOPUR,Unplanned,Closed,2026-05-01T08:20:00Z,2026-05-01T09:30:00Z,70
1828667,North,HOSHIARPUR,Kot Fatuhi,Unplanned,Closed,2026-05-01T08:18:00Z,2026-05-01T11:25:00Z,187
1828662,North,HOSHIARPUR,11 KV Shri Guru Nanak Nagar,Unplanned,Closed,2026-05-01T08:18:00Z,2026-05-01T10:55:00Z,157
1828659,Central,CITY EAST LUDHIANA,BASTI JODHEWAL,Unplanned,Closed,2026-05-01T08:16:00Z,2026-05-01T10:54:00Z,158
1828664,Border,TARN TARAN,AMONANGAL,Unplanned,Closed,2026-05-01T08:15:41Z,2026-05-01T09:45:46Z,90
1828701,North,JALANDHAR,BADALA,Unplanned,Closed,2026-05-01T08:15:00Z,2026-05-01T11:35:00Z,200
1828661,South,PATIALA,HARMAN,Unplanned,Closed,2026-05-01T08:15:00Z,2026-05-01T11:36:00Z,201
1828674,Border,SUB URBAN AMRITSAR,KOTGURBAX,Unplanned,Closed,2026-05-01T08:14:00Z,2026-05-01T09:10:00Z,56
1828660,North,NAWANSHAHR,BALLOWAL,Unplanned,Closed,2026-05-01T08:10:00Z,2026-05-01T08:35:00Z,25
1828657,North,KAPURTHALA,UPS DALLA,Unplanned,Closed,2026-05-01T08:10:00Z,2026-05-01T08:50:00Z,40
1828655,Central,KHANNA,Kamma,Unplanned,Closed,2026-05-01T08:08:00Z,2026-05-01T11:25:00Z,197
1828677,Border,SUB URBAN AMRITSAR,Fathapur,Unplanned,Closed,2026-05-01T08:05:46Z,2026-05-01T08:25:34Z,19
1828658,Border,TARN TARAN,BOHJA,Unplanned,Closed,2026-05-01T08:05:00Z,2026-05-01T10:20:51Z,135
1828656,North,NAWANSHAHR,BINEWAL,Unplanned,Closed,2026-05-01T08:05:00Z,2026-05-01T09:10:00Z,65
1828654,South,PATIALA,UPS NABHA NO.1,Unplanned,Closed,2026-05-01T08:00:00Z,2026-05-01T08:40:00Z,40
1828663,Border,SUB URBAN AMRITSAR,Pandori UPS,Unplanned,Closed,2026-05-01T07:55:00Z,2026-05-01T12:30:00Z,275
1828652,South,PATIALA,GAJEWAS,Unplanned,Closed,2026-05-01T07:45:00Z,2026-05-01T09:20:25Z,95
1828653,North,JALANDHAR,UDHOPUR,Unplanned,Closed,2026-05-01T07:42:00Z,2026-05-01T07:47:00Z,5
1828650,North,HOSHIARPUR,RAMPUR,Unplanned,Closed,2026-05-01T07:36:00Z,2026-05-01T08:40:00Z,64
1828647,Central,CITY WEST LUDHIANA,Chander Nagar,Planned,Closed,2026-05-01T07:30:02Z,2026-05-01T09:26:47Z,116
1828649,East,Zirakpur,SANULI,Unplanned,Closed,2026-05-01T07:30:00Z,2026-05-01T08:15:00Z,45
1828646,Central,CITY WEST LUDHIANA,Park Plaza (DC Complex),Planned,Closed,2026-05-01T07:28:37Z,2026-05-01T09:38:18Z,129
1828645,Central,CITY WEST LUDHIANA,11 KV SCADA,Planned,Closed,2026-05-01T07:27:00Z,2026-05-01T09:31:13Z,124
1828644,Central,CITY WEST LUDHIANA,Aarti Chowk,Planned,Closed,2026-05-01T07:27:00Z,2026-05-01T09:32:08Z,125
1828643,Central,CITY WEST LUDHIANA,Malhar Road,Planned,Closed,2026-05-01T07:27:00Z,2026-05-01T09:32:46Z,125
1828642,Central,CITY WEST LUDHIANA,SIGMA,Planned,Closed,2026-05-01T07:27:00Z,2026-05-01T09:33:20Z,126
1828641,Central,CITY WEST LUDHIANA,New Sec. School,Planned,Closed,2026-05-01T07:27:00Z,2026-05-01T09:33:56Z,126
1828640,Central,CITY WEST LUDHIANA,Church Feeder,Planned,Closed,2026-05-01T07:27:00Z,2026-05-01T09:34:52Z,127
1828639,Central,CITY WEST LUDHIANA,H-Block Market,Planned,Closed,2026-05-01T07:27:00Z,2026-05-01T09:36:07Z,129
1828638,Central,CITY WEST LUDHIANA,Durga Mandir,Planned,Closed,2026-05-01T07:27:00Z,2026-05-01T09:36:48Z,129
1828637,Central,CITY WEST LUDHIANA,Deepak Hospital,Planned,Closed,2026-05-01T07:27:00Z,2026-05-01T09:37:29Z,130
1828636,Central,CITY WEST LUDHIANA,Campus,Planned,Closed,2026-05-01T07:25:06Z,2026-05-01T09:27:20Z,122
1828635,Central,CITY WEST LUDHIANA,P.A.U. (Hot Line),Planned,Closed,2026-05-01T07:25:06Z,2026-05-01T09:28:36Z,123
1828633,East,MOHALI,LOGISTIC,Unplanned,Closed,2026-05-01T07:15:00Z,2026-05-01T07:45:01Z,30
1828648,East,MOHALI,11KV Shivalik Vihar,Unplanned,Closed,2026-05-01T07:11:00Z,2026-05-01T08:20:00Z,69
1828634,East,MOHALI,11KV Shivalik,Unplanned,Closed,2026-05-01T07:10:00Z,2026-05-01T07:29:00Z,19
1828624,North,HOSHIARPUR,Tajowal,Unplanned,Closed,2026-05-01T07:10:00Z,2026-05-01T08:40:00Z,90
1828632,Border,TARN TARAN,MANKPURA UPS,Unplanned,Closed,2026-05-01T07:09:00Z,2026-05-01T07:24:00Z,15
1828625,Border,TARN TARAN,GANDIWIND 24 HRS SUPPLY,Unplanned,Closed,2026-05-01T07:06:00Z,2026-05-01T08:06:00Z,60
1828619,Central,CITY WEST LUDHIANA,EXTENSION,Unplanned,Closed,2026-05-01T07:03:25Z,2026-05-01T07:20:00Z,16
1828621,North,JALANDHAR,Ravidass Bhavan,Unplanned,Closed,2026-05-01T07:03:00Z,2026-05-01T07:54:00Z,51
1828631,Central,CITY WEST LUDHIANA,jawahar nagar,Planned,Closed,2026-05-01T07:01:30Z,2026-05-01T09:22:57Z,141
1828630,Central,CITY WEST LUDHIANA,MODEL GRAM,Planned,Closed,2026-05-01T07:01:30Z,2026-05-01T09:22:50Z,141
1828629,Central,CITY WEST LUDHIANA,SITA NAGAR,Planned,Closed,2026-05-01T07:01:30Z,2026-05-01T09:22:41Z,141
1828628,Central,CITY WEST LUDHIANA,RAILWAY LOCO SHED,Planned,Closed,2026-05-01T07:01:30Z,2026-05-01T09:22:33Z,141
1828627,Central,CITY WEST LUDHIANA,ESI,Planned,Closed,2026-05-01T07:01:30Z,2026-05-01T09:21:15Z,139
1828626,Central,CITY WEST LUDHIANA,GULMOHAR,Planned,Closed,2026-05-01T07:01:30Z,2026-05-01T09:21:03Z,139
1828651,North,JALANDHAR,TRIBUNE,Unplanned,Closed,2026-05-01T07:00:00Z,2026-05-01T08:30:00Z,90
1828620,South,PATIALA,UPS RAIPUR,Unplanned,Closed,2026-05-01T06:55:00Z,2026-05-01T10:28:00Z,213
1828622,Border,GURDASPUR,New Batala Road,Unplanned,Closed,2026-05-01T06:45:00Z,2026-05-01T08:15:00Z,90
1828618,North,JALANDHAR,NEW MODEL TOWN,Unplanned,Closed,2026-05-01T06:28:00Z,2026-05-01T07:15:00Z,47
1828617,North,HOSHIARPUR,MANA,Unplanned,Closed,2026-05-01T06:15:00Z,2026-05-01T07:35:00Z,80
1828616,East,MOHALI,11 KV DLF,Unplanned,Closed,2026-05-01T06:15:00Z,2026-05-01T08:54:00Z,159
1828615,Central,CITY WEST LUDHIANA,JAMMU COLONY,Unplanned,Closed,2026-05-01T06:05:43Z,2026-05-01T06:45:02Z,39
1828614,North,JALANDHAR,Nanak Nagri,Unplanned,Closed,2026-05-01T05:45:00Z,2026-05-01T06:25:00Z,40
1828613,Central,CITY WEST LUDHIANA,STAR ROAD FEEDER,Unplanned,Closed,2026-05-01T05:39:07Z,2026-05-01T07:01:34Z,82
1828612,North,NAWANSHAHR,SHAHPUR,Unplanned,Closed,2026-05-01T05:32:00Z,2026-05-01T06:12:00Z,40
1828611,Central,CITY WEST LUDHIANA,CHILDREN PARK,Unplanned,Closed,2026-05-01T05:07:46Z,2026-05-01T05:46:52Z,39
1828610,North,HOSHIARPUR,Chaggran,Unplanned,Closed,2026-05-01T04:50:00Z,2026-05-01T05:45:00Z,55
1828609,Border,SUB URBAN AMRITSAR,11KV City4,Unplanned,Closed,2026-05-01T04:15:00Z,2026-05-01T08:05:00Z,230
1828608,South,PATIALA,HARMAN,Unplanned,Closed,2026-05-01T04:00:00Z,2026-05-01T07:16:00Z,196
1828607,Central,CITY WEST LUDHIANA,G.T.B.,Unplanned,Closed,2026-05-01T03:32:00Z,2026-05-01T04:17:08Z,45
1828606,South,PATIALA,SUNDER SINGH WALA,Unplanned,Closed,2026-05-01T03:00:00Z,2026-05-01T12:30:00Z,570
1828605,North,JALANDHAR,ARJAN NAGAR,Unplanned,Closed,2026-05-01T01:15:00Z,2026-05-01T07:47:00Z,392
1828604,North,JALANDHAR,11KVMARKFEED FEEDER,Unplanned,Closed,2026-05-01T00:50:00Z,2026-05-01T01:25:00Z,35
1828603,East,ROPAR,AILGRAN,Unplanned,Closed,2026-05-01T00:25:00Z,2026-05-01T01:35:00Z,70
1828601,Border,SUB URBAN AMRITSAR,24 Hrs Kohali,Unplanned,Closed,2026-04-30T23:30:29Z,2026-05-01T12:00:00Z,749
1828600,East,Zirakpur,PATIALA ROAD,Planned,Closed,2026-04-30T23:20:00Z,2026-04-30T23:50:00Z,30
1828599,Central,SUB URBAN LUDHIANA,Urban Raikot Adda ( City-1),Unplanned,Closed,2026-04-30T22:50:00Z,2026-04-30T23:30:00Z,40
1828598,Central,CITY EAST LUDHIANA,GURU NANAK DEV NAGAR,Unplanned,Closed,2026-04-30T22:18:00Z,2026-04-30T23:20:00Z,62
1828597,North,JALANDHAR,SANTOKHPURA,Unplanned,Closed,2026-04-30T22:10:00Z,2026-04-30T22:24:00Z,14
1828596,North,JALANDHAR,PREET NAGAR,Unplanned,Closed,2026-04-30T22:10:00Z,2026-04-30T22:35:00Z,25
1828595,Border,GURDASPUR,Burma Shell,Unplanned,Closed,2026-04-30T21:55:00Z,2026-04-30T22:38:00Z,43
1828592,Border,TARN TARAN,UPS MARHANA,Unplanned,Closed,2026-04-30T21:30:00Z,2026-04-30T22:03:01Z,33
1828591,Central,SUB URBAN LUDHIANA,CITY NO 07,Unplanned,Closed,2026-04-30T21:20:00Z,2026-04-30T22:10:00Z,50
1828593,East,MOHALI,CHARBARH UPS,Planned,Closed,2026-04-30T21:15:49Z,2026-04-30T21:35:31Z,19
1828594,North,JALANDHAR,BALLAN,Unplanned,Closed,2026-04-30T21:15:00Z,2026-04-30T22:05:00Z,50
1828590,West,BATHINDA,11 KV NEW URBAN BARETA,Unplanned,Closed,2026-04-30T21:10:00Z,2026-04-30T21:45:00Z,35
1828587,Central,CITY EAST LUDHIANA,BAL SINGH NAGAR,Unplanned,Closed,2026-04-30T21:06:00Z,2026-04-30T21:54:00Z,48
1828589,South,PATIALA,GAJEWAS,Unplanned,Closed,2026-04-30T21:01:00Z,2026-04-30T21:15:25Z,14
1828586,Border,GURDASPUR,24Hrs SUPPLY SEKHWAN,Unplanned,Closed,2026-04-30T20:55:00Z,2026-04-30T21:30:00Z,35
1828583,East,MOHALI,11 KV Kansal,Unplanned,Closed,2026-04-30T20:53:05Z,2026-04-30T21:05:21Z,12
1828582,East,MOHALI,11KV Shivalik Vihar,Unplanned,Closed,2026-04-30T20:53:05Z,2026-04-30T21:05:26Z,12
1828588,West,MUKATSAR,11KV New Jallalabad Road.,Unplanned,Closed,2026-04-30T20:46:00Z,2026-04-30T21:14:00Z,28
1828584,West,BATHINDA,MAGHANIAN UPS,Unplanned,Closed,2026-04-30T20:45:00Z,2026-04-30T21:55:00Z,70
1828580,North,HOSHIARPUR,NARA DADA,Unplanned,Closed,2026-04-30T20:40:00Z,2026-04-30T21:17:00Z,37
1828577,South,PATIALA,Jagdish Colony,Unplanned,Closed,2026-04-30T20:34:00Z,2026-04-30T20:41:00Z,7
1828578,North,JALANDHAR,NEW MODEL TOWN,Unplanned,Closed,2026-04-30T20:28:00Z,2026-04-30T21:18:00Z,50
1828579,South,PATIALA,TDI,Unplanned,Closed,2026-04-30T20:27:00Z,2026-04-30T20:47:00Z,20
1828574,East,MOHALI,NAYA GAON,Unplanned,Closed,2026-04-30T20:26:29Z,2026-04-30T20:48:07Z,21
1828572,East,Zirakpur,NABHA SAHIB,Planned,Closed,2026-04-30T20:15:00Z,2026-04-30T20:26:00Z,11
1828571,East,Zirakpur,SILVERCITY,Planned,Closed,2026-04-30T20:15:00Z,2026-04-30T20:26:00Z,11
1828575,Border,TARN TARAN,UPS Valtoha,Unplanned,Closed,2026-04-30T20:09:00Z,2026-04-30T21:24:17Z,75
1828576,Border,TARN TARAN,UPS Blair,Unplanned,Closed,2026-04-30T20:08:00Z,2026-04-30T21:49:33Z,101
1828585,East,MOHALI,Sec 54,Unplanned,Closed,2026-04-30T20:05:12Z,2026-04-30T21:37:10Z,91
1828573,East,MOHALI,CHARBARH UPS,Planned,Closed,2026-04-30T20:05:00Z,2026-04-30T21:05:54Z,60
1828569,Central,CITY WEST LUDHIANA,ABDULLAPUR BASTI,Unplanned,Closed,2026-04-30T20:03:27Z,2026-04-30T21:10:33Z,67
1828581,East,MOHALI,Sec 55,Unplanned,Closed,2026-04-30T20:00:38Z,2026-04-30T20:57:30Z,56
1828568,North,JALANDHAR,ME LAB,Planned,Closed,2026-04-30T20:00:00Z,2026-04-30T20:16:00Z,16
1828567,Border,TARN TARAN,JEOBALA UPS,Unplanned,Closed,2026-04-30T19:50:00Z,2026-04-30T20:40:00Z,50
1828564,East,Zirakpur,SINGHPURA,Planned,Closed,2026-04-30T19:37:00Z,2026-04-30T19:45:00Z,8
1828563,East,Zirakpur,AMELIA,Planned,Closed,2026-04-30T19:37:00Z,2026-04-30T19:45:00Z,8
1828566,Border,GURDASPUR,SARJACHACK,Unplanned,Closed,2026-04-30T19:30:00Z,2026-04-30T19:55:00Z,25
1828561,North,JALANDHAR,NEW PIONEER SPORTS,Unplanned,Closed,2026-04-30T19:29:00Z,2026-04-30T19:49:00Z,20
1828562,West,BATHINDA,BUNGA SAHIB UPS,Unplanned,Closed,2026-04-30T19:23:00Z,2026-04-30T20:30:00Z,67
1828570,South,BARNALA,PHARWALI,Unplanned,Closed,2026-04-30T19:20:00Z,2026-04-30T20:20:00Z,60
1828559,East,Zirakpur,SAINI VIHAR,Planned,Closed,2026-04-30T19:20:00Z,2026-04-30T20:45:00Z,85
1828558,East,Zirakpur,KALGIDHAR,Planned,Closed,2026-04-30T19:20:00Z,2026-04-30T20:45:00Z,85
1828557,South,PATIALA,BABA DEEP SINGH,Unplanned,Closed,2026-04-30T19:20:00Z,2026-04-30T20:42:00Z,82
1828555,Central,CITY WEST LUDHIANA,M.I.G. FLATS,Unplanned,Closed,2026-04-30T19:19:14Z,2026-04-30T20:31:26Z,72
1828554,Central,KHANNA,IKOLAHA,Unplanned,Closed,2026-04-30T19:18:00Z,2026-04-30T20:41:00Z,83
1828553,Border,CITY AMRITSAR,LAKKAR MANDI,Planned,Closed,2026-04-30T19:17:23Z,2026-04-30T19:35:53Z,18
1828565,South,PATIALA,UPS ALIPUR,Unplanned,Closed,2026-04-30T19:15:00Z,2026-04-30T20:15:50Z,60
1828556,Border,GURDASPUR,Behrian,Unplanned,Closed,2026-04-30T19:12:00Z,2026-04-30T20:10:00Z,58
1828560,Central,SUB URBAN LUDHIANA,city-2,Unplanned,Closed,2026-04-30T19:10:00Z,2026-04-30T20:35:00Z,85
1828549,South,SANGRUR,Roshan Nagar,Unplanned,Closed,2026-04-30T19:08:00Z,2026-04-30T22:06:00Z,178
1828550,North,KAPURTHALA,UPS RAIPUR PEERBUX,Unplanned,Closed,2026-04-30T19:06:00Z,2026-04-30T19:40:00Z,34
1828548,Central,SUB URBAN LUDHIANA,City-4,Unplanned,Closed,2026-04-30T19:05:00Z,2026-04-30T19:50:00Z,45
1828552,Central,KHANNA,MALERKOTLA ROAD,Unplanned,Closed,2026-04-30T19:00:00Z,2026-04-30T20:00:00Z,60
1828551,Central,KHANNA,RAM RAJAYA,Unplanned,Closed,2026-04-30T19:00:00Z,2026-04-30T20:01:00Z,61
1828546,Border,GURDASPUR,Manwal,Unplanned,Closed,2026-04-30T18:58:00Z,2026-04-30T19:28:00Z,30
1828545,Border,GURDASPUR,Seunty,Unplanned,Closed,2026-04-30T18:58:00Z,2026-04-30T19:28:00Z,30
1828547,South,BARNALA,HATHAN CAT.1,Unplanned,Closed,2026-04-30T18:55:00Z,2026-04-30T20:20:00Z,85
1828543,South,BARNALA,KUTHALA CAT-1,Planned,Closed,2026-04-30T18:47:29Z,2026-04-30T20:07:02Z,79
1828544,South,BARNALA,JAMALPURA,Unplanned,Closed,2026-04-30T18:40:00Z,2026-04-30T19:25:00Z,45
1828540,East,Zirakpur,SILVERCITY,Unplanned,Closed,2026-04-30T18:35:00Z,2026-04-30T19:40:00Z,65
1828536,Central,CITY WEST LUDHIANA,SATSANG GHAR,Unplanned,Closed,2026-04-30T18:27:36Z,2026-04-30T18:47:15Z,19
1828532,Border,CITY AMRITSAR,Kot Baba Deep singh,Planned,Closed,2026-04-30T18:26:33Z,2026-04-30T19:22:36Z,56
1828541,South,PATIALA,BAGRIAN CAT-1,Unplanned,Closed,2026-04-30T18:25:00Z,2026-04-30T18:55:00Z,30
1828533,East,MOHALI,Kasauli,Unplanned,Closed,2026-04-30T18:24:32Z,2026-04-30T20:20:58Z,116
1828539,Central,KHANNA,jagat colony,Unplanned,Closed,2026-04-30T18:24:00Z,2026-04-30T18:59:00Z,35
1828538,Central,KHANNA,Friend colony,Unplanned,Closed,2026-04-30T18:24:00Z,2026-04-30T18:47:00Z,23
1828531,East,MOHALI,11KV Shivalik Vihar,Unplanned,Closed,2026-04-30T18:22:32Z,2026-04-30T18:44:46Z,22
1828537,Central,KHANNA,Labour Colony,Unplanned,Closed,2026-04-30T18:22:00Z,2026-04-30T20:01:00Z,99
1828542,East,MOHALI,11 KV Indutrial-4,Unplanned,Closed,2026-04-30T18:20:00Z,2026-04-30T18:48:00Z,28
1828529,North,HOSHIARPUR,KHARDEHER,Unplanned,Closed,2026-04-30T18:19:00Z,2026-04-30T19:36:00Z,77
1828528,South,PATIALA,Nabha Gate,Unplanned,Closed,2026-04-30T18:19:00Z,2026-04-30T19:15:00Z,56
1828527,South,PATIALA,UPS PAWALA,Unplanned,Closed,2026-04-30T18:15:00Z,2026-04-30T18:50:00Z,35
1828523,South,PATIALA,k.k.SCHOOL ROAD,Unplanned,Closed,2026-04-30T18:13:00Z,2026-04-30T20:50:00Z,157
1828535,South,PATIALA,UPS RAIPUR,Unplanned,Closed,2026-04-30T18:10:00Z,2026-04-30T20:20:00Z,130
1828530,Border,GURDASPUR,Withwan,Unplanned,Closed,2026-04-30T18:10:00Z,2026-04-30T18:50:00Z,40
1828522,North,NAWANSHAHR,JINDAPUR,Unplanned,Closed,2026-04-30T18:10:00Z,2026-04-30T18:18:00Z,8
1828520,Central,CITY WEST LUDHIANA,MODEL HOUSE,Planned,Closed,2026-04-30T18:08:40Z,2026-04-30T18:40:01Z,31
1828518,East,MOHALI,JANTI DEVI,Unplanned,Closed,2026-04-30T18:07:35Z,2026-04-30T19:11:46Z,64
1828521,South,PATIALA,Bhakhda Enclave,Unplanned,Closed,2026-04-30T18:05:00Z,2026-04-30T18:30:12Z,25
1828517,North,JALANDHAR,11KV LAXMI PURA,Unplanned,Closed,2026-04-30T18:05:00Z,2026-04-30T18:15:00Z,10
1828534,East,ROPAR,Charan kanwal sahib,Unplanned,Closed,2026-04-30T18:00:00Z,2026-04-30T19:00:00Z,60
1828515,East,ROPAR,11 KV Navodya,Unplanned,Closed,2026-04-30T18:00:00Z,2026-04-30T19:01:00Z,61
1828514,South,PATIALA,UPS Rakhra,Unplanned,Closed,2026-04-30T18:00:00Z,2026-04-30T19:02:41Z,62
1828525,East,ROPAR,Khijrabad Kandi,Unplanned,Closed,2026-04-30T17:57:00Z,2026-04-30T18:30:00Z,33
1828524,East,ROPAR,Kansala,Unplanned,Closed,2026-04-30T17:57:00Z,2026-04-30T18:30:00Z,33
1828519,South,PATIALA,Old MES,Unplanned,Closed,2026-04-30T17:56:00Z,2026-04-30T18:24:00Z,28
1828526,East,ROPAR,PTL,Unplanned,Closed,2026-04-30T17:55:00Z,2026-04-30T18:45:00Z,50
1828513,North,NAWANSHAHR,DIBHALI,Unplanned,Closed,2026-04-30T17:55:00Z,2026-04-30T18:35:00Z,40
1828512,East,MOHALI,CHITKARA,Planned,Closed,2026-04-30T17:53:00Z,2026-04-30T19:10:00Z,77
1828511,Central,KHANNA,Punjab Mill,Unplanned,Closed,2026-04-30T17:51:24Z,2026-04-30T18:00:24Z,9
1828510,Central,KHANNA,Chander Lok,Unplanned,Closed,2026-04-30T17:51:24Z,2026-04-30T18:00:24Z,9
1828509,Central,KHANNA,Surindra,Unplanned,Closed,2026-04-30T17:51:24Z,2026-04-30T18:02:24Z,11
1828508,Central,KHANNA,Main Bazar,Unplanned,Closed,2026-04-30T17:51:24Z,2026-04-30T18:08:24Z,17
1828507,Central,KHANNA,JASARA,Unplanned,Closed,2026-04-30T17:51:24Z,2026-04-30T18:05:24Z,14
1828506,Central,KHANNA,Sangtpura,Unplanned,Closed,2026-04-30T17:51:24Z,2026-04-30T18:04:24Z,13
1828505,Central,KHANNA,Vishwanath 2,Unplanned,Closed,2026-04-30T17:51:24Z,2026-04-30T18:00:24Z,9
1828504,Central,KHANNA,Jim Khana,Unplanned,Closed,2026-04-30T17:51:24Z,2026-04-30T18:03:24Z,12
1828503,Central,KHANNA,Doaba,Unplanned,Closed,2026-04-30T17:51:24Z,2026-04-30T18:03:24Z,12
1828502,Central,KHANNA,Motia Khan,Unplanned,Closed,2026-04-30T17:51:24Z,2026-04-30T18:09:24Z,18
1828501,Central,KHANNA,Prem Nagar,Unplanned,Closed,2026-04-30T17:51:24Z,2026-04-30T18:10:24Z,19
1828500,Central,KHANNA,Vishawkarma Nagar,Unplanned,Closed,2026-04-30T17:51:24Z,2026-04-30T18:00:24Z,9
1828499,Central,KHANNA,Royal,Unplanned,Closed,2026-04-30T17:51:24Z,2026-04-30T18:00:24Z,9
1828498,Central,KHANNA,TELEPHONE EXCH.,Unplanned,Closed,2026-04-30T17:51:24Z,2026-04-30T18:02:24Z,11
1828497,Central,KHANNA,SHIVPURI,Unplanned,Closed,2026-04-30T17:51:24Z,2026-04-30T18:00:24Z,9
1828485,East,MOHALI,11 KV Govt. Press,Unplanned,Closed,2026-04-30T17:50:18Z,2026-04-30T21:10:28Z,200
1828495,North,NAWANSHAHR,PAILY,Unplanned,Closed,2026-04-30T17:50:00Z,2026-04-30T18:10:00Z,20
1828496,South,PATIALA,DARSHANI GATE,Unplanned,Closed,2026-04-30T17:48:00Z,2026-04-30T18:42:00Z,54
1828480,North,HOSHIARPUR,NAWA GHAR,Unplanned,Closed,2026-04-30T17:47:00Z,2026-04-30T18:30:00Z,43
1828494,North,NAWANSHAHR,MEHIATPUR,Unplanned,Closed,2026-04-30T17:45:00Z,2026-04-30T18:20:00Z,35
1828493,North,NAWANSHAHR,SUDHA MAJRA,Unplanned,Closed,2026-04-30T17:45:00Z,2026-04-30T18:20:00Z,35
1828492,North,NAWANSHAHR,TEHSIL COMPLEX,Unplanned,Closed,2026-04-30T17:45:00Z,2026-04-30T18:20:00Z,35
1828491,North,NAWANSHAHR,CITY BALACHAUR NO-2,Unplanned,Closed,2026-04-30T17:45:00Z,2026-04-30T18:20:00Z,35
1828490,North,NAWANSHAHR,THOPIA,Unplanned,Closed,2026-04-30T17:45:00Z,2026-04-30T18:20:00Z,35
1828489,North,NAWANSHAHR,RAM NAGAR,Unplanned,Closed,2026-04-30T17:45:00Z,2026-04-30T18:20:00Z,35
1828488,North,NAWANSHAHR,CHANDIANI,Unplanned,Closed,2026-04-30T17:45:00Z,2026-04-30T18:20:00Z,35
1828487,North,NAWANSHAHR,JAGATPUR,Unplanned,Closed,2026-04-30T17:45:00Z,2026-04-30T18:20:00Z,35
1828486,North,NAWANSHAHR,CHUSHMA,Unplanned,Closed,2026-04-30T17:45:00Z,2026-04-30T18:20:00Z,35
1828484,North,NAWANSHAHR,BALACHAUR,Unplanned,Closed,2026-04-30T17:45:00Z,2026-04-30T18:20:00Z,35
1828481,Border,GURDASPUR,Basrawan,Unplanned,Closed,2026-04-30T17:45:00Z,2026-04-30T18:30:00Z,45
1828479,Border,GURDASPUR,RAILWAY ROAD CAT-1,Unplanned,Closed,2026-04-30T17:45:00Z,2026-04-30T18:30:00Z,45
1828478,Border,GURDASPUR,Kot Todermal,Unplanned,Closed,2026-04-30T17:45:00Z,2026-04-30T18:30:00Z,45
1828483,East,ROPAR,AKALGARH,Unplanned,Closed,2026-04-30T17:42:00Z,2026-04-30T21:35:00Z,233
1828482,East,ROPAR,CHINTGARH FEEDER,Unplanned,Closed,2026-04-30T17:40:00Z,2026-04-30T18:25:00Z,45
1828477,North,JALANDHAR,GLOBE COLONY,Unplanned,Closed,2026-04-30T17:40:00Z,2026-04-30T17:55:00Z,15
1828462,East,MOHALI,LOGISTIC,Planned,Closed,2026-04-30T17:33:54Z,2026-04-30T18:14:00Z,40
1828461,East,MOHALI,SIGMA,Planned,Closed,2026-04-30T17:33:54Z,2026-04-30T18:14:00Z,40
1828460,East,MOHALI,CHARBARH UPS,Planned,Closed,2026-04-30T17:33:54Z,2026-04-30T18:14:00Z,40
1828459,East,MOHALI,ALAMPUR UPS,Planned,Closed,2026-04-30T17:33:54Z,2026-04-30T18:14:00Z,40
1828516,East,ROPAR,11KV Madwara,Unplanned,Closed,2026-04-30T17:33:00Z,2026-04-30T18:07:00Z,34
1828468,North,JALANDHAR,KAPOOR PIND,Unplanned,Closed,2026-04-30T17:30:10Z,2026-04-30T18:01:26Z,31
1828476,North,JALANDHAR,PUNJABI BAGH,Unplanned,Closed,2026-04-30T17:30:00Z,2026-04-30T17:50:00Z,20
1828471,South,PATIALA,UPS RAJPURA,Unplanned,Closed,2026-04-30T17:30:00Z,2026-04-30T17:55:00Z,25
1828469,South,PATIALA,SYL (F.P),Unplanned,Closed,2026-04-30T17:30:00Z,2026-04-30T17:55:00Z,25
1828467,South,PATIALA,ups Ambala Road,Unplanned,Closed,2026-04-30T17:30:00Z,2026-04-30T17:55:00Z,25
1828466,South,PATIALA,rajpura,Unplanned,Closed,2026-04-30T17:30:00Z,2026-04-30T17:55:00Z,25
1828465,South,PATIALA,Bharat colony,Unplanned,Closed,2026-04-30T17:30:00Z,2026-04-30T17:55:00Z,25
1828464,South,PATIALA,SUNDER NAGAR RAJPURA,Unplanned,Closed,2026-04-30T17:30:00Z,2026-04-30T17:55:00Z,25
1828463,South,PATIALA,BABA DEEP SINGH,Unplanned,Closed,2026-04-30T17:30:00Z,2026-04-30T17:55:00Z,25
1828457,Central,CITY WEST LUDHIANA,Roop nagar,Unplanned,Closed,2026-04-30T17:27:58Z,2026-04-30T19:00:45Z,92
1828475,North,HOSHIARPUR,BILASPUR,Unplanned,Closed,2026-04-30T17:25:00Z,2026-04-30T19:00:00Z,95
1828474,South,PATIALA,ups-3,Unplanned,Closed,2026-04-30T17:25:00Z,2026-04-30T18:15:00Z,50
1828473,South,PATIALA,UPS 2,Unplanned,Closed,2026-04-30T17:25:00Z,2026-04-30T18:15:00Z,50
1828472,South,PATIALA,UPS 1,Unplanned,Closed,2026-04-30T17:25:00Z,2026-04-30T18:15:00Z,50
1828452,North,NAWANSHAHR,11 KV DOPALPUR UPS,Unplanned,Closed,2026-04-30T17:23:00Z,2026-04-30T17:45:00Z,22
1828451,North,NAWANSHAHR,11 KV Usmanpur,Unplanned,Closed,2026-04-30T17:23:00Z,2026-04-30T18:30:00Z,67
1828450,North,NAWANSHAHR,TAJOWAL,Unplanned,Closed,2026-04-30T17:23:00Z,2026-04-30T17:45:00Z,22
1828449,North,NAWANSHAHR,BARWA,Unplanned,Closed,2026-04-30T17:23:00Z,2026-04-30T17:45:00Z,22
1828448,North,NAWANSHAHR,JADLA,Unplanned,Closed,2026-04-30T17:23:00Z,2026-04-30T17:45:00Z,22
1828453,East,ROPAR,City-1,Unplanned,Closed,2026-04-30T17:20:21Z,2026-04-30T17:40:07Z,19
1828438,East,MOHALI,SIGMA,Unplanned,Closed,2026-04-30T17:19:56Z,2026-04-30T17:30:51Z,10
1828437,East,MOHALI,CHARBARH UPS,Unplanned,Closed,2026-04-30T17:19:56Z,2026-04-30T17:31:03Z,11
1828436,East,MOHALI,ALAMPUR UPS,Unplanned,Closed,2026-04-30T17:19:56Z,2026-04-30T17:31:15Z,11
1828435,East,MOHALI,MOHIKALAN UPS,Unplanned,Closed,2026-04-30T17:19:56Z,2026-04-30T17:31:44Z,11
1828432,Central,CITY WEST LUDHIANA,TIKONA PARK,Unplanned,Closed,2026-04-30T17:18:25Z,2026-04-30T18:40:08Z,81
1828455,South,PATIALA,JAMITGARH UPS,Unplanned,Closed,2026-04-30T17:16:00Z,2026-04-30T17:55:00Z,39
1828421,Border,CITY AMRITSAR,CANAL OFFICE,Unplanned,Closed,2026-04-30T17:15:19Z,2026-04-30T17:38:27Z,23
1828470,East,ROPAR,MILL,Unplanned,Closed,2026-04-30T17:15:00Z,2026-04-30T18:01:00Z,46
1828454,South,PATIALA,11KV SAMASHPUR UPS,Unplanned,Closed,2026-04-30T17:15:00Z,2026-04-30T18:30:00Z,75
1828433,East,Zirakpur,SANULI,Unplanned,Closed,2026-04-30T17:15:00Z,2026-04-30T17:30:00Z,15
1828427,East,Zirakpur,SATLUJ,Planned,Closed,2026-04-30T17:12:00Z,2026-04-30T17:50:00Z,38
1828426,East,Zirakpur,PRITHIM,Planned,Closed,2026-04-30T17:12:00Z,2026-04-30T17:50:00Z,38
1828458,South,BARNALA,UPS KUPKALAN,Unplanned,Closed,2026-04-30T17:10:00Z,2026-04-30T18:30:00Z,80
1828431,East,Zirakpur,11KV Dream Home,Unplanned,Closed,2026-04-30T17:10:00Z,2026-04-30T17:55:00Z,45
1828456,East,ROPAR,Barsalpur,Unplanned,Closed,2026-04-30T17:06:00Z,2026-04-30T19:08:00Z,122
1828418,North,HOSHIARPUR,PEALAN,Unplanned,Closed,2026-04-30T17:06:00Z,2026-04-30T17:35:00Z,29
1828422,East,Zirakpur,AMELIA,Unplanned,Closed,2026-04-30T17:05:00Z,2026-04-30T17:40:00Z,35
1828419,East,ROPAR,MUKARI,Unplanned,Closed,2026-04-30T17:04:00Z,2026-04-30T17:30:00Z,26
1828420,South,PATIALA,UPS MANDOUR,Unplanned,Closed,2026-04-30T17:03:00Z,2026-04-30T18:55:00Z,112
1828411,East,MOHALI,Bank Colony,Unplanned,Closed,2026-04-30T17:02:00Z,2026-04-30T18:40:00Z,98
1828416,East,MOHALI,Sec-60,Unplanned,Closed,2026-04-30T17:01:43Z,2026-04-30T17:29:16Z,27
1828415,East,ROPAR,City-2,Unplanned,Closed,2026-04-30T17:01:00Z,2026-04-30T17:11:21Z,10
1828413,South,PATIALA,KABULPUR    (D-GARH),Unplanned,Closed,2026-04-30T17:01:00Z,2026-04-30T19:05:00Z,124
1828409,North,KAPURTHALA,Sidhwan Dona,Unplanned,Closed,2026-04-30T17:00:00Z,2026-04-30T17:34:00Z,34
1828417,South,PATIALA,BSNL,Unplanned,Closed,2026-04-30T16:57:00Z,2026-04-30T17:23:00Z,26
1828408,North,HOSHIARPUR,MEGHOWAL,Unplanned,Closed,2026-04-30T16:56:00Z,2026-04-30T17:10:00Z,14
1828407,East,Zirakpur,SINGHPURA,Unplanned,Closed,2026-04-30T16:55:00Z,2026-04-30T18:20:00Z,85
1828428,East,ROPAR,11 KV Bharatgarh,Unplanned,Closed,2026-04-30T16:53:00Z,2026-04-30T17:20:00Z,27
1828414,South,PATIALA,KISHAN NAGAR,Unplanned,Closed,2026-04-30T16:50:00Z,2026-04-30T19:15:00Z,145
1828405,North,JALANDHAR,11KV Kotli,Unplanned,Closed,2026-04-30T16:50:00Z,2026-04-30T17:20:00Z,30
1828404,North,HOSHIARPUR,Dholwaha,Unplanned,Closed,2026-04-30T16:50:00Z,2026-04-30T17:25:00Z,35
1828406,East,MOHALI,Badmajra,Unplanned,Closed,2026-04-30T16:47:34Z,2026-04-30T17:33:00Z,45
1828401,South,BARNALA,MOOM,Unplanned,Closed,2026-04-30T16:46:00Z,2026-04-30T17:30:00Z,44
1828403,South,PATIALA,GAJJU KHERA URBAN,Unplanned,Closed,2026-04-30T16:45:00Z,2026-04-30T17:05:00Z,20
1828402,Central,KHANNA,Sangtpura,Unplanned,Closed,2026-04-30T16:42:00Z,2026-04-30T17:02:00Z,20
1828398,East,MOHALI,CHARBARH UPS,Unplanned,Closed,2026-04-30T16:41:00Z,2026-04-30T16:45:31Z,4
1828399,South,PATIALA,DALIMA,Unplanned,Closed,2026-04-30T16:40:00Z,2026-04-30T17:20:00Z,40
1828396,South,PATIALA,11 KV RASULPUR,Unplanned,Closed,2026-04-30T16:40:00Z,2026-04-30T18:50:00Z,130
1828400,Border,SUB URBAN AMRITSAR,Gehri,Unplanned,Closed,2026-04-30T16:33:00Z,2026-04-30T17:13:00Z,40
1828397,Border,GURDASPUR,Bani Lodhi,Unplanned,Closed,2026-04-30T16:30:00Z,2026-04-30T16:55:00Z,25
1828394,Border,GURDASPUR,Sunder Chack,Unplanned,Closed,2026-04-30T16:30:00Z,2026-04-30T16:55:00Z,25
1828393,North,NAWANSHAHR,BHARTHALA (GAHOON),Unplanned,Closed,2026-04-30T16:30:00Z,2026-04-30T18:20:00Z,110
1828395,South,BARNALA,JABBOMAJRA UPS,Unplanned,Closed,2026-04-30T16:25:00Z,2026-04-30T16:40:00Z,15
1828386,East,ROPAR,11 KV Kakrala,Unplanned,Closed,2026-04-30T16:23:00Z,2026-04-30T16:53:25Z,30
1828385,East,ROPAR,11 KV Sarsa Nangal,Unplanned,Closed,2026-04-30T16:23:00Z,2026-04-30T16:53:00Z,30
1828384,East,ROPAR,11 KV Bharatgarh,Unplanned,Closed,2026-04-30T16:23:00Z,2026-04-30T16:52:00Z,29
1828382,Central,CITY WEST LUDHIANA,B.V.M.,Planned,Closed,2026-04-30T16:22:34Z,2026-04-30T17:56:54Z,94
1828392,East,ROPAR,BARWA,Unplanned,Closed,2026-04-30T16:21:00Z,2026-04-30T16:58:00Z,37
1828391,East,ROPAR,BHAINI,Unplanned,Closed,2026-04-30T16:21:00Z,2026-04-30T16:57:00Z,36
1828390,East,ROPAR,Asmanpur,Unplanned,Closed,2026-04-30T16:21:00Z,2026-04-30T16:54:05Z,33
1828389,East,ROPAR,Thana,Unplanned,Closed,2026-04-30T16:21:00Z,2026-04-30T16:50:55Z,29
1828388,East,ROPAR,Bassi,Unplanned,Closed,2026-04-30T16:21:00Z,2026-04-30T16:58:31Z,37
1828383,East,ROPAR,11KV Belian UPS FEEDER,Unplanned,Closed,2026-04-30T16:21:00Z,2026-04-30T17:15:00Z,54
1828380,South,SANGRUR,Nawi Chhajli Urben,Unplanned,Closed,2026-04-30T16:20:43Z,2026-04-30T17:00:10Z,39
1828387,East,Zirakpur,KALGIDHAR,Unplanned,Closed,2026-04-30T16:20:00Z,2026-04-30T16:50:00Z,30
1828381,North,KAPURTHALA,BUS ADDA BILGA URBAN,Unplanned,Closed,2026-04-30T16:10:00Z,2026-04-30T17:05:00Z,55
1828377,North,NAWANSHAHR,MOJOWAL MAJARA,Unplanned,Closed,2026-04-30T16:10:00Z,2026-04-30T17:30:00Z,80
1828376,East,ROPAR,HIYATPUR,Unplanned,Closed,2026-04-30T16:10:00Z,2026-04-30T16:20:44Z,10
1828375,East,ROPAR,Jhangrian,Unplanned,Closed,2026-04-30T16:10:00Z,2026-04-30T16:20:12Z,10
1828374,East,ROPAR,SAIDPUR,Unplanned,Closed,2026-04-30T16:10:00Z,2026-04-30T16:20:34Z,10
1828373,East,ROPAR,Haripur,Unplanned,Closed,2026-04-30T16:10:00Z,2026-04-30T16:20:53Z,10
1828372,East,ROPAR,Asmanpur,Unplanned,Closed,2026-04-30T16:10:00Z,2026-04-30T16:20:06Z,10
1828371,East,ROPAR,Nurpur Bedi,Unplanned,Closed,2026-04-30T16:10:00Z,2026-04-30T16:20:28Z,10
1828370,East,ROPAR,Thana,Unplanned,Closed,2026-04-30T16:10:00Z,2026-04-30T16:20:58Z,10
1828369,East,ROPAR,Bassi,Unplanned,Closed,2026-04-30T16:10:00Z,2026-04-30T16:20:18Z,10
1828365,North,KAPURTHALA,UPS TANDA AURA,Unplanned,Closed,2026-04-30T16:08:00Z,2026-04-30T17:03:00Z,55
1828379,East,Zirakpur,SANULI,Unplanned,Closed,2026-04-30T16:05:00Z,2026-04-30T16:45:00Z,40
1828363,South,PATIALA,11 KV UPS Kheri Raju,Unplanned,Closed,2026-04-30T16:05:00Z,2026-04-30T16:40:53Z,35
1828378,East,Zirakpur,SAVITRY GREEN 2,Unplanned,Closed,2026-04-30T16:04:00Z,2026-04-30T17:25:00Z,81
1828362,North,HOSHIARPUR,SUBHANPUR,Unplanned,Closed,2026-04-30T16:04:00Z,2026-04-30T16:36:00Z,32
1828367,East,ROPAR,11 KV Gajhpur,Unplanned,Closed,2026-04-30T16:01:00Z,2026-04-30T16:28:55Z,27
1828360,East,Zirakpur,SAVITRYGREEN,Unplanned,Closed,2026-04-30T16:00:00Z,2026-04-30T16:47:00Z,47
1828358,Border,SUB URBAN AMRITSAR,silverstate,Unplanned,Closed,2026-04-30T16:00:00Z,2026-04-30T16:16:00Z,16
1828359,South,PATIALA,11KV SAMASHPUR UPS,Unplanned,Closed,2026-04-30T15:58:00Z,2026-04-30T16:40:00Z,42
1828357,West,BATHINDA,SIHAN PATTI URBAN,Unplanned,Closed,2026-04-30T15:58:00Z,2026-04-30T18:27:00Z,149
1828350,Central,CITY WEST LUDHIANA,MEHMOODPURA,Unplanned,Closed,2026-04-30T15:50:10Z,2026-04-30T17:20:20Z,90
1828368,Border,TARN TARAN,THATHIAN 3 W URBAN`,Unplanned,Closed,2026-04-30T15:50:00Z,2026-04-30T16:30:00Z,40
1828356,Border,GURDASPUR,Basrawan,Unplanned,Closed,2026-04-30T15:50:00Z,2026-04-30T18:25:00Z,155
1828354,South,PATIALA,GAJEWAS,Unplanned,Closed,2026-04-30T15:50:00Z,2026-04-30T17:05:00Z,75
1828355,East,ROPAR,11KV Alampur,Unplanned,Closed,2026-04-30T15:48:00Z,2026-04-30T16:07:00Z,19
1828340,Border,CITY AMRITSAR,V.J.HOSPITAL,Unplanned,Closed,2026-04-30T15:45:29Z,2026-04-30T16:20:20Z,34
1828352,South,PATIALA,DHARAMGARH URBAN,Unplanned,Closed,2026-04-30T15:45:00Z,2026-04-30T16:30:00Z,45
1828351,South,PATIALA,UPS ALALMAJRA,Unplanned,Closed,2026-04-30T15:45:00Z,2026-04-30T16:30:00Z,45
1828349,South,PATIALA,BATHONIA,Unplanned,Closed,2026-04-30T15:45:00Z,2026-04-30T16:30:00Z,45
1828348,South,PATIALA,GAJJU KHERA URBAN,Unplanned,Closed,2026-04-30T15:45:00Z,2026-04-30T16:40:00Z,55
1828347,South,PATIALA,UPS MIRJAPUR,Unplanned,Closed,2026-04-30T15:45:00Z,2026-04-30T16:40:00Z,55
1828346,South,PATIALA,UPS PAWALA,Unplanned,Closed,2026-04-30T15:45:00Z,2026-04-30T16:40:00Z,55
1828341,West,BATHINDA,Bus Stand Road,Planned,Closed,2026-04-30T15:45:00Z,2026-04-30T16:15:00Z,30
1828353,East,MOHALI,11 KV Feeder sec 66 B,Unplanned,Closed,2026-04-30T15:42:00Z,2026-04-30T16:22:00Z,40
1828342,East,ROPAR,AILGRAN,Unplanned,Closed,2026-04-30T15:40:07Z,2026-04-30T15:55:28Z,15
1828366,South,PATIALA,JALALKHERA CAT-1,Unplanned,Closed,2026-04-30T15:40:00Z,2026-04-30T17:40:57Z,120
1828345,South,PATIALA,UPS RAJPURA,Unplanned,Closed,2026-04-30T15:40:00Z,2026-04-30T15:55:00Z,15
1828344,South,PATIALA,ups Ambala Road,Unplanned,Closed,2026-04-30T15:40:00Z,2026-04-30T15:55:00Z,15
1828343,South,PATIALA,SYL (F.P),Unplanned,Closed,2026-04-30T15:40:00Z,2026-04-30T15:55:00Z,15
1828335,South,SANGRUR,CITY SANGRUR,Unplanned,Closed,2026-04-30T15:35:32Z,2026-04-30T16:35:47Z,60
1828332,Border,SUB URBAN AMRITSAR,NAG KALAN URBAN,Unplanned,Closed,2026-04-30T15:35:24Z,2026-04-30T16:01:40Z,26
1828336,South,SANGRUR,HOSPITAL,Unplanned,Closed,2026-04-30T15:35:13Z,2026-04-30T16:35:30Z,60
1828333,East,Zirakpur,VATIKA,Unplanned,Closed,2026-04-30T15:31:07Z,2026-04-30T15:45:16Z,14
1828338,Border,SUB URBAN AMRITSAR,Shampura UPS,Unplanned,Closed,2026-04-30T15:31:00Z,2026-04-30T18:15:00Z,164
1828337,Border,SUB URBAN AMRITSAR,Pathan Nangal,Unplanned,Closed,2026-04-30T15:31:00Z,2026-04-30T17:15:00Z,104
1828334,East,Zirakpur,11KV BEHRA FEEDER,Unplanned,Closed,2026-04-30T15:26:33Z,2026-04-30T15:29:39Z,3
1828330,North,NAWANSHAHR,Barnala Gate,Unplanned,Closed,2026-04-30T15:18:00Z,2026-04-30T15:40:00Z,22
1828361,East,MOHALI,11KV DHARAMGARH UPS,Planned,Closed,2026-04-30T15:08:00Z,2026-04-30T16:25:55Z,77
1828339,South,BARNALA,MOTI BAZAR,Unplanned,Closed,2026-04-30T15:05:00Z,2026-04-30T16:40:00Z,95
1828329,North,KAPURTHALA,UPS Kangniwal,Unplanned,Closed,2026-04-30T15:05:00Z,2026-04-30T15:50:00Z,45
1828327,Border,TARN TARAN,HASSANPUR,Planned,Active,2026-04-30T15:00:00Z,2026-04-30T17:30:08Z,150
1828331,North,NAWANSHAHR,Bundala Cat-1,Unplanned,Closed,2026-04-30T14:55:00Z,2026-04-30T18:25:06Z,210
1828328,North,JALANDHAR,Lilly Resort,Unplanned,Closed,2026-04-30T14:55:00Z,2026-04-30T15:25:00Z,30
1828324,Central,CITY WEST LUDHIANA,MEHMOODPURA,Unplanned,Closed,2026-04-30T14:54:42Z,2026-04-30T15:09:23Z,14
1828325,North,HOSHIARPUR,SATHWAN,Unplanned,Closed,2026-04-30T14:52:00Z,2026-04-30T15:26:00Z,34
1828321,North,JALANDHAR,BADALA,Unplanned,Closed,2026-04-30T14:51:00Z,2026-04-30T16:40:00Z,109
1828323,South,PATIALA,UPS RAJPURA,Unplanned,Closed,2026-04-30T14:50:00Z,2026-04-30T15:30:00Z,40
1828320,Central,CITY WEST LUDHIANA,ATAM NAGAR,Planned,Closed,2026-04-30T14:47:16Z,2026-04-30T15:10:03Z,22
1828319,Central,CITY WEST LUDHIANA,MODEL TOWN,Planned,Closed,2026-04-30T14:47:16Z,2026-04-30T15:08:40Z,21
1828318,Central,CITY WEST LUDHIANA,BANK  COLONY,Planned,Closed,2026-04-30T14:47:16Z,2026-04-30T15:08:55Z,21
1828317,Central,CITY WEST LUDHIANA,JAMMU COLONY,Planned,Closed,2026-04-30T14:47:16Z,2026-04-30T15:09:05Z,21
1828316,Central,CITY WEST LUDHIANA,KULAR,Planned,Closed,2026-04-30T14:47:16Z,2026-04-30T15:09:15Z,21
1828326,South,PATIALA,11 KV JAIL CAT. 1,Unplanned,Closed,2026-04-30T14:46:00Z,2026-04-30T15:37:00Z,51
1828364,Border,TARN TARAN,DEHRA SAHIB UPS (BRAHMPURA),Unplanned,Closed,2026-04-30T14:40:00Z,2026-04-30T18:30:00Z,230
1828312,North,NAWANSHAHR,Achan Chak,Unplanned,Closed,2026-04-30T14:38:00Z,2026-04-30T14:52:00Z,14
1828311,North,NAWANSHAHR,Khehra,Unplanned,Closed,2026-04-30T14:36:00Z,2026-04-30T14:50:00Z,14
1828314,East,MOHALI,11 KV CHADIALA UPS,Planned,Closed,2026-04-30T14:25:00Z,2026-04-30T14:50:55Z,25
1828313,East,MOHALI,11kv Saidpura,Planned,Closed,2026-04-30T14:25:00Z,2026-04-30T14:50:00Z,25
1828307,West,MUKATSAR,MAUJGARH,Unplanned,Closed,2026-04-30T14:20:35Z,2026-04-30T14:50:45Z,30
1828308,West,MUKATSAR,DAULATPURA UPS,Unplanned,Closed,2026-04-30T14:20:12Z,2026-04-30T14:50:24Z,30
1828306,West,MUKATSAR,DALMIR KHERA,Unplanned,Closed,2026-04-30T14:20:09Z,2026-04-30T14:50:18Z,30
1828309,West,MUKATSAR,11 KV Sappan wali,Unplanned,Closed,2026-04-30T14:20:02Z,2026-04-30T14:50:14Z,30
1828305,South,SANGRUR,Panwan,Unplanned,Closed,2026-04-30T14:20:00Z,2026-04-30T16:00:00Z,100
1828304,South,SANGRUR,GEHLAN,Unplanned,Closed,2026-04-30T14:20:00Z,2026-04-30T16:00:00Z,100
1828303,Border,GURDASPUR,THEKERIWAL,Unplanned,Closed,2026-04-30T14:15:00Z,2026-04-30T18:25:00Z,250
1828302,Border,GURDASPUR,RAILWAY ROAD CAT-1,Unplanned,Closed,2026-04-30T14:15:00Z,2026-04-30T15:15:00Z,60
1828301,Border,GURDASPUR,Basrawan,Unplanned,Closed,2026-04-30T14:15:00Z,2026-04-30T15:15:00Z,60
1828300,Border,GURDASPUR,Kot Todermal,Unplanned,Closed,2026-04-30T14:15:00Z,2026-04-30T15:15:00Z,60
1828315,Border,TARN TARAN,MES-I,Unplanned,Closed,2026-04-30T14:10:00Z,2026-04-30T16:20:19Z,130
1828310,Border,TARN TARAN,BANIA URBAN,Unplanned,Closed,2026-04-30T14:10:00Z,2026-04-30T14:55:12Z,45
1828299,East,ROPAR,11 KV Navodya,Unplanned,Closed,2026-04-30T14:10:00Z,2026-04-30T14:38:00Z,28
1828297,North,JALANDHAR,RURAL URBAN  (NAWAN PIND),Unplanned,Closed,2026-04-30T14:10:00Z,2026-04-30T14:11:00Z,1
1828298,North,HOSHIARPUR,PEALAN,Unplanned,Closed,2026-04-30T14:05:00Z,2026-04-30T14:24:00Z,19
1828295,Central,CITY WEST LUDHIANA,MODEL GRAM,Unplanned,Closed,2026-04-30T13:57:32Z,2026-04-30T14:50:27Z,52
1828291,North,JALANDHAR,Sewerage,Unplanned,Closed,2026-04-30T13:54:00Z,2026-04-30T15:30:00Z,96
1828290,North,JALANDHAR,PATARA,Unplanned,Closed,2026-04-30T13:54:00Z,2026-04-30T15:30:00Z,96
1828288,North,JALANDHAR,Johal,Unplanned,Closed,2026-04-30T13:54:00Z,2026-04-30T15:30:00Z,96
1828287,North,JALANDHAR,DHADDA,Unplanned,Closed,2026-04-30T13:54:00Z,2026-04-30T15:30:00Z,96
1828296,North,HOSHIARPUR,RAILWAY STATION,Unplanned,Closed,2026-04-30T13:50:00Z,2026-04-30T14:10:00Z,20
1828289,Border,GURDASPUR,Abrol Nagar,Unplanned,Closed,2026-04-30T13:50:00Z,2026-04-30T14:11:00Z,21
1828294,North,JALANDHAR,Lal Badshah,Unplanned,Closed,2026-04-30T13:45:00Z,2026-04-30T14:14:00Z,29
1828293,North,JALANDHAR,ADDA HOSHIARPUR,Unplanned,Closed,2026-04-30T13:45:00Z,2026-04-30T14:14:00Z,29
1828292,North,JALANDHAR,11KV LAXMI PURA,Unplanned,Closed,2026-04-30T13:45:00Z,2026-04-30T14:14:00Z,29
1828285,North,JALANDHAR,VIEW ESTATE,Unplanned,Closed,2026-04-30T13:45:00Z,2026-04-30T13:46:00Z,1
1828286,South,BARNALA,URBAN DHAUNALA CITY,Unplanned,Closed,2026-04-30T13:40:00Z,2026-04-30T15:32:00Z,112
1828283,Border,SUB URBAN AMRITSAR,Chachowali 24 Hr,Unplanned,Closed,2026-04-30T13:30:00Z,2026-04-30T17:05:00Z,215
1828280,East,MOHALI,11 KV Sector-71,Unplanned,Closed,2026-04-30T13:28:00Z,2026-04-30T13:59:00Z,31
1828284,South,PATIALA,UPS NABHA NO. 2,Planned,Closed,2026-04-30T13:25:00Z,2026-04-30T14:10:00Z,45
1828281,Border,CITY AMRITSAR,11 KV disposal,Unplanned,Closed,2026-04-30T13:25:00Z,2026-04-30T13:50:04Z,25
1828282,South,PATIALA,Jhill,Unplanned,Closed,2026-04-30T13:21:00Z,2026-04-30T15:05:00Z,104
1828279,South,PATIALA,SYL (F.P),Unplanned,Closed,2026-04-30T13:20:00Z,2026-04-30T13:50:00Z,30
1828274,West,BATHINDA,BUDHLADA ROAD URBAN,Planned,Closed,2026-04-30T13:20:00Z,2026-04-30T14:35:00Z,75
1828276,West,MUKATSAR,KRISHNA NAGRI,Unplanned,Closed,2026-04-30T13:15:44Z,2026-04-30T14:30:10Z,74
1828278,South,PATIALA,BOLI SAHIB,Unplanned,Closed,2026-04-30T13:15:00Z,2026-04-30T14:25:14Z,70
1828277,North,KAPURTHALA,MALL ROAD URBAN,Unplanned,Closed,2026-04-30T13:10:00Z,2026-04-30T14:42:00Z,92
1827936,Central,CITY EAST LUDHIANA,GTB Nagar,Planned,Closed,2026-04-30T13:03:56Z,2026-04-30T15:02:05Z,118
1828275,North,KAPURTHALA,UPS Sarih,Planned,Closed,2026-04-30T13:03:00Z,2026-04-30T14:30:00Z,87
1827933,Central,CITY EAST LUDHIANA,Gulabi Bagh,Planned,Closed,2026-04-30T13:02:49Z,2026-04-30T15:02:50Z,120
1827935,Central,CITY EAST LUDHIANA,11 KV KOHLI,Planned,Closed,2026-04-30T13:02:39Z,2026-04-30T15:02:03Z,119
1827934,Central,CITY EAST LUDHIANA,Khanna industry,Planned,Closed,2026-04-30T13:02:17Z,2026-04-30T15:02:14Z,119
1827932,Central,CITY EAST LUDHIANA,Fine Finishing,Planned,Closed,2026-04-30T13:01:31Z,2026-04-30T15:02:25Z,120
1827931,Central,CITY EAST LUDHIANA,Sheyog Dyeing,Planned,Closed,2026-04-30T13:01:08Z,2026-04-30T15:02:35Z,121
1827943,Central,CITY EAST LUDHIANA,Surbhi,Planned,Closed,2026-04-30T13:00:05Z,2026-04-30T15:02:43Z,122
1828273,Central,CITY EAST LUDHIANA,KOHLI,Unplanned,Closed,2026-04-30T12:56:51Z,2026-04-30T13:06:55Z,10
1828272,Central,CITY EAST LUDHIANA,GTB Nagar,Unplanned,Closed,2026-04-30T12:56:51Z,2026-04-30T13:07:33Z,10
1828271,Central,KHANNA,Doaba,Unplanned,Closed,2026-04-30T12:56:00Z,2026-04-30T13:35:00Z,39
1828269,West,FARIDKOT,11 KV GANJI GULAB SINGH WALA-,Unplanned,Closed,2026-04-30T12:55:47Z,2026-04-30T13:45:55Z,50
1828270,West,FARIDKOT,11 KV MATA TAAP KAUR,Unplanned,Closed,2026-04-30T12:55:06Z,2026-04-30T13:45:15Z,50
1828268,North,HOSHIARPUR,KOTLA,Unplanned,Closed,2026-04-30T12:54:00Z,2026-04-30T14:04:00Z,70
1828253,Border,GURDASPUR,Babbri Nangal,Planned,Closed,2026-04-30T12:52:11Z,2026-04-30T14:05:26Z,73
1828264,West,FARIDKOT,DAMU SHAH,Unplanned,Closed,2026-04-30T12:50:58Z,2026-04-30T14:09:08Z,78
1828261,West,MUKATSAR,Jamal Ke,Unplanned,Closed,2026-04-30T12:49:57Z,2026-04-30T13:30:25Z,40
1828263,West,MUKATSAR,Dhani Bachan Singh,Unplanned,Closed,2026-04-30T12:49:52Z,2026-04-30T13:30:06Z,40
1828262,West,FEROZPUR, Bop,Unplanned,Closed,2026-04-30T12:49:31Z,2026-04-30T13:30:41Z,41
1828266,East,ROPAR,Golhani,Unplanned,Closed,2026-04-30T12:46:58Z,2026-04-30T13:16:58Z,30
1828265,East,ROPAR,Jain feeder,Unplanned,Closed,2026-04-30T12:46:58Z,2026-04-30T13:16:58Z,30
1828260,East,ROPAR,Indira nagar,Unplanned,Closed,2026-04-30T12:46:31Z,2026-04-30T13:16:31Z,30
1828259,East,ROPAR,11 KV Bhanaupli-1,Unplanned,Closed,2026-04-30T12:46:31Z,2026-04-30T13:16:31Z,30
1828258,East,ROPAR,Bhabour sahib,Unplanned,Closed,2026-04-30T12:46:31Z,2026-04-30T13:16:31Z,30
1828257,East,ROPAR,Jawahar market,Unplanned,Closed,2026-04-30T12:46:31Z,2026-04-30T13:16:31Z,30
1828256,East,ROPAR,Bhallan,Unplanned,Closed,2026-04-30T12:46:31Z,2026-04-30T13:16:31Z,30
1828255,East,ROPAR,Giani market,Unplanned,Closed,2026-04-30T12:46:31Z,2026-04-30T13:16:31Z,30
1828267,North,JALANDHAR,HAZARA,Unplanned,Closed,2026-04-30T12:45:00Z,2026-04-30T13:15:00Z,30
1828254,North,KAPURTHALA,UPS Malri,Unplanned,Closed,2026-04-30T12:45:00Z,2026-04-30T12:55:00Z,10
1828252,Border,TARN TARAN,24 HRS CHUTALA,Unplanned,Closed,2026-04-30T12:30:00Z,2026-04-30T12:45:00Z,15
1828251,South,PATIALA,11KV DAULTPUR UPS,Unplanned,Closed,2026-04-30T12:25:13Z,2026-04-30T13:10:59Z,45
1828248,West,FARIDKOT,INDUSTRIAL,Unplanned,Closed,2026-04-30T12:23:47Z,2026-04-30T13:53:57Z,90
1828247,West,FARIDKOT,Ram ganz,Unplanned,Closed,2026-04-30T12:22:48Z,2026-04-30T13:03:11Z,40
1828322,South,BARNALA,SHERWANIKOT UPS,Unplanned,Closed,2026-04-30T12:20:00Z,2026-04-30T15:50:00Z,210
1828249,East,MOHALI,11kv Saidpura,Unplanned,Closed,2026-04-30T12:20:00Z,2026-04-30T12:45:29Z,25
1828246,South,SANGRUR,Kakarwal,Unplanned,Closed,2026-04-30T12:20:00Z,2026-04-30T15:00:00Z,160
1828245,Border,CITY AMRITSAR,BEAUTY AVENUE,Unplanned,Closed,2026-04-30T12:17:54Z,2026-04-30T13:16:00Z,58
1828244,West,BATHINDA,THERMAL UPS,Unplanned,Closed,2026-04-30T12:10:00Z,2026-04-30T16:10:00Z,240
1828242,South,PATIALA,UPS marrori,Planned,Closed,2026-04-30T12:06:00Z,2026-04-30T13:02:00Z,56
1828243,Border,SUB URBAN AMRITSAR,U P S Iban,Unplanned,Closed,2026-04-30T12:01:00Z,2026-04-30T13:10:00Z,69
1828241,West,BATHINDA,NATIONAL COLONY,Unplanned,Closed,2026-04-30T12:00:00Z,2026-04-30T12:35:00Z,35
1827881,Central,SUB URBAN LUDHIANA,PABBIAN UPS,Planned,Closed,2026-04-30T12:00:00Z,2026-04-30T16:00:00Z,240
1828239,Border,GURDASPUR,Batala City,Unplanned,Closed,2026-04-30T11:58:00Z,2026-04-30T12:44:00Z,46
1828238,Border,GURDASPUR,Bank colony,Unplanned,Closed,2026-04-30T11:58:00Z,2026-04-30T12:44:00Z,46
1828237,North,JALANDHAR,NAGAL PURDAL,Unplanned,Closed,2026-04-30T11:55:00Z,2026-04-30T12:26:00Z,31
1828236,West,BATHINDA,11 KV ZILA PARISHAD,Planned,Closed,2026-04-30T11:52:00Z,2026-04-30T12:31:00Z,39
1828235,Central,CITY WEST LUDHIANA,B.V.M.,Unplanned,Closed,2026-04-30T11:46:47Z,2026-04-30T12:30:00Z,43
1828250,East,ROPAR,Khijrabad Kandi,Unplanned,Closed,2026-04-30T11:40:00Z,2026-04-30T12:50:00Z,70
1828234,North,JALANDHAR,DHADDA,Unplanned,Closed,2026-04-30T11:35:00Z,2026-04-30T12:55:00Z,80
1828230,North,JALANDHAR,11KV UDESIAN,Unplanned,Closed,2026-04-30T11:30:00Z,2026-04-30T11:57:00Z,27
1828229,North,JALANDHAR,DINGRIAN BADALA,Unplanned,Closed,2026-04-30T11:29:00Z,2026-04-30T11:57:00Z,28
1828227,Central,CITY WEST LUDHIANA,Rajguru Nagar,Unplanned,Closed,2026-04-30T11:28:20Z,2026-04-30T13:32:07Z,123
1828231,East,MOHALI,11KV BARI AP,Unplanned,Closed,2026-04-30T11:26:00Z,2026-04-30T12:31:36Z,65
1828240,West,BATHINDA,LAL SINGH BASTI,Unplanned,Closed,2026-04-30T11:25:00Z,2026-04-30T13:45:00Z,140
1828225,West,MUKATSAR,11 KV GANGA NAGAR ROAD,Unplanned,Closed,2026-04-30T11:20:26Z,2026-04-30T11:50:48Z,30
1828233,Central,SUB URBAN LUDHIANA,CITY NO 07,Unplanned,Closed,2026-04-30T11:20:00Z,2026-04-30T14:00:00Z,160
1828232,South,SANGRUR,INDUSTRIAL,Unplanned,Closed,2026-04-30T11:20:00Z,2026-04-30T12:25:00Z,65
1828226,South,PATIALA,ANAAJ MANDI,Unplanned,Closed,2026-04-30T11:20:00Z,2026-04-30T12:15:00Z,55
1828228,North,HOSHIARPUR,DARAPUR KANDI AP,Unplanned,Closed,2026-04-30T11:15:00Z,2026-04-30T12:45:00Z,90
1828224,North,JALANDHAR,KATHAR,Unplanned,Closed,2026-04-30T11:15:00Z,2026-04-30T11:45:00Z,30
1828220,Central,KHANNA,jagat colony,Unplanned,Closed,2026-04-30T11:15:00Z,2026-04-30T11:20:00Z,5
1828218,South,SANGRUR,CHANDU,Unplanned,Closed,2026-04-30T11:12:50Z,2026-04-30T12:20:04Z,67
1828223,North,JALANDHAR,DHADDA,Unplanned,Closed,2026-04-30T11:05:00Z,2026-04-30T11:15:00Z,10
1828222,North,HOSHIARPUR,11KV UPS TERKIANA,Unplanned,Closed,2026-04-30T11:05:00Z,2026-04-30T11:15:00Z,10
1828221,North,HOSHIARPUR,TANDA,Unplanned,Closed,2026-04-30T11:05:00Z,2026-04-30T13:05:00Z,120
1828217,South,SANGRUR,MEHLAN UPS,Unplanned,Closed,2026-04-30T11:05:00Z,2026-04-30T12:40:00Z,95
1828216,North,HOSHIARPUR,Darapur,Unplanned,Closed,2026-04-30T11:05:00Z,2026-04-30T11:20:00Z,15
1828215,North,HOSHIARPUR,Ahiapur,Unplanned,Closed,2026-04-30T11:05:00Z,2026-04-30T11:20:00Z,15
1828214,North,HOSHIARPUR,URMAR,Unplanned,Closed,2026-04-30T11:05:00Z,2026-04-30T11:20:00Z,15
1828213,East,Zirakpur,LALRU RURAL  Kandi Pure AP,Unplanned,Closed,2026-04-30T11:05:00Z,2026-04-30T12:35:00Z,90
1828210,East,Zirakpur,DEHAR UPS,Unplanned,Closed,2026-04-30T11:05:00Z,2026-04-30T12:35:00Z,90
1828208,Central,CITY WEST LUDHIANA,PHULLANWAL,Unplanned,Closed,2026-04-30T11:01:05Z,2026-04-30T12:25:00Z,83
1828212,North,NAWANSHAHR,Hussain Chack,Unplanned,Closed,2026-04-30T11:01:00Z,2026-04-30T11:25:00Z,24
1828211,North,NAWANSHAHR,24 HRS RAHON,Unplanned,Closed,2026-04-30T11:01:00Z,2026-04-30T11:25:00Z,24
1828206,Central,CITY WEST LUDHIANA,Barera heights,Planned,Closed,2026-04-30T11:00:56Z,2026-04-30T14:07:41Z,186
1828205,South,SANGRUR,11 Peeran Wala Gate Cat-1,Unplanned,Closed,2026-04-30T11:00:08Z,2026-04-30T11:57:36Z,57
1827897,West,FARIDKOT,11 KV KOTHE DHALIWAL(RODE-R),Planned,Closed,2026-04-30T11:00:00Z,2026-04-30T11:02:00Z,2
1827891,West,FARIDKOT,GOVT. POLYTECHNIC G.T.B. GARH,Planned,Closed,2026-04-30T11:00:00Z,2026-04-30T11:02:00Z,2
1828209,North,HOSHIARPUR,11 KV AP KANDI PATIARIAN,Unplanned,Closed,2026-04-30T10:56:00Z,2026-04-30T11:22:00Z,26
1828207,North,JALANDHAR,Chandpur,Unplanned,Closed,2026-04-30T10:55:00Z,2026-04-30T11:20:00Z,25
1828172,South,SANGRUR,Kakarwal,Unplanned,Closed,2026-04-30T10:51:05Z,2026-04-30T11:54:41Z,63
1828166,North,HOSHIARPUR,MES,Unplanned,Closed,2026-04-30T10:51:00Z,2026-04-30T12:54:00Z,123
1828167,North,HOSHIARPUR,11 KV Bassi Wazid,Unplanned,Closed,2026-04-30T10:48:00Z,2026-04-30T11:56:00Z,68
1828159,Central,CITY WEST LUDHIANA,HERKRISHAN NAGAR FEEDER,Unplanned,Closed,2026-04-30T10:47:14Z,2026-04-30T11:30:33Z,43
1828160,South,PATIALA,11KV PANONDIAN,Unplanned,Closed,2026-04-30T10:45:19Z,2026-04-30T11:50:14Z,64
1828171,East,Zirakpur,SANULI,Unplanned,Closed,2026-04-30T10:45:00Z,2026-04-30T11:30:00Z,45
1828162,South,SANGRUR,Homi Bhabha,Unplanned,Closed,2026-04-30T10:41:00Z,2026-04-30T10:55:00Z,14
1828157,Border,GURDASPUR,SADANA,Unplanned,Closed,2026-04-30T10:41:00Z,2026-04-30T11:24:00Z,43
1828156,Border,GURDASPUR,KOT BHALLA,Unplanned,Closed,2026-04-30T10:41:00Z,2026-04-30T11:24:00Z,43
1828165,South,PATIALA,ups pilkhani,Unplanned,Closed,2026-04-30T10:40:00Z,2026-04-30T10:58:00Z,18
1828163,West,MUKATSAR,Nand Garh,Unplanned,Closed,2026-04-30T10:40:00Z,2026-04-30T16:15:00Z,335
1828158,North,HOSHIARPUR,11KV SINGHPUR UPS,Unplanned,Closed,2026-04-30T10:40:00Z,2026-04-30T11:50:00Z,70
1828170,South,SANGRUR,UPS SANGTIWALA,Unplanned,Closed,2026-04-30T10:39:00Z,2026-04-30T15:10:00Z,271
1828153,South,SANGRUR,Palasoure,Unplanned,Closed,2026-04-30T10:35:33Z,2026-04-30T11:10:45Z,35
1828151,South,SANGRUR,JAHANGIR,Unplanned,Closed,2026-04-30T10:35:23Z,2026-04-30T11:10:43Z,35
1828154,South,SANGRUR,Dera rajputa,Unplanned,Closed,2026-04-30T10:35:06Z,2026-04-30T11:10:16Z,35
1828152,South,SANGRUR,GOBINDPURA,Unplanned,Closed,2026-04-30T10:35:03Z,2026-04-30T11:10:14Z,35
1828150,Central,CITY WEST LUDHIANA,HOUSEFED,Planned,Closed,2026-04-30T10:32:10Z,2026-04-30T10:50:00Z,17
1828149,Central,CITY WEST LUDHIANA,PHULLANWAL,Planned,Closed,2026-04-30T10:32:10Z,2026-04-30T10:50:00Z,17
1828146,South,SANGRUR,BHULLAN,Unplanned,Closed,2026-04-30T10:31:00Z,2026-04-30T11:10:00Z,39
1828147,North,JALANDHAR,GLOBE COLONY,Unplanned,Closed,2026-04-30T10:29:00Z,2026-04-30T10:45:00Z,16
1828145,Border,SUB URBAN AMRITSAR,MUDH,Unplanned,Closed,2026-04-30T10:27:00Z,2026-04-30T12:45:00Z,138
1828144,North,HOSHIARPUR,HAMZA,Unplanned,Closed,2026-04-30T10:25:00Z,2026-04-30T12:05:00Z,100
1828143,North,HOSHIARPUR,11KV MILK PLANT,Unplanned,Closed,2026-04-30T10:24:00Z,2026-04-30T12:05:00Z,101
1828137,North,HOSHIARPUR,SAILA CITY,Unplanned,Closed,2026-04-30T10:24:00Z,2026-04-30T10:40:00Z,16
1828136,West,FARIDKOT,SAHIBZADA AJIT SINGH NAGAR,Unplanned,Closed,2026-04-30T10:24:00Z,2026-04-30T10:54:51Z,30
1828141,North,HOSHIARPUR,11 KV KAINTHA,Unplanned,Closed,2026-04-30T10:23:00Z,2026-04-30T12:05:00Z,102
1828140,North,HOSHIARPUR,DASUYA1,Unplanned,Closed,2026-04-30T10:23:00Z,2026-04-30T12:05:00Z,102
1828139,North,HOSHIARPUR,HOSPITAL,Unplanned,Closed,2026-04-30T10:23:00Z,2026-04-30T12:05:00Z,102
1828138,North,HOSHIARPUR,11KV SWITHCHING SUB STN.DASUYA,Unplanned,Closed,2026-04-30T10:23:00Z,2026-04-30T12:05:00Z,102
1828148,Border,SUB URBAN AMRITSAR,MAJITHA ROAD BYE PASS,Unplanned,Closed,2026-04-30T10:21:00Z,2026-04-30T11:32:00Z,71
1828135,North,JALANDHAR,NIHAL GARGH,Unplanned,Closed,2026-04-30T10:20:00Z,2026-04-30T11:35:00Z,75
1828133,Border,CITY AMRITSAR,Head Water Works Road,Unplanned,Closed,2026-04-30T10:16:00Z,2026-04-30T10:49:00Z,33
1828164,Border,GURDASPUR,Bakhatpur,Unplanned,Closed,2026-04-30T10:15:00Z,2026-04-30T13:04:00Z,169
1828142,North,KAPURTHALA,UPS Aujla,Unplanned,Closed,2026-04-30T10:15:00Z,2026-04-30T11:05:00Z,50
1828169,East,MOHALI,11KV SHEKHAN MAJRA,Unplanned,Closed,2026-04-30T10:12:00Z,2026-04-30T11:56:15Z,104
1828168,East,MOHALI,DERRI AP,Unplanned,Closed,2026-04-30T10:12:00Z,2026-04-30T11:20:11Z,68
1828131,West,MUKATSAR,Shakti Nagar,Unplanned,Closed,2026-04-30T10:10:48Z,2026-04-30T10:37:41Z,26
1828134,North,JALANDHAR,Talhan,Unplanned,Closed,2026-04-30T10:10:00Z,2026-04-30T10:45:00Z,35
1828129,Border,GURDASPUR,Gujran Lahri,Unplanned,Closed,2026-04-30T10:10:00Z,2026-04-30T11:05:00Z,55
1828128,Border,GURDASPUR,Kanwan,Unplanned,Closed,2026-04-30T10:09:00Z,2026-04-30T11:05:00Z,56
1828127,Border,GURDASPUR,Ghesal,Unplanned,Closed,2026-04-30T10:09:00Z,2026-04-30T11:05:00Z,56
1828132,East,ROPAR,JHANDIAN,Unplanned,Closed,2026-04-30T10:08:00Z,2026-04-30T10:25:00Z,17
1828126,West,BATHINDA,MEHMA,Unplanned,Closed,2026-04-30T10:08:00Z,2026-04-30T13:05:00Z,177
1828125,North,NAWANSHAHR,Urban,Planned,Closed,2026-04-30T10:05:00Z,2026-04-30T12:40:00Z,155
1828123,West,MUKATSAR,11 KV MALOUT ROAD,Unplanned,Closed,2026-04-30T10:01:41Z,2026-04-30T10:12:01Z,10
1828124,West,MUKATSAR,BAHAVAL BASI,Unplanned,Closed,2026-04-30T10:01:18Z,2026-04-30T10:12:25Z,11
1828104,East,ROPAR,11KV UNIVERSITY FEEDER,Planned,Closed,2026-04-30T10:00:32Z,2026-04-30T10:01:02Z,0
1828103,East,ROPAR,NATURE HUT,Planned,Closed,2026-04-30T10:00:32Z,2026-04-30T10:01:02Z,0
1828102,East,ROPAR,11 KV Landran Road,Planned,Closed,2026-04-30T10:00:32Z,2026-04-30T10:01:02Z,0
1828101,East,ROPAR,11 KV Arya College Road,Planned,Closed,2026-04-30T10:00:32Z,2026-04-30T10:01:02Z,0
1828100,East,ROPAR,11KV JPTL,Planned,Closed,2026-04-30T10:00:32Z,2026-04-30T10:01:02Z,0
1828099,East,ROPAR,ACME HEIGHT,Planned,Closed,2026-04-30T10:00:32Z,2026-04-30T10:01:02Z,0
1828098,East,ROPAR,11 KV Sector 115,Planned,Closed,2026-04-30T10:00:32Z,2026-04-30T10:01:02Z,0
1828097,East,ROPAR,11 KV Badala Road,Planned,Closed,2026-04-30T10:00:32Z,2026-04-30T10:01:02Z,0
1828096,East,ROPAR,11KV CGC JHANJHERI,Planned,Closed,2026-04-30T10:00:32Z,2026-04-30T10:01:02Z,0
1828095,East,ROPAR,11KV Royal Home Feeder,Planned,Closed,2026-04-30T10:00:32Z,2026-04-30T10:01:02Z,0
1828094,East,ROPAR,Swaraj,Planned,Closed,2026-04-30T10:00:32Z,2026-04-30T10:01:02Z,0
1828093,East,ROPAR,11KV Shvalik Heights,Planned,Closed,2026-04-30T10:00:32Z,2026-04-30T10:01:02Z,0
1828092,East,ROPAR,SOM  DUTT,Planned,Closed,2026-04-30T10:00:32Z,2026-04-30T10:01:02Z,0
1828091,East,ROPAR,11KV Gillco Velly,Planned,Closed,2026-04-30T10:00:32Z,2026-04-30T10:01:02Z,0
1828130,South,BARNALA,Old Bus Stand,Planned,Closed,2026-04-30T10:00:00Z,2026-04-30T10:40:00Z,40
1828122,Border,GURDASPUR,Mandi,Unplanned,Closed,2026-04-30T10:00:00Z,2026-04-30T11:44:00Z,104
1827987,West,FARIDKOT,Sandhwan,Planned,Closed,2026-04-30T10:00:00Z,2026-04-30T13:54:00Z,234
1827965,Central,CITY EAST LUDHIANA,Medicare,Planned,Closed,2026-04-30T10:00:00Z,2026-04-30T14:00:00Z,240
1828121,Border,GURDASPUR,GHUMAN,Unplanned,Closed,2026-04-30T09:58:00Z,2026-04-30T11:19:00Z,81
1828110,North,JALANDHAR,TOWER ENCLAVE,Unplanned,Closed,2026-04-30T09:51:00Z,2026-04-30T10:25:00Z,34
1828120,Border,SUB URBAN AMRITSAR,NANGAL PANNUAN,Unplanned,Closed,2026-04-30T09:50:46Z,2026-04-30T11:15:07Z,84
1828112,South,PATIALA,11 KV AP AJROUR,Unplanned,Closed,2026-04-30T09:50:25Z,2026-04-30T10:25:06Z,34
1828111,South,BARNALA,SIRGANGARAM,Unplanned,Closed,2026-04-30T09:50:00Z,2026-04-30T10:08:00Z,18
1828107,East,MOHALI,Kasauli,Unplanned,Closed,2026-04-30T09:46:00Z,2026-04-30T11:13:18Z,87
1828109,West,BATHINDA,11 KV DHOBI BAZAR,Unplanned,Closed,2026-04-30T09:44:00Z,2026-04-30T10:38:49Z,54
1828108,West,BATHINDA,11 KV MALL ROAD,Unplanned,Closed,2026-04-30T09:44:00Z,2026-04-30T10:38:16Z,54
1828105,North,NAWANSHAHR,THOPIA,Unplanned,Closed,2026-04-30T09:40:00Z,2026-04-30T09:55:00Z,15
1828088,Border,SUB URBAN AMRITSAR,Attari,Unplanned,Closed,2026-04-30T09:37:00Z,2026-04-30T10:00:00Z,23
1828087,South,SANGRUR,MAJHA-2,Planned,Closed,2026-04-30T09:31:43Z,2026-04-30T17:45:56Z,494
1828090,North,NAWANSHAHR,SHAHPUR,Unplanned,Closed,2026-04-30T09:30:00Z,2026-04-30T09:57:00Z,27
1828084,North,KAPURTHALA,Pandori,Unplanned,Closed,2026-04-30T09:15:00Z,2026-04-30T14:15:00Z,300
1828085,Border,SUB URBAN AMRITSAR,Sawdeshi Korean,Unplanned,Closed,2026-04-30T09:10:00Z,2026-04-30T10:20:00Z,70
1828080,Central,CITY EAST LUDHIANA,GIRJAGHAR CHOWNK,Unplanned,Closed,2026-04-30T09:08:00Z,2026-04-30T09:45:00Z,37
1828079,North,JALANDHAR,PUNJABI BAGH,Unplanned,Closed,2026-04-30T09:07:00Z,2026-04-30T09:35:00Z,28
1828081,Border,GURDASPUR,KHAN PIARA,Unplanned,Closed,2026-04-30T09:05:00Z,2026-04-30T10:05:00Z,60
1828089,East,MOHALI,11KV BARI AP,Unplanned,Closed,2026-04-30T09:02:00Z,2026-04-30T11:20:51Z,138
1828082,Border,TARN TARAN,GOINDWAL SAHIB URBAN..,Unplanned,Closed,2026-04-30T09:01:00Z,2026-04-30T09:45:00Z,44
1828069,Border,GURDASPUR,Partapgarh,Unplanned,Closed,2026-04-30T09:01:00Z,2026-04-30T11:15:00Z,134
1828076,Border,CITY AMRITSAR,NAVANKOT,Unplanned,Closed,2026-04-30T09:00:20Z,2026-04-30T09:30:59Z,30
1828075,Border,CITY AMRITSAR,11 KV Haripura Feeder,Unplanned,Closed,2026-04-30T09:00:20Z,2026-04-30T11:40:33Z,160
1828074,Border,CITY AMRITSAR,DHAPAI INDUSTRIAL,Unplanned,Closed,2026-04-30T09:00:20Z,2026-04-30T09:30:42Z,30
1828073,Border,CITY AMRITSAR,KHOO BHALLA,Unplanned,Closed,2026-04-30T09:00:20Z,2026-04-30T11:42:04Z,161
1828072,Border,CITY AMRITSAR,GURUDWARA TAPOWAN,Unplanned,Closed,2026-04-30T09:00:20Z,2026-04-30T11:42:20Z,162
1828071,Border,CITY AMRITSAR,BHANDARI CHOWK,Unplanned,Closed,2026-04-30T09:00:20Z,2026-04-30T11:43:29Z,163
1828070,Border,CITY AMRITSAR,KISHANKOT,Unplanned,Closed,2026-04-30T09:00:20Z,2026-04-30T11:43:41Z,163
1828106,Border,TARN TARAN,BEAS CITY,Unplanned,Closed,2026-04-30T09:00:00Z,2026-04-30T15:20:00Z,380
1828086,Central,CITY WEST LUDHIANA,B.V.M.,Unplanned,Closed,2026-04-30T09:00:00Z,2026-04-30T09:43:00Z,43
1828083,West,BATHINDA,College Road,Unplanned,Closed,2026-04-30T09:00:00Z,2026-04-30T10:11:23Z,71
1828077,North,NAWANSHAHR,RATTEWAL,Unplanned,Closed,2026-04-30T08:58:00Z,2026-04-30T09:50:00Z,52
1828066,Border,GURDASPUR,City Ptk.,Unplanned,Closed,2026-04-30T08:44:00Z,2026-04-30T10:26:00Z,102
1828063,Central,CITY EAST LUDHIANA,CENTRAL FEEDER,Unplanned,Closed,2026-04-30T08:35:00Z,2026-04-30T11:04:00Z,149
1828065,West,BATHINDA,BHAGIPEER,Unplanned,Closed,2026-04-30T08:32:00Z,2026-04-30T10:02:00Z,90
1828068,South,PATIALA,BOSSAR KALAN,Unplanned,Closed,2026-04-30T08:30:00Z,2026-04-30T12:35:00Z,245
1828064,North,JALANDHAR,BADALA,Unplanned,Closed,2026-04-30T08:30:00Z,2026-04-30T12:35:00Z,245
1828055,South,SANGRUR,11 KV SATOJ URBAN,Unplanned,Closed,2026-04-30T08:30:00Z,2026-04-30T08:45:00Z,15
1828053,Border,SUB URBAN AMRITSAR,24 Hrs Pandori,Unplanned,Closed,2026-04-30T08:26:00Z,2026-04-30T12:20:00Z,234
1828054,Border,SUB URBAN AMRITSAR,11KV Granthgar,Unplanned,Closed,2026-04-30T08:25:00Z,2026-04-30T11:53:00Z,208
1828052,South,SANGRUR,MATTRAN UPS,Unplanned,Closed,2026-04-30T08:20:00Z,2026-04-30T10:45:00Z,145
1828051,North,HOSHIARPUR,URMAR,Unplanned,Closed,2026-04-30T08:20:00Z,2026-04-30T09:20:00Z,60
1828050,East,ROPAR,UPS-I,Unplanned,Closed,2026-04-30T08:15:00Z,2026-04-30T08:42:00Z,27
1828048,East,Zirakpur,Jaskaran,Unplanned,Closed,2026-04-30T08:15:00Z,2026-04-30T09:39:00Z,84
1828049,Central,KHANNA,Amloh Road,Unplanned,Closed,2026-04-30T08:14:00Z,2026-04-30T09:49:00Z,95
1828067,North,NAWANSHAHR,UPS No. 3,Unplanned,Closed,2026-04-30T08:12:00Z,2026-04-30T09:25:00Z,73
1828047,North,KAPURTHALA,CAT 1 CIVIL HOSPITAL,Unplanned,Closed,2026-04-30T08:05:00Z,2026-04-30T09:25:00Z,80
1828046,West,MUKATSAR,JANDWALA HANUWANTA,Unplanned,Closed,2026-04-30T07:59:00Z,2026-04-30T08:40:50Z,41
1828045,North,HOSHIARPUR,SUDHANA,Unplanned,Closed,2026-04-30T07:55:00Z,2026-04-30T11:05:00Z,190
1828044,Central,CITY WEST LUDHIANA,STAR ROAD FEEDER,Unplanned,Closed,2026-04-30T07:48:28Z,2026-04-30T08:31:25Z,42
1828043,North,HOSHIARPUR,RUPOWAL,Unplanned,Closed,2026-04-30T07:35:00Z,2026-04-30T07:55:00Z,20
1828042,West,MUKATSAR,Lambi,Unplanned,Closed,2026-04-30T07:24:00Z,2026-04-30T09:20:00Z,116
1828035,Central,CITY WEST LUDHIANA,MERADO FEEDER,Unplanned,Closed,2026-04-30T07:05:41Z,2026-04-30T08:05:02Z,59
1828036,West,BATHINDA,CITY MANSA,Unplanned,Closed,2026-04-30T06:57:00Z,2026-04-30T08:19:20Z,82
1828034,Border,SUB URBAN AMRITSAR,Chogawan,Unplanned,Closed,2026-04-30T06:53:00Z,2026-04-30T10:16:00Z,203
1828033,East,MOHALI,11KV IT CITY,Unplanned,Closed,2026-04-30T06:40:07Z,2026-04-30T07:25:11Z,45
1828028,South,PATIALA,UPS RAIPUR,Unplanned,Closed,2026-04-30T06:30:38Z,2026-04-30T11:10:00Z,279
1828032,North,JALANDHAR,Lilly Resort,Unplanned,Closed,2026-04-30T06:30:00Z,2026-04-30T07:55:00Z,85
1828031,East,ROPAR,DARPAN,Unplanned,Closed,2026-04-30T06:30:00Z,2026-04-30T07:00:00Z,30
1828030,Border,TARN TARAN,RAYYA URBAN,Unplanned,Closed,2026-04-30T06:28:00Z,2026-04-30T11:16:57Z,288
1828027,East,MOHALI,CHARBARH UPS,Unplanned,Closed,2026-04-30T06:10:00Z,2026-04-30T06:40:09Z,30
1828029,North,JALANDHAR,Hargobind Nagar,Unplanned,Closed,2026-04-30T06:02:00Z,2026-04-30T08:01:00Z,119
1828026,East,ROPAR,BHANGLAN,Unplanned,Closed,2026-04-30T05:55:00Z,2026-04-30T06:10:00Z,15
1828025,Central,CITY EAST LUDHIANA,BASTI JODHEWAL,Unplanned,Closed,2026-04-30T05:51:00Z,2026-04-30T06:50:00Z,59
1828024,North,NAWANSHAHR,UPS NO.3,Unplanned,Closed,2026-04-30T05:50:00Z,2026-04-30T06:20:00Z,30
1828022,West,BATHINDA,BABA HARNAM SINGH,Unplanned,Closed,2026-04-30T05:30:00Z,2026-04-30T07:30:00Z,120
1828021,South,BARNALA,SIRGANGARAM,Unplanned,Closed,2026-04-30T05:24:39Z,2026-04-30T06:15:01Z,50
1828023,Border,GURDASPUR,11 KV Dhesian,Unplanned,Closed,2026-04-30T05:23:00Z,2026-04-30T13:02:00Z,459
1828020,Central,CITY WEST LUDHIANA,METRO FEEDER,Unplanned,Closed,2026-04-30T05:02:49Z,2026-04-30T07:05:28Z,122
1828019,West,MUKATSAR,Check  Dhuewala ups,Unplanned,Closed,2026-04-30T04:45:00Z,2026-04-30T11:30:00Z,405
1828018,West,MUKATSAR,Bajak,Unplanned,Closed,2026-04-30T04:45:00Z,2026-04-30T07:51:00Z,186
1828015,North,NAWANSHAHR,MALEWAL,Unplanned,Closed,2026-04-30T04:05:00Z,2026-04-30T04:25:00Z,20
1828014,South,BARNALA,LOHA BAZAR,Unplanned,Closed,2026-04-30T03:46:00Z,2026-04-30T06:15:00Z,149
1828010,Border,GURDASPUR,24 Hrs Amipur,Unplanned,Closed,2026-04-30T03:26:00Z,2026-04-30T06:15:00Z,169
1828013,North,NAWANSHAHR,GNA Jamalpur,Unplanned,Closed,2026-04-30T03:07:24Z,2026-04-30T03:09:24Z,2
1828012,North,NAWANSHAHR,Urban Pattren UPS,Unplanned,Closed,2026-04-30T03:07:24Z,2026-04-30T07:20:24Z,253
1828011,North,NAWANSHAHR,Dosanjh UPS,Unplanned,Closed,2026-04-30T03:07:24Z,2026-04-30T04:15:24Z,68
1828009,South,PATIALA,RAJGARH,Unplanned,Closed,2026-04-30T03:00:00Z,2026-04-30T11:30:00Z,510
1828008,South,PATIALA,GHRAM,Unplanned,Closed,2026-04-30T03:00:00Z,2026-04-30T11:30:00Z,510
1828005,North,NAWANSHAHR,BORA,Unplanned,Closed,2026-04-30T02:48:00Z,2026-04-30T03:20:00Z,32
1828007,East,MOHALI,11 KV Sec-73,Unplanned,Closed,2026-04-30T02:45:00Z,2026-04-30T04:55:00Z,130
1828006,North,JALANDHAR,BHODE SAPRAI,Unplanned,Closed,2026-04-30T02:45:00Z,2026-04-30T03:20:00Z,35
1828016,Border,SUB URBAN AMRITSAR,Urban Tangra,Unplanned,Closed,2026-04-30T02:35:00Z,2026-04-30T06:05:00Z,210
1828017,Border,SUB URBAN AMRITSAR,GT road 2,Unplanned,Closed,2026-04-30T02:30:00Z,2026-04-30T06:30:00Z,240
1828003,Central,CITY WEST LUDHIANA,D-BLOCK,Unplanned,Closed,2026-04-30T02:18:06Z,2026-04-30T03:14:29Z,56
1828002,Central,CITY WEST LUDHIANA,METRO FEEDER,Unplanned,Closed,2026-04-30T02:11:47Z,2026-04-30T05:02:23Z,170
1828004,South,SANGRUR,MASTUANA SAHIB,Unplanned,Closed,2026-04-30T01:40:00Z,2026-04-30T06:30:00Z,290
1827999,Central,CITY WEST LUDHIANA,ABDULLAPUR BASTI,Unplanned,Closed,2026-04-30T01:33:50Z,2026-04-30T04:06:43Z,152
1828000,Central,KHANNA,Dehru,Unplanned,Closed,2026-04-30T01:33:00Z,2026-04-30T05:17:00Z,224
1828001,West,MUKATSAR,Civil Hospital,Unplanned,Closed,2026-04-30T01:25:00Z,2026-04-30T02:00:00Z,35
1827998,South,PATIALA,UPS CHAMARU,Unplanned,Closed,2026-04-30T00:55:00Z,2026-04-30T07:35:00Z,400
