outage_id,Zone,Circle,Feeder,Type of Outage,Status,Start Time,End Time,Diff in mins
1942283,East,MOHALI,11KV MK TECHNOLOGY,Planned,Active,2026-09-17T13:30:00Z,2026-09-17T15:30:00Z,120
1942282,East,MOHALI,11 KV signature city,Planned,Active,2026-09-17T13:30:00Z,2026-09-17T15:30:00Z,120
1942291,South,SANGRUR,Rangian,Planned,Active,2026-09-17T13:25:00Z,2026-09-17T15:25:00Z,120
1942294,North,HOSHIARPUR,CHAK KHELA,Unplanned,Active,2026-09-17T13:23:00Z,2026-09-17T14:11:00Z,48
1942293,North,HOSHIARPUR,Abdulapur,Unplanned,Active,2026-09-17T13:22:00Z,2026-09-17T14:10:00Z,48
1942296,West,FARIDKOT,KOTKAPURA ROAD,Planned,Active,2026-09-17T13:20:00Z,2026-09-17T14:00:00Z,40
1942292,East,MOHALI,11KV Sec 109,Unplanned,Active,2026-09-17T13:19:00Z,2026-09-17T14:23:04Z,64
1942297,North,JALANDHAR,KARTAR VALVES,Unplanned,Active,2026-09-17T13:15:00Z,2026-09-17T15:00:00Z,105
1942295,North,JALANDHAR,NEW WARYANA COMPLEX NO.1,Unplanned,Active,2026-09-17T13:15:00Z,2026-09-17T15:00:00Z,105
1942290,South,SANGRUR,Bangawali,Unplanned,Active,2026-09-17T13:12:43Z,2026-09-17T15:42:54Z,150
1942289,Central,KHANNA,Nasrali  Road,Unplanned,Active,2026-09-17T13:10:00Z,2026-09-17T14:45:00Z,95
1942288,Central,KHANNA,CITY,Unplanned,Active,2026-09-17T13:10:00Z,2026-09-17T14:45:00Z,95
1942265,South,SANGRUR,11 KV Dohla Road,Planned,Active,2026-09-17T13:10:00Z,2026-09-17T14:10:00Z,60
1942286,South,PATIALA,GAJJU KHERA URBAN,Unplanned,Active,2026-09-17T13:05:00Z,2026-09-17T14:48:00Z,103
1942284,West,FARIDKOT,CITY FEEDER MINI SECTRYATE,Unplanned,Active,2026-09-17T13:03:25Z,2026-09-17T15:00:00Z,116
1942285,Border,GURDASPUR,Azizpur,Unplanned,Closed,2026-09-17T13:03:00Z,2026-09-17T13:20:00Z,17
1942287,North,JALANDHAR,LADHAYWALI,Unplanned,Closed,2026-09-17T13:02:00Z,2026-09-17T13:14:00Z,12
1940636,Border,SUB URBAN AMRITSAR,MVN INDUSTRY,Planned,Active,2026-09-17T13:00:09Z,2026-09-17T17:00:45Z,240
1942281,Central,KHANNA,MALERKOTLA ROAD,Unplanned,Active,2026-09-17T13:00:00Z,2026-09-17T13:30:00Z,30
1942280,South,PATIALA,UPS NABHA NO.1,Unplanned,Active,2026-09-17T12:59:00Z,2026-09-17T14:24:00Z,85
1942278,South,SANGRUR,RAMGARH,Planned,Active,2026-09-17T12:55:27Z,2026-09-17T18:22:39Z,327
1942279,South,BARNALA,MOTI BAZAR,Planned,Active,2026-09-17T12:50:59Z,2026-09-17T14:30:00Z,99
1942277,South,SANGRUR,MATAULI CITY,Unplanned,Active,2026-09-17T12:45:00Z,2026-09-17T14:30:00Z,105
1942264,South,SANGRUR,Bagrian Road,Planned,Closed,2026-09-17T12:43:00Z,2026-09-17T12:55:00Z,12
1942263,South,SANGRUR,Industrial (Dhuri),Planned,Closed,2026-09-17T12:43:00Z,2026-09-17T12:55:00Z,12
1942272,South,SANGRUR,Saho Patti,Planned,Active,2026-09-17T12:42:25Z,2026-09-17T15:10:34Z,148
1942276,West,BATHINDA,BAGHA,Planned,Active,2026-09-17T12:42:00Z,2026-09-17T14:40:00Z,118
1942275,West,BATHINDA,GHASO KHANA,Planned,Active,2026-09-17T12:42:00Z,2026-09-17T13:56:00Z,74
1942274,West,BATHINDA,RAILWAY FATAK,Planned,Active,2026-09-17T12:42:00Z,2026-09-17T13:56:00Z,74
1942271,Central,CITY WEST LUDHIANA,MARUTI ALLOY,Planned,Active,2026-09-17T12:33:40Z,2026-09-17T13:00:00Z,26
1942269,North,JALANDHAR,11 Shaheed Babu Labh Singh Nagar,Unplanned,Closed,2026-09-17T12:30:00Z,2026-09-17T12:46:00Z,16
1942268,Central,KHANNA,Friend colony,Unplanned,Closed,2026-09-17T12:30:00Z,2026-09-17T13:05:00Z,35
1942266,South,SANGRUR,11 KV BAHADURPUR UPS,Unplanned,Active,2026-09-17T12:23:00Z,2026-09-17T13:30:00Z,67
1942273,West,FARIDKOT,GUMTI KHURD UPS,Unplanned,Closed,2026-09-17T12:22:00Z,2026-09-17T12:58:00Z,36
1942262,West,MUKATSAR,11 KV Circular Road,Planned,Closed,2026-09-17T12:21:50Z,2026-09-17T13:20:09Z,58
1942267,North,HOSHIARPUR,HAJIPUR,Unplanned,Closed,2026-09-17T12:20:00Z,2026-09-17T12:42:00Z,22
1942261,North,HOSHIARPUR,RUPOWAL,Unplanned,Closed,2026-09-17T12:17:00Z,2026-09-17T13:02:00Z,45
1942254,Border,GURDASPUR,AB Sugar Mill,Planned,Active,2026-09-17T12:15:54Z,2026-09-17T14:00:54Z,105
1942253,Border,GURDASPUR,Rajoa,Planned,Active,2026-09-17T12:15:54Z,2026-09-17T14:00:54Z,105
1942252,Border,GURDASPUR,Dogar Mahesh,Planned,Active,2026-09-17T12:15:54Z,2026-09-17T14:00:54Z,105
1942251,Border,GURDASPUR,KIRI UPS,Planned,Active,2026-09-17T12:15:54Z,2026-09-17T14:00:54Z,105
1942247,Border,GURDASPUR,NANGAL UPS,Planned,Active,2026-09-17T12:15:27Z,2026-09-17T14:00:27Z,105
1942246,Border,GURDASPUR,Ghuman,Planned,Active,2026-09-17T12:15:27Z,2026-09-17T14:00:27Z,105
1942245,Border,GURDASPUR,Bolewal,Planned,Active,2026-09-17T12:15:27Z,2026-09-17T14:00:27Z,105
1942244,Border,GURDASPUR,NEW BALLARWAL UPS,Planned,Active,2026-09-17T12:15:27Z,2026-09-17T14:00:27Z,105
1942243,Border,GURDASPUR,dakoha,Planned,Active,2026-09-17T12:15:27Z,2026-09-17T14:00:27Z,105
1942260,Border,GURDASPUR,College,Planned,Active,2026-09-17T12:15:05Z,2026-09-17T14:00:05Z,105
1942259,Border,GURDASPUR,Sheh Bhattia,Planned,Active,2026-09-17T12:15:05Z,2026-09-17T14:00:05Z,105
1942258,Border,GURDASPUR,BABA RAJA RAM,Planned,Active,2026-09-17T12:15:05Z,2026-09-17T14:00:05Z,105
1942257,Border,GURDASPUR,Thakarwal,Planned,Active,2026-09-17T12:15:05Z,2026-09-17T14:00:05Z,105
1942256,Border,GURDASPUR,DHINDSA,Planned,Active,2026-09-17T12:15:05Z,2026-09-17T14:00:05Z,105
1942241,North,HOSHIARPUR,Lalpur,Planned,Active,2026-09-17T12:10:00Z,2026-09-17T14:00:00Z,110
1942240,North,HOSHIARPUR,Janauri-2,Planned,Active,2026-09-17T12:10:00Z,2026-09-17T14:00:00Z,110
1942239,North,HOSHIARPUR,11KV BHATOLIAN,Planned,Active,2026-09-17T12:10:00Z,2026-09-17T14:00:00Z,110
1942238,North,HOSHIARPUR,Dholwaha,Planned,Active,2026-09-17T12:10:00Z,2026-09-17T14:00:00Z,110
1942237,North,HOSHIARPUR,Atwarapur,Planned,Active,2026-09-17T12:10:00Z,2026-09-17T14:00:00Z,110
1942236,North,HOSHIARPUR,11 KV Bassi Wazid,Planned,Active,2026-09-17T12:10:00Z,2026-09-17T14:00:00Z,110
1942233,North,HOSHIARPUR,11 KV KAILON,Planned,Active,2026-09-17T12:10:00Z,2026-09-17T14:00:00Z,110
1942232,North,HOSHIARPUR,BHUNGA,Planned,Active,2026-09-17T12:10:00Z,2026-09-17T14:00:00Z,110
1942231,North,HOSHIARPUR,GUGGA-PATTI,Planned,Active,2026-09-17T12:10:00Z,2026-09-17T14:00:00Z,110
1942230,North,HOSHIARPUR,JANOURI,Planned,Active,2026-09-17T12:10:00Z,2026-09-17T14:00:00Z,110
1942229,North,HOSHIARPUR,REHMAPUR,Planned,Active,2026-09-17T12:10:00Z,2026-09-17T14:00:00Z,110
1942228,North,HOSHIARPUR,DAM,Planned,Active,2026-09-17T12:10:00Z,2026-09-17T14:00:00Z,110
1942227,North,HOSHIARPUR,BAGPUR,Planned,Active,2026-09-17T12:10:00Z,2026-09-17T14:00:00Z,110
1942226,North,HOSHIARPUR,KHUN KHUN,Planned,Active,2026-09-17T12:10:00Z,2026-09-17T14:00:00Z,110
1942225,North,HOSHIARPUR,HARIANA,Planned,Active,2026-09-17T12:10:00Z,2026-09-17T14:00:00Z,110
1942224,North,HOSHIARPUR,SOTLA,Planned,Active,2026-09-17T12:10:00Z,2026-09-17T14:00:00Z,110
1942221,North,HOSHIARPUR,NIKKIWAL,Planned,Active,2026-09-17T12:10:00Z,2026-09-17T14:00:00Z,110
1942220,North,HOSHIARPUR,NOORPUR,Planned,Active,2026-09-17T12:10:00Z,2026-09-17T14:00:00Z,110
1942219,North,HOSHIARPUR,11 KV Bhikhowal,Planned,Active,2026-09-17T12:10:00Z,2026-09-17T14:00:00Z,110
1942218,North,HOSHIARPUR,11 KV Kotli,Planned,Active,2026-09-17T12:10:00Z,2026-09-17T14:00:00Z,110
1942242,East,Zirakpur,11KV  SUSHMA,Unplanned,Closed,2026-09-17T12:05:00Z,2026-09-17T12:30:00Z,25
1942223,West,FARIDKOT,JAITO CITY,Planned,Closed,2026-09-17T12:05:00Z,2026-09-17T12:38:00Z,33
1942191,Central,KHANNA,AP concast,Planned,Active,2026-09-17T12:04:15Z,2026-09-17T16:04:37Z,240
1942255,North,JALANDHAR,11KV Mithapur Feeder,Unplanned,Closed,2026-09-17T12:04:00Z,2026-09-17T12:40:00Z,36
1942270,East,MOHALI,11 KV Feeder sec 69 B,Unplanned,Active,2026-09-17T12:02:00Z,2026-09-17T15:00:00Z,178
1942249,North,JALANDHAR,FATEHGARH,Unplanned,Active,2026-09-17T12:02:00Z,2026-09-17T14:00:00Z,118
1942235,East,MOHALI,11 KV CHADIALA UPS,Unplanned,Closed,2026-09-17T12:01:00Z,2026-09-17T12:16:05Z,15
1942234,North,HOSHIARPUR,Meeranpur UPS,Unplanned,Closed,2026-09-17T12:00:00Z,2026-09-17T12:25:00Z,25
1942211,Central,KHANNA,RURKI UPS,Planned,Active,2026-09-17T12:00:00Z,2026-09-17T14:00:00Z,120
1941263,North,JALANDHAR,SODAL,Planned,Active,2026-09-17T12:00:00Z,2026-09-17T16:00:00Z,240
1942212,Central,KHANNA,RAM RAJAYA,Unplanned,Active,2026-09-17T11:59:00Z,2026-09-17T13:02:00Z,63
1942215,West,MUKATSAR,11 KV SAIDANWALI,Unplanned,Closed,2026-09-17T11:58:32Z,2026-09-17T12:26:19Z,27
1942216,West,MUKATSAR,11 KV Dharampura,Unplanned,Closed,2026-09-17T11:58:14Z,2026-09-17T12:26:22Z,28
1942217,West,FARIDKOT,Arvind Nagar Feeder,Unplanned,Closed,2026-09-17T11:55:00Z,2026-09-17T13:10:00Z,75
1942213,South,PATIALA,GAJJU KHERA URBAN,Unplanned,Closed,2026-09-17T11:55:00Z,2026-09-17T13:00:00Z,65
1942206,West,BATHINDA,11 KV NEW RING ROAD FEEDER,Planned,Active,2026-09-17T11:51:09Z,2026-09-17T14:00:00Z,128
1942248,South,SANGRUR,UPS RAMPURA,Unplanned,Closed,2026-09-17T11:50:00Z,2026-09-17T12:25:00Z,35
1942214,North,JALANDHAR,DRY LEATHER COMPLEX,Unplanned,Closed,2026-09-17T11:50:00Z,2026-09-17T12:35:00Z,45
1942210,North,NAWANSHAHR,TEHSIL COMPLEX,Unplanned,Closed,2026-09-17T11:50:00Z,2026-09-17T12:20:00Z,30
1942208,West,FARIDKOT,Devi wala road UPS,Planned,Closed,2026-09-17T11:50:00Z,2026-09-17T12:10:00Z,20
1942250,East,Zirakpur,SAVITRY GREEN 2,Unplanned,Closed,2026-09-17T11:47:00Z,2026-09-17T12:54:00Z,67
1942202,Central,SUB URBAN LUDHIANA,CITY-1,Planned,Active,2026-09-17T11:45:00Z,2026-09-17T13:45:00Z,120
1942200,East,Zirakpur,LALRU RURAL  Kandi Pure AP,Unplanned,Closed,2026-09-17T11:45:00Z,2026-09-17T12:15:00Z,30
1942199,East,MOHALI,Green Enclave,Planned,Active,2026-09-17T11:45:00Z,2026-09-17T12:45:00Z,60
1942198,East,MOHALI,Balongi,Planned,Active,2026-09-17T11:45:00Z,2026-09-17T12:45:00Z,60
1942197,East,Zirakpur,Jalalpur Kandi Pure AP,Unplanned,Closed,2026-09-17T11:45:00Z,2026-09-17T12:15:00Z,30
1942201,Border,GURDASPUR,N.N.Bandha,Unplanned,Closed,2026-09-17T11:44:00Z,2026-09-17T12:06:00Z,22
1942196,South,PATIALA,City Badshahpur,Planned,Active,2026-09-17T11:44:00Z,2026-09-17T14:00:00Z,136
1942209,North,HOSHIARPUR,Patti,Unplanned,Closed,2026-09-17T11:40:00Z,2026-09-17T12:45:00Z,65
1942207,Border,TARN TARAN,Focal Point Urban.,Unplanned,Active,2026-09-17T11:40:00Z,2026-09-17T15:00:00Z,200
1942205,North,HOSHIARPUR,DALLI shared feeder with s/divn,Unplanned,Closed,2026-09-17T11:35:00Z,2026-09-17T11:55:00Z,20
1942204,North,HOSHIARPUR,Bhogpur,Unplanned,Closed,2026-09-17T11:35:00Z,2026-09-17T11:55:00Z,20
1942195,North,NAWANSHAHR,SHAHPUR,Unplanned,Closed,2026-09-17T11:35:00Z,2026-09-17T12:34:00Z,59
1942192,North,NAWANSHAHR,DUGRI,Unplanned,Closed,2026-09-17T11:35:00Z,2026-09-17T12:34:00Z,59
1942188,Border,GURDASPUR,Behrian,Unplanned,Closed,2026-09-17T11:35:00Z,2026-09-17T12:20:00Z,45
1942187,East,Zirakpur,MIAN PUR,Unplanned,Closed,2026-09-17T11:35:00Z,2026-09-17T12:20:00Z,45
1942185,West,MUKATSAR,11 KV KANDHWALA Road Urban,Unplanned,Closed,2026-09-17T11:33:06Z,2026-09-17T12:58:56Z,85
1942186,North,JALANDHAR,Shivaji Nagar,Unplanned,Closed,2026-09-17T11:32:00Z,2026-09-17T11:40:00Z,8
1942171,South,BARNALA,GUARA CAT NO 1,Planned,Closed,2026-09-17T11:30:48Z,2026-09-17T12:10:56Z,40
1942170,South,BARNALA,Baba sant singh nigah,Planned,Closed,2026-09-17T11:30:48Z,2026-09-17T12:10:16Z,39
1942184,West,MUKATSAR,Abohar Road,Unplanned,Closed,2026-09-17T11:30:00Z,2026-09-17T12:08:29Z,38
1942182,West,MUKATSAR,11 KV Bhagsar UPS,Unplanned,Active,2026-09-17T11:27:58Z,2026-09-17T12:27:08Z,59
1942181,West,MUKATSAR,11 KV SARDARPURA UPS,Unplanned,Active,2026-09-17T11:27:18Z,2026-09-17T12:23:26Z,56
1942167,West,MUKATSAR,KRISHNA NAGRI,Planned,Closed,2026-09-17T11:26:33Z,2026-09-17T11:50:43Z,24
1942194,West,FARIDKOT,11 KV GLOBAL UPS,Planned,Closed,2026-09-17T11:25:00Z,2026-09-17T13:10:00Z,105
1942193,West,FARIDKOT,Bhagtuana UPS,Planned,Closed,2026-09-17T11:25:00Z,2026-09-17T11:55:00Z,30
1942175,South,SANGRUR,11 KV Urban Truck Union Road,Planned,Closed,2026-09-17T11:25:00Z,2026-09-17T11:45:00Z,20
1942180,West,MUKATSAR,11 KV SUKHCHAIN,Unplanned,Active,2026-09-17T11:24:51Z,2026-09-17T12:25:59Z,61
1942176,East,ROPAR,MUNDI KHARAR,Planned,Closed,2026-09-17T11:24:00Z,2026-09-17T13:05:00Z,101
1942190,West,FARIDKOT,MATTA URBAN,Planned,Closed,2026-09-17T11:22:00Z,2026-09-17T12:10:00Z,48
1942203,South,SANGRUR,UPPLI UPS,Unplanned,Closed,2026-09-17T11:21:45Z,2026-09-17T11:52:22Z,30
1942173,North,KAPURTHALA,UPS Kotli,Unplanned,Closed,2026-09-17T11:20:00Z,2026-09-17T13:10:00Z,110
1942166,North,HOSHIARPUR,11 KV ARMY GROUND,Unplanned,Closed,2026-09-17T11:17:00Z,2026-09-17T11:44:00Z,27
1942174,West,FARIDKOT,11 KV BILASPUR UPS,Planned,Closed,2026-09-17T11:16:00Z,2026-09-17T12:20:00Z,64
1942165,South,PATIALA,Sant Nagar,Unplanned,Active,2026-09-17T11:16:00Z,2026-09-17T12:30:00Z,74
1942183,Border,TARN TARAN,FELLOKE,Unplanned,Closed,2026-09-17T11:15:00Z,2026-09-17T11:55:00Z,40
1942163,Border,SUB URBAN AMRITSAR,"D-block, GAD avenue",Unplanned,Active,2026-09-17T11:13:00Z,2026-09-17T11:34:00Z,21
1942179,West,FARIDKOT,11 KV MOGA ROAD CAT-02,Unplanned,Active,2026-09-17T11:11:00Z,2026-09-17T13:00:00Z,109
1942160,Border,GURDASPUR,Jugial,Unplanned,Closed,2026-09-17T11:11:00Z,2026-09-17T11:42:00Z,31
1942161,West,MUKATSAR,NEFED,Unplanned,Closed,2026-09-17T11:10:17Z,2026-09-17T11:43:32Z,33
1942189,West,FARIDKOT,HARDIAL NAGAR,Planned,Closed,2026-09-17T11:10:00Z,2026-09-17T12:08:00Z,58
1942168,West,FARIDKOT,11 KV LANDE-UPS,Planned,Active,2026-09-17T11:08:00Z,2026-09-17T13:00:00Z,112
1942158,North,JALANDHAR,Shitla Mandir,Unplanned,Closed,2026-09-17T11:05:00Z,2026-09-17T11:49:00Z,44
1942149,West,MUKATSAR,11 KV Raipura,Unplanned,Closed,2026-09-17T11:02:07Z,2026-09-17T11:33:15Z,31
1942157,East,Zirakpur,TRIBUNE COLONY,Unplanned,Closed,2026-09-17T11:02:00Z,2026-09-17T11:29:00Z,27
1942156,East,Zirakpur,SUNNY ENCLAVE,Unplanned,Closed,2026-09-17T11:02:00Z,2026-09-17T11:29:00Z,27
1942155,East,Zirakpur,SAINI VIHAR,Unplanned,Closed,2026-09-17T11:02:00Z,2026-09-17T11:29:00Z,27
1942154,East,Zirakpur,BIG BAZAAR,Unplanned,Closed,2026-09-17T11:02:00Z,2026-09-17T11:29:00Z,27
1942153,East,Zirakpur,KALKA ROAD,Unplanned,Closed,2026-09-17T11:02:00Z,2026-09-17T11:29:00Z,27
1942148,South,SANGRUR,M & M SCHOOL,Planned,Closed,2026-09-17T11:02:00Z,2026-09-17T11:32:00Z,30
1942147,South,SANGRUR,11 KV Nagri UPS,Planned,Closed,2026-09-17T11:02:00Z,2026-09-17T11:32:00Z,30
1942169,South,PATIALA,Industrial ( N),Unplanned,Closed,2026-09-17T11:01:00Z,2026-09-17T11:10:00Z,9
1942164,Central,SUB URBAN LUDHIANA,RAILWAY ROAD,Planned,Closed,2026-09-17T11:00:00Z,2026-09-17T12:45:00Z,105
1942152,North,HOSHIARPUR,Chak Jhandu,Unplanned,Closed,2026-09-17T11:00:00Z,2026-09-17T11:35:00Z,35
1942146,West,BATHINDA,11KV THAKUR COLONY,Planned,Closed,2026-09-17T10:59:00Z,2026-09-17T11:31:00Z,32
1942145,West,BATHINDA,11KV KANHAIYA CHOWK,Planned,Closed,2026-09-17T10:59:00Z,2026-09-17T11:31:00Z,32
1942151,Border,GURDASPUR,Sukret,Unplanned,Closed,2026-09-17T10:58:00Z,2026-09-17T11:48:00Z,50
1942143,Central,KHANNA,Labour Colony,Unplanned,Closed,2026-09-17T10:58:00Z,2026-09-17T12:04:00Z,66
1942178,East,Zirakpur,11kv Hanumant Feeder,Planned,Active,2026-09-17T10:55:00Z,2026-09-17T15:00:00Z,245
1942177,East,Zirakpur,TRY CITY,Planned,Active,2026-09-17T10:55:00Z,2026-09-17T15:00:00Z,245
1942172,West,BATHINDA,MAUR MANDI,Unplanned,Closed,2026-09-17T10:55:00Z,2026-09-17T12:25:00Z,90
1942162,Border,SUB URBAN AMRITSAR,Byepas Verka,Unplanned,Closed,2026-09-17T10:55:00Z,2026-09-17T11:26:00Z,31
1942141,East,ROPAR,11 KV Arya College Road,Planned,Closed,2026-09-17T10:55:00Z,2026-09-17T11:06:00Z,11
1942138,South,SANGRUR,Dharampura,Planned,Closed,2026-09-17T10:55:00Z,2026-09-17T12:55:00Z,120
1942137,South,SANGRUR,City-I,Planned,Closed,2026-09-17T10:55:00Z,2026-09-17T12:55:00Z,120
1942142,East,MOHALI,11KV Sec 109,Unplanned,Closed,2026-09-17T10:52:00Z,2026-09-17T11:10:13Z,18
1942136,West,MUKATSAR,11 KV South Avenue,Unplanned,Closed,2026-09-17T10:51:00Z,2026-09-17T11:31:09Z,40
1942150,East,Zirakpur,NIMBUA,Unplanned,Closed,2026-09-17T10:50:00Z,2026-09-17T11:45:00Z,55
1942140,East,ROPAR,Jawahar market,Unplanned,Closed,2026-09-17T10:50:00Z,2026-09-17T12:49:00Z,119
1942139,West,BATHINDA,NEW BASTI,Planned,Closed,2026-09-17T10:50:00Z,2026-09-17T11:15:19Z,25
1942159,East,MOHALI,11KV BLOCK-C,Unplanned,Closed,2026-09-17T10:48:00Z,2026-09-17T11:13:00Z,25
1942132,Central,SUB URBAN LUDHIANA,CITY-5 UPS,Planned,Active,2026-09-17T10:45:18Z,2026-09-17T14:00:00Z,194
1942144,East,MOHALI,11 kv CPM,Unplanned,Closed,2026-09-17T10:41:00Z,2026-09-17T12:04:11Z,83
1942131,North,HOSHIARPUR,Tagore Nagar,Unplanned,Closed,2026-09-17T10:40:00Z,2026-09-17T11:25:00Z,45
1942130,North,KAPURTHALA,URBAN Parjian Kalan,Unplanned,Closed,2026-09-17T10:40:00Z,2026-09-17T11:12:00Z,32
1942129,East,MOHALI,11KV DERRI UPS,Unplanned,Closed,2026-09-17T10:40:00Z,2026-09-17T10:55:31Z,15
1942135,East,ROPAR,11 KV Bharatgarh,Unplanned,Closed,2026-09-17T10:37:00Z,2026-09-17T10:54:00Z,17
1942124,West,FEROZPUR,RINGMAIN B,Planned,Closed,2026-09-17T10:35:00Z,2026-09-17T11:15:00Z,40
1942123,South,PATIALA,DARSHANI GATE,Unplanned,Active,2026-09-17T10:35:00Z,2026-09-17T12:00:00Z,85
1942121,Central,SUB URBAN LUDHIANA,City-4,Unplanned,Closed,2026-09-17T10:30:42Z,2026-09-17T11:15:35Z,44
1942128,East,ROPAR,Indira nagar,Unplanned,Closed,2026-09-17T10:30:00Z,2026-09-17T10:43:00Z,13
1942122,Central,CITY EAST LUDHIANA,BY PASS,Unplanned,Closed,2026-09-17T10:30:00Z,2026-09-17T12:15:00Z,105
1942113,South,SANGRUR,UPS Guru Nanak Nagar,Planned,Closed,2026-09-17T10:25:01Z,2026-09-17T11:22:09Z,57
1942134,East,Zirakpur,Bhudda Sahib,Unplanned,Closed,2026-09-17T10:25:00Z,2026-09-17T10:45:00Z,20
1942133,East,Zirakpur,ZIRAKPUR-1,Unplanned,Closed,2026-09-17T10:25:00Z,2026-09-17T10:45:00Z,20
1942125,South,PATIALA,UPS SANDARSI,Unplanned,Closed,2026-09-17T10:25:00Z,2026-09-17T10:45:00Z,20
1942118,North,HOSHIARPUR,WAZIRAN,Unplanned,Closed,2026-09-17T10:25:00Z,2026-09-17T10:40:00Z,15
1942119,North,HOSHIARPUR,NARU NANGAL,Unplanned,Closed,2026-09-17T10:20:00Z,2026-09-17T10:35:00Z,15
1942120,West,FARIDKOT,Kotkapura,Planned,Closed,2026-09-17T10:16:00Z,2026-09-17T10:49:00Z,33
1942116,North,HOSHIARPUR,11kv Chanour UPS,Unplanned,Closed,2026-09-17T10:15:00Z,2026-09-17T12:05:00Z,110
1942112,North,HOSHIARPUR,BHOGPUR NO 2,Unplanned,Closed,2026-09-17T10:15:00Z,2026-09-17T11:17:00Z,62
1942111,North,HOSHIARPUR,HANDHWAL UPS,Unplanned,Closed,2026-09-17T10:12:00Z,2026-09-17T11:20:00Z,68
1942114,North,JALANDHAR,BASTI NAU (OLD),Unplanned,Closed,2026-09-17T10:11:00Z,2026-09-17T12:56:00Z,165
1942107,South,SANGRUR,11KV UPS JOLIAN,Planned,Closed,2026-09-17T10:10:08Z,2026-09-17T11:10:55Z,60
1942127,Border,TARN TARAN,KOT MOHAMAD KHAN UPS,Unplanned,Closed,2026-09-17T10:10:00Z,2026-09-17T11:40:00Z,90
1942117,North,HOSHIARPUR,Chabbewal,Unplanned,Closed,2026-09-17T10:10:00Z,2026-09-17T10:50:00Z,40
1942115,South,PATIALA,UPS Prour,Unplanned,Closed,2026-09-17T10:10:00Z,2026-09-17T10:50:00Z,40
1942109,East,MOHALI,11KV AMBIKA,Unplanned,Closed,2026-09-17T10:05:00Z,2026-09-17T10:45:00Z,40
1942106,North,NAWANSHAHR,BHAJJAL,Unplanned,Closed,2026-09-17T10:05:00Z,2026-09-17T11:31:00Z,86
1942105,North,JALANDHAR,11 KV GULAB DEVI,Unplanned,Closed,2026-09-17T10:04:00Z,2026-09-17T10:31:00Z,27
1942108,West,FARIDKOT,KOTKAPURA ROAD,Planned,Closed,2026-09-17T10:01:00Z,2026-09-17T10:25:00Z,24
1941923,North,JALANDHAR,BHARO CAMP,Planned,Closed,2026-09-17T10:00:28Z,2026-09-17T12:15:41Z,135
1941924,North,JALANDHAR,NAKODER ROAD,Planned,Closed,2026-09-17T10:00:23Z,2026-09-17T12:15:31Z,135
1942110,North,KAPURTHALA,URBAN MODEL TOWN Shahkot,Unplanned,Closed,2026-09-17T10:00:00Z,2026-09-17T10:40:00Z,40
1942100,East,MOHALI,Commercial Complex,Unplanned,Closed,2026-09-17T10:00:00Z,2026-09-17T10:10:00Z,10
1941165,South,PATIALA,Lakkar Mandi,Planned,Active,2026-09-17T10:00:00Z,2026-09-17T14:00:00Z,240
1940742,North,HOSHIARPUR,11kv INDUSTRIAL HSP ROAD NASRALA,Planned,Closed,2026-09-17T10:00:00Z,2026-09-17T12:00:00Z,120
1942099,West,FARIDKOT,CITY FEEDER MINI SECTRYATE,Planned,Closed,2026-09-17T09:53:56Z,2026-09-17T11:00:00Z,66
1942095,Border,GURDASPUR,ARYA NAGAR,Unplanned,Closed,2026-09-17T09:51:00Z,2026-09-17T10:19:00Z,28
1942097,West,MUKATSAR,USMAAN KHERA,Unplanned,Closed,2026-09-17T09:50:46Z,2026-09-17T10:39:02Z,48
1942098,West,MUKATSAR,11 KV Ganganagar Road,Unplanned,Closed,2026-09-17T09:50:22Z,2026-09-17T10:39:35Z,49
1942104,Border,SUB URBAN AMRITSAR,Bhai Manj Road,Unplanned,Closed,2026-09-17T09:50:00Z,2026-09-17T10:20:00Z,30
1942101,North,HOSHIARPUR,RAMPUR,Unplanned,Closed,2026-09-17T09:50:00Z,2026-09-17T11:30:00Z,100
1942103,East,MOHALI,11 KV Gura,Unplanned,Closed,2026-09-17T09:49:00Z,2026-09-17T10:04:00Z,15
1942090,North,HOSHIARPUR,BADLA,Unplanned,Closed,2026-09-17T09:47:00Z,2026-09-17T10:34:00Z,47
1942094,South,BARNALA,MEHAL KALAN CITY,Unplanned,Closed,2026-09-17T09:45:00Z,2026-09-17T10:25:00Z,40
1942091,North,HOSHIARPUR,Chabbewal,Unplanned,Closed,2026-09-17T09:45:00Z,2026-09-17T10:05:00Z,20
1942089,Central,KHANNA,DANA MANDI,Unplanned,Closed,2026-09-17T09:42:00Z,2026-09-17T10:30:00Z,48
1942088,Central,KHANNA,11 KV MODEL TOWN,Unplanned,Closed,2026-09-17T09:42:00Z,2026-09-17T10:45:00Z,63
1942079,Border,TARN TARAN,Baba Bakala,Planned,Active,2026-09-17T09:40:00Z,2026-09-17T11:00:00Z,80
1942093,East,MOHALI,LANDRAN,Unplanned,Closed,2026-09-17T09:39:00Z,2026-09-17T10:17:00Z,38
1942096,West,FARIDKOT,Dana Mandi Old,Planned,Closed,2026-09-17T09:38:00Z,2026-09-17T09:49:00Z,11
1942085,North,HOSHIARPUR,KHIZARPUR,Unplanned,Closed,2026-09-17T09:35:00Z,2026-09-17T09:42:00Z,7
1942092,East,MOHALI,scada-1,Unplanned,Active,2026-09-17T09:28:00Z,2026-09-17T14:00:00Z,272
1942067,Border,SUB URBAN AMRITSAR,C-BLOCK RANJIT AVENUE,Unplanned,Closed,2026-09-17T09:28:00Z,2026-09-17T10:05:00Z,37
1942082,North,HOSHIARPUR,khunda,Unplanned,Closed,2026-09-17T09:26:00Z,2026-09-17T09:46:00Z,20
1942060,Central,KHANNA,Labour Colony,Unplanned,Closed,2026-09-17T09:26:00Z,2026-09-17T10:26:00Z,60
1942102,Border,SUB URBAN AMRITSAR,MES,Unplanned,Closed,2026-09-17T09:25:00Z,2026-09-17T10:35:00Z,70
1942086,North,KAPURTHALA,Rai bhoe talwandi,Unplanned,Closed,2026-09-17T09:25:00Z,2026-09-17T11:15:00Z,110
1942080,North,NAWANSHAHR,11 KV Buthgarh,Unplanned,Closed,2026-09-17T09:25:00Z,2026-09-17T10:25:00Z,60
1942078,North,NAWANSHAHR,ROR MAJRA,Unplanned,Closed,2026-09-17T09:25:00Z,2026-09-17T10:25:00Z,60
1942077,North,NAWANSHAHR,CHAK GURU,Unplanned,Closed,2026-09-17T09:25:00Z,2026-09-17T10:25:00Z,60
1942076,North,NAWANSHAHR,DAYALAN,Unplanned,Closed,2026-09-17T09:25:00Z,2026-09-17T10:25:00Z,60
1942075,North,NAWANSHAHR,MALEWAL,Unplanned,Closed,2026-09-17T09:25:00Z,2026-09-17T10:25:00Z,60
1942074,North,NAWANSHAHR,CHANDPUR RURKI,Unplanned,Closed,2026-09-17T09:25:00Z,2026-09-17T10:25:00Z,60
1942072,North,NAWANSHAHR,BINEWAL,Unplanned,Closed,2026-09-17T09:25:00Z,2026-09-17T10:25:00Z,60
1942071,East,ROPAR,Bassi,Unplanned,Closed,2026-09-17T09:25:00Z,2026-09-17T10:10:00Z,45
1942070,North,NAWANSHAHR,SAROYA,Unplanned,Closed,2026-09-17T09:25:00Z,2026-09-17T10:25:00Z,60
1942069,North,NAWANSHAHR,ALLOWAL,Unplanned,Closed,2026-09-17T09:25:00Z,2026-09-17T10:25:00Z,60
1942061,West,MUKATSAR,Town,Unplanned,Closed,2026-09-17T09:24:35Z,2026-09-17T10:37:21Z,72
1942084,South,PATIALA,Badungar,Unplanned,Closed,2026-09-17T09:24:00Z,2026-09-17T09:56:00Z,32
1942062,East,MOHALI,11 KV CHADIALA UPS,Planned,Closed,2026-09-17T09:20:57Z,2026-09-17T09:30:00Z,9
1942064,East,MOHALI,11KV BHARATPUR AP,Planned,Closed,2026-09-17T09:20:45Z,2026-09-17T09:30:00Z,9
1942083,North,KAPURTHALA,Tower Colony,Unplanned,Closed,2026-09-17T09:20:00Z,2026-09-17T10:35:00Z,75
1942081,North,KAPURTHALA,Mohema,Unplanned,Closed,2026-09-17T09:20:00Z,2026-09-17T10:35:00Z,75
1942066,South,SANGRUR,JANAL ROAD UPS,Unplanned,Closed,2026-09-17T09:20:00Z,2026-09-17T10:15:00Z,55
1942065,North,JALANDHAR,RAMA MANDI,Unplanned,Closed,2026-09-17T09:20:00Z,2026-09-17T09:30:00Z,10
1942063,Border,CITY AMRITSAR,11KvGoal Bagh,Unplanned,Closed,2026-09-17T09:20:00Z,2026-09-17T10:18:00Z,58
1942059,North,KAPURTHALA,UPS RAULI,Unplanned,Closed,2026-09-17T09:20:00Z,2026-09-17T10:35:00Z,75
1942056,North,KAPURTHALA,Haripur,Unplanned,Closed,2026-09-17T09:20:00Z,2026-09-17T10:35:00Z,75
1942055,North,HOSHIARPUR,Chak Jhandu,Unplanned,Closed,2026-09-17T09:20:00Z,2026-09-17T10:40:00Z,80
1942054,North,HOSHIARPUR,MEGHOWAL,Unplanned,Closed,2026-09-17T09:20:00Z,2026-09-17T09:30:00Z,10
1942057,Border,SUB URBAN AMRITSAR,City 2,Unplanned,Closed,2026-09-17T09:18:00Z,2026-09-17T12:00:00Z,162
1942050,Border,GURDASPUR,HABIBPUR,Unplanned,Closed,2026-09-17T09:18:00Z,2026-09-17T10:25:00Z,67
1942052,North,JALANDHAR,11 KV Deol Nagar,Unplanned,Closed,2026-09-17T09:17:00Z,2026-09-17T09:55:00Z,38
1942045,West,BATHINDA,INDUSTRIAL,Unplanned,Closed,2026-09-17T09:15:00Z,2026-09-17T10:05:00Z,50
1942053,West,MUKATSAR,11 KV Punjava Model,Unplanned,Closed,2026-09-17T09:12:00Z,2026-09-17T09:39:00Z,27
1942049,South,SANGRUR,24 BANGAN,Unplanned,Closed,2026-09-17T09:10:00Z,2026-09-17T10:50:00Z,100
1942048,North,HOSHIARPUR,PAKHOWAL,Unplanned,Closed,2026-09-17T09:10:00Z,2026-09-17T10:45:00Z,95
1942046,East,Zirakpur,TRIBUNE COLONY,Unplanned,Closed,2026-09-17T09:10:00Z,2026-09-17T09:35:00Z,25
1942039,South,SANGRUR,11 KV UPS NAIWALA,Unplanned,Closed,2026-09-17T09:10:00Z,2026-09-17T10:20:00Z,70
1942051,North,JALANDHAR,MOTA SINGH NAGAR,Unplanned,Closed,2026-09-17T09:09:00Z,2026-09-17T09:52:00Z,43
1942042,South,SANGRUR,UPPLI UPS,Unplanned,Closed,2026-09-17T09:06:03Z,2026-09-17T09:42:19Z,36
1942041,South,SANGRUR,MASTUANA SAHIB,Unplanned,Closed,2026-09-17T09:05:42Z,2026-09-17T09:41:01Z,35
1942126,East,ROPAR,Khera,Unplanned,Closed,2026-09-17T09:05:00Z,2026-09-17T10:50:00Z,105
1942047,North,HOSHIARPUR,Sarangwal,Unplanned,Closed,2026-09-17T09:05:00Z,2026-09-17T10:10:00Z,65
1942043,South,SANGRUR,JEONPURA UPS,Unplanned,Active,2026-09-17T09:05:00Z,2026-09-17T13:30:00Z,265
1942058,East,MOHALI,BANUR URBAN 2,Unplanned,Closed,2026-09-17T09:03:00Z,2026-09-17T11:00:23Z,117
1942037,East,ROPAR,TIBBA TAPPRIAN,Unplanned,Closed,2026-09-17T09:03:00Z,2026-09-17T09:10:00Z,7
1942032,East,ROPAR,JHANDIAN,Unplanned,Closed,2026-09-17T09:03:00Z,2026-09-17T09:15:00Z,12
1942027,East,ROPAR,11 KV Moura,Unplanned,Closed,2026-09-17T09:01:00Z,2026-09-17T10:17:00Z,76
1942018,Central,CITY WEST LUDHIANA,MERADO FEEDER,Planned,Closed,2026-09-17T09:00:02Z,2026-09-17T09:32:54Z,32
1942044,East,ROPAR,MUNDI KHARAR,Unplanned,Closed,2026-09-17T09:00:00Z,2026-09-17T09:30:00Z,30
1942035,West,BATHINDA,INDUSTRIAL,Unplanned,Closed,2026-09-17T09:00:00Z,2026-09-17T12:01:00Z,181
1942031,North,HOSHIARPUR,LAROYA,Unplanned,Closed,2026-09-17T09:00:00Z,2026-09-17T09:10:00Z,10
1942029,North,HOSHIARPUR,DALLI shared feeder with s/divn,Unplanned,Closed,2026-09-17T09:00:00Z,2026-09-17T09:30:00Z,30
1942028,North,HOSHIARPUR,BULLOWAL   NO    2,Unplanned,Closed,2026-09-17T09:00:00Z,2026-09-17T09:25:00Z,25
1942026,North,HOSHIARPUR,SUDHANA,Unplanned,Closed,2026-09-17T09:00:00Z,2026-09-17T09:50:00Z,50
1942022,North,JALANDHAR,GAJIPUR,Unplanned,Closed,2026-09-17T09:00:00Z,2026-09-17T09:46:00Z,46
1942017,North,JALANDHAR,11 KV Tibbi Feeder,Unplanned,Closed,2026-09-17T08:59:00Z,2026-09-17T09:30:00Z,31
1942034,North,JALANDHAR,11KV Royal Residency,Unplanned,Closed,2026-09-17T08:58:00Z,2026-09-17T09:12:00Z,14
1942025,South,SANGRUR,11 KV SATOJ URBAN,Unplanned,Closed,2026-09-17T08:57:00Z,2026-09-17T09:25:00Z,28
1942013,West,FARIDKOT,CIVIL HOSPITAL,Planned,Closed,2026-09-17T08:57:00Z,2026-09-17T09:08:00Z,11
1942016,West,BATHINDA,HIGHWAY FEEDER,Planned,Closed,2026-09-17T08:55:28Z,2026-09-17T09:25:00Z,29
1942015,West,BATHINDA,AIR FORCE,Planned,Closed,2026-09-17T08:55:28Z,2026-09-17T09:25:00Z,29
1942087,South,PATIALA,UPS  KHANSIAN,Unplanned,Closed,2026-09-17T08:55:00Z,2026-09-17T10:13:00Z,78
1942040,Border,GURDASPUR,I.T.I,Unplanned,Closed,2026-09-17T08:55:00Z,2026-09-17T10:10:00Z,75
1942038,West,MUKATSAR,Civil Line,Unplanned,Closed,2026-09-17T08:55:00Z,2026-09-17T10:03:38Z,68
1942033,North,NAWANSHAHR,GARHI,Unplanned,Closed,2026-09-17T08:55:00Z,2026-09-17T10:30:00Z,95
1942024,North,NAWANSHAHR,CHUSHMA,Unplanned,Closed,2026-09-17T08:55:00Z,2026-09-17T09:20:00Z,25
1942023,North,NAWANSHAHR,CHANDIANI,Unplanned,Closed,2026-09-17T08:53:00Z,2026-09-17T10:35:00Z,102
1942030,North,NAWANSHAHR,MEHAITPUR OLADANI,Unplanned,Closed,2026-09-17T08:51:00Z,2026-09-17T10:25:00Z,94
1942012,West,BATHINDA,CHUGE KHURD UPS,Planned,Closed,2026-09-17T08:50:11Z,2026-09-17T09:25:00Z,34
1942021,North,NAWANSHAHR,SUDHA MAJRA,Unplanned,Closed,2026-09-17T08:50:00Z,2026-09-17T09:25:00Z,35
1942011,North,NAWANSHAHR,PANAM,Unplanned,Closed,2026-09-17T08:47:00Z,2026-09-17T09:05:00Z,18
1942008,East,MOHALI,INDUSTRY PHASE 3,Unplanned,Closed,2026-09-17T08:45:00Z,2026-09-17T10:38:00Z,113
1942005,North,NAWANSHAHR,MAHIPUR,Unplanned,Closed,2026-09-17T08:42:00Z,2026-09-17T10:30:00Z,108
1942020,East,MOHALI,CHARBARH UPS,Unplanned,Closed,2026-09-17T08:40:07Z,2026-09-17T09:35:00Z,54
1942036,North,HOSHIARPUR,Bihala,Unplanned,Closed,2026-09-17T08:40:00Z,2026-09-17T09:40:00Z,60
1942073,East,MOHALI,Sec 74-B,Unplanned,Active,2026-09-17T08:37:00Z,2026-09-17T14:01:00Z,324
1941996,North,HOSHIARPUR,JAKOWAL,Unplanned,Closed,2026-09-17T08:37:00Z,2026-09-17T09:24:00Z,47
1942006,East,ROPAR,Golhani,Unplanned,Closed,2026-09-17T08:36:59Z,2026-09-17T10:20:00Z,103
1942068,East,MOHALI,COURT COMPLEX,Unplanned,Closed,2026-09-17T08:35:00Z,2026-09-17T10:45:00Z,130
1942004,South,BARNALA,OIL MILL,Unplanned,Closed,2026-09-17T08:35:00Z,2026-09-17T09:10:00Z,35
1942001,North,HOSHIARPUR,JAIJON,Unplanned,Closed,2026-09-17T08:35:00Z,2026-09-17T08:55:00Z,20
1941998,North,NAWANSHAHR,BHAJJAL,Unplanned,Closed,2026-09-17T08:35:00Z,2026-09-17T08:53:00Z,18
1941992,North,HOSHIARPUR,MAND PHANDER,Unplanned,Closed,2026-09-17T08:34:00Z,2026-09-17T08:55:00Z,21
1942019,East,MOHALI,11KV JAGATPURA,Planned,Closed,2026-09-17T08:32:18Z,2026-09-17T08:33:00Z,0
1942014,South,PATIALA,UPS 1,Unplanned,Closed,2026-09-17T08:30:00Z,2026-09-17T09:45:00Z,75
1942002,West,BATHINDA,INDUSTRIES,Unplanned,Closed,2026-09-17T08:30:00Z,2026-09-17T08:40:00Z,10
1941995,East,MOHALI,11 KV Gura,Unplanned,Closed,2026-09-17T08:30:00Z,2026-09-17T09:36:00Z,66
1941994,North,HOSHIARPUR,RAILWAY STATION,Unplanned,Closed,2026-09-17T08:30:00Z,2026-09-17T08:50:00Z,20
1942003,East,MOHALI,NAYA GAON,Unplanned,Closed,2026-09-17T08:28:00Z,2026-09-17T09:00:00Z,32
1941999,East,MOHALI,11 KV Masol,Unplanned,Closed,2026-09-17T08:27:00Z,2026-09-17T09:37:00Z,70
1941997,East,MOHALI,Kasauli,Unplanned,Closed,2026-09-17T08:27:00Z,2026-09-17T11:26:00Z,179
1941993,East,MOHALI,11KV MANANA,Unplanned,Closed,2026-09-17T08:27:00Z,2026-09-17T09:22:00Z,55
1941990,North,NAWANSHAHR,DUGRI,Unplanned,Closed,2026-09-17T08:26:00Z,2026-09-17T09:05:00Z,39
1941988,North,NAWANSHAHR,TEHSIL COMPLEX GSR,Unplanned,Closed,2026-09-17T08:26:00Z,2026-09-17T09:20:00Z,54
1942007,East,MOHALI,MOULI,Unplanned,Closed,2026-09-17T08:25:00Z,2026-09-17T09:50:00Z,85
1941987,Border,TARN TARAN,MOHAN SINGH TUR,Unplanned,Closed,2026-09-17T08:25:00Z,2026-09-17T09:30:00Z,65
1941982,East,Zirakpur,Sukhmani Sahib,Unplanned,Closed,2026-09-17T08:25:00Z,2026-09-17T08:56:00Z,31
1941979,South,PATIALA,UPS ALALMAJRA,Unplanned,Closed,2026-09-17T08:25:00Z,2026-09-17T10:30:00Z,125
1941971,East,Zirakpur,JAGAN TUBE,Unplanned,Closed,2026-09-17T08:23:00Z,2026-09-17T09:10:00Z,47
1942009,East,MOHALI,SEC 64-A,Unplanned,Closed,2026-09-17T08:22:00Z,2026-09-17T08:46:00Z,24
1941981,East,ROPAR,PLATA,Unplanned,Closed,2026-09-17T08:22:00Z,2026-09-17T08:52:00Z,30
1941968,East,MOHALI,11KV JAGATPURA,Unplanned,Closed,2026-09-17T08:18:59Z,2026-09-17T08:30:00Z,11
1941985,South,PATIALA,industrial No.1 (FP),Unplanned,Closed,2026-09-17T08:18:00Z,2026-09-17T09:08:00Z,50
1941974,Central,KHANNA,Sangtpura,Unplanned,Closed,2026-09-17T08:18:00Z,2026-09-17T09:19:00Z,61
1941973,Central,KHANNA,Motia Khan,Unplanned,Closed,2026-09-17T08:18:00Z,2026-09-17T09:15:00Z,57
1941972,Central,KHANNA,Labour Colony,Unplanned,Closed,2026-09-17T08:18:00Z,2026-09-17T09:19:00Z,61
1941969,East,MOHALI,11KV MK TECHNOLOGY,Unplanned,Closed,2026-09-17T08:15:59Z,2026-09-17T09:55:34Z,99
1941989,Central,KHANNA,Sahpur,Unplanned,Closed,2026-09-17T08:15:00Z,2026-09-17T09:50:00Z,95
1941984,South,PATIALA,A P JAIN HOSPITAL,Unplanned,Closed,2026-09-17T08:15:00Z,2026-09-17T10:10:00Z,115
1941983,South,PATIALA,SYL (F.P),Unplanned,Closed,2026-09-17T08:15:00Z,2026-09-17T08:45:00Z,30
1941977,South,SANGRUR,MATTRAN UPS,Unplanned,Closed,2026-09-17T08:15:00Z,2026-09-17T10:15:00Z,120
1941976,South,SANGRUR,UPS BALAD KALAN,Unplanned,Closed,2026-09-17T08:15:00Z,2026-09-17T09:01:00Z,46
1941967,East,Zirakpur,SAVITRYGREEN,Unplanned,Closed,2026-09-17T08:15:00Z,2026-09-17T08:55:00Z,40
1941960,North,HOSHIARPUR,MOUNT AVENUE,Unplanned,Closed,2026-09-17T08:15:00Z,2026-09-17T08:58:00Z,43
1941957,East,MOHALI,11KV Shivalik Vihar,Unplanned,Closed,2026-09-17T08:15:00Z,2026-09-17T09:08:00Z,53
1941956,North,JALANDHAR,Heera pur,Unplanned,Closed,2026-09-17T08:15:00Z,2026-09-17T08:44:00Z,29
1941966,East,Zirakpur,11 kv adda jhungia cat-1,Unplanned,Closed,2026-09-17T08:12:00Z,2026-09-17T09:10:00Z,58
1942000,Central,SUB URBAN LUDHIANA,City-4,Unplanned,Closed,2026-09-17T08:10:53Z,2026-09-17T09:15:12Z,64
1941965,East,Zirakpur,ORBIT,Unplanned,Closed,2026-09-17T08:10:00Z,2026-09-17T08:56:00Z,46
1941961,East,Zirakpur,11 KV Aero Home Feeder,Unplanned,Closed,2026-09-17T08:10:00Z,2026-09-17T09:15:00Z,65
1941958,North,HOSHIARPUR,KANDHALA JATTAN,Unplanned,Closed,2026-09-17T08:10:00Z,2026-09-17T08:40:00Z,30
1941950,North,HOSHIARPUR,Chabbewal,Unplanned,Closed,2026-09-17T08:10:00Z,2026-09-17T09:10:00Z,60
1941946,East,MOHALI,ATS,Unplanned,Closed,2026-09-17T08:08:00Z,2026-09-17T10:44:00Z,156
1941980,East,ROPAR,SABJI MANDI,Unplanned,Closed,2026-09-17T08:06:00Z,2026-09-17T10:20:00Z,134
1941991,South,BARNALA,KUTHALA CAT-1,Unplanned,Closed,2026-09-17T08:05:00Z,2026-09-17T10:15:00Z,130
1941970,East,Zirakpur,DHILLON,Unplanned,Closed,2026-09-17T08:05:00Z,2026-09-17T09:55:00Z,110
1941964,East,Zirakpur,SILVERCITY,Unplanned,Closed,2026-09-17T08:05:00Z,2026-09-17T08:45:00Z,40
1941963,East,Zirakpur,RANBAXY,Unplanned,Closed,2026-09-17T08:05:00Z,2026-09-17T09:26:00Z,81
1941952,East,MOHALI,HOUSEFED,Unplanned,Closed,2026-09-17T08:05:00Z,2026-09-17T09:39:00Z,94
1941949,South,PATIALA,JANDOLI,Unplanned,Closed,2026-09-17T08:05:00Z,2026-09-17T10:40:00Z,155
1941947,Border,SUB URBAN AMRITSAR,MAPHILL,Unplanned,Active,2026-09-17T08:05:00Z,2026-09-17T10:00:00Z,115
1941944,North,HOSHIARPUR,BOHAN,Unplanned,Closed,2026-09-17T08:05:00Z,2026-09-17T08:50:00Z,45
1941986,East,MOHALI,11KV BARI AP,Unplanned,Closed,2026-09-17T08:04:01Z,2026-09-17T11:27:29Z,203
1941943,South,PATIALA,UPS TUNGA,Unplanned,Closed,2026-09-17T08:04:00Z,2026-09-17T08:49:00Z,45
1941940,South,PATIALA,Patiala Road,Unplanned,Closed,2026-09-17T08:04:00Z,2026-09-17T10:03:00Z,119
1941937,South,PATIALA,UPS NABHA NO. 2,Unplanned,Closed,2026-09-17T08:04:00Z,2026-09-17T10:00:00Z,116
1941936,South,PATIALA,SURAJPUR CAT. 1,Unplanned,Closed,2026-09-17T08:04:00Z,2026-09-17T08:13:00Z,9
1941935,South,PATIALA,UPS SURAJPUR,Unplanned,Closed,2026-09-17T08:04:00Z,2026-09-17T08:13:00Z,9
1941930,South,PATIALA,11 KV UPS BORAN-KALAN,Unplanned,Closed,2026-09-17T08:04:00Z,2026-09-17T08:47:00Z,43
1941951,East,ROPAR,11 KV Badala Road,Unplanned,Closed,2026-09-17T08:03:00Z,2026-09-17T08:48:00Z,45
1941929,West,MUKATSAR,11 KV PUNJAB AGRO,Unplanned,Closed,2026-09-17T08:02:27Z,2026-09-17T09:10:37Z,68
1941942,East,MOHALI,11KV 66B,Unplanned,Closed,2026-09-17T08:02:25Z,2026-09-17T08:26:00Z,23
1941941,East,MOHALI,11KV DHARAMGARH UPS,Unplanned,Closed,2026-09-17T08:02:25Z,2026-09-17T09:15:00Z,72
1941978,East,ROPAR,CITY,Unplanned,Closed,2026-09-17T08:01:00Z,2026-09-17T09:16:00Z,75
1941962,East,Zirakpur,11 kv Japuria Feeder,Unplanned,Closed,2026-09-17T08:01:00Z,2026-09-17T09:35:00Z,94
1941954,East,MOHALI,SEC-79,Unplanned,Closed,2026-09-17T08:01:00Z,2026-09-17T09:24:00Z,83
1941933,East,MOHALI,11 KV Govt. Press,Unplanned,Closed,2026-09-17T08:00:00Z,2026-09-17T10:33:00Z,153
1941927,East,MOHALI,11 KV Mohali Vill.,Unplanned,Closed,2026-09-17T08:00:00Z,2026-09-17T10:05:00Z,125
1941926,East,MOHALI,Balongi,Unplanned,Closed,2026-09-17T08:00:00Z,2026-09-17T10:31:00Z,151
1941922,Border,SUB URBAN AMRITSAR,KASHMIR AVANUE,Unplanned,Active,2026-09-17T08:00:00Z,2026-09-17T13:00:00Z,300
1941928,North,NAWANSHAHR,JALALPUR,Unplanned,Closed,2026-09-17T07:58:00Z,2026-09-17T08:20:00Z,22
1941945,East,MOHALI,11 KV GIDDARPUR AP,Unplanned,Closed,2026-09-17T07:55:23Z,2026-09-17T08:46:00Z,50
1941959,East,ROPAR,Siswan,Unplanned,Closed,2026-09-17T07:55:00Z,2026-09-17T09:50:00Z,115
1941938,South,SANGRUR,Kakarwal,Unplanned,Closed,2026-09-17T07:55:00Z,2026-09-17T09:18:00Z,83
1941915,East,MOHALI,NAYA GAON,Unplanned,Closed,2026-09-17T07:55:00Z,2026-09-17T08:19:00Z,24
1941911,West,MUKATSAR,11 KV SAIDANWALI,Unplanned,Closed,2026-09-17T07:52:26Z,2026-09-17T09:19:38Z,87
1941910,West,MUKATSAR,Gaushala,Unplanned,Closed,2026-09-17T07:50:28Z,2026-09-17T09:25:55Z,95
1941955,East,ROPAR,Chandpur,Unplanned,Closed,2026-09-17T07:50:00Z,2026-09-17T09:03:00Z,73
1941932,South,SANGRUR,Punnawal  UPS,Unplanned,Closed,2026-09-17T07:50:00Z,2026-09-17T09:05:00Z,75
1941925,South,BARNALA,UPS PANJGARIAN,Unplanned,Closed,2026-09-17T07:50:00Z,2026-09-17T11:45:09Z,235
1941913,North,NAWANSHAHR,JADALI,Unplanned,Closed,2026-09-17T07:50:00Z,2026-09-17T08:08:00Z,18
1941906,Central,CITY WEST LUDHIANA,NEW JANTA NAGAR,Unplanned,Closed,2026-09-17T07:48:30Z,2026-09-17T08:17:42Z,29
1941921,South,SANGRUR,Jeewan Nagar,Unplanned,Closed,2026-09-17T07:48:00Z,2026-09-17T08:38:00Z,50
1941931,South,SANGRUR,Kanjla C-1,Unplanned,Closed,2026-09-17T07:47:00Z,2026-09-17T09:10:00Z,83
1941908,West,MUKATSAR,11 KV Chirag dhani,Unplanned,Closed,2026-09-17T07:47:00Z,2026-09-17T09:19:00Z,92
1941907,North,JALANDHAR,GAZZI GULLA,Unplanned,Closed,2026-09-17T07:46:00Z,2026-09-17T10:05:00Z,139
1941939,East,MOHALI,11 KV CHADIALA UPS,Unplanned,Closed,2026-09-17T07:45:25Z,2026-09-17T08:46:00Z,60
1941917,East,MOHALI,11 KV Bansepur,Unplanned,Closed,2026-09-17T07:45:00Z,2026-09-17T08:40:00Z,55
1941909,North,HOSHIARPUR,PATHRALIAN,Unplanned,Closed,2026-09-17T07:45:00Z,2026-09-17T09:27:00Z,102
1941953,East,MOHALI,11KV DGR Feeder,Unplanned,Closed,2026-09-17T07:42:00Z,2026-09-17T12:18:00Z,276
1941914,South,SANGRUR,Bhullarheri Cat-1,Unplanned,Closed,2026-09-17T07:41:00Z,2026-09-17T09:41:00Z,120
1941901,East,ROPAR,Rangeel Pur,Unplanned,Closed,2026-09-17T07:41:00Z,2026-09-17T08:22:00Z,41
1941903,East,ROPAR,Bhatton,Unplanned,Closed,2026-09-17T07:40:00Z,2026-09-17T08:18:00Z,38
1941934,South,SANGRUR,Rajindrapuri,Unplanned,Closed,2026-09-17T07:36:00Z,2026-09-17T08:40:00Z,64
1941948,East,ROPAR,PADIALA,Unplanned,Closed,2026-09-17T07:35:00Z,2026-09-17T08:55:00Z,80
1941904,South,SANGRUR,City,Unplanned,Closed,2026-09-17T07:35:00Z,2026-09-17T08:20:00Z,45
1941916,West,BATHINDA,Mansa Road,Unplanned,Closed,2026-09-17T07:34:00Z,2026-09-17T08:30:00Z,56
1941896,Central,KHANNA,Jindal Cotex,Unplanned,Closed,2026-09-17T07:33:00Z,2026-09-17T09:05:00Z,92
1941900,North,JALANDHAR,11KV GANDHI CAMP,Unplanned,Closed,2026-09-17T07:32:00Z,2026-09-17T08:36:00Z,64
1941918,Border,GURDASPUR,Bhagwansar,Unplanned,Closed,2026-09-17T07:31:00Z,2026-09-17T07:55:00Z,24
1941920,Central,KHANNA,LANDHA BOWANI,Unplanned,Closed,2026-09-17T07:30:00Z,2026-09-17T09:25:00Z,115
1941919,Central,KHANNA,BILASPUR,Unplanned,Closed,2026-09-17T07:30:00Z,2026-09-17T10:00:00Z,150
1941912,Border,TARN TARAN,11 KV Industrial Feeder,Unplanned,Closed,2026-09-17T07:30:00Z,2026-09-17T08:30:00Z,60
1941897,Border,TARN TARAN,SUR SINGH URBAN,Unplanned,Closed,2026-09-17T07:30:00Z,2026-09-17T08:35:00Z,65
1941890,East,Zirakpur,DEEPAK PIPE,Unplanned,Closed,2026-09-17T07:30:00Z,2026-09-17T08:10:00Z,40
1941884,Central,CITY WEST LUDHIANA,MERADO FEEDER,Unplanned,Closed,2026-09-17T07:29:30Z,2026-09-17T08:50:18Z,80
1941883,East,ROPAR,Puda Colony Ropar,Unplanned,Closed,2026-09-17T07:27:00Z,2026-09-17T08:05:00Z,38
1941882,East,ROPAR,11KV Hargovind Nangar,Unplanned,Closed,2026-09-17T07:27:00Z,2026-09-17T08:41:00Z,74
1941888,Central,KHANNA,Samrala Road,Unplanned,Closed,2026-09-17T07:26:00Z,2026-09-17T08:10:00Z,44
1941894,North,NAWANSHAHR,BULLEWAL,Unplanned,Closed,2026-09-17T07:25:00Z,2026-09-17T07:45:00Z,20
1941893,North,NAWANSHAHR,RAM NAGAR,Unplanned,Closed,2026-09-17T07:25:00Z,2026-09-17T08:05:00Z,40
1941887,Central,KHANNA,Satsahib,Unplanned,Closed,2026-09-17T07:25:00Z,2026-09-17T08:35:00Z,70
1941886,Central,KHANNA,JSM,Unplanned,Closed,2026-09-17T07:25:00Z,2026-09-17T08:38:00Z,73
1941885,Central,KHANNA,Neelkanth,Unplanned,Closed,2026-09-17T07:25:00Z,2026-09-17T08:38:00Z,73
1941880,North,NAWANSHAHR,TAKARLA,Unplanned,Closed,2026-09-17T07:25:00Z,2026-09-17T08:30:00Z,65
1941902,South,SANGRUR,Sherpur Road,Unplanned,Closed,2026-09-17T07:24:00Z,2026-09-17T09:11:00Z,107
1941879,East,ROPAR,NILET,Unplanned,Closed,2026-09-17T07:23:00Z,2026-09-17T09:04:00Z,101
1941877,East,ROPAR,ASRON,Unplanned,Closed,2026-09-17T07:23:00Z,2026-09-17T08:50:00Z,87
1941895,Border,TARN TARAN,City 7,Unplanned,Closed,2026-09-17T07:20:00Z,2026-09-17T08:00:00Z,40
1941892,South,BARNALA,LOHA BAZAR,Unplanned,Closed,2026-09-17T07:20:00Z,2026-09-17T07:20:56Z,0
1941891,South,BARNALA,SIRGANGARAM,Unplanned,Closed,2026-09-17T07:20:00Z,2026-09-17T08:20:31Z,60
1941881,South,PATIALA,INDUSTRIAL-(N) 2,Unplanned,Closed,2026-09-17T07:20:00Z,2026-09-17T08:25:00Z,65
1941878,West,FARIDKOT,11KV DANA MANDI URBAN FEEDER,Unplanned,Closed,2026-09-17T07:20:00Z,2026-09-17T08:40:00Z,80
1941866,South,BARNALA,SADDOPUR ROAD,Planned,Closed,2026-09-17T07:20:00Z,2026-09-17T08:20:00Z,60
1941867,North,NAWANSHAHR,AKALIANA,Unplanned,Closed,2026-09-17T07:18:00Z,2026-09-17T09:05:00Z,107
1941864,West,BATHINDA,BAHO (UPS),Unplanned,Closed,2026-09-17T07:15:37Z,2026-09-17T08:01:00Z,45
1941872,North,JALANDHAR,SOFIPIND,Unplanned,Closed,2026-09-17T07:15:00Z,2026-09-17T08:15:00Z,60
1941871,North,NAWANSHAHR,MOJOWAL MAJARA,Unplanned,Closed,2026-09-17T07:15:00Z,2026-09-17T08:50:00Z,95
1941870,South,SANGRUR,NEW BADALGARH,Unplanned,Closed,2026-09-17T07:15:00Z,2026-09-17T09:40:00Z,145
1941869,Central,KHANNA,ROHNO,Unplanned,Closed,2026-09-17T07:15:00Z,2026-09-17T09:10:00Z,115
1941868,Central,KHANNA,Kamma,Unplanned,Closed,2026-09-17T07:15:00Z,2026-09-17T09:12:00Z,117
1941889,East,ROPAR,11KV Dugri,Unplanned,Closed,2026-09-17T07:13:00Z,2026-09-17T08:16:00Z,63
1941875,East,ROPAR,UPS SAHO MAJRA,Unplanned,Closed,2026-09-17T07:11:00Z,2026-09-17T08:15:00Z,64
1941858,South,SANGRUR,ANAJ MANDI,Unplanned,Closed,2026-09-17T07:11:00Z,2026-09-17T07:30:38Z,19
1941855,Central,CITY WEST LUDHIANA,SOKHI FEEDER,Unplanned,Closed,2026-09-17T07:10:27Z,2026-09-17T08:00:08Z,49
1941899,Border,SUB URBAN AMRITSAR,HARSHA CHHINA UPS,Unplanned,Closed,2026-09-17T07:10:00Z,2026-09-17T09:50:00Z,160
1941865,North,HOSHIARPUR,LAROYA,Unplanned,Closed,2026-09-17T07:10:00Z,2026-09-17T08:40:00Z,90
1941862,Central,KHANNA,Krishna Nagar,Unplanned,Closed,2026-09-17T07:10:00Z,2026-09-17T08:05:00Z,55
1941860,North,NAWANSHAHR,CITY GARHSHANKAR,Unplanned,Closed,2026-09-17T07:10:00Z,2026-09-17T07:28:00Z,18
1941863,South,SANGRUR,11 KV HEERO KALAN UPS,Unplanned,Closed,2026-09-17T07:09:00Z,2026-09-17T07:19:00Z,10
1941857,North,NAWANSHAHR,MALEWAL,Unplanned,Closed,2026-09-17T07:08:00Z,2026-09-17T08:08:00Z,60
1941856,North,NAWANSHAHR,ALLOWAL,Unplanned,Closed,2026-09-17T07:07:00Z,2026-09-17T07:55:00Z,48
1941854,North,NAWANSHAHR,11 KV Buthgarh,Unplanned,Closed,2026-09-17T07:06:00Z,2026-09-17T07:33:00Z,27
1941861,Border,GURDASPUR,ARYA NAGAR,Unplanned,Closed,2026-09-17T07:05:00Z,2026-09-17T08:15:00Z,70
1941852,North,KAPURTHALA,Railway Station,Unplanned,Closed,2026-09-17T07:05:00Z,2026-09-17T08:55:00Z,110
1941851,North,KAPURTHALA,Kangna,Unplanned,Closed,2026-09-17T07:05:00Z,2026-09-17T08:55:00Z,110
1941850,North,KAPURTHALA,Gill,Unplanned,Closed,2026-09-17T07:05:00Z,2026-09-17T08:55:00Z,110
1941845,North,KAPURTHALA,UPS KACHI SARAI KHAS,Unplanned,Closed,2026-09-17T07:05:00Z,2026-09-17T08:55:00Z,110
1941844,North,KAPURTHALA,URBAN INDUSTRY,Unplanned,Closed,2026-09-17T07:05:00Z,2026-09-17T08:50:00Z,105
1941843,North,KAPURTHALA,UPS RAULI,Unplanned,Closed,2026-09-17T07:05:00Z,2026-09-17T07:13:00Z,8
1941842,North,KAPURTHALA,UPS Ajtani,Unplanned,Closed,2026-09-17T07:05:00Z,2026-09-17T07:13:00Z,8
1942222,South,PATIALA,11 KV Dudhan,Unplanned,Closed,2026-09-17T07:00:00Z,2026-09-17T08:55:00Z,115
1941841,North,HOSHIARPUR,Banjarbag,Unplanned,Closed,2026-09-17T07:00:00Z,2026-09-17T07:20:00Z,20
1941840,North,HOSHIARPUR,Salwara,Unplanned,Closed,2026-09-17T07:00:00Z,2026-09-17T07:20:00Z,20
1941839,North,HOSHIARPUR,Jagatpura,Planned,Closed,2026-09-17T07:00:00Z,2026-09-17T07:45:00Z,45
1941838,South,SANGRUR,11 KV Urban Truck Union Road,Unplanned,Closed,2026-09-17T07:00:00Z,2026-09-17T07:24:00Z,24
1941837,Border,CITY AMRITSAR,CIRCULAR ROAD,Unplanned,Closed,2026-09-17T07:00:00Z,2026-09-17T08:13:34Z,73
1941849,East,ROPAR,11KV Belian UPS FEEDER,Unplanned,Closed,2026-09-17T06:57:00Z,2026-09-17T07:30:00Z,33
1941848,East,ROPAR,11 KV Sarsa Nangal,Unplanned,Closed,2026-09-17T06:57:00Z,2026-09-17T07:25:00Z,28
1941847,East,ROPAR,11 KV Kakrala,Unplanned,Closed,2026-09-17T06:57:00Z,2026-09-17T07:23:00Z,26
1941846,East,ROPAR,11 KV Bharatgarh,Unplanned,Closed,2026-09-17T06:57:00Z,2026-09-17T07:20:00Z,23
1941836,Central,CITY WEST LUDHIANA,SATSANG GHAR,Unplanned,Closed,2026-09-17T06:56:36Z,2026-09-17T08:28:30Z,91
1941859,North,HOSHIARPUR,Jallowal,Unplanned,Closed,2026-09-17T06:55:00Z,2026-09-17T08:45:00Z,110
1941834,Central,CITY WEST LUDHIANA,NATIONAL FEEDER,Unplanned,Closed,2026-09-17T06:54:36Z,2026-09-17T07:49:15Z,54
1941831,Central,CITY WEST LUDHIANA,KARNAIL SINGH NAGAR FEEDER,Unplanned,Closed,2026-09-17T06:54:36Z,2026-09-17T07:45:15Z,50
1941826,Border,CITY AMRITSAR,Lawrence Road,Unplanned,Closed,2026-09-17T06:54:10Z,2026-09-17T07:30:53Z,36
1941828,North,NAWANSHAHR,DHARAMPUR,Unplanned,Closed,2026-09-17T06:52:00Z,2026-09-17T07:10:00Z,18
1941898,West,FARIDKOT,TEACHER COLONY,Unplanned,Closed,2026-09-17T06:50:00Z,2026-09-17T08:46:08Z,116
1941873,Border,SUB URBAN AMRITSAR,Bhalla Colony,Unplanned,Closed,2026-09-17T06:50:00Z,2026-09-17T07:50:00Z,60
1941830,North,HOSHIARPUR,RAILWAY STATION,Unplanned,Closed,2026-09-17T06:50:00Z,2026-09-17T07:03:00Z,13
1941829,Central,SUB URBAN LUDHIANA,VKSUKHCHAIN,Unplanned,Closed,2026-09-17T06:50:00Z,2026-09-17T08:15:08Z,85
1941827,West,FARIDKOT,Kothe Dhaliwal,Unplanned,Closed,2026-09-17T06:50:00Z,2026-09-17T09:09:00Z,139
1941853,East,Zirakpur,Vasant Vihar,Unplanned,Closed,2026-09-17T06:48:00Z,2026-09-17T08:05:00Z,77
1941825,East,ROPAR,11 KV Bharatgarh,Unplanned,Closed,2026-09-17T06:45:00Z,2026-09-17T06:56:55Z,11
1941824,North,JALANDHAR,SODAL,Unplanned,Closed,2026-09-17T06:45:00Z,2026-09-17T08:25:00Z,100
1941823,North,NAWANSHAHR,ACHALPUR,Unplanned,Closed,2026-09-17T06:42:00Z,2026-09-17T07:22:00Z,40
1941835,East,ROPAR,Jawahar market,Unplanned,Closed,2026-09-17T06:41:00Z,2026-09-17T07:00:00Z,19
1941833,East,ROPAR,Bhabour sahib,Unplanned,Closed,2026-09-17T06:41:00Z,2026-09-17T07:58:00Z,77
1941832,East,ROPAR,Nikku Nangal,Unplanned,Closed,2026-09-17T06:41:00Z,2026-09-17T07:12:00Z,31
1941817,North,HOSHIARPUR,JASSOWAL,Unplanned,Closed,2026-09-17T06:40:00Z,2026-09-17T07:40:00Z,60
1941815,Central,CITY WEST LUDHIANA,STAR ROAD FEEDER,Unplanned,Closed,2026-09-17T06:38:20Z,2026-09-17T07:51:30Z,73
1941816,North,JALANDHAR,Heera pur,Unplanned,Closed,2026-09-17T06:37:33Z,2026-09-17T06:56:06Z,18
1941876,East,ROPAR,SAIDPUR,Unplanned,Closed,2026-09-17T06:36:00Z,2026-09-17T07:24:00Z,48
1941822,East,ROPAR,AILGRAN,Unplanned,Closed,2026-09-17T06:36:00Z,2026-09-17T07:15:00Z,39
1941821,East,ROPAR,NALHOTI,Unplanned,Closed,2026-09-17T06:36:00Z,2026-09-17T07:16:00Z,40
1941820,East,ROPAR,BHANGLAN,Unplanned,Closed,2026-09-17T06:36:00Z,2026-09-17T07:20:00Z,44
1941819,East,ROPAR,PLATA,Unplanned,Closed,2026-09-17T06:36:00Z,2026-09-17T07:15:00Z,39
1941818,East,ROPAR,SWARA,Unplanned,Closed,2026-09-17T06:36:00Z,2026-09-17T07:10:00Z,34
1941874,East,ROPAR,Nurpur Bedi,Unplanned,Closed,2026-09-17T06:34:00Z,2026-09-17T08:19:00Z,105
1941905,Border,TARN TARAN,24 Hour Supp Panjwar,Unplanned,Closed,2026-09-17T06:30:00Z,2026-09-17T09:30:00Z,180
1941813,East,ROPAR,11 KV Gajhpur,Unplanned,Closed,2026-09-17T06:30:00Z,2026-09-17T08:04:00Z,94
1941812,East,ROPAR,11 KV Paharpur,Unplanned,Closed,2026-09-17T06:30:00Z,2026-09-17T08:04:00Z,94
1941811,East,ROPAR,11 KV Moura,Unplanned,Closed,2026-09-17T06:30:00Z,2026-09-17T08:04:00Z,94
1941810,East,ROPAR,11 KV Kotla,Unplanned,Closed,2026-09-17T06:30:00Z,2026-09-17T08:04:00Z,94
1941809,East,ROPAR,11 KV Kiratpur Sahib,Unplanned,Closed,2026-09-17T06:30:00Z,2026-09-17T08:04:00Z,94
1941808,North,JALANDHAR,Baba Deep Singh Nagar,Unplanned,Closed,2026-09-17T06:30:00Z,2026-09-17T06:45:00Z,15
1941800,East,ROPAR,BHAINI,Unplanned,Closed,2026-09-17T06:28:00Z,2026-09-17T08:18:00Z,110
1941798,West,MUKATSAR,INDRA NAGRI,Unplanned,Closed,2026-09-17T06:27:00Z,2026-09-17T08:14:00Z,107
1941789,Central,CITY WEST LUDHIANA,KOT MANGAL SINGH,Unplanned,Closed,2026-09-17T06:25:42Z,2026-09-17T07:06:43Z,41
1941806,North,JALANDHAR,11 KV Tibbi Feeder,Unplanned,Closed,2026-09-17T06:25:00Z,2026-09-17T06:45:00Z,20
1941801,North,HOSHIARPUR,RAMPUR,Unplanned,Closed,2026-09-17T06:25:00Z,2026-09-17T07:34:00Z,69
1941787,North,JALANDHAR,Heera pur,Unplanned,Closed,2026-09-17T06:23:58Z,2026-09-17T06:29:02Z,5
1941799,East,ROPAR,BARWA,Unplanned,Closed,2026-09-17T06:19:00Z,2026-09-17T08:29:00Z,130
1941793,East,ROPAR,11KV Alampur,Unplanned,Closed,2026-09-17T06:17:00Z,2026-09-17T07:25:00Z,68
1941776,Border,CITY AMRITSAR,COMPANY BAGH,Unplanned,Closed,2026-09-17T06:16:47Z,2026-09-17T07:40:17Z,83
1941786,North,HOSHIARPUR,SUNNI,Unplanned,Closed,2026-09-17T06:15:00Z,2026-09-17T06:25:00Z,10
1941779,North,NAWANSHAHR,Cremica,Unplanned,Closed,2026-09-17T06:15:00Z,2026-09-17T06:48:00Z,33
1941762,West,FEROZPUR,11 KV Delhi Gate,Planned,Closed,2026-09-17T06:10:43Z,2026-09-17T06:16:43Z,6
1941761,West,FEROZPUR,CENTRAL JAIL,Planned,Closed,2026-09-17T06:10:43Z,2026-09-17T06:20:43Z,10
1941760,West,FEROZPUR,Dhawan Colony,Planned,Closed,2026-09-17T06:10:43Z,2026-09-17T06:16:43Z,6
1941759,West,FEROZPUR,11 NAMDEV CHAUNK URBAN,Planned,Closed,2026-09-17T06:10:43Z,2026-09-17T06:18:43Z,8
1941758,West,FEROZPUR,ZILA PARISHAD,Planned,Closed,2026-09-17T06:10:43Z,2026-09-17T06:19:43Z,9
1941757,West,FEROZPUR,BAGDADI GATE,Planned,Closed,2026-09-17T06:10:43Z,2026-09-17T06:21:43Z,11
1941756,West,FEROZPUR,RAILWAY,Planned,Closed,2026-09-17T06:10:43Z,2026-09-17T06:20:43Z,10
1941807,North,JALANDHAR,11KV S A S NAGAR,Unplanned,Closed,2026-09-17T06:10:00Z,2026-09-17T08:09:00Z,119
1941785,North,KAPURTHALA,Wadala UPS,Unplanned,Closed,2026-09-17T06:10:00Z,2026-09-17T07:02:00Z,52
1941784,North,KAPURTHALA,JALLOW KHANNA URBAN,Unplanned,Closed,2026-09-17T06:10:00Z,2026-09-17T07:18:00Z,68
1941783,North,KAPURTHALA,UPS DHAPAI,Unplanned,Closed,2026-09-17T06:10:00Z,2026-09-17T07:46:00Z,96
1941782,North,KAPURTHALA,URBAN ATMA SINGH,Unplanned,Closed,2026-09-17T06:10:00Z,2026-09-17T07:35:00Z,85
1941773,East,ROPAR,Jawahar market,Unplanned,Closed,2026-09-17T06:10:00Z,2026-09-17T06:40:35Z,30
1941772,East,ROPAR,11 KV Bhanaupli-1,Unplanned,Closed,2026-09-17T06:10:00Z,2026-09-17T06:40:18Z,30
1941771,East,ROPAR,Bhabour sahib,Unplanned,Closed,2026-09-17T06:10:00Z,2026-09-17T06:40:09Z,30
1941770,East,ROPAR,Nikku Nangal,Unplanned,Closed,2026-09-17T06:10:00Z,2026-09-17T06:40:19Z,30
1941768,East,ROPAR,Giani market,Unplanned,Closed,2026-09-17T06:10:00Z,2026-09-17T06:40:17Z,30
1941767,East,ROPAR,Indira nagar,Unplanned,Closed,2026-09-17T06:10:00Z,2026-09-17T06:40:08Z,30
1941781,East,ROPAR,Golhani,Unplanned,Closed,2026-09-17T06:08:00Z,2026-09-17T08:23:00Z,135
1941769,East,ROPAR,Rangeel Pur,Unplanned,Closed,2026-09-17T06:08:00Z,2026-09-17T07:28:00Z,80
1941778,North,JALANDHAR,CIVIL LINE,Unplanned,Closed,2026-09-17T06:05:02Z,2026-09-17T06:35:55Z,30
1941780,East,ROPAR,Jain feeder,Unplanned,Closed,2026-09-17T06:05:00Z,2026-09-17T07:55:00Z,110
1941777,East,ROPAR,11 KV RTP,Unplanned,Closed,2026-09-17T06:05:00Z,2026-09-17T06:58:00Z,53
1941774,South,SANGRUR,KULAR KHURD C-1,Unplanned,Closed,2026-09-17T06:05:00Z,2026-09-17T09:50:00Z,225
1941753,West,MUKATSAR,Adarsh Nagar,Unplanned,Closed,2026-09-17T06:04:52Z,2026-09-17T06:16:06Z,11
1941766,East,ROPAR,Majri Jattan,Unplanned,Closed,2026-09-17T06:04:00Z,2026-09-17T07:28:00Z,84
1941764,East,ROPAR,HOSPITAL,Unplanned,Closed,2026-09-17T06:04:00Z,2026-09-17T06:57:00Z,53
1941750,North,KAPURTHALA,Bangiwal UPS,Unplanned,Closed,2026-09-17T06:02:00Z,2026-09-17T07:19:00Z,77
1941748,North,KAPURTHALA,11 KV Janta Nagar,Unplanned,Closed,2026-09-17T06:02:00Z,2026-09-17T07:55:00Z,113
1941747,North,KAPURTHALA,URBAN INDUSTRY,Unplanned,Closed,2026-09-17T06:02:00Z,2026-09-17T07:55:00Z,113
1941788,South,SANGRUR,UPS BHAMANMAJARA,Unplanned,Closed,2026-09-17T06:01:00Z,2026-09-17T08:40:00Z,159
1940763,West,FEROZPUR,ARSONAL,Planned,Closed,2026-09-17T06:00:47Z,2026-09-17T06:19:47Z,19
1940762,West,FEROZPUR,RINGMAIN B,Planned,Closed,2026-09-17T06:00:47Z,2026-09-17T06:19:47Z,19
1940761,West,FEROZPUR,CIVIL HOSPITAL,Planned,Closed,2026-09-17T06:00:47Z,2026-09-17T06:19:47Z,19
1940760,West,FEROZPUR,11 KV NAMAK MANDI,Planned,Closed,2026-09-17T06:00:47Z,2026-09-17T06:19:47Z,19
1940759,West,FEROZPUR, P&T,Planned,Closed,2026-09-17T06:00:47Z,2026-09-17T06:19:47Z,19
1940779,West,FEROZPUR,11 KV RUHELA HAZI UPS,Planned,Closed,2026-09-17T06:00:41Z,2026-09-17T06:20:41Z,20
1940778,West,FEROZPUR,kallu arain,Planned,Closed,2026-09-17T06:00:41Z,2026-09-17T06:20:41Z,20
1940777,West,FEROZPUR,G-5,Planned,Closed,2026-09-17T06:00:41Z,2026-09-17T06:20:41Z,20
1940776,West,FEROZPUR,NANAKSIR,Planned,Closed,2026-09-17T06:00:41Z,2026-09-17T06:19:41Z,19
1940757,West,FEROZPUR,BHAWARA AZAM SHAH,Planned,Closed,2026-09-17T06:00:31Z,2026-09-17T06:20:31Z,20
1940756,West,FEROZPUR,UPS DHIRA PATRA,Planned,Closed,2026-09-17T06:00:31Z,2026-09-17T06:19:31Z,19
1940755,West,FEROZPUR,JHAG GROUND,Planned,Closed,2026-09-17T06:00:31Z,2026-09-17T06:20:31Z,20
1940754,West,FEROZPUR,FATU WALA UPS,Planned,Closed,2026-09-17T06:00:31Z,2026-09-17T06:19:31Z,19
1940753,West,FEROZPUR,URBAN JHOKE HARI HAR,Planned,Closed,2026-09-17T06:00:31Z,2026-09-17T06:19:31Z,19
1940752,West,FEROZPUR,KASU BEGHU,Planned,Closed,2026-09-17T06:00:31Z,2026-09-17T06:20:31Z,20
1940751,West,FEROZPUR,URBAN MEHAMA,Planned,Closed,2026-09-17T06:00:31Z,2026-09-17T06:19:31Z,19
1940770,West,FEROZPUR,MADHRE,Planned,Closed,2026-09-17T06:00:19Z,2026-09-17T06:20:19Z,20
1940769,West,FEROZPUR,BOP,Planned,Closed,2026-09-17T06:00:19Z,2026-09-17T06:19:19Z,19
1940768,West,FEROZPUR,Amritsari Gate,Planned,Closed,2026-09-17T06:00:19Z,2026-09-17T06:20:37Z,20
1940767,West,FEROZPUR,Police Line,Planned,Closed,2026-09-17T06:00:19Z,2026-09-17T06:19:19Z,19
1940766,West,FEROZPUR,UPS FEEDER,Planned,Closed,2026-09-17T06:00:19Z,2026-09-17T06:20:19Z,20
1940765,West,FEROZPUR,HABIB WALA,Planned,Closed,2026-09-17T06:00:19Z,2026-09-17T06:19:19Z,19
1940764,West,FEROZPUR,INDUSTRIAL,Planned,Closed,2026-09-17T06:00:19Z,2026-09-17T06:20:19Z,20
1940775,West,FEROZPUR,11 KV INDUSTRIAL,Planned,Closed,2026-09-17T06:00:07Z,2026-09-17T06:19:07Z,19
1940774,West,FEROZPUR,TIBBI KALAN,Planned,Closed,2026-09-17T06:00:07Z,2026-09-17T06:20:07Z,20
1940773,West,FEROZPUR,PEERU WALA,Planned,Closed,2026-09-17T06:00:07Z,2026-09-17T06:23:07Z,23
1940772,West,FEROZPUR,LAKHA HAZI UPS,Planned,Closed,2026-09-17T06:00:07Z,2026-09-17T06:20:07Z,20
1940771,West,FEROZPUR,TIBBI KHURD G-5,Planned,Closed,2026-09-17T06:00:07Z,2026-09-17T06:20:07Z,20
1941763,East,ROPAR,COLD STORE,Unplanned,Closed,2026-09-17T06:00:00Z,2026-09-17T07:25:00Z,85
1941754,North,NAWANSHAHR,SKOHPUR,Unplanned,Closed,2026-09-17T06:00:00Z,2026-09-17T06:11:00Z,11
1941746,North,KAPURTHALA,UPS CHAK WADALA,Unplanned,Closed,2026-09-17T06:00:00Z,2026-09-17T06:20:00Z,20
1941745,North,KAPURTHALA,UPS Pipli,Unplanned,Closed,2026-09-17T06:00:00Z,2026-09-17T07:55:00Z,115
1941743,North,KAPURTHALA,UPS Seowal,Unplanned,Closed,2026-09-17T06:00:00Z,2026-09-17T06:41:00Z,41
1941814,East,ROPAR,MODLE  TOWN,Unplanned,Closed,2026-09-17T05:59:00Z,2026-09-17T08:40:00Z,161
1941805,East,ROPAR,Kubaheri,Unplanned,Closed,2026-09-17T05:58:00Z,2026-09-17T07:45:00Z,107
1941755,West,BATHINDA,DHAIPAY URBAN,Unplanned,Closed,2026-09-17T05:58:00Z,2026-09-17T10:40:00Z,282
1941749,West,FARIDKOT,AJIT GILL,Unplanned,Closed,2026-09-17T05:56:00Z,2026-09-17T06:56:00Z,60
1941737,East,ROPAR,MUNDI KHARAR,Unplanned,Closed,2026-09-17T05:56:00Z,2026-09-17T07:15:00Z,79
1941791,East,ROPAR,Ranguana,Unplanned,Closed,2026-09-17T05:55:00Z,2026-09-17T07:25:00Z,90
1941790,East,ROPAR,Siswan,Unplanned,Closed,2026-09-17T05:55:00Z,2026-09-17T07:01:00Z,66
1941775,North,JALANDHAR,VIP,Unplanned,Closed,2026-09-17T05:55:00Z,2026-09-17T07:30:00Z,95
1941744,North,JALANDHAR,SOFIPIND,Unplanned,Closed,2026-09-17T05:55:00Z,2026-09-17T08:15:00Z,140
1941797,West,MUKATSAR,11 KV PUDA COlONY,Unplanned,Closed,2026-09-17T05:53:00Z,2026-09-17T07:14:53Z,81
1941741,East,ROPAR,JHANDIAN,Unplanned,Closed,2026-09-17T05:50:50Z,2026-09-17T06:12:26Z,21
1941740,East,ROPAR,SRAIN,Unplanned,Closed,2026-09-17T05:50:50Z,2026-09-17T06:12:07Z,21
1941739,East,ROPAR,TIBBA TAPPRIAN,Unplanned,Closed,2026-09-17T05:50:50Z,2026-09-17T06:40:07Z,49
1941725,North,HOSHIARPUR,FATEHGARH,Unplanned,Closed,2026-09-17T05:50:00Z,2026-09-17T06:48:00Z,58
1941735,East,ROPAR,Jhangrian,Unplanned,Closed,2026-09-17T05:49:50Z,2026-09-17T07:04:00Z,74
1941723,North,HOSHIARPUR,SHIMLA PAHARI,Unplanned,Closed,2026-09-17T05:49:00Z,2026-09-17T06:40:00Z,51
1941734,East,ROPAR,Bassi,Unplanned,Closed,2026-09-17T05:48:50Z,2026-09-17T08:25:00Z,156
1941733,East,ROPAR,Haripur,Unplanned,Closed,2026-09-17T05:46:50Z,2026-09-17T07:16:00Z,89
1941730,East,ROPAR,11KV Belian UPS FEEDER,Unplanned,Closed,2026-09-17T05:46:44Z,2026-09-17T06:02:47Z,16
1941729,East,ROPAR,11 KV Kakrala,Unplanned,Closed,2026-09-17T05:46:44Z,2026-09-17T06:02:06Z,15
1941728,East,ROPAR,11 KV Sarsa Nangal,Unplanned,Closed,2026-09-17T05:46:44Z,2026-09-17T06:02:26Z,15
1941727,East,ROPAR,11 KV RTP,Unplanned,Closed,2026-09-17T05:46:44Z,2026-09-17T06:02:10Z,15
1941726,East,ROPAR,11 KV Bharatgarh,Unplanned,Closed,2026-09-17T05:46:44Z,2026-09-17T06:02:55Z,16
1941719,East,ROPAR,AILGRAN,Unplanned,Closed,2026-09-17T05:45:48Z,2026-09-17T06:35:34Z,49
1941718,East,ROPAR,BHANGLAN,Unplanned,Closed,2026-09-17T05:45:48Z,2026-09-17T06:35:05Z,49
1941717,East,ROPAR,KALWAN,Unplanned,Closed,2026-09-17T05:45:48Z,2026-09-17T06:35:38Z,49
1941716,East,ROPAR,PLATA,Unplanned,Closed,2026-09-17T05:45:48Z,2026-09-17T06:35:01Z,49
1941714,East,ROPAR,NALHOTI,Unplanned,Closed,2026-09-17T05:45:48Z,2026-09-17T06:35:24Z,49
1941713,East,ROPAR,SWARA,Unplanned,Closed,2026-09-17T05:45:48Z,2026-09-17T06:35:54Z,50
1941715,South,PATIALA,SYL,Unplanned,Closed,2026-09-17T05:45:00Z,2026-09-17T07:55:00Z,130
1941731,East,ROPAR,HIYATPUR,Unplanned,Closed,2026-09-17T05:41:50Z,2026-09-17T07:09:00Z,87
1941702,East,MOHALI,RATWARA SAHIB,Unplanned,Closed,2026-09-17T05:40:55Z,2026-09-17T06:00:48Z,19
1941796,Border,GURDASPUR,Withwan,Unplanned,Closed,2026-09-17T05:40:00Z,2026-09-17T06:55:00Z,75
1941765,East,ROPAR,DARPAN,Unplanned,Closed,2026-09-17T05:40:00Z,2026-09-17T06:45:00Z,65
1941712,North,HOSHIARPUR,DEVIDASS,Unplanned,Closed,2026-09-17T05:40:00Z,2026-09-17T06:30:00Z,50
1941709,North,NAWANSHAHR,CITY II,Unplanned,Closed,2026-09-17T05:39:00Z,2026-09-17T05:58:00Z,19
1941795,Border,GURDASPUR,Rampur Talwara,Unplanned,Closed,2026-09-17T05:37:00Z,2026-09-17T07:05:00Z,88
1941711,North,HOSHIARPUR,11 KV Narayan Nagar,Unplanned,Closed,2026-09-17T05:36:00Z,2026-09-17T07:00:00Z,84
1941710,North,HOSHIARPUR,service club,Unplanned,Closed,2026-09-17T05:36:00Z,2026-09-17T07:00:00Z,84
1941708,North,HOSHIARPUR,ASLAMABAD,Unplanned,Closed,2026-09-17T05:36:00Z,2026-09-17T07:00:00Z,84
1941701,North,NAWANSHAHR,Dana Mandi,Unplanned,Closed,2026-09-17T05:36:00Z,2026-09-17T06:32:00Z,56
1941794,Border,GURDASPUR,Cheema Khuddi,Unplanned,Closed,2026-09-17T05:35:00Z,2026-09-17T06:50:00Z,75
1941751,East,Zirakpur,Main Bazar,Unplanned,Closed,2026-09-17T05:35:00Z,2026-09-17T07:02:00Z,87
1941703,North,HOSHIARPUR,MEGHOWAL,Unplanned,Closed,2026-09-17T05:35:00Z,2026-09-17T05:45:00Z,10
1941802,East,ROPAR,11 KV SHISH GANJ,Unplanned,Closed,2026-09-17T05:34:00Z,2026-09-17T06:35:00Z,61
1941792,Border,GURDASPUR,Sri Hargobindpur,Unplanned,Closed,2026-09-17T05:30:00Z,2026-09-17T06:50:00Z,80
1941704,North,HOSHIARPUR,PURHIRAN URBAN,Unplanned,Closed,2026-09-17T05:30:00Z,2026-09-17T06:31:00Z,61
1941699,North,NAWANSHAHR,UPS No. 2,Unplanned,Closed,2026-09-17T05:30:00Z,2026-09-17T05:50:00Z,20
1941698,North,HOSHIARPUR,Harsipind UPS,Unplanned,Closed,2026-09-17T05:30:00Z,2026-09-17T06:26:00Z,56
1941693,West,FARIDKOT,11 KV MARIMUSTAFA-U,Unplanned,Closed,2026-09-17T05:30:00Z,2026-09-17T07:25:00Z,115
1941692,North,JALANDHAR,Heera pur,Unplanned,Closed,2026-09-17T05:27:56Z,2026-09-17T06:13:15Z,45
1941700,East,MOHALI,Commercial Complex,Unplanned,Closed,2026-09-17T05:26:59Z,2026-09-17T07:50:00Z,143
1941804,East,ROPAR,DATARPUR,Unplanned,Closed,2026-09-17T05:25:00Z,2026-09-17T07:45:00Z,140
1941803,East,ROPAR,SUGARMILL,Unplanned,Closed,2026-09-17T05:25:00Z,2026-09-17T06:50:00Z,85
1941707,North,HOSHIARPUR,PEALAN,Unplanned,Closed,2026-09-17T05:25:00Z,2026-09-17T06:41:00Z,76
1941706,North,HOSHIARPUR,Tajowal,Unplanned,Closed,2026-09-17T05:25:00Z,2026-09-17T07:15:00Z,110
1941705,North,HOSHIARPUR,MUKHLANA,Unplanned,Closed,2026-09-17T05:25:00Z,2026-09-17T07:10:00Z,105
1941697,North,HOSHIARPUR,BULLOWAL   NO    2,Unplanned,Closed,2026-09-17T05:25:00Z,2026-09-17T06:25:00Z,60
1941696,South,PATIALA,11 KV BAHADURGARH,Unplanned,Closed,2026-09-17T05:25:00Z,2026-09-17T06:00:00Z,35
1941690,North,HOSHIARPUR,SUNDER NAGAR,Unplanned,Closed,2026-09-17T05:25:00Z,2026-09-17T05:47:00Z,22
1941720,Border,SUB URBAN AMRITSAR,DADDIAN UPS,Unplanned,Closed,2026-09-17T05:22:07Z,2026-09-17T07:35:00Z,132
1941732,East,Zirakpur,HANDESRA UPS,Unplanned,Closed,2026-09-17T05:20:00Z,2026-09-17T06:00:00Z,40
1941722,East,ROPAR,MORINDA,Unplanned,Closed,2026-09-17T05:20:00Z,2026-09-17T07:10:00Z,110
1941695,South,PATIALA,11 KV URBAN ESTATE,Unplanned,Closed,2026-09-17T05:20:00Z,2026-09-17T06:45:00Z,85
1941694,West,FARIDKOT,11 KV GILL UPS,Unplanned,Closed,2026-09-17T05:20:00Z,2026-09-17T07:15:00Z,115
1941691,East,ROPAR,11 KV Paharpur,Unplanned,Closed,2026-09-17T05:20:00Z,2026-09-17T05:45:05Z,25
1941685,Border,SUB URBAN AMRITSAR,A.S.FARM,Unplanned,Closed,2026-09-17T05:20:00Z,2026-09-17T08:00:00Z,160
1941679,Central,KHANNA,Labour Colony,Unplanned,Closed,2026-09-17T05:20:00Z,2026-09-17T07:00:00Z,100
1941687,East,Zirakpur,TRIBUNE COLONY,Unplanned,Closed,2026-09-17T05:18:00Z,2026-09-17T05:35:00Z,17
1941680,West,FARIDKOT,BAJA ROAD,Unplanned,Closed,2026-09-17T05:18:00Z,2026-09-17T05:57:00Z,39
1941682,Border,SUB URBAN AMRITSAR,Avtar Avenue,Unplanned,Closed,2026-09-17T05:15:00Z,2026-09-17T07:00:00Z,105
1941681,Border,SUB URBAN AMRITSAR,GHALA MALA CHOWNK,Unplanned,Closed,2026-09-17T05:15:00Z,2026-09-17T07:00:00Z,105
1941724,East,ROPAR,ABIANA,Unplanned,Closed,2026-09-17T05:13:48Z,2026-09-17T07:30:00Z,136
1941738,East,Zirakpur,WATER WORKS HANDESRA,Unplanned,Closed,2026-09-17T05:10:00Z,2026-09-17T07:02:00Z,112
1941736,East,Zirakpur,MES,Unplanned,Closed,2026-09-17T05:10:00Z,2026-09-17T07:02:00Z,112
1941676,North,HOSHIARPUR,RAMPUR,Unplanned,Closed,2026-09-17T05:10:00Z,2026-09-17T06:13:00Z,63
1941674,South,SANGRUR,UPS RAMPURA,Unplanned,Closed,2026-09-17T05:10:00Z,2026-09-17T09:40:00Z,270
1941672,North,NAWANSHAHR,Dosanjh UPS,Unplanned,Closed,2026-09-17T05:10:00Z,2026-09-17T07:05:00Z,115
1941671,East,Zirakpur,KHANNA,Unplanned,Closed,2026-09-17T05:10:00Z,2026-09-17T06:05:00Z,55
1941668,Border,CITY AMRITSAR,DISTRICT COURT,Unplanned,Closed,2026-09-17T05:10:00Z,2026-09-17T08:45:38Z,215
1941742,East,Zirakpur,RANI MAJRA,Unplanned,Closed,2026-09-17T05:07:00Z,2026-09-17T06:00:00Z,53
1941669,East,Zirakpur,PANCHSHEEL,Unplanned,Closed,2026-09-17T05:07:00Z,2026-09-17T05:35:00Z,28
1941689,South,PATIALA,SOGALPUR UPS,Unplanned,Closed,2026-09-17T05:05:00Z,2026-09-17T08:25:58Z,200
1941678,North,HOSHIARPUR,PALAKI,Unplanned,Closed,2026-09-17T05:05:00Z,2026-09-17T05:25:00Z,20
1941673,South,SANGRUR,GHAMOORGHAT CITY,Unplanned,Closed,2026-09-17T05:05:00Z,2026-09-17T08:50:00Z,225
1941670,East,Zirakpur,HARMILAP NAGAR,Unplanned,Closed,2026-09-17T05:05:00Z,2026-09-17T05:45:00Z,40
1941665,East,Zirakpur,11 kv Japuria Feeder,Unplanned,Closed,2026-09-17T05:03:00Z,2026-09-17T07:22:00Z,139
1941752,East,Zirakpur,11KV BEHRA FEEDER,Unplanned,Closed,2026-09-17T05:02:00Z,2026-09-17T08:10:00Z,188
1941677,Central,KHANNA,Gopal,Unplanned,Closed,2026-09-17T05:00:00Z,2026-09-17T06:30:00Z,90
1941658,Central,KHANNA,Saunti UPS,Unplanned,Closed,2026-09-17T05:00:00Z,2026-09-17T05:33:00Z,33
1941657,Central,KHANNA,Gobindgarh Road,Unplanned,Closed,2026-09-17T05:00:00Z,2026-09-17T06:33:00Z,93
1941688,South,SANGRUR,MOTHER INDIA,Unplanned,Closed,2026-09-17T04:56:00Z,2026-09-17T08:56:00Z,240
1941686,South,SANGRUR,CITY-7,Unplanned,Closed,2026-09-17T04:56:00Z,2026-09-17T07:50:00Z,174
1941663,South,SANGRUR,PATTI KHALIL C-1,Unplanned,Closed,2026-09-17T04:55:00Z,2026-09-17T06:00:00Z,65
1941661,South,PATIALA,BHARAT NAGAR,Unplanned,Closed,2026-09-17T04:55:00Z,2026-09-17T06:30:00Z,95
1941659,East,ROPAR,11 KV Kakrala,Unplanned,Closed,2026-09-17T04:55:00Z,2026-09-17T05:15:44Z,20
1941651,North,HOSHIARPUR,11KV SINGHPUR UPS,Unplanned,Closed,2026-09-17T04:55:00Z,2026-09-17T05:35:00Z,40
1941650,North,HOSHIARPUR,11KV Dagan UPS,Unplanned,Closed,2026-09-17T04:55:00Z,2026-09-17T05:40:00Z,45
1941656,Central,KHANNA,MANGARH ROAD,Unplanned,Closed,2026-09-17T04:53:00Z,2026-09-17T06:21:00Z,88
1941655,South,SANGRUR,11 KV JAKHEPAL URBAN,Unplanned,Closed,2026-09-17T04:52:00Z,2026-09-17T05:30:00Z,38
1941652,North,NAWANSHAHR,PTC,Unplanned,Closed,2026-09-17T04:52:00Z,2026-09-17T06:28:00Z,96
1941675,South,PATIALA,UPS BHOJOMAJRI,Unplanned,Closed,2026-09-17T04:50:00Z,2026-09-17T08:04:00Z,194
1941654,South,SANGRUR,11KV UPS DHARMGARH,Unplanned,Closed,2026-09-17T04:50:00Z,2026-09-17T07:05:00Z,135
1941649,North,HOSHIARPUR,UPS katrala,Unplanned,Closed,2026-09-17T04:50:00Z,2026-09-17T06:40:00Z,110
1941648,Border,TARN TARAN,UPS MUTHEANWALA/TOOT,Unplanned,Closed,2026-09-17T04:50:00Z,2026-09-17T07:48:12Z,178
1941664,East,Zirakpur,ORBIT,Unplanned,Closed,2026-09-17T04:47:00Z,2026-09-17T06:01:00Z,74
1941684,East,ROPAR,Barodi,Unplanned,Closed,2026-09-17T04:45:00Z,2026-09-17T05:15:00Z,30
1941683,South,PATIALA,Chaunth UPS,Unplanned,Closed,2026-09-17T04:45:00Z,2026-09-17T06:40:00Z,115
1941666,South,SANGRUR,UPS PATRAN,Unplanned,Closed,2026-09-17T04:45:00Z,2026-09-17T09:14:00Z,269
1941646,North,NAWANSHAHR,Ramgarhia,Unplanned,Closed,2026-09-17T04:42:00Z,2026-09-17T06:03:00Z,81
1941662,South,SANGRUR,PHAGUWALA 24 HRS.,Unplanned,Closed,2026-09-17T04:40:00Z,2026-09-17T08:24:00Z,224
1941647,North,NAWANSHAHR,City,Unplanned,Closed,2026-09-17T04:40:00Z,2026-09-17T04:57:00Z,17
1941645,East,MOHALI,SEC 67,Unplanned,Closed,2026-09-17T04:40:00Z,2026-09-17T05:58:00Z,78
1941643,West,BATHINDA,Aehmadpur UPS,Unplanned,Closed,2026-09-17T04:40:00Z,2026-09-17T06:57:00Z,137
1941641,Border,TARN TARAN,UPS KOT BUDDA,Unplanned,Closed,2026-09-17T04:40:00Z,2026-09-17T07:47:43Z,187
1941640,Border,TARN TARAN,UPS BABA JHARH SAHIB JI,Unplanned,Closed,2026-09-17T04:40:00Z,2026-09-17T08:22:20Z,222
1941639,Border,TARN TARAN,UPS AHMADPUR,Unplanned,Closed,2026-09-17T04:40:00Z,2026-09-17T08:29:35Z,229
1941637,West,BATHINDA,Khark Singh Wala,Unplanned,Closed,2026-09-17T04:40:00Z,2026-09-17T06:40:00Z,120
1941642,West,BATHINDA,TALWANDI ROAD,Unplanned,Closed,2026-09-17T04:38:00Z,2026-09-17T07:51:00Z,193
1941636,West,BATHINDA,Boha Raod,Unplanned,Closed,2026-09-17T04:37:00Z,2026-09-17T06:05:00Z,88
1941638,West,BATHINDA,BAJEWALA,Unplanned,Closed,2026-09-17T04:35:00Z,2026-09-17T07:51:00Z,196
1941635,North,HOSHIARPUR,KOTLI,Unplanned,Closed,2026-09-17T04:35:00Z,2026-09-17T05:05:00Z,30
1941660,South,SANGRUR,UPS KHANOURI,Unplanned,Closed,2026-09-17T04:30:00Z,2026-09-17T07:28:00Z,178
1941644,South,PATIALA,gobind colony,Unplanned,Closed,2026-09-17T04:30:00Z,2026-09-17T06:05:00Z,95
1941627,North,HOSHIARPUR,Puda Colony,Unplanned,Closed,2026-09-17T04:28:00Z,2026-09-17T04:45:00Z,17
1941628,North,JALANDHAR,CIVIL LINE,Unplanned,Closed,2026-09-17T04:25:12Z,2026-09-17T05:05:24Z,40
1941721,Border,SUB URBAN AMRITSAR,DHANWANTRI IND,Unplanned,Closed,2026-09-17T04:22:36Z,2026-09-17T07:20:00Z,177
1941631,South,SANGRUR,ANAJ MANDI,Unplanned,Closed,2026-09-17T04:21:00Z,2026-09-17T05:50:00Z,89
1941653,South,SANGRUR,11 KV Nagri UPS,Unplanned,Closed,2026-09-17T04:20:00Z,2026-09-17T05:15:00Z,55
1941632,South,SANGRUR,11 KV HEERO KALAN UPS,Unplanned,Closed,2026-09-17T04:20:00Z,2026-09-17T07:03:00Z,163
1941622,South,PATIALA,UPS ALALMAJRA,Unplanned,Closed,2026-09-17T04:20:00Z,2026-09-17T05:55:00Z,95
1941620,South,PATIALA,AMARGARH,Unplanned,Closed,2026-09-17T04:20:00Z,2026-09-17T06:52:00Z,152
1941615,West,FARIDKOT,Guru Ram Dass Nagar,Unplanned,Closed,2026-09-17T04:19:16Z,2026-09-17T05:00:00Z,40
1941630,South,PATIALA,GAJJU KHERA URBAN,Unplanned,Closed,2026-09-17T04:15:00Z,2026-09-17T06:40:00Z,145
1941626,Central,SUB URBAN LUDHIANA,CITY-5 UPS,Unplanned,Closed,2026-09-17T04:15:00Z,2026-09-17T05:35:00Z,80
1941625,South,SANGRUR,KULAR KHURD C-1,Unplanned,Closed,2026-09-17T04:15:00Z,2026-09-17T05:50:00Z,95
1941621,South,SANGRUR,Rajindrapuri,Unplanned,Closed,2026-09-17T04:15:00Z,2026-09-17T07:30:00Z,195
1941619,South,SANGRUR,Jeewan Nagar,Unplanned,Closed,2026-09-17T04:15:00Z,2026-09-17T06:40:00Z,145
1941614,North,HOSHIARPUR,KANDHALA JATTAN,Unplanned,Closed,2026-09-17T04:15:00Z,2026-09-17T05:45:00Z,90
1941612,North,HOSHIARPUR,KOLYA,Unplanned,Closed,2026-09-17T04:15:00Z,2026-09-17T05:50:00Z,95
1941606,South,SANGRUR,Ups Shadipur,Unplanned,Closed,2026-09-17T04:10:00Z,2026-09-17T06:35:00Z,145
1941601,Border,CITY AMRITSAR,KENNEDY AVENUE,Unplanned,Closed,2026-09-17T04:10:00Z,2026-09-17T05:04:00Z,54
1941600,Border,CITY AMRITSAR,GREEN AVENUE,Unplanned,Closed,2026-09-17T04:10:00Z,2026-09-17T05:06:00Z,56
1941616,West,BATHINDA,WATER WORKS,Unplanned,Closed,2026-09-17T04:06:00Z,2026-09-17T08:04:00Z,238
1941634,South,SANGRUR,Industrial Siana road,Unplanned,Closed,2026-09-17T04:01:56Z,2026-09-17T04:45:18Z,43
1941592,South,SANGRUR,UPS ROREWALA (Grid Kohrian),Unplanned,Closed,2026-09-17T04:01:00Z,2026-09-17T06:15:00Z,134
1941593,Border,TARN TARAN,UPS WAN TARA SINGH,Unplanned,Closed,2026-09-17T04:00:00Z,2026-09-17T09:03:00Z,303
1941588,Border,TARN TARAN,GANDIWIND 24 HRS SUPPLY,Unplanned,Closed,2026-09-17T04:00:00Z,2026-09-17T08:15:00Z,255
1941595,West,BATHINDA,Jawaharke,Unplanned,Closed,2026-09-17T03:58:00Z,2026-09-17T05:57:21Z,119
1941585,South,SANGRUR,24 HRS. CHANGALIWALA,Unplanned,Closed,2026-09-17T03:58:00Z,2026-09-17T06:00:00Z,122
1941587,South,SANGRUR,11 KV Urban Truck Union Road,Unplanned,Closed,2026-09-17T03:55:00Z,2026-09-17T06:25:00Z,150
1941589,South,SANGRUR,DYALGARH,Unplanned,Closed,2026-09-17T03:52:00Z,2026-09-17T04:54:00Z,62
1941586,West,BATHINDA,Sahnewali ups III,Unplanned,Closed,2026-09-17T03:45:00Z,2026-09-17T10:45:15Z,420
1941583,Border,GURDASPUR,Gorsiya,Unplanned,Closed,2026-09-17T03:45:00Z,2026-09-17T07:15:00Z,210
1941577,South,SANGRUR,11 KV JAKHEPAL UPS,Unplanned,Closed,2026-09-17T03:45:00Z,2026-09-17T07:23:00Z,218
1941576,North,JALANDHAR,panshata urban,Unplanned,Closed,2026-09-17T03:45:00Z,2026-09-17T04:40:00Z,55
1941613,West,BATHINDA,NANGLA,Unplanned,Closed,2026-09-17T03:44:00Z,2026-09-17T07:40:00Z,236
1941582,South,PATIALA,Cantt Road,Unplanned,Closed,2026-09-17T03:43:00Z,2026-09-17T05:43:00Z,120
1941573,South,SANGRUR,INDUSTRIAL,Unplanned,Closed,2026-09-17T03:42:00Z,2026-09-17T04:45:00Z,63
1941975,Border,SUB URBAN AMRITSAR,Bhai Manj Road,Unplanned,Closed,2026-09-17T03:40:00Z,2026-09-17T05:30:00Z,110
1941611,West,BATHINDA,MAUR KHURD,Unplanned,Closed,2026-09-17T03:40:00Z,2026-09-17T04:41:00Z,61
1941584,West,BATHINDA,KHIALA UPS,Unplanned,Closed,2026-09-17T03:40:00Z,2026-09-17T08:14:39Z,274
1941571,North,JALANDHAR,RAIWAY WORKSHOP,Unplanned,Closed,2026-09-17T03:40:00Z,2026-09-17T04:35:00Z,55
1941569,North,JALANDHAR,RAMA MANDI,Unplanned,Closed,2026-09-17T03:40:00Z,2026-09-17T04:35:00Z,55
1941567,North,JALANDHAR,PROFFESSER COLONY,Unplanned,Closed,2026-09-17T03:40:00Z,2026-09-17T04:35:00Z,55
1941564,South,SANGRUR,Bagrian Road,Unplanned,Closed,2026-09-17T03:40:00Z,2026-09-17T04:55:00Z,75
1941561,South,BARNALA,SIRGANGARAM,Unplanned,Closed,2026-09-17T03:40:00Z,2026-09-17T04:30:00Z,50
1941558,West,BATHINDA,COLLEGE ROAD URBAN,Unplanned,Closed,2026-09-17T03:40:00Z,2026-09-17T06:58:00Z,198
1941572,South,SANGRUR,R.G. Developers,Unplanned,Closed,2026-09-17T03:38:00Z,2026-09-17T06:40:00Z,182
1941562,South,SANGRUR,11 kv Rasulpur channa UPS,Unplanned,Closed,2026-09-17T03:38:00Z,2026-09-17T08:50:00Z,312
1941559,South,SANGRUR,DEHLA UPS,Unplanned,Closed,2026-09-17T03:38:00Z,2026-09-17T06:02:00Z,144
1941575,South,SANGRUR,Chhajli road,Unplanned,Closed,2026-09-17T03:35:00Z,2026-09-17T04:45:00Z,70
1941570,Border,GURDASPUR,BHAM UPS,Unplanned,Closed,2026-09-17T03:35:00Z,2026-09-17T05:45:00Z,130
1941557,South,SANGRUR,Gidriani C-1,Unplanned,Closed,2026-09-17T03:35:00Z,2026-09-17T06:35:00Z,180
1941566,West,BATHINDA,KOT DHARMU UPS,Unplanned,Closed,2026-09-17T03:30:31Z,2026-09-17T06:31:00Z,180
1941608,West,BATHINDA,MANSA KALAN,Unplanned,Closed,2026-09-17T03:30:00Z,2026-09-17T08:00:00Z,270
1941604,Border,TARN TARAN,Piddi,Unplanned,Closed,2026-09-17T03:30:00Z,2026-09-17T07:35:00Z,245
1941568,West,BATHINDA,Bhai Desa,Unplanned,Closed,2026-09-17T03:30:00Z,2026-09-17T09:08:00Z,338
1941555,South,SANGRUR,ealwal C-1,Unplanned,Closed,2026-09-17T03:30:00Z,2026-09-17T06:20:00Z,170
1941548,West,BATHINDA,Moffer UPS,Unplanned,Closed,2026-09-17T03:30:00Z,2026-09-17T08:20:57Z,290
1941598,South,SANGRUR,Natt UPS,Unplanned,Closed,2026-09-17T03:28:00Z,2026-09-17T06:25:00Z,177
1941543,South,SANGRUR,11 KV SATOJ URBAN,Unplanned,Closed,2026-09-17T03:28:00Z,2026-09-17T06:44:00Z,196
1941565,West,BATHINDA,Bhagiwander UPS,Unplanned,Closed,2026-09-17T03:27:00Z,2026-09-17T08:26:00Z,299
1941590,South,SANGRUR,KHERI SAHIB UPS (EALWAL),Unplanned,Closed,2026-09-17T03:25:00Z,2026-09-17T04:20:00Z,55
1941536,Border,SUB URBAN AMRITSAR,11 KV PASSPORT OFFICE,Unplanned,Closed,2026-09-17T03:25:00Z,2026-09-17T03:54:00Z,29
1941605,West,BATHINDA,UPS Tungwali,Unplanned,Closed,2026-09-17T03:20:00Z,2026-09-17T06:20:00Z,180
1941574,South,SANGRUR,11 KV RAM NAGAR URBAN,Unplanned,Closed,2026-09-17T03:20:00Z,2026-09-17T08:40:00Z,320
1941556,Border,GURDASPUR,NANGAL UPS,Unplanned,Closed,2026-09-17T03:20:00Z,2026-09-17T07:15:00Z,235
1941554,South,SANGRUR,Moonak Oil,Unplanned,Closed,2026-09-17T03:20:00Z,2026-09-17T06:18:00Z,178
1941537,Border,GURDASPUR,Dalla UPS,Unplanned,Closed,2026-09-17T03:20:00Z,2026-09-17T06:40:00Z,200
1941534,South,SANGRUR,MASTUANA SAHIB,Unplanned,Closed,2026-09-17T03:20:00Z,2026-09-17T06:30:00Z,190
1941533,Border,GURDASPUR,Basrawan,Unplanned,Closed,2026-09-17T03:20:00Z,2026-09-17T04:40:00Z,80
1941532,West,BATHINDA,Chowke,Unplanned,Closed,2026-09-17T03:20:00Z,2026-09-17T09:45:00Z,385
1941528,Border,GURDASPUR,THEKERIWAL,Unplanned,Closed,2026-09-17T03:20:00Z,2026-09-17T07:55:00Z,275
1941610,South,SANGRUR,JEONPURA UPS,Unplanned,Closed,2026-09-17T03:15:00Z,2026-09-17T07:30:00Z,255
1941563,Border,GURDASPUR,DHINDSA,Unplanned,Closed,2026-09-17T03:15:00Z,2026-09-17T05:55:00Z,160
1941552,West,BATHINDA,COLLEGE ROAD,Unplanned,Closed,2026-09-17T03:15:00Z,2026-09-17T03:41:05Z,26
1941591,South,SANGRUR,11 KV LONGOWAL URBAN,Unplanned,Closed,2026-09-17T03:12:00Z,2026-09-17T07:30:00Z,258
1941519,West,FARIDKOT,Dutt Road,Unplanned,Closed,2026-09-17T03:11:13Z,2026-09-17T03:38:00Z,26
1941522,South,SANGRUR,NH-7,Unplanned,Closed,2026-09-17T03:11:00Z,2026-09-17T08:15:00Z,304
1941579,Border,GURDASPUR,11 KV Dhesian,Unplanned,Closed,2026-09-17T03:10:00Z,2026-09-17T06:20:00Z,190
1941578,Border,GURDASPUR,KOT DHANDHAL CAT-1,Unplanned,Closed,2026-09-17T03:10:00Z,2026-09-17T06:21:00Z,191
1941560,Border,GURDASPUR,College,Unplanned,Closed,2026-09-17T03:10:00Z,2026-09-17T06:35:00Z,205
1941553,Border,GURDASPUR,11 K.V UPS Balwanda,Unplanned,Closed,2026-09-17T03:10:00Z,2026-09-17T07:20:00Z,250
1941550,Border,GURDASPUR,Roranwali 24 hrs.,Unplanned,Closed,2026-09-17T03:10:00Z,2026-09-17T06:35:00Z,205
1941540,North,HOSHIARPUR,SARHALA,Unplanned,Closed,2026-09-17T03:10:00Z,2026-09-17T03:45:00Z,35
1941538,Border,TARN TARAN,BAHADARPUR,Unplanned,Closed,2026-09-17T03:10:00Z,2026-09-17T09:24:00Z,374
1941523,West,BATHINDA,Nandh garh,Unplanned,Closed,2026-09-17T03:10:00Z,2026-09-17T06:20:00Z,190
1941624,South,SANGRUR,11 KV HOSPITAL ROAD URBAN,Unplanned,Closed,2026-09-17T03:08:00Z,2026-09-17T05:00:00Z,112
1941530,South,SANGRUR,11 KV HEERO KALAN URBAN,Unplanned,Closed,2026-09-17T03:07:00Z,2026-09-17T06:38:00Z,211
1941512,West,FARIDKOT,Zira Road,Unplanned,Closed,2026-09-17T03:05:03Z,2026-09-17T03:10:31Z,5
1941529,Border,TARN TARAN,SAIDPUR URBAN,Unplanned,Closed,2026-09-17T03:05:00Z,2026-09-17T06:30:00Z,205
1941527,Border,TARN TARAN,KOT HAYAT,Unplanned,Closed,2026-09-17T03:05:00Z,2026-09-17T07:55:51Z,290
1941521,Border,CITY AMRITSAR,RANI KA BAGH,Unplanned,Closed,2026-09-17T03:05:00Z,2026-09-17T03:59:00Z,54
1941520,North,HOSHIARPUR,DALLI shared feeder with s/divn,Unplanned,Closed,2026-09-17T03:05:00Z,2026-09-17T04:50:00Z,105
1941513,West,BATHINDA,11KV FAKKAR JHAND UPS,Unplanned,Closed,2026-09-17T03:05:00Z,2026-09-17T08:47:24Z,342
1941526,Border,TARN TARAN,BEAS CITY,Unplanned,Closed,2026-09-17T03:01:00Z,2026-09-17T07:15:37Z,254
1941525,Border,TARN TARAN,KOT MEHTAB URBAN,Unplanned,Closed,2026-09-17T03:01:00Z,2026-09-17T07:35:07Z,274
1941524,Border,TARN TARAN,Baba Bakala,Unplanned,Closed,2026-09-17T03:01:00Z,2026-09-17T07:30:05Z,269
1941518,Border,CITY AMRITSAR,EAST MOHAN NAGAR,Unplanned,Closed,2026-09-17T03:01:00Z,2026-09-17T03:31:00Z,30
1941599,Border,TARN TARAN,UPS TALWANDI BUDH SINGH,Unplanned,Closed,2026-09-17T03:00:00Z,2026-09-17T10:53:00Z,473
1941597,Border,TARN TARAN,UPS RATTOKE,Unplanned,Closed,2026-09-17T03:00:00Z,2026-09-17T06:45:32Z,225
1941596,Border,TARN TARAN,UPS BABA DEEP SINGH,Unplanned,Closed,2026-09-17T03:00:00Z,2026-09-17T11:35:00Z,515
1941580,Border,TARN TARAN,Behla ups,Unplanned,Closed,2026-09-17T03:00:00Z,2026-09-17T05:50:00Z,170
1941551,Border,SUB URBAN AMRITSAR,KARAM PURA,Unplanned,Closed,2026-09-17T03:00:00Z,2026-09-17T12:01:00Z,541
1941549,Border,SUB URBAN AMRITSAR,MAJITHA ROAD BYE PASS,Unplanned,Closed,2026-09-17T03:00:00Z,2026-09-17T12:30:00Z,570
1941542,Border,SUB URBAN AMRITSAR,BABA SHRI CHAND AVNUE,Unplanned,Closed,2026-09-17T03:00:00Z,2026-09-17T04:00:00Z,60
1941510,South,SANGRUR,Sunam Road,Unplanned,Closed,2026-09-17T03:00:00Z,2026-09-17T04:47:00Z,107
1941507,Border,CITY AMRITSAR,EAST MOHAN NAGAR,Unplanned,Closed,2026-09-17T03:00:00Z,2026-09-17T03:32:00Z,32
1941535,Border,TARN TARAN,BANIA URBAN,Unplanned,Closed,2026-09-17T02:55:00Z,2026-09-17T07:40:20Z,285
1941517,North,HOSHIARPUR,11Kv Mushabpur UPS,Unplanned,Closed,2026-09-17T02:55:00Z,2026-09-17T03:10:00Z,15
1941515,North,HOSHIARPUR,PURHIRAN URBAN,Unplanned,Closed,2026-09-17T02:55:00Z,2026-09-17T04:30:50Z,95
1941531,Border,TARN TARAN,RAYYA URBAN,Unplanned,Closed,2026-09-17T02:50:00Z,2026-09-17T05:20:20Z,150
1941509,North,JALANDHAR,CANAL,Unplanned,Closed,2026-09-17T02:45:00Z,2026-09-17T03:42:00Z,57
1941500,North,HOSHIARPUR,Bihala,Unplanned,Closed,2026-09-17T02:45:00Z,2026-09-17T02:50:00Z,5
1941499,North,HOSHIARPUR,Chaggran,Unplanned,Closed,2026-09-17T02:45:00Z,2026-09-17T03:35:00Z,50
1941498,North,HOSHIARPUR,Handowal,Unplanned,Closed,2026-09-17T02:45:00Z,2026-09-17T03:30:00Z,45
1941497,North,JALANDHAR,11KV LAXMI PURA,Unplanned,Closed,2026-09-17T02:40:12Z,2026-09-17T03:17:14Z,37
1941490,North,JALANDHAR,11 kv CHILDERN PARK NO. 1,Unplanned,Closed,2026-09-17T02:40:12Z,2026-09-17T03:15:14Z,35
1941618,West,BATHINDA,Mandi Khurd,Unplanned,Closed,2026-09-17T02:40:00Z,2026-09-17T04:39:00Z,119
1941511,Border,GURDASPUR,Ghuman,Unplanned,Closed,2026-09-17T02:40:00Z,2026-09-17T08:05:00Z,325
1941496,North,HOSHIARPUR,UPS katrala,Unplanned,Closed,2026-09-17T02:40:00Z,2026-09-17T04:30:00Z,110
1941494,North,HOSHIARPUR,CHACK,Unplanned,Closed,2026-09-17T02:40:00Z,2026-09-17T04:15:00Z,95
1941493,North,HOSHIARPUR,Sarangwal,Unplanned,Closed,2026-09-17T02:40:00Z,2026-09-17T02:55:00Z,15
1941492,North,HOSHIARPUR,Chabbewal,Unplanned,Closed,2026-09-17T02:40:00Z,2026-09-17T02:50:00Z,10
1941491,West,BATHINDA,Tamkot,Unplanned,Closed,2026-09-17T02:39:00Z,2026-09-17T09:33:00Z,414
1941495,West,BATHINDA,11 KV KOT LALLU,Unplanned,Closed,2026-09-17T02:36:00Z,2026-09-17T05:20:26Z,164
1941489,North,HOSHIARPUR,Puda Colony,Unplanned,Closed,2026-09-17T02:35:00Z,2026-09-17T04:25:00Z,110
1941609,Border,TARN TARAN,UPS Baba Bhai Jethe Ji,Unplanned,Closed,2026-09-17T02:32:00Z,2026-09-17T07:25:00Z,293
1941607,Border,TARN TARAN,24 Hrs. UPS Narli,Unplanned,Closed,2026-09-17T02:32:00Z,2026-09-17T08:29:00Z,357
1941486,West,BATHINDA,MIRPUR,Unplanned,Closed,2026-09-17T02:30:31Z,2026-09-17T07:31:34Z,301
1941603,Border,TARN TARAN,BHAROWAL URBAN,Unplanned,Closed,2026-09-17T02:30:00Z,2026-09-17T06:45:00Z,255
1941602,Border,TARN TARAN,Fatehabad Urban .,Unplanned,Closed,2026-09-17T02:30:00Z,2026-09-17T04:10:00Z,100
1941514,West,BATHINDA,LOCAL FEEDER,Unplanned,Closed,2026-09-17T02:30:00Z,2026-09-17T04:30:00Z,120
1941506,Border,TARN TARAN,MEHTA URBAN-I,Unplanned,Closed,2026-09-17T02:30:00Z,2026-09-17T07:45:03Z,315
1941504,Border,TARN TARAN,BHOEWAL,Unplanned,Active,2026-09-17T02:30:00Z,2026-09-17T10:00:00Z,450
1941488,North,JALANDHAR,VIEW ESTATE,Unplanned,Closed,2026-09-17T02:25:00Z,2026-09-17T03:50:00Z,85
1941487,North,JALANDHAR,LINK FEEDER,Unplanned,Closed,2026-09-17T02:20:00Z,2026-09-17T03:55:00Z,95
1941483,North,JALANDHAR,BIR PUADH,Unplanned,Closed,2026-09-17T02:20:00Z,2026-09-17T03:15:00Z,55
1941482,North,JALANDHAR,Bhanoki Road,Unplanned,Closed,2026-09-17T02:20:00Z,2026-09-17T03:10:00Z,50
1941481,North,JALANDHAR,RING MAIN,Unplanned,Closed,2026-09-17T02:20:00Z,2026-09-17T04:25:00Z,125
1941479,North,NAWANSHAHR,City,Unplanned,Closed,2026-09-17T02:20:00Z,2026-09-17T03:43:00Z,83
1941473,North,JALANDHAR,SARSWATI VIHAR,Unplanned,Closed,2026-09-17T02:19:06Z,2026-09-17T02:36:56Z,17
1941472,North,HOSHIARPUR,KHARDEHER,Unplanned,Closed,2026-09-17T02:15:00Z,2026-09-17T03:37:00Z,82
1941471,North,HOSHIARPUR,BHOGPUR NO 2,Unplanned,Closed,2026-09-17T02:15:00Z,2026-09-17T03:54:00Z,99
1941468,Border,CITY AMRITSAR,V.J.HOSPITAL,Unplanned,Closed,2026-09-17T02:15:00Z,2026-09-17T04:30:00Z,135
1941485,West,BATHINDA,GULAB GARH,Unplanned,Closed,2026-09-17T02:13:00Z,2026-09-17T05:10:00Z,177
1941469,North,JALANDHAR,GEETA MANDIR,Unplanned,Closed,2026-09-17T02:13:00Z,2026-09-17T02:54:00Z,41
1941480,West,BATHINDA,Mastuana Sahib,Unplanned,Closed,2026-09-17T02:12:00Z,2026-09-17T06:31:00Z,259
1941464,Border,CITY AMRITSAR,BHANDARI CHOWK,Unplanned,Closed,2026-09-17T02:12:00Z,2026-09-17T04:15:00Z,123
1941594,Border,TARN TARAN,24 Hur. Sohal,Unplanned,Closed,2026-09-17T02:10:00Z,2026-09-17T07:50:00Z,340
1941508,West,BATHINDA,Jaude pul,Unplanned,Closed,2026-09-17T02:10:00Z,2026-09-17T08:30:00Z,380
1941470,North,JALANDHAR,NASARABAD,Unplanned,Closed,2026-09-17T02:10:00Z,2026-09-17T03:10:00Z,60
1941459,Border,CITY AMRITSAR,GURUDWARA TAPOWAN,Unplanned,Closed,2026-09-17T02:10:00Z,2026-09-17T04:45:00Z,155
1941458,Border,TARN TARAN,POLICE LINE,Unplanned,Closed,2026-09-17T02:10:00Z,2026-09-17T09:30:00Z,440
1941457,North,HOSHIARPUR,BHOL,Unplanned,Closed,2026-09-17T02:10:00Z,2026-09-17T03:55:00Z,105
1941456,North,HOSHIARPUR,RAMGHAR,Unplanned,Closed,2026-09-17T02:10:00Z,2026-09-17T03:57:00Z,107
1941455,Border,TARN TARAN,24 Hours supp Khardin,Unplanned,Closed,2026-09-17T02:10:00Z,2026-09-17T08:10:00Z,360
1941453,North,HOSHIARPUR,SUKCHAINPUR,Unplanned,Closed,2026-09-17T02:10:00Z,2026-09-17T03:58:00Z,108
1941452,West,BATHINDA,Sooch UPS,Unplanned,Closed,2026-09-17T02:10:00Z,2026-09-17T07:40:00Z,330
1941451,Border,TARN TARAN,24 Hours Supp Mir Pur,Unplanned,Closed,2026-09-17T02:10:00Z,2026-09-17T08:10:00Z,360
1941450,Border,CITY AMRITSAR,SANT AVENUE,Unplanned,Closed,2026-09-17T02:10:00Z,2026-09-17T05:30:00Z,200
1941448,Border,TARN TARAN,Baba Bhuda Sahib,Unplanned,Closed,2026-09-17T02:10:00Z,2026-09-17T07:10:00Z,300
1941444,Border,CITY AMRITSAR,Lawrence Road,Unplanned,Closed,2026-09-17T02:10:00Z,2026-09-17T04:25:00Z,135
1941460,North,JALANDHAR,11 KV GULAB DEVI,Unplanned,Closed,2026-09-17T02:09:10Z,2026-09-17T03:53:42Z,104
1941461,West,BATHINDA,GANDI SCHOOL,Unplanned,Closed,2026-09-17T02:07:00Z,2026-09-17T06:25:00Z,258
1941617,Border,TARN TARAN,BOHRU UPS,Unplanned,Closed,2026-09-17T02:05:00Z,2026-09-17T08:15:00Z,370
1941516,West,BATHINDA,Mansa Road,Unplanned,Closed,2026-09-17T02:05:00Z,2026-09-17T06:50:00Z,285
1941467,North,HOSHIARPUR,SANDPUR,Unplanned,Closed,2026-09-17T02:05:00Z,2026-09-17T03:50:00Z,105
1941466,North,HOSHIARPUR,BHAMBOTAR,Unplanned,Closed,2026-09-17T02:05:00Z,2026-09-17T03:51:00Z,106
1941465,North,HOSHIARPUR,TALWARA,Unplanned,Closed,2026-09-17T02:05:00Z,2026-09-17T03:52:00Z,107
1941463,North,HOSHIARPUR,Ravidas Nagar feeder,Unplanned,Closed,2026-09-17T02:05:00Z,2026-09-17T02:22:00Z,17
1941462,North,HOSHIARPUR,SATHWAN,Unplanned,Closed,2026-09-17T02:05:00Z,2026-09-17T03:53:00Z,108
1941454,North,HOSHIARPUR,Sutehri Road,Unplanned,Closed,2026-09-17T02:05:00Z,2026-09-17T03:02:00Z,57
1941449,North,HOSHIARPUR,SUNDER NAGAR,Unplanned,Closed,2026-09-17T02:05:00Z,2026-09-17T03:02:00Z,57
1941447,North,HOSHIARPUR,MOUNT AVENUE,Unplanned,Closed,2026-09-17T02:05:00Z,2026-09-17T03:02:00Z,57
1941441,West,BATHINDA,INDUSTRIAL,Unplanned,Closed,2026-09-17T02:02:00Z,2026-09-17T06:51:00Z,289
1941438,North,HOSHIARPUR,HAJIPUR,Unplanned,Closed,2026-09-17T02:02:00Z,2026-09-17T03:50:00Z,108
1941437,Border,TARN TARAN,JAWANDY KHURD,Unplanned,Closed,2026-09-17T02:01:00Z,2026-09-17T04:25:00Z,144
1941545,Border,TARN TARAN,UPS KHOOJA FATTA,Unplanned,Closed,2026-09-17T02:00:00Z,2026-09-17T08:00:00Z,360
1941544,Border,TARN TARAN,INDEPENDENT BSF HEADQUARTER,Unplanned,Closed,2026-09-17T02:00:00Z,2026-09-17T07:00:00Z,300
1941541,Border,TARN TARAN,UPS Blair,Unplanned,Closed,2026-09-17T02:00:00Z,2026-09-17T09:35:00Z,455
1941434,North,JALANDHAR,11KV SANGAT SINGH NAGAR,Unplanned,Closed,2026-09-17T01:55:02Z,2026-09-17T03:24:19Z,89
1941446,North,JALANDHAR,HSP ROAD,Unplanned,Closed,2026-09-17T01:55:00Z,2026-09-17T02:20:00Z,25
1941443,North,HOSHIARPUR,BUDHABAR,Unplanned,Closed,2026-09-17T01:55:00Z,2026-09-17T03:42:00Z,107
1941442,North,HOSHIARPUR,PANKHUH,Unplanned,Closed,2026-09-17T01:55:00Z,2026-09-17T03:45:00Z,110
1941435,West,BATHINDA,11 KV H P Road,Unplanned,Closed,2026-09-17T01:53:00Z,2026-09-17T05:35:00Z,222
1941547,Border,TARN TARAN,UPS Kotli,Unplanned,Closed,2026-09-17T01:51:00Z,2026-09-17T07:14:00Z,323
1941546,Border,TARN TARAN,UPS Machike,Unplanned,Closed,2026-09-17T01:51:00Z,2026-09-17T08:19:00Z,388
1941445,Border,SUB URBAN AMRITSAR,KABIR PARK,Unplanned,Closed,2026-09-17T01:50:00Z,2026-09-17T02:35:03Z,45
1941431,Border,TARN TARAN,City 7,Unplanned,Closed,2026-09-17T01:50:00Z,2026-09-17T03:00:00Z,70
1941440,North,HOSHIARPUR,KHIZARPUR,Unplanned,Closed,2026-09-17T01:49:00Z,2026-09-17T03:10:00Z,81
1941433,West,MUKATSAR,Fatuhiwala,Unplanned,Closed,2026-09-17T01:46:00Z,2026-09-17T09:05:00Z,439
1941629,Border,TARN TARAN,MOHAN SINGH TUR,Unplanned,Closed,2026-09-17T01:45:00Z,2026-09-17T07:25:00Z,340
1941410,North,JALANDHAR,PUNJABI BAGH,Unplanned,Closed,2026-09-17T01:45:00Z,2026-09-17T03:38:00Z,113
1941430,North,JALANDHAR,Heera pur,Unplanned,Closed,2026-09-17T01:44:17Z,2026-09-17T05:24:07Z,219
1941405,West,MUKATSAR,GHUMIARA,Unplanned,Closed,2026-09-17T01:41:00Z,2026-09-17T07:26:00Z,345
1941427,North,JALANDHAR,11 KV Cantt Mandi,Unplanned,Closed,2026-09-17T01:40:58Z,2026-09-17T02:30:58Z,50
1941426,North,JALANDHAR,11 KV Lal Kurti Feeder,Unplanned,Closed,2026-09-17T01:40:58Z,2026-09-17T02:30:58Z,50
1941425,North,JALANDHAR,Sewerage Treatment Plant,Unplanned,Closed,2026-09-17T01:40:58Z,2026-09-17T02:30:58Z,50
1941424,North,JALANDHAR,DEEP NAGAR,Unplanned,Closed,2026-09-17T01:40:58Z,2026-09-17T02:30:58Z,50
1941423,North,JALANDHAR,PROFFESSER COLONY,Unplanned,Closed,2026-09-17T01:40:58Z,2026-09-17T02:30:58Z,50
1941422,North,JALANDHAR,PRAGPUR,Unplanned,Closed,2026-09-17T01:40:58Z,2026-09-17T02:30:58Z,50
1941421,North,JALANDHAR,CHURCH,Unplanned,Closed,2026-09-17T01:40:58Z,2026-09-17T02:30:58Z,50
1941420,North,JALANDHAR,G T ROAD NO.1,Unplanned,Closed,2026-09-17T01:40:58Z,2026-09-17T02:30:58Z,50
1941419,North,JALANDHAR,GARHA,Unplanned,Closed,2026-09-17T01:40:58Z,2026-09-17T02:30:58Z,50
1941418,North,JALANDHAR,SOFIPIND,Unplanned,Closed,2026-09-17T01:40:58Z,2026-09-17T02:30:58Z,50
1941417,North,JALANDHAR,DHANOWALI,Unplanned,Closed,2026-09-17T01:40:58Z,2026-09-17T02:30:58Z,50
1941416,North,JALANDHAR,GT Road No. 2,Unplanned,Closed,2026-09-17T01:40:58Z,2026-09-17T02:30:58Z,50
1941415,North,JALANDHAR,RAMA MANDI,Unplanned,Closed,2026-09-17T01:40:58Z,2026-09-17T02:30:58Z,50
1941414,North,JALANDHAR,TV TOWER,Unplanned,Closed,2026-09-17T01:40:58Z,2026-09-17T02:30:58Z,50
1941413,North,JALANDHAR,PAP,Unplanned,Closed,2026-09-17T01:40:58Z,2026-09-17T02:30:58Z,50
1941412,North,JALANDHAR,veva collage,Unplanned,Closed,2026-09-17T01:40:58Z,2026-09-17T02:30:58Z,50
1941411,North,JALANDHAR,RAIWAY WORKSHOP,Unplanned,Closed,2026-09-17T01:40:58Z,2026-09-17T02:30:58Z,50
1941474,Border,TARN TARAN,Jhamka UPS,Unplanned,Closed,2026-09-17T01:40:00Z,2026-09-17T07:35:00Z,355
1941439,Border,CITY AMRITSAR,MAQBOOL ROAD,Unplanned,Closed,2026-09-17T01:40:00Z,2026-09-17T06:42:45Z,302
1941429,North,JALANDHAR,11 KV BASTI DANISHMANDA,Unplanned,Closed,2026-09-17T01:38:48Z,2026-09-17T03:45:12Z,126
1941408,North,JALANDHAR,GURU NANAK NAGAR,Unplanned,Closed,2026-09-17T01:36:00Z,2026-09-17T03:00:00Z,84
1941406,North,JALANDHAR,RERRU,Unplanned,Closed,2026-09-17T01:35:00Z,2026-09-17T03:31:00Z,116
1941403,West,FARIDKOT,Arvind Nagar Feeder,Unplanned,Closed,2026-09-17T01:35:00Z,2026-09-17T02:05:00Z,30
1941581,Border,TARN TARAN,VARPALCITY,Unplanned,Closed,2026-09-17T01:30:00Z,2026-09-17T06:01:00Z,271
1941409,Border,CITY AMRITSAR,SERVER PURA,Unplanned,Closed,2026-09-17T01:30:00Z,2026-09-17T02:35:00Z,65
1941407,North,JALANDHAR,DOABA CHOWK,Unplanned,Closed,2026-09-17T01:30:00Z,2026-09-17T03:35:00Z,125
1941395,North,KAPURTHALA,URBAN Shankar,Unplanned,Closed,2026-09-17T01:30:00Z,2026-09-17T01:40:00Z,10
1941394,East,Zirakpur,PREET COLONY,Planned,Closed,2026-09-17T01:30:00Z,2026-09-17T02:05:00Z,35
1941393,East,Zirakpur,PANCHSHEEL,Planned,Closed,2026-09-17T01:30:00Z,2026-09-17T02:05:00Z,35
1941391,West,BATHINDA,Mirpur Kalan (Alike Grid),Unplanned,Closed,2026-09-17T01:28:11Z,2026-09-17T04:01:03Z,152
1941428,North,JALANDHAR,KALIA COLONY,Unplanned,Closed,2026-09-17T01:26:00Z,2026-09-17T03:00:00Z,94
1941401,South,SANGRUR,CITY-5,Unplanned,Closed,2026-09-17T01:20:00Z,2026-09-17T01:50:00Z,30
1941390,Border,GURDASPUR,College,Unplanned,Closed,2026-09-17T01:15:56Z,2026-09-17T02:15:56Z,60
1941389,Border,GURDASPUR,Sheh Bhattia,Unplanned,Closed,2026-09-17T01:15:56Z,2026-09-17T02:15:56Z,60
1941388,Border,GURDASPUR,BABA RAJA RAM,Unplanned,Closed,2026-09-17T01:15:56Z,2026-09-17T02:15:56Z,60
1941387,Border,GURDASPUR,Thakarwal,Unplanned,Closed,2026-09-17T01:15:56Z,2026-09-17T02:15:56Z,60
1941386,Border,GURDASPUR,DHINDSA,Unplanned,Closed,2026-09-17T01:15:56Z,2026-09-17T02:15:56Z,60
1941392,West,BATHINDA,Kachha Vas,Unplanned,Closed,2026-09-17T01:15:00Z,2026-09-17T02:12:00Z,57
1941385,Border,CITY AMRITSAR,Dilbagh Nagar,Unplanned,Closed,2026-09-17T01:15:00Z,2026-09-17T03:25:00Z,130
1941384,Border,GURDASPUR,BHAM UPS,Unplanned,Closed,2026-09-17T01:10:50Z,2026-09-17T02:10:50Z,60
1941383,Border,GURDASPUR,METLE,Unplanned,Closed,2026-09-17T01:10:50Z,2026-09-17T02:10:50Z,60
1941382,Border,GURDASPUR,BHARTH,Unplanned,Closed,2026-09-17T01:10:50Z,2026-09-17T02:10:50Z,60
1941370,Border,GURDASPUR,Civil Line,Unplanned,Closed,2026-09-17T01:10:46Z,2026-09-17T02:10:46Z,60
1941369,Border,GURDASPUR,City,Unplanned,Closed,2026-09-17T01:10:46Z,2026-09-17T02:10:46Z,60
1941368,Border,GURDASPUR,RAILWAY ROAD CAT-1,Unplanned,Closed,2026-09-17T01:10:46Z,2026-09-17T02:10:46Z,60
1941367,Border,GURDASPUR,Dalla UPS,Unplanned,Closed,2026-09-17T01:10:46Z,2026-09-17T02:10:46Z,60
1941366,Border,GURDASPUR,11KV BUTTER UPS,Unplanned,Closed,2026-09-17T01:10:46Z,2026-09-17T02:10:46Z,60
1941365,Border,GURDASPUR,Basrawan,Unplanned,Closed,2026-09-17T01:10:46Z,2026-09-17T02:10:46Z,60
1941364,Border,GURDASPUR,I.T.I,Unplanned,Closed,2026-09-17T01:10:46Z,2026-09-17T02:10:46Z,60
1941363,Border,GURDASPUR,THEKERIWAL,Unplanned,Closed,2026-09-17T01:10:46Z,2026-09-17T02:10:46Z,60
1941400,Border,GURDASPUR,KISHANKOT UPS,Unplanned,Closed,2026-09-17T01:10:34Z,2026-09-17T02:10:34Z,60
1941399,Border,GURDASPUR,Rampur Talwara,Unplanned,Closed,2026-09-17T01:10:34Z,2026-09-17T02:10:34Z,60
1941398,Border,GURDASPUR,Withwan,Unplanned,Closed,2026-09-17T01:10:34Z,2026-09-17T02:10:34Z,60
1941397,Border,GURDASPUR,Cheema Khuddi,Unplanned,Closed,2026-09-17T01:10:34Z,2026-09-17T02:10:34Z,60
1941396,Border,GURDASPUR,Sri Hargobindpur,Unplanned,Closed,2026-09-17T01:10:34Z,2026-09-17T02:10:34Z,60
1941380,Border,TARN TARAN,CITY 5,Unplanned,Closed,2026-09-17T01:10:00Z,2026-09-17T02:20:00Z,70
1941379,Border,TARN TARAN,24 HRS CHUTALA,Unplanned,Closed,2026-09-17T01:10:00Z,2026-09-17T07:45:00Z,395
1941378,Border,TARN TARAN,Sanghey UPS,Unplanned,Closed,2026-09-17T01:10:00Z,2026-09-17T07:01:00Z,351
1941377,Border,TARN TARAN,Goindwal Road Urban.,Unplanned,Closed,2026-09-17T01:10:00Z,2026-09-17T07:01:00Z,351
1941376,Border,TARN TARAN,KADD GILL UPS,Unplanned,Closed,2026-09-17T01:10:00Z,2026-09-17T08:20:00Z,430
1941374,Border,TARN TARAN,Railway Road Urban..,Unplanned,Closed,2026-09-17T01:10:00Z,2026-09-17T09:00:00Z,470
1941371,South,SANGRUR,UPPLI UPS,Unplanned,Closed,2026-09-17T01:10:00Z,2026-09-17T05:45:00Z,275
1941404,East,MOHALI,11 KV Connect,Unplanned,Closed,2026-09-17T01:09:00Z,2026-09-17T03:00:00Z,111
1941361,West,BATHINDA,Autawali,Unplanned,Closed,2026-09-17T01:07:00Z,2026-09-17T06:55:00Z,348
1941360,West,BATHINDA,MANSA ROAD INDUSTRIES,Unplanned,Closed,2026-09-17T01:07:00Z,2026-09-17T04:57:59Z,230
1941375,West,BATHINDA,11 KV CINEMA ROAD CITY,Unplanned,Closed,2026-09-17T01:05:00Z,2026-09-17T07:15:45Z,370
1941373,West,BATHINDA,JHANDA KHURD,Unplanned,Closed,2026-09-17T01:05:00Z,2026-09-17T06:50:00Z,345
1941372,West,BATHINDA,BABA BAHAL DASS JI,Unplanned,Closed,2026-09-17T01:05:00Z,2026-09-17T11:44:55Z,639
1941358,Border,GURDASPUR,Sathiali 24 hrs.,Unplanned,Closed,2026-09-17T01:01:00Z,2026-09-17T08:05:00Z,424
1941343,West,BATHINDA,GEHLE UPS,Unplanned,Closed,2026-09-17T00:55:00Z,2026-09-17T05:42:00Z,287
1941362,East,ROPAR,11 KV Kakrala,Unplanned,Closed,2026-09-17T00:53:00Z,2026-09-17T01:53:53Z,60
1941357,South,BARNALA,Tapa-3,Unplanned,Closed,2026-09-17T00:52:00Z,2026-09-17T02:10:00Z,78
1941436,West,BATHINDA,Kalewander,Unplanned,Closed,2026-09-17T00:50:00Z,2026-09-17T04:35:00Z,225
1941350,West,BATHINDA,KANCHIAN,Unplanned,Closed,2026-09-17T00:50:00Z,2026-09-17T01:21:12Z,31
1941348,North,HOSHIARPUR,KHUN-2 KALAN,Unplanned,Closed,2026-09-17T00:50:00Z,2026-09-17T11:30:00Z,640
1941346,North,HOSHIARPUR,FOCAL POINT KHUN-2KALAN,Unplanned,Closed,2026-09-17T00:50:00Z,2026-09-17T11:30:00Z,640
1941356,South,BARNALA,BADIALA UPS,Unplanned,Closed,2026-09-17T00:45:00Z,2026-09-17T07:35:00Z,410
1941344,East,Zirakpur,OXFORD STREET,Unplanned,Closed,2026-09-17T00:43:00Z,2026-09-17T02:05:00Z,82
1941308,North,JALANDHAR,Chowk Sudan,Unplanned,Closed,2026-09-17T00:40:42Z,2026-09-17T01:10:44Z,30
1941349,West,FARIDKOT,11KV Chehal UPS,Unplanned,Closed,2026-09-17T00:40:38Z,2026-09-17T02:11:00Z,90
1941359,Border,CITY AMRITSAR,City Feeder,Unplanned,Closed,2026-09-17T00:35:08Z,2026-09-17T03:40:08Z,185
1941268,Border,CITY AMRITSAR,MAKBOOL PURA,Unplanned,Closed,2026-09-17T00:34:36Z,2026-09-17T01:19:36Z,45
1941267,Border,CITY AMRITSAR,100 ft. ROAD,Unplanned,Closed,2026-09-17T00:34:36Z,2026-09-17T01:19:36Z,45
1941402,East,MOHALI,Sec 72-C,Unplanned,Closed,2026-09-17T00:33:00Z,2026-09-17T03:13:00Z,160
1941304,Border,SUB URBAN AMRITSAR,11 KV INDRA COLONY,Unplanned,Closed,2026-09-17T00:32:56Z,2026-09-17T01:30:56Z,58
1941303,Border,SUB URBAN AMRITSAR,11 kv GreenLand,Unplanned,Closed,2026-09-17T00:32:56Z,2026-09-17T04:25:56Z,233
1941302,Border,SUB URBAN AMRITSAR,SUNDER NAGAR,Unplanned,Closed,2026-09-17T00:32:56Z,2026-09-17T01:30:56Z,58
1941301,Border,SUB URBAN AMRITSAR,KASHMIR AVANUE,Unplanned,Closed,2026-09-17T00:32:56Z,2026-09-17T01:30:56Z,58
1941300,Border,SUB URBAN AMRITSAR,Mustafabaad,Unplanned,Closed,2026-09-17T00:32:56Z,2026-09-17T01:30:56Z,58
1941299,Border,SUB URBAN AMRITSAR,Tung pai,Unplanned,Closed,2026-09-17T00:32:56Z,2026-09-17T01:30:56Z,58
1941298,Border,SUB URBAN AMRITSAR,PAWAN NAGAR,Unplanned,Closed,2026-09-17T00:32:56Z,2026-09-17T01:30:56Z,58
1941297,Border,SUB URBAN AMRITSAR,MALL MANDI,Unplanned,Closed,2026-09-17T00:32:56Z,2026-09-17T01:30:56Z,58
1941296,Border,SUB URBAN AMRITSAR,BATALA ROAD,Unplanned,Closed,2026-09-17T00:32:56Z,2026-09-17T01:30:56Z,58
1941295,Border,SUB URBAN AMRITSAR,Judge Nagar,Unplanned,Closed,2026-09-17T00:32:56Z,2026-09-17T01:30:56Z,58
1941294,Border,SUB URBAN AMRITSAR,A.S.FARM,Unplanned,Closed,2026-09-17T00:32:56Z,2026-09-17T01:30:56Z,58
1941293,Border,SUB URBAN AMRITSAR,MAJITHA ROAD,Unplanned,Closed,2026-09-17T00:32:56Z,2026-09-17T01:30:56Z,58
1941292,Border,SUB URBAN AMRITSAR,TRW-I,Unplanned,Closed,2026-09-17T00:32:56Z,2026-09-17T01:30:56Z,58
1941291,Border,SUB URBAN AMRITSAR,Escort Hospital,Unplanned,Closed,2026-09-17T00:32:56Z,2026-09-17T01:30:56Z,58
1941290,Border,SUB URBAN AMRITSAR,MILK PLANT,Unplanned,Closed,2026-09-17T00:32:56Z,2026-09-17T01:30:56Z,58
1941289,Border,SUB URBAN AMRITSAR,KHANNA NAGAR,Unplanned,Closed,2026-09-17T00:32:56Z,2026-09-17T01:30:56Z,58
1941288,Border,SUB URBAN AMRITSAR,Jagdambey Colony,Unplanned,Closed,2026-09-17T00:32:56Z,2026-09-17T01:30:56Z,58
1941287,Border,SUB URBAN AMRITSAR,NEHRU COLONY,Unplanned,Closed,2026-09-17T00:32:56Z,2026-09-17T01:30:56Z,58
1941286,Border,SUB URBAN AMRITSAR,VERKA COLONY,Unplanned,Closed,2026-09-17T00:32:56Z,2026-09-17T01:30:56Z,58
1941285,Border,SUB URBAN AMRITSAR,Banke bihari,Unplanned,Closed,2026-09-17T00:32:56Z,2026-09-17T01:30:56Z,58
1941284,Border,SUB URBAN AMRITSAR,SUNCITY,Unplanned,Closed,2026-09-17T00:32:56Z,2026-09-17T01:30:56Z,58
1941283,Border,SUB URBAN AMRITSAR,SHIV NAGAR,Unplanned,Closed,2026-09-17T00:32:56Z,2026-09-17T01:30:56Z,58
1941432,Border,TARN TARAN,GHAT SAHIB URBAN,Unplanned,Closed,2026-09-17T00:30:00Z,2026-09-17T06:40:00Z,370
1941381,Border,TARN TARAN,KAROWAL,Unplanned,Closed,2026-09-17T00:30:00Z,2026-09-17T05:30:00Z,300
1941327,Border,TARN TARAN,JAWANDY,Unplanned,Closed,2026-09-17T00:30:00Z,2026-09-17T06:05:00Z,335
1941325,North,HOSHIARPUR,SUDHANA,Unplanned,Closed,2026-09-17T00:30:00Z,2026-09-17T02:20:00Z,110
1941274,Central,SUB URBAN LUDHIANA,Disposal Road,Unplanned,Closed,2026-09-17T00:29:00Z,2026-09-17T02:02:00Z,93
1941273,Central,SUB URBAN LUDHIANA,Gandi Nagar,Unplanned,Closed,2026-09-17T00:29:00Z,2026-09-17T02:21:00Z,112
1941272,West,BATHINDA,RAIKHANA UPS,Unplanned,Closed,2026-09-17T00:28:00Z,2026-09-17T05:55:00Z,327
1941353,West,BATHINDA,DALYE WALI,Unplanned,Closed,2026-09-17T00:25:00Z,2026-09-17T06:25:00Z,360
1941352,West,BATHINDA,Chehlawala,Unplanned,Closed,2026-09-17T00:25:00Z,2026-09-17T10:39:00Z,614
1941351,West,BATHINDA,Burj UPS,Unplanned,Closed,2026-09-17T00:25:00Z,2026-09-17T08:25:00Z,480
1941326,Border,TARN TARAN,THATHIAN 3 W URBAN`,Unplanned,Closed,2026-09-17T00:25:00Z,2026-09-17T07:10:00Z,405
1941324,Border,SUB URBAN AMRITSAR,City 1,Unplanned,Closed,2026-09-17T00:25:00Z,2026-09-17T01:24:00Z,59
1941309,South,SANGRUR,PUNIA COLONY,Unplanned,Closed,2026-09-17T00:25:00Z,2026-09-17T04:15:00Z,230
1941282,Border,SUB URBAN AMRITSAR,Mollechak,Unplanned,Closed,2026-09-17T00:25:00Z,2026-09-17T01:24:00Z,59
1941271,Border,SUB URBAN AMRITSAR,UPS/ MANAWALA,Unplanned,Closed,2026-09-17T00:25:00Z,2026-09-17T01:24:00Z,59
1941270,Border,SUB URBAN AMRITSAR,Bandala Urban,Unplanned,Closed,2026-09-17T00:25:00Z,2026-09-17T01:24:00Z,59
1941269,Border,SUB URBAN AMRITSAR,Khabedogran,Unplanned,Closed,2026-09-17T00:25:00Z,2026-09-17T01:24:00Z,59
1941266,West,FARIDKOT,TEACHER COLONY,Unplanned,Closed,2026-09-17T00:25:00Z,2026-09-17T01:20:58Z,55
1941265,West,FARIDKOT,MEDICAL,Unplanned,Closed,2026-09-17T00:25:00Z,2026-09-17T00:50:27Z,25
1941281,Border,CITY AMRITSAR,11 kv shaheed udam singh nagar,Unplanned,Closed,2026-09-17T00:23:15Z,2026-09-17T03:40:15Z,197
1941280,Border,CITY AMRITSAR,11 kv B.D.S FEEDER,Unplanned,Closed,2026-09-17T00:23:15Z,2026-09-17T03:39:15Z,196
1941279,Border,CITY AMRITSAR,BIBI KAULAN JI,Unplanned,Closed,2026-09-17T00:23:15Z,2026-09-17T03:40:15Z,197
1941278,Border,CITY AMRITSAR,GURNAM NAGAR,Unplanned,Closed,2026-09-17T00:23:15Z,2026-09-17T03:40:15Z,197
1941277,Border,CITY AMRITSAR,BHAI MANJ ROAD,Unplanned,Closed,2026-09-17T00:23:15Z,2026-09-17T03:40:15Z,197
1941276,Border,CITY AMRITSAR,Guru Arjan Dev nagar,Unplanned,Closed,2026-09-17T00:23:15Z,2026-09-17T03:40:15Z,197
1941275,Border,CITY AMRITSAR,Friends Colony,Unplanned,Closed,2026-09-17T00:23:15Z,2026-09-17T03:41:15Z,198
1941258,West,MUKATSAR,Abohar Road,Unplanned,Closed,2026-09-17T00:21:26Z,2026-09-17T02:30:39Z,129
1941323,Border,CITY AMRITSAR,11 KV Namak Mandi,Unplanned,Closed,2026-09-17T00:20:49Z,2026-09-17T01:15:49Z,55
1941322,Border,CITY AMRITSAR,11 KV Akara Kallu,Unplanned,Closed,2026-09-17T00:20:49Z,2026-09-17T01:15:49Z,55
1941321,Border,CITY AMRITSAR,11 KV Gurbux Nagar,Unplanned,Closed,2026-09-17T00:20:49Z,2026-09-17T01:15:49Z,55
1941320,Border,CITY AMRITSAR,11 KV Katra Mohar Singh,Unplanned,Closed,2026-09-17T00:20:49Z,2026-09-17T01:15:49Z,55
1941319,Border,CITY AMRITSAR,11 KV Chabbal Road,Unplanned,Closed,2026-09-17T00:20:49Z,2026-09-17T01:15:49Z,55
1941318,Border,CITY AMRITSAR,11 KV SAHIBZADA FATEH SINGH,Unplanned,Closed,2026-09-17T00:20:49Z,2026-09-17T01:15:49Z,55
1941317,Border,CITY AMRITSAR,11 KV Tunda Talab,Unplanned,Closed,2026-09-17T00:20:49Z,2026-09-17T01:15:49Z,55
1941316,Border,CITY AMRITSAR,Beri Gate,Unplanned,Closed,2026-09-17T00:20:49Z,2026-09-17T01:15:49Z,55
1941315,Border,CITY AMRITSAR,11 KV Lahori Gate,Unplanned,Closed,2026-09-17T00:20:49Z,2026-09-17T01:15:49Z,55
1941314,Border,CITY AMRITSAR,11 KV Bhathian,Unplanned,Closed,2026-09-17T00:20:49Z,2026-09-17T01:15:49Z,55
1941313,Border,CITY AMRITSAR,11 KV Peer Shah Road,Unplanned,Closed,2026-09-17T00:20:49Z,2026-09-17T03:00:49Z,160
1941312,Border,CITY AMRITSAR,11 KV Dhab Tilli Bhanna,Unplanned,Closed,2026-09-17T00:20:49Z,2026-09-17T01:15:49Z,55
1941311,Border,CITY AMRITSAR,11 KV disposal,Unplanned,Closed,2026-09-17T00:20:49Z,2026-09-17T01:15:49Z,55
1941310,Border,CITY AMRITSAR,11 KV Bhagtawala,Unplanned,Closed,2026-09-17T00:20:49Z,2026-09-17T01:15:49Z,55
1941340,Border,CITY AMRITSAR,11 KV Feeder Tunda Talab,Unplanned,Closed,2026-09-17T00:20:24Z,2026-09-17T01:15:24Z,55
1941339,Border,CITY AMRITSAR,11 KV Feeder Kt. Mohar Singh,Unplanned,Closed,2026-09-17T00:20:24Z,2026-09-17T01:15:24Z,55
1941338,Border,CITY AMRITSAR,11 KV Durgiana Temple,Unplanned,Closed,2026-09-17T00:20:24Z,2026-09-17T01:15:24Z,55
1941337,Border,CITY AMRITSAR,11Kv Katra Jaimal singh,Unplanned,Closed,2026-09-17T00:20:24Z,2026-09-17T01:15:24Z,55
1941336,Border,CITY AMRITSAR,11KvTobha Bhai Salo,Unplanned,Closed,2026-09-17T00:20:24Z,2026-09-17T01:15:24Z,55
1941335,Border,CITY AMRITSAR,11kv kt sher singh Duplicate,Unplanned,Closed,2026-09-17T00:20:24Z,2026-09-17T01:15:24Z,55
1941334,Border,CITY AMRITSAR,B-K DUTT Gate,Unplanned,Closed,2026-09-17T00:20:24Z,2026-09-17T01:15:24Z,55
1941333,Border,CITY AMRITSAR,SUBHASH PARK,Unplanned,Closed,2026-09-17T00:20:24Z,2026-09-17T01:21:24Z,61
1941332,Border,CITY AMRITSAR,11 KV Beri gate,Unplanned,Closed,2026-09-17T00:20:24Z,2026-09-17T01:15:24Z,55
1941331,Border,CITY AMRITSAR,11KvKatra Sher Singh,Unplanned,Closed,2026-09-17T00:20:24Z,2026-09-17T01:15:24Z,55
1941330,Border,CITY AMRITSAR,11KvGoal Bagh,Unplanned,Closed,2026-09-17T00:20:24Z,2026-09-17T01:15:24Z,55
1941329,Border,CITY AMRITSAR,11Kv Gagar Mal,Unplanned,Closed,2026-09-17T00:20:24Z,2026-09-17T01:15:24Z,55
1941328,Border,CITY AMRITSAR,11Kv Katra Moti Ram,Unplanned,Closed,2026-09-17T00:20:24Z,2026-09-17T01:15:24Z,55
1941505,Border,SUB URBAN AMRITSAR,VERKA IND.2,Unplanned,Closed,2026-09-17T00:20:00Z,2026-09-17T07:29:00Z,429
1941503,Border,SUB URBAN AMRITSAR,VERKA IND.1,Unplanned,Closed,2026-09-17T00:20:00Z,2026-09-17T04:00:00Z,220
1941502,Border,SUB URBAN AMRITSAR,GURUDWARA NANAKSAR,Unplanned,Closed,2026-09-17T00:20:00Z,2026-09-17T04:00:00Z,220
1941501,Border,SUB URBAN AMRITSAR,GURU NAGAR,Unplanned,Closed,2026-09-17T00:20:00Z,2026-09-17T04:00:00Z,220
1941257,West,FARIDKOT,11KV NEW HARINDERA NAGAR,Unplanned,Closed,2026-09-17T00:20:00Z,2026-09-17T02:07:00Z,107
1941345,West,FARIDKOT,CITY,Unplanned,Closed,2026-09-17T00:18:32Z,2026-09-17T01:55:12Z,96
1941254,West,FARIDKOT,11KV MACHAKI MAL SINGH UPS,Unplanned,Closed,2026-09-17T00:15:50Z,2026-09-17T02:01:56Z,106
1941307,Border,CITY AMRITSAR,GIS GOLDEN TEMPLE,Unplanned,Closed,2026-09-17T00:15:03Z,2026-09-17T00:48:03Z,33
1941306,Border,CITY AMRITSAR,baba bhori wala,Unplanned,Closed,2026-09-17T00:15:03Z,2026-09-17T00:48:03Z,33
1941305,Border,CITY AMRITSAR,LAKKAR MANDI,Unplanned,Closed,2026-09-17T00:15:03Z,2026-09-17T00:48:03Z,33
1941355,South,BARNALA,Tapa-II,Unplanned,Closed,2026-09-17T00:15:00Z,2026-09-17T01:15:00Z,60
1941347,West,BATHINDA,LEHRI,Unplanned,Closed,2026-09-17T00:15:00Z,2026-09-17T07:10:00Z,415
1941256,West,MUKATSAR,11 KV SIDHU NAGRI,Unplanned,Closed,2026-09-17T00:14:00Z,2026-09-17T01:24:00Z,70
1941255,West,MUKATSAR,11 KV KANDHWALA Road Urban,Unplanned,Closed,2026-09-17T00:14:00Z,2026-09-17T01:24:00Z,70
1941261,South,BARNALA,Chappa UPS,Unplanned,Closed,2026-09-17T00:10:00Z,2026-09-17T06:22:00Z,372
1941253,West,BATHINDA,COURT,Unplanned,Closed,2026-09-17T00:10:00Z,2026-09-17T06:05:00Z,355
1941243,West,FARIDKOT,Nigaha Road,Unplanned,Closed,2026-09-17T00:09:22Z,2026-09-17T02:00:28Z,111
1941242,West,FARIDKOT,CITY MOGA,Unplanned,Closed,2026-09-17T00:09:22Z,2026-09-17T02:00:28Z,111
1941484,West,BATHINDA,GURUSAR,Unplanned,Closed,2026-09-17T00:05:00Z,2026-09-17T08:06:00Z,481
1941354,South,BARNALA,B.B.ROAD,Unplanned,Closed,2026-09-17T00:05:00Z,2026-09-17T04:55:00Z,290
1941252,West,BATHINDA,College Road,Unplanned,Closed,2026-09-17T00:05:00Z,2026-09-17T06:12:00Z,367
1941241,West,FARIDKOT,Guru Ram Dass Nagar,Unplanned,Closed,2026-09-17T00:04:04Z,2026-09-17T00:14:49Z,10
1941342,West,BATHINDA,Sirsa Road,Unplanned,Closed,2026-09-17T00:04:00Z,2026-09-17T06:00:00Z,356
1941341,West,BATHINDA,ALLIKE,Unplanned,Closed,2026-09-17T00:02:30Z,2026-09-17T05:55:02Z,352
1941260,West,FEROZPUR,DANA MANDI,Unplanned,Closed,2026-09-17T00:02:00Z,2026-09-17T04:50:00Z,288
1941251,West,FARIDKOT,Qila Nau,Unplanned,Closed,2026-09-17T00:01:27Z,2026-09-17T01:50:00Z,108
1941250,West,FARIDKOT,SUKHANWALA,Unplanned,Closed,2026-09-17T00:01:27Z,2026-09-17T07:10:45Z,429
1941249,West,FARIDKOT,DANA ROMANA,Unplanned,Closed,2026-09-17T00:01:27Z,2026-09-17T06:30:58Z,389
1941478,West,BATHINDA,MAUR ROAD,Unplanned,Closed,2026-09-17T00:01:00Z,2026-09-17T06:44:00Z,403
1941477,West,BATHINDA,MALKANA,Unplanned,Active,2026-09-17T00:01:00Z,2026-09-17T02:01:00Z,120
1941476,West,BATHINDA,TEONA PUJARIAN,Unplanned,Closed,2026-09-17T00:01:00Z,2026-09-17T02:01:00Z,120
1941475,West,BATHINDA,LELEWALA,Unplanned,Closed,2026-09-17T00:01:00Z,2026-09-17T11:04:00Z,663
1941245,West,FARIDKOT,Arvind Nagar Feeder,Unplanned,Closed,2026-09-17T00:01:00Z,2026-09-17T00:38:00Z,37
1941240,West,FARIDKOT,GOLEWALA,Unplanned,Closed,2026-09-17T00:01:00Z,2026-09-17T01:31:42Z,90
