outage_id,Zone,Circle,Feeder,Type of Outage,Status,Start Time,End Time,Diff in mins
1844295,West,BATHINDA,RAMPURA,Planned,Active,2026-05-14T13:30:00Z,2026-05-14T17:00:00Z,210
1844416,East,ROPAR,KHANPUR,Planned,Active,2026-05-14T13:00:54Z,2026-05-14T16:00:54Z,180
1844415,East,ROPAR,ANAJ MANDI,Planned,Active,2026-05-14T13:00:54Z,2026-05-14T16:00:54Z,180
1844414,East,ROPAR,CHANDO,Planned,Active,2026-05-14T13:00:54Z,2026-05-14T16:00:54Z,180
1844413,East,ROPAR,Ambika Devi,Planned,Active,2026-05-14T13:00:54Z,2026-05-14T16:00:54Z,180
1844412,East,ROPAR,11 KV Aujla,Planned,Active,2026-05-14T13:00:54Z,2026-05-14T16:00:54Z,180
1844411,East,ROPAR,11KV GBP FEEDER,Planned,Active,2026-05-14T13:00:54Z,2026-05-14T16:00:54Z,180
1844410,East,ROPAR,UPS BHAGOMAJRA,Planned,Active,2026-05-14T13:00:54Z,2026-05-14T16:00:54Z,180
1844409,East,ROPAR,11kv Station T/F-2,Planned,Active,2026-05-14T13:00:54Z,2026-05-14T16:00:54Z,180
1844408,East,ROPAR,Sehauran,Planned,Active,2026-05-14T13:00:54Z,2026-05-14T16:00:54Z,180
1844407,East,ROPAR,CITY KHARAR,Planned,Active,2026-05-14T13:00:54Z,2026-05-14T16:00:54Z,180
1844406,East,ROPAR,RADIALA,Planned,Active,2026-05-14T13:00:54Z,2026-05-14T16:00:54Z,180
1844405,East,ROPAR,Rangian,Planned,Active,2026-05-14T13:00:54Z,2026-05-14T16:00:54Z,180
1844404,East,ROPAR,HOSPITAL,Planned,Active,2026-05-14T13:00:54Z,2026-05-14T16:00:54Z,180
1844403,East,ROPAR,Ranjit Nagar,Planned,Active,2026-05-14T13:00:54Z,2026-05-14T16:00:54Z,180
1844402,East,ROPAR,RORA,Planned,Active,2026-05-14T13:00:54Z,2026-05-14T16:00:54Z,180
1842094,East,ROPAR,MODLE  TOWN,Planned,Active,2026-05-14T13:00:22Z,2026-05-14T15:00:22Z,120
1842093,East,ROPAR,Dashmesh Nagar,Planned,Active,2026-05-14T13:00:22Z,2026-05-14T15:00:22Z,120
1842092,East,ROPAR,MUNDI KHARAR,Planned,Active,2026-05-14T13:00:22Z,2026-05-14T15:00:22Z,120
1842091,East,ROPAR,SHIVJOT,Planned,Active,2026-05-14T13:00:22Z,2026-05-14T15:00:22Z,120
1842090,East,ROPAR,KTM,Planned,Active,2026-05-14T13:00:22Z,2026-05-14T15:00:22Z,120
1844769,Central,KHANNA,Solitair,Planned,Active,2026-05-14T12:30:04Z,2026-05-14T13:59:16Z,89
1844770,Central,KHANNA,Tooran,Planned,Active,2026-05-14T12:30:01Z,2026-05-14T13:59:48Z,89
1844768,North,JALANDHAR,KURALI,Unplanned,Active,2026-05-14T11:30:00Z,2026-05-14T12:45:00Z,75
1844772,South,SANGRUR,11 KV TOGAWAL AP,Unplanned,Active,2026-05-14T11:28:01Z,2026-05-14T12:30:13Z,62
1844767,Border,GURDASPUR,Tharial,Unplanned,Active,2026-05-14T11:24:00Z,2026-05-14T14:00:00Z,156
1844756,North,JALANDHAR,11 KV GROVER COLONY,Planned,Active,2026-05-14T11:23:00Z,2026-05-14T13:02:00Z,99
1844764,West,BATHINDA,Chanarthal,Unplanned,Active,2026-05-14T11:20:00Z,2026-05-14T16:00:00Z,280
1844761,North,KAPURTHALA,Pattar Kalan,Unplanned,Active,2026-05-14T11:20:00Z,2026-05-14T11:40:00Z,20
1844760,North,HOSHIARPUR,DATARPUR,Unplanned,Active,2026-05-14T11:20:00Z,2026-05-14T12:09:00Z,49
1844755,West,BATHINDA,JETHUKE,Planned,Active,2026-05-14T11:20:00Z,2026-05-14T12:45:00Z,85
1844743,West,BATHINDA,BUDHLADA ROAD URBAN,Planned,Active,2026-05-14T11:20:00Z,2026-05-14T14:00:00Z,160
1844753,Central,CITY EAST LUDHIANA,Chand Cinema,Unplanned,Active,2026-05-14T11:18:00Z,2026-05-14T12:28:00Z,70
1844766,East,MOHALI,MATHIARAN,Unplanned,Active,2026-05-14T11:15:00Z,2026-05-14T12:26:57Z,71
1844763,North,NAWANSHAHR,11KV BHEEN (Urban),Unplanned,Active,2026-05-14T11:15:00Z,2026-05-14T14:00:00Z,165
1844762,North,JALANDHAR,EKTA NAGAR,Unplanned,Active,2026-05-14T11:15:00Z,2026-05-14T13:00:00Z,105
1844759,North,NAWANSHAHR,11KV GUJJARPUR,Planned,Active,2026-05-14T11:15:00Z,2026-05-14T14:00:00Z,165
1844758,North,NAWANSHAHR,FOCAL POINT,Unplanned,Active,2026-05-14T11:15:00Z,2026-05-14T13:00:00Z,105
1844752,Border,GURDASPUR,Sujanpur,Unplanned,Active,2026-05-14T11:15:00Z,2026-05-14T14:00:00Z,165
1844750,Border,GURDASPUR,Bhumbli,Unplanned,Active,2026-05-14T11:15:00Z,2026-05-14T14:00:00Z,165
1844749,Border,GURDASPUR,Khundi,Unplanned,Active,2026-05-14T11:15:00Z,2026-05-14T14:00:00Z,165
1844744,Central,CITY WEST LUDHIANA,HIGHWAY FEEDER,Unplanned,Active,2026-05-14T11:14:53Z,2026-05-14T12:14:57Z,60
1844754,East,ROPAR,SAIDPUR,Unplanned,Active,2026-05-14T11:13:00Z,2026-05-14T15:00:00Z,227
1844771,East,MOHALI,11KV NADIALI AP,Unplanned,Active,2026-05-14T11:10:00Z,2026-05-14T12:30:12Z,80
1844748,South,PATIALA,UPS PAWALA,Unplanned,Active,2026-05-14T11:10:00Z,2026-05-14T14:00:00Z,170
1844746,North,KAPURTHALA,Khaira Majjha,Unplanned,Active,2026-05-14T11:10:00Z,2026-05-14T12:00:00Z,50
1844740,North,KAPURTHALA,Civil Hospital,Unplanned,Active,2026-05-14T11:10:00Z,2026-05-14T13:05:00Z,115
1844738,Border,TARN TARAN,KOT DASANDI MAL,Unplanned,Active,2026-05-14T11:09:55Z,2026-05-14T13:41:05Z,151
1844737,Border,TARN TARAN,24 HRS UPS,Unplanned,Active,2026-05-14T11:09:27Z,2026-05-14T13:40:41Z,151
1844739,Border,TARN TARAN,KHARA,Unplanned,Active,2026-05-14T11:09:25Z,2026-05-14T13:41:35Z,152
1844765,East,MOHALI,HULKA UPS,Unplanned,Active,2026-05-14T11:09:00Z,2026-05-14T12:26:24Z,77
1844757,East,MOHALI,11KV 66B,Unplanned,Closed,2026-05-14T11:09:00Z,2026-05-14T11:24:49Z,15
1844745,West,BATHINDA,BHAGU,Planned,Active,2026-05-14T11:08:00Z,2026-05-14T15:00:00Z,232
1844735,West,MUKATSAR,PANJKOSI,Unplanned,Active,2026-05-14T11:07:36Z,2026-05-14T11:39:45Z,32
1844734,West,MUKATSAR,HARIPURA,Unplanned,Active,2026-05-14T11:07:04Z,2026-05-14T11:39:16Z,32
1844736,North,NAWANSHAHR,KARIMPUR DHIANI,Unplanned,Active,2026-05-14T11:05:00Z,2026-05-14T13:00:00Z,115
1844732,Central,KHANNA,Jindalpur,Unplanned,Active,2026-05-14T11:04:00Z,2026-05-14T14:00:00Z,176
1844751,North,NAWANSHAHR,NIGHI,Unplanned,Active,2026-05-14T11:02:00Z,2026-05-14T13:00:00Z,118
1844733,South,SANGRUR,City-I,Unplanned,Closed,2026-05-14T11:02:00Z,2026-05-14T11:29:00Z,27
1844741,West,MUKATSAR,Namdev Nagar,Unplanned,Active,2026-05-14T11:00:00Z,2026-05-14T12:00:00Z,60
1844728,North,JALANDHAR,SANJAY GANDHI NAGAR,Planned,Closed,2026-05-14T11:00:00Z,2026-05-14T11:11:00Z,11
1844707,North,JALANDHAR,ASHOK VIHAR,Planned,Active,2026-05-14T11:00:00Z,2026-05-14T13:00:00Z,120
1844082,Central,CITY WEST LUDHIANA,SATPAL MITTAL,Planned,Active,2026-05-14T11:00:00Z,2026-05-14T13:00:00Z,120
1844747,Central,KHANNA,Hargana,Unplanned,Active,2026-05-14T10:59:00Z,2026-05-14T14:00:00Z,181
1844729,Border,CITY AMRITSAR,11 KV Bhai Gurdas Ji Nagar,Unplanned,Active,2026-05-14T10:58:00Z,2026-05-14T12:00:00Z,62
1844727,East,ROPAR,BAINS,Unplanned,Closed,2026-05-14T10:58:00Z,2026-05-14T11:05:00Z,7
1844723,Central,CITY WEST LUDHIANA,STAR ROAD FEEDER,Unplanned,Active,2026-05-14T10:55:48Z,2026-05-14T11:57:54Z,62
1844722,West,MUKATSAR,11 KV KIKKER KHERA,Unplanned,Closed,2026-05-14T10:55:27Z,2026-05-14T11:22:11Z,26
1844726,South,SANGRUR,NICS,Unplanned,Active,2026-05-14T10:55:00Z,2026-05-14T14:00:00Z,185
1844725,South,SANGRUR,COLLEGE ROAD,Unplanned,Active,2026-05-14T10:55:00Z,2026-05-14T14:00:00Z,185
1844717,Central,KHANNA,GO Steel,Planned,Active,2026-05-14T10:53:00Z,2026-05-14T11:30:00Z,37
1844718,East,Zirakpur,LALRU RURAL  Kandi Pure AP,Unplanned,Active,2026-05-14T10:52:00Z,2026-05-14T11:20:00Z,28
1844716,North,NAWANSHAHR,CHANDIANI,Unplanned,Active,2026-05-14T10:52:00Z,2026-05-14T13:00:00Z,128
1844742,North,NAWANSHAHR,Rurka Kalan,Planned,Active,2026-05-14T10:50:00Z,2026-05-14T15:00:00Z,250
1844730,North,HOSHIARPUR,Bhagowal,Unplanned,Active,2026-05-14T10:50:00Z,2026-05-14T12:00:00Z,70
1844721,West,BATHINDA,LINK ROAD,Planned,Active,2026-05-14T10:50:00Z,2026-05-14T15:00:00Z,250
1844703,North,NAWANSHAHR,SAMMUNDRA .,Planned,Active,2026-05-14T10:50:00Z,2026-05-14T14:00:00Z,190
1844720,North,JALANDHAR,COMPANY BHAG,Unplanned,Closed,2026-05-14T10:48:00Z,2026-05-14T11:10:00Z,22
1844731,East,MOHALI,11KV MK TECHNOLOGY,Unplanned,Active,2026-05-14T10:45:00Z,2026-05-14T12:00:00Z,75
1844724,North,JALANDHAR,AWANA,Unplanned,Active,2026-05-14T10:45:00Z,2026-05-14T12:00:00Z,75
1844714,North,NAWANSHAHR,DAULATPUR,Planned,Active,2026-05-14T10:45:00Z,2026-05-14T14:00:00Z,195
1844713,North,NAWANSHAHR,11 KV Usmanpur,Planned,Active,2026-05-14T10:45:00Z,2026-05-14T14:00:00Z,195
1844711,East,ROPAR,TIBBA TAPPRIAN,Unplanned,Closed,2026-05-14T10:45:00Z,2026-05-14T11:05:00Z,20
1844696,North,NAWANSHAHR,CHAUHRA,Planned,Active,2026-05-14T10:45:00Z,2026-05-14T14:00:00Z,195
1844706,West,FARIDKOT,ITI,Unplanned,Active,2026-05-14T10:44:45Z,2026-05-14T12:00:00Z,75
1844705,West,FARIDKOT,SHAHEED BHAGAT SINGH NAGAR,Unplanned,Active,2026-05-14T10:44:45Z,2026-05-14T12:00:00Z,75
1844715,North,JALANDHAR,11KV LAXMI PURA,Unplanned,Closed,2026-05-14T10:44:00Z,2026-05-14T11:05:00Z,21
1844701,South,PATIALA,11 KV RADHA SWAMI ROAD,Unplanned,Active,2026-05-14T10:42:00Z,2026-05-14T15:00:00Z,258
1844695,Border,GURDASPUR,ARYA NAGAR,Unplanned,Active,2026-05-14T10:41:00Z,2026-05-14T11:30:00Z,49
1844710,North,HOSHIARPUR,Ahiapur,Unplanned,Active,2026-05-14T10:40:00Z,2026-05-14T12:00:00Z,80
1844709,Border,TARN TARAN,BIHARIPUR UPS,Unplanned,Active,2026-05-14T10:40:00Z,2026-05-14T15:00:00Z,260
1844708,North,HOSHIARPUR,PANWAN,Unplanned,Active,2026-05-14T10:40:00Z,2026-05-14T11:40:00Z,60
1844704,North,HOSHIARPUR,11KV MILK PLANT,Unplanned,Closed,2026-05-14T10:40:00Z,2026-05-14T11:10:00Z,30
1844699,Border,GURDASPUR,Bamial 24hrs,Unplanned,Active,2026-05-14T10:40:00Z,2026-05-14T13:00:00Z,140
1844697,Border,GURDASPUR,BOP Tash,Unplanned,Closed,2026-05-14T10:40:00Z,2026-05-14T10:45:00Z,5
1844683,South,SANGRUR,Akoi Sahab,Unplanned,Active,2026-05-14T10:36:24Z,2026-05-14T12:06:39Z,90
1842563,North,NAWANSHAHR,Phagwara road,Planned,Active,2026-05-14T10:35:20Z,2026-05-14T14:00:20Z,205
1842560,North,NAWANSHAHR,Mauli,Planned,Active,2026-05-14T10:35:20Z,2026-05-14T14:00:20Z,205
1844680,Border,CITY AMRITSAR,SULTANWIND ROAD,Planned,Active,2026-05-14T10:35:00Z,2026-05-14T12:00:00Z,85
1844685,Central,CITY EAST LUDHIANA,GAU SHALA,Planned,Active,2026-05-14T10:31:00Z,2026-05-14T12:18:00Z,107
1844719,Border,SUB URBAN AMRITSAR,Joga Singh Wala,Planned,Active,2026-05-14T10:30:00Z,2026-05-14T13:00:00Z,150
1844712,North,NAWANSHAHR,11kv Behloor Kalan,Planned,Active,2026-05-14T10:30:00Z,2026-05-14T14:00:00Z,210
1844679,North,HOSHIARPUR,MHP2,Unplanned,Closed,2026-05-14T10:30:00Z,2026-05-14T10:47:00Z,17
1843762,South,PATIALA,Deep nagar,Planned,Active,2026-05-14T10:30:00Z,2026-05-14T14:30:00Z,240
1844678,East,ROPAR,JHANDIAN,Unplanned,Active,2026-05-14T10:28:00Z,2026-05-14T13:00:00Z,152
1844671,West,MUKATSAR,11 KV Raipura,Unplanned,Closed,2026-05-14T10:25:06Z,2026-05-14T10:33:03Z,7
1844692,Border,CITY AMRITSAR,BABA BUDHA JI,Unplanned,Active,2026-05-14T10:25:00Z,2026-05-14T11:37:00Z,72
1844681,North,NAWANSHAHR,BALLOWAL,Unplanned,Active,2026-05-14T10:25:00Z,2026-05-14T12:00:00Z,95
1844670,West,MUKATSAR,11 KV Kera Khera,Unplanned,Closed,2026-05-14T10:25:00Z,2026-05-14T10:33:11Z,8
1844675,West,MUKATSAR,BOP Mauzam Forward,Unplanned,Closed,2026-05-14T10:24:00Z,2026-05-14T11:20:00Z,56
1844661,North,NAWANSHAHR,CITY GARHSHANKAR-2,Unplanned,Closed,2026-05-14T10:22:00Z,2026-05-14T11:04:00Z,42
1844647,Border,SUB URBAN AMRITSAR,SUGAR MILL,Planned,Active,2026-05-14T10:20:20Z,2026-05-14T14:14:20Z,234
1844646,Border,SUB URBAN AMRITSAR,Amir Chand  Exports,Planned,Active,2026-05-14T10:20:20Z,2026-05-14T14:14:20Z,234
1844645,Border,SUB URBAN AMRITSAR,RANEWALI UPS,Planned,Active,2026-05-14T10:20:20Z,2026-05-14T14:14:20Z,234
1844677,South,BARNALA,Handiaya Bazar,Unplanned,Active,2026-05-14T10:20:00Z,2026-05-14T12:00:00Z,100
1844674,North,NAWANSHAHR,CHANDIANI,Unplanned,Closed,2026-05-14T10:20:00Z,2026-05-14T10:35:00Z,15
1844669,North,HOSHIARPUR,11 KV Bassi Maroof,Unplanned,Active,2026-05-14T10:20:00Z,2026-05-14T11:00:00Z,40
1844663,South,PATIALA,BSNL,Unplanned,Closed,2026-05-14T10:20:00Z,2026-05-14T10:39:00Z,19
1844658,Central,KHANNA,Motia Khan,Unplanned,Active,2026-05-14T10:20:00Z,2026-05-14T11:45:00Z,85
1844665,Border,GURDASPUR,Dera Baba Nanak Road,Unplanned,Active,2026-05-14T10:19:00Z,2026-05-14T13:00:00Z,161
1844667,West,FARIDKOT,SAHIBZADA AJIT SINGH NAGAR,Unplanned,Active,2026-05-14T10:17:16Z,2026-05-14T12:00:00Z,102
1844638,South,PATIALA,City Badshahpur,Planned,Active,2026-05-14T10:16:00Z,2026-05-14T11:16:00Z,60
1844673,East,MOHALI,11KV DHELPUR,Unplanned,Closed,2026-05-14T10:15:00Z,2026-05-14T10:35:52Z,20
1844668,North,HOSHIARPUR,KHIZARPUR,Unplanned,Closed,2026-05-14T10:15:00Z,2026-05-14T10:42:00Z,27
1844654,North,NAWANSHAHR,CHAK GURU,Unplanned,Closed,2026-05-14T10:15:00Z,2026-05-14T11:15:00Z,60
1844653,North,NAWANSHAHR,NANGLAN,Unplanned,Closed,2026-05-14T10:15:00Z,2026-05-14T11:15:00Z,60
1844651,Central,KHANNA,Kamal,Unplanned,Active,2026-05-14T10:15:00Z,2026-05-14T12:00:00Z,105
1844650,Central,KHANNA,Kotla,Unplanned,Active,2026-05-14T10:15:00Z,2026-05-14T12:00:00Z,105
1844676,Border,SUB URBAN AMRITSAR,Judge Nagar,Unplanned,Active,2026-05-14T10:14:00Z,2026-05-14T12:11:00Z,117
1844652,Central,KHANNA,MALERKOTLA ROAD,Unplanned,Active,2026-05-14T10:14:00Z,2026-05-14T13:00:00Z,166
1844693,Border,GURDASPUR,CHANDU WADALA,Unplanned,Active,2026-05-14T10:10:00Z,2026-05-14T13:00:00Z,170
1844632,East,Zirakpur,LALRU MANDI,Planned,Closed,2026-05-14T10:10:00Z,2026-05-14T10:50:00Z,40
1844631,North,NAWANSHAHR,11 KV MANDI CAT 1,Planned,Active,2026-05-14T10:10:00Z,2026-05-14T14:00:00Z,230
1844630,North,NAWANSHAHR,Samrari,Planned,Active,2026-05-14T10:10:00Z,2026-05-14T14:00:00Z,230
1844636,West,FEROZPUR,ZIRA ROAD,Unplanned,Closed,2026-05-14T10:06:00Z,2026-05-14T10:15:00Z,9
1844635,West,FEROZPUR,COURT FEEDER,Unplanned,Closed,2026-05-14T10:06:00Z,2026-05-14T10:17:00Z,11
1844634,West,FEROZPUR,AMAR TAKIS,Unplanned,Closed,2026-05-14T10:06:00Z,2026-05-14T10:15:00Z,9
1844633,West,FEROZPUR,CANTT FEEDER,Unplanned,Closed,2026-05-14T10:06:00Z,2026-05-14T10:15:00Z,9
1844628,North,NAWANSHAHR,UPS-2,Unplanned,Closed,2026-05-14T10:05:27Z,2026-05-14T10:13:30Z,8
1844694,Border,SUB URBAN AMRITSAR,UPS/ MANAWALA,Unplanned,Active,2026-05-14T10:05:00Z,2026-05-14T12:00:00Z,115
1844655,South,SANGRUR,UBHIA UPS,Unplanned,Closed,2026-05-14T10:05:00Z,2026-05-14T10:25:00Z,20
1844659,West,FARIDKOT,Zira Road,Unplanned,Active,2026-05-14T10:04:03Z,2026-05-14T12:00:00Z,115
1844657,West,FARIDKOT,11 SODHI NAGAR URBAN,Unplanned,Active,2026-05-14T10:04:03Z,2026-05-14T12:00:00Z,115
1844656,West,FARIDKOT,FCI URBAN,Unplanned,Active,2026-05-14T10:04:03Z,2026-05-14T12:00:00Z,115
1844066,Border,TARN TARAN,KARTARRPUR UPS,Planned,Active,2026-05-14T10:01:58Z,2026-05-14T17:00:58Z,419
1844065,Border,TARN TARAN,BUTALA UPS,Planned,Active,2026-05-14T10:01:58Z,2026-05-14T17:00:58Z,419
1844629,South,SANGRUR,11 KV NAVA BAZAR C-1,Unplanned,Closed,2026-05-14T10:01:00Z,2026-05-14T10:50:00Z,49
1843517,South,PATIALA,Prem Nagar Feeder,Planned,Active,2026-05-14T10:01:00Z,2026-05-14T13:30:00Z,209
1844385,Border,TARN TARAN,RAYYA KHURD,Planned,Active,2026-05-14T10:00:53Z,2026-05-14T17:00:53Z,420
1844384,Border,TARN TARAN,BEAS CITY,Planned,Active,2026-05-14T10:00:53Z,2026-05-14T17:00:53Z,420
1844383,Border,TARN TARAN,RAILWAY STATION-II,Planned,Active,2026-05-14T10:00:53Z,2026-05-14T17:00:53Z,420
1844382,Border,TARN TARAN,Baba Bakala,Planned,Active,2026-05-14T10:00:53Z,2026-05-14T17:00:53Z,420
1844381,Border,TARN TARAN,RAYYA BACK FEEDING,Planned,Active,2026-05-14T10:00:53Z,2026-05-14T17:00:53Z,420
1844380,Border,TARN TARAN,KOT MEHTAB URBAN,Planned,Active,2026-05-14T10:00:53Z,2026-05-14T17:00:53Z,420
1844379,Border,TARN TARAN,MSSC HOSPITAL,Planned,Active,2026-05-14T10:00:53Z,2026-05-14T17:00:53Z,420
1844378,Border,TARN TARAN,MES-I,Planned,Active,2026-05-14T10:00:53Z,2026-05-14T17:00:53Z,420
1844400,Border,TARN TARAN,CIVILHOSPITAL HOTLINE B/BAKALA,Planned,Active,2026-05-14T10:00:52Z,2026-05-14T17:00:52Z,420
1844399,Border,TARN TARAN,BABA BHATA,Planned,Active,2026-05-14T10:00:52Z,2026-05-14T17:00:52Z,420
1844398,Border,TARN TARAN,THATHIAN UPS,Planned,Active,2026-05-14T10:00:52Z,2026-05-14T17:00:52Z,420
1844397,Border,TARN TARAN,SATHIALA URBAN,Planned,Active,2026-05-14T10:00:52Z,2026-05-14T17:00:52Z,420
1844396,Border,TARN TARAN,RANA SUGAR MILL,Planned,Active,2026-05-14T10:00:52Z,2026-05-14T17:00:52Z,420
1844395,Border,TARN TARAN,BUTALA URBAN,Planned,Active,2026-05-14T10:00:52Z,2026-05-14T17:00:52Z,420
1844421,Border,TARN TARAN,DARAPUR,Planned,Active,2026-05-14T10:00:49Z,2026-05-14T17:00:49Z,420
1844420,Border,TARN TARAN,MIANWIND URBAN,Planned,Active,2026-05-14T10:00:49Z,2026-05-14T17:00:49Z,420
1844419,Border,TARN TARAN,Mallah,Planned,Active,2026-05-14T10:00:49Z,2026-05-14T17:00:49Z,420
1844418,Border,TARN TARAN,NAGOKE URBAN,Planned,Active,2026-05-14T10:00:49Z,2026-05-14T17:00:49Z,420
1844417,Border,TARN TARAN,Botelkiri,Planned,Active,2026-05-14T10:00:49Z,2026-05-14T17:00:49Z,420
1844390,Border,TARN TARAN,Bodewal  UPS,Planned,Active,2026-05-14T10:00:49Z,2026-05-14T17:00:49Z,420
1844389,Border,TARN TARAN,Paddey,Planned,Active,2026-05-14T10:00:49Z,2026-05-14T17:00:49Z,420
1844388,Border,TARN TARAN,LIDHAR,Planned,Active,2026-05-14T10:00:49Z,2026-05-14T17:00:49Z,420
1844387,Border,TARN TARAN,BAHADARPUR,Planned,Active,2026-05-14T10:00:49Z,2026-05-14T17:00:49Z,420
1843993,Border,TARN TARAN,UPS SAIDPUR,Planned,Active,2026-05-14T10:00:49Z,2026-05-14T14:00:49Z,240
1843992,Border,TARN TARAN,UPS PANGOTA,Planned,Active,2026-05-14T10:00:49Z,2026-05-14T14:00:49Z,240
1843991,Border,TARN TARAN,UPS RATTA GUDDA,Planned,Active,2026-05-14T10:00:49Z,2026-05-14T14:00:49Z,240
1843990,Border,TARN TARAN,URBAN PRINGRI,Planned,Active,2026-05-14T10:00:49Z,2026-05-14T14:00:49Z,240
1844394,Border,TARN TARAN,BANIA URBAN,Planned,Active,2026-05-14T10:00:48Z,2026-05-14T17:00:48Z,420
1844393,Border,TARN TARAN,Microwave,Planned,Active,2026-05-14T10:00:48Z,2026-05-14T17:00:48Z,420
1844392,Border,TARN TARAN,BUTARI URBAN,Planned,Active,2026-05-14T10:00:48Z,2026-05-14T17:00:48Z,420
1844391,Border,TARN TARAN,RAYYA URBAN,Planned,Active,2026-05-14T10:00:48Z,2026-05-14T17:00:48Z,420
1844426,Border,TARN TARAN,SAIDPUR URBAN,Planned,Active,2026-05-14T10:00:44Z,2026-05-14T17:00:44Z,420
1844425,Border,TARN TARAN,KOT HAYAT,Planned,Active,2026-05-14T10:00:44Z,2026-05-14T17:00:44Z,420
1844424,Border,TARN TARAN,Sarja UPS,Planned,Active,2026-05-14T10:00:44Z,2026-05-14T17:00:44Z,420
1844423,Border,TARN TARAN,Dera Baba Teja Singh,Planned,Active,2026-05-14T10:00:44Z,2026-05-14T17:00:44Z,420
1844422,Border,TARN TARAN,Dera Saidpur,Planned,Active,2026-05-14T10:00:44Z,2026-05-14T17:00:44Z,420
1843998,Border,TARN TARAN,UPS KIRTOWAL,Planned,Active,2026-05-14T10:00:41Z,2026-05-14T14:00:41Z,240
1843997,Border,TARN TARAN,URBAN MES & HEAD WORKS,Planned,Active,2026-05-14T10:00:41Z,2026-05-14T14:00:41Z,240
1843996,Border,TARN TARAN,UPS JEONEKE,Planned,Active,2026-05-14T10:00:41Z,2026-05-14T14:00:41Z,240
1843995,Border,TARN TARAN,URBAN ADDA HARIKE,Planned,Active,2026-05-14T10:00:41Z,2026-05-14T14:00:41Z,240
1844377,Border,TARN TARAN,UPS KHOOJA FATTA,Planned,Active,2026-05-14T10:00:32Z,2026-05-14T16:00:32Z,360
1844376,Border,TARN TARAN,UPS Baba Risiana Ji,Planned,Active,2026-05-14T10:00:32Z,2026-05-14T16:00:32Z,360
1844375,Border,TARN TARAN,UPS Kacha-Packa,Planned,Active,2026-05-14T10:00:32Z,2026-05-14T16:00:32Z,360
1842562,North,NAWANSHAHR,Ramgarhia,Planned,Active,2026-05-14T10:00:20Z,2026-05-14T14:00:20Z,240
1842559,North,NAWANSHAHR,Amrit Industry,Planned,Active,2026-05-14T10:00:20Z,2026-05-14T14:00:20Z,240
1842558,North,NAWANSHAHR,AIR-1,Planned,Active,2026-05-14T10:00:20Z,2026-05-14T14:00:20Z,240
1842557,North,NAWANSHAHR,G.T. Road,Planned,Active,2026-05-14T10:00:20Z,2026-05-14T14:00:20Z,240
1842556,North,NAWANSHAHR,City-1,Planned,Active,2026-05-14T10:00:20Z,2026-05-14T14:00:20Z,240
1842554,North,NAWANSHAHR,Urban,Planned,Active,2026-05-14T10:00:20Z,2026-05-14T14:00:20Z,240
1842553,North,NAWANSHAHR,City-2,Planned,Active,2026-05-14T10:00:20Z,2026-05-14T14:00:20Z,240
1842552,North,NAWANSHAHR,AIR-2,Planned,Active,2026-05-14T10:00:20Z,2026-05-14T14:00:20Z,240
1844618,Border,TARN TARAN,Piddi,Planned,Active,2026-05-14T10:00:13Z,2026-05-14T14:00:13Z,240
1844617,Border,TARN TARAN,COURT COMPLEX,Planned,Active,2026-05-14T10:00:13Z,2026-05-14T14:00:13Z,240
1844616,Border,TARN TARAN,RASULPUR,Planned,Active,2026-05-14T10:00:13Z,2026-05-14T14:00:13Z,240
1844615,Border,TARN TARAN,JODHPUR UPS,Planned,Active,2026-05-14T10:00:13Z,2026-05-14T14:00:13Z,240
1843983,Border,TARN TARAN,UPS MUGGALWALA,Planned,Active,2026-05-14T10:00:13Z,2026-05-14T14:00:13Z,240
1843982,Border,TARN TARAN,UPS MANIHALA,Planned,Active,2026-05-14T10:00:13Z,2026-05-14T14:00:13Z,240
1843981,Border,TARN TARAN,UPS AHMADPUR,Planned,Active,2026-05-14T10:00:13Z,2026-05-14T14:00:13Z,240
1843980,Border,TARN TARAN,UPS PRAGPURA,Planned,Active,2026-05-14T10:00:13Z,2026-05-14T14:00:13Z,240
1844684,North,KAPURTHALA,URBAN FATTUDHINGA,Planned,Active,2026-05-14T10:00:00Z,2026-05-14T14:00:00Z,240
1844682,North,KAPURTHALA,UPS GURSAR,Planned,Active,2026-05-14T10:00:00Z,2026-05-14T14:00:00Z,240
1844672,North,KAPURTHALA,URBAN CITY,Planned,Active,2026-05-14T10:00:00Z,2026-05-14T13:00:00Z,180
1844666,North,HOSHIARPUR,11 KV INDUSTRIAL NASRAL JAL RD,Planned,Active,2026-05-14T10:00:00Z,2026-05-14T12:00:00Z,120
1844664,Border,GURDASPUR,Gorsiya,Unplanned,Active,2026-05-14T10:00:00Z,2026-05-14T14:00:00Z,240
1844662,Border,GURDASPUR,UPS Feeder,Unplanned,Active,2026-05-14T10:00:00Z,2026-05-14T14:00:00Z,240
1844660,Border,GURDASPUR,Bhaini Mian Khan,Unplanned,Active,2026-05-14T10:00:00Z,2026-05-14T14:00:00Z,240
1844637,East,ROPAR,11KV SEHJO MAJRA UPS,Unplanned,Closed,2026-05-14T10:00:00Z,2026-05-14T10:30:00Z,30
1844624,North,JALANDHAR,MANDI ROAD,Unplanned,Active,2026-05-14T10:00:00Z,2026-05-14T12:00:00Z,120
1844622,North,JALANDHAR,CENTRAL MILL,Unplanned,Active,2026-05-14T10:00:00Z,2026-05-14T12:00:00Z,120
1844621,North,HOSHIARPUR,BADLA,Unplanned,Active,2026-05-14T10:00:00Z,2026-05-14T12:00:00Z,120
1844601,North,NAWANSHAHR,UPS-1,Planned,Active,2026-05-14T10:00:00Z,2026-05-14T14:00:00Z,240
1844594,North,NAWANSHAHR,11 KV MUNNA,Planned,Active,2026-05-14T10:00:00Z,2026-05-14T14:00:00Z,240
1844593,North,NAWANSHAHR,Ladian,Planned,Active,2026-05-14T10:00:00Z,2026-05-14T14:00:00Z,240
1844591,North,NAWANSHAHR,Kaleran,Planned,Active,2026-05-14T10:00:00Z,2026-05-14T14:00:00Z,240
1844564,Border,GURDASPUR,SAILI ROAD,Planned,Active,2026-05-14T10:00:00Z,2026-05-14T14:00:00Z,240
1844560,Border,GURDASPUR,CITY 2,Planned,Active,2026-05-14T10:00:00Z,2026-05-14T14:00:00Z,240
1844553,North,KAPURTHALA,URBAN KALA SANGHIAN,Planned,Active,2026-05-14T10:00:00Z,2026-05-14T13:30:00Z,210
1844552,North,KAPURTHALA,UPS KAMALPUR,Planned,Active,2026-05-14T10:00:00Z,2026-05-14T13:30:00Z,210
1844453,Central,CITY WEST LUDHIANA,KHURANA ROLLING,Planned,Active,2026-05-14T10:00:00Z,2026-05-14T14:00:00Z,240
1844451,Central,CITY WEST LUDHIANA,SAHIB METAL,Planned,Active,2026-05-14T10:00:00Z,2026-05-14T14:00:00Z,240
1844450,Central,CITY WEST LUDHIANA,PREMIUM COMPLEX,Planned,Active,2026-05-14T10:00:00Z,2026-05-14T14:00:00Z,240
1844449,Central,CITY WEST LUDHIANA,SHAROMANI,Planned,Active,2026-05-14T10:00:00Z,2026-05-14T14:00:00Z,240
1844225,Border,SUB URBAN AMRITSAR,11 KV PASSPORT OFFICE,Planned,Active,2026-05-14T10:00:00Z,2026-05-14T14:00:00Z,240
1844223,Border,SUB URBAN AMRITSAR,Holy City,Planned,Active,2026-05-14T10:00:00Z,2026-05-14T14:00:00Z,240
1844222,Border,SUB URBAN AMRITSAR,Kherabad,Planned,Active,2026-05-14T10:00:00Z,2026-05-14T14:00:00Z,240
1844221,Border,SUB URBAN AMRITSAR,Guru AmarDass Avenue,Planned,Active,2026-05-14T10:00:00Z,2026-05-14T14:00:00Z,240
1843280,North,JALANDHAR,NURPUR UPS,Planned,Active,2026-05-14T10:00:00Z,2026-05-14T13:00:00Z,180
1842707,South,BARNALA,SEHNA cat-1,Planned,Active,2026-05-14T10:00:00Z,2026-05-14T14:00:00Z,240
1842679,Border,GURDASPUR,BHOA,Planned,Active,2026-05-14T10:00:00Z,2026-05-14T14:00:00Z,240
1842678,Border,GURDASPUR,Kotli,Planned,Active,2026-05-14T10:00:00Z,2026-05-14T14:00:00Z,240
1842549,Border,GURDASPUR,City SJN,Planned,Active,2026-05-14T10:00:00Z,2026-05-14T14:00:00Z,240
1842547,Border,GURDASPUR,GHO,Planned,Active,2026-05-14T10:00:00Z,2026-05-14T14:00:00Z,240
1842546,Border,GURDASPUR,Model Town,Planned,Active,2026-05-14T10:00:00Z,2026-05-14T14:00:00Z,240
1842545,Border,GURDASPUR,Burma Shell,Planned,Active,2026-05-14T10:00:00Z,2026-05-14T14:00:00Z,240
1842541,Border,GURDASPUR,Anandpur Road,Planned,Active,2026-05-14T10:00:00Z,2026-05-14T14:00:00Z,240
1842540,Border,GURDASPUR,Abrol Nagar,Planned,Active,2026-05-14T10:00:00Z,2026-05-14T14:00:00Z,240
1842486,Central,CITY WEST LUDHIANA,SOKHI FEEDER,Planned,Active,2026-05-14T10:00:00Z,2026-05-14T14:00:00Z,240
1842485,Central,CITY WEST LUDHIANA,NEW JANTA NAGAR,Planned,Active,2026-05-14T10:00:00Z,2026-05-14T14:00:00Z,240
1840869,South,BARNALA,UPS-2,Planned,Active,2026-05-14T10:00:00Z,2026-05-14T14:00:00Z,240
1840867,South,BARNALA,UPS-1,Planned,Active,2026-05-14T10:00:00Z,2026-05-14T14:00:00Z,240
1837468,Border,CITY AMRITSAR,BASANT AVENUE,Planned,Active,2026-05-14T10:00:00Z,2026-05-14T14:00:00Z,240
1844642,East,Zirakpur,11KV BEHRA FEEDER,Unplanned,Closed,2026-05-14T09:59:41Z,2026-05-14T10:40:46Z,41
1844641,East,Zirakpur,PML,Unplanned,Closed,2026-05-14T09:59:18Z,2026-05-14T10:40:27Z,41
1844639,East,Zirakpur,SONA PAPER MILL,Unplanned,Closed,2026-05-14T09:59:05Z,2026-05-14T10:39:17Z,40
1844640,East,Zirakpur,RAM PUR SAINIAN,Unplanned,Closed,2026-05-14T09:58:42Z,2026-05-14T10:40:48Z,42
1844614,North,JALANDHAR,11KV Baba Makhan Shah Lubana,Unplanned,Closed,2026-05-14T09:58:00Z,2026-05-14T10:21:00Z,23
1844627,North,JALANDHAR,DINGRIAN BADALA,Unplanned,Closed,2026-05-14T09:55:00Z,2026-05-14T11:10:00Z,75
1844623,North,NAWANSHAHR,Danduwal,Unplanned,Active,2026-05-14T09:55:00Z,2026-05-14T12:00:00Z,125
1844613,East,ROPAR,HOSPITAL,Unplanned,Closed,2026-05-14T09:51:00Z,2026-05-14T10:00:00Z,9
1844608,West,MUKATSAR,11 KV GADDAN DOB,Unplanned,Closed,2026-05-14T09:50:07Z,2026-05-14T11:05:29Z,75
1844626,North,JALANDHAR,KAPOOR PIND,Unplanned,Active,2026-05-14T09:50:00Z,2026-05-14T12:00:00Z,130
1844625,North,NAWANSHAHR,Dagham,Unplanned,Closed,2026-05-14T09:50:00Z,2026-05-14T10:21:00Z,31
1844620,North,KAPURTHALA,UPS Mustfabad,Unplanned,Active,2026-05-14T09:50:00Z,2026-05-14T13:00:00Z,190
1844619,North,NAWANSHAHR,11 KV Buthgarh,Unplanned,Closed,2026-05-14T09:50:00Z,2026-05-14T10:20:00Z,30
1844612,North,KAPURTHALA,Fazalwal,Unplanned,Closed,2026-05-14T09:50:00Z,2026-05-14T10:05:00Z,15
1844607,North,JALANDHAR,11 KV New Amrit Vihar,Unplanned,Active,2026-05-14T09:50:00Z,2026-05-14T10:20:00Z,30
1844606,North,JALANDHAR,11 KV BABA MOHAN DASS NAGAR,Unplanned,Active,2026-05-14T09:50:00Z,2026-05-14T10:20:00Z,30
1844603,West,MUKATSAR,Sito Road,Unplanned,Active,2026-05-14T09:49:09Z,2026-05-14T11:57:00Z,127
1844649,Border,GURDASPUR,MASTKOT,Unplanned,Closed,2026-05-14T09:49:00Z,2026-05-14T10:05:00Z,16
1844596,East,Zirakpur,JEOLY,Unplanned,Closed,2026-05-14T09:47:39Z,2026-05-14T11:09:54Z,82
1844610,North,KAPURTHALA,UPS TANDA AURA,Unplanned,Closed,2026-05-14T09:45:00Z,2026-05-14T10:23:00Z,38
1844602,Border,TARN TARAN,Adda Bhikhiwind,Planned,Active,2026-05-14T09:45:00Z,2026-05-14T12:00:00Z,135
1844599,Border,TARN TARAN,URBAN BRAHAMPURA,Unplanned,Closed,2026-05-14T09:45:00Z,2026-05-14T10:28:00Z,43
1844592,Central,KHANNA,GT ROAD,Unplanned,Closed,2026-05-14T09:42:00Z,2026-05-14T10:16:00Z,34
1844589,Central,CITY WEST LUDHIANA,11KV KARNA INTERNATIONAL,Planned,Active,2026-05-14T09:41:50Z,2026-05-14T13:00:29Z,198
1844588,Central,CITY WEST LUDHIANA,11KV TREATMENT PLANT,Planned,Active,2026-05-14T09:41:19Z,2026-05-14T13:00:29Z,199
1844587,Central,CITY WEST LUDHIANA,NEW AJIT NAGAR,Planned,Active,2026-05-14T09:40:47Z,2026-05-14T13:00:29Z,199
1844586,Central,CITY WEST LUDHIANA,AJIT NAGAR,Planned,Active,2026-05-14T09:40:09Z,2026-05-14T13:00:29Z,200
1844644,Border,GURDASPUR,Bishan Kot,Unplanned,Closed,2026-05-14T09:40:00Z,2026-05-14T10:20:00Z,40
1844609,South,SANGRUR,CITY SANGRUR,Unplanned,Active,2026-05-14T09:40:00Z,2026-05-14T13:00:00Z,200
1844598,North,HOSHIARPUR,KHARDEHER,Unplanned,Closed,2026-05-14T09:40:00Z,2026-05-14T10:50:00Z,70
1844595,West,BATHINDA,MALKANA ROAD,Planned,Active,2026-05-14T09:40:00Z,2026-05-14T12:00:00Z,140
1844590,Central,SUB URBAN LUDHIANA,Urban Ahmedgarh (City-3),Unplanned,Closed,2026-05-14T09:40:00Z,2026-05-14T10:25:00Z,45
1844585,Central,CITY WEST LUDHIANA,Atam Nagar,Planned,Active,2026-05-14T09:39:46Z,2026-05-14T13:00:29Z,200
1844584,Central,CITY WEST LUDHIANA,treatment plant-3,Planned,Active,2026-05-14T09:39:16Z,2026-05-14T13:00:29Z,201
1844583,Central,CITY WEST LUDHIANA,Feed Fresh,Planned,Active,2026-05-14T09:38:26Z,2026-05-14T13:00:29Z,202
1844600,West,BATHINDA,Mansa Road,Planned,Closed,2026-05-14T09:38:00Z,2026-05-14T10:12:00Z,34
1844581,West,BATHINDA,BATHINDA TOWN,Planned,Active,2026-05-14T09:35:00Z,2026-05-14T13:00:00Z,205
1844578,Border,GURDASPUR,KHUJALA,Planned,Active,2026-05-14T09:35:00Z,2026-05-14T13:30:00Z,235
1844575,Central,CITY WEST LUDHIANA,NEW LAXMI NAGAR,Planned,Active,2026-05-14T09:34:11Z,2026-05-14T13:00:15Z,206
1844572,Central,KHANNA,JASARA,Unplanned,Active,2026-05-14T09:32:00Z,2026-05-14T11:46:00Z,134
1844582,South,PATIALA,DAUN KALAN B.Garh RAZA FARM,Unplanned,Closed,2026-05-14T09:30:00Z,2026-05-14T10:30:22Z,60
1844579,South,PATIALA,11 KV AP NOOR KHERIAN,Unplanned,Closed,2026-05-14T09:30:00Z,2026-05-14T09:50:27Z,20
1844571,Border,GURDASPUR,G.T Road,Planned,Closed,2026-05-14T09:30:00Z,2026-05-14T10:04:00Z,34
1843053,South,PATIALA,Ekta Vihar,Planned,Closed,2026-05-14T09:30:00Z,2026-05-14T11:00:00Z,90
1844570,Central,CITY WEST LUDHIANA,Jawala Singh Chowk,Planned,Active,2026-05-14T09:29:25Z,2026-05-14T13:00:28Z,211
1844574,Central,KHANNA,GTB Nagar,Unplanned,Active,2026-05-14T09:29:00Z,2026-05-14T12:00:00Z,151
1844558,West,BATHINDA,BUDHLADA ROAD URBAN,Planned,Closed,2026-05-14T09:29:00Z,2026-05-14T10:00:00Z,31
1844566,North,NAWANSHAHR,ups raipur dabba,Unplanned,Active,2026-05-14T09:27:38Z,2026-05-14T11:27:45Z,120
1844565,South,SANGRUR,11 KV LOHAKHERA URBAN C1,Unplanned,Closed,2026-05-14T09:26:19Z,2026-05-14T10:25:04Z,58
1844573,North,NAWANSHAHR,KAMALPUR,Unplanned,Closed,2026-05-14T09:25:00Z,2026-05-14T10:30:00Z,65
1844569,North,HOSHIARPUR,KOLYA,Unplanned,Closed,2026-05-14T09:25:00Z,2026-05-14T09:55:00Z,30
1844559,North,NAWANSHAHR,BHAJJAL,Unplanned,Closed,2026-05-14T09:22:00Z,2026-05-14T09:54:00Z,32
1844611,South,BARNALA,Maur Nabha,Unplanned,Closed,2026-05-14T09:20:00Z,2026-05-14T10:50:00Z,90
1844576,Border,TARN TARAN,BAWA SHOE,Unplanned,Closed,2026-05-14T09:20:00Z,2026-05-14T10:20:00Z,60
1844568,Border,TARN TARAN,JAWANDY KHURD,Unplanned,Active,2026-05-14T09:20:00Z,2026-05-14T13:00:00Z,220
1844567,East,MOHALI,11KV SIGNATURE CITY,Unplanned,Active,2026-05-14T09:20:00Z,2026-05-14T10:27:59Z,67
1844563,Central,CITY WEST LUDHIANA,11 KV Dana Mandi Feeder,Planned,Active,2026-05-14T09:19:38Z,2026-05-14T13:00:40Z,221
1844561,Central,CITY WEST LUDHIANA,11KV Altos Nagar feeder,Planned,Active,2026-05-14T09:19:38Z,2026-05-14T13:00:40Z,221
1844562,Border,TARN TARAN,Fatehabad Urban .,Unplanned,Closed,2026-05-14T09:15:00Z,2026-05-14T10:35:00Z,80
1844555,North,JALANDHAR,11 KV Nagra,Unplanned,Closed,2026-05-14T09:15:00Z,2026-05-14T09:40:00Z,25
1844557,West,FARIDKOT,11 KV  NARAINGARH UPS,Unplanned,Closed,2026-05-14T09:12:00Z,2026-05-14T09:40:00Z,28
1844554,North,HOSHIARPUR,KAKKON,Unplanned,Closed,2026-05-14T09:10:00Z,2026-05-14T10:00:00Z,50
1844580,North,JALANDHAR,RAI PUR,Unplanned,Active,2026-05-14T09:05:00Z,2026-05-14T11:00:00Z,115
1844577,North,JALANDHAR,BHARAT,Unplanned,Closed,2026-05-14T09:05:00Z,2026-05-14T10:15:00Z,70
1844550,North,HOSHIARPUR,UPS katrala,Planned,Active,2026-05-14T09:05:00Z,2026-05-14T13:00:00Z,235
1844547,Border,GURDASPUR,DEHRIWAL KIRAN,Unplanned,Closed,2026-05-14T09:05:00Z,2026-05-14T10:45:00Z,100
1844545,North,NAWANSHAHR,THOPIA,Unplanned,Active,2026-05-14T09:05:00Z,2026-05-14T11:00:00Z,115
1844543,Central,CITY EAST LUDHIANA,WAIT GANJ,Unplanned,Active,2026-05-14T09:04:00Z,2026-05-14T12:17:00Z,193
1844605,Border,GURDASPUR,Jio July,Unplanned,Closed,2026-05-14T09:01:00Z,2026-05-14T10:05:00Z,64
1844604,Border,GURDASPUR,ROSSA,Unplanned,Active,2026-05-14T09:01:00Z,2026-05-14T12:00:00Z,179
1844556,East,ROPAR,11KV Madwara,Unplanned,Closed,2026-05-14T09:01:00Z,2026-05-14T09:27:00Z,26
1844474,North,JALANDHAR,PRUTHI,Planned,Active,2026-05-14T09:00:52Z,2026-05-14T12:30:52Z,210
1844473,North,JALANDHAR,LINK ROAD,Planned,Active,2026-05-14T09:00:52Z,2026-05-14T12:30:52Z,210
1844441,South,SANGRUR,SUB STATION TRANSFORMER JAKHEPAL,Planned,Active,2026-05-14T09:00:51Z,2026-05-14T13:00:51Z,240
1844440,South,SANGRUR,11KV UPS DHARMGARH,Planned,Active,2026-05-14T09:00:51Z,2026-05-14T13:00:51Z,240
1844439,South,SANGRUR,11 KV JAKHEPAL URBAN,Planned,Active,2026-05-14T09:00:51Z,2026-05-14T13:00:51Z,240
1844438,South,SANGRUR,Rohi Babe ka Hambelwass,Planned,Active,2026-05-14T09:00:51Z,2026-05-14T13:00:51Z,240
1844095,South,SANGRUR,Ladbanjara Road,Planned,Active,2026-05-14T09:00:41Z,2026-05-14T13:00:41Z,240
1844094,South,SANGRUR,UPS NIHALGARH,Planned,Active,2026-05-14T09:00:41Z,2026-05-14T13:00:41Z,240
1844315,South,BARNALA,IOL-B,Planned,Active,2026-05-14T09:00:23Z,2026-05-14T13:00:23Z,240
1844314,South,BARNALA,RUREKE KALAN UPS,Planned,Active,2026-05-14T09:00:23Z,2026-05-14T13:00:23Z,240
1844313,South,BARNALA,CHANNA ROAD,Planned,Active,2026-05-14T09:00:23Z,2026-05-14T13:00:23Z,240
1844312,South,BARNALA,KAHNE-KE UPS,Planned,Active,2026-05-14T09:00:23Z,2026-05-14T13:00:23Z,240
1844311,South,BARNALA,IOL,Planned,Active,2026-05-14T09:00:23Z,2026-05-14T13:00:23Z,240
1844310,South,BARNALA,DHAULA Cat-1,Planned,Active,2026-05-14T09:00:23Z,2026-05-14T13:00:23Z,240
1844551,North,HOSHIARPUR,11 Kv Mahadpur,Planned,Active,2026-05-14T09:00:00Z,2026-05-14T12:30:00Z,210
1844549,North,HOSHIARPUR,11kv Chanour UPS,Planned,Active,2026-05-14T09:00:00Z,2026-05-14T12:30:00Z,210
1844548,North,HOSHIARPUR,PANKHUH,Planned,Active,2026-05-14T09:00:00Z,2026-05-14T12:30:00Z,210
1844546,North,HOSHIARPUR,BUDHABAR,Planned,Active,2026-05-14T09:00:00Z,2026-05-14T12:30:00Z,210
1844539,Border,CITY AMRITSAR,DHAB WASTI RAM,Planned,Active,2026-05-14T09:00:00Z,2026-05-14T13:00:00Z,240
1844538,Central,CITY WEST LUDHIANA,MARUTI ALLOY,Planned,Closed,2026-05-14T09:00:00Z,2026-05-14T10:00:00Z,60
1844536,Border,CITY AMRITSAR,Gilwalii Gate,Planned,Active,2026-05-14T09:00:00Z,2026-05-14T13:00:00Z,240
1844533,West,BATHINDA,GAMIWALA URBAN,Planned,Active,2026-05-14T09:00:00Z,2026-05-14T13:00:00Z,240
1844532,West,BATHINDA,MAGHANIAN UPS,Planned,Active,2026-05-14T09:00:00Z,2026-05-14T13:00:00Z,240
1844531,West,BATHINDA,GADDAR PATTI UPS,Planned,Active,2026-05-14T09:00:00Z,2026-05-14T13:00:00Z,240
1844530,West,BATHINDA,Boha,Planned,Active,2026-05-14T09:00:00Z,2026-05-14T13:00:00Z,240
1844529,West,BATHINDA,Lakhiwal,Planned,Active,2026-05-14T09:00:00Z,2026-05-14T13:00:00Z,240
1844464,North,HOSHIARPUR,GREEN VIEW PARK,Planned,Closed,2026-05-14T09:00:00Z,2026-05-14T10:10:00Z,70
1844369,Border,CITY AMRITSAR,11 KV Bhagtawala,Planned,Active,2026-05-14T09:00:00Z,2026-05-14T13:00:00Z,240
1844368,Border,CITY AMRITSAR,11 KV Akara Kallu,Planned,Active,2026-05-14T09:00:00Z,2026-05-14T13:00:00Z,240
1844367,Border,CITY AMRITSAR,11 KV Namak Mandi,Planned,Active,2026-05-14T09:00:00Z,2026-05-14T13:00:00Z,240
1843793,South,PATIALA,Nehru Park,Planned,Active,2026-05-14T09:00:00Z,2026-05-14T13:00:00Z,240
1843323,North,JALANDHAR,JYOTI CHOWK,Planned,Active,2026-05-14T09:00:00Z,2026-05-14T12:30:00Z,210
1843322,North,JALANDHAR,ADARSH NAGAR,Planned,Active,2026-05-14T09:00:00Z,2026-05-14T12:30:00Z,210
1843316,North,JALANDHAR,Rainak Bazar,Planned,Active,2026-05-14T09:00:00Z,2026-05-14T12:30:00Z,210
1843315,North,JALANDHAR,SHAKTI NAGAR,Planned,Active,2026-05-14T09:00:00Z,2026-05-14T12:30:00Z,210
1843264,North,JALANDHAR,BASTI NAU (OLD),Planned,Active,2026-05-14T09:00:00Z,2026-05-14T12:30:00Z,210
1843258,North,JALANDHAR,11 Shaheed Babu Labh Singh Nagar,Planned,Active,2026-05-14T09:00:00Z,2026-05-14T12:30:00Z,210
1843249,North,JALANDHAR,11KV CHANDAN NAGAR,Planned,Active,2026-05-14T09:00:00Z,2026-05-14T12:30:00Z,210
1843209,North,JALANDHAR,M.G.N,Planned,Active,2026-05-14T09:00:00Z,2026-05-14T12:30:00Z,210
1843201,North,JALANDHAR,JOSHI HOSPITAL,Planned,Active,2026-05-14T09:00:00Z,2026-05-14T12:30:00Z,210
1843197,North,JALANDHAR,HARNAM DASS PURA,Planned,Active,2026-05-14T09:00:00Z,2026-05-14T12:30:00Z,210
1843191,North,JALANDHAR,GAZZI GULLA,Planned,Active,2026-05-14T09:00:00Z,2026-05-14T12:30:00Z,210
1843186,North,JALANDHAR,Chowk Sudan,Planned,Active,2026-05-14T09:00:00Z,2026-05-14T12:30:00Z,210
1843182,North,JALANDHAR,Shitla Mandir,Planned,Active,2026-05-14T09:00:00Z,2026-05-14T12:30:00Z,210
1842730,North,HOSHIARPUR,RAILWAY STATION,Planned,Active,2026-05-14T09:00:00Z,2026-05-14T13:00:00Z,240
1844544,South,PATIALA,11KV UPS,Unplanned,Closed,2026-05-14T08:55:41Z,2026-05-14T10:30:32Z,94
1844526,Central,CITY WEST LUDHIANA,SATSANG GHAR,Unplanned,Closed,2026-05-14T08:46:59Z,2026-05-14T10:12:39Z,85
1844527,South,PATIALA,LOHSIMBLI (LOHSIMBLI),Unplanned,Closed,2026-05-14T08:45:24Z,2026-05-14T09:45:58Z,60
1844540,North,HOSHIARPUR,BASSI,Unplanned,Closed,2026-05-14T08:45:00Z,2026-05-14T10:35:00Z,110
1844534,North,NAWANSHAHR,BHARTA,Unplanned,Closed,2026-05-14T08:45:00Z,2026-05-14T09:15:00Z,30
1844542,West,FARIDKOT,GANGSAR,Unplanned,Closed,2026-05-14T08:44:00Z,2026-05-14T09:20:00Z,36
1844521,Central,CITY WEST LUDHIANA,URBAN ESTATE PH-1,Planned,Closed,2026-05-14T08:41:27Z,2026-05-14T09:12:05Z,30
1844535,North,HOSHIARPUR,Bhagowal,Unplanned,Closed,2026-05-14T08:40:00Z,2026-05-14T09:40:00Z,60
1844509,Central,KHANNA,Sangtpura,Unplanned,Closed,2026-05-14T08:38:00Z,2026-05-14T09:50:00Z,72
1844507,West,FARIDKOT,SAHIBZADA AJIT SINGH NAGAR,Unplanned,Closed,2026-05-14T08:37:24Z,2026-05-14T10:06:36Z,89
1844501,Border,SUB URBAN AMRITSAR,11KV Granthgar,Unplanned,Closed,2026-05-14T08:36:00Z,2026-05-14T10:00:00Z,84
1844525,Border,TARN TARAN,BALA CHAK,Unplanned,Closed,2026-05-14T08:35:00Z,2026-05-14T09:40:00Z,65
1844524,Border,CITY AMRITSAR,11 KV Gurbux Nagar,Unplanned,Closed,2026-05-14T08:35:00Z,2026-05-14T10:04:00Z,89
1844505,North,NAWANSHAHR,TAKARLA,Unplanned,Closed,2026-05-14T08:35:00Z,2026-05-14T09:10:00Z,35
1844506,Central,SUB URBAN LUDHIANA,URBAN BAJRANG AKHARA,Unplanned,Closed,2026-05-14T08:34:00Z,2026-05-14T10:26:00Z,112
1844504,Central,SUB URBAN LUDHIANA,Urban New Gau Shala (City-2),Unplanned,Closed,2026-05-14T08:34:00Z,2026-05-14T10:26:00Z,112
1844497,Central,KHANNA,RAM RAJAYA,Unplanned,Closed,2026-05-14T08:31:00Z,2026-05-14T09:57:00Z,86
1844523,South,PATIALA,KUTHAKHERI (D-GARH),Unplanned,Active,2026-05-14T08:30:00Z,2026-05-14T11:00:00Z,150
1844522,South,PATIALA,KABULPUR    (D-GARH),Unplanned,Active,2026-05-14T08:30:00Z,2026-05-14T11:00:00Z,150
1844500,South,PATIALA,KARHALI,Unplanned,Closed,2026-05-14T08:30:00Z,2026-05-14T10:20:34Z,110
1844499,South,PATIALA,ALIPUR,Unplanned,Closed,2026-05-14T08:30:00Z,2026-05-14T10:10:31Z,100
1844537,East,MOHALI,11KV BARI AP,Unplanned,Closed,2026-05-14T08:25:00Z,2026-05-14T10:05:00Z,100
1844520,East,MOHALI,11KV DHELPUR,Unplanned,Closed,2026-05-14T08:25:00Z,2026-05-14T09:05:00Z,40
1844517,East,MOHALI,11KV PATTON AP,Unplanned,Closed,2026-05-14T08:25:00Z,2026-05-14T10:15:20Z,110
1844503,South,PATIALA,11KV DAULATPUR,Unplanned,Active,2026-05-14T08:25:00Z,2026-05-14T11:00:00Z,155
1844502,South,PATIALA,11KV CHALELA OLD,Unplanned,Active,2026-05-14T08:25:00Z,2026-05-14T11:00:00Z,155
1844496,South,PATIALA,11 KV NARDU,Unplanned,Closed,2026-05-14T08:25:00Z,2026-05-14T09:55:26Z,90
1844494,North,HOSHIARPUR,11 kv Mansoorpur,Unplanned,Closed,2026-05-14T08:25:00Z,2026-05-14T08:50:00Z,25
1844490,Central,KHANNA,Prem Nagar,Unplanned,Closed,2026-05-14T08:24:00Z,2026-05-14T09:20:00Z,56
1844487,Central,CITY WEST LUDHIANA,ISHER NAGAR FEEDER,Unplanned,Active,2026-05-14T08:22:24Z,2026-05-14T11:54:27Z,212
1844516,East,MOHALI,BANUR RURAL,Unplanned,Closed,2026-05-14T08:22:00Z,2026-05-14T10:00:00Z,98
1844515,East,MOHALI,KANOUR,Unplanned,Closed,2026-05-14T08:22:00Z,2026-05-14T10:00:00Z,98
1844514,East,MOHALI,KURALI,Unplanned,Closed,2026-05-14T08:22:00Z,2026-05-14T10:00:00Z,98
1844513,East,MOHALI,MATHIARAN,Unplanned,Closed,2026-05-14T08:22:00Z,2026-05-14T10:00:00Z,98
1844512,East,MOHALI,11KV SHEKHAN MAJRA,Unplanned,Closed,2026-05-14T08:22:00Z,2026-05-14T10:00:00Z,98
1844511,East,MOHALI,BOOTA SINGH WALA,Unplanned,Closed,2026-05-14T08:22:00Z,2026-05-14T10:00:00Z,98
1844510,East,MOHALI,HULKA,Unplanned,Closed,2026-05-14T08:22:00Z,2026-05-14T10:00:00Z,98
1844493,North,HOSHIARPUR,Harsipind UPS,Unplanned,Closed,2026-05-14T08:22:00Z,2026-05-14T08:29:00Z,7
1844541,North,NAWANSHAHR,City-1,Unplanned,Closed,2026-05-14T08:20:00Z,2026-05-14T10:20:00Z,120
1844519,Border,GURDASPUR,Focal Point,Unplanned,Active,2026-05-14T08:20:00Z,2026-05-14T11:00:00Z,160
1844518,East,ROPAR,SUGARMILL,Unplanned,Closed,2026-05-14T08:20:00Z,2026-05-14T08:55:00Z,35
1844508,East,MOHALI,11 KV GIDDARPUR AP,Unplanned,Closed,2026-05-14T08:20:00Z,2026-05-14T08:55:00Z,35
1844495,North,HOSHIARPUR,KAKKON,Unplanned,Closed,2026-05-14T08:20:00Z,2026-05-14T09:05:00Z,45
1844528,Border,GURDASPUR,BANGOWANI,Unplanned,Active,2026-05-14T08:15:00Z,2026-05-14T11:00:00Z,165
1844492,Border,CITY AMRITSAR,11Kv Navdeep Theatre,Unplanned,Active,2026-05-14T08:15:00Z,2026-05-14T11:24:00Z,189
1844470,West,MUKATSAR,Bikaneri Road,Unplanned,Closed,2026-05-14T08:11:00Z,2026-05-14T08:25:00Z,14
1844491,North,JALANDHAR,bambiwal.1,Unplanned,Closed,2026-05-14T08:10:00Z,2026-05-14T08:30:00Z,20
1844471,South,PATIALA,kotla,Unplanned,Active,2026-05-14T08:08:00Z,2026-05-14T11:00:00Z,172
1844469,South,PATIALA,UPS NABHA NO. 2,Unplanned,Closed,2026-05-14T08:06:00Z,2026-05-14T09:12:00Z,66
1844472,North,JALANDHAR,DAROLI KHURD,Unplanned,Closed,2026-05-14T08:00:00Z,2026-05-14T09:40:00Z,100
1844463,Border,SUB URBAN AMRITSAR,Meritorious School,Unplanned,Active,2026-05-14T08:00:00Z,2026-05-14T08:43:00Z,43
1844462,Border,SUB URBAN AMRITSAR,Sada Pind,Unplanned,Active,2026-05-14T08:00:00Z,2026-05-14T08:43:00Z,43
1844461,North,HOSHIARPUR,Chetna Park,Unplanned,Closed,2026-05-14T07:59:00Z,2026-05-14T09:05:00Z,66
1844466,Border,GURDASPUR,Kiari,Unplanned,Closed,2026-05-14T07:57:00Z,2026-05-14T08:16:00Z,19
1844465,Central,KHANNA,Mahpur,Unplanned,Closed,2026-05-14T07:57:00Z,2026-05-14T09:05:00Z,68
1844468,North,JALANDHAR,KHURLA KINGRA,Unplanned,Closed,2026-05-14T07:54:00Z,2026-05-14T10:02:00Z,128
1844467,East,MOHALI,11KV Kurri,Unplanned,Closed,2026-05-14T07:53:00Z,2026-05-14T09:48:55Z,115
1844460,South,SANGRUR,UPS Lehal Kalan,Unplanned,Closed,2026-05-14T07:51:00Z,2026-05-14T09:15:00Z,84
1844458,East,ROPAR,UPS SAHO MAJRA,Unplanned,Closed,2026-05-14T07:50:28Z,2026-05-14T10:14:28Z,144
1844457,East,ROPAR,11KV Dugri,Unplanned,Closed,2026-05-14T07:50:28Z,2026-05-14T10:14:28Z,144
1844456,East,ROPAR,11KV Alampur,Unplanned,Closed,2026-05-14T07:50:28Z,2026-05-14T10:14:28Z,144
1844455,East,ROPAR,IIT,Unplanned,Closed,2026-05-14T07:50:28Z,2026-05-14T10:14:28Z,144
1844454,East,ROPAR,CHAND PUR,Unplanned,Closed,2026-05-14T07:50:28Z,2026-05-14T10:14:28Z,144
1844452,North,HOSHIARPUR,MOUNT AVENUE,Unplanned,Closed,2026-05-14T07:50:00Z,2026-05-14T08:15:00Z,25
1844459,South,SANGRUR,Gurdaspura,Unplanned,Closed,2026-05-14T07:48:00Z,2026-05-14T08:48:00Z,60
1844444,West,BATHINDA,DANA MANDI,Unplanned,Closed,2026-05-14T07:47:00Z,2026-05-14T07:55:00Z,8
1844447,Border,TARN TARAN,THATHIAN 3 W URBAN`,Unplanned,Closed,2026-05-14T07:45:00Z,2026-05-14T09:15:00Z,90
1844442,North,NAWANSHAHR,TAKARLA,Unplanned,Closed,2026-05-14T07:40:00Z,2026-05-14T08:15:00Z,35
1844436,Central,KHANNA,Motia Khan,Unplanned,Closed,2026-05-14T07:38:00Z,2026-05-14T08:00:00Z,22
1844443,North,NAWANSHAHR,CHANDIANI,Unplanned,Closed,2026-05-14T07:35:00Z,2026-05-14T08:55:00Z,80
1844448,North,JALANDHAR,UDHOPUR,Unplanned,Closed,2026-05-14T07:30:00Z,2026-05-14T09:46:00Z,136
1844437,Border,CITY AMRITSAR,11 KV disposal,Unplanned,Closed,2026-05-14T07:30:00Z,2026-05-14T10:35:00Z,185
1844434,Central,CITY WEST LUDHIANA,SITA NAGAR,Unplanned,Closed,2026-05-14T07:29:48Z,2026-05-14T08:34:00Z,64
1844433,Border,CITY AMRITSAR,11kV Islamabad Link,Unplanned,Closed,2026-05-14T07:27:00Z,2026-05-14T08:18:43Z,51
1844498,North,HOSHIARPUR,Naurangabad,Unplanned,Closed,2026-05-14T07:25:00Z,2026-05-14T10:30:00Z,185
1844445,Central,SUB URBAN LUDHIANA,INDUSTRY,Unplanned,Closed,2026-05-14T07:25:00Z,2026-05-14T09:10:00Z,105
1844435,South,SANGRUR,11KV KHERU ROAD CAT2,Unplanned,Closed,2026-05-14T07:22:00Z,2026-05-14T08:50:00Z,88
1844430,West,FARIDKOT,PARTAP ROAD,Unplanned,Active,2026-05-14T07:22:00Z,2026-05-14T12:22:02Z,300
1844446,North,JALANDHAR,NAGAL PURDAL,Unplanned,Closed,2026-05-14T07:20:00Z,2026-05-14T08:40:00Z,80
1844429,North,JALANDHAR,11 KV Garden Colony,Unplanned,Closed,2026-05-14T07:16:00Z,2026-05-14T07:36:00Z,20
1844432,West,BATHINDA,Balahar Vinju,Unplanned,Closed,2026-05-14T07:11:00Z,2026-05-14T11:15:00Z,244
1844428,North,KAPURTHALA,Gobind Nagar,Unplanned,Closed,2026-05-14T07:10:00Z,2026-05-14T07:30:00Z,20
1844401,West,FARIDKOT,VIDANT NAGAR,Unplanned,Active,2026-05-14T07:05:44Z,2026-05-14T12:04:16Z,298
1844427,North,JALANDHAR,GUDAIPUR,Unplanned,Closed,2026-05-14T07:05:00Z,2026-05-14T07:57:00Z,52
1844374,West,FARIDKOT,BAJA ROAD,Unplanned,Closed,2026-05-14T06:51:00Z,2026-05-14T07:34:00Z,43
1844386,South,PATIALA,UPS RURKI,Unplanned,Closed,2026-05-14T06:50:00Z,2026-05-14T07:25:00Z,35
1844373,North,NAWANSHAHR,MOJOWAL MAJARA,Unplanned,Closed,2026-05-14T06:48:00Z,2026-05-14T08:55:00Z,127
1844372,North,NAWANSHAHR,AKALIANA,Unplanned,Closed,2026-05-14T06:43:00Z,2026-05-14T07:35:00Z,52
1844371,Central,KHANNA,JASARA,Unplanned,Closed,2026-05-14T06:41:00Z,2026-05-14T08:45:00Z,124
1844370,North,HOSHIARPUR,MANJPUR,Unplanned,Closed,2026-05-14T06:35:00Z,2026-05-14T07:05:00Z,30
1844365,Border,GURDASPUR,OLD HOSPITAL BATALA,Unplanned,Closed,2026-05-14T06:32:00Z,2026-05-14T07:35:00Z,63
1844362,South,PATIALA,LANGRIAN,Unplanned,Closed,2026-05-14T06:24:00Z,2026-05-14T06:56:00Z,32
1844363,Central,KHANNA,DEVI DAWALA feeder,Unplanned,Closed,2026-05-14T06:23:00Z,2026-05-14T07:45:00Z,82
1844361,South,PATIALA,AMARGARH,Unplanned,Closed,2026-05-14T06:22:00Z,2026-05-14T06:56:00Z,34
1844366,Border,TARN TARAN,BIHARIPUR UPS,Unplanned,Closed,2026-05-14T06:20:00Z,2026-05-14T07:30:00Z,70
1844364,West,BATHINDA,HARI NAGAR,Unplanned,Closed,2026-05-14T06:14:00Z,2026-05-14T07:56:17Z,102
1844360,Central,KHANNA,Mahpur,Unplanned,Closed,2026-05-14T06:10:00Z,2026-05-14T06:50:00Z,40
1844359,Central,CITY WEST LUDHIANA,GLADA,Unplanned,Closed,2026-05-14T06:01:49Z,2026-05-14T06:57:21Z,55
1844358,East,Zirakpur,ZIRAKPUR-2,Unplanned,Closed,2026-05-14T05:48:00Z,2026-05-14T09:10:00Z,202
1844355,West,FARIDKOT,INDERGARH,Unplanned,Closed,2026-05-14T05:48:00Z,2026-05-14T06:14:00Z,26
1844354,South,PATIALA,M.E.S.,Unplanned,Closed,2026-05-14T05:45:00Z,2026-05-14T09:16:00Z,211
1844353,South,PATIALA,11 KV UPS Kheri Raju,Unplanned,Closed,2026-05-14T05:40:00Z,2026-05-14T09:00:00Z,200
1844351,Central,KHANNA,Prem Nagar,Unplanned,Closed,2026-05-14T05:40:00Z,2026-05-14T07:53:00Z,133
1844357,West,BATHINDA,Chehlawala,Unplanned,Closed,2026-05-14T05:39:00Z,2026-05-14T07:40:00Z,121
1844356,Border,GURDASPUR,Bauli Inderjit,Unplanned,Closed,2026-05-14T05:31:00Z,2026-05-14T06:45:00Z,74
1844352,South,PATIALA,UPS ALIPUR,Unplanned,Closed,2026-05-14T05:20:00Z,2026-05-14T08:16:00Z,176
1844349,North,HOSHIARPUR,MANA,Unplanned,Closed,2026-05-14T05:05:00Z,2026-05-14T06:55:10Z,110
1844348,West,FARIDKOT,BAJA ROAD,Unplanned,Closed,2026-05-14T05:01:00Z,2026-05-14T06:33:00Z,92
1844431,Central,CITY EAST LUDHIANA,SEKHEWAL,Unplanned,Closed,2026-05-14T05:00:00Z,2026-05-14T08:00:00Z,180
1844350,East,Zirakpur,ZIRAKPUR-2,Unplanned,Closed,2026-05-14T04:56:00Z,2026-05-14T05:35:00Z,39
1844347,South,PATIALA,UPS BHOJOMAJRI,Unplanned,Closed,2026-05-14T04:50:00Z,2026-05-14T06:25:00Z,95
1844346,Border,TARN TARAN,UPS MAAN,Unplanned,Closed,2026-05-14T04:35:00Z,2026-05-14T07:15:00Z,160
1844345,East,Zirakpur,ROYAL ESTATE,Planned,Closed,2026-05-14T04:22:00Z,2026-05-14T04:55:00Z,33
1844344,East,Zirakpur,ZIRAKPUR-2,Planned,Closed,2026-05-14T04:22:00Z,2026-05-14T04:55:00Z,33
1844343,North,NAWANSHAHR,Urban Pattren,Unplanned,Closed,2026-05-14T04:15:00Z,2026-05-14T04:30:00Z,15
1843561,West,MUKATSAR,AIRPORT,Planned,Closed,2026-05-14T04:02:35Z,2026-05-14T06:05:35Z,123
1843560,West,MUKATSAR,11KV BALLUANA,Planned,Closed,2026-05-14T04:02:35Z,2026-05-14T06:05:35Z,123
1844335,Border,TARN TARAN,24 HRS CHUTALA,Unplanned,Closed,2026-05-14T04:01:00Z,2026-05-14T06:45:00Z,164
1844333,Border,GURDASPUR,Dhira,Unplanned,Closed,2026-05-14T03:35:00Z,2026-05-14T06:48:00Z,193
1843562,West,MUKATSAR,11KV VIRK KALAN,Planned,Closed,2026-05-14T03:30:35Z,2026-05-14T06:05:35Z,155
1844332,North,JALANDHAR,11KV Ghah Mandi,Unplanned,Closed,2026-05-14T03:23:00Z,2026-05-14T03:43:00Z,20
1844331,North,HOSHIARPUR,WAZIRAN,Unplanned,Closed,2026-05-14T03:20:00Z,2026-05-14T04:30:00Z,70
1844330,East,Zirakpur,SBP,Unplanned,Closed,2026-05-14T03:15:00Z,2026-05-14T06:25:00Z,190
1844342,South,PATIALA,UPS Babarpur,Unplanned,Closed,2026-05-14T03:13:52Z,2026-05-14T08:09:52Z,296
1844341,South,PATIALA,GURDITPURA CAT. 1,Unplanned,Closed,2026-05-14T03:13:52Z,2026-05-14T08:12:52Z,299
1844340,South,PATIALA,Stn T.F Gurditpura,Unplanned,Closed,2026-05-14T03:13:52Z,2026-05-14T08:09:52Z,296
1844339,South,PATIALA,INDUSTRIAL,Unplanned,Closed,2026-05-14T03:13:52Z,2026-05-14T08:10:52Z,297
1844338,South,PATIALA,GURDITPURA UPS,Unplanned,Closed,2026-05-14T03:13:52Z,2026-05-14T08:08:52Z,295
1844337,South,PATIALA,Stn T.F Achal,Unplanned,Closed,2026-05-14T03:12:01Z,2026-05-14T08:07:01Z,295
1844336,South,PATIALA,UPS Achal,Unplanned,Closed,2026-05-14T03:12:01Z,2026-05-14T08:09:01Z,297
1844334,Border,TARN TARAN,ADM,Unplanned,Closed,2026-05-14T03:10:00Z,2026-05-14T05:20:00Z,130
1844329,South,SANGRUR,Ballran C-1,Unplanned,Closed,2026-05-14T02:15:00Z,2026-05-14T02:47:00Z,32
1844328,Central,CITY WEST LUDHIANA,BUS STAND,Unplanned,Closed,2026-05-14T01:59:06Z,2026-05-14T02:40:47Z,41
1844327,Central,KHANNA,Labour Colony,Unplanned,Closed,2026-05-14T01:52:00Z,2026-05-14T02:38:00Z,46
1844326,East,Zirakpur,ROYAL ESTATE,Unplanned,Closed,2026-05-14T01:40:00Z,2026-05-14T04:14:00Z,154
1844325,North,HOSHIARPUR,MANA,Unplanned,Closed,2026-05-14T01:10:00Z,2026-05-14T04:56:00Z,226
1844323,Border,GURDASPUR,CITY 2,Unplanned,Closed,2026-05-14T01:10:00Z,2026-05-14T01:11:00Z,1
1844322,Central,CITY WEST LUDHIANA,NATISH VIHAR,Planned,Closed,2026-05-14T01:01:09Z,2026-05-14T01:51:25Z,50
1844321,North,JALANDHAR,GT Road No. 2,Unplanned,Closed,2026-05-14T01:00:00Z,2026-05-14T01:16:00Z,16
1844324,Border,CITY AMRITSAR,MAKBOOL PURA,Unplanned,Closed,2026-05-14T00:55:00Z,2026-05-14T02:32:00Z,97
1844320,Central,CITY WEST LUDHIANA,A block,Planned,Closed,2026-05-14T00:51:21Z,2026-05-14T01:51:01Z,59
1844318,South,PATIALA,kotla,Unplanned,Closed,2026-05-14T00:35:00Z,2026-05-14T03:05:00Z,150
1844319,West,FARIDKOT,TAKHANWADH,Unplanned,Closed,2026-05-14T00:01:00Z,2026-05-14T05:48:00Z,347
1844307,Central,CITY WEST LUDHIANA,URBAN ESTATE PH-1,Unplanned,Closed,2026-05-13T23:50:48Z,2026-05-14T02:01:41Z,130
1844308,South,PATIALA,BSNL,Unplanned,Closed,2026-05-13T23:40:00Z,2026-05-13T23:55:00Z,15
1844306,South,PATIALA,UPS 3-Wire Shambhu,Unplanned,Closed,2026-05-13T23:40:00Z,2026-05-13T23:45:00Z,5
1844302,West,FARIDKOT,BAJA ROAD,Unplanned,Closed,2026-05-13T23:36:32Z,2026-05-14T00:08:18Z,31
1844309,West,BATHINDA,WATER WORKS,Unplanned,Closed,2026-05-13T23:35:21Z,2026-05-14T00:10:36Z,35
1844300,Central,CITY WEST LUDHIANA,HIGHWAY FEEDER,Unplanned,Closed,2026-05-13T23:33:20Z,2026-05-14T00:28:54Z,55
1844316,East,ROPAR,11 KV SHISH GANJ,Unplanned,Closed,2026-05-13T23:33:00Z,2026-05-14T00:04:00Z,31
1844305,South,SANGRUR,CITY NADAMPUR,Unplanned,Closed,2026-05-13T23:33:00Z,2026-05-14T05:45:00Z,372
1844299,Border,TARN TARAN,URBAN DUBLI,Unplanned,Closed,2026-05-13T23:30:00Z,2026-05-14T07:52:00Z,502
1844303,South,BARNALA,MANAL UPS,Unplanned,Closed,2026-05-13T23:29:00Z,2026-05-14T06:20:00Z,411
1844301,South,BARNALA,UPS HAMIDI/GURMA,Unplanned,Closed,2026-05-13T23:29:00Z,2026-05-14T07:20:00Z,471
1844298,West,MUKATSAR,DALMIR KHERA,Unplanned,Closed,2026-05-13T23:25:00Z,2026-05-13T23:43:00Z,18
1844296,North,HOSHIARPUR,ASLAMABAD,Unplanned,Closed,2026-05-13T23:21:00Z,2026-05-13T23:50:00Z,29
1844297,North,HOSHIARPUR,Jallowal,Unplanned,Closed,2026-05-13T23:15:00Z,2026-05-14T05:25:00Z,370
1844294,Central,SUB URBAN LUDHIANA,INDUSTRY,Unplanned,Closed,2026-05-13T23:05:58Z,2026-05-13T23:30:13Z,24
1844293,East,Zirakpur,ROYAL ESTATE,Unplanned,Closed,2026-05-13T23:03:00Z,2026-05-13T23:25:00Z,22
1844291,North,JALANDHAR,Rainak Bazar,Unplanned,Closed,2026-05-13T23:02:00Z,2026-05-13T23:12:00Z,10
1844290,Central,CITY WEST LUDHIANA,A block,Unplanned,Closed,2026-05-13T23:00:00Z,2026-05-14T00:16:12Z,76
1844292,West,BATHINDA,AHLUPUR,Unplanned,Closed,2026-05-13T22:50:45Z,2026-05-14T00:35:59Z,105
1844288,Central,CITY WEST LUDHIANA,A-BLOCK,Unplanned,Closed,2026-05-13T22:48:26Z,2026-05-13T23:26:42Z,38
1844287,West,BATHINDA,Budhlada URBAN,Unplanned,Closed,2026-05-13T22:45:00Z,2026-05-13T23:55:00Z,70
1844283,Border,CITY AMRITSAR,MAKBOOL PURA,Unplanned,Closed,2026-05-13T22:40:00Z,2026-05-13T23:10:00Z,30
1844284,North,NAWANSHAHR,AKALIANA,Unplanned,Closed,2026-05-13T22:38:00Z,2026-05-13T22:54:00Z,16
1844281,West,MUKATSAR,11 KV SIDHU NAGRI,Unplanned,Closed,2026-05-13T22:37:52Z,2026-05-13T23:29:02Z,51
1844280,West,MUKATSAR,11 KV NAI ABADI,Unplanned,Closed,2026-05-13T22:37:25Z,2026-05-13T23:29:34Z,52
1844282,West,MUKATSAR,11 KV KANDHWALA Road Urban,Unplanned,Closed,2026-05-13T22:37:19Z,2026-05-13T23:29:32Z,52
1844289,Border,SUB URBAN AMRITSAR,24 Hrs Pandori,Unplanned,Closed,2026-05-13T22:35:00Z,2026-05-14T07:46:00Z,551
1844279,South,PATIALA,UPS 3-Wire Shambhu,Unplanned,Closed,2026-05-13T22:30:00Z,2026-05-13T22:45:00Z,15
1844276,Central,KHANNA,Khanna feeder,Unplanned,Closed,2026-05-13T22:30:00Z,2026-05-13T22:58:00Z,28
1844271,Central,KHANNA,Bhattian,Unplanned,Closed,2026-05-13T22:25:00Z,2026-05-13T22:58:00Z,33
1844270,South,SANGRUR,banga C-1,Unplanned,Closed,2026-05-13T22:22:00Z,2026-05-14T06:04:00Z,462
1844273,North,HOSHIARPUR,Tajowal,Unplanned,Closed,2026-05-13T22:20:00Z,2026-05-13T22:30:26Z,10
1844272,North,HOSHIARPUR,MANA,Unplanned,Closed,2026-05-13T22:20:00Z,2026-05-14T01:00:14Z,160
1844269,Border,SUB URBAN AMRITSAR,GNDU I,Unplanned,Closed,2026-05-13T22:20:00Z,2026-05-13T23:00:00Z,40
1844268,Border,CITY AMRITSAR,COMPANY BAGH,Unplanned,Closed,2026-05-13T22:17:00Z,2026-05-13T23:57:00Z,100
1844266,North,HOSHIARPUR,Banjarbag,Unplanned,Closed,2026-05-13T22:17:00Z,2026-05-13T23:50:00Z,93
1844265,North,HOSHIARPUR,GUGGA-PATTI,Unplanned,Closed,2026-05-13T22:17:00Z,2026-05-13T22:30:00Z,13
1844267,West,FEROZPUR,INDUSTRIAL,Unplanned,Closed,2026-05-13T22:12:00Z,2026-05-13T23:53:00Z,101
1844274,South,PATIALA,URBAN BHUNERHERI,Unplanned,Closed,2026-05-13T22:10:00Z,2026-05-13T23:45:00Z,95
1844264,West,BATHINDA,MAL SINGH WALA UPS,Unplanned,Closed,2026-05-13T22:10:00Z,2026-05-13T22:35:00Z,25
1844263,South,PATIALA,11 KV UPS Kheri Raju,Unplanned,Closed,2026-05-13T22:10:00Z,2026-05-13T23:45:00Z,95
1844261,Border,SUB URBAN AMRITSAR,BASKEGILLAN UPS,Unplanned,Closed,2026-05-13T22:09:00Z,2026-05-14T00:00:00Z,111
1844262,Central,CITY WEST LUDHIANA,Kiran Vihar,Unplanned,Closed,2026-05-13T22:07:26Z,2026-05-14T00:33:00Z,145
1844286,Central,KHANNA,SIHORA UPS,Unplanned,Closed,2026-05-13T22:00:00Z,2026-05-13T23:34:00Z,94
1844285,Central,KHANNA,DHAMOT UPS,Unplanned,Closed,2026-05-13T22:00:00Z,2026-05-13T23:40:00Z,100
1844257,South,PATIALA,UPS ONE 3 WIRE (KAULI),Unplanned,Closed,2026-05-13T21:54:00Z,2026-05-13T22:42:00Z,48
1844254,Central,CITY WEST LUDHIANA,SATPAL MITTAL,Unplanned,Closed,2026-05-13T21:53:11Z,2026-05-13T22:38:36Z,45
1844259,East,Zirakpur,HARMILAP NAGAR,Planned,Closed,2026-05-13T21:52:00Z,2026-05-13T22:03:00Z,11
1844258,East,Zirakpur,EKTA VIHAR,Planned,Closed,2026-05-13T21:52:00Z,2026-05-13T22:03:00Z,11
1844260,South,PATIALA,UPS ALIPUR,Unplanned,Closed,2026-05-13T21:50:00Z,2026-05-13T23:50:00Z,120
1844248,East,MOHALI,11 KV Gura,Unplanned,Closed,2026-05-13T21:45:15Z,2026-05-13T22:15:54Z,30
1844244,East,MOHALI,Kasauli,Unplanned,Closed,2026-05-13T21:45:15Z,2026-05-13T22:15:30Z,30
1844253,East,MOHALI,JANTI DEVI,Unplanned,Closed,2026-05-13T21:45:03Z,2026-05-13T22:52:00Z,66
1844252,East,MOHALI,RATWARA SAHIB,Unplanned,Closed,2026-05-13T21:45:03Z,2026-05-14T00:03:00Z,137
1844255,Border,GURDASPUR,Dhira,Unplanned,Closed,2026-05-13T21:45:00Z,2026-05-13T22:45:00Z,60
1844250,North,HOSHIARPUR,URMAR,Unplanned,Closed,2026-05-13T21:45:00Z,2026-05-13T21:58:00Z,13
1844246,North,NAWANSHAHR,11 KV Begam Pur,Unplanned,Closed,2026-05-13T21:45:00Z,2026-05-13T22:57:00Z,72
1844241,Central,CITY WEST LUDHIANA,NATISH VIHAR,Unplanned,Closed,2026-05-13T21:44:25Z,2026-05-13T22:37:01Z,52
1844251,South,PATIALA,UPS DANDRALA,Unplanned,Closed,2026-05-13T21:42:00Z,2026-05-13T22:44:00Z,62
1844239,East,Zirakpur,11 KV Aero Home Feeder,Unplanned,Closed,2026-05-13T21:42:00Z,2026-05-13T23:25:00Z,103
1844232,West,MUKATSAR,Ferozepur Road,Unplanned,Closed,2026-05-13T21:41:09Z,2026-05-14T01:38:38Z,237
1844256,Border,GURDASPUR,THEKERIWAL,Unplanned,Closed,2026-05-13T21:40:00Z,2026-05-13T22:01:00Z,21
1844240,North,KAPURTHALA,UPS Malri,Unplanned,Closed,2026-05-13T21:40:00Z,2026-05-13T22:10:00Z,30
1844229,North,JALANDHAR,VIP,Unplanned,Closed,2026-05-13T21:40:00Z,2026-05-13T21:55:00Z,15
1844238,East,MOHALI,11KV SIGNATURE CITY,Unplanned,Closed,2026-05-13T21:35:37Z,2026-05-13T23:20:00Z,104
1844236,East,MOHALI,11KV MK TECHNOLOGY,Unplanned,Closed,2026-05-13T21:35:37Z,2026-05-13T22:01:00Z,25
1844243,North,NAWANSHAHR,CHAHALPUR,Unplanned,Closed,2026-05-13T21:35:00Z,2026-05-13T21:55:00Z,20
1844219,Border,CITY AMRITSAR,BATALA ROAD,Unplanned,Closed,2026-05-13T21:31:19Z,2026-05-13T21:53:44Z,22
1844275,South,PATIALA,Sher Majra,Unplanned,Closed,2026-05-13T21:30:00Z,2026-05-13T23:25:00Z,115
1844228,North,HOSHIARPUR,PATHRALIAN,Unplanned,Closed,2026-05-13T21:30:00Z,2026-05-13T22:00:28Z,30
1844227,North,HOSHIARPUR,JALBHEY,Unplanned,Closed,2026-05-13T21:30:00Z,2026-05-13T22:00:49Z,30
1844226,North,HOSHIARPUR,TARAGARH,Unplanned,Closed,2026-05-13T21:30:00Z,2026-05-13T22:00:06Z,30
1844200,North,JALANDHAR,EKTA NAGAR,Unplanned,Closed,2026-05-13T21:27:00Z,2026-05-13T22:25:00Z,58
1844196,Central,CITY WEST LUDHIANA,TIKONA PARK,Planned,Closed,2026-05-13T21:26:31Z,2026-05-13T21:51:24Z,24
1844197,East,Zirakpur,DEHAR UPS,Unplanned,Closed,2026-05-13T21:25:00Z,2026-05-13T22:30:00Z,65
1844220,East,MOHALI,Nirankari feeder,Unplanned,Closed,2026-05-13T21:24:20Z,2026-05-13T21:46:52Z,22
1844216,West,FARIDKOT,GANGSAR,Unplanned,Closed,2026-05-13T21:21:33Z,2026-05-13T21:32:34Z,11
1844199,North,JALANDHAR,URBAN RURAL,Unplanned,Closed,2026-05-13T21:20:00Z,2026-05-13T22:10:00Z,50
1844198,Border,GURDASPUR,Udhanwal,Unplanned,Closed,2026-05-13T21:20:00Z,2026-05-13T21:40:00Z,20
1844186,North,JALANDHAR,11 KV GROVER COLONY,Unplanned,Closed,2026-05-13T21:20:00Z,2026-05-13T21:43:00Z,23
1844194,North,HOSHIARPUR,SUSANA,Unplanned,Closed,2026-05-13T21:18:00Z,2026-05-13T21:30:00Z,12
1844195,Central,SUB URBAN LUDHIANA,G.I.S,Unplanned,Closed,2026-05-13T21:15:58Z,2026-05-13T22:45:22Z,89
1844201,West,BATHINDA,UPS-II,Unplanned,Closed,2026-05-13T21:15:04Z,2026-05-14T06:59:00Z,583
1844249,East,MOHALI,Sector-77B,Unplanned,Closed,2026-05-13T21:15:00Z,2026-05-13T22:00:38Z,45
1844217,South,PATIALA,UPS 1,Unplanned,Closed,2026-05-13T21:15:00Z,2026-05-13T22:22:00Z,67
1844193,South,SANGRUR,11KV BAHADURPUR UPS(DUGGAN GRID),Unplanned,Closed,2026-05-13T21:15:00Z,2026-05-13T22:15:00Z,60
1844184,West,BATHINDA,Gurne UPS,Unplanned,Closed,2026-05-13T21:15:00Z,2026-05-13T23:40:00Z,145
1844179,Central,CITY WEST LUDHIANA,B.V.M.,Unplanned,Closed,2026-05-13T21:14:32Z,2026-05-13T23:10:24Z,115
1844183,Border,SUB URBAN AMRITSAR,Mallan Wali,Unplanned,Closed,2026-05-13T21:12:00Z,2026-05-13T21:40:00Z,28
1844224,East,MOHALI,11 KV Manohar,Unplanned,Closed,2026-05-13T21:10:52Z,2026-05-13T23:40:00Z,149
1844237,South,PATIALA,UPS BHAGORA,Unplanned,Closed,2026-05-13T21:10:00Z,2026-05-14T09:01:13Z,711
1844235,South,PATIALA,UPS RURKI,Unplanned,Closed,2026-05-13T21:10:00Z,2026-05-13T23:05:00Z,115
1844234,South,PATIALA,SOGALPUR UPS,Unplanned,Active,2026-05-13T21:10:00Z,2026-05-14T11:30:00Z,860
1844233,South,PATIALA,UPS CHAMARU,Unplanned,Active,2026-05-13T21:10:00Z,2026-05-14T11:30:00Z,860
1844230,South,PATIALA,UPS DHANGERA,Unplanned,Closed,2026-05-13T21:10:00Z,2026-05-13T22:53:00Z,103
1844177,East,ROPAR,11KV Kalas Kalan UPS,Unplanned,Closed,2026-05-13T21:10:00Z,2026-05-13T22:00:00Z,50
1844176,South,PATIALA,UPS ONE 3 WIRE (KAULI),Unplanned,Closed,2026-05-13T21:10:00Z,2026-05-13T21:24:00Z,14
1844174,South,SANGRUR,JEONPURA UPS,Unplanned,Closed,2026-05-13T21:10:00Z,2026-05-13T22:09:00Z,59
1844185,Central,KHANNA,Main Bazar,Unplanned,Closed,2026-05-13T21:09:00Z,2026-05-13T23:10:00Z,121
1844173,Central,KHANNA,Prem Nagar,Unplanned,Closed,2026-05-13T21:09:00Z,2026-05-13T23:06:00Z,117
1844171,Central,KHANNA,Sangtpura,Unplanned,Closed,2026-05-13T21:09:00Z,2026-05-14T01:51:00Z,282
1844163,East,MOHALI,Urban,Unplanned,Closed,2026-05-13T21:07:00Z,2026-05-13T21:50:00Z,43
1844161,Border,SUB URBAN AMRITSAR,BSF,Unplanned,Closed,2026-05-13T21:06:49Z,2026-05-13T22:38:00Z,91
1844157,Border,SUB URBAN AMRITSAR,KOTLA UPS,Unplanned,Closed,2026-05-13T21:05:54Z,2026-05-13T22:38:00Z,92
1844155,Border,SUB URBAN AMRITSAR,11 KV WADALA,Unplanned,Closed,2026-05-13T21:05:54Z,2026-05-13T23:18:00Z,132
1844178,North,HOSHIARPUR,Soosa,Unplanned,Closed,2026-05-13T21:05:00Z,2026-05-13T21:20:00Z,15
1844175,West,BATHINDA,KUSLA,Unplanned,Closed,2026-05-13T21:05:00Z,2026-05-14T07:59:00Z,654
1844172,North,KAPURTHALA,UPS Partabpura,Unplanned,Closed,2026-05-13T21:05:00Z,2026-05-13T22:30:00Z,85
1844165,Border,GURDASPUR,CITY 2,Unplanned,Closed,2026-05-13T21:05:00Z,2026-05-13T21:26:00Z,21
1844158,South,PATIALA,11 KV UPS 1,Unplanned,Closed,2026-05-13T21:05:00Z,2026-05-13T22:10:00Z,65
1844170,West,BATHINDA,MIRPUR,Unplanned,Closed,2026-05-13T21:04:00Z,2026-05-13T22:37:29Z,93
1844147,Central,CITY WEST LUDHIANA,HIGHWAY FEEDER,Unplanned,Closed,2026-05-13T21:01:22Z,2026-05-13T23:32:38Z,151
1844168,South,PATIALA,UPS ALALMAJRA,Unplanned,Closed,2026-05-13T21:01:00Z,2026-05-13T22:25:00Z,84
1844167,South,PATIALA,BATHONIA,Unplanned,Closed,2026-05-13T21:01:00Z,2026-05-13T22:25:00Z,84
1844148,Central,KHANNA,MALERKOTLA ROAD,Unplanned,Closed,2026-05-13T21:01:00Z,2026-05-13T21:35:00Z,34
1844169,West,BATHINDA,ALLIKE,Unplanned,Closed,2026-05-13T21:00:00Z,2026-05-13T21:20:37Z,20
1844145,East,MOHALI,CHARBARH UPS,Unplanned,Closed,2026-05-13T20:58:44Z,2026-05-13T22:05:30Z,66
1844144,East,MOHALI,SIGMA,Unplanned,Closed,2026-05-13T20:58:44Z,2026-05-13T22:30:01Z,91
1844143,East,MOHALI,ALAMPUR UPS,Unplanned,Closed,2026-05-13T20:58:44Z,2026-05-13T21:10:24Z,11
1844141,East,MOHALI,TEPLA ROAD BANUR,Unplanned,Closed,2026-05-13T20:58:44Z,2026-05-13T21:47:10Z,48
1844139,East,MOHALI,BANUR URBAN 2,Unplanned,Closed,2026-05-13T20:58:44Z,2026-05-13T22:54:56Z,116
1844138,East,MOHALI,BANUR URBAN 1,Unplanned,Closed,2026-05-13T20:58:44Z,2026-05-13T21:21:07Z,22
1844136,East,MOHALI,MOTEMAJRA UPS,Unplanned,Closed,2026-05-13T20:58:44Z,2026-05-13T22:40:50Z,102
1844166,South,PATIALA,rajpura,Unplanned,Closed,2026-05-13T20:56:00Z,2026-05-13T21:40:00Z,44
1844164,South,PATIALA,UPS RAJPURA,Unplanned,Closed,2026-05-13T20:56:00Z,2026-05-13T21:35:00Z,39
1844160,South,PATIALA,ups Ambala Road,Unplanned,Closed,2026-05-13T20:56:00Z,2026-05-13T22:15:00Z,79
1844159,South,PATIALA,SYL (F.P),Unplanned,Closed,2026-05-13T20:56:00Z,2026-05-13T21:25:00Z,29
1844192,South,SANGRUR,Dhura Road,Unplanned,Closed,2026-05-13T20:55:10Z,2026-05-13T21:25:22Z,30
1844247,South,PATIALA,JAMITGARH UPS,Unplanned,Closed,2026-05-13T20:55:00Z,2026-05-14T10:25:15Z,810
1844245,South,PATIALA,11KV SAMASHPUR UPS,Unplanned,Closed,2026-05-13T20:55:00Z,2026-05-14T06:40:00Z,585
1844120,Border,CITY AMRITSAR,11 kv B.D.S FEEDER,Unplanned,Closed,2026-05-13T20:53:42Z,2026-05-13T21:56:22Z,62
1844117,West,FARIDKOT,11KV KHAMBE UPS..,Unplanned,Closed,2026-05-13T20:52:43Z,2026-05-13T21:07:05Z,14
1844116,West,MUKATSAR,Fatehgarh,Unplanned,Closed,2026-05-13T20:52:36Z,2026-05-13T21:11:22Z,18
1844278,South,PATIALA,11 KV Bector Foods,Unplanned,Closed,2026-05-13T20:51:00Z,2026-05-14T09:25:15Z,754
1844182,West,BATHINDA,HIRE WALA,Unplanned,Closed,2026-05-13T20:50:00Z,2026-05-13T21:15:18Z,25
1844133,North,KAPURTHALA,Bamuwal,Unplanned,Closed,2026-05-13T20:50:00Z,2026-05-13T21:40:00Z,50
1844124,North,KAPURTHALA,Mahuwal,Unplanned,Closed,2026-05-13T20:50:00Z,2026-05-13T21:40:00Z,50
1844191,East,MOHALI,11 KV Feeder sec 66 B,Unplanned,Closed,2026-05-13T20:46:00Z,2026-05-13T22:35:00Z,109
1844189,East,MOHALI,INDUSTRIAL-II,Unplanned,Closed,2026-05-13T20:46:00Z,2026-05-13T22:01:33Z,75
1844188,East,MOHALI,INDUSTRIAL I,Unplanned,Closed,2026-05-13T20:46:00Z,2026-05-13T23:03:00Z,137
1844114,Central,SUB URBAN LUDHIANA,City-02,Unplanned,Closed,2026-05-13T20:45:29Z,2026-05-13T21:20:28Z,34
1844118,Central,SUB URBAN LUDHIANA,CITY-5 UPS,Unplanned,Closed,2026-05-13T20:45:04Z,2026-05-13T20:50:41Z,5
1844277,South,PATIALA,MH CONTAINER,Unplanned,Closed,2026-05-13T20:45:00Z,2026-05-14T07:35:00Z,650
1844218,South,PATIALA,UPS MIRJAPUR,Unplanned,Closed,2026-05-13T20:45:00Z,2026-05-13T22:45:00Z,120
1844215,South,PATIALA,UPS PAWALA,Unplanned,Closed,2026-05-13T20:45:00Z,2026-05-13T21:50:00Z,65
1844162,South,PATIALA,11 KV UPS Kheri Raju,Unplanned,Closed,2026-05-13T20:45:00Z,2026-05-13T22:05:00Z,80
1844156,South,PATIALA,JANDOLI,Unplanned,Closed,2026-05-13T20:45:00Z,2026-05-13T21:35:00Z,50
1844154,South,PATIALA,DALIMA,Unplanned,Closed,2026-05-13T20:45:00Z,2026-05-13T21:25:00Z,40
1844153,South,PATIALA,Arya Samaj,Unplanned,Closed,2026-05-13T20:45:00Z,2026-05-13T21:45:00Z,60
1844152,South,PATIALA,LAKKAR MANDI,Unplanned,Closed,2026-05-13T20:45:00Z,2026-05-13T21:25:00Z,40
1844151,South,PATIALA,ANAAJ MANDI,Unplanned,Closed,2026-05-13T20:45:00Z,2026-05-13T22:55:00Z,130
1844146,Border,GURDASPUR,Sarti,Unplanned,Closed,2026-05-13T20:45:00Z,2026-05-13T21:45:00Z,60
1844134,South,SANGRUR,GHARAT,Unplanned,Closed,2026-05-13T20:45:00Z,2026-05-13T21:30:00Z,45
1844121,South,PATIALA,BOLI SAHIB,Unplanned,Closed,2026-05-13T20:45:00Z,2026-05-13T22:00:00Z,75
1844119,South,PATIALA,ROSHANPUR,Unplanned,Closed,2026-05-13T20:45:00Z,2026-05-13T22:05:00Z,80
1844112,North,JALANDHAR,FATEHGARH,Unplanned,Closed,2026-05-13T20:45:00Z,2026-05-13T21:35:00Z,50
1844137,South,PATIALA,BSNL,Unplanned,Closed,2026-05-13T20:42:00Z,2026-05-13T22:33:00Z,111
1844123,South,PATIALA,11 KV UPS 2,Unplanned,Closed,2026-05-13T20:42:00Z,2026-05-13T23:05:00Z,143
1844190,South,SANGRUR,Sangrur road,Unplanned,Closed,2026-05-13T20:41:10Z,2026-05-13T22:15:00Z,93
1844187,South,SANGRUR,Benra,Unplanned,Closed,2026-05-13T20:41:10Z,2026-05-13T22:40:00Z,118
1844072,Central,KHANNA,Motia Khan,Unplanned,Closed,2026-05-13T20:41:00Z,2026-05-13T21:15:00Z,34
1844068,Central,SUB URBAN LUDHIANA,Urban Main Bazar (City-4),Unplanned,Closed,2026-05-13T20:40:52Z,2026-05-13T21:05:11Z,24
1844304,South,PATIALA,SARHIND ROAD,Unplanned,Closed,2026-05-13T20:40:00Z,2026-05-13T23:36:00Z,176
1844142,South,PATIALA,UPS TEPLA,Unplanned,Closed,2026-05-13T20:40:00Z,2026-05-13T21:50:00Z,70
1844128,Central,KHANNA,Amloh Road,Unplanned,Closed,2026-05-13T20:40:00Z,2026-05-13T21:50:00Z,70
1844062,Central,CITY WEST LUDHIANA,Kiran Vihar,Unplanned,Closed,2026-05-13T20:39:01Z,2026-05-13T20:50:47Z,11
1844242,West,FARIDKOT,AMRITSAR ROAD URBAN,Unplanned,Closed,2026-05-13T20:38:00Z,2026-05-13T23:52:00Z,194
1844104,South,SANGRUR,GHORENAB UPS,Unplanned,Closed,2026-05-13T20:35:45Z,2026-05-13T22:41:45Z,126
1844103,South,SANGRUR,G/S/S SEKHUWAS,Unplanned,Closed,2026-05-13T20:35:45Z,2026-05-13T22:39:45Z,124
1844102,South,SANGRUR,UPS BHAI KE PASHOUR,Unplanned,Closed,2026-05-13T20:35:45Z,2026-05-13T23:29:45Z,174
1844101,South,SANGRUR,SEKHUWAS CITY,Unplanned,Closed,2026-05-13T20:35:45Z,2026-05-13T22:41:45Z,126
1844073,North,KAPURTHALA,UPS Sangowal Bet,Unplanned,Closed,2026-05-13T20:35:00Z,2026-05-13T21:55:00Z,80
1844057,West,BATHINDA,11 KV KOT LALLU,Unplanned,Closed,2026-05-13T20:35:00Z,2026-05-13T21:00:52Z,25
1844056,South,PATIALA,UPS Rohti Basta,Unplanned,Closed,2026-05-13T20:35:00Z,2026-05-13T21:30:00Z,55
1844042,Border,SUB URBAN AMRITSAR,11 KV MADOKEY UPS,Unplanned,Closed,2026-05-13T20:33:39Z,2026-05-13T22:39:00Z,125
1844113,East,Zirakpur,Jaskaran,Unplanned,Closed,2026-05-13T20:33:00Z,2026-05-13T22:35:00Z,122
1844110,East,Zirakpur,PEER BABA ROAD,Unplanned,Closed,2026-05-13T20:33:00Z,2026-05-13T22:35:00Z,122
1844108,East,Zirakpur,SINGHPURA,Unplanned,Closed,2026-05-13T20:33:00Z,2026-05-13T23:02:00Z,149
1844105,East,Zirakpur,GREEN LOTUS,Unplanned,Closed,2026-05-13T20:33:00Z,2026-05-13T23:41:00Z,188
1844086,East,Zirakpur,RANBAXY,Unplanned,Closed,2026-05-13T20:33:00Z,2026-05-13T22:02:00Z,89
1844041,Central,CITY WEST LUDHIANA,EXTENSION,Planned,Closed,2026-05-13T20:31:01Z,2026-05-13T20:52:07Z,21
1844061,West,BATHINDA,Budhlada URBAN,Unplanned,Closed,2026-05-13T20:31:00Z,2026-05-13T22:40:00Z,129
1844111,South,SANGRUR,GHARACHON Cat- 1,Unplanned,Closed,2026-05-13T20:30:00Z,2026-05-13T21:55:00Z,85
1844091,Central,KHANNA,Nandi Colony,Unplanned,Closed,2026-05-13T20:30:00Z,2026-05-13T20:50:00Z,20
1844088,Central,KHANNA,Khanna feeder,Unplanned,Closed,2026-05-13T20:30:00Z,2026-05-13T20:40:00Z,10
1844085,Central,KHANNA,11 KV MODEL TOWN,Unplanned,Closed,2026-05-13T20:30:00Z,2026-05-13T21:52:00Z,82
1844084,Central,KHANNA,Peer Khana,Unplanned,Closed,2026-05-13T20:30:00Z,2026-05-13T23:04:00Z,154
1844081,Central,KHANNA,Gagan Feeder,Unplanned,Closed,2026-05-13T20:30:00Z,2026-05-13T21:35:00Z,65
1844079,Central,KHANNA,Samrala Road,Unplanned,Closed,2026-05-13T20:30:00Z,2026-05-13T21:52:00Z,82
1844077,South,PATIALA,11 kV Udham Singh Nagar,Unplanned,Closed,2026-05-13T20:30:00Z,2026-05-13T21:35:00Z,65
1844064,South,PATIALA,URBAN NANAKSAR,Unplanned,Closed,2026-05-13T20:30:00Z,2026-05-13T21:35:00Z,65
1844060,East,ROPAR,Shri Guru Harkrishan,Unplanned,Closed,2026-05-13T20:30:00Z,2026-05-13T21:20:00Z,50
1844059,North,KAPURTHALA,UPS Partabpura,Unplanned,Closed,2026-05-13T20:30:00Z,2026-05-13T20:45:00Z,15
1844058,East,ROPAR,11KV Mohan Majra,Unplanned,Closed,2026-05-13T20:30:00Z,2026-05-13T20:50:00Z,20
1844055,East,Zirakpur,11KV Dream Home,Unplanned,Closed,2026-05-13T20:30:00Z,2026-05-13T20:59:00Z,29
1844054,East,Zirakpur,SANULI,Unplanned,Closed,2026-05-13T20:30:00Z,2026-05-13T21:05:00Z,35
1844044,West,BATHINDA,Mian,Unplanned,Closed,2026-05-13T20:30:00Z,2026-05-13T21:46:28Z,76
1844024,Border,SUB URBAN AMRITSAR,UPS KOHALA,Unplanned,Closed,2026-05-13T20:27:20Z,2026-05-14T08:48:00Z,740
1844071,South,SANGRUR,Rajindrapuri,Unplanned,Closed,2026-05-13T20:25:10Z,2026-05-13T21:40:15Z,75
1844130,South,SANGRUR,Dhode C-1,Unplanned,Closed,2026-05-13T20:23:00Z,2026-05-13T21:44:00Z,81
1844067,Central,KHANNA,URBAN,Unplanned,Closed,2026-05-13T20:22:00Z,2026-05-13T20:56:00Z,34
1844025,East,MOHALI,11KV MK TECHNOLOGY,Unplanned,Closed,2026-05-13T20:22:00Z,2026-05-13T20:45:45Z,23
1844004,Border,CITY AMRITSAR,BHAI MANJ ROAD,Unplanned,Closed,2026-05-13T20:21:37Z,2026-05-13T21:26:35Z,64
1844115,East,ROPAR,DATARPUR,Unplanned,Closed,2026-05-13T20:21:00Z,2026-05-13T21:20:00Z,59
1844089,Central,SUB URBAN LUDHIANA,RACHHIN,Unplanned,Closed,2026-05-13T20:20:52Z,2026-05-13T21:20:34Z,59
1844083,Central,SUB URBAN LUDHIANA,NAGLAN,Unplanned,Closed,2026-05-13T20:20:52Z,2026-05-13T21:11:07Z,50
1844074,Central,SUB URBAN LUDHIANA,11 KV LEHRA UPS FEEDER,Unplanned,Closed,2026-05-13T20:20:52Z,2026-05-13T21:10:24Z,49
1844202,South,BARNALA,ALLI KE UPS,Unplanned,Closed,2026-05-13T20:20:00Z,2026-05-14T00:40:00Z,260
1844080,Border,GURDASPUR,Bhagwansar,Unplanned,Closed,2026-05-13T20:20:00Z,2026-05-13T20:55:00Z,35
1844069,Central,KHANNA,Mahpur,Unplanned,Closed,2026-05-13T20:20:00Z,2026-05-13T21:40:00Z,80
1844051,South,SANGRUR,ANAJ MANDI,Unplanned,Closed,2026-05-13T20:20:00Z,2026-05-13T21:15:00Z,55
1844040,South,PATIALA,UPS NABHA NO. 2,Unplanned,Closed,2026-05-13T20:20:00Z,2026-05-13T22:03:00Z,103
1844023,Border,GURDASPUR,Maira,Unplanned,Closed,2026-05-13T20:20:00Z,2026-05-13T21:30:00Z,70
1844010,North,KAPURTHALA,Purani Dana mandi,Unplanned,Closed,2026-05-13T20:19:00Z,2026-05-13T20:56:00Z,37
1844087,Border,GURDASPUR,Maira UPS,Unplanned,Closed,2026-05-13T20:17:00Z,2026-05-13T21:05:00Z,48
1844009,West,MUKATSAR,11 KV TARA ESTATE,Unplanned,Closed,2026-05-13T20:16:00Z,2026-05-13T20:30:00Z,14
1844008,West,MUKATSAR,11 KV Alamgarh,Unplanned,Closed,2026-05-13T20:16:00Z,2026-05-13T20:30:00Z,14
1844007,West,MUKATSAR,11 KV Rajiv Nagar,Unplanned,Closed,2026-05-13T20:16:00Z,2026-05-13T20:30:00Z,14
1844006,West,MUKATSAR,11 KV Circular Road,Unplanned,Closed,2026-05-13T20:16:00Z,2026-05-13T20:30:00Z,14
1844005,West,MUKATSAR,INDRA NAGRI,Unplanned,Closed,2026-05-13T20:16:00Z,2026-05-13T20:30:00Z,14
1844003,West,MUKATSAR,KRISHNA NAGRI,Unplanned,Closed,2026-05-13T20:16:00Z,2026-05-13T20:30:00Z,14
1844002,West,MUKATSAR,11 KV GANGA NAGAR ROAD,Unplanned,Closed,2026-05-13T20:16:00Z,2026-05-13T20:30:00Z,14
1844001,West,MUKATSAR,11 KV KANDHWALA Road Urban,Unplanned,Closed,2026-05-13T20:16:00Z,2026-05-13T20:30:00Z,14
1844000,West,MUKATSAR,11 KV SIDHU NAGRI,Unplanned,Closed,2026-05-13T20:16:00Z,2026-05-13T20:30:00Z,14
1843999,West,MUKATSAR,11 KV NAI ABADI,Unplanned,Closed,2026-05-13T20:16:00Z,2026-05-13T20:30:00Z,14
1843984,Border,SUB URBAN AMRITSAR,"D-block, GAD avenue",Unplanned,Closed,2026-05-13T20:16:00Z,2026-05-13T20:49:00Z,33
1844070,Central,SUB URBAN LUDHIANA,INDUSTRY,Unplanned,Closed,2026-05-13T20:15:52Z,2026-05-13T20:55:50Z,39
1844076,South,SANGRUR,KATRON 1,Unplanned,Closed,2026-05-13T20:15:10Z,2026-05-13T22:15:00Z,119
1844075,South,SANGRUR,Bhagwanpura,Unplanned,Closed,2026-05-13T20:15:10Z,2026-05-13T22:15:00Z,119
1844149,South,SANGRUR,11KV UPS JOLIAN,Unplanned,Closed,2026-05-13T20:15:00Z,2026-05-13T22:40:00Z,145
1844109,East,ROPAR,Sialba,Unplanned,Closed,2026-05-13T20:15:00Z,2026-05-13T21:02:00Z,47
1844107,East,ROPAR,Barodi,Unplanned,Closed,2026-05-13T20:15:00Z,2026-05-13T21:02:00Z,47
1844106,East,ROPAR,Khijrabad Kandi,Unplanned,Closed,2026-05-13T20:15:00Z,2026-05-13T21:02:00Z,47
1844100,East,ROPAR,Ranguana,Unplanned,Closed,2026-05-13T20:15:00Z,2026-05-13T21:02:00Z,47
1844098,East,ROPAR,Dhakoran,Unplanned,Closed,2026-05-13T20:15:00Z,2026-05-13T20:53:00Z,38
1844096,East,ROPAR,Siswan,Unplanned,Closed,2026-05-13T20:15:00Z,2026-05-13T21:02:00Z,47
1844022,East,MOHALI,11kv SIAU,Unplanned,Closed,2026-05-13T20:15:00Z,2026-05-13T20:50:43Z,35
1843989,South,SANGRUR,11kv Bank road,Unplanned,Closed,2026-05-13T20:15:00Z,2026-05-13T20:56:00Z,41
1843977,Central,CITY WEST LUDHIANA,DANA MANDI,Unplanned,Closed,2026-05-13T20:14:06Z,2026-05-13T21:17:37Z,63
1843975,Central,CITY WEST LUDHIANA,A block,Unplanned,Closed,2026-05-13T20:12:46Z,2026-05-13T22:44:22Z,151
1843985,Border,GURDASPUR,Seunty,Unplanned,Closed,2026-05-13T20:12:00Z,2026-05-13T22:01:00Z,109
1843987,North,JALANDHAR,11 KV GULAB DEVI,Unplanned,Closed,2026-05-13T20:11:47Z,2026-05-13T20:25:05Z,13
1843988,West,BATHINDA,PARTAP NAGAR,Unplanned,Closed,2026-05-13T20:11:00Z,2026-05-13T21:10:06Z,59
1844078,Central,SUB URBAN LUDHIANA,UPS,Unplanned,Closed,2026-05-13T20:10:52Z,2026-05-13T21:05:35Z,54
1844099,South,PATIALA,UPS Lout,Unplanned,Closed,2026-05-13T20:10:00Z,2026-05-13T22:10:00Z,120
1844097,South,PATIALA,UPS ALLOWAL,Unplanned,Closed,2026-05-13T20:10:00Z,2026-05-13T22:14:00Z,124
1844093,Central,SUB URBAN LUDHIANA,Ghungrana UPS,Unplanned,Closed,2026-05-13T20:10:00Z,2026-05-13T20:55:30Z,45
1844039,Border,GURDASPUR,24Hrs DALERPUR,Unplanned,Closed,2026-05-13T20:10:00Z,2026-05-13T20:55:00Z,45
1843972,West,BATHINDA,TRANSPORT NAGAR,Unplanned,Closed,2026-05-13T20:10:00Z,2026-05-13T21:21:00Z,71
1843971,Border,GURDASPUR,GHO,Unplanned,Closed,2026-05-13T20:10:00Z,2026-05-13T20:35:00Z,25
1843927,North,NAWANSHAHR,11KV BARNALA,Unplanned,Closed,2026-05-13T20:10:00Z,2026-05-13T20:13:00Z,3
1843965,West,FARIDKOT,BAJA ROAD,Unplanned,Closed,2026-05-13T20:08:28Z,2026-05-13T21:49:27Z,100
1843958,Central,CITY EAST LUDHIANA,D007-11 KV VIJAY NAGAR,Unplanned,Closed,2026-05-13T20:08:09Z,2026-05-13T22:51:09Z,163
1843957,Central,CITY EAST LUDHIANA,11 KV KIDWAI NAGAR,Unplanned,Closed,2026-05-13T20:08:09Z,2026-05-13T22:51:09Z,163
1843956,Central,CITY EAST LUDHIANA,Ganesh Nagar,Unplanned,Closed,2026-05-13T20:08:09Z,2026-05-13T22:51:09Z,163
1843955,Central,CITY EAST LUDHIANA,RAJ SANDEEP,Unplanned,Closed,2026-05-13T20:08:09Z,2026-05-13T22:51:09Z,163
1843954,Central,CITY EAST LUDHIANA,TAJ GANJ,Unplanned,Closed,2026-05-13T20:08:09Z,2026-05-13T22:51:09Z,163
1843953,Central,CITY EAST LUDHIANA,11KV Guru Teg feeder,Unplanned,Closed,2026-05-13T20:08:09Z,2026-05-13T22:51:09Z,163
1843952,Central,CITY EAST LUDHIANA,11KV Mahindra Colony,Unplanned,Closed,2026-05-13T20:08:09Z,2026-05-13T22:51:09Z,163
1843951,Central,CITY EAST LUDHIANA,VENUS WOLLEN MILLS,Unplanned,Closed,2026-05-13T20:08:09Z,2026-05-13T22:51:09Z,163
1843950,Central,CITY EAST LUDHIANA,SACHDEVA,Unplanned,Closed,2026-05-13T20:08:09Z,2026-05-13T22:51:09Z,163
1843949,Central,CITY EAST LUDHIANA,NAHAR SPG,Unplanned,Closed,2026-05-13T20:08:09Z,2026-05-13T22:51:09Z,163
1843948,Central,CITY EAST LUDHIANA,OSWAL,Unplanned,Closed,2026-05-13T20:08:09Z,2026-05-13T22:50:09Z,162
1843947,Central,CITY EAST LUDHIANA,BROWN ROAD,Unplanned,Closed,2026-05-13T20:08:09Z,2026-05-13T22:50:09Z,162
1843946,Central,CITY EAST LUDHIANA,LINK ROAD,Unplanned,Closed,2026-05-13T20:08:09Z,2026-05-13T22:51:09Z,163
1843945,Central,CITY EAST LUDHIANA,11 KV Om Processor,Unplanned,Closed,2026-05-13T20:08:09Z,2026-05-13T22:51:09Z,163
1843944,Central,CITY EAST LUDHIANA,11 KV Shiv Chowk,Unplanned,Closed,2026-05-13T20:08:09Z,2026-05-13T22:51:09Z,163
1843943,Central,CITY EAST LUDHIANA,Voltan industry,Unplanned,Closed,2026-05-13T20:08:09Z,2026-05-13T22:51:09Z,163
1843942,Central,CITY EAST LUDHIANA,TEXTILE,Unplanned,Closed,2026-05-13T20:08:09Z,2026-05-13T22:51:09Z,163
1843941,Central,CITY EAST LUDHIANA,WEST,Unplanned,Closed,2026-05-13T20:08:09Z,2026-05-13T22:51:09Z,163
1843940,Central,CITY EAST LUDHIANA,R.K.,Unplanned,Closed,2026-05-13T20:08:09Z,2026-05-13T22:51:09Z,163
1843939,Central,CITY EAST LUDHIANA,DOHLEWAL,Unplanned,Closed,2026-05-13T20:08:09Z,2026-05-13T22:51:09Z,163
1843938,Central,CITY EAST LUDHIANA,KAILASH NAGAR,Unplanned,Closed,2026-05-13T20:08:09Z,2026-05-13T22:51:09Z,163
1843937,Central,CITY EAST LUDHIANA,suffion,Unplanned,Closed,2026-05-13T20:08:09Z,2026-05-13T22:51:09Z,163
1843936,Central,CITY EAST LUDHIANA,HANUMAN MANDIR,Unplanned,Closed,2026-05-13T20:08:09Z,2026-05-13T22:51:09Z,163
1843935,Central,CITY EAST LUDHIANA,TUBEWELL,Unplanned,Closed,2026-05-13T20:08:09Z,2026-05-13T22:51:09Z,163
1843934,Central,CITY EAST LUDHIANA,MES,Unplanned,Closed,2026-05-13T20:08:09Z,2026-05-13T22:50:09Z,162
1843933,Central,CITY EAST LUDHIANA,COMMAN WEALTH,Unplanned,Closed,2026-05-13T20:08:09Z,2026-05-13T22:51:09Z,163
1843932,Central,CITY EAST LUDHIANA,pearl,Unplanned,Closed,2026-05-13T20:08:09Z,2026-05-13T21:08:09Z,60
1844043,East,Zirakpur,LALRU MANDI,Unplanned,Closed,2026-05-13T20:08:00Z,2026-05-13T20:40:00Z,32
1843966,Border,GURDASPUR,Sathiali 24 hrs.,Unplanned,Closed,2026-05-13T20:08:00Z,2026-05-13T21:10:00Z,62
1843922,Border,SUB URBAN AMRITSAR,KOTLA UPS,Unplanned,Closed,2026-05-13T20:07:44Z,2026-05-13T21:04:46Z,57
1843921,Border,SUB URBAN AMRITSAR,SEWAGE TREATMENT PLANT,Unplanned,Closed,2026-05-13T20:07:44Z,2026-05-13T21:04:53Z,57
1843920,Border,SUB URBAN AMRITSAR,BSF,Unplanned,Closed,2026-05-13T20:07:44Z,2026-05-13T21:05:03Z,57
1843919,Border,SUB URBAN AMRITSAR,11 KV WADALA,Unplanned,Closed,2026-05-13T20:07:44Z,2026-05-13T21:05:09Z,57
1843911,West,FARIDKOT,MUSEWAALA (MASITAN),Unplanned,Closed,2026-05-13T20:07:37Z,2026-05-13T21:06:45Z,59
1843931,South,PATIALA,GC/ SPINYEX,Unplanned,Closed,2026-05-13T20:06:00Z,2026-05-13T20:31:00Z,25
1843930,South,PATIALA,HARMAN,Unplanned,Closed,2026-05-13T20:06:00Z,2026-05-13T20:32:00Z,26
1843929,South,PATIALA,WARICHAN ROAD,Unplanned,Closed,2026-05-13T20:06:00Z,2026-05-13T20:31:00Z,25
1843926,South,PATIALA,BHAWNIGARH ROAD-1,Unplanned,Closed,2026-05-13T20:06:00Z,2026-05-13T20:31:00Z,25
1843925,South,PATIALA,ANAJ MANDI,Unplanned,Closed,2026-05-13T20:06:00Z,2026-05-13T20:31:00Z,25
1843924,South,PATIALA,MANDI ROAD,Unplanned,Closed,2026-05-13T20:06:00Z,2026-05-13T20:30:00Z,24
1843923,South,PATIALA,CITY SAMANA,Unplanned,Closed,2026-05-13T20:06:00Z,2026-05-13T20:31:00Z,25
1844038,South,PATIALA,11KV SAMASHPUR UPS,Unplanned,Closed,2026-05-13T20:05:34Z,2026-05-13T20:21:34Z,16
1844037,South,PATIALA,JAMITGARH UPS,Unplanned,Closed,2026-05-13T20:05:34Z,2026-05-13T20:21:34Z,16
1844036,South,PATIALA,LOHSIMBLI (LOHSIMBLI),Unplanned,Closed,2026-05-13T20:05:34Z,2026-05-13T20:21:34Z,16
1844035,South,PATIALA,UPS BHAGORA,Unplanned,Closed,2026-05-13T20:05:30Z,2026-05-13T20:21:30Z,16
1844034,South,PATIALA,GHANAUR,Unplanned,Closed,2026-05-13T20:05:30Z,2026-05-13T20:21:30Z,16
1844033,South,PATIALA,UPS MARU,Unplanned,Closed,2026-05-13T20:05:30Z,2026-05-13T20:21:30Z,16
1844032,South,PATIALA,11 KV Amara Breweries,Unplanned,Closed,2026-05-13T20:05:30Z,2026-05-13T20:21:30Z,16
1844031,South,PATIALA,Hospital feeder,Unplanned,Closed,2026-05-13T20:05:30Z,2026-05-13T20:21:30Z,16
1844030,South,PATIALA,SUB STATION GHANOUR,Unplanned,Closed,2026-05-13T20:05:30Z,2026-05-13T20:21:30Z,16
1844029,South,PATIALA,UPS RURKI,Unplanned,Closed,2026-05-13T20:05:30Z,2026-05-13T20:21:30Z,16
1844028,South,PATIALA,SOGALPUR UPS,Unplanned,Closed,2026-05-13T20:05:30Z,2026-05-13T20:21:30Z,16
1844027,South,PATIALA,UPS CHAMARU,Unplanned,Closed,2026-05-13T20:05:30Z,2026-05-13T20:21:30Z,16
1844092,East,ROPAR,PADIALA,Unplanned,Closed,2026-05-13T20:05:00Z,2026-05-13T21:00:00Z,55
1844053,Border,GURDASPUR,Thathi,Unplanned,Closed,2026-05-13T20:05:00Z,2026-05-13T21:07:00Z,62
1843969,South,SANGRUR,M K Road,Unplanned,Closed,2026-05-13T20:05:00Z,2026-05-13T22:50:00Z,165
1843968,North,HOSHIARPUR,BAJWARA,Unplanned,Closed,2026-05-13T20:05:00Z,2026-05-13T20:30:00Z,25
1843967,North,HOSHIARPUR,SHIMLA PAHARI,Unplanned,Closed,2026-05-13T20:05:00Z,2026-05-13T21:32:00Z,87
1843964,North,HOSHIARPUR,ASLAMABAD,Unplanned,Closed,2026-05-13T20:05:00Z,2026-05-13T20:34:00Z,29
1843963,Border,GURDASPUR,Roranwali 24 hrs.,Unplanned,Closed,2026-05-13T20:05:00Z,2026-05-13T20:25:00Z,20
1843961,North,HOSHIARPUR,service club,Unplanned,Closed,2026-05-13T20:05:00Z,2026-05-13T21:10:00Z,65
1843960,Border,GURDASPUR,11 K.V UPS Balwanda,Unplanned,Closed,2026-05-13T20:05:00Z,2026-05-13T20:47:00Z,42
1843959,Border,GURDASPUR,Kahnuwan City,Unplanned,Closed,2026-05-13T20:05:00Z,2026-05-13T20:35:00Z,30
1843917,North,NAWANSHAHR,SIKANDERPUR,Unplanned,Closed,2026-05-13T20:05:00Z,2026-05-13T20:42:00Z,37
1843916,North,NAWANSHAHR,BORA,Unplanned,Closed,2026-05-13T20:05:00Z,2026-05-13T21:05:00Z,60
1843915,North,NAWANSHAHR,BHAJJAL,Unplanned,Closed,2026-05-13T20:05:00Z,2026-05-13T21:05:00Z,60
1843913,North,NAWANSHAHR,SADHOWAL,Unplanned,Closed,2026-05-13T20:05:00Z,2026-05-13T21:05:00Z,60
1843912,North,NAWANSHAHR,DUGRI,Unplanned,Closed,2026-05-13T20:05:00Z,2026-05-13T20:42:00Z,37
1844090,East,ROPAR,AKALGARH,Unplanned,Closed,2026-05-13T20:04:00Z,2026-05-13T20:58:00Z,54
1843974,South,PATIALA,INDUSTRIAL F.POINT,Unplanned,Closed,2026-05-13T20:04:00Z,2026-05-13T21:06:00Z,62
1843896,North,NAWANSHAHR,11 KV Begam Pur,Unplanned,Closed,2026-05-13T20:04:00Z,2026-05-13T20:58:00Z,54
1843973,West,BATHINDA,KISHANGARH URBAN,Unplanned,Closed,2026-05-13T20:03:00Z,2026-05-13T21:30:00Z,87
1843884,Central,CITY WEST LUDHIANA,ISHER NAGAR FEEDER,Unplanned,Closed,2026-05-13T20:02:35Z,2026-05-13T20:53:09Z,50
1844014,East,ROPAR,11 KV Moura,Unplanned,Closed,2026-05-13T20:02:00Z,2026-05-13T22:06:57Z,124
1843893,Central,CITY WEST LUDHIANA,PHULLANWAL,Unplanned,Closed,2026-05-13T20:01:22Z,2026-05-13T20:36:03Z,34
1844047,South,SANGRUR,AMBEKAR NAGAR,Unplanned,Closed,2026-05-13T20:01:00Z,2026-05-13T21:10:00Z,69
1843979,South,SANGRUR,NANKIANA SAHIB,Unplanned,Closed,2026-05-13T20:01:00Z,2026-05-13T21:10:00Z,69
1843976,South,SANGRUR,POLICE LINE,Unplanned,Closed,2026-05-13T20:01:00Z,2026-05-13T21:32:00Z,91
1843918,West,MUKATSAR,11 KV BALLUANA UPS,Unplanned,Closed,2026-05-13T20:01:00Z,2026-05-13T20:26:00Z,25
1844063,Central,CITY WEST LUDHIANA,SANT ISHER SINGH NAGAR,Unplanned,Closed,2026-05-13T20:00:57Z,2026-05-13T22:15:17Z,134
1843889,Central,SUB URBAN LUDHIANA,Noora mahi,Unplanned,Closed,2026-05-13T20:00:49Z,2026-05-13T21:55:00Z,114
1843886,Central,SUB URBAN LUDHIANA,Ganga Sagar,Unplanned,Closed,2026-05-13T20:00:49Z,2026-05-13T21:54:00Z,113
1844135,Central,KHANNA,Alloona Miana,Unplanned,Closed,2026-05-13T20:00:00Z,2026-05-13T21:45:00Z,105
1844132,Central,KHANNA,Sahpur,Unplanned,Closed,2026-05-13T20:00:00Z,2026-05-13T21:33:00Z,93
1844131,Central,KHANNA,DANA MANDI,Unplanned,Closed,2026-05-13T20:00:00Z,2026-05-13T21:04:00Z,64
1844129,Central,KHANNA,BILASPUR,Unplanned,Closed,2026-05-13T20:00:00Z,2026-05-13T21:35:00Z,95
1844127,Central,KHANNA,KATAHRI,Unplanned,Closed,2026-05-13T20:00:00Z,2026-05-13T21:51:00Z,111
1844012,West,BATHINDA,Station Basti,Unplanned,Closed,2026-05-13T20:00:00Z,2026-05-13T21:00:00Z,60
1844011,South,SANGRUR,City No. 1,Unplanned,Closed,2026-05-13T20:00:00Z,2026-05-13T21:35:00Z,95
1843994,South,BARNALA,Jagjitpura UPS,Unplanned,Closed,2026-05-13T20:00:00Z,2026-05-13T21:00:00Z,60
1843986,South,BARNALA,Maur Nabha,Unplanned,Closed,2026-05-13T20:00:00Z,2026-05-13T21:25:00Z,85
1843970,West,BATHINDA,11 kv Dera mastan das,Unplanned,Closed,2026-05-13T20:00:00Z,2026-05-13T21:00:00Z,60
1843897,Central,CITY EAST LUDHIANA,WAIT GANJ,Planned,Closed,2026-05-13T20:00:00Z,2026-05-13T21:08:00Z,68
1843881,North,KAPURTHALA,Lakhan Ke Paddey,Unplanned,Closed,2026-05-13T20:00:00Z,2026-05-13T20:45:00Z,45
1843879,North,KAPURTHALA,Bamuwal,Unplanned,Closed,2026-05-13T20:00:00Z,2026-05-13T20:45:00Z,45
1843871,South,PATIALA,DHAINTHAL,Unplanned,Closed,2026-05-13T20:00:00Z,2026-05-13T20:28:00Z,28
1843862,Border,SUB URBAN AMRITSAR,TALLAY,Unplanned,Closed,2026-05-13T19:58:49Z,2026-05-14T07:12:00Z,673
1843928,South,PATIALA,Bhupindra Road,Unplanned,Closed,2026-05-13T19:57:18Z,2026-05-13T20:50:00Z,52
1844026,Border,GURDASPUR,24Hrs Khanowal,Unplanned,Closed,2026-05-13T19:55:00Z,2026-05-13T20:55:00Z,60
1844016,Border,GURDASPUR,Ghurala,Unplanned,Closed,2026-05-13T19:55:00Z,2026-05-13T21:21:00Z,86
1844013,Border,GURDASPUR,Jafferwal,Unplanned,Closed,2026-05-13T19:55:00Z,2026-05-13T21:10:00Z,75
1843962,Border,GURDASPUR,Mirthal,Unplanned,Closed,2026-05-13T19:55:00Z,2026-05-13T20:20:00Z,25
1843901,South,SANGRUR,Bajwa UPS,Unplanned,Closed,2026-05-13T19:55:00Z,2026-05-13T21:30:00Z,95
1843899,South,SANGRUR,Kheri Cat.No1,Unplanned,Closed,2026-05-13T19:55:00Z,2026-05-13T20:40:00Z,45
1843895,South,PATIALA,BATHONIA,Unplanned,Closed,2026-05-13T19:55:00Z,2026-05-13T20:53:00Z,58
1843894,South,PATIALA,UPS ALALMAJRA,Unplanned,Closed,2026-05-13T19:55:00Z,2026-05-13T20:53:00Z,58
1843892,South,PATIALA,ups Ambala Road,Unplanned,Closed,2026-05-13T19:55:00Z,2026-05-13T20:55:00Z,60
1843891,South,SANGRUR,Bagrian Road,Unplanned,Closed,2026-05-13T19:55:00Z,2026-05-13T21:07:24Z,72
1843888,South,PATIALA,Bharat colony,Unplanned,Closed,2026-05-13T19:55:00Z,2026-05-13T20:55:00Z,60
1843887,South,PATIALA,BABA DEEP SINGH,Unplanned,Closed,2026-05-13T19:55:00Z,2026-05-13T20:55:00Z,60
1843885,South,PATIALA,SUNDER NAGAR RAJPURA,Unplanned,Closed,2026-05-13T19:55:00Z,2026-05-13T20:55:00Z,60
1843883,South,PATIALA,UPS RAJPURA,Unplanned,Closed,2026-05-13T19:55:00Z,2026-05-13T20:55:00Z,60
1843882,South,PATIALA,SYL (F.P),Unplanned,Closed,2026-05-13T19:55:00Z,2026-05-13T20:55:00Z,60
1843880,South,PATIALA,rajpura,Unplanned,Closed,2026-05-13T19:55:00Z,2026-05-13T20:55:00Z,60
1844214,South,PATIALA,New Moti Bagh,Unplanned,Closed,2026-05-13T19:53:50Z,2026-05-13T21:30:47Z,96
1844213,South,PATIALA,Ghalaudi Gate,Unplanned,Closed,2026-05-13T19:53:50Z,2026-05-13T21:30:47Z,96
1844212,South,PATIALA,jiwan complex,Unplanned,Closed,2026-05-13T19:53:50Z,2026-05-13T21:30:47Z,96
1844211,South,PATIALA,Officer Colony,Unplanned,Closed,2026-05-13T19:53:50Z,2026-05-13T21:30:47Z,96
1844210,South,PATIALA,Palace Feeder,Unplanned,Closed,2026-05-13T19:53:50Z,2026-05-13T21:30:47Z,96
1844209,South,PATIALA,NIS Complex,Unplanned,Closed,2026-05-13T19:53:50Z,2026-05-13T21:31:47Z,97
1844208,South,PATIALA,Mohindra College,Unplanned,Closed,2026-05-13T19:53:50Z,2026-05-13T21:31:47Z,97
1844207,South,PATIALA,Bahera Road,Unplanned,Closed,2026-05-13T19:53:50Z,2026-05-13T21:30:47Z,96
1844206,South,PATIALA,Polo Ground,Unplanned,Closed,2026-05-13T19:53:50Z,2026-05-13T21:31:47Z,97
1844205,South,PATIALA,SULAR,Unplanned,Closed,2026-05-13T19:53:50Z,2026-05-13T21:30:47Z,96
1844204,South,PATIALA,Ram Ashram,Unplanned,Closed,2026-05-13T19:53:50Z,2026-05-13T21:30:47Z,96
1844203,South,PATIALA,Jain Ice,Unplanned,Closed,2026-05-13T19:53:50Z,2026-05-13T21:30:47Z,96
1843914,West,FARIDKOT,11 KV RANSHIH KALAN-UPS,Unplanned,Closed,2026-05-13T19:52:00Z,2026-05-13T22:53:00Z,181
1843822,North,NAWANSHAHR,JADLA,Unplanned,Closed,2026-05-13T19:52:00Z,2026-05-13T19:58:00Z,6
1843774,North,JALANDHAR,NATIONAL,Unplanned,Closed,2026-05-13T19:51:59Z,2026-05-13T20:20:56Z,28
1843859,East,MOHALI,Bank Colony,Unplanned,Closed,2026-05-13T19:51:55Z,2026-05-13T20:35:55Z,44
1843858,East,MOHALI,Trivikarma,Unplanned,Closed,2026-05-13T19:51:55Z,2026-05-13T20:36:55Z,45
1843857,East,MOHALI,I.T PARK,Unplanned,Closed,2026-05-13T19:51:55Z,2026-05-13T22:25:55Z,154
1843856,East,MOHALI,11KV Mohali walk,Unplanned,Closed,2026-05-13T19:51:55Z,2026-05-13T20:36:55Z,45
1843855,East,MOHALI,Sector-68 B,Unplanned,Closed,2026-05-13T19:51:55Z,2026-05-13T20:34:55Z,43
1843854,East,MOHALI,11 KV Feeder sec 68A,Unplanned,Closed,2026-05-13T19:51:55Z,2026-05-13T20:35:55Z,44
1843853,East,MOHALI,11 KV Feeder sec 69 B,Unplanned,Closed,2026-05-13T19:51:55Z,2026-05-13T20:50:55Z,59
1843852,East,MOHALI,11 KV 63 A,Unplanned,Closed,2026-05-13T19:51:55Z,2026-05-13T20:36:55Z,45
1843851,East,MOHALI,SEC-69,Unplanned,Closed,2026-05-13T19:51:55Z,2026-05-13T20:36:55Z,45
1843850,East,MOHALI,SEC-70,Unplanned,Closed,2026-05-13T19:51:55Z,2026-05-13T22:14:55Z,143
1843849,East,MOHALI,SEC 63,Unplanned,Closed,2026-05-13T19:51:55Z,2026-05-13T20:35:55Z,44
1843848,East,MOHALI,11KV FOREST FEEDER,Unplanned,Closed,2026-05-13T19:51:55Z,2026-05-13T20:35:55Z,44
1843847,East,MOHALI,PCA,Unplanned,Closed,2026-05-13T19:51:55Z,2026-05-13T20:35:55Z,44
1843846,East,MOHALI,64-C,Unplanned,Closed,2026-05-13T19:51:55Z,2026-05-13T20:35:55Z,44
1843845,East,MOHALI,64-B,Unplanned,Closed,2026-05-13T19:51:55Z,2026-05-13T20:35:55Z,44
1843844,East,MOHALI,URBAN PH-7,Unplanned,Closed,2026-05-13T19:51:55Z,2026-05-13T23:00:55Z,189
1843843,East,MOHALI,CITY PARK,Unplanned,Closed,2026-05-13T19:51:55Z,2026-05-13T20:36:55Z,45
1843842,East,MOHALI,FORTIS,Unplanned,Closed,2026-05-13T19:51:55Z,2026-05-13T20:36:55Z,45
1843841,East,MOHALI,11 KV Sec-69-A,Unplanned,Closed,2026-05-13T19:51:55Z,2026-05-13T20:33:55Z,42
1843840,East,MOHALI,SEC-68,Unplanned,Closed,2026-05-13T19:51:55Z,2026-05-13T20:35:55Z,44
1843898,North,JALANDHAR,Pandori,Unplanned,Closed,2026-05-13T19:51:00Z,2026-05-13T20:00:00Z,9
1843766,Central,CITY WEST LUDHIANA,TIKONA PARK,Unplanned,Closed,2026-05-13T19:50:14Z,2026-05-13T20:50:44Z,60
1844052,Central,SUB URBAN LUDHIANA,CITY-4,Unplanned,Closed,2026-05-13T19:50:00Z,2026-05-13T22:45:00Z,175
1844050,Central,SUB URBAN LUDHIANA,CITY-3,Unplanned,Closed,2026-05-13T19:50:00Z,2026-05-13T22:20:00Z,150
1844021,Border,GURDASPUR,Jugial,Unplanned,Closed,2026-05-13T19:50:00Z,2026-05-13T21:10:00Z,80
1844019,Border,SUB URBAN AMRITSAR,Ekalgadda Category-1,Unplanned,Closed,2026-05-13T19:50:00Z,2026-05-13T20:50:00Z,60
1843870,East,Zirakpur,Hasanpur UPS,Unplanned,Closed,2026-05-13T19:50:00Z,2026-05-13T23:35:00Z,225
1843861,North,HOSHIARPUR,GIDARPINDI,Unplanned,Closed,2026-05-13T19:50:00Z,2026-05-13T21:25:00Z,95
1843860,North,KAPURTHALA,SALAMATPUR,Unplanned,Closed,2026-05-13T19:50:00Z,2026-05-13T20:25:00Z,35
1843838,Border,GURDASPUR,Shahpurkandi,Unplanned,Closed,2026-05-13T19:50:00Z,2026-05-13T20:20:00Z,30
1843837,Border,GURDASPUR,Tharial,Unplanned,Closed,2026-05-13T19:50:00Z,2026-05-13T20:20:00Z,30
1843813,North,KAPURTHALA,UPS METLA,Unplanned,Closed,2026-05-13T19:50:00Z,2026-05-13T20:25:00Z,35
1843812,North,KAPURTHALA,UPS PANDORI,Unplanned,Closed,2026-05-13T19:50:00Z,2026-05-13T20:25:00Z,35
1843811,North,KAPURTHALA,CAT-1 BHOLATH,Unplanned,Closed,2026-05-13T19:50:00Z,2026-05-13T20:45:00Z,55
1843775,East,ROPAR,11 KV Ghulal,Unplanned,Closed,2026-05-13T19:50:00Z,2026-05-13T20:19:00Z,29
1843772,West,MUKATSAR,11 KV Panjpeer Nagar,Unplanned,Closed,2026-05-13T19:50:00Z,2026-05-13T20:01:00Z,11
1843759,North,JALANDHAR,Chomon,Unplanned,Closed,2026-05-13T19:50:00Z,2026-05-13T20:02:00Z,12
1844140,South,PATIALA,ups pilkhani,Unplanned,Closed,2026-05-13T19:48:00Z,2026-05-13T22:03:00Z,135
1843750,West,FARIDKOT,MOGA-2,Unplanned,Closed,2026-05-13T19:46:43Z,2026-05-13T19:57:13Z,10
1843756,Central,CITY EAST LUDHIANA,BSNL,Unplanned,Closed,2026-05-13T19:46:00Z,2026-05-13T21:39:00Z,113
1843753,Central,CITY EAST LUDHIANA,SEKHEWAL,Unplanned,Closed,2026-05-13T19:46:00Z,2026-05-13T22:00:00Z,134
1843821,East,MOHALI,11 KV Gura,Unplanned,Closed,2026-05-13T19:45:33Z,2026-05-13T20:44:33Z,59
1843820,East,MOHALI,11 KV SUKHNA ENCLAVE,Unplanned,Closed,2026-05-13T19:45:33Z,2026-05-13T20:44:33Z,59
1843819,East,MOHALI,11 KV Masol,Unplanned,Closed,2026-05-13T19:45:33Z,2026-05-13T20:44:33Z,59
1843818,East,MOHALI,11 KV Kansal,Unplanned,Closed,2026-05-13T19:45:33Z,2026-05-13T20:44:33Z,59
1843817,East,MOHALI,11KV Shivalik Vihar,Unplanned,Closed,2026-05-13T19:45:33Z,2026-05-13T20:44:41Z,59
1843816,East,MOHALI,Kasauli,Unplanned,Closed,2026-05-13T19:45:33Z,2026-05-13T20:44:33Z,59
1843791,East,MOHALI,scada-1,Unplanned,Closed,2026-05-13T19:45:21Z,2026-05-13T20:20:21Z,35
1843790,East,MOHALI,QUARK CITY,Unplanned,Closed,2026-05-13T19:45:21Z,2026-05-13T20:21:21Z,36
1843789,East,MOHALI,11 KV jLPLSec-90 91,Unplanned,Closed,2026-05-13T19:45:21Z,2026-05-13T20:20:21Z,35
1843788,East,MOHALI,Sec 74-A,Unplanned,Closed,2026-05-13T19:45:21Z,2026-05-13T20:21:21Z,36
1843787,East,MOHALI,Sec 74-B,Unplanned,Closed,2026-05-13T19:45:21Z,2026-05-13T20:20:21Z,35
1843786,East,MOHALI,11KV DGR Feeder,Unplanned,Closed,2026-05-13T19:45:21Z,2026-05-13T20:20:21Z,35
1843785,East,MOHALI,11 KV Sec 74 D,Unplanned,Closed,2026-05-13T19:45:21Z,2026-05-13T20:20:21Z,35
1843784,East,MOHALI,11 KV SBP Homes,Unplanned,Closed,2026-05-13T19:45:21Z,2026-05-13T20:55:21Z,70
1843783,East,MOHALI,11 KV Sec-74-C,Unplanned,Closed,2026-05-13T19:45:21Z,2026-05-13T20:20:21Z,35
1843782,East,MOHALI,COURT COMPLEX,Unplanned,Closed,2026-05-13T19:45:21Z,2026-05-13T20:21:11Z,35
1843781,East,MOHALI,Industrial 8A,Unplanned,Closed,2026-05-13T19:45:21Z,2026-05-13T20:20:21Z,35
1843780,East,MOHALI,BSF,Unplanned,Closed,2026-05-13T19:45:21Z,2026-05-13T20:21:21Z,36
1843779,East,MOHALI,HINDUSTAN TIMES,Unplanned,Closed,2026-05-13T19:45:21Z,2026-05-13T20:20:06Z,34
1843778,East,MOHALI,SWARAJ R&D,Unplanned,Closed,2026-05-13T19:45:21Z,2026-05-13T20:21:56Z,36
1843777,East,MOHALI,LANDRAN,Unplanned,Closed,2026-05-13T19:45:21Z,2026-05-13T20:51:21Z,66
1843836,East,MOHALI,SEC-70D,Unplanned,Closed,2026-05-13T19:45:18Z,2026-05-13T20:18:18Z,33
1843835,East,MOHALI,11 KV Sec-60 C,Unplanned,Closed,2026-05-13T19:45:18Z,2026-05-13T20:16:18Z,31
1843834,East,MOHALI,11 KV Sec 60-B,Unplanned,Closed,2026-05-13T19:45:18Z,2026-05-13T20:18:18Z,33
1843833,East,MOHALI,Sec-61c,Unplanned,Closed,2026-05-13T19:45:18Z,2026-05-13T21:19:18Z,94
1843832,East,MOHALI,Sec-53A,Unplanned,Closed,2026-05-13T19:45:18Z,2026-05-13T20:18:18Z,33
1843831,East,MOHALI,Sec 70-c,Unplanned,Closed,2026-05-13T19:45:18Z,2026-05-13T22:06:50Z,141
1843830,East,MOHALI,11KV Jubliee feeder,Unplanned,Closed,2026-05-13T19:45:18Z,2026-05-13T20:18:18Z,33
1843829,East,MOHALI,11 KV Sector-71,Unplanned,Closed,2026-05-13T19:45:18Z,2026-05-13T20:18:18Z,33
1843828,East,MOHALI,60-A,Unplanned,Closed,2026-05-13T19:45:18Z,2026-05-13T20:19:18Z,34
1843827,East,MOHALI,SEC-61B,Unplanned,Closed,2026-05-13T19:45:18Z,2026-05-13T20:18:18Z,33
1843826,East,MOHALI,Sec-70 B,Unplanned,Closed,2026-05-13T19:45:18Z,2026-05-13T21:49:15Z,123
1843825,East,MOHALI,SEC-61A,Unplanned,Closed,2026-05-13T19:45:18Z,2026-05-13T20:18:18Z,33
1843824,East,MOHALI,70-A,Unplanned,Closed,2026-05-13T19:45:18Z,2026-05-13T20:18:18Z,33
1843809,East,MOHALI,TOGGAN,Unplanned,Closed,2026-05-13T19:45:09Z,2026-05-13T20:20:11Z,35
1843808,East,MOHALI,SUBSTATION MULLANPUR,Unplanned,Closed,2026-05-13T19:45:09Z,2026-05-13T20:20:19Z,35
1843807,East,MOHALI,11 KV Manohar,Unplanned,Closed,2026-05-13T19:45:09Z,2026-05-13T20:20:36Z,35
1843806,East,MOHALI,11 KV OMAXE,Unplanned,Closed,2026-05-13T19:45:09Z,2026-05-13T20:20:32Z,35
1843805,East,MOHALI,11 KV Bansepur,Unplanned,Closed,2026-05-13T19:45:09Z,2026-05-13T20:20:36Z,35
1843804,East,MOHALI,JANTI DEVI,Unplanned,Closed,2026-05-13T19:45:09Z,2026-05-13T20:20:55Z,35
1843803,East,MOHALI,Janta colony,Unplanned,Closed,2026-05-13T19:45:09Z,2026-05-13T20:20:35Z,35
1843802,East,MOHALI,Mullanpur,Unplanned,Closed,2026-05-13T19:45:09Z,2026-05-13T20:20:37Z,35
1843801,East,MOHALI,Nirankari feeder,Unplanned,Closed,2026-05-13T19:45:09Z,2026-05-13T20:20:48Z,35
1843800,East,MOHALI,PCA NEW CRICKET STADIUM MULLAN,Unplanned,Closed,2026-05-13T19:45:09Z,2026-05-13T20:20:14Z,35
1843799,East,MOHALI,11 KV DLF,Unplanned,Closed,2026-05-13T19:45:09Z,2026-05-13T20:20:05Z,34
1843798,East,MOHALI,"IAS,PCS Socity",Unplanned,Closed,2026-05-13T19:45:09Z,2026-05-13T20:20:52Z,35
1843797,East,MOHALI,RATWARA SAHIB,Unplanned,Closed,2026-05-13T19:45:09Z,2026-05-13T20:20:32Z,35
1843796,East,MOHALI,NAYA GAON,Unplanned,Closed,2026-05-13T19:45:09Z,2026-05-13T20:20:08Z,34
1843869,East,MOHALI,Apollo 89,Unplanned,Closed,2026-05-13T19:45:08Z,2026-05-13T20:09:08Z,24
1843868,East,MOHALI,Sohana 2,Unplanned,Closed,2026-05-13T19:45:08Z,2026-05-13T20:08:08Z,23
1843867,East,MOHALI,commercial 95-96,Unplanned,Closed,2026-05-13T19:45:08Z,2026-05-13T20:08:08Z,23
1843866,East,MOHALI,11KV EYE HOSPITAL,Unplanned,Closed,2026-05-13T19:45:08Z,2026-05-13T20:09:08Z,24
1843865,East,MOHALI,11 KV TDI Sec-110,Unplanned,Closed,2026-05-13T19:45:08Z,2026-05-13T20:09:08Z,24
1843864,East,MOHALI,Sector-77B,Unplanned,Closed,2026-05-13T19:45:08Z,2026-05-13T20:09:08Z,24
1843863,East,MOHALI,Sector-79B,Unplanned,Closed,2026-05-13T19:45:08Z,2026-05-13T20:08:08Z,23
1844122,South,PATIALA,UPS LALAUDA,Unplanned,Closed,2026-05-13T19:45:00Z,2026-05-13T22:54:00Z,189
1843910,South,PATIALA,ups-3,Unplanned,Closed,2026-05-13T19:45:00Z,2026-05-13T20:30:00Z,45
1843902,South,PATIALA,UPS 2,Unplanned,Closed,2026-05-13T19:45:00Z,2026-05-13T20:30:00Z,45
1843900,South,PATIALA,UPS 1,Unplanned,Closed,2026-05-13T19:45:00Z,2026-05-13T20:30:00Z,45
1843823,South,PATIALA,UPS MIRJAPUR,Unplanned,Closed,2026-05-13T19:45:00Z,2026-05-13T20:43:00Z,58
1843814,South,PATIALA,UPS PAWALA,Unplanned,Closed,2026-05-13T19:45:00Z,2026-05-13T20:43:00Z,58
1843770,North,NAWANSHAHR,UPS No. 2,Unplanned,Closed,2026-05-13T19:45:00Z,2026-05-13T22:08:13Z,143
1843768,North,NAWANSHAHR,LALLIAN,Unplanned,Closed,2026-05-13T19:45:00Z,2026-05-13T20:23:00Z,38
1843767,North,NAWANSHAHR,11KVCITY-2,Unplanned,Closed,2026-05-13T19:45:00Z,2026-05-13T22:04:32Z,139
1843764,North,NAWANSHAHR,11 KV UPS JHIKKA,Unplanned,Closed,2026-05-13T19:45:00Z,2026-05-13T22:01:45Z,136
1843751,North,JALANDHAR,PUNJABI BAGH,Unplanned,Closed,2026-05-13T19:45:00Z,2026-05-13T21:45:00Z,120
1843706,Border,SUB URBAN AMRITSAR,Chogawan,Unplanned,Closed,2026-05-13T19:43:43Z,2026-05-13T20:32:59Z,49
1844020,East,MOHALI,11 KV Connect,Unplanned,Closed,2026-05-13T19:43:00Z,2026-05-13T20:32:00Z,49
1844018,East,MOHALI,72-A,Unplanned,Closed,2026-05-13T19:43:00Z,2026-05-13T21:32:00Z,109
1844017,East,MOHALI,Sec 72-C,Unplanned,Closed,2026-05-13T19:43:00Z,2026-05-13T20:49:00Z,66
1843684,East,ROPAR,NALHOTI,Unplanned,Closed,2026-05-13T19:42:21Z,2026-05-13T19:50:50Z,8
1843978,South,SANGRUR,COLLEGE ROAD,Unplanned,Closed,2026-05-13T19:41:00Z,2026-05-13T21:15:00Z,94
1843878,East,MOHALI,Sector-113,Unplanned,Closed,2026-05-13T19:41:00Z,2026-05-13T20:31:00Z,50
1843724,East,ROPAR,11 KV Absolute,Unplanned,Closed,2026-05-13T19:41:00Z,2026-05-13T20:16:00Z,35
1843723,East,ROPAR,11 KV COD,Unplanned,Closed,2026-05-13T19:41:00Z,2026-05-13T20:16:00Z,35
1843722,East,ROPAR,11 KV Sector 115,Unplanned,Closed,2026-05-13T19:41:00Z,2026-05-13T20:16:00Z,35
1843705,East,ROPAR,11 KV Badala Road,Unplanned,Closed,2026-05-13T19:41:00Z,2026-05-13T20:16:00Z,35
1843704,East,ROPAR,Orchard County,Unplanned,Closed,2026-05-13T19:41:00Z,2026-05-13T20:16:00Z,35
1843703,East,ROPAR,ACME HEIGHT,Unplanned,Closed,2026-05-13T19:41:00Z,2026-05-13T20:16:00Z,35
1843737,East,ROPAR,11 kv kot gangu rai,Unplanned,Closed,2026-05-13T19:40:51Z,2026-05-13T20:11:51Z,31
1843736,East,ROPAR,S.S Concast Pvt. Ltd. Unit-III,Unplanned,Closed,2026-05-13T19:40:51Z,2026-05-13T20:10:51Z,30
1843735,East,ROPAR,S.S.Concast,Unplanned,Closed,2026-05-13T19:40:51Z,2026-05-13T20:10:51Z,30
1843734,East,ROPAR,11 KV Bhaini Sahib,Unplanned,Closed,2026-05-13T19:40:51Z,2026-05-13T20:10:51Z,30
1843733,East,ROPAR,11 KV Yogindra Worsted,Unplanned,Closed,2026-05-13T19:40:51Z,2026-05-13T20:10:51Z,30
1843732,East,ROPAR,11 KV Saluja Processor,Unplanned,Closed,2026-05-13T19:40:51Z,2026-05-13T20:11:51Z,31
1843731,East,ROPAR,Girish Manchanda,Unplanned,Closed,2026-05-13T19:40:51Z,2026-05-13T20:13:51Z,33
1843730,East,ROPAR,Raiyan,Unplanned,Closed,2026-05-13T19:40:51Z,2026-05-13T20:12:51Z,32
1843729,East,ROPAR,Arora Ind.-11kV,Unplanned,Closed,2026-05-13T19:40:51Z,2026-05-13T20:12:51Z,32
1843728,East,ROPAR,11 KV Prithipur,Unplanned,Closed,2026-05-13T19:40:51Z,2026-05-13T20:11:51Z,31
1843727,East,ROPAR,11 KV Pondrik Textile,Unplanned,Closed,2026-05-13T19:40:51Z,2026-05-13T20:13:51Z,33
1843726,East,ROPAR,11 KV Mangla Cottex,Unplanned,Closed,2026-05-13T19:40:51Z,2026-05-13T20:11:51Z,31
1843773,East,MOHALI,11 KV Govt. Press,Unplanned,Closed,2026-05-13T19:40:12Z,2026-05-13T20:46:13Z,66
1844015,Border,SUB URBAN AMRITSAR,UPS Jati Umra,Unplanned,Closed,2026-05-13T19:40:00Z,2026-05-13T20:30:00Z,50
1843815,South,BARNALA,UPS PANJGARIAN,Unplanned,Closed,2026-05-13T19:40:00Z,2026-05-13T22:30:00Z,170
1843776,Border,GURDASPUR,B.O.P.,Unplanned,Closed,2026-05-13T19:40:00Z,2026-05-13T20:55:00Z,75
1843640,Central,CITY WEST LUDHIANA,DABA ROAD FEEDER,Unplanned,Closed,2026-05-13T19:39:10Z,2026-05-13T22:52:33Z,193
1843810,East,ROPAR,MODLE  TOWN,Unplanned,Closed,2026-05-13T19:38:00Z,2026-05-13T20:32:00Z,54
1843794,East,ROPAR,MUNDI KHARAR,Unplanned,Closed,2026-05-13T19:38:00Z,2026-05-13T20:32:00Z,54
1843792,East,ROPAR,KTM,Unplanned,Closed,2026-05-13T19:38:00Z,2026-05-13T20:32:00Z,54
1843757,East,ROPAR,Dashmesh Nagar,Unplanned,Closed,2026-05-13T19:38:00Z,2026-05-13T20:37:00Z,59
1843754,East,ROPAR,11 KV Chajjumajra,Unplanned,Closed,2026-05-13T19:38:00Z,2026-05-13T20:37:00Z,59
1843748,East,ROPAR,11KV Shvalik Heights,Unplanned,Closed,2026-05-13T19:38:00Z,2026-05-13T20:15:00Z,37
1843742,East,ROPAR,11 KV Arya College Road,Unplanned,Closed,2026-05-13T19:38:00Z,2026-05-13T20:15:00Z,37
1843740,East,ROPAR,11KV Gillco Velly,Unplanned,Closed,2026-05-13T19:38:00Z,2026-05-13T20:16:00Z,38
1843681,East,ROPAR,Ranjit Nagar,Unplanned,Closed,2026-05-13T19:38:00Z,2026-05-13T20:25:00Z,47
1843659,East,ROPAR,Ansal-2,Unplanned,Closed,2026-05-13T19:38:00Z,2026-05-13T20:16:00Z,38
1843657,East,ROPAR,11KV JPTL,Unplanned,Closed,2026-05-13T19:38:00Z,2026-05-13T20:16:00Z,38
1843656,East,ROPAR,GHARUAN,Unplanned,Closed,2026-05-13T19:38:00Z,2026-05-13T20:33:00Z,55
1843655,East,ROPAR,MACHIPUR,Unplanned,Closed,2026-05-13T19:38:00Z,2026-05-13T20:34:00Z,56
1843650,East,ROPAR,CHANDO,Unplanned,Closed,2026-05-13T19:38:00Z,2026-05-13T20:35:00Z,57
1843649,East,ROPAR,11 KV MORINDA ROAD Feeder,Unplanned,Closed,2026-05-13T19:38:00Z,2026-05-13T20:24:00Z,46
1843648,East,ROPAR,11KV GBP FEEDER,Unplanned,Closed,2026-05-13T19:38:00Z,2026-05-13T20:38:00Z,60
1843647,East,ROPAR,RADIALA,Unplanned,Closed,2026-05-13T19:38:00Z,2026-05-13T20:33:00Z,55
1843646,East,ROPAR,RORA,Unplanned,Closed,2026-05-13T19:38:00Z,2026-05-13T20:38:00Z,60
1843645,East,ROPAR,UPS BHAGOMAJRA,Unplanned,Closed,2026-05-13T19:38:00Z,2026-05-13T20:32:00Z,54
1843644,East,ROPAR,CITY KHARAR,Unplanned,Closed,2026-05-13T19:38:00Z,2026-05-13T20:38:00Z,60
1843643,East,ROPAR,KHANPUR,Unplanned,Closed,2026-05-13T19:38:00Z,2026-05-13T20:25:00Z,47
1843642,East,ROPAR,SOM  DUTT,Unplanned,Closed,2026-05-13T19:38:00Z,2026-05-13T20:16:00Z,38
1843641,East,ROPAR,ANAJ MANDI,Unplanned,Closed,2026-05-13T19:38:00Z,2026-05-13T20:38:00Z,60
1843621,Border,SUB URBAN AMRITSAR,MAJITHA ROAD,Unplanned,Closed,2026-05-13T19:37:55Z,2026-05-13T19:47:58Z,10
1843637,Central,CITY WEST LUDHIANA,NATIONAL FEEDER,Unplanned,Closed,2026-05-13T19:37:27Z,2026-05-13T20:35:30Z,58
1843635,Central,CITY WEST LUDHIANA,METRO FEEDER,Unplanned,Closed,2026-05-13T19:37:27Z,2026-05-13T20:13:59Z,36
1843618,Central,CITY WEST LUDHIANA,NEW JANTA NAGAR,Unplanned,Closed,2026-05-13T19:37:27Z,2026-05-13T23:07:25Z,209
1843771,East,ROPAR,11 KV Plazzo ELite,Unplanned,Closed,2026-05-13T19:37:00Z,2026-05-13T20:37:00Z,60
1843765,East,ROPAR,11 KV LIC Colony,Unplanned,Closed,2026-05-13T19:37:00Z,2026-05-13T20:37:00Z,60
1843763,East,ROPAR,11 KV Old Sunny,Unplanned,Closed,2026-05-13T19:37:00Z,2026-05-13T20:37:00Z,60
1843761,East,ROPAR,11 KV Sunny Mandir,Unplanned,Closed,2026-05-13T19:37:00Z,2026-05-13T20:37:00Z,60
1843760,East,ROPAR,Nijjer Road,Unplanned,Closed,2026-05-13T19:37:00Z,2026-05-13T20:37:00Z,60
1843758,East,ROPAR,PARADISE,Unplanned,Closed,2026-05-13T19:37:00Z,2026-05-13T20:37:00Z,60
1843755,East,ROPAR,MODLE  TOWN,Unplanned,Closed,2026-05-13T19:37:00Z,2026-05-13T20:30:00Z,53
1843752,East,ROPAR,MUNDI KHARAR,Unplanned,Closed,2026-05-13T19:37:00Z,2026-05-13T20:35:00Z,58
1843601,Border,CITY AMRITSAR,11 KV Akara Kallu,Planned,Closed,2026-05-13T19:36:23Z,2026-05-13T20:09:27Z,33
1843613,North,HOSHIARPUR,Mokal,Unplanned,Closed,2026-05-13T19:36:00Z,2026-05-13T21:30:00Z,114
1843596,Border,CITY AMRITSAR,11KvGoal Bagh,Planned,Closed,2026-05-13T19:35:40Z,2026-05-13T20:25:18Z,49
1843658,Border,TARN TARAN,Udhonangal,Unplanned,Closed,2026-05-13T19:35:16Z,2026-05-13T21:30:49Z,115
1843872,Border,GURDASPUR,24 Hrs Amipur,Unplanned,Closed,2026-05-13T19:35:00Z,2026-05-13T20:05:00Z,30
1843743,Central,SUB URBAN LUDHIANA,CITY-6,Unplanned,Closed,2026-05-13T19:35:00Z,2026-05-13T21:35:00Z,120
1843612,Border,GURDASPUR,Rajoa,Unplanned,Closed,2026-05-13T19:35:00Z,2026-05-13T20:25:00Z,50
1843606,Border,GURDASPUR,Dogar Mahesh,Unplanned,Closed,2026-05-13T19:35:00Z,2026-05-13T20:25:00Z,50
1843587,West,BATHINDA,BATHINDA TOWN,Unplanned,Closed,2026-05-13T19:34:00Z,2026-05-13T20:45:00Z,71
1843702,West,MUKATSAR,UPS No. 2 Rana,Unplanned,Closed,2026-05-13T19:33:39Z,2026-05-13T19:52:39Z,19
1843682,West,MUKATSAR,Rana Urban,Unplanned,Closed,2026-05-13T19:33:39Z,2026-05-13T19:52:46Z,19
1843633,South,SANGRUR,A P Solvex,Unplanned,Closed,2026-05-13T19:32:49Z,2026-05-13T20:40:49Z,68
1843632,South,SANGRUR,Organics Cat-4,Unplanned,Closed,2026-05-13T19:32:49Z,2026-05-13T20:40:49Z,68
1843631,South,SANGRUR,Dhura Road,Unplanned,Closed,2026-05-13T19:32:49Z,2026-05-13T20:40:49Z,68
1843630,South,SANGRUR,Sub Station,Unplanned,Closed,2026-05-13T19:32:49Z,2026-05-13T20:40:49Z,68
1843629,South,SANGRUR,New Anaj Mandi,Unplanned,Closed,2026-05-13T19:32:49Z,2026-05-13T20:40:49Z,68
1843628,South,SANGRUR,Civil Hospital,Unplanned,Closed,2026-05-13T19:32:49Z,2026-05-13T20:40:49Z,68
1843627,South,SANGRUR,Benra,Unplanned,Closed,2026-05-13T19:32:49Z,2026-05-13T20:40:49Z,68
1843626,South,SANGRUR,Sangrur road,Unplanned,Closed,2026-05-13T19:32:49Z,2026-05-13T20:40:49Z,68
1843625,South,SANGRUR,Industrial (Benra),Unplanned,Closed,2026-05-13T19:32:49Z,2026-05-13T20:40:49Z,68
1843624,South,SANGRUR,Cinema Road,Unplanned,Closed,2026-05-13T19:32:49Z,2026-05-13T20:40:49Z,68
1843877,East,ROPAR,behlolpur CATGORY-1,Unplanned,Closed,2026-05-13T19:30:38Z,2026-05-13T20:30:38Z,60
1843876,East,ROPAR,11KV SEHJO MAJRA UPS,Unplanned,Closed,2026-05-13T19:30:38Z,2026-05-13T20:30:38Z,60
1843875,East,ROPAR,11 KV Kirhi Affgana,Unplanned,Closed,2026-05-13T19:30:38Z,2026-05-13T20:30:38Z,60
1843874,East,ROPAR,11KV Naanowal (UPS),Unplanned,Closed,2026-05-13T19:30:38Z,2026-05-13T20:30:38Z,60
1843873,East,ROPAR,11 KV Shatabgarh,Unplanned,Closed,2026-05-13T19:30:38Z,2026-05-13T20:30:38Z,60
1843654,South,PATIALA,11 KV UPS Assmanpur,Unplanned,Closed,2026-05-13T19:30:00Z,2026-05-13T21:50:00Z,140
1843610,West,MUKATSAR,DALMIR KHERA,Unplanned,Closed,2026-05-13T19:30:00Z,2026-05-13T20:17:00Z,47
1843608,West,FARIDKOT,11 KV GILL UPS,Unplanned,Closed,2026-05-13T19:30:00Z,2026-05-13T20:45:00Z,75
1843604,Border,TARN TARAN,UPS KOT BUDDA,Unplanned,Closed,2026-05-13T19:30:00Z,2026-05-13T21:20:02Z,110
1843600,North,NAWANSHAHR,Apra,Unplanned,Closed,2026-05-13T19:30:00Z,2026-05-13T19:40:00Z,10
1843595,South,SANGRUR,Organics Cat-4,Unplanned,Closed,2026-05-13T19:30:00Z,2026-05-13T20:40:00Z,70
1843593,South,SANGRUR,A P Solvex,Unplanned,Closed,2026-05-13T19:30:00Z,2026-05-13T20:40:00Z,70
1843592,West,BATHINDA,INDUSTRIAL,Unplanned,Closed,2026-05-13T19:30:00Z,2026-05-13T20:50:38Z,80
1843589,East,Zirakpur,HLP,Unplanned,Closed,2026-05-13T19:30:00Z,2026-05-13T22:10:00Z,160
1843579,North,HOSHIARPUR,ROSHAN GROUND,Unplanned,Closed,2026-05-13T19:30:00Z,2026-05-13T20:30:00Z,60
1843575,South,SANGRUR,Cinema Road,Unplanned,Closed,2026-05-13T19:30:00Z,2026-05-13T19:55:33Z,25
1843573,South,SANGRUR,New Anaj Mandi,Unplanned,Closed,2026-05-13T19:30:00Z,2026-05-13T19:55:00Z,25
1843568,South,SANGRUR,Sangatpura,Unplanned,Closed,2026-05-13T19:30:00Z,2026-05-13T19:55:00Z,25
1843567,South,SANGRUR,SUGAR MILL-4,Unplanned,Closed,2026-05-13T19:30:00Z,2026-05-13T19:55:00Z,25
1843566,South,SANGRUR,ARYA COLLAGE,Unplanned,Closed,2026-05-13T19:30:00Z,2026-05-13T19:55:00Z,25
1843565,South,SANGRUR,11 KV Rambagh,Unplanned,Closed,2026-05-13T19:30:00Z,2026-05-13T19:55:00Z,25
1843564,South,SANGRUR,Gaushala Road,Unplanned,Closed,2026-05-13T19:30:00Z,2026-05-13T19:55:00Z,25
1843563,South,SANGRUR,M K Road,Unplanned,Closed,2026-05-13T19:30:00Z,2026-05-13T19:55:00Z,25
1843559,South,SANGRUR,Dharampura,Unplanned,Closed,2026-05-13T19:30:00Z,2026-05-13T19:55:00Z,25
1843558,South,SANGRUR,Markfed,Unplanned,Closed,2026-05-13T19:30:00Z,2026-05-13T19:55:00Z,25
1843557,South,SANGRUR,City-II,Unplanned,Closed,2026-05-13T19:30:00Z,2026-05-13T19:55:40Z,25
1843555,South,SANGRUR,City-I,Unplanned,Closed,2026-05-13T19:30:00Z,2026-05-13T19:55:04Z,25
1843614,West,FARIDKOT,Devi wala road UPS,Unplanned,Closed,2026-05-13T19:28:11Z,2026-05-13T20:04:20Z,36
1843547,Border,CITY AMRITSAR,Kot Baba Deep singh,Unplanned,Closed,2026-05-13T19:27:46Z,2026-05-13T20:24:29Z,56
1843546,Border,CITY AMRITSAR,Gilwalii Gate,Unplanned,Closed,2026-05-13T19:27:46Z,2026-05-13T20:24:40Z,56
1843890,North,NAWANSHAHR,ups raipur dabba,Unplanned,Closed,2026-05-13T19:25:00Z,2026-05-13T21:40:00Z,135
1843839,North,NAWANSHAHR,UPS No. 3,Unplanned,Closed,2026-05-13T19:25:00Z,2026-05-13T20:30:05Z,65
1843639,North,NAWANSHAHR,Dosanjh UPS,Unplanned,Closed,2026-05-13T19:25:00Z,2026-05-13T19:55:00Z,30
1843622,North,NAWANSHAHR,11KV UPS BAKHLOUR,Unplanned,Closed,2026-05-13T19:25:00Z,2026-05-13T20:45:00Z,80
1843616,North,NAWANSHAHR,Mukandpur,Unplanned,Closed,2026-05-13T19:25:00Z,2026-05-13T19:40:00Z,15
1843603,North,NAWANSHAHR,UPS NO.3,Unplanned,Closed,2026-05-13T19:25:00Z,2026-05-13T20:30:00Z,65
1843594,Border,GURDASPUR,KISHANKOT UPS,Unplanned,Closed,2026-05-13T19:25:00Z,2026-05-13T20:10:00Z,45
1843591,Border,GURDASPUR,Cheema Khuddi,Unplanned,Closed,2026-05-13T19:25:00Z,2026-05-13T20:10:00Z,45
1843588,Border,GURDASPUR,Withwan,Unplanned,Closed,2026-05-13T19:25:00Z,2026-05-13T20:10:00Z,45
1843586,Border,GURDASPUR,Rampur Talwara,Unplanned,Closed,2026-05-13T19:25:00Z,2026-05-13T20:10:00Z,45
1843584,Border,GURDASPUR,Sri Hargobindpur,Unplanned,Closed,2026-05-13T19:25:00Z,2026-05-13T20:10:00Z,45
1843531,Border,GURDASPUR,Raavi,Unplanned,Closed,2026-05-13T19:25:00Z,2026-05-13T19:42:00Z,17
1843529,Border,GURDASPUR,Behrian,Unplanned,Closed,2026-05-13T19:25:00Z,2026-05-13T19:42:00Z,17
1843528,Border,SUB URBAN AMRITSAR,BASKEGILLAN UPS,Unplanned,Closed,2026-05-13T19:24:48Z,2026-05-13T20:43:08Z,78
1843545,West,MUKATSAR,Dhani  bulla  ram,Unplanned,Closed,2026-05-13T19:24:07Z,2026-05-13T19:45:36Z,21
1843544,West,MUKATSAR,Theh Qalander,Unplanned,Closed,2026-05-13T19:24:07Z,2026-05-13T19:45:24Z,21
1843638,East,ROPAR,MUKARI,Unplanned,Closed,2026-05-13T19:24:00Z,2026-05-13T19:46:34Z,22
1843636,East,ROPAR,BHANGLAN,Unplanned,Closed,2026-05-13T19:24:00Z,2026-05-13T19:37:00Z,13
1843634,East,ROPAR,KALWAN,Unplanned,Closed,2026-05-13T19:24:00Z,2026-05-13T19:39:00Z,15
1843620,East,ROPAR,PLATA,Unplanned,Closed,2026-05-13T19:24:00Z,2026-05-13T19:36:00Z,12
1843619,East,ROPAR,NALHOTI,Unplanned,Closed,2026-05-13T19:24:00Z,2026-05-13T19:37:00Z,13
1843617,East,ROPAR,SWARA,Unplanned,Closed,2026-05-13T19:24:00Z,2026-05-13T19:39:00Z,15
1843615,East,ROPAR,HIYATPUR,Unplanned,Closed,2026-05-13T19:24:00Z,2026-05-13T19:46:24Z,22
1843611,East,ROPAR,Jhangrian,Unplanned,Closed,2026-05-13T19:24:00Z,2026-05-13T19:46:13Z,22
1843609,East,ROPAR,SAIDPUR,Unplanned,Closed,2026-05-13T19:24:00Z,2026-05-13T19:46:01Z,22
1843607,East,ROPAR,Haripur,Unplanned,Closed,2026-05-13T19:24:00Z,2026-05-13T19:45:47Z,21
1843605,East,ROPAR,Asmanpur,Unplanned,Closed,2026-05-13T19:24:00Z,2026-05-13T19:45:37Z,21
1843602,East,ROPAR,Nurpur Bedi,Unplanned,Closed,2026-05-13T19:24:00Z,2026-05-13T19:45:24Z,21
1843599,East,ROPAR,Thana,Unplanned,Closed,2026-05-13T19:24:00Z,2026-05-13T19:45:14Z,21
1843598,East,ROPAR,Bassi,Unplanned,Closed,2026-05-13T19:24:00Z,2026-05-13T19:45:01Z,21
1843521,West,FARIDKOT,BABA TULSI DASS   (URBAN-11 kik),Unplanned,Closed,2026-05-13T19:23:25Z,2026-05-13T21:06:20Z,102
1843519,West,FARIDKOT,11KV SIDHU FARM URBAN,Unplanned,Closed,2026-05-13T19:23:25Z,2026-05-13T19:43:58Z,20
1843535,North,KAPURTHALA,11 KV CHACHO WAL,Unplanned,Closed,2026-05-13T19:23:00Z,2026-05-13T21:42:00Z,139
1843526,Central,CITY WEST LUDHIANA,SHAM NAGAR,Planned,Closed,2026-05-13T19:22:05Z,2026-05-13T20:08:27Z,46
1843525,Central,CITY WEST LUDHIANA,Kiran Vihar,Planned,Closed,2026-05-13T19:22:05Z,2026-05-13T20:08:00Z,45
1843554,South,SANGRUR,11 KV NAMOL UPS,Unplanned,Closed,2026-05-13T19:22:00Z,2026-05-13T21:11:00Z,109
1843524,Central,CITY WEST LUDHIANA,BASANT CITY,Unplanned,Closed,2026-05-13T19:21:44Z,2026-05-13T20:21:30Z,59
1843543,North,KAPURTHALA,Kotla Heran,Unplanned,Closed,2026-05-13T19:21:00Z,2026-05-13T20:03:00Z,42
1843527,West,FEROZPUR,ARSONAL,Unplanned,Closed,2026-05-13T19:21:00Z,2026-05-13T19:47:00Z,26
1843683,North,NAWANSHAHR,UPS No. 1,Unplanned,Closed,2026-05-13T19:20:00Z,2026-05-13T21:15:00Z,115
1843583,Border,GURDASPUR,RAILWAY ROAD CAT-1,Unplanned,Closed,2026-05-13T19:20:00Z,2026-05-13T20:05:00Z,45
1843582,Border,GURDASPUR,11KV BUTTER UPS,Unplanned,Closed,2026-05-13T19:20:00Z,2026-05-13T20:05:00Z,45
1843581,Border,GURDASPUR,Basrawan,Unplanned,Closed,2026-05-13T19:20:00Z,2026-05-13T20:05:00Z,45
1843580,Border,GURDASPUR,I.T.I,Unplanned,Closed,2026-05-13T19:20:00Z,2026-05-13T20:05:00Z,45
1843578,Border,GURDASPUR,THEKERIWAL,Unplanned,Closed,2026-05-13T19:20:00Z,2026-05-13T20:05:00Z,45
1843577,West,MUKATSAR,RUPANA UPS,Unplanned,Closed,2026-05-13T19:20:00Z,2026-05-13T20:02:00Z,42
1843576,Border,GURDASPUR,Dalla UPS,Unplanned,Closed,2026-05-13T19:20:00Z,2026-05-13T20:05:00Z,45
1843574,Border,GURDASPUR,Civil Line,Unplanned,Closed,2026-05-13T19:20:00Z,2026-05-13T20:05:00Z,45
1843572,Border,GURDASPUR,City,Unplanned,Closed,2026-05-13T19:20:00Z,2026-05-13T20:05:00Z,45
1843553,South,PATIALA,Sugar Mill,Unplanned,Closed,2026-05-13T19:20:00Z,2026-05-13T22:10:00Z,170
1843552,North,HOSHIARPUR,Motia Mill,Unplanned,Closed,2026-05-13T19:20:00Z,2026-05-13T19:30:00Z,10
1843551,Border,GURDASPUR,KOT DHANDHAL CAT-1,Unplanned,Closed,2026-05-13T19:20:00Z,2026-05-13T20:20:00Z,60
1843549,Border,GURDASPUR,11 KV Dhesian,Unplanned,Closed,2026-05-13T19:20:00Z,2026-05-13T20:20:00Z,60
1843548,North,HOSHIARPUR,BASSI,Unplanned,Closed,2026-05-13T19:20:00Z,2026-05-13T22:32:00Z,192
1843541,Border,GURDASPUR,Sheh Bhattia,Unplanned,Closed,2026-05-13T19:20:00Z,2026-05-13T20:00:00Z,40
1843539,Border,GURDASPUR,DHINDSA,Unplanned,Closed,2026-05-13T19:20:00Z,2026-05-13T20:00:00Z,40
1843537,Border,GURDASPUR,Thakarwal,Unplanned,Closed,2026-05-13T19:20:00Z,2026-05-13T20:00:00Z,40
1843533,Border,GURDASPUR,College,Unplanned,Closed,2026-05-13T19:20:00Z,2026-05-13T20:00:00Z,40
1843653,South,SANGRUR,SUB STATION GURBAXPURA,Unplanned,Closed,2026-05-13T19:19:02Z,2026-05-13T23:19:02Z,240
1843652,South,SANGRUR,Badesha,Unplanned,Closed,2026-05-13T19:19:02Z,2026-05-13T23:19:02Z,240
1843651,South,SANGRUR,Gurbaxpura,Unplanned,Closed,2026-05-13T19:19:02Z,2026-05-13T23:19:02Z,240
1843534,West,FARIDKOT,Kothe Dhaliwal,Unplanned,Closed,2026-05-13T19:18:31Z,2026-05-13T20:31:27Z,72
1843505,Central,CITY WEST LUDHIANA,STAR ROAD FEEDER,Unplanned,Closed,2026-05-13T19:18:05Z,2026-05-13T20:24:41Z,66
1843499,Central,CITY WEST LUDHIANA,GOLDEN PARK,Unplanned,Closed,2026-05-13T19:17:18Z,2026-05-13T20:22:11Z,64
1843514,North,NAWANSHAHR,Barnala Gate,Unplanned,Closed,2026-05-13T19:17:00Z,2026-05-13T20:15:00Z,58
1843508,Central,CITY EAST LUDHIANA,TAJPUR ROAD,Unplanned,Closed,2026-05-13T19:17:00Z,2026-05-13T20:45:00Z,88
1843701,Central,KHANNA,PEPSU,Unplanned,Closed,2026-05-13T19:16:01Z,2026-05-13T20:42:01Z,86
1843700,Central,KHANNA,Punjab Mill,Unplanned,Closed,2026-05-13T19:16:01Z,2026-05-13T20:42:01Z,86
1843699,Central,KHANNA,Chander Lok,Unplanned,Closed,2026-05-13T19:16:01Z,2026-05-13T20:42:01Z,86
1843698,Central,KHANNA,Surindra,Unplanned,Closed,2026-05-13T19:16:01Z,2026-05-13T20:25:01Z,69
1843697,Central,KHANNA,Main Bazar,Unplanned,Closed,2026-05-13T19:16:01Z,2026-05-13T20:42:01Z,86
1843696,Central,KHANNA,JASARA,Unplanned,Closed,2026-05-13T19:16:01Z,2026-05-13T20:42:01Z,86
1843695,Central,KHANNA,Sangtpura,Unplanned,Closed,2026-05-13T19:16:01Z,2026-05-13T20:42:01Z,86
1843694,Central,KHANNA,Vishwanath 2,Unplanned,Closed,2026-05-13T19:16:01Z,2026-05-13T20:42:01Z,86
1843693,Central,KHANNA,Jim Khana,Unplanned,Closed,2026-05-13T19:16:01Z,2026-05-13T20:38:01Z,82
1843692,Central,KHANNA,Doaba,Unplanned,Closed,2026-05-13T19:16:01Z,2026-05-13T20:33:01Z,77
1843691,Central,KHANNA,Motia Khan,Unplanned,Closed,2026-05-13T19:16:01Z,2026-05-13T20:34:01Z,78
1843690,Central,KHANNA,SHAM NAGAR (CENTRAL),Unplanned,Closed,2026-05-13T19:16:01Z,2026-05-13T20:31:01Z,75
1843689,Central,KHANNA,Prem Nagar,Unplanned,Closed,2026-05-13T19:16:01Z,2026-05-13T20:27:01Z,71
1843688,Central,KHANNA,Vishawkarma Nagar,Unplanned,Closed,2026-05-13T19:16:01Z,2026-05-13T20:33:01Z,77
1843687,Central,KHANNA,Royal,Unplanned,Closed,2026-05-13T19:16:01Z,2026-05-13T20:33:01Z,77
1843686,Central,KHANNA,TELEPHONE EXCH.,Unplanned,Closed,2026-05-13T19:16:01Z,2026-05-13T20:31:01Z,75
1843685,Central,KHANNA,SHIVPURI,Unplanned,Closed,2026-05-13T19:16:01Z,2026-05-13T20:04:01Z,48
1843550,West,BATHINDA,Factory Road,Unplanned,Closed,2026-05-13T19:16:00Z,2026-05-13T21:00:00Z,104
1843542,East,ROPAR,11KV Belian UPS FEEDER,Unplanned,Closed,2026-05-13T19:16:00Z,2026-05-14T10:14:00Z,898
1843540,East,ROPAR,11 KV Kakrala,Unplanned,Closed,2026-05-13T19:16:00Z,2026-05-14T10:14:00Z,898
1843538,East,ROPAR,11 KV Sarsa Nangal,Unplanned,Closed,2026-05-13T19:16:00Z,2026-05-14T10:14:00Z,898
1843536,East,ROPAR,11 KV RTP,Unplanned,Closed,2026-05-13T19:16:00Z,2026-05-14T10:14:00Z,898
1843523,East,ROPAR,Bhallan,Unplanned,Closed,2026-05-13T19:16:00Z,2026-05-13T19:36:00Z,20
1843522,East,ROPAR,Nikku Nangal,Unplanned,Closed,2026-05-13T19:16:00Z,2026-05-13T20:20:00Z,64
1843680,Central,KHANNA,CHOPRA ALLOYS,Unplanned,Closed,2026-05-13T19:15:39Z,2026-05-13T20:40:39Z,85
1843679,Central,KHANNA,Punjab Forgings,Unplanned,Closed,2026-05-13T19:15:39Z,2026-05-13T20:40:39Z,85
1843678,Central,KHANNA,Chani,Unplanned,Closed,2026-05-13T19:15:39Z,2026-05-13T22:40:39Z,205
1843677,Central,KHANNA,Chopra Agro and Steel,Unplanned,Closed,2026-05-13T19:15:39Z,2026-05-13T22:53:39Z,218
1843676,Central,KHANNA,New Chopra Alloy,Unplanned,Closed,2026-05-13T19:15:39Z,2026-05-13T23:19:39Z,244
1843675,Central,KHANNA,Deep,Unplanned,Closed,2026-05-13T19:15:39Z,2026-05-13T22:53:39Z,218
1843674,Central,KHANNA,VARUN,Unplanned,Closed,2026-05-13T19:15:39Z,2026-05-13T23:15:39Z,240
1843673,Central,KHANNA,KhoKhar,Unplanned,Closed,2026-05-13T19:15:39Z,2026-05-13T22:53:39Z,218
1843672,Central,KHANNA,F C I,Unplanned,Closed,2026-05-13T19:15:39Z,2026-05-14T00:01:39Z,286
1843671,Central,KHANNA,Shastri Nagar,Unplanned,Closed,2026-05-13T19:15:39Z,2026-05-13T22:10:39Z,175
1843670,Central,KHANNA,SWARN,Unplanned,Closed,2026-05-13T19:15:39Z,2026-05-13T22:55:39Z,220
1843669,Central,KHANNA,Sham Nagar,Unplanned,Closed,2026-05-13T19:15:39Z,2026-05-13T22:56:39Z,221
1843668,Central,KHANNA,Chopra(Naraian),Unplanned,Closed,2026-05-13T19:15:39Z,2026-05-13T22:53:39Z,218
1843667,Central,KHANNA,G.P.S.,Unplanned,Closed,2026-05-13T19:15:39Z,2026-05-13T22:57:39Z,222
1843666,Central,KHANNA,Central,Unplanned,Closed,2026-05-13T19:15:39Z,2026-05-13T22:52:39Z,217
1843665,Central,KHANNA,Mugol Majra,Unplanned,Closed,2026-05-13T19:15:39Z,2026-05-13T22:55:39Z,220
1843664,Central,KHANNA,Labour Colony,Unplanned,Closed,2026-05-13T19:15:39Z,2026-05-14T01:47:39Z,392
1843663,Central,KHANNA,Shri Ram Jain,Unplanned,Closed,2026-05-13T19:15:39Z,2026-05-13T22:55:39Z,220
1843662,Central,KHANNA,CITY,Unplanned,Closed,2026-05-13T19:15:39Z,2026-05-13T23:13:39Z,238
1843661,Central,KHANNA,Bharat (Mill),Unplanned,Closed,2026-05-13T19:15:39Z,2026-05-13T20:40:39Z,85
1843660,Central,KHANNA,Nasrali  Road,Unplanned,Closed,2026-05-13T19:15:39Z,2026-05-13T20:40:39Z,85
1843504,Central,CITY WEST LUDHIANA,GLADA,Unplanned,Closed,2026-05-13T19:15:36Z,2026-05-13T21:46:12Z,150
1843503,Central,CITY WEST LUDHIANA,SATPAL MITTAL,Unplanned,Closed,2026-05-13T19:15:36Z,2026-05-13T20:37:59Z,82
1843532,Border,CITY AMRITSAR,CANAL OFFICE,Unplanned,Closed,2026-05-13T19:15:25Z,2026-05-13T20:17:52Z,62
1844049,South,SANGRUR,Dashmesh nagar,Unplanned,Closed,2026-05-13T19:15:00Z,2026-05-13T21:48:00Z,153
1844048,South,SANGRUR,Kakarwal,Unplanned,Closed,2026-05-13T19:15:00Z,2026-05-13T21:48:00Z,153
1844046,South,SANGRUR,Sherpur Road,Unplanned,Closed,2026-05-13T19:15:00Z,2026-05-13T21:31:51Z,136
1844045,South,SANGRUR,Nwa Pind,Unplanned,Closed,2026-05-13T19:15:00Z,2026-05-13T21:25:00Z,130
1843597,Border,SUB URBAN AMRITSAR,Gehri,Unplanned,Closed,2026-05-13T19:15:00Z,2026-05-13T19:40:00Z,25
1843515,Border,GURDASPUR,SAGARPURA,Unplanned,Closed,2026-05-13T19:15:00Z,2026-05-13T20:26:00Z,71
1843500,North,KAPURTHALA,DHUGGAR,Unplanned,Closed,2026-05-13T19:15:00Z,2026-05-13T20:40:00Z,85
1843495,Central,CITY EAST LUDHIANA,CENTRAL FEEDER,Unplanned,Closed,2026-05-13T19:15:00Z,2026-05-13T22:36:00Z,201
1843494,Central,CITY EAST LUDHIANA,DUKH NIWARAN,Unplanned,Closed,2026-05-13T19:15:00Z,2026-05-13T22:36:00Z,201
1843585,West,MUKATSAR,RORAANWALI  (UPS),Unplanned,Closed,2026-05-13T19:13:00Z,2026-05-13T19:43:00Z,30
1843721,Central,KHANNA,Gain Casting,Unplanned,Closed,2026-05-13T19:12:58Z,2026-05-13T20:42:58Z,90
1843720,Central,KHANNA,kisco casting,Unplanned,Closed,2026-05-13T19:12:58Z,2026-05-13T20:52:58Z,100
1843719,Central,KHANNA,DH CASTING,Unplanned,Closed,2026-05-13T19:12:58Z,2026-05-13T20:42:58Z,90
1843718,Central,KHANNA,Gopal,Unplanned,Closed,2026-05-13T19:12:58Z,2026-05-13T20:42:58Z,90
1843717,Central,KHANNA,STEEL TECH,Unplanned,Closed,2026-05-13T19:12:58Z,2026-05-13T20:41:58Z,89
1843716,Central,KHANNA,TAXUS STEEL,Unplanned,Closed,2026-05-13T19:12:58Z,2026-05-13T20:42:58Z,90
1843715,Central,KHANNA,GIAN CASTING (Grain Mkt),Unplanned,Closed,2026-05-13T19:12:58Z,2026-05-13T20:42:58Z,90
1843714,Central,KHANNA,Grian Market,Unplanned,Closed,2026-05-13T19:12:58Z,2026-05-13T20:42:58Z,90
1843713,Central,KHANNA,Deepak,Unplanned,Closed,2026-05-13T19:12:58Z,2026-05-13T20:42:58Z,90
1843712,Central,KHANNA,Ashirwad,Unplanned,Closed,2026-05-13T19:12:58Z,2026-05-13T20:42:58Z,90
1843711,Central,KHANNA,JASSAR,Unplanned,Closed,2026-05-13T19:12:58Z,2026-05-13T20:42:58Z,90
1843710,Central,KHANNA,Kotla,Unplanned,Closed,2026-05-13T19:12:58Z,2026-05-13T20:42:58Z,90
1843709,Central,KHANNA,Kamal,Unplanned,Closed,2026-05-13T19:12:58Z,2026-05-13T20:42:58Z,90
1843708,Central,KHANNA,Agni Casting,Unplanned,Closed,2026-05-13T19:12:58Z,2026-05-13T20:42:58Z,90
1843707,Central,KHANNA,Sub Station Load  (khanna Steel),Unplanned,Closed,2026-05-13T19:12:58Z,2026-05-13T20:42:58Z,90
1843455,North,JALANDHAR,11KV LAXMI PURA,Unplanned,Closed,2026-05-13T19:12:19Z,2026-05-13T20:10:59Z,58
1843442,West,MUKATSAR,Odda Basti,Unplanned,Closed,2026-05-13T19:11:37Z,2026-05-13T19:38:16Z,26
1843530,East,ROPAR,11 KV Bharatgarh,Unplanned,Closed,2026-05-13T19:11:00Z,2026-05-14T10:14:00Z,903
1843520,North,JALANDHAR,Urban Rural no 2,Unplanned,Closed,2026-05-13T19:11:00Z,2026-05-13T19:30:00Z,19
1843518,North,JALANDHAR,INDUSTRY AREA,Unplanned,Closed,2026-05-13T19:11:00Z,2026-05-13T19:45:00Z,34
1843516,North,JALANDHAR,VIP,Unplanned,Closed,2026-05-13T19:11:00Z,2026-05-13T20:05:00Z,54
1843502,Central,CITY WEST LUDHIANA,JAWADDI,Planned,Closed,2026-05-13T19:10:56Z,2026-05-13T20:20:43Z,69
1843498,Central,CITY WEST LUDHIANA,CENTRA GREENS,Planned,Closed,2026-05-13T19:10:56Z,2026-05-13T20:20:32Z,69
1843497,Central,CITY WEST LUDHIANA,City Enclave,Planned,Closed,2026-05-13T19:10:56Z,2026-05-13T20:20:14Z,69
1843493,Central,CITY WEST LUDHIANA,Roop nagar,Planned,Closed,2026-05-13T19:10:56Z,2026-05-13T20:19:57Z,69
1843491,Central,CITY WEST LUDHIANA,SATJOT  NAGAR,Planned,Closed,2026-05-13T19:10:56Z,2026-05-13T20:19:47Z,68
1843490,Central,CITY WEST LUDHIANA,DANA MANDI,Planned,Closed,2026-05-13T19:10:56Z,2026-05-13T20:13:51Z,62
1843487,Central,CITY WEST LUDHIANA,MEHMOODPURA,Planned,Closed,2026-05-13T19:10:56Z,2026-05-13T20:19:32Z,68
1843482,Central,CITY WEST LUDHIANA,ADARSH,Planned,Closed,2026-05-13T19:10:56Z,2026-05-13T20:18:59Z,68
1843480,Central,CITY WEST LUDHIANA,MOTI  BAGG,Planned,Closed,2026-05-13T19:10:56Z,2026-05-13T20:14:26Z,63
1843478,Central,CITY WEST LUDHIANA,BDS Nagar,Planned,Closed,2026-05-13T19:10:56Z,2026-05-13T20:12:26Z,61
1843474,Central,CITY WEST LUDHIANA,B.V.M.,Planned,Closed,2026-05-13T19:10:56Z,2026-05-13T20:11:56Z,61
1843473,Central,CITY WEST LUDHIANA,A W H O,Planned,Closed,2026-05-13T19:10:56Z,2026-05-13T20:11:36Z,60
1843472,Central,CITY WEST LUDHIANA,MANAKWAL,Planned,Closed,2026-05-13T19:10:56Z,2026-05-13T20:11:24Z,60
1843470,Central,CITY WEST LUDHIANA,BASANT AVENUE,Planned,Closed,2026-05-13T19:10:56Z,2026-05-13T20:11:14Z,60
1843469,Central,CITY WEST LUDHIANA,RENTAL COLONY,Planned,Closed,2026-05-13T19:10:56Z,2026-05-13T20:11:01Z,60
1843466,Central,CITY WEST LUDHIANA,PHULLANWAL,Planned,Closed,2026-05-13T19:10:56Z,2026-05-13T20:01:06Z,50
1843465,Central,CITY WEST LUDHIANA,URBAN ESTATE PH-2,Planned,Closed,2026-05-13T19:10:56Z,2026-05-13T20:10:48Z,59
1843464,Central,CITY WEST LUDHIANA,URBAN ESTATE PH-1,Planned,Closed,2026-05-13T19:10:56Z,2026-05-13T20:10:14Z,59
1843463,Central,CITY WEST LUDHIANA,URBAN VIHAR,Planned,Closed,2026-05-13T19:10:56Z,2026-05-13T20:10:01Z,59
1843462,Central,CITY WEST LUDHIANA,VISHAL NAGAR,Planned,Closed,2026-05-13T19:10:56Z,2026-05-13T20:09:49Z,58
1843460,Central,CITY WEST LUDHIANA,BHAI HIMAT SINGH NAGAR,Planned,Closed,2026-05-13T19:10:56Z,2026-05-13T20:09:32Z,58
1843459,Central,CITY WEST LUDHIANA,NATISH VIHAR,Planned,Closed,2026-05-13T19:10:56Z,2026-05-13T20:09:21Z,58
1843457,Central,CITY WEST LUDHIANA,DUGRI,Planned,Closed,2026-05-13T19:10:56Z,2026-05-13T20:09:02Z,58
1843556,West,MUKATSAR,RAHURIANWALI,Unplanned,Closed,2026-05-13T19:10:00Z,2026-05-13T20:10:00Z,60
1843511,East,ROPAR,ASRON,Unplanned,Closed,2026-05-13T19:10:00Z,2026-05-13T20:10:00Z,60
1843509,East,ROPAR,Puda Colony Ropar,Unplanned,Closed,2026-05-13T19:10:00Z,2026-05-13T20:45:00Z,95
1843507,East,ROPAR,11KV Hargovind Nangar,Unplanned,Closed,2026-05-13T19:10:00Z,2026-05-13T20:10:00Z,60
1843506,East,ROPAR,NILET,Unplanned,Closed,2026-05-13T19:10:00Z,2026-05-13T21:17:00Z,127
1843467,North,KAPURTHALA,UPS PANDORI,Unplanned,Closed,2026-05-13T19:10:00Z,2026-05-13T19:30:00Z,20
1843461,Central,CITY EAST LUDHIANA,SEKHEWAL,Unplanned,Closed,2026-05-13T19:10:00Z,2026-05-13T19:40:00Z,30
1843456,Central,CITY EAST LUDHIANA,GURU NANAK DEV NAGAR,Unplanned,Closed,2026-05-13T19:10:00Z,2026-05-13T19:48:00Z,38
1843453,Central,CITY EAST LUDHIANA,BASTI JODHEWAL,Unplanned,Closed,2026-05-13T19:10:00Z,2026-05-13T19:48:00Z,38
1843452,Central,CITY EAST LUDHIANA,DIVISION-3,Unplanned,Closed,2026-05-13T19:10:00Z,2026-05-13T19:48:00Z,38
1843443,Central,CITY EAST LUDHIANA,GURMAMDI,Unplanned,Closed,2026-05-13T19:10:00Z,2026-05-13T19:47:00Z,37
1843441,Central,CITY EAST LUDHIANA,IQBAL GANJ,Unplanned,Closed,2026-05-13T19:10:00Z,2026-05-13T19:48:00Z,38
1843425,Central,CITY WEST LUDHIANA,jawahar nagar,Planned,Closed,2026-05-13T19:06:15Z,2026-05-13T20:51:54Z,105
1843424,Central,CITY WEST LUDHIANA,MANJIT NAGAR,Planned,Closed,2026-05-13T19:06:15Z,2026-05-13T19:49:19Z,43
1843421,Central,CITY WEST LUDHIANA,SITA NAGAR,Planned,Closed,2026-05-13T19:06:15Z,2026-05-13T20:49:39Z,103
1843420,Central,CITY WEST LUDHIANA,D-BLOCK,Planned,Closed,2026-05-13T19:06:15Z,2026-05-13T20:49:51Z,103
1843419,Central,CITY WEST LUDHIANA,BANK  COLONY,Planned,Closed,2026-05-13T19:06:15Z,2026-05-13T19:49:12Z,42
1843418,Central,CITY WEST LUDHIANA,DHURI  LINE,Planned,Closed,2026-05-13T19:06:15Z,2026-05-13T20:50:00Z,103
1843417,Central,CITY WEST LUDHIANA,A-BLOCK,Planned,Closed,2026-05-13T19:06:15Z,2026-05-13T20:52:24Z,106
1843415,Central,CITY WEST LUDHIANA,G.T.B.,Planned,Closed,2026-05-13T19:06:15Z,2026-05-13T19:48:58Z,42
1843414,Central,CITY WEST LUDHIANA,ESI,Planned,Closed,2026-05-13T19:06:15Z,2026-05-13T20:50:10Z,103
1843413,Central,CITY WEST LUDHIANA,MODEL GRAM,Planned,Closed,2026-05-13T19:06:15Z,2026-05-13T20:50:19Z,104
1843411,Central,CITY WEST LUDHIANA,GULMOHAR,Planned,Closed,2026-05-13T19:06:15Z,2026-05-13T20:50:26Z,104
1843410,Central,CITY WEST LUDHIANA,KULAR,Planned,Closed,2026-05-13T19:06:15Z,2026-05-13T19:48:46Z,42
1843409,Central,CITY WEST LUDHIANA,MINT GUMRI,Planned,Closed,2026-05-13T19:06:15Z,2026-05-13T19:48:37Z,42
1843407,Central,CITY WEST LUDHIANA,MODEL TOWN,Planned,Closed,2026-05-13T19:06:15Z,2026-05-13T19:48:27Z,42
1843406,Central,CITY WEST LUDHIANA,ABDULLAPUR BASTI,Planned,Closed,2026-05-13T19:06:15Z,2026-05-13T19:48:00Z,41
1843403,Central,CITY WEST LUDHIANA,MODEL HOUSE,Planned,Closed,2026-05-13T19:06:15Z,2026-05-13T19:48:11Z,41
1843401,Central,CITY WEST LUDHIANA,BUS STAND,Planned,Closed,2026-05-13T19:06:15Z,2026-05-13T19:47:49Z,41
1843399,Central,CITY WEST LUDHIANA,ATAM NAGAR,Planned,Closed,2026-05-13T19:06:15Z,2026-05-13T20:50:36Z,104
1843396,Central,CITY WEST LUDHIANA,EXTENSION,Planned,Closed,2026-05-13T19:06:15Z,2026-05-13T19:46:43Z,40
1843395,Central,CITY WEST LUDHIANA,JAMMU COLONY,Planned,Closed,2026-05-13T19:06:15Z,2026-05-13T19:46:33Z,40
1843769,West,FARIDKOT,BABA FARID,Unplanned,Closed,2026-05-13T19:06:00Z,2026-05-13T20:32:00Z,86
1843475,West,MUKATSAR,11KV Fattanwala Road.,Unplanned,Closed,2026-05-13T19:06:00Z,2026-05-13T19:41:00Z,35
1843471,West,MUKATSAR,11KV New Jallalabad Road.,Unplanned,Closed,2026-05-13T19:06:00Z,2026-05-13T19:41:00Z,35
1843468,West,MUKATSAR,11KV Old Grain Market.,Unplanned,Closed,2026-05-13T19:06:00Z,2026-05-13T19:41:00Z,35
1843458,West,MUKATSAR,11KV Gaushalla Road,Unplanned,Closed,2026-05-13T19:06:00Z,2026-05-13T19:41:00Z,35
1843423,North,KAPURTHALA,Tower Colony,Unplanned,Closed,2026-05-13T19:06:00Z,2026-05-13T20:00:00Z,54
1843501,West,MUKATSAR,PHIDE KHURD,Unplanned,Closed,2026-05-13T19:05:00Z,2026-05-13T19:45:00Z,40
1843496,West,MUKATSAR,BHUTTIWALA,Unplanned,Closed,2026-05-13T19:05:00Z,2026-05-13T20:01:00Z,56
1843492,West,MUKATSAR,HARIKE KALAN UPS,Unplanned,Closed,2026-05-13T19:05:00Z,2026-05-13T19:40:00Z,35
1843489,East,ROPAR,ABIANA,Unplanned,Closed,2026-05-13T19:05:00Z,2026-05-13T19:58:00Z,53
1843488,West,MUKATSAR,Bariwala,Unplanned,Closed,2026-05-13T19:05:00Z,2026-05-13T19:40:00Z,35
1843486,East,ROPAR,Bhatton,Unplanned,Closed,2026-05-13T19:05:00Z,2026-05-13T19:58:00Z,53
1843485,East,ROPAR,SRAIN,Unplanned,Closed,2026-05-13T19:05:00Z,2026-05-13T19:58:00Z,53
1843484,East,ROPAR,TIBBA TAPPRIAN,Unplanned,Closed,2026-05-13T19:05:00Z,2026-05-13T19:58:00Z,53
1843483,East,ROPAR,BAINS,Unplanned,Closed,2026-05-13T19:05:00Z,2026-05-13T19:58:00Z,53
1843481,West,MUKATSAR,Sarainaga,Unplanned,Closed,2026-05-13T19:05:00Z,2026-05-13T19:40:00Z,35
1843479,East,ROPAR,JHANDIAN,Unplanned,Closed,2026-05-13T19:05:00Z,2026-05-13T19:58:00Z,53
1843454,West,BATHINDA,KOT GURU,Unplanned,Closed,2026-05-13T19:05:00Z,2026-05-13T20:51:00Z,106
1843393,East,Zirakpur,Hasanpur UPS,Unplanned,Closed,2026-05-13T19:05:00Z,2026-05-13T19:25:00Z,20
1843383,South,BARNALA,11 KV Baba Bule Shah,Planned,Closed,2026-05-13T19:05:00Z,2026-05-13T20:10:00Z,65
1843391,Border,SUB URBAN AMRITSAR,DOORDARSHAN,Unplanned,Closed,2026-05-13T19:04:57Z,2026-05-13T21:09:00Z,124
1843426,Border,TARN TARAN,MEHTA URBAN-I,Unplanned,Closed,2026-05-13T19:02:00Z,2026-05-13T21:10:29Z,128
1843512,West,MUKATSAR,Sohnewala,Unplanned,Closed,2026-05-13T19:01:00Z,2026-05-13T19:41:00Z,40
1843510,West,MUKATSAR,FATTANWALA,Unplanned,Closed,2026-05-13T19:01:00Z,2026-05-13T19:45:00Z,44
1843451,East,ROPAR,11KV  Dhahe Feeder,Unplanned,Closed,2026-05-13T19:01:00Z,2026-05-13T20:04:00Z,63
1843450,East,ROPAR,SHRI DASHMESH ACADEMY,Unplanned,Closed,2026-05-13T19:01:00Z,2026-05-13T19:40:00Z,39
1843449,East,ROPAR,11KV Chandesar,Unplanned,Closed,2026-05-13T19:01:00Z,2026-05-13T19:40:00Z,39
1843448,East,ROPAR,11kv kotla hydle feeder,Unplanned,Closed,2026-05-13T19:01:00Z,2026-05-13T19:40:00Z,39
1843447,East,ROPAR,City-2,Unplanned,Closed,2026-05-13T19:01:00Z,2026-05-13T19:30:00Z,29
1843446,East,ROPAR,City-1,Unplanned,Closed,2026-05-13T19:01:00Z,2026-05-13T19:30:00Z,29
1843445,East,ROPAR,Lamlehri,Unplanned,Closed,2026-05-13T19:01:00Z,2026-05-13T19:40:00Z,39
1843444,East,ROPAR,Dher,Unplanned,Closed,2026-05-13T19:01:00Z,2026-05-13T19:35:00Z,34
1843431,Border,TARN TARAN,Baba Bakala,Unplanned,Closed,2026-05-13T19:01:00Z,2026-05-13T20:30:49Z,89
1843749,Central,CITY WEST LUDHIANA,D.C. Residence,Unplanned,Closed,2026-05-13T19:00:00Z,2026-05-13T20:36:56Z,96
1843747,Central,CITY WEST LUDHIANA,Sadar Thana,Unplanned,Closed,2026-05-13T19:00:00Z,2026-05-13T20:36:35Z,96
1843746,Central,CITY WEST LUDHIANA,Rani Jhansi Road,Unplanned,Closed,2026-05-13T19:00:00Z,2026-05-13T22:15:37Z,195
1843745,Central,CITY WEST LUDHIANA,Prince,Unplanned,Closed,2026-05-13T19:00:00Z,2026-05-13T20:36:07Z,96
1843744,Central,CITY WEST LUDHIANA,Bharat Nagar,Unplanned,Closed,2026-05-13T19:00:00Z,2026-05-13T20:35:12Z,95
1843623,Border,TARN TARAN,UPS SARHALI MAND,Unplanned,Closed,2026-05-13T19:00:00Z,2026-05-13T21:45:14Z,165
1843440,Central,CITY WEST LUDHIANA,Maharaj Nagar,Unplanned,Closed,2026-05-13T19:00:00Z,2026-05-13T22:16:01Z,196
1843438,Central,CITY WEST LUDHIANA,TAGORE NAGAR,Unplanned,Closed,2026-05-13T19:00:00Z,2026-05-13T22:15:49Z,195
1843436,Central,CITY EAST LUDHIANA,BASTI FEEDER,Unplanned,Closed,2026-05-13T19:00:00Z,2026-05-13T19:46:00Z,46
1843434,North,KAPURTHALA,UPS KASSO CHAHAL,Unplanned,Closed,2026-05-13T19:00:00Z,2026-05-13T20:00:00Z,60
1843433,North,KAPURTHALA,INDUSTRY AREA,Unplanned,Closed,2026-05-13T19:00:00Z,2026-05-13T19:14:00Z,14
1843432,Central,CITY EAST LUDHIANA,WAIT GANJ,Unplanned,Closed,2026-05-13T19:00:00Z,2026-05-13T19:46:00Z,46
1843430,Central,CITY EAST LUDHIANA,Subash Nagar Feeder,Unplanned,Closed,2026-05-13T19:00:00Z,2026-05-13T19:46:00Z,46
1843428,Central,CITY EAST LUDHIANA,Shivpuri,Unplanned,Closed,2026-05-13T19:00:00Z,2026-05-13T19:48:00Z,48
1843427,Central,CITY EAST LUDHIANA,PATIALA HOUSE,Unplanned,Closed,2026-05-13T19:00:00Z,2026-05-13T19:47:00Z,47
1843405,North,KAPURTHALA,SALAMATPUR,Unplanned,Closed,2026-05-13T19:00:00Z,2026-05-13T19:10:00Z,10
1843404,North,KAPURTHALA,UPS PANDORI,Unplanned,Closed,2026-05-13T19:00:00Z,2026-05-13T19:05:00Z,5
1843400,North,KAPURTHALA,UPS METLA,Unplanned,Closed,2026-05-13T19:00:00Z,2026-05-13T19:10:00Z,10
1843397,North,KAPURTHALA,CAT-1 BHOLATH,Unplanned,Closed,2026-05-13T19:00:00Z,2026-05-13T19:10:00Z,10
1843388,North,KAPURTHALA,UPS NAL,Unplanned,Closed,2026-05-13T19:00:00Z,2026-05-13T19:22:00Z,22
1843387,North,KAPURTHALA,UPS KOHALA,Unplanned,Closed,2026-05-13T19:00:00Z,2026-05-13T19:05:00Z,5
1843384,North,KAPURTHALA,Jallowal,Unplanned,Closed,2026-05-13T19:00:00Z,2026-05-13T19:04:00Z,4
1843422,Border,GURDASPUR,Najo Chack,Unplanned,Closed,2026-05-13T18:59:00Z,2026-05-13T20:35:00Z,96
1843408,South,SANGRUR,11 KV SULARGHRAT UPS,Unplanned,Closed,2026-05-13T18:58:00Z,2026-05-13T20:20:00Z,82
1843392,West,BATHINDA,MOOSA CHUNGI,Unplanned,Closed,2026-05-13T18:58:00Z,2026-05-13T19:02:11Z,4
1843345,West,FARIDKOT,VIDANT NAGAR,Unplanned,Closed,2026-05-13T18:57:10Z,2026-05-13T19:28:17Z,31
1843325,West,FARIDKOT,KHOSA KOTLA,Unplanned,Closed,2026-05-13T18:55:16Z,2026-05-13T19:47:51Z,52
1843439,North,JALANDHAR,EKTA NAGAR,Unplanned,Closed,2026-05-13T18:55:00Z,2026-05-13T20:35:00Z,100
1843429,Border,GURDASPUR,Pangoli,Unplanned,Closed,2026-05-13T18:55:00Z,2026-05-13T19:50:00Z,55
1843416,North,NAWANSHAHR,Court Complex,Unplanned,Closed,2026-05-13T18:55:00Z,2026-05-13T19:44:00Z,49
1843412,North,NAWANSHAHR,Friends Road,Unplanned,Closed,2026-05-13T18:55:00Z,2026-05-13T19:41:00Z,46
1843402,North,NAWANSHAHR,PTC,Unplanned,Closed,2026-05-13T18:55:00Z,2026-05-13T19:25:00Z,30
1843398,North,NAWANSHAHR,Industry,Unplanned,Closed,2026-05-13T18:55:00Z,2026-05-13T19:40:00Z,45
1843394,North,NAWANSHAHR,City,Unplanned,Closed,2026-05-13T18:55:00Z,2026-05-13T19:26:00Z,31
1843390,North,NAWANSHAHR,Raiway road,Unplanned,Closed,2026-05-13T18:55:00Z,2026-05-13T19:47:00Z,52
1843372,North,NAWANSHAHR,RATTEWAL,Unplanned,Closed,2026-05-13T18:55:00Z,2026-05-13T19:55:00Z,60
1843370,North,NAWANSHAHR,JINDAPUR,Unplanned,Closed,2026-05-13T18:55:00Z,2026-05-13T19:55:00Z,60
1843368,North,NAWANSHAHR,KAMALPUR,Unplanned,Closed,2026-05-13T18:55:00Z,2026-05-13T19:55:00Z,60
1843365,North,NAWANSHAHR,DIBHALI,Unplanned,Closed,2026-05-13T18:55:00Z,2026-05-13T19:55:00Z,60
1843363,North,NAWANSHAHR,PANYALI,Unplanned,Closed,2026-05-13T18:55:00Z,2026-05-13T19:55:00Z,60
1843361,North,NAWANSHAHR,GOLUMAJRA,Unplanned,Closed,2026-05-13T18:55:00Z,2026-05-13T19:55:00Z,60
1843355,North,NAWANSHAHR,BALLOWAL,Unplanned,Closed,2026-05-13T18:55:00Z,2026-05-13T19:55:00Z,60
1843349,North,NAWANSHAHR,HEDONBET,Unplanned,Closed,2026-05-13T18:55:00Z,2026-05-13T19:55:00Z,60
1843342,North,NAWANSHAHR,KATHGARH,Unplanned,Closed,2026-05-13T18:55:00Z,2026-05-13T19:55:00Z,60
1843339,North,NAWANSHAHR,11 KV DOPALPUR UPS,Unplanned,Closed,2026-05-13T18:55:00Z,2026-05-13T19:44:00Z,49
1843337,North,NAWANSHAHR,11 KV Usmanpur,Unplanned,Closed,2026-05-13T18:55:00Z,2026-05-13T19:44:00Z,49
1843335,North,NAWANSHAHR,TAJOWAL,Unplanned,Closed,2026-05-13T18:55:00Z,2026-05-13T19:46:00Z,51
1843334,North,NAWANSHAHR,BARWA,Unplanned,Closed,2026-05-13T18:55:00Z,2026-05-13T19:43:00Z,48
1843331,North,NAWANSHAHR,JADLA,Unplanned,Closed,2026-05-13T18:55:00Z,2026-05-13T19:45:00Z,50
1843389,North,NAWANSHAHR,Bector Food,Unplanned,Closed,2026-05-13T18:54:00Z,2026-05-13T20:30:00Z,96
1843376,East,ROPAR,11KV Kalas Kalan UPS,Unplanned,Closed,2026-05-13T18:54:00Z,2026-05-13T19:35:00Z,41
1843386,North,HOSHIARPUR,LAROYA,Unplanned,Closed,2026-05-13T18:52:00Z,2026-05-13T19:10:00Z,18
1843385,North,NAWANSHAHR,Cremica,Unplanned,Closed,2026-05-13T18:52:00Z,2026-05-13T19:25:00Z,33
1843296,Central,CITY WEST LUDHIANA,ISHER NAGAR FEEDER,Unplanned,Closed,2026-05-13T18:51:29Z,2026-05-13T20:02:11Z,70
1843302,West,FARIDKOT,11 KV Dana Mandi,Unplanned,Closed,2026-05-13T18:51:08Z,2026-05-13T19:48:10Z,57
1843298,West,FARIDKOT,JALALABAD UPS,Unplanned,Closed,2026-05-13T18:51:08Z,2026-05-13T19:48:35Z,57
1843293,West,FARIDKOT,Neel Giri,Unplanned,Closed,2026-05-13T18:51:08Z,2026-05-13T19:48:10Z,57
1843290,West,FARIDKOT,CHUGGA UPS,Unplanned,Closed,2026-05-13T18:51:08Z,2026-05-13T19:48:10Z,57
1843477,North,JALANDHAR,PROFFESSER COLONY,Unplanned,Closed,2026-05-13T18:51:00Z,2026-05-13T19:53:00Z,62
1843476,North,JALANDHAR,RAMA MANDI,Unplanned,Closed,2026-05-13T18:51:00Z,2026-05-13T19:53:00Z,62
1843362,North,KAPURTHALA,Purani Dana mandi,Unplanned,Closed,2026-05-13T18:51:00Z,2026-05-13T20:01:00Z,70
1843382,West,FARIDKOT,11 KV  NARAINGARH UPS,Unplanned,Closed,2026-05-13T18:50:19Z,2026-05-13T19:20:00Z,29
1843381,West,FARIDKOT,NEW TEACHER COLONY,Unplanned,Closed,2026-05-13T18:50:19Z,2026-05-13T19:20:00Z,29
1843380,West,FARIDKOT,11KV MACHAKI MAL SINGH UPS,Unplanned,Closed,2026-05-13T18:50:19Z,2026-05-13T19:20:00Z,29
1843379,West,FARIDKOT,11KV MAI GODRI SHAIB,Unplanned,Closed,2026-05-13T18:50:19Z,2026-05-13T19:20:00Z,29
1843378,West,FARIDKOT,11KV NEW HARINDERA NAGAR,Unplanned,Closed,2026-05-13T18:50:19Z,2026-05-13T19:20:00Z,29
1843377,North,JALANDHAR,11KV GTB NAGAR,Unplanned,Closed,2026-05-13T18:50:00Z,2026-05-13T20:13:00Z,83
1843359,West,MUKATSAR,Kala Mehar UPS,Unplanned,Closed,2026-05-13T18:50:00Z,2026-05-13T19:41:00Z,51
1843357,West,MUKATSAR,Gulabewala,Unplanned,Closed,2026-05-13T18:50:00Z,2026-05-13T19:41:00Z,51
1843356,North,NAWANSHAHR,BURAJTEHALDAS,Unplanned,Closed,2026-05-13T18:50:00Z,2026-05-13T19:17:00Z,27
1843354,North,NAWANSHAHR,MALPUR,Unplanned,Closed,2026-05-13T18:50:00Z,2026-05-13T19:20:00Z,30
1843353,North,NAWANSHAHR,AUR,Unplanned,Closed,2026-05-13T18:50:00Z,2026-05-13T19:20:00Z,30
1843352,West,MUKATSAR,Lambi Dhab,Unplanned,Closed,2026-05-13T18:50:00Z,2026-05-13T19:41:00Z,51
1843351,North,NAWANSHAHR,KHOJA,Unplanned,Closed,2026-05-13T18:50:00Z,2026-05-13T19:20:00Z,30
1843350,North,NAWANSHAHR,SKOHPUR,Unplanned,Closed,2026-05-13T18:50:00Z,2026-05-13T19:20:00Z,30
1843312,West,FARIDKOT,Zira Road,Unplanned,Closed,2026-05-13T18:50:00Z,2026-05-13T20:50:00Z,120
1843311,North,KAPURTHALA,URBAN Bye Pass,Unplanned,Closed,2026-05-13T18:50:00Z,2026-05-13T19:50:00Z,60
1843309,North,KAPURTHALA,URBAN Sura Nussi,Unplanned,Closed,2026-05-13T18:50:00Z,2026-05-13T18:55:00Z,5
1843308,North,KAPURTHALA,UPS Ambgarh,Unplanned,Closed,2026-05-13T18:50:00Z,2026-05-13T19:50:00Z,60
1843306,North,KAPURTHALA,UPS Kahlwan,Unplanned,Closed,2026-05-13T18:50:00Z,2026-05-13T18:55:00Z,5
1843305,West,FARIDKOT,Dutt Road,Unplanned,Closed,2026-05-13T18:50:00Z,2026-05-13T20:50:00Z,120
1843301,North,KAPURTHALA,Arya Nagar,Unplanned,Closed,2026-05-13T18:50:00Z,2026-05-13T18:55:00Z,5
1843295,North,KAPURTHALA,Furniture Bajar,Unplanned,Closed,2026-05-13T18:50:00Z,2026-05-13T18:55:00Z,5
1843292,West,FARIDKOT,AKALSAR,Unplanned,Closed,2026-05-13T18:50:00Z,2026-05-13T23:29:00Z,279
1843289,North,KAPURTHALA,City kartarpur,Unplanned,Closed,2026-05-13T18:50:00Z,2026-05-13T19:10:00Z,20
1843374,East,MOHALI,11 KV Indutrial-4,Unplanned,Closed,2026-05-13T18:49:50Z,2026-05-13T20:35:00Z,105
1843236,Central,CITY WEST LUDHIANA,MODEL GRAM,Planned,Closed,2026-05-13T18:48:34Z,2026-05-13T19:01:31Z,12
1843347,East,ROPAR,11 KV Gajhpur,Unplanned,Closed,2026-05-13T18:48:00Z,2026-05-13T20:04:00Z,76
1843346,East,ROPAR,11 KV Paharpur,Unplanned,Closed,2026-05-13T18:48:00Z,2026-05-13T20:35:00Z,107
1843343,East,ROPAR,11 KV Moura,Unplanned,Closed,2026-05-13T18:48:00Z,2026-05-13T20:00:00Z,72
1843340,East,ROPAR,11 KV Kotla,Unplanned,Closed,2026-05-13T18:48:00Z,2026-05-13T20:04:00Z,76
1843338,East,ROPAR,11 KV Kiratpur Sahib,Unplanned,Closed,2026-05-13T18:48:00Z,2026-05-13T20:40:00Z,112
1843218,Border,SUB URBAN AMRITSAR,Attari,Unplanned,Closed,2026-05-13T18:47:06Z,2026-05-13T20:14:53Z,87
1843216,Border,SUB URBAN AMRITSAR,Rattan,Unplanned,Closed,2026-05-13T18:47:06Z,2026-05-13T19:26:43Z,39
1843287,North,HOSHIARPUR,11 KV Sataur,Unplanned,Closed,2026-05-13T18:47:00Z,2026-05-13T19:45:00Z,58
1843283,North,HOSHIARPUR,NAWA GHAR,Unplanned,Closed,2026-05-13T18:47:00Z,2026-05-13T19:45:00Z,58
1843278,North,HOSHIARPUR,Lalpur,Unplanned,Closed,2026-05-13T18:47:00Z,2026-05-13T19:45:00Z,58
1843276,North,HOSHIARPUR,11KV BHATOLIAN,Unplanned,Closed,2026-05-13T18:47:00Z,2026-05-13T19:45:00Z,58
1843273,North,HOSHIARPUR,Dholwaha,Unplanned,Closed,2026-05-13T18:47:00Z,2026-05-13T19:45:00Z,58
1843270,North,HOSHIARPUR,Atwarapur,Unplanned,Closed,2026-05-13T18:47:00Z,2026-05-13T19:45:00Z,58
1843268,North,HOSHIARPUR,Janauri-2,Unplanned,Closed,2026-05-13T18:47:00Z,2026-05-13T19:45:00Z,58
1843262,North,HOSHIARPUR,REHMAPUR,Unplanned,Closed,2026-05-13T18:47:00Z,2026-05-13T19:45:00Z,58
1843261,North,HOSHIARPUR,JANOURI,Unplanned,Closed,2026-05-13T18:47:00Z,2026-05-13T19:45:00Z,58
1843256,North,HOSHIARPUR,DAM,Unplanned,Closed,2026-05-13T18:47:00Z,2026-05-13T19:45:00Z,58
1843254,North,HOSHIARPUR,Lajwanti Stadium,Unplanned,Closed,2026-05-13T18:47:00Z,2026-05-13T19:45:00Z,58
1843320,South,SANGRUR,11 KV SANSARPURA ROAD AP,Unplanned,Closed,2026-05-13T18:46:36Z,2026-05-13T20:23:04Z,96
1843208,West,FARIDKOT,CIVIL HOSPITAL,Unplanned,Closed,2026-05-13T18:45:34Z,2026-05-13T19:28:03Z,42
1843206,West,FARIDKOT,Nigaha Road,Unplanned,Closed,2026-05-13T18:45:34Z,2026-05-13T19:28:08Z,42
1843204,West,FARIDKOT,CITY MOGA,Unplanned,Closed,2026-05-13T18:45:34Z,2026-05-13T19:27:33Z,41
1843364,West,FARIDKOT,Qila Nau,Unplanned,Closed,2026-05-13T18:45:19Z,2026-05-13T19:30:00Z,44
1843360,West,FARIDKOT,DANA ROMANA,Unplanned,Closed,2026-05-13T18:45:19Z,2026-05-13T19:30:00Z,44
1843358,West,FARIDKOT,SUKHANWALA,Unplanned,Closed,2026-05-13T18:45:19Z,2026-05-13T19:30:00Z,44
1843795,West,FARIDKOT,INDUSTRIAL,Unplanned,Closed,2026-05-13T18:45:00Z,2026-05-13T20:10:13Z,85
1843314,North,NAWANSHAHR,TEHSIL COMPLEX,Unplanned,Closed,2026-05-13T18:45:00Z,2026-05-13T19:45:00Z,60
1843310,North,NAWANSHAHR,SUDHA MAJRA,Unplanned,Closed,2026-05-13T18:45:00Z,2026-05-13T19:45:00Z,60
1843307,North,NAWANSHAHR,JAGATPUR,Unplanned,Closed,2026-05-13T18:45:00Z,2026-05-13T19:45:00Z,60
1843303,North,NAWANSHAHR,THOPIA,Unplanned,Closed,2026-05-13T18:45:00Z,2026-05-13T19:45:00Z,60
1843299,North,NAWANSHAHR,RAM NAGAR,Unplanned,Closed,2026-05-13T18:45:00Z,2026-05-13T19:45:00Z,60
1843286,North,NAWANSHAHR,MEHIATPUR,Unplanned,Closed,2026-05-13T18:45:00Z,2026-05-13T19:45:00Z,60
1843284,North,NAWANSHAHR,CHANDIANI,Unplanned,Closed,2026-05-13T18:45:00Z,2026-05-13T19:45:00Z,60
1843279,North,NAWANSHAHR,BALACHAUR CITY-3,Unplanned,Closed,2026-05-13T18:45:00Z,2026-05-13T19:45:00Z,60
1843267,North,NAWANSHAHR,CHUSHMA,Unplanned,Closed,2026-05-13T18:45:00Z,2026-05-13T19:45:00Z,60
1843263,North,NAWANSHAHR,BALACHAUR,Unplanned,Closed,2026-05-13T18:45:00Z,2026-05-13T19:45:00Z,60
1843260,North,NAWANSHAHR,CITY BALACHAUR NO-2,Unplanned,Closed,2026-05-13T18:45:00Z,2026-05-13T19:45:00Z,60
1843255,North,NAWANSHAHR,BHADDI,Unplanned,Closed,2026-05-13T18:45:00Z,2026-05-13T19:45:00Z,60
1843251,North,NAWANSHAHR,BHADDI URBAN,Unplanned,Closed,2026-05-13T18:45:00Z,2026-05-13T19:45:00Z,60
1843246,North,NAWANSHAHR,CITY RAHON,Unplanned,Closed,2026-05-13T18:45:00Z,2026-05-13T19:29:00Z,44
1843244,North,NAWANSHAHR,TAKARLA,Unplanned,Closed,2026-05-13T18:45:00Z,2026-05-13T19:45:00Z,60
1843242,North,NAWANSHAHR,MOJOWAL MAJARA,Unplanned,Closed,2026-05-13T18:45:00Z,2026-05-13T19:45:00Z,60
1843241,North,NAWANSHAHR,11 KV City-2,Unplanned,Closed,2026-05-13T18:45:00Z,2026-05-13T19:26:00Z,41
1843240,North,NAWANSHAHR,AKALIANA,Unplanned,Closed,2026-05-13T18:45:00Z,2026-05-13T19:45:00Z,60
1843239,North,NAWANSHAHR,MAHIPUR,Unplanned,Closed,2026-05-13T18:45:00Z,2026-05-13T19:45:00Z,60
1843237,North,NAWANSHAHR,Hussain Chack,Unplanned,Closed,2026-05-13T18:45:00Z,2026-05-13T19:30:00Z,45
1843235,North,NAWANSHAHR,11kv Behloor Kalan,Unplanned,Closed,2026-05-13T18:45:00Z,2026-05-13T19:30:00Z,45
1843233,North,NAWANSHAHR,KAHLON,Unplanned,Closed,2026-05-13T18:45:00Z,2026-05-13T19:30:00Z,45
1843232,North,NAWANSHAHR,24 HRS RAHON,Unplanned,Closed,2026-05-13T18:45:00Z,2026-05-13T19:30:00Z,45
1842912,West,FARIDKOT,DOGAR BASTI,Planned,Closed,2026-05-13T18:44:00Z,2026-05-13T19:50:00Z,66
1843150,Border,SUB URBAN AMRITSAR,24 Hrs Rajatal,Unplanned,Closed,2026-05-13T18:42:46Z,2026-05-13T20:10:58Z,88
1843435,North,JALANDHAR,King city,Unplanned,Closed,2026-05-13T18:41:00Z,2026-05-13T19:25:00Z,44
1843169,North,HOSHIARPUR,manvta mander,Unplanned,Closed,2026-05-13T18:41:00Z,2026-05-13T19:30:00Z,49
1843164,North,HOSHIARPUR,Ghanta Ghar,Unplanned,Closed,2026-05-13T18:41:00Z,2026-05-13T19:40:00Z,59
1843513,North,KAPURTHALA,SHALIMAR JALANDHAR ROAD,Unplanned,Closed,2026-05-13T18:40:00Z,2026-05-13T19:29:00Z,49
1843371,North,NAWANSHAHR,11KV BARNALA,Unplanned,Closed,2026-05-13T18:40:00Z,2026-05-13T19:20:00Z,40
1843367,North,NAWANSHAHR,CITY II,Unplanned,Closed,2026-05-13T18:40:00Z,2026-05-13T19:40:00Z,60
1843366,North,NAWANSHAHR,Chandigarh Road,Unplanned,Closed,2026-05-13T18:40:00Z,2026-05-13T19:45:00Z,65
1843313,North,NAWANSHAHR,11 KV Civil Hospital,Unplanned,Closed,2026-05-13T18:40:00Z,2026-05-13T19:09:00Z,29
1843304,North,NAWANSHAHR,11KV CITY-3,Unplanned,Closed,2026-05-13T18:40:00Z,2026-05-13T19:11:00Z,31
1843300,North,NAWANSHAHR,Barnala Gate,Unplanned,Closed,2026-05-13T18:40:00Z,2026-05-13T19:09:00Z,29
1843297,North,NAWANSHAHR,11 KV Begam Pur,Unplanned,Closed,2026-05-13T18:40:00Z,2026-05-13T19:09:00Z,29
1843294,North,NAWANSHAHR,11 KV Railway Road,Unplanned,Closed,2026-05-13T18:40:00Z,2026-05-13T19:09:00Z,29
1843291,North,NAWANSHAHR,Saloh Road,Unplanned,Closed,2026-05-13T18:40:00Z,2026-05-13T19:09:00Z,29
1843288,North,NAWANSHAHR,City-1,Unplanned,Closed,2026-05-13T18:40:00Z,2026-05-13T19:09:00Z,29
1843285,North,NAWANSHAHR,Rahon Road,Unplanned,Closed,2026-05-13T18:40:00Z,2026-05-13T19:09:00Z,29
1843282,North,NAWANSHAHR,Ghaas mandi,Unplanned,Closed,2026-05-13T18:40:00Z,2026-05-13T19:10:00Z,30
1843281,North,NAWANSHAHR,Dana Mandi,Unplanned,Closed,2026-05-13T18:40:00Z,2026-05-13T19:10:00Z,30
1843277,North,NAWANSHAHR,SUGER MILL,Unplanned,Closed,2026-05-13T18:40:00Z,2026-05-13T19:20:00Z,40
1843274,North,NAWANSHAHR,Focal Point,Unplanned,Closed,2026-05-13T18:40:00Z,2026-05-13T19:10:00Z,30
1843272,North,HOSHIARPUR,Bhagowal,Unplanned,Closed,2026-05-13T18:40:00Z,2026-05-13T21:30:22Z,170
1843271,Border,SUB URBAN AMRITSAR,JAGDEV KALAN CAT-1,Unplanned,Closed,2026-05-13T18:40:00Z,2026-05-13T19:40:00Z,60
1843265,North,HOSHIARPUR,RAMGHAR,Unplanned,Closed,2026-05-13T18:40:00Z,2026-05-13T20:10:00Z,90
1843259,North,HOSHIARPUR,BHOL,Unplanned,Closed,2026-05-13T18:40:00Z,2026-05-13T20:10:00Z,90
1843257,North,HOSHIARPUR,KAKKON,Unplanned,Closed,2026-05-13T18:40:00Z,2026-05-13T21:30:05Z,170
1843222,North,HOSHIARPUR,PANKHUH,Unplanned,Closed,2026-05-13T18:40:00Z,2026-05-13T20:35:00Z,115
1843219,North,HOSHIARPUR,BUDHABAR,Unplanned,Closed,2026-05-13T18:40:00Z,2026-05-13T19:45:00Z,65
1843202,North,NAWANSHAHR,RAKKAR DHAHAN,Unplanned,Closed,2026-05-13T18:40:00Z,2026-05-13T19:40:00Z,60
1843200,North,NAWANSHAHR,PAILY,Unplanned,Closed,2026-05-13T18:40:00Z,2026-05-13T19:40:00Z,60
1843196,North,NAWANSHAHR,SIMBAL MAJARA,Unplanned,Closed,2026-05-13T18:40:00Z,2026-05-13T19:40:00Z,60
1843190,North,NAWANSHAHR,MAZARI,Unplanned,Closed,2026-05-13T18:40:00Z,2026-05-13T19:40:00Z,60
1843187,North,NAWANSHAHR,KARAWAR,Unplanned,Closed,2026-05-13T18:40:00Z,2026-05-13T19:40:00Z,60
1843185,North,NAWANSHAHR,SAHIBA,Unplanned,Closed,2026-05-13T18:40:00Z,2026-05-13T19:40:00Z,60
1843180,North,NAWANSHAHR,DHARAMPUR,Unplanned,Closed,2026-05-13T18:40:00Z,2026-05-13T19:40:00Z,60
1843176,North,NAWANSHAHR,KAULGARH,Unplanned,Closed,2026-05-13T18:40:00Z,2026-05-13T19:40:00Z,60
1843172,North,NAWANSHAHR,JADALI,Unplanned,Closed,2026-05-13T18:40:00Z,2026-05-13T19:40:00Z,60
1843194,North,NAWANSHAHR,Achan Chak,Unplanned,Closed,2026-05-13T18:39:00Z,2026-05-13T19:38:00Z,59
1843156,East,ROPAR,Bhatton,Unplanned,Closed,2026-05-13T18:38:39Z,2026-05-13T18:54:39Z,16
1843155,East,ROPAR,SRAIN,Unplanned,Closed,2026-05-13T18:38:39Z,2026-05-13T18:54:39Z,16
1843154,East,ROPAR,BAINS,Unplanned,Closed,2026-05-13T18:38:39Z,2026-05-13T18:54:39Z,16
1843153,East,ROPAR,ABIANA,Unplanned,Closed,2026-05-13T18:38:39Z,2026-05-13T18:54:39Z,16
1843152,East,ROPAR,TIBBA TAPPRIAN,Unplanned,Closed,2026-05-13T18:38:39Z,2026-05-13T18:54:39Z,16
1843151,East,ROPAR,JHANDIAN,Unplanned,Closed,2026-05-13T18:38:39Z,2026-05-13T18:54:39Z,16
1843137,East,ROPAR,AILGRAN,Unplanned,Closed,2026-05-13T18:38:19Z,2026-05-13T18:54:19Z,16
1843136,East,ROPAR,KALWAN,Unplanned,Closed,2026-05-13T18:38:19Z,2026-05-13T18:54:19Z,16
1843135,East,ROPAR,NALHOTI,Unplanned,Closed,2026-05-13T18:38:19Z,2026-05-13T18:54:19Z,16
1843134,East,ROPAR,BHANGLAN,Unplanned,Closed,2026-05-13T18:38:19Z,2026-05-13T18:54:19Z,16
1843133,East,ROPAR,PLATA,Unplanned,Closed,2026-05-13T18:38:19Z,2026-05-13T18:54:19Z,16
1843132,East,ROPAR,SWARA,Unplanned,Closed,2026-05-13T18:38:19Z,2026-05-13T18:54:19Z,16
1843149,East,ROPAR,BHAINI,Unplanned,Closed,2026-05-13T18:38:09Z,2026-05-13T18:54:09Z,16
1843148,East,ROPAR,BARWA,Unplanned,Closed,2026-05-13T18:38:09Z,2026-05-13T18:54:09Z,16
1843147,East,ROPAR,Jhangrian,Unplanned,Closed,2026-05-13T18:38:09Z,2026-05-13T18:54:09Z,16
1843146,East,ROPAR,Nurpur Bedi,Unplanned,Closed,2026-05-13T18:38:09Z,2026-05-13T18:54:09Z,16
1843145,East,ROPAR,SAIDPUR,Unplanned,Closed,2026-05-13T18:38:09Z,2026-05-13T18:54:09Z,16
1843144,East,ROPAR,MUKARI,Unplanned,Closed,2026-05-13T18:38:09Z,2026-05-13T18:54:09Z,16
1843143,East,ROPAR,Bassi,Unplanned,Closed,2026-05-13T18:38:09Z,2026-05-13T18:54:09Z,16
1843142,East,ROPAR,HIYATPUR,Unplanned,Closed,2026-05-13T18:38:09Z,2026-05-13T18:54:09Z,16
1843141,East,ROPAR,Asmanpur,Unplanned,Closed,2026-05-13T18:38:09Z,2026-05-13T18:54:09Z,16
1843140,East,ROPAR,Haripur,Unplanned,Closed,2026-05-13T18:38:09Z,2026-05-13T18:54:09Z,16
1843139,East,ROPAR,Thana,Unplanned,Closed,2026-05-13T18:38:09Z,2026-05-13T18:54:09Z,16
1843159,North,NAWANSHAHR,Khehra,Unplanned,Closed,2026-05-13T18:38:00Z,2026-05-13T19:25:00Z,47
1843121,North,HOSHIARPUR,BHUNGA,Unplanned,Closed,2026-05-13T18:37:00Z,2026-05-13T19:30:00Z,53
1843116,East,ROPAR,Nikku Nangal,Unplanned,Closed,2026-05-13T18:37:00Z,2026-05-13T19:15:00Z,38
1843111,East,ROPAR,Bhallan,Unplanned,Closed,2026-05-13T18:37:00Z,2026-05-13T19:15:00Z,38
1843109,East,ROPAR,11 KV Bhanaupli-1,Unplanned,Closed,2026-05-13T18:37:00Z,2026-05-13T19:15:00Z,38
1843107,East,ROPAR,Jawahar market,Unplanned,Closed,2026-05-13T18:37:00Z,2026-05-13T19:15:00Z,38
1843106,North,HOSHIARPUR,Chetna Park,Unplanned,Closed,2026-05-13T18:37:00Z,2026-05-13T19:30:00Z,53
1843104,East,ROPAR,Indira nagar,Unplanned,Closed,2026-05-13T18:37:00Z,2026-05-13T19:15:00Z,38
1843103,North,HOSHIARPUR,Model Town,Unplanned,Closed,2026-05-13T18:37:00Z,2026-05-13T19:30:00Z,53
1843102,East,ROPAR,Giani market,Unplanned,Closed,2026-05-13T18:37:00Z,2026-05-13T19:15:00Z,38
1843099,East,ROPAR,Bhabour sahib,Unplanned,Closed,2026-05-13T18:37:00Z,2026-05-13T19:15:00Z,38
1843089,West,BATHINDA,11 KV MAHAVIR DAL,Unplanned,Closed,2026-05-13T18:37:00Z,2026-05-13T20:45:00Z,128
1843079,Central,CITY WEST LUDHIANA,HIGHWAY FEEDER,Unplanned,Closed,2026-05-13T18:36:52Z,2026-05-13T19:57:51Z,80
1843127,North,JALANDHAR,Hargobind Nagar,Unplanned,Closed,2026-05-13T18:36:00Z,2026-05-13T19:10:00Z,34
1843080,West,BATHINDA,AJIT ROAD,Unplanned,Closed,2026-05-13T18:36:00Z,2026-05-13T19:33:00Z,57
1843348,West,FARIDKOT,JORRIAN NAHIRAN,Unplanned,Closed,2026-05-13T18:35:19Z,2026-05-13T19:20:00Z,44
1843344,West,FARIDKOT,11KV HASSAN BHATTI,Unplanned,Closed,2026-05-13T18:35:19Z,2026-05-13T19:20:00Z,44
1843341,West,FARIDKOT,11KV PAKHI,Unplanned,Closed,2026-05-13T18:35:19Z,2026-05-13T19:20:00Z,44
1843336,West,FARIDKOT,JHARI WALA,Unplanned,Closed,2026-05-13T18:35:19Z,2026-05-13T19:20:00Z,44
1843333,West,FARIDKOT,ARIYAWALA,Unplanned,Closed,2026-05-13T18:35:19Z,2026-05-13T19:20:00Z,44
1843330,West,FARIDKOT,GUGIANA,Unplanned,Closed,2026-05-13T18:35:19Z,2026-05-13T19:20:00Z,44
1843327,West,FARIDKOT,GOLEWALA,Unplanned,Closed,2026-05-13T18:35:19Z,2026-05-13T19:20:00Z,44
1843253,North,HOSHIARPUR,SANDPUR,Unplanned,Closed,2026-05-13T18:35:00Z,2026-05-13T20:05:00Z,90
1843248,North,HOSHIARPUR,ADAMWAL UPS,Unplanned,Closed,2026-05-13T18:35:00Z,2026-05-13T21:50:18Z,195
1843247,North,HOSHIARPUR,SATHWAN,Unplanned,Closed,2026-05-13T18:35:00Z,2026-05-13T20:15:00Z,100
1843243,North,HOSHIARPUR,TALWARA,Unplanned,Closed,2026-05-13T18:35:00Z,2026-05-13T20:05:00Z,90
1843238,North,HOSHIARPUR,BHAMBOTAR,Unplanned,Closed,2026-05-13T18:35:00Z,2026-05-13T20:05:00Z,90
1843231,North,HOSHIARPUR,WAZIRAN,Unplanned,Closed,2026-05-13T18:35:00Z,2026-05-13T20:24:00Z,109
1843229,North,HOSHIARPUR,Chak Jhandu,Unplanned,Closed,2026-05-13T18:35:00Z,2026-05-13T21:40:00Z,185
1843228,North,HOSHIARPUR,HANDHWAL UPS,Unplanned,Closed,2026-05-13T18:35:00Z,2026-05-13T20:47:00Z,132
1843227,North,HOSHIARPUR,SUSANA,Unplanned,Closed,2026-05-13T18:35:00Z,2026-05-13T20:15:00Z,100
1843225,North,HOSHIARPUR,PAJJODEUTA,Unplanned,Closed,2026-05-13T18:35:00Z,2026-05-13T19:15:00Z,40
1843223,North,HOSHIARPUR,Soosa,Unplanned,Closed,2026-05-13T18:35:00Z,2026-05-13T20:15:00Z,100
1843215,North,HOSHIARPUR,HAJIPUR,Unplanned,Closed,2026-05-13T18:35:00Z,2026-05-13T20:55:00Z,140
1843214,North,HOSHIARPUR,NANGAL BIHALAN,Unplanned,Closed,2026-05-13T18:35:00Z,2026-05-13T21:55:00Z,200
1843211,North,HOSHIARPUR,SUDHANA,Unplanned,Closed,2026-05-13T18:35:00Z,2026-05-13T19:05:00Z,30
1843205,North,HOSHIARPUR,SAWAR,Unplanned,Closed,2026-05-13T18:35:00Z,2026-05-13T20:23:00Z,108
1843199,North,HOSHIARPUR,khunda,Unplanned,Closed,2026-05-13T18:35:00Z,2026-05-13T21:20:00Z,165
1843192,North,HOSHIARPUR,KHIZARPUR,Unplanned,Closed,2026-05-13T18:35:00Z,2026-05-13T20:57:00Z,142
1843188,North,HOSHIARPUR,MHP2,Unplanned,Closed,2026-05-13T18:35:00Z,2026-05-13T20:48:00Z,133
1843181,North,HOSHIARPUR,SUKCHAINPUR,Unplanned,Closed,2026-05-13T18:35:00Z,2026-05-13T20:20:00Z,105
1843177,North,NAWANSHAHR,11KV GUJJARPUR,Unplanned,Closed,2026-05-13T18:35:00Z,2026-05-13T19:20:00Z,45
1843175,North,NAWANSHAHR,11KV GHATARON,Unplanned,Closed,2026-05-13T18:35:00Z,2026-05-13T19:18:00Z,43
1843173,North,NAWANSHAHR,11 KV JABOWAL,Unplanned,Closed,2026-05-13T18:35:00Z,2026-05-13T19:20:00Z,45
1843170,North,HOSHIARPUR,11kv Chanour UPS,Unplanned,Closed,2026-05-13T18:35:00Z,2026-05-13T20:35:00Z,120
1843166,North,HOSHIARPUR,11Kv Mushabpur UPS,Unplanned,Closed,2026-05-13T18:35:00Z,2026-05-13T20:30:00Z,115
1843165,North,HOSHIARPUR,Rajpur Ups,Unplanned,Closed,2026-05-13T18:35:00Z,2026-05-13T21:00:00Z,145
1843163,North,HOSHIARPUR,11kV Jandwal UPS,Unplanned,Closed,2026-05-13T18:35:00Z,2026-05-13T21:20:00Z,165
1843162,North,HOSHIARPUR,11Kv Bebhalmanj UPS,Unplanned,Closed,2026-05-13T18:35:00Z,2026-05-13T20:40:00Z,125
1843161,North,HOSHIARPUR,PALAKI,Unplanned,Closed,2026-05-13T18:35:00Z,2026-05-13T20:50:00Z,135
1843160,North,HOSHIARPUR,MANJPUR,Unplanned,Closed,2026-05-13T18:35:00Z,2026-05-13T20:50:00Z,135
1843128,North,NAWANSHAHR,MUTHADA UPS,Unplanned,Closed,2026-05-13T18:35:00Z,2026-05-13T19:34:00Z,59
1843126,North,NAWANSHAHR,Muthada urban,Unplanned,Closed,2026-05-13T18:35:00Z,2026-05-13T19:34:00Z,59
1843123,North,NAWANSHAHR,Kang Arayian,Unplanned,Closed,2026-05-13T18:35:00Z,2026-05-13T19:34:00Z,59
1843120,North,NAWANSHAHR,Dosanjh Khurd,Unplanned,Closed,2026-05-13T18:35:00Z,2026-05-13T19:34:00Z,59
1843118,North,NAWANSHAHR,Langria UPS,Unplanned,Closed,2026-05-13T18:35:00Z,2026-05-13T19:34:00Z,59
1843112,North,HOSHIARPUR,DASHMESH NAGAR,Unplanned,Closed,2026-05-13T18:35:00Z,2026-05-13T19:20:00Z,45
1843096,North,HOSHIARPUR,11 KV KAILON,Unplanned,Closed,2026-05-13T18:35:00Z,2026-05-13T19:30:00Z,55
1843095,North,HOSHIARPUR,KHUN KHUN,Unplanned,Closed,2026-05-13T18:35:00Z,2026-05-13T21:30:00Z,175
1843094,North,HOSHIARPUR,BAGPUR,Unplanned,Closed,2026-05-13T18:35:00Z,2026-05-13T21:30:00Z,175
1843092,North,HOSHIARPUR,SOTLA,Unplanned,Closed,2026-05-13T18:35:00Z,2026-05-13T21:34:00Z,179
1843091,North,HOSHIARPUR,HARIANA,Unplanned,Closed,2026-05-13T18:35:00Z,2026-05-13T20:30:00Z,115
1843088,North,HOSHIARPUR,GUGGA-PATTI,Unplanned,Closed,2026-05-13T18:35:00Z,2026-05-13T19:30:00Z,55
1843085,North,HOSHIARPUR,Banjarbag,Unplanned,Closed,2026-05-13T18:35:00Z,2026-05-13T19:30:00Z,55
1843082,North,HOSHIARPUR,Salwara,Unplanned,Closed,2026-05-13T18:35:00Z,2026-05-13T19:30:00Z,55
1843184,Border,GURDASPUR,Pioneer Agro,Unplanned,Closed,2026-05-13T18:34:00Z,2026-05-13T18:46:00Z,12
1843130,Border,GURDASPUR,Irrigation,Unplanned,Closed,2026-05-13T18:34:00Z,2026-05-13T18:44:00Z,10
1843317,North,JALANDHAR,KALIA COLONY,Unplanned,Closed,2026-05-13T18:33:00Z,2026-05-13T19:27:00Z,54
1843068,West,BATHINDA,11 KV CHEENA UPS,Planned,Closed,2026-05-13T18:32:00Z,2026-05-13T19:20:00Z,48
1843062,North,HOSHIARPUR,Tagore Nagar,Unplanned,Closed,2026-05-13T18:32:00Z,2026-05-13T19:20:00Z,48
1843741,Border,SUB URBAN AMRITSAR,UPS Sukhewal,Unplanned,Closed,2026-05-13T18:30:00Z,2026-05-13T20:30:00Z,120
1843739,Border,SUB URBAN AMRITSAR,UPS  AMARKOT,Unplanned,Closed,2026-05-13T18:30:00Z,2026-05-13T20:20:00Z,110
1843738,Border,SUB URBAN AMRITSAR,UPS/ MANAWALA,Unplanned,Closed,2026-05-13T18:30:00Z,2026-05-13T21:10:00Z,160
1843725,Border,SUB URBAN AMRITSAR,GT Road 1,Unplanned,Closed,2026-05-13T18:30:00Z,2026-05-13T21:30:00Z,180
1843437,Border,SUB URBAN AMRITSAR,City 1,Unplanned,Closed,2026-05-13T18:30:00Z,2026-05-13T19:10:00Z,40
1843195,West,FARIDKOT,11 KV BABA VISHAVKARMA,Unplanned,Closed,2026-05-13T18:30:00Z,2026-05-13T20:30:00Z,120
1843178,Border,SUB URBAN AMRITSAR,BHULLER,Unplanned,Closed,2026-05-13T18:30:00Z,2026-05-13T19:20:00Z,50
1843171,West,FARIDKOT,FACTORY AREA,Unplanned,Closed,2026-05-13T18:30:00Z,2026-05-13T20:30:00Z,120
1843158,West,FARIDKOT,Rattian Urban,Unplanned,Closed,2026-05-13T18:30:00Z,2026-05-13T20:30:00Z,120
1843138,West,FARIDKOT,SURAJ NAGAR,Unplanned,Closed,2026-05-13T18:30:00Z,2026-05-13T20:30:00Z,120
1843131,North,NAWANSHAHR,NANGLAN,Unplanned,Closed,2026-05-13T18:30:00Z,2026-05-13T19:30:00Z,60
1843129,North,NAWANSHAHR,KARIMPUR DHIANI,Unplanned,Closed,2026-05-13T18:30:00Z,2026-05-13T19:30:00Z,60
1843125,North,NAWANSHAHR,11 KV Buthgarh,Unplanned,Closed,2026-05-13T18:30:00Z,2026-05-13T19:30:00Z,60
1843124,North,NAWANSHAHR,ROR MAJRA,Unplanned,Closed,2026-05-13T18:30:00Z,2026-05-13T19:30:00Z,60
1843122,West,FARIDKOT,INDUSTRIAL,Unplanned,Closed,2026-05-13T18:30:00Z,2026-05-13T20:30:00Z,120
1843119,North,NAWANSHAHR,CHAK GURU,Unplanned,Closed,2026-05-13T18:30:00Z,2026-05-13T19:30:00Z,60
1843117,North,NAWANSHAHR,DAYALAN,Unplanned,Closed,2026-05-13T18:30:00Z,2026-05-13T19:30:00Z,60
1843115,North,NAWANSHAHR,BAKAPUR,Unplanned,Closed,2026-05-13T18:30:00Z,2026-05-13T19:30:00Z,60
1843114,West,FARIDKOT,LandeKe URBAN,Unplanned,Closed,2026-05-13T18:30:00Z,2026-05-13T20:30:00Z,120
1843113,North,NAWANSHAHR,CHANDPUR RURKI,Unplanned,Closed,2026-05-13T18:30:00Z,2026-05-13T19:30:00Z,60
1843110,North,NAWANSHAHR,ALLOWAL,Unplanned,Closed,2026-05-13T18:30:00Z,2026-05-13T19:30:00Z,60
1843108,North,NAWANSHAHR,SAROYA,Unplanned,Closed,2026-05-13T18:30:00Z,2026-05-13T19:30:00Z,60
1843105,North,NAWANSHAHR,MALEWAL,Unplanned,Closed,2026-05-13T18:30:00Z,2026-05-13T19:30:00Z,60
1843101,West,FARIDKOT,Guru Ram Dass Nagar,Unplanned,Closed,2026-05-13T18:30:00Z,2026-05-13T20:30:00Z,120
1843093,North,NAWANSHAHR,BHAWANIPUR,Unplanned,Closed,2026-05-13T18:30:00Z,2026-05-13T19:30:00Z,60
1843090,North,NAWANSHAHR,ACHALPUR,Unplanned,Closed,2026-05-13T18:30:00Z,2026-05-13T19:30:00Z,60
1843086,North,NAWANSHAHR,PANDORI,Unplanned,Closed,2026-05-13T18:30:00Z,2026-05-13T19:30:00Z,60
1843083,North,NAWANSHAHR,DALLEWAL URBAN,Unplanned,Closed,2026-05-13T18:30:00Z,2026-05-13T19:30:00Z,60
1843081,North,NAWANSHAHR,JHUNGI,Unplanned,Closed,2026-05-13T18:30:00Z,2026-05-13T19:30:00Z,60
1843078,North,NAWANSHAHR,Kahna Dhesian,Unplanned,Closed,2026-05-13T18:30:00Z,2026-05-13T19:05:00Z,35
1843077,North,NAWANSHAHR,Randhawa,Unplanned,Closed,2026-05-13T18:30:00Z,2026-05-13T19:05:00Z,35
1843076,Border,GURDASPUR,Paroshah,Unplanned,Closed,2026-05-13T18:30:00Z,2026-05-13T19:07:00Z,37
1843074,Border,TARN TARAN,URBAN WADDI MANDI PATTI,Unplanned,Closed,2026-05-13T18:30:00Z,2026-05-13T19:19:06Z,49
1843073,North,NAWANSHAHR,Rurka Kalan,Unplanned,Closed,2026-05-13T18:30:00Z,2026-05-13T19:05:00Z,35
1843061,North,HOSHIARPUR,PURHIRAN URBAN,Unplanned,Closed,2026-05-13T18:30:00Z,2026-05-13T19:30:00Z,60
1843057,North,NAWANSHAHR,Urban Pattren,Unplanned,Closed,2026-05-13T18:30:00Z,2026-05-13T19:25:00Z,55
1843056,North,NAWANSHAHR,Apra,Unplanned,Closed,2026-05-13T18:30:00Z,2026-05-13T19:25:00Z,55
1843055,North,NAWANSHAHR,KAMALPUR,Unplanned,Closed,2026-05-13T18:30:00Z,2026-05-13T19:07:00Z,37
1843054,North,NAWANSHAHR,JINDAPUR,Unplanned,Closed,2026-05-13T18:30:00Z,2026-05-13T19:07:00Z,37
1843051,North,NAWANSHAHR,PANYALI,Unplanned,Closed,2026-05-13T18:30:00Z,2026-05-13T19:06:00Z,36
1843014,Central,CITY WEST LUDHIANA,MODEL HOUSE,Unplanned,Closed,2026-05-13T18:28:30Z,2026-05-13T19:01:00Z,32
1842983,West,FARIDKOT,DAMU SHAH,Unplanned,Closed,2026-05-13T18:26:56Z,2026-05-13T19:50:30Z,83
1843075,North,NAWANSHAHR,TEHSIL COMPLEX GSR,Unplanned,Closed,2026-05-13T18:26:00Z,2026-05-13T19:26:00Z,60
1843071,North,NAWANSHAHR,CITY GARHSHANKAR-2,Unplanned,Closed,2026-05-13T18:26:00Z,2026-05-13T19:26:00Z,60
1843070,North,NAWANSHAHR,CITY GARHSHANKAR,Unplanned,Closed,2026-05-13T18:26:00Z,2026-05-13T19:26:00Z,60
1843067,North,NAWANSHAHR,SIKANDERPUR,Unplanned,Closed,2026-05-13T18:26:00Z,2026-05-13T19:26:00Z,60
1843065,North,NAWANSHAHR,DUGRI,Unplanned,Closed,2026-05-13T18:26:00Z,2026-05-13T19:26:00Z,60
1843063,North,NAWANSHAHR,BORA,Unplanned,Closed,2026-05-13T18:26:00Z,2026-05-13T19:26:00Z,60
1843059,North,NAWANSHAHR,SADHOWAL,Unplanned,Closed,2026-05-13T18:26:00Z,2026-05-13T19:26:00Z,60
1843058,North,NAWANSHAHR,BHAJJAL,Unplanned,Closed,2026-05-13T18:26:00Z,2026-05-13T19:26:00Z,60
1843332,North,NAWANSHAHR,Mauli,Unplanned,Closed,2026-05-13T18:25:00Z,2026-05-13T19:20:00Z,55
1843329,North,NAWANSHAHR,Phagwara road,Unplanned,Closed,2026-05-13T18:25:00Z,2026-05-13T19:20:00Z,55
1843328,North,NAWANSHAHR,Bara Pind,Unplanned,Closed,2026-05-13T18:25:00Z,2026-05-13T19:20:00Z,55
1843326,North,NAWANSHAHR,Ramgarhia,Unplanned,Closed,2026-05-13T18:25:00Z,2026-05-13T19:24:00Z,59
1843324,North,NAWANSHAHR,Kamalpur,Unplanned,Closed,2026-05-13T18:25:00Z,2026-05-13T19:20:00Z,55
1843321,North,NAWANSHAHR,G.T. Road,Unplanned,Closed,2026-05-13T18:25:00Z,2026-05-13T19:20:00Z,55
1843319,North,NAWANSHAHR,City-2,Unplanned,Closed,2026-05-13T18:25:00Z,2026-05-13T19:20:00Z,55
1843318,North,NAWANSHAHR,City-1,Unplanned,Closed,2026-05-13T18:25:00Z,2026-05-13T19:20:00Z,55
1843100,North,NAWANSHAHR,11 KV SALEMPUR,Unplanned,Closed,2026-05-13T18:25:00Z,2026-05-13T19:25:00Z,60
1843098,North,NAWANSHAHR,HAZIPUR,Unplanned,Closed,2026-05-13T18:25:00Z,2026-05-13T19:25:00Z,60
1843097,North,NAWANSHAHR,KITNA,Unplanned,Closed,2026-05-13T18:25:00Z,2026-05-13T19:25:00Z,60
1843087,North,HOSHIARPUR,RAHIMPUR/SUNCITY,Unplanned,Closed,2026-05-13T18:25:00Z,2026-05-13T19:20:00Z,55
1843050,North,HOSHIARPUR,CHACK,Unplanned,Closed,2026-05-13T18:25:00Z,2026-05-13T20:45:00Z,140
1843049,North,HOSHIARPUR,MUKERIAN,Unplanned,Closed,2026-05-13T18:25:00Z,2026-05-13T20:20:00Z,115
1843048,North,HOSHIARPUR,KOTLI,Unplanned,Closed,2026-05-13T18:25:00Z,2026-05-13T19:55:00Z,90
1843046,North,HOSHIARPUR,RAILWAY ROAD MUKERIAN,Unplanned,Closed,2026-05-13T18:25:00Z,2026-05-13T19:55:00Z,90
1843045,North,HOSHIARPUR,TANDA,Unplanned,Closed,2026-05-13T18:25:00Z,2026-05-13T20:40:00Z,135
1843044,North,HOSHIARPUR,DEVIDASS,Unplanned,Closed,2026-05-13T18:25:00Z,2026-05-13T20:10:00Z,105
1843043,North,HOSHIARPUR,Puda Colony,Unplanned,Closed,2026-05-13T18:25:00Z,2026-05-13T19:55:00Z,90
1843042,North,HOSHIARPUR,11KV UPS TERKIANA,Unplanned,Closed,2026-05-13T18:25:00Z,2026-05-13T20:15:00Z,110
1843040,North,HOSHIARPUR,Urban qilla road,Unplanned,Closed,2026-05-13T18:25:00Z,2026-05-13T20:20:00Z,115
1843039,North,HOSHIARPUR,UPS katrala,Unplanned,Closed,2026-05-13T18:25:00Z,2026-05-13T20:20:00Z,115
1843038,North,HOSHIARPUR,11 kv Mansoorpur,Unplanned,Closed,2026-05-13T18:25:00Z,2026-05-13T20:10:00Z,105
1843037,North,HOSHIARPUR,11KV ARGOWAL,Unplanned,Closed,2026-05-13T18:25:00Z,2026-05-13T19:25:00Z,60
1843036,North,HOSHIARPUR,11KV Dagan UPS,Unplanned,Closed,2026-05-13T18:25:00Z,2026-05-13T20:10:00Z,105
1843035,North,HOSHIARPUR,11KV SINGHPUR UPS,Unplanned,Closed,2026-05-13T18:25:00Z,2026-05-13T20:10:00Z,105
1843034,North,HOSHIARPUR,Rest House,Unplanned,Closed,2026-05-13T18:25:00Z,2026-05-13T19:55:00Z,90
1843033,North,HOSHIARPUR,Pandori Attwal,Unplanned,Closed,2026-05-13T18:25:00Z,2026-05-13T19:25:00Z,60
1843032,North,HOSHIARPUR,Model Town,Unplanned,Closed,2026-05-13T18:25:00Z,2026-05-13T19:55:00Z,90
1843031,Central,KHANNA,Jyoti Swaroop Sahib,Unplanned,Closed,2026-05-13T18:25:00Z,2026-05-13T21:39:00Z,194
1843030,North,HOSHIARPUR,KHANPUR,Unplanned,Closed,2026-05-13T18:25:00Z,2026-05-13T19:25:00Z,60
1843029,North,NAWANSHAHR,Urban Pattren UPS,Unplanned,Closed,2026-05-13T18:25:00Z,2026-05-13T19:24:00Z,59
1843028,North,JALANDHAR,11 KV Tibbi Feeder,Unplanned,Closed,2026-05-13T18:25:00Z,2026-05-13T19:10:00Z,45
1843027,North,HOSHIARPUR,CHACK NUR ALI,Unplanned,Closed,2026-05-13T18:25:00Z,2026-05-13T19:25:00Z,60
1843026,North,JALANDHAR,INDUSTRY AREA,Unplanned,Closed,2026-05-13T18:25:00Z,2026-05-13T19:10:00Z,45
1843025,North,HOSHIARPUR,MASTIWAL,Unplanned,Closed,2026-05-13T18:25:00Z,2026-05-13T19:25:00Z,60
1843024,North,JALANDHAR,CHACHOKI COLONY,Unplanned,Closed,2026-05-13T18:25:00Z,2026-05-13T19:10:00Z,45
1843023,North,HOSHIARPUR,Khalsa College Garhdiwala,Unplanned,Closed,2026-05-13T18:25:00Z,2026-05-13T19:25:00Z,60
1843022,North,NAWANSHAHR,Dosanjh UPS,Unplanned,Closed,2026-05-13T18:25:00Z,2026-05-13T19:24:00Z,59
1843021,North,JALANDHAR,GT ROAD,Unplanned,Closed,2026-05-13T18:25:00Z,2026-05-13T19:10:00Z,45
1843020,North,JALANDHAR,NIHAL GARGH,Unplanned,Closed,2026-05-13T18:25:00Z,2026-05-13T19:10:00Z,45
1843019,North,HOSHIARPUR,JAKOWAL,Unplanned,Closed,2026-05-13T18:25:00Z,2026-05-13T19:25:00Z,60
1843018,North,JALANDHAR,VIP,Unplanned,Closed,2026-05-13T18:25:00Z,2026-05-13T19:10:00Z,45
1843017,North,HOSHIARPUR,Talla,Unplanned,Closed,2026-05-13T18:25:00Z,2026-05-13T19:25:00Z,60
1843016,North,HOSHIARPUR,Salempur,Unplanned,Closed,2026-05-13T18:25:00Z,2026-05-13T19:25:00Z,60
1843015,North,HOSHIARPUR,BAINSAN,Unplanned,Closed,2026-05-13T18:25:00Z,2026-05-13T19:25:00Z,60
1843012,North,HOSHIARPUR,KOTLA,Unplanned,Closed,2026-05-13T18:25:00Z,2026-05-13T19:25:00Z,60
1843007,North,HOSHIARPUR,MIANI,Unplanned,Closed,2026-05-13T18:25:00Z,2026-05-13T19:25:00Z,60
1843003,North,HOSHIARPUR,SAGRA,Unplanned,Closed,2026-05-13T18:25:00Z,2026-05-13T19:25:00Z,60
1842998,North,HOSHIARPUR,PANDORI,Unplanned,Closed,2026-05-13T18:25:00Z,2026-05-13T19:25:00Z,60
1842996,North,HOSHIARPUR,BADLA,Unplanned,Closed,2026-05-13T18:25:00Z,2026-05-13T19:25:00Z,60
1842993,North,HOSHIARPUR,CHANNIYA,Unplanned,Closed,2026-05-13T18:25:00Z,2026-05-13T19:25:00Z,60
1842990,North,HOSHIARPUR,GHOGRA,Unplanned,Closed,2026-05-13T18:25:00Z,2026-05-13T19:25:00Z,60
1842987,North,KAPURTHALA,Bamuwal,Unplanned,Closed,2026-05-13T18:25:00Z,2026-05-13T19:05:00Z,40
1842985,North,HOSHIARPUR,GARDIWAL,Unplanned,Closed,2026-05-13T18:25:00Z,2026-05-13T19:25:00Z,60
1842981,North,HOSHIARPUR,11KV MILK PLANT,Unplanned,Closed,2026-05-13T18:25:00Z,2026-05-13T19:25:00Z,60
1842978,North,HOSHIARPUR,11KV SWITHCHING SUB STN.DASUYA,Unplanned,Closed,2026-05-13T18:25:00Z,2026-05-13T19:25:00Z,60
1842977,North,HOSHIARPUR,HAMZA,Unplanned,Closed,2026-05-13T18:25:00Z,2026-05-13T19:25:00Z,60
1842975,North,HOSHIARPUR,COURT COMPLEX,Unplanned,Closed,2026-05-13T18:25:00Z,2026-05-13T19:25:00Z,60
1842974,North,HOSHIARPUR,DASUYA2,Unplanned,Closed,2026-05-13T18:25:00Z,2026-05-13T19:25:00Z,60
1842973,North,HOSHIARPUR,KALYANPUR,Unplanned,Closed,2026-05-13T18:25:00Z,2026-05-13T19:25:00Z,60
1842972,North,HOSHIARPUR,HOSPITAL,Unplanned,Closed,2026-05-13T18:25:00Z,2026-05-13T19:25:00Z,60
1842971,North,HOSHIARPUR,DASUYA1,Unplanned,Closed,2026-05-13T18:25:00Z,2026-05-13T19:25:00Z,60
1842970,North,HOSHIARPUR,MES,Unplanned,Closed,2026-05-13T18:25:00Z,2026-05-13T19:25:00Z,60
1842969,Border,GURDASPUR,11 kv Dhupshari ups,Unplanned,Closed,2026-05-13T18:22:00Z,2026-05-13T18:55:00Z,33
1843590,Border,TARN TARAN,URBAN DUBLI,Unplanned,Closed,2026-05-13T18:20:00Z,2026-05-13T20:40:26Z,140
1843375,North,NAWANSHAHR,11KV CITY NO-3,Unplanned,Closed,2026-05-13T18:20:00Z,2026-05-13T19:20:00Z,60
1843373,North,NAWANSHAHR,11KVCITY-2,Unplanned,Closed,2026-05-13T18:20:00Z,2026-05-13T19:20:00Z,60
1843369,North,NAWANSHAHR,City Banga,Unplanned,Closed,2026-05-13T18:20:00Z,2026-05-13T19:20:00Z,60
1843252,North,NAWANSHAHR,11 KV UPS BHOURA,Unplanned,Closed,2026-05-13T18:20:00Z,2026-05-13T19:20:00Z,60
1843250,North,NAWANSHAHR,11 KV UPS JHIKKA,Unplanned,Closed,2026-05-13T18:20:00Z,2026-05-13T19:20:00Z,60
1843245,North,NAWANSHAHR,UPS No. 3,Unplanned,Closed,2026-05-13T18:20:00Z,2026-05-13T19:20:00Z,60
1843234,North,NAWANSHAHR,11KV UPS BAKHLOUR,Unplanned,Closed,2026-05-13T18:20:00Z,2026-05-13T19:20:00Z,60
1843226,North,NAWANSHAHR,11KV UPS SHRI RAJA SAHIB,Unplanned,Closed,2026-05-13T18:20:00Z,2026-05-13T19:20:00Z,60
1843224,North,NAWANSHAHR,ups raipur dabba,Unplanned,Closed,2026-05-13T18:20:00Z,2026-05-13T19:20:00Z,60
1843220,North,NAWANSHAHR,UPS NO.3,Unplanned,Closed,2026-05-13T18:20:00Z,2026-05-13T19:20:00Z,60
1843217,North,NAWANSHAHR,UPS No. 2,Unplanned,Closed,2026-05-13T18:20:00Z,2026-05-13T19:20:00Z,60
1843212,North,NAWANSHAHR,UPS NO.1,Unplanned,Closed,2026-05-13T18:20:00Z,2026-05-13T19:20:00Z,60
1843210,North,NAWANSHAHR,Mukandpur,Unplanned,Closed,2026-05-13T18:20:00Z,2026-05-13T19:20:00Z,60
1843203,North,NAWANSHAHR,11KV24HRS NO-4,Unplanned,Closed,2026-05-13T18:20:00Z,2026-05-13T19:20:00Z,60
1843198,North,NAWANSHAHR,UPS-5,Unplanned,Closed,2026-05-13T18:20:00Z,2026-05-13T19:20:00Z,60
1843193,North,NAWANSHAHR,UPS-4,Unplanned,Closed,2026-05-13T18:20:00Z,2026-05-13T19:20:00Z,60
1843189,North,NAWANSHAHR,UPS-3,Unplanned,Closed,2026-05-13T18:20:00Z,2026-05-13T19:20:00Z,60
1843183,North,NAWANSHAHR,11 KV Blakipur city,Unplanned,Closed,2026-05-13T18:20:00Z,2026-05-13T19:20:00Z,60
1843179,North,NAWANSHAHR,11 KV UPS,Unplanned,Closed,2026-05-13T18:20:00Z,2026-05-13T19:20:00Z,60
1843174,North,NAWANSHAHR,UPS-2,Unplanned,Closed,2026-05-13T18:20:00Z,2026-05-13T19:20:00Z,60
1843168,North,NAWANSHAHR,UPS-1,Unplanned,Closed,2026-05-13T18:20:00Z,2026-05-13T19:20:00Z,60
1843157,North,NAWANSHAHR,City Behram,Unplanned,Closed,2026-05-13T18:20:00Z,2026-05-13T19:20:00Z,60
1843072,North,NAWANSHAHR,UPS No. 2,Unplanned,Closed,2026-05-13T18:20:00Z,2026-05-13T19:20:00Z,60
1843066,North,HOSHIARPUR,KOLYA,Unplanned,Closed,2026-05-13T18:20:00Z,2026-05-13T20:15:00Z,115
1843064,North,HOSHIARPUR,RAMPUR,Unplanned,Closed,2026-05-13T18:20:00Z,2026-05-13T20:55:00Z,155
1843060,North,HOSHIARPUR,KANDHALA JATTAN,Unplanned,Closed,2026-05-13T18:20:00Z,2026-05-13T20:20:00Z,120
1843013,North,JALANDHAR,Dhadde,Unplanned,Closed,2026-05-13T18:20:00Z,2026-05-13T19:10:00Z,50
1843011,North,JALANDHAR,FATEHGARH,Unplanned,Closed,2026-05-13T18:20:00Z,2026-05-13T19:10:00Z,50
1843010,North,NAWANSHAHR,11 KV UPS RAIPUR ARRIYIAN,Unplanned,Closed,2026-05-13T18:20:00Z,2026-05-13T19:19:00Z,59
1843009,North,JALANDHAR,Urban Rural no 2,Unplanned,Closed,2026-05-13T18:20:00Z,2026-05-13T19:10:00Z,50
1843008,North,JALANDHAR,URBAN RURAL,Unplanned,Closed,2026-05-13T18:20:00Z,2026-05-13T19:10:00Z,50
1843006,North,NAWANSHAHR,UPS Katpalon,Unplanned,Closed,2026-05-13T18:20:00Z,2026-05-13T19:19:00Z,59
1843005,North,JALANDHAR,Convent School,Unplanned,Closed,2026-05-13T18:20:00Z,2026-05-13T19:10:00Z,50
1843004,North,JALANDHAR,LINK FEEDER,Unplanned,Closed,2026-05-13T18:20:00Z,2026-05-13T19:20:00Z,60
1843002,North,NAWANSHAHR,Urban Pattren,Unplanned,Closed,2026-05-13T18:20:00Z,2026-05-13T19:19:00Z,59
1843001,North,JALANDHAR,LINK FEEDER,Unplanned,Closed,2026-05-13T18:20:00Z,2026-05-13T19:10:00Z,50
1843000,North,JALANDHAR,HSP ROAD,Unplanned,Closed,2026-05-13T18:20:00Z,2026-05-13T19:10:00Z,50
1842999,North,JALANDHAR,BABA GADHIYA,Unplanned,Closed,2026-05-13T18:20:00Z,2026-05-13T19:10:00Z,50
1842997,North,JALANDHAR,KLARWARA GATE,Unplanned,Closed,2026-05-13T18:20:00Z,2026-05-13T19:10:00Z,50
1842995,North,JALANDHAR,VIEW ESTATE,Unplanned,Closed,2026-05-13T18:20:00Z,2026-05-13T19:20:00Z,60
1842994,North,NAWANSHAHR,Bansian Dhak,Unplanned,Closed,2026-05-13T18:20:00Z,2026-05-13T19:19:00Z,59
1842992,North,JALANDHAR,DANA MANDI RAIPUR,Unplanned,Closed,2026-05-13T18:20:00Z,2026-05-13T19:20:00Z,60
1842991,North,JALANDHAR,11 KV LAW GATE FEEDER,Unplanned,Closed,2026-05-13T18:20:00Z,2026-05-13T19:20:00Z,60
1842989,North,JALANDHAR,PEER PRANIA FEEDER,Unplanned,Closed,2026-05-13T18:20:00Z,2026-05-13T19:20:00Z,60
1842988,North,JALANDHAR,RURAL URBAN  (NAWAN PIND),Unplanned,Closed,2026-05-13T18:20:00Z,2026-05-13T19:20:00Z,60
1842986,North,JALANDHAR,SUNRA,Unplanned,Closed,2026-05-13T18:20:00Z,2026-05-13T19:20:00Z,60
1842984,North,JALANDHAR,11 KV NEW LAKHAN PAL FEEDER,Unplanned,Closed,2026-05-13T18:20:00Z,2026-05-13T19:10:00Z,50
1842980,North,JALANDHAR,NEW SARHALI FEEDER,Unplanned,Closed,2026-05-13T18:20:00Z,2026-05-13T19:10:00Z,50
1842968,North,NAWANSHAHR,MOLA WAHIDPUR,Unplanned,Closed,2026-05-13T18:20:00Z,2026-05-13T19:20:00Z,60
1842967,North,NAWANSHAHR,AKALGARH,Unplanned,Closed,2026-05-13T18:20:00Z,2026-05-13T19:20:00Z,60
1842965,North,NAWANSHAHR,LALLIAN,Unplanned,Closed,2026-05-13T18:20:00Z,2026-05-13T19:20:00Z,60
1842963,East,ROPAR,CHINTGARH FEEDER,Unplanned,Closed,2026-05-13T18:20:00Z,2026-05-13T18:28:00Z,8
1842952,Border,CITY AMRITSAR,LAKKAR MANDI,Unplanned,Closed,2026-05-13T18:18:40Z,2026-05-13T19:04:59Z,46
1842948,Border,SUB URBAN AMRITSAR,Hoshiar Nagar UPS,Unplanned,Closed,2026-05-13T18:15:55Z,2026-05-13T18:26:42Z,10
1843167,Border,SUB URBAN AMRITSAR,BABA NAMDEV JI UPS,Unplanned,Closed,2026-05-13T18:15:00Z,2026-05-13T19:40:00Z,85
1843084,Border,SUB URBAN AMRITSAR,GURU NAGAR,Unplanned,Closed,2026-05-13T18:15:00Z,2026-05-13T21:25:00Z,190
1842982,North,NAWANSHAHR,Mithra UPS,Unplanned,Closed,2026-05-13T18:15:00Z,2026-05-13T19:14:00Z,59
1842979,North,NAWANSHAHR,Ragomal Urban,Unplanned,Closed,2026-05-13T18:15:00Z,2026-05-13T19:14:00Z,59
1842976,North,NAWANSHAHR,Bundala Cat-1,Unplanned,Closed,2026-05-13T18:15:00Z,2026-05-13T19:14:00Z,59
1842956,North,HOSHIARPUR,LAMBRA,Unplanned,Closed,2026-05-13T18:15:00Z,2026-05-13T19:15:00Z,60
1842955,North,HOSHIARPUR,BULLOWAL,Unplanned,Closed,2026-05-13T18:15:00Z,2026-05-13T19:15:00Z,60
1842953,North,HOSHIARPUR,BHKALA,Unplanned,Closed,2026-05-13T18:15:00Z,2026-05-13T19:15:00Z,60
1842951,Border,GURDASPUR,Bhaini Mian Khan,Unplanned,Closed,2026-05-13T18:15:00Z,2026-05-13T19:15:00Z,60
1842950,Border,GURDASPUR,Gorsiya,Unplanned,Closed,2026-05-13T18:15:00Z,2026-05-13T19:15:00Z,60
1842949,Border,GURDASPUR,UPS Feeder,Unplanned,Closed,2026-05-13T18:15:00Z,2026-05-13T19:15:00Z,60
1842935,Central,CITY WEST LUDHIANA,M.I.G. FLATS,Unplanned,Closed,2026-05-13T18:13:31Z,2026-05-13T19:08:59Z,55
1842957,South,BARNALA,NAIWALA UPS,Unplanned,Closed,2026-05-13T18:13:00Z,2026-05-13T20:00:00Z,107
1842929,Border,SUB URBAN AMRITSAR,MUDH,Unplanned,Closed,2026-05-13T18:11:31Z,2026-05-13T19:40:24Z,88
1842954,Border,CITY AMRITSAR,NAVANKOT,Unplanned,Closed,2026-05-13T18:11:20Z,2026-05-13T19:17:09Z,65
1842944,Border,GURDASPUR,11kv UPS Khoje wal,Unplanned,Closed,2026-05-13T18:11:00Z,2026-05-13T18:45:00Z,34
1842942,Border,GURDASPUR,24 hrs chahal kalan,Unplanned,Closed,2026-05-13T18:11:00Z,2026-05-13T19:10:00Z,59
1842931,South,PATIALA,PROFESSOR COLONY,Unplanned,Closed,2026-05-13T18:10:40Z,2026-05-13T18:25:37Z,14
1842966,North,HOSHIARPUR,Khushalpur,Unplanned,Closed,2026-05-13T18:10:00Z,2026-05-13T20:50:00Z,160
1842964,North,HOSHIARPUR,KHAROUDI,Unplanned,Closed,2026-05-13T18:10:00Z,2026-05-13T21:55:00Z,225
1842962,North,HOSHIARPUR,SUNNI,Unplanned,Closed,2026-05-13T18:10:00Z,2026-05-13T20:30:00Z,140
1842960,North,HOSHIARPUR,Kot Fatuhi,Unplanned,Closed,2026-05-13T18:10:00Z,2026-05-13T20:35:00Z,145
1842958,Border,TARN TARAN,BABA BHATA,Unplanned,Closed,2026-05-13T18:10:00Z,2026-05-13T20:25:55Z,135
1842932,Central,KHANNA,Amloh Road,Unplanned,Closed,2026-05-13T18:10:00Z,2026-05-13T18:40:00Z,30
1842914,South,SANGRUR,11 KV BHRAMKUMARI,Unplanned,Closed,2026-05-13T18:08:52Z,2026-05-13T19:19:28Z,70
1843275,North,NAWANSHAHR,Urban,Unplanned,Closed,2026-05-13T18:07:00Z,2026-05-13T19:50:00Z,103
1843052,North,JALANDHAR,GOL MARKET,Unplanned,Closed,2026-05-13T18:07:00Z,2026-05-13T19:25:00Z,78
1842943,North,HOSHIARPUR,Harsipind UPS,Unplanned,Closed,2026-05-13T18:06:00Z,2026-05-13T20:38:00Z,152
1842941,North,HOSHIARPUR,khudda,Unplanned,Closed,2026-05-13T18:06:00Z,2026-05-13T20:30:00Z,144
1842940,North,HOSHIARPUR,Ahiapur,Unplanned,Closed,2026-05-13T18:06:00Z,2026-05-13T19:15:00Z,69
1842938,North,HOSHIARPUR,MODEL  TOWN,Unplanned,Closed,2026-05-13T18:06:00Z,2026-05-13T19:06:00Z,60
1842937,North,HOSHIARPUR,SALLAN,Unplanned,Closed,2026-05-13T18:06:00Z,2026-05-13T20:40:00Z,154
1842936,North,HOSHIARPUR,Tanda City,Unplanned,Closed,2026-05-13T18:06:00Z,2026-05-13T19:15:00Z,69
1843069,North,HOSHIARPUR,PEALAN,Unplanned,Closed,2026-05-13T18:05:00Z,2026-05-13T21:00:58Z,175
1842961,Border,TARN TARAN,SAIDPUR URBAN,Unplanned,Closed,2026-05-13T18:05:00Z,2026-05-13T20:30:26Z,145
1842959,Border,TARN TARAN,Sarja UPS,Unplanned,Closed,2026-05-13T18:05:00Z,2026-05-13T18:54:28Z,49
1842947,North,HOSHIARPUR,BULLOWAL   NO    2,Unplanned,Closed,2026-05-13T18:05:00Z,2026-05-13T19:40:00Z,95
1842946,North,HOSHIARPUR,11KV SATOWALI,Unplanned,Closed,2026-05-13T18:05:00Z,2026-05-13T20:05:00Z,120
1842945,North,HOSHIARPUR,GHUG,Unplanned,Closed,2026-05-13T18:05:00Z,2026-05-13T18:50:00Z,45
1842933,West,BATHINDA,Station Basti,Unplanned,Closed,2026-05-13T18:05:00Z,2026-05-13T19:13:00Z,68
1842916,Border,GURDASPUR,New Ergirten woolen Mill,Unplanned,Closed,2026-05-13T18:05:00Z,2026-05-13T18:40:00Z,35
1842915,Border,GURDASPUR,11 kv RANIA CAT-1,Unplanned,Closed,2026-05-13T18:05:00Z,2026-05-13T18:40:00Z,35
1842913,Border,GURDASPUR,CITY DHARIWAL,Unplanned,Closed,2026-05-13T18:05:00Z,2026-05-13T18:40:00Z,35
1842911,Border,GURDASPUR,HOSPITAL,Unplanned,Closed,2026-05-13T18:05:00Z,2026-05-13T18:40:00Z,35
1842909,Border,SUB URBAN AMRITSAR,Pathan Nangal,Unplanned,Closed,2026-05-13T18:05:00Z,2026-05-13T19:10:00Z,65
1842890,North,JALANDHAR,11 KV Cantt Mandi,Unplanned,Closed,2026-05-13T18:04:07Z,2026-05-13T18:50:07Z,46
1842889,North,JALANDHAR,11 KV Lal Kurti Feeder,Unplanned,Closed,2026-05-13T18:04:07Z,2026-05-13T18:50:07Z,46
1842888,North,JALANDHAR,Sewerage Treatment Plant,Unplanned,Closed,2026-05-13T18:04:07Z,2026-05-13T18:50:07Z,46
1842887,North,JALANDHAR,DEEP NAGAR,Unplanned,Closed,2026-05-13T18:04:07Z,2026-05-13T18:50:07Z,46
1842886,North,JALANDHAR,PROFFESSER COLONY,Unplanned,Closed,2026-05-13T18:04:07Z,2026-05-13T18:50:07Z,46
1842885,North,JALANDHAR,PRAGPUR,Unplanned,Closed,2026-05-13T18:04:07Z,2026-05-13T18:50:07Z,46
1842884,North,JALANDHAR,CHURCH,Unplanned,Closed,2026-05-13T18:04:07Z,2026-05-13T18:50:07Z,46
1842883,North,JALANDHAR,G T ROAD NO.1,Unplanned,Closed,2026-05-13T18:04:07Z,2026-05-13T18:50:07Z,46
1842882,North,JALANDHAR,GARHA,Unplanned,Closed,2026-05-13T18:04:07Z,2026-05-13T18:50:07Z,46
1842881,North,JALANDHAR,SOFIPIND,Unplanned,Closed,2026-05-13T18:04:07Z,2026-05-13T18:50:07Z,46
1842880,North,JALANDHAR,DHANOWALI,Unplanned,Closed,2026-05-13T18:04:07Z,2026-05-13T18:50:07Z,46
1842879,North,JALANDHAR,GT Road No. 2,Unplanned,Closed,2026-05-13T18:04:07Z,2026-05-13T18:50:07Z,46
1842878,North,JALANDHAR,RAMA MANDI,Unplanned,Closed,2026-05-13T18:04:07Z,2026-05-13T18:50:07Z,46
1842877,North,JALANDHAR,TV TOWER,Unplanned,Closed,2026-05-13T18:04:07Z,2026-05-13T18:50:07Z,46
1842876,North,JALANDHAR,PAP,Unplanned,Closed,2026-05-13T18:04:07Z,2026-05-13T18:50:07Z,46
1842875,North,JALANDHAR,veva collage,Unplanned,Closed,2026-05-13T18:04:07Z,2026-05-13T18:50:07Z,46
1842874,North,JALANDHAR,RAIWAY WORKSHOP,Unplanned,Closed,2026-05-13T18:04:07Z,2026-05-13T18:50:07Z,46
1843047,North,JALANDHAR,SABOWAL,Unplanned,Closed,2026-05-13T18:03:00Z,2026-05-13T19:26:00Z,83
1843041,North,JALANDHAR,NEW MODEL TOWN,Unplanned,Closed,2026-05-13T18:03:00Z,2026-05-13T19:25:00Z,82
1842893,Border,CITY AMRITSAR,11 KV Bhai Gurdas Ji Nagar,Unplanned,Closed,2026-05-13T18:03:00Z,2026-05-13T18:45:00Z,42
1843230,Border,SUB URBAN AMRITSAR,City 2,Planned,Closed,2026-05-13T18:02:00Z,2026-05-13T19:00:00Z,58
1843221,Border,SUB URBAN AMRITSAR,MES,Planned,Closed,2026-05-13T18:02:00Z,2026-05-13T19:00:00Z,58
1843213,Border,SUB URBAN AMRITSAR,UPS Dharar,Planned,Closed,2026-05-13T18:02:00Z,2026-05-13T18:48:00Z,46
1843207,Border,SUB URBAN AMRITSAR,Urban Jandiala,Planned,Closed,2026-05-13T18:02:00Z,2026-05-13T19:23:00Z,81
1842922,Border,GURDASPUR,Kahnuwan City,Unplanned,Closed,2026-05-13T18:02:00Z,2026-05-13T19:02:00Z,60
1842919,Border,GURDASPUR,Sathiali 24 hrs.,Unplanned,Closed,2026-05-13T18:02:00Z,2026-05-13T19:02:00Z,60
1842918,Border,GURDASPUR,Roranwali 24 hrs.,Unplanned,Closed,2026-05-13T18:02:00Z,2026-05-13T19:02:00Z,60
1842917,Border,GURDASPUR,11 K.V UPS Balwanda,Unplanned,Closed,2026-05-13T18:02:00Z,2026-05-13T19:02:00Z,60
1842925,North,HOSHIARPUR,KHARDEHER,Unplanned,Closed,2026-05-13T18:00:00Z,2026-05-13T19:06:00Z,66
1842924,North,HOSHIARPUR,11 KV Shri Guru Nanak Nagar,Unplanned,Closed,2026-05-13T18:00:00Z,2026-05-13T18:48:00Z,48
1842923,North,HOSHIARPUR,BHOGPUR NO 2,Unplanned,Closed,2026-05-13T18:00:00Z,2026-05-13T18:48:00Z,48
1842921,North,HOSHIARPUR,DALLI shared feeder with s/divn,Unplanned,Closed,2026-05-13T18:00:00Z,2026-05-13T21:10:00Z,190
1842920,North,HOSHIARPUR,Bhogpur,Unplanned,Closed,2026-05-13T18:00:00Z,2026-05-13T18:45:00Z,45
1842903,North,KAPURTHALA,URBAN KALA SANGHIAN,Unplanned,Closed,2026-05-13T18:00:00Z,2026-05-13T19:00:00Z,60
1842898,North,KAPURTHALA,11 KV urban Girl School,Unplanned,Closed,2026-05-13T18:00:00Z,2026-05-13T19:24:00Z,84
1842894,North,HOSHIARPUR,JALBHEY,Unplanned,Closed,2026-05-13T18:00:00Z,2026-05-13T21:20:43Z,200
1842892,North,HOSHIARPUR,PATHRALIAN,Unplanned,Closed,2026-05-13T18:00:00Z,2026-05-13T21:20:27Z,200
1842891,North,HOSHIARPUR,TARAGARH,Unplanned,Closed,2026-05-13T18:00:00Z,2026-05-13T21:20:07Z,200
1842873,North,KAPURTHALA,UPS Rawal,Unplanned,Closed,2026-05-13T18:00:00Z,2026-05-13T20:13:00Z,133
1842861,Border,CITY AMRITSAR,Toot Sahib,Unplanned,Closed,2026-05-13T17:58:29Z,2026-05-13T19:22:14Z,83
1842908,Border,SUB URBAN AMRITSAR,Industrial Estate,Unplanned,Closed,2026-05-13T17:57:00Z,2026-05-13T19:50:00Z,113
1842907,Border,GURDASPUR,11 KV Dhesian,Unplanned,Closed,2026-05-13T17:55:00Z,2026-05-13T18:55:00Z,60
1842906,Border,GURDASPUR,KOT DHANDHAL CAT-1,Unplanned,Closed,2026-05-13T17:55:00Z,2026-05-13T18:55:00Z,60
1842899,North,HOSHIARPUR,PATTI NO-2,Unplanned,Closed,2026-05-13T17:55:00Z,2026-05-13T21:45:00Z,230
1842897,North,HOSHIARPUR,MEGHOWAL,Unplanned,Closed,2026-05-13T17:55:00Z,2026-05-13T22:20:00Z,265
1842896,North,HOSHIARPUR,JAIJON,Unplanned,Closed,2026-05-13T17:55:00Z,2026-05-13T22:10:00Z,255
1842895,North,HOSHIARPUR,RAILWAY STATION,Unplanned,Closed,2026-05-13T17:55:00Z,2026-05-13T22:05:00Z,250
1842868,North,HOSHIARPUR,Jallowal,Unplanned,Closed,2026-05-13T17:55:00Z,2026-05-13T21:30:00Z,215
1842867,North,HOSHIARPUR,Bham,Unplanned,Closed,2026-05-13T17:55:00Z,2026-05-13T21:22:00Z,207
1842866,North,HOSHIARPUR,SARHALA,Unplanned,Closed,2026-05-13T17:55:00Z,2026-05-13T21:40:00Z,225
1842865,Border,GURDASPUR,Rajoa,Unplanned,Closed,2026-05-13T17:55:00Z,2026-05-13T18:55:00Z,60
1842863,Border,GURDASPUR,Dogar Mahesh,Unplanned,Closed,2026-05-13T17:55:00Z,2026-05-13T18:55:00Z,60
1842853,Border,GURDASPUR,Sheh Bhattia,Unplanned,Closed,2026-05-13T17:55:00Z,2026-05-13T18:55:00Z,60
1842851,Border,GURDASPUR,DHINDSA,Unplanned,Closed,2026-05-13T17:55:00Z,2026-05-13T18:55:00Z,60
1842848,Border,GURDASPUR,College,Unplanned,Closed,2026-05-13T17:55:00Z,2026-05-13T18:55:00Z,60
1842846,Border,GURDASPUR,Thakarwal,Unplanned,Closed,2026-05-13T17:55:00Z,2026-05-13T18:55:00Z,60
1842837,North,KAPURTHALA,CAT 1 CIVIL HOSPITAL,Unplanned,Closed,2026-05-13T17:55:00Z,2026-05-13T18:40:00Z,45
1842835,North,KAPURTHALA,UPS NADALI,Unplanned,Closed,2026-05-13T17:55:00Z,2026-05-13T18:55:00Z,60
1842834,North,KAPURTHALA,UPS MIANI,Unplanned,Closed,2026-05-13T17:55:00Z,2026-05-13T18:30:00Z,35
1842831,North,KAPURTHALA,UPS FEROZESANGOWAL,Unplanned,Closed,2026-05-13T17:55:00Z,2026-05-13T18:55:00Z,60
1842828,North,KAPURTHALA,CAT 1 BEGOWAL,Unplanned,Closed,2026-05-13T17:55:00Z,2026-05-13T18:40:00Z,45
1842820,Border,CITY AMRITSAR,11 kv shaheed udam singh nagar,Unplanned,Closed,2026-05-13T17:54:18Z,2026-05-13T20:11:35Z,137
1842819,Border,CITY AMRITSAR,11 kv B.D.S FEEDER,Unplanned,Closed,2026-05-13T17:54:18Z,2026-05-13T20:11:43Z,137
1842818,Border,CITY AMRITSAR,BIBI KAULAN JI,Unplanned,Closed,2026-05-13T17:54:18Z,2026-05-13T20:11:49Z,137
1842817,Border,CITY AMRITSAR,GURNAM NAGAR,Unplanned,Closed,2026-05-13T17:54:18Z,2026-05-13T19:09:18Z,75
1842816,Border,CITY AMRITSAR,BHAI MANJ ROAD,Unplanned,Closed,2026-05-13T17:54:18Z,2026-05-13T20:11:56Z,137
1842815,Border,CITY AMRITSAR,Guru Arjan Dev nagar,Unplanned,Closed,2026-05-13T17:54:18Z,2026-05-13T20:12:30Z,138
1842814,Border,CITY AMRITSAR,Friends Colony,Unplanned,Closed,2026-05-13T17:54:18Z,2026-05-13T20:12:11Z,137
1842872,Border,CITY AMRITSAR,ANAND AVENUE,Unplanned,Closed,2026-05-13T17:53:03Z,2026-05-13T18:48:22Z,55
1842858,North,KAPURTHALA,JALLOW KHANNA URBAN,Unplanned,Closed,2026-05-13T17:52:00Z,2026-05-13T18:38:00Z,46
1842857,North,KAPURTHALA,KARTARPUR ROAD URBAN,Unplanned,Closed,2026-05-13T17:52:00Z,2026-05-13T18:38:00Z,46
1842854,North,KAPURTHALA,MALL ROAD URBAN,Unplanned,Closed,2026-05-13T17:52:00Z,2026-05-13T18:38:00Z,46
1842849,North,KAPURTHALA,SHALIMAR JALANDHAR ROAD,Unplanned,Closed,2026-05-13T17:52:00Z,2026-05-13T18:38:00Z,46
1842794,West,FARIDKOT,AMRITSAR ROAD URBAN,Unplanned,Closed,2026-05-13T17:52:00Z,2026-05-13T19:00:00Z,68
1842812,Border,SUB URBAN AMRITSAR,Avtar Avenue,Unplanned,Closed,2026-05-13T17:51:00Z,2026-05-13T18:17:29Z,26
1842930,North,HOSHIARPUR,GIDARPINDI,Unplanned,Closed,2026-05-13T17:50:00Z,2026-05-13T18:45:00Z,55
1842928,North,HOSHIARPUR,KALYANPUR,Unplanned,Closed,2026-05-13T17:50:00Z,2026-05-13T18:45:00Z,55
1842927,West,FARIDKOT,SUKHANWALA,Unplanned,Closed,2026-05-13T17:50:00Z,2026-05-13T18:35:25Z,45
1842905,Border,GURDASPUR,Sri Hargobindpur,Unplanned,Closed,2026-05-13T17:50:00Z,2026-05-13T18:50:00Z,60
1842904,Border,GURDASPUR,Rampur Talwara,Unplanned,Closed,2026-05-13T17:50:00Z,2026-05-13T18:50:00Z,60
1842902,Border,GURDASPUR,Withwan,Unplanned,Closed,2026-05-13T17:50:00Z,2026-05-13T18:50:00Z,60
1842901,Border,GURDASPUR,Cheema Khuddi,Unplanned,Closed,2026-05-13T17:50:00Z,2026-05-13T18:50:00Z,60
1842900,Border,GURDASPUR,KISHANKOT UPS,Unplanned,Closed,2026-05-13T17:50:00Z,2026-05-13T18:50:00Z,60
1842870,Border,SUB URBAN AMRITSAR,MEHLAN WALA UPS,Unplanned,Closed,2026-05-13T17:50:00Z,2026-05-13T19:34:00Z,104
1842860,North,HOSHIARPUR,MUKHLANA,Unplanned,Closed,2026-05-13T17:50:00Z,2026-05-13T22:10:39Z,260
1842859,North,HOSHIARPUR,MANA,Unplanned,Closed,2026-05-13T17:50:00Z,2026-05-13T21:50:00Z,240
1842855,North,HOSHIARPUR,Tajowal,Unplanned,Closed,2026-05-13T17:50:00Z,2026-05-13T21:50:36Z,240
1842847,North,HOSHIARPUR,HARKOWAL,Unplanned,Closed,2026-05-13T17:50:00Z,2026-05-13T21:30:00Z,220
1842845,Border,CITY AMRITSAR,BATALA ROAD,Unplanned,Closed,2026-05-13T17:50:00Z,2026-05-13T19:52:59Z,122
1842843,Border,GURDASPUR,RAILWAY ROAD CAT-1,Unplanned,Closed,2026-05-13T17:50:00Z,2026-05-13T18:30:00Z,40
1842842,North,KAPURTHALA,J.J. CLUB,Unplanned,Closed,2026-05-13T17:50:00Z,2026-05-13T18:40:00Z,50
1842841,Border,GURDASPUR,11KV BUTTER UPS,Unplanned,Closed,2026-05-13T17:50:00Z,2026-05-13T18:30:00Z,40
1842840,Border,GURDASPUR,Basrawan,Unplanned,Closed,2026-05-13T17:50:00Z,2026-05-13T18:30:00Z,40
1842839,Border,GURDASPUR,I.T.I,Unplanned,Closed,2026-05-13T17:50:00Z,2026-05-13T18:30:00Z,40
1842838,Border,GURDASPUR,THEKERIWAL,Unplanned,Closed,2026-05-13T17:50:00Z,2026-05-13T18:30:00Z,40
1842836,Border,GURDASPUR,Dalla UPS,Unplanned,Closed,2026-05-13T17:50:00Z,2026-05-13T18:30:00Z,40
1842833,Border,GURDASPUR,Civil Line,Unplanned,Closed,2026-05-13T17:50:00Z,2026-05-13T18:30:00Z,40
1842832,North,KAPURTHALA,URBAN CIVIL HOSPITAL,Unplanned,Closed,2026-05-13T17:50:00Z,2026-05-13T18:39:00Z,49
1842830,South,PATIALA,UPS Kheri muslanmania,Unplanned,Closed,2026-05-13T17:50:00Z,2026-05-13T19:05:00Z,75
1842829,Border,GURDASPUR,City,Unplanned,Closed,2026-05-13T17:50:00Z,2026-05-13T18:30:00Z,40
1842799,North,KAPURTHALA,URBAN CITY,Unplanned,Closed,2026-05-13T17:50:00Z,2026-05-13T18:42:00Z,52
1842798,North,KAPURTHALA,URBAN MOHABAT NAGAR,Unplanned,Closed,2026-05-13T17:50:00Z,2026-05-13T18:41:00Z,51
1842796,East,Zirakpur,TRISHLA,Planned,Closed,2026-05-13T17:50:00Z,2026-05-13T18:40:00Z,50
1842792,North,KAPURTHALA,CAT-1 BHATNURA,Unplanned,Closed,2026-05-13T17:50:00Z,2026-05-13T18:20:00Z,30
1842791,North,KAPURTHALA,UPS BAJAJ,Unplanned,Closed,2026-05-13T17:50:00Z,2026-05-13T18:20:00Z,30
1842793,North,KAPURTHALA,Kotu Chownk,Unplanned,Closed,2026-05-13T17:48:00Z,2026-05-13T18:44:00Z,56
1842784,Border,CITY AMRITSAR,Dilbagh Nagar,Unplanned,Closed,2026-05-13T17:47:54Z,2026-05-13T18:41:34Z,53
1842786,Central,KHANNA,Salani,Unplanned,Closed,2026-05-13T17:46:00Z,2026-05-13T19:43:00Z,117
1842783,West,BATHINDA,TIN KONI,Unplanned,Closed,2026-05-13T17:46:00Z,2026-05-13T18:10:00Z,24
1842850,Border,CITY AMRITSAR,11 KV Lahori Gate,Unplanned,Closed,2026-05-13T17:45:23Z,2026-05-13T18:35:57Z,50
1842810,North,JALANDHAR,EKTA NAGAR,Unplanned,Closed,2026-05-13T17:45:13Z,2026-05-13T18:40:13Z,55
1842809,North,JALANDHAR,Karol bagh,Unplanned,Closed,2026-05-13T17:45:13Z,2026-05-13T18:40:13Z,55
1842808,North,JALANDHAR,UNIVERSIY,Unplanned,Closed,2026-05-13T17:45:13Z,2026-05-13T18:40:13Z,55
1842807,North,JALANDHAR,LADHAYWALI,Unplanned,Closed,2026-05-13T17:45:13Z,2026-05-13T18:40:13Z,55
1842806,North,JALANDHAR,CHANDERSEN,Unplanned,Closed,2026-05-13T17:45:13Z,2026-05-13T18:40:13Z,55
1842805,North,JALANDHAR,11kv Nangal shama,Unplanned,Closed,2026-05-13T17:45:13Z,2026-05-13T18:40:13Z,55
1842804,North,JALANDHAR,King city,Unplanned,Closed,2026-05-13T17:45:13Z,2026-05-13T18:40:13Z,55
1842803,North,JALANDHAR,Guru Nanak Nagar,Unplanned,Closed,2026-05-13T17:45:13Z,2026-05-13T18:40:13Z,55
1842802,North,JALANDHAR,DRDO,Unplanned,Closed,2026-05-13T17:45:13Z,2026-05-13T18:40:13Z,55
1842801,North,JALANDHAR,CHOGITTI,Unplanned,Closed,2026-05-13T17:45:13Z,2026-05-13T18:40:13Z,55
1842800,North,JALANDHAR,BASANT HILLS,Unplanned,Closed,2026-05-13T17:45:13Z,2026-05-13T18:40:13Z,55
1842939,Border,SUB URBAN AMRITSAR,11 KV PASSPORT OFFICE,Unplanned,Closed,2026-05-13T17:45:00Z,2026-05-13T19:34:00Z,109
1842934,Border,SUB URBAN AMRITSAR,Mallan Wali,Unplanned,Closed,2026-05-13T17:45:00Z,2026-05-13T19:24:00Z,99
1842871,Border,SUB URBAN AMRITSAR,Dashmesh Nagar,Unplanned,Closed,2026-05-13T17:45:00Z,2026-05-13T18:40:00Z,55
1842869,Border,SUB URBAN AMRITSAR,Disposal,Unplanned,Closed,2026-05-13T17:45:00Z,2026-05-13T20:05:00Z,140
1842864,Border,SUB URBAN AMRITSAR,Kot khalsa,Unplanned,Closed,2026-05-13T17:45:00Z,2026-05-13T18:51:00Z,66
1842827,Border,GURDASPUR,NEW BALLARWAL UPS,Unplanned,Closed,2026-05-13T17:45:00Z,2026-05-13T18:30:00Z,45
1842826,Border,GURDASPUR,NANGAL UPS,Unplanned,Closed,2026-05-13T17:45:00Z,2026-05-13T18:30:00Z,45
1842825,Border,GURDASPUR,Bolewal,Unplanned,Closed,2026-05-13T17:45:00Z,2026-05-13T18:30:00Z,45
1842824,Border,GURDASPUR,Ghuman,Unplanned,Closed,2026-05-13T17:45:00Z,2026-05-13T18:30:00Z,45
1842823,Border,GURDASPUR,dakoha,Unplanned,Closed,2026-05-13T17:45:00Z,2026-05-13T18:30:00Z,45
1842822,Border,GURDASPUR,BHARTH,Unplanned,Closed,2026-05-13T17:45:00Z,2026-05-13T18:35:00Z,50
1842821,Border,GURDASPUR,METLE,Unplanned,Closed,2026-05-13T17:45:00Z,2026-05-13T18:35:00Z,50
1842813,Border,GURDASPUR,BHAM UPS,Unplanned,Closed,2026-05-13T17:45:00Z,2026-05-13T18:35:00Z,50
1842787,East,Zirakpur,ECME,Unplanned,Closed,2026-05-13T17:45:00Z,2026-05-13T19:30:00Z,105
1842781,West,BATHINDA,MATA JIVI NAGAR,Unplanned,Closed,2026-05-13T17:45:00Z,2026-05-13T18:11:00Z,26
1842778,West,BATHINDA,BALLA RAM NAGAR,Unplanned,Closed,2026-05-13T17:45:00Z,2026-05-13T18:10:00Z,25
1842777,West,BATHINDA,GANESHA BASTI,Unplanned,Closed,2026-05-13T17:45:00Z,2026-05-13T18:10:00Z,25
1842790,North,KAPURTHALA,URBAN MARKFED,Unplanned,Closed,2026-05-13T17:44:00Z,2026-05-13T18:42:00Z,58
1842789,North,KAPURTHALA,preet nagar,Unplanned,Closed,2026-05-13T17:44:00Z,2026-05-13T18:42:00Z,58
1842795,Border,SUB URBAN AMRITSAR,KABIR PARK,Unplanned,Closed,2026-05-13T17:43:00Z,2026-05-13T17:55:37Z,12
1842844,Border,CITY AMRITSAR,11 KV Bhagtawala,Unplanned,Closed,2026-05-13T17:42:18Z,2026-05-13T19:12:34Z,90
1842785,North,KAPURTHALA,MES URBAN,Unplanned,Closed,2026-05-13T17:42:00Z,2026-05-13T18:38:00Z,56
1842782,North,KAPURTHALA,DAINWIND (UPS),Unplanned,Closed,2026-05-13T17:41:00Z,2026-05-13T18:38:00Z,57
1842780,North,KAPURTHALA,Guru Nanak Nagar URBAN,Unplanned,Closed,2026-05-13T17:41:00Z,2026-05-13T18:33:00Z,52
1842779,North,KAPURTHALA,AJIT NAGAR,Unplanned,Closed,2026-05-13T17:41:00Z,2026-05-13T18:39:00Z,58
1842766,Border,GURDASPUR,Greater Kailash,Unplanned,Closed,2026-05-13T17:40:52Z,2026-05-13T18:18:52Z,38
1842765,Border,GURDASPUR,KHAJURI GATE,Unplanned,Closed,2026-05-13T17:40:52Z,2026-05-13T18:17:52Z,37
1842764,Border,GURDASPUR,Gurudwara Kandh Sahib,Unplanned,Closed,2026-05-13T17:40:52Z,2026-05-13T18:17:52Z,37
1842763,Border,GURDASPUR,OLD HOSPITAL BATALA,Unplanned,Closed,2026-05-13T17:40:52Z,2026-05-13T18:17:52Z,37
1842762,Border,GURDASPUR,Bank colony,Unplanned,Closed,2026-05-13T17:40:52Z,2026-05-13T18:17:52Z,37
1842761,Border,GURDASPUR,G.T Road,Unplanned,Closed,2026-05-13T17:40:52Z,2026-05-13T18:17:52Z,37
1842760,Border,GURDASPUR,11 KV RAILWAY ROAD,Unplanned,Closed,2026-05-13T17:40:52Z,2026-05-13T18:17:52Z,37
1842759,Border,GURDASPUR,11 KV BHANDHRI MOHALLA,Unplanned,Closed,2026-05-13T17:40:52Z,2026-05-13T18:17:52Z,37
1842758,Border,GURDASPUR,SHANTI NAGAR,Unplanned,Closed,2026-05-13T17:40:52Z,2026-05-13T18:17:52Z,37
1842757,Border,GURDASPUR,Batala City,Unplanned,Closed,2026-05-13T17:40:52Z,2026-05-13T18:17:52Z,37
1842756,Border,GURDASPUR,Murgi Mohalla,Unplanned,Closed,2026-05-13T17:40:52Z,2026-05-13T18:17:52Z,37
1842755,Border,GURDASPUR,Kahnuwan Road,Unplanned,Closed,2026-05-13T17:40:52Z,2026-05-13T18:17:52Z,37
1842754,Border,GURDASPUR,Simbal,Unplanned,Closed,2026-05-13T17:40:52Z,2026-05-13T18:17:52Z,37
1842753,Border,GURDASPUR,Dera Baba Nanak Road,Unplanned,Closed,2026-05-13T17:40:52Z,2026-05-13T18:17:52Z,37
1842752,Border,GURDASPUR,Improvement Trust,Unplanned,Closed,2026-05-13T17:40:52Z,2026-05-13T18:17:52Z,37
1842772,Border,GURDASPUR,11 kv Dhupshari ups,Unplanned,Closed,2026-05-13T17:40:04Z,2026-05-13T18:17:04Z,37
1842771,Border,GURDASPUR,11 KV Guru Nanak College,Unplanned,Closed,2026-05-13T17:40:04Z,2026-05-13T18:17:04Z,37
1842770,Border,GURDASPUR,Ujjagar Nagar,Unplanned,Closed,2026-05-13T17:40:04Z,2026-05-13T18:20:04Z,40
1842769,Border,GURDASPUR,South City,Unplanned,Closed,2026-05-13T17:40:04Z,2026-05-13T18:19:04Z,39
1842768,Border,GURDASPUR,Mata Sulakhni Ji,Unplanned,Closed,2026-05-13T17:40:04Z,2026-05-13T18:19:04Z,39
1842767,Border,GURDASPUR,Diamond Colony,Unplanned,Closed,2026-05-13T17:40:04Z,2026-05-13T18:19:04Z,39
1842926,West,MUKATSAR,Bhangchari UPS,Unplanned,Closed,2026-05-13T17:40:00Z,2026-05-13T18:15:00Z,35
1842862,East,MOHALI,11KV One Business,Unplanned,Closed,2026-05-13T17:40:00Z,2026-05-13T17:56:12Z,16
1842856,South,PATIALA,SURAJPUR CAT. 1,Planned,Closed,2026-05-13T17:40:00Z,2026-05-13T19:10:00Z,90
1842852,South,PATIALA,UPS SURAJPUR,Planned,Closed,2026-05-13T17:40:00Z,2026-05-13T19:10:00Z,90
1842788,South,SANGRUR,Dera rajputa,Unplanned,Closed,2026-05-13T17:40:00Z,2026-05-13T18:08:00Z,28
1842776,North,KAPURTHALA,UPS PANDORI,Unplanned,Closed,2026-05-13T17:40:00Z,2026-05-13T18:40:00Z,60
1842775,North,KAPURTHALA,SALAMATPUR,Unplanned,Closed,2026-05-13T17:40:00Z,2026-05-13T18:40:00Z,60
1842774,North,KAPURTHALA,UPS METLA,Unplanned,Closed,2026-05-13T17:40:00Z,2026-05-13T18:40:00Z,60
1842773,North,KAPURTHALA,CAT-1 BHOLATH,Unplanned,Closed,2026-05-13T17:40:00Z,2026-05-13T18:40:00Z,60
1842749,South,PATIALA,GAJEWAS,Unplanned,Closed,2026-05-13T17:35:56Z,2026-05-13T18:20:31Z,44
1842910,Border,SUB URBAN AMRITSAR,Jagdambey Colony,Unplanned,Closed,2026-05-13T17:35:00Z,2026-05-13T18:25:43Z,50
1842811,Central,KHANNA,Royal,Unplanned,Closed,2026-05-13T17:35:00Z,2026-05-13T18:56:00Z,81
1842797,Central,KHANNA,Chander Lok,Unplanned,Closed,2026-05-13T17:35:00Z,2026-05-13T18:56:00Z,81
1842751,Border,CITY AMRITSAR,KRISHNA NAGAR,Unplanned,Closed,2026-05-13T17:34:10Z,2026-05-13T18:18:08Z,43
1842750,East,Zirakpur,SIMRAN,Planned,Closed,2026-05-13T17:33:00Z,2026-05-13T18:40:00Z,67
1842747,Border,CITY AMRITSAR,Tilak Nagar,Unplanned,Closed,2026-05-13T17:30:53Z,2026-05-13T19:25:32Z,114
1842748,North,KAPURTHALA,Pattar Kalan,Unplanned,Closed,2026-05-13T17:30:00Z,2026-05-13T18:30:00Z,60
1842744,South,PATIALA,SYL (F.P),Planned,Closed,2026-05-13T17:30:00Z,2026-05-13T19:05:00Z,95
1842742,South,PATIALA,BABA DEEP SINGH,Planned,Closed,2026-05-13T17:30:00Z,2026-05-13T19:25:00Z,115
1842741,Central,SUB URBAN LUDHIANA,CENTER CITY,Unplanned,Closed,2026-05-13T17:30:00Z,2026-05-13T18:45:00Z,75
1842739,Central,SUB URBAN LUDHIANA,CITY-4,Unplanned,Closed,2026-05-13T17:30:00Z,2026-05-13T18:45:00Z,75
1842737,Central,SUB URBAN LUDHIANA,CITY-2,Unplanned,Closed,2026-05-13T17:30:00Z,2026-05-13T18:45:00Z,75
1842746,Border,GURDASPUR,Adowali,Unplanned,Closed,2026-05-13T17:29:20Z,2026-05-13T18:25:20Z,56
1842745,Border,GURDASPUR,24 Hrs UPS Rangar Nangal,Unplanned,Closed,2026-05-13T17:29:20Z,2026-05-13T18:25:20Z,56
1842736,South,SANGRUR,11kv Bank road,Unplanned,Closed,2026-05-13T17:28:00Z,2026-05-13T17:57:00Z,29
1842734,South,SANGRUR,Dharampura,Unplanned,Closed,2026-05-13T17:28:00Z,2026-05-13T17:57:32Z,29
1842731,North,HOSHIARPUR,Lalpur,Unplanned,Closed,2026-05-13T17:27:00Z,2026-05-13T17:40:00Z,13
1842733,Border,CITY AMRITSAR,COMPANY BAGH,Unplanned,Closed,2026-05-13T17:26:55Z,2026-05-13T18:14:29Z,47
1842738,Border,CITY AMRITSAR,11kV Islamabad Link,Unplanned,Closed,2026-05-13T17:26:36Z,2026-05-13T19:01:13Z,94
1842740,West,MUKATSAR,Khuddian,Unplanned,Closed,2026-05-13T17:25:00Z,2026-05-13T18:10:00Z,45
1842735,North,HOSHIARPUR,HANDHWAL UPS,Unplanned,Closed,2026-05-13T17:25:00Z,2026-05-13T17:45:00Z,20
1842732,North,HOSHIARPUR,Tanda City,Unplanned,Closed,2026-05-13T17:25:00Z,2026-05-13T17:50:00Z,25
1842716,North,HOSHIARPUR,KHARDEHER,Unplanned,Closed,2026-05-13T17:22:00Z,2026-05-13T17:35:00Z,13
1842687,Border,CITY AMRITSAR,Toot Sahib,Unplanned,Closed,2026-05-13T17:21:05Z,2026-05-13T17:32:14Z,11
1842686,Border,CITY AMRITSAR,SULTANWIND ROAD,Unplanned,Closed,2026-05-13T17:21:05Z,2026-05-13T17:32:11Z,11
1842685,Border,CITY AMRITSAR,SERVER PURA,Unplanned,Closed,2026-05-13T17:21:05Z,2026-05-13T17:32:08Z,11
1842684,Border,CITY AMRITSAR,CHATIWIND 1,Unplanned,Closed,2026-05-13T17:21:05Z,2026-05-13T17:32:06Z,11
1842683,Border,CITY AMRITSAR,sarai guru ram dass,Unplanned,Closed,2026-05-13T17:21:05Z,2026-05-13T17:32:02Z,10
1842682,Border,CITY AMRITSAR,CHATIWIND 2,Unplanned,Closed,2026-05-13T17:21:05Z,2026-05-13T17:31:59Z,10
1842681,Border,CITY AMRITSAR,EAST MOHAN NAGAR,Unplanned,Closed,2026-05-13T17:21:05Z,2026-05-13T17:31:56Z,10
1842680,Border,CITY AMRITSAR,s.g.r.dental research,Unplanned,Closed,2026-05-13T17:21:05Z,2026-05-13T17:31:52Z,10
1842698,West,FARIDKOT,FOCAL POINT,Unplanned,Closed,2026-05-13T17:21:04Z,2026-05-13T23:23:25Z,362
1842696,West,FARIDKOT,KANER,Unplanned,Closed,2026-05-13T17:21:04Z,2026-05-13T23:23:21Z,362
1842693,West,FARIDKOT,BABA MANGAL SINGHUPS (BUGHIPURA),Unplanned,Closed,2026-05-13T17:21:04Z,2026-05-13T23:24:21Z,363
1842691,West,FARIDKOT,PREM NAGAR,Unplanned,Closed,2026-05-13T17:21:04Z,2026-05-13T23:24:21Z,363
1842690,West,FARIDKOT,SARDAR NAGAR,Unplanned,Closed,2026-05-13T17:21:04Z,2026-05-13T23:24:21Z,363
1842689,West,FARIDKOT,Sai Dham,Unplanned,Closed,2026-05-13T17:21:04Z,2026-05-13T23:25:21Z,364
1842688,West,FARIDKOT,Ram ganz,Unplanned,Closed,2026-05-13T17:21:04Z,2026-05-13T23:25:21Z,364
1842673,Central,KHANNA,SIMRAN(JALALPUR),Planned,Closed,2026-05-13T17:21:00Z,2026-05-13T17:47:00Z,26
1842715,North,JALANDHAR,11KVMARKFEED FEEDER,Unplanned,Closed,2026-05-13T17:20:42Z,2026-05-13T19:50:42Z,150
1842714,North,JALANDHAR,GANDHI NAGAR,Unplanned,Closed,2026-05-13T17:20:42Z,2026-05-13T19:50:42Z,150
1842713,North,JALANDHAR,Chomon,Unplanned,Closed,2026-05-13T17:20:42Z,2026-05-13T19:50:42Z,150
1842712,North,JALANDHAR,ADAMPUR,Unplanned,Closed,2026-05-13T17:20:42Z,2026-05-13T19:50:42Z,150
1842711,North,JALANDHAR,VAJU VIHAR,Unplanned,Closed,2026-05-13T17:20:42Z,2026-05-13T19:50:42Z,150
1842710,North,JALANDHAR,RAJOWAL,Unplanned,Closed,2026-05-13T17:20:42Z,2026-05-13T19:50:42Z,150
1842709,North,JALANDHAR,Pandori,Unplanned,Closed,2026-05-13T17:20:42Z,2026-05-13T19:50:42Z,150
1842708,North,JALANDHAR,11KV UDESIAN,Unplanned,Closed,2026-05-13T17:20:42Z,2026-05-13T19:50:42Z,150
1842672,Central,KHANNA,KAILASH,Planned,Closed,2026-05-13T17:20:00Z,2026-05-13T17:47:00Z,27
1842702,North,KAPURTHALA,URBAN Bye Pass,Unplanned,Closed,2026-05-13T17:19:00Z,2026-05-13T18:19:00Z,60
1842701,North,KAPURTHALA,UPS Ambgarh,Unplanned,Closed,2026-05-13T17:19:00Z,2026-05-13T18:19:00Z,60
1842700,North,KAPURTHALA,UPS Kahlwan,Unplanned,Closed,2026-05-13T17:19:00Z,2026-05-13T18:19:00Z,60
1842699,North,KAPURTHALA,URBAN Sura Nussi,Unplanned,Closed,2026-05-13T17:19:00Z,2026-05-13T18:19:00Z,60
1842697,North,KAPURTHALA,Arya Nagar,Unplanned,Closed,2026-05-13T17:19:00Z,2026-05-13T18:19:00Z,60
1842695,North,KAPURTHALA,Fateh Jalal,Unplanned,Closed,2026-05-13T17:19:00Z,2026-05-13T18:19:00Z,60
1842694,North,KAPURTHALA,Furniture Bajar,Unplanned,Closed,2026-05-13T17:19:00Z,2026-05-13T18:19:00Z,60
1842692,North,KAPURTHALA,City kartarpur,Unplanned,Closed,2026-05-13T17:19:00Z,2026-05-13T18:19:00Z,60
1842703,Border,SUB URBAN AMRITSAR,11 kv Baba Deep Singh colony,Unplanned,Closed,2026-05-13T17:15:00Z,2026-05-13T17:30:00Z,15
1842674,North,KAPURTHALA,Bamuwal,Unplanned,Closed,2026-05-13T17:15:00Z,2026-05-13T18:15:00Z,60
1842706,West,FARIDKOT,SHAHEED BHAGAT SINGH NAGAR,Unplanned,Closed,2026-05-13T17:14:00Z,2026-05-13T22:47:00Z,333
1842705,West,FARIDKOT,ITI,Unplanned,Closed,2026-05-13T17:14:00Z,2026-05-13T22:47:00Z,333
1842743,West,MUKATSAR,440 KV Goneana,Unplanned,Closed,2026-05-13T17:10:00Z,2026-05-13T18:15:00Z,65
1842704,South,BARNALA,SUB STATION MALERKOTLA,Unplanned,Closed,2026-05-13T17:10:00Z,2026-05-13T17:24:00Z,14
1842677,North,KAPURTHALA,Mana Talwandi,Unplanned,Closed,2026-05-13T17:10:00Z,2026-05-13T18:10:00Z,60
1842676,North,KAPURTHALA,UPS Mustfabad,Unplanned,Closed,2026-05-13T17:10:00Z,2026-05-13T18:10:00Z,60
1842675,North,KAPURTHALA,URBAN Hamira,Unplanned,Closed,2026-05-13T17:10:00Z,2026-05-13T18:10:00Z,60
1842659,West,MUKATSAR,11 KV KILLIANWALI,Unplanned,Closed,2026-05-13T17:07:21Z,2026-05-13T19:09:08Z,121
1842660,North,NAWANSHAHR,Industry,Unplanned,Closed,2026-05-13T17:06:00Z,2026-05-13T17:45:00Z,39
1842657,Border,SUB URBAN AMRITSAR,24 Hrs Rajatal,Unplanned,Closed,2026-05-13T17:04:16Z,2026-05-13T18:00:00Z,55
1842656,Border,SUB URBAN AMRITSAR,RAJATAL URBAN,Unplanned,Closed,2026-05-13T17:04:16Z,2026-05-13T18:00:00Z,55
1842655,Border,SUB URBAN AMRITSAR,RAJATAL BOP,Unplanned,Closed,2026-05-13T17:04:16Z,2026-05-13T18:00:00Z,55
1842654,Border,SUB URBAN AMRITSAR,11 KVA URBAN BAGGA,Unplanned,Closed,2026-05-13T17:03:00Z,2026-05-13T18:00:00Z,57
1842653,Border,SUB URBAN AMRITSAR,MANAWALA UPS,Unplanned,Closed,2026-05-13T17:03:00Z,2026-05-13T18:00:00Z,57
1842651,Border,SUB URBAN AMRITSAR,24 HRS BHITTEWED UPS,Unplanned,Closed,2026-05-13T17:03:00Z,2026-05-13T18:00:00Z,57
1842650,Border,SUB URBAN AMRITSAR,UPS JAHNJOTI,Unplanned,Closed,2026-05-13T17:03:00Z,2026-05-13T18:00:00Z,57
1842629,Central,KHANNA,DHAMOT UPS,Planned,Closed,2026-05-13T17:02:00Z,2026-05-13T17:20:00Z,18
1842658,North,KAPURTHALA,Thabalke,Planned,Closed,2026-05-13T17:00:00Z,2026-05-13T17:55:00Z,55
1842647,Border,CITY AMRITSAR,11 kv shaheed udam singh nagar,Unplanned,Closed,2026-05-13T16:57:49Z,2026-05-13T17:33:46Z,35
1842646,Border,CITY AMRITSAR,11 kv B.D.S FEEDER,Unplanned,Closed,2026-05-13T16:57:49Z,2026-05-13T17:33:44Z,35
1842645,Border,CITY AMRITSAR,BIBI KAULAN JI,Unplanned,Closed,2026-05-13T16:57:49Z,2026-05-13T17:33:42Z,35
1842644,Border,CITY AMRITSAR,GURNAM NAGAR,Unplanned,Closed,2026-05-13T16:57:49Z,2026-05-13T17:32:40Z,34
1842643,Border,CITY AMRITSAR,BHAI MANJ ROAD,Unplanned,Closed,2026-05-13T16:57:49Z,2026-05-13T17:33:38Z,35
1842642,Border,CITY AMRITSAR,Guru Arjan Dev nagar,Unplanned,Closed,2026-05-13T16:57:49Z,2026-05-13T17:30:34Z,32
1842641,Border,CITY AMRITSAR,Friends Colony,Unplanned,Closed,2026-05-13T16:57:49Z,2026-05-13T17:32:17Z,34
1842640,Border,CITY AMRITSAR,Dilbagh Nagar,Unplanned,Closed,2026-05-13T16:57:18Z,2026-05-13T17:35:10Z,37
1842639,Border,CITY AMRITSAR,Chatiwind Gate,Unplanned,Closed,2026-05-13T16:57:18Z,2026-05-13T17:35:19Z,38
1842638,Border,CITY AMRITSAR,LAXMAN SAR,Unplanned,Closed,2026-05-13T16:57:18Z,2026-05-13T17:32:25Z,35
1842637,Border,CITY AMRITSAR,Mohan Rice Mills,Unplanned,Closed,2026-05-13T16:57:18Z,2026-05-13T17:35:31Z,38
1842636,Border,CITY AMRITSAR,Gilwalii Gate,Unplanned,Closed,2026-05-13T16:57:18Z,2026-05-13T17:34:39Z,37
1842635,Border,CITY AMRITSAR,Kot Baba Deep singh,Unplanned,Closed,2026-05-13T16:57:18Z,2026-05-13T17:35:46Z,38
1842634,Border,CITY AMRITSAR,Nagar Nigam Colony,Unplanned,Closed,2026-05-13T16:57:18Z,2026-05-13T17:34:50Z,37
1842633,Border,CITY AMRITSAR,Chatha Rice Mills,Unplanned,Closed,2026-05-13T16:57:18Z,2026-05-13T17:36:57Z,39
1842632,Border,CITY AMRITSAR,Laxmi Rice Mills,Unplanned,Closed,2026-05-13T16:57:18Z,2026-05-13T17:36:05Z,38
1842631,Border,CITY AMRITSAR,shri guru ram dass hospital,Unplanned,Closed,2026-05-13T16:57:18Z,2026-05-13T17:36:13Z,38
1842630,Border,CITY AMRITSAR,NEW DHAB BASTI RAM,Unplanned,Closed,2026-05-13T16:57:18Z,2026-05-13T17:36:19Z,39
1842671,Border,SUB URBAN AMRITSAR,Pandori UPS,Unplanned,Closed,2026-05-13T16:55:00Z,2026-05-13T17:55:00Z,60
1842670,Border,SUB URBAN AMRITSAR,CHAND INDUSTRY,Unplanned,Closed,2026-05-13T16:55:00Z,2026-05-13T17:55:00Z,60
1842669,Border,SUB URBAN AMRITSAR,BAULI INDUSTRY,Unplanned,Closed,2026-05-13T16:55:00Z,2026-05-13T17:55:00Z,60
1842668,Border,SUB URBAN AMRITSAR,GAURI SHANKAR,Unplanned,Closed,2026-05-13T16:55:00Z,2026-05-13T17:55:00Z,60
1842667,Border,SUB URBAN AMRITSAR,BAL KALAN INDUSTRY,Unplanned,Closed,2026-05-13T16:55:00Z,2026-05-13T17:55:00Z,60
1842666,Border,SUB URBAN AMRITSAR,DADDIAN UPS,Unplanned,Closed,2026-05-13T16:55:00Z,2026-05-13T17:55:00Z,60
1842665,Border,SUB URBAN AMRITSAR,DHANWANTRI IND,Unplanned,Closed,2026-05-13T16:55:00Z,2026-05-13T17:55:00Z,60
1842664,Border,SUB URBAN AMRITSAR,KWALITY PHARMA,Unplanned,Closed,2026-05-13T16:55:00Z,2026-05-13T17:55:00Z,60
1842663,Border,SUB URBAN AMRITSAR,NAG KALAN URBAN,Unplanned,Closed,2026-05-13T16:55:00Z,2026-05-13T17:55:00Z,60
1842662,Border,SUB URBAN AMRITSAR,Industry NAG,Unplanned,Closed,2026-05-13T16:55:00Z,2026-05-13T17:55:00Z,60
1842661,Border,SUB URBAN AMRITSAR,Sawdeshi Korean,Unplanned,Closed,2026-05-13T16:55:00Z,2026-05-13T17:55:00Z,60
1842649,West,BATHINDA,JOGA (UPS),Planned,Closed,2026-05-13T16:55:00Z,2026-05-13T19:20:00Z,145
1842627,Central,CITY WEST LUDHIANA,ISHER NAGAR FEEDER,Unplanned,Closed,2026-05-13T16:54:50Z,2026-05-13T17:49:32Z,54
1842613,Border,CITY AMRITSAR,GIS GOLDEN TEMPLE,Unplanned,Closed,2026-05-13T16:53:13Z,2026-05-13T17:29:49Z,36
1842612,Border,CITY AMRITSAR,baba bhori wala,Unplanned,Closed,2026-05-13T16:53:13Z,2026-05-13T17:35:34Z,42
1842611,Border,CITY AMRITSAR,LAKKAR MANDI,Unplanned,Closed,2026-05-13T16:53:13Z,2026-05-13T17:30:39Z,37
1843909,Border,SUB URBAN AMRITSAR,UPS Chattiwind,Unplanned,Closed,2026-05-13T16:53:12Z,2026-05-13T19:51:12Z,178
1843908,Border,SUB URBAN AMRITSAR,U P S Iban,Unplanned,Closed,2026-05-13T16:53:12Z,2026-05-13T19:51:12Z,178
1843907,Border,SUB URBAN AMRITSAR,Guruwali Independent,Unplanned,Closed,2026-05-13T16:53:12Z,2026-05-13T19:51:12Z,178
1843906,Border,SUB URBAN AMRITSAR,Punjab Basmati,Unplanned,Closed,2026-05-13T16:53:12Z,2026-05-13T19:51:12Z,178
1843905,Border,SUB URBAN AMRITSAR,Bhai Manj Road,Unplanned,Closed,2026-05-13T16:53:12Z,2026-05-13T19:51:12Z,178
1843904,Border,SUB URBAN AMRITSAR,Mollechak,Unplanned,Closed,2026-05-13T16:53:12Z,2026-05-13T19:53:12Z,180
1843903,Border,SUB URBAN AMRITSAR,TahlaSahib,Unplanned,Closed,2026-05-13T16:53:12Z,2026-05-13T19:51:12Z,178
1842729,Border,SUB URBAN AMRITSAR,DIAMOND AVENUE,Unplanned,Closed,2026-05-13T16:52:35Z,2026-05-13T17:41:35Z,49
1842728,Border,SUB URBAN AMRITSAR,Guru Har Rai avenue,Unplanned,Closed,2026-05-13T16:52:35Z,2026-05-13T17:41:03Z,48
1842727,Border,SUB URBAN AMRITSAR,BABA SHRI CHAND AVNUE,Unplanned,Closed,2026-05-13T16:52:35Z,2026-05-13T17:41:03Z,48
1842726,Border,SUB URBAN AMRITSAR,VEER GARDEN,Unplanned,Closed,2026-05-13T16:52:35Z,2026-05-13T17:41:03Z,48
1842725,Border,SUB URBAN AMRITSAR,SG enclave,Unplanned,Closed,2026-05-13T16:52:35Z,2026-05-13T17:41:03Z,48
1842724,Border,SUB URBAN AMRITSAR,POWER COLONY,Unplanned,Closed,2026-05-13T16:52:35Z,2026-05-13T17:41:03Z,48
1842723,Border,SUB URBAN AMRITSAR,M.E.S,Unplanned,Closed,2026-05-13T16:52:35Z,2026-05-13T17:41:03Z,48
1842722,Border,SUB URBAN AMRITSAR,Hari mandir,Unplanned,Closed,2026-05-13T16:52:35Z,2026-05-13T17:41:03Z,48
1842721,Border,SUB URBAN AMRITSAR,Palm vihar,Unplanned,Closed,2026-05-13T16:52:35Z,2026-05-13T17:41:03Z,48
1842720,Border,SUB URBAN AMRITSAR,GOPAL NAGAR,Unplanned,Closed,2026-05-13T16:52:35Z,2026-05-13T17:41:03Z,48
1842719,Border,SUB URBAN AMRITSAR,MAJITHA ROAD VERKA BYE PASS,Unplanned,Closed,2026-05-13T16:52:35Z,2026-05-13T17:41:03Z,48
1842718,Border,SUB URBAN AMRITSAR,silverstate,Unplanned,Closed,2026-05-13T16:52:35Z,2026-05-13T17:40:35Z,48
1842717,Border,SUB URBAN AMRITSAR,GOKAL NAGAR,Unplanned,Closed,2026-05-13T16:52:35Z,2026-05-13T17:41:03Z,48
1842609,Border,CITY AMRITSAR,MAKBOOL PURA,Unplanned,Closed,2026-05-13T16:51:12Z,2026-05-13T17:26:59Z,35
1842608,Border,CITY AMRITSAR,100 ft. ROAD,Unplanned,Closed,2026-05-13T16:51:12Z,2026-05-13T17:27:21Z,36
1842606,Border,SUB URBAN AMRITSAR,Hoshiar Nagar Urban,Unplanned,Closed,2026-05-13T16:50:26Z,2026-05-13T17:50:00Z,59
1842605,Border,SUB URBAN AMRITSAR,Hoshiar Nagar UPS,Unplanned,Closed,2026-05-13T16:50:26Z,2026-05-13T17:50:00Z,59
1842648,Border,GURDASPUR,Bharoli,Unplanned,Closed,2026-05-13T16:50:00Z,2026-05-13T23:55:00Z,425
1842610,West,FARIDKOT,GHONIWALA UPS Cat 5,Unplanned,Closed,2026-05-13T16:50:00Z,2026-05-13T19:20:42Z,150
1842607,North,JALANDHAR,GILL COLONY,Unplanned,Closed,2026-05-13T16:50:00Z,2026-05-13T18:10:00Z,80
1842626,Border,CITY AMRITSAR,11 KV Feeder Tunda Talab,Unplanned,Closed,2026-05-13T16:48:44Z,2026-05-13T17:25:43Z,36
1842625,Border,CITY AMRITSAR,11 KV Feeder Kt. Mohar Singh,Unplanned,Closed,2026-05-13T16:48:44Z,2026-05-13T17:29:17Z,40
1842624,Border,CITY AMRITSAR,11 KV Durgiana Temple,Unplanned,Closed,2026-05-13T16:48:44Z,2026-05-13T17:26:50Z,38
1842623,Border,CITY AMRITSAR,11Kv Katra Jaimal singh,Unplanned,Closed,2026-05-13T16:48:44Z,2026-05-13T17:27:43Z,38
1842622,Border,CITY AMRITSAR,11KvTobha Bhai Salo,Unplanned,Closed,2026-05-13T16:48:44Z,2026-05-13T17:26:12Z,37
1842621,Border,CITY AMRITSAR,11kv kt sher singh Duplicate,Unplanned,Closed,2026-05-13T16:48:44Z,2026-05-13T17:27:43Z,38
1842620,Border,CITY AMRITSAR,B-K DUTT Gate,Unplanned,Closed,2026-05-13T16:48:44Z,2026-05-13T17:26:43Z,37
1842619,Border,CITY AMRITSAR,SUBHASH PARK,Unplanned,Closed,2026-05-13T16:48:44Z,2026-05-13T17:25:57Z,37
1842618,Border,CITY AMRITSAR,11 KV Beri gate,Unplanned,Closed,2026-05-13T16:48:44Z,2026-05-13T17:28:43Z,39
1842617,Border,CITY AMRITSAR,11KvKatra Sher Singh,Unplanned,Closed,2026-05-13T16:48:44Z,2026-05-13T17:27:43Z,38
1842616,Border,CITY AMRITSAR,11KvGoal Bagh,Unplanned,Closed,2026-05-13T16:48:44Z,2026-05-13T17:26:33Z,37
1842615,Border,CITY AMRITSAR,11Kv Gagar Mal,Unplanned,Closed,2026-05-13T16:48:44Z,2026-05-13T17:27:43Z,38
1842614,Border,CITY AMRITSAR,11Kv Katra Moti Ram,Unplanned,Closed,2026-05-13T16:48:44Z,2026-05-13T17:26:43Z,37
1842628,East,ROPAR,11 KV Gajhpur,Unplanned,Closed,2026-05-13T16:48:00Z,2026-05-13T17:42:00Z,54
1842604,Border,GURDASPUR,Azizpur,Unplanned,Closed,2026-05-13T16:48:00Z,2026-05-13T20:30:00Z,222
1842601,North,JALANDHAR,11kvPadiana,Unplanned,Closed,2026-05-13T16:45:00Z,2026-05-13T17:24:00Z,39
1842600,Central,KHANNA,LALHERI ROAD,Unplanned,Closed,2026-05-13T16:45:00Z,2026-05-13T17:40:00Z,55
1842596,Border,CITY AMRITSAR,66 KV Kacheri Chowk,Unplanned,Closed,2026-05-13T16:44:11Z,2026-05-13T18:02:43Z,78
1842595,Border,CITY AMRITSAR,GREEN AVENUE,Unplanned,Closed,2026-05-13T16:44:11Z,2026-05-13T18:01:03Z,76
1842594,Border,CITY AMRITSAR,KENNEDY AVENUE,Unplanned,Closed,2026-05-13T16:44:11Z,2026-05-13T18:04:30Z,80
1842593,Border,CITY AMRITSAR,MAHINDERA COLONY,Unplanned,Closed,2026-05-13T16:44:11Z,2026-05-13T18:03:10Z,78
1842592,Border,CITY AMRITSAR,COURT ROAD Civil,Unplanned,Closed,2026-05-13T16:44:11Z,2026-05-13T18:01:25Z,77
1842591,Border,CITY AMRITSAR,MODEL TOWN,Unplanned,Closed,2026-05-13T16:44:11Z,2026-05-13T18:13:23Z,89
1842590,Border,CITY AMRITSAR,DMT,Unplanned,Closed,2026-05-13T16:44:11Z,2026-05-13T18:01:56Z,77
1842589,Border,CITY AMRITSAR,DISTRICT COURT,Unplanned,Closed,2026-05-13T16:44:11Z,2026-05-13T18:02:17Z,78
1842588,Border,CITY AMRITSAR,MOHAN HOTEL,Unplanned,Closed,2026-05-13T16:44:11Z,2026-05-13T18:03:34Z,79
1842587,Border,CITY AMRITSAR,MAQBOOL ROAD,Unplanned,Closed,2026-05-13T16:44:11Z,2026-05-13T18:01:47Z,77
1842586,Border,CITY AMRITSAR,RANI KA BAGH,Unplanned,Closed,2026-05-13T16:44:11Z,2026-05-13T18:00:02Z,75
1842585,Border,CITY AMRITSAR,CANTT ROAD,Unplanned,Closed,2026-05-13T16:44:11Z,2026-05-13T18:01:16Z,77
1842597,North,JALANDHAR,KALRA,Unplanned,Closed,2026-05-13T16:44:00Z,2026-05-13T17:24:00Z,40
1842584,Border,CITY AMRITSAR,NAVANKOT,Unplanned,Closed,2026-05-13T16:43:25Z,2026-05-13T18:04:55Z,81
1842583,Border,CITY AMRITSAR,11 KV Haripura Feeder,Unplanned,Closed,2026-05-13T16:43:25Z,2026-05-13T18:04:07Z,80
1842582,Border,CITY AMRITSAR,DHAPAI INDUSTRIAL,Unplanned,Closed,2026-05-13T16:43:25Z,2026-05-13T18:06:22Z,82
1842581,Border,CITY AMRITSAR,KHOO BHALLA,Unplanned,Closed,2026-05-13T16:43:25Z,2026-05-13T18:07:21Z,83
1842580,Border,CITY AMRITSAR,GURUDWARA TAPOWAN,Unplanned,Closed,2026-05-13T16:43:25Z,2026-05-13T18:06:39Z,83
1842579,Border,CITY AMRITSAR,BHANDARI CHOWK,Unplanned,Closed,2026-05-13T16:43:25Z,2026-05-13T18:10:46Z,87
1842578,Border,CITY AMRITSAR,KISHANKOT,Unplanned,Closed,2026-05-13T16:43:25Z,2026-05-13T18:08:32Z,85
1842576,Border,GURDASPUR,Raavi,Unplanned,Closed,2026-05-13T16:42:00Z,2026-05-13T17:54:00Z,72
1842573,Border,CITY AMRITSAR,City Feeder,Unplanned,Closed,2026-05-13T16:40:50Z,2026-05-13T17:34:11Z,53
1842599,North,HOSHIARPUR,SALLAN,Unplanned,Closed,2026-05-13T16:40:00Z,2026-05-13T16:50:00Z,10
1842598,North,HOSHIARPUR,Tanda City,Unplanned,Closed,2026-05-13T16:40:00Z,2026-05-13T16:50:00Z,10
1842577,West,MUKATSAR,Kaljharani,Unplanned,Closed,2026-05-13T16:40:00Z,2026-05-13T17:44:00Z,64
1842575,Border,SUB URBAN AMRITSAR,11KV CHAK DOGRA,Unplanned,Closed,2026-05-13T16:40:00Z,2026-05-13T18:05:00Z,85
1842570,Border,GURDASPUR,MES Madhopur,Unplanned,Closed,2026-05-13T16:38:00Z,2026-05-13T17:54:00Z,76
1842569,Border,GURDASPUR,Irrigation,Unplanned,Closed,2026-05-13T16:38:00Z,2026-05-13T17:54:00Z,76
1842568,Border,GURDASPUR,Pioneer Agro,Unplanned,Closed,2026-05-13T16:38:00Z,2026-05-13T17:14:00Z,36
1842603,Central,SUB URBAN LUDHIANA,CITY 8,Unplanned,Closed,2026-05-13T16:35:00Z,2026-05-13T17:50:00Z,75
1842602,Central,SUB URBAN LUDHIANA,CITY-6,Unplanned,Closed,2026-05-13T16:35:00Z,2026-05-13T17:50:00Z,75
1842574,Border,SUB URBAN AMRITSAR,11KV Jagiwal,Unplanned,Closed,2026-05-13T16:35:00Z,2026-05-13T16:50:00Z,15
1842572,West,MUKATSAR,11 KV SARDARPURA UPS,Unplanned,Closed,2026-05-13T16:35:00Z,2026-05-13T16:50:00Z,15
1842571,West,MUKATSAR,11 KV Bhagsar UPS,Unplanned,Closed,2026-05-13T16:35:00Z,2026-05-13T16:50:00Z,15
1842567,Central,CITY WEST LUDHIANA,GULMOHAR,Planned,Closed,2026-05-13T16:33:41Z,2026-05-13T16:42:04Z,8
1842565,Central,CITY WEST LUDHIANA,MODEL GRAM,Planned,Closed,2026-05-13T16:33:41Z,2026-05-13T16:42:36Z,8
1842566,East,MOHALI,11 KV BATHLANA UPS,Unplanned,Closed,2026-05-13T16:25:10Z,2026-05-13T16:40:00Z,14
1842550,North,NAWANSHAHR,11KV GUJJARPUR,Unplanned,Closed,2026-05-13T16:20:00Z,2026-05-13T16:55:00Z,35
1842548,Border,SUB URBAN AMRITSAR,MAJITHA,Planned,Closed,2026-05-13T16:16:41Z,2026-05-13T16:45:06Z,28
1842551,South,PATIALA,11 KV BANK FEEDER,Unplanned,Closed,2026-05-13T16:15:00Z,2026-05-13T17:20:53Z,65
1842539,East,MOHALI,RATWARA SAHIB,Unplanned,Closed,2026-05-13T16:10:15Z,2026-05-13T17:09:00Z,58
1842544,North,HOSHIARPUR,CHAK KHELA,Unplanned,Closed,2026-05-13T16:10:00Z,2026-05-13T16:55:00Z,45
1842542,East,ROPAR,Dhanaula,Unplanned,Closed,2026-05-13T16:10:00Z,2026-05-13T17:20:00Z,70
1842537,Central,KHANNA,Jim Khana,Planned,Closed,2026-05-13T16:10:00Z,2026-05-13T17:27:00Z,77
1842564,Border,GURDASPUR,SARJACHACK,Unplanned,Closed,2026-05-13T16:05:00Z,2026-05-13T16:50:00Z,45
1842538,East,MOHALI,Badmajra,Unplanned,Closed,2026-05-13T16:04:56Z,2026-05-13T17:04:03Z,59
1842535,Central,CITY EAST LUDHIANA,BHOLAPUR,Unplanned,Closed,2026-05-13T16:00:00Z,2026-05-13T16:30:00Z,30
1842536,North,HOSHIARPUR,URMAR,Unplanned,Closed,2026-05-13T15:55:00Z,2026-05-13T18:56:00Z,181
1842527,Central,CITY WEST LUDHIANA,Ishmeet Acadmy,Unplanned,Closed,2026-05-13T15:53:46Z,2026-05-13T16:51:13Z,57
1842524,West,MUKATSAR,11 KV BALLUANA UPS,Unplanned,Closed,2026-05-13T15:50:13Z,2026-05-13T18:30:00Z,159
1842534,Central,CITY EAST LUDHIANA,SANTOKH NAGAR,Unplanned,Closed,2026-05-13T15:50:00Z,2026-05-13T17:40:00Z,110
1842528,West,BATHINDA,Water Works (from 66KV Maur),Planned,Closed,2026-05-13T15:50:00Z,2026-05-13T16:29:00Z,39
1842525,Central,CITY EAST LUDHIANA,CHANDIGARH ROAD,Unplanned,Closed,2026-05-13T15:50:00Z,2026-05-13T16:20:00Z,30
1842533,North,HOSHIARPUR,Mokal,Unplanned,Closed,2026-05-13T15:45:00Z,2026-05-13T16:20:00Z,35
1842532,North,HOSHIARPUR,GIDARPINDI,Unplanned,Closed,2026-05-13T15:45:00Z,2026-05-13T16:20:00Z,35
1842531,North,HOSHIARPUR,KALYANPUR,Unplanned,Closed,2026-05-13T15:45:00Z,2026-05-13T16:20:00Z,35
1842530,North,HOSHIARPUR,KOLYA,Unplanned,Closed,2026-05-13T15:45:00Z,2026-05-13T16:20:00Z,35
1842529,North,HOSHIARPUR,KANDHALA JATTAN,Unplanned,Closed,2026-05-13T15:45:00Z,2026-05-13T16:20:00Z,35
1842526,Border,GURDASPUR,Panwan,Unplanned,Closed,2026-05-13T15:45:00Z,2026-05-13T16:05:00Z,20
1842518,North,NAWANSHAHR,BIRAMPUR,Unplanned,Closed,2026-05-13T15:42:00Z,2026-05-13T17:25:00Z,103
1842513,Central,CITY EAST LUDHIANA,TAJPUR ROAD,Unplanned,Closed,2026-05-13T15:41:03Z,2026-05-13T16:00:00Z,18
1842520,East,Zirakpur,Jalalpur Kandi Pure AP,Planned,Closed,2026-05-13T15:40:00Z,2026-05-13T16:00:00Z,20
1842523,Border,GURDASPUR,11KV BUTTER UPS,Unplanned,Closed,2026-05-13T15:37:00Z,2026-05-13T16:20:00Z,43
1842522,Border,GURDASPUR,Civil Line,Unplanned,Closed,2026-05-13T15:37:00Z,2026-05-13T16:20:00Z,43
1842505,East,Zirakpur,SINGHPURA,Planned,Closed,2026-05-13T15:36:00Z,2026-05-13T15:54:00Z,18
1842511,Border,GURDASPUR,Thireawal UPS feeder,Planned,Closed,2026-05-13T15:35:00Z,2026-05-13T16:30:00Z,55
1842504,West,MUKATSAR,11KV New Jallalabad Road.,Unplanned,Closed,2026-05-13T15:33:00Z,2026-05-13T16:32:00Z,59
1842499,Border,GURDASPUR,MUGRALA,Unplanned,Closed,2026-05-13T15:33:00Z,2026-05-13T16:03:00Z,30
1842503,Central,CITY WEST LUDHIANA,SATPAL MITTAL,Planned,Closed,2026-05-13T15:32:32Z,2026-05-13T16:24:22Z,51
1842497,North,NAWANSHAHR,Danduwal,Unplanned,Closed,2026-05-13T15:30:59Z,2026-05-13T20:40:00Z,309
1842508,South,PATIALA,ups Ambala Road,Unplanned,Closed,2026-05-13T15:30:00Z,2026-05-13T16:05:00Z,35
1842502,North,KAPURTHALA,Tower Colony,Unplanned,Closed,2026-05-13T15:30:00Z,2026-05-13T16:30:00Z,60
1842501,North,KAPURTHALA,UPS Ajtani,Unplanned,Closed,2026-05-13T15:30:00Z,2026-05-13T16:30:00Z,60
1842500,North,KAPURTHALA,Industrial Area,Unplanned,Closed,2026-05-13T15:30:00Z,2026-05-13T16:30:00Z,60
1842498,West,FARIDKOT,11 SODHI NAGAR URBAN,Unplanned,Closed,2026-05-13T15:30:00Z,2026-05-13T19:00:00Z,210
1842495,Central,KHANNA,DEVI DAWALA feeder,Unplanned,Closed,2026-05-13T15:27:00Z,2026-05-13T16:10:00Z,43
1842496,North,HOSHIARPUR,PURHIRAN URBAN,Unplanned,Closed,2026-05-13T15:25:00Z,2026-05-13T16:15:00Z,50
1842491,West,MUKATSAR,11 KV Bhagsar UPS,Unplanned,Closed,2026-05-13T15:24:36Z,2026-05-13T15:42:07Z,17
1842490,West,MUKATSAR,11 KV SARDARPURA UPS,Unplanned,Closed,2026-05-13T15:24:15Z,2026-05-13T15:42:54Z,18
1842489,Central,CITY WEST LUDHIANA,SITA NAGAR,Unplanned,Closed,2026-05-13T15:22:53Z,2026-05-13T16:48:26Z,85
1842494,West,FARIDKOT,RAM LEELA GROUND,Unplanned,Closed,2026-05-13T15:22:00Z,2026-05-13T17:09:00Z,107
1842488,Border,GURDASPUR,City,Unplanned,Closed,2026-05-13T15:20:00Z,2026-05-13T16:20:00Z,60
1842487,West,MUKATSAR,Dhani Sucha Singh (Old Chakra),Unplanned,Closed,2026-05-13T15:19:37Z,2026-05-13T16:10:57Z,51
1842484,West,FARIDKOT,"Factory Road, Kotkapura",Unplanned,Closed,2026-05-13T15:11:00Z,2026-05-13T19:19:44Z,248
1842483,East,MOHALI,Sec 53,Unplanned,Closed,2026-05-13T15:10:37Z,2026-05-13T15:43:34Z,32
1842479,North,HOSHIARPUR,DALLI shared feeder with s/divn,Unplanned,Closed,2026-05-13T15:06:00Z,2026-05-13T17:00:00Z,114
1842478,East,Zirakpur,LALRU MANDI,Planned,Closed,2026-05-13T15:06:00Z,2026-05-13T15:35:00Z,29
1842482,Central,SUB URBAN LUDHIANA,RACHHIN,Unplanned,Closed,2026-05-13T15:05:00Z,2026-05-13T16:45:00Z,100
1842481,East,Zirakpur,11 KV Aero Home Feeder,Unplanned,Closed,2026-05-13T15:03:00Z,2026-05-13T16:01:00Z,58
1842475,South,BARNALA,FARIDPUR,Planned,Closed,2026-05-13T15:00:00Z,2026-05-13T17:30:00Z,150
1842480,West,BATHINDA,MALKANA ROAD,Planned,Closed,2026-05-13T14:58:00Z,2026-05-13T16:00:00Z,62
1842473,Central,CITY WEST LUDHIANA,ISHER NAGAR FEEDER,Unplanned,Closed,2026-05-13T14:56:22Z,2026-05-13T16:39:16Z,102
1842474,South,SANGRUR,CHANGAL,Unplanned,Closed,2026-05-13T14:55:21Z,2026-05-13T15:45:25Z,50
1842466,South,SANGRUR,Industrial (Benra),Unplanned,Closed,2026-05-13T14:55:07Z,2026-05-13T15:20:39Z,25
1842476,North,HOSHIARPUR,RAMPUR,Unplanned,Closed,2026-05-13T14:54:00Z,2026-05-13T17:15:00Z,141
1842440,North,JALANDHAR,PUNJABI BAGH,Planned,Closed,2026-05-13T14:50:00Z,2026-05-13T15:12:00Z,22
1842299,Border,GURDASPUR,Babbri Nangal,Planned,Closed,2026-05-13T14:49:38Z,2026-05-13T15:05:48Z,16
1842461,East,ROPAR,MORINDA,Unplanned,Closed,2026-05-13T14:46:00Z,2026-05-13T15:23:00Z,37
1842472,West,MUKATSAR,LINK NO. 1,Unplanned,Closed,2026-05-13T14:45:45Z,2026-05-13T16:13:00Z,87
1842455,West,BATHINDA,KOTLI,Unplanned,Closed,2026-05-13T14:45:33Z,2026-05-13T17:12:14Z,146
1842446,Border,GURDASPUR,24Hrs MOUR,Unplanned,Closed,2026-05-13T14:45:00Z,2026-05-13T15:50:00Z,65
1842285,South,PATIALA,HIRA MAHAL,Planned,Closed,2026-05-13T14:44:00Z,2026-05-13T15:01:00Z,17
1842284,South,PATIALA,11 KV RADHA SWAMI ROAD,Planned,Closed,2026-05-13T14:44:00Z,2026-05-13T15:01:00Z,17
1842442,East,MOHALI,11 KV Gura,Unplanned,Closed,2026-05-13T14:41:20Z,2026-05-13T14:49:19Z,7
1842460,South,SANGRUR,11 KV LOHAKHERA URBAN C1,Unplanned,Closed,2026-05-13T14:41:00Z,2026-05-13T15:44:00Z,63
1842439,Central,CITY WEST LUDHIANA,MURAD PURA,Planned,Closed,2026-05-13T14:40:14Z,2026-05-13T15:40:20Z,60
1842338,North,JALANDHAR,GAUSHALLA,Planned,Closed,2026-05-13T14:35:00Z,2026-05-13T14:55:00Z,20
1842348,West,MUKATSAR,11 KV Sappan wali,Unplanned,Closed,2026-05-13T14:33:40Z,2026-05-13T16:01:54Z,88
1842443,Border,CITY AMRITSAR,11kV Islamabad Link,Unplanned,Closed,2026-05-13T14:32:23Z,2026-05-13T15:51:31Z,79
1842438,Border,GURDASPUR,Shahpurkandi,Unplanned,Closed,2026-05-13T14:30:00Z,2026-05-13T14:55:00Z,25
1842387,South,PATIALA,UPS PAWALA,Unplanned,Closed,2026-05-13T14:30:00Z,2026-05-13T14:50:00Z,20
1842448,East,MOHALI,SEC-68,Unplanned,Closed,2026-05-13T14:29:00Z,2026-05-13T16:04:23Z,95
1842447,East,MOHALI,I.T PARK,Unplanned,Closed,2026-05-13T14:29:00Z,2026-05-13T15:39:50Z,70
1842400,Border,GURDASPUR,City,Unplanned,Closed,2026-05-13T14:25:00Z,2026-05-13T15:10:00Z,45
1842363,South,BARNALA,Green Colony,Unplanned,Closed,2026-05-13T14:25:00Z,2026-05-13T16:10:00Z,105
1842327,Border,GURDASPUR,Dhira,Unplanned,Closed,2026-05-13T14:23:00Z,2026-05-13T15:10:00Z,47
1842328,Border,CITY AMRITSAR,DHAPAI INDUSTRIAL,Unplanned,Closed,2026-05-13T14:22:14Z,2026-05-13T15:06:05Z,43
1842326,Central,CITY WEST LUDHIANA,NATIONAL FEEDER,Unplanned,Closed,2026-05-13T14:20:58Z,2026-05-13T15:55:07Z,94
1842300,West,MUKATSAR,11 KV Raipura,Unplanned,Closed,2026-05-13T14:20:15Z,2026-05-13T14:32:26Z,12
1842543,North,JALANDHAR,GILL COLONY,Unplanned,Closed,2026-05-13T14:20:00Z,2026-05-13T16:40:00Z,140
1842324,Central,KHANNA,Rani dhee,Unplanned,Closed,2026-05-13T14:15:45Z,2026-05-13T14:44:45Z,29
1842323,Central,KHANNA,Agoul,Unplanned,Closed,2026-05-13T14:15:45Z,2026-05-13T14:44:45Z,29
1842322,Central,KHANNA,Shamshpur UPS,Unplanned,Closed,2026-05-13T14:15:42Z,2026-05-13T14:37:42Z,22
1842321,Central,KHANNA,KARTAR AGRO,Unplanned,Closed,2026-05-13T14:15:42Z,2026-05-13T14:37:42Z,22
1842320,Central,KHANNA,Akalgarh,Unplanned,Closed,2026-05-13T14:15:42Z,2026-05-13T14:37:42Z,22
1842319,Central,KHANNA,ghunder,Unplanned,Closed,2026-05-13T14:15:42Z,2026-05-13T14:37:42Z,22
1842318,Central,KHANNA,Patiala Road,Unplanned,Closed,2026-05-13T14:15:42Z,2026-05-13T14:36:42Z,21
1842317,Central,KHANNA,CHASWAL UPS,Unplanned,Closed,2026-05-13T14:15:42Z,2026-05-13T14:36:42Z,21
1842316,Central,KHANNA,Bhadson,Unplanned,Closed,2026-05-13T14:15:42Z,2026-05-13T14:43:42Z,28
1842330,West,BATHINDA,Hirewala Urban,Planned,Closed,2026-05-13T14:15:00Z,2026-05-13T15:55:56Z,100
1842294,West,FARIDKOT,MEHNA UPS,Unplanned,Closed,2026-05-13T14:12:21Z,2026-05-13T22:49:24Z,517
1842293,West,FARIDKOT,MOGA ROAD UPS,Unplanned,Closed,2026-05-13T14:12:21Z,2026-05-13T22:49:24Z,517
1842292,West,FARIDKOT,TAKHANWADH,Unplanned,Closed,2026-05-13T14:12:21Z,2026-05-13T22:49:24Z,517
1842315,Central,KHANNA,Gain Casting,Unplanned,Closed,2026-05-13T14:10:50Z,2026-05-13T15:55:50Z,105
1842314,Central,KHANNA,kisco casting,Unplanned,Closed,2026-05-13T14:10:50Z,2026-05-13T15:55:50Z,105
1842313,Central,KHANNA,DH CASTING,Unplanned,Closed,2026-05-13T14:10:50Z,2026-05-13T15:54:50Z,104
1842312,Central,KHANNA,Gopal,Unplanned,Closed,2026-05-13T14:10:50Z,2026-05-13T15:52:50Z,102
1842311,Central,KHANNA,STEEL TECH,Unplanned,Closed,2026-05-13T14:10:50Z,2026-05-13T15:54:50Z,104
1842310,Central,KHANNA,TAXUS STEEL,Unplanned,Closed,2026-05-13T14:10:50Z,2026-05-13T15:53:50Z,103
1842309,Central,KHANNA,GIAN CASTING (Grain Mkt),Unplanned,Closed,2026-05-13T14:10:50Z,2026-05-13T15:54:50Z,104
1842308,Central,KHANNA,Grian Market,Unplanned,Closed,2026-05-13T14:10:50Z,2026-05-13T15:55:50Z,105
1842307,Central,KHANNA,Deepak,Unplanned,Closed,2026-05-13T14:10:50Z,2026-05-13T15:53:50Z,103
1842306,Central,KHANNA,Ashirwad,Unplanned,Closed,2026-05-13T14:10:50Z,2026-05-13T15:51:50Z,101
1842305,Central,KHANNA,JASSAR,Unplanned,Closed,2026-05-13T14:10:50Z,2026-05-13T15:51:50Z,101
1842304,Central,KHANNA,Kotla,Unplanned,Closed,2026-05-13T14:10:50Z,2026-05-13T15:51:50Z,101
1842303,Central,KHANNA,Kamal,Unplanned,Closed,2026-05-13T14:10:50Z,2026-05-13T15:49:50Z,99
1842302,Central,KHANNA,Agni Casting,Unplanned,Closed,2026-05-13T14:10:50Z,2026-05-13T15:52:50Z,102
1842301,Central,KHANNA,Sub Station Load  (khanna Steel),Unplanned,Closed,2026-05-13T14:10:50Z,2026-05-13T15:49:50Z,99
1842477,North,KAPURTHALA,Ladhar Paper Mill,Planned,Closed,2026-05-13T14:10:00Z,2026-05-13T17:50:00Z,220
1842325,North,KAPURTHALA,UPS Dushehra Ground,Unplanned,Closed,2026-05-13T14:10:00Z,2026-05-13T15:40:00Z,90
1842298,East,MOHALI,LOGISTIC,Unplanned,Closed,2026-05-13T14:10:00Z,2026-05-13T14:20:00Z,10
1842297,East,MOHALI,SIGMA,Unplanned,Closed,2026-05-13T14:10:00Z,2026-05-13T14:20:00Z,10
1842296,East,MOHALI,MOHIKALAN UPS,Unplanned,Closed,2026-05-13T14:10:00Z,2026-05-13T14:20:00Z,10
1842276,South,SANGRUR,SATIPURA,Planned,Closed,2026-05-13T14:05:55Z,2026-05-13T19:41:18Z,335
1842275,South,SANGRUR,11 KV Gattan Wali AP,Planned,Closed,2026-05-13T14:05:01Z,2026-05-13T19:41:13Z,336
1842329,North,JALANDHAR,LINK FEEDER,Unplanned,Closed,2026-05-13T14:05:00Z,2026-05-13T14:45:00Z,40
1842290,Border,GURDASPUR,TALWANDI,Unplanned,Closed,2026-05-13T14:05:00Z,2026-05-13T15:20:00Z,75
1842288,Border,GURDASPUR,Jafferwal,Unplanned,Closed,2026-05-13T14:05:00Z,2026-05-13T15:20:00Z,75
1842295,South,SANGRUR,Dhuri Gate,Unplanned,Closed,2026-05-13T14:03:00Z,2026-05-13T14:45:00Z,42
1842291,East,ROPAR,SAIDPUR,Unplanned,Closed,2026-05-13T14:02:00Z,2026-05-13T14:15:00Z,13
1842289,North,KAPURTHALA,URBAN Mandi Road NURMAHAL,Planned,Closed,2026-05-13T14:00:00Z,2026-05-13T14:25:00Z,25
1842250,Central,CITY WEST LUDHIANA,BESTAVISION,Planned,Closed,2026-05-13T14:00:00Z,2026-05-13T17:00:00Z,180
1840694,Central,CITY EAST LUDHIANA,KAKKA,Planned,Closed,2026-05-13T14:00:00Z,2026-05-13T18:00:00Z,240
1840691,Central,CITY EAST LUDHIANA,MEHARBAN,Planned,Closed,2026-05-13T14:00:00Z,2026-05-13T18:00:00Z,240
1842287,North,KAPURTHALA,UPS Malri,Planned,Closed,2026-05-13T13:55:00Z,2026-05-13T14:30:00Z,35
1842283,Border,GURDASPUR,G.T Road,Unplanned,Closed,2026-05-13T13:55:00Z,2026-05-13T14:28:00Z,33
1842282,North,JALANDHAR,11 KV New Ashok Nagar,Unplanned,Closed,2026-05-13T13:52:00Z,2026-05-13T14:05:00Z,13
1842279,Border,GURDASPUR,MES Madhopur,Unplanned,Closed,2026-05-13T13:52:00Z,2026-05-13T15:02:00Z,70
1842280,North,HOSHIARPUR,MHP2,Unplanned,Closed,2026-05-13T13:50:00Z,2026-05-13T14:15:00Z,25
1842269,Central,KHANNA,Prem Nagar,Planned,Closed,2026-05-13T13:50:00Z,2026-05-13T15:48:00Z,118
1842274,North,JALANDHAR,GADDO WALI,Unplanned,Closed,2026-05-13T13:47:40Z,2026-05-13T13:54:02Z,6
1842286,South,SANGRUR,11 KV Khadial Cat-1,Unplanned,Closed,2026-05-13T13:45:00Z,2026-05-13T14:55:00Z,70
1842281,South,PATIALA,Park Avenue,Planned,Closed,2026-05-13T13:45:00Z,2026-05-13T14:33:00Z,48
1842277,North,KAPURTHALA,UPS SUJOKALIA,Unplanned,Closed,2026-05-13T13:45:00Z,2026-05-13T14:10:00Z,25
1842273,Border,CITY AMRITSAR,11 kv shaheed udam singh nagar,Unplanned,Closed,2026-05-13T13:40:00Z,2026-05-13T16:00:49Z,140
1842493,Border,CITY AMRITSAR,11kv kt sher singh Duplicate,Unplanned,Closed,2026-05-13T13:35:00Z,2026-05-13T15:37:49Z,122
1842492,Border,CITY AMRITSAR,11Kv Katra Jaimal singh,Unplanned,Closed,2026-05-13T13:35:00Z,2026-05-13T15:39:21Z,124
1842266,East,Zirakpur,DEHAR UPS,Unplanned,Closed,2026-05-13T13:35:00Z,2026-05-13T14:05:00Z,30
1842267,East,MOHALI,Badmajra,Unplanned,Closed,2026-05-13T13:33:06Z,2026-05-13T14:45:09Z,72
1842265,South,PATIALA,BSNL,Unplanned,Closed,2026-05-13T13:32:00Z,2026-05-13T14:12:00Z,40
1842268,North,KAPURTHALA,UPS Dushehra Ground,Unplanned,Closed,2026-05-13T13:30:00Z,2026-05-13T14:00:00Z,30
1842264,North,NAWANSHAHR,11 KV Buthgarh,Unplanned,Closed,2026-05-13T13:28:00Z,2026-05-13T13:45:00Z,17
1842259,North,HOSHIARPUR,JALBHEY,Unplanned,Closed,2026-05-13T13:25:00Z,2026-05-13T13:55:00Z,30
1842252,North,NAWANSHAHR,BORA,Unplanned,Closed,2026-05-13T13:21:00Z,2026-05-13T13:34:00Z,13
1842244,North,JALANDHAR,ADAMPUR,Planned,Closed,2026-05-13T13:20:00Z,2026-05-13T13:36:00Z,16
1842241,Central,CITY EAST LUDHIANA,CHANDER LOK COLONY,Planned,Closed,2026-05-13T13:15:08Z,2026-05-13T14:15:08Z,60
1842240,Central,CITY EAST LUDHIANA,KRISHNA COLONY,Planned,Closed,2026-05-13T13:15:08Z,2026-05-13T14:15:08Z,60
1842239,Central,CITY EAST LUDHIANA,KALI SARAK,Planned,Closed,2026-05-13T13:15:08Z,2026-05-13T14:15:08Z,60
1842238,Central,CITY EAST LUDHIANA,Anmol,Planned,Closed,2026-05-13T13:15:08Z,2026-05-13T14:15:08Z,60
1842237,Central,CITY EAST LUDHIANA,NANDA COLONY,Planned,Closed,2026-05-13T13:15:08Z,2026-05-13T14:15:08Z,60
1842236,Central,CITY EAST LUDHIANA,DASHMESH PURI,Planned,Closed,2026-05-13T13:15:08Z,2026-05-13T14:15:08Z,60
1842235,Central,CITY EAST LUDHIANA,NEW MADHOPURI,Planned,Closed,2026-05-13T13:15:08Z,2026-05-13T14:15:08Z,60
1842234,Central,CITY EAST LUDHIANA,BAWA COLONY,Planned,Closed,2026-05-13T13:15:08Z,2026-05-13T14:15:08Z,60
1842233,Central,CITY EAST LUDHIANA,NANDPURI,Planned,Closed,2026-05-13T13:15:08Z,2026-05-13T14:15:08Z,60
1842232,Central,CITY EAST LUDHIANA,GEHLEWAL,Planned,Closed,2026-05-13T13:15:08Z,2026-05-13T14:15:08Z,60
1842231,Central,CITY EAST LUDHIANA,BASANT VALLY,Planned,Closed,2026-05-13T13:15:08Z,2026-05-13T14:15:08Z,60
1842230,Central,CITY EAST LUDHIANA,SANYAS NAGAR,Planned,Closed,2026-05-13T13:15:08Z,2026-05-13T14:15:08Z,60
1842229,Central,CITY EAST LUDHIANA,White Rose,Planned,Closed,2026-05-13T13:15:08Z,2026-05-13T14:15:08Z,60
1842228,Central,CITY EAST LUDHIANA,KIRPAL NAGAR,Planned,Closed,2026-05-13T13:15:08Z,2026-05-13T14:15:08Z,60
1842227,Central,CITY EAST LUDHIANA,GURU VIHAR,Planned,Closed,2026-05-13T13:15:08Z,2026-05-13T14:15:08Z,60
1842226,Central,CITY EAST LUDHIANA,SHANKAR ROAD,Planned,Closed,2026-05-13T13:15:08Z,2026-05-13T14:15:08Z,60
1842225,Central,CITY EAST LUDHIANA,DAULAT COLONY,Planned,Closed,2026-05-13T13:15:08Z,2026-05-13T14:15:08Z,60
1842224,Central,CITY EAST LUDHIANA,ASHOKA,Planned,Closed,2026-05-13T13:15:08Z,2026-05-13T14:15:08Z,60
1842223,Central,CITY EAST LUDHIANA,TILAK NAGAR,Planned,Closed,2026-05-13T13:15:08Z,2026-05-13T14:15:08Z,60
1842222,Central,CITY EAST LUDHIANA,BAHADURKEY,Planned,Closed,2026-05-13T13:15:08Z,2026-05-13T14:15:08Z,60
1842221,Central,CITY EAST LUDHIANA,JAIN COLONY,Planned,Closed,2026-05-13T13:15:08Z,2026-05-13T14:15:08Z,60
1842220,Central,CITY EAST LUDHIANA,SARDAR NAGAR,Planned,Closed,2026-05-13T13:15:08Z,2026-05-13T14:15:08Z,60
1842219,Central,CITY EAST LUDHIANA,BEAS HOSIERY,Planned,Closed,2026-05-13T13:15:08Z,2026-05-13T14:15:08Z,60
1842218,Central,CITY EAST LUDHIANA,70 FUTTA ROAD,Planned,Closed,2026-05-13T13:15:08Z,2026-05-13T14:15:08Z,60
1842217,Central,CITY EAST LUDHIANA,NAVKAR,Planned,Closed,2026-05-13T13:15:08Z,2026-05-13T14:15:08Z,60
1842216,Central,CITY EAST LUDHIANA,NEW ATAM NAGAR,Planned,Closed,2026-05-13T13:15:08Z,2026-05-13T14:15:08Z,60
1842215,Central,CITY EAST LUDHIANA,PREET VIHAR,Planned,Closed,2026-05-13T13:15:08Z,2026-05-13T14:15:08Z,60
1842214,Central,CITY EAST LUDHIANA,KESHAV SPINNING MILLs,Planned,Closed,2026-05-13T13:15:08Z,2026-05-13T14:15:08Z,60
1842213,Central,CITY EAST LUDHIANA,LAXMI COLONY,Planned,Closed,2026-05-13T13:15:08Z,2026-05-13T14:15:08Z,60
1842212,Central,CITY EAST LUDHIANA,NEW SUBASH NAGAR,Planned,Closed,2026-05-13T13:15:08Z,2026-05-13T14:15:08Z,60
1842211,Central,CITY EAST LUDHIANA,MAHARANA PARTAP NAGAR,Planned,Closed,2026-05-13T13:15:08Z,2026-05-13T14:15:08Z,60
1842210,Central,CITY EAST LUDHIANA,CHAITLY,Planned,Closed,2026-05-13T13:15:08Z,2026-05-13T14:15:08Z,60
1842209,Central,CITY EAST LUDHIANA,INDRA HOSEIRY,Planned,Closed,2026-05-13T13:15:08Z,2026-05-13T14:15:08Z,60
1842208,Central,CITY EAST LUDHIANA,WESTION,Planned,Closed,2026-05-13T13:15:08Z,2026-05-13T14:15:08Z,60
1842207,Central,CITY EAST LUDHIANA,Jagat Nagar,Planned,Closed,2026-05-13T13:15:08Z,2026-05-13T14:15:08Z,60
1842206,Central,CITY EAST LUDHIANA,SUNDER NAGAR,Planned,Closed,2026-05-13T13:15:08Z,2026-05-13T14:15:08Z,60
1842205,Central,CITY EAST LUDHIANA,MASTER COLONY,Planned,Closed,2026-05-13T13:15:08Z,2026-05-13T14:15:08Z,60
1842204,Central,CITY EAST LUDHIANA,NEW SHIVPURI,Planned,Closed,2026-05-13T13:15:08Z,2026-05-13T14:15:08Z,60
1842203,Central,CITY EAST LUDHIANA,VISHAL COLONY,Planned,Closed,2026-05-13T13:15:08Z,2026-05-13T14:15:08Z,60
1842263,West,FARIDKOT,DANA ROMANA,Unplanned,Closed,2026-05-13T13:15:00Z,2026-05-13T14:07:00Z,52
1842262,West,FARIDKOT,SUKHANWALA,Unplanned,Closed,2026-05-13T13:15:00Z,2026-05-13T14:07:00Z,52
1842261,West,FARIDKOT,Qila Nau,Unplanned,Closed,2026-05-13T13:15:00Z,2026-05-13T14:07:00Z,52
1842278,West,BATHINDA,TALWANDI ROAD,Unplanned,Closed,2026-05-13T13:10:00Z,2026-05-13T14:05:00Z,55
1842251,West,MUKATSAR,11 KV Punjava Model,Unplanned,Closed,2026-05-13T13:08:09Z,2026-05-13T13:53:00Z,44
1842246,North,JALANDHAR,BADALA,Unplanned,Closed,2026-05-13T13:06:00Z,2026-05-13T13:30:00Z,24
1842248,West,FARIDKOT,11 KV GHOLIA KALAN -UPS,Unplanned,Closed,2026-05-13T13:05:00Z,2026-05-13T15:00:00Z,115
1842242,West,FARIDKOT,Dutt Road,Unplanned,Closed,2026-05-13T13:01:34Z,2026-05-13T14:25:28Z,83
1842260,East,MOHALI,SEC-70,Planned,Closed,2026-05-13T13:00:00Z,2026-05-13T16:10:00Z,190
1842258,East,MOHALI,11KV FOREST FEEDER,Planned,Closed,2026-05-13T13:00:00Z,2026-05-13T16:04:00Z,184
1842255,East,MOHALI,PCA,Planned,Closed,2026-05-13T13:00:00Z,2026-05-13T15:58:00Z,178
1842254,East,MOHALI,SEC-69,Planned,Closed,2026-05-13T13:00:00Z,2026-05-13T16:04:00Z,184
1842253,East,MOHALI,SEC 63,Planned,Closed,2026-05-13T13:00:00Z,2026-05-13T15:58:00Z,178
1842245,West,MUKATSAR,Lambi,Unplanned,Closed,2026-05-13T13:00:00Z,2026-05-13T15:10:00Z,130
1840994,Border,GURDASPUR,Thathi,Planned,Closed,2026-05-13T13:00:00Z,2026-05-13T16:30:00Z,210
1840993,Border,GURDASPUR,Sadda,Planned,Closed,2026-05-13T13:00:00Z,2026-05-13T16:30:00Z,210
1840992,Border,GURDASPUR,Ganji,Planned,Closed,2026-05-13T13:00:00Z,2026-05-13T16:30:00Z,210
1840986,Border,GURDASPUR,Banthawal,Planned,Closed,2026-05-13T13:00:00Z,2026-05-13T16:57:00Z,237
1842249,North,JALANDHAR,HARIPUR,Unplanned,Closed,2026-05-13T12:55:00Z,2026-05-13T15:00:00Z,125
1842247,Border,GURDASPUR,Pangoli,Unplanned,Closed,2026-05-13T12:55:00Z,2026-05-13T13:45:00Z,50
1842201,North,HOSHIARPUR,POSSI,Unplanned,Closed,2026-05-13T12:52:00Z,2026-05-13T13:10:00Z,18
1842200,North,HOSHIARPUR,MAZARA DINGRIAN,Unplanned,Closed,2026-05-13T12:52:00Z,2026-05-13T13:10:00Z,18
1842197,North,HOSHIARPUR,GREEN VIEW PARK,Unplanned,Closed,2026-05-13T12:50:00Z,2026-05-13T13:00:00Z,10
1842189,South,SANGRUR,CHANDU,Unplanned,Closed,2026-05-13T12:47:38Z,2026-05-13T13:45:56Z,58
1842192,Central,CITY WEST LUDHIANA,G.T.B.,Unplanned,Closed,2026-05-13T12:47:12Z,2026-05-13T14:16:44Z,89
1842199,South,PATIALA,11 KV BAHADURGARH,Unplanned,Closed,2026-05-13T12:45:00Z,2026-05-13T13:25:30Z,40
1842193,North,HOSHIARPUR,Sarangwal,Unplanned,Closed,2026-05-13T12:45:00Z,2026-05-13T13:00:00Z,15
1842188,North,JALANDHAR,ATTARI BAZZAR,Unplanned,Closed,2026-05-13T12:42:00Z,2026-05-13T13:10:00Z,28
1842196,West,MUKATSAR,11 KV Azimgarh Urban,Unplanned,Closed,2026-05-13T12:41:48Z,2026-05-13T13:12:12Z,30
1842243,West,FARIDKOT,ARIYAWALA,Unplanned,Closed,2026-05-13T12:41:00Z,2026-05-13T13:22:00Z,41
1842195,West,MUKATSAR,11 KV Dhani Bisehesarnath,Unplanned,Closed,2026-05-13T12:40:11Z,2026-05-13T13:12:29Z,32
1842198,Border,GURDASPUR,Dalla UPS,Unplanned,Closed,2026-05-13T12:40:00Z,2026-05-13T14:04:00Z,84
1842190,East,Zirakpur,11 KV Aero Home Feeder,Planned,Closed,2026-05-13T12:40:00Z,2026-05-13T15:01:00Z,141
1842185,North,NAWANSHAHR,BORA,Unplanned,Closed,2026-05-13T12:34:00Z,2026-05-13T12:44:00Z,10
1842179,Border,TARN TARAN,KAROWAL,Planned,Closed,2026-05-13T12:32:00Z,2026-05-13T14:20:00Z,108
1842202,West,FARIDKOT,GURU NANAK COLONY,Unplanned,Closed,2026-05-13T12:30:00Z,2026-05-13T13:26:00Z,56
1842187,Border,SUB URBAN AMRITSAR,Bhaka Hari Singh,Unplanned,Closed,2026-05-13T12:30:00Z,2026-05-13T17:05:00Z,275
1842186,South,PATIALA,GC/ SPINYEX,Unplanned,Closed,2026-05-13T12:30:00Z,2026-05-13T15:10:00Z,160
1842194,East,MOHALI,Sec 53,Unplanned,Closed,2026-05-13T12:28:13Z,2026-05-13T12:50:44Z,22
1842184,South,SANGRUR,Nehri AP,Unplanned,Closed,2026-05-13T12:27:17Z,2026-05-13T14:00:40Z,93
1842183,South,SANGRUR,Colony AP,Unplanned,Closed,2026-05-13T12:27:17Z,2026-05-13T14:00:56Z,93
1842182,South,SANGRUR,Akoi Sahab,Unplanned,Closed,2026-05-13T12:27:05Z,2026-05-13T14:00:55Z,93
1842181,South,SANGRUR,HARERI,Unplanned,Closed,2026-05-13T12:27:05Z,2026-05-13T14:00:36Z,93
1842180,South,PATIALA,11 KV RASULPUR,Unplanned,Closed,2026-05-13T12:25:00Z,2026-05-13T16:15:01Z,230
1842176,North,NAWANSHAHR,CHAUHRA,Unplanned,Closed,2026-05-13T12:25:00Z,2026-05-13T13:53:00Z,88
1842174,Central,CITY WEST LUDHIANA,DANA MANDI,Planned,Closed,2026-05-13T12:23:07Z,2026-05-13T13:55:52Z,92
1842173,Central,CITY WEST LUDHIANA,SATPAL MITTAL,Planned,Closed,2026-05-13T12:22:19Z,2026-05-13T15:31:04Z,188
1842172,North,JALANDHAR,MODEL HOUSE,Unplanned,Closed,2026-05-13T12:19:00Z,2026-05-13T12:41:00Z,22
1842167,South,SANGRUR,KHOKHAR,Unplanned,Closed,2026-05-13T12:12:14Z,2026-05-13T12:32:24Z,20
1842166,North,HOSHIARPUR,11 KV Bassi Wazid,Unplanned,Closed,2026-05-13T12:10:00Z,2026-05-13T12:25:00Z,15
1842171,East,MOHALI,11 KV CHADIALA UPS,Unplanned,Closed,2026-05-13T12:05:00Z,2026-05-13T12:30:51Z,25
1842170,East,MOHALI,11kv Saidpura,Unplanned,Closed,2026-05-13T12:05:00Z,2026-05-13T12:30:44Z,25
1842169,East,MOHALI,11 KV GIDDARPUR AP,Unplanned,Closed,2026-05-13T12:05:00Z,2026-05-13T12:30:05Z,25
1842164,West,MUKATSAR,INDUSTRIAL,Unplanned,Closed,2026-05-13T12:05:00Z,2026-05-13T12:25:00Z,20
1842168,Border,GURDASPUR,Roranwali 24 hrs.,Unplanned,Closed,2026-05-13T12:04:00Z,2026-05-13T12:40:00Z,36
1842163,Border,TARN TARAN,JEOBALA UPS,Planned,Closed,2026-05-13T12:01:00Z,2026-05-13T14:01:00Z,120
1842162,Central,KHANNA,A.R. Pipe,Unplanned,Closed,2026-05-13T12:00:00Z,2026-05-13T12:30:00Z,30
1841971,Central,CITY WEST LUDHIANA,SINGLA,Planned,Closed,2026-05-13T12:00:00Z,2026-05-13T16:00:00Z,240
1842177,North,JALANDHAR,GADDO WALI,Unplanned,Closed,2026-05-13T11:58:46Z,2026-05-13T12:30:57Z,32
1842158,North,NAWANSHAHR,MEHAITPUR OLADANI,Unplanned,Closed,2026-05-13T11:58:00Z,2026-05-13T13:48:00Z,110
1842157,North,NAWANSHAHR,MEHIATPUR,Unplanned,Closed,2026-05-13T11:58:00Z,2026-05-13T13:48:00Z,110
1842165,Central,SUB URBAN LUDHIANA,CITY-6,Unplanned,Closed,2026-05-13T11:55:00Z,2026-05-13T12:45:00Z,50
1842160,East,Zirakpur,PATIALA ROAD,Planned,Closed,2026-05-13T11:55:00Z,2026-05-13T14:10:00Z,135
1842159,East,Zirakpur,PEER BABA ROAD,Planned,Closed,2026-05-13T11:55:00Z,2026-05-13T14:10:00Z,135
1842175,West,BATHINDA,ANSAL MITTAL,Planned,Closed,2026-05-13T11:54:00Z,2026-05-13T12:27:00Z,33
1842148,South,SANGRUR,Industrial,Unplanned,Closed,2026-05-13T11:52:39Z,2026-05-13T13:35:17Z,102
1842151,West,BATHINDA,MEHTA,Planned,Closed,2026-05-13T11:52:00Z,2026-05-13T14:43:35Z,171
1842149,West,BATHINDA,STATION WALA,Planned,Closed,2026-05-13T11:52:00Z,2026-05-13T14:46:00Z,174
1841054,North,HOSHIARPUR,DASUYA1,Planned,Closed,2026-05-13T11:52:00Z,2026-05-13T11:55:00Z,3
1842147,East,MOHALI,Nirankari feeder,Unplanned,Closed,2026-05-13T11:51:29Z,2026-05-13T13:03:30Z,72
1842146,East,MOHALI,NAYA GAON,Unplanned,Closed,2026-05-13T11:51:29Z,2026-05-13T13:03:29Z,72
1842145,East,MOHALI,Kasauli,Unplanned,Closed,2026-05-13T11:51:29Z,2026-05-13T13:00:42Z,69
1842155,North,HOSHIARPUR,SALLAN,Unplanned,Closed,2026-05-13T11:50:00Z,2026-05-13T12:10:00Z,20
1842154,North,HOSHIARPUR,Tanda City,Unplanned,Closed,2026-05-13T11:50:00Z,2026-05-13T12:10:00Z,20
1842153,North,NAWANSHAHR,BHAJJAL,Planned,Closed,2026-05-13T11:50:00Z,2026-05-13T13:05:00Z,75
1842152,West,FARIDKOT,11KV PAKHI,Unplanned,Closed,2026-05-13T11:50:00Z,2026-05-13T13:05:00Z,75
1842150,North,HOSHIARPUR,DALLI shared feeder with s/divn,Unplanned,Closed,2026-05-13T11:50:00Z,2026-05-13T12:33:00Z,43
1842137,Central,CITY WEST LUDHIANA,ISHER NAGAR FEEDER,Unplanned,Closed,2026-05-13T11:46:43Z,2026-05-13T12:18:14Z,31
1842156,Border,SUB URBAN AMRITSAR,Hoshiar Nagar UPS,Unplanned,Closed,2026-05-13T11:45:00Z,2026-05-13T14:25:25Z,160
1842143,North,JALANDHAR,GILL COLONY,Unplanned,Closed,2026-05-13T11:45:00Z,2026-05-13T12:35:00Z,50
1842138,North,HOSHIARPUR,MEHLANWALI,Unplanned,Closed,2026-05-13T11:45:00Z,2026-05-13T12:25:00Z,40
1842161,West,MUKATSAR,GANDHAR UPS,Unplanned,Closed,2026-05-13T11:42:00Z,2026-05-13T12:18:00Z,36
1842142,West,BATHINDA,Polytechnic,Unplanned,Closed,2026-05-13T11:40:00Z,2026-05-13T13:19:00Z,99
1842140,North,NAWANSHAHR,LOHAT,Unplanned,Closed,2026-05-13T11:40:00Z,2026-05-13T12:05:00Z,25
1842139,West,FARIDKOT,DEEP SINGH WALA,Unplanned,Closed,2026-05-13T11:40:00Z,2026-05-13T13:20:00Z,100
1842135,Border,SUB URBAN AMRITSAR,SANDHU COLONY,Unplanned,Closed,2026-05-13T11:35:00Z,2026-05-13T11:55:00Z,20
1842127,Border,GURDASPUR,Raavi,Unplanned,Closed,2026-05-13T11:34:00Z,2026-05-13T13:08:00Z,94
1842126,North,JALANDHAR,CHITTI (R),Unplanned,Closed,2026-05-13T11:32:00Z,2026-05-13T12:00:00Z,28
1842134,South,BARNALA,BEEHLA 24 Hrs.,Unplanned,Closed,2026-05-13T11:30:00Z,2026-05-13T15:00:00Z,210
1842133,North,NAWANSHAHR,11KV MUSAPUR,Unplanned,Closed,2026-05-13T11:30:00Z,2026-05-13T11:55:00Z,25
1842132,North,NAWANSHAHR,11KV KOT PATTI,Unplanned,Closed,2026-05-13T11:30:00Z,2026-05-13T11:55:00Z,25
1842131,North,NAWANSHAHR,11KV GUJJARPUR,Unplanned,Closed,2026-05-13T11:30:00Z,2026-05-13T11:55:00Z,25
1842130,North,NAWANSHAHR,11 KV JABOWAL,Unplanned,Closed,2026-05-13T11:30:00Z,2026-05-13T11:55:00Z,25
1842129,North,NAWANSHAHR,11KV GHATARON,Unplanned,Closed,2026-05-13T11:30:00Z,2026-05-13T11:55:00Z,25
1842128,North,NAWANSHAHR,11KV BHEEN (Urban),Unplanned,Closed,2026-05-13T11:30:00Z,2026-05-13T11:55:00Z,25
1842116,North,KAPURTHALA,UPS HERAN,Planned,Closed,2026-05-13T11:30:00Z,2026-05-13T13:20:00Z,110
1842120,South,SANGRUR,Bhakhra,Unplanned,Closed,2026-05-13T11:28:58Z,2026-05-13T12:32:25Z,63
1842121,South,SANGRUR,11 kV triveni,Unplanned,Closed,2026-05-13T11:28:38Z,2026-05-13T12:36:48Z,68
1842123,South,SANGRUR,Shaheed Bhagat Singh,Unplanned,Closed,2026-05-13T11:28:31Z,2026-05-13T12:39:40Z,71
1842122,South,SANGRUR,Khokhar UPS,Unplanned,Closed,2026-05-13T11:28:03Z,2026-05-13T12:32:12Z,64
1842109,East,MOHALI,Janta colony,Unplanned,Closed,2026-05-13T11:20:04Z,2026-05-13T11:57:32Z,37
1842141,Border,TARN TARAN,Baba Bir Singh,Planned,Closed,2026-05-13T11:20:00Z,2026-05-13T14:10:00Z,170
1842125,Border,TARN TARAN,Goindwal Road Urban.,Unplanned,Closed,2026-05-13T11:20:00Z,2026-05-13T12:01:00Z,41
1842124,Border,TARN TARAN,Jandiala Road Urban.,Unplanned,Closed,2026-05-13T11:20:00Z,2026-05-13T12:01:00Z,41
1842119,South,BARNALA,GURUDWARA HAA DA NARA,Unplanned,Closed,2026-05-13T11:20:00Z,2026-05-13T11:49:00Z,29
1842111,Border,GURDASPUR,Pioneer Agro,Unplanned,Closed,2026-05-13T11:18:00Z,2026-05-13T13:01:00Z,103
1842107,West,BATHINDA,AJIT ROAD,Unplanned,Closed,2026-05-13T11:18:00Z,2026-05-13T12:38:00Z,80
1842118,North,JALANDHAR,NARANGPUR,Unplanned,Closed,2026-05-13T11:15:00Z,2026-05-13T12:45:00Z,90
1842115,North,HOSHIARPUR,GIGNOWAL,Unplanned,Closed,2026-05-13T11:15:00Z,2026-05-13T14:05:00Z,170
1842114,Border,SUB URBAN AMRITSAR,24 Hrs Vehra,Unplanned,Closed,2026-05-13T11:15:00Z,2026-05-13T13:00:00Z,105
1842113,East,MOHALI,CHARBARH UPS,Unplanned,Closed,2026-05-13T11:15:00Z,2026-05-13T11:40:26Z,25
1842112,East,MOHALI,ALAMPUR UPS,Unplanned,Closed,2026-05-13T11:15:00Z,2026-05-13T11:40:26Z,25
1842110,East,MOHALI,MOHIKHURD AP,Unplanned,Closed,2026-05-13T11:15:00Z,2026-05-13T11:40:20Z,25
1842108,Central,KHANNA,LALHERI ROAD,Unplanned,Closed,2026-05-13T11:15:00Z,2026-05-13T12:24:00Z,69
1842096,North,JALANDHAR,DOABA CHOWK,Planned,Closed,2026-05-13T11:15:00Z,2026-05-13T11:43:00Z,28
1842087,North,NAWANSHAHR,IBRAHIMPUR,Planned,Closed,2026-05-13T11:12:00Z,2026-05-13T12:50:00Z,98
1842106,North,HOSHIARPUR,CHANNIYA,Unplanned,Closed,2026-05-13T11:10:00Z,2026-05-13T12:30:00Z,80
1842089,West,MUKATSAR,DALMIR KHERA,Unplanned,Closed,2026-05-13T11:09:19Z,2026-05-13T12:10:27Z,61
1842097,North,JALANDHAR,11 KV Curo Mall,Unplanned,Closed,2026-05-13T11:09:00Z,2026-05-13T14:50:00Z,221
1842095,West,MUKATSAR,Ferozepur Road,Unplanned,Closed,2026-05-13T11:09:00Z,2026-05-13T11:50:00Z,41
1842088,East,MOHALI,Jandpur Water Works,Unplanned,Closed,2026-05-13T11:07:36Z,2026-05-13T11:19:15Z,11
1842086,Central,CITY WEST LUDHIANA,BAROTA ROAD,Unplanned,Closed,2026-05-13T11:07:24Z,2026-05-13T12:18:35Z,71
1842117,Border,TARN TARAN,BOHRU UPS,Planned,Closed,2026-05-13T11:05:00Z,2026-05-13T14:05:00Z,180
1842136,West,FARIDKOT,11 KV RODE CAT-01,Unplanned,Closed,2026-05-13T11:02:00Z,2026-05-13T12:05:00Z,63
1842105,South,PATIALA,11KV Sanauri Adda,Planned,Closed,2026-05-13T11:00:57Z,2026-05-13T11:40:57Z,40
1842104,South,PATIALA,DARSHANI GATE,Planned,Closed,2026-05-13T11:00:57Z,2026-05-13T11:40:57Z,40
1842103,South,PATIALA,Samania Gate,Planned,Closed,2026-05-13T11:00:57Z,2026-05-13T11:40:57Z,40
1842102,South,PATIALA,Shahi Samadhan,Planned,Closed,2026-05-13T11:00:57Z,2026-05-13T11:40:57Z,40
1842101,South,PATIALA,Mai Ji Di Saran,Planned,Closed,2026-05-13T11:00:57Z,2026-05-13T11:40:57Z,40
1842100,South,PATIALA,Substation T/F Sanouri Adda,Planned,Closed,2026-05-13T11:00:57Z,2026-05-13T11:40:57Z,40
1842099,South,PATIALA,Tej Bagh Colony,Planned,Closed,2026-05-13T11:00:57Z,2026-05-13T11:40:57Z,40
1842098,South,PATIALA,Quila Chowk,Planned,Closed,2026-05-13T11:00:57Z,2026-05-13T11:40:57Z,40
1842085,North,JALANDHAR,RING MAIN,Unplanned,Closed,2026-05-13T11:00:00Z,2026-05-13T11:30:00Z,30
1842084,North,JALANDHAR,CHUHARWALI,Unplanned,Closed,2026-05-13T11:00:00Z,2026-05-13T11:40:00Z,40
1842082,West,BATHINDA,Khiwa Khurad UPS,Unplanned,Closed,2026-05-13T11:00:00Z,2026-05-13T13:55:00Z,175
1839000,East,Zirakpur,UPS AGGANPUR,Planned,Closed,2026-05-13T11:00:00Z,2026-05-13T14:04:00Z,184
1838999,East,Zirakpur,11 kv Bijanpur pure ap,Planned,Closed,2026-05-13T11:00:00Z,2026-05-13T14:05:00Z,185
1837710,East,Zirakpur,REGLIYA,Planned,Closed,2026-05-13T11:00:00Z,2026-05-13T12:35:00Z,95
1837709,East,Zirakpur,EKTA VIHAR,Planned,Closed,2026-05-13T11:00:00Z,2026-05-13T12:35:00Z,95
1837708,East,Zirakpur,11 KV Aero Home Feeder,Planned,Closed,2026-05-13T11:00:00Z,2026-05-13T12:35:00Z,95
1837707,East,Zirakpur,SACHKHAND SAHIB,Planned,Closed,2026-05-13T11:00:00Z,2026-05-13T12:35:00Z,95
1837706,East,Zirakpur,DHAKOLI,Planned,Closed,2026-05-13T11:00:00Z,2026-05-13T12:35:00Z,95
1842083,East,MOHALI,11 KV ALIPUR UPS,Unplanned,Closed,2026-05-13T10:55:00Z,2026-05-13T12:35:09Z,100
1842075,North,JALANDHAR,KURALI,Unplanned,Closed,2026-05-13T10:55:00Z,2026-05-13T11:47:00Z,52
1842074,North,NAWANSHAHR,MAHIPUR,Planned,Closed,2026-05-13T10:55:00Z,2026-05-13T12:25:00Z,90
1842066,Border,GURDASPUR,Majra,Planned,Closed,2026-05-13T10:50:30Z,2026-05-13T11:07:41Z,17
1842065,South,SANGRUR,11 KV SAHPUR AP,Planned,Closed,2026-05-13T10:50:30Z,2026-05-13T20:10:14Z,559
1842081,East,ROPAR,11 KV Sugar Mill,Unplanned,Closed,2026-05-13T10:50:00Z,2026-05-13T11:50:00Z,60
1842080,East,ROPAR,11 KV Texsas,Unplanned,Closed,2026-05-13T10:50:00Z,2026-05-13T11:50:00Z,60
1842079,East,ROPAR,11 KV Jagron Metal,Unplanned,Closed,2026-05-13T10:50:00Z,2026-05-13T11:50:00Z,60
1842078,North,HOSHIARPUR,SUSANA,Unplanned,Closed,2026-05-13T10:50:00Z,2026-05-13T12:15:00Z,85
1842067,Border,GURDASPUR,Habit Pindi,Planned,Closed,2026-05-13T10:48:59Z,2026-05-13T11:07:04Z,18
1842070,Border,GURDASPUR,Kiari,Unplanned,Closed,2026-05-13T10:47:00Z,2026-05-13T11:37:00Z,50
1842069,North,KAPURTHALA,Industrial Area,Unplanned,Closed,2026-05-13T10:46:00Z,2026-05-13T12:10:00Z,84
1842073,North,HOSHIARPUR,Darapur,Unplanned,Closed,2026-05-13T10:45:00Z,2026-05-13T10:55:00Z,10
1842071,West,BATHINDA,KHOKHAR UPS,Planned,Closed,2026-05-13T10:44:00Z,2026-05-13T11:41:00Z,57
1842058,South,SANGRUR,Dharampura,Planned,Closed,2026-05-13T10:42:00Z,2026-05-13T11:45:00Z,63
1842072,North,HOSHIARPUR,NARA DADA,Unplanned,Closed,2026-05-13T10:40:38Z,2026-05-13T11:05:00Z,24
1842076,South,PATIALA,Park Avenue,Planned,Closed,2026-05-13T10:40:00Z,2026-05-13T11:31:00Z,51
1842064,North,JALANDHAR,L.I.C,Unplanned,Closed,2026-05-13T10:40:00Z,2026-05-13T10:50:00Z,10
1842077,North,JALANDHAR,11 KV Garden Colony,Unplanned,Closed,2026-05-13T10:38:00Z,2026-05-13T11:18:00Z,40
1842059,West,MUKATSAR,MARKFED,Unplanned,Closed,2026-05-13T10:35:00Z,2026-05-13T11:34:00Z,59
1842052,North,NAWANSHAHR,CHANDPUR RURKI,Planned,Closed,2026-05-13T10:35:00Z,2026-05-13T13:25:00Z,170
1842063,East,ROPAR,Dhanansu Urban,Unplanned,Closed,2026-05-13T10:30:00Z,2026-05-13T11:30:00Z,60
1842062,East,ROPAR,kohara urban,Unplanned,Closed,2026-05-13T10:30:00Z,2026-05-13T11:30:00Z,60
1842061,East,ROPAR,11 KV Ishar Alloys,Unplanned,Closed,2026-05-13T10:30:00Z,2026-05-13T11:30:00Z,60
1842060,East,ROPAR,Sahib alloy,Unplanned,Closed,2026-05-13T10:30:00Z,2026-05-13T11:15:00Z,45
1842055,East,ROPAR,11 KV Sarsa Nangal,Unplanned,Closed,2026-05-13T10:30:00Z,2026-05-13T11:01:00Z,31
1842054,North,HOSHIARPUR,11Kv Mushabpur UPS,Unplanned,Closed,2026-05-13T10:30:00Z,2026-05-13T10:40:00Z,10
1842051,West,BATHINDA,Bus Stand Road,Planned,Closed,2026-05-13T10:30:00Z,2026-05-13T14:51:00Z,261
1842049,North,NAWANSHAHR,MesumPur,Unplanned,Closed,2026-05-13T10:30:00Z,2026-05-13T13:15:00Z,165
1842048,Border,CITY AMRITSAR,SULTANWIND ROAD,Unplanned,Closed,2026-05-13T10:30:00Z,2026-05-13T10:57:00Z,27
1842047,North,NAWANSHAHR,Langria UPS,Unplanned,Closed,2026-05-13T10:30:00Z,2026-05-13T13:15:00Z,165
1842043,North,NAWANSHAHR,SAHIBA,Planned,Closed,2026-05-13T10:30:00Z,2026-05-13T12:50:00Z,140
1841026,Central,SUB URBAN LUDHIANA,SAHARAN MAJRA UPS,Planned,Closed,2026-05-13T10:30:00Z,2026-05-13T10:32:00Z,2
1842056,South,PATIALA,SYL (F.P),Unplanned,Closed,2026-05-13T10:25:00Z,2026-05-13T10:55:00Z,30
1842053,West,FARIDKOT,11 KV BAGHAPURANA URBAN CAT-01,Unplanned,Closed,2026-05-13T10:25:00Z,2026-05-13T10:45:00Z,20
1842046,East,MOHALI,Sec 55,Unplanned,Closed,2026-05-13T10:24:49Z,2026-05-13T11:04:09Z,39
1842045,East,MOHALI,11 KV Indus,Unplanned,Closed,2026-05-13T10:24:49Z,2026-05-13T11:05:51Z,41
1842050,East,ROPAR,Thana,Unplanned,Closed,2026-05-13T10:23:00Z,2026-05-13T11:08:00Z,45
1842044,South,SANGRUR,Punnawal  UPS,Unplanned,Closed,2026-05-13T10:20:00Z,2026-05-13T11:15:00Z,55
1842037,North,JALANDHAR,MALKO,Unplanned,Closed,2026-05-13T10:20:00Z,2026-05-13T11:06:00Z,46
1842036,North,JALANDHAR,GADDO WALI,Unplanned,Closed,2026-05-13T10:20:00Z,2026-05-13T11:09:00Z,49
1842035,North,NAWANSHAHR,BHAWANIPUR,Planned,Closed,2026-05-13T10:20:00Z,2026-05-13T13:25:00Z,185
1842033,South,SANGRUR,Dharampura,Planned,Closed,2026-05-13T10:20:00Z,2026-05-13T10:30:00Z,10
1842024,North,HOSHIARPUR,KAMHI DEVI,Planned,Closed,2026-05-13T10:20:00Z,2026-05-13T12:40:00Z,140
1842041,East,Zirakpur,GBM,Unplanned,Closed,2026-05-13T10:19:00Z,2026-05-13T11:05:00Z,46
1842032,Central,CITY WEST LUDHIANA,Vishal Tower,Unplanned,Closed,2026-05-13T10:15:55Z,2026-05-13T13:01:08Z,165
1842034,West,BATHINDA,SIRKI BAZAAR,Planned,Closed,2026-05-13T10:15:02Z,2026-05-13T10:24:03Z,9
1842042,North,JALANDHAR,KUKARPIND,Unplanned,Closed,2026-05-13T10:15:00Z,2026-05-13T12:01:00Z,106
1842039,South,BARNALA,TAPA-1,Unplanned,Closed,2026-05-13T10:15:00Z,2026-05-13T10:40:00Z,25
1842038,North,JALANDHAR,GURU AMAR DASS NAGAR,Unplanned,Closed,2026-05-13T10:12:00Z,2026-05-13T10:44:00Z,32
1842031,North,HOSHIARPUR,KANDHALA JATTAN,Unplanned,Closed,2026-05-13T10:10:00Z,2026-05-13T10:30:00Z,20
1842029,Border,GURDASPUR,Nawan Pind,Unplanned,Closed,2026-05-13T10:10:00Z,2026-05-13T10:58:00Z,48
1842028,Border,GURDASPUR,MUGRALA,Unplanned,Closed,2026-05-13T10:10:00Z,2026-05-13T10:58:00Z,48
1842057,South,SANGRUR,Industrial (Dhuri),Unplanned,Closed,2026-05-13T10:09:00Z,2026-05-13T11:17:00Z,68
1842040,North,NAWANSHAHR,BAKAPUR,Unplanned,Closed,2026-05-13T10:09:00Z,2026-05-13T13:05:00Z,176
1842022,North,NAWANSHAHR,Muthada urban,Planned,Closed,2026-05-13T10:08:00Z,2026-05-13T14:29:00Z,261
1842021,North,NAWANSHAHR,MUTHADA UPS,Planned,Closed,2026-05-13T10:08:00Z,2026-05-13T14:29:00Z,261
1842030,West,FEROZPUR,URBAN MEHAMA,Unplanned,Closed,2026-05-13T10:05:00Z,2026-05-13T18:15:00Z,490
1842026,Border,TARN TARAN,24 Hour Supp Panjwar,Unplanned,Closed,2026-05-13T10:05:00Z,2026-05-13T11:05:00Z,60
1842023,North,NAWANSHAHR,Jajja Kalan,Planned,Closed,2026-05-13T10:05:00Z,2026-05-13T14:30:00Z,265
1841987,Border,SUB URBAN AMRITSAR,BABOWAL UPS,Planned,Closed,2026-05-13T10:00:29Z,2026-05-13T15:01:29Z,301
1841986,Border,SUB URBAN AMRITSAR,24 HORS DHADDY,Planned,Closed,2026-05-13T10:00:29Z,2026-05-13T15:01:29Z,301
1841985,Border,SUB URBAN AMRITSAR,BHULLER,Planned,Closed,2026-05-13T10:00:29Z,2026-05-13T15:01:29Z,301
1839446,North,KAPURTHALA,11 KV Abrol Engineering Works,Planned,Closed,2026-05-13T10:00:01Z,2026-05-13T12:55:01Z,175
1839445,North,KAPURTHALA,Razapur UPS,Planned,Closed,2026-05-13T10:00:01Z,2026-05-13T12:55:01Z,175
1839444,North,KAPURTHALA,UPS KASSO CHAHAL,Planned,Closed,2026-05-13T10:00:01Z,2026-05-13T12:55:01Z,175
1839443,North,KAPURTHALA,INDUSTRY AREA,Planned,Closed,2026-05-13T10:00:01Z,2026-05-13T12:55:01Z,175
1842027,North,HOSHIARPUR,NAWA GHAR,Unplanned,Closed,2026-05-13T10:00:00Z,2026-05-13T10:20:00Z,20
1842020,North,KAPURTHALA,UPS BIJA,Planned,Closed,2026-05-13T10:00:00Z,2026-05-13T13:45:00Z,225
1842018,South,SANGRUR,11kv Bank road,Planned,Closed,2026-05-13T10:00:00Z,2026-05-13T10:30:00Z,30
1842015,North,KAPURTHALA,URBAN DHILWAN,Planned,Closed,2026-05-13T10:00:00Z,2026-05-13T13:00:00Z,180
1842011,North,KAPURTHALA,UPS MITHRA,Planned,Closed,2026-05-13T10:00:00Z,2026-05-13T13:20:00Z,200
1841993,North,NAWANSHAHR,Sandhwan,Planned,Closed,2026-05-13T10:00:00Z,2026-05-13T13:51:00Z,231
1841992,North,NAWANSHAHR,Mahil Gehlan,Planned,Closed,2026-05-13T10:00:00Z,2026-05-13T13:15:00Z,195
1841988,North,KAPURTHALA,URBAN Hamira,Planned,Closed,2026-05-13T10:00:00Z,2026-05-13T12:55:00Z,175
1841923,North,JALANDHAR,PRUTHI,Planned,Closed,2026-05-13T10:00:00Z,2026-05-13T13:56:00Z,236
1841199,North,JALANDHAR,BALLAN,Planned,Closed,2026-05-13T10:00:00Z,2026-05-13T12:35:00Z,155
1841093,Central,KHANNA,JASSAR,Planned,Closed,2026-05-13T10:00:00Z,2026-05-13T12:00:00Z,120
1841067,North,KAPURTHALA,UPS Kaimwala,Planned,Closed,2026-05-13T10:00:00Z,2026-05-13T13:55:00Z,235
1840878,North,NAWANSHAHR,City,Planned,Closed,2026-05-13T10:00:00Z,2026-05-13T13:31:00Z,211
1840562,Central,KHANNA,KUHLI,Planned,Closed,2026-05-13T10:00:00Z,2026-05-13T14:00:00Z,240
1840560,Central,KHANNA,Ramsar,Planned,Closed,2026-05-13T10:00:00Z,2026-05-13T14:00:00Z,240
1840559,Central,KHANNA,Jandali,Planned,Closed,2026-05-13T10:00:00Z,2026-05-13T14:00:00Z,240
1840558,Central,KHANNA,BHADEWAL,Planned,Closed,2026-05-13T10:00:00Z,2026-05-13T14:00:00Z,240
1840545,Central,KHANNA,DHAMOT UPS,Planned,Closed,2026-05-13T10:00:00Z,2026-05-13T14:00:00Z,240
1839405,Central,KHANNA,Samrala Road,Planned,Closed,2026-05-13T10:00:00Z,2026-05-13T15:00:00Z,300
1842025,East,ROPAR,Asmanpur,Unplanned,Closed,2026-05-13T09:59:00Z,2026-05-13T10:15:00Z,16
1842017,West,FARIDKOT,AMRITSAR ROAD URBAN,Unplanned,Closed,2026-05-13T09:56:00Z,2026-05-13T12:13:32Z,137
1842016,North,JALANDHAR,Chandpur,Unplanned,Closed,2026-05-13T09:55:00Z,2026-05-13T10:15:00Z,20
1841955,North,HOSHIARPUR,NANGAL BIHALAN,Planned,Closed,2026-05-13T09:55:00Z,2026-05-13T12:35:00Z,160
1842019,East,ROPAR,11 KV Sarsa Nangal,Unplanned,Closed,2026-05-13T09:51:00Z,2026-05-13T10:19:00Z,28
1842014,East,MOHALI,11KV BARI AP,Unplanned,Closed,2026-05-13T09:50:47Z,2026-05-13T11:40:00Z,109
1842013,South,BARNALA,MADEVI,Unplanned,Closed,2026-05-13T09:50:00Z,2026-05-13T11:00:00Z,70
1842012,West,BATHINDA,STATION WALA,Unplanned,Closed,2026-05-13T09:50:00Z,2026-05-13T09:56:45Z,6
1842002,West,MUKATSAR,11 KV Sappan wali,Unplanned,Closed,2026-05-13T09:45:31Z,2026-05-13T10:27:46Z,42
1841995,Border,GURDASPUR,Babbri Nangal,Planned,Closed,2026-05-13T09:42:59Z,2026-05-13T10:19:27Z,36
1842003,North,HOSHIARPUR,SHERPUR,Unplanned,Closed,2026-05-13T09:40:00Z,2026-05-13T13:40:00Z,240
1841956,Border,CITY AMRITSAR,LAXMAN SAR,Planned,Closed,2026-05-13T09:40:00Z,2026-05-13T12:50:00Z,190
1841946,Border,CITY AMRITSAR,11Kv NEW GOLDEN AVENUE,Planned,Closed,2026-05-13T09:40:00Z,2026-05-13T14:11:00Z,271
1841945,Border,CITY AMRITSAR,Gobind Nagar,Planned,Closed,2026-05-13T09:40:00Z,2026-05-13T14:11:00Z,271
1841944,Border,CITY AMRITSAR,Head Water Works Road,Planned,Closed,2026-05-13T09:40:00Z,2026-05-13T14:11:00Z,271
1841943,Border,CITY AMRITSAR,HUSSAINPURA,Planned,Closed,2026-05-13T09:40:00Z,2026-05-13T14:11:00Z,271
1841198,North,JALANDHAR,CHAK HUSSIANA,Planned,Closed,2026-05-13T09:40:00Z,2026-05-13T10:30:00Z,50
1841197,North,JALANDHAR,Hoshiarpur Road,Planned,Closed,2026-05-13T09:40:00Z,2026-05-13T10:30:00Z,50
1841196,North,JALANDHAR,SANTOKHPURA,Planned,Closed,2026-05-13T09:40:00Z,2026-05-13T10:30:00Z,50
1842000,North,NAWANSHAHR,KANGNA,Unplanned,Closed,2026-05-13T09:35:00Z,2026-05-13T10:10:00Z,35
1841999,North,NAWANSHAHR,CHANDIANI,Unplanned,Closed,2026-05-13T09:35:00Z,2026-05-13T10:05:00Z,30
1841998,Central,SUB URBAN LUDHIANA,Urban Ahmedgarh (City-3),Unplanned,Closed,2026-05-13T09:30:00Z,2026-05-13T11:10:00Z,100
1841996,Central,SUB URBAN LUDHIANA,Urban Main Bazar (City-4),Unplanned,Closed,2026-05-13T09:30:00Z,2026-05-13T11:12:00Z,102
1841991,Border,GURDASPUR,GAJIKOT,Unplanned,Closed,2026-05-13T09:30:00Z,2026-05-13T10:30:00Z,60
1841984,West,BATHINDA,11KV THAKUR COLONY,Unplanned,Closed,2026-05-13T09:30:00Z,2026-05-13T09:46:00Z,16
1841025,South,BARNALA,BARNALA ROAD CITY,Planned,Closed,2026-05-13T09:30:00Z,2026-05-13T13:10:00Z,220
1841983,North,JALANDHAR,11kvPadiana,Unplanned,Closed,2026-05-13T09:28:59Z,2026-05-13T11:38:18Z,129
1841994,South,BARNALA,NAIWALA UPS,Unplanned,Closed,2026-05-13T09:28:00Z,2026-05-13T11:05:00Z,97
1841982,Border,GURDASPUR,KOT BHALLA,Unplanned,Closed,2026-05-13T09:26:00Z,2026-05-13T10:00:00Z,34
1841997,North,NAWANSHAHR,SADHOWAL,Unplanned,Closed,2026-05-13T09:25:00Z,2026-05-13T10:15:00Z,50
1841981,Border,GURDASPUR,Islampur No. 1,Unplanned,Closed,2026-05-13T09:22:00Z,2026-05-13T10:44:00Z,82
1841978,Border,GURDASPUR,TALIBPUR,Unplanned,Closed,2026-05-13T09:22:00Z,2026-05-13T10:16:00Z,54
1841975,North,HOSHIARPUR,BHAMBOTAR,Planned,Closed,2026-05-13T09:20:00Z,2026-05-13T12:30:00Z,190
1841980,South,SANGRUR,11 KV SITASAR URBAN,Unplanned,Closed,2026-05-13T09:19:00Z,2026-05-13T10:10:00Z,51
1841979,North,NAWANSHAHR,PARAGPUR,Unplanned,Closed,2026-05-13T09:15:00Z,2026-05-13T09:55:00Z,40
1841969,North,HOSHIARPUR,RAILWAY ROAD MUKERIAN,Planned,Closed,2026-05-13T09:15:00Z,2026-05-13T12:20:00Z,185
1841967,West,FEROZPUR,Gobar Mandi,Planned,Closed,2026-05-13T09:12:00Z,2026-05-13T09:55:00Z,43
1841966,West,FEROZPUR,City Enclave,Planned,Closed,2026-05-13T09:12:00Z,2026-05-13T09:57:00Z,45
1841989,South,SANGRUR,Sherpur Road,Unplanned,Closed,2026-05-13T09:11:00Z,2026-05-13T11:06:00Z,115
1841974,East,Zirakpur,11 KV AMBALA ROAD,Planned,Closed,2026-05-13T09:08:00Z,2026-05-13T09:45:00Z,37
1841968,Border,TARN TARAN,RAYYA URBAN,Planned,Active,2026-05-13T09:05:37Z,2026-05-13T12:55:01Z,229
1840550,North,HOSHIARPUR,SUNNI,Planned,Closed,2026-05-13T09:05:35Z,2026-05-13T12:25:35Z,200
1840549,North,HOSHIARPUR,KHAROUDI,Planned,Closed,2026-05-13T09:05:35Z,2026-05-13T12:25:35Z,200
1841973,North,JALANDHAR,HARIPUR,Unplanned,Closed,2026-05-13T09:05:00Z,2026-05-13T11:25:00Z,140
1841970,West,MUKATSAR,Shakti Nagar,Unplanned,Closed,2026-05-13T09:05:00Z,2026-05-13T10:10:00Z,65
1840851,North,HOSHIARPUR,Kalupur,Planned,Closed,2026-05-13T09:05:00Z,2026-05-13T12:25:00Z,200
1840850,North,HOSHIARPUR,Rajpur,Planned,Closed,2026-05-13T09:05:00Z,2026-05-13T12:25:00Z,200
1840849,North,HOSHIARPUR,Nagdipur,Planned,Closed,2026-05-13T09:05:00Z,2026-05-13T12:25:00Z,200
1840848,North,HOSHIARPUR,Easpur,Planned,Closed,2026-05-13T09:05:00Z,2026-05-13T12:25:00Z,200
1840847,North,HOSHIARPUR,Dhada,Planned,Closed,2026-05-13T09:05:00Z,2026-05-13T12:25:00Z,200
1840845,North,HOSHIARPUR,Cheta,Planned,Closed,2026-05-13T09:05:00Z,2026-05-13T12:25:00Z,200
1840844,North,HOSHIARPUR,Katarian,Planned,Closed,2026-05-13T09:05:00Z,2026-05-13T12:25:00Z,200
1840843,North,HOSHIARPUR,Binjon,Planned,Closed,2026-05-13T09:05:00Z,2026-05-13T12:25:00Z,200
1840842,North,HOSHIARPUR,NURPUR,Planned,Closed,2026-05-13T09:05:00Z,2026-05-13T12:25:00Z,200
1840841,North,HOSHIARPUR,RAMPUR,Planned,Closed,2026-05-13T09:05:00Z,2026-05-13T12:25:00Z,200
1841976,East,MOHALI,MOHIKHURD AP,Unplanned,Closed,2026-05-13T09:01:00Z,2026-05-13T10:45:19Z,104
1840514,Central,CITY WEST LUDHIANA,CEMETRY ROAD,Planned,Closed,2026-05-13T09:00:43Z,2026-05-13T12:00:43Z,180
1840513,Central,CITY WEST LUDHIANA,UPKAR NAGAR,Planned,Closed,2026-05-13T09:00:43Z,2026-05-13T12:00:43Z,180
1840548,North,HOSHIARPUR,Khushalpur,Planned,Closed,2026-05-13T09:00:35Z,2026-05-13T12:25:35Z,205
1840547,North,HOSHIARPUR,Kot Fatuhi,Planned,Closed,2026-05-13T09:00:35Z,2026-05-13T12:25:35Z,205
1839453,North,KAPURTHALA,UPS KOHALA,Planned,Closed,2026-05-13T09:00:16Z,2026-05-13T12:40:16Z,220
1841420,South,SANGRUR,11 KV Jawanda UPS,Planned,Closed,2026-05-13T09:00:06Z,2026-05-13T14:23:06Z,323
1841419,South,SANGRUR,11 KV CHATHA NANHERA URBAN,Planned,Closed,2026-05-13T09:00:06Z,2026-05-13T14:23:06Z,323
1840389,South,SANGRUR,Ladbanjara Road,Planned,Closed,2026-05-13T09:00:03Z,2026-05-13T12:50:03Z,230
1840388,South,SANGRUR,UPS NIHALGARH,Planned,Closed,2026-05-13T09:00:03Z,2026-05-13T12:50:03Z,230
1840387,South,SANGRUR,S/S duggal,Planned,Closed,2026-05-13T09:00:03Z,2026-05-13T12:50:03Z,230
1840386,South,SANGRUR,DUGGAL CITY,Planned,Closed,2026-05-13T09:00:03Z,2026-05-13T13:25:03Z,265
1840385,South,SANGRUR,UPS CHUNAGRA,Planned,Closed,2026-05-13T09:00:03Z,2026-05-13T12:45:03Z,225
1841965,Border,SUB URBAN AMRITSAR,Sangrana Sahib,Unplanned,Closed,2026-05-13T09:00:00Z,2026-05-13T09:14:00Z,14
1841961,Border,CITY AMRITSAR,s.g.r.dental research,Planned,Closed,2026-05-13T09:00:00Z,2026-05-13T14:29:04Z,329
1841941,Border,CITY AMRITSAR,11Kv Kesri Bagh,Planned,Closed,2026-05-13T09:00:00Z,2026-05-13T12:55:00Z,235
1841940,Border,CITY AMRITSAR,11Kv Navdeep Theatre,Planned,Closed,2026-05-13T09:00:00Z,2026-05-13T12:55:00Z,235
1841935,Border,CITY AMRITSAR,11 KV Akara Kallu,Planned,Closed,2026-05-13T09:00:00Z,2026-05-13T09:50:00Z,50
1841065,North,HOSHIARPUR,MAND PHANDER,Planned,Closed,2026-05-13T09:00:00Z,2026-05-13T11:55:00Z,175
1841064,North,HOSHIARPUR,Passi,Planned,Closed,2026-05-13T09:00:00Z,2026-05-13T11:55:00Z,175
1841063,North,HOSHIARPUR,UNCHIBASSI,Planned,Closed,2026-05-13T09:00:00Z,2026-05-13T11:55:00Z,175
1841062,North,HOSHIARPUR,BETT,Planned,Closed,2026-05-13T09:00:00Z,2026-05-13T11:55:00Z,175
1841061,North,HOSHIARPUR,11 KV KAINTHA,Planned,Closed,2026-05-13T09:00:00Z,2026-05-13T11:55:00Z,175
1841060,North,HOSHIARPUR,11 KV ARMY GROUND,Planned,Closed,2026-05-13T09:00:00Z,2026-05-13T11:55:00Z,175
1841059,North,HOSHIARPUR,11KV MILK PLANT,Planned,Closed,2026-05-13T09:00:00Z,2026-05-13T11:55:00Z,175
1841058,North,HOSHIARPUR,11KV SWITHCHING SUB STN.DASUYA,Planned,Closed,2026-05-13T09:00:00Z,2026-05-13T11:55:00Z,175
1841057,North,HOSHIARPUR,COURT COMPLEX,Planned,Closed,2026-05-13T09:00:00Z,2026-05-13T11:55:00Z,175
1841056,North,HOSHIARPUR,HOSPITAL,Planned,Closed,2026-05-13T09:00:00Z,2026-05-13T11:55:00Z,175
1841052,North,HOSHIARPUR,MES,Planned,Closed,2026-05-13T09:00:00Z,2026-05-13T11:55:00Z,175
1840990,Border,GURDASPUR,Tahli Sahib,Planned,Closed,2026-05-13T09:00:00Z,2026-05-13T13:00:00Z,240
1840989,Border,GURDASPUR,Miani,Planned,Closed,2026-05-13T09:00:00Z,2026-05-13T12:44:00Z,224
1840988,Border,GURDASPUR,BOP,Planned,Closed,2026-05-13T09:00:00Z,2026-05-13T13:00:00Z,240
1840985,Border,GURDASPUR,Doragla,Planned,Closed,2026-05-13T09:00:00Z,2026-05-13T13:00:00Z,240
1840984,Border,GURDASPUR,Mukandpur,Planned,Closed,2026-05-13T09:00:00Z,2026-05-13T13:00:00Z,240
1840983,Border,GURDASPUR,Tajpur,Planned,Closed,2026-05-13T09:00:00Z,2026-05-13T13:00:00Z,240
1840982,Border,GURDASPUR,Bharth,Planned,Closed,2026-05-13T09:00:00Z,2026-05-13T13:00:00Z,240
1840973,East,Zirakpur,11KV Dream Home,Planned,Closed,2026-05-13T09:00:00Z,2026-05-13T12:35:00Z,215
1837692,East,Zirakpur,11KV  SUSHMA,Planned,Closed,2026-05-13T09:00:00Z,2026-05-13T12:35:00Z,215
1837691,East,Zirakpur,HARMILAP NAGAR,Planned,Closed,2026-05-13T09:00:00Z,2026-05-13T12:35:00Z,215
1837672,South,BARNALA,GEETA THREADS,Planned,Closed,2026-05-13T09:00:00Z,2026-05-13T13:25:00Z,265
1837671,South,BARNALA,BMC,Planned,Closed,2026-05-13T09:00:00Z,2026-05-13T13:25:00Z,265
1837670,South,BARNALA,HG Eaton Plaza,Planned,Closed,2026-05-13T09:00:00Z,2026-05-13T13:25:00Z,265
1841960,North,JALANDHAR,SANJAY GANDHI NAGAR,Planned,Closed,2026-05-13T08:55:00Z,2026-05-13T10:10:00Z,75
1841958,North,JALANDHAR,GURU AMAR DASS NAGAR,Planned,Closed,2026-05-13T08:55:00Z,2026-05-13T10:10:00Z,75
1841964,East,ROPAR,11KV Belian UPS FEEDER,Unplanned,Closed,2026-05-13T08:51:00Z,2026-05-13T09:32:00Z,41
1841963,East,ROPAR,11 KV Bharatgarh,Unplanned,Closed,2026-05-13T08:51:00Z,2026-05-13T09:00:00Z,9
1841957,East,ROPAR,BHAINI,Unplanned,Closed,2026-05-13T08:46:00Z,2026-05-13T09:28:00Z,42
1841962,North,JALANDHAR,JAGRAL,Unplanned,Closed,2026-05-13T08:45:00Z,2026-05-13T10:17:00Z,92
1841959,Central,CITY WEST LUDHIANA,STAR ROAD FEEDER,Unplanned,Closed,2026-05-13T08:40:40Z,2026-05-13T09:10:51Z,30
1841953,North,JALANDHAR,DINGRIAN BADALA,Unplanned,Closed,2026-05-13T08:40:00Z,2026-05-13T09:50:00Z,70
1841942,West,MUKATSAR,11 KV KIKKER KHERA,Unplanned,Closed,2026-05-13T08:39:03Z,2026-05-13T09:16:13Z,37
1841954,East,ROPAR,kohara urban,Planned,Closed,2026-05-13T08:35:00Z,2026-05-13T09:10:00Z,35
1841952,West,FARIDKOT,Qila Nau,Planned,Closed,2026-05-13T08:35:00Z,2026-05-13T13:14:00Z,279
1842010,West,MUKATSAR,11 KV SARDARPURA UPS,Unplanned,Closed,2026-05-13T08:30:38Z,2026-05-13T11:58:00Z,207
1842009,West,MUKATSAR,11 KV Bhagsar UPS,Unplanned,Closed,2026-05-13T08:30:38Z,2026-05-13T11:58:00Z,207
1842008,West,MUKATSAR,11 KV SITO,Unplanned,Closed,2026-05-13T08:30:38Z,2026-05-13T11:58:00Z,207
1842007,West,MUKATSAR,11 KV BAHAV WALA,Unplanned,Closed,2026-05-13T08:30:38Z,2026-05-13T11:58:00Z,207
1842006,West,MUKATSAR,11 KV RAJPURA,Unplanned,Closed,2026-05-13T08:30:38Z,2026-05-13T11:58:00Z,207
1842005,West,MUKATSAR,11 KV BHAGU,Unplanned,Closed,2026-05-13T08:30:38Z,2026-05-13T11:58:00Z,207
1842004,West,MUKATSAR,11 KV KHATWAN,Unplanned,Closed,2026-05-13T08:30:38Z,2026-05-13T11:58:00Z,207
1842001,West,MUKATSAR,11 KV KANDHWALA UPS,Unplanned,Closed,2026-05-13T08:30:38Z,2026-05-13T11:58:00Z,207
1841972,North,JALANDHAR,BADALA,Unplanned,Closed,2026-05-13T08:30:00Z,2026-05-13T11:45:00Z,195
1841939,South,PATIALA,FAGGANMAJRA UPS,Unplanned,Closed,2026-05-13T08:30:00Z,2026-05-13T09:35:11Z,65
1841936,South,PATIALA,11 KV Kherki,Unplanned,Closed,2026-05-13T08:30:00Z,2026-05-13T11:40:09Z,190
1841933,North,HOSHIARPUR,NARA DADA,Unplanned,Closed,2026-05-13T08:28:00Z,2026-05-13T08:46:00Z,18
1841932,East,Zirakpur,SUKHNA,Unplanned,Closed,2026-05-13T08:27:00Z,2026-05-13T10:05:00Z,98
1841947,South,PATIALA,NARAINGARH,Unplanned,Closed,2026-05-13T08:25:00Z,2026-05-13T10:45:13Z,140
1841934,North,NAWANSHAHR,MAHIPUR,Unplanned,Closed,2026-05-13T08:25:00Z,2026-05-13T09:10:00Z,45
1841925,Central,CITY WEST LUDHIANA,City Enclave,Unplanned,Closed,2026-05-13T08:21:50Z,2026-05-13T09:47:22Z,85
1841977,West,MUKATSAR,TOWN,Unplanned,Closed,2026-05-13T08:17:00Z,2026-05-13T09:35:00Z,78
1841928,Border,SUB URBAN AMRITSAR,City-II,Planned,Closed,2026-05-13T08:10:00Z,2026-05-13T09:40:00Z,90
1841927,Border,SUB URBAN AMRITSAR,city-1,Planned,Closed,2026-05-13T08:10:00Z,2026-05-13T09:40:00Z,90
1841926,Border,GURDASPUR,11KV UPS Datial Feeder,Unplanned,Closed,2026-05-13T08:10:00Z,2026-05-13T08:30:00Z,20
1841922,North,HOSHIARPUR,ASLAMABAD,Unplanned,Closed,2026-05-13T08:10:00Z,2026-05-13T08:51:00Z,41
1841920,North,JALANDHAR,NEW JAWAHAR NAGAR,Unplanned,Closed,2026-05-13T08:02:00Z,2026-05-13T08:22:00Z,20
1841950,West,BATHINDA,Sooch UPS,Planned,Closed,2026-05-13T08:01:00Z,2026-05-13T11:35:00Z,214
1841949,West,BATHINDA,Khark Singh Wala,Planned,Closed,2026-05-13T08:01:00Z,2026-05-13T11:35:00Z,214
1841948,West,BATHINDA,Burj Dhilwan,Planned,Closed,2026-05-13T08:01:00Z,2026-05-13T11:35:00Z,214
1841937,West,BATHINDA,Baba dunna urban chawke,Planned,Closed,2026-05-13T08:01:00Z,2026-05-13T12:40:00Z,279
1841921,North,JALANDHAR,FOCAL POINT 2,Unplanned,Closed,2026-05-13T08:00:00Z,2026-05-13T09:38:00Z,98
1836258,East,ROPAR,INDUSTRIAL,Planned,Closed,2026-05-13T08:00:00Z,2026-05-13T11:58:00Z,238
1836256,East,ROPAR,11KV Hargovind Nangar,Planned,Closed,2026-05-13T08:00:00Z,2026-05-13T11:58:00Z,238
1836254,East,ROPAR,Puda Colony Ropar,Planned,Closed,2026-05-13T08:00:00Z,2026-05-13T11:58:00Z,238
1836253,East,ROPAR,CAPSUZEL,Planned,Closed,2026-05-13T08:00:00Z,2026-05-13T11:25:00Z,205
1836251,East,ROPAR,NILET,Planned,Closed,2026-05-13T08:00:00Z,2026-05-13T11:58:00Z,238
1836250,East,ROPAR,UPS-I,Planned,Closed,2026-05-13T08:00:00Z,2026-05-13T11:52:00Z,232
1836246,East,ROPAR,HOSPITAL,Planned,Closed,2026-05-13T08:00:00Z,2026-05-13T11:50:00Z,230
1836245,East,ROPAR,GOVERNMENT COLLEGE,Planned,Closed,2026-05-13T08:00:00Z,2026-05-13T11:55:00Z,235
1836244,East,ROPAR,ROPAR TOWN,Planned,Closed,2026-05-13T08:00:00Z,2026-05-13T11:59:00Z,239
1836243,East,ROPAR,COLD STORE,Planned,Closed,2026-05-13T08:00:00Z,2026-05-13T11:59:00Z,239
1836242,East,ROPAR,Giani Zail Singh Nagar,Planned,Closed,2026-05-13T08:00:00Z,2026-05-13T11:59:00Z,239
1841918,West,FARIDKOT,"Factory Road, Kotkapura",Unplanned,Closed,2026-05-13T07:54:00Z,2026-05-13T07:59:00Z,5
1841919,West,BATHINDA,VIP,Unplanned,Closed,2026-05-13T07:51:00Z,2026-05-13T09:20:00Z,89
1841915,Border,GURDASPUR,N.N.Bandha,Unplanned,Closed,2026-05-13T07:51:00Z,2026-05-13T11:21:00Z,210
1841914,Central,CITY WEST LUDHIANA,Ranchi Colony,Unplanned,Closed,2026-05-13T07:50:01Z,2026-05-13T08:41:03Z,51
1841917,Border,CITY AMRITSAR,SULTANWIND ROAD,Unplanned,Closed,2026-05-13T07:50:00Z,2026-05-13T09:22:00Z,92
1841913,North,HOSHIARPUR,Patti,Unplanned,Closed,2026-05-13T07:45:00Z,2026-05-13T08:20:00Z,35
1841916,North,JALANDHAR,CHITTI (R),Unplanned,Closed,2026-05-13T07:40:00Z,2026-05-13T09:55:00Z,135
1841911,Border,GURDASPUR,ALOWAL,Unplanned,Closed,2026-05-13T07:40:00Z,2026-05-13T10:18:00Z,158
1841910,Border,GURDASPUR,24Hrs. GUNIAN,Unplanned,Closed,2026-05-13T07:40:00Z,2026-05-13T10:18:00Z,158
1841907,North,KAPURTHALA,UPS KACHI SARAI KHAS,Unplanned,Closed,2026-05-13T07:38:00Z,2026-05-13T08:18:00Z,40
1841912,North,JALANDHAR,SEMI,Unplanned,Closed,2026-05-13T07:35:00Z,2026-05-13T07:50:00Z,15
1841909,Border,GURDASPUR,11 KV Guru Nanak College,Unplanned,Closed,2026-05-13T07:35:00Z,2026-05-13T08:10:00Z,35
1841904,Central,CITY WEST LUDHIANA,MODEL GRAM,Unplanned,Closed,2026-05-13T07:33:48Z,2026-05-13T09:14:44Z,100
1841903,West,MUKATSAR,Kaljharani,Unplanned,Closed,2026-05-13T07:32:00Z,2026-05-13T07:54:00Z,22
1841908,Border,GURDASPUR,24 Hrs UPS Rangar Nangal,Unplanned,Closed,2026-05-13T07:30:00Z,2026-05-13T09:15:00Z,105
1841900,South,SANGRUR,CITY-5,Unplanned,Closed,2026-05-13T07:25:00Z,2026-05-13T08:30:00Z,65
1841898,South,SANGRUR,CITY-7,Unplanned,Closed,2026-05-13T07:25:00Z,2026-05-13T07:40:00Z,15
1841897,North,NAWANSHAHR,BARNALA KHURD AP,Unplanned,Closed,2026-05-13T07:25:00Z,2026-05-13T07:40:00Z,15
1841895,North,HOSHIARPUR,11 kv Mansoorpur,Unplanned,Closed,2026-05-13T07:25:00Z,2026-05-13T08:05:00Z,40
1841924,South,SANGRUR,Dera rajputa,Unplanned,Closed,2026-05-13T07:20:00Z,2026-05-13T10:21:00Z,181
1841901,South,SANGRUR,UPS THRWA,Unplanned,Closed,2026-05-13T07:20:00Z,2026-05-13T09:15:00Z,115
1841902,East,Zirakpur,GREEN LOTUS,Unplanned,Closed,2026-05-13T07:18:00Z,2026-05-13T08:14:00Z,56
1841899,North,JALANDHAR,11 KV Deol Nagar,Unplanned,Closed,2026-05-13T07:18:00Z,2026-05-13T07:47:00Z,29
1841896,South,SANGRUR,KOHRIAN C1 (GRID KOHRIAN),Unplanned,Closed,2026-05-13T07:15:00Z,2026-05-13T08:15:00Z,60
1841894,South,PATIALA,UPS 3-Wire Shambhu,Unplanned,Closed,2026-05-13T07:15:00Z,2026-05-13T07:26:00Z,11
1841893,North,HOSHIARPUR,BADLA,Unplanned,Closed,2026-05-13T07:15:00Z,2026-05-13T08:25:00Z,70
1841890,North,KAPURTHALA,Industrial Area,Unplanned,Closed,2026-05-13T07:09:00Z,2026-05-13T10:15:00Z,186
1841891,Border,TARN TARAN,GHAT SAHIB URBAN,Unplanned,Closed,2026-05-13T07:01:00Z,2026-05-13T07:20:00Z,19
1841889,South,PATIALA,M.E.S.,Unplanned,Closed,2026-05-13T07:00:00Z,2026-05-13T07:25:00Z,25
1841886,South,SANGRUR,GUJJRAN  C1,Unplanned,Closed,2026-05-13T06:50:00Z,2026-05-13T08:50:00Z,120
1841885,South,SANGRUR,CITY-3,Unplanned,Closed,2026-05-13T06:50:00Z,2026-05-13T10:05:00Z,195
1841887,West,BATHINDA,VIP,Unplanned,Closed,2026-05-13T06:48:00Z,2026-05-13T06:49:00Z,1
1841884,South,SANGRUR,Hamirgarh City,Unplanned,Closed,2026-05-13T06:45:00Z,2026-05-13T09:44:00Z,179
1841883,South,SANGRUR,11 KV UPS HAMJHERI,Unplanned,Closed,2026-05-13T06:40:00Z,2026-05-13T09:20:00Z,160
1841881,North,NAWANSHAHR,CHANDIANI,Unplanned,Closed,2026-05-13T06:40:00Z,2026-05-13T07:45:00Z,65
1841880,Central,CITY EAST LUDHIANA,BY PASS,Unplanned,Closed,2026-05-13T06:40:00Z,2026-05-13T07:07:00Z,27
1841888,West,FARIDKOT,"Factory Road, Kotkapura",Unplanned,Closed,2026-05-13T06:36:00Z,2026-05-13T07:30:00Z,54
1841882,West,FARIDKOT,11 KV BURJ HAMIRA UPS,Unplanned,Closed,2026-05-13T06:35:00Z,2026-05-13T06:55:00Z,20
1841879,West,MUKATSAR,11 KV Alamgarh,Unplanned,Closed,2026-05-13T06:25:27Z,2026-05-13T09:10:00Z,164
1841877,South,SANGRUR,11 KV HARIOU,Unplanned,Closed,2026-05-13T06:25:00Z,2026-05-13T09:00:00Z,155
1841875,West,BATHINDA,Gill Kalan,Unplanned,Closed,2026-05-13T06:25:00Z,2026-05-13T06:38:00Z,13
1841876,Border,TARN TARAN,Railway Road Urban..,Unplanned,Closed,2026-05-13T06:20:00Z,2026-05-13T08:01:00Z,101
1841872,Border,GURDASPUR,HARNAM NAGAR,Unplanned,Closed,2026-05-13T06:20:00Z,2026-05-13T07:20:00Z,60
1841871,South,SANGRUR,11 KV DHARMGARH UPS,Unplanned,Closed,2026-05-13T06:20:00Z,2026-05-13T07:45:00Z,85
1841870,North,JALANDHAR,SOFIPIND,Unplanned,Closed,2026-05-13T06:20:00Z,2026-05-13T07:30:00Z,70
1841869,South,SANGRUR,ALAMPUR UPS,Unplanned,Closed,2026-05-13T06:20:00Z,2026-05-13T08:38:00Z,138
1841873,South,SANGRUR,11KV UPS DHARMGARH,Unplanned,Closed,2026-05-13T06:10:00Z,2026-05-13T07:32:00Z,82
1841864,South,SANGRUR,lehra-II,Unplanned,Closed,2026-05-13T06:10:00Z,2026-05-13T06:50:00Z,40
1841859,West,BATHINDA,PHARWAHI ROAD,Unplanned,Closed,2026-05-13T06:07:00Z,2026-05-13T07:00:00Z,53
1841868,South,SANGRUR,GHORENAB UPS,Unplanned,Closed,2026-05-13T06:05:52Z,2026-05-13T11:38:52Z,333
1841867,South,SANGRUR,G/S/S SEKHUWAS,Unplanned,Closed,2026-05-13T06:05:52Z,2026-05-13T11:38:52Z,333
1841866,South,SANGRUR,UPS BHAI KE PASHOUR,Unplanned,Closed,2026-05-13T06:05:52Z,2026-05-13T11:37:52Z,332
1841865,South,SANGRUR,SEKHUWAS CITY,Unplanned,Closed,2026-05-13T06:05:52Z,2026-05-13T11:38:52Z,333
1841874,South,SANGRUR,UPS SANGTIWALA,Unplanned,Closed,2026-05-13T06:05:00Z,2026-05-13T07:45:00Z,100
1841863,Border,GURDASPUR,BHAM UPS,Unplanned,Closed,2026-05-13T06:05:00Z,2026-05-13T06:35:00Z,30
1841861,South,SANGRUR,24 HRS. BHANI,Unplanned,Closed,2026-05-13T06:05:00Z,2026-05-13T07:01:00Z,56
1841860,West,BATHINDA,Khiwa Khurad UPS,Unplanned,Closed,2026-05-13T06:05:00Z,2026-05-13T07:30:00Z,85
1841862,North,KAPURTHALA,UPS KHUKHRAIN,Unplanned,Closed,2026-05-13T06:00:00Z,2026-05-13T07:00:00Z,60
1841858,West,FEROZPUR,ZIRA ROAD,Unplanned,Closed,2026-05-13T06:00:00Z,2026-05-13T09:05:00Z,185
1841856,West,BATHINDA,BALLIANWALI CITY,Unplanned,Closed,2026-05-13T06:00:00Z,2026-05-13T07:25:00Z,85
1841854,Border,GURDASPUR,Sunder Nagar,Unplanned,Closed,2026-05-13T05:56:00Z,2026-05-13T06:10:00Z,14
1841857,South,SANGRUR,Fatehgarh ups,Unplanned,Closed,2026-05-13T05:55:00Z,2026-05-13T07:50:00Z,115
1841853,West,MUKATSAR,Kotli Road,Unplanned,Closed,2026-05-13T05:50:00Z,2026-05-13T07:10:00Z,80
1841852,West,MUKATSAR,11KV New Jallalabad Road.,Unplanned,Closed,2026-05-13T05:50:00Z,2026-05-13T07:10:00Z,80
1841851,West,MUKATSAR,Gaushala,Unplanned,Closed,2026-05-13T05:49:42Z,2026-05-13T07:18:00Z,88
1841855,West,BATHINDA,BARI SAHIB,Unplanned,Closed,2026-05-13T05:40:00Z,2026-05-13T11:25:00Z,345
1841836,West,BATHINDA,KUSLA,Unplanned,Closed,2026-05-13T05:35:36Z,2026-05-13T09:15:00Z,219
1841833,North,NAWANSHAHR,KUNAIL .,Unplanned,Closed,2026-05-13T05:35:00Z,2026-05-13T06:12:00Z,37
1841838,West,BATHINDA,CHAKRIAN ROAD URBAN,Unplanned,Closed,2026-05-13T05:34:00Z,2026-05-13T06:44:45Z,70
1841837,West,BATHINDA,VIP,Unplanned,Closed,2026-05-13T05:33:00Z,2026-05-13T06:24:00Z,51
1841850,West,MUKATSAR,Namdev Nagar,Planned,Closed,2026-05-13T05:30:47Z,2026-05-13T07:30:23Z,119
1841849,West,MUKATSAR,New Civil Hospital (Hot Line),Planned,Closed,2026-05-13T05:30:47Z,2026-05-13T07:29:23Z,118
1841848,West,MUKATSAR,Roj Avenue,Planned,Closed,2026-05-13T05:30:47Z,2026-05-13T07:25:23Z,114
1841847,West,MUKATSAR,Gandhi Nagar,Planned,Closed,2026-05-13T05:30:47Z,2026-05-13T07:23:23Z,112
1841846,West,MUKATSAR,Shakti Nagar,Planned,Closed,2026-05-13T05:30:47Z,2026-05-13T07:25:23Z,114
1841845,West,MUKATSAR,Bikaneri Road,Planned,Closed,2026-05-13T05:30:47Z,2026-05-13T07:23:23Z,112
1841844,West,MUKATSAR,Odda Basti,Planned,Closed,2026-05-13T05:30:47Z,2026-05-13T07:19:23Z,108
1841843,West,BATHINDA,Sooch UPS,Unplanned,Closed,2026-05-13T05:30:00Z,2026-05-13T07:16:00Z,106
1841835,Border,GURDASPUR,Bharoli,Unplanned,Closed,2026-05-13T05:30:00Z,2026-05-13T06:15:00Z,45
1841834,East,MOHALI,11KV JAGATPURA,Unplanned,Closed,2026-05-13T05:30:00Z,2026-05-13T06:48:06Z,78
1841841,West,MUKATSAR,Ramgarh Chunga,Unplanned,Closed,2026-05-13T05:25:00Z,2026-05-13T07:30:00Z,125
1841840,West,MUKATSAR,KHAPIANWALI,Unplanned,Closed,2026-05-13T05:25:00Z,2026-05-13T07:30:00Z,125
1841839,West,MUKATSAR,Sohnewala,Unplanned,Closed,2026-05-13T05:25:00Z,2026-05-13T07:30:00Z,125
1841832,Border,SUB URBAN AMRITSAR,City 1,Unplanned,Closed,2026-05-13T05:25:00Z,2026-05-13T06:15:00Z,50
1841831,Border,TARN TARAN,THATHIAN 3 W URBAN`,Unplanned,Closed,2026-05-13T05:10:00Z,2026-05-13T06:35:00Z,85
1841822,North,NAWANSHAHR,MALEWAL,Unplanned,Closed,2026-05-13T05:05:00Z,2026-05-13T06:10:00Z,65
1840505,Central,CITY WEST LUDHIANA,CEMETRY ROAD,Planned,Closed,2026-05-13T05:00:50Z,2026-05-13T08:15:50Z,195
1840504,Central,CITY WEST LUDHIANA,UPKAR NAGAR,Planned,Closed,2026-05-13T05:00:50Z,2026-05-13T08:15:50Z,195
1841830,West,MUKATSAR,MALOUT ROAD,Planned,Closed,2026-05-13T05:00:46Z,2026-05-13T05:53:46Z,53
1841829,West,MUKATSAR,11KV Danna Mandi,Planned,Closed,2026-05-13T05:00:46Z,2026-05-13T07:13:46Z,133
1841828,West,MUKATSAR,11KV Balam Garh Road,Planned,Closed,2026-05-13T05:00:46Z,2026-05-13T06:55:46Z,115
1841827,West,MUKATSAR,11KV Tarn Taran Sahib,Planned,Closed,2026-05-13T05:00:46Z,2026-05-13T05:53:46Z,53
1841826,West,MUKATSAR,MUKT-E-MINAR,Planned,Closed,2026-05-13T05:00:46Z,2026-05-13T07:20:46Z,140
1841825,West,MUKATSAR,RAHURIANWALI,Planned,Closed,2026-05-13T05:00:46Z,2026-05-13T06:03:46Z,63
1841824,West,MUKATSAR,ABOHAR ROAD,Planned,Closed,2026-05-13T05:00:46Z,2026-05-13T06:01:46Z,61
1841823,West,MUKATSAR,BUS STAND,Planned,Closed,2026-05-13T05:00:46Z,2026-05-13T06:55:46Z,115
1841816,West,MUKATSAR,New Kot Kapura Road,Planned,Closed,2026-05-13T05:00:10Z,2026-05-13T08:16:10Z,196
1841815,West,MUKATSAR,Railway Road,Planned,Closed,2026-05-13T05:00:10Z,2026-05-13T08:16:10Z,196
1841814,West,MUKATSAR,THANDEWALA,Planned,Closed,2026-05-13T05:00:10Z,2026-05-13T08:16:10Z,196
1841813,West,MUKATSAR,D.K.S.Enclave,Planned,Closed,2026-05-13T05:00:10Z,2026-05-13T08:16:10Z,196
1841812,West,MUKATSAR,TOWN,Planned,Closed,2026-05-13T05:00:10Z,2026-05-13T08:16:10Z,196
1841811,West,MUKATSAR,Gurdev Vihar,Planned,Closed,2026-05-13T05:00:10Z,2026-05-13T08:16:10Z,196
1841810,West,MUKATSAR,INDUSTRIAL,Planned,Closed,2026-05-13T05:00:10Z,2026-05-13T08:16:10Z,196
1841809,West,MUKATSAR,DARBAR SAHIB,Planned,Closed,2026-05-13T05:00:10Z,2026-05-13T08:16:10Z,196
1841808,West,MUKATSAR,TIBBI SAHIB,Planned,Closed,2026-05-13T05:00:10Z,2026-05-13T08:16:10Z,196
1841807,West,MUKATSAR,GONIANA,Planned,Closed,2026-05-13T05:00:10Z,2026-05-13T08:16:10Z,196
1841806,West,MUKATSAR,BATHINDA ROAD,Planned,Closed,2026-05-13T05:00:10Z,2026-05-13T08:16:10Z,196
1841842,West,BATHINDA,Kalewander,Unplanned,Closed,2026-05-13T04:55:00Z,2026-05-13T07:40:00Z,165
1841821,West,FARIDKOT,11 KV SEKHA KALAN -UPS,Unplanned,Closed,2026-05-13T04:50:00Z,2026-05-13T08:15:00Z,205
1841819,West,MUKATSAR,11 KV GADDAN DOB,Unplanned,Closed,2026-05-13T04:45:00Z,2026-05-13T06:30:00Z,105
1841817,Central,CITY WEST LUDHIANA,City Enclave,Unplanned,Closed,2026-05-13T04:40:21Z,2026-05-13T08:21:26Z,221
1841878,Central,SUB URBAN LUDHIANA,CITY-6,Unplanned,Closed,2026-05-13T04:30:00Z,2026-05-13T08:15:00Z,225
1841804,Central,KHANNA,Chander Lok,Unplanned,Closed,2026-05-13T04:30:00Z,2026-05-13T05:40:00Z,70
1841803,Central,KHANNA,Royal,Unplanned,Closed,2026-05-13T04:30:00Z,2026-05-13T05:40:00Z,70
1841802,Border,GURDASPUR,TRUCK UNION,Unplanned,Closed,2026-05-13T04:25:00Z,2026-05-13T08:02:00Z,217
1841805,North,JALANDHAR,RERRU,Unplanned,Closed,2026-05-13T04:22:00Z,2026-05-13T05:20:00Z,58
1841801,West,MUKATSAR,DISPOSAL PARK,Unplanned,Closed,2026-05-13T04:15:00Z,2026-05-13T08:16:00Z,241
1841820,East,MOHALI,11KV Sec 109,Unplanned,Closed,2026-05-13T03:52:02Z,2026-05-13T04:42:16Z,50
1841800,North,HOSHIARPUR,MEGHOWAL,Unplanned,Closed,2026-05-13T03:23:00Z,2026-05-13T03:42:00Z,19
1841799,South,PATIALA,M.E.S.,Unplanned,Closed,2026-05-13T03:10:00Z,2026-05-13T06:50:00Z,220
1841798,North,HOSHIARPUR,Naurangabad,Unplanned,Closed,2026-05-13T03:05:00Z,2026-05-13T05:55:00Z,170
1841797,Central,CITY WEST LUDHIANA,SITA NAGAR,Unplanned,Closed,2026-05-13T02:49:00Z,2026-05-13T03:28:00Z,39
1841795,North,JALANDHAR,Sewerage Treatment Plant,Unplanned,Closed,2026-05-13T02:45:00Z,2026-05-13T07:30:00Z,285
1841794,Border,SUB URBAN AMRITSAR,11KV City4,Unplanned,Closed,2026-05-13T02:27:00Z,2026-05-13T09:40:00Z,433
1841793,West,FARIDKOT,Dutt Road,Unplanned,Closed,2026-05-13T02:26:00Z,2026-05-13T03:20:00Z,54
1841792,North,KAPURTHALA,Thabalke,Unplanned,Closed,2026-05-13T02:05:00Z,2026-05-13T05:45:00Z,220
1841796,Border,SUB URBAN AMRITSAR,BSF HEAD QUARTER,Unplanned,Closed,2026-05-13T01:44:00Z,2026-05-13T15:41:00Z,837
1841791,Border,GURDASPUR,TRUCK UNION,Unplanned,Closed,2026-05-13T01:40:00Z,2026-05-13T03:45:00Z,125
1841790,North,NAWANSHAHR,JAGATPUR,Unplanned,Closed,2026-05-13T01:30:00Z,2026-05-13T05:20:00Z,230
1841789,Border,GURDASPUR,Sri Hargobindpur,Unplanned,Closed,2026-05-13T01:02:00Z,2026-05-13T09:35:00Z,513
1841788,West,BATHINDA,BAHO (UPS),Unplanned,Closed,2026-05-13T00:41:54Z,2026-05-13T02:06:53Z,84
1841787,Border,GURDASPUR,Batala City,Unplanned,Closed,2026-05-13T00:30:00Z,2026-05-13T00:45:00Z,15
1841778,North,HOSHIARPUR,ADAMWAL UPS,Unplanned,Closed,2026-05-13T00:19:00Z,2026-05-13T01:20:00Z,61
1841776,Central,CITY WEST LUDHIANA,BASANT AVENUE,Unplanned,Closed,2026-05-13T00:14:01Z,2026-05-13T00:40:06Z,26
1841750,West,BATHINDA,Mian,Unplanned,Closed,2026-05-13T00:08:04Z,2026-05-13T05:30:00Z,321
1841716,North,NAWANSHAHR,CITY GARHSHANKAR-2,Unplanned,Closed,2026-05-12T23:55:00Z,2026-05-13T00:36:00Z,41
1841711,North,NAWANSHAHR,SADHOWAL,Unplanned,Closed,2026-05-12T23:50:00Z,2026-05-13T01:25:00Z,95
1841697,West,FEROZPUR,MADHRE,Unplanned,Closed,2026-05-12T23:50:00Z,2026-05-13T01:45:00Z,115
1841818,West,BATHINDA,Burj UPS,Unplanned,Closed,2026-05-12T23:46:00Z,2026-05-13T08:42:00Z,536
1841696,West,MUKATSAR,Zorki Andhe Walli,Unplanned,Closed,2026-05-12T23:42:18Z,2026-05-13T01:41:36Z,119
1841685,East,Zirakpur,ASSTHA,Planned,Closed,2026-05-12T23:35:00Z,2026-05-13T00:07:00Z,32
1841683,East,Zirakpur,11 KV AMBALA ROAD,Planned,Closed,2026-05-12T23:35:00Z,2026-05-13T00:07:00Z,32
1841682,Border,TARN TARAN,URBAN MES & HEAD WORKS,Unplanned,Closed,2026-05-12T23:35:00Z,2026-05-13T04:10:00Z,275
1841692,North,JALANDHAR,DEFENCE COLONY NO.1,Unplanned,Closed,2026-05-12T23:31:06Z,2026-05-13T00:20:40Z,49
1841693,South,PATIALA,11 KV RAI MAJRA,Unplanned,Closed,2026-05-12T23:30:00Z,2026-05-13T00:21:00Z,51
1841676,West,FEROZPUR,11 KV NAMAK MANDI,Unplanned,Closed,2026-05-12T23:30:00Z,2026-05-13T00:45:00Z,75
1841632,Central,CITY WEST LUDHIANA,POPULAR FEEDER,Unplanned,Closed,2026-05-12T23:20:30Z,2026-05-12T23:59:03Z,38
1841642,Central,KHANNA,Jim Khana,Unplanned,Closed,2026-05-12T23:19:00Z,2026-05-13T00:12:00Z,53
1841689,Border,GURDASPUR,N.J.Singh 24hrs,Unplanned,Closed,2026-05-12T23:15:00Z,2026-05-13T06:45:00Z,450
1841687,West,FARIDKOT,Qila Nau,Unplanned,Closed,2026-05-12T23:15:00Z,2026-05-13T06:35:31Z,440
1841579,West,FARIDKOT,FCI URBAN,Unplanned,Closed,2026-05-12T23:14:00Z,2026-05-12T23:48:00Z,34
1841695,East,ROPAR,Mundho,Unplanned,Closed,2026-05-12T23:10:00Z,2026-05-13T00:50:00Z,100
1841688,Central,SUB URBAN LUDHIANA,CITY-5,Unplanned,Closed,2026-05-12T23:10:00Z,2026-05-13T00:21:00Z,71
1841650,West,MUKATSAR,11 KV GADDAN DOB,Unplanned,Closed,2026-05-12T23:10:00Z,2026-05-12T23:26:00Z,16
1841649,West,MUKATSAR,11 KV TAJA PATTI,Unplanned,Closed,2026-05-12T23:10:00Z,2026-05-12T23:26:00Z,16
1841648,West,MUKATSAR,11 KV RATTA TIBBA,Unplanned,Closed,2026-05-12T23:10:00Z,2026-05-12T23:26:00Z,16
1841577,Central,KHANNA,Motia Khan,Unplanned,Closed,2026-05-12T23:03:00Z,2026-05-13T00:05:00Z,62
1841564,East,Zirakpur,11 kv adda jhungia cat-1,Planned,Closed,2026-05-12T22:56:00Z,2026-05-12T23:27:00Z,31
1841563,East,Zirakpur,M.E.S,Planned,Closed,2026-05-12T22:56:00Z,2026-05-12T23:27:00Z,31
1841558,West,FARIDKOT,AMRITSAR ROAD URBAN,Unplanned,Closed,2026-05-12T22:52:00Z,2026-05-12T23:18:00Z,26
1841561,North,NAWANSHAHR,11KV GHATARON,Unplanned,Closed,2026-05-12T22:50:00Z,2026-05-12T22:58:00Z,8
1841560,North,NAWANSHAHR,11KV GUJJARPUR,Unplanned,Closed,2026-05-12T22:50:00Z,2026-05-12T22:55:00Z,5
1841559,North,NAWANSHAHR,11 KV JABOWAL,Unplanned,Closed,2026-05-12T22:50:00Z,2026-05-12T22:55:00Z,5
1841562,North,HOSHIARPUR,ADAMWAL UPS,Unplanned,Closed,2026-05-12T22:45:00Z,2026-05-12T23:59:00Z,74
1841554,South,SANGRUR,Sunam Road,Unplanned,Closed,2026-05-12T22:42:00Z,2026-05-12T22:50:00Z,8
1841551,Central,CITY WEST LUDHIANA,MEHMOODPURA,Unplanned,Closed,2026-05-12T22:40:49Z,2026-05-13T01:07:52Z,147
1841555,North,NAWANSHAHR,11KV BHEEN (Urban),Unplanned,Closed,2026-05-12T22:39:00Z,2026-05-12T22:50:00Z,11
1841495,West,FARIDKOT,11KV NANGAL UPS,Unplanned,Closed,2026-05-12T22:23:00Z,2026-05-12T22:38:00Z,15
1841468,North,HOSHIARPUR,khudda,Unplanned,Closed,2026-05-12T22:23:00Z,2026-05-12T22:45:00Z,22
1841547,Central,SUB URBAN LUDHIANA,GALIB-CITY,Unplanned,Closed,2026-05-12T22:20:00Z,2026-05-12T23:15:00Z,55
1841520,Central,SUB URBAN LUDHIANA,CITY-1,Unplanned,Closed,2026-05-12T22:20:00Z,2026-05-12T23:15:00Z,55
1841353,Border,TARN TARAN,URBAN GARDEN COLONY,Unplanned,Closed,2026-05-12T22:05:00Z,2026-05-12T23:30:00Z,85
1841316,North,NAWANSHAHR,JINDAPUR,Unplanned,Closed,2026-05-12T22:01:00Z,2026-05-12T22:19:00Z,18
1841549,Border,TARN TARAN,GHAT SAHIB URBAN,Unplanned,Closed,2026-05-12T22:00:00Z,2026-05-12T22:55:00Z,55
1841367,West,FARIDKOT,11 SODHI NAGAR URBAN,Unplanned,Closed,2026-05-12T22:00:00Z,2026-05-12T22:35:00Z,35
1841314,Central,KHANNA,Jim Khana,Planned,Closed,2026-05-12T22:00:00Z,2026-05-12T22:37:00Z,37
1841309,Border,GURDASPUR,Bamial 24hrs,Unplanned,Closed,2026-05-12T21:30:00Z,2026-05-12T22:15:00Z,45
1841304,East,Zirakpur,11 kv adda jhungia cat-1,Unplanned,Closed,2026-05-12T21:30:00Z,2026-05-12T23:27:00Z,117
1841219,West,MUKATSAR,Basti Hazoor Singh,Unplanned,Closed,2026-05-12T21:24:19Z,2026-05-12T22:40:09Z,75
1841240,North,NAWANSHAHR,Urban Pattren,Unplanned,Closed,2026-05-12T21:20:00Z,2026-05-12T22:50:00Z,90
1841206,Border,SUB URBAN AMRITSAR,RAMDAS,Unplanned,Closed,2026-05-12T21:09:00Z,2026-05-12T21:41:00Z,32
1841204,Central,CITY WEST LUDHIANA,JAWADDI,Unplanned,Closed,2026-05-12T21:05:58Z,2026-05-12T21:40:24Z,34
1841208,Border,GURDASPUR,N.J.Singh 24hrs,Unplanned,Closed,2026-05-12T21:05:00Z,2026-05-12T23:12:00Z,127
1841203,North,HOSHIARPUR,Sarangwal,Unplanned,Closed,2026-05-12T21:05:00Z,2026-05-12T21:10:00Z,5
1841205,East,MOHALI,JHAMPUR FEEDER,Unplanned,Closed,2026-05-12T21:01:58Z,2026-05-12T23:10:00Z,128
1841200,South,SANGRUR,KHOKHAR,Unplanned,Closed,2026-05-12T21:00:00Z,2026-05-12T21:45:53Z,45
1841193,Border,CITY AMRITSAR,Chatiwind Gate,Unplanned,Closed,2026-05-12T20:52:42Z,2026-05-12T21:31:43Z,39
1841194,Central,SUB URBAN LUDHIANA,CITY-5,Unplanned,Closed,2026-05-12T20:50:00Z,2026-05-12T22:15:00Z,85
1841192,North,HOSHIARPUR,11 KV Shri Guru Nanak Nagar,Unplanned,Closed,2026-05-12T20:48:00Z,2026-05-12T22:55:00Z,127
1841207,West,FARIDKOT,JHARI WALA,Unplanned,Closed,2026-05-12T20:45:34Z,2026-05-12T21:04:47Z,19
1841202,West,FARIDKOT,ARIYAWALA,Unplanned,Closed,2026-05-12T20:45:23Z,2026-05-12T21:06:19Z,20
1841189,Border,CITY AMRITSAR,DHAPAI INDUSTRIAL,Unplanned,Closed,2026-05-12T20:42:20Z,2026-05-12T22:07:30Z,85
1841175,Central,CITY EAST LUDHIANA,BASTI FEEDER,Unplanned,Closed,2026-05-12T20:42:00Z,2026-05-12T21:40:00Z,58
1841176,Central,SUB URBAN LUDHIANA,NATHUMAJRA,Unplanned,Closed,2026-05-12T20:40:18Z,2026-05-12T22:15:09Z,94
1841195,West,FARIDKOT,DEEP SINGH WALA,Unplanned,Closed,2026-05-12T20:35:39Z,2026-05-12T22:40:08Z,124
1841171,East,MOHALI,LANDRAN,Unplanned,Closed,2026-05-12T20:31:54Z,2026-05-12T22:06:00Z,94
1841101,Central,CITY WEST LUDHIANA,Maya Soap Street,Unplanned,Closed,2026-05-12T20:28:30Z,2026-05-12T21:53:00Z,84
1841103,East,MOHALI,Nirankari feeder,Unplanned,Closed,2026-05-12T20:25:25Z,2026-05-12T20:44:21Z,18
1841102,East,MOHALI,JANTI DEVI,Unplanned,Closed,2026-05-12T20:25:25Z,2026-05-12T20:44:00Z,18
1841104,South,BARNALA,TALEWAL cat-1,Unplanned,Closed,2026-05-12T20:20:00Z,2026-05-12T20:55:00Z,35
1841099,West,FARIDKOT,AMRITSAR ROAD URBAN,Unplanned,Closed,2026-05-12T20:20:00Z,2026-05-12T21:39:00Z,79
1841098,West,BATHINDA,PHARWAHI ROAD,Unplanned,Closed,2026-05-12T20:15:00Z,2026-05-12T21:30:00Z,75
1841097,North,HOSHIARPUR,Lajwanti Stadium,Unplanned,Closed,2026-05-12T20:14:00Z,2026-05-12T20:40:00Z,26
1841096,West,BATHINDA,Mian,Unplanned,Closed,2026-05-12T20:11:53Z,2026-05-12T21:24:17Z,72
1841090,North,JALANDHAR,SUTLAJ,Unplanned,Closed,2026-05-12T19:55:00Z,2026-05-12T20:10:00Z,15
1841094,West,FARIDKOT,11KV NANGAL UPS,Unplanned,Closed,2026-05-12T19:50:00Z,2026-05-12T20:15:00Z,25
1841092,West,FARIDKOT,11 KV Mann Singh Wala UPS,Unplanned,Closed,2026-05-12T19:50:00Z,2026-05-12T20:50:41Z,60
1841091,North,NAWANSHAHR,LOHAT,Unplanned,Closed,2026-05-12T19:50:00Z,2026-05-12T20:23:00Z,33
1841088,Border,GURDASPUR,Bhaini Mian Khan,Unplanned,Closed,2026-05-12T19:50:00Z,2026-05-12T20:25:00Z,35
1841087,Border,GURDASPUR,Gorsiya,Unplanned,Closed,2026-05-12T19:50:00Z,2026-05-12T20:25:00Z,35
1841085,West,FARIDKOT,Dutt Road,Unplanned,Closed,2026-05-12T19:45:00Z,2026-05-12T20:00:00Z,15
1841089,West,MUKATSAR,11 KV SIDHU NAGRI,Unplanned,Closed,2026-05-12T19:43:00Z,2026-05-12T20:05:00Z,22
1841086,Border,GURDASPUR,Ujjagar Nagar,Unplanned,Closed,2026-05-12T19:40:00Z,2026-05-12T22:05:00Z,145
1841084,North,HOSHIARPUR,MEGHOWAL,Unplanned,Closed,2026-05-12T19:40:00Z,2026-05-12T19:50:00Z,10
1841095,East,Zirakpur,11 KV AMBALA ROAD,Planned,Closed,2026-05-12T19:39:00Z,2026-05-12T20:52:00Z,73
1841069,West,BATHINDA,PANCHVATI NAGAR,Planned,Closed,2026-05-12T19:29:00Z,2026-05-12T20:06:05Z,37
1841068,West,BATHINDA,AMRIK SINGH ROAD,Planned,Closed,2026-05-12T19:29:00Z,2026-05-12T20:13:32Z,44
1841070,North,HOSHIARPUR,KANDHALA JATTAN,Unplanned,Closed,2026-05-12T19:28:00Z,2026-05-12T19:58:00Z,30
1841071,Border,GURDASPUR,DHINDSA,Unplanned,Closed,2026-05-12T19:25:00Z,2026-05-12T19:55:00Z,30
1841066,North,JALANDHAR,EKTA NAGAR,Unplanned,Closed,2026-05-12T19:21:00Z,2026-05-12T19:48:00Z,27
1841055,East,Zirakpur,11 kv adda jhungia cat-1,Planned,Closed,2026-05-12T19:12:00Z,2026-05-12T19:30:00Z,18
1841053,East,Zirakpur,M.E.S,Planned,Closed,2026-05-12T19:12:00Z,2026-05-12T19:30:00Z,18
1841048,South,SANGRUR,BAKHOPIR,Unplanned,Closed,2026-05-12T19:04:00Z,2026-05-12T19:20:00Z,16
1841046,North,KAPURTHALA,Haripur,Unplanned,Closed,2026-05-12T19:04:00Z,2026-05-12T20:34:00Z,90
1841049,East,ROPAR,11KV Chandesar,Unplanned,Closed,2026-05-12T19:02:00Z,2026-05-12T19:52:00Z,50
1841045,Border,SUB URBAN AMRITSAR,24 HOURS KHANOWAL,Unplanned,Closed,2026-05-12T19:00:00Z,2026-05-12T19:34:00Z,34
1841044,West,FARIDKOT,SHAHEED BHAGAT SINGH NAGAR,Unplanned,Closed,2026-05-12T19:00:00Z,2026-05-12T19:30:00Z,30
1841043,Border,GURDASPUR,Shah Colony,Unplanned,Closed,2026-05-12T19:00:00Z,2026-05-12T19:40:00Z,40
1841042,West,FARIDKOT,ITI,Unplanned,Closed,2026-05-12T19:00:00Z,2026-05-12T19:30:00Z,30
1841041,Border,TARN TARAN,UPS DHARIWAL,Unplanned,Closed,2026-05-12T18:59:51Z,2026-05-12T19:46:54Z,47
1841047,West,BATHINDA,Bhatha Basti Urban,Unplanned,Closed,2026-05-12T18:58:00Z,2026-05-12T19:33:21Z,35
1841050,West,BATHINDA,BAHO (UPS),Unplanned,Closed,2026-05-12T18:52:00Z,2026-05-12T19:27:30Z,35
1841031,Border,GURDASPUR,11 KV BHANDHRI MOHALLA,Planned,Closed,2026-05-12T18:52:00Z,2026-05-12T19:08:00Z,16
1841040,South,SANGRUR,Jeewan Nagar,Unplanned,Closed,2026-05-12T18:50:00Z,2026-05-12T20:30:00Z,100
1841036,Border,GURDASPUR,Tharial,Unplanned,Closed,2026-05-12T18:50:00Z,2026-05-12T19:05:00Z,15
1841032,North,HOSHIARPUR,BHOL,Unplanned,Closed,2026-05-12T18:50:00Z,2026-05-12T19:25:00Z,35
1841051,North,KAPURTHALA,UPS HERAN,Unplanned,Closed,2026-05-12T18:45:00Z,2026-05-12T20:00:00Z,75
1841039,North,KAPURTHALA,URBAN BUS STAND,Unplanned,Closed,2026-05-12T18:45:00Z,2026-05-12T19:00:00Z,15
1841034,South,SANGRUR,Sherpur Urban,Unplanned,Closed,2026-05-12T18:45:00Z,2026-05-12T19:10:36Z,25
1841029,South,PATIALA,STAR ENCLAVE,Unplanned,Closed,2026-05-12T18:40:00Z,2026-05-12T18:55:00Z,15
1841024,North,NAWANSHAHR,PANYALI,Unplanned,Closed,2026-05-12T18:35:00Z,2026-05-12T19:05:00Z,30
1841030,South,SANGRUR,11 KV DHARMGARH UPS,Unplanned,Closed,2026-05-12T18:32:00Z,2026-05-12T19:51:00Z,79
1841003,East,Zirakpur,HERMITAGE,Planned,Closed,2026-05-12T18:32:00Z,2026-05-12T18:38:00Z,6
1841027,East,MOHALI,11 KV Govt. Press,Unplanned,Closed,2026-05-12T18:30:21Z,2026-05-12T20:06:21Z,96
1841001,North,HOSHIARPUR,SUDHANA,Unplanned,Closed,2026-05-12T18:30:00Z,2026-05-12T18:50:00Z,20
1840999,East,Zirakpur,11 KV PREM NAGAR FEEDER,Unplanned,Closed,2026-05-12T18:30:00Z,2026-05-12T18:58:00Z,28
1841023,East,ROPAR,11 KV Sunny Mandir,Planned,Closed,2026-05-12T18:25:00Z,2026-05-12T18:43:00Z,18
1841022,West,FEROZPUR,RINGMAIN B,Unplanned,Closed,2026-05-12T18:25:00Z,2026-05-12T20:16:00Z,111
1841002,North,NAWANSHAHR,MOJOWAL MAJARA,Unplanned,Closed,2026-05-12T18:25:00Z,2026-05-12T19:10:00Z,45
1841000,East,Zirakpur,M.E.S,Unplanned,Closed,2026-05-12T18:25:00Z,2026-05-12T18:52:00Z,27
1840998,North,NAWANSHAHR,Khehra,Unplanned,Closed,2026-05-12T18:25:00Z,2026-05-12T19:02:00Z,37
1840997,North,KAPURTHALA,URBAN JANDIALA ROAD Nurmahal,Unplanned,Closed,2026-05-12T18:15:00Z,2026-05-12T18:40:00Z,25
1840995,Border,GURDASPUR,11 K.V. BOPARAI (UPS),Unplanned,Closed,2026-05-12T18:15:00Z,2026-05-12T18:50:00Z,35
1840991,North,NAWANSHAHR,SADHOWAL,Unplanned,Closed,2026-05-12T18:15:00Z,2026-05-12T18:42:00Z,27
1840996,Border,SUB URBAN AMRITSAR,LAKHUWAL,Unplanned,Closed,2026-05-12T18:10:00Z,2026-05-12T19:06:00Z,56
1840981,North,HOSHIARPUR,DEVIDASS,Unplanned,Closed,2026-05-12T18:10:00Z,2026-05-12T18:25:00Z,15
1840980,North,HOSHIARPUR,PEALAN,Unplanned,Closed,2026-05-12T18:10:00Z,2026-05-12T18:30:00Z,20
1840976,West,MUKATSAR,11 KV SAIDANWALI,Unplanned,Closed,2026-05-12T18:04:51Z,2026-05-12T18:44:19Z,39
1840977,West,MUKATSAR,11 KV Telupura,Unplanned,Closed,2026-05-12T18:04:43Z,2026-05-12T18:44:57Z,40
1840979,Central,KHANNA,MALERKOTLA ROAD,Unplanned,Closed,2026-05-12T18:03:00Z,2026-05-12T18:32:00Z,29
1840752,West,MUKATSAR,11 KV Sappan wali,Planned,Closed,2026-05-12T18:01:31Z,2026-05-12T18:59:31Z,58
1840751,West,MUKATSAR,NEFED,Planned,Closed,2026-05-12T18:01:31Z,2026-05-12T18:59:31Z,58
1840750,West,MUKATSAR,11 KV Telupura,Planned,Closed,2026-05-12T18:01:31Z,2026-05-12T18:59:31Z,58
1840749,West,MUKATSAR,PANJKOSI,Planned,Closed,2026-05-12T18:01:31Z,2026-05-12T18:59:31Z,58
1840748,West,MUKATSAR,11 KV SAIDANWALI,Planned,Closed,2026-05-12T18:01:31Z,2026-05-12T18:59:31Z,58
1840747,West,MUKATSAR,DAULATPURA UPS,Planned,Closed,2026-05-12T18:01:31Z,2026-05-12T18:59:31Z,58
1840746,West,MUKATSAR,11 KV PUNJAB AGRO,Planned,Closed,2026-05-12T18:01:31Z,2026-05-12T18:59:31Z,58
1840745,West,MUKATSAR,DALMIR KHERA,Planned,Closed,2026-05-12T18:01:31Z,2026-05-12T18:59:31Z,58
1840743,West,MUKATSAR,11 KV RIDHI SIDHI URBAN,Planned,Closed,2026-05-12T18:01:06Z,2026-05-12T18:59:06Z,58
1840742,West,MUKATSAR,11 KV Circular Road,Planned,Closed,2026-05-12T18:01:06Z,2026-05-12T18:59:06Z,58
1840741,West,MUKATSAR,11 KV Focal Point-2,Planned,Closed,2026-05-12T18:01:06Z,2026-05-12T18:59:06Z,58
1840740,West,MUKATSAR,11 KV TARA ESTATE,Planned,Closed,2026-05-12T18:01:06Z,2026-05-12T18:59:06Z,58
1840739,West,MUKATSAR,11 KV BSF,Planned,Closed,2026-05-12T18:01:06Z,2026-05-12T18:59:06Z,58
1840738,West,MUKATSAR,11 KV GANGA NAGAR ROAD,Planned,Closed,2026-05-12T18:01:06Z,2026-05-12T18:59:06Z,58
1840737,West,MUKATSAR,11 KV Focal Point-1,Planned,Closed,2026-05-12T18:01:06Z,2026-05-12T18:59:06Z,58
1840736,West,MUKATSAR,INDRA NAGRI,Planned,Closed,2026-05-12T18:01:06Z,2026-05-12T18:59:06Z,58
1840735,West,MUKATSAR,11 KV Chirag dhani,Planned,Closed,2026-05-12T18:01:06Z,2026-05-12T18:59:06Z,58
1840734,West,MUKATSAR,11 KV Rajiv Nagar,Planned,Closed,2026-05-12T18:01:06Z,2026-05-12T18:59:06Z,58
1840733,West,MUKATSAR,11 KV SIDHU NAGRI,Planned,Closed,2026-05-12T18:01:06Z,2026-05-12T18:59:06Z,58
1840732,West,MUKATSAR,11 KV NAI ABADI,Planned,Closed,2026-05-12T18:01:06Z,2026-05-12T18:59:06Z,58
1840731,West,MUKATSAR,11 KV KANDHWALA Road Urban,Planned,Closed,2026-05-12T18:01:06Z,2026-05-12T18:59:06Z,58
1840730,West,MUKATSAR,11 KV Alamgarh,Planned,Closed,2026-05-12T18:01:06Z,2026-05-12T18:59:06Z,58
1840729,West,MUKATSAR,KRISHNA NAGRI,Planned,Closed,2026-05-12T18:01:06Z,2026-05-12T18:59:06Z,58
1840974,Border,TARN TARAN,UPS Baba Risiana Ji,Unplanned,Closed,2026-05-12T18:00:00Z,2026-05-12T19:39:06Z,99
1840975,East,ROPAR,BHAINI,Unplanned,Closed,2026-05-12T17:56:00Z,2026-05-12T18:25:00Z,29
1840972,Central,CITY WEST LUDHIANA,KOT MANGAL SINGH,Unplanned,Closed,2026-05-12T17:54:40Z,2026-05-12T18:27:14Z,32
1840970,South,SANGRUR,11kv Baba Dial Dass,Unplanned,Closed,2026-05-12T17:54:02Z,2026-05-12T18:34:12Z,40
1840969,Central,KHANNA,Khanna feeder,Unplanned,Closed,2026-05-12T17:48:00Z,2026-05-12T19:20:00Z,92
1840965,South,SANGRUR,Rohi Babe ka Hambelwass,Planned,Closed,2026-05-12T17:45:17Z,2026-05-12T18:10:32Z,25
1840967,Border,GURDASPUR,UPS Basau Barwan,Unplanned,Closed,2026-05-12T17:45:00Z,2026-05-12T19:45:00Z,120
1840966,North,HOSHIARPUR,MEGHOWAL,Unplanned,Closed,2026-05-12T17:45:00Z,2026-05-12T18:02:00Z,17
1840971,South,BARNALA,BHADAUR URBAN,Unplanned,Closed,2026-05-12T17:40:00Z,2026-05-12T18:30:00Z,50
1840964,North,HOSHIARPUR,SUDHANA,Unplanned,Closed,2026-05-12T17:40:00Z,2026-05-12T18:05:00Z,25
1840987,East,ROPAR,JATANA,Unplanned,Closed,2026-05-12T17:31:00Z,2026-05-12T19:00:00Z,89
1840950,East,ROPAR,Ham Oil,Unplanned,Closed,2026-05-12T17:30:53Z,2026-05-12T18:30:53Z,60
1840949,East,ROPAR,Sanjeev Dying,Unplanned,Closed,2026-05-12T17:30:53Z,2026-05-12T18:30:53Z,60
1840948,East,ROPAR,11KV Kalas Kalan UPS,Unplanned,Closed,2026-05-12T17:30:53Z,2026-05-12T18:30:53Z,60
1840947,East,ROPAR,11KV Gehlewal Cat-2,Unplanned,Closed,2026-05-12T17:30:53Z,2026-05-12T18:30:53Z,60
1840946,East,ROPAR,11KV Sherian UPS,Unplanned,Closed,2026-05-12T17:30:53Z,2026-05-12T18:30:53Z,60
1840934,East,ROPAR,11 KV Jeunewal,Unplanned,Closed,2026-05-12T17:30:52Z,2026-05-12T18:30:52Z,60
1840933,East,ROPAR,11 KV Chonta Urban,Unplanned,Closed,2026-05-12T17:30:52Z,2026-05-12T18:30:52Z,60
1840963,East,ROPAR,66 kv Renny Strip,Unplanned,Closed,2026-05-12T17:30:35Z,2026-05-12T18:30:35Z,60
1840962,East,ROPAR,11KV KDFP,Unplanned,Closed,2026-05-12T17:30:35Z,2026-05-12T18:30:35Z,60
1840961,East,ROPAR,MAI BAAP,Unplanned,Closed,2026-05-12T17:30:35Z,2026-05-12T18:30:35Z,60
1840960,East,ROPAR,Zayntex,Unplanned,Closed,2026-05-12T17:30:35Z,2026-05-12T18:30:35Z,60
1840959,East,ROPAR,Namdhari,Unplanned,Closed,2026-05-12T17:30:35Z,2026-05-12T18:30:35Z,60
1840958,East,ROPAR,New Swan,Unplanned,Closed,2026-05-12T17:30:35Z,2026-05-12T18:30:35Z,60
1840957,East,ROPAR,11KV Sukasa Food,Unplanned,Closed,2026-05-12T17:30:35Z,2026-05-12T18:30:35Z,60
1840956,East,ROPAR,11KV Narindera Behal,Unplanned,Closed,2026-05-12T17:30:35Z,2026-05-12T18:30:35Z,60
1840955,East,ROPAR,11Kv Kitty Industries,Unplanned,Closed,2026-05-12T17:30:35Z,2026-05-12T18:30:35Z,60
1840954,East,ROPAR,N.R.G,Unplanned,Closed,2026-05-12T17:30:35Z,2026-05-12T18:30:35Z,60
1840953,East,ROPAR,11 KV Ramji Acro,Unplanned,Closed,2026-05-12T17:30:35Z,2026-05-12T18:30:35Z,60
1840952,East,ROPAR,Bhagpur Urban,Unplanned,Closed,2026-05-12T17:30:35Z,2026-05-12T18:30:35Z,60
1840951,East,ROPAR,11 KV Ranne Casting,Unplanned,Closed,2026-05-12T17:30:35Z,2026-05-12T18:30:35Z,60
1840945,East,ROPAR,RP ENGINEERING,Unplanned,Closed,2026-05-12T17:30:14Z,2026-05-12T18:30:14Z,60
1840944,East,ROPAR,11 KV Budhewal Road,Unplanned,Closed,2026-05-12T17:30:14Z,2026-05-12T18:30:14Z,60
1840943,East,ROPAR,11 KV Paharuwal Road,Unplanned,Closed,2026-05-12T17:30:14Z,2026-05-12T18:30:14Z,60
1840942,East,ROPAR,Hero Cycle,Unplanned,Closed,2026-05-12T17:30:14Z,2026-05-12T18:30:14Z,60
1840941,East,ROPAR,11 KV Gangotri Rubber,Unplanned,Closed,2026-05-12T17:30:14Z,2026-05-12T18:30:14Z,60
1840940,East,ROPAR,11 KV acme,Unplanned,Closed,2026-05-12T17:30:14Z,2026-05-12T18:30:14Z,60
1840939,East,ROPAR,11KV AMWAY Forging,Unplanned,Closed,2026-05-12T17:30:14Z,2026-05-12T18:30:14Z,60
1840938,East,ROPAR,11 KV Osho tool,Unplanned,Closed,2026-05-12T17:30:14Z,2026-05-12T18:30:14Z,60
1840937,East,ROPAR,11 KV Jindal Agro,Unplanned,Closed,2026-05-12T17:30:14Z,2026-05-12T18:30:14Z,60
1840936,East,ROPAR,11 KV Asian Lacto,Unplanned,Closed,2026-05-12T17:30:14Z,2026-05-12T18:30:14Z,60
1840935,East,ROPAR,11 KV Jandiali,Unplanned,Closed,2026-05-12T17:30:14Z,2026-05-12T18:30:14Z,60
1840930,Border,CITY AMRITSAR,11Kv Navdeep Theatre,Unplanned,Closed,2026-05-12T17:30:00Z,2026-05-12T17:45:00Z,15
1840926,West,FARIDKOT,SAHIBZADA AJIT SINGH NAGAR,Unplanned,Closed,2026-05-12T17:28:25Z,2026-05-12T19:45:47Z,137
1840914,North,JALANDHAR,PUNJABI BAGH,Planned,Closed,2026-05-12T17:28:00Z,2026-05-12T17:39:00Z,11
1840925,West,FARIDKOT,AMRITSAR ROAD URBAN,Unplanned,Closed,2026-05-12T17:26:57Z,2026-05-12T18:00:58Z,34
1840923,West,FARIDKOT,11 SODHI NAGAR URBAN,Unplanned,Closed,2026-05-12T17:26:57Z,2026-05-12T17:41:58Z,15
1840927,Central,KHANNA,Ismailpur feeder,Unplanned,Closed,2026-05-12T17:26:00Z,2026-05-12T18:26:00Z,60
1840922,South,PATIALA,11 KV RAI MAJRA,Unplanned,Closed,2026-05-12T17:25:00Z,2026-05-12T18:01:00Z,36
1840932,East,Zirakpur,URBAN-3 DERABASSI,Unplanned,Closed,2026-05-12T17:24:46Z,2026-05-12T18:06:52Z,42
1840931,East,Zirakpur,MAHIWALA,Unplanned,Closed,2026-05-12T17:24:44Z,2026-05-12T18:06:53Z,42
1840921,Border,SUB URBAN AMRITSAR,CIVIL LINE DUPLICATE,Unplanned,Closed,2026-05-12T17:20:00Z,2026-05-12T18:07:18Z,47
1840968,West,BATHINDA,PANCHVATI NAGAR,Unplanned,Closed,2026-05-12T17:16:00Z,2026-05-12T18:26:15Z,70
1840929,North,JALANDHAR,BABA MANDIR 132KV FOCAL POINT,Unplanned,Closed,2026-05-12T17:15:00Z,2026-05-12T18:04:00Z,49
1840920,West,MUKATSAR,11 KV NANAK NAGRI,Unplanned,Closed,2026-05-12T17:15:00Z,2026-05-12T19:12:00Z,117
1840913,North,JALANDHAR,GURU AMAR DASS NAGAR,Unplanned,Closed,2026-05-12T17:15:00Z,2026-05-12T18:28:00Z,73
1840912,North,JALANDHAR,GLOBE COLONY,Unplanned,Closed,2026-05-12T17:15:00Z,2026-05-12T18:28:00Z,73
1840911,North,JALANDHAR,Khalsa Road,Unplanned,Closed,2026-05-12T17:15:00Z,2026-05-12T18:28:00Z,73
1840909,Border,GURDASPUR,KOT BHALLA,Unplanned,Closed,2026-05-12T17:15:00Z,2026-05-12T18:35:00Z,80
1840908,North,JALANDHAR,KALI MATA MANDIR,Unplanned,Closed,2026-05-12T17:15:00Z,2026-05-12T18:28:00Z,73
1840907,Border,GURDASPUR,TALIBPUR,Planned,Closed,2026-05-12T17:15:00Z,2026-05-12T18:35:00Z,80
1840906,Border,GURDASPUR,SADANA,Planned,Closed,2026-05-12T17:15:00Z,2026-05-12T18:35:00Z,80
1840905,Border,GURDASPUR,GAJIKOT,Planned,Closed,2026-05-12T17:15:00Z,2026-05-12T18:35:00Z,80
1840919,West,MUKATSAR,WATER WORKS,Unplanned,Closed,2026-05-12T17:12:00Z,2026-05-12T17:55:00Z,43
1840928,Border,SUB URBAN AMRITSAR,UPS Janina,Unplanned,Closed,2026-05-12T17:10:00Z,2026-05-12T17:40:00Z,30
1840910,Central,KHANNA,Labour Colony,Unplanned,Closed,2026-05-12T17:10:00Z,2026-05-12T17:30:00Z,20
1840904,West,FARIDKOT,INDUSTRIAL,Unplanned,Closed,2026-05-12T17:10:00Z,2026-05-12T18:00:00Z,50
1840902,North,JALANDHAR,11KV UDESIAN,Planned,Closed,2026-05-12T17:09:00Z,2026-05-12T17:50:00Z,41
1840917,Border,GURDASPUR,11 kv RANIA CAT-1,Unplanned,Closed,2026-05-12T17:05:00Z,2026-05-12T17:25:00Z,20
1840916,West,BATHINDA,Bus Stand Road,Planned,Closed,2026-05-12T17:05:00Z,2026-05-12T18:02:00Z,57
1840901,North,HOSHIARPUR,Bihala,Unplanned,Closed,2026-05-12T17:05:00Z,2026-05-12T19:20:00Z,135
1840899,North,JALANDHAR,11 KV New Amrit Vihar,Unplanned,Closed,2026-05-12T17:02:55Z,2026-05-12T17:40:00Z,37
1840896,North,JALANDHAR,11 KV BABA MOHAN DASS NAGAR,Unplanned,Closed,2026-05-12T17:01:51Z,2026-05-12T17:40:00Z,38
1840918,Border,TARN TARAN,UPS WAN TARA SINGH,Unplanned,Closed,2026-05-12T17:00:00Z,2026-05-12T18:15:00Z,75
1840900,West,FARIDKOT,Kothe Warring (Samgh),Planned,Closed,2026-05-12T16:57:41Z,2026-05-12T17:34:21Z,36
1840890,Central,KHANNA,LALHERI ROAD,Unplanned,Closed,2026-05-12T16:55:00Z,2026-05-12T17:32:00Z,37
1840903,West,BATHINDA,DATEWAS URBAN,Planned,Closed,2026-05-12T16:54:00Z,2026-05-12T17:07:00Z,13
1840924,East,ROPAR,11 KV Sunny Mandir,Unplanned,Closed,2026-05-12T16:50:00Z,2026-05-12T17:56:00Z,66
1840892,South,SANGRUR,11 KV UPS PHULAD,Unplanned,Closed,2026-05-12T16:50:00Z,2026-05-12T17:50:00Z,60
1840891,East,Zirakpur,PATIALA ROAD,Planned,Closed,2026-05-12T16:50:00Z,2026-05-12T18:08:00Z,78
1840889,Border,GURDASPUR,Pangoli,Unplanned,Closed,2026-05-12T16:50:00Z,2026-05-12T17:10:00Z,20
1840888,East,Zirakpur,SATLUJ,Planned,Closed,2026-05-12T16:50:00Z,2026-05-12T17:30:00Z,40
1840887,East,Zirakpur,PRITHIM,Planned,Closed,2026-05-12T16:50:00Z,2026-05-12T17:30:00Z,40
1840886,East,Zirakpur,11kv Cosmo,Planned,Closed,2026-05-12T16:50:00Z,2026-05-12T17:30:00Z,40
1840915,East,MOHALI,Badmajra,Unplanned,Closed,2026-05-12T16:45:07Z,2026-05-12T17:25:02Z,39
1840884,Border,GURDASPUR,Civil Line,Unplanned,Closed,2026-05-12T16:45:00Z,2026-05-12T17:20:00Z,35
1840883,West,FARIDKOT,DEEP SINGH WALA,Unplanned,Closed,2026-05-12T16:45:00Z,2026-05-12T18:00:32Z,75
1840882,Border,TARN TARAN,11 KV Sur Singh Urban new,Unplanned,Closed,2026-05-12T16:45:00Z,2026-05-12T18:10:00Z,85
1840880,West,MUKATSAR,PANJKOSI,Unplanned,Closed,2026-05-12T16:42:18Z,2026-05-12T18:20:28Z,98
1840881,West,MUKATSAR,11 KV Telupura,Unplanned,Closed,2026-05-12T16:40:44Z,2026-05-12T18:20:53Z,100
1840864,West,BATHINDA,MOFFER,Planned,Closed,2026-05-12T16:40:28Z,2026-05-12T18:15:16Z,94
1840863,West,BATHINDA,MOFFER,Planned,Closed,2026-05-12T16:40:28Z,2026-05-12T18:15:33Z,95
1840879,West,MUKATSAR,HARIPURA,Unplanned,Closed,2026-05-12T16:40:22Z,2026-05-12T18:20:48Z,100
1840885,North,HOSHIARPUR,PATTI NO-2,Unplanned,Closed,2026-05-12T16:40:00Z,2026-05-12T16:55:00Z,15
1841021,West,BATHINDA,STADIUM,Unplanned,Closed,2026-05-12T16:36:21Z,2026-05-12T18:40:19Z,123
1841020,West,BATHINDA,MATA JIVI NAGAR,Unplanned,Closed,2026-05-12T16:36:21Z,2026-05-12T18:40:15Z,123
1841019,West,BATHINDA,BABA FARID NAGAR,Unplanned,Closed,2026-05-12T16:36:21Z,2026-05-12T18:40:11Z,123
1841018,West,BATHINDA,Relience Market,Unplanned,Closed,2026-05-12T16:36:21Z,2026-05-12T18:40:08Z,123
1841017,West,BATHINDA,KAMLA NEHRU,Unplanned,Closed,2026-05-12T16:36:21Z,2026-05-12T18:40:04Z,123
1841016,West,BATHINDA,Polytechnic,Unplanned,Closed,2026-05-12T16:36:21Z,2026-05-12T18:39:59Z,123
1841015,West,BATHINDA,DAYA NAND,Unplanned,Closed,2026-05-12T16:36:21Z,2026-05-12T18:39:56Z,123
1841014,West,BATHINDA,SHIV COLONY,Unplanned,Closed,2026-05-12T16:36:21Z,2026-05-12T18:39:52Z,123
1841013,West,BATHINDA,FOUJI CHOWK,Unplanned,Closed,2026-05-12T16:36:21Z,2026-05-12T18:39:48Z,123
1841012,West,BATHINDA,11 KV WATER WORKS,Unplanned,Closed,2026-05-12T16:36:21Z,2026-05-12T18:39:45Z,123
1841011,West,BATHINDA,MODEL TOWN PHASE-4&5,Unplanned,Closed,2026-05-12T16:36:21Z,2026-05-12T18:39:41Z,123
1841010,West,BATHINDA,TIN KONI,Unplanned,Closed,2026-05-12T16:36:21Z,2026-05-12T18:39:37Z,123
1841009,West,BATHINDA,Patel Nagar,Unplanned,Closed,2026-05-12T16:36:21Z,2026-05-12T18:39:29Z,123
1841008,West,BATHINDA,BALLA RAM NAGAR,Unplanned,Closed,2026-05-12T16:36:21Z,2026-05-12T18:39:26Z,123
1841007,West,BATHINDA,GANESHA BASTI,Unplanned,Closed,2026-05-12T16:36:21Z,2026-05-12T18:39:22Z,123
1841006,West,BATHINDA,GREEN CITY,Unplanned,Closed,2026-05-12T16:36:21Z,2026-05-12T18:39:19Z,122
1841005,West,BATHINDA,M.E.S.(STANDBY) /WATER WORKS,Unplanned,Closed,2026-05-12T16:36:21Z,2026-05-12T18:39:16Z,122
1841004,West,BATHINDA,SHAKTI VIHAR,Unplanned,Closed,2026-05-12T16:36:21Z,2026-05-12T18:39:12Z,122
1840877,Border,GURDASPUR,Dalla UPS,Unplanned,Closed,2026-05-12T16:35:00Z,2026-05-12T19:15:00Z,160
1840876,West,BATHINDA,11KV THAKUR COLONY,Unplanned,Closed,2026-05-12T16:32:54Z,2026-05-12T18:40:52Z,127
1840875,West,BATHINDA,11 KV DHOBI BAZAR,Unplanned,Closed,2026-05-12T16:32:54Z,2026-05-12T18:40:58Z,128
1840874,West,BATHINDA,11KV KANHAIYA CHOWK,Unplanned,Closed,2026-05-12T16:32:54Z,2026-05-12T18:41:02Z,128
1840873,West,BATHINDA,11 KV ZILA PARISHAD,Unplanned,Closed,2026-05-12T16:32:54Z,2026-05-12T18:41:06Z,128
1840872,West,BATHINDA,11 KV NAI BASTI,Unplanned,Closed,2026-05-12T16:32:54Z,2026-05-12T18:40:25Z,127
1840871,West,BATHINDA,11 KV MALL ROAD,Unplanned,Closed,2026-05-12T16:32:54Z,2026-05-12T18:41:09Z,128
1840862,Border,GURDASPUR,Raavi,Unplanned,Closed,2026-05-12T16:32:00Z,2026-05-12T17:24:00Z,52
1840868,North,HOSHIARPUR,11 KV Jahankhelan,Unplanned,Closed,2026-05-12T16:31:00Z,2026-05-12T16:51:00Z,20
1840866,Border,GURDASPUR,Muthi,Unplanned,Closed,2026-05-12T16:30:00Z,2026-05-12T17:50:00Z,80
1840865,Border,GURDASPUR,11KV UPS Datial Feeder,Unplanned,Closed,2026-05-12T16:30:00Z,2026-05-12T17:50:00Z,80
1840858,South,SANGRUR,CITY-7,Unplanned,Closed,2026-05-12T16:30:00Z,2026-05-12T17:50:00Z,80
1840856,East,Zirakpur,ZIRAKPUR-1,Planned,Closed,2026-05-12T16:28:00Z,2026-05-12T16:50:00Z,22
1840855,West,FARIDKOT,BAJA ROAD,Planned,Closed,2026-05-12T16:27:54Z,2026-05-12T17:02:43Z,34
1840870,Central,KHANNA,Chopra(Naraian),Unplanned,Closed,2026-05-12T16:27:00Z,2026-05-12T16:45:00Z,18
1840853,North,HOSHIARPUR,PANDORI,Unplanned,Closed,2026-05-12T16:27:00Z,2026-05-12T16:38:00Z,11
1840846,Central,KHANNA,NABIPUR,Unplanned,Closed,2026-05-12T16:26:01Z,2026-05-12T18:00:00Z,93
1840854,Border,GURDASPUR,Sathiali 24 hrs.,Unplanned,Closed,2026-05-12T16:24:00Z,2026-05-12T17:30:00Z,66
1840834,West,MUKATSAR,Odda Basti,Unplanned,Closed,2026-05-12T16:20:55Z,2026-05-12T18:00:06Z,99
1840857,North,JALANDHAR,FOCAL POINT 2,Unplanned,Closed,2026-05-12T16:17:00Z,2026-05-12T17:09:00Z,52
1840840,South,SANGRUR,11 KV DHARMGARH UPS,Unplanned,Closed,2026-05-12T16:16:00Z,2026-05-12T18:15:00Z,119
1840832,West,MUKATSAR,JANDWALA HANUWANTA,Unplanned,Closed,2026-05-12T16:15:52Z,2026-05-12T18:15:05Z,119
1840807,Border,GURDASPUR,Habit Pindi,Planned,Closed,2026-05-12T16:15:28Z,2026-05-12T19:48:58Z,213
1840833,West,MUKATSAR,BHANGER KHERA,Unplanned,Closed,2026-05-12T16:15:23Z,2026-05-12T18:15:32Z,120
1840806,Border,GURDASPUR,Majra,Planned,Closed,2026-05-12T16:15:02Z,2026-05-12T19:48:15Z,213
1840827,Central,CITY WEST LUDHIANA,BAROTA ROAD,Unplanned,Closed,2026-05-12T16:13:38Z,2026-05-12T17:37:14Z,83
1840828,East,MOHALI,Balongi,Unplanned,Closed,2026-05-12T16:13:25Z,2026-05-12T17:05:15Z,51
1840831,North,NAWANSHAHR,CHANDIANI,Unplanned,Closed,2026-05-12T16:10:00Z,2026-05-12T16:35:00Z,25
1840829,North,NAWANSHAHR,MAHIPUR,Unplanned,Closed,2026-05-12T16:10:00Z,2026-05-12T16:45:00Z,35
1840798,East,Zirakpur,DEHAR UPS,Planned,Closed,2026-05-12T16:08:00Z,2026-05-12T17:05:00Z,57
1840808,East,MOHALI,JANTI DEVI,Unplanned,Closed,2026-05-12T16:07:42Z,2026-05-12T16:50:53Z,43
1840859,Border,SUB URBAN AMRITSAR,LOHARKA AP,Unplanned,Closed,2026-05-12T16:05:43Z,2026-05-12T16:30:56Z,25
1840860,Border,SUB URBAN AMRITSAR,LOHARKA UPS,Unplanned,Closed,2026-05-12T16:05:12Z,2026-05-12T16:30:25Z,25
1840861,Border,SUB URBAN AMRITSAR,Birbal Pura,Unplanned,Closed,2026-05-12T16:05:04Z,2026-05-12T16:30:24Z,25
1840830,North,KAPURTHALA,URBAN Mandi Road NURMAHAL,Planned,Closed,2026-05-12T16:05:00Z,2026-05-12T17:05:00Z,60
1840805,Border,SUB URBAN AMRITSAR,CIVIL LINE DUPLICATE,Unplanned,Closed,2026-05-12T16:03:00Z,2026-05-12T17:09:00Z,66
1840799,North,HOSHIARPUR,GHOGRA,Unplanned,Closed,2026-05-12T16:00:00Z,2026-05-12T16:12:00Z,12
1840796,East,MOHALI,KHERIGURNA AP,Unplanned,Closed,2026-05-12T15:59:36Z,2026-05-12T17:00:00Z,60
1840795,East,MOHALI,GHARAMA AP,Unplanned,Closed,2026-05-12T15:59:36Z,2026-05-12T17:00:00Z,60
1840794,East,MOHALI,BASMA,Unplanned,Closed,2026-05-12T15:59:36Z,2026-05-12T17:00:00Z,60
1840801,East,MOHALI,LOGISTIC,Unplanned,Closed,2026-05-12T15:58:00Z,2026-05-12T18:20:46Z,142
1840800,East,MOHALI,SIGMA,Unplanned,Closed,2026-05-12T15:58:00Z,2026-05-12T18:20:54Z,142
1840793,East,MOHALI,MOHIKALAN UPS,Unplanned,Closed,2026-05-12T15:56:28Z,2026-05-12T18:20:37Z,144
1840804,North,HOSHIARPUR,Bihala,Unplanned,Closed,2026-05-12T15:55:00Z,2026-05-12T17:02:00Z,67
1840797,East,ROPAR,Bassi,Unplanned,Closed,2026-05-12T15:54:00Z,2026-05-12T16:46:00Z,52
1840791,Central,CITY WEST LUDHIANA,NEW JANTA NAGAR,Unplanned,Closed,2026-05-12T15:54:00Z,2026-05-12T18:27:22Z,153
1840781,North,JALANDHAR,NEW SHANKAR,Planned,Closed,2026-05-12T15:54:00Z,2026-05-12T16:12:00Z,18
1840780,North,JALANDHAR,D BLOCK,Planned,Closed,2026-05-12T15:54:00Z,2026-05-12T16:12:00Z,18
1840803,East,ROPAR,SAIDPUR,Unplanned,Closed,2026-05-12T15:53:00Z,2026-05-12T16:11:00Z,18
1840792,North,HOSHIARPUR,RAMPUR,Unplanned,Closed,2026-05-12T15:52:00Z,2026-05-12T16:30:00Z,38
1840802,West,BATHINDA,KHIWA DIALLUWALA,Unplanned,Closed,2026-05-12T15:51:00Z,2026-05-12T17:55:00Z,124
1840779,West,MUKATSAR,11 KV Dharampura,Unplanned,Closed,2026-05-12T15:50:35Z,2026-05-12T18:45:59Z,175
1840835,East,MOHALI,Ind Ph 7,Unplanned,Closed,2026-05-12T15:46:00Z,2026-05-12T18:35:44Z,169
1840782,West,FEROZPUR,MADHRE,Planned,Closed,2026-05-12T15:46:00Z,2026-05-12T19:18:00Z,212
1840774,West,BATHINDA,GHURKANI,Planned,Closed,2026-05-12T15:45:47Z,2026-05-12T18:15:00Z,149
1840789,Border,GURDASPUR,Shah Colony,Unplanned,Closed,2026-05-12T15:45:00Z,2026-05-12T16:18:00Z,33
1840775,North,JALANDHAR,JALPOT,Unplanned,Closed,2026-05-12T15:42:21Z,2026-05-12T16:04:38Z,22
1840778,North,HOSHIARPUR,Motia Mill,Unplanned,Closed,2026-05-12T15:40:00Z,2026-05-12T16:44:00Z,64
1840777,North,HOSHIARPUR,LAROYA,Unplanned,Closed,2026-05-12T15:40:00Z,2026-05-12T16:10:00Z,30
1840776,Border,CITY AMRITSAR,11Kv Katra Jaimal singh,Unplanned,Closed,2026-05-12T15:37:00Z,2026-05-12T15:55:08Z,18
1840773,North,NAWANSHAHR,11KV MUBARKPUR,Unplanned,Closed,2026-05-12T15:37:00Z,2026-05-12T17:04:00Z,87
1840771,North,NAWANSHAHR,11KV GUJJARPUR,Unplanned,Closed,2026-05-12T15:37:00Z,2026-05-12T17:04:00Z,87
1840770,North,NAWANSHAHR,11KV BHEEN (Urban),Unplanned,Closed,2026-05-12T15:37:00Z,2026-05-12T17:04:00Z,87
1840766,Border,GURDASPUR,Babbri Nangal,Planned,Closed,2026-05-12T15:36:56Z,2026-05-12T16:40:09Z,63
1840768,South,PATIALA,11KV SAMASHPUR UPS,Unplanned,Closed,2026-05-12T15:35:08Z,2026-05-12T16:10:36Z,35
1840826,West,BATHINDA,STADIUM,Unplanned,Closed,2026-05-12T15:33:48Z,2026-05-12T16:23:29Z,49
1840825,West,BATHINDA,MATA JIVI NAGAR,Unplanned,Closed,2026-05-12T15:33:48Z,2026-05-12T16:23:55Z,50
1840824,West,BATHINDA,BABA FARID NAGAR,Unplanned,Closed,2026-05-12T15:33:48Z,2026-05-12T16:23:58Z,50
1840823,West,BATHINDA,Relience Market,Unplanned,Closed,2026-05-12T15:33:48Z,2026-05-12T16:19:06Z,45
1840822,West,BATHINDA,KAMLA NEHRU,Unplanned,Closed,2026-05-12T15:33:48Z,2026-05-12T16:24:01Z,50
1840821,West,BATHINDA,Polytechnic,Unplanned,Closed,2026-05-12T15:33:48Z,2026-05-12T16:24:04Z,50
1840820,West,BATHINDA,DAYA NAND,Unplanned,Closed,2026-05-12T15:33:48Z,2026-05-12T16:18:53Z,45
1840819,West,BATHINDA,SHIV COLONY,Unplanned,Closed,2026-05-12T15:33:48Z,2026-05-12T16:18:50Z,45
1840818,West,BATHINDA,FOUJI CHOWK,Unplanned,Closed,2026-05-12T15:33:48Z,2026-05-12T16:18:47Z,44
1840817,West,BATHINDA,11 KV WATER WORKS,Unplanned,Closed,2026-05-12T15:33:48Z,2026-05-12T16:18:44Z,44
1840816,West,BATHINDA,MODEL TOWN PHASE-4&5,Unplanned,Closed,2026-05-12T15:33:48Z,2026-05-12T16:18:41Z,44
1840815,West,BATHINDA,TIN KONI,Unplanned,Closed,2026-05-12T15:33:48Z,2026-05-12T16:18:37Z,44
1840814,West,BATHINDA,Patel Nagar,Unplanned,Closed,2026-05-12T15:33:48Z,2026-05-12T16:18:33Z,44
1840813,West,BATHINDA,BALLA RAM NAGAR,Unplanned,Closed,2026-05-12T15:33:48Z,2026-05-12T16:18:30Z,44
1840812,West,BATHINDA,GANESHA BASTI,Unplanned,Closed,2026-05-12T15:33:48Z,2026-05-12T16:18:26Z,44
1840811,West,BATHINDA,GREEN CITY,Unplanned,Closed,2026-05-12T15:33:48Z,2026-05-12T16:18:22Z,44
1840810,West,BATHINDA,M.E.S.(STANDBY) /WATER WORKS,Unplanned,Closed,2026-05-12T15:33:48Z,2026-05-12T16:24:10Z,50
1840809,West,BATHINDA,SHAKTI VIHAR,Unplanned,Closed,2026-05-12T15:33:48Z,2026-05-12T16:18:11Z,44
1840769,Border,SUB URBAN AMRITSAR,INDUSTRY MAJITHA,Unplanned,Closed,2026-05-12T15:33:05Z,2026-05-12T17:50:18Z,137
1840788,West,BATHINDA,11KV THAKUR COLONY,Unplanned,Closed,2026-05-12T15:32:18Z,2026-05-12T16:23:07Z,50
1840787,West,BATHINDA,11 KV DHOBI BAZAR,Unplanned,Closed,2026-05-12T15:32:18Z,2026-05-12T16:23:09Z,50
1840786,West,BATHINDA,11KV KANHAIYA CHOWK,Unplanned,Closed,2026-05-12T15:32:18Z,2026-05-12T16:23:15Z,50
1840785,West,BATHINDA,11 KV ZILA PARISHAD,Unplanned,Closed,2026-05-12T15:32:18Z,2026-05-12T16:23:19Z,51
1840784,West,BATHINDA,11 KV NAI BASTI,Unplanned,Closed,2026-05-12T15:32:18Z,2026-05-12T16:23:22Z,51
1840783,West,BATHINDA,11 KV MALL ROAD,Unplanned,Closed,2026-05-12T15:32:18Z,2026-05-12T16:23:26Z,51
1840765,West,MUKATSAR,Ferozepur Road,Unplanned,Closed,2026-05-12T15:31:29Z,2026-05-12T17:02:54Z,91
1840761,Border,GURDASPUR,SHANTI NAGAR,Planned,Closed,2026-05-12T15:28:00Z,2026-05-12T15:53:00Z,25
1840757,North,JALANDHAR,Pandori,Planned,Closed,2026-05-12T15:27:00Z,2026-05-12T16:08:00Z,41
1840762,South,SANGRUR,ARNO,Unplanned,Closed,2026-05-12T15:25:43Z,2026-05-12T15:28:08Z,2
1840763,South,SANGRUR,ARNO UPS,Unplanned,Closed,2026-05-12T15:25:38Z,2026-05-12T17:49:52Z,144
1840764,South,SANGRUR,MUJAIL FARM,Unplanned,Closed,2026-05-12T15:25:22Z,2026-05-12T17:49:44Z,144
1840756,North,JALANDHAR,BADALA,Planned,Closed,2026-05-12T15:25:00Z,2026-05-12T16:04:00Z,39
1840772,West,FARIDKOT,11KV RADHA KRISHAN,Unplanned,Closed,2026-05-12T15:20:00Z,2026-05-12T15:45:00Z,25
1840759,North,HOSHIARPUR,POSSI,Unplanned,Closed,2026-05-12T15:20:00Z,2026-05-12T15:55:00Z,35
1840758,North,HOSHIARPUR,MAZARA DINGRIAN,Unplanned,Closed,2026-05-12T15:20:00Z,2026-05-12T15:55:00Z,35
1840760,North,HOSHIARPUR,SALLAN,Unplanned,Closed,2026-05-12T15:15:00Z,2026-05-12T16:50:00Z,95
1840790,Border,GURDASPUR,BhojRaj,Unplanned,Closed,2026-05-12T15:10:00Z,2026-05-12T16:10:00Z,60
1840755,North,HOSHIARPUR,PENSRA,Unplanned,Closed,2026-05-12T15:10:00Z,2026-05-12T15:20:00Z,10
1840725,Border,GURDASPUR,KOT BHALLA,Unplanned,Closed,2026-05-12T15:07:00Z,2026-05-12T15:24:00Z,17
1840744,North,KAPURTHALA,UPS Fajalpur,Planned,Closed,2026-05-12T15:05:00Z,2026-05-12T16:50:00Z,105
1840724,Border,GURDASPUR,Thind Dhariwal,Unplanned,Closed,2026-05-12T15:04:00Z,2026-05-12T16:15:00Z,71
1840721,Border,GURDASPUR,I.T.I,Unplanned,Closed,2026-05-12T15:04:00Z,2026-05-12T16:15:00Z,71
1840727,North,NAWANSHAHR,RAIPUR GUJJRAN,Unplanned,Closed,2026-05-12T15:03:00Z,2026-05-12T16:26:00Z,83
1840728,South,PATIALA,GAJJU KHERA URBAN,Unplanned,Closed,2026-05-12T15:01:00Z,2026-05-12T15:14:00Z,13
1840726,Central,CITY WEST LUDHIANA,BHAI HIMAT SINGH NAGAR,Unplanned,Closed,2026-05-12T15:00:43Z,2026-05-12T15:50:52Z,50
1840718,Border,GURDASPUR,Babbri Nangal,Unplanned,Closed,2026-05-12T15:00:00Z,2026-05-12T15:30:00Z,30
1840753,South,PATIALA,Bhoglan Road,Unplanned,Closed,2026-05-12T14:55:00Z,2026-05-12T18:05:00Z,190
1840722,South,PATIALA,11 KV Water Works,Unplanned,Closed,2026-05-12T14:55:00Z,2026-05-12T16:25:00Z,90
1840720,South,PATIALA,INDUSTRIAL 1,Unplanned,Closed,2026-05-12T14:55:00Z,2026-05-12T18:05:00Z,190
1840708,East,Zirakpur,DEEPAK PIPE,Planned,Closed,2026-05-12T14:55:00Z,2026-05-12T15:09:00Z,14
1840716,North,NAWANSHAHR,BHARTHALA (GAHOON),Unplanned,Closed,2026-05-12T14:53:00Z,2026-05-12T15:53:00Z,60
1840710,Central,CITY EAST LUDHIANA,SAHIBANA,Unplanned,Closed,2026-05-12T14:53:00Z,2026-05-12T15:30:00Z,37
1840719,West,MUKATSAR,Malout Road,Unplanned,Closed,2026-05-12T14:51:11Z,2026-05-12T15:42:10Z,50
1840723,Border,GURDASPUR,Udhanwal,Planned,Closed,2026-05-12T14:50:00Z,2026-05-12T16:15:00Z,85
1840712,Border,GURDASPUR,Rura Butter,Unplanned,Closed,2026-05-12T14:50:00Z,2026-05-12T16:45:00Z,115
1840711,Border,GURDASPUR,Bhattian,Unplanned,Closed,2026-05-12T14:50:00Z,2026-05-12T16:45:00Z,115
1840709,Border,GURDASPUR,DHINDSA,Unplanned,Closed,2026-05-12T14:50:00Z,2026-05-12T16:45:00Z,115
1840717,West,BATHINDA,11 KV DEEP SINGH NAGAR,Unplanned,Closed,2026-05-12T14:46:00Z,2026-05-12T15:10:00Z,24
1840707,East,MOHALI,11 KV BATHLANA UPS,Unplanned,Closed,2026-05-12T14:45:50Z,2026-05-12T15:30:16Z,44
1840715,Border,GURDASPUR,Jaswan,Unplanned,Closed,2026-05-12T14:45:00Z,2026-05-12T15:05:00Z,20
1840714,Border,GURDASPUR,N.J.Singh 24hrs,Unplanned,Closed,2026-05-12T14:45:00Z,2026-05-12T15:05:00Z,20
1840713,Border,GURDASPUR,BOP Tash,Unplanned,Closed,2026-05-12T14:45:00Z,2026-05-12T15:05:00Z,20
1840701,North,JALANDHAR,11KV NIKKU PARK,Unplanned,Closed,2026-05-12T14:45:00Z,2026-05-12T15:10:00Z,25
1840698,North,JALANDHAR,UNIVERSIY,Planned,Closed,2026-05-12T14:42:00Z,2026-05-12T15:14:00Z,32
1840695,North,JALANDHAR,WADALA (R),Unplanned,Closed,2026-05-12T14:42:00Z,2026-05-12T15:12:00Z,30
1840700,West,BATHINDA,MEHTA,Unplanned,Closed,2026-05-12T14:40:00Z,2026-05-12T15:01:39Z,21
1840692,South,SANGRUR,11KV JHARON ROAD,Unplanned,Closed,2026-05-12T14:39:46Z,2026-05-12T17:26:55Z,167
1840693,South,SANGRUR,11 kv Gurusar AP,Unplanned,Closed,2026-05-12T14:39:23Z,2026-05-12T17:26:35Z,167
1840690,North,KAPURTHALA,GUDANI UPS,Unplanned,Closed,2026-05-12T14:38:00Z,2026-05-12T14:40:00Z,2
1840689,North,KAPURTHALA,UPS HOTHIAN,Unplanned,Closed,2026-05-12T14:38:00Z,2026-05-12T14:44:00Z,6
1840680,Central,CITY WEST LUDHIANA,JVR,Planned,Closed,2026-05-12T14:33:27Z,2026-05-12T14:50:42Z,17
1840683,West,MUKATSAR,Sito Road,Unplanned,Closed,2026-05-12T14:33:00Z,2026-05-12T14:41:10Z,8
1840686,West,BATHINDA,BAGHA,Unplanned,Closed,2026-05-12T14:32:00Z,2026-05-12T15:10:00Z,38
1840696,South,PATIALA,GHANAUR,Unplanned,Closed,2026-05-12T14:30:00Z,2026-05-12T15:00:05Z,30
1840687,Border,GURDASPUR,Paroshah,Unplanned,Closed,2026-05-12T14:30:00Z,2026-05-12T16:10:00Z,100
1840684,South,PATIALA,JAMITGARH UPS,Unplanned,Closed,2026-05-12T14:30:00Z,2026-05-12T15:30:14Z,60
1840662,East,Zirakpur,11 KV AURA GAZANIA,Planned,Closed,2026-05-12T14:30:00Z,2026-05-12T17:30:00Z,180
1840661,East,Zirakpur,HLP,Planned,Closed,2026-05-12T14:30:00Z,2026-05-12T17:30:00Z,180
1840660,East,Zirakpur,AMELIA,Planned,Closed,2026-05-12T14:30:00Z,2026-05-12T17:30:00Z,180
1840652,East,Zirakpur,ANANTA,Planned,Closed,2026-05-12T14:30:00Z,2026-05-12T17:30:00Z,180
1840648,East,Zirakpur,PEER BABA ROAD,Planned,Closed,2026-05-12T14:30:00Z,2026-05-12T17:30:00Z,180
1840646,East,Zirakpur,11 KV AMBALA ROAD,Planned,Closed,2026-05-12T14:30:00Z,2026-05-12T17:30:00Z,180
1840645,East,Zirakpur,M.E.S,Planned,Closed,2026-05-12T14:30:00Z,2026-05-12T17:30:00Z,180
1840644,East,Zirakpur,SKYLAR HOME,Planned,Closed,2026-05-12T14:30:00Z,2026-05-12T17:30:00Z,180
1840643,East,Zirakpur,SILVERCITY,Planned,Closed,2026-05-12T14:30:00Z,2026-05-12T17:30:00Z,180
1840641,East,Zirakpur,Jaskaran,Planned,Closed,2026-05-12T14:30:00Z,2026-05-12T17:30:00Z,180
1840639,East,Zirakpur,RANBAXY,Planned,Closed,2026-05-12T14:30:00Z,2026-05-12T17:30:00Z,180
1840636,East,Zirakpur,SINGHPURA,Planned,Closed,2026-05-12T14:30:00Z,2026-05-12T17:30:00Z,180
1840634,East,Zirakpur,Sukhmani Sahib,Planned,Closed,2026-05-12T14:30:00Z,2026-05-12T17:30:00Z,180
1840632,East,Zirakpur,ASSTHA,Planned,Closed,2026-05-12T14:30:00Z,2026-05-12T17:30:00Z,180
1840688,Border,GURDASPUR,UBDC,Unplanned,Closed,2026-05-12T14:28:00Z,2026-05-12T15:58:00Z,90
1840685,Border,GURDASPUR,SOHAL,Unplanned,Closed,2026-05-12T14:28:00Z,2026-05-12T15:58:00Z,90
1840681,Border,GURDASPUR,TRIZA NAGAR UPS,Unplanned,Closed,2026-05-12T14:28:00Z,2026-05-12T15:58:00Z,90
1840682,North,HOSHIARPUR,MEGHOWAL,Unplanned,Closed,2026-05-12T14:27:00Z,2026-05-12T15:10:00Z,43
1840678,North,JALANDHAR,NURPUR UPS,Unplanned,Closed,2026-05-12T14:26:00Z,2026-05-12T14:55:00Z,29
1840676,North,HOSHIARPUR,CHAK KHELA,Unplanned,Closed,2026-05-12T14:21:00Z,2026-05-12T14:48:00Z,27
1840674,Border,GURDASPUR,BATHWALA,Planned,Closed,2026-05-12T14:21:00Z,2026-05-12T18:00:00Z,219
1840673,Border,GURDASPUR,Peeranbagh,Planned,Closed,2026-05-12T14:21:00Z,2026-05-12T18:00:00Z,219
1840672,Border,GURDASPUR,Kalanangal,Planned,Closed,2026-05-12T14:21:00Z,2026-05-12T18:00:00Z,219
1840705,South,BARNALA,WAZIDKE 24 HRS,Planned,Closed,2026-05-12T14:20:00Z,2026-05-12T15:30:00Z,70
1840704,South,BARNALA,11 KV UPS KHIALI,Planned,Closed,2026-05-12T14:20:00Z,2026-05-12T15:30:00Z,70
1840697,West,FARIDKOT,11 KV NIHAL SINGH WALA CAT-01,Unplanned,Closed,2026-05-12T14:20:00Z,2026-05-12T18:15:00Z,235
1840679,West,MUKATSAR,Bhatti Colony,Unplanned,Closed,2026-05-12T14:20:00Z,2026-05-12T14:55:00Z,35
1840675,Border,GURDASPUR,Pioneer Agro,Unplanned,Closed,2026-05-12T14:19:00Z,2026-05-12T14:40:00Z,21
1840671,Border,SUB URBAN AMRITSAR,INDUSTRY MAJITHA,Unplanned,Closed,2026-05-12T14:16:24Z,2026-05-12T14:56:45Z,40
1840677,North,JALANDHAR,UDHOPUR,Unplanned,Closed,2026-05-12T14:15:00Z,2026-05-12T22:20:00Z,485
1840670,North,NAWANSHAHR,LOHAT,Unplanned,Closed,2026-05-12T14:10:00Z,2026-05-12T15:10:00Z,60
1840669,West,BATHINDA,Kotra UPS,Unplanned,Closed,2026-05-12T14:10:00Z,2026-05-12T15:32:00Z,82
1840668,Central,CITY WEST LUDHIANA,JVR,Planned,Closed,2026-05-12T14:08:24Z,2026-05-12T14:26:11Z,17
1840665,Border,SUB URBAN AMRITSAR,Mallan Wali,Unplanned,Closed,2026-05-12T14:02:00Z,2026-05-12T14:40:00Z,38
1840638,South,SANGRUR,11 KV Gehlan C-1,Planned,Closed,2026-05-12T14:00:38Z,2026-05-12T16:00:38Z,120
1840637,South,SANGRUR,11 kv Rasulpur channa UPS,Planned,Closed,2026-05-12T14:00:38Z,2026-05-12T16:00:38Z,120
1840667,South,PATIALA,Jagdish Colony,Unplanned,Closed,2026-05-12T14:00:00Z,2026-05-12T14:34:00Z,34
1840658,North,KAPURTHALA,UPS DALLA,Planned,Closed,2026-05-12T14:00:00Z,2026-05-12T15:30:00Z,90
1840664,South,PATIALA,11 KV AP NOOR KHERIAN,Unplanned,Closed,2026-05-12T13:55:00Z,2026-05-12T14:55:28Z,60
1840663,South,PATIALA,DAUN KALAN B.Garh RAZA FARM,Unplanned,Closed,2026-05-12T13:55:00Z,2026-05-12T15:05:04Z,70
1840655,Central,KHANNA,GT ROAD,Unplanned,Closed,2026-05-12T13:55:00Z,2026-05-12T15:11:00Z,76
1840666,East,ROPAR,UPS2,Unplanned,Closed,2026-05-12T13:50:00Z,2026-05-12T16:25:00Z,155
1840659,Border,TARN TARAN,SUGAR MILL,Unplanned,Closed,2026-05-12T13:50:00Z,2026-05-12T17:40:00Z,230
1840657,Border,TARN TARAN,SHERON UPS,Unplanned,Closed,2026-05-12T13:50:00Z,2026-05-12T17:40:00Z,230
1840656,North,JALANDHAR,RAIWAY WORKSHOP,Unplanned,Closed,2026-05-12T13:50:00Z,2026-05-12T14:10:00Z,20
1840654,South,PATIALA,11 KV AP MOHBATPUR,Unplanned,Closed,2026-05-12T13:50:00Z,2026-05-12T14:55:02Z,65
1840650,North,KAPURTHALA,UPS Malri,Unplanned,Closed,2026-05-12T13:50:00Z,2026-05-12T14:55:00Z,65
1840651,West,BATHINDA,BUGGAR,Unplanned,Closed,2026-05-12T13:46:00Z,2026-05-12T14:35:00Z,49
1840767,West,MUKATSAR,440 KV Goneana,Unplanned,Closed,2026-05-12T13:45:00Z,2026-05-12T17:15:00Z,210
1840754,West,MUKATSAR,GONIANA,Unplanned,Closed,2026-05-12T13:45:00Z,2026-05-12T14:10:00Z,25
1840653,North,JALANDHAR,JYOTI CHOWK,Unplanned,Closed,2026-05-12T13:42:00Z,2026-05-12T14:42:00Z,60
1840640,East,MOHALI,11 KV 63 A,Unplanned,Closed,2026-05-12T13:42:00Z,2026-05-12T14:02:10Z,20
1840631,West,MUKATSAR,BAHAVAL BASI,Unplanned,Closed,2026-05-12T13:40:00Z,2026-05-12T14:01:00Z,21
1840649,Border,TARN TARAN,Khadoor Sahib URBAN.,Unplanned,Closed,2026-05-12T13:35:00Z,2026-05-12T13:55:00Z,20
1840633,South,PATIALA,MAJAL KALAN,Unplanned,Closed,2026-05-12T13:33:00Z,2026-05-12T15:55:16Z,142
1840647,South,PATIALA,SYL (F.P),Unplanned,Closed,2026-05-12T13:32:00Z,2026-05-12T14:05:00Z,33
1839259,Central,SUB URBAN LUDHIANA,SAHARAN MAJRA UPS,Planned,Closed,2026-05-12T13:32:00Z,2026-05-12T18:40:00Z,308
1840630,West,BATHINDA,BAGHA,Planned,Closed,2026-05-12T13:30:00Z,2026-05-12T14:30:00Z,60
1840624,Border,SUB URBAN AMRITSAR,Satnam Nagar,Planned,Closed,2026-05-12T13:29:39Z,2026-05-12T17:39:23Z,249
1840642,West,FARIDKOT,11 KV INDUSTRY,Unplanned,Closed,2026-05-12T13:26:00Z,2026-05-12T14:13:00Z,47
1840635,West,FARIDKOT,11 KV MUDKI ROAD CAT-02,Unplanned,Closed,2026-05-12T13:26:00Z,2026-05-12T14:13:00Z,47
1840628,North,JALANDHAR,MALKO,Unplanned,Closed,2026-05-12T13:25:00Z,2026-05-12T14:07:00Z,42
1840627,North,JALANDHAR,GADDO WALI,Unplanned,Closed,2026-05-12T13:25:00Z,2026-05-12T14:07:00Z,42
1840623,Border,SUB URBAN AMRITSAR,Bhararri Wal,Planned,Closed,2026-05-12T13:24:08Z,2026-05-12T17:47:41Z,263
1840621,Central,CITY EAST LUDHIANA,BAL SINGH NAGAR,Planned,Closed,2026-05-12T13:22:00Z,2026-05-12T15:00:00Z,98
1840620,Central,CITY EAST LUDHIANA,FARID NAGAR,Planned,Closed,2026-05-12T13:22:00Z,2026-05-12T15:00:00Z,98
1840619,Central,CITY EAST LUDHIANA,BASTI JODHEWAL,Planned,Closed,2026-05-12T13:22:00Z,2026-05-12T15:00:00Z,98
1840626,Central,KHANNA,Amloh Road,Unplanned,Closed,2026-05-12T13:21:00Z,2026-05-12T14:10:00Z,49
1840609,Border,SUB URBAN AMRITSAR,Central Jaail,Planned,Closed,2026-05-12T13:19:27Z,2026-05-12T17:48:41Z,269
1840622,West,MUKATSAR,11KV Fattanwala Road.,Unplanned,Closed,2026-05-12T13:12:00Z,2026-05-12T13:59:00Z,47
1840617,West,BATHINDA,ABLU,Unplanned,Closed,2026-05-12T13:12:00Z,2026-05-12T18:20:00Z,308
1840629,Border,GURDASPUR,Withwan,Unplanned,Closed,2026-05-12T13:11:00Z,2026-05-12T16:40:00Z,209
1840618,Border,GURDASPUR,11 KV Shahabpura Road,Planned,Closed,2026-05-12T13:10:00Z,2026-05-12T15:25:00Z,135
1840616,Border,TARN TARAN,JAWANDY KHURD,Unplanned,Closed,2026-05-12T13:10:00Z,2026-05-12T13:55:00Z,45
1840608,West,MUKATSAR,11 KV Bhagsar UPS,Unplanned,Closed,2026-05-12T13:10:00Z,2026-05-12T13:35:00Z,25
1840607,West,MUKATSAR,11 KV SARDARPURA UPS,Unplanned,Closed,2026-05-12T13:10:00Z,2026-05-12T13:35:00Z,25
1840604,South,BARNALA,KUTHALA FOCAL POINT,Planned,Closed,2026-05-12T13:10:00Z,2026-05-12T15:10:00Z,120
1840606,North,NAWANSHAHR,Apra,Unplanned,Closed,2026-05-12T13:07:00Z,2026-05-12T13:30:00Z,23
1840603,West,BATHINDA,Chowke,Unplanned,Closed,2026-05-12T13:05:00Z,2026-05-12T14:55:00Z,110
1840601,North,NAWANSHAHR,BADESARON,Unplanned,Closed,2026-05-12T13:05:00Z,2026-05-12T14:56:00Z,111
1840625,North,JALANDHAR,BASANT HILLS,Planned,Closed,2026-05-12T13:02:00Z,2026-05-12T14:16:00Z,74
1840602,Central,KHANNA,Bija Urban,Unplanned,Closed,2026-05-12T13:02:00Z,2026-05-12T15:43:00Z,161
1840615,East,MOHALI,BASMA,Unplanned,Closed,2026-05-12T13:01:00Z,2026-05-12T15:54:12Z,173
1840614,East,MOHALI,GHARAMA AP,Unplanned,Closed,2026-05-12T13:01:00Z,2026-05-12T15:54:46Z,173
1840613,East,MOHALI,KHERIGURNA AP,Unplanned,Closed,2026-05-12T13:01:00Z,2026-05-12T15:54:54Z,173
1840612,East,MOHALI,SIGMA,Unplanned,Closed,2026-05-12T13:01:00Z,2026-05-12T15:55:00Z,174
1840611,East,MOHALI,LOGISTIC,Unplanned,Closed,2026-05-12T13:01:00Z,2026-05-12T15:55:07Z,174
1840610,East,MOHALI,MOHIKALAN UPS,Unplanned,Closed,2026-05-12T13:01:00Z,2026-05-12T15:55:13Z,174
1840590,Border,TARN TARAN,PANDORI SIDHWAN,Unplanned,Closed,2026-05-12T13:00:53Z,2026-05-12T13:25:04Z,24
1840589,Border,TARN TARAN,PANDORI RAMANA,Unplanned,Closed,2026-05-12T13:00:22Z,2026-05-12T13:25:40Z,25
1839762,East,Zirakpur,NABHA SAHIB,Planned,Closed,2026-05-12T13:00:00Z,2026-05-12T14:50:00Z,110
1839761,East,Zirakpur,SAVITRYGREEN,Planned,Closed,2026-05-12T13:00:00Z,2026-05-12T14:50:00Z,110
1839760,East,Zirakpur,GREEN LOTUS,Planned,Closed,2026-05-12T13:00:00Z,2026-05-12T14:50:00Z,110
1839759,East,Zirakpur,11 kv Japuria Feeder,Planned,Closed,2026-05-12T13:00:00Z,2026-05-12T14:50:00Z,110
1839758,East,Zirakpur,ZIRAKPUR-2,Planned,Closed,2026-05-12T13:00:00Z,2026-05-12T14:50:00Z,110
1839596,Central,CITY EAST LUDHIANA,NEW MADHOPURI,Planned,Closed,2026-05-12T13:00:00Z,2026-05-12T15:00:00Z,120
1839595,Central,CITY EAST LUDHIANA,70 FUTTA ROAD,Planned,Closed,2026-05-12T13:00:00Z,2026-05-12T15:00:00Z,120
1839594,Central,CITY EAST LUDHIANA,KIRPAL NAGAR,Planned,Closed,2026-05-12T13:00:00Z,2026-05-12T15:00:00Z,120
1839592,Central,CITY EAST LUDHIANA,WESTION,Planned,Closed,2026-05-12T13:00:00Z,2026-05-12T15:00:00Z,120
1839591,Central,CITY EAST LUDHIANA,DAULAT COLONY,Planned,Closed,2026-05-12T13:00:00Z,2026-05-12T15:00:00Z,120
1839590,Central,CITY EAST LUDHIANA,ASHOKA,Planned,Closed,2026-05-12T13:00:00Z,2026-05-12T15:00:00Z,120
1839589,Central,CITY EAST LUDHIANA,Jagat Nagar,Planned,Closed,2026-05-12T13:00:00Z,2026-05-12T15:00:00Z,120
1839588,Central,CITY EAST LUDHIANA,NAVKAR,Planned,Closed,2026-05-12T13:00:00Z,2026-05-12T15:00:00Z,120
1840596,West,FARIDKOT,11 KV BAGHAPURANA URBAN CAT-01,Unplanned,Closed,2026-05-12T12:58:00Z,2026-05-12T13:22:00Z,24
1840595,North,JALANDHAR,KALI MATA MANDIR,Unplanned,Closed,2026-05-12T12:58:00Z,2026-05-12T14:38:00Z,100
1840587,North,JALANDHAR,11 KV BABA MOHAN DASS NAGAR,Unplanned,Closed,2026-05-12T12:57:40Z,2026-05-12T13:15:00Z,17
1840586,North,JALANDHAR,11 KV New Amrit Vihar,Unplanned,Closed,2026-05-12T12:56:40Z,2026-05-12T13:15:00Z,18
1840597,North,JALANDHAR,King city,Unplanned,Closed,2026-05-12T12:56:00Z,2026-05-12T13:28:00Z,32
1840591,North,JALANDHAR,HARIPUR,Unplanned,Closed,2026-05-12T12:55:00Z,2026-05-12T13:15:00Z,20
1840593,North,NAWANSHAHR,IBRAHIMPUR,Unplanned,Closed,2026-05-12T12:52:00Z,2026-05-12T13:10:00Z,18
1840598,East,MOHALI,11KV DERRI UPS,Unplanned,Closed,2026-05-12T12:50:00Z,2026-05-12T13:30:09Z,40
1840594,Border,GURDASPUR,TALWANDI,Unplanned,Closed,2026-05-12T12:50:00Z,2026-05-12T13:55:00Z,65
1840592,North,NAWANSHAHR,Dagham,Unplanned,Closed,2026-05-12T12:50:00Z,2026-05-12T13:12:00Z,22
1840588,Border,GURDASPUR,Jafferwal,Unplanned,Closed,2026-05-12T12:50:00Z,2026-05-12T13:55:00Z,65
1840585,Border,GURDASPUR,Trimmo Road,Unplanned,Closed,2026-05-12T12:50:00Z,2026-05-12T13:34:00Z,44
1840582,East,ROPAR,11KV Dugri,Unplanned,Closed,2026-05-12T12:46:00Z,2026-05-12T13:31:00Z,45
1840581,South,PATIALA,BAGRIAN CAT-1,Unplanned,Closed,2026-05-12T12:46:00Z,2026-05-12T13:35:00Z,49
1840584,North,JALANDHAR,RING MAIN,Unplanned,Closed,2026-05-12T12:45:00Z,2026-05-12T13:45:00Z,60
1840605,West,MUKATSAR,HARIKE KALAN UPS,Unplanned,Closed,2026-05-12T12:42:00Z,2026-05-12T19:55:00Z,433
1840578,North,HOSHIARPUR,11KV MILK PLANT,Unplanned,Closed,2026-05-12T12:40:00Z,2026-05-12T13:55:00Z,75
1840576,West,FARIDKOT,LOHARA RURAL,Unplanned,Closed,2026-05-12T12:39:57Z,2026-05-12T16:10:36Z,210
1840600,South,PATIALA,11 KV BEHIL FEEDER,Unplanned,Closed,2026-05-12T12:35:00Z,2026-05-12T13:25:00Z,50
1840579,North,NAWANSHAHR,BULLEWAL,Unplanned,Closed,2026-05-12T12:35:00Z,2026-05-12T12:55:00Z,20
1840571,West,FARIDKOT,DOSANJ UPS,Unplanned,Closed,2026-05-12T12:34:56Z,2026-05-12T13:37:41Z,62
1840570,West,FARIDKOT,AKALSAR,Unplanned,Closed,2026-05-12T12:34:56Z,2026-05-12T14:06:45Z,91
1840575,South,PATIALA,MAGGAR,Unplanned,Closed,2026-05-12T12:30:09Z,2026-05-12T13:05:07Z,34
1840599,South,PATIALA,11 KV CHORA,Unplanned,Closed,2026-05-12T12:30:00Z,2026-05-12T13:20:00Z,50
1840580,North,JALANDHAR,NIJJRAN,Unplanned,Closed,2026-05-12T12:30:00Z,2026-05-12T15:35:00Z,185
1840573,West,FARIDKOT,11 KV  CHANNU WALA UPS,Unplanned,Closed,2026-05-12T12:29:00Z,2026-05-12T13:12:00Z,43
1840572,West,FARIDKOT,11 KV MARIMUSTAFA-U,Unplanned,Closed,2026-05-12T12:29:00Z,2026-05-12T13:12:00Z,43
1840563,Central,CITY EAST LUDHIANA,MUNDIAN,Unplanned,Closed,2026-05-12T12:29:00Z,2026-05-12T13:10:00Z,41
1840554,West,BATHINDA,11 KV DEEP SINGH NAGAR,Planned,Closed,2026-05-12T12:28:00Z,2026-05-12T12:35:00Z,7
1840565,South,SANGRUR,Gaushala Road,Unplanned,Closed,2026-05-12T12:27:00Z,2026-05-12T12:54:00Z,27
1840564,South,SANGRUR,City-I,Unplanned,Closed,2026-05-12T12:27:00Z,2026-05-12T12:54:00Z,27
1840569,East,ROPAR,SAIDPUR,Unplanned,Closed,2026-05-12T12:25:00Z,2026-05-12T13:22:00Z,57
1840568,West,BATHINDA,Kotra UPS,Unplanned,Closed,2026-05-12T12:25:00Z,2026-05-12T13:20:00Z,55
1840567,North,KAPURTHALA,URBAN NADALA,Unplanned,Closed,2026-05-12T12:25:00Z,2026-05-12T14:27:00Z,122
1840566,Border,SUB URBAN AMRITSAR,BABA BUDHA SAHIB,Unplanned,Closed,2026-05-12T12:25:00Z,2026-05-12T13:50:00Z,85
1840552,West,BATHINDA,MODEL TOWN PHASE-4&5,Unplanned,Closed,2026-05-12T12:25:00Z,2026-05-12T13:45:00Z,80
1840561,North,JALANDHAR,GILL COLONY,Unplanned,Closed,2026-05-12T12:23:00Z,2026-05-12T13:42:00Z,79
1840583,Border,TARN TARAN,BOHRU UPS,Unplanned,Closed,2026-05-12T12:20:00Z,2026-05-12T17:40:00Z,320
1840557,North,HOSHIARPUR,LACHOWAL,Unplanned,Closed,2026-05-12T12:20:00Z,2026-05-12T12:40:00Z,20
1840556,North,HOSHIARPUR,BAINS KHURD,Unplanned,Closed,2026-05-12T12:20:00Z,2026-05-12T12:40:00Z,20
1840555,North,HOSHIARPUR,RAMPUR,Unplanned,Closed,2026-05-12T12:20:00Z,2026-05-12T12:40:00Z,20
1840553,North,HOSHIARPUR,UPS katrala,Unplanned,Closed,2026-05-12T12:20:00Z,2026-05-12T12:50:00Z,30
1840577,West,BATHINDA,LEHRA SONDHA,Planned,Closed,2026-05-12T12:15:00Z,2026-05-12T13:44:00Z,89
1840546,Border,TARN TARAN,KAROWAL,Unplanned,Closed,2026-05-12T12:15:00Z,2026-05-12T13:15:00Z,60
1840539,South,SANGRUR,11KV UPS DHARMGARH,Planned,Closed,2026-05-12T12:10:33Z,2026-05-12T16:06:53Z,236
1840574,Border,TARN TARAN,24 HRS CHUTALA,Unplanned,Closed,2026-05-12T12:10:00Z,2026-05-12T15:50:00Z,220
1840544,North,NAWANSHAHR,PANDORI,Unplanned,Closed,2026-05-12T12:07:00Z,2026-05-12T13:02:00Z,55
1840542,North,NAWANSHAHR,LOHAT,Unplanned,Closed,2026-05-12T12:05:00Z,2026-05-12T12:25:00Z,20
1840540,Central,CITY EAST LUDHIANA,SAHIBANA,Unplanned,Closed,2026-05-12T12:05:00Z,2026-05-12T13:00:00Z,55
1840543,East,MOHALI,DHARAMGARH,Unplanned,Closed,2026-05-12T12:02:00Z,2026-05-12T12:57:00Z,55
1840541,North,JALANDHAR,GHAI NAGAR,Unplanned,Closed,2026-05-12T12:01:00Z,2026-05-12T12:08:00Z,7
1840533,North,HOSHIARPUR,11 KV Bhikhowal,Unplanned,Closed,2026-05-12T11:55:00Z,2026-05-12T12:10:00Z,15
1840532,North,HOSHIARPUR,11 KV KAILON,Unplanned,Closed,2026-05-12T11:55:00Z,2026-05-12T12:10:00Z,15
1840530,North,HOSHIARPUR,SOTLA,Unplanned,Closed,2026-05-12T11:55:00Z,2026-05-12T12:10:00Z,15
1840529,North,HOSHIARPUR,BAGPUR,Unplanned,Closed,2026-05-12T11:55:00Z,2026-05-12T12:10:00Z,15
1840527,North,HOSHIARPUR,KHUN KHUN,Unplanned,Closed,2026-05-12T11:55:00Z,2026-05-12T12:10:00Z,15
1840525,Central,CITY WEST LUDHIANA,BAROTA ROAD,Unplanned,Closed,2026-05-12T11:51:24Z,2026-05-12T12:25:12Z,33
1840536,North,NAWANSHAHR,PARAGPUR,Unplanned,Closed,2026-05-12T11:50:00Z,2026-05-12T12:48:00Z,58
1840531,North,HOSHIARPUR,PAKHOWAL,Unplanned,Closed,2026-05-12T11:50:00Z,2026-05-12T12:30:00Z,40
1840524,Border,GURDASPUR,Malpur,Unplanned,Closed,2026-05-12T11:50:00Z,2026-05-12T11:58:00Z,8
1840523,Border,GURDASPUR,Chakral,Unplanned,Closed,2026-05-12T11:50:00Z,2026-05-12T11:58:00Z,8
1840526,West,MUKATSAR,11 KV TARA ESTATE,Unplanned,Closed,2026-05-12T11:48:03Z,2026-05-12T12:23:11Z,35
1840518,Central,CITY WEST LUDHIANA,DUGRI,Planned,Closed,2026-05-12T11:46:39Z,2026-05-12T13:28:02Z,101
1840538,West,FARIDKOT,11 KV RANSHIH KALAN-UPS,Unplanned,Closed,2026-05-12T11:45:00Z,2026-05-12T18:40:00Z,415
1840537,East,MOHALI,11kv Saidpura,Unplanned,Closed,2026-05-12T11:45:00Z,2026-05-12T12:25:18Z,40
1840535,East,MOHALI,11 KV CHADIALA UPS,Unplanned,Closed,2026-05-12T11:45:00Z,2026-05-12T12:25:18Z,40
1840534,East,MOHALI,11 KV GIDDARPUR AP,Unplanned,Closed,2026-05-12T11:45:00Z,2026-05-12T12:25:15Z,40
1840517,North,HOSHIARPUR,DAM,Unplanned,Closed,2026-05-12T11:45:00Z,2026-05-12T11:55:00Z,10
1840516,Border,GURDASPUR,City Ptk.,Unplanned,Closed,2026-05-12T11:45:00Z,2026-05-12T13:00:00Z,75
1840528,West,BATHINDA,11 KV CHEENA UPS,Unplanned,Closed,2026-05-12T11:40:00Z,2026-05-12T13:40:00Z,120
1840522,North,JALANDHAR,MARKFED,Unplanned,Closed,2026-05-12T11:40:00Z,2026-05-12T12:50:00Z,70
1840521,Border,GURDASPUR,Dalla UPS,Unplanned,Closed,2026-05-12T11:40:00Z,2026-05-12T12:55:00Z,75
1840520,East,ROPAR,MUNDIAN,Unplanned,Closed,2026-05-12T11:40:00Z,2026-05-12T13:45:00Z,125
1840511,North,NAWANSHAHR,BORA,Planned,Closed,2026-05-12T11:40:00Z,2026-05-12T12:28:00Z,48
1840508,South,SANGRUR,11KV UPS JOLIAN,Planned,Closed,2026-05-12T11:40:00Z,2026-05-12T12:40:00Z,60
1840507,West,FARIDKOT,11 KV BABA VISHAVKARMA,Unplanned,Closed,2026-05-12T11:37:21Z,2026-05-12T13:37:26Z,120
1840506,West,FARIDKOT,FACTORY AREA,Unplanned,Closed,2026-05-12T11:37:21Z,2026-05-12T13:37:26Z,120
1840509,Central,CITY WEST LUDHIANA,Ranchi Colony,Planned,Closed,2026-05-12T11:36:00Z,2026-05-12T13:09:22Z,93
1840519,West,FARIDKOT,BAJA ROAD,Planned,Closed,2026-05-12T11:35:58Z,2026-05-12T12:10:30Z,34
1840510,South,SANGRUR,CAT-- 1 MAKORAR SAHIB,Unplanned,Closed,2026-05-12T11:35:29Z,2026-05-12T12:36:36Z,61
1840515,North,HOSHIARPUR,KAKKON,Unplanned,Closed,2026-05-12T11:35:00Z,2026-05-12T12:15:00Z,40
1840512,West,MUKATSAR,Fatuhikhera,Unplanned,Closed,2026-05-12T11:35:00Z,2026-05-12T12:35:00Z,60
1840496,Border,GURDASPUR,Ujjagar Nagar,Planned,Closed,2026-05-12T11:35:00Z,2026-05-12T11:45:00Z,10
1840501,Central,KHANNA,Galwaddi,Unplanned,Closed,2026-05-12T11:33:00Z,2026-05-12T11:34:00Z,1
1840495,North,NAWANSHAHR,SIKANDERPUR,Planned,Closed,2026-05-12T11:32:00Z,2026-05-12T13:20:00Z,108
1840498,West,MUKATSAR,HARIPURA,Unplanned,Closed,2026-05-12T11:30:02Z,2026-05-12T14:15:16Z,165
1840503,North,KAPURTHALA,BUS ADDA BILGA URBAN,Unplanned,Closed,2026-05-12T11:30:00Z,2026-05-12T12:20:00Z,50
1840502,North,HOSHIARPUR,KOLYA,Unplanned,Closed,2026-05-12T11:30:00Z,2026-05-12T11:50:00Z,20
1840499,Border,GURDASPUR,BHAM UPS,Unplanned,Closed,2026-05-12T11:30:00Z,2026-05-12T11:50:00Z,20
1840494,West,MUKATSAR,11 KV TAJA PATTI,Unplanned,Closed,2026-05-12T11:29:00Z,2026-05-12T15:10:00Z,221
1840493,West,MUKATSAR,11 KV MALOUT ROAD,Unplanned,Closed,2026-05-12T11:26:00Z,2026-05-12T11:50:02Z,24
1840492,North,HOSHIARPUR,Lajwanti Stadium,Unplanned,Closed,2026-05-12T11:25:00Z,2026-05-12T11:40:00Z,15
1840491,East,MOHALI,SEC-68,Unplanned,Closed,2026-05-12T11:21:08Z,2026-05-12T12:30:00Z,68
1840500,South,PATIALA,UPS RAJPURA,Planned,Closed,2026-05-12T11:20:00Z,2026-05-12T13:25:00Z,125
1840497,South,PATIALA,SUNDER NAGAR RAJPURA,Planned,Closed,2026-05-12T11:20:00Z,2026-05-12T11:35:00Z,15
1840489,North,HOSHIARPUR,Banjarbag,Unplanned,Closed,2026-05-12T11:20:00Z,2026-05-12T11:45:00Z,25
1840487,South,BARNALA,11 KV BABA MAHARAJ JI,Planned,Closed,2026-05-12T11:20:00Z,2026-05-12T12:40:00Z,80
1840486,North,HOSHIARPUR,PANDORI,Unplanned,Closed,2026-05-12T11:16:00Z,2026-05-12T11:26:00Z,10
1840485,South,SANGRUR,Chhajli road,Unplanned,Closed,2026-05-12T11:15:58Z,2026-05-12T11:18:34Z,2
1840490,Border,GURDASPUR,SAHARI,Unplanned,Closed,2026-05-12T11:15:00Z,2026-05-12T12:15:00Z,60
1840483,East,MOHALI,RATWARA SAHIB,Unplanned,Closed,2026-05-12T11:12:00Z,2026-05-12T13:01:17Z,109
1840482,Central,CITY WEST LUDHIANA,Barera heights,Unplanned,Closed,2026-05-12T11:11:31Z,2026-05-12T13:20:00Z,128
1840477,South,SANGRUR,11KV UPS JOLIAN,Planned,Closed,2026-05-12T11:10:00Z,2026-05-12T11:32:00Z,22
1840481,North,HOSHIARPUR,PATHRALIAN,Unplanned,Closed,2026-05-12T11:05:00Z,2026-05-12T11:40:00Z,35
1840480,Border,SUB URBAN AMRITSAR,BOREWAL UPS,Unplanned,Closed,2026-05-12T11:05:00Z,2026-05-12T12:10:00Z,65
1840475,Border,GURDASPUR,24 Hrs Supply,Planned,Closed,2026-05-12T11:05:00Z,2026-05-12T14:20:00Z,195
1840479,North,JALANDHAR,11KV Industrial Raja Garden Fe,Unplanned,Closed,2026-05-12T11:03:00Z,2026-05-12T11:28:00Z,25
1840471,Border,GURDASPUR,Diamond Colony,Planned,Closed,2026-05-12T11:03:00Z,2026-05-12T13:16:00Z,133
1840474,Central,CITY WEST LUDHIANA,SHEETLA MANDHIR,Unplanned,Closed,2026-05-12T11:01:24Z,2026-05-12T12:49:59Z,108
1840315,North,JALANDHAR,Convent School,Planned,Closed,2026-05-12T11:00:04Z,2026-05-12T14:30:04Z,210
1840314,North,JALANDHAR,Dhadde,Planned,Closed,2026-05-12T11:00:04Z,2026-05-12T14:30:04Z,210
1840313,North,JALANDHAR,BABA GADHIYA,Planned,Closed,2026-05-12T11:00:04Z,2026-05-12T14:30:04Z,210
1840312,North,JALANDHAR,FATEHGARH,Planned,Closed,2026-05-12T11:00:04Z,2026-05-12T14:30:04Z,210
1840311,North,JALANDHAR,Civil Hospital,Planned,Closed,2026-05-12T11:00:04Z,2026-05-12T14:30:04Z,210
1840310,North,JALANDHAR,LINK FEEDER,Planned,Closed,2026-05-12T11:00:04Z,2026-05-12T14:30:04Z,210
1840309,North,JALANDHAR,URBAN RURAL,Planned,Closed,2026-05-12T11:00:04Z,2026-05-12T14:30:04Z,210
1840308,North,JALANDHAR,Urban Rural no 2,Planned,Closed,2026-05-12T11:00:04Z,2026-05-12T14:30:04Z,210
1840307,North,JALANDHAR,Bhanoki Road,Planned,Closed,2026-05-12T11:00:04Z,2026-05-12T14:30:04Z,210
1840476,North,HOSHIARPUR,KALYANPUR,Unplanned,Closed,2026-05-12T11:00:00Z,2026-05-12T11:14:00Z,14
1840329,North,JALANDHAR,KHAATI FEEDER,Planned,Closed,2026-05-12T11:00:00Z,2026-05-12T14:30:00Z,210
1840324,North,JALANDHAR,LAKH PUR,Planned,Closed,2026-05-12T11:00:00Z,2026-05-12T14:33:00Z,213
1840323,North,JALANDHAR,SAGAT PUR,Planned,Closed,2026-05-12T11:00:00Z,2026-05-12T14:30:00Z,210
1840319,North,JALANDHAR,Khurampur,Planned,Closed,2026-05-12T11:00:00Z,2026-05-12T14:30:00Z,210
1840052,North,JALANDHAR,MANDI ROAD,Planned,Closed,2026-05-12T11:00:00Z,2026-05-12T14:34:00Z,214
1839357,North,KAPURTHALA,UPS SHAHPUR,Planned,Closed,2026-05-12T11:00:00Z,2026-05-12T14:10:00Z,190
1840478,North,JALANDHAR,MALKO,Unplanned,Closed,2026-05-12T10:59:00Z,2026-05-12T14:07:00Z,188
1840469,Central,CITY EAST LUDHIANA,KIRTI NAGAR,Planned,Closed,2026-05-12T10:57:50Z,2026-05-12T12:05:06Z,67
1836152,Border,GURDASPUR,11 kv Dhupshari ups,Planned,Closed,2026-05-12T10:56:00Z,2026-05-12T12:35:00Z,99
1840466,West,FARIDKOT,RASULPUR,Unplanned,Closed,2026-05-12T10:54:54Z,2026-05-12T12:55:49Z,120
1840460,West,BATHINDA,MODEL TOWN PHASE -1,Planned,Closed,2026-05-12T10:54:00Z,2026-05-12T12:36:00Z,102
1840467,Border,SUB URBAN AMRITSAR,INDUSTRY MAJITHA,Unplanned,Closed,2026-05-12T10:53:30Z,2026-05-12T12:11:00Z,77
1840468,North,JALANDHAR,UDHOPUR,Unplanned,Closed,2026-05-12T10:53:00Z,2026-05-12T12:15:00Z,82
1840488,West,MUKATSAR,City Urban,Unplanned,Closed,2026-05-12T10:52:00Z,2026-05-12T12:15:00Z,83
1840484,West,MUKATSAR,JALALABAD ROAD,Unplanned,Closed,2026-05-12T10:50:00Z,2026-05-12T13:51:00Z,181
1840473,North,JALANDHAR,KUKARPIND,Unplanned,Closed,2026-05-12T10:50:00Z,2026-05-12T11:30:00Z,40
1840465,North,HOSHIARPUR,Ahiapur,Unplanned,Closed,2026-05-12T10:50:00Z,2026-05-12T11:30:00Z,40
1840462,North,HOSHIARPUR,HAMZA,Unplanned,Closed,2026-05-12T10:49:00Z,2026-05-12T12:00:00Z,71
1840461,North,JALANDHAR,NURPUR,Unplanned,Closed,2026-05-12T10:49:00Z,2026-05-12T11:26:00Z,37
1840458,North,JALANDHAR,NURPUR UPS,Unplanned,Closed,2026-05-12T10:48:00Z,2026-05-12T11:25:00Z,37
1840464,Border,GURDASPUR,Court Complex,Unplanned,Closed,2026-05-12T10:46:00Z,2026-05-12T13:15:00Z,149
1840454,North,NAWANSHAHR,KAULGARH,Planned,Closed,2026-05-12T10:46:00Z,2026-05-12T13:25:00Z,159
1836147,Border,GURDASPUR,Mata Sulakhni Ji,Planned,Closed,2026-05-12T10:46:00Z,2026-05-12T13:17:00Z,151
1840470,West,MUKATSAR,DAULATPURA UPS,Unplanned,Closed,2026-05-12T10:45:00Z,2026-05-12T11:43:00Z,58
1840459,Border,GURDASPUR,Gurdaspur Road,Unplanned,Closed,2026-05-12T10:43:00Z,2026-05-12T14:05:00Z,202
1840455,West,BATHINDA,Jiwan Singh wala CAT-1,Planned,Closed,2026-05-12T10:42:00Z,2026-05-12T11:31:00Z,49
1840446,North,NAWANSHAHR,ACHALPUR,Planned,Closed,2026-05-12T10:42:00Z,2026-05-12T12:36:00Z,114
1840447,West,MUKATSAR,Gandhi Nagar,Unplanned,Closed,2026-05-12T10:40:00Z,2026-05-12T12:50:00Z,130
1840443,North,NAWANSHAHR,MALEWAL,Planned,Closed,2026-05-12T10:40:00Z,2026-05-12T13:20:00Z,160
1840438,East,MOHALI,11KV 82 ALPHA,Unplanned,Closed,2026-05-12T10:36:00Z,2026-05-12T11:02:00Z,26
1840463,West,FARIDKOT,BAJA ROAD,Planned,Closed,2026-05-12T10:35:36Z,2026-05-12T11:15:25Z,39
1840448,East,ROPAR,MUKARI,Unplanned,Closed,2026-05-12T10:35:00Z,2026-05-12T10:54:00Z,19
1840431,South,PATIALA,DARBA,Unplanned,Closed,2026-05-12T10:35:00Z,2026-05-12T12:05:00Z,90
1840429,South,SANGRUR,PULAD NEW,Unplanned,Closed,2026-05-12T10:33:52Z,2026-05-12T11:50:12Z,76
1840426,Central,CITY WEST LUDHIANA,SATSANG GHAR,Unplanned,Closed,2026-05-12T10:32:16Z,2026-05-12T11:41:47Z,69
1840444,Central,CITY EAST LUDHIANA,DIVISION-3,Unplanned,Closed,2026-05-12T10:32:00Z,2026-05-12T11:42:00Z,70
1840472,East,ROPAR,AKALGARH,Unplanned,Closed,2026-05-12T10:31:00Z,2026-05-12T11:19:00Z,48
1840427,North,HOSHIARPUR,COURT COMPLEX,Unplanned,Closed,2026-05-12T10:31:00Z,2026-05-12T10:56:00Z,25
1840453,East,MOHALI,PCA,Planned,Closed,2026-05-12T10:30:00Z,2026-05-12T13:25:00Z,175
1840450,South,PATIALA,SYL (F.P),Unplanned,Closed,2026-05-12T10:30:00Z,2026-05-12T13:30:00Z,180
1840449,East,MOHALI,11 KV 63 A,Planned,Closed,2026-05-12T10:30:00Z,2026-05-12T13:19:00Z,169
1840430,Border,GURDASPUR,Nanonangal,Unplanned,Closed,2026-05-12T10:30:00Z,2026-05-12T11:26:00Z,56
1840420,West,MUKATSAR,KALGIDHAR UPS,Planned,Closed,2026-05-12T10:30:00Z,2026-05-12T13:44:00Z,194
1840405,Border,GURDASPUR,Bank colony,Planned,Closed,2026-05-12T10:30:00Z,2026-05-12T13:35:00Z,185
1839790,South,PATIALA,11 KV RAI MAJRA,Planned,Closed,2026-05-12T10:30:00Z,2026-05-12T14:34:00Z,244
1840451,Border,GURDASPUR,Geeta Bhawan Road,Unplanned,Closed,2026-05-12T10:25:00Z,2026-05-12T13:40:00Z,195
1840428,Border,GURDASPUR,TALWANDI,Unplanned,Closed,2026-05-12T10:25:00Z,2026-05-12T11:50:00Z,85
1840422,North,HOSHIARPUR,PURHIRAN URBAN,Unplanned,Closed,2026-05-12T10:25:00Z,2026-05-12T11:10:00Z,45
1840424,West,BATHINDA,RAILWAY FATAK,Planned,Closed,2026-05-12T10:20:00Z,2026-05-12T11:15:00Z,55
1840406,Border,GURDASPUR,Gurudwara Kandh Sahib,Planned,Closed,2026-05-12T10:20:00Z,2026-05-12T12:45:00Z,145
1839714,South,PATIALA,MH CONTAINER,Planned,Closed,2026-05-12T10:18:45Z,2026-05-12T13:40:41Z,201
1839713,South,PATIALA,SALEMPUR UPS,Planned,Closed,2026-05-12T10:18:45Z,2026-05-12T13:40:27Z,201
1839712,South,PATIALA,11KV HASSANPUR,Planned,Closed,2026-05-12T10:18:45Z,2026-05-12T13:40:48Z,202
1839711,South,PATIALA,Station T/F Hassanpur,Planned,Closed,2026-05-12T10:18:45Z,2026-05-12T13:40:37Z,201
1839710,South,PATIALA,11 KV Bector Foods,Planned,Closed,2026-05-12T10:18:45Z,2026-05-12T13:40:10Z,201
1840421,North,JALANDHAR,UNIVERSIY,Planned,Closed,2026-05-12T10:18:00Z,2026-05-12T11:02:00Z,44
1840411,North,HOSHIARPUR,Salempur,Unplanned,Closed,2026-05-12T10:17:00Z,2026-05-12T12:15:00Z,118
1839721,South,PATIALA,WTP FDR. MANDOLI,Planned,Closed,2026-05-12T10:16:07Z,2026-05-12T12:50:44Z,154
1839720,South,PATIALA,SAHAL UPS,Planned,Closed,2026-05-12T10:16:07Z,2026-05-12T12:50:53Z,154
1839719,South,PATIALA,HARPALPUR UPS,Planned,Closed,2026-05-12T10:16:07Z,2026-05-12T12:50:27Z,154
1840445,East,Zirakpur,Jastna Kandi Pure AP,Unplanned,Closed,2026-05-12T10:15:00Z,2026-05-12T13:45:00Z,210
1840442,East,Zirakpur,GOLDEN HUT,Unplanned,Closed,2026-05-12T10:15:00Z,2026-05-12T13:45:00Z,210
1840441,East,Zirakpur,Hasanpur UPS,Unplanned,Closed,2026-05-12T10:15:00Z,2026-05-12T13:45:00Z,210
1840440,East,Zirakpur,MUKANDPUR,Unplanned,Closed,2026-05-12T10:15:00Z,2026-05-12T13:45:00Z,210
1840439,East,Zirakpur,DEHAR UPS,Unplanned,Closed,2026-05-12T10:15:00Z,2026-05-12T13:45:00Z,210
1840437,East,Zirakpur,11 KV PREM NAGAR FEEDER,Unplanned,Closed,2026-05-12T10:15:00Z,2026-05-12T13:45:00Z,210
1840435,East,Zirakpur,DAPPAR,Unplanned,Closed,2026-05-12T10:15:00Z,2026-05-12T13:45:00Z,210
1840434,East,Zirakpur,11 KV Siddhivinayak cat.4,Unplanned,Closed,2026-05-12T10:15:00Z,2026-05-12T13:45:00Z,210
1840433,East,Zirakpur,SHYAM INDOSPIN,Unplanned,Closed,2026-05-12T10:15:00Z,2026-05-12T13:45:00Z,210
1840432,East,Zirakpur,ALFA DRUG,Unplanned,Closed,2026-05-12T10:15:00Z,2026-05-12T13:45:00Z,210
1840425,South,PATIALA,BATHOI,Unplanned,Closed,2026-05-12T10:15:00Z,2026-05-12T12:10:45Z,115
1840415,North,NAWANSHAHR,PARAGPUR,Unplanned,Closed,2026-05-12T10:15:00Z,2026-05-12T11:20:00Z,65
1840457,East,MOHALI,SEC.-78,Planned,Closed,2026-05-12T10:14:00Z,2026-05-12T13:30:00Z,196
1840456,East,MOHALI,SEC-77,Planned,Closed,2026-05-12T10:14:00Z,2026-05-12T13:30:00Z,196
1840412,West,MUKATSAR,BHUTTIWALA,Unplanned,Closed,2026-05-12T10:13:00Z,2026-05-12T13:18:00Z,185
1840407,Border,GURDASPUR,Islampur No. 1,Unplanned,Closed,2026-05-12T10:12:00Z,2026-05-12T12:55:00Z,163
1840410,North,NAWANSHAHR,DAYALAN,Unplanned,Closed,2026-05-12T10:10:00Z,2026-05-12T10:30:00Z,20
1840408,West,MUKATSAR,11 KV Azimgarh Urban,Unplanned,Closed,2026-05-12T10:09:00Z,2026-05-12T11:14:13Z,65
1840404,Border,GURDASPUR,Pioneer Agro,Unplanned,Closed,2026-05-12T10:09:00Z,2026-05-12T10:39:00Z,30
1840402,North,HOSHIARPUR,BOHAN,Unplanned,Closed,2026-05-12T10:09:00Z,2026-05-12T10:15:00Z,6
1840413,West,MUKATSAR,NEFED,Unplanned,Closed,2026-05-12T10:08:00Z,2026-05-12T10:45:00Z,37
1840397,North,JALANDHAR,Sudhama Vihar,Unplanned,Closed,2026-05-12T10:08:00Z,2026-05-12T10:22:00Z,14
1840395,East,Zirakpur,LALRU RURAL  Kandi Pure AP,Unplanned,Closed,2026-05-12T10:08:00Z,2026-05-12T11:40:00Z,92
1840423,North,JALANDHAR,MALKO,Unplanned,Closed,2026-05-12T10:06:00Z,2026-05-12T10:58:00Z,52
1840414,Border,GURDASPUR,Focal Point,Unplanned,Closed,2026-05-12T10:05:00Z,2026-05-12T10:55:00Z,50
1840398,North,HOSHIARPUR,BOHAN,Unplanned,Closed,2026-05-12T10:05:00Z,2026-05-12T10:45:00Z,40
1839940,North,JALANDHAR,Sewerage Board,Planned,Closed,2026-05-12T10:05:00Z,2026-05-12T13:05:00Z,180
1839919,North,JALANDHAR,DHINA,Planned,Closed,2026-05-12T10:05:00Z,2026-05-12T13:05:00Z,180
1839917,North,JALANDHAR,JAMSHER,Planned,Closed,2026-05-12T10:05:00Z,2026-05-12T13:05:00Z,180
1839906,North,JALANDHAR,FOLRIWAL,Planned,Closed,2026-05-12T10:05:00Z,2026-05-12T13:05:00Z,180
1839905,North,JALANDHAR,JANDAYALI,Planned,Closed,2026-05-12T10:05:00Z,2026-05-12T13:05:00Z,180
1839904,North,JALANDHAR,11 KV udhopur,Planned,Closed,2026-05-12T10:05:00Z,2026-05-12T13:05:00Z,180
1840382,North,KAPURTHALA,UPS DALLA,Planned,Closed,2026-05-12T10:04:00Z,2026-05-12T10:20:00Z,16
1840354,South,PATIALA,INERTIA ALUMINIUM,Planned,Closed,2026-05-12T10:02:57Z,2026-05-12T13:40:57Z,218
1840353,South,PATIALA,MANOHAR PACKERG,Planned,Closed,2026-05-12T10:02:57Z,2026-05-12T13:40:57Z,218
1840352,South,PATIALA,ABIS,Planned,Closed,2026-05-12T10:02:57Z,2026-05-12T13:40:57Z,218
1840351,South,PATIALA,TPI,Planned,Closed,2026-05-12T10:02:57Z,2026-05-12T13:40:57Z,218
1840350,South,PATIALA,UPS SANDARSI,Planned,Closed,2026-05-12T10:02:57Z,2026-05-12T13:40:57Z,218
1840383,Central,KHANNA,Samrala Road,Unplanned,Closed,2026-05-12T10:02:00Z,2026-05-12T10:20:00Z,18
1840375,North,NAWANSHAHR,Jajja Kalan,Planned,Closed,2026-05-12T10:02:00Z,2026-05-12T13:32:00Z,210
1840373,North,NAWANSHAHR,MUTHADA UPS,Planned,Closed,2026-05-12T10:02:00Z,2026-05-12T13:32:00Z,210
1840369,North,NAWANSHAHR,Muthada urban,Planned,Closed,2026-05-12T10:02:00Z,2026-05-12T13:32:00Z,210
1840381,West,FARIDKOT,UPS NO.5 FGP,Unplanned,Closed,2026-05-12T10:01:15Z,2026-05-12T13:36:23Z,215
1840403,South,PATIALA,11KV Chandni Chownk,Unplanned,Closed,2026-05-12T10:01:00Z,2026-05-12T10:35:00Z,34
1840399,South,PATIALA,New Lal Bagh,Unplanned,Closed,2026-05-12T10:01:00Z,2026-05-12T10:35:00Z,34
1839439,North,KAPURTHALA,UPS AUJLA,Planned,Closed,2026-05-12T10:00:57Z,2026-05-12T13:55:57Z,235
1839438,North,KAPURTHALA,UPS Athoula,Planned,Closed,2026-05-12T10:00:57Z,2026-05-12T13:55:57Z,235
1839788,West,MUKATSAR,Tharajwala,Planned,Closed,2026-05-12T10:00:56Z,2026-05-12T15:49:56Z,349
1839787,West,MUKATSAR,Dhoula Kingra,Planned,Closed,2026-05-12T10:00:56Z,2026-05-12T15:50:56Z,350
1840362,South,PATIALA,BATHONIA,Planned,Closed,2026-05-12T10:00:46Z,2026-05-12T13:40:46Z,220
1840361,South,PATIALA,DHARAMGARH URBAN,Planned,Closed,2026-05-12T10:00:46Z,2026-05-12T13:40:46Z,220
1840360,South,PATIALA,UPS ALALMAJRA,Planned,Closed,2026-05-12T10:00:46Z,2026-05-12T13:40:46Z,220
1840223,South,PATIALA,11 KV Substation Gajjumajra,Planned,Closed,2026-05-12T10:00:38Z,2026-05-12T14:00:38Z,240
1840222,South,PATIALA,UPS Trora,Planned,Closed,2026-05-12T10:00:38Z,2026-05-12T14:00:38Z,240
1840221,South,PATIALA,UPS GAJJU MAJRA,Planned,Closed,2026-05-12T10:00:38Z,2026-05-12T14:00:38Z,240
1840328,South,BARNALA,Jagjitpura UPS,Planned,Closed,2026-05-12T10:00:36Z,2026-05-12T12:55:36Z,175
1840327,South,BARNALA,Maur Nabha,Planned,Closed,2026-05-12T10:00:36Z,2026-05-12T12:55:36Z,175
1840326,South,BARNALA,OIL MILL,Planned,Closed,2026-05-12T10:00:36Z,2026-05-12T12:55:36Z,175
1840325,South,BARNALA,Sukhpura Cat-1,Planned,Closed,2026-05-12T10:00:36Z,2026-05-12T12:55:36Z,175
1840331,South,BARNALA,Sub Station Jandsar,Planned,Closed,2026-05-12T10:00:16Z,2026-05-12T12:58:16Z,178
1840330,South,BARNALA,Jandsar UPS,Planned,Closed,2026-05-12T10:00:16Z,2026-05-12T12:58:16Z,178
1840227,South,SANGRUR,INDUSTRY,Planned,Closed,2026-05-12T10:00:09Z,2026-05-12T13:50:09Z,230
1840226,South,SANGRUR,11 KV PEPSI Feeder,Planned,Closed,2026-05-12T10:00:09Z,2026-05-12T13:50:09Z,230
1840393,Border,SUB URBAN AMRITSAR,GUJJAPEER,Unplanned,Closed,2026-05-12T10:00:00Z,2026-05-12T11:25:00Z,85
1840380,North,JALANDHAR,11kvPadiana,Unplanned,Closed,2026-05-12T10:00:00Z,2026-05-12T11:21:00Z,81
1840379,South,PATIALA,FACTORY AREA (NEW),Unplanned,Closed,2026-05-12T10:00:00Z,2026-05-12T13:00:00Z,180
1840044,East,MOHALI,11 KV SUKHNA ENCLAVE,Planned,Closed,2026-05-12T10:00:00Z,2026-05-12T13:14:00Z,194
1840035,East,MOHALI,11 KV Kansal,Planned,Closed,2026-05-12T10:00:00Z,2026-05-12T13:14:00Z,194
1840034,East,MOHALI,11KV Shivalik Vihar,Planned,Closed,2026-05-12T10:00:00Z,2026-05-12T13:15:00Z,195
1839727,West,FARIDKOT,11 KV BABA BIR SINGH UPS,Planned,Closed,2026-05-12T10:00:00Z,2026-05-12T16:30:00Z,390
1839725,West,FARIDKOT,11 KV BMS NATHUWALA-CAT-01,Planned,Closed,2026-05-12T10:00:00Z,2026-05-12T16:30:00Z,390
1839450,Central,KHANNA,Lalheri city,Planned,Closed,2026-05-12T10:00:00Z,2026-05-12T13:05:00Z,185
1839391,Central,KHANNA,Ismailpur feeder,Planned,Closed,2026-05-12T10:00:00Z,2026-05-12T13:05:00Z,185
1836268,South,BARNALA,Kattu CAT-I,Planned,Closed,2026-05-12T10:00:00Z,2026-05-12T13:57:00Z,237
1840401,East,Zirakpur,GREEN LOTUS,Planned,Closed,2026-05-12T09:59:00Z,2026-05-12T13:02:00Z,183
1840400,East,Zirakpur,SAVITRYGREEN,Planned,Closed,2026-05-12T09:59:00Z,2026-05-12T13:02:00Z,183
1840377,West,MUKATSAR,Adarsh Nagar,Unplanned,Closed,2026-05-12T09:56:00Z,2026-05-12T11:47:00Z,111
1840392,West,FARIDKOT,GANGSAR,Planned,Closed,2026-05-12T09:55:10Z,2026-05-12T11:25:34Z,90
1840391,East,MOHALI,11 KV TDI Sec-110,Unplanned,Closed,2026-05-12T09:52:00Z,2026-05-12T10:18:00Z,26
1840370,South,SANGRUR,CAT-- 1 MAKORAR SAHIB,Unplanned,Closed,2026-05-12T09:50:52Z,2026-05-12T10:48:01Z,57
1840371,South,SANGRUR,Udham Singh,Unplanned,Closed,2026-05-12T09:50:25Z,2026-05-12T10:48:33Z,58
1840378,Central,SUB URBAN LUDHIANA,MILL-2,Planned,Closed,2026-05-12T09:50:00Z,2026-05-12T17:00:00Z,430
1840376,North,HOSHIARPUR,Bhogpur,Unplanned,Closed,2026-05-12T09:50:00Z,2026-05-12T10:30:00Z,40
1840367,North,NAWANSHAHR,Kang Arayian,Unplanned,Closed,2026-05-12T09:50:00Z,2026-05-12T10:13:00Z,23
1840390,North,NAWANSHAHR,BHADDI,Unplanned,Closed,2026-05-12T09:40:00Z,2026-05-12T10:25:00Z,45
1840384,North,NAWANSHAHR,BULLEWAL,Unplanned,Closed,2026-05-12T09:40:00Z,2026-05-12T10:25:00Z,45
1840364,South,SANGRUR,MAKORD SAHIB(new+old),Unplanned,Closed,2026-05-12T09:38:38Z,2026-05-12T10:47:50Z,69
1840374,Border,GURDASPUR,DEOL,Unplanned,Closed,2026-05-12T09:35:00Z,2026-05-12T12:35:00Z,180
1840061,West,MUKATSAR,City,Planned,Closed,2026-05-12T09:30:30Z,2026-05-12T13:31:30Z,241
1840060,West,MUKATSAR,Guru Nanak Nagri,Planned,Closed,2026-05-12T09:30:30Z,2026-05-12T13:31:30Z,241
1840059,West,MUKATSAR,Industrial,Planned,Closed,2026-05-12T09:30:30Z,2026-05-12T13:31:30Z,241
1840394,East,MOHALI,Sec 53,Planned,Closed,2026-05-12T09:30:00Z,2026-05-12T12:48:00Z,198
1840372,Border,GURDASPUR,Bishan Kot,Unplanned,Closed,2026-05-12T09:30:00Z,2026-05-12T10:15:00Z,45
1840363,North,NAWANSHAHR,BHARTHALA (GAHOON),Unplanned,Closed,2026-05-12T09:30:00Z,2026-05-12T10:15:00Z,45
1840359,South,PATIALA,FRANCEWALA,Unplanned,Closed,2026-05-12T09:30:00Z,2026-05-12T11:10:00Z,100
1840358,North,HOSHIARPUR,Lalpur,Unplanned,Closed,2026-05-12T09:28:00Z,2026-05-12T09:58:00Z,30
1840366,North,JALANDHAR,BADALA,Unplanned,Closed,2026-05-12T09:27:00Z,2026-05-12T14:40:00Z,313
1840349,South,PATIALA,UPS Babarpur,Planned,Closed,2026-05-12T09:26:48Z,2026-05-12T14:40:48Z,314
1840348,South,PATIALA,GURDITPURA CAT. 1,Planned,Closed,2026-05-12T09:26:48Z,2026-05-12T14:42:48Z,316
1840347,South,PATIALA,Stn T.F Gurditpura,Planned,Closed,2026-05-12T09:26:48Z,2026-05-12T14:40:48Z,314
1840346,South,PATIALA,INDUSTRIAL,Planned,Closed,2026-05-12T09:26:48Z,2026-05-12T14:41:48Z,315
1840345,South,PATIALA,GURDITPURA UPS,Planned,Closed,2026-05-12T09:26:48Z,2026-05-12T14:41:48Z,315
1840344,South,PATIALA,UPS TUNGA,Planned,Closed,2026-05-12T09:26:07Z,2026-05-12T14:39:07Z,313
1840343,South,PATIALA,Stn T.F Samundgarh,Planned,Closed,2026-05-12T09:26:07Z,2026-05-12T14:40:07Z,314
1840342,South,PATIALA,U.P.S. SAMUNGARH-2,Planned,Closed,2026-05-12T09:26:07Z,2026-05-12T14:40:07Z,314
1840355,North,HOSHIARPUR,PRTC,Unplanned,Closed,2026-05-12T09:26:00Z,2026-05-12T09:36:00Z,10
1840341,South,PATIALA,Stn T.F Achal,Planned,Closed,2026-05-12T09:25:27Z,2026-05-12T14:41:27Z,316
1840340,South,PATIALA,UPS Achal,Planned,Closed,2026-05-12T09:25:27Z,2026-05-12T14:40:27Z,315
1840365,North,JALANDHAR,AWANA,Unplanned,Closed,2026-05-12T09:25:00Z,2026-05-12T10:35:00Z,70
1840356,North,HOSHIARPUR,MAZARA DINGRIAN,Unplanned,Closed,2026-05-12T09:25:00Z,2026-05-12T09:40:00Z,15
1840339,South,PATIALA,UPS KAKRALA,Planned,Closed,2026-05-12T09:21:47Z,2026-05-12T14:40:47Z,319
1840338,South,PATIALA,MOTI BAGH,Planned,Closed,2026-05-12T09:21:47Z,2026-05-12T14:39:47Z,318
1840337,South,PATIALA,INDUSTRIAL F.POINT,Planned,Closed,2026-05-12T09:21:47Z,2026-05-12T13:21:47Z,240
1840336,South,PATIALA,Stn T.F Focal Point,Planned,Closed,2026-05-12T09:21:47Z,2026-05-12T14:40:47Z,319
1840335,South,PATIALA,I.T.I,Planned,Closed,2026-05-12T09:21:47Z,2026-05-12T14:41:47Z,320
1840334,South,PATIALA,UPS FOCAL POINT,Planned,Closed,2026-05-12T09:21:47Z,2026-05-12T14:40:47Z,319
1840333,South,PATIALA,P.S.L. NABHA,Planned,Closed,2026-05-12T09:21:47Z,2026-05-12T13:21:47Z,240
1840320,North,KAPURTHALA,MAJADPUR,Unplanned,Closed,2026-05-12T09:17:20Z,2026-05-12T09:20:36Z,3
1840396,South,PATIALA,UPS,Planned,Closed,2026-05-12T09:17:00Z,2026-05-12T13:00:00Z,223
1840321,South,SANGRUR,Khokhar UPS,Unplanned,Closed,2026-05-12T09:15:43Z,2026-05-12T09:58:00Z,42
1839467,East,ROPAR,11 KV Bhanaupli-1,Planned,Closed,2026-05-12T09:15:00Z,2026-05-12T13:02:00Z,227
1840436,West,FARIDKOT,11KV NANGAL UPS,Unplanned,Closed,2026-05-12T09:10:00Z,2026-05-12T19:48:00Z,638
1840303,South,SANGRUR,GEHLAN,Unplanned,Closed,2026-05-12T09:05:53Z,2026-05-12T09:30:01Z,24
1840302,South,SANGRUR,KHOKHAR,Unplanned,Closed,2026-05-12T09:05:31Z,2026-05-12T09:30:22Z,24
1840332,North,HOSHIARPUR,Sarangwal,Unplanned,Closed,2026-05-12T09:05:00Z,2026-05-12T09:25:00Z,20
1840322,Border,GURDASPUR,Goal Mandir,Unplanned,Closed,2026-05-12T09:05:00Z,2026-05-12T09:45:00Z,40
1840368,Border,GURDASPUR,CHANDU WADALA,Unplanned,Closed,2026-05-12T09:01:00Z,2026-05-12T10:15:00Z,74
1840357,West,FARIDKOT,11KV DANA MANDI URBAN FEEDER,Unplanned,Closed,2026-05-12T09:01:00Z,2026-05-12T11:40:00Z,159
1840318,South,SANGRUR,11 KV BAHADURPUR UPS,Unplanned,Closed,2026-05-12T09:01:00Z,2026-05-12T09:58:00Z,57
1839748,Central,SUB URBAN LUDHIANA,Kaind,Planned,Closed,2026-05-12T09:00:27Z,2026-05-12T12:00:27Z,180
1839747,Central,SUB URBAN LUDHIANA,BULARA ROAD,Planned,Closed,2026-05-12T09:00:27Z,2026-05-12T12:00:27Z,180
1839746,Central,SUB URBAN LUDHIANA,Rania,Planned,Closed,2026-05-12T09:00:27Z,2026-05-12T12:00:27Z,180
1839745,Central,SUB URBAN LUDHIANA,Bachittar Nagar,Planned,Closed,2026-05-12T09:00:27Z,2026-05-12T12:00:27Z,180
1840304,North,HOSHIARPUR,KHARDEHER,Unplanned,Closed,2026-05-12T09:00:00Z,2026-05-12T09:30:00Z,30
1840274,North,HOSHIARPUR,RALHAN,Planned,Closed,2026-05-12T09:00:00Z,2026-05-12T12:45:00Z,225
1840273,North,HOSHIARPUR,BODAL,Planned,Closed,2026-05-12T09:00:00Z,2026-05-12T12:45:00Z,225
1840272,North,HOSHIARPUR,DAWAKHRI,Planned,Closed,2026-05-12T09:00:00Z,2026-05-12T12:45:00Z,225
1840271,North,HOSHIARPUR,DHUGGA2,Planned,Closed,2026-05-12T09:00:00Z,2026-05-12T12:45:00Z,225
1840270,North,HOSHIARPUR,KHANPUR,Planned,Closed,2026-05-12T09:00:00Z,2026-05-12T12:45:00Z,225
1840269,North,HOSHIARPUR,JAKOWAL,Planned,Closed,2026-05-12T09:00:00Z,2026-05-12T12:45:00Z,225
1839756,East,Zirakpur,ECME,Planned,Closed,2026-05-12T09:00:00Z,2026-05-12T12:30:00Z,210
1839755,East,Zirakpur,TRISHLA,Planned,Closed,2026-05-12T09:00:00Z,2026-05-12T12:30:00Z,210
1839754,East,Zirakpur,ROYAL ESTATE,Planned,Closed,2026-05-12T09:00:00Z,2026-05-12T12:30:00Z,210
1839753,East,Zirakpur,RAIL VIHAR,Planned,Closed,2026-05-12T09:00:00Z,2026-05-12T12:30:00Z,210
1839752,East,Zirakpur,ZIRAKPUR-1,Planned,Closed,2026-05-12T09:00:00Z,2026-05-12T12:30:00Z,210
1839751,East,Zirakpur,11 kv adda jhungia cat-1,Planned,Closed,2026-05-12T09:00:00Z,2026-05-12T12:30:00Z,210
1839750,East,Zirakpur,ORBIT,Planned,Closed,2026-05-12T09:00:00Z,2026-05-12T12:30:00Z,210
1839749,East,Zirakpur,PATIALA ROAD,Planned,Closed,2026-05-12T09:00:00Z,2026-05-12T12:30:00Z,210
1839739,South,PATIALA,11kv GOBIND BAGH,Planned,Closed,2026-05-12T09:00:00Z,2026-05-12T13:00:00Z,240
1836241,East,ROPAR,11KV Mane Majra,Planned,Closed,2026-05-12T09:00:00Z,2026-05-12T11:55:00Z,175
1836240,East,ROPAR,11 KV Civil Hospital,Planned,Closed,2026-05-12T09:00:00Z,2026-05-12T11:56:00Z,176
1840295,West,FARIDKOT,Nigaha Road,Unplanned,Closed,2026-05-12T08:59:40Z,2026-05-12T11:12:14Z,132
1840299,North,JALANDHAR,CHUHARWALI,Unplanned,Closed,2026-05-12T08:55:00Z,2026-05-12T10:40:00Z,105
1840298,North,HOSHIARPUR,LAMBRA,Unplanned,Closed,2026-05-12T08:55:00Z,2026-05-12T09:35:00Z,40
1840296,North,JALANDHAR,RAJOWAL,Unplanned,Closed,2026-05-12T08:55:00Z,2026-05-12T09:45:00Z,50
1840306,North,JALANDHAR,NIJJRAN,Unplanned,Closed,2026-05-12T08:54:00Z,2026-05-12T10:05:00Z,71
1840305,West,BATHINDA,GADDAR PATTI UPS,Unplanned,Closed,2026-05-12T08:50:00Z,2026-05-12T10:40:00Z,110
1840300,Border,SUB URBAN AMRITSAR,GURU NANAKPURA,Unplanned,Closed,2026-05-12T08:50:00Z,2026-05-12T09:40:00Z,50
1840297,Border,TARN TARAN,MEHTA URBAN-I,Unplanned,Closed,2026-05-12T08:50:00Z,2026-05-12T10:40:00Z,110
1840294,Central,CITY WEST LUDHIANA,CEMETRY ROAD,Unplanned,Closed,2026-05-12T08:50:00Z,2026-05-12T10:20:00Z,90
1840285,North,HOSHIARPUR,Salempur,Unplanned,Closed,2026-05-12T08:41:00Z,2026-05-12T09:15:00Z,34
1840293,North,JALANDHAR,GT ROAD,Unplanned,Closed,2026-05-12T08:40:00Z,2026-05-12T10:25:00Z,105
1840290,North,HOSHIARPUR,Darapur,Unplanned,Closed,2026-05-12T08:40:00Z,2026-05-12T09:05:00Z,25
1840292,North,HOSHIARPUR,BAINS KHURD,Unplanned,Closed,2026-05-12T08:35:00Z,2026-05-12T09:40:00Z,65
1840289,North,HOSHIARPUR,SATALITE DEOWAL,Unplanned,Closed,2026-05-12T08:35:00Z,2026-05-12T09:30:00Z,55
1840282,North,HOSHIARPUR,RAHIMPUR/SUNCITY,Unplanned,Closed,2026-05-12T08:35:00Z,2026-05-12T08:40:00Z,5
1840288,North,KAPURTHALA,UPS METLA,Unplanned,Closed,2026-05-12T08:30:00Z,2026-05-12T09:55:00Z,85
1840283,Border,GURDASPUR,24 Hrs UPS Rangar Nangal,Unplanned,Closed,2026-05-12T08:30:00Z,2026-05-12T09:25:00Z,55
1840280,Central,CITY WEST LUDHIANA,JAWADDI,Unplanned,Closed,2026-05-12T08:30:00Z,2026-05-12T08:58:07Z,28
1840279,East,Zirakpur,Jalalpur Kandi Pure AP,Unplanned,Closed,2026-05-12T08:30:00Z,2026-05-12T11:20:00Z,170
1840287,North,JALANDHAR,BARSALAN,Unplanned,Closed,2026-05-12T08:26:00Z,2026-05-12T08:49:00Z,23
1840286,North,JALANDHAR,LAMBRA,Unplanned,Closed,2026-05-12T08:26:00Z,2026-05-12T08:49:00Z,23
1840284,North,JALANDHAR,LOHARAN,Unplanned,Closed,2026-05-12T08:26:00Z,2026-05-12T08:49:00Z,23
1840277,North,KAPURTHALA,UPS FEROZESANGOWAL,Unplanned,Closed,2026-05-12T08:25:00Z,2026-05-12T08:40:00Z,15
1840301,East,ROPAR,Chandpur,Unplanned,Closed,2026-05-12T08:20:00Z,2026-05-12T09:12:00Z,52
1840281,North,HOSHIARPUR,khudda,Unplanned,Closed,2026-05-12T08:20:00Z,2026-05-12T09:15:00Z,55
1840275,Border,GURDASPUR,11kv UPS Khoje wal,Unplanned,Closed,2026-05-12T08:20:00Z,2026-05-12T08:45:00Z,25
1840276,North,HOSHIARPUR,NARA DADA,Unplanned,Closed,2026-05-12T08:17:00Z,2026-05-12T08:38:00Z,21
1840278,West,BATHINDA,Mansa Road,Unplanned,Closed,2026-05-12T08:15:00Z,2026-05-12T08:55:00Z,40
1840267,Central,CITY EAST LUDHIANA,IQBAL GANJ,Unplanned,Closed,2026-05-12T08:11:00Z,2026-05-12T09:10:00Z,59
1840268,North,HOSHIARPUR,SALLAN,Unplanned,Closed,2026-05-12T08:10:00Z,2026-05-12T10:02:00Z,112
1840266,North,HOSHIARPUR,POSSI,Unplanned,Closed,2026-05-12T08:05:00Z,2026-05-12T09:40:00Z,95
1840258,North,KAPURTHALA,UPS Malri,Unplanned,Closed,2026-05-12T08:02:00Z,2026-05-12T08:22:00Z,20
1840262,North,KAPURTHALA,UPS RAULI,Unplanned,Closed,2026-05-12T08:00:00Z,2026-05-12T09:00:00Z,60
1840259,Border,GURDASPUR,Burma Shell,Unplanned,Closed,2026-05-12T08:00:00Z,2026-05-12T08:35:00Z,35
1840257,Border,CITY AMRITSAR,GURUDWARA TAPOWAN,Unplanned,Closed,2026-05-12T08:00:00Z,2026-05-12T08:53:15Z,53
1840264,East,ROPAR,11KV Alampur,Unplanned,Closed,2026-05-12T07:58:00Z,2026-05-12T09:08:00Z,70
1840261,East,MOHALI,11KV 66B,Unplanned,Closed,2026-05-12T07:58:00Z,2026-05-12T08:22:10Z,24
1840265,Border,GURDASPUR,Bharoli,Unplanned,Closed,2026-05-12T07:55:00Z,2026-05-12T09:40:00Z,105
1840256,West,FARIDKOT,11KV KALEKE UPS,Unplanned,Closed,2026-05-12T07:55:00Z,2026-05-12T11:25:00Z,210
1840260,North,HOSHIARPUR,Tajowal,Unplanned,Closed,2026-05-12T07:54:00Z,2026-05-12T09:50:00Z,116
1840255,North,JALANDHAR,HARIPUR,Unplanned,Closed,2026-05-12T07:50:00Z,2026-05-12T10:30:00Z,160
1840252,Border,GURDASPUR,Adowali,Unplanned,Closed,2026-05-12T07:48:00Z,2026-05-12T09:47:00Z,119
1840254,East,MOHALI,KHERIGURNA AP,Unplanned,Closed,2026-05-12T07:45:32Z,2026-05-12T09:22:41Z,97
1840263,North,HOSHIARPUR,DEVIDASS,Unplanned,Closed,2026-05-12T07:45:00Z,2026-05-12T08:25:00Z,40
1840250,Central,CITY WEST LUDHIANA,SATSANG GHAR,Unplanned,Closed,2026-05-12T07:40:57Z,2026-05-12T10:30:52Z,169
1840249,Central,CITY WEST LUDHIANA,HERKRISHAN NAGAR FEEDER,Unplanned,Closed,2026-05-12T07:40:57Z,2026-05-12T08:46:54Z,65
1840253,Border,SUB URBAN AMRITSAR,RAJASANSI/HC,Unplanned,Closed,2026-05-12T07:40:00Z,2026-05-12T07:55:00Z,15
1840248,Border,TARN TARAN,UPS KOT BUDDA,Unplanned,Closed,2026-05-12T07:40:00Z,2026-05-12T08:46:00Z,66
1840245,Border,GURDASPUR,Gurudwara Kandh Sahib,Planned,Closed,2026-05-12T07:40:00Z,2026-05-12T08:09:00Z,29
1840246,North,NAWANSHAHR,JINDAPUR,Unplanned,Closed,2026-05-12T07:38:00Z,2026-05-12T08:24:00Z,46
1840235,West,FARIDKOT,BATHINDA ROAD,Planned,Closed,2026-05-12T07:35:14Z,2026-05-12T07:50:14Z,15
1840247,Border,GURDASPUR,BIDHIPUR,Unplanned,Closed,2026-05-12T07:35:00Z,2026-05-12T08:35:00Z,60
1840244,South,BARNALA,ISSAPUR,Planned,Closed,2026-05-12T07:35:00Z,2026-05-12T08:30:00Z,55
1840242,Border,GURDASPUR,24 hrs chahal kalan,Unplanned,Closed,2026-05-12T07:34:00Z,2026-05-12T08:15:00Z,41
1840241,South,PATIALA,Khera Jattan,Unplanned,Closed,2026-05-12T07:26:00Z,2026-05-12T09:20:00Z,114
1840240,North,NAWANSHAHR,DHARAMPUR,Unplanned,Closed,2026-05-12T07:25:00Z,2026-05-12T09:15:00Z,110
1840239,North,NAWANSHAHR,GOLUMAJRA,Unplanned,Closed,2026-05-12T07:25:00Z,2026-05-12T08:30:00Z,65
1840236,East,ROPAR,ABIANA,Unplanned,Closed,2026-05-12T07:25:00Z,2026-05-12T07:44:00Z,19
1840291,North,JALANDHAR,MALKO,Unplanned,Closed,2026-05-12T07:23:00Z,2026-05-12T10:02:00Z,159
1840243,Border,GURDASPUR,SATKOHA,Unplanned,Closed,2026-05-12T07:22:00Z,2026-05-12T10:55:00Z,213
1840238,North,NAWANSHAHR,BALLOWAL,Unplanned,Closed,2026-05-12T07:20:00Z,2026-05-12T07:58:00Z,38
1840234,North,HOSHIARPUR,KOLYA,Unplanned,Closed,2026-05-12T07:18:00Z,2026-05-12T08:10:00Z,52
1840233,South,PATIALA,KAMI KALAN,Unplanned,Closed,2026-05-12T07:15:00Z,2026-05-12T12:40:38Z,325
1840230,Border,GURDASPUR,Seunty,Unplanned,Closed,2026-05-12T07:14:00Z,2026-05-12T07:37:00Z,23
1840251,Border,SUB URBAN AMRITSAR,Khankot,Unplanned,Closed,2026-05-12T07:05:00Z,2026-05-12T08:10:00Z,65
1840225,North,JALANDHAR,Karol bagh,Unplanned,Closed,2026-05-12T07:01:00Z,2026-05-12T11:02:00Z,241
1840224,East,MOHALI,BOOTA SINGH WALA,Unplanned,Closed,2026-05-12T07:01:00Z,2026-05-12T07:30:17Z,29
1840229,East,MOHALI,MOHIKHURD AP,Unplanned,Closed,2026-05-12T07:00:00Z,2026-05-12T08:00:00Z,60
1840220,South,PATIALA,11 KV JAGGO,Unplanned,Closed,2026-05-12T06:55:00Z,2026-05-12T09:50:27Z,175
1840231,East,ROPAR,DARPAN,Unplanned,Closed,2026-05-12T06:50:00Z,2026-05-12T07:35:00Z,45
1840228,South,PATIALA,BSNL,Unplanned,Closed,2026-05-12T06:45:00Z,2026-05-12T07:42:00Z,57
1840216,South,SANGRUR,BIJALPUR UPS,Unplanned,Closed,2026-05-12T06:45:00Z,2026-05-12T07:40:00Z,55
1840217,South,PATIALA,Samania Gate,Unplanned,Closed,2026-05-12T06:43:00Z,2026-05-12T07:15:00Z,32
1840215,South,PATIALA,Shahi Samadhan,Unplanned,Closed,2026-05-12T06:43:00Z,2026-05-12T07:15:00Z,32
1840219,Border,SUB URBAN AMRITSAR,VERKA IND.1,Unplanned,Closed,2026-05-12T06:35:00Z,2026-05-12T08:35:00Z,120
1840218,Border,TARN TARAN,BEAS CITY,Unplanned,Closed,2026-05-12T06:35:00Z,2026-05-12T07:15:00Z,40
1840214,Border,SUB URBAN AMRITSAR,WADALA VERAM CAT 1,Unplanned,Closed,2026-05-12T06:35:00Z,2026-05-12T10:05:00Z,210
1840213,West,MUKATSAR,11 KV KANDHWALA Road Urban,Unplanned,Closed,2026-05-12T06:20:03Z,2026-05-12T07:02:14Z,42
1840207,Border,GURDASPUR,Ranipur,Unplanned,Closed,2026-05-12T06:20:00Z,2026-05-12T06:40:00Z,20
1840212,West,MUKATSAR,11 KV NAI ABADI,Unplanned,Closed,2026-05-12T06:19:29Z,2026-05-12T07:02:36Z,43
1840210,East,MOHALI,11KV NADIALI AP,Unplanned,Closed,2026-05-12T06:16:00Z,2026-05-12T08:03:06Z,107
1840208,Border,GURDASPUR,N.J.Singh 24hrs,Unplanned,Closed,2026-05-12T06:15:00Z,2026-05-12T08:00:00Z,105
1840205,Central,CITY WEST LUDHIANA,JAMMU COLONY,Unplanned,Closed,2026-05-12T06:14:15Z,2026-05-12T07:03:11Z,48
1840211,North,JALANDHAR,MUBARAKPUR SHEKHE,Unplanned,Closed,2026-05-12T06:12:00Z,2026-05-12T07:05:00Z,53
1840209,Border,GURDASPUR,Shahpurkandi,Unplanned,Closed,2026-05-12T06:07:00Z,2026-05-12T07:20:00Z,73
1840193,Border,GURDASPUR,Dheriwal,Unplanned,Closed,2026-05-12T05:58:00Z,2026-05-12T07:30:00Z,92
1840195,East,MOHALI,11KV B&D BLOCK,Unplanned,Closed,2026-05-12T05:57:00Z,2026-05-12T07:30:23Z,93
1840192,Central,CITY WEST LUDHIANA,BDS Nagar,Unplanned,Closed,2026-05-12T05:56:04Z,2026-05-12T07:14:39Z,78
1840189,North,JALANDHAR,PATARA,Unplanned,Closed,2026-05-12T05:55:00Z,2026-05-12T06:11:00Z,16
1840203,East,Zirakpur,NIMBUA,Unplanned,Closed,2026-05-12T05:53:00Z,2026-05-12T07:41:00Z,108
1840187,North,HOSHIARPUR,KHUN KHUN,Unplanned,Closed,2026-05-12T05:51:00Z,2026-05-12T06:20:00Z,29
1840186,North,HOSHIARPUR,BHUNGA,Unplanned,Closed,2026-05-12T05:51:00Z,2026-05-12T06:10:00Z,19
1840190,East,Zirakpur,Bauli Sahib,Unplanned,Closed,2026-05-12T05:50:00Z,2026-05-12T07:11:00Z,81
1840184,Central,CITY WEST LUDHIANA,MANAKWAL,Unplanned,Closed,2026-05-12T05:45:03Z,2026-05-12T05:56:34Z,11
1840194,South,SANGRUR,BAKHOPIR,Unplanned,Closed,2026-05-12T05:45:00Z,2026-05-12T07:52:00Z,127
1840200,East,Zirakpur,SBP,Unplanned,Closed,2026-05-12T05:40:00Z,2026-05-12T07:22:00Z,102
1840175,Border,GURDASPUR,24 Hrs Supply,Unplanned,Closed,2026-05-12T05:40:00Z,2026-05-12T06:15:00Z,35
1840174,East,Zirakpur,CITY COURT,Unplanned,Closed,2026-05-12T05:40:00Z,2026-05-12T07:40:00Z,120
1840206,East,MOHALI,Urban,Unplanned,Closed,2026-05-12T05:37:01Z,2026-05-12T07:30:13Z,113
1840201,East,Zirakpur,11 KV Sidhu Feeder,Unplanned,Closed,2026-05-12T05:36:00Z,2026-05-12T07:50:00Z,134
1840199,Border,SUB URBAN AMRITSAR,Chachowali 24 Hr,Unplanned,Closed,2026-05-12T05:35:00Z,2026-05-12T08:45:00Z,190
1840197,East,Zirakpur,11 Kv Devinagar,Unplanned,Closed,2026-05-12T05:35:00Z,2026-05-12T07:40:00Z,125
1840196,East,Zirakpur,11KV Jawaharpur industry,Unplanned,Closed,2026-05-12T05:35:00Z,2026-05-12T06:49:00Z,74
1840173,East,Zirakpur,SANULI,Unplanned,Closed,2026-05-12T05:35:00Z,2026-05-12T07:15:00Z,100
1840162,East,Zirakpur,PATIALA ROAD,Unplanned,Closed,2026-05-12T05:34:00Z,2026-05-12T07:02:00Z,88
1840198,East,Zirakpur,11 Kv Ambala Road,Unplanned,Closed,2026-05-12T05:32:00Z,2026-05-12T08:05:00Z,153
1840191,East,ROPAR,SHIVJOT,Unplanned,Closed,2026-05-12T05:32:00Z,2026-05-12T08:24:00Z,172
1840165,East,Zirakpur,PANCHSHEEL,Unplanned,Closed,2026-05-12T05:32:00Z,2026-05-12T08:10:00Z,158
1840164,East,Zirakpur,BIG BAZAAR,Unplanned,Closed,2026-05-12T05:32:00Z,2026-05-12T08:10:00Z,158
1840202,East,MOHALI,64-C,Unplanned,Closed,2026-05-12T05:30:00Z,2026-05-12T07:05:00Z,95
1840185,East,MOHALI,SEC-70,Unplanned,Closed,2026-05-12T05:28:00Z,2026-05-12T06:36:00Z,68
1840163,South,PATIALA,UPS RAJPURA,Unplanned,Closed,2026-05-12T05:28:00Z,2026-05-12T07:18:00Z,110
1840158,East,MOHALI,SEC-70D,Unplanned,Closed,2026-05-12T05:27:11Z,2026-05-12T06:21:00Z,53
1840180,East,MOHALI,11 kv sec 54A,Unplanned,Closed,2026-05-12T05:26:00Z,2026-05-12T07:10:45Z,104
1840179,East,MOHALI,Water Works,Unplanned,Closed,2026-05-12T05:26:00Z,2026-05-12T07:20:00Z,114
1840177,East,MOHALI,Jandpur Water Works,Unplanned,Closed,2026-05-12T05:26:00Z,2026-05-12T07:25:00Z,119
1840176,East,MOHALI,Badmajra,Unplanned,Closed,2026-05-12T05:26:00Z,2026-05-12T08:43:09Z,197
1840172,East,MOHALI,11KV KAMBALA UPS,Unplanned,Closed,2026-05-12T05:25:36Z,2026-05-12T06:30:18Z,64
1840169,East,MOHALI,BANUR URBAN 3,Unplanned,Closed,2026-05-12T05:24:36Z,2026-05-12T06:20:00Z,55
1840168,East,MOHALI,11 KV Azad Nagar,Unplanned,Closed,2026-05-12T05:22:00Z,2026-05-12T07:27:52Z,125
1840157,North,HOSHIARPUR,Bhogpur,Unplanned,Closed,2026-05-12T05:22:00Z,2026-05-12T06:26:00Z,64
1840171,East,MOHALI,11KV 83 ALPHA COMMERCIAL,Unplanned,Closed,2026-05-12T05:21:36Z,2026-05-12T05:52:00Z,30
1840170,East,MOHALI,11KV AEROCITY-2,Unplanned,Closed,2026-05-12T05:21:36Z,2026-05-12T05:57:00Z,35
1840166,East,MOHALI,BANUR URBAN 1,Unplanned,Closed,2026-05-12T05:21:36Z,2026-05-12T06:10:00Z,48
1840204,North,JALANDHAR,CHUHARWALI,Unplanned,Closed,2026-05-12T05:20:00Z,2026-05-12T07:55:00Z,155
1840188,East,MOHALI,11KV JAND PUR,Unplanned,Closed,2026-05-12T05:20:00Z,2026-05-12T06:26:28Z,66
1840155,South,PATIALA,UPS PAWALA,Unplanned,Closed,2026-05-12T05:20:00Z,2026-05-12T09:20:00Z,240
1840151,North,HOSHIARPUR,LAMBRA,Unplanned,Closed,2026-05-12T05:20:00Z,2026-05-12T05:41:00Z,21
1840178,East,MOHALI,BANUR URBAN 2,Unplanned,Closed,2026-05-12T05:19:00Z,2026-05-12T06:40:00Z,81
1840156,East,ROPAR,11KV Shvalik Heights,Unplanned,Closed,2026-05-12T05:15:00Z,2026-05-12T05:30:00Z,15
1840154,East,ROPAR,11KV Gillco Velly,Unplanned,Closed,2026-05-12T05:15:00Z,2026-05-12T05:30:00Z,15
1840153,East,ROPAR,MODLE  TOWN,Unplanned,Closed,2026-05-12T05:15:00Z,2026-05-12T05:30:00Z,15
1840152,East,ROPAR,SHIVJOT,Unplanned,Closed,2026-05-12T05:15:00Z,2026-05-12T05:30:51Z,15
1840150,East,ROPAR,KTM,Unplanned,Closed,2026-05-12T05:15:00Z,2026-05-12T05:30:17Z,15
1840149,East,ROPAR,MUNDI KHARAR,Unplanned,Closed,2026-05-12T05:15:00Z,2026-05-12T05:30:46Z,15
1840148,East,ROPAR,11 KV Landran Road,Unplanned,Closed,2026-05-12T05:15:00Z,2026-05-12T05:30:00Z,15
1840147,East,ROPAR,11KV CGC JHANJHERI,Unplanned,Closed,2026-05-12T05:15:00Z,2026-05-12T05:30:00Z,15
1840146,East,ROPAR,11 KV Badala Road,Unplanned,Closed,2026-05-12T05:15:00Z,2026-05-12T06:20:00Z,65
1840183,East,ROPAR,Sehauran,Unplanned,Closed,2026-05-12T05:14:00Z,2026-05-12T07:35:00Z,141
1840182,East,ROPAR,RORA,Unplanned,Closed,2026-05-12T05:14:00Z,2026-05-12T07:16:00Z,122
1840181,East,ROPAR,RADIALA,Unplanned,Closed,2026-05-12T05:14:00Z,2026-05-12T07:08:00Z,114
1840160,West,FARIDKOT,Rattian Urban,Unplanned,Closed,2026-05-12T05:10:00Z,2026-05-12T08:26:00Z,196
1840145,Central,KHANNA,Bardhalan,Unplanned,Closed,2026-05-12T05:10:00Z,2026-05-12T06:19:00Z,69
1840159,Border,SUB URBAN AMRITSAR,Urban Tangra,Unplanned,Closed,2026-05-12T05:05:00Z,2026-05-12T05:40:00Z,35
1840143,Central,KHANNA,Peer Khana,Unplanned,Closed,2026-05-12T04:51:00Z,2026-05-12T06:17:00Z,86
1840144,South,SANGRUR,11 KV BHRAMKUMARI,Unplanned,Closed,2026-05-12T04:45:00Z,2026-05-12T08:40:00Z,235
1840141,Central,KHANNA,URBAN,Unplanned,Closed,2026-05-12T04:31:00Z,2026-05-12T06:09:00Z,98
1840140,Central,KHANNA,BAGHOUR,Unplanned,Closed,2026-05-12T04:31:00Z,2026-05-12T06:09:00Z,98
1840139,Central,KHANNA,IKOLAHA,Unplanned,Closed,2026-05-12T04:31:00Z,2026-05-12T06:09:00Z,98
1840138,Central,KHANNA,Kishangarh,Unplanned,Closed,2026-05-12T04:31:00Z,2026-05-12T05:50:00Z,79
1840137,Central,KHANNA,ROHNO,Unplanned,Closed,2026-05-12T04:31:00Z,2026-05-12T06:09:00Z,98
1840136,Central,KHANNA,Bija Urban,Unplanned,Closed,2026-05-12T04:31:00Z,2026-05-12T05:40:00Z,69
1840135,Central,KHANNA,Dehru,Unplanned,Closed,2026-05-12T04:31:00Z,2026-05-12T05:40:00Z,69
1840134,East,ROPAR,JHANDIAN,Unplanned,Closed,2026-05-12T04:30:00Z,2026-05-12T05:05:00Z,35
1840129,Central,CITY WEST LUDHIANA,BUS STAND,Unplanned,Closed,2026-05-12T04:28:22Z,2026-05-12T05:14:53Z,46
1840133,Border,GURDASPUR,Bamial 24hrs,Unplanned,Closed,2026-05-12T04:20:00Z,2026-05-12T05:10:00Z,50
1840131,North,HOSHIARPUR,TARAGARH,Unplanned,Closed,2026-05-12T04:20:00Z,2026-05-12T05:30:00Z,70
1840127,East,ROPAR,Jhangrian,Unplanned,Closed,2026-05-12T04:19:00Z,2026-05-12T05:05:00Z,46
1840142,North,NAWANSHAHR,MOJOWAL MAJARA,Unplanned,Closed,2026-05-12T04:11:00Z,2026-05-12T07:41:00Z,210
1840120,Border,GURDASPUR,Naroat Mehra,Unplanned,Closed,2026-05-12T04:05:00Z,2026-05-12T05:55:00Z,110
1840126,North,HOSHIARPUR,PEALAN,Unplanned,Closed,2026-05-12T04:04:00Z,2026-05-12T05:25:00Z,81
1840132,South,SANGRUR,GHANOURI KALAN C1,Unplanned,Closed,2026-05-12T04:00:00Z,2026-05-12T06:35:00Z,155
1840122,North,HOSHIARPUR,11 KV DHADEKATWAL,Unplanned,Closed,2026-05-12T03:55:00Z,2026-05-12T04:45:00Z,50
1840119,North,HOSHIARPUR,KOLYA,Unplanned,Closed,2026-05-12T03:55:00Z,2026-05-12T07:00:00Z,185
1840130,South,BARNALA,Ramgarh UPS,Unplanned,Closed,2026-05-12T03:50:00Z,2026-05-12T07:45:00Z,235
1840118,Border,GURDASPUR,Pangoli,Unplanned,Closed,2026-05-12T03:50:00Z,2026-05-12T06:10:00Z,140
1840117,Border,GURDASPUR,Pioneer Agro,Unplanned,Closed,2026-05-12T03:40:00Z,2026-05-12T06:44:00Z,184
1840116,Border,GURDASPUR,Islampur No. 1,Unplanned,Closed,2026-05-12T03:40:00Z,2026-05-12T06:11:00Z,151
1840121,North,JALANDHAR,MODEL HOUSE,Unplanned,Closed,2026-05-12T03:34:00Z,2026-05-12T04:00:00Z,26
1840161,West,FARIDKOT,AJITWAL URBAN 2,Unplanned,Closed,2026-05-12T03:30:00Z,2026-05-12T07:40:54Z,250
1840115,Border,GURDASPUR,Geeta Bhawan No-2,Unplanned,Closed,2026-05-12T02:55:00Z,2026-05-12T04:36:00Z,101
1840114,North,HOSHIARPUR,11Kv Mushabpur UPS,Unplanned,Closed,2026-05-12T02:50:00Z,2026-05-12T03:10:00Z,20
1840113,Border,CITY AMRITSAR,Queens Road,Unplanned,Closed,2026-05-12T02:50:00Z,2026-05-12T04:05:00Z,75
1840112,West,MUKATSAR,dhani shaffi,Unplanned,Closed,2026-05-12T02:47:00Z,2026-05-12T07:17:00Z,270
1840107,South,SANGRUR,Sadar Bazar,Unplanned,Closed,2026-05-12T02:16:16Z,2026-05-12T02:26:43Z,10
1840110,North,HOSHIARPUR,KALA BAKRA shared feeder,Unplanned,Closed,2026-05-12T02:15:00Z,2026-05-12T06:06:00Z,231
1840108,Border,CITY AMRITSAR,GURUDWARA TAPOWAN,Unplanned,Closed,2026-05-12T02:14:00Z,2026-05-12T02:35:17Z,21
1840109,Border,CITY AMRITSAR,BHANDARI CHOWK,Unplanned,Closed,2026-05-12T02:11:00Z,2026-05-12T03:37:11Z,86
1840106,East,MOHALI,11KV IT CITY,Unplanned,Closed,2026-05-12T02:07:00Z,2026-05-12T04:05:00Z,118
1840105,East,MOHALI,72-A,Unplanned,Closed,2026-05-12T02:00:00Z,2026-05-12T03:05:56Z,65
1840104,West,MUKATSAR,City Urban,Unplanned,Closed,2026-05-12T02:00:00Z,2026-05-12T07:15:00Z,315
1840103,Central,KHANNA,Royal,Unplanned,Closed,2026-05-12T01:52:00Z,2026-05-12T02:50:00Z,58
1840123,Border,SUB URBAN AMRITSAR,Urban 1 Tarsika,Unplanned,Closed,2026-05-12T01:40:00Z,2026-05-12T07:55:00Z,375
1840111,South,SANGRUR,11 KV SHERON CITY,Unplanned,Closed,2026-05-12T01:21:00Z,2026-05-12T07:15:00Z,354
1840102,South,PATIALA,Nabha Gate,Unplanned,Closed,2026-05-12T01:09:00Z,2026-05-12T01:27:00Z,18
1840100,Border,GURDASPUR,Paroshah,Unplanned,Closed,2026-05-12T00:50:00Z,2026-05-12T04:40:00Z,230
1840128,South,BARNALA,BAKHATGARH,Unplanned,Closed,2026-05-12T00:45:00Z,2026-05-12T08:10:00Z,445
1840099,West,FARIDKOT,SURAJ NAGAR,Unplanned,Closed,2026-05-12T00:45:00Z,2026-05-12T08:34:47Z,469
1840098,West,FARIDKOT,AKALSAR,Unplanned,Closed,2026-05-12T00:45:00Z,2026-05-12T01:32:00Z,47
1840096,East,Zirakpur,Jaskaran,Planned,Closed,2026-05-12T00:10:00Z,2026-05-12T00:20:00Z,10
1840095,North,NAWANSHAHR,LOHAT,Unplanned,Closed,2026-05-12T00:10:00Z,2026-05-12T05:30:00Z,320
1840167,West,FARIDKOT,BHATTIANA,Unplanned,Closed,2026-05-12T00:03:00Z,2026-05-12T08:53:35Z,530
1840097,West,FARIDKOT,11KV DANA MANDI URBAN FEEDER,Unplanned,Closed,2026-05-12T00:03:00Z,2026-05-12T07:15:00Z,432
1840084,South,SANGRUR,UPS Badshahpur,Unplanned,Closed,2026-05-11T23:50:00Z,2026-05-12T08:15:00Z,505
1840083,North,HOSHIARPUR,UPS katrala,Unplanned,Closed,2026-05-11T23:50:00Z,2026-05-12T00:40:00Z,50
1840101,South,PATIALA,U.P.S. SAMUNGARH-2,Unplanned,Closed,2026-05-11T23:48:00Z,2026-05-12T09:52:59Z,604
1840087,Central,KHANNA,Chander Lok,Unplanned,Closed,2026-05-11T23:48:00Z,2026-05-12T02:53:00Z,185
1840082,West,FARIDKOT,LandeKe URBAN,Unplanned,Closed,2026-05-11T23:48:00Z,2026-05-12T01:15:00Z,87
1840081,Central,KHANNA,DANA MANDI,Unplanned,Closed,2026-05-11T23:45:00Z,2026-05-11T23:59:00Z,14
1840080,East,MOHALI,TEPLA ROAD BANUR,Unplanned,Closed,2026-05-11T23:31:47Z,2026-05-12T00:22:58Z,51
1840079,West,MUKATSAR,Malout Road,Unplanned,Closed,2026-05-11T23:25:00Z,2026-05-12T05:55:27Z,390
1840078,Border,TARN TARAN,SHERON UPS,Unplanned,Closed,2026-05-11T23:20:00Z,2026-05-12T07:05:00Z,465
1840076,North,JALANDHAR,11 KV Nagra,Unplanned,Closed,2026-05-11T23:10:16Z,2026-05-12T00:07:25Z,57
1840075,West,FARIDKOT,Neel Giri,Unplanned,Closed,2026-05-11T23:10:00Z,2026-05-12T01:35:00Z,145
1840074,Central,CITY WEST LUDHIANA,ISHER NAGAR FEEDER,Unplanned,Closed,2026-05-11T23:09:55Z,2026-05-11T23:20:05Z,10
1840077,South,PATIALA,Ram Ashram,Unplanned,Closed,2026-05-11T23:05:00Z,2026-05-12T00:25:00Z,80
1840452,Central,CITY WEST LUDHIANA,SHEETLA MANDHIR,Unplanned,Closed,2026-05-11T22:45:31Z,2026-05-12T10:58:46Z,733
1840068,Border,GURDASPUR,City Thana,Unplanned,Closed,2026-05-11T22:34:00Z,2026-05-11T23:14:00Z,40
1840070,North,HOSHIARPUR,TARAGARH,Unplanned,Closed,2026-05-11T22:30:00Z,2026-05-11T22:55:23Z,25
1840069,West,FARIDKOT,BATHINDA ROAD,Planned,Closed,2026-05-11T22:30:00Z,2026-05-11T22:45:00Z,15
1840067,West,BATHINDA,CHAK FATEH SINGH,Unplanned,Closed,2026-05-11T22:25:00Z,2026-05-12T03:20:00Z,295
1840065,Border,GURDASPUR,24 hrs chahal kalan,Unplanned,Closed,2026-05-11T22:15:00Z,2026-05-11T22:50:00Z,35
1840072,Border,SUB URBAN AMRITSAR,Bhai Manj Road,Unplanned,Closed,2026-05-11T22:10:00Z,2026-05-11T23:40:00Z,90
1840058,East,MOHALI,Badmajra,Unplanned,Closed,2026-05-11T22:08:04Z,2026-05-11T22:53:08Z,45
1840051,Central,CITY EAST LUDHIANA,GURU NANAK DEV NAGAR,Unplanned,Closed,2026-05-11T22:00:00Z,2026-05-11T22:38:00Z,38
1840071,Border,GURDASPUR,Malpur,Unplanned,Closed,2026-05-11T21:55:00Z,2026-05-11T22:41:00Z,46
1840048,North,JALANDHAR,Dhadde,Unplanned,Closed,2026-05-11T21:55:00Z,2026-05-11T22:41:00Z,46
1840049,West,BATHINDA,Aehmadpur UPS,Unplanned,Closed,2026-05-11T21:50:00Z,2026-05-11T22:50:00Z,60
1840033,Central,CITY WEST LUDHIANA,BAROTA ROAD,Unplanned,Closed,2026-05-11T21:49:33Z,2026-05-11T22:34:55Z,45
1840031,Central,CITY WEST LUDHIANA,ISHER NAGAR FEEDER,Unplanned,Closed,2026-05-11T21:45:54Z,2026-05-11T23:09:32Z,83
1840039,East,Zirakpur,RANBAXY,Unplanned,Closed,2026-05-11T21:45:00Z,2026-05-12T00:20:00Z,155
1840042,North,HOSHIARPUR,LACHOWAL,Unplanned,Closed,2026-05-11T21:40:00Z,2026-05-11T22:20:20Z,40
1840030,North,NAWANSHAHR,MALEWAL,Unplanned,Closed,2026-05-11T21:40:00Z,2026-05-11T21:55:00Z,15
1840024,Central,CITY WEST LUDHIANA,HIGHWAY FEEDER,Unplanned,Closed,2026-05-11T21:38:45Z,2026-05-11T22:44:50Z,66
1840073,West,FARIDKOT,Ranian UPS,Unplanned,Closed,2026-05-11T21:38:00Z,2026-05-12T11:00:00Z,802
1840038,North,HOSHIARPUR,BULLOWAL   NO    2,Unplanned,Closed,2026-05-11T21:36:40Z,2026-05-12T01:40:40Z,244
1840037,North,HOSHIARPUR,11KV SATOWALI,Unplanned,Closed,2026-05-11T21:36:40Z,2026-05-12T01:40:40Z,244
1840036,North,HOSHIARPUR,GHUG,Unplanned,Closed,2026-05-11T21:36:40Z,2026-05-12T01:40:40Z,244
1840032,South,SANGRUR,Sherpur Urban,Unplanned,Closed,2026-05-11T21:35:00Z,2026-05-11T23:20:00Z,105
1840029,North,NAWANSHAHR,11 KV Buthgarh,Unplanned,Closed,2026-05-11T21:35:00Z,2026-05-11T21:50:00Z,15
1840025,North,HOSHIARPUR,KHARKAN,Unplanned,Closed,2026-05-11T21:34:00Z,2026-05-11T21:52:00Z,18
1840022,Central,KHANNA,SALANA UPS,Unplanned,Closed,2026-05-11T21:28:00Z,2026-05-11T21:40:00Z,12
1840011,West,BATHINDA,Amardas Nagar,Unplanned,Closed,2026-05-11T21:25:21Z,2026-05-11T21:36:08Z,10
1840021,North,NAWANSHAHR,11 KV UPS KATANA,Unplanned,Closed,2026-05-11T21:25:00Z,2026-05-11T22:25:00Z,60
1840023,Border,GURDASPUR,Pangoli,Unplanned,Closed,2026-05-11T21:20:00Z,2026-05-11T22:30:00Z,70
1840013,West,MUKATSAR,City Urban,Unplanned,Closed,2026-05-11T21:20:00Z,2026-05-11T23:19:00Z,119
1840003,North,JALANDHAR,11 KV Nagra,Unplanned,Closed,2026-05-11T21:18:19Z,2026-05-11T22:08:07Z,49
1840001,Border,SUB URBAN AMRITSAR,UPS BHINDIAN SAIDAN,Unplanned,Closed,2026-05-11T21:10:00Z,2026-05-11T23:45:00Z,155
1840000,East,Zirakpur,BALTANA,Planned,Closed,2026-05-11T21:07:00Z,2026-05-11T21:15:00Z,8
1839999,East,Zirakpur,KALKA ROAD,Planned,Closed,2026-05-11T21:07:00Z,2026-05-11T21:15:00Z,8
1839998,East,Zirakpur,KALGIDHAR,Planned,Closed,2026-05-11T21:07:00Z,2026-05-11T21:15:00Z,8
1839997,North,JALANDHAR,11 KV GRAIN MARKET (Old),Unplanned,Closed,2026-05-11T21:02:52Z,2026-05-11T21:30:55Z,28
1840002,Border,SUB URBAN AMRITSAR,RAIPUR UPS,Unplanned,Closed,2026-05-11T21:02:00Z,2026-05-11T21:28:00Z,26
1839990,Central,CITY WEST LUDHIANA,MANAKWAL,Unplanned,Closed,2026-05-11T20:55:57Z,2026-05-11T21:35:13Z,39
1839995,Central,CITY WEST LUDHIANA,MEHMOODPURA,Unplanned,Closed,2026-05-11T20:55:55Z,2026-05-11T21:35:02Z,39
1839988,Central,CITY WEST LUDHIANA,City Enclave,Planned,Closed,2026-05-11T20:55:46Z,2026-05-11T21:35:51Z,40
1839980,Central,CITY WEST LUDHIANA,MANAKWAL,Unplanned,Closed,2026-05-11T20:55:46Z,2026-05-11T21:35:51Z,40
1839978,Central,CITY WEST LUDHIANA,DANA MANDI,Unplanned,Closed,2026-05-11T20:55:46Z,2026-05-11T21:35:51Z,40
1839943,East,MOHALI,Colony phase 1,Unplanned,Closed,2026-05-11T20:52:26Z,2026-05-11T21:09:37Z,17
1839996,East,MOHALI,TDI 2,Unplanned,Closed,2026-05-11T20:50:00Z,2026-05-11T21:12:46Z,22
1839899,Central,CITY WEST LUDHIANA,ISHER NAGAR FEEDER,Unplanned,Closed,2026-05-11T20:45:19Z,2026-05-11T21:38:30Z,53
1840066,Border,TARN TARAN,Mari Megha Urban,Unplanned,Closed,2026-05-11T20:40:00Z,2026-05-11T22:20:54Z,100
1839916,Central,KHANNA,DH CASTING,Unplanned,Closed,2026-05-11T20:40:00Z,2026-05-11T21:39:00Z,59
1839901,Border,TARN TARAN,UPS Dall,Unplanned,Closed,2026-05-11T20:40:00Z,2026-05-11T22:20:00Z,100
1839866,Border,GURDASPUR,Udhanwal,Unplanned,Closed,2026-05-11T20:24:00Z,2026-05-11T20:43:00Z,19
1839882,West,MUKATSAR,11KV Old Grain Market.,Unplanned,Closed,2026-05-11T20:20:00Z,2026-05-11T20:42:00Z,22
1839863,East,ROPAR,MUKARI,Unplanned,Closed,2026-05-11T20:20:00Z,2026-05-11T21:10:58Z,50
1839900,West,BATHINDA,Mian,Unplanned,Closed,2026-05-11T20:17:00Z,2026-05-11T21:35:58Z,78
1839877,Border,TARN TARAN,24 Hur. Sohal,Unplanned,Closed,2026-05-11T20:15:00Z,2026-05-11T21:15:00Z,60
1839847,North,HOSHIARPUR,KANDHALA JATTAN,Unplanned,Closed,2026-05-11T20:15:00Z,2026-05-11T20:40:00Z,25
1839825,West,MUKATSAR,Mithri,Unplanned,Closed,2026-05-11T20:12:00Z,2026-05-11T21:06:00Z,54
1839809,North,JALANDHAR,SUN FLAG,Unplanned,Closed,2026-05-11T20:12:00Z,2026-05-11T20:32:00Z,20
1839795,West,FARIDKOT,CITY MOGA,Unplanned,Closed,2026-05-11T20:03:40Z,2026-05-11T20:15:45Z,12
1839792,North,JALANDHAR,11 KV Nagra,Unplanned,Closed,2026-05-11T19:56:07Z,2026-05-11T20:17:00Z,20
1839794,Border,GURDASPUR,Withwan,Unplanned,Closed,2026-05-11T19:55:00Z,2026-05-11T20:40:00Z,45
1839791,North,JALANDHAR,11KV GTB NAGAR,Unplanned,Closed,2026-05-11T19:51:00Z,2026-05-11T20:18:00Z,27
1839793,West,FARIDKOT,BURJ JAWAHAR SINGH WALA,Unplanned,Closed,2026-05-11T19:50:00Z,2026-05-11T21:15:00Z,85
1839789,North,JALANDHAR,DAKOHA,Unplanned,Closed,2026-05-11T19:46:00Z,2026-05-11T20:18:00Z,32
1839784,West,MUKATSAR,M.R. Enclave,Unplanned,Closed,2026-05-11T19:36:44Z,2026-05-11T19:48:19Z,11
1839783,West,MUKATSAR,Civil Line,Unplanned,Closed,2026-05-11T19:36:44Z,2026-05-11T19:47:33Z,10
1839786,Border,SUB URBAN AMRITSAR,Mallan Wali,Unplanned,Closed,2026-05-11T19:36:00Z,2026-05-11T20:10:00Z,34
1839815,North,KAPURTHALA,Momanpur,Unplanned,Closed,2026-05-11T19:35:46Z,2026-05-12T01:30:46Z,355
1839814,North,KAPURTHALA,URBAN Mustfapur,Unplanned,Closed,2026-05-11T19:35:46Z,2026-05-12T01:30:46Z,355
1839813,North,KAPURTHALA,UPS Rahimpur,Unplanned,Closed,2026-05-11T19:35:46Z,2026-05-12T01:30:46Z,355
1839785,East,ROPAR,MUKARI,Unplanned,Closed,2026-05-11T19:30:00Z,2026-05-11T19:58:09Z,28
1839780,Central,CITY WEST LUDHIANA,PREET NAGAR FEEDER,Unplanned,Closed,2026-05-11T19:29:20Z,2026-05-11T21:09:45Z,100
1839781,Central,KHANNA,Friend colony,Unplanned,Closed,2026-05-11T19:28:00Z,2026-05-11T20:08:00Z,40
1839778,North,HOSHIARPUR,11kv Chanour UPS,Unplanned,Closed,2026-05-11T19:20:00Z,2026-05-11T20:05:00Z,45
1839775,Border,GURDASPUR,TALIBPUR,Unplanned,Closed,2026-05-11T19:19:00Z,2026-05-11T19:31:00Z,12
1839772,North,JALANDHAR,Begampura,Unplanned,Closed,2026-05-11T19:16:00Z,2026-05-11T19:38:00Z,22
1839782,Border,GURDASPUR,BHAM UPS,Unplanned,Closed,2026-05-11T19:15:00Z,2026-05-11T19:50:00Z,35
1839763,Central,CITY WEST LUDHIANA,GOBINDGARH,Planned,Closed,2026-05-11T19:15:00Z,2026-05-11T19:30:00Z,15
1839757,East,MOHALI,11 KV Sec-88,Unplanned,Closed,2026-05-11T19:11:00Z,2026-05-11T19:23:00Z,12
1839777,North,NAWANSHAHR,Danduwal,Unplanned,Closed,2026-05-11T19:10:00Z,2026-05-11T19:50:00Z,40
1839742,Border,GURDASPUR,Ujjagar Nagar,Planned,Closed,2026-05-11T19:10:00Z,2026-05-11T20:06:00Z,56
1839779,Border,GURDASPUR,MES Madhopur,Unplanned,Closed,2026-05-11T19:04:00Z,2026-05-11T21:42:00Z,158
1839736,Central,CITY WEST LUDHIANA,NEW JANTA NAGAR,Unplanned,Closed,2026-05-11T18:55:09Z,2026-05-11T19:16:45Z,21
1839744,Border,GURDASPUR,Jugial,Unplanned,Closed,2026-05-11T18:55:00Z,2026-05-11T19:57:00Z,62
1839741,East,ROPAR,Asmanpur,Unplanned,Closed,2026-05-11T18:55:00Z,2026-05-11T19:10:34Z,15
1839743,Border,GURDASPUR,Kiari,Unplanned,Closed,2026-05-11T18:50:00Z,2026-05-11T21:30:00Z,160
1839738,North,NAWANSHAHR,PANYALI,Unplanned,Closed,2026-05-11T18:50:00Z,2026-05-11T19:45:00Z,55
1839734,North,JALANDHAR,KHURLA KINGRA,Unplanned,Closed,2026-05-11T18:50:00Z,2026-05-11T19:24:00Z,34
1839733,North,JALANDHAR,T. V. TOWER,Unplanned,Closed,2026-05-11T18:50:00Z,2026-05-11T19:24:00Z,34
1839735,South,PATIALA,11 KV RADHA SWAMI ROAD,Unplanned,Closed,2026-05-11T18:49:00Z,2026-05-11T19:45:00Z,56
1839732,Border,CITY AMRITSAR,11Kv Navdeep Theatre,Unplanned,Closed,2026-05-11T18:46:39Z,2026-05-11T20:10:00Z,83
1839731,North,JALANDHAR,MANDI ROAD,Unplanned,Closed,2026-05-11T18:45:00Z,2026-05-11T19:12:00Z,27
1839769,Border,SUB URBAN AMRITSAR,BAL SACHANDER,Unplanned,Closed,2026-05-11T18:40:00Z,2026-05-11T20:40:00Z,120
1839737,North,JALANDHAR,ADAMPUR,Unplanned,Closed,2026-05-11T18:40:00Z,2026-05-11T19:40:00Z,60
1839726,Border,GURDASPUR,11 KV Guru Nanak College,Planned,Closed,2026-05-11T18:37:00Z,2026-05-11T19:35:00Z,58
1839730,South,SANGRUR,MODEL TOWN URBAN,Unplanned,Closed,2026-05-11T18:35:12Z,2026-05-11T19:07:30Z,32
1839776,South,BARNALA,Ramgarh UPS,Unplanned,Closed,2026-05-11T18:30:00Z,2026-05-11T20:40:00Z,130
1839774,South,BARNALA,B.B.ROAD,Unplanned,Closed,2026-05-11T18:30:00Z,2026-05-11T21:05:00Z,155
1839740,Border,SUB URBAN AMRITSAR,Bhararri Wal,Unplanned,Closed,2026-05-11T18:30:00Z,2026-05-11T20:36:30Z,126
1839729,Border,TARN TARAN,Railway Road Urban..,Unplanned,Closed,2026-05-11T18:30:00Z,2026-05-11T21:05:00Z,155
1839728,Central,CITY EAST LUDHIANA,SAHIBANA,Unplanned,Closed,2026-05-11T18:30:00Z,2026-05-11T18:50:00Z,20
1839724,Border,GURDASPUR,11 KV RAILWAY ROAD,Unplanned,Closed,2026-05-11T18:27:00Z,2026-05-11T19:38:00Z,71
1839723,West,MUKATSAR,GHUDDA,Unplanned,Closed,2026-05-11T18:26:00Z,2026-05-11T20:06:00Z,100
1839722,West,BATHINDA,BARETA City,Unplanned,Closed,2026-05-11T18:25:00Z,2026-05-11T18:50:00Z,25
1839717,West,MUKATSAR,11 KV SARDARPURA UPS,Unplanned,Closed,2026-05-11T18:24:59Z,2026-05-11T19:27:08Z,62
1839718,West,MUKATSAR,11 KV Bhagsar UPS,Unplanned,Closed,2026-05-11T18:24:21Z,2026-05-11T19:27:31Z,63
1839716,West,MUKATSAR,11 KV SUKHCHAIN,Unplanned,Closed,2026-05-11T18:23:13Z,2026-05-11T19:27:26Z,64
1839708,West,FARIDKOT,Jawahar Nagar,Unplanned,Closed,2026-05-11T18:21:11Z,2026-05-11T18:58:51Z,37
1839709,West,MUKATSAR,11 KV SARDARPURA UPS,Unplanned,Closed,2026-05-11T18:15:00Z,2026-05-11T19:27:57Z,72
1839707,North,HOSHIARPUR,Ahiapur,Unplanned,Closed,2026-05-11T18:15:00Z,2026-05-11T19:23:00Z,68
1839705,North,HOSHIARPUR,Khozkipur,Unplanned,Closed,2026-05-11T18:06:00Z,2026-05-11T18:13:00Z,7
1839706,North,HOSHIARPUR,11 kv Mansoorpur,Unplanned,Closed,2026-05-11T18:05:00Z,2026-05-11T19:05:00Z,60
1839687,North,JALANDHAR,GURU GOBIND SINGH AVENUE,Planned,Closed,2026-05-11T18:05:00Z,2026-05-11T18:32:00Z,27
1839704,North,NAWANSHAHR,Rurka Kalan,Unplanned,Closed,2026-05-11T18:02:00Z,2026-05-11T18:46:00Z,44
1839701,Central,CITY WEST LUDHIANA,Roop nagar,Unplanned,Closed,2026-05-11T18:00:16Z,2026-05-11T19:50:40Z,110
1839703,West,FARIDKOT,11KV HASSAN BHATTI,Unplanned,Closed,2026-05-11T18:00:00Z,2026-05-11T20:29:40Z,149
1839697,North,NAWANSHAHR,TEHSIL COMPLEX GSR,Planned,Closed,2026-05-11T17:57:00Z,2026-05-11T18:25:00Z,28
1839702,East,Zirakpur,SAVITRY GREEN 2,Unplanned,Closed,2026-05-11T17:55:00Z,2026-05-11T18:50:00Z,55
1839699,East,ROPAR,PLATA,Unplanned,Closed,2026-05-11T17:52:01Z,2026-05-11T18:23:21Z,31
1839695,Border,SUB URBAN AMRITSAR,LALIAN UPS,Unplanned,Closed,2026-05-11T17:51:52Z,2026-05-11T18:10:48Z,18
1839689,Central,CITY WEST LUDHIANA,STAR ROAD FEEDER,Unplanned,Closed,2026-05-11T17:46:23Z,2026-05-11T20:31:39Z,165
1839688,Central,CITY WEST LUDHIANA,ISHER NAGAR FEEDER,Unplanned,Closed,2026-05-11T17:46:23Z,2026-05-11T20:31:47Z,165
1839694,Border,TARN TARAN,BAWA SHOE,Unplanned,Closed,2026-05-11T17:45:00Z,2026-05-11T18:45:00Z,60
1839685,West,MUKATSAR,Adarsh Nagar,Unplanned,Closed,2026-05-11T17:44:08Z,2026-05-11T18:43:05Z,58
1839681,North,JALANDHAR,DRAIN,Planned,Closed,2026-05-11T17:43:00Z,2026-05-11T17:55:00Z,12
1839700,South,BARNALA,RADAR CAT 4,Unplanned,Closed,2026-05-11T17:41:00Z,2026-05-11T19:40:00Z,119
1839691,South,PATIALA,UPS RAJPURA,Unplanned,Closed,2026-05-11T17:40:00Z,2026-05-11T17:55:00Z,15
1839676,West,MUKATSAR,11 KV Bhagsar UPS,Unplanned,Closed,2026-05-11T17:39:59Z,2026-05-11T18:06:07Z,26
1839675,West,MUKATSAR,11 KV SARDARPURA UPS,Unplanned,Closed,2026-05-11T17:39:37Z,2026-05-11T18:08:45Z,29
1839677,North,JALANDHAR,11 KV Nagra,Unplanned,Closed,2026-05-11T17:39:00Z,2026-05-11T17:59:03Z,20
1839674,West,MUKATSAR,11 KV SUKHCHAIN,Unplanned,Closed,2026-05-11T17:38:57Z,2026-05-11T18:06:08Z,27
1839692,North,JALANDHAR,MANDI ROAD,Unplanned,Closed,2026-05-11T17:38:00Z,2026-05-11T18:02:00Z,24
1839690,Border,CITY AMRITSAR,11 KV Bhagtawala,Unplanned,Closed,2026-05-11T17:38:00Z,2026-05-11T17:58:01Z,20
1839678,Central,KHANNA,JSM,Unplanned,Closed,2026-05-11T17:37:00Z,2026-05-11T18:58:00Z,81
1839684,West,FARIDKOT,HARDIAL NAGAR,Planned,Closed,2026-05-11T17:36:57Z,2026-05-11T18:02:00Z,25
1839686,South,PATIALA,Bharat colony,Unplanned,Closed,2026-05-11T17:35:00Z,2026-05-11T17:55:00Z,20
1839682,West,MUKATSAR,THANDEWALA,Unplanned,Closed,2026-05-11T17:35:00Z,2026-05-11T18:15:00Z,40
1839670,West,MUKATSAR,Mehna,Unplanned,Closed,2026-05-11T17:35:00Z,2026-05-11T19:00:00Z,85
1839669,East,MOHALI,11KV KAMBALA UPS,Unplanned,Closed,2026-05-11T17:34:39Z,2026-05-11T19:55:50Z,141
1839667,North,JALANDHAR,DINGRIAN BADALA,Unplanned,Closed,2026-05-11T17:34:00Z,2026-05-11T17:57:00Z,23
1839698,South,BARNALA,KALA MEHAL,Unplanned,Closed,2026-05-11T17:32:00Z,2026-05-11T18:46:00Z,74
1839696,South,BARNALA,Ram Rajia,Unplanned,Closed,2026-05-11T17:32:00Z,2026-05-11T18:44:00Z,72
1839683,West,BATHINDA,BABA ALKH RAM,Unplanned,Closed,2026-05-11T17:32:00Z,2026-05-11T18:55:00Z,83
1839673,North,HOSHIARPUR,BULLOWAL   NO    2,Unplanned,Closed,2026-05-11T17:30:47Z,2026-05-11T17:58:47Z,28
1839672,North,HOSHIARPUR,11KV SATOWALI,Unplanned,Closed,2026-05-11T17:30:47Z,2026-05-11T17:58:47Z,28
1839671,North,HOSHIARPUR,GHUG,Unplanned,Closed,2026-05-11T17:30:47Z,2026-05-11T17:58:47Z,28
1839680,North,NAWANSHAHR,PAILY,Unplanned,Closed,2026-05-11T17:30:00Z,2026-05-11T17:40:00Z,10
1839679,North,HOSHIARPUR,BHOGPUR NO 2,Unplanned,Closed,2026-05-11T17:30:00Z,2026-05-11T18:26:00Z,56
1839665,West,FARIDKOT,FACTORY AREA,Unplanned,Closed,2026-05-11T17:30:00Z,2026-05-11T19:30:00Z,120
1839664,West,FARIDKOT,SURAJ NAGAR,Unplanned,Closed,2026-05-11T17:30:00Z,2026-05-11T22:47:00Z,317
1839663,West,FARIDKOT,Guru Ram Dass Nagar,Unplanned,Closed,2026-05-11T17:30:00Z,2026-05-11T21:12:00Z,222
1839662,West,FARIDKOT,INDUSTRIAL,Unplanned,Closed,2026-05-11T17:30:00Z,2026-05-11T20:26:00Z,176
1839661,North,JALANDHAR,Sudhama Vihar,Unplanned,Closed,2026-05-11T17:28:00Z,2026-05-11T17:48:00Z,20
1839659,North,JALANDHAR,11 KV BASTI DANISHMANDA,Unplanned,Closed,2026-05-11T17:25:01Z,2026-05-11T17:59:08Z,34
1839666,West,FARIDKOT,Kothe Warring (Samgh),Planned,Closed,2026-05-11T17:24:51Z,2026-05-11T17:38:33Z,13
1839658,Central,KHANNA,Shastri Nagar,Unplanned,Closed,2026-05-11T17:21:00Z,2026-05-11T17:30:00Z,9
1839657,Central,KHANNA,Peer Khana,Unplanned,Closed,2026-05-11T17:20:00Z,2026-05-11T18:32:00Z,72
1839651,Border,SUB URBAN AMRITSAR,BABA SHRI CHAND AVNUE,Unplanned,Closed,2026-05-11T17:19:22Z,2026-05-11T17:30:28Z,11
1839693,West,MUKATSAR,KILLIANWALI,Unplanned,Closed,2026-05-11T17:19:00Z,2026-05-11T20:31:00Z,192
1839660,North,NAWANSHAHR,BALLOWAL,Unplanned,Closed,2026-05-11T17:15:00Z,2026-05-11T17:40:00Z,25
1839652,Border,TARN TARAN,KAROWAL,Unplanned,Closed,2026-05-11T17:15:00Z,2026-05-11T18:11:00Z,56
1839641,South,BARNALA,Malerkotla Road,Planned,Closed,2026-05-11T17:15:00Z,2026-05-11T17:50:00Z,35
1839640,North,HOSHIARPUR,Tajowal,Unplanned,Closed,2026-05-11T17:10:00Z,2026-05-11T18:20:00Z,70
1839636,North,JALANDHAR,ADAMPUR,Planned,Closed,2026-05-11T17:07:00Z,2026-05-11T18:37:00Z,90
1839632,West,BATHINDA,Baba Kallu Nath AP,Planned,Closed,2026-05-11T17:05:00Z,2026-05-11T18:00:00Z,55
1839631,West,BATHINDA,Dhillon,Planned,Closed,2026-05-11T17:05:00Z,2026-05-11T21:00:00Z,235
1839604,North,JALANDHAR,SHANKAR,Planned,Closed,2026-05-11T17:05:00Z,2026-05-11T17:26:00Z,21
1839638,North,HOSHIARPUR,MANJPUR,Unplanned,Closed,2026-05-11T17:02:00Z,2026-05-11T17:25:00Z,23
1839630,East,MOHALI,RATWARA SAHIB,Unplanned,Closed,2026-05-11T17:00:50Z,2026-05-11T17:53:47Z,52
1839668,North,HOSHIARPUR,Khozkipur,Unplanned,Closed,2026-05-11T17:00:00Z,2026-05-11T17:48:00Z,48
1839639,North,KAPURTHALA,JALLOW KHANNA URBAN,Unplanned,Closed,2026-05-11T17:00:00Z,2026-05-11T17:43:00Z,43
1839629,North,NAWANSHAHR,BORA,Planned,Closed,2026-05-11T16:59:00Z,2026-05-11T17:40:00Z,41
1839626,North,JALANDHAR,KAPOOR PIND,Planned,Closed,2026-05-11T16:57:00Z,2026-05-11T19:37:00Z,160
1839628,North,JALANDHAR,GAZZI GULLA,Unplanned,Closed,2026-05-11T16:56:52Z,2026-05-11T17:40:20Z,43
1839635,East,MOHALI,Jandpur Water Works,Unplanned,Closed,2026-05-11T16:55:00Z,2026-05-11T17:15:00Z,20
1839625,Border,GURDASPUR,Thireawal UPS feeder,Unplanned,Closed,2026-05-11T16:54:00Z,2026-05-11T19:10:00Z,136
1839627,North,NAWANSHAHR,TAKARLA,Unplanned,Closed,2026-05-11T16:50:00Z,2026-05-11T19:01:00Z,131
1839622,East,MOHALI,11 KV Gura,Unplanned,Closed,2026-05-11T16:45:54Z,2026-05-11T17:41:52Z,55
1839624,Border,GURDASPUR,THEKERIWAL,Unplanned,Closed,2026-05-11T16:45:00Z,2026-05-11T17:05:00Z,20
1839623,Border,TARN TARAN,UPS BABA DEEP SINGH,Unplanned,Closed,2026-05-11T16:43:00Z,2026-05-11T19:30:00Z,167
1839619,Central,CITY WEST LUDHIANA,JAWADDI,Unplanned,Closed,2026-05-11T16:40:08Z,2026-05-11T17:40:21Z,60
1839649,South,BARNALA,Jangiana,Planned,Closed,2026-05-11T16:40:06Z,2026-05-11T18:15:06Z,95
1839648,South,BARNALA,Ramgarh UPS,Planned,Closed,2026-05-11T16:40:06Z,2026-05-11T18:15:06Z,95
1839647,South,BARNALA,BARNALA ROAD CITY,Planned,Closed,2026-05-11T16:40:06Z,2026-05-11T18:15:06Z,95
1839646,South,BARNALA,Nanak Sar Road,Planned,Closed,2026-05-11T16:40:06Z,2026-05-11T18:15:06Z,95
1839645,South,BARNALA,TEHSIL ROAD,Planned,Closed,2026-05-11T16:40:06Z,2026-05-11T18:15:06Z,95
1839644,South,BARNALA,SANDHU KALAN UPS,Planned,Closed,2026-05-11T16:40:06Z,2026-05-11T18:15:06Z,95
1839643,South,BARNALA,B.B.ROAD,Planned,Closed,2026-05-11T16:40:06Z,2026-05-11T18:15:06Z,95
1839642,South,BARNALA,BHADAUR URBAN,Planned,Closed,2026-05-11T16:40:06Z,2026-05-11T18:15:06Z,95
1839637,Border,SUB URBAN AMRITSAR,BIRBAL PURA UPS,Unplanned,Closed,2026-05-11T16:40:00Z,2026-05-11T19:20:00Z,160
1839620,West,MUKATSAR,11 KV Alamgarh,Unplanned,Closed,2026-05-11T16:39:51Z,2026-05-11T17:30:12Z,50
1839614,West,FARIDKOT,11 SODHI NAGAR URBAN,Unplanned,Closed,2026-05-11T16:38:41Z,2026-05-12T00:17:41Z,459
1839613,West,FARIDKOT,SAHIBZADA AJIT SINGH NAGAR,Unplanned,Closed,2026-05-11T16:38:41Z,2026-05-12T09:16:41Z,998
1839612,West,FARIDKOT,AMRITSAR ROAD URBAN,Unplanned,Closed,2026-05-11T16:38:41Z,2026-05-11T20:10:41Z,212
1839611,West,FARIDKOT,FCI URBAN,Unplanned,Closed,2026-05-11T16:38:41Z,2026-05-11T22:30:41Z,352
1839610,West,FARIDKOT,COLONY,Unplanned,Closed,2026-05-11T16:38:41Z,2026-05-11T17:15:41Z,37
1839609,West,FARIDKOT,Dutt Road,Unplanned,Closed,2026-05-11T16:38:41Z,2026-05-12T00:16:41Z,458
1839608,West,FARIDKOT,Zira Road,Unplanned,Closed,2026-05-11T16:38:41Z,2026-05-11T21:30:41Z,292
1839607,West,FARIDKOT,DOSANJ UPS,Unplanned,Closed,2026-05-11T16:38:41Z,2026-05-11T19:34:41Z,176
1839618,Border,CITY AMRITSAR,BHAI MANJ ROAD,Unplanned,Closed,2026-05-11T16:35:34Z,2026-05-11T17:05:27Z,29
1839621,West,BATHINDA,Kotra UPS,Planned,Closed,2026-05-11T16:31:00Z,2026-05-11T17:45:00Z,74
1839615,Border,SUB URBAN AMRITSAR,AWAN,Unplanned,Closed,2026-05-11T16:30:00Z,2026-05-11T17:30:00Z,60
1839606,Border,SUB URBAN AMRITSAR,Ranjit Avenue B block,Unplanned,Closed,2026-05-11T16:30:00Z,2026-05-11T17:00:00Z,30
1839605,West,FARIDKOT,AKALSAR,Unplanned,Closed,2026-05-11T16:30:00Z,2026-05-11T21:44:00Z,314
1839616,North,HOSHIARPUR,BOHAN,Unplanned,Closed,2026-05-11T16:25:00Z,2026-05-11T17:50:00Z,85
1839603,South,BARNALA,Badbar CAT-I,Unplanned,Closed,2026-05-11T16:25:00Z,2026-05-11T18:20:00Z,115
1839600,Border,GURDASPUR,Civil Line,Unplanned,Closed,2026-05-11T16:25:00Z,2026-05-11T18:25:00Z,120
1839587,Central,CITY WEST LUDHIANA,BDS Nagar,Unplanned,Closed,2026-05-11T16:20:24Z,2026-05-11T17:40:47Z,80
1839617,Border,SUB URBAN AMRITSAR,11 KV PASSPORT OFFICE,Unplanned,Closed,2026-05-11T16:20:00Z,2026-05-11T17:01:27Z,41
1839586,North,HOSHIARPUR,PAKHOWAL,Unplanned,Closed,2026-05-11T16:20:00Z,2026-05-11T16:40:00Z,20
1839584,South,PATIALA,UPS PAWALA,Unplanned,Closed,2026-05-11T16:20:00Z,2026-05-11T16:50:00Z,30
1839593,West,BATHINDA,SHAKTI VIHAR,Unplanned,Closed,2026-05-11T16:15:00Z,2026-05-11T17:35:00Z,80
1839578,Border,SUB URBAN AMRITSAR,BAULI INDUSTRY,Unplanned,Closed,2026-05-11T16:13:22Z,2026-05-11T16:41:39Z,28
1839579,Border,SUB URBAN AMRITSAR,Mallan Wali,Unplanned,Closed,2026-05-11T16:13:00Z,2026-05-11T16:35:00Z,22
1839577,Border,SUB URBAN AMRITSAR,GAURI SHANKAR,Unplanned,Closed,2026-05-11T16:12:54Z,2026-05-11T16:41:07Z,28
1839576,Border,SUB URBAN AMRITSAR,Pandori UPS,Unplanned,Closed,2026-05-11T16:12:14Z,2026-05-11T16:41:38Z,29
1839582,East,ROPAR,Bassi,Unplanned,Closed,2026-05-11T16:12:00Z,2026-05-11T16:50:49Z,38
1839602,South,BARNALA,Bhadalwad UPS,Unplanned,Closed,2026-05-11T16:10:00Z,2026-05-11T17:45:00Z,95
1839585,Border,TARN TARAN,JAWANDY,Unplanned,Closed,2026-05-11T16:10:00Z,2026-05-11T17:10:00Z,60
1839583,Border,TARN TARAN,SHERON UPS,Unplanned,Closed,2026-05-11T16:10:00Z,2026-05-11T17:10:00Z,60
1839581,Border,SUB URBAN AMRITSAR,Dalam,Unplanned,Closed,2026-05-11T16:10:00Z,2026-05-11T18:20:00Z,130
1839575,Border,GURDASPUR,Civil Airport,Unplanned,Closed,2026-05-11T16:09:00Z,2026-05-11T17:18:00Z,69
1839574,Border,GURDASPUR,Dhakki,Unplanned,Closed,2026-05-11T16:09:00Z,2026-05-11T16:50:00Z,41
1839580,North,HOSHIARPUR,MAZARA DINGRIAN,Unplanned,Closed,2026-05-11T16:05:00Z,2026-05-11T16:35:00Z,30
1839570,Central,KHANNA,Chani,Unplanned,Closed,2026-05-11T16:05:00Z,2026-05-11T17:00:00Z,55
1839568,Border,GURDASPUR,KHUJALA,Unplanned,Closed,2026-05-11T16:05:00Z,2026-05-11T16:35:00Z,30
1839566,North,HOSHIARPUR,BASSI,Unplanned,Closed,2026-05-11T16:05:00Z,2026-05-11T16:47:00Z,42
1839558,Border,GURDASPUR,Manwal,Planned,Closed,2026-05-11T16:05:00Z,2026-05-11T16:45:00Z,40
1839564,West,MUKATSAR,11 KV South Avenue,Unplanned,Closed,2026-05-11T16:04:34Z,2026-05-11T17:45:49Z,101
1839560,Border,GURDASPUR,Seunty,Unplanned,Closed,2026-05-11T16:04:00Z,2026-05-11T16:45:00Z,41
1839569,East,MOHALI,11KV A&C BLOCK,Unplanned,Closed,2026-05-11T16:03:00Z,2026-05-11T16:33:00Z,30
1839562,East,MOHALI,11 KV 63 A,Unplanned,Closed,2026-05-11T16:02:05Z,2026-05-11T16:21:59Z,19
1839573,South,SANGRUR,11 KV JAKHEPAL URBAN,Unplanned,Closed,2026-05-11T16:01:00Z,2026-05-11T17:35:00Z,94
1839557,Border,GURDASPUR,TALIBPUR,Unplanned,Closed,2026-05-11T16:01:00Z,2026-05-11T16:28:00Z,27
1839565,East,Zirakpur,DAPPAR,Unplanned,Closed,2026-05-11T16:00:00Z,2026-05-11T17:03:00Z,63
1839559,Central,SUB URBAN LUDHIANA,CITY NO 07,Unplanned,Closed,2026-05-11T16:00:00Z,2026-05-11T18:00:00Z,120
1839555,Central,CITY WEST LUDHIANA,SITA NAGAR,Unplanned,Closed,2026-05-11T15:56:50Z,2026-05-11T17:35:13Z,98
1839552,West,MUKATSAR,11 KV Sappan wali,Unplanned,Closed,2026-05-11T15:55:07Z,2026-05-11T16:10:17Z,15
1839601,West,MUKATSAR,RAHURIANWALI,Unplanned,Closed,2026-05-11T15:55:00Z,2026-05-11T17:35:00Z,100
1839572,West,FARIDKOT,11KV Chehal UPS,Unplanned,Closed,2026-05-11T15:51:00Z,2026-05-11T16:50:00Z,59
1839547,South,SANGRUR,GEHLAN,Unplanned,Closed,2026-05-11T15:50:46Z,2026-05-11T16:40:54Z,50
1839546,South,SANGRUR,KHOKHAR,Unplanned,Closed,2026-05-11T15:50:12Z,2026-05-11T16:52:23Z,62
1839599,West,MUKATSAR,Nanakpura UPS,Unplanned,Closed,2026-05-11T15:50:00Z,2026-05-11T17:05:00Z,75
1839567,South,BARNALA,URBAN DHAUNALA CITY,Unplanned,Closed,2026-05-11T15:50:00Z,2026-05-11T17:00:00Z,70
1839541,West,FARIDKOT,CIVIL HOSPITAL,Unplanned,Closed,2026-05-11T15:47:35Z,2026-05-11T17:36:22Z,108
1839598,West,MUKATSAR,11KV Old Grain Market.,Unplanned,Closed,2026-05-11T15:47:00Z,2026-05-11T18:08:00Z,141
1839539,West,FARIDKOT,KANER,Unplanned,Closed,2026-05-11T15:46:48Z,2026-05-11T17:39:46Z,112
1839538,West,FARIDKOT,SARDAR NAGAR,Unplanned,Closed,2026-05-11T15:46:48Z,2026-05-11T18:25:56Z,159
1839554,South,BARNALA,Power Colony + Oswal,Unplanned,Closed,2026-05-11T15:46:00Z,2026-05-11T17:29:00Z,103
1839551,South,BARNALA,Sanghera Road,Unplanned,Closed,2026-05-11T15:46:00Z,2026-05-11T17:24:00Z,98
1839550,South,BARNALA,FCI Godown wala,Unplanned,Closed,2026-05-11T15:46:00Z,2026-05-11T17:11:00Z,85
1839544,South,SANGRUR,UPS KUNNRAN,Unplanned,Closed,2026-05-11T15:46:00Z,2026-05-11T16:36:00Z,50
1839556,East,MOHALI,Sec 53,Unplanned,Closed,2026-05-11T15:45:38Z,2026-05-11T17:49:15Z,123
1839597,West,MUKATSAR,Seerwali UPS,Unplanned,Closed,2026-05-11T15:45:00Z,2026-05-11T18:01:00Z,136
1839571,South,BARNALA,11KV TARAKSHEEL ROAD,Unplanned,Closed,2026-05-11T15:45:00Z,2026-05-11T17:35:00Z,110
1839553,North,KAPURTHALA,UPS Partabpura,Unplanned,Closed,2026-05-11T15:45:00Z,2026-05-11T16:20:00Z,35
1839543,East,MOHALI,11KV KAMBALA UPS,Unplanned,Closed,2026-05-11T15:45:00Z,2026-05-11T17:34:00Z,109
1839536,North,JALANDHAR,11 KV BABA MOHAN DASS NAGAR,Unplanned,Closed,2026-05-11T15:43:29Z,2026-05-11T16:45:00Z,61
1839534,West,FARIDKOT,Sai Dham,Unplanned,Closed,2026-05-11T15:42:17Z,2026-05-11T19:54:49Z,252
1839533,West,FARIDKOT,Nigaha Road,Unplanned,Closed,2026-05-11T15:42:17Z,2026-05-11T17:37:05Z,114
1839531,West,FARIDKOT,CITY MOGA,Unplanned,Closed,2026-05-11T15:42:17Z,2026-05-11T17:40:08Z,117
1839530,West,FARIDKOT,MOGA-1,Unplanned,Closed,2026-05-11T15:42:17Z,2026-05-11T17:37:40Z,115
1839542,Border,GURDASPUR,MES Madhopur,Unplanned,Closed,2026-05-11T15:42:00Z,2026-05-11T16:35:00Z,53
1839528,Border,SUB URBAN AMRITSAR,24 Hrs Vehra,Unplanned,Closed,2026-05-11T15:40:52Z,2026-05-11T17:33:01Z,112
1839549,North,KAPURTHALA,Taj city,Planned,Closed,2026-05-11T15:40:00Z,2026-05-11T16:10:00Z,30
1839540,North,HOSHIARPUR,Khozkipur,Unplanned,Closed,2026-05-11T15:40:00Z,2026-05-11T15:55:00Z,15
1839529,North,HOSHIARPUR,khudda,Unplanned,Closed,2026-05-11T15:40:00Z,2026-05-11T15:50:00Z,10
1839511,Border,GURDASPUR,11 kv Dhupshari ups,Planned,Closed,2026-05-11T15:40:00Z,2026-05-11T16:20:00Z,40
1839537,East,ROPAR,11KV Belian UPS FEEDER,Unplanned,Closed,2026-05-11T15:36:00Z,2026-05-11T15:56:16Z,20
1839518,North,JALANDHAR,GANDHI NAGAR,Unplanned,Closed,2026-05-11T15:36:00Z,2026-05-11T15:55:00Z,19
1839548,South,PATIALA,SUNDER NAGAR RAJPURA,Unplanned,Closed,2026-05-11T15:35:00Z,2026-05-11T17:05:00Z,90
1839545,South,PATIALA,UPS RAJPURA,Unplanned,Closed,2026-05-11T15:35:00Z,2026-05-11T16:20:00Z,45
1839532,North,HOSHIARPUR,NANGAL BIHALAN,Unplanned,Closed,2026-05-11T15:35:00Z,2026-05-11T15:55:00Z,20
1839520,Border,TARN TARAN,Railway Road Urban..,Unplanned,Closed,2026-05-11T15:35:00Z,2026-05-11T16:30:00Z,55
1839519,North,JALANDHAR,Shitla Mandir,Unplanned,Closed,2026-05-11T15:35:00Z,2026-05-11T15:55:13Z,20
1839527,Central,KHANNA,CITY-2,Unplanned,Closed,2026-05-11T15:34:26Z,2026-05-11T16:47:41Z,73
1839517,Central,KHANNA,Solitair,Unplanned,Closed,2026-05-11T15:31:00Z,2026-05-11T16:41:00Z,70
1839507,Border,SUB URBAN AMRITSAR,UPS KOHALA,Unplanned,Closed,2026-05-11T15:30:56Z,2026-05-11T19:25:02Z,234
1839563,East,Zirakpur,ZIRAKPUR RUBAN,Planned,Closed,2026-05-11T15:30:00Z,2026-05-11T16:25:00Z,55
1839561,East,Zirakpur,11KV Chandigarh Royal City,Planned,Closed,2026-05-11T15:30:00Z,2026-05-11T16:25:00Z,55
1839526,South,BARNALA,RAISAR UPS,Unplanned,Closed,2026-05-11T15:30:00Z,2026-05-11T17:00:00Z,90
1839510,Border,SUB URBAN AMRITSAR,AWAN,Unplanned,Closed,2026-05-11T15:30:00Z,2026-05-11T15:45:00Z,15
1839504,South,SANGRUR,11 KV LOHAKHERA URBAN C1,Unplanned,Closed,2026-05-11T15:26:11Z,2026-05-11T16:30:00Z,63
1839535,West,BATHINDA,SARDULGARH KANCHIAN,Planned,Closed,2026-05-11T15:25:00Z,2026-05-11T16:30:32Z,65
1839515,North,NAWANSHAHR,BULLEWAL,Unplanned,Closed,2026-05-11T15:25:00Z,2026-05-11T15:45:00Z,20
1839508,North,HOSHIARPUR,Tanda City,Unplanned,Closed,2026-05-11T15:25:00Z,2026-05-11T15:45:00Z,20
1839509,West,MUKATSAR,Shakti Nagar,Unplanned,Closed,2026-05-11T15:24:51Z,2026-05-11T17:19:00Z,114
1839505,Central,KHANNA,JSM,Unplanned,Closed,2026-05-11T15:23:00Z,2026-05-11T17:36:00Z,133
1839500,Border,SUB URBAN AMRITSAR,DADDIAN UPS,Unplanned,Closed,2026-05-11T15:22:16Z,2026-05-11T15:50:30Z,28
1839506,North,NAWANSHAHR,DUGRI,Unplanned,Closed,2026-05-11T15:22:00Z,2026-05-11T16:06:00Z,44
1839516,South,BARNALA,Sehjra UPS,Unplanned,Closed,2026-05-11T15:20:00Z,2026-05-11T17:00:00Z,100
1839501,West,FARIDKOT,LandeKe URBAN,Unplanned,Closed,2026-05-11T15:19:04Z,2026-05-11T23:31:35Z,492
1839499,Border,CITY AMRITSAR,11 KV Akara Kallu,Planned,Closed,2026-05-11T15:18:07Z,2026-05-11T16:09:00Z,50
1839496,North,JALANDHAR,11 KV Lal Kurti Feeder,Unplanned,Closed,2026-05-11T15:18:00Z,2026-05-11T15:40:00Z,22
1839502,East,MOHALI,70-A,Unplanned,Closed,2026-05-11T15:15:42Z,2026-05-11T16:30:52Z,75
1839503,Border,GURDASPUR,Basrawan,Unplanned,Closed,2026-05-11T15:15:00Z,2026-05-11T16:15:00Z,60
1839492,North,NAWANSHAHR,TEHSIL COMPLEX GSR,Planned,Closed,2026-05-11T15:15:00Z,2026-05-11T15:38:00Z,23
1839490,Border,CITY AMRITSAR,11Kv New Ravi Dass Road,Planned,Closed,2026-05-11T15:15:00Z,2026-05-11T15:47:00Z,32
1839498,North,HOSHIARPUR,Khozkipur,Unplanned,Closed,2026-05-11T15:12:00Z,2026-05-11T15:20:00Z,8
1839495,Border,GURDASPUR,Dalla UPS,Unplanned,Closed,2026-05-11T15:10:00Z,2026-05-11T15:25:00Z,15
1839494,Border,GURDASPUR,I.T.I,Unplanned,Closed,2026-05-11T15:10:00Z,2026-05-11T15:25:00Z,15
1839486,Border,GURDASPUR,Ujjagar Nagar,Planned,Closed,2026-05-11T15:10:00Z,2026-05-11T17:22:00Z,132
1839493,North,HOSHIARPUR,DATARPUR,Unplanned,Closed,2026-05-11T15:07:00Z,2026-05-11T15:25:00Z,18
1839491,North,HOSHIARPUR,WAZIRAN,Unplanned,Closed,2026-05-11T15:05:00Z,2026-05-11T15:23:00Z,18
1839489,West,MUKATSAR,DAULATPURA UPS,Unplanned,Closed,2026-05-11T15:05:00Z,2026-05-11T16:05:00Z,60
1839485,North,JALANDHAR,11KV BASTI GUJAN,Unplanned,Closed,2026-05-11T15:05:00Z,2026-05-11T16:29:00Z,84
1839481,North,JALANDHAR,JALANDHAR KUNJ,Unplanned,Closed,2026-05-11T15:04:00Z,2026-05-11T15:28:00Z,24
1839514,West,FARIDKOT,11 KV DARVESHAN R,Unplanned,Closed,2026-05-11T15:03:44Z,2026-05-11T16:55:49Z,112
1839513,West,FARIDKOT,11 KV GHOLIA KALAN -UPS,Unplanned,Closed,2026-05-11T15:03:24Z,2026-05-11T16:55:27Z,112
1839512,West,FARIDKOT,11 KV MANUKE -R,Unplanned,Closed,2026-05-11T15:03:06Z,2026-05-11T16:55:12Z,112
1839525,West,MUKATSAR,Kanianwali UPS,Unplanned,Closed,2026-05-11T15:01:00Z,2026-05-11T16:01:00Z,60
1839479,North,JALANDHAR,11KV JUNEJA FORGING,Unplanned,Closed,2026-05-11T15:01:00Z,2026-05-11T15:26:00Z,25
1839480,Central,CITY WEST LUDHIANA,CENTRA GREENS,Planned,Closed,2026-05-11T15:00:52Z,2026-05-11T16:13:11Z,72
1839484,Central,CITY WEST LUDHIANA,BDS Nagar,Unplanned,Closed,2026-05-11T15:00:35Z,2026-05-11T16:10:07Z,69
1839483,Central,CITY WEST LUDHIANA,B.V.M.,Unplanned,Closed,2026-05-11T15:00:35Z,2026-05-11T16:54:22Z,113
1839487,Border,GURDASPUR,DAAK KHANA CHOWK,Unplanned,Closed,2026-05-11T15:00:00Z,2026-05-11T17:10:00Z,130
1839488,West,FARIDKOT,BABA SHAHID UPS,Unplanned,Closed,2026-05-11T14:58:00Z,2026-05-11T17:33:00Z,155
1839472,South,SANGRUR,Dirba Urban,Unplanned,Closed,2026-05-11T14:56:00Z,2026-05-11T15:25:00Z,29
1839482,North,NAWANSHAHR,LOHAT,Unplanned,Closed,2026-05-11T14:55:00Z,2026-05-11T15:25:00Z,30
1839477,North,HOSHIARPUR,Ahiapur,Unplanned,Closed,2026-05-11T14:55:00Z,2026-05-11T15:45:00Z,50
1839476,North,HOSHIARPUR,DATARPUR,Unplanned,Closed,2026-05-11T14:55:00Z,2026-05-11T15:05:00Z,10
1839471,South,SANGRUR,Industrial (Benra),Unplanned,Closed,2026-05-11T14:55:00Z,2026-05-11T15:30:30Z,35
1839469,South,SANGRUR,Dhura Road,Unplanned,Closed,2026-05-11T14:55:00Z,2026-05-11T15:30:00Z,35
1839474,North,NAWANSHAHR,11 KV Buthgarh,Unplanned,Closed,2026-05-11T14:54:00Z,2026-05-11T15:15:00Z,21
1839456,Border,SUB URBAN AMRITSAR,Sawdeshi Korean,Unplanned,Closed,2026-05-11T14:51:53Z,2026-05-11T15:11:09Z,19
1839464,West,FARIDKOT,Green City UPS,Unplanned,Closed,2026-05-11T14:51:07Z,2026-05-11T15:43:54Z,52
1839462,West,FARIDKOT,DAGRU,Unplanned,Closed,2026-05-11T14:51:07Z,2026-05-11T15:44:01Z,52
1839455,West,FARIDKOT,11 KV MASITAN URBAN,Unplanned,Closed,2026-05-11T14:51:07Z,2026-05-11T16:53:59Z,122
1839634,South,BARNALA,RAMGARH UPS,Unplanned,Closed,2026-05-11T14:50:00Z,2026-05-11T20:35:00Z,345
1839633,South,BARNALA,BEEHLA 24 Hrs.,Unplanned,Closed,2026-05-11T14:50:00Z,2026-05-11T19:00:00Z,250
1839466,Border,GURDASPUR,11 KV Chone UPS,Unplanned,Closed,2026-05-11T14:50:00Z,2026-05-11T16:02:00Z,72
1839465,North,HOSHIARPUR,Lajwanti Stadium,Unplanned,Closed,2026-05-11T14:50:00Z,2026-05-11T15:32:00Z,42
1839461,North,HOSHIARPUR,NAWA GHAR,Unplanned,Closed,2026-05-11T14:50:00Z,2026-05-11T15:05:00Z,15
1839470,East,MOHALI,MOTEMAJRA UPS,Unplanned,Closed,2026-05-11T14:48:54Z,2026-05-11T15:38:00Z,49
1839449,South,PATIALA,BANK FEEDER,Unplanned,Closed,2026-05-11T14:48:09Z,2026-05-11T16:09:21Z,81
1839441,East,MOHALI,11KV PATTON AP,Unplanned,Closed,2026-05-11T14:46:35Z,2026-05-11T15:44:14Z,57
1839468,South,PATIALA,Panchvati Feeder,Unplanned,Closed,2026-05-11T14:46:00Z,2026-05-11T15:42:00Z,56
1839463,South,PATIALA,Rishi Colony Feeder,Unplanned,Closed,2026-05-11T14:46:00Z,2026-05-11T15:42:00Z,56
1839460,South,PATIALA,SALARIA VIHAR,Unplanned,Closed,2026-05-11T14:46:00Z,2026-05-11T15:42:00Z,56
1839458,South,PATIALA,ALL INDIA RADIO,Unplanned,Closed,2026-05-11T14:46:00Z,2026-05-11T15:42:00Z,56
1839457,South,PATIALA,DAV FEEDER,Unplanned,Closed,2026-05-11T14:46:00Z,2026-05-11T15:42:00Z,56
1839440,East,MOHALI,11KV DHARAMGARH UPS,Unplanned,Closed,2026-05-11T14:45:55Z,2026-05-11T15:17:21Z,31
1839478,Border,GURDASPUR,Raavi,Unplanned,Closed,2026-05-11T14:45:00Z,2026-05-11T15:52:00Z,67
1839442,South,PATIALA,LOHSIMBLI (LOHSIMBLI),Unplanned,Closed,2026-05-11T14:45:00Z,2026-05-11T16:30:00Z,105
1839459,North,HOSHIARPUR,BHAMBOTAR,Unplanned,Closed,2026-05-11T14:44:00Z,2026-05-11T15:20:00Z,36
1839433,East,MOHALI,11 KV SBP Homes,Unplanned,Closed,2026-05-11T14:43:00Z,2026-05-11T15:06:55Z,23
1839475,West,FARIDKOT,Devi wala road UPS,Unplanned,Closed,2026-05-11T14:40:50Z,2026-05-11T15:57:49Z,76
1839473,West,FARIDKOT,Panj Grain,Planned,Closed,2026-05-11T14:39:50Z,2026-05-11T15:24:39Z,44
1839429,Central,CITY WEST LUDHIANA,KULAR,Planned,Closed,2026-05-11T14:37:42Z,2026-05-11T15:20:13Z,42
1839430,West,FARIDKOT,BATHINDA ROAD,Planned,Closed,2026-05-11T14:34:31Z,2026-05-11T15:10:14Z,35
1839421,South,SANGRUR,BUGRAN UPS,Unplanned,Closed,2026-05-11T14:33:01Z,2026-05-11T14:51:14Z,18
1839417,West,FARIDKOT,CHUGGA UPS,Unplanned,Closed,2026-05-11T14:32:11Z,2026-05-11T16:48:44Z,136
1839412,West,FARIDKOT,RASULPUR,Unplanned,Closed,2026-05-11T14:32:11Z,2026-05-11T16:49:22Z,137
1839416,Border,SUB URBAN AMRITSAR,Tung pai,Unplanned,Closed,2026-05-11T14:32:07Z,2026-05-11T16:05:13Z,93
1839415,Border,SUB URBAN AMRITSAR,SUNCITY,Unplanned,Closed,2026-05-11T14:32:07Z,2026-05-11T16:00:13Z,88
1839414,Border,SUB URBAN AMRITSAR,PAWAN NAGAR,Unplanned,Closed,2026-05-11T14:32:07Z,2026-05-11T16:00:13Z,88
1839413,Border,SUB URBAN AMRITSAR,MALL MANDI,Unplanned,Closed,2026-05-11T14:32:07Z,2026-05-11T16:05:13Z,93
1839497,Border,TARN TARAN,DEHRA SAHIB UPS (BRAHMPURA),Unplanned,Closed,2026-05-11T14:32:00Z,2026-05-11T15:45:00Z,73
1839410,North,NAWANSHAHR,MEHIATPUR,Planned,Closed,2026-05-11T14:32:00Z,2026-05-11T15:32:00Z,60
1839431,West,FARIDKOT,DHILWAN URBAN,Planned,Closed,2026-05-11T14:30:31Z,2026-05-11T16:33:25Z,122
1839454,North,KAPURTHALA,URBAN Jandiala,Planned,Closed,2026-05-11T14:30:00Z,2026-05-11T16:00:00Z,90
1839422,Central,KHANNA,Samrala Road,Unplanned,Closed,2026-05-11T14:30:00Z,2026-05-11T15:15:00Z,45
1839420,South,PATIALA,City Badshahpur,Unplanned,Closed,2026-05-11T14:30:00Z,2026-05-11T15:00:00Z,30
1839419,Border,GURDASPUR,UPS Basau Barwan,Unplanned,Closed,2026-05-11T14:30:00Z,2026-05-11T15:00:00Z,30
1839404,Border,CITY AMRITSAR,100 ft. ROAD,Planned,Closed,2026-05-11T14:27:42Z,2026-05-11T15:38:47Z,71
1839397,Border,GURDASPUR,South City,Planned,Closed,2026-05-11T14:25:00Z,2026-05-11T15:05:00Z,40
1839428,Border,SUB URBAN AMRITSAR,District Shopping complex (DSC),Unplanned,Closed,2026-05-11T14:24:00Z,2026-05-11T15:01:57Z,37
1839387,South,SANGRUR,Kheri Cat.No1,Planned,Closed,2026-05-11T14:21:00Z,2026-05-11T17:25:00Z,184
1839400,Central,CITY WEST LUDHIANA,E Block,Planned,Closed,2026-05-11T14:20:42Z,2026-05-11T15:10:55Z,50
1839406,Central,CITY WEST LUDHIANA,Roop nagar,Unplanned,Closed,2026-05-11T14:20:25Z,2026-05-11T16:54:39Z,154
1839396,Central,CITY WEST LUDHIANA,ATAM NAGAR,Planned,Closed,2026-05-11T14:20:23Z,2026-05-11T15:19:36Z,59
1839394,Central,CITY WEST LUDHIANA,BANK  COLONY,Planned,Closed,2026-05-11T14:20:23Z,2026-05-11T15:19:54Z,59
1839409,Border,GURDASPUR,MES Madhopur,Unplanned,Closed,2026-05-11T14:20:00Z,2026-05-11T14:45:00Z,25
1839407,Border,SUB URBAN AMRITSAR,Industrial Estate,Unplanned,Closed,2026-05-11T14:20:00Z,2026-05-11T14:40:32Z,20
1839427,South,PATIALA,INERTIA ALUMINIUM,Planned,Closed,2026-05-11T14:18:17Z,2026-05-11T15:20:17Z,62
1839426,South,PATIALA,MANOHAR PACKERG,Planned,Closed,2026-05-11T14:18:17Z,2026-05-11T15:20:17Z,62
1839425,South,PATIALA,ABIS,Planned,Closed,2026-05-11T14:18:17Z,2026-05-11T15:20:17Z,62
1839424,South,PATIALA,TPI,Planned,Closed,2026-05-11T14:18:17Z,2026-05-11T15:20:17Z,62
1839423,South,PATIALA,UPS SANDARSI,Planned,Closed,2026-05-11T14:18:17Z,2026-05-11T15:20:17Z,62
1839399,East,MOHALI,11 KV Indus,Unplanned,Closed,2026-05-11T14:17:00Z,2026-05-11T15:02:55Z,45
1839432,Border,TARN TARAN,DERA BABA JAINAL SINGH,Unplanned,Closed,2026-05-11T14:15:04Z,2026-05-11T16:15:35Z,120
1839418,Border,TARN TARAN,FELLOKE,Unplanned,Closed,2026-05-11T14:15:00Z,2026-05-11T14:40:00Z,25
1839385,West,MUKATSAR,11 KV Raipura,Unplanned,Closed,2026-05-11T14:10:18Z,2026-05-11T14:40:26Z,30
1839395,South,PATIALA,DALIMA,Unplanned,Closed,2026-05-11T14:10:00Z,2026-05-11T14:35:00Z,25
1839390,West,MUKATSAR,BAHAVAL BASI,Unplanned,Closed,2026-05-11T14:10:00Z,2026-05-11T14:18:00Z,8
1839389,Border,GURDASPUR,UPS Feeder,Unplanned,Closed,2026-05-11T14:10:00Z,2026-05-11T15:10:00Z,60
1839388,Border,GURDASPUR,SHANTI NAGAR,Unplanned,Closed,2026-05-11T14:10:00Z,2026-05-11T15:45:00Z,95
1839382,Border,GURDASPUR,Mata Sulakhni Ji,Planned,Closed,2026-05-11T14:10:00Z,2026-05-11T14:30:00Z,20
1839386,Border,SUB URBAN AMRITSAR,Mallan Wali,Unplanned,Closed,2026-05-11T14:09:00Z,2026-05-11T14:34:00Z,25
1839402,Border,GURDASPUR,Sunder Nagar,Unplanned,Closed,2026-05-11T14:08:00Z,2026-05-11T14:40:00Z,32
1839398,East,ROPAR,Mianpur,Unplanned,Closed,2026-05-11T14:08:00Z,2026-05-11T14:32:00Z,24
1839393,South,PATIALA,MOHINDER GANJ,Unplanned,Closed,2026-05-11T14:05:00Z,2026-05-11T17:05:00Z,180
1839392,South,PATIALA,gobind colony,Unplanned,Closed,2026-05-11T14:05:00Z,2026-05-11T17:05:00Z,180
1839384,North,HOSHIARPUR,11 kv Mansoorpur,Unplanned,Closed,2026-05-11T14:05:00Z,2026-05-11T14:40:00Z,35
1839403,Border,TARN TARAN,SUGAR MILL,Unplanned,Closed,2026-05-11T14:02:00Z,2026-05-11T15:25:00Z,83
1839401,Border,TARN TARAN,SHERON UPS,Unplanned,Closed,2026-05-11T14:02:00Z,2026-05-11T15:25:00Z,83
1839383,South,SANGRUR,GHANOURI KALAN C1,Unplanned,Closed,2026-05-11T14:01:00Z,2026-05-11T15:30:01Z,89
1839376,Border,CITY AMRITSAR,COMPANY BAGH,Unplanned,Closed,2026-05-11T13:56:00Z,2026-05-11T14:13:00Z,17
1839381,South,PATIALA,11 KV JAGGO,Unplanned,Closed,2026-05-11T13:55:00Z,2026-05-11T16:15:00Z,140
1839378,North,JALANDHAR,GURU AMAR DASS NAGAR,Unplanned,Closed,2026-05-11T13:55:00Z,2026-05-11T14:11:00Z,16
1839375,North,JALANDHAR,LINK FEEDER,Unplanned,Closed,2026-05-11T13:55:00Z,2026-05-11T14:50:00Z,55
1839371,Border,SUB URBAN AMRITSAR,24 Hrs Bhullar,Unplanned,Closed,2026-05-11T13:54:20Z,2026-05-11T14:44:15Z,49
1839370,Border,SUB URBAN AMRITSAR,11 KV MADOKEY UPS,Unplanned,Closed,2026-05-11T13:54:20Z,2026-05-11T14:33:34Z,39
1839373,North,NAWANSHAHR,DHARAMPUR,Unplanned,Closed,2026-05-11T13:53:00Z,2026-05-11T14:18:00Z,25
1839368,South,SANGRUR,11 kv Kothe Raneke AP,Planned,Closed,2026-05-11T13:52:07Z,2026-05-11T16:42:27Z,170
1839374,Border,TARN TARAN,JAWANDY KHURD,Unplanned,Closed,2026-05-11T13:50:00Z,2026-05-11T16:25:00Z,155
1839369,North,HOSHIARPUR,Dholwaha,Unplanned,Closed,2026-05-11T13:50:00Z,2026-05-11T14:10:00Z,20
1839367,Border,GURDASPUR,Trimmo Road,Unplanned,Closed,2026-05-11T13:43:00Z,2026-05-11T14:25:00Z,42
1839363,Border,SUB URBAN AMRITSAR,DHANWANTRI IND,Unplanned,Closed,2026-05-11T13:42:41Z,2026-05-11T13:56:54Z,14
1839365,South,PATIALA,11KV DAULTPUR UPS,Unplanned,Closed,2026-05-11T13:40:15Z,2026-05-11T16:40:00Z,179
1839380,Border,GURDASPUR,TRIZA NAGAR UPS,Unplanned,Closed,2026-05-11T13:40:00Z,2026-05-11T13:50:00Z,10
1839372,Border,TARN TARAN,KAROWAL,Unplanned,Closed,2026-05-11T13:40:00Z,2026-05-11T15:50:00Z,130
1839366,North,NAWANSHAHR,ALLOWAL,Unplanned,Closed,2026-05-11T13:40:00Z,2026-05-11T15:15:00Z,95
1839362,North,HOSHIARPUR,Tanda City,Unplanned,Closed,2026-05-11T13:35:00Z,2026-05-11T13:55:00Z,20
1839356,North,JALANDHAR,AMAN NAGAR,Planned,Closed,2026-05-11T13:35:00Z,2026-05-11T13:50:00Z,15
1839354,North,JALANDHAR,GURU AMAR DASS NAGAR,Planned,Closed,2026-05-11T13:35:00Z,2026-05-11T13:50:00Z,15
1839360,Central,CITY WEST LUDHIANA,PHULLANWAL,Unplanned,Closed,2026-05-11T13:34:29Z,2026-05-11T14:05:46Z,31
1837586,South,SANGRUR,Geeta Bhawan Road Dirba C-1,Planned,Closed,2026-05-11T13:30:46Z,2026-05-11T17:05:46Z,215
1837585,South,SANGRUR,JANAL ROAD UPS,Planned,Closed,2026-05-11T13:30:46Z,2026-05-11T17:05:46Z,215
1837584,South,SANGRUR,11 KV Urban Truck Union Road,Planned,Closed,2026-05-11T13:30:46Z,2026-05-11T17:05:46Z,215
1839364,Border,SUB URBAN AMRITSAR,KOTGURBAX,Unplanned,Closed,2026-05-11T13:30:00Z,2026-05-11T13:50:00Z,20
1839355,North,KAPURTHALA,UPS KACHI SARAI KHAS,Unplanned,Closed,2026-05-11T13:30:00Z,2026-05-11T14:25:00Z,55
1839358,North,KAPURTHALA,Railway Station,Unplanned,Closed,2026-05-11T13:29:00Z,2026-05-11T14:25:00Z,56
1839352,Border,SUB URBAN AMRITSAR,CIVIL LINE DUPLICATE,Unplanned,Closed,2026-05-11T13:29:00Z,2026-05-11T14:07:00Z,38
1839353,Border,TARN TARAN,MOHAN SINGH TUR,Unplanned,Closed,2026-05-11T13:25:00Z,2026-05-11T16:25:00Z,180
1839351,North,JALANDHAR,CHOKAN,Unplanned,Closed,2026-05-11T13:25:00Z,2026-05-11T16:00:00Z,155
1839349,Central,CITY WEST LUDHIANA,RADHA SWAMI ROAD,Unplanned,Closed,2026-05-11T13:24:47Z,2026-05-11T13:51:35Z,26
1839350,West,FARIDKOT,HARDIAL NAGAR,Planned,Closed,2026-05-11T13:20:24Z,2026-05-11T13:50:35Z,30
1839411,Central,SUB URBAN LUDHIANA,FCI,Unplanned,Closed,2026-05-11T13:20:00Z,2026-05-11T16:00:00Z,160
1839361,West,MUKATSAR,Bariwala,Unplanned,Closed,2026-05-11T13:20:00Z,2026-05-11T17:15:00Z,235
1839348,Border,SUB URBAN AMRITSAR,District Shopping complex (DSC),Unplanned,Closed,2026-05-11T13:16:00Z,2026-05-11T14:50:32Z,94
1839345,Border,SUB URBAN AMRITSAR,Chogawan,Unplanned,Closed,2026-05-11T13:14:00Z,2026-05-11T17:32:16Z,258
1839347,Border,GURDASPUR,24 Hrs Amipur,Unplanned,Closed,2026-05-11T13:10:00Z,2026-05-11T14:02:00Z,52
1839346,North,NAWANSHAHR,Randhawa,Unplanned,Closed,2026-05-11T13:10:00Z,2026-05-11T14:40:51Z,90
1839342,North,NAWANSHAHR,Ragomal Urban,Unplanned,Closed,2026-05-11T13:10:00Z,2026-05-11T16:15:00Z,185
1839339,South,PATIALA,11 KV AP NOOR KHERIAN,Unplanned,Closed,2026-05-11T13:10:00Z,2026-05-11T13:50:43Z,40
1839340,North,JALANDHAR,SARNANA,Unplanned,Closed,2026-05-11T13:08:00Z,2026-05-11T13:20:00Z,12
1839337,North,JALANDHAR,RAMA MANDI,Unplanned,Closed,2026-05-11T13:08:00Z,2026-05-11T13:20:00Z,12
1839336,North,JALANDHAR,RAIWAY WORKSHOP,Unplanned,Closed,2026-05-11T13:08:00Z,2026-05-11T13:20:00Z,12
1839333,North,JALANDHAR,PROFFESSER COLONY,Unplanned,Closed,2026-05-11T13:08:00Z,2026-05-11T13:20:00Z,12
1839331,North,JALANDHAR,DHANOWALI,Unplanned,Closed,2026-05-11T13:08:00Z,2026-05-11T13:20:00Z,12
1839344,North,JALANDHAR,Pandori,Unplanned,Closed,2026-05-11T13:06:00Z,2026-05-11T14:00:00Z,54
1839334,North,NAWANSHAHR,DIBHALI,Unplanned,Closed,2026-05-11T13:05:00Z,2026-05-11T13:20:00Z,15
1839330,South,PATIALA,GHANAUR,Unplanned,Closed,2026-05-11T13:05:00Z,2026-05-11T14:10:19Z,65
1839329,South,PATIALA,LOHSIMBLI (GHANOUR),Unplanned,Closed,2026-05-11T13:05:00Z,2026-05-11T14:10:44Z,65
1839332,North,NAWANSHAHR,RATTEWAL,Unplanned,Closed,2026-05-11T13:02:00Z,2026-05-11T13:35:00Z,33
1839325,North,NAWANSHAHR,Dagham,Unplanned,Closed,2026-05-11T13:01:00Z,2026-05-11T13:12:00Z,11
1839377,Central,KHANNA,Hargana,Unplanned,Closed,2026-05-11T13:00:00Z,2026-05-11T14:27:00Z,87
1839341,Border,SUB URBAN AMRITSAR,RANEWALI UPS,Unplanned,Closed,2026-05-11T13:00:00Z,2026-05-11T13:15:00Z,15
1839320,Central,KHANNA,P.K (Jalalpur),Unplanned,Closed,2026-05-11T13:00:00Z,2026-05-11T16:22:00Z,202
1839319,North,JALANDHAR,FAZIL PUR,Planned,Closed,2026-05-11T13:00:00Z,2026-05-11T13:49:00Z,49
1839299,East,ROPAR,RANGIAN,Planned,Closed,2026-05-11T13:00:00Z,2026-05-11T15:43:00Z,163
1839316,South,SANGRUR,11 KV KHADIAL ROAD C2,Unplanned,Closed,2026-05-11T12:57:05Z,2026-05-11T13:14:21Z,17
1839326,North,NAWANSHAHR,KANGNA,Unplanned,Closed,2026-05-11T12:56:00Z,2026-05-11T13:14:00Z,18
1839323,Border,GURDASPUR,24Hrs DALERPUR,Unplanned,Closed,2026-05-11T12:55:00Z,2026-05-11T13:50:00Z,55
1839322,North,JALANDHAR,Heera pur,Unplanned,Closed,2026-05-11T12:55:00Z,2026-05-11T13:07:00Z,12
1839318,East,ROPAR,AKALGARH,Unplanned,Closed,2026-05-11T12:55:00Z,2026-05-11T13:44:00Z,49
1839321,West,MUKATSAR,Sito Road,Unplanned,Closed,2026-05-11T12:53:00Z,2026-05-11T15:17:00Z,144
1839311,Central,CITY EAST LUDHIANA,GURU NANK NAGAR,Unplanned,Closed,2026-05-11T12:52:24Z,2026-05-11T13:19:49Z,27
1839314,Central,KHANNA,Krishna Nagar,Unplanned,Closed,2026-05-11T12:52:00Z,2026-05-11T14:20:00Z,88
1839312,Central,KHANNA,GT ROAD,Unplanned,Closed,2026-05-11T12:52:00Z,2026-05-11T14:10:00Z,78
1839379,Central,SUB URBAN LUDHIANA,MILL No-4,Unplanned,Closed,2026-05-11T12:50:00Z,2026-05-11T16:00:00Z,190
1839343,Border,SUB URBAN AMRITSAR,Gujjarpura,Unplanned,Closed,2026-05-11T12:50:00Z,2026-05-11T13:40:00Z,50
1839335,South,SANGRUR,11 KV SHERON CITY,Unplanned,Closed,2026-05-11T12:50:00Z,2026-05-11T14:35:00Z,105
1839317,Central,SUB URBAN LUDHIANA,CITY-2,Unplanned,Closed,2026-05-11T12:50:00Z,2026-05-11T13:55:00Z,65
1839315,North,HOSHIARPUR,Harsipind UPS,Unplanned,Closed,2026-05-11T12:50:00Z,2026-05-11T13:30:00Z,40
1839338,North,HOSHIARPUR,MUKHLANA,Unplanned,Closed,2026-05-11T12:46:00Z,2026-05-11T13:25:00Z,39
1839324,Border,SUB URBAN AMRITSAR,JALALPURA UPS,Unplanned,Closed,2026-05-11T12:45:00Z,2026-05-11T13:40:00Z,55
1839310,Border,GURDASPUR,Behrian,Unplanned,Closed,2026-05-11T12:45:00Z,2026-05-11T14:29:00Z,104
1839307,Border,GURDASPUR,Raavi,Unplanned,Closed,2026-05-11T12:45:00Z,2026-05-11T14:29:00Z,104
1839308,West,MUKATSAR,11 KV TARA ESTATE,Unplanned,Closed,2026-05-11T12:43:34Z,2026-05-11T13:20:48Z,37
1839303,Border,GURDASPUR,BEHBAL CHACK,Unplanned,Closed,2026-05-11T12:42:00Z,2026-05-11T12:55:00Z,13
1839305,South,SANGRUR,11 KV KHADIAL AP(66KV SUNAM),Unplanned,Closed,2026-05-11T12:40:21Z,2026-05-11T13:14:41Z,34
1839313,East,MOHALI,11KV PATTON AP,Unplanned,Closed,2026-05-11T12:40:00Z,2026-05-11T14:45:25Z,125
1839309,Central,KHANNA,Hargana,Unplanned,Closed,2026-05-11T12:40:00Z,2026-05-11T12:55:00Z,15
1839301,Central,KHANNA,jagat colony,Unplanned,Closed,2026-05-11T12:40:00Z,2026-05-11T13:05:00Z,25
1839304,West,BATHINDA,BABA BAHAL DASS JI,Planned,Closed,2026-05-11T12:39:00Z,2026-05-11T13:28:16Z,49
1839302,North,JALANDHAR,DEFENCE COLONY NO.1,Unplanned,Closed,2026-05-11T12:35:00Z,2026-05-11T12:52:00Z,17
1839300,Border,TARN TARAN,GHAT SAHIB URBAN,Unplanned,Closed,2026-05-11T12:35:00Z,2026-05-11T14:35:00Z,120
1839306,Central,CITY EAST LUDHIANA,MOTI NAGAR,Unplanned,Closed,2026-05-11T12:31:00Z,2026-05-11T14:00:00Z,89
1839297,South,SANGRUR,CITY-5,Unplanned,Closed,2026-05-11T12:30:00Z,2026-05-11T15:10:00Z,160
1839296,North,HOSHIARPUR,KHIZARPUR,Unplanned,Closed,2026-05-11T12:30:00Z,2026-05-11T12:45:00Z,15
1839295,Border,GURDASPUR,CITY 2,Unplanned,Closed,2026-05-11T12:30:00Z,2026-05-11T13:45:00Z,75
1839290,North,KAPURTHALA,URBAN Bye Pass,Planned,Closed,2026-05-11T12:30:00Z,2026-05-11T13:05:00Z,35
1839289,North,KAPURTHALA,UPS Ambgarh,Planned,Closed,2026-05-11T12:30:00Z,2026-05-11T13:05:00Z,35
1839288,North,KAPURTHALA,UPS Kahlwan,Planned,Closed,2026-05-11T12:30:00Z,2026-05-11T13:05:00Z,35
1839287,North,KAPURTHALA,City kartarpur,Planned,Closed,2026-05-11T12:30:00Z,2026-05-11T13:05:00Z,35
1839294,Border,CITY AMRITSAR,SHIVALA ROAD,Unplanned,Closed,2026-05-11T12:28:00Z,2026-05-11T13:23:07Z,55
1839298,North,JALANDHAR,BOMBAY NAGAR,Unplanned,Closed,2026-05-11T12:25:00Z,2026-05-11T12:40:00Z,15
1839293,North,HOSHIARPUR,MODEL  TOWN,Unplanned,Closed,2026-05-11T12:25:00Z,2026-05-11T12:45:00Z,20
1839291,East,MOHALI,DHARAMGARH,Unplanned,Closed,2026-05-11T12:25:00Z,2026-05-11T14:45:17Z,140
1839292,South,PATIALA,11KV DAULATPUR,Unplanned,Closed,2026-05-11T12:20:00Z,2026-05-11T13:30:41Z,70
1839285,Border,GURDASPUR,Irrigation,Unplanned,Closed,2026-05-11T12:20:00Z,2026-05-11T17:00:00Z,280
1839278,South,SANGRUR,CITY NADAMPUR,Unplanned,Closed,2026-05-11T12:18:00Z,2026-05-11T12:55:00Z,37
1839276,Central,CITY WEST LUDHIANA,B.V.M.,Unplanned,Closed,2026-05-11T12:16:11Z,2026-05-11T13:51:41Z,95
1839281,North,HOSHIARPUR,UPS katrala,Unplanned,Closed,2026-05-11T12:15:00Z,2026-05-11T12:45:00Z,30
1839279,Border,GURDASPUR,Mandi,Unplanned,Closed,2026-05-11T12:15:00Z,2026-05-11T12:20:00Z,5
1839277,North,HOSHIARPUR,khudda,Unplanned,Closed,2026-05-11T12:15:00Z,2026-05-11T13:05:00Z,50
1839274,North,JALANDHAR,KALRA,Unplanned,Closed,2026-05-11T12:15:00Z,2026-05-11T13:05:00Z,50
1839272,North,JALANDHAR,TV TOWER,Planned,Closed,2026-05-11T12:15:00Z,2026-05-11T12:22:00Z,7
1839286,West,FARIDKOT,11KV NEW HARINDERA NAGAR,Unplanned,Closed,2026-05-11T12:14:00Z,2026-05-11T13:00:00Z,46
1839273,East,ROPAR,PADIALA,Unplanned,Closed,2026-05-11T12:10:00Z,2026-05-11T13:09:00Z,59
1839271,Border,GURDASPUR,MES Madhopur,Unplanned,Closed,2026-05-11T12:10:00Z,2026-05-11T14:13:00Z,123
1839266,West,FARIDKOT,KANER,Unplanned,Closed,2026-05-11T12:09:31Z,2026-05-11T14:07:42Z,118
1839270,South,SANGRUR,MardKhera (Sunam) AP,Unplanned,Closed,2026-05-11T12:09:04Z,2026-05-11T12:25:18Z,16
1839267,West,BATHINDA,THERMAL UPS,Unplanned,Closed,2026-05-11T12:05:00Z,2026-05-11T13:35:00Z,90
1839265,North,NAWANSHAHR,TAKARLA,Unplanned,Closed,2026-05-11T12:05:00Z,2026-05-11T13:20:00Z,75
1839263,North,HOSHIARPUR,UPS katrala,Unplanned,Closed,2026-05-11T12:05:00Z,2026-05-11T12:10:00Z,5
1839261,Central,KHANNA,MALERKOTLA ROAD,Unplanned,Closed,2026-05-11T12:03:00Z,2026-05-11T13:05:00Z,62
1839275,Border,GURDASPUR,dakoha,Unplanned,Closed,2026-05-11T12:01:00Z,2026-05-11T15:55:00Z,234
1839257,West,FARIDKOT,KHOSA KOTLA,Unplanned,Closed,2026-05-11T12:00:51Z,2026-05-11T12:49:30Z,48
1839260,South,SANGRUR,11 KV SULARGHRAT UPS,Unplanned,Closed,2026-05-11T12:00:49Z,2026-05-11T12:25:03Z,24
1839524,Border,SUB URBAN AMRITSAR,UPS Kot Khera,Unplanned,Closed,2026-05-11T12:00:00Z,2026-05-11T16:07:00Z,247
1839523,Border,SUB URBAN AMRITSAR,UPS-3 Pandher,Unplanned,Closed,2026-05-11T12:00:00Z,2026-05-11T16:07:00Z,247
1839522,Border,SUB URBAN AMRITSAR,Tarsikka  Urban 2,Unplanned,Closed,2026-05-11T12:00:00Z,2026-05-11T16:07:00Z,247
1839521,Border,SUB URBAN AMRITSAR,Urban 1 Tarsika,Unplanned,Closed,2026-05-11T12:00:00Z,2026-05-11T16:07:00Z,247
1839262,West,MUKATSAR,Banwala Urban,Unplanned,Closed,2026-05-11T12:00:00Z,2026-05-11T12:21:00Z,21
1839258,Central,CITY WEST LUDHIANA,CENTRA GREENS,Unplanned,Closed,2026-05-11T11:59:26Z,2026-05-11T13:45:18Z,105
1839254,West,FARIDKOT,Dutt Road,Unplanned,Closed,2026-05-11T11:57:00Z,2026-05-11T12:20:55Z,23
1839269,West,MUKATSAR,11 KV RAJPURA,Unplanned,Closed,2026-05-11T11:55:00Z,2026-05-11T14:30:00Z,155
1839268,West,MUKATSAR,11 KV KHATWAN,Unplanned,Closed,2026-05-11T11:55:00Z,2026-05-11T14:30:00Z,155
1839255,Central,KHANNA,MALERKOTLA ROAD,Unplanned,Closed,2026-05-11T11:55:00Z,2026-05-11T11:56:00Z,1
1839250,West,FARIDKOT,UPS No-4,Unplanned,Closed,2026-05-11T11:53:56Z,2026-05-11T12:55:41Z,61
1839246,South,PATIALA,SALEMPUR,Unplanned,Closed,2026-05-11T11:50:06Z,2026-05-11T13:45:24Z,115
1839283,South,PATIALA,UPS RAJPURA,Unplanned,Closed,2026-05-11T11:50:00Z,2026-05-11T12:25:00Z,35
1839249,North,NAWANSHAHR,Dagham,Unplanned,Closed,2026-05-11T11:50:00Z,2026-05-11T12:10:00Z,20
1839243,Border,GURDASPUR,Simbal,Unplanned,Closed,2026-05-11T11:48:00Z,2026-05-11T12:20:00Z,32
1839242,North,NAWANSHAHR,11 KV Buthgarh,Unplanned,Closed,2026-05-11T11:48:00Z,2026-05-11T12:35:00Z,47
1839252,West,BATHINDA,KHIALA UPS,Planned,Closed,2026-05-11T11:47:00Z,2026-05-11T16:20:11Z,273
1839238,Central,CITY WEST LUDHIANA,AVON FEEDER,Unplanned,Closed,2026-05-11T11:46:32Z,2026-05-11T13:15:50Z,89
1839256,Border,TARN TARAN,CITY 1,Unplanned,Closed,2026-05-11T11:45:00Z,2026-05-11T12:25:00Z,40
1839240,North,HOSHIARPUR,BHAMBOTAR,Unplanned,Closed,2026-05-11T11:44:00Z,2026-05-11T12:01:00Z,17
1839237,Central,CITY WEST LUDHIANA,E Block,Planned,Closed,2026-05-11T11:42:11Z,2026-05-11T13:25:54Z,103
1839241,East,MOHALI,VINCIT,Unplanned,Closed,2026-05-11T11:40:39Z,2026-05-11T13:25:12Z,104
1839239,South,SANGRUR,11 KV SULARGHRAT UPS,Unplanned,Closed,2026-05-11T11:40:31Z,2026-05-11T12:25:46Z,45
1839280,Border,GURDASPUR,NEW BALLARWAL UPS,Unplanned,Closed,2026-05-11T11:40:00Z,2026-05-11T12:15:00Z,35
1839251,North,JALANDHAR,DAROLI KHURD,Unplanned,Closed,2026-05-11T11:40:00Z,2026-05-11T12:40:00Z,60
1839232,Border,GURDASPUR,Preet Nagar,Unplanned,Closed,2026-05-11T11:40:00Z,2026-05-11T12:15:00Z,35
1839231,Border,GURDASPUR,SAILI ROAD,Unplanned,Closed,2026-05-11T11:40:00Z,2026-05-11T12:15:00Z,35
1839236,North,KAPURTHALA,MALL ROAD URBAN,Unplanned,Closed,2026-05-11T11:38:00Z,2026-05-11T12:31:00Z,53
1839217,Border,CITY AMRITSAR,11 KV Dhab Tilli Bhanna,Planned,Closed,2026-05-11T11:38:00Z,2026-05-11T12:16:00Z,38
1839247,Border,GURDASPUR,N.J.Singh 24hrs,Unplanned,Closed,2026-05-11T11:35:00Z,2026-05-11T12:50:00Z,75
1839245,Border,GURDASPUR,Bamial 24hrs,Unplanned,Closed,2026-05-11T11:35:00Z,2026-05-11T15:55:00Z,260
1839234,West,MUKATSAR,11 KV TAJA PATTI,Unplanned,Closed,2026-05-11T11:35:00Z,2026-05-11T13:55:00Z,140
1839233,North,NAWANSHAHR,BHADDI,Unplanned,Closed,2026-05-11T11:35:00Z,2026-05-11T11:50:00Z,15
1839226,North,JALANDHAR,KALI MATA MANDIR,Unplanned,Closed,2026-05-11T11:35:00Z,2026-05-11T11:55:00Z,20
1839224,Border,TARN TARAN,NAUSHEHRA PANNUN URBAN,Planned,Closed,2026-05-11T11:35:00Z,2026-05-11T13:50:00Z,135
1839221,Border,GURDASPUR,CITY AWANKHA,Unplanned,Closed,2026-05-11T11:34:00Z,2026-05-11T14:36:00Z,182
1839219,Border,GURDASPUR,City Thana,Unplanned,Closed,2026-05-11T11:34:00Z,2026-05-11T14:36:00Z,182
1839218,Border,GURDASPUR,City-1,Unplanned,Closed,2026-05-11T11:34:00Z,2026-05-11T14:36:00Z,182
1839230,North,JALANDHAR,11KV SALEMPUR,Unplanned,Closed,2026-05-11T11:31:00Z,2026-05-11T11:59:00Z,28
1839264,South,SANGRUR,Natt UPS,Unplanned,Closed,2026-05-11T11:30:00Z,2026-05-11T12:50:00Z,80
1839253,North,JALANDHAR,11KV UDESIAN,Unplanned,Closed,2026-05-11T11:30:00Z,2026-05-11T11:55:00Z,25
1839235,North,JALANDHAR,PAP,Planned,Closed,2026-05-11T11:30:00Z,2026-05-11T11:57:00Z,27
1839228,Border,SUB URBAN AMRITSAR,GURU NAGAR,Planned,Closed,2026-05-11T11:30:00Z,2026-05-11T18:45:00Z,435
1839227,Border,SUB URBAN AMRITSAR,VERKA IND.2,Planned,Closed,2026-05-11T11:30:00Z,2026-05-11T19:20:00Z,470
1839225,West,BATHINDA,Mian,Planned,Closed,2026-05-11T11:30:00Z,2026-05-11T16:00:00Z,270
1839223,Border,SUB URBAN AMRITSAR,VERKA IND.1,Planned,Closed,2026-05-11T11:30:00Z,2026-05-11T18:45:00Z,435
1839222,Border,SUB URBAN AMRITSAR,GURUDWARA NANAKSAR,Planned,Closed,2026-05-11T11:30:00Z,2026-05-11T18:45:00Z,435
1837623,East,Zirakpur,11 kv Bijanpur pure ap,Planned,Closed,2026-05-11T11:30:00Z,2026-05-11T15:20:00Z,230
1837606,East,Zirakpur,UPS AGGANPUR,Planned,Closed,2026-05-11T11:30:00Z,2026-05-11T15:20:00Z,230
1839215,Central,CITY WEST LUDHIANA,MEHMOODPURA,Unplanned,Closed,2026-05-11T11:29:22Z,2026-05-11T13:14:19Z,104
1839216,Border,GURDASPUR,11 K.V UPS Balwanda,Unplanned,Closed,2026-05-11T11:28:00Z,2026-05-11T11:57:00Z,29
1839204,East,Zirakpur,JAI MULTI ENNG.,Planned,Closed,2026-05-11T11:27:49Z,2026-05-11T11:58:00Z,30
1839210,West,FARIDKOT,11 KV MAAL SAHIB AP,Unplanned,Closed,2026-05-11T11:27:31Z,2026-05-11T12:35:42Z,68
1839206,East,Zirakpur,11KV BEHRA FEEDER,Planned,Closed,2026-05-11T11:27:30Z,2026-05-11T11:58:43Z,31
1839208,West,FARIDKOT,11 KV HAKAM SINGH WALA-R,Unplanned,Closed,2026-05-11T11:27:15Z,2026-05-11T12:35:27Z,68
1839211,West,FARIDKOT,11 kv URBAN NANAKSAR ROAD,Unplanned,Closed,2026-05-11T11:27:11Z,2026-05-11T12:35:29Z,68
1839209,West,FARIDKOT,11 KV GANJI GULAB SINGH WALA-,Unplanned,Closed,2026-05-11T11:27:10Z,2026-05-11T12:35:18Z,68
1839205,East,Zirakpur,barvala industrial park,Planned,Closed,2026-05-11T11:27:08Z,2026-05-11T11:58:16Z,31
1839207,Border,GURDASPUR,Nawan Pind,Unplanned,Closed,2026-05-11T11:27:00Z,2026-05-11T15:15:00Z,228
1839229,East,MOHALI,11KV DGR Feeder,Unplanned,Closed,2026-05-11T11:25:00Z,2026-05-11T12:40:53Z,75
1839213,Border,GURDASPUR,Dalla UPS,Unplanned,Closed,2026-05-11T11:25:00Z,2026-05-11T13:15:00Z,110
1839202,East,Zirakpur,MIAN PUR,Unplanned,Closed,2026-05-11T11:23:00Z,2026-05-11T13:30:00Z,127
1839201,Border,GURDASPUR,MUGRALA,Unplanned,Closed,2026-05-11T11:23:00Z,2026-05-11T15:15:00Z,232
1839200,East,Zirakpur,MUKANDPUR,Unplanned,Closed,2026-05-11T11:23:00Z,2026-05-11T13:30:00Z,127
1839203,North,HOSHIARPUR,11KV UPS TERKIANA,Unplanned,Closed,2026-05-11T11:22:00Z,2026-05-11T11:50:00Z,28
1839212,East,ROPAR,SRAIN,Unplanned,Closed,2026-05-11T11:21:00Z,2026-05-11T11:41:00Z,20
1839196,Central,KHANNA,DASHMESH (JALALPUR),Unplanned,Closed,2026-05-11T11:21:00Z,2026-05-11T12:08:00Z,47
1839199,Central,CITY WEST LUDHIANA,SATPAL MITTAL,Planned,Closed,2026-05-11T11:20:43Z,2026-05-11T14:15:39Z,174
1839214,North,NAWANSHAHR,BALLOWAL,Unplanned,Closed,2026-05-11T11:20:00Z,2026-05-11T11:45:00Z,25
1839194,Central,KHANNA,Vishawkarma Nagar,Unplanned,Closed,2026-05-11T11:18:00Z,2026-05-11T11:45:00Z,27
1839193,North,HOSHIARPUR,Tanda City,Unplanned,Closed,2026-05-11T11:15:00Z,2026-05-11T11:40:00Z,25
1839189,West,MUKATSAR,BUS STAND,Unplanned,Closed,2026-05-11T11:15:00Z,2026-05-11T13:05:00Z,110
1839244,West,FARIDKOT,Nathewala,Planned,Closed,2026-05-11T11:13:09Z,2026-05-11T12:50:35Z,97
1839177,Central,CITY WEST LUDHIANA,MES-2,Unplanned,Closed,2026-05-11T11:13:04Z,2026-05-11T11:50:00Z,36
1839187,East,Zirakpur,BALTANA,Unplanned,Closed,2026-05-11T11:13:00Z,2026-05-11T12:15:00Z,62
1839197,West,MUKATSAR,Seerwali UPS,Unplanned,Closed,2026-05-11T11:10:00Z,2026-05-11T11:45:00Z,35
1839190,Border,GURDASPUR,Thireawal UPS feeder,Unplanned,Closed,2026-05-11T11:10:00Z,2026-05-11T15:20:00Z,250
1839176,Border,GURDASPUR,Diomand,Unplanned,Closed,2026-05-11T11:09:00Z,2026-05-11T14:04:00Z,175
1839175,East,Zirakpur,ECME,Unplanned,Closed,2026-05-11T11:09:00Z,2026-05-11T11:53:00Z,44
1839170,Border,GURDASPUR,Mirthal,Unplanned,Closed,2026-05-11T11:09:00Z,2026-05-11T14:00:00Z,171
1837630,South,PATIALA,Prem Nagar Feeder,Planned,Closed,2026-05-11T11:09:00Z,2026-05-11T13:48:00Z,159
1839165,West,MUKATSAR,BHANGER KHERA,Unplanned,Closed,2026-05-11T11:05:57Z,2026-05-11T12:34:14Z,88
1839166,West,MUKATSAR,11 KV Punjava Model,Unplanned,Closed,2026-05-11T11:05:37Z,2026-05-11T12:34:47Z,89
1839220,East,MOHALI,11KV FOREST FEEDER,Unplanned,Closed,2026-05-11T11:05:00Z,2026-05-11T13:16:28Z,131
1839164,West,BATHINDA,COLLEGE ROAD URBAN,Unplanned,Closed,2026-05-11T11:05:00Z,2026-05-11T12:05:00Z,60
1839163,Central,CITY WEST LUDHIANA,ABDULLAPUR BASTI,Unplanned,Closed,2026-05-11T11:04:43Z,2026-05-11T14:21:07Z,196
1839161,North,NAWANSHAHR,LALLIAN,Unplanned,Closed,2026-05-11T11:02:00Z,2026-05-11T11:12:00Z,10
1837412,Border,GURDASPUR,Coco Cola ( Wave Beverages ),Planned,Closed,2026-05-11T11:00:32Z,2026-05-11T15:10:32Z,250
1837411,Border,GURDASPUR,ARYA NAGAR,Planned,Closed,2026-05-11T11:00:32Z,2026-05-11T15:10:32Z,250
1837410,Border,GURDASPUR,MUGRALA,Planned,Closed,2026-05-11T11:00:32Z,2026-05-11T15:10:32Z,250
1837409,Border,GURDASPUR,Gujran Lahri,Planned,Closed,2026-05-11T11:00:32Z,2026-05-11T15:10:32Z,250
1837408,Border,GURDASPUR,Manj,Planned,Closed,2026-05-11T11:00:32Z,2026-05-11T15:10:32Z,250
1837407,Border,GURDASPUR,City Thana,Planned,Closed,2026-05-11T11:00:32Z,2026-05-11T15:10:32Z,250
1837406,Border,GURDASPUR,CITY-3,Planned,Closed,2026-05-11T11:00:32Z,2026-05-11T15:10:32Z,250
1837405,Border,GURDASPUR,CITY AWANKHA,Planned,Closed,2026-05-11T11:00:32Z,2026-05-11T15:10:32Z,250
1837404,Border,GURDASPUR,City-2,Planned,Closed,2026-05-11T11:00:32Z,2026-05-11T15:10:32Z,250
1837403,Border,GURDASPUR,Saidipur,Planned,Closed,2026-05-11T11:00:32Z,2026-05-11T15:10:32Z,250
1837402,Border,GURDASPUR,City-1,Planned,Closed,2026-05-11T11:00:32Z,2026-05-11T15:10:32Z,250
1837423,Border,GURDASPUR,11KV UPS BASSI,Planned,Closed,2026-05-11T11:00:31Z,2026-05-11T15:10:31Z,250
1837422,Border,GURDASPUR,Gharota,Planned,Closed,2026-05-11T11:00:31Z,2026-05-11T15:10:31Z,250
1837421,Border,GURDASPUR,Chounta,Planned,Closed,2026-05-11T11:00:31Z,2026-05-11T15:10:31Z,250
1837420,Border,GURDASPUR,Taragarh Cat-1,Planned,Closed,2026-05-11T11:00:26Z,2026-05-11T15:10:26Z,250
1837419,Border,GURDASPUR,Rattangarh,Planned,Closed,2026-05-11T11:00:26Z,2026-05-11T15:10:26Z,250
1837418,Border,GURDASPUR,Majra,Planned,Closed,2026-05-11T11:00:26Z,2026-05-11T15:10:26Z,250
1839145,West,FARIDKOT,NIDHANWALA,Planned,Closed,2026-05-11T11:00:02Z,2026-05-11T13:47:44Z,167
1839144,West,FARIDKOT,Green City UPS,Planned,Closed,2026-05-11T11:00:02Z,2026-05-11T13:47:50Z,167
1839143,West,FARIDKOT,ADANI AGRO INDEPENDENT,Planned,Closed,2026-05-11T11:00:02Z,2026-05-11T13:47:56Z,167
1839142,West,FARIDKOT,DAGRU,Planned,Closed,2026-05-11T11:00:02Z,2026-05-11T13:48:02Z,168
1839191,Border,CITY AMRITSAR,Kot Baba Deep singh,Planned,Closed,2026-05-11T11:00:00Z,2026-05-11T14:01:08Z,181
1839188,Border,CITY AMRITSAR,Chatiwind Gate,Planned,Closed,2026-05-11T11:00:00Z,2026-05-11T14:01:49Z,181
1839186,Border,CITY AMRITSAR,LAXMAN SAR,Planned,Closed,2026-05-11T11:00:00Z,2026-05-11T14:01:44Z,181
1839185,Border,CITY AMRITSAR,Laxmi Rice Mills,Planned,Closed,2026-05-11T11:00:00Z,2026-05-11T14:01:06Z,181
1839183,Border,CITY AMRITSAR,Chatha Rice Mills,Planned,Closed,2026-05-11T11:00:00Z,2026-05-11T14:01:26Z,181
1839180,Border,CITY AMRITSAR,shri guru ram dass hospital,Planned,Closed,2026-05-11T11:00:00Z,2026-05-11T14:01:01Z,181
1839168,Border,CITY AMRITSAR,Nagar Nigam Colony,Planned,Closed,2026-05-11T11:00:00Z,2026-05-11T14:01:39Z,181
1839159,West,BATHINDA,BHAGU,Unplanned,Closed,2026-05-11T11:00:00Z,2026-05-11T11:07:00Z,7
1839158,East,MOHALI,70-A,Planned,Closed,2026-05-11T11:00:00Z,2026-05-11T12:55:00Z,115
1839134,Border,CITY AMRITSAR,MAKBOOL PURA,Planned,Closed,2026-05-11T11:00:00Z,2026-05-11T13:10:00Z,130
1839127,Border,SUB URBAN AMRITSAR,MAJITHA ROAD,Planned,Closed,2026-05-11T11:00:00Z,2026-05-11T18:23:00Z,443
1839099,East,ROPAR,Palmajra,Planned,Closed,2026-05-11T11:00:00Z,2026-05-11T14:50:00Z,230
1837645,East,Zirakpur,PEER BABA ROAD,Planned,Closed,2026-05-11T11:00:00Z,2026-05-11T15:13:00Z,253
1837644,East,Zirakpur,Sukhmani Sahib,Planned,Closed,2026-05-11T11:00:00Z,2026-05-11T15:13:00Z,253
1837643,East,Zirakpur,Jaskaran,Planned,Closed,2026-05-11T11:00:00Z,2026-05-11T15:13:00Z,253
1837642,East,Zirakpur,RANBAXY,Planned,Closed,2026-05-11T11:00:00Z,2026-05-11T15:13:00Z,253
1839157,South,SANGRUR,MAKORD SAHIB(new+old),Unplanned,Closed,2026-05-11T10:58:02Z,2026-05-11T12:47:00Z,108
1839167,Border,SUB URBAN AMRITSAR,Shampura UPS,Unplanned,Closed,2026-05-11T10:55:00Z,2026-05-11T13:40:00Z,165
1839160,North,JALANDHAR,L.I.C,Unplanned,Closed,2026-05-11T10:55:00Z,2026-05-11T11:10:00Z,15
1839147,West,MUKATSAR,11 KV GANGA NAGAR ROAD,Unplanned,Closed,2026-05-11T10:52:56Z,2026-05-11T12:48:13Z,115
1839150,West,MUKATSAR,11 KV KIKKER KHERA,Unplanned,Closed,2026-05-11T10:52:55Z,2026-05-11T12:48:09Z,115
1839149,West,MUKATSAR,11 KV Alamgarh,Unplanned,Closed,2026-05-11T10:52:43Z,2026-05-11T12:48:01Z,115
1839151,West,MUKATSAR,11 KV Chirag dhani,Unplanned,Closed,2026-05-11T10:52:41Z,2026-05-11T12:48:50Z,116
1839148,West,MUKATSAR,11 KV KILLIANWALI,Unplanned,Closed,2026-05-11T10:52:02Z,2026-05-11T12:48:25Z,116
1839198,Border,TARN TARAN,PANDORI SIDHWAN,Unplanned,Closed,2026-05-11T10:51:48Z,2026-05-11T15:20:58Z,269
1839195,West,MUKATSAR,Nand Garh,Unplanned,Closed,2026-05-11T10:50:00Z,2026-05-11T13:25:00Z,155
1839152,North,HOSHIARPUR,PANWAN,Unplanned,Closed,2026-05-11T10:50:00Z,2026-05-11T11:25:00Z,35
1839140,North,JALANDHAR,B.S.N.L,Unplanned,Closed,2026-05-11T10:50:00Z,2026-05-11T11:26:00Z,36
1839137,North,NAWANSHAHR,TEHSIL COMPLEX,Planned,Closed,2026-05-11T10:50:00Z,2026-05-11T11:40:00Z,50
1839136,Border,CITY AMRITSAR,COMPANY BAGH,Unplanned,Closed,2026-05-11T10:47:35Z,2026-05-11T10:55:05Z,7
1839146,Border,GURDASPUR,KHAN PIARA,Unplanned,Closed,2026-05-11T10:45:00Z,2026-05-11T11:50:00Z,65
1839141,South,SANGRUR,11KV UPS DHARMGARH,Unplanned,Closed,2026-05-11T10:45:00Z,2026-05-11T11:45:00Z,60
1839139,North,HOSHIARPUR,MES,Unplanned,Closed,2026-05-11T10:45:00Z,2026-05-11T11:25:00Z,40
1839138,North,HOSHIARPUR,DASUYA1,Unplanned,Closed,2026-05-11T10:45:00Z,2026-05-11T11:30:00Z,45
1839135,Border,GURDASPUR,11 kv Dhupshari ups,Unplanned,Closed,2026-05-11T10:45:00Z,2026-05-11T11:25:00Z,40
1839133,North,HOSHIARPUR,11KV MILK PLANT,Unplanned,Closed,2026-05-11T10:45:00Z,2026-05-11T11:30:00Z,45
1839132,Central,KHANNA,Friend colony,Unplanned,Closed,2026-05-11T10:44:00Z,2026-05-11T11:45:00Z,61
1835795,South,SANGRUR,City-II,Planned,Closed,2026-05-11T10:44:00Z,2026-05-11T14:30:18Z,226
1839117,South,SANGRUR,CITY SANGRUR,Unplanned,Closed,2026-05-11T10:41:54Z,2026-05-11T12:39:04Z,117
1839116,South,SANGRUR,DC ROAD SANGRUR,Unplanned,Closed,2026-05-11T10:41:05Z,2026-05-11T12:40:23Z,119
1839248,West,FARIDKOT,"11 KV GURUDWARA RD, CAT-01",Unplanned,Closed,2026-05-11T10:40:00Z,2026-05-11T16:05:00Z,325
1839128,North,HOSHIARPUR,MAND PHANDER,Unplanned,Closed,2026-05-11T10:40:00Z,2026-05-11T11:00:00Z,20
1839126,North,HOSHIARPUR,11KV KALLOWAL FEEDER,Unplanned,Closed,2026-05-11T10:40:00Z,2026-05-11T11:00:00Z,20
1839118,West,MUKATSAR,WATER WORKS,Unplanned,Closed,2026-05-11T10:40:00Z,2026-05-11T11:14:00Z,34
1839282,Central,CITY EAST LUDHIANA,MOTI NAGAR,Unplanned,Closed,2026-05-11T10:38:00Z,2026-05-11T12:30:00Z,112
1839192,West,MUKATSAR,11KV Old Grain Market.,Unplanned,Closed,2026-05-11T10:38:00Z,2026-05-11T11:23:00Z,45
1839171,North,JALANDHAR,Johal,Unplanned,Closed,2026-05-11T10:35:00Z,2026-05-11T11:10:00Z,35
1839169,North,JALANDHAR,CHOKAN,Unplanned,Closed,2026-05-11T10:35:00Z,2026-05-11T13:20:00Z,165
1839131,North,KAPURTHALA,UPS KHUSROPUR,Unplanned,Closed,2026-05-11T10:35:00Z,2026-05-11T11:20:00Z,45
1839115,Border,TARN TARAN,GANDIWIND 24 HRS SUPPLY,Unplanned,Closed,2026-05-11T10:35:00Z,2026-05-11T11:05:00Z,30
1839106,Central,KHANNA,jagat colony,Unplanned,Closed,2026-05-11T10:35:00Z,2026-05-11T10:51:00Z,16
1839103,North,JALANDHAR,PROFFESSER COLONY,Unplanned,Closed,2026-05-11T10:35:00Z,2026-05-11T10:50:00Z,15
1839156,Border,TARN TARAN,BALA CHAK,Unplanned,Closed,2026-05-11T10:30:00Z,2026-05-11T11:25:00Z,55
1839153,Central,SUB URBAN LUDHIANA,CENTER CITY,Unplanned,Closed,2026-05-11T10:30:00Z,2026-05-11T18:00:00Z,450
1839108,Border,GURDASPUR,24Hrs SUPPLY SEKHWAN,Unplanned,Closed,2026-05-11T10:30:00Z,2026-05-11T11:15:00Z,45
1839107,North,NAWANSHAHR,UPS No. 2,Unplanned,Closed,2026-05-11T10:30:00Z,2026-05-11T10:40:00Z,10
1839104,North,JALANDHAR,Pandori,Unplanned,Closed,2026-05-11T10:30:00Z,2026-05-11T11:00:00Z,30
1839101,West,MUKATSAR,11 KV GADDAN DOB,Unplanned,Closed,2026-05-11T10:30:00Z,2026-05-11T11:08:00Z,38
1837681,South,PATIALA,Alipur,Planned,Closed,2026-05-11T10:30:00Z,2026-05-11T12:30:00Z,120
1839130,West,FARIDKOT,ARIYAWALA,Unplanned,Closed,2026-05-11T10:28:00Z,2026-05-11T12:25:00Z,117
1839093,West,MUKATSAR,DAULATPURA UPS,Unplanned,Closed,2026-05-11T10:27:14Z,2026-05-11T10:52:42Z,25
1839095,North,JALANDHAR,11 KV NEW BARADARI,Unplanned,Closed,2026-05-11T10:27:00Z,2026-05-11T10:35:00Z,8
1839090,Central,KHANNA,CITY,Unplanned,Closed,2026-05-11T10:26:00Z,2026-05-11T12:53:00Z,147
1839088,Central,KHANNA,Chopra(Naraian),Unplanned,Closed,2026-05-11T10:26:00Z,2026-05-11T12:53:00Z,147
1839087,Central,KHANNA,Shastri Nagar,Unplanned,Closed,2026-05-11T10:26:00Z,2026-05-11T12:53:00Z,147
1839112,Border,SUB URBAN AMRITSAR,Disposal,Planned,Closed,2026-05-11T10:25:52Z,2026-05-11T11:40:00Z,74
1839091,South,PATIALA,KOLEHMAJRA (GANOUR),Unplanned,Closed,2026-05-11T10:25:45Z,2026-05-11T12:50:52Z,145
1839110,North,JALANDHAR,bambiwal.1,Unplanned,Closed,2026-05-11T10:20:00Z,2026-05-11T11:30:00Z,70
1839094,Border,TARN TARAN,11 KV Sur Singh Urban new,Unplanned,Closed,2026-05-11T10:20:00Z,2026-05-11T11:10:00Z,50
1839086,East,MOHALI,scada-1,Unplanned,Closed,2026-05-11T10:20:00Z,2026-05-11T12:05:00Z,105
1839085,North,HOSHIARPUR,ROSHAN GROUND,Unplanned,Closed,2026-05-11T10:20:00Z,2026-05-11T13:15:00Z,175
1839084,West,MUKATSAR,11 KV BALLUANA UPS,Unplanned,Closed,2026-05-11T10:20:00Z,2026-05-11T12:15:00Z,115
1839083,North,JALANDHAR,INDUSTRY AREA,Unplanned,Closed,2026-05-11T10:20:00Z,2026-05-11T11:12:00Z,52
1839082,West,BATHINDA,KHIWA DIALLUWALA,Planned,Closed,2026-05-11T10:20:00Z,2026-05-11T17:42:00Z,442
1839113,Border,GURDASPUR,Kala Goraya,Unplanned,Closed,2026-05-11T10:17:00Z,2026-05-11T11:50:00Z,93
1839100,North,KAPURTHALA,UPS Sangowal Bet,Unplanned,Closed,2026-05-11T10:15:00Z,2026-05-11T11:31:00Z,76
1839092,Border,CITY AMRITSAR,City Feeder,Planned,Closed,2026-05-11T10:15:00Z,2026-05-11T11:35:00Z,80
1839080,North,KAPURTHALA,Shahjahanpur,Planned,Closed,2026-05-11T10:15:00Z,2026-05-11T10:55:00Z,40
1839079,North,KAPURTHALA,UPS DALLA,Planned,Closed,2026-05-11T10:15:00Z,2026-05-11T10:55:00Z,40
1839075,West,FARIDKOT,11 KV KOTKAPURA ROAD,Unplanned,Closed,2026-05-11T10:13:00Z,2026-05-11T10:31:00Z,18
1839073,West,FARIDKOT,11 KV BAGHAPURANA URBAN CAT-01,Unplanned,Closed,2026-05-11T10:13:00Z,2026-05-11T10:31:00Z,18
1839076,North,NAWANSHAHR,BASIALA,Unplanned,Closed,2026-05-11T10:12:00Z,2026-05-11T11:10:00Z,58
1839173,East,MOHALI,KHALOUR,Unplanned,Closed,2026-05-11T10:10:05Z,2026-05-11T11:05:11Z,55
1839172,East,MOHALI,CHANGERA AP,Unplanned,Closed,2026-05-11T10:10:05Z,2026-05-11T11:05:11Z,55
1839179,East,MOHALI,CHARBARH UPS,Unplanned,Closed,2026-05-11T10:10:00Z,2026-05-11T11:05:00Z,55
1839162,Border,SUB URBAN AMRITSAR,SANT BHAGAT SINGH UPS,Unplanned,Closed,2026-05-11T10:10:00Z,2026-05-11T11:04:00Z,54
1839077,East,ROPAR,Khijrabad Kandi,Unplanned,Closed,2026-05-11T10:08:00Z,2026-05-11T10:25:00Z,17
1839098,North,JALANDHAR,Munpur,Planned,Closed,2026-05-11T10:05:02Z,2026-05-11T13:00:02Z,175
1839097,North,JALANDHAR,BHODE SAPRAI,Planned,Closed,2026-05-11T10:05:02Z,2026-05-11T13:00:02Z,175
1839096,North,JALANDHAR,HOUSING BOARD,Planned,Closed,2026-05-11T10:05:02Z,2026-05-11T13:00:02Z,175
1839125,North,JALANDHAR,SANSARPUR,Planned,Closed,2026-05-11T10:05:00Z,2026-05-11T13:00:00Z,175
1839124,North,JALANDHAR,bambiwal 2,Planned,Closed,2026-05-11T10:05:00Z,2026-05-11T13:00:00Z,175
1839123,North,JALANDHAR,JAGRAL,Planned,Closed,2026-05-11T10:05:00Z,2026-05-11T13:00:00Z,175
1839074,North,JALANDHAR,ADAMPUR,Unplanned,Closed,2026-05-11T10:05:00Z,2026-05-11T12:05:00Z,120
1839071,Border,TARN TARAN,NAUSHEHRA PANNUN URBAN,Unplanned,Closed,2026-05-11T10:05:00Z,2026-05-11T10:45:00Z,40
1839068,West,BATHINDA,TAHLIAN URBAN,Planned,Closed,2026-05-11T10:05:00Z,2026-05-11T12:35:00Z,150
1839067,South,SANGRUR,KHETLA A+B+C (GRID DIRBA),Unplanned,Closed,2026-05-11T10:05:00Z,2026-05-11T19:05:00Z,540
1839066,South,SANGRUR,KADIAL A+B (GRID DIRBA),Unplanned,Closed,2026-05-11T10:05:00Z,2026-05-11T19:05:00Z,540
1839089,Border,TARN TARAN,MANKPURA UPS,Unplanned,Closed,2026-05-11T10:01:00Z,2026-05-11T13:05:00Z,184
1839056,West,FARIDKOT,BAJA ROAD,Planned,Closed,2026-05-11T10:01:00Z,2026-05-11T10:20:05Z,19
1838924,West,MUKATSAR,MALLAN UPS,Planned,Closed,2026-05-11T10:00:44Z,2026-05-11T14:25:44Z,265
1839105,Central,SUB URBAN LUDHIANA,MILL-NO 1,Unplanned,Closed,2026-05-11T10:00:00Z,2026-05-11T10:45:00Z,45
1839070,Border,GURDASPUR,Sahowal,Unplanned,Closed,2026-05-11T10:00:00Z,2026-05-11T11:16:00Z,76
1839064,North,HOSHIARPUR,Bassi Gulam Hussian,Unplanned,Closed,2026-05-11T10:00:00Z,2026-05-11T10:30:00Z,30
1839063,North,JALANDHAR,BHAKHRIANA,Unplanned,Closed,2026-05-11T10:00:00Z,2026-05-11T11:05:00Z,65
1839062,North,JALANDHAR,Talhan,Unplanned,Closed,2026-05-11T10:00:00Z,2026-05-11T11:05:00Z,65
1839053,North,JALANDHAR,EKTA NAGAR,Planned,Closed,2026-05-11T10:00:00Z,2026-05-11T11:00:00Z,60
1839049,North,JALANDHAR,UNIVERSIY,Planned,Closed,2026-05-11T10:00:00Z,2026-05-11T11:00:00Z,60
1839045,North,JALANDHAR,Karol bagh,Planned,Closed,2026-05-11T10:00:00Z,2026-05-11T11:00:00Z,60
1839044,North,JALANDHAR,LADHAYWALI,Planned,Closed,2026-05-11T10:00:00Z,2026-05-11T11:00:00Z,60
1839042,North,JALANDHAR,CHANDERSEN,Planned,Closed,2026-05-11T10:00:00Z,2026-05-11T11:00:00Z,60
1839036,North,JALANDHAR,11kv Nangal shama,Planned,Closed,2026-05-11T10:00:00Z,2026-05-11T11:00:00Z,60
1839032,North,JALANDHAR,DRDO,Planned,Closed,2026-05-11T10:00:00Z,2026-05-11T11:00:00Z,60
1839028,North,JALANDHAR,King city,Planned,Closed,2026-05-11T10:00:00Z,2026-05-11T11:00:00Z,60
1839023,North,JALANDHAR,Guru Nanak Nagar,Planned,Closed,2026-05-11T10:00:00Z,2026-05-11T11:00:00Z,60
1839014,North,JALANDHAR,BASANT HILLS,Planned,Closed,2026-05-11T10:00:00Z,2026-05-11T11:00:00Z,60
1839012,North,JALANDHAR,CHOGITTI,Planned,Closed,2026-05-11T10:00:00Z,2026-05-11T11:00:00Z,60
1839011,North,JALANDHAR,ME LAB,Planned,Closed,2026-05-11T10:00:00Z,2026-05-11T11:00:00Z,60
1837480,Border,CITY AMRITSAR,RANI KA BAGH,Planned,Closed,2026-05-11T10:00:00Z,2026-05-11T14:00:00Z,240
1837467,Border,CITY AMRITSAR,Shastri Nagar,Planned,Closed,2026-05-11T10:00:00Z,2026-05-11T12:50:03Z,170
1837466,Border,CITY AMRITSAR,11kV Islamabad Link,Planned,Closed,2026-05-11T10:00:00Z,2026-05-11T14:15:00Z,255
1837464,Border,CITY AMRITSAR,GREEN AVENUE,Planned,Closed,2026-05-11T10:00:00Z,2026-05-11T14:15:00Z,255
1837096,Central,SUB URBAN LUDHIANA,DALLA URBAN,Planned,Closed,2026-05-11T10:00:00Z,2026-05-11T16:00:00Z,360
1839072,South,SANGRUR,Gaushala Road,Unplanned,Closed,2026-05-11T09:59:00Z,2026-05-11T12:08:00Z,129
1839058,North,JALANDHAR,CHURCH,Unplanned,Closed,2026-05-11T09:55:25Z,2026-05-11T10:25:37Z,30
1839154,Border,TARN TARAN,VARPALCITY,Unplanned,Closed,2026-05-11T09:55:00Z,2026-05-11T11:15:00Z,80
1839069,South,PATIALA,UPS Patton,Unplanned,Closed,2026-05-11T09:55:00Z,2026-05-11T11:30:00Z,95
1839061,Border,GURDASPUR,Banthawal,Unplanned,Closed,2026-05-11T09:55:00Z,2026-05-11T11:05:00Z,70
1839057,Border,CITY AMRITSAR,11 KV Feeder Tunda Talab,Planned,Closed,2026-05-11T09:55:00Z,2026-05-11T14:30:00Z,275
1839059,Border,GURDASPUR,SOHAL,Unplanned,Closed,2026-05-11T09:52:00Z,2026-05-11T19:40:00Z,588
1839078,East,MOHALI,11KV SHEKHAN MAJRA,Unplanned,Closed,2026-05-11T09:51:00Z,2026-05-11T11:42:46Z,111
1839328,West,FARIDKOT,11 KV BMS NATHUWALA-CAT-01,Unplanned,Closed,2026-05-11T09:50:00Z,2026-05-11T19:10:00Z,560
1839327,West,FARIDKOT,11 KV BABA BIR SINGH UPS,Unplanned,Closed,2026-05-11T09:50:00Z,2026-05-11T19:10:00Z,560
1839047,Border,SUB URBAN AMRITSAR,SANDHU COLONY,Planned,Closed,2026-05-11T09:48:36Z,2026-05-11T12:55:39Z,187
1839060,East,MOHALI,11KV E&G Block,Unplanned,Closed,2026-05-11T09:48:00Z,2026-05-11T10:16:45Z,28
1839052,Border,TARN TARAN,Sarhali Road,Unplanned,Closed,2026-05-11T09:45:00Z,2026-05-11T10:40:00Z,55
1839051,Border,GURDASPUR,Bhagokawan,Unplanned,Closed,2026-05-11T09:45:00Z,2026-05-11T09:47:00Z,2
1839038,Border,SUB URBAN AMRITSAR,AZAD ROAD FEEDER,Planned,Closed,2026-05-11T09:43:05Z,2026-05-11T12:55:00Z,191
1839055,North,HOSHIARPUR,Lajwanti Stadium,Unplanned,Closed,2026-05-11T09:42:00Z,2026-05-11T10:15:00Z,33
1839048,West,FARIDKOT,11KV WATER WORKS,Unplanned,Closed,2026-05-11T09:42:00Z,2026-05-11T10:21:00Z,39
1839025,Central,CITY WEST LUDHIANA,MAGNET ROAD,Unplanned,Closed,2026-05-11T09:41:25Z,2026-05-11T10:05:00Z,23
1839029,Central,CITY WEST LUDHIANA,BASANT AVENUE,Unplanned,Closed,2026-05-11T09:41:07Z,2026-05-11T10:05:06Z,23
1839022,West,BATHINDA,JODHPUR URBAN,Planned,Closed,2026-05-11T09:41:01Z,2026-05-11T12:41:01Z,180
1839021,West,BATHINDA,BURJ SEMA,Planned,Closed,2026-05-11T09:41:01Z,2026-05-11T12:41:01Z,180
1839020,West,BATHINDA,MANSA KALAN,Planned,Closed,2026-05-11T09:41:01Z,2026-05-11T12:41:01Z,180
1839018,Central,CITY WEST LUDHIANA,Aman Park,Unplanned,Closed,2026-05-11T09:40:19Z,2026-05-11T10:10:00Z,29
1839031,North,HOSHIARPUR,MASTIWAL,Unplanned,Closed,2026-05-11T09:40:00Z,2026-05-11T10:40:00Z,60
1839027,North,HOSHIARPUR,Pandori Attwal,Unplanned,Closed,2026-05-11T09:40:00Z,2026-05-11T10:40:00Z,60
1839013,Border,SUB URBAN AMRITSAR,CHAND INDUSTRY,Unplanned,Closed,2026-05-11T09:38:18Z,2026-05-11T12:08:00Z,149
1839041,East,MOHALI,11kv SIAU,Unplanned,Closed,2026-05-11T09:36:00Z,2026-05-11T11:06:38Z,90
1837540,Border,CITY AMRITSAR,SUBHASH PARK,Planned,Closed,2026-05-11T09:36:00Z,2026-05-11T12:56:00Z,200
1839004,Border,SUB URBAN AMRITSAR,NAG KALAN URBAN,Unplanned,Closed,2026-05-11T09:32:07Z,2026-05-11T13:28:00Z,235
1839019,Border,SUB URBAN AMRITSAR,Ranjit Avenue B block,Unplanned,Closed,2026-05-11T09:31:00Z,2026-05-11T10:10:00Z,39
1839001,West,BATHINDA,SHAKTI VIHAR,Planned,Closed,2026-05-11T09:31:00Z,2026-05-11T10:41:00Z,70
1836778,Border,CITY AMRITSAR,Gobind Nagar,Planned,Closed,2026-05-11T09:31:00Z,2026-05-11T13:30:00Z,239
1839122,Border,GURDASPUR,Focal Point,Unplanned,Closed,2026-05-11T09:30:00Z,2026-05-11T13:10:00Z,220
1839121,Border,GURDASPUR,LOHCHAP,Unplanned,Closed,2026-05-11T09:30:00Z,2026-05-11T15:30:00Z,360
1839120,Border,GURDASPUR,SEKHWAN,Unplanned,Closed,2026-05-11T09:30:00Z,2026-05-11T11:15:00Z,105
1839119,Border,GURDASPUR,JOGI CHEEMA,Unplanned,Closed,2026-05-11T09:30:00Z,2026-05-11T15:20:00Z,350
1839081,West,MUKATSAR,RORAANWALI  (UPS),Unplanned,Closed,2026-05-11T09:30:00Z,2026-05-11T12:00:00Z,150
1839046,Border,GURDASPUR,BIDHIPUR,Unplanned,Closed,2026-05-11T09:30:00Z,2026-05-11T10:45:00Z,75
1839039,Border,GURDASPUR,SAHARI,Unplanned,Closed,2026-05-11T09:30:00Z,2026-05-11T09:56:00Z,26
1839035,Border,GURDASPUR,KALER,Unplanned,Closed,2026-05-11T09:30:00Z,2026-05-11T09:56:00Z,26
1839033,Border,GURDASPUR,KHUNDA,Unplanned,Closed,2026-05-11T09:30:00Z,2026-05-11T09:54:00Z,24
1839030,Border,GURDASPUR,SOHAL,Unplanned,Closed,2026-05-11T09:30:00Z,2026-05-11T09:50:00Z,20
1839024,South,PATIALA,11 KV AP NOOR KHERIAN,Unplanned,Closed,2026-05-11T09:30:00Z,2026-05-11T10:08:59Z,38
1838975,North,HOSHIARPUR,Model Town,Planned,Closed,2026-05-11T09:30:00Z,2026-05-11T10:25:00Z,55
1838964,South,PATIALA,Ekta Vihar,Planned,Closed,2026-05-11T09:30:00Z,2026-05-11T11:40:00Z,130
1836780,Border,CITY AMRITSAR,11Kv NEW GOLDEN AVENUE,Planned,Closed,2026-05-11T09:30:00Z,2026-05-11T13:30:00Z,240
1836777,Border,CITY AMRITSAR,Head Water Works Road,Planned,Closed,2026-05-11T09:30:00Z,2026-05-11T13:30:00Z,240
1839040,West,BATHINDA,Kalewander,Planned,Closed,2026-05-11T09:29:00Z,2026-05-11T11:07:00Z,98
1839037,West,BATHINDA,BHAGI VANDER,Planned,Closed,2026-05-11T09:29:00Z,2026-05-11T11:10:00Z,101
1839034,West,BATHINDA,LOCAL FEEDER,Planned,Closed,2026-05-11T09:29:00Z,2026-05-11T11:09:00Z,100
1839043,West,FARIDKOT,11 KV Kalgidhar ups,Unplanned,Closed,2026-05-11T09:28:00Z,2026-05-11T10:39:24Z,71
1839002,Central,CITY EAST LUDHIANA,BAL SINGH NAGAR,Unplanned,Closed,2026-05-11T09:28:00Z,2026-05-11T10:29:00Z,61
1837660,Border,CITY AMRITSAR,11 KV SAHIBZADA FATEH SINGH,Planned,Closed,2026-05-11T09:28:00Z,2026-05-11T13:28:00Z,240
1839010,West,MUKATSAR,BAHAVAL BASI,Unplanned,Closed,2026-05-11T09:27:00Z,2026-05-11T11:17:00Z,110
1839006,West,MUKATSAR,Dhani Sucha Singh (Old Chakra),Unplanned,Closed,2026-05-11T09:24:00Z,2026-05-11T09:52:00Z,28
1838994,Central,CITY EAST LUDHIANA,JAIL ROAD,Unplanned,Closed,2026-05-11T09:21:00Z,2026-05-11T10:28:00Z,67
1838996,Central,CITY WEST LUDHIANA,Kiran Vihar,Planned,Closed,2026-05-11T09:20:45Z,2026-05-11T10:23:15Z,62
1838997,South,SANGRUR,Chhajli road,Unplanned,Closed,2026-05-11T09:20:08Z,2026-05-11T10:05:42Z,45
1839003,East,ROPAR,Jhangrian,Unplanned,Closed,2026-05-11T09:20:00Z,2026-05-11T09:48:00Z,28
1838998,West,FARIDKOT,11 KV NIHAL SINGH WALA CAT-01,Unplanned,Closed,2026-05-11T09:15:00Z,2026-05-11T12:35:00Z,200
1839155,South,BARNALA,NAIWALA UPS,Unplanned,Closed,2026-05-11T09:13:00Z,2026-05-11T14:30:00Z,317
1838990,North,NAWANSHAHR,JADALI,Unplanned,Closed,2026-05-11T09:12:00Z,2026-05-11T10:10:00Z,58
1838995,East,ROPAR,11KV CGC JHANJHERI,Unplanned,Closed,2026-05-11T09:10:00Z,2026-05-11T10:27:00Z,77
1838992,Border,GURDASPUR,Attepur,Planned,Closed,2026-05-11T09:10:00Z,2026-05-11T11:55:00Z,165
1839065,North,JALANDHAR,SUNRA,Unplanned,Closed,2026-05-11T09:05:00Z,2026-05-11T11:00:00Z,115
1839009,Border,CITY AMRITSAR,11 KV Bhagtawala,Planned,Closed,2026-05-11T09:05:00Z,2026-05-11T13:40:00Z,275
1839008,Border,CITY AMRITSAR,11 KV Namak Mandi,Planned,Closed,2026-05-11T09:05:00Z,2026-05-11T13:40:00Z,275
1839007,Border,CITY AMRITSAR,11 KV Peer Shah Road,Planned,Closed,2026-05-11T09:05:00Z,2026-05-11T13:40:00Z,275
1839005,Border,CITY AMRITSAR,11 KV Akara Kallu,Planned,Closed,2026-05-11T09:05:00Z,2026-05-11T13:40:00Z,275
1838987,Border,GURDASPUR,Basrawan,Unplanned,Closed,2026-05-11T09:05:00Z,2026-05-11T10:30:00Z,85
1838985,Border,CITY AMRITSAR,LAKKAR MANDI,Unplanned,Closed,2026-05-11T09:04:00Z,2026-05-11T09:50:00Z,46
1838993,East,MOHALI,CHANGERA AP,Unplanned,Closed,2026-05-11T09:01:00Z,2026-05-11T10:09:09Z,68
1838972,Border,CITY AMRITSAR,11kV Gaushala Focal Point,Planned,Closed,2026-05-11T09:00:46Z,2026-05-11T13:10:46Z,250
1838971,Border,CITY AMRITSAR,11kV Garden Enclave,Planned,Closed,2026-05-11T09:00:46Z,2026-05-11T13:10:46Z,250
1838970,Border,CITY AMRITSAR,Byepass,Planned,Closed,2026-05-11T09:00:46Z,2026-05-11T13:10:46Z,250
1838969,Border,CITY AMRITSAR,Bhai Laloji Nagar,Planned,Closed,2026-05-11T09:00:46Z,2026-05-11T13:10:46Z,250
1837688,West,FARIDKOT,SUNDER NAGAR,Planned,Closed,2026-05-11T09:00:43Z,2026-05-11T12:59:18Z,238
1837687,West,FARIDKOT,BABA TULSI DASS   (URBAN-11 kik),Planned,Closed,2026-05-11T09:00:43Z,2026-05-11T12:59:29Z,238
1837686,West,FARIDKOT,11KV SIDHU FARM URBAN,Planned,Closed,2026-05-11T09:00:43Z,2026-05-11T12:59:38Z,238
1837685,West,FARIDKOT,11 KV GAGRA UPS,Planned,Closed,2026-05-11T09:00:43Z,2026-05-11T12:59:47Z,239
1837684,West,FARIDKOT,KOT ISE KHAN,Planned,Closed,2026-05-11T09:00:43Z,2026-05-11T12:59:57Z,239
1837577,South,SANGRUR,Kaimpur UPS (GRID DIRBA),Planned,Closed,2026-05-11T09:00:38Z,2026-05-11T12:57:38Z,237
1837576,South,SANGRUR,SANGRUR ROAD DIRBA,Planned,Closed,2026-05-11T09:00:38Z,2026-05-11T12:57:38Z,237
1837575,South,SANGRUR,TOORBANJARA UPS,Planned,Closed,2026-05-11T09:00:38Z,2026-05-11T12:57:38Z,237
1837574,South,SANGRUR,Dirba Urban,Planned,Closed,2026-05-11T09:00:38Z,2026-05-11T12:57:38Z,237
1837573,South,SANGRUR,11KV Patran Road Industry Feed,Planned,Closed,2026-05-11T09:00:38Z,2026-05-11T12:57:38Z,237
1837554,Border,CITY AMRITSAR,11 kv shaheed udam singh nagar,Planned,Closed,2026-05-11T09:00:09Z,2026-05-11T11:35:09Z,155
1837553,Border,CITY AMRITSAR,11 kv B.D.S FEEDER,Planned,Closed,2026-05-11T09:00:09Z,2026-05-11T11:35:09Z,155
1837552,Border,CITY AMRITSAR,BIBI KAULAN JI,Planned,Closed,2026-05-11T09:00:09Z,2026-05-11T11:35:09Z,155
1837551,Border,CITY AMRITSAR,GURNAM NAGAR,Planned,Closed,2026-05-11T09:00:09Z,2026-05-11T12:00:09Z,180
1837550,Border,CITY AMRITSAR,BHAI MANJ ROAD,Planned,Closed,2026-05-11T09:00:09Z,2026-05-11T11:35:09Z,155
1837549,Border,CITY AMRITSAR,Guru Arjan Dev nagar,Planned,Closed,2026-05-11T09:00:09Z,2026-05-11T11:35:09Z,155
1837548,Border,CITY AMRITSAR,Friends Colony,Planned,Closed,2026-05-11T09:00:09Z,2026-05-11T11:35:09Z,155
1837619,Border,SUB URBAN AMRITSAR,11 Kv Shere Punjab Avenue,Planned,Closed,2026-05-11T09:00:05Z,2026-05-11T10:00:05Z,60
1837616,Border,SUB URBAN AMRITSAR,VEER GARDEN,Planned,Closed,2026-05-11T09:00:05Z,2026-05-11T10:00:05Z,60
1839184,Border,GURDASPUR,SIDHWAN,Unplanned,Closed,2026-05-11T09:00:00Z,2026-05-11T16:42:00Z,462
1839182,Border,GURDASPUR,GHUMAN,Unplanned,Closed,2026-05-11T09:00:00Z,2026-05-11T14:05:00Z,305
1839181,Border,GURDASPUR,UPPAL,Unplanned,Closed,2026-05-11T09:00:00Z,2026-05-11T12:20:00Z,200
1839178,Border,GURDASPUR,BULEWAL,Unplanned,Closed,2026-05-11T09:00:00Z,2026-05-11T13:20:00Z,260
1839174,Border,GURDASPUR,SATKOHA,Unplanned,Closed,2026-05-11T09:00:00Z,2026-05-11T20:05:00Z,665
1838984,Central,CITY WEST LUDHIANA,AZAD NAGAR FEEDER,Unplanned,Closed,2026-05-11T09:00:00Z,2026-05-11T09:30:00Z,30
1838982,Border,GURDASPUR,Greater Kailash,Unplanned,Closed,2026-05-11T09:00:00Z,2026-05-11T10:15:00Z,75
1838978,Border,CITY AMRITSAR,Bhai  Ghaniyia ji,Planned,Closed,2026-05-11T09:00:00Z,2026-05-11T11:35:00Z,155
1838977,Border,CITY AMRITSAR,11kV Diamond Estate,Planned,Closed,2026-05-11T09:00:00Z,2026-05-11T11:35:00Z,155
1838976,Border,CITY AMRITSAR,BABA DEEP SINGH,Planned,Closed,2026-05-11T09:00:00Z,2026-05-11T11:35:00Z,155
1838974,Border,CITY AMRITSAR,ATTARI SAHIB,Planned,Closed,2026-05-11T09:00:00Z,2026-05-11T11:35:00Z,155
1838953,North,JALANDHAR,SHAKTI NAGAR,Planned,Closed,2026-05-11T09:00:00Z,2026-05-11T14:45:00Z,345
1838949,North,JALANDHAR,Rainak Bazar,Planned,Closed,2026-05-11T09:00:00Z,2026-05-11T14:45:00Z,345
1838944,North,JALANDHAR,ADARSH NAGAR,Planned,Closed,2026-05-11T09:00:00Z,2026-05-11T14:45:00Z,345
1838941,North,JALANDHAR,M.G.N,Planned,Closed,2026-05-11T09:00:00Z,2026-05-11T14:45:00Z,345
1837668,South,BARNALA,Patti Road City,Planned,Closed,2026-05-11T09:00:00Z,2026-05-11T13:20:00Z,260
1837667,South,BARNALA,11kv D Mart,Planned,Closed,2026-05-11T09:00:00Z,2026-05-11T13:20:00Z,260
1837666,South,BARNALA,STANDARD COMBINES,Planned,Closed,2026-05-11T09:00:00Z,2026-05-11T13:20:00Z,260
1837665,South,BARNALA,Mansa Road,Planned,Closed,2026-05-11T09:00:00Z,2026-05-11T13:20:00Z,260
1837663,South,BARNALA,HANDIAYA URBAN,Planned,Closed,2026-05-11T09:00:00Z,2026-05-11T13:20:00Z,260
1837547,Border,CITY AMRITSAR,MAHINDERA COLONY,Planned,Closed,2026-05-11T09:00:00Z,2026-05-11T13:15:23Z,255
1837546,Border,CITY AMRITSAR,KENNEDY AVENUE,Planned,Closed,2026-05-11T09:00:00Z,2026-05-11T13:15:30Z,255
1836790,Border,CITY AMRITSAR,New Amritsar,Planned,Closed,2026-05-11T09:00:00Z,2026-05-11T13:10:00Z,250
1836788,Border,CITY AMRITSAR,GT road,Planned,Closed,2026-05-11T09:00:00Z,2026-05-11T13:10:00Z,250
1836787,Border,CITY AMRITSAR,Kapoor Nagar,Planned,Closed,2026-05-11T09:00:00Z,2026-05-11T18:35:00Z,575
1836785,Border,CITY AMRITSAR,11 KV DABURJI,Planned,Closed,2026-05-11T09:00:00Z,2026-05-11T12:45:00Z,225
1836784,Border,CITY AMRITSAR,BABA BUDHA JI,Planned,Closed,2026-05-11T09:00:00Z,2026-05-11T11:35:00Z,155
1836782,Border,CITY AMRITSAR,11 KV SULTANWIND-1,Planned,Closed,2026-05-11T09:00:00Z,2026-05-11T11:35:00Z,155
1836776,Border,CITY AMRITSAR,HUSSAINPURA,Planned,Closed,2026-05-11T09:00:00Z,2026-05-11T14:15:00Z,315
1836442,Border,CITY AMRITSAR,NEW DHAB BASTI RAM,Planned,Closed,2026-05-11T09:00:00Z,2026-05-11T14:01:13Z,301
1836421,Border,CITY AMRITSAR,Dilbagh Nagar,Planned,Closed,2026-05-11T09:00:00Z,2026-05-11T14:01:09Z,301
1836420,Border,CITY AMRITSAR,Mohan Rice Mills,Planned,Closed,2026-05-11T09:00:00Z,2026-05-11T14:02:32Z,302
1836414,Border,CITY AMRITSAR,SERVER PURA,Planned,Closed,2026-05-11T09:00:00Z,2026-05-11T13:30:00Z,270
1836413,Border,CITY AMRITSAR,s.g.r.dental research,Planned,Closed,2026-05-11T09:00:00Z,2026-05-11T14:01:26Z,301
1836412,Border,CITY AMRITSAR,EAST MOHAN NAGAR,Planned,Closed,2026-05-11T09:00:00Z,2026-05-11T13:30:00Z,270
1838980,West,FARIDKOT,UPS No.2 FGP,Unplanned,Closed,2026-05-11T08:58:20Z,2026-05-11T11:33:06Z,154
1838983,North,HOSHIARPUR,UPS katrala,Unplanned,Closed,2026-05-11T08:55:00Z,2026-05-11T09:20:00Z,25
1838981,North,KAPURTHALA,UPS MODEL TOWN,Unplanned,Closed,2026-05-11T08:54:00Z,2026-05-11T09:30:00Z,36
1838986,East,ROPAR,HIYATPUR,Unplanned,Closed,2026-05-11T08:53:00Z,2026-05-11T09:56:00Z,63
1838989,Border,TARN TARAN,Khadoor Sahib URBAN.,Unplanned,Closed,2026-05-11T08:52:00Z,2026-05-11T10:30:00Z,98
1839284,Border,GURDASPUR,BEHBAL CHACK,Unplanned,Closed,2026-05-11T08:50:00Z,2026-05-11T12:40:00Z,230
1838988,Border,TARN TARAN,JAWANDY,Unplanned,Closed,2026-05-11T08:50:00Z,2026-05-11T09:25:00Z,35
1838968,Border,CITY AMRITSAR,Gilwalii Gate,Planned,Closed,2026-05-11T08:48:00Z,2026-05-11T14:01:59Z,313
1838979,Border,SUB URBAN AMRITSAR,Sawdeshi Korean,Unplanned,Closed,2026-05-11T08:45:00Z,2026-05-11T10:08:00Z,83
1838966,North,JALANDHAR,NEW JAWAHAR NAGAR,Unplanned,Closed,2026-05-11T08:42:00Z,2026-05-11T09:55:00Z,73
1838973,South,SANGRUR,MEHLAN UPS,Unplanned,Closed,2026-05-11T08:40:00Z,2026-05-11T11:15:00Z,155
1838967,East,Zirakpur,PEER BABA ROAD,Unplanned,Closed,2026-05-11T08:40:00Z,2026-05-11T09:05:00Z,25
1838961,North,JALANDHAR,11KV UDESIAN,Unplanned,Closed,2026-05-11T08:40:00Z,2026-05-11T09:10:00Z,30
1838955,West,MUKATSAR,11 KV KIKKER KHERA,Unplanned,Closed,2026-05-11T08:35:51Z,2026-05-11T09:05:17Z,29
1838954,West,MUKATSAR,11 KV KILLIANWALI,Unplanned,Closed,2026-05-11T08:35:30Z,2026-05-11T09:05:39Z,30
1838965,North,JALANDHAR,Kot kala,Unplanned,Closed,2026-05-11T08:35:00Z,2026-05-11T09:50:00Z,75
1838958,Central,CITY WEST LUDHIANA,BDS Nagar,Unplanned,Closed,2026-05-11T08:34:16Z,2026-05-11T08:58:50Z,24
1838948,Border,SUB URBAN AMRITSAR,Industry NAG,Unplanned,Closed,2026-05-11T08:30:42Z,2026-05-11T09:15:57Z,45
1839102,North,JALANDHAR,BADALA,Unplanned,Closed,2026-05-11T08:30:00Z,2026-05-11T11:15:00Z,165
1838991,South,PATIALA,11 KV CHALELA NEW,Unplanned,Closed,2026-05-11T08:30:00Z,2026-05-11T11:25:32Z,175
1838963,North,HOSHIARPUR,Tanda City,Unplanned,Closed,2026-05-11T08:30:00Z,2026-05-11T10:05:00Z,95
1838960,Border,GURDASPUR,THEKERIWAL,Unplanned,Closed,2026-05-11T08:30:00Z,2026-05-11T10:10:00Z,100
1838959,Border,GURDASPUR,I.T.I,Unplanned,Closed,2026-05-11T08:30:00Z,2026-05-11T10:10:00Z,100
1838947,West,MUKATSAR,11 KV GANGA NAGAR ROAD,Unplanned,Closed,2026-05-11T08:30:00Z,2026-05-11T09:05:59Z,35
1838957,Border,GURDASPUR,Gorsiya,Unplanned,Closed,2026-05-11T08:26:00Z,2026-05-11T09:15:00Z,49
1838943,Central,CITY WEST LUDHIANA,BUS STAND,Unplanned,Closed,2026-05-11T08:25:07Z,2026-05-11T08:56:04Z,30
1838950,Border,GURDASPUR,Pangoli,Unplanned,Closed,2026-05-11T08:25:00Z,2026-05-11T16:44:00Z,499
1838942,Central,CITY WEST LUDHIANA,GURU NANAK STREET FEEDER,Unplanned,Closed,2026-05-11T08:25:00Z,2026-05-11T09:01:00Z,36
1838940,North,JALANDHAR,Pandori,Unplanned,Closed,2026-05-11T08:25:00Z,2026-05-11T09:02:00Z,37
1838938,Border,GURDASPUR,Rattangarh,Planned,Closed,2026-05-11T08:23:49Z,2026-05-11T10:19:01Z,115
1838936,Border,GURDASPUR,ARYA NAGAR,Unplanned,Closed,2026-05-11T08:22:00Z,2026-05-11T10:01:00Z,99
1838930,West,MUKATSAR,11 KV SAIDANWALI,Unplanned,Closed,2026-05-11T08:20:49Z,2026-05-11T11:55:14Z,214
1838951,North,JALANDHAR,FATEHGARH,Unplanned,Closed,2026-05-11T08:20:00Z,2026-05-11T08:50:00Z,30
1838946,North,KAPURTHALA,UPS METLA,Unplanned,Closed,2026-05-11T08:15:00Z,2026-05-11T12:01:00Z,226
1838935,North,KAPURTHALA,UPS BHANDAL,Unplanned,Closed,2026-05-11T08:15:00Z,2026-05-11T18:40:00Z,625
1838934,North,KAPURTHALA,UPS HOTHIAN,Unplanned,Closed,2026-05-11T08:15:00Z,2026-05-11T15:30:00Z,435
1838933,North,KAPURTHALA,URBAN DHILWAN,Unplanned,Closed,2026-05-11T08:15:00Z,2026-05-11T09:30:00Z,75
1838931,East,ROPAR,11 KV Kakrala,Unplanned,Closed,2026-05-11T08:15:00Z,2026-05-11T08:43:00Z,28
1838927,West,MUKATSAR,11 KV Sappan wali,Unplanned,Closed,2026-05-11T08:10:50Z,2026-05-11T08:30:09Z,19
1838962,Border,TARN TARAN,24 HRS UPS,Unplanned,Closed,2026-05-11T08:10:25Z,2026-05-11T09:41:29Z,91
1838926,Central,KHANNA,Shastri Nagar,Unplanned,Closed,2026-05-11T08:09:00Z,2026-05-11T08:40:00Z,31
1838956,Border,GURDASPUR,Sathiali 24 hrs.,Unplanned,Closed,2026-05-11T08:02:00Z,2026-05-11T11:27:00Z,205
1838952,Border,GURDASPUR,11 K.V UPS Balwanda,Unplanned,Closed,2026-05-11T08:01:00Z,2026-05-11T10:45:00Z,164
1836238,East,ROPAR,Rangeel Pur,Planned,Closed,2026-05-11T08:00:00Z,2026-05-11T11:50:00Z,230
1836235,East,ROPAR,11KV Mega Star,Planned,Closed,2026-05-11T08:00:00Z,2026-05-11T11:50:00Z,230
1836234,East,ROPAR,Majri Jattan,Planned,Closed,2026-05-11T08:00:00Z,2026-05-11T11:50:00Z,230
1836233,East,ROPAR,Gobind Valley,Planned,Closed,2026-05-11T08:00:00Z,2026-05-11T11:45:00Z,225
1838929,North,KAPURTHALA,Fatehgarh,Unplanned,Closed,2026-05-11T07:50:00Z,2026-05-11T09:05:00Z,75
1838928,North,KAPURTHALA,UPS FEROZESANGOWAL,Unplanned,Closed,2026-05-11T07:50:00Z,2026-05-11T10:15:00Z,145
1838921,West,BATHINDA,CHAK UPS,Unplanned,Closed,2026-05-11T07:50:00Z,2026-05-11T08:15:00Z,25
1838920,East,MOHALI,RATWARA SAHIB,Unplanned,Closed,2026-05-11T07:48:00Z,2026-05-11T09:46:00Z,118
1838919,North,NAWANSHAHR,Achan Chak,Unplanned,Closed,2026-05-11T07:38:00Z,2026-05-11T07:59:00Z,21
1838910,North,KAPURTHALA,UPS Seowal,Unplanned,Closed,2026-05-11T07:37:00Z,2026-05-11T07:52:00Z,15
1838923,South,BARNALA,11 KV UPS KHIALI,Planned,Closed,2026-05-11T07:35:00Z,2026-05-11T08:20:00Z,45
1838922,South,BARNALA,WAZIDKE 24 HRS,Planned,Closed,2026-05-11T07:35:00Z,2026-05-11T08:20:00Z,45
1838911,Border,GURDASPUR,Jafferwal,Unplanned,Closed,2026-05-11T07:35:00Z,2026-05-11T09:15:00Z,100
1838908,Border,GURDASPUR,Pioneer Agro,Unplanned,Closed,2026-05-11T07:35:00Z,2026-05-11T10:13:00Z,158
1838917,North,HOSHIARPUR,LACHOWAL,Unplanned,Closed,2026-05-11T07:33:00Z,2026-05-11T08:45:00Z,72
1838916,North,HOSHIARPUR,BAINS KHURD,Unplanned,Closed,2026-05-11T07:33:00Z,2026-05-11T08:40:00Z,67
1838915,North,HOSHIARPUR,FOCAL POINT,Unplanned,Closed,2026-05-11T07:33:00Z,2026-05-11T09:10:00Z,97
1838914,North,HOSHIARPUR,PURHIRAN URBAN,Unplanned,Closed,2026-05-11T07:33:00Z,2026-05-11T08:30:00Z,57
1838906,North,KAPURTHALA,Gobind Nagar,Unplanned,Closed,2026-05-11T07:29:00Z,2026-05-11T09:05:00Z,96
1838912,South,PATIALA,UPS ROHTA SAHIB,Unplanned,Closed,2026-05-11T07:27:00Z,2026-05-11T08:51:00Z,84
1838903,North,JALANDHAR,11 KV BHAGAT SINGH COLONY,Unplanned,Closed,2026-05-11T07:26:00Z,2026-05-11T07:55:00Z,29
1838937,Central,CITY EAST LUDHIANA,TAJPUR ROAD,Unplanned,Closed,2026-05-11T07:25:00Z,2026-05-11T08:40:00Z,75
1838918,North,JALANDHAR,LOHARAN,Unplanned,Closed,2026-05-11T07:25:00Z,2026-05-11T11:45:00Z,260
1838905,North,HOSHIARPUR,Tanda City,Unplanned,Closed,2026-05-11T07:25:00Z,2026-05-11T08:15:00Z,50
1838902,South,PATIALA,11KV REETHKHERI NEW,Unplanned,Closed,2026-05-11T07:20:00Z,2026-05-11T09:30:25Z,130
1838900,Border,GURDASPUR,Azizpur,Unplanned,Closed,2026-05-11T07:17:00Z,2026-05-11T15:52:00Z,515
1838913,North,JALANDHAR,FATEHGARH,Unplanned,Closed,2026-05-11T07:15:00Z,2026-05-11T08:01:00Z,46
1838901,Border,GURDASPUR,Anandpur Road,Unplanned,Closed,2026-05-11T07:15:00Z,2026-05-11T07:41:00Z,26
1838925,South,SANGRUR,11 KV TAKIPUR AP,Unplanned,Closed,2026-05-11T07:10:25Z,2026-05-11T08:42:00Z,91
1838898,West,FEROZPUR,11 KV Delhi Gate,Unplanned,Closed,2026-05-11T07:09:04Z,2026-05-11T07:55:04Z,46
1838897,West,FEROZPUR,CENTRAL JAIL,Unplanned,Closed,2026-05-11T07:09:04Z,2026-05-11T07:55:04Z,46
1838896,West,FEROZPUR,Dhawan Colony,Unplanned,Closed,2026-05-11T07:09:04Z,2026-05-11T07:55:04Z,46
1838895,West,FEROZPUR,11 NAMDEV CHAUNK URBAN,Unplanned,Closed,2026-05-11T07:09:04Z,2026-05-11T07:55:04Z,46
1838894,West,FEROZPUR,ZILA PARISHAD,Unplanned,Closed,2026-05-11T07:09:04Z,2026-05-11T07:55:04Z,46
1838893,West,FEROZPUR,BAGDADI GATE,Unplanned,Closed,2026-05-11T07:09:04Z,2026-05-11T07:55:04Z,46
1838892,West,FEROZPUR,RAILWAY,Unplanned,Closed,2026-05-11T07:09:04Z,2026-05-11T07:55:04Z,46
1838891,Border,GURDASPUR,MUGRALA,Unplanned,Closed,2026-05-11T07:08:00Z,2026-05-11T10:50:00Z,222
1838939,South,BARNALA,UPS DULMAN,Unplanned,Closed,2026-05-11T07:05:00Z,2026-05-11T09:38:00Z,153
1838904,West,MUKATSAR,Railway Road,Unplanned,Closed,2026-05-11T07:05:00Z,2026-05-11T07:35:00Z,30
1838932,Central,CITY EAST LUDHIANA,Kashmir Nagar,Unplanned,Closed,2026-05-11T07:00:00Z,2026-05-11T08:40:00Z,100
1838899,East,ROPAR,11 KV Khamano,Unplanned,Closed,2026-05-11T07:00:00Z,2026-05-11T08:14:00Z,74
1838909,East,MOHALI,SEC-77,Unplanned,Closed,2026-05-11T06:59:00Z,2026-05-11T08:21:00Z,82
1838890,Border,GURDASPUR,Thireawal UPS feeder,Unplanned,Closed,2026-05-11T06:55:00Z,2026-05-11T10:30:00Z,215
1838907,South,BARNALA,Block Road Cat-1,Unplanned,Closed,2026-05-11T06:50:00Z,2026-05-11T08:30:00Z,100
1838885,North,JALANDHAR,LADHAYWALI,Unplanned,Closed,2026-05-11T06:45:00Z,2026-05-11T07:42:00Z,57
1838884,North,JALANDHAR,ME LAB,Unplanned,Closed,2026-05-11T06:45:00Z,2026-05-11T07:42:00Z,57
1838882,North,HOSHIARPUR,11KV MILK PLANT,Unplanned,Closed,2026-05-11T06:38:00Z,2026-05-11T07:05:00Z,27
1838880,North,KAPURTHALA,UPS Pipli,Unplanned,Closed,2026-05-11T06:37:00Z,2026-05-11T07:46:00Z,69
1838881,North,HOSHIARPUR,DASUYA1,Unplanned,Closed,2026-05-11T06:36:00Z,2026-05-11T07:20:00Z,44
1838883,West,MUKATSAR,11 KV SARDARPURA UPS,Unplanned,Closed,2026-05-11T06:30:00Z,2026-05-11T07:05:00Z,35
1838875,South,BARNALA,DHAULA Cat-1,Unplanned,Closed,2026-05-11T06:30:00Z,2026-05-11T07:55:00Z,85
1838872,Border,CITY AMRITSAR,New Amritsar,Unplanned,Closed,2026-05-11T06:28:00Z,2026-05-11T07:22:00Z,54
1838869,North,KAPURTHALA,KARTARPUR ROAD URBAN,Unplanned,Closed,2026-05-11T06:19:00Z,2026-05-11T07:12:00Z,53
1838870,West,MUKATSAR,11 KV Punjava Model,Unplanned,Closed,2026-05-11T06:18:00Z,2026-05-11T06:57:00Z,39
1838879,Border,GURDASPUR,11kv UPS Khoje wal,Unplanned,Closed,2026-05-11T06:13:00Z,2026-05-11T08:13:00Z,120
1838878,Border,GURDASPUR,Bauli Inderjit,Unplanned,Closed,2026-05-11T06:12:00Z,2026-05-11T12:05:00Z,353
1838877,Border,GURDASPUR,Malave de Kothi,Unplanned,Closed,2026-05-11T06:12:00Z,2026-05-11T09:20:00Z,188
1838876,Border,GURDASPUR,24 hrs chahal kalan,Unplanned,Closed,2026-05-11T06:10:00Z,2026-05-11T11:55:00Z,345
1838868,West,FARIDKOT,SARAWAN URBAN,Unplanned,Closed,2026-05-11T06:03:00Z,2026-05-11T07:25:30Z,82
1838863,East,Zirakpur,11KV  SUSHMA,Unplanned,Closed,2026-05-11T06:03:00Z,2026-05-11T07:18:00Z,75
1838887,Border,GURDASPUR,Saidipur,Unplanned,Closed,2026-05-11T06:00:00Z,2026-05-11T08:04:00Z,124
1838864,South,BARNALA,CAT1-CHANNANWAL,Unplanned,Closed,2026-05-11T06:00:00Z,2026-05-11T09:00:00Z,180
1838858,West,FEROZPUR,DANA MANDI,Unplanned,Closed,2026-05-11T06:00:00Z,2026-05-11T08:25:00Z,145
1838874,West,FARIDKOT,11 KV MUDKI ROAD CAT-02,Unplanned,Closed,2026-05-11T05:57:00Z,2026-05-11T12:50:00Z,413
1838862,Central,KHANNA,Kishangarh,Unplanned,Closed,2026-05-11T05:55:00Z,2026-05-11T06:25:00Z,30
1838866,East,MOHALI,Sec 56,Unplanned,Closed,2026-05-11T05:52:00Z,2026-05-11T06:13:19Z,21
1838861,West,MUKATSAR,11 KV Sappan wali,Unplanned,Closed,2026-05-11T05:52:00Z,2026-05-11T07:19:00Z,87
1838860,West,MUKATSAR,DALMIR KHERA,Unplanned,Closed,2026-05-11T05:52:00Z,2026-05-11T07:18:00Z,86
1838859,West,MUKATSAR,DAULATPURA UPS,Unplanned,Closed,2026-05-11T05:51:00Z,2026-05-11T08:07:00Z,136
1838857,Central,CITY WEST LUDHIANA,Dandi Swami,Unplanned,Closed,2026-05-11T05:50:00Z,2026-05-11T06:49:12Z,59
1838888,Border,GURDASPUR,24Hrs MALO GILL,Unplanned,Closed,2026-05-11T05:46:00Z,2026-05-11T09:25:00Z,219
1838886,Border,GURDASPUR,24Hrs MIR KACHANA,Unplanned,Closed,2026-05-11T05:45:00Z,2026-05-11T06:56:00Z,71
1838855,Border,GURDASPUR,Mata Sulakhni Ji,Planned,Closed,2026-05-11T05:42:00Z,2026-05-11T06:10:00Z,28
1838856,South,PATIALA,11 KV RASULPUR,Unplanned,Closed,2026-05-11T05:40:00Z,2026-05-11T10:05:29Z,265
1838854,South,PATIALA,SALARIA VIHAR,Unplanned,Closed,2026-05-11T05:38:00Z,2026-05-11T06:28:55Z,50
1838848,Border,GURDASPUR,11 KV Said Mubarak,Unplanned,Closed,2026-05-11T05:34:46Z,2026-05-11T07:18:01Z,103
1838873,Border,SUB URBAN AMRITSAR,City 1,Unplanned,Closed,2026-05-11T05:30:00Z,2026-05-11T06:45:00Z,75
1838853,West,FARIDKOT,Jiwanwala,Unplanned,Closed,2026-05-11T05:30:00Z,2026-05-11T07:07:18Z,97
1838847,South,PATIALA,Thuhi Road,Unplanned,Closed,2026-05-11T05:25:00Z,2026-05-11T08:00:00Z,155
1838845,Border,GURDASPUR,Model Town,Unplanned,Closed,2026-05-11T05:25:00Z,2026-05-11T06:30:00Z,65
1838852,West,FARIDKOT,chaina,Unplanned,Closed,2026-05-11T05:23:28Z,2026-05-11T06:54:21Z,90
1838841,Border,GURDASPUR,Sunder Nagar,Unplanned,Closed,2026-05-11T05:23:00Z,2026-05-11T06:30:00Z,67
1838833,East,MOHALI,11 KV Kansal,Unplanned,Closed,2026-05-11T05:16:00Z,2026-05-11T05:46:42Z,30
1838832,North,JALANDHAR,CHURCH,Unplanned,Closed,2026-05-11T05:10:00Z,2026-05-11T05:25:00Z,15
1838865,East,MOHALI,11KV DHARAMGARH UPS,Unplanned,Closed,2026-05-11T05:05:00Z,2026-05-11T06:45:00Z,100
1838844,East,Zirakpur,LALRU RURAL  Kandi Pure AP,Unplanned,Closed,2026-05-11T05:00:00Z,2026-05-11T06:55:00Z,115
1838843,East,Zirakpur,Jalalpur Kandi Pure AP,Unplanned,Closed,2026-05-11T05:00:00Z,2026-05-11T06:55:00Z,115
1838823,North,HOSHIARPUR,HARKOWAL,Unplanned,Closed,2026-05-11T05:00:00Z,2026-05-11T07:00:00Z,120
1838821,North,HOSHIARPUR,MUKHLANA,Unplanned,Closed,2026-05-11T05:00:00Z,2026-05-11T08:40:00Z,220
1838820,North,HOSHIARPUR,Tajowal,Unplanned,Closed,2026-05-11T05:00:00Z,2026-05-11T08:45:00Z,225
1838818,North,HOSHIARPUR,MANA,Unplanned,Closed,2026-05-11T05:00:00Z,2026-05-11T08:30:00Z,210
1838814,Central,CITY WEST LUDHIANA,KUNDAN WOOD,Unplanned,Closed,2026-05-11T05:00:00Z,2026-05-11T05:50:00Z,50
1838810,North,KAPURTHALA,Gobind Nagar,Unplanned,Closed,2026-05-11T04:56:00Z,2026-05-11T06:34:00Z,98
1838808,North,KAPURTHALA,URBAN Malsian,Unplanned,Closed,2026-05-11T04:56:00Z,2026-05-11T05:11:00Z,15
1838842,East,Zirakpur,Jastna Kandi Pure AP,Unplanned,Closed,2026-05-11T04:55:00Z,2026-05-11T06:50:00Z,115
1838840,East,Zirakpur,Sarsini Kandi Pure AP,Unplanned,Closed,2026-05-11T04:55:00Z,2026-05-11T07:10:00Z,135
1838839,East,Zirakpur,11 KV NAGLA KANDI PURE AP,Unplanned,Closed,2026-05-11T04:55:00Z,2026-05-11T06:30:00Z,95
1838838,East,Zirakpur,KHELAN,Unplanned,Closed,2026-05-11T04:55:00Z,2026-05-11T06:25:00Z,90
1838837,East,Zirakpur,11KV MAHLAN,Unplanned,Closed,2026-05-11T04:55:00Z,2026-05-11T06:25:00Z,90
1838836,East,Zirakpur,RANI MAJRA,Unplanned,Closed,2026-05-11T04:55:00Z,2026-05-11T06:35:00Z,100
1838816,Border,GURDASPUR,dakoha,Unplanned,Closed,2026-05-11T04:52:00Z,2026-05-11T05:00:00Z,8
1838815,Border,GURDASPUR,RAILWAY ROAD CAT-1,Unplanned,Closed,2026-05-11T04:52:00Z,2026-05-11T10:50:00Z,358
1838824,South,PATIALA,SYL,Unplanned,Closed,2026-05-11T04:50:00Z,2026-05-11T07:20:00Z,150
1838809,North,HOSHIARPUR,66 KV SUGAR MILL BHOGPUR,Unplanned,Closed,2026-05-11T04:50:00Z,2026-05-11T08:45:00Z,235
1838834,East,Zirakpur,HARI PUR HINDUAN,Unplanned,Closed,2026-05-11T04:48:00Z,2026-05-11T06:42:00Z,114
1838803,East,MOHALI,BOOTA SINGH WALA,Unplanned,Closed,2026-05-11T04:48:00Z,2026-05-11T10:00:19Z,312
1838802,East,MOHALI,HULKA,Unplanned,Closed,2026-05-11T04:48:00Z,2026-05-11T10:00:29Z,312
1838800,East,MOHALI,DERRI AP,Unplanned,Closed,2026-05-11T04:48:00Z,2026-05-11T08:52:00Z,244
1838835,East,Zirakpur,HAIBAT PUR RURAL,Unplanned,Closed,2026-05-11T04:45:00Z,2026-05-11T06:31:00Z,106
1838825,East,Zirakpur,JHARMARI,Unplanned,Closed,2026-05-11T04:45:00Z,2026-05-11T06:55:00Z,130
1838804,East,Zirakpur,MOHAN MEAKIN,Unplanned,Closed,2026-05-11T04:42:00Z,2026-05-11T07:10:00Z,148
1838801,East,Zirakpur,Bauli Sahib,Unplanned,Closed,2026-05-11T04:40:00Z,2026-05-11T06:50:00Z,130
1838795,East,MOHALI,MOTEMAJRA UPS,Unplanned,Closed,2026-05-11T04:40:00Z,2026-05-11T06:00:00Z,80
1838799,East,Zirakpur,VATIKA,Unplanned,Closed,2026-05-11T04:37:00Z,2026-05-11T07:00:00Z,143
1838829,East,ROPAR,11 KV City-2,Unplanned,Closed,2026-05-11T04:35:58Z,2026-05-11T06:20:58Z,105
1838828,East,ROPAR,11 KV Shamgarh,Unplanned,Closed,2026-05-11T04:35:58Z,2026-05-11T06:20:58Z,105
1838827,East,ROPAR,11 KV Diwala,Unplanned,Closed,2026-05-11T04:35:58Z,2026-05-11T06:20:58Z,105
1838798,East,Zirakpur,JAI MULTI ENNG.,Unplanned,Closed,2026-05-11T04:35:00Z,2026-05-11T06:32:00Z,117
1838797,South,BARNALA,KC Road,Unplanned,Closed,2026-05-11T04:35:00Z,2026-05-11T07:25:00Z,170
1838796,West,BATHINDA,BHAGI VANDER,Unplanned,Closed,2026-05-11T04:33:00Z,2026-05-11T09:00:00Z,267
1838783,North,JALANDHAR,VIVEKANAND,Unplanned,Closed,2026-05-11T04:33:00Z,2026-05-11T05:53:00Z,80
1838785,East,ROPAR,11KV CGC JHANJHERI,Unplanned,Closed,2026-05-11T04:30:00Z,2026-05-11T07:25:00Z,175
1838813,Border,GURDASPUR,Cheema Khuddi,Unplanned,Closed,2026-05-11T04:27:00Z,2026-05-11T11:52:00Z,445
1838812,Border,GURDASPUR,Rampur Talwara,Unplanned,Closed,2026-05-11T04:27:00Z,2026-05-11T09:01:00Z,274
1838811,Border,GURDASPUR,Sri Hargobindpur,Unplanned,Closed,2026-05-11T04:27:00Z,2026-05-11T08:09:00Z,222
1838770,North,KAPURTHALA,UPS SHAHPUR,Unplanned,Closed,2026-05-11T04:27:00Z,2026-05-11T07:35:00Z,188
1838779,South,PATIALA,SOGALPUR UPS,Unplanned,Closed,2026-05-11T04:25:09Z,2026-05-11T08:10:57Z,225
1838793,South,PATIALA,SURAJPUR CAT. 1,Unplanned,Closed,2026-05-11T04:25:00Z,2026-05-11T11:05:00Z,400
1838778,North,JALANDHAR,SEMI,Unplanned,Closed,2026-05-11T04:25:00Z,2026-05-11T05:45:00Z,80
1838772,North,KAPURTHALA,UPS PITHORAL,Unplanned,Closed,2026-05-11T04:25:00Z,2026-05-11T06:15:00Z,110
1838775,North,KAPURTHALA,UGGI UPS,Unplanned,Closed,2026-05-11T04:24:00Z,2026-05-11T06:31:00Z,127
1838767,North,KAPURTHALA,Bhagwanpur,Unplanned,Closed,2026-05-11T04:24:00Z,2026-05-11T07:50:00Z,206
1838782,East,ROPAR,SUGARMILL,Unplanned,Closed,2026-05-11T04:20:00Z,2026-05-11T05:35:00Z,75
1838773,Border,GURDASPUR,Babbri Nangal,Unplanned,Closed,2026-05-11T04:20:00Z,2026-05-11T08:30:00Z,250
1838771,Border,GURDASPUR,New Batala Road,Unplanned,Closed,2026-05-11T04:20:00Z,2026-05-11T07:30:00Z,190
1838788,East,ROPAR,Kubaheri,Unplanned,Closed,2026-05-11T04:18:00Z,2026-05-11T06:30:00Z,132
1838826,East,ROPAR,SHIVJOT,Unplanned,Closed,2026-05-11T04:15:00Z,2026-05-11T06:07:00Z,112
1840125,North,JALANDHAR,MODEL HOUSE,Unplanned,Closed,2026-05-11T04:13:35Z,2026-05-11T06:03:48Z,110
1840124,North,JALANDHAR,MODEL HOUSE,Unplanned,Closed,2026-05-11T04:12:07Z,2026-05-11T04:19:30Z,7
1838830,South,PATIALA,UPS TEPLA,Unplanned,Closed,2026-05-11T04:10:00Z,2026-05-11T08:05:00Z,235
1838805,East,Zirakpur,AMBCHAHPA INDUSTRY FEEDER,Unplanned,Closed,2026-05-11T04:10:00Z,2026-05-11T05:52:00Z,102
1838736,North,KAPURTHALA,UPS Seowal,Unplanned,Closed,2026-05-11T04:10:00Z,2026-05-11T07:28:00Z,198
1838871,West,FARIDKOT,11 KV ALAMWALA-UPS,Unplanned,Closed,2026-05-11T04:07:00Z,2026-05-11T08:30:00Z,263
1838831,South,PATIALA,SARHIND ROAD,Unplanned,Closed,2026-05-11T04:06:00Z,2026-05-11T05:42:00Z,96
1838737,West,MUKATSAR,Bikaneri Road,Unplanned,Closed,2026-05-11T04:06:00Z,2026-05-11T06:10:31Z,124
1838741,West,MUKATSAR,Malout Road,Unplanned,Closed,2026-05-11T04:05:00Z,2026-05-11T10:47:35Z,402
1838727,East,MOHALI,Sec-61c,Unplanned,Closed,2026-05-11T04:04:00Z,2026-05-11T06:33:57Z,149
1838732,South,PATIALA,SALARIA VIHAR,Unplanned,Closed,2026-05-11T04:01:09Z,2026-05-11T05:05:43Z,64
1838735,North,KAPURTHALA,UPS Karhal Kalaan,Unplanned,Closed,2026-05-11T04:00:00Z,2026-05-11T05:50:00Z,110
1838734,North,KAPURTHALA,UPS Rawal,Unplanned,Closed,2026-05-11T04:00:00Z,2026-05-11T05:50:00Z,110
1838725,East,MOHALI,60-A,Unplanned,Closed,2026-05-11T04:00:00Z,2026-05-11T04:21:00Z,21
1838718,East,MOHALI,11 KV Sec-60 C,Unplanned,Closed,2026-05-11T04:00:00Z,2026-05-11T06:35:00Z,155
1838701,East,Zirakpur,Bhudda Sahib,Unplanned,Closed,2026-05-11T03:57:00Z,2026-05-11T05:06:00Z,69
1838721,East,MOHALI,11KV MK TECHNOLOGY,Unplanned,Closed,2026-05-11T03:55:00Z,2026-05-11T04:25:00Z,30
1838750,Border,GURDASPUR,Ujjagar Nagar,Unplanned,Closed,2026-05-11T03:50:00Z,2026-05-11T08:30:00Z,280
1838733,East,ROPAR,AKALGARH,Unplanned,Closed,2026-05-11T03:50:00Z,2026-05-11T05:54:00Z,124
1838711,North,KAPURTHALA,Fateh Jalal,Unplanned,Closed,2026-05-11T03:50:00Z,2026-05-11T06:52:00Z,182
1838710,South,PATIALA,11 KV UPS-2 ?azror Feeder,Unplanned,Closed,2026-05-11T03:50:00Z,2026-05-11T04:25:15Z,35
1838709,South,PATIALA,11 KV UPS 1,Unplanned,Closed,2026-05-11T03:50:00Z,2026-05-11T04:40:04Z,50
1838708,North,KAPURTHALA,UPS Ambgarh,Unplanned,Closed,2026-05-11T03:50:00Z,2026-05-11T07:00:00Z,190
1838706,North,KAPURTHALA,UPS Kahlwan,Unplanned,Closed,2026-05-11T03:50:00Z,2026-05-11T07:07:00Z,197
1838705,North,KAPURTHALA,URBAN Sura Nussi,Unplanned,Closed,2026-05-11T03:50:00Z,2026-05-11T06:29:00Z,159
1838696,Border,TARN TARAN,KALAH UPS,Unplanned,Closed,2026-05-11T03:50:00Z,2026-05-11T06:45:00Z,175
1838695,Central,SUB URBAN LUDHIANA,city-2,Unplanned,Closed,2026-05-11T03:50:00Z,2026-05-11T04:55:00Z,65
1838730,East,ROPAR,UPS2,Unplanned,Closed,2026-05-11T03:49:00Z,2026-05-11T05:37:00Z,108
1838694,East,Zirakpur,BEGAMPURA,Unplanned,Closed,2026-05-11T03:49:00Z,2026-05-11T05:30:00Z,101
1838690,East,Zirakpur,11 kv adda jhungia cat-1,Unplanned,Closed,2026-05-11T03:48:00Z,2026-05-11T04:28:00Z,40
1838692,East,Zirakpur,11 kv malwa,Unplanned,Closed,2026-05-11T03:45:00Z,2026-05-11T04:56:00Z,71
1838688,East,Zirakpur,Jaskaran,Unplanned,Closed,2026-05-11T03:45:00Z,2026-05-11T06:42:00Z,177
1838685,East,MOHALI,Kasauli,Unplanned,Closed,2026-05-11T03:43:00Z,2026-05-11T05:15:00Z,92
1838747,East,ROPAR,Barsalpur,Unplanned,Closed,2026-05-11T03:40:00Z,2026-05-11T07:30:00Z,230
1838745,East,ROPAR,Mianpur,Unplanned,Closed,2026-05-11T03:40:00Z,2026-05-11T06:30:00Z,170
1838744,East,ROPAR,Mirzapur,Unplanned,Closed,2026-05-11T03:40:00Z,2026-05-11T07:34:00Z,234
1838678,East,MOHALI,11 kv sec 54A,Unplanned,Closed,2026-05-11T03:40:00Z,2026-05-11T05:16:02Z,96
1838677,East,MOHALI,Jandpur Water Works,Unplanned,Closed,2026-05-11T03:40:00Z,2026-05-11T05:16:08Z,96
1838670,Central,KHANNA,JASARA,Unplanned,Closed,2026-05-11T03:38:00Z,2026-05-11T04:53:00Z,75
1838664,North,JALANDHAR,SATYAM,Unplanned,Closed,2026-05-11T03:36:00Z,2026-05-11T04:36:00Z,60
1838684,East,MOHALI,11 KV Gura,Unplanned,Closed,2026-05-11T03:35:00Z,2026-05-11T05:11:00Z,96
1838683,East,MOHALI,11 KV Masol,Unplanned,Closed,2026-05-11T03:35:00Z,2026-05-11T05:55:00Z,140
1838682,East,MOHALI,11 KV SUKHNA ENCLAVE,Unplanned,Closed,2026-05-11T03:35:00Z,2026-05-11T05:20:00Z,105
1838807,South,BARNALA,Model Town,Unplanned,Closed,2026-05-11T03:30:00Z,2026-05-11T05:06:00Z,96
1838806,South,BARNALA,MOTI BAZAR,Unplanned,Closed,2026-05-11T03:30:00Z,2026-05-11T05:35:00Z,125
1838675,West,MUKATSAR,DISPOSAL PARK,Unplanned,Closed,2026-05-11T03:30:00Z,2026-05-11T05:50:00Z,140
1838666,Border,TARN TARAN,SARHALI KHURD UPS,Unplanned,Closed,2026-05-11T03:30:00Z,2026-05-11T07:10:00Z,220
1838676,East,MOHALI,Sec 56,Unplanned,Closed,2026-05-11T03:29:00Z,2026-05-11T04:35:00Z,66
1838680,East,MOHALI,Sec 53,Unplanned,Closed,2026-05-11T03:28:00Z,2026-05-11T04:40:00Z,72
1838674,East,MOHALI,39 west,Unplanned,Closed,2026-05-11T03:28:00Z,2026-05-11T04:01:46Z,33
1838667,South,SANGRUR,11KV UPS DHARMGARH,Unplanned,Closed,2026-05-11T03:28:00Z,2026-05-11T06:10:00Z,162
1838672,East,MOHALI,11 KV Govt. Press,Unplanned,Closed,2026-05-11T03:25:00Z,2026-05-11T04:29:50Z,64
1838662,Central,SUB URBAN LUDHIANA,Bhikhi UPS,Unplanned,Closed,2026-05-11T03:25:00Z,2026-05-11T04:35:00Z,70
1838669,Central,SUB URBAN LUDHIANA,CITY NO 07,Unplanned,Closed,2026-05-11T03:21:00Z,2026-05-11T04:25:00Z,64
1838653,South,PATIALA,rajpura road,Unplanned,Closed,2026-05-11T03:20:00Z,2026-05-11T04:10:34Z,50
1838663,North,KAPURTHALA,URBAN MOHABAT NAGAR,Unplanned,Closed,2026-05-11T03:18:00Z,2026-05-11T04:15:00Z,57
1838644,North,KAPURTHALA,Kotu Chownk,Unplanned,Closed,2026-05-11T03:18:00Z,2026-05-11T03:25:00Z,7
1838636,Central,CITY WEST LUDHIANA,B.V.M.,Unplanned,Closed,2026-05-11T03:17:20Z,2026-05-11T07:30:35Z,253
1838740,East,ROPAR,Barodi,Unplanned,Closed,2026-05-11T03:15:00Z,2026-05-11T05:30:00Z,135
1838739,East,ROPAR,Khijrabad Kandi,Unplanned,Closed,2026-05-11T03:15:00Z,2026-05-11T07:11:00Z,236
1838738,East,ROPAR,Chandpur,Unplanned,Closed,2026-05-11T03:15:00Z,2026-05-11T07:11:00Z,236
1838717,East,MOHALI,Sec 70-c,Unplanned,Closed,2026-05-11T03:15:00Z,2026-05-11T05:11:00Z,116
1838765,Border,GURDASPUR,Aujla,Unplanned,Closed,2026-05-11T03:14:00Z,2026-05-11T06:40:00Z,206
1838764,Border,GURDASPUR,Baba Tehal Singh,Unplanned,Closed,2026-05-11T03:14:00Z,2026-05-11T05:52:00Z,158
1838763,Border,GURDASPUR,SD Collage,Unplanned,Closed,2026-05-11T03:14:00Z,2026-05-11T08:30:00Z,316
1838762,Border,GURDASPUR,Goal Mandir,Unplanned,Closed,2026-05-11T03:14:00Z,2026-05-11T05:51:00Z,157
1838728,Border,GURDASPUR,Rajoa,Unplanned,Closed,2026-05-11T03:10:00Z,2026-05-11T10:01:00Z,411
1838722,Border,GURDASPUR,Dogar Mahesh,Unplanned,Closed,2026-05-11T03:10:00Z,2026-05-11T10:01:00Z,411
1838679,North,KAPURTHALA,UPS Sohal Khurd,Unplanned,Closed,2026-05-11T03:10:00Z,2026-05-11T06:20:00Z,190
1838639,Border,GURDASPUR,City,Unplanned,Closed,2026-05-11T03:10:00Z,2026-05-11T07:30:00Z,260
1838622,Central,KHANNA,Chani,Unplanned,Closed,2026-05-11T03:10:00Z,2026-05-11T03:38:00Z,28
1838621,Central,KHANNA,Chopra(Naraian),Unplanned,Closed,2026-05-11T03:10:00Z,2026-05-11T03:30:00Z,20
1838618,Central,KHANNA,Shastri Nagar,Unplanned,Closed,2026-05-11T03:10:00Z,2026-05-11T03:30:00Z,20
1838617,Central,KHANNA,Labour Colony,Unplanned,Closed,2026-05-11T03:10:00Z,2026-05-11T03:30:00Z,20
1838614,South,SANGRUR,11KV KHERU ROAD CAT2,Unplanned,Closed,2026-05-11T03:09:00Z,2026-05-11T04:42:00Z,93
1838651,North,JALANDHAR,11KV S A S NAGAR,Unplanned,Closed,2026-05-11T03:07:00Z,2026-05-11T05:38:00Z,151
1838665,Border,TARN TARAN,UPS SARHALI MAND,Unplanned,Closed,2026-05-11T03:06:00Z,2026-05-11T07:40:00Z,274
1838628,West,MUKATSAR,11 KV KANDHWALA UPS,Unplanned,Closed,2026-05-11T03:05:00Z,2026-05-11T06:20:00Z,195
1838715,East,MOHALI,Sec-53A,Unplanned,Closed,2026-05-11T03:02:00Z,2026-05-11T04:25:00Z,83
1838689,East,MOHALI,11 KV MOTOR MARKET,Unplanned,Closed,2026-05-11T03:02:00Z,2026-05-11T06:44:00Z,222
1838637,East,MOHALI,Sector-77B,Unplanned,Closed,2026-05-11T03:02:00Z,2026-05-11T03:48:00Z,46
1838630,East,MOHALI,Sector-79B,Unplanned,Closed,2026-05-11T03:02:00Z,2026-05-11T03:48:00Z,46
1838626,East,MOHALI,Sector-113,Unplanned,Closed,2026-05-11T03:02:00Z,2026-05-11T04:00:00Z,58
1838623,East,MOHALI,Sec-61c,Unplanned,Closed,2026-05-11T03:02:00Z,2026-05-11T03:44:00Z,42
1838619,East,MOHALI,60-A,Unplanned,Closed,2026-05-11T03:02:00Z,2026-05-11T03:40:00Z,38
1838616,East,MOHALI,11 KV Sec-60 C,Unplanned,Closed,2026-05-11T03:02:00Z,2026-05-11T03:45:00Z,43
1838612,East,Zirakpur,BALTANA,Unplanned,Closed,2026-05-11T03:02:00Z,2026-05-11T03:45:00Z,43
1838610,East,Zirakpur,KALKA ROAD,Unplanned,Closed,2026-05-11T03:02:00Z,2026-05-11T03:04:00Z,2
1838608,East,Zirakpur,SUKHNA,Unplanned,Closed,2026-05-11T03:02:00Z,2026-05-11T03:48:00Z,46
1838606,East,Zirakpur,PUNJAB,Unplanned,Closed,2026-05-11T03:02:00Z,2026-05-11T03:48:00Z,46
1838604,East,Zirakpur,BEGAMPURA,Unplanned,Closed,2026-05-11T03:02:00Z,2026-05-11T03:48:00Z,46
1838603,East,Zirakpur,RAIL VIHAR,Unplanned,Closed,2026-05-11T03:02:00Z,2026-05-11T03:44:00Z,42
1838601,East,Zirakpur,Bhudda Sahib,Unplanned,Closed,2026-05-11T03:02:00Z,2026-05-11T03:48:00Z,46
1838599,East,Zirakpur,Sukhmani Sahib,Unplanned,Closed,2026-05-11T03:02:00Z,2026-05-11T03:44:00Z,42
1838597,East,Zirakpur,SIMRAN,Unplanned,Closed,2026-05-11T03:02:00Z,2026-05-11T03:48:00Z,46
1838596,East,Zirakpur,KHANNA,Unplanned,Closed,2026-05-11T03:02:00Z,2026-05-11T03:45:00Z,43
1838595,East,Zirakpur,PRITHIM,Unplanned,Closed,2026-05-11T03:02:00Z,2026-05-11T03:48:00Z,46
1838594,East,Zirakpur,PEER MUCHHALA,Unplanned,Closed,2026-05-11T03:02:00Z,2026-05-11T03:45:00Z,43
1838593,East,Zirakpur,CITY COURT,Unplanned,Closed,2026-05-11T03:02:00Z,2026-05-11T03:45:00Z,43
1838592,East,Zirakpur,ESCON ERENA,Unplanned,Closed,2026-05-11T03:02:00Z,2026-05-11T03:45:00Z,43
1838591,East,Zirakpur,DHILLON,Unplanned,Closed,2026-05-11T03:02:00Z,2026-05-11T03:48:00Z,46
1838590,East,Zirakpur,SAVITRY GREEN 2,Unplanned,Closed,2026-05-11T03:02:00Z,2026-05-11T03:45:00Z,43
1838588,East,Zirakpur,11KV  SUSHMA,Unplanned,Closed,2026-05-11T03:02:00Z,2026-05-11T03:45:00Z,43
1838587,East,Zirakpur,TRY CITY,Unplanned,Closed,2026-05-11T03:02:00Z,2026-05-11T03:45:00Z,43
1838586,East,Zirakpur,REGLIYA,Unplanned,Closed,2026-05-11T03:02:00Z,2026-05-11T03:45:00Z,43
1838584,East,Zirakpur,DHAKOLI,Unplanned,Closed,2026-05-11T03:02:00Z,2026-05-11T03:45:00Z,43
1838583,East,Zirakpur,SANULI,Unplanned,Closed,2026-05-11T03:02:00Z,2026-05-11T03:45:00Z,43
1838580,East,Zirakpur,HARMILAP NAGAR,Unplanned,Closed,2026-05-11T03:02:00Z,2026-05-11T03:45:00Z,43
1838551,West,MUKATSAR,Lakhewali(Urban),Unplanned,Closed,2026-05-11T03:02:00Z,2026-05-11T10:08:00Z,426
1838549,North,KAPURTHALA,UPS Pipli,Unplanned,Closed,2026-05-11T03:02:00Z,2026-05-11T06:28:00Z,206
1838624,East,Zirakpur,HLP,Unplanned,Closed,2026-05-11T03:01:00Z,2026-05-11T06:58:00Z,237
1838546,Central,CITY WEST LUDHIANA,DANA MANDI,Unplanned,Closed,2026-05-11T03:00:48Z,2026-05-11T04:25:26Z,84
1838544,Central,CITY WEST LUDHIANA,A-BLOCK,Unplanned,Closed,2026-05-11T03:00:40Z,2026-05-11T04:40:34Z,99
1838668,South,BARNALA,UPS-1,Unplanned,Closed,2026-05-11T03:00:00Z,2026-05-11T07:10:00Z,250
1838642,East,MOHALI,NAYA GAON,Unplanned,Closed,2026-05-11T03:00:00Z,2026-05-11T03:40:00Z,40
1838641,North,KAPURTHALA,UPS KAMALPUR,Unplanned,Closed,2026-05-11T03:00:00Z,2026-05-11T06:00:00Z,180
1838640,East,ROPAR,ARCHIAN FOODS,Unplanned,Closed,2026-05-11T03:00:00Z,2026-05-11T03:40:00Z,40
1838632,East,ROPAR,KAKRALI,Unplanned,Closed,2026-05-11T03:00:00Z,2026-05-11T03:40:00Z,40
1838627,East,ROPAR,PADIALA,Unplanned,Closed,2026-05-11T03:00:00Z,2026-05-11T03:40:00Z,40
1838613,East,ROPAR,KHANPUR,Unplanned,Closed,2026-05-11T03:00:00Z,2026-05-11T04:00:00Z,60
1838607,East,ROPAR,ANAJ MANDI,Unplanned,Closed,2026-05-11T03:00:00Z,2026-05-11T04:00:00Z,60
1838605,East,ROPAR,CITY,Unplanned,Closed,2026-05-11T03:00:00Z,2026-05-11T03:37:00Z,37
1838602,East,Zirakpur,SACHKHAND SAHIB,Unplanned,Closed,2026-05-11T03:00:00Z,2026-05-11T03:45:00Z,45
1838600,East,ROPAR,Ambika Devi,Unplanned,Closed,2026-05-11T03:00:00Z,2026-05-11T04:00:00Z,60
1838598,East,Zirakpur,PATIALA ROAD,Unplanned,Closed,2026-05-11T03:00:00Z,2026-05-11T03:44:00Z,44
1838589,East,ROPAR,UPS BHAGOMAJRA,Unplanned,Closed,2026-05-11T03:00:00Z,2026-05-11T04:00:00Z,60
1838585,East,ROPAR,Sehauran,Unplanned,Closed,2026-05-11T03:00:00Z,2026-05-11T04:00:00Z,60
1838582,East,Zirakpur,NABHA SAHIB,Unplanned,Closed,2026-05-11T03:00:00Z,2026-05-11T03:44:00Z,44
1838581,East,ROPAR,CHATAULI,Unplanned,Closed,2026-05-11T03:00:00Z,2026-05-11T03:40:00Z,40
1838579,East,ROPAR,CITY KHARAR,Unplanned,Closed,2026-05-11T03:00:00Z,2026-05-11T04:00:00Z,60
1838578,East,Zirakpur,ECME,Unplanned,Closed,2026-05-11T03:00:00Z,2026-05-11T03:44:00Z,44
1838577,East,Zirakpur,PEER BABA ROAD,Unplanned,Closed,2026-05-11T03:00:00Z,2026-05-11T03:44:00Z,44
1838576,East,Zirakpur,11 KV AMBALA ROAD,Unplanned,Closed,2026-05-11T03:00:00Z,2026-05-11T03:44:00Z,44
1838575,East,Zirakpur,SAVITRYGREEN,Unplanned,Closed,2026-05-11T03:00:00Z,2026-05-11T03:44:00Z,44
1838574,East,Zirakpur,SILVERCITY,Unplanned,Closed,2026-05-11T03:00:00Z,2026-05-11T03:44:00Z,44
1838573,East,Zirakpur,RANBAXY,Unplanned,Closed,2026-05-11T03:00:00Z,2026-05-11T03:44:00Z,44
1838572,East,Zirakpur,11 kv Japuria Feeder,Unplanned,Closed,2026-05-11T03:00:00Z,2026-05-11T03:44:00Z,44
1838570,East,Zirakpur,Jaskaran,Unplanned,Closed,2026-05-11T03:00:00Z,2026-05-11T03:44:00Z,44
1838569,East,ROPAR,CHANDIGARH NORTH,Unplanned,Closed,2026-05-11T03:00:00Z,2026-05-11T03:40:00Z,40
1838568,East,Zirakpur,ROYAL ESTATE,Unplanned,Closed,2026-05-11T03:00:00Z,2026-05-11T03:44:00Z,44
1838567,East,Zirakpur,ORBIT,Unplanned,Closed,2026-05-11T03:00:00Z,2026-05-11T03:44:00Z,44
1838565,East,Zirakpur,ASSTHA,Unplanned,Closed,2026-05-11T03:00:00Z,2026-05-11T03:44:00Z,44
1838564,East,Zirakpur,ZIRAKPUR-2,Unplanned,Closed,2026-05-11T03:00:00Z,2026-05-11T03:44:00Z,44
1838563,East,Zirakpur,ZIRAKPUR-1,Unplanned,Closed,2026-05-11T03:00:00Z,2026-05-11T03:44:00Z,44
1838562,East,ROPAR,Ranjit Nagar,Unplanned,Closed,2026-05-11T03:00:00Z,2026-05-11T04:00:00Z,60
1838560,East,ROPAR,UPS2,Unplanned,Closed,2026-05-11T03:00:00Z,2026-05-11T03:40:00Z,40
1838558,East,ROPAR,RORA,Unplanned,Closed,2026-05-11T03:00:00Z,2026-05-11T04:00:00Z,60
1838545,North,KAPURTHALA,AJIT NAGAR,Unplanned,Closed,2026-05-11T03:00:00Z,2026-05-11T03:40:00Z,40
1838660,Border,GURDASPUR,11 KV Chone UPS,Unplanned,Closed,2026-05-11T02:59:00Z,2026-05-11T10:13:00Z,434
1838687,East,MOHALI,INDUSTRIAL-II,Unplanned,Closed,2026-05-11T02:58:00Z,2026-05-11T06:30:00Z,212
1838659,Border,GURDASPUR,Paroshah,Unplanned,Closed,2026-05-11T02:58:00Z,2026-05-11T10:13:00Z,435
1838645,East,MOHALI,scada-1,Unplanned,Closed,2026-05-11T02:58:00Z,2026-05-11T04:42:42Z,104
1838540,East,Zirakpur,SINGHPURA,Unplanned,Closed,2026-05-11T02:58:00Z,2026-05-11T05:55:00Z,177
1838686,East,MOHALI,INDUSTRIAL I,Unplanned,Closed,2026-05-11T02:57:00Z,2026-05-11T05:42:00Z,165
1838658,Border,GURDASPUR,SAGARPURA,Unplanned,Closed,2026-05-11T02:57:00Z,2026-05-11T08:28:00Z,331
1838539,North,KAPURTHALA,DHUGGAR,Unplanned,Closed,2026-05-11T02:56:00Z,2026-05-11T04:34:00Z,98
1838537,North,KAPURTHALA,Gobind Nagar,Unplanned,Closed,2026-05-11T02:56:00Z,2026-05-11T03:53:00Z,57
1838536,North,KAPURTHALA,Bulandpuri,Unplanned,Closed,2026-05-11T02:56:00Z,2026-05-11T03:03:00Z,7
1838535,North,KAPURTHALA,UPS Sohal Jagir,Unplanned,Closed,2026-05-11T02:56:00Z,2026-05-11T05:32:00Z,156
1838511,West,FARIDKOT,11 KV  NARAINGARH UPS,Unplanned,Closed,2026-05-11T02:55:14Z,2026-05-11T09:41:00Z,405
1838761,East,MOHALI,11 KV jLPLSec-90 91,Unplanned,Closed,2026-05-11T02:55:00Z,2026-05-11T04:42:00Z,107
1838760,East,MOHALI,BSF,Unplanned,Closed,2026-05-11T02:55:00Z,2026-05-11T04:40:00Z,105
1838759,East,MOHALI,HINDUSTAN TIMES,Unplanned,Closed,2026-05-11T02:55:00Z,2026-05-11T04:39:00Z,104
1838753,East,MOHALI,11 KV Connect,Unplanned,Closed,2026-05-11T02:55:00Z,2026-05-11T07:10:00Z,255
1838752,East,MOHALI,Sec 72-C,Unplanned,Closed,2026-05-11T02:55:00Z,2026-05-11T05:30:00Z,155
1838542,Border,GURDASPUR,Adowali,Unplanned,Closed,2026-05-11T02:55:00Z,2026-05-11T10:05:00Z,430
1838541,Border,GURDASPUR,24 Hrs UPS Rangar Nangal,Unplanned,Closed,2026-05-11T02:55:00Z,2026-05-11T10:05:00Z,430
1838649,East,MOHALI,SEC-79,Unplanned,Closed,2026-05-11T02:53:00Z,2026-05-11T03:55:00Z,62
1838531,South,BARNALA,SIRGANGARAM,Unplanned,Closed,2026-05-11T02:50:25Z,2026-05-11T03:20:31Z,30
1838530,South,BARNALA,HOSPITAL,Unplanned,Closed,2026-05-11T02:50:25Z,2026-05-11T03:20:55Z,30
1838529,South,BARNALA,LOHA BAZAR,Unplanned,Closed,2026-05-11T02:50:25Z,2026-05-11T03:20:32Z,30
1838528,South,BARNALA,Industrial-2,Unplanned,Closed,2026-05-11T02:50:25Z,2026-05-11T03:20:58Z,30
1838527,South,BARNALA,INDUSTRIAL RATOLAN,Unplanned,Closed,2026-05-11T02:50:25Z,2026-05-11T03:20:27Z,30
1838526,South,BARNALA,QUILA REHMATGARH,Unplanned,Closed,2026-05-11T02:50:25Z,2026-05-11T03:21:54Z,31
1838525,South,BARNALA,Satta Bazaar,Unplanned,Closed,2026-05-11T02:50:25Z,2026-05-11T03:20:31Z,30
1838524,South,BARNALA,MALERKOTLA-1,Unplanned,Closed,2026-05-11T02:50:25Z,2026-05-11T03:21:47Z,31
1838523,South,BARNALA,ANAAJ MANDI,Unplanned,Closed,2026-05-11T02:50:25Z,2026-05-11T03:20:15Z,29
1838522,South,BARNALA,SHRI RAVIDASS NAGAR,Unplanned,Closed,2026-05-11T02:50:25Z,2026-05-11T03:20:26Z,30
1838521,South,BARNALA,DHURI ROAD,Unplanned,Closed,2026-05-11T02:50:25Z,2026-05-11T03:21:46Z,31
1838520,South,BARNALA,MALERKOTLA-2,Unplanned,Closed,2026-05-11T02:50:25Z,2026-05-11T03:20:22Z,29
1838519,South,BARNALA,Industrial-I,Unplanned,Closed,2026-05-11T02:50:25Z,2026-05-11T03:20:47Z,30
1838518,South,BARNALA,MALERKOTLA UPS,Unplanned,Closed,2026-05-11T02:50:25Z,2026-05-11T03:20:28Z,30
1838517,South,BARNALA,GURUDWARA HAA DA NARA,Unplanned,Closed,2026-05-11T02:50:25Z,2026-05-11T03:20:49Z,30
1838550,North,JALANDHAR,11KV UDESIAN,Unplanned,Closed,2026-05-11T02:50:00Z,2026-05-11T04:05:00Z,75
1838534,North,HOSHIARPUR,MEHENGROWAL,Unplanned,Closed,2026-05-11T02:50:00Z,2026-05-11T06:30:07Z,220
1838533,North,HOSHIARPUR,CHOHAL,Unplanned,Closed,2026-05-11T02:50:00Z,2026-05-11T06:31:54Z,221
1838532,North,HOSHIARPUR,ADAMWAL UPS,Unplanned,Closed,2026-05-11T02:50:00Z,2026-05-11T06:32:35Z,222
1838638,North,JALANDHAR,KOTLA ROAD,Unplanned,Closed,2026-05-11T02:49:00Z,2026-05-11T05:50:00Z,181
1838507,West,MUKATSAR,11 KV GANGA NAGAR ROAD,Unplanned,Closed,2026-05-11T02:49:00Z,2026-05-11T06:39:00Z,230
1838743,East,MOHALI,Ramdeep,Unplanned,Closed,2026-05-11T02:48:00Z,2026-05-11T05:30:00Z,162
1838501,West,MUKATSAR,11 KV Alamgarh,Unplanned,Closed,2026-05-11T02:47:00Z,2026-05-11T09:05:00Z,378
1838490,Central,CITY WEST LUDHIANA,SITA NAGAR,Unplanned,Closed,2026-05-11T02:46:18Z,2026-05-11T03:39:51Z,53
1838822,Border,GURDASPUR,NANGAL UPS,Unplanned,Closed,2026-05-11T02:45:00Z,2026-05-11T07:35:00Z,290
1838819,Border,GURDASPUR,Bolewal,Unplanned,Closed,2026-05-11T02:45:00Z,2026-05-11T07:25:00Z,280
1838817,Border,GURDASPUR,Ghuman,Unplanned,Closed,2026-05-11T02:45:00Z,2026-05-11T07:25:00Z,280
1838634,North,JALANDHAR,MUBARAKPUR SHEKHE,Unplanned,Closed,2026-05-11T02:45:00Z,2026-05-11T06:20:00Z,215
1838631,North,JALANDHAR,RERRU,Unplanned,Closed,2026-05-11T02:45:00Z,2026-05-11T05:45:00Z,180
1838625,South,SANGRUR,Natt UPS,Unplanned,Closed,2026-05-11T02:45:00Z,2026-05-11T07:00:00Z,255
1838543,East,ROPAR,ACME HEIGHT,Unplanned,Closed,2026-05-11T02:45:00Z,2026-05-11T03:55:00Z,70
1838538,East,ROPAR,11 KV Arya College Road,Unplanned,Closed,2026-05-11T02:45:00Z,2026-05-11T03:55:00Z,70
1838515,East,ROPAR,Swaraj,Unplanned,Closed,2026-05-11T02:45:00Z,2026-05-11T05:00:00Z,135
1838510,East,ROPAR,11KV Shvalik Heights,Unplanned,Closed,2026-05-11T02:45:00Z,2026-05-11T03:55:00Z,70
1838508,East,ROPAR,11KV Gillco Velly,Unplanned,Closed,2026-05-11T02:45:00Z,2026-05-11T03:55:00Z,70
1838500,North,KAPURTHALA,JALLOW KHANNA URBAN,Unplanned,Closed,2026-05-11T02:45:00Z,2026-05-11T07:08:00Z,263
1838499,North,KAPURTHALA,KARTARPUR ROAD URBAN,Unplanned,Closed,2026-05-11T02:45:00Z,2026-05-11T03:05:00Z,20
1838498,North,KAPURTHALA,URBAN CIVIL HOSPITAL,Unplanned,Closed,2026-05-11T02:45:00Z,2026-05-11T05:07:00Z,142
1838502,West,MUKATSAR,11 KV Chirag dhani,Unplanned,Closed,2026-05-11T02:44:00Z,2026-05-11T07:50:00Z,306
1838491,West,MUKATSAR,FAZILKA ROAD,Unplanned,Closed,2026-05-11T02:43:00Z,2026-05-11T06:21:00Z,218
1838633,East,ROPAR,MUNDI KHARAR,Unplanned,Closed,2026-05-11T02:42:00Z,2026-05-11T04:10:00Z,88
1838629,East,ROPAR,MODLE  TOWN,Unplanned,Closed,2026-05-11T02:42:00Z,2026-05-11T04:10:00Z,88
1838620,East,ROPAR,Dashmesh Nagar,Unplanned,Closed,2026-05-11T02:42:00Z,2026-05-11T04:10:00Z,88
1838615,East,ROPAR,SHIVJOT,Unplanned,Closed,2026-05-11T02:42:00Z,2026-05-11T04:00:00Z,78
1838609,East,ROPAR,KTM,Unplanned,Closed,2026-05-11T02:42:00Z,2026-05-11T04:10:00Z,88
1838571,East,ROPAR,11 KV LIC Colony,Unplanned,Closed,2026-05-11T02:42:00Z,2026-05-11T03:22:00Z,40
1838566,East,ROPAR,PARADISE,Unplanned,Closed,2026-05-11T02:42:00Z,2026-05-11T03:22:00Z,40
1838557,East,ROPAR,11 KV Plazzo ELite,Unplanned,Closed,2026-05-11T02:42:00Z,2026-05-11T04:00:00Z,78
1838555,East,ROPAR,11 KV Chajjumajra,Unplanned,Closed,2026-05-11T02:42:00Z,2026-05-11T04:00:00Z,78
1838552,East,ROPAR,Nijjer Road,Unplanned,Closed,2026-05-11T02:42:00Z,2026-05-11T04:00:00Z,78
1838548,East,ROPAR,11 KV Sunny Mandir,Unplanned,Closed,2026-05-11T02:42:00Z,2026-05-11T04:00:00Z,78
1838547,East,ROPAR,11 KV Old Sunny,Unplanned,Closed,2026-05-11T02:42:00Z,2026-05-11T04:00:00Z,78
1838700,West,FARIDKOT,Nanaksar UPS,Unplanned,Closed,2026-05-11T02:41:00Z,2026-05-11T06:05:08Z,204
1838656,East,MOHALI,11kV Sector-123,Unplanned,Closed,2026-05-11T02:41:00Z,2026-05-11T04:02:18Z,81
1838654,East,MOHALI,JHAMPUR FEEDER,Unplanned,Closed,2026-05-11T02:41:00Z,2026-05-11T05:40:00Z,179
1838652,Border,GURDASPUR,Sheh Bhattia,Unplanned,Closed,2026-05-11T02:41:00Z,2026-05-11T08:40:00Z,359
1838647,Border,GURDASPUR,DHINDSA,Unplanned,Closed,2026-05-11T02:41:00Z,2026-05-11T06:50:00Z,249
1838635,Border,GURDASPUR,Thakarwal,Unplanned,Closed,2026-05-11T02:41:00Z,2026-05-11T07:15:00Z,274
1838561,Border,GURDASPUR,College,Unplanned,Closed,2026-05-11T02:41:00Z,2026-05-11T07:25:00Z,284
1838512,Border,GURDASPUR,11 KV New Urban Estate phase 1,Unplanned,Closed,2026-05-11T02:40:00Z,2026-05-11T11:55:00Z,555
1838505,Border,GURDASPUR,11 KV Shahabpura Road,Unplanned,Closed,2026-05-11T02:40:00Z,2026-05-11T03:15:00Z,35
1838504,Border,GURDASPUR,TRUCK UNION,Unplanned,Closed,2026-05-11T02:40:00Z,2026-05-11T03:01:00Z,21
1838503,Border,GURDASPUR,HARNAM NAGAR,Unplanned,Closed,2026-05-11T02:40:00Z,2026-05-11T08:40:00Z,360
1838497,South,BARNALA,MALERKOTLA UPS,Unplanned,Closed,2026-05-11T02:40:00Z,2026-05-11T03:10:00Z,30
1838495,South,BARNALA,NAUDHARANI CAT.I,Unplanned,Closed,2026-05-11T02:40:00Z,2026-05-11T03:09:00Z,29
1838494,North,JALANDHAR,NEW SARHALI FEEDER,Unplanned,Closed,2026-05-11T02:40:00Z,2026-05-11T06:25:00Z,225
1838493,North,JALANDHAR,11 KV NEW LAKHAN PAL FEEDER,Unplanned,Closed,2026-05-11T02:40:00Z,2026-05-11T07:05:00Z,265
1838489,North,JALANDHAR,THIRD WIRE,Unplanned,Closed,2026-05-11T02:40:00Z,2026-05-11T03:50:00Z,70
1838488,North,JALANDHAR,MANDI,Unplanned,Closed,2026-05-11T02:40:00Z,2026-05-11T03:05:00Z,25
1838516,East,ROPAR,SABJI MANDI,Unplanned,Closed,2026-05-11T02:38:00Z,2026-05-11T03:38:00Z,60
1838514,East,ROPAR,AKALGARH,Unplanned,Closed,2026-05-11T02:38:00Z,2026-05-11T03:38:00Z,60
1838509,East,ROPAR,CHINTGARH FEEDER,Unplanned,Closed,2026-05-11T02:38:00Z,2026-05-11T03:38:00Z,60
1838506,East,ROPAR,MODEL TOWN,Unplanned,Closed,2026-05-11T02:38:00Z,2026-05-11T03:38:00Z,60
1838459,Central,SUB URBAN LUDHIANA,KAUNKE-URBAN,Unplanned,Closed,2026-05-11T02:36:00Z,2026-05-11T02:40:00Z,4
1838458,Central,SUB URBAN LUDHIANA,CITY 8,Unplanned,Closed,2026-05-11T02:36:00Z,2026-05-11T02:40:00Z,4
1838457,Central,SUB URBAN LUDHIANA,CITY-5,Unplanned,Closed,2026-05-11T02:36:00Z,2026-05-11T02:40:00Z,4
1838456,Central,SUB URBAN LUDHIANA,CITY-6,Unplanned,Closed,2026-05-11T02:36:00Z,2026-05-11T02:40:00Z,4
1838455,Central,SUB URBAN LUDHIANA,CITY NO 07,Unplanned,Closed,2026-05-11T02:36:00Z,2026-05-11T02:40:00Z,4
1838454,Central,SUB URBAN LUDHIANA,Gurusar Kaunke UPS,Unplanned,Closed,2026-05-11T02:36:00Z,2026-05-11T02:40:00Z,4
1838681,East,MOHALI,RATWARA SAHIB,Unplanned,Closed,2026-05-11T02:35:00Z,2026-05-11T04:35:00Z,120
1838469,Border,SUB URBAN AMRITSAR,Bhai Manj Road,Unplanned,Closed,2026-05-11T02:35:00Z,2026-05-11T06:40:00Z,245
1838465,Central,CITY WEST LUDHIANA,URBAN VIHAR,Unplanned,Closed,2026-05-11T02:34:45Z,2026-05-11T04:08:20Z,93
1838474,West,FARIDKOT,JANER UPS NEW,Unplanned,Closed,2026-05-11T02:32:00Z,2026-05-11T06:41:14Z,249
1838482,South,BARNALA,UPS KUPKALAN,Unplanned,Closed,2026-05-11T02:31:00Z,2026-05-11T03:20:00Z,49
1838477,South,BARNALA,UPS BEGOWAL,Unplanned,Closed,2026-05-11T02:31:00Z,2026-05-11T03:20:00Z,49
1838476,South,BARNALA,INDUSTRIAL-1,Unplanned,Closed,2026-05-11T02:31:00Z,2026-05-11T03:20:00Z,49
1838443,North,KAPURTHALA,11KV RAIL TECH,Unplanned,Closed,2026-05-11T02:31:00Z,2026-05-11T06:00:00Z,209
1838475,Border,SUB URBAN AMRITSAR,SUGAR MILL,Unplanned,Closed,2026-05-11T02:30:00Z,2026-05-11T08:00:00Z,330
1838445,Central,KHANNA,ISSRU CITY,Unplanned,Closed,2026-05-11T02:30:00Z,2026-05-11T04:04:00Z,94
1838441,North,KAPURTHALA,FACTORY AREA,Unplanned,Closed,2026-05-11T02:29:00Z,2026-05-11T06:15:00Z,226
1838766,East,MOHALI,SEC-69,Unplanned,Closed,2026-05-11T02:28:00Z,2026-05-11T04:28:00Z,120
1838655,South,BARNALA,MEHAL KALAN CITY,Unplanned,Closed,2026-05-11T02:28:00Z,2026-05-11T03:45:00Z,77
1838611,Central,KHANNA,CHOPRA ALLOYS,Unplanned,Closed,2026-05-11T02:27:00Z,2026-05-11T03:27:00Z,60
1838427,West,FARIDKOT,DOGAR BASTI,Unplanned,Closed,2026-05-11T02:25:51Z,2026-05-11T02:40:47Z,14
1838424,West,FARIDKOT,11KV NEW HARINDERA NAGAR,Unplanned,Closed,2026-05-11T02:25:51Z,2026-05-11T03:50:49Z,84
1838769,East,MOHALI,PCA,Unplanned,Closed,2026-05-11T02:25:00Z,2026-05-11T04:25:00Z,120
1838768,East,MOHALI,11KV FOREST FEEDER,Unplanned,Closed,2026-05-11T02:25:00Z,2026-05-11T04:25:00Z,120
1838484,North,NAWANSHAHR,Ragomal Urban,Unplanned,Closed,2026-05-11T02:25:00Z,2026-05-11T06:20:00Z,235
1838483,North,NAWANSHAHR,Bundala Cat-1,Unplanned,Closed,2026-05-11T02:25:00Z,2026-05-11T06:25:00Z,240
1838473,Border,SUB URBAN AMRITSAR,BABOWAL UPS,Unplanned,Closed,2026-05-11T02:25:00Z,2026-05-11T16:22:00Z,837
1838471,Border,SUB URBAN AMRITSAR,BHULLER,Unplanned,Closed,2026-05-11T02:25:00Z,2026-05-11T16:22:00Z,837
1838470,Border,SUB URBAN AMRITSAR,24 HORS DHADDY,Unplanned,Closed,2026-05-11T02:25:00Z,2026-05-11T16:22:00Z,837
1838453,South,BARNALA,Baba sant singh nigah,Unplanned,Closed,2026-05-11T02:25:00Z,2026-05-11T03:10:00Z,45
1838452,South,BARNALA,UPS HATHOA,Unplanned,Closed,2026-05-11T02:25:00Z,2026-05-11T03:25:00Z,60
1838447,South,BARNALA,GUARA CAT NO 1,Unplanned,Closed,2026-05-11T02:25:00Z,2026-05-11T03:15:00Z,50
1838444,South,BARNALA,KUTHALA CAT-1,Unplanned,Closed,2026-05-11T02:25:00Z,2026-05-11T02:57:00Z,32
1838442,North,JALANDHAR,DANA MANDI RAIPUR,Unplanned,Closed,2026-05-11T02:25:00Z,2026-05-11T04:43:00Z,138
1838440,Border,TARN TARAN,MANKPURA UPS,Unplanned,Closed,2026-05-11T02:25:00Z,2026-05-11T07:30:00Z,305
1838439,North,JALANDHAR,Urban Rural no 2,Unplanned,Closed,2026-05-11T02:25:00Z,2026-05-11T03:10:00Z,45
1838438,North,JALANDHAR,URBAN RURAL,Unplanned,Closed,2026-05-11T02:25:00Z,2026-05-11T03:35:00Z,70
1838437,Border,TARN TARAN,GANDIWIND 24 HRS SUPPLY,Unplanned,Closed,2026-05-11T02:25:00Z,2026-05-11T06:10:00Z,225
1838436,North,JALANDHAR,FATEHGARH,Unplanned,Closed,2026-05-11T02:25:00Z,2026-05-11T05:45:00Z,200
1838435,Border,SUB URBAN AMRITSAR,City 2,Unplanned,Closed,2026-05-11T02:25:00Z,2026-05-11T03:45:00Z,80
1838699,West,FARIDKOT,Bhagtuana UPS,Unplanned,Closed,2026-05-11T02:24:00Z,2026-05-11T06:55:31Z,271
1838697,West,FARIDKOT,11 KV Kalgidhar ups,Unplanned,Closed,2026-05-11T02:24:00Z,2026-05-11T04:01:46Z,97
1838703,West,FARIDKOT,khara UPS,Unplanned,Closed,2026-05-11T02:20:00Z,2026-05-11T07:55:11Z,335
1838481,Border,SUB URBAN AMRITSAR,Dalam,Unplanned,Closed,2026-05-11T02:20:00Z,2026-05-11T11:35:00Z,555
1838480,Border,SUB URBAN AMRITSAR,SENSRA UPS,Unplanned,Closed,2026-05-11T02:20:00Z,2026-05-11T10:05:00Z,465
1838479,Border,SUB URBAN AMRITSAR,MEHLAN WALA UPS,Unplanned,Closed,2026-05-11T02:20:00Z,2026-05-11T14:05:00Z,705
1838468,Border,SUB URBAN AMRITSAR,PANDER UPS,Unplanned,Closed,2026-05-11T02:20:00Z,2026-05-11T10:05:00Z,465
1838467,Border,SUB URBAN AMRITSAR,WADALA VERAM CAT 1,Unplanned,Closed,2026-05-11T02:20:00Z,2026-05-11T08:50:00Z,390
1838466,Border,SUB URBAN AMRITSAR,SANT BHAGAT SINGH UPS,Unplanned,Closed,2026-05-11T02:20:00Z,2026-05-11T09:40:00Z,440
1838434,Central,CITY EAST LUDHIANA,BHADOUR HOUSE,Unplanned,Closed,2026-05-11T02:20:00Z,2026-05-11T03:04:00Z,44
1838693,West,FARIDKOT,Devi wala road UPS,Unplanned,Closed,2026-05-11T02:18:00Z,2026-05-11T06:17:20Z,239
1838657,South,BARNALA,MEHAL KHURAD UPS,Unplanned,Closed,2026-05-11T02:17:00Z,2026-05-11T05:35:00Z,198
1838418,Central,CITY EAST LUDHIANA,Trikoni Park,Unplanned,Closed,2026-05-11T02:16:00Z,2026-05-11T03:41:00Z,85
1838720,Border,TARN TARAN,DARAPUR,Unplanned,Closed,2026-05-11T02:15:00Z,2026-05-11T09:00:00Z,405
1838426,South,BARNALA,PHARWALI,Unplanned,Closed,2026-05-11T02:15:00Z,2026-05-11T02:56:45Z,41
1838423,South,BARNALA,UPS MAHOLI KHURD,Unplanned,Closed,2026-05-11T02:15:00Z,2026-05-11T02:55:00Z,40
1838420,South,BARNALA,LOHATBADDI CAT.1,Unplanned,Closed,2026-05-11T02:15:00Z,2026-05-11T02:55:23Z,40
1838415,Border,GURDASPUR,G.T Road,Unplanned,Closed,2026-05-11T02:15:00Z,2026-05-11T03:48:00Z,93
1838413,Border,GURDASPUR,Greater Kailash,Unplanned,Closed,2026-05-11T02:15:00Z,2026-05-11T03:55:00Z,100
1838412,Border,GURDASPUR,Simbal,Unplanned,Closed,2026-05-11T02:15:00Z,2026-05-11T03:53:00Z,98
1838409,Border,GURDASPUR,Gurudwara Kandh Sahib,Unplanned,Closed,2026-05-11T02:15:00Z,2026-05-11T03:31:00Z,76
1838408,Border,GURDASPUR,SHANTI NAGAR,Unplanned,Closed,2026-05-11T02:15:00Z,2026-05-11T04:01:00Z,106
1838404,Border,GURDASPUR,11 KV RAILWAY ROAD,Unplanned,Closed,2026-05-11T02:15:00Z,2026-05-11T03:56:00Z,101
1838391,North,JALANDHAR,Shitla Mandir,Unplanned,Closed,2026-05-11T02:12:00Z,2026-05-11T02:52:00Z,40
1838650,Border,TARN TARAN,24 Hrs UPS Bhagwanpur,Unplanned,Closed,2026-05-11T02:10:26Z,2026-05-11T05:50:54Z,220
1838375,Central,CITY WEST LUDHIANA,NATIONAL FEEDER,Unplanned,Closed,2026-05-11T02:10:09Z,2026-05-11T03:25:02Z,74
1838716,Border,TARN TARAN,Botelkiri,Unplanned,Closed,2026-05-11T02:10:00Z,2026-05-11T06:30:00Z,260
1838714,Border,TARN TARAN,MIANWIND URBAN,Unplanned,Closed,2026-05-11T02:10:00Z,2026-05-11T08:45:00Z,395
1838713,Border,TARN TARAN,Mallah,Unplanned,Closed,2026-05-11T02:10:00Z,2026-05-11T06:30:00Z,260
1838712,Border,TARN TARAN,NAGOKE URBAN,Unplanned,Closed,2026-05-11T02:10:00Z,2026-05-11T06:15:00Z,245
1838433,Border,SUB URBAN AMRITSAR,NAWAN ADDA RAJA SANSI,Unplanned,Closed,2026-05-11T02:10:00Z,2026-05-11T07:00:00Z,290
1838432,Border,SUB URBAN AMRITSAR,AIR FORCE STATION,Unplanned,Closed,2026-05-11T02:10:00Z,2026-05-11T06:55:00Z,285
1838431,Border,TARN TARAN,URBAN SARHALI,Unplanned,Closed,2026-05-11T02:10:00Z,2026-05-11T06:33:00Z,263
1838430,Border,SUB URBAN AMRITSAR,GURU NANAKPURA,Unplanned,Closed,2026-05-11T02:10:00Z,2026-05-11T06:55:00Z,285
1838429,Border,SUB URBAN AMRITSAR,RAJASANSI/RS,Unplanned,Closed,2026-05-11T02:10:00Z,2026-05-11T09:15:00Z,425
1838428,Border,SUB URBAN AMRITSAR,KAMBO,Unplanned,Closed,2026-05-11T02:10:00Z,2026-05-11T07:50:00Z,340
1838425,Border,SUB URBAN AMRITSAR,BAL SACHANDER,Unplanned,Closed,2026-05-11T02:10:00Z,2026-05-11T13:15:00Z,665
1838419,Central,SUB URBAN LUDHIANA,Urban Anad Isher School,Unplanned,Closed,2026-05-11T02:10:00Z,2026-05-11T02:50:00Z,40
1838370,Central,CITY WEST LUDHIANA,GURPAL NAGAR FEEDER,Unplanned,Closed,2026-05-11T02:09:08Z,2026-05-11T02:32:01Z,22
1838373,North,JALANDHAR,COMPANY BHAG,Unplanned,Closed,2026-05-11T02:06:00Z,2026-05-11T04:20:00Z,134
1838368,Border,SUB URBAN AMRITSAR,UPS SHURA,Unplanned,Closed,2026-05-11T02:05:02Z,2026-05-11T09:38:00Z,452
1838367,Border,SUB URBAN AMRITSAR,24 Hrs Bhadiar,Unplanned,Closed,2026-05-11T02:05:02Z,2026-05-11T09:51:00Z,465
1838366,Border,SUB URBAN AMRITSAR,Rattan,Unplanned,Closed,2026-05-11T02:05:02Z,2026-05-11T11:18:00Z,552
1838365,Border,SUB URBAN AMRITSAR,MALLUWAL,Unplanned,Closed,2026-05-11T02:05:02Z,2026-05-11T08:57:00Z,411
1838364,Border,SUB URBAN AMRITSAR,KHASSA,Unplanned,Closed,2026-05-11T02:05:02Z,2026-05-11T10:33:00Z,507
1838361,Border,SUB URBAN AMRITSAR,PADHRI,Unplanned,Closed,2026-05-11T02:05:02Z,2026-05-11T15:51:24Z,826
1838358,Border,SUB URBAN AMRITSAR,Attari,Unplanned,Closed,2026-05-11T02:05:02Z,2026-05-11T09:49:00Z,463
1838707,Border,TARN TARAN,SAIDPUR URBAN,Unplanned,Closed,2026-05-11T02:05:00Z,2026-05-11T08:00:00Z,355
1838704,Border,TARN TARAN,Dera Saidpur,Unplanned,Closed,2026-05-11T02:05:00Z,2026-05-11T08:00:00Z,355
1838702,Border,TARN TARAN,Sarja UPS,Unplanned,Closed,2026-05-11T02:05:00Z,2026-05-11T08:00:00Z,355
1838487,Border,SUB URBAN AMRITSAR,Muradpura,Unplanned,Closed,2026-05-11T02:05:00Z,2026-05-11T04:40:00Z,155
1838486,Border,SUB URBAN AMRITSAR,LOHARKA UPS,Unplanned,Closed,2026-05-11T02:05:00Z,2026-05-11T07:45:00Z,340
1838485,Border,SUB URBAN AMRITSAR,RC VANASPATI,Unplanned,Closed,2026-05-11T02:05:00Z,2026-05-11T05:08:00Z,183
1838464,Border,SUB URBAN AMRITSAR,RANEWALI UPS,Unplanned,Closed,2026-05-11T02:05:00Z,2026-05-11T08:00:00Z,355
1838461,Border,SUB URBAN AMRITSAR,HARSHA CHHINA UPS,Unplanned,Closed,2026-05-11T02:05:00Z,2026-05-11T06:55:00Z,290
1838460,Border,SUB URBAN AMRITSAR,RAJASANSI/HC,Unplanned,Closed,2026-05-11T02:05:00Z,2026-05-11T08:50:00Z,405
1838422,Border,SUB URBAN AMRITSAR,silverstate,Unplanned,Closed,2026-05-11T02:05:00Z,2026-05-11T02:27:00Z,22
1838416,Border,SUB URBAN AMRITSAR,KARAM PURA,Unplanned,Closed,2026-05-11T02:05:00Z,2026-05-11T04:22:00Z,137
1838387,West,MUKATSAR,11KV Danna Mandi,Unplanned,Closed,2026-05-11T02:05:00Z,2026-05-11T03:05:00Z,60
1838384,West,MUKATSAR,11KV Tarn Taran Sahib,Unplanned,Closed,2026-05-11T02:05:00Z,2026-05-11T03:05:00Z,60
1838382,West,MUKATSAR,MUKT-E-MINAR,Unplanned,Closed,2026-05-11T02:05:00Z,2026-05-11T03:05:00Z,60
1838381,West,MUKATSAR,BUS STAND,Unplanned,Closed,2026-05-11T02:05:00Z,2026-05-11T03:05:00Z,60
1838379,West,MUKATSAR,ABOHAR ROAD,Unplanned,Closed,2026-05-11T02:05:00Z,2026-05-11T03:05:00Z,60
1838377,West,MUKATSAR,11KV Balam Garh Road,Unplanned,Closed,2026-05-11T02:05:00Z,2026-05-11T03:05:00Z,60
1838371,North,JALANDHAR,COOL ROAD,Unplanned,Closed,2026-05-11T02:05:00Z,2026-05-11T05:58:00Z,233
1838411,West,MUKATSAR,11KV New Jallalabad Road.,Unplanned,Closed,2026-05-11T02:04:00Z,2026-05-11T03:04:00Z,60
1838410,West,MUKATSAR,11KV Old Grain Market.,Unplanned,Closed,2026-05-11T02:04:00Z,2026-05-11T03:04:00Z,60
1838407,West,MUKATSAR,11KV Gaushalla Road,Unplanned,Closed,2026-05-11T02:04:00Z,2026-05-11T03:04:00Z,60
1838648,Border,TARN TARAN,Khem Karan,Unplanned,Closed,2026-05-11T02:03:26Z,2026-05-11T06:47:54Z,284
1838360,Central,CITY WEST LUDHIANA,Kiran Vihar,Unplanned,Closed,2026-05-11T02:02:23Z,2026-05-11T04:07:28Z,125
1838383,Border,TARN TARAN,JEOBALA UPS,Unplanned,Closed,2026-05-11T02:01:00Z,2026-05-11T06:55:00Z,294
1838362,North,KAPURTHALA,UPS PANDORI,Unplanned,Closed,2026-05-11T02:00:00Z,2026-05-11T03:00:00Z,60
1838359,North,KAPURTHALA,UPS BAJAJ,Unplanned,Closed,2026-05-11T02:00:00Z,2026-05-11T03:00:00Z,60
1838356,North,KAPURTHALA,UPS METLA,Unplanned,Closed,2026-05-11T02:00:00Z,2026-05-11T03:00:00Z,60
1838355,North,KAPURTHALA,CAT-1 BHOLATH,Unplanned,Closed,2026-05-11T02:00:00Z,2026-05-11T03:00:00Z,60
1838353,North,KAPURTHALA,UPS NADALI,Unplanned,Closed,2026-05-11T02:00:00Z,2026-05-11T03:00:00Z,60
1838352,North,KAPURTHALA,UPS MIANI,Unplanned,Closed,2026-05-11T02:00:00Z,2026-05-11T03:00:00Z,60
1838351,North,KAPURTHALA,UPS FEROZESANGOWAL,Unplanned,Closed,2026-05-11T02:00:00Z,2026-05-11T03:00:00Z,60
1838350,North,KAPURTHALA,CAT 1 BEGOWAL,Unplanned,Closed,2026-05-11T02:00:00Z,2026-05-11T03:00:00Z,60
1838405,North,JALANDHAR,Heera pur,Unplanned,Closed,2026-05-11T01:59:00Z,2026-05-11T07:25:00Z,326
1838397,North,JALANDHAR,11 KV BHAGAT SINGH COLONY,Unplanned,Closed,2026-05-11T01:59:00Z,2026-05-11T03:32:00Z,93
1838380,Border,TARN TARAN,24 Hours Supp Mir Pur,Unplanned,Closed,2026-05-11T01:58:00Z,2026-05-11T06:15:00Z,257
1838323,Central,CITY WEST LUDHIANA,jawahar nagar,Unplanned,Closed,2026-05-11T01:57:40Z,2026-05-11T02:33:46Z,36
1838322,Central,CITY WEST LUDHIANA,MODEL GRAM,Unplanned,Closed,2026-05-11T01:57:40Z,2026-05-11T02:33:34Z,35
1838321,Central,CITY WEST LUDHIANA,SITA NAGAR,Unplanned,Closed,2026-05-11T01:57:40Z,2026-05-11T02:33:18Z,35
1838320,Central,CITY WEST LUDHIANA,GULMOHAR,Unplanned,Closed,2026-05-11T01:57:40Z,2026-05-11T02:32:35Z,34
1838403,Central,CITY EAST LUDHIANA,CHAURA BAZAAR,Unplanned,Closed,2026-05-11T01:57:00Z,2026-05-11T02:52:00Z,55
1838315,Central,CITY WEST LUDHIANA,MODEL TOWN,Unplanned,Closed,2026-05-11T01:56:06Z,2026-05-11T04:33:15Z,157
1838314,Central,CITY WEST LUDHIANA,MINT GUMRI,Unplanned,Closed,2026-05-11T01:56:06Z,2026-05-11T02:42:05Z,45
1838313,Central,CITY WEST LUDHIANA,ABDULLAPUR BASTI,Unplanned,Closed,2026-05-11T01:56:06Z,2026-05-11T02:41:51Z,45
1838312,Central,CITY WEST LUDHIANA,MODEL HOUSE,Unplanned,Closed,2026-05-11T01:56:06Z,2026-05-11T02:41:36Z,45
1838311,Central,CITY WEST LUDHIANA,BANK  COLONY,Unplanned,Closed,2026-05-11T01:56:06Z,2026-05-11T02:41:21Z,45
1838310,Central,CITY WEST LUDHIANA,DHURI  LINE,Unplanned,Closed,2026-05-11T01:56:06Z,2026-05-11T02:41:01Z,44
1838309,Central,CITY WEST LUDHIANA,KULAR,Unplanned,Closed,2026-05-11T01:56:06Z,2026-05-11T04:01:57Z,125
1838308,Central,CITY WEST LUDHIANA,BUS STAND,Unplanned,Closed,2026-05-11T01:56:06Z,2026-05-11T02:40:50Z,44
1838307,Central,CITY WEST LUDHIANA,MANJIT NAGAR,Unplanned,Closed,2026-05-11T01:56:06Z,2026-05-11T02:40:38Z,44
1838306,Central,CITY WEST LUDHIANA,CHILDREN PARK,Unplanned,Closed,2026-05-11T01:56:06Z,2026-05-11T02:40:27Z,44
1838305,Central,CITY WEST LUDHIANA,TIKONA PARK,Unplanned,Closed,2026-05-11T01:56:06Z,2026-05-11T02:40:15Z,44
1838304,Central,CITY WEST LUDHIANA,A-BLOCK,Unplanned,Closed,2026-05-11T01:56:06Z,2026-05-11T02:40:02Z,43
1838303,Central,CITY WEST LUDHIANA,ATAM NAGAR,Unplanned,Closed,2026-05-11T01:56:06Z,2026-05-11T02:39:45Z,43
1838302,Central,CITY WEST LUDHIANA,EXTENSION,Unplanned,Closed,2026-05-11T01:56:06Z,2026-05-11T02:39:33Z,43
1838301,Central,CITY WEST LUDHIANA,JAMMU COLONY,Unplanned,Closed,2026-05-11T01:56:06Z,2026-05-11T02:39:22Z,43
1838378,Border,TARN TARAN,24 Hours supp Khardin,Unplanned,Closed,2026-05-11T01:56:00Z,2026-05-11T05:35:00Z,219
1838421,West,FARIDKOT,11KV DHUDI UPS,Unplanned,Closed,2026-05-11T01:55:34Z,2026-05-11T07:50:46Z,355
1838673,North,KAPURTHALA,UPS Partabpura,Unplanned,Closed,2026-05-11T01:55:00Z,2026-05-11T06:05:00Z,250
1838671,North,KAPURTHALA,UPS Sangowal Bet,Unplanned,Closed,2026-05-11T01:55:00Z,2026-05-11T06:05:00Z,250
1838406,Central,CITY EAST LUDHIANA,MADHO PURI,Unplanned,Closed,2026-05-11T01:55:00Z,2026-05-11T02:55:00Z,60
1838343,Central,CITY EAST LUDHIANA,DIVISION-3,Unplanned,Closed,2026-05-11T01:55:00Z,2026-05-11T02:39:00Z,44
1838376,Border,TARN TARAN,24 Hour Supp Panjwar,Unplanned,Closed,2026-05-11T01:54:00Z,2026-05-11T08:20:00Z,386
1838374,Border,TARN TARAN,MATA BAGGO URBAN IND.,Unplanned,Closed,2026-05-11T01:52:00Z,2026-05-11T05:20:00Z,208
1838325,Central,CITY EAST LUDHIANA,BASTI JODHEWAL,Unplanned,Closed,2026-05-11T01:52:00Z,2026-05-11T04:12:00Z,140
1838284,Central,CITY WEST LUDHIANA,A block,Unplanned,Closed,2026-05-11T01:50:28Z,2026-05-11T02:33:17Z,42
1838283,Central,CITY WEST LUDHIANA,PHULLANWAL,Unplanned,Closed,2026-05-11T01:50:28Z,2026-05-11T03:21:20Z,90
1838282,Central,CITY WEST LUDHIANA,CENTRA GREENS,Unplanned,Closed,2026-05-11T01:50:28Z,2026-05-11T02:34:17Z,43
1838281,Central,CITY WEST LUDHIANA,SATJOT  NAGAR,Unplanned,Closed,2026-05-11T01:50:28Z,2026-05-11T02:33:58Z,43
1838280,Central,CITY WEST LUDHIANA,MEHMOODPURA,Unplanned,Closed,2026-05-11T01:50:28Z,2026-05-11T02:30:40Z,40
1838279,Central,CITY WEST LUDHIANA,11 KV Happy colony,Unplanned,Closed,2026-05-11T01:50:28Z,2026-05-11T02:29:56Z,39
1838278,Central,CITY WEST LUDHIANA,GLADA,Unplanned,Closed,2026-05-11T01:50:28Z,2026-05-11T03:55:40Z,125
1838277,Central,CITY WEST LUDHIANA,NATISH VIHAR,Unplanned,Closed,2026-05-11T01:50:28Z,2026-05-11T02:26:21Z,35
1838276,Central,CITY WEST LUDHIANA,A W H O,Unplanned,Closed,2026-05-11T01:50:28Z,2026-05-11T02:28:29Z,38
1838275,Central,CITY WEST LUDHIANA,SATPAL MITTAL,Unplanned,Closed,2026-05-11T01:50:28Z,2026-05-11T02:29:41Z,39
1838274,Central,CITY WEST LUDHIANA,BDS Nagar,Unplanned,Closed,2026-05-11T01:50:28Z,2026-05-11T02:27:39Z,37
1838273,Central,CITY WEST LUDHIANA,HOUSEFED,Unplanned,Closed,2026-05-11T01:50:28Z,2026-05-11T02:27:16Z,36
1838272,Central,CITY WEST LUDHIANA,MANAKWAL,Unplanned,Closed,2026-05-11T01:50:28Z,2026-05-11T02:27:05Z,36
1838271,Central,CITY WEST LUDHIANA,B.V.M.,Unplanned,Closed,2026-05-11T01:50:28Z,2026-05-11T02:26:54Z,36
1838270,Central,CITY WEST LUDHIANA,URBAN ESTATE PH-2,Unplanned,Closed,2026-05-11T01:50:28Z,2026-05-11T02:26:36Z,36
1838269,Central,CITY WEST LUDHIANA,BASANT AVENUE,Unplanned,Closed,2026-05-11T01:50:28Z,2026-05-11T02:26:00Z,35
1838268,Central,CITY WEST LUDHIANA,BHAI HIMAT SINGH NAGAR,Unplanned,Closed,2026-05-11T01:50:28Z,2026-05-11T02:40:55Z,50
1838757,North,KAPURTHALA,Thabalke,Unplanned,Closed,2026-05-11T01:50:00Z,2026-05-11T05:44:00Z,234
1838756,North,KAPURTHALA,UPS Kangniwal,Unplanned,Closed,2026-05-11T01:50:00Z,2026-05-11T05:35:00Z,225
1838751,North,KAPURTHALA,Urban Samrai,Unplanned,Closed,2026-05-11T01:50:00Z,2026-05-11T06:10:00Z,260
1838749,North,KAPURTHALA,Pandori UPS,Unplanned,Closed,2026-05-11T01:50:00Z,2026-05-11T06:30:00Z,280
1838742,North,KAPURTHALA,URBAN Jandiala,Unplanned,Closed,2026-05-11T01:50:00Z,2026-05-11T05:55:00Z,245
1838553,Border,SUB URBAN AMRITSAR,Ranjit Avenue B block,Unplanned,Closed,2026-05-11T01:50:00Z,2026-05-11T03:05:00Z,75
1838372,Border,TARN TARAN,Baba Bhuda Sahib,Unplanned,Closed,2026-05-11T01:50:00Z,2026-05-11T05:10:00Z,200
1838363,Border,TARN TARAN,JAWANDY,Unplanned,Closed,2026-05-11T01:50:00Z,2026-05-11T06:25:00Z,275
1838357,Border,TARN TARAN,SHERON UPS,Unplanned,Closed,2026-05-11T01:50:00Z,2026-05-11T07:05:00Z,315
1838354,Border,TARN TARAN,THATHIAN 3 W URBAN`,Unplanned,Closed,2026-05-11T01:50:00Z,2026-05-11T05:30:00Z,220
1838342,North,KAPURTHALA,Mana Talwandi,Unplanned,Closed,2026-05-11T01:50:00Z,2026-05-11T02:50:00Z,60
1838341,North,KAPURTHALA,UPS Mustfabad,Unplanned,Closed,2026-05-11T01:50:00Z,2026-05-11T02:50:00Z,60
1838340,North,KAPURTHALA,URBAN Hamira,Unplanned,Closed,2026-05-11T01:50:00Z,2026-05-11T02:50:00Z,60
1838339,North,KAPURTHALA,UPS Ambgarh,Unplanned,Closed,2026-05-11T01:50:00Z,2026-05-11T02:50:00Z,60
1838338,North,KAPURTHALA,UPS Rahimpur,Unplanned,Closed,2026-05-11T01:50:00Z,2026-05-11T02:50:00Z,60
1838337,North,KAPURTHALA,URBAN Mustfapur,Unplanned,Closed,2026-05-11T01:50:00Z,2026-05-11T02:50:00Z,60
1838335,North,KAPURTHALA,UPS Kahlwan,Unplanned,Closed,2026-05-11T01:50:00Z,2026-05-11T02:50:00Z,60
1838333,North,KAPURTHALA,URBAN Bye Pass,Unplanned,Closed,2026-05-11T01:50:00Z,2026-05-11T02:50:00Z,60
1838331,North,KAPURTHALA,URBAN Sura Nussi,Unplanned,Closed,2026-05-11T01:50:00Z,2026-05-11T02:50:00Z,60
1838328,North,KAPURTHALA,Arya Nagar,Unplanned,Closed,2026-05-11T01:50:00Z,2026-05-11T02:50:00Z,60
1838326,North,KAPURTHALA,Pattar Kalan,Unplanned,Closed,2026-05-11T01:50:00Z,2026-05-11T02:50:00Z,60
1838316,North,KAPURTHALA,Fateh Jalal,Unplanned,Closed,2026-05-11T01:50:00Z,2026-05-11T02:50:00Z,60
1838300,North,KAPURTHALA,Furniture Bajar,Unplanned,Closed,2026-05-11T01:50:00Z,2026-05-11T02:50:00Z,60
1838299,North,KAPURTHALA,City kartarpur,Unplanned,Closed,2026-05-11T01:50:00Z,2026-05-11T02:50:00Z,60
1838295,Border,SUB URBAN AMRITSAR,Talwandi Dogran UPS-5,Unplanned,Closed,2026-05-11T01:50:00Z,2026-05-11T08:00:00Z,370
1838293,Border,SUB URBAN AMRITSAR,UPS-4 Makhanwindi,Unplanned,Closed,2026-05-11T01:50:00Z,2026-05-11T05:05:00Z,195
1838290,Border,SUB URBAN AMRITSAR,Urban-3,Unplanned,Closed,2026-05-11T01:50:00Z,2026-05-11T06:21:00Z,271
1838289,Border,SUB URBAN AMRITSAR,Urban 2 Nawapind,Unplanned,Closed,2026-05-11T01:50:00Z,2026-05-11T05:55:00Z,245
1838286,Border,SUB URBAN AMRITSAR,Urban-1 Nawapind,Unplanned,Closed,2026-05-11T01:50:00Z,2026-05-11T05:50:00Z,240
1838267,Border,CITY AMRITSAR,MAHINDERA COLONY,Unplanned,Closed,2026-05-11T01:49:47Z,2026-05-11T02:44:14Z,54
1838256,Central,CITY WEST LUDHIANA,G.T.B.,Unplanned,Closed,2026-05-11T01:45:31Z,2026-05-11T02:38:45Z,53
1838731,Border,TARN TARAN,BANIA URBAN,Unplanned,Closed,2026-05-11T01:45:00Z,2026-05-11T08:00:00Z,375
1838729,Border,TARN TARAN,Microwave,Unplanned,Closed,2026-05-11T01:45:00Z,2026-05-11T11:24:00Z,579
1838726,Border,TARN TARAN,BUTARI URBAN,Unplanned,Closed,2026-05-11T01:45:00Z,2026-05-11T08:00:00Z,375
1838723,Border,TARN TARAN,RAYYA URBAN,Unplanned,Closed,2026-05-11T01:45:00Z,2026-05-11T08:00:00Z,375
1838478,Border,SUB URBAN AMRITSAR,GURU NAGAR,Unplanned,Closed,2026-05-11T01:45:00Z,2026-05-11T10:40:00Z,535
1838369,Border,CITY AMRITSAR,11KvGoal Bagh,Unplanned,Closed,2026-05-11T01:45:00Z,2026-05-11T07:30:00Z,345
1838344,Border,TARN TARAN,UPS BHAI ADALI JI,Unplanned,Closed,2026-05-11T01:45:00Z,2026-05-11T07:15:00Z,330
1838318,Central,CITY EAST LUDHIANA,BASTI FEEDER,Unplanned,Closed,2026-05-11T01:45:00Z,2026-05-11T05:42:00Z,237
1838317,Central,CITY EAST LUDHIANA,SEKHEWAL,Unplanned,Closed,2026-05-11T01:45:00Z,2026-05-11T04:47:00Z,182
1838232,Border,SUB URBAN AMRITSAR,UPS KOHALA,Unplanned,Closed,2026-05-11T01:43:54Z,2026-05-11T10:05:00Z,501
1838230,Border,SUB URBAN AMRITSAR,24 Hrs Kohali,Unplanned,Closed,2026-05-11T01:43:54Z,2026-05-11T09:24:00Z,460
1838228,Border,SUB URBAN AMRITSAR,11 KV MADOKEY UPS,Unplanned,Closed,2026-05-11T01:43:54Z,2026-05-11T07:36:00Z,352
1838224,North,HOSHIARPUR,Lajwanti Stadium,Unplanned,Closed,2026-05-11T01:42:00Z,2026-05-11T02:41:00Z,59
1838222,North,HOSHIARPUR,ROSHAN GROUND,Unplanned,Closed,2026-05-11T01:42:00Z,2026-05-11T02:41:00Z,59
1838220,North,HOSHIARPUR,Chetna Park,Unplanned,Closed,2026-05-11T01:42:00Z,2026-05-11T02:41:00Z,59
1838218,North,HOSHIARPUR,Tagore Nagar,Unplanned,Closed,2026-05-11T01:42:00Z,2026-05-11T02:41:00Z,59
1838216,North,HOSHIARPUR,Model Town,Unplanned,Closed,2026-05-11T01:42:00Z,2026-05-11T02:41:00Z,59
1838846,West,FARIDKOT,11 KV JAIMALWALA-UPS,Unplanned,Closed,2026-05-11T01:40:00Z,2026-05-11T09:40:00Z,480
1838755,Border,TARN TARAN,KARTARRPUR UPS,Unplanned,Closed,2026-05-11T01:40:00Z,2026-05-11T06:30:00Z,290
1838754,Border,TARN TARAN,BUTALA URBAN,Unplanned,Closed,2026-05-11T01:40:00Z,2026-05-11T11:27:00Z,587
1838554,Border,SUB URBAN AMRITSAR,SEC-4 RANJIT AVENUE,Unplanned,Closed,2026-05-11T01:40:00Z,2026-05-11T02:50:25Z,70
1838496,Border,SUB URBAN AMRITSAR,VERKA IND.1,Unplanned,Closed,2026-05-11T01:40:00Z,2026-05-11T02:55:00Z,75
1838492,Border,SUB URBAN AMRITSAR,VERKA IND.2,Unplanned,Closed,2026-05-11T01:40:00Z,2026-05-11T10:15:00Z,515
1838402,Border,GURDASPUR,Gatta Factory,Unplanned,Closed,2026-05-11T01:40:00Z,2026-05-11T10:45:00Z,545
1838398,Border,GURDASPUR,Sadhuchack,Unplanned,Closed,2026-05-11T01:40:00Z,2026-05-11T07:30:00Z,350
1838396,Border,GURDASPUR,BATHWALA,Unplanned,Closed,2026-05-11T01:40:00Z,2026-05-11T06:10:00Z,270
1838394,Border,GURDASPUR,DAAK KHANA CHOWK,Unplanned,Closed,2026-05-11T01:40:00Z,2026-05-11T06:45:00Z,305
1838393,Border,GURDASPUR,Meerpur,Unplanned,Closed,2026-05-11T01:40:00Z,2026-05-11T06:50:00Z,310
1838392,Border,GURDASPUR,Mandi,Unplanned,Closed,2026-05-11T01:40:00Z,2026-05-11T02:46:00Z,66
1838390,Border,SUB URBAN AMRITSAR,11 kv New Greenland,Unplanned,Closed,2026-05-11T01:40:00Z,2026-05-11T07:08:00Z,328
1838324,Border,SUB URBAN AMRITSAR,MEDICAL ENCLAVE,Unplanned,Closed,2026-05-11T01:40:00Z,2026-05-11T03:36:00Z,116
1838261,Border,GURDASPUR,Model Town,Unplanned,Closed,2026-05-11T01:39:00Z,2026-05-11T03:10:00Z,91
1838204,North,HOSHIARPUR,DADIANA KHURD,Unplanned,Closed,2026-05-11T01:37:00Z,2026-05-11T05:50:00Z,253
1838203,North,HOSHIARPUR,11 KV Kotli,Unplanned,Closed,2026-05-11T01:37:00Z,2026-05-11T05:52:00Z,255
1838202,North,HOSHIARPUR,11 KV Bhikhowal,Unplanned,Closed,2026-05-11T01:37:00Z,2026-05-11T05:50:00Z,253
1838200,North,HOSHIARPUR,11 KV Bassi Maroof,Unplanned,Closed,2026-05-11T01:37:00Z,2026-05-11T05:50:00Z,253
1838199,North,HOSHIARPUR,NOORPUR,Unplanned,Closed,2026-05-11T01:37:00Z,2026-05-11T05:50:00Z,253
1838198,North,HOSHIARPUR,NIKKIWAL,Unplanned,Closed,2026-05-11T01:37:00Z,2026-05-11T05:51:00Z,254
1838211,North,HOSHIARPUR,MEHENGROWAL,Unplanned,Closed,2026-05-11T01:35:00Z,2026-05-11T02:30:11Z,55
1838210,North,HOSHIARPUR,CHOHAL,Unplanned,Closed,2026-05-11T01:35:00Z,2026-05-11T02:31:29Z,56
1838208,North,HOSHIARPUR,ADAMWAL UPS,Unplanned,Closed,2026-05-11T01:35:00Z,2026-05-11T02:31:35Z,56
1838196,North,HOSHIARPUR,Lalpur,Unplanned,Closed,2026-05-11T01:34:00Z,2026-05-11T05:50:00Z,256
1838195,North,HOSHIARPUR,11KV BHATOLIAN,Unplanned,Closed,2026-05-11T01:34:00Z,2026-05-11T05:50:00Z,256
1838194,North,HOSHIARPUR,Dholwaha,Unplanned,Closed,2026-05-11T01:34:00Z,2026-05-11T05:50:00Z,256
1838193,North,HOSHIARPUR,Atwarapur,Unplanned,Closed,2026-05-11T01:34:00Z,2026-05-11T05:50:00Z,256
1838192,North,HOSHIARPUR,Janauri-2,Unplanned,Closed,2026-05-11T01:34:00Z,2026-05-11T05:50:00Z,256
1838191,North,HOSHIARPUR,REHMAPUR,Unplanned,Closed,2026-05-11T01:34:00Z,2026-05-11T05:52:00Z,258
1838190,North,HOSHIARPUR,JANOURI,Unplanned,Closed,2026-05-11T01:34:00Z,2026-05-11T05:50:00Z,256
1838188,North,HOSHIARPUR,DAM,Unplanned,Closed,2026-05-11T01:34:00Z,2026-05-11T05:52:00Z,258
1838185,North,HOSHIARPUR,BHUNGA,Unplanned,Closed,2026-05-11T01:34:00Z,2026-05-11T05:50:00Z,256
1838184,North,HOSHIARPUR,GUGGA-PATTI,Unplanned,Closed,2026-05-11T01:34:00Z,2026-05-11T05:50:00Z,256
1838182,North,HOSHIARPUR,Savitri plywood,Unplanned,Closed,2026-05-11T01:34:00Z,2026-05-11T05:51:00Z,257
1838179,North,HOSHIARPUR,NAWA GHAR,Unplanned,Closed,2026-05-11T01:34:00Z,2026-05-11T05:50:00Z,256
1838176,North,HOSHIARPUR,11 KV KAILON,Unplanned,Closed,2026-05-11T01:34:00Z,2026-05-11T05:50:00Z,256
1838175,North,HOSHIARPUR,11 KV Sataur,Unplanned,Closed,2026-05-11T01:34:00Z,2026-05-11T05:50:00Z,256
1838173,North,HOSHIARPUR,SOTLA,Unplanned,Closed,2026-05-11T01:34:00Z,2026-05-11T05:50:00Z,256
1838172,North,HOSHIARPUR,KHUN KHUN,Unplanned,Closed,2026-05-11T01:34:00Z,2026-05-11T05:50:00Z,256
1838170,North,HOSHIARPUR,BAGPUR,Unplanned,Closed,2026-05-11T01:34:00Z,2026-05-11T02:33:00Z,59
1838168,North,HOSHIARPUR,HARIANA,Unplanned,Closed,2026-05-11T01:34:00Z,2026-05-11T05:51:00Z,257
1838389,West,FARIDKOT,TEACHER COLONY,Unplanned,Closed,2026-05-11T01:32:43Z,2026-05-11T03:50:39Z,137
1838646,Border,TARN TARAN,UPS Baba Risiana Ji,Unplanned,Closed,2026-05-11T01:32:00Z,2026-05-11T08:37:54Z,425
1838643,Border,TARN TARAN,UPS WAN TARA SINGH,Unplanned,Closed,2026-05-11T01:32:00Z,2026-05-11T06:10:00Z,278
1838161,Border,CITY AMRITSAR,LAXMAN SAR,Unplanned,Closed,2026-05-11T01:32:00Z,2026-05-11T03:35:00Z,123
1838252,Central,SUB URBAN LUDHIANA,CENTER CITY,Unplanned,Closed,2026-05-11T01:31:00Z,2026-05-11T02:25:00Z,54
1838250,Central,SUB URBAN LUDHIANA,RAILWAY ROAD,Unplanned,Closed,2026-05-11T01:31:00Z,2026-05-11T02:23:00Z,52
1838246,Central,SUB URBAN LUDHIANA,FCI,Unplanned,Closed,2026-05-11T01:31:00Z,2026-05-11T02:26:00Z,55
1838244,Central,SUB URBAN LUDHIANA,CITY-3,Unplanned,Closed,2026-05-11T01:31:00Z,2026-05-11T02:24:00Z,53
1838240,Central,SUB URBAN LUDHIANA,CITY-2,Unplanned,Closed,2026-05-11T01:31:00Z,2026-05-11T02:24:00Z,53
1838238,Central,SUB URBAN LUDHIANA,CITY-1,Unplanned,Closed,2026-05-11T01:31:00Z,2026-05-11T02:25:00Z,54
1838162,West,FARIDKOT,INDUSTRIAL,Unplanned,Closed,2026-05-11T01:30:43Z,2026-05-11T03:18:03Z,107
1838724,North,KAPURTHALA,UPS Khiwa,Unplanned,Closed,2026-05-11T01:30:00Z,2026-05-11T05:50:00Z,260
1838661,Border,TARN TARAN,UPS Blair,Unplanned,Closed,2026-05-11T01:30:00Z,2026-05-11T08:36:00Z,426
1838414,Border,SUB URBAN AMRITSAR,City-3,Unplanned,Closed,2026-05-11T01:30:00Z,2026-05-11T02:24:00Z,54
1838399,West,MUKATSAR,TIBBI SAHIB,Unplanned,Closed,2026-05-11T01:30:00Z,2026-05-11T02:30:00Z,60
1838395,West,MUKATSAR,INDUSTRIAL,Unplanned,Closed,2026-05-11T01:30:00Z,2026-05-11T02:30:00Z,60
1838329,West,MUKATSAR,DISPOSAL PARK,Unplanned,Closed,2026-05-11T01:30:00Z,2026-05-11T02:30:00Z,60
1838298,West,MUKATSAR,GONIANA,Unplanned,Closed,2026-05-11T01:30:00Z,2026-05-11T02:30:00Z,60
1838297,West,MUKATSAR,BATHINDA ROAD,Unplanned,Closed,2026-05-11T01:30:00Z,2026-05-11T02:30:00Z,60
1838294,West,MUKATSAR,DARBAR SAHIB,Unplanned,Closed,2026-05-11T01:30:00Z,2026-05-11T02:30:00Z,60
1838292,West,MUKATSAR,Railway Road,Unplanned,Closed,2026-05-11T01:30:00Z,2026-05-11T02:30:00Z,60
1838287,West,MUKATSAR,Gurdev Vihar,Unplanned,Closed,2026-05-11T01:30:00Z,2026-05-11T02:30:00Z,60
1838266,West,MUKATSAR,TOWN,Unplanned,Closed,2026-05-11T01:30:00Z,2026-05-11T02:30:00Z,60
1838260,Border,GURDASPUR,KOT DHANDHAL CAT-1,Unplanned,Closed,2026-05-11T01:30:00Z,2026-05-11T05:45:00Z,255
1838259,Border,SUB URBAN AMRITSAR,11KV CHAK DOGRA,Unplanned,Closed,2026-05-11T01:30:00Z,2026-05-11T10:25:00Z,535
1838258,Border,GURDASPUR,11 KV Dhesian,Unplanned,Closed,2026-05-11T01:30:00Z,2026-05-11T05:45:00Z,255
1838257,Border,SUB URBAN AMRITSAR,11KV Granthgar,Unplanned,Closed,2026-05-11T01:30:00Z,2026-05-11T07:55:00Z,385
1838255,North,NAWANSHAHR,Bector Food,Unplanned,Closed,2026-05-11T01:30:00Z,2026-05-11T06:30:00Z,300
1838254,North,NAWANSHAHR,Court Complex,Unplanned,Closed,2026-05-11T01:30:00Z,2026-05-11T06:22:00Z,292
1838251,North,NAWANSHAHR,Friends Road,Unplanned,Closed,2026-05-11T01:30:00Z,2026-05-11T06:22:00Z,292
1838248,Border,SUB URBAN AMRITSAR,11KV City4,Unplanned,Closed,2026-05-11T01:30:00Z,2026-05-11T08:10:00Z,400
1838247,North,NAWANSHAHR,PTC,Unplanned,Closed,2026-05-11T01:30:00Z,2026-05-11T05:46:00Z,256
1838243,Border,SUB URBAN AMRITSAR,Gujjarpura,Unplanned,Closed,2026-05-11T01:30:00Z,2026-05-11T12:35:00Z,665
1838242,North,NAWANSHAHR,Industry,Unplanned,Closed,2026-05-11T01:30:00Z,2026-05-11T05:58:00Z,268
1838241,Border,SUB URBAN AMRITSAR,Bhaka Hari Singh,Unplanned,Closed,2026-05-11T01:30:00Z,2026-05-11T09:30:00Z,480
1838239,North,NAWANSHAHR,Raiway road,Unplanned,Closed,2026-05-11T01:30:00Z,2026-05-11T06:10:00Z,280
1838236,North,NAWANSHAHR,Cremica,Unplanned,Closed,2026-05-11T01:30:00Z,2026-05-11T05:53:00Z,263
1838234,Border,SUB URBAN AMRITSAR,GUJJAPEER,Unplanned,Closed,2026-05-11T01:30:00Z,2026-05-11T11:01:00Z,571
1838233,North,NAWANSHAHR,Achan Chak,Unplanned,Closed,2026-05-11T01:30:00Z,2026-05-11T06:22:34Z,292
1838231,North,NAWANSHAHR,City,Unplanned,Closed,2026-05-11T01:30:00Z,2026-05-11T05:40:00Z,250
1838227,Border,SUB URBAN AMRITSAR,LAKHUWAL,Unplanned,Closed,2026-05-11T01:30:00Z,2026-05-11T11:45:00Z,615
1838221,Border,SUB URBAN AMRITSAR,City-II,Unplanned,Closed,2026-05-11T01:30:00Z,2026-05-11T07:50:00Z,380
1838219,Border,SUB URBAN AMRITSAR,city-1,Unplanned,Closed,2026-05-11T01:30:00Z,2026-05-11T07:10:00Z,340
1838217,Border,GURDASPUR,Burma Shell,Unplanned,Closed,2026-05-11T01:30:00Z,2026-05-11T03:41:00Z,131
1838215,Border,GURDASPUR,Shah Colony,Unplanned,Closed,2026-05-11T01:30:00Z,2026-05-11T03:35:00Z,125
1838212,Border,GURDASPUR,Gandhi Chownk,Unplanned,Closed,2026-05-11T01:30:00Z,2026-05-11T03:15:00Z,105
1838209,Border,GURDASPUR,Prem Nagar,Unplanned,Closed,2026-05-11T01:30:00Z,2026-05-11T04:05:00Z,155
1838207,North,NAWANSHAHR,Urban Pattren,Unplanned,Closed,2026-05-11T01:30:00Z,2026-05-11T02:29:00Z,59
1838206,North,NAWANSHAHR,Bansian Dhak,Unplanned,Closed,2026-05-11T01:30:00Z,2026-05-11T02:29:00Z,59
1838205,North,NAWANSHAHR,11 KV UPS RAIPUR ARRIYIAN,Unplanned,Closed,2026-05-11T01:30:00Z,2026-05-11T02:29:00Z,59
1838201,North,NAWANSHAHR,UPS Katpalon,Unplanned,Closed,2026-05-11T01:30:00Z,2026-05-11T02:29:00Z,59
1838197,Border,SUB URBAN AMRITSAR,Gehri,Unplanned,Closed,2026-05-11T01:30:00Z,2026-05-11T08:00:00Z,390
1838181,Border,TARN TARAN,24 HRS UPS,Unplanned,Closed,2026-05-11T01:30:00Z,2026-05-11T07:45:00Z,375
1838156,North,HOSHIARPUR,milk plant,Unplanned,Closed,2026-05-11T01:30:00Z,2026-05-11T05:50:00Z,260
1838153,North,HOSHIARPUR,Salwara,Unplanned,Closed,2026-05-11T01:30:00Z,2026-05-11T02:29:00Z,59
1838149,North,HOSHIARPUR,Banjarbag,Unplanned,Closed,2026-05-11T01:30:00Z,2026-05-11T02:29:00Z,59
1838145,North,HOSHIARPUR,KOTWALI BAZAR,Unplanned,Closed,2026-05-11T01:30:00Z,2026-05-11T02:29:00Z,59
1838143,North,HOSHIARPUR,GUR MANDI,Unplanned,Closed,2026-05-11T01:30:00Z,2026-05-11T02:29:00Z,59
1838142,North,HOSHIARPUR,Jagatpura,Unplanned,Closed,2026-05-11T01:30:00Z,2026-05-11T02:29:00Z,59
1838132,North,HOSHIARPUR,Kamalpur,Unplanned,Closed,2026-05-11T01:28:00Z,2026-05-11T02:27:00Z,59
1838144,North,HOSHIARPUR,FATEHGARH,Unplanned,Closed,2026-05-11T01:26:00Z,2026-05-11T05:02:00Z,216
1838141,North,HOSHIARPUR,Ravidas Nagar feeder,Unplanned,Closed,2026-05-11T01:26:00Z,2026-05-11T02:34:00Z,68
1838140,North,HOSHIARPUR,D.C ROAD,Unplanned,Closed,2026-05-11T01:26:00Z,2026-05-11T02:34:00Z,68
1838139,North,HOSHIARPUR,11 KV Balkrishan Road,Unplanned,Closed,2026-05-11T01:26:00Z,2026-05-11T03:02:00Z,96
1838138,North,HOSHIARPUR,L I C,Unplanned,Closed,2026-05-11T01:26:00Z,2026-05-11T04:58:00Z,212
1838137,North,HOSHIARPUR,RED ROAD,Unplanned,Closed,2026-05-11T01:26:00Z,2026-05-11T01:46:00Z,20
1838136,North,HOSHIARPUR,COURT COMPLEX,Unplanned,Closed,2026-05-11T01:26:00Z,2026-05-11T01:46:00Z,20
1838134,North,HOSHIARPUR,GREEN VIEW PARK,Unplanned,Closed,2026-05-11T01:26:00Z,2026-05-11T03:03:00Z,97
1838265,North,NAWANSHAHR,City-2,Unplanned,Closed,2026-05-11T01:25:00Z,2026-05-11T02:10:00Z,45
1838264,North,NAWANSHAHR,City-1,Unplanned,Closed,2026-05-11T01:25:00Z,2026-05-11T02:10:00Z,45
1838263,North,NAWANSHAHR,Ramgarhia,Unplanned,Closed,2026-05-11T01:25:00Z,2026-05-11T02:10:00Z,45
1838262,North,NAWANSHAHR,Kamalpur,Unplanned,Closed,2026-05-11T01:25:00Z,2026-05-11T02:10:00Z,45
1838253,Border,SUB URBAN AMRITSAR,Urban Jandiala,Unplanned,Closed,2026-05-11T01:25:00Z,2026-05-11T02:05:00Z,40
1838249,Border,SUB URBAN AMRITSAR,UPS Janina,Unplanned,Closed,2026-05-11T01:25:00Z,2026-05-11T06:20:00Z,295
1838245,Border,SUB URBAN AMRITSAR,UPS Dharar,Unplanned,Closed,2026-05-11T01:25:00Z,2026-05-11T08:00:00Z,395
1838229,Border,GURDASPUR,24 Hrs Amipur,Unplanned,Closed,2026-05-11T01:25:00Z,2026-05-11T05:15:00Z,230
1838226,Border,GURDASPUR,24Hrs MOUR,Unplanned,Closed,2026-05-11T01:25:00Z,2026-05-11T05:35:00Z,250
1838225,Border,GURDASPUR,Heer,Unplanned,Closed,2026-05-11T01:25:00Z,2026-05-11T06:13:00Z,288
1838223,Border,GURDASPUR,24Hrs. Salimpur,Unplanned,Closed,2026-05-11T01:25:00Z,2026-05-11T05:15:00Z,230
1838214,Border,GURDASPUR,24Hrs. GUNIAN,Unplanned,Closed,2026-05-11T01:25:00Z,2026-05-11T06:45:00Z,320
1838213,North,NAWANSHAHR,Khehra,Unplanned,Closed,2026-05-11T01:25:00Z,2026-05-11T05:15:00Z,230
1838285,North,NAWANSHAHR,Bara Pind,Unplanned,Closed,2026-05-11T01:24:00Z,2026-05-11T04:26:00Z,182
1838189,Border,SUB URBAN AMRITSAR,Punjab Basmati,Unplanned,Closed,2026-05-11T01:24:00Z,2026-05-11T09:30:00Z,486
1838177,North,NAWANSHAHR,11 KV UPS KATANA,Unplanned,Closed,2026-05-11T01:23:00Z,2026-05-11T03:30:00Z,127
1838171,North,NAWANSHAHR,11 KV MANDI CAT 1,Unplanned,Closed,2026-05-11T01:23:00Z,2026-05-11T03:30:00Z,127
1838166,North,NAWANSHAHR,Urban Pattren,Unplanned,Closed,2026-05-11T01:23:00Z,2026-05-11T02:22:00Z,59
1838165,North,NAWANSHAHR,Apra,Unplanned,Closed,2026-05-11T01:23:00Z,2026-05-11T02:22:00Z,59
1838513,Border,SUB URBAN AMRITSAR,MAJITHA ROAD,Unplanned,Closed,2026-05-11T01:22:00Z,2026-05-11T01:54:00Z,32
1838296,North,NAWANSHAHR,Phagwara road,Unplanned,Closed,2026-05-11T01:22:00Z,2026-05-11T04:54:00Z,212
1838186,West,FARIDKOT,KANER,Unplanned,Closed,2026-05-11T01:22:00Z,2026-05-11T04:28:03Z,186
1838109,North,KAPURTHALA,URBAN KALA SANGHIAN,Unplanned,Closed,2026-05-11T01:22:00Z,2026-05-11T05:31:00Z,249
1838098,North,KAPURTHALA,Jallowal,Unplanned,Closed,2026-05-11T01:21:00Z,2026-05-11T05:54:00Z,273
1838867,West,FARIDKOT,11 KV SMALSAR CAT-01,Unplanned,Closed,2026-05-11T01:20:00Z,2026-05-11T09:05:00Z,465
1838794,Border,GURDASPUR,Beant Coll.,Unplanned,Closed,2026-05-11T01:20:00Z,2026-05-11T06:40:00Z,320
1838791,Border,GURDASPUR,KISHANPUR,Unplanned,Closed,2026-05-11T01:20:00Z,2026-05-11T05:55:00Z,275
1838790,Border,GURDASPUR,Sahowal,Unplanned,Closed,2026-05-11T01:20:00Z,2026-05-11T05:50:00Z,270
1838789,Border,GURDASPUR,Milk Plant,Unplanned,Closed,2026-05-11T01:20:00Z,2026-05-11T06:00:00Z,280
1838719,North,KAPURTHALA,UPS kANG SAHIB RAI,Unplanned,Closed,2026-05-11T01:20:00Z,2026-05-11T06:30:00Z,310
1838319,Border,GURDASPUR,24hrs Shuhar,Unplanned,Closed,2026-05-11T01:20:00Z,2026-05-11T10:20:00Z,540
1838157,Border,GURDASPUR,Thathi,Unplanned,Closed,2026-05-11T01:20:00Z,2026-05-11T05:55:00Z,275
1838154,North,NAWANSHAHR,MUTHADA UPS,Unplanned,Closed,2026-05-11T01:20:00Z,2026-05-11T02:19:00Z,59
1838152,North,NAWANSHAHR,Muthada urban,Unplanned,Closed,2026-05-11T01:20:00Z,2026-05-11T02:19:00Z,59
1838150,North,NAWANSHAHR,Dosanjh Khurd,Unplanned,Closed,2026-05-11T01:20:00Z,2026-05-11T02:19:00Z,59
1838147,North,NAWANSHAHR,Kang Arayian,Unplanned,Closed,2026-05-11T01:20:00Z,2026-05-11T02:19:00Z,59
1838146,North,NAWANSHAHR,Langria UPS,Unplanned,Closed,2026-05-11T01:20:00Z,2026-05-11T02:19:00Z,59
1838135,North,NAWANSHAHR,Urban Pattren UPS,Unplanned,Closed,2026-05-11T01:20:00Z,2026-05-11T05:57:00Z,277
1838133,North,NAWANSHAHR,Dosanjh UPS,Unplanned,Closed,2026-05-11T01:20:00Z,2026-05-11T05:55:00Z,275
1838291,North,NAWANSHAHR,Urban,Unplanned,Closed,2026-05-11T01:18:00Z,2026-05-11T03:35:00Z,137
1838288,North,NAWANSHAHR,Mauli,Unplanned,Closed,2026-05-11T01:18:00Z,2026-05-11T04:52:00Z,214
1838122,North,HOSHIARPUR,SUNDER NAGAR,Unplanned,Closed,2026-05-11T01:18:00Z,2026-05-11T07:45:00Z,387
1838114,North,HOSHIARPUR,MOUNT AVENUE,Unplanned,Closed,2026-05-11T01:18:00Z,2026-05-11T07:45:00Z,387
1838111,North,HOSHIARPUR,SHIVAM HOSPITAL,Unplanned,Closed,2026-05-11T01:18:00Z,2026-05-11T07:45:00Z,387
1838100,North,HOSHIARPUR,Sutehri Road,Unplanned,Closed,2026-05-11T01:18:00Z,2026-05-11T07:45:00Z,387
1838095,North,KAPURTHALA,UPS KOHALA,Unplanned,Closed,2026-05-11T01:18:00Z,2026-05-11T02:00:00Z,42
1838062,Border,SUB URBAN AMRITSAR,DOORDARSHAN,Unplanned,Closed,2026-05-11T01:17:46Z,2026-05-11T12:00:00Z,642
1838060,Border,SUB URBAN AMRITSAR,Railway Station,Unplanned,Closed,2026-05-11T01:17:46Z,2026-05-11T09:39:00Z,501
1838056,Border,SUB URBAN AMRITSAR,BOP,Unplanned,Closed,2026-05-11T01:17:46Z,2026-05-11T09:38:00Z,500
1838055,Border,SUB URBAN AMRITSAR,ICP ATTARI,Unplanned,Closed,2026-05-11T01:17:46Z,2026-05-11T11:24:00Z,606
1838051,Border,SUB URBAN AMRITSAR,Hoshiar Nagar UPS,Unplanned,Closed,2026-05-11T01:17:46Z,2026-05-11T16:45:11Z,927
1838087,Border,CITY AMRITSAR,KHOO BHALLA,Unplanned,Closed,2026-05-11T01:17:00Z,2026-05-11T02:15:00Z,58
1838081,North,HOSHIARPUR,11 KV AP KANDI PATIARIAN,Unplanned,Closed,2026-05-11T01:17:00Z,2026-05-11T03:15:00Z,118
1838078,North,HOSHIARPUR,11 KV Jahankhelan,Unplanned,Closed,2026-05-11T01:17:00Z,2026-05-11T03:15:00Z,118
1838079,North,HOSHIARPUR,K.J. International,Unplanned,Closed,2026-05-11T01:16:00Z,2026-05-11T02:15:00Z,59
1838075,North,HOSHIARPUR,FOCAL POINT KHUN-2KALAN,Unplanned,Closed,2026-05-11T01:16:00Z,2026-05-11T06:40:00Z,324
1838073,North,HOSHIARPUR,Harsipind UPS,Unplanned,Closed,2026-05-11T01:16:00Z,2026-05-11T09:30:00Z,494
1838072,North,HOSHIARPUR,khudda,Unplanned,Closed,2026-05-11T01:16:00Z,2026-05-11T02:15:00Z,59
1838071,North,HOSHIARPUR,KHUN-2 KALAN,Unplanned,Closed,2026-05-11T01:16:00Z,2026-05-11T06:40:00Z,324
1838068,North,HOSHIARPUR,KOLYA,Unplanned,Closed,2026-05-11T01:16:00Z,2026-05-11T09:10:00Z,474
1838066,North,HOSHIARPUR,RAMPUR,Unplanned,Closed,2026-05-11T01:16:00Z,2026-05-11T09:35:00Z,499
1838064,North,HOSHIARPUR,BASSI,Unplanned,Closed,2026-05-11T01:16:00Z,2026-05-11T06:15:00Z,299
1838058,North,HOSHIARPUR,FOCAL POINT,Unplanned,Closed,2026-05-11T01:16:00Z,2026-05-11T05:55:00Z,279
1838417,West,FARIDKOT,11KV KOT SUKHIA,Unplanned,Closed,2026-05-11T01:15:43Z,2026-05-11T07:40:15Z,384
1838237,Border,GURDASPUR,Hardochhanni,Unplanned,Closed,2026-05-11T01:15:00Z,2026-05-11T07:00:00Z,345
1838235,Border,GURDASPUR,LAKHOWAL,Unplanned,Closed,2026-05-11T01:15:00Z,2026-05-11T09:10:00Z,475
1838128,North,NAWANSHAHR,Rurka Kalan,Unplanned,Closed,2026-05-11T01:15:00Z,2026-05-11T02:14:00Z,59
1838127,North,NAWANSHAHR,Danduwal,Unplanned,Closed,2026-05-11T01:15:00Z,2026-05-11T08:30:00Z,435
1838126,North,NAWANSHAHR,Kahna Dhesian,Unplanned,Closed,2026-05-11T01:15:00Z,2026-05-11T06:40:25Z,325
1838125,North,NAWANSHAHR,Randhawa,Unplanned,Closed,2026-05-11T01:15:00Z,2026-05-11T06:40:00Z,325
1838123,North,JALANDHAR,11 KV LAW GATE FEEDER,Unplanned,Closed,2026-05-11T01:15:00Z,2026-05-11T02:12:00Z,57
1838120,North,JALANDHAR,Bhanoki Road,Unplanned,Closed,2026-05-11T01:15:00Z,2026-05-11T02:12:00Z,57
1838113,North,JALANDHAR,STARCH MILL,Unplanned,Closed,2026-05-11T01:15:00Z,2026-05-11T02:12:00Z,57
1838108,North,JALANDHAR,JANDAILI,Unplanned,Closed,2026-05-11T01:15:00Z,2026-05-11T02:12:00Z,57
1838107,North,JALANDHAR,SUKHAIN NAGAR,Unplanned,Closed,2026-05-11T01:15:00Z,2026-05-11T02:12:00Z,57
1838105,North,JALANDHAR,GT ROAD,Unplanned,Closed,2026-05-11T01:15:00Z,2026-05-11T02:12:00Z,57
1838104,North,JALANDHAR,INDUSTRY AREA,Unplanned,Closed,2026-05-11T01:15:00Z,2026-05-11T02:12:00Z,57
1838103,North,JALANDHAR,11 KV Tibbi Feeder,Unplanned,Closed,2026-05-11T01:15:00Z,2026-05-11T02:12:00Z,57
1838101,North,JALANDHAR,VIP,Unplanned,Closed,2026-05-11T01:15:00Z,2026-05-11T02:12:00Z,57
1838099,North,JALANDHAR,CITY2,Unplanned,Closed,2026-05-11T01:15:00Z,2026-05-11T02:12:00Z,57
1838097,North,JALANDHAR,CITY1,Unplanned,Closed,2026-05-11T01:15:00Z,2026-05-11T02:12:00Z,57
1838096,North,JALANDHAR,Bansan Bazaar,Unplanned,Closed,2026-05-11T01:15:00Z,2026-05-11T02:12:00Z,57
1838089,North,JALANDHAR,URBAN STATE,Unplanned,Closed,2026-05-11T01:15:00Z,2026-05-11T02:12:00Z,57
1838085,North,JALANDHAR,RING MAIN,Unplanned,Closed,2026-05-11T01:15:00Z,2026-05-11T02:12:00Z,57
1838084,North,JALANDHAR,Onkar nagar,Unplanned,Closed,2026-05-11T01:15:00Z,2026-05-11T02:12:00Z,57
1838083,North,JALANDHAR,ASHOK VIHAR,Unplanned,Closed,2026-05-11T01:15:00Z,2026-05-11T02:12:00Z,57
1838082,North,JALANDHAR,KLARWARA GATE,Unplanned,Closed,2026-05-11T01:15:00Z,2026-05-11T02:12:00Z,57
1838080,North,JALANDHAR,LINK FEEDER,Unplanned,Closed,2026-05-11T01:15:00Z,2026-05-11T02:12:00Z,57
1838077,North,JALANDHAR,LINK FEEDER,Unplanned,Closed,2026-05-11T01:15:00Z,2026-05-11T02:12:00Z,57
1838076,North,JALANDHAR,HSP ROAD,Unplanned,Closed,2026-05-11T01:15:00Z,2026-05-11T02:12:00Z,57
1838074,North,JALANDHAR,BABA GADHIYA,Unplanned,Closed,2026-05-11T01:15:00Z,2026-05-11T02:12:00Z,57
1838070,North,HOSHIARPUR,11 KV Narayan Nagar,Unplanned,Closed,2026-05-11T01:13:00Z,2026-05-11T03:10:00Z,117
1838069,North,HOSHIARPUR,KHARKAN,Unplanned,Closed,2026-05-11T01:13:00Z,2026-05-11T03:16:00Z,123
1838067,North,HOSHIARPUR,Bassi Gulam Hussian,Unplanned,Closed,2026-05-11T01:13:00Z,2026-05-11T03:10:00Z,117
1838065,North,HOSHIARPUR,service club,Unplanned,Closed,2026-05-11T01:13:00Z,2026-05-11T03:10:00Z,117
1838063,North,HOSHIARPUR,PB. AGRO,Unplanned,Closed,2026-05-11T01:13:00Z,2026-05-11T03:16:00Z,123
1838061,North,HOSHIARPUR,SSG. UNIVERCITY,Unplanned,Closed,2026-05-11T01:13:00Z,2026-05-11T03:10:00Z,117
1838059,North,HOSHIARPUR,BAJWARA,Unplanned,Closed,2026-05-11T01:13:00Z,2026-05-11T03:10:00Z,117
1838057,North,HOSHIARPUR,PRTC,Unplanned,Closed,2026-05-11T01:13:00Z,2026-05-11T03:10:00Z,117
1838054,North,HOSHIARPUR,NARA DADA,Unplanned,Closed,2026-05-11T01:13:00Z,2026-05-11T03:18:00Z,125
1838053,North,HOSHIARPUR,CHAUNNI,Unplanned,Closed,2026-05-11T01:13:00Z,2026-05-11T03:10:00Z,117
1838052,North,HOSHIARPUR,ASLAMABAD,Unplanned,Closed,2026-05-11T01:13:00Z,2026-05-11T04:23:00Z,190
1838050,North,HOSHIARPUR,SHIMLA PAHARI,Unplanned,Closed,2026-05-11T01:13:00Z,2026-05-11T03:10:00Z,117
1838015,Border,SUB URBAN AMRITSAR,Chh UPS,Unplanned,Closed,2026-05-11T01:12:40Z,2026-05-11T10:41:00Z,568
1838093,West,FARIDKOT,11 KV Mann Singh Wala UPS,Unplanned,Closed,2026-05-11T01:10:43Z,2026-05-11T07:19:00Z,368
1838463,Border,SUB URBAN AMRITSAR,UPS TARHPUR,Unplanned,Closed,2026-05-11T01:10:13Z,2026-05-11T08:36:13Z,446
1838462,Border,SUB URBAN AMRITSAR,mattewal,Unplanned,Closed,2026-05-11T01:10:13Z,2026-05-11T08:36:13Z,446
1838559,Border,SUB URBAN AMRITSAR,Bhararri Wal,Unplanned,Closed,2026-05-11T01:10:00Z,2026-05-11T03:45:00Z,155
1838556,Border,SUB URBAN AMRITSAR,Fathapur,Unplanned,Closed,2026-05-11T01:10:00Z,2026-05-11T05:30:00Z,260
1838472,Border,SUB URBAN AMRITSAR,11 KV INDRA COLONY,Unplanned,Closed,2026-05-11T01:10:00Z,2026-05-11T09:00:00Z,470
1838446,Border,SUB URBAN AMRITSAR,SUNCITY,Unplanned,Closed,2026-05-11T01:10:00Z,2026-05-11T09:00:00Z,470
1838151,Border,GURDASPUR,Thathi,Unplanned,Closed,2026-05-11T01:10:00Z,2026-05-11T05:55:00Z,285
1838131,Border,GURDASPUR,Miani,Unplanned,Closed,2026-05-11T01:10:00Z,2026-05-11T06:10:00Z,300
1838124,North,HOSHIARPUR,FOCAL POINT,Unplanned,Closed,2026-05-11T01:10:00Z,2026-05-11T02:10:00Z,60
1838119,North,HOSHIARPUR,PURHIRAN URBAN,Unplanned,Closed,2026-05-11T01:10:00Z,2026-05-11T04:11:41Z,181
1838112,Border,GURDASPUR,Tahli Sahib,Unplanned,Closed,2026-05-11T01:10:00Z,2026-05-11T07:25:00Z,375
1838110,Border,GURDASPUR,Ganji,Unplanned,Closed,2026-05-11T01:10:00Z,2026-05-11T07:30:00Z,380
1838106,Border,GURDASPUR,Sadda,Unplanned,Closed,2026-05-11T01:10:00Z,2026-05-11T07:30:00Z,380
1838102,Border,GURDASPUR,BOP,Unplanned,Closed,2026-05-11T01:10:00Z,2026-05-11T07:35:00Z,385
1838094,North,HOSHIARPUR,AJJOWAL,Unplanned,Closed,2026-05-11T01:10:00Z,2026-05-11T02:10:00Z,60
1838092,North,HOSHIARPUR,Bhagowal,Unplanned,Closed,2026-05-11T01:10:00Z,2026-05-11T02:10:00Z,60
1838091,North,HOSHIARPUR,KAKKON,Unplanned,Closed,2026-05-11T01:10:00Z,2026-05-11T02:10:00Z,60
1838090,North,NAWANSHAHR,Mithra UPS,Unplanned,Closed,2026-05-11T01:10:00Z,2026-05-11T02:09:00Z,59
1838088,North,NAWANSHAHR,Ragomal Urban,Unplanned,Closed,2026-05-11T01:10:00Z,2026-05-11T02:09:00Z,59
1838086,North,NAWANSHAHR,Bundala Cat-1,Unplanned,Closed,2026-05-11T01:10:00Z,2026-05-11T02:09:00Z,59
1838039,North,HOSHIARPUR,BADLA,Unplanned,Closed,2026-05-11T01:10:00Z,2026-05-11T02:10:00Z,60
1838148,West,FARIDKOT,KHOSA KOTLA,Unplanned,Closed,2026-05-11T01:08:47Z,2026-05-11T01:59:55Z,51
1837995,Border,SUB URBAN AMRITSAR,Hoshiar Nagar Urban,Unplanned,Closed,2026-05-11T01:08:17Z,2026-05-11T08:52:00Z,463
1838160,Border,TARN TARAN,URBAN CIVIL HOSPITAL PATTI,Unplanned,Closed,2026-05-11T01:08:00Z,2026-05-11T06:30:00Z,322
1838159,Border,TARN TARAN,Urban Railway Station Patti,Unplanned,Closed,2026-05-11T01:08:00Z,2026-05-11T06:31:00Z,323
1838158,Border,TARN TARAN,URBAN GARDEN COLONY,Unplanned,Closed,2026-05-11T01:08:00Z,2026-05-11T04:25:57Z,197
1838038,North,HOSHIARPUR,BHKALA,Unplanned,Closed,2026-05-11T01:08:00Z,2026-05-11T05:25:00Z,257
1838034,North,HOSHIARPUR,LAMBRA,Unplanned,Closed,2026-05-11T01:08:00Z,2026-05-11T06:27:00Z,319
1838029,North,HOSHIARPUR,BULLOWAL,Unplanned,Closed,2026-05-11T01:08:00Z,2026-05-11T05:25:00Z,257
1838048,Border,CITY AMRITSAR,MEDICAL COLLEGE,Unplanned,Closed,2026-05-11T01:07:00Z,2026-05-11T03:02:00Z,115
1838045,Border,CITY AMRITSAR,SHIVALA ROAD,Unplanned,Closed,2026-05-11T01:07:00Z,2026-05-11T01:35:00Z,28
1838043,Border,CITY AMRITSAR,MALL ROAD,Unplanned,Closed,2026-05-11T01:07:00Z,2026-05-11T01:40:11Z,33
1838889,Border,SUB URBAN AMRITSAR,NAG KALAN Anaitpura,Unplanned,Closed,2026-05-11T01:06:39Z,2026-05-11T08:20:00Z,433
1838049,North,HOSHIARPUR,Motia Mill,Unplanned,Closed,2026-05-11T01:06:00Z,2026-05-11T07:45:00Z,399
1838047,North,HOSHIARPUR,KANDHALA JATTAN,Unplanned,Closed,2026-05-11T01:06:00Z,2026-05-11T09:10:00Z,484
1838046,North,HOSHIARPUR,Mokal,Unplanned,Closed,2026-05-11T01:06:00Z,2026-05-11T11:01:00Z,595
1838044,North,HOSHIARPUR,SALALA,Unplanned,Closed,2026-05-11T01:06:00Z,2026-05-11T07:50:00Z,404
1838042,North,HOSHIARPUR,LAROYA,Unplanned,Closed,2026-05-11T01:06:00Z,2026-05-11T12:25:00Z,679
1838041,North,HOSHIARPUR,Chak Jhandu,Unplanned,Closed,2026-05-11T01:06:00Z,2026-05-11T09:30:00Z,504
1838040,North,HOSHIARPUR,Khozkipur,Unplanned,Closed,2026-05-11T01:06:00Z,2026-05-11T02:06:00Z,60
1838036,North,HOSHIARPUR,SUSANA,Unplanned,Closed,2026-05-11T01:06:00Z,2026-05-11T10:10:00Z,544
1838035,North,HOSHIARPUR,PAJJODEUTA,Unplanned,Closed,2026-05-11T01:06:00Z,2026-05-11T07:40:00Z,394
1838033,North,HOSHIARPUR,KHARDEHER,Unplanned,Closed,2026-05-11T01:06:00Z,2026-05-11T09:30:00Z,504
1838031,North,HOSHIARPUR,Soosa,Unplanned,Closed,2026-05-11T01:06:00Z,2026-05-11T12:50:00Z,704
1838028,North,HOSHIARPUR,Victoria Dreamland,Unplanned,Closed,2026-05-11T01:06:00Z,2026-05-11T02:06:00Z,60
1838026,North,HOSHIARPUR,11 KV Shri Guru Nanak Nagar,Unplanned,Closed,2026-05-11T01:06:00Z,2026-05-11T07:20:00Z,374
1838024,North,HOSHIARPUR,BULLOWAL   NO    2,Unplanned,Closed,2026-05-11T01:06:00Z,2026-05-11T10:25:00Z,559
1838023,North,HOSHIARPUR,11KV SATOWALI,Unplanned,Closed,2026-05-11T01:06:00Z,2026-05-11T11:55:00Z,649
1838021,North,HOSHIARPUR,GHUG,Unplanned,Closed,2026-05-11T01:06:00Z,2026-05-11T10:40:00Z,574
1838758,North,KAPURTHALA,Taj city,Unplanned,Closed,2026-05-11T01:05:00Z,2026-05-11T04:45:00Z,220
1838155,Border,SUB URBAN AMRITSAR,Guru AmarDass Avenue,Unplanned,Closed,2026-05-11T01:05:00Z,2026-05-11T11:50:00Z,645
1838130,Border,SUB URBAN AMRITSAR,Kherabad,Unplanned,Closed,2026-05-11T01:05:00Z,2026-05-11T07:55:42Z,410
1838129,Border,SUB URBAN AMRITSAR,Holy City,Unplanned,Closed,2026-05-11T01:05:00Z,2026-05-11T06:30:00Z,325
1838037,North,JALANDHAR,DEFENCE COLONY NO.2,Unplanned,Closed,2026-05-11T01:05:00Z,2026-05-11T02:50:00Z,105
1838032,Border,SUB URBAN AMRITSAR,Sangrana Sahib,Unplanned,Closed,2026-05-11T01:05:00Z,2026-05-11T02:00:00Z,55
1838004,North,KAPURTHALA,UPS KHERA MANDIR,Unplanned,Closed,2026-05-11T01:04:00Z,2026-05-11T03:30:00Z,146
1838698,North,KAPURTHALA,11KV Kotla Jangan Cat 1,Unplanned,Closed,2026-05-11T01:03:00Z,2026-05-11T08:20:00Z,437
1838691,North,KAPURTHALA,UPS HERAN,Unplanned,Closed,2026-05-11T01:03:00Z,2026-05-11T07:25:00Z,382
1837945,Border,SUB URBAN AMRITSAR,WATER TREAT PLANT,Unplanned,Closed,2026-05-11T01:01:11Z,2026-05-11T08:02:00Z,420
1837944,Border,SUB URBAN AMRITSAR,BASERKAY GILLAN,Unplanned,Closed,2026-05-11T01:01:11Z,2026-05-11T07:30:00Z,388
1837962,North,JALANDHAR,11 KV Lal Kurti Feeder,Unplanned,Closed,2026-05-11T01:01:03Z,2026-05-11T04:35:03Z,214
1837960,North,JALANDHAR,DEEP NAGAR,Unplanned,Closed,2026-05-11T01:01:03Z,2026-05-11T05:40:03Z,279
1837953,North,JALANDHAR,DHANOWALI,Unplanned,Closed,2026-05-11T01:01:03Z,2026-05-11T05:40:03Z,279
1837951,North,JALANDHAR,RAMA MANDI,Unplanned,Closed,2026-05-11T01:01:03Z,2026-05-11T05:01:03Z,240
1837950,North,JALANDHAR,TV TOWER,Unplanned,Closed,2026-05-11T01:01:03Z,2026-05-11T05:55:03Z,294
1837949,North,JALANDHAR,PAP,Unplanned,Closed,2026-05-11T01:01:03Z,2026-05-11T04:58:03Z,237
1838787,Border,GURDASPUR,BABEHALI,Unplanned,Closed,2026-05-11T01:00:00Z,2026-05-11T08:09:00Z,429
1838786,Border,GURDASPUR,Pahra,Unplanned,Closed,2026-05-11T01:00:00Z,2026-05-11T08:16:00Z,436
1838121,Border,SUB URBAN AMRITSAR,Dashmesh Nagar,Unplanned,Closed,2026-05-11T01:00:00Z,2026-05-11T02:30:42Z,90
1838030,North,KAPURTHALA,11 KV urban Girl School,Unplanned,Closed,2026-05-11T01:00:00Z,2026-05-11T02:00:00Z,60
1838027,North,JALANDHAR,11KV HOUSING BOARD,Unplanned,Closed,2026-05-11T01:00:00Z,2026-05-11T02:00:00Z,60
1838025,North,HOSHIARPUR,11kv INDUSTRIAL HSP ROAD NASRALA,Unplanned,Closed,2026-05-11T01:00:00Z,2026-05-11T02:00:00Z,60
1838022,North,HOSHIARPUR,11 KV INDUSTRIAL NASRAL JAL RD,Unplanned,Closed,2026-05-11T01:00:00Z,2026-05-11T02:00:00Z,60
1838020,North,HOSHIARPUR,PEALAN,Unplanned,Closed,2026-05-11T01:00:00Z,2026-05-11T02:00:00Z,60
1838019,North,HOSHIARPUR,NEW TANDA ROAD,Unplanned,Closed,2026-05-11T01:00:00Z,2026-05-11T02:00:00Z,60
1838018,North,HOSHIARPUR,DASHMESH NAGAR,Unplanned,Closed,2026-05-11T01:00:00Z,2026-05-11T02:00:00Z,60
1838017,North,HOSHIARPUR,RAHIMPUR/SUNCITY,Unplanned,Closed,2026-05-11T01:00:00Z,2026-05-11T02:00:00Z,60
1838016,North,JALANDHAR,NEW MODEL TOWN,Unplanned,Closed,2026-05-11T01:00:00Z,2026-05-11T03:40:00Z,160
1838014,North,HOSHIARPUR,SATALITE DEOWAL,Unplanned,Closed,2026-05-11T01:00:00Z,2026-05-11T02:00:00Z,60
1838013,North,HOSHIARPUR,PIPLANWALA FOCAL POINT,Unplanned,Closed,2026-05-11T01:00:00Z,2026-05-11T02:00:00Z,60
1838011,North,JALANDHAR,NAKODER ROAD,Unplanned,Closed,2026-05-11T01:00:00Z,2026-05-11T02:42:00Z,102
1838010,Border,SUB URBAN AMRITSAR,Urban Ekalgada,Unplanned,Closed,2026-05-11T01:00:00Z,2026-05-11T09:00:00Z,480
1838009,North,JALANDHAR,Sudhama Vihar,Unplanned,Closed,2026-05-11T01:00:00Z,2026-05-11T05:34:00Z,274
1838006,Border,SUB URBAN AMRITSAR,UPS Chattiwind,Unplanned,Closed,2026-05-11T01:00:00Z,2026-05-11T06:41:00Z,341
1838003,Border,SUB URBAN AMRITSAR,TahlaSahib,Unplanned,Closed,2026-05-11T01:00:00Z,2026-05-11T06:35:00Z,335
1838002,North,JALANDHAR,GILL COLONY,Unplanned,Closed,2026-05-11T01:00:00Z,2026-05-11T02:00:00Z,60
1838001,North,JALANDHAR,BASTI DANISJMANDA,Unplanned,Closed,2026-05-11T01:00:00Z,2026-05-11T02:00:00Z,60
1837997,North,KAPURTHALA,CAT.1 TALWANDI MADHO,Unplanned,Closed,2026-05-11T01:00:00Z,2026-05-11T02:38:00Z,98
1837994,North,HOSHIARPUR,INDUSTRIAL,Unplanned,Closed,2026-05-11T01:00:00Z,2026-05-11T04:01:53Z,181
1837993,North,JALANDHAR,GOL MARKET,Unplanned,Closed,2026-05-11T01:00:00Z,2026-05-11T02:00:00Z,60
1837992,North,HOSHIARPUR,SHAM-84,Unplanned,Closed,2026-05-11T01:00:00Z,2026-05-11T04:37:22Z,217
1837991,North,HOSHIARPUR,JALBHEY,Unplanned,Closed,2026-05-11T01:00:00Z,2026-05-11T04:30:54Z,210
1837990,North,HOSHIARPUR,PATHRALIAN,Unplanned,Closed,2026-05-11T01:00:00Z,2026-05-11T04:32:01Z,212
1837988,North,HOSHIARPUR,TARAGARH,Unplanned,Closed,2026-05-11T01:00:00Z,2026-05-11T04:35:00Z,215
1837987,North,JALANDHAR,WARYAM NAGAR,Unplanned,Closed,2026-05-11T01:00:00Z,2026-05-11T02:00:00Z,60
1837946,Border,SUB URBAN AMRITSAR,Disposal,Unplanned,Closed,2026-05-11T01:00:00Z,2026-05-11T02:30:18Z,90
1838012,North,HOSHIARPUR,GHUG,Unplanned,Closed,2026-05-11T00:58:00Z,2026-05-11T10:40:00Z,582
1838008,North,HOSHIARPUR,BHOGPUR NO 2,Unplanned,Closed,2026-05-11T00:58:00Z,2026-05-11T07:15:00Z,377
1838007,North,HOSHIARPUR,SUDHANA,Unplanned,Closed,2026-05-11T00:58:00Z,2026-05-11T11:25:00Z,627
1838005,North,HOSHIARPUR,KALA BAKRA shared feeder,Unplanned,Closed,2026-05-11T00:58:00Z,2026-05-11T11:40:00Z,642
1837965,Central,CITY EAST LUDHIANA,GURU NANAK DEV NAGAR,Unplanned,Closed,2026-05-11T00:58:00Z,2026-05-11T04:22:00Z,204
1837937,West,FARIDKOT,Sai Dham,Unplanned,Closed,2026-05-11T00:55:29Z,2026-05-11T01:53:54Z,58
1838000,North,HOSHIARPUR,DALLI shared feeder with s/divn,Unplanned,Closed,2026-05-11T00:55:00Z,2026-05-11T12:00:00Z,665
1837998,North,HOSHIARPUR,Bhogpur,Unplanned,Closed,2026-05-11T00:55:00Z,2026-05-11T06:44:00Z,349
1837996,North,HOSHIARPUR,Ahiapur,Unplanned,Closed,2026-05-11T00:55:00Z,2026-05-11T05:45:00Z,290
1837989,Border,TARN TARAN,24 Hur. Sohal,Unplanned,Closed,2026-05-11T00:55:00Z,2026-05-11T12:45:00Z,710
1837943,Border,SUB URBAN AMRITSAR,Kot khalsa,Unplanned,Closed,2026-05-11T00:55:00Z,2026-05-11T02:30:27Z,95
1837936,Border,SUB URBAN AMRITSAR,BABA NAHAR SINGH,Unplanned,Closed,2026-05-11T00:54:06Z,2026-05-11T08:17:00Z,442
1837935,Border,SUB URBAN AMRITSAR,BHUSSE,Unplanned,Closed,2026-05-11T00:54:06Z,2026-05-11T08:36:00Z,461
1837934,Border,SUB URBAN AMRITSAR,24 Hrs Rajatal,Unplanned,Closed,2026-05-11T00:54:06Z,2026-05-11T08:35:00Z,460
1837933,Border,SUB URBAN AMRITSAR,RAJATAL URBAN,Unplanned,Closed,2026-05-11T00:54:06Z,2026-05-11T08:37:00Z,462
1837932,Border,SUB URBAN AMRITSAR,RAJATAL BOP,Unplanned,Closed,2026-05-11T00:54:06Z,2026-05-11T08:18:00Z,443
1837930,Border,SUB URBAN AMRITSAR,BSF,Unplanned,Closed,2026-05-11T00:54:06Z,2026-05-11T07:23:00Z,388
1837921,Border,SUB URBAN AMRITSAR,11 KV WADALA,Unplanned,Closed,2026-05-11T00:54:06Z,2026-05-11T08:33:00Z,458
1837919,Border,SUB URBAN AMRITSAR,KOTLA UPS,Unplanned,Closed,2026-05-11T00:54:06Z,2026-05-11T07:12:00Z,377
1837986,North,JALANDHAR,MODEL TOWN,Unplanned,Closed,2026-05-11T00:52:00Z,2026-05-11T01:40:00Z,48
1837942,North,JALANDHAR,11KV GTB NAGAR,Unplanned,Closed,2026-05-11T00:52:00Z,2026-05-11T02:20:00Z,88
1837923,North,KAPURTHALA,URBAN MARKFED,Unplanned,Closed,2026-05-11T00:52:00Z,2026-05-11T04:39:00Z,227
1837941,North,HOSHIARPUR,SUKCHAINPUR,Unplanned,Closed,2026-05-11T00:50:00Z,2026-05-11T04:00:00Z,190
1837940,North,HOSHIARPUR,RAMGHAR,Unplanned,Closed,2026-05-11T00:50:00Z,2026-05-11T04:35:00Z,225
1837939,North,HOSHIARPUR,BHOL,Unplanned,Closed,2026-05-11T00:50:00Z,2026-05-11T04:35:00Z,225
1837914,North,KAPURTHALA,FACTORY AREA,Unplanned,Closed,2026-05-11T00:49:00Z,2026-05-11T02:15:00Z,86
1837913,Border,SUB URBAN AMRITSAR,Polytechnic,Unplanned,Closed,2026-05-11T00:47:00Z,2026-05-11T01:15:50Z,28
1837909,North,KAPURTHALA,URBAN SHEIKHUPUR,Unplanned,Closed,2026-05-11T00:47:00Z,2026-05-11T01:43:00Z,56
1838792,Border,SUB URBAN AMRITSAR,AZAD ROAD FEEDER,Unplanned,Closed,2026-05-11T00:45:00Z,2026-05-11T07:15:00Z,390
1837938,Border,TARN TARAN,CITY 1,Unplanned,Closed,2026-05-11T00:45:00Z,2026-05-11T01:10:00Z,25
1837928,Border,TARN TARAN,KAROWAL,Unplanned,Closed,2026-05-11T00:45:00Z,2026-05-11T07:50:00Z,425
1837931,North,KAPURTHALA,Guru Nanak Nagar URBAN,Unplanned,Closed,2026-05-11T00:44:00Z,2026-05-11T01:40:00Z,56
1837929,North,KAPURTHALA,AJIT NAGAR,Unplanned,Closed,2026-05-11T00:44:00Z,2026-05-11T01:40:00Z,56
1837922,North,KAPURTHALA,URBAN MOHABAT NAGAR,Unplanned,Closed,2026-05-11T00:44:00Z,2026-05-11T01:40:00Z,56
1837920,North,KAPURTHALA,URBAN CITY,Unplanned,Closed,2026-05-11T00:44:00Z,2026-05-11T01:40:00Z,56
1837918,North,KAPURTHALA,J.J. CLUB,Unplanned,Closed,2026-05-11T00:44:00Z,2026-05-11T01:40:00Z,56
1837917,North,KAPURTHALA,JALLOW KHANNA URBAN,Unplanned,Closed,2026-05-11T00:44:00Z,2026-05-11T01:40:00Z,56
1837916,North,KAPURTHALA,SHALIMAR JALANDHAR ROAD,Unplanned,Closed,2026-05-11T00:44:00Z,2026-05-11T01:40:00Z,56
1837915,North,KAPURTHALA,MALL ROAD URBAN,Unplanned,Closed,2026-05-11T00:44:00Z,2026-05-11T01:40:00Z,56
1837893,North,KAPURTHALA,Santpura,Unplanned,Closed,2026-05-11T00:44:00Z,2026-05-11T03:41:00Z,177
1837999,Border,TARN TARAN,BAWA SHOE,Unplanned,Closed,2026-05-11T00:40:00Z,2026-05-11T06:05:00Z,325
1837873,North,KAPURTHALA,preet nagar,Unplanned,Closed,2026-05-11T00:39:00Z,2026-05-11T03:42:00Z,183
1838388,Border,TARN TARAN,24 Hrs. UPS  ASSAL,Unplanned,Closed,2026-05-11T00:38:00Z,2026-05-11T09:20:00Z,522
1838386,Border,TARN TARAN,Adda Amarkot,Unplanned,Closed,2026-05-11T00:38:00Z,2026-05-11T02:27:46Z,109
1838385,Border,TARN TARAN,UPS Valtoha,Unplanned,Closed,2026-05-11T00:38:00Z,2026-05-11T09:12:00Z,514
1838851,North,KAPURTHALA,UPS MIRZAPUR,Unplanned,Closed,2026-05-11T00:35:00Z,2026-05-11T07:05:00Z,390
1838850,North,KAPURTHALA,UPS IBBRAHIMWAL,Unplanned,Closed,2026-05-11T00:35:00Z,2026-05-11T07:05:00Z,390
1838849,North,KAPURTHALA,UPS MAND,Unplanned,Closed,2026-05-11T00:35:00Z,2026-05-11T07:05:00Z,390
1837905,North,HOSHIARPUR,SANDPUR,Unplanned,Closed,2026-05-11T00:35:00Z,2026-05-11T04:40:00Z,245
1837904,North,HOSHIARPUR,DATARPUR,Unplanned,Closed,2026-05-11T00:35:00Z,2026-05-11T02:50:00Z,135
1837903,North,HOSHIARPUR,TALWARA,Unplanned,Closed,2026-05-11T00:35:00Z,2026-05-11T04:40:00Z,245
1837902,North,HOSHIARPUR,SHAH NEHAR,Unplanned,Closed,2026-05-11T00:35:00Z,2026-05-11T04:40:00Z,245
1837901,North,HOSHIARPUR,KAMHI DEVI,Unplanned,Closed,2026-05-11T00:35:00Z,2026-05-11T02:50:00Z,135
1837900,North,HOSHIARPUR,BHAMBOTAR,Unplanned,Closed,2026-05-11T00:35:00Z,2026-05-11T04:40:00Z,245
1837899,North,HOSHIARPUR,SATHWAN,Unplanned,Closed,2026-05-11T00:35:00Z,2026-05-11T04:25:00Z,230
1837832,Border,SUB URBAN AMRITSAR,UPS Chawinda,Unplanned,Closed,2026-05-11T00:31:46Z,2026-05-11T12:30:00Z,718
1837831,Border,SUB URBAN AMRITSAR,11 KV BACHIWIND,Unplanned,Closed,2026-05-11T00:31:46Z,2026-05-11T11:58:00Z,686
1838748,Border,TARN TARAN,RAILWAY STATION-II,Unplanned,Closed,2026-05-11T00:30:00Z,2026-05-11T05:40:00Z,310
1837865,North,HOSHIARPUR,NANGAL BIHALAN,Unplanned,Closed,2026-05-11T00:30:00Z,2026-05-11T06:35:00Z,365
1837856,North,HOSHIARPUR,WAZIRAN,Unplanned,Closed,2026-05-11T00:30:00Z,2026-05-11T05:50:00Z,320
1837855,North,HOSHIARPUR,HANDHWAL UPS,Unplanned,Closed,2026-05-11T00:30:00Z,2026-05-11T04:45:00Z,255
1837854,North,HOSHIARPUR,HAJIPUR,Unplanned,Closed,2026-05-11T00:30:00Z,2026-05-11T04:33:00Z,243
1837853,North,HOSHIARPUR,KHIZARPUR,Unplanned,Closed,2026-05-11T00:30:00Z,2026-05-11T04:35:00Z,245
1837852,North,HOSHIARPUR,MHP2,Unplanned,Closed,2026-05-11T00:30:00Z,2026-05-11T04:42:00Z,252
1837851,North,HOSHIARPUR,SAWAR,Unplanned,Closed,2026-05-11T00:30:00Z,2026-05-11T04:43:00Z,253
1837848,North,HOSHIARPUR,khunda,Unplanned,Closed,2026-05-11T00:30:00Z,2026-05-11T04:37:00Z,247
1837847,North,HOSHIARPUR,MPH NO. 3&4,Unplanned,Closed,2026-05-11T00:30:00Z,2026-05-11T06:55:00Z,385
1837844,North,JALANDHAR,GURU NANAK NAGAR,Unplanned,Closed,2026-05-11T00:30:00Z,2026-05-11T03:47:00Z,197
1838784,Border,GURDASPUR,Ghurala,Unplanned,Closed,2026-05-11T00:29:00Z,2026-05-11T07:30:00Z,421
1837830,Border,SUB URBAN AMRITSAR,Mohleke Urban,Unplanned,Closed,2026-05-11T00:25:49Z,2026-05-11T09:28:00Z,542
1837829,Border,SUB URBAN AMRITSAR,24 Hrs Mohleke,Unplanned,Closed,2026-05-11T00:25:49Z,2026-05-11T12:58:00Z,752
1837828,Border,SUB URBAN AMRITSAR,24 HRS NAVODAYA,Unplanned,Closed,2026-05-11T00:25:49Z,2026-05-11T09:27:00Z,541
1837827,Border,SUB URBAN AMRITSAR,MUDH,Unplanned,Closed,2026-05-11T00:25:49Z,2026-05-11T09:40:00Z,554
1837898,Border,GURDASPUR,KISHANKOT UPS,Unplanned,Closed,2026-05-11T00:25:07Z,2026-05-11T04:27:00Z,241
1837897,Border,GURDASPUR,Rampur Talwara,Unplanned,Closed,2026-05-11T00:25:07Z,2026-05-11T04:25:00Z,239
1837896,Border,GURDASPUR,Withwan,Unplanned,Closed,2026-05-11T00:25:07Z,2026-05-11T04:27:00Z,241
1837895,Border,GURDASPUR,Cheema Khuddi,Unplanned,Closed,2026-05-11T00:25:07Z,2026-05-11T04:25:00Z,239
1837894,Border,GURDASPUR,Sri Hargobindpur,Unplanned,Closed,2026-05-11T00:25:07Z,2026-05-11T04:25:00Z,239
1838401,Border,TARN TARAN,JHENDER  UPS,Unplanned,Closed,2026-05-11T00:25:00Z,2026-05-11T06:30:00Z,365
1838400,Border,TARN TARAN,GHAT SAHIB URBAN,Unplanned,Closed,2026-05-11T00:25:00Z,2026-05-11T05:05:00Z,280
1837892,North,HOSHIARPUR,MUKERIAN,Unplanned,Closed,2026-05-11T00:25:00Z,2026-05-11T05:05:00Z,280
1837887,North,HOSHIARPUR,Urban qilla road,Unplanned,Closed,2026-05-11T00:25:00Z,2026-05-11T05:05:00Z,280
1837886,North,HOSHIARPUR,11KV Dagan UPS,Unplanned,Closed,2026-05-11T00:25:00Z,2026-05-11T04:35:00Z,250
1837885,North,HOSHIARPUR,Rest House,Unplanned,Closed,2026-05-11T00:25:00Z,2026-05-11T04:35:00Z,250
1837884,North,HOSHIARPUR,11KV SINGHPUR UPS,Unplanned,Closed,2026-05-11T00:25:00Z,2026-05-11T04:45:00Z,260
1837883,North,HOSHIARPUR,Model Town,Unplanned,Closed,2026-05-11T00:25:00Z,2026-05-11T04:35:00Z,250
1837882,North,HOSHIARPUR,Puda Colony,Unplanned,Closed,2026-05-11T00:25:00Z,2026-05-11T04:35:00Z,250
1837876,North,HOSHIARPUR,RAILWAY ROAD MUKERIAN,Unplanned,Closed,2026-05-11T00:25:00Z,2026-05-11T05:05:00Z,280
1837875,North,HOSHIARPUR,KOTLI,Unplanned,Closed,2026-05-11T00:25:00Z,2026-05-11T04:55:00Z,270
1837874,North,HOSHIARPUR,CHACK,Unplanned,Closed,2026-05-11T00:25:00Z,2026-05-11T07:20:00Z,415
1837846,North,HOSHIARPUR,11KV UPS TERKIANA,Unplanned,Closed,2026-05-11T00:25:00Z,2026-05-11T04:50:00Z,265
1837845,North,HOSHIARPUR,BHATIAN JATTAN,Unplanned,Closed,2026-05-11T00:25:00Z,2026-05-11T04:50:00Z,265
1837843,North,HOSHIARPUR,TANDA,Unplanned,Closed,2026-05-11T00:25:00Z,2026-05-11T04:50:00Z,265
1837842,North,HOSHIARPUR,DEVIDASS,Unplanned,Closed,2026-05-11T00:25:00Z,2026-05-11T04:50:00Z,265
1837841,North,HOSHIARPUR,11kv Chanour UPS,Unplanned,Closed,2026-05-11T00:25:00Z,2026-05-11T05:55:00Z,330
1837840,North,HOSHIARPUR,BUDHABAR,Unplanned,Closed,2026-05-11T00:25:00Z,2026-05-11T04:40:00Z,255
1837912,Border,GURDASPUR,BHAM UPS,Unplanned,Closed,2026-05-11T00:24:23Z,2026-05-11T07:25:23Z,421
1837911,Border,GURDASPUR,METLE,Unplanned,Closed,2026-05-11T00:24:23Z,2026-05-11T07:25:23Z,421
1837910,Border,GURDASPUR,BHARTH,Unplanned,Closed,2026-05-11T00:24:23Z,2026-05-11T07:24:23Z,420
1837908,Border,GURDASPUR,AB Sugar Mill,Unplanned,Closed,2026-05-11T00:24:05Z,2026-05-11T03:05:00Z,160
1837907,Border,GURDASPUR,Rajoa,Unplanned,Closed,2026-05-11T00:24:05Z,2026-05-11T03:05:00Z,160
1837906,Border,GURDASPUR,Dogar Mahesh,Unplanned,Closed,2026-05-11T00:24:05Z,2026-05-11T03:05:00Z,160
1837927,Border,GURDASPUR,College,Unplanned,Closed,2026-05-11T00:20:32Z,2026-05-11T02:40:00Z,139
1837926,Border,GURDASPUR,Sheh Bhattia,Unplanned,Closed,2026-05-11T00:20:32Z,2026-05-11T02:40:00Z,139
1837925,Border,GURDASPUR,Thakarwal,Unplanned,Closed,2026-05-11T00:20:32Z,2026-05-11T02:40:00Z,139
1837924,Border,GURDASPUR,DHINDSA,Unplanned,Closed,2026-05-11T00:20:32Z,2026-05-11T02:40:00Z,139
1837881,Border,GURDASPUR,NANGAL UPS,Unplanned,Closed,2026-05-11T00:20:12Z,2026-05-11T02:38:00Z,137
1837880,Border,GURDASPUR,Ghuman,Unplanned,Closed,2026-05-11T00:20:12Z,2026-05-11T02:38:00Z,137
1837879,Border,GURDASPUR,Bolewal,Unplanned,Closed,2026-05-11T00:20:12Z,2026-05-11T02:38:00Z,137
1837878,Border,GURDASPUR,NEW BALLARWAL UPS,Unplanned,Closed,2026-05-11T00:20:12Z,2026-05-11T02:48:00Z,147
1837877,Border,GURDASPUR,dakoha,Unplanned,Closed,2026-05-11T00:20:12Z,2026-05-11T02:38:00Z,137
1837872,Border,GURDASPUR,Gorsiya,Unplanned,Closed,2026-05-11T00:20:12Z,2026-05-11T01:20:12Z,60
1837871,Border,GURDASPUR,UPS Feeder,Unplanned,Closed,2026-05-11T00:20:12Z,2026-05-11T01:20:12Z,60
1837870,Border,GURDASPUR,Bhaini Mian Khan,Unplanned,Closed,2026-05-11T00:20:12Z,2026-05-11T01:20:12Z,60
1838780,Border,TARN TARAN,BABA BHATA,Unplanned,Closed,2026-05-11T00:20:00Z,2026-05-11T10:31:00Z,611
1838777,Border,TARN TARAN,THATHIAN UPS,Unplanned,Closed,2026-05-11T00:20:00Z,2026-05-11T11:32:00Z,672
1838776,Border,TARN TARAN,BUTALA UPS,Unplanned,Closed,2026-05-11T00:20:00Z,2026-05-11T11:28:00Z,668
1838774,Border,TARN TARAN,SATHIALA URBAN,Unplanned,Closed,2026-05-11T00:20:00Z,2026-05-11T06:55:00Z,395
1838746,Border,TARN TARAN,Budha Theh,Unplanned,Closed,2026-05-11T00:20:00Z,2026-05-11T10:25:00Z,605
1837839,North,HOSHIARPUR,PANKHUH,Unplanned,Closed,2026-05-11T00:20:00Z,2026-05-11T04:40:00Z,260
1837838,North,HOSHIARPUR,11Kv Bebhalmanj UPS,Unplanned,Closed,2026-05-11T00:20:00Z,2026-05-11T06:10:00Z,350
1837837,North,HOSHIARPUR,Rajpur Ups,Unplanned,Closed,2026-05-11T00:20:00Z,2026-05-11T06:35:00Z,375
1837836,North,HOSHIARPUR,PALAKI,Unplanned,Closed,2026-05-11T00:20:00Z,2026-05-11T06:25:00Z,365
1837835,North,HOSHIARPUR,11kV Jandwal UPS,Unplanned,Closed,2026-05-11T00:20:00Z,2026-05-11T06:05:00Z,345
1837834,North,HOSHIARPUR,MANJPUR,Unplanned,Closed,2026-05-11T00:20:00Z,2026-05-11T06:10:00Z,350
1837833,North,HOSHIARPUR,11Kv Mushabpur UPS,Unplanned,Closed,2026-05-11T00:20:00Z,2026-05-11T06:20:00Z,360
1837864,Border,GURDASPUR,Civil Line,Unplanned,Closed,2026-05-11T00:19:32Z,2026-05-11T05:10:00Z,290
1837863,Border,GURDASPUR,City,Unplanned,Closed,2026-05-11T00:19:32Z,2026-05-11T04:50:00Z,270
1837862,Border,GURDASPUR,RAILWAY ROAD CAT-1,Unplanned,Closed,2026-05-11T00:19:32Z,2026-05-11T04:52:00Z,272
1837861,Border,GURDASPUR,Dalla UPS,Unplanned,Closed,2026-05-11T00:19:32Z,2026-05-11T01:19:32Z,60
1837860,Border,GURDASPUR,11KV BUTTER UPS,Unplanned,Closed,2026-05-11T00:19:32Z,2026-05-11T01:19:32Z,60
1837859,Border,GURDASPUR,Basrawan,Unplanned,Closed,2026-05-11T00:19:32Z,2026-05-11T01:19:32Z,60
1837858,Border,GURDASPUR,I.T.I,Unplanned,Closed,2026-05-11T00:19:32Z,2026-05-11T01:19:32Z,60
1837857,Border,GURDASPUR,THEKERIWAL,Unplanned,Closed,2026-05-11T00:19:32Z,2026-05-11T01:19:32Z,60
1837808,Border,SUB URBAN AMRITSAR,24 HRS RANIA,Unplanned,Closed,2026-05-11T00:17:27Z,2026-05-11T09:56:00Z,578
1837802,Border,SUB URBAN AMRITSAR,LALIAN UPS,Unplanned,Closed,2026-05-11T00:17:27Z,2026-05-11T15:39:27Z,922
1837801,Border,SUB URBAN AMRITSAR,24 Hrs Vehra,Unplanned,Closed,2026-05-11T00:17:27Z,2026-05-11T14:46:18Z,868
1837800,Border,SUB URBAN AMRITSAR,URBAN KAKKAR,Unplanned,Closed,2026-05-11T00:17:27Z,2026-05-11T09:56:00Z,578
1837799,Border,SUB URBAN AMRITSAR,24 Hrs Pandori,Unplanned,Closed,2026-05-11T00:17:27Z,2026-05-11T12:45:00Z,747
1837798,Border,SUB URBAN AMRITSAR,Chan Malah,Unplanned,Closed,2026-05-11T00:17:27Z,2026-05-11T12:35:00Z,737
1837850,Border,GURDASPUR,11 KV Dhesian,Unplanned,Closed,2026-05-11T00:15:19Z,2026-05-11T01:21:00Z,65
1837849,Border,GURDASPUR,KOT DHANDHAL CAT-1,Unplanned,Closed,2026-05-11T00:15:19Z,2026-05-11T01:21:00Z,65
1838781,Border,GURDASPUR,Ghurala,Unplanned,Closed,2026-05-11T00:12:00Z,2026-05-11T07:30:00Z,438
1837869,Border,GURDASPUR,Roranwali 24 hrs.,Unplanned,Closed,2026-05-11T00:11:27Z,2026-05-11T07:55:27Z,464
1837868,Border,GURDASPUR,Kahnuwan City,Unplanned,Closed,2026-05-11T00:11:27Z,2026-05-11T01:11:27Z,60
1837867,Border,GURDASPUR,11 K.V UPS Balwanda,Unplanned,Closed,2026-05-11T00:11:27Z,2026-05-11T01:11:27Z,60
1837866,Border,GURDASPUR,Sathiali 24 hrs.,Unplanned,Closed,2026-05-11T00:11:27Z,2026-05-11T01:11:27Z,60
1838451,Border,SUB URBAN AMRITSAR,UPS Kot Khera,Unplanned,Closed,2026-05-11T00:10:43Z,2026-05-11T08:02:43Z,472
1838450,Border,SUB URBAN AMRITSAR,Tarsikka  Urban 2,Unplanned,Closed,2026-05-11T00:10:43Z,2026-05-11T08:02:43Z,472
1838449,Border,SUB URBAN AMRITSAR,UPS-3 Pandher,Unplanned,Closed,2026-05-11T00:10:43Z,2026-05-11T08:02:43Z,472
1838448,Border,SUB URBAN AMRITSAR,Urban 1 Tarsika,Unplanned,Closed,2026-05-11T00:10:43Z,2026-05-11T08:02:43Z,472
1838336,Border,SUB URBAN AMRITSAR,KOTLA URBAN,Unplanned,Closed,2026-05-11T00:01:00Z,2026-05-11T11:30:00Z,689
1838334,Border,SUB URBAN AMRITSAR,Kaler Mangat,Unplanned,Closed,2026-05-11T00:01:00Z,2026-05-11T08:40:00Z,519
1838332,Border,SUB URBAN AMRITSAR,24 HORS TALWANDI,Unplanned,Closed,2026-05-11T00:01:00Z,2026-05-11T07:25:00Z,444
1838330,Border,SUB URBAN AMRITSAR,BABA BUDHA SAHIB,Unplanned,Closed,2026-05-11T00:01:00Z,2026-05-11T11:55:00Z,714
1838327,Border,SUB URBAN AMRITSAR,KURALIAN UPS,Unplanned,Closed,2026-05-11T00:01:00Z,2026-05-11T17:50:00Z,1069
1837891,Border,SUB URBAN AMRITSAR,VERKA IND.1,Unplanned,Closed,2026-05-11T00:00:58Z,2026-05-11T00:59:58Z,59
1837890,Border,SUB URBAN AMRITSAR,VERKA IND.2,Unplanned,Closed,2026-05-11T00:00:58Z,2026-05-11T00:59:58Z,59
1837889,Border,SUB URBAN AMRITSAR,GURU NAGAR,Unplanned,Closed,2026-05-11T00:00:58Z,2026-05-11T00:59:58Z,59
1837888,Border,SUB URBAN AMRITSAR,GURUDWARA NANAKSAR,Unplanned,Closed,2026-05-11T00:00:58Z,2026-05-11T00:59:58Z,59
1837794,Border,SUB URBAN AMRITSAR,11 KV INDRA COLONY,Unplanned,Closed,2026-05-11T00:00:46Z,2026-05-11T00:59:46Z,59
1837793,Border,SUB URBAN AMRITSAR,11 kv GreenLand,Unplanned,Closed,2026-05-11T00:00:46Z,2026-05-11T00:59:46Z,59
1837792,Border,SUB URBAN AMRITSAR,SUNDER NAGAR,Unplanned,Closed,2026-05-11T00:00:46Z,2026-05-11T00:59:46Z,59
1837791,Border,SUB URBAN AMRITSAR,KASHMIR AVANUE,Unplanned,Closed,2026-05-11T00:00:46Z,2026-05-11T00:59:46Z,59
1837790,Border,SUB URBAN AMRITSAR,Mustafabaad,Unplanned,Closed,2026-05-11T00:00:46Z,2026-05-11T00:59:46Z,59
1837789,Border,SUB URBAN AMRITSAR,Tung pai,Unplanned,Closed,2026-05-11T00:00:46Z,2026-05-11T00:59:46Z,59
1837788,Border,SUB URBAN AMRITSAR,SUNCITY,Unplanned,Closed,2026-05-11T00:00:46Z,2026-05-11T00:59:46Z,59
1837787,Border,SUB URBAN AMRITSAR,PAWAN NAGAR,Unplanned,Closed,2026-05-11T00:00:46Z,2026-05-11T00:59:46Z,59
1837786,Border,SUB URBAN AMRITSAR,MALL MANDI,Unplanned,Closed,2026-05-11T00:00:46Z,2026-05-11T00:59:46Z,59
1837785,Border,SUB URBAN AMRITSAR,BATALA ROAD,Unplanned,Closed,2026-05-11T00:00:46Z,2026-05-11T00:59:46Z,59
1837784,Border,SUB URBAN AMRITSAR,Judge Nagar,Unplanned,Closed,2026-05-11T00:00:46Z,2026-05-11T00:59:46Z,59
1837783,Border,SUB URBAN AMRITSAR,A.S.FARM,Unplanned,Closed,2026-05-11T00:00:46Z,2026-05-11T00:59:46Z,59
1837782,Border,SUB URBAN AMRITSAR,MAJITHA ROAD,Unplanned,Closed,2026-05-11T00:00:46Z,2026-05-11T00:59:46Z,59
1837781,Border,SUB URBAN AMRITSAR,TRW-I,Unplanned,Closed,2026-05-11T00:00:46Z,2026-05-11T00:59:46Z,59
1837780,Border,SUB URBAN AMRITSAR,Escort Hospital,Unplanned,Closed,2026-05-11T00:00:46Z,2026-05-11T00:59:46Z,59
1837779,Border,SUB URBAN AMRITSAR,MILK PLANT,Unplanned,Closed,2026-05-11T00:00:46Z,2026-05-11T00:59:46Z,59
1837778,Border,SUB URBAN AMRITSAR,KHANNA NAGAR,Unplanned,Closed,2026-05-11T00:00:46Z,2026-05-11T00:59:46Z,59
1837777,Border,SUB URBAN AMRITSAR,Jagdambey Colony,Unplanned,Closed,2026-05-11T00:00:46Z,2026-05-11T00:59:46Z,59
1837776,Border,SUB URBAN AMRITSAR,NEHRU COLONY,Unplanned,Closed,2026-05-11T00:00:46Z,2026-05-11T00:59:46Z,59
1837775,Border,SUB URBAN AMRITSAR,VERKA COLONY,Unplanned,Closed,2026-05-11T00:00:46Z,2026-05-11T00:59:46Z,59
1837774,Border,SUB URBAN AMRITSAR,Banke bihari,Unplanned,Closed,2026-05-11T00:00:46Z,2026-05-11T00:59:46Z,59
1837773,Border,SUB URBAN AMRITSAR,SHIV NAGAR,Unplanned,Closed,2026-05-11T00:00:46Z,2026-05-11T00:59:46Z,59
1837818,Border,SUB URBAN AMRITSAR,88 feet road,Unplanned,Closed,2026-05-11T00:00:44Z,2026-05-11T10:22:44Z,622
1837817,Border,SUB URBAN AMRITSAR,11 kv Baba Deep Singh colony,Unplanned,Closed,2026-05-11T00:00:44Z,2026-05-11T04:40:44Z,280
1837816,Border,SUB URBAN AMRITSAR,11kv Gopal Mandir,Unplanned,Closed,2026-05-11T00:00:44Z,2026-05-11T10:31:44Z,631
1837815,Border,SUB URBAN AMRITSAR,Avtar Avenue,Unplanned,Closed,2026-05-11T00:00:44Z,2026-05-11T00:59:44Z,59
1837814,Border,SUB URBAN AMRITSAR,GHALA MALA CHOWNK,Unplanned,Closed,2026-05-11T00:00:44Z,2026-05-11T10:02:44Z,602
1837770,Border,SUB URBAN AMRITSAR,DIAMOND AVENUE,Unplanned,Closed,2026-05-11T00:00:08Z,2026-05-11T00:59:08Z,59
1837769,Border,SUB URBAN AMRITSAR,11 kv New Greenland,Unplanned,Closed,2026-05-11T00:00:08Z,2026-05-11T00:59:08Z,59
1837768,Border,SUB URBAN AMRITSAR,11 Kv Shere Punjab Avenue,Unplanned,Closed,2026-05-11T00:00:08Z,2026-05-11T00:59:08Z,59
1837767,Border,SUB URBAN AMRITSAR,Guru Har Rai avenue,Unplanned,Closed,2026-05-11T00:00:08Z,2026-05-11T00:59:08Z,59
1837766,Border,SUB URBAN AMRITSAR,BABA SHRI CHAND AVNUE,Unplanned,Closed,2026-05-11T00:00:08Z,2026-05-11T00:59:08Z,59
1837765,Border,SUB URBAN AMRITSAR,VEER GARDEN,Unplanned,Closed,2026-05-11T00:00:08Z,2026-05-11T00:59:08Z,59
1837764,Border,SUB URBAN AMRITSAR,SG enclave,Unplanned,Closed,2026-05-11T00:00:08Z,2026-05-11T00:59:08Z,59
1837763,Border,SUB URBAN AMRITSAR,POWER COLONY,Unplanned,Closed,2026-05-11T00:00:08Z,2026-05-11T00:59:08Z,59
1837762,Border,SUB URBAN AMRITSAR,M.E.S,Unplanned,Closed,2026-05-11T00:00:08Z,2026-05-11T00:59:08Z,59
1837761,Border,SUB URBAN AMRITSAR,Hari mandir,Unplanned,Closed,2026-05-11T00:00:08Z,2026-05-11T00:59:08Z,59
1837760,Border,SUB URBAN AMRITSAR,Palm vihar,Unplanned,Closed,2026-05-11T00:00:08Z,2026-05-11T00:59:08Z,59
1837759,Border,SUB URBAN AMRITSAR,GOPAL NAGAR,Unplanned,Closed,2026-05-11T00:00:08Z,2026-05-11T00:59:08Z,59
1837758,Border,SUB URBAN AMRITSAR,MAJITHA ROAD VERKA BYE PASS,Unplanned,Closed,2026-05-11T00:00:08Z,2026-05-11T00:59:08Z,59
1837757,Border,SUB URBAN AMRITSAR,silverstate,Unplanned,Closed,2026-05-11T00:00:08Z,2026-05-11T00:59:08Z,59
1837756,Border,SUB URBAN AMRITSAR,GOKAL NAGAR,Unplanned,Closed,2026-05-11T00:00:08Z,2026-05-11T00:59:08Z,59
1837797,Border,SUB URBAN AMRITSAR,KARAM PURA,Unplanned,Closed,2026-05-11T00:00:03Z,2026-05-11T00:59:03Z,59
1837796,Border,SUB URBAN AMRITSAR,CIVIL LINE DUPLICATE,Unplanned,Closed,2026-05-11T00:00:03Z,2026-05-11T00:59:03Z,59
1837795,Border,SUB URBAN AMRITSAR,MAJITHA ROAD BYE PASS,Unplanned,Closed,2026-05-11T00:00:03Z,2026-05-11T00:59:03Z,59
1837813,Border,SUB URBAN AMRITSAR,Faizpur,Unplanned,Closed,2026-05-11T00:00:00Z,2026-05-11T00:59:00Z,59
1837812,Border,SUB URBAN AMRITSAR,Trillium,Unplanned,Closed,2026-05-11T00:00:00Z,2026-05-11T00:59:00Z,59
1837811,Border,SUB URBAN AMRITSAR,11 kv Bhullar Avenue,Unplanned,Closed,2026-05-11T00:00:00Z,2026-05-11T00:59:00Z,59
1837810,Border,SUB URBAN AMRITSAR,MES,Unplanned,Closed,2026-05-11T00:00:00Z,2026-05-11T00:59:00Z,59
1837809,Border,SUB URBAN AMRITSAR,MEDICAL ENCLAVE,Unplanned,Closed,2026-05-11T00:00:00Z,2026-05-11T00:59:00Z,59
1837807,Border,SUB URBAN AMRITSAR,City 1,Unplanned,Closed,2026-05-11T00:00:00Z,2026-05-11T01:00:00Z,60
1837772,Border,SUB URBAN AMRITSAR,UPS/ MANAWALA,Unplanned,Closed,2026-05-11T00:00:00Z,2026-05-11T01:00:00Z,60
1837771,Border,SUB URBAN AMRITSAR,Mollechak,Unplanned,Closed,2026-05-11T00:00:00Z,2026-05-11T01:00:00Z,60
1837740,Border,CITY AMRITSAR,NAVANKOT,Unplanned,Closed,2026-05-10T23:56:57Z,2026-05-11T01:40:57Z,104
1837739,Border,CITY AMRITSAR,11 KV Haripura Feeder,Unplanned,Closed,2026-05-10T23:56:57Z,2026-05-11T01:41:57Z,105
1837738,Border,CITY AMRITSAR,DHAPAI INDUSTRIAL,Unplanned,Closed,2026-05-10T23:56:57Z,2026-05-11T01:42:57Z,106
1837737,Border,CITY AMRITSAR,KHOO BHALLA,Unplanned,Closed,2026-05-10T23:56:57Z,2026-05-11T01:41:57Z,105
1837736,Border,CITY AMRITSAR,GURUDWARA TAPOWAN,Unplanned,Closed,2026-05-10T23:56:57Z,2026-05-11T01:42:57Z,106
1837735,Border,CITY AMRITSAR,BHANDARI CHOWK,Unplanned,Closed,2026-05-10T23:56:57Z,2026-05-11T01:41:57Z,105
1837734,Border,CITY AMRITSAR,KISHANKOT,Unplanned,Closed,2026-05-10T23:56:57Z,2026-05-11T01:40:57Z,104
1837733,Border,CITY AMRITSAR,swadeshi mill,Unplanned,Closed,2026-05-10T23:56:50Z,2026-05-11T01:02:42Z,65
1837732,Border,CITY AMRITSAR,CANAL OFFICE,Unplanned,Closed,2026-05-10T23:56:50Z,2026-05-11T00:42:42Z,45
1837731,Border,CITY AMRITSAR,RLY WORKSHOP,Unplanned,Closed,2026-05-10T23:56:50Z,2026-05-11T00:44:42Z,47
1837806,Border,CITY AMRITSAR,BASANT AVENUE,Unplanned,Closed,2026-05-10T23:55:07Z,2026-05-11T01:40:06Z,104
1837805,Border,CITY AMRITSAR,ANAND AVENUE,Unplanned,Closed,2026-05-10T23:55:07Z,2026-05-11T01:40:07Z,105
1837804,Border,CITY AMRITSAR,GOBIND PARK,Unplanned,Closed,2026-05-10T23:55:07Z,2026-05-11T01:41:10Z,106
1837803,Border,CITY AMRITSAR,MAQBOOL ROAD,Unplanned,Closed,2026-05-10T23:55:07Z,2026-05-11T01:40:07Z,105
1838187,Border,SUB URBAN AMRITSAR,NAG KALAN URBAN,Unplanned,Closed,2026-05-10T23:55:00Z,2026-05-11T08:20:00Z,505
1838183,Border,SUB URBAN AMRITSAR,Pandori UPS,Unplanned,Closed,2026-05-10T23:55:00Z,2026-05-11T07:15:00Z,440
1838180,Border,SUB URBAN AMRITSAR,DADDIAN UPS,Unplanned,Closed,2026-05-10T23:55:00Z,2026-05-11T12:30:00Z,755
1838178,Border,SUB URBAN AMRITSAR,GAURI SHANKAR,Unplanned,Closed,2026-05-10T23:55:00Z,2026-05-11T07:10:00Z,435
1838174,Border,SUB URBAN AMRITSAR,BAL KALAN INDUSTRY,Unplanned,Closed,2026-05-10T23:55:00Z,2026-05-11T07:15:00Z,440
1838169,Border,SUB URBAN AMRITSAR,BAULI INDUSTRY,Unplanned,Closed,2026-05-10T23:55:00Z,2026-05-11T07:15:00Z,440
1838167,Border,SUB URBAN AMRITSAR,Industry NAG,Unplanned,Closed,2026-05-10T23:55:00Z,2026-05-11T09:15:00Z,560
1838164,Border,SUB URBAN AMRITSAR,Sawdeshi Korean,Unplanned,Closed,2026-05-10T23:55:00Z,2026-05-11T08:40:00Z,525
1838163,Border,SUB URBAN AMRITSAR,DHANWANTRI IND,Unplanned,Closed,2026-05-10T23:55:00Z,2026-05-11T07:35:00Z,460
1837755,Border,CITY AMRITSAR,Tilak Nagar,Unplanned,Closed,2026-05-10T23:54:49Z,2026-05-11T00:54:49Z,60
1837754,Border,CITY AMRITSAR,MALL ROAD,Unplanned,Closed,2026-05-10T23:54:49Z,2026-05-11T00:56:49Z,62
1837753,Border,CITY AMRITSAR,BATALA ROAD,Unplanned,Closed,2026-05-10T23:54:49Z,2026-05-11T00:54:49Z,60
1837752,Border,CITY AMRITSAR,SHIVALA ROAD,Unplanned,Closed,2026-05-10T23:54:49Z,2026-05-11T00:55:49Z,61
1837751,Border,CITY AMRITSAR,majitha road,Unplanned,Closed,2026-05-10T23:54:49Z,2026-05-11T00:56:49Z,62
1837750,Border,CITY AMRITSAR,MEDICAL COLLEGE,Unplanned,Closed,2026-05-10T23:54:49Z,2026-05-11T00:56:49Z,62
1837749,Border,CITY AMRITSAR,Queens Road,Unplanned,Closed,2026-05-10T23:54:49Z,2026-05-11T00:55:49Z,61
1837748,Border,CITY AMRITSAR,JOSHI COLONY,Unplanned,Closed,2026-05-10T23:54:49Z,2026-05-11T00:55:49Z,61
1837747,Border,CITY AMRITSAR,COMPANY BAGH,Unplanned,Closed,2026-05-10T23:54:49Z,2026-05-11T00:55:49Z,61
1837746,Border,CITY AMRITSAR,ADARSH,Unplanned,Closed,2026-05-10T23:54:49Z,2026-05-11T00:56:49Z,62
1837745,Border,CITY AMRITSAR,CIRCULAR ROAD,Unplanned,Closed,2026-05-10T23:54:49Z,2026-05-11T00:54:49Z,60
1837744,Border,CITY AMRITSAR,SANT AVENUE,Unplanned,Closed,2026-05-10T23:54:49Z,2026-05-11T00:55:49Z,61
1837743,Border,CITY AMRITSAR,V.J.HOSPITAL,Unplanned,Closed,2026-05-10T23:54:49Z,2026-05-11T00:55:49Z,61
1837742,Border,CITY AMRITSAR,KRISHNA NAGAR,Unplanned,Closed,2026-05-10T23:54:49Z,2026-05-11T00:54:49Z,60
1837741,Border,CITY AMRITSAR,Lawrence Road,Unplanned,Closed,2026-05-10T23:54:49Z,2026-05-11T00:54:19Z,59
1837729,West,MUKATSAR,Shakti Nagar,Unplanned,Closed,2026-05-10T23:24:53Z,2026-05-10T23:56:48Z,31
1837730,West,FARIDKOT,11 KV KOTKAPURA ROAD,Unplanned,Closed,2026-05-10T23:12:00Z,2026-05-11T00:32:00Z,80
1837727,North,JALANDHAR,D BLOCK,Unplanned,Closed,2026-05-10T23:05:00Z,2026-05-10T23:40:00Z,35
1837726,North,JALANDHAR,TUBEWELL CORPORATION,Unplanned,Closed,2026-05-10T23:05:00Z,2026-05-10T23:40:00Z,35
1837725,North,JALANDHAR,PANJPEER,Unplanned,Closed,2026-05-10T23:05:00Z,2026-05-10T23:40:00Z,35
1837724,North,JALANDHAR,SEED CORPORATION,Unplanned,Closed,2026-05-10T23:05:00Z,2026-05-10T23:40:00Z,35
1837723,North,JALANDHAR,NANDA,Unplanned,Closed,2026-05-10T23:05:00Z,2026-05-10T23:40:00Z,35
1837722,North,JALANDHAR,NEW SHANKAR,Unplanned,Closed,2026-05-10T23:05:00Z,2026-05-10T23:40:00Z,35
1837721,North,JALANDHAR,GLOBE COLONY,Unplanned,Closed,2026-05-10T23:05:00Z,2026-05-10T23:40:00Z,35
1837728,Border,TARN TARAN,UPS Kotli,Unplanned,Closed,2026-05-10T22:55:00Z,2026-05-11T05:21:58Z,386
1837718,West,FARIDKOT,BATHINDA ROAD,Unplanned,Closed,2026-05-10T22:50:36Z,2026-05-10T23:07:28Z,16
1837720,Border,GURDASPUR,Aliwal 24 Hr,Unplanned,Closed,2026-05-10T22:50:00Z,2026-05-10T23:20:00Z,30
1837719,Border,GURDASPUR,Kahnuwan Road,Unplanned,Closed,2026-05-10T22:50:00Z,2026-05-10T23:58:00Z,68
1837700,Central,CITY WEST LUDHIANA,MANJIT NAGAR,Unplanned,Closed,2026-05-10T22:47:36Z,2026-05-10T23:53:10Z,65
1837699,Central,CITY WEST LUDHIANA,ABDULLAPUR BASTI,Unplanned,Closed,2026-05-10T22:46:21Z,2026-05-10T23:52:57Z,66
1837697,West,MUKATSAR,Gandhi Nagar,Unplanned,Closed,2026-05-10T22:45:22Z,2026-05-10T23:13:19Z,27
1837698,South,SANGRUR,CITY 6,Unplanned,Closed,2026-05-10T22:40:00Z,2026-05-10T23:00:00Z,20
1837696,Border,SUB URBAN AMRITSAR,GUMTALA,Unplanned,Closed,2026-05-10T22:29:42Z,2026-05-10T23:31:36Z,61
1837683,South,SANGRUR,Dharampura,Unplanned,Closed,2026-05-10T21:57:00Z,2026-05-10T23:43:00Z,106
1837682,South,SANGRUR,11 KV NAVA BAZAR C-1,Unplanned,Closed,2026-05-10T21:37:00Z,2026-05-10T22:59:00Z,82
1837677,Border,SUB URBAN AMRITSAR,UPS JAHNJOTI,Unplanned,Closed,2026-05-10T21:23:28Z,2026-05-10T21:58:12Z,34
1837676,West,FARIDKOT,DHARAMKOT,Unplanned,Closed,2026-05-10T21:23:23Z,2026-05-10T22:01:03Z,37
1837674,Central,KHANNA,Ghai Agro,Unplanned,Closed,2026-05-10T21:10:00Z,2026-05-10T22:15:00Z,65
1837675,South,SANGRUR,Kakarwal,Unplanned,Closed,2026-05-10T21:05:00Z,2026-05-10T21:25:00Z,20
1837673,Border,TARN TARAN,JEOBALA UPS,Unplanned,Closed,2026-05-10T20:55:00Z,2026-05-10T21:55:00Z,60
1837664,West,BATHINDA,Bhai Desa,Planned,Closed,2026-05-10T20:40:00Z,2026-05-10T21:21:00Z,41
1837661,Border,GURDASPUR,Maira,Unplanned,Closed,2026-05-10T20:37:00Z,2026-05-10T21:02:00Z,25
1837652,Border,GURDASPUR,SAILI ROAD,Unplanned,Closed,2026-05-10T20:37:00Z,2026-05-10T20:52:00Z,15
1837659,North,JALANDHAR,PPR Mall,Unplanned,Closed,2026-05-10T20:35:26Z,2026-05-10T22:00:26Z,85
1837658,North,JALANDHAR,11KV Royal Residency,Unplanned,Closed,2026-05-10T20:35:26Z,2026-05-10T22:00:26Z,85
1837657,North,JALANDHAR,11KV Baba Makhan Shah Lubana,Unplanned,Closed,2026-05-10T20:35:26Z,2026-05-10T22:00:26Z,85
1837656,North,JALANDHAR,11 KV Curo Mall,Unplanned,Closed,2026-05-10T20:35:26Z,2026-05-10T22:00:26Z,85
1837655,North,JALANDHAR,11KV Mithapur Feeder,Unplanned,Closed,2026-05-10T20:35:26Z,2026-05-10T22:00:26Z,85
1837654,North,JALANDHAR,11 KV Jalandhar Height-1,Unplanned,Closed,2026-05-10T20:35:26Z,2026-05-10T22:00:26Z,85
1837653,North,JALANDHAR,11 KV Garden Colony,Unplanned,Closed,2026-05-10T20:35:26Z,2026-05-10T22:00:26Z,85
1837646,Border,CITY AMRITSAR,LAKKAR MANDI,Planned,Closed,2026-05-10T20:27:52Z,2026-05-10T21:00:02Z,32
1837651,West,FARIDKOT,AJIT GILL,Unplanned,Closed,2026-05-10T20:17:00Z,2026-05-10T21:35:04Z,78
1837641,Border,SUB URBAN AMRITSAR,DAYA NAND NAGAR,Unplanned,Closed,2026-05-10T20:10:12Z,2026-05-10T20:48:26Z,38
1837640,North,KAPURTHALA,UPS Nagal Ambian,Unplanned,Closed,2026-05-10T20:06:00Z,2026-05-10T20:34:00Z,28
1837639,Border,TARN TARAN,Sarhali Road,Unplanned,Closed,2026-05-10T20:05:00Z,2026-05-10T21:20:00Z,75
1837637,Central,CITY WEST LUDHIANA,METRO FEEDER,Unplanned,Closed,2026-05-10T19:56:52Z,2026-05-10T21:22:39Z,85
1837638,West,FARIDKOT,HARDIAL NAGAR,Unplanned,Closed,2026-05-10T19:56:00Z,2026-05-10T21:56:00Z,120
1837629,North,HOSHIARPUR,URMAR,Unplanned,Closed,2026-05-10T19:30:00Z,2026-05-10T19:50:00Z,20
1837626,North,JALANDHAR,MIG,Unplanned,Closed,2026-05-10T19:26:00Z,2026-05-10T20:00:00Z,34
1837625,North,JALANDHAR,AGI Smart Home,Unplanned,Closed,2026-05-10T19:25:00Z,2026-05-10T22:30:00Z,185
1837628,East,Zirakpur,11 KV AURA GAZANIA,Planned,Closed,2026-05-10T19:22:00Z,2026-05-10T20:02:00Z,40
1837627,East,Zirakpur,11 kv adda jhungia cat-1,Planned,Closed,2026-05-10T19:22:00Z,2026-05-10T20:02:00Z,40
1837624,Central,KHANNA,Sangtpura,Unplanned,Closed,2026-05-10T19:14:41Z,2026-05-10T19:36:56Z,22
1837622,East,Zirakpur,ORBIT,Planned,Closed,2026-05-10T19:04:00Z,2026-05-10T19:16:00Z,12
1837605,Border,SUB URBAN AMRITSAR,DAYA NAND NAGAR,Unplanned,Closed,2026-05-10T18:55:51Z,2026-05-10T20:10:02Z,74
1837604,Central,CITY WEST LUDHIANA,D-BLOCK,Planned,Closed,2026-05-10T18:45:40Z,2026-05-10T19:42:41Z,57
1837602,Border,SUB URBAN AMRITSAR,RC VANASPATI,Unplanned,Closed,2026-05-10T18:44:21Z,2026-05-10T20:04:08Z,79
1837595,Border,GURDASPUR,MUGRALA,Unplanned,Closed,2026-05-10T18:36:00Z,2026-05-10T19:10:00Z,34
1837596,West,MUKATSAR,Dhani Sucha Singh (Old Chakra),Unplanned,Closed,2026-05-10T18:32:38Z,2026-05-10T18:49:45Z,17
1837594,West,FARIDKOT,LandeKe URBAN,Unplanned,Closed,2026-05-10T18:18:26Z,2026-05-10T18:48:41Z,30
1837592,North,HOSHIARPUR,Harsipind UPS,Unplanned,Closed,2026-05-10T18:06:00Z,2026-05-10T18:45:00Z,39
1837590,East,MOHALI,JANTI DEVI,Unplanned,Closed,2026-05-10T18:00:15Z,2026-05-10T18:25:06Z,24
1837591,East,MOHALI,RATWARA SAHIB,Unplanned,Closed,2026-05-10T18:00:12Z,2026-05-10T19:25:19Z,85
1837593,South,BARNALA,GURUDWARA HAA DA NARA,Unplanned,Closed,2026-05-10T18:00:00Z,2026-05-10T19:30:00Z,90
1837589,Central,CITY WEST LUDHIANA,CHET SINGH NAGAR,Unplanned,Closed,2026-05-10T17:55:20Z,2026-05-10T19:37:20Z,102
1837588,East,Zirakpur,M.E.S,Unplanned,Closed,2026-05-10T17:45:00Z,2026-05-10T18:18:00Z,33
1837603,Border,SUB URBAN AMRITSAR,NANGALI UPS,Unplanned,Closed,2026-05-10T17:44:35Z,2026-05-10T18:10:44Z,26
1837587,South,SANGRUR,BABA MITHU SHAH,Unplanned,Closed,2026-05-10T17:44:11Z,2026-05-10T18:00:24Z,16
1837583,Central,CITY WEST LUDHIANA,JAIMAL ROAD,Unplanned,Closed,2026-05-10T17:42:27Z,2026-05-10T19:37:12Z,114
1837578,North,JALANDHAR,KAPOOR PIND,Planned,Closed,2026-05-10T17:40:00Z,2026-05-10T18:53:00Z,73
1837572,Central,CITY WEST LUDHIANA,VISHAL NAGAR,Unplanned,Closed,2026-05-10T17:35:12Z,2026-05-10T18:38:07Z,62
1837571,Central,CITY WEST LUDHIANA,GOBIND NAGAR FEEDER,Unplanned,Closed,2026-05-10T17:34:02Z,2026-05-10T19:37:04Z,123
1837570,North,HOSHIARPUR,KOLYA,Unplanned,Closed,2026-05-10T17:26:00Z,2026-05-10T17:50:00Z,24
1837826,North,JALANDHAR,PPR Mall,Unplanned,Closed,2026-05-10T17:25:04Z,2026-05-10T20:29:04Z,184
1837825,North,JALANDHAR,MOTA SINGH NAGAR,Unplanned,Closed,2026-05-10T17:25:04Z,2026-05-10T20:29:04Z,184
1837824,North,JALANDHAR,11KV Royal Residency,Unplanned,Closed,2026-05-10T17:25:04Z,2026-05-10T20:29:04Z,184
1837823,North,JALANDHAR,11KV Baba Makhan Shah Lubana,Unplanned,Closed,2026-05-10T17:25:04Z,2026-05-10T20:29:04Z,184
1837822,North,JALANDHAR,11 KV Curo Mall,Unplanned,Closed,2026-05-10T17:25:04Z,2026-05-10T20:29:04Z,184
1837821,North,JALANDHAR,11KV Mithapur Feeder,Unplanned,Closed,2026-05-10T17:25:04Z,2026-05-10T20:29:04Z,184
1837820,North,JALANDHAR,11 KV Jalandhar Height-1,Unplanned,Closed,2026-05-10T17:25:04Z,2026-05-10T20:29:04Z,184
1837819,North,JALANDHAR,11 KV Garden Colony,Unplanned,Closed,2026-05-10T17:25:04Z,2026-05-10T20:29:04Z,184
1837569,Central,KHANNA,Motia Khan,Unplanned,Closed,2026-05-10T17:21:00Z,2026-05-10T17:50:00Z,29
1837568,Central,CITY WEST LUDHIANA,MANAKWAL,Unplanned,Closed,2026-05-10T17:20:10Z,2026-05-10T17:50:49Z,30
1837567,South,SANGRUR,11 KV UPS HAMJHERI,Unplanned,Closed,2026-05-10T17:15:00Z,2026-05-10T17:40:00Z,25
1837566,East,Zirakpur,ZIRAKPUR-1,Planned,Closed,2026-05-10T17:07:00Z,2026-05-10T18:05:00Z,58
1837564,Central,CITY WEST LUDHIANA,CHILDREN PARK,Planned,Closed,2026-05-10T16:56:08Z,2026-05-10T18:14:05Z,77
1837563,Central,CITY WEST LUDHIANA,TIKONA PARK,Planned,Closed,2026-05-10T16:54:50Z,2026-05-10T18:13:38Z,78
1837561,Central,CITY WEST LUDHIANA,ABDULLAPUR BASTI,Planned,Closed,2026-05-10T16:54:50Z,2026-05-10T18:13:50Z,79
1837560,Central,CITY WEST LUDHIANA,MODEL TOWN,Planned,Closed,2026-05-10T16:54:50Z,2026-05-10T18:13:57Z,79
1837562,East,Zirakpur,DAPPAR,Unplanned,Closed,2026-05-10T16:54:00Z,2026-05-10T17:30:00Z,36
1837565,North,KAPURTHALA,UPS Mustfabad,Unplanned,Closed,2026-05-10T16:50:00Z,2026-05-10T18:40:00Z,110
1837559,North,JALANDHAR,GURUDWARA SHIV NAGAR,Unplanned,Closed,2026-05-10T16:50:00Z,2026-05-10T17:00:00Z,10
1837558,East,ROPAR,UPS SAHO MAJRA,Unplanned,Closed,2026-05-10T16:39:00Z,2026-05-10T17:18:00Z,39
1837555,North,JALANDHAR,LINK FEEDER,Unplanned,Closed,2026-05-10T16:30:00Z,2026-05-10T17:15:00Z,45
1837545,East,Zirakpur,11 kv adda jhungia cat-1,Unplanned,Closed,2026-05-10T16:30:00Z,2026-05-10T17:30:00Z,60
1837537,North,JALANDHAR,CHANDERSEN,Planned,Closed,2026-05-10T16:30:00Z,2026-05-10T16:41:00Z,11
1837536,North,JALANDHAR,King city,Planned,Closed,2026-05-10T16:30:00Z,2026-05-10T16:41:00Z,11
1837535,North,JALANDHAR,UNIVERSIY,Planned,Closed,2026-05-10T16:30:00Z,2026-05-10T16:41:00Z,11
1837544,South,SANGRUR,UPS DORALI,Unplanned,Closed,2026-05-10T16:25:00Z,2026-05-10T19:45:00Z,200
1837543,South,SANGRUR,MOTHER INDIA,Unplanned,Closed,2026-05-10T16:25:00Z,2026-05-10T19:45:00Z,200
1837557,East,Zirakpur,Bauli Sahib,Planned,Closed,2026-05-10T16:20:00Z,2026-05-10T16:50:00Z,30
1837556,Central,SUB URBAN LUDHIANA,Urban Ahmedgarh (City-3),Unplanned,Closed,2026-05-10T16:20:00Z,2026-05-10T18:20:25Z,120
1837534,North,JALANDHAR,Karol bagh,Unplanned,Closed,2026-05-10T16:17:00Z,2026-05-10T16:41:00Z,24
1837533,North,JALANDHAR,BASANT HILLS,Unplanned,Closed,2026-05-10T16:17:00Z,2026-05-10T16:41:00Z,24
1837532,Border,GURDASPUR,PAKHOWAL,Unplanned,Closed,2026-05-10T16:15:00Z,2026-05-10T16:42:00Z,27
1837531,Border,GURDASPUR,NADALA,Planned,Closed,2026-05-10T16:15:00Z,2026-05-10T16:41:00Z,26
1837530,Central,CITY WEST LUDHIANA,ISHER NAGAR FEEDER,Unplanned,Closed,2026-05-10T16:12:02Z,2026-05-10T16:34:24Z,22
1837529,Central,CITY WEST LUDHIANA,HERKRISHAN NAGAR FEEDER,Unplanned,Closed,2026-05-10T16:12:02Z,2026-05-10T16:34:06Z,22
1837528,Central,CITY WEST LUDHIANA,LOHARA,Unplanned,Closed,2026-05-10T16:12:02Z,2026-05-10T16:33:56Z,21
1837527,Central,CITY WEST LUDHIANA,PREET NAGAR FEEDER,Unplanned,Closed,2026-05-10T16:12:02Z,2026-05-10T16:33:48Z,21
1837526,Central,CITY WEST LUDHIANA,SATGURU NAGAR,Unplanned,Closed,2026-05-10T16:12:02Z,2026-05-10T16:33:40Z,21
1837522,West,MUKATSAR,11 KV KARAM PATTI,Planned,Closed,2026-05-10T16:10:00Z,2026-05-10T17:30:00Z,80
1837521,West,MUKATSAR,11 KV GADDAN DOB,Planned,Closed,2026-05-10T16:10:00Z,2026-05-10T17:30:00Z,80
1837524,West,MUKATSAR,11 KV KILLIANWALI,Unplanned,Closed,2026-05-10T16:08:54Z,2026-05-10T18:08:20Z,119
1837525,West,MUKATSAR,11 KV Chirag dhani,Unplanned,Closed,2026-05-10T16:08:50Z,2026-05-10T18:08:38Z,119
1837523,West,MUKATSAR,Abohar Road,Unplanned,Closed,2026-05-10T16:07:10Z,2026-05-10T17:45:32Z,98
1837520,North,KAPURTHALA,Taj city,Unplanned,Closed,2026-05-10T15:55:00Z,2026-05-10T16:30:00Z,35
1837519,West,BATHINDA,Aehmadpur UPS,Unplanned,Closed,2026-05-10T15:46:00Z,2026-05-10T16:09:00Z,23
1837538,Central,KHANNA,Krishna Nagar,Unplanned,Closed,2026-05-10T15:45:00Z,2026-05-10T16:30:00Z,45
1837518,East,Zirakpur,NABHA SAHIB,Planned,Closed,2026-05-10T15:45:00Z,2026-05-10T16:12:00Z,27
1837517,East,Zirakpur,PATIALA ROAD,Planned,Closed,2026-05-10T15:45:00Z,2026-05-10T16:12:00Z,27
1837516,East,Zirakpur,PEER BABA ROAD,Planned,Closed,2026-05-10T15:45:00Z,2026-05-10T16:12:00Z,27
1837515,North,JALANDHAR,DRDO,Unplanned,Closed,2026-05-10T15:24:00Z,2026-05-10T16:41:00Z,77
1837509,East,MOHALI,RATWARA SAHIB,Unplanned,Closed,2026-05-10T15:20:58Z,2026-05-10T16:19:53Z,58
1837510,East,MOHALI,11KV Sec-105,Unplanned,Closed,2026-05-10T15:16:00Z,2026-05-10T16:07:19Z,51
1837508,Central,CITY WEST LUDHIANA,CHILDREN PARK,Planned,Closed,2026-05-10T15:14:59Z,2026-05-10T16:32:22Z,77
1837507,Central,CITY WEST LUDHIANA,ABDULLAPUR BASTI,Planned,Closed,2026-05-10T15:14:59Z,2026-05-10T16:32:40Z,77
1837506,Central,CITY WEST LUDHIANA,MODEL TOWN,Planned,Closed,2026-05-10T15:14:59Z,2026-05-10T16:33:03Z,78
1837504,South,PATIALA,DODA No 2,Unplanned,Closed,2026-05-10T15:08:35Z,2026-05-10T17:50:00Z,161
1837502,East,MOHALI,11KV Sec-105,Unplanned,Closed,2026-05-10T15:01:00Z,2026-05-10T15:10:59Z,9
1837498,Border,GURDASPUR,Nawan Pind,Planned,Closed,2026-05-10T14:55:00Z,2026-05-10T15:22:00Z,27
1837497,Border,GURDASPUR,MUGRALA,Unplanned,Closed,2026-05-10T14:53:00Z,2026-05-10T15:22:00Z,29
1837503,Border,SUB URBAN AMRITSAR,JALALPURA UPS,Unplanned,Closed,2026-05-10T14:52:00Z,2026-05-10T17:02:00Z,130
1837496,North,HOSHIARPUR,KHANPUR,Unplanned,Closed,2026-05-10T14:51:00Z,2026-05-10T15:15:00Z,24
1837514,South,BARNALA,MALERKOTLA-2,Unplanned,Closed,2026-05-10T14:50:00Z,2026-05-10T16:50:00Z,120
1837513,South,BARNALA,ANAAJ MANDI,Unplanned,Closed,2026-05-10T14:50:00Z,2026-05-10T16:50:00Z,120
1837512,South,BARNALA,DHURI ROAD,Unplanned,Closed,2026-05-10T14:50:00Z,2026-05-10T16:50:00Z,120
1837511,South,BARNALA,SHRI RAVIDASS NAGAR,Unplanned,Closed,2026-05-10T14:50:00Z,2026-05-10T18:05:00Z,195
1837505,Border,TARN TARAN,THATHIAN UPS,Unplanned,Closed,2026-05-10T14:45:00Z,2026-05-10T17:30:00Z,165
1837499,North,JALANDHAR,CHUHARWALI,Unplanned,Closed,2026-05-10T14:45:00Z,2026-05-10T15:45:00Z,60
1837494,Border,SUB URBAN AMRITSAR,Mallan Wali,Unplanned,Closed,2026-05-10T14:45:00Z,2026-05-10T15:30:54Z,45
1837501,South,PATIALA,Focal Point-II,Unplanned,Closed,2026-05-10T14:40:55Z,2026-05-10T15:54:32Z,73
1837495,East,MOHALI,11KV LANDCHESTER,Unplanned,Closed,2026-05-10T14:35:00Z,2026-05-10T15:50:23Z,75
1837176,West,BATHINDA,INDUSTRIAL,Planned,Closed,2026-05-10T14:35:00Z,2026-05-10T16:00:00Z,85
1837492,East,Zirakpur,MES,Planned,Closed,2026-05-10T14:31:00Z,2026-05-10T14:52:00Z,21
1837493,Border,SUB URBAN AMRITSAR,SENSRA UPS,Unplanned,Closed,2026-05-10T14:30:00Z,2026-05-10T17:15:00Z,165
1837500,East,MOHALI,11 KV CHADIALA UPS,Unplanned,Closed,2026-05-10T14:28:00Z,2026-05-10T15:50:42Z,82
1837491,South,PATIALA,Focal Point-III,Unplanned,Closed,2026-05-10T14:25:00Z,2026-05-10T15:35:33Z,70
1837490,South,PATIALA,Focal Point-I,Unplanned,Closed,2026-05-10T14:25:00Z,2026-05-10T15:25:24Z,60
1837488,North,HOSHIARPUR,SALLAN,Unplanned,Closed,2026-05-10T14:15:00Z,2026-05-10T14:40:00Z,25
1837486,Central,CITY EAST LUDHIANA,DUKH NIWARAN,Unplanned,Closed,2026-05-10T14:14:00Z,2026-05-10T14:45:00Z,31
1837482,Central,CITY WEST LUDHIANA,ATAM NAGAR,Planned,Closed,2026-05-10T14:09:58Z,2026-05-10T15:38:48Z,88
1837481,Central,CITY WEST LUDHIANA,DHURI  LINE,Planned,Closed,2026-05-10T14:08:12Z,2026-05-10T15:38:36Z,90
1837485,Border,TARN TARAN,BEAS CITY,Unplanned,Closed,2026-05-10T14:05:00Z,2026-05-10T15:55:00Z,110
1837479,East,ROPAR,11KV SRG FEEDER,Planned,Closed,2026-05-10T14:00:19Z,2026-05-10T15:00:19Z,60
1837478,East,ROPAR,11 KV Omni,Planned,Closed,2026-05-10T14:00:19Z,2026-05-10T15:00:19Z,60
1837477,East,ROPAR,11 KV Roorki,Planned,Closed,2026-05-10T14:00:19Z,2026-05-10T15:00:19Z,60
1837476,East,ROPAR,"11 KV Teur, UPS",Planned,Closed,2026-05-10T14:00:19Z,2026-05-10T15:00:19Z,60
1837475,East,ROPAR,11 KV Allahpur,Planned,Closed,2026-05-10T14:00:19Z,2026-05-10T15:00:19Z,60
1837474,East,ROPAR,LAKHNAUR,Planned,Closed,2026-05-10T14:00:19Z,2026-05-10T15:00:19Z,60
1837473,East,ROPAR,PALHERI,Planned,Closed,2026-05-10T14:00:19Z,2026-05-10T15:00:19Z,60
1837472,East,ROPAR,SUHALI,Planned,Closed,2026-05-10T14:00:19Z,2026-05-10T15:00:19Z,60
1837471,East,ROPAR,BHAJOLI,Planned,Closed,2026-05-10T14:00:19Z,2026-05-10T15:00:19Z,60
1837484,Border,GURDASPUR,MUSTFABAD,Planned,Closed,2026-05-10T14:00:00Z,2026-05-10T18:04:00Z,244
1837483,Border,GURDASPUR,LAKHOWAL,Planned,Closed,2026-05-10T14:00:00Z,2026-05-10T18:01:00Z,241
1836621,North,JALANDHAR,DHOGRI,Planned,Closed,2026-05-10T14:00:00Z,2026-05-10T16:20:00Z,140
1836618,North,JALANDHAR,NURPUR UPS,Planned,Closed,2026-05-10T14:00:00Z,2026-05-10T16:20:00Z,140
1836617,North,JALANDHAR,PATHANKOT ROAD,Planned,Closed,2026-05-10T14:00:00Z,2026-05-10T16:20:00Z,140
1836616,North,JALANDHAR,Hamco Power,Planned,Closed,2026-05-10T14:00:00Z,2026-05-10T16:20:00Z,140
1836615,North,JALANDHAR,11 KV J.J.COLONY,Planned,Closed,2026-05-10T14:00:00Z,2026-05-10T16:20:00Z,140
1837489,North,JALANDHAR,HOUSING BOARD,Unplanned,Closed,2026-05-10T13:52:00Z,2026-05-10T14:35:00Z,43
1837462,South,SANGRUR,MAKORD SAHIB(new+old),Unplanned,Closed,2026-05-10T13:43:39Z,2026-05-10T14:27:46Z,44
1837465,East,MOHALI,JHAMPUR FEEDER,Unplanned,Closed,2026-05-10T13:41:00Z,2026-05-10T14:08:00Z,27
1837463,Central,CITY WEST LUDHIANA,STAR ROAD FEEDER,Unplanned,Closed,2026-05-10T13:38:33Z,2026-05-10T14:35:06Z,56
1837461,Central,CITY WEST LUDHIANA,LOHARA,Unplanned,Closed,2026-05-10T13:33:14Z,2026-05-10T14:05:33Z,32
1837460,Central,CITY WEST LUDHIANA,SATSANG GHAR,Unplanned,Closed,2026-05-10T13:33:14Z,2026-05-10T15:28:53Z,115
1837458,Central,KHANNA,DASHMESH (JALALPUR),Planned,Closed,2026-05-10T13:30:32Z,2026-05-10T15:00:54Z,90
1837457,North,JALANDHAR,HARIPUR,Unplanned,Closed,2026-05-10T13:24:00Z,2026-05-10T13:41:00Z,17
1837456,North,JALANDHAR,VAJU VIHAR,Planned,Closed,2026-05-10T13:24:00Z,2026-05-10T13:41:00Z,17
1837455,South,PATIALA,Focal Point-III,Unplanned,Closed,2026-05-10T13:24:00Z,2026-05-10T14:21:00Z,57
1837459,Border,GURDASPUR,N.M.SINGH,Unplanned,Closed,2026-05-10T13:20:00Z,2026-05-10T13:55:00Z,35
1837454,South,PATIALA,Focal Point-I,Unplanned,Closed,2026-05-10T13:20:00Z,2026-05-10T14:21:00Z,61
1837487,East,Zirakpur,FOCAL POINT DERA BASSI,Unplanned,Closed,2026-05-10T13:15:00Z,2026-05-10T14:55:00Z,100
1837452,West,MUKATSAR,BHANGER KHERA,Unplanned,Closed,2026-05-10T13:10:53Z,2026-05-10T14:20:06Z,69
1837453,West,MUKATSAR,11 KV Punjava Model,Unplanned,Closed,2026-05-10T13:10:27Z,2026-05-10T14:20:36Z,70
1837451,South,PATIALA,Vikas Colony,Unplanned,Closed,2026-05-10T13:10:00Z,2026-05-10T13:44:00Z,34
1837449,Border,GURDASPUR,Dalia,Unplanned,Closed,2026-05-10T13:07:00Z,2026-05-10T13:27:00Z,20
1837448,Central,CITY EAST LUDHIANA,Subash Nagar Feeder,Unplanned,Closed,2026-05-10T13:03:00Z,2026-05-10T13:54:00Z,51
1837447,North,HOSHIARPUR,MIANI,Unplanned,Closed,2026-05-10T13:02:00Z,2026-05-10T14:00:00Z,58
1836078,East,Zirakpur,PCPL,Planned,Closed,2026-05-10T13:00:00Z,2026-05-10T17:45:00Z,285
1836077,East,Zirakpur,Silver City,Planned,Closed,2026-05-10T13:00:00Z,2026-05-10T17:45:00Z,285
1836075,East,Zirakpur,SBP,Planned,Closed,2026-05-10T13:00:00Z,2026-05-10T17:45:00Z,285
1837450,East,MOHALI,11KV Sec-105,Unplanned,Closed,2026-05-10T12:50:00Z,2026-05-10T13:58:00Z,68
1837439,North,JALANDHAR,ASHOK VIHAR,Unplanned,Closed,2026-05-10T12:50:00Z,2026-05-10T13:15:00Z,25
1837440,East,MOHALI,11 KV Gura,Unplanned,Closed,2026-05-10T12:46:00Z,2026-05-10T13:45:00Z,59
1837438,Central,CITY WEST LUDHIANA,RANJIT NAGAR FEEDER,Unplanned,Closed,2026-05-10T12:44:21Z,2026-05-10T15:28:27Z,164
1837426,West,MUKATSAR,Dhani Sucha Singh (Old Chakra),Unplanned,Closed,2026-05-10T12:30:57Z,2026-05-10T12:48:06Z,17
1837436,South,SANGRUR,M K Road,Unplanned,Closed,2026-05-10T12:30:00Z,2026-05-10T13:17:00Z,47
1837428,South,SANGRUR,Sangatpura,Unplanned,Closed,2026-05-10T12:30:00Z,2026-05-10T13:17:00Z,47
1837427,South,SANGRUR,Markfed,Unplanned,Closed,2026-05-10T12:30:00Z,2026-05-10T13:17:00Z,47
1837425,South,SANGRUR,Gaushala Road,Unplanned,Closed,2026-05-10T12:30:00Z,2026-05-10T13:17:00Z,47
1837401,North,JALANDHAR,PEER PRANIA FEEDER,Unplanned,Closed,2026-05-10T12:20:00Z,2026-05-10T13:05:00Z,45
1837400,South,PATIALA,Bharat colony,Unplanned,Closed,2026-05-10T12:12:00Z,2026-05-10T13:25:00Z,73
1837396,South,SANGRUR,11KV UPS DHARMGARH,Planned,Closed,2026-05-10T12:07:45Z,2026-05-10T17:28:15Z,320
1837399,North,HOSHIARPUR,Harsipind UPS,Unplanned,Closed,2026-05-10T12:00:00Z,2026-05-10T12:20:00Z,20
1837397,North,JALANDHAR,Guru Nanak Nagar,Unplanned,Closed,2026-05-10T12:00:00Z,2026-05-10T12:27:00Z,27
1837315,Central,CITY WEST LUDHIANA,Shanker,Planned,Closed,2026-05-10T12:00:00Z,2026-05-10T16:00:00Z,240
1837314,Central,CITY WEST LUDHIANA,FORMATIVE,Planned,Closed,2026-05-10T12:00:00Z,2026-05-10T16:00:00Z,240
1837313,Central,CITY WEST LUDHIANA,MANSAROVAR,Planned,Closed,2026-05-10T12:00:00Z,2026-05-10T16:00:00Z,240
1837312,Central,CITY WEST LUDHIANA,L.S.R.,Planned,Closed,2026-05-10T12:00:00Z,2026-05-10T16:00:00Z,240
1837245,Central,KHANNA,Kotla,Planned,Closed,2026-05-10T12:00:00Z,2026-05-10T15:11:00Z,191
1837075,Central,SUB URBAN LUDHIANA,PABBIAN UPS,Planned,Closed,2026-05-10T12:00:00Z,2026-05-10T16:00:00Z,240
1837394,Central,CITY EAST LUDHIANA,FARID NAGAR,Planned,Closed,2026-05-10T11:55:00Z,2026-05-10T15:45:00Z,230
1837393,Central,CITY EAST LUDHIANA,BAL SINGH NAGAR,Planned,Closed,2026-05-10T11:55:00Z,2026-05-10T15:45:00Z,230
1837104,Central,CITY EAST LUDHIANA,BASTI JODHEWAL,Planned,Closed,2026-05-10T11:46:00Z,2026-05-10T16:10:00Z,264
1837398,North,JALANDHAR,NIHAL GARGH,Unplanned,Closed,2026-05-10T11:45:00Z,2026-05-10T12:40:00Z,55
1837390,Central,CITY EAST LUDHIANA,Chand Cinema,Unplanned,Closed,2026-05-10T11:42:00Z,2026-05-10T12:40:00Z,58
1837391,East,MOHALI,11KV SHAMPUR AP,Unplanned,Closed,2026-05-10T11:40:12Z,2026-05-10T12:05:39Z,25
1837392,East,MOHALI,11 KV RAIPUR KALAN UPS,Unplanned,Closed,2026-05-10T11:40:00Z,2026-05-10T12:05:57Z,25
1837387,East,Zirakpur,Jalalpur Kandi Pure AP,Unplanned,Closed,2026-05-10T11:39:00Z,2026-05-10T11:59:00Z,20
1837388,Central,KHANNA,City-3,Unplanned,Closed,2026-05-10T11:36:33Z,2026-05-10T12:09:45Z,33
1837395,East,MOHALI,Urban,Planned,Closed,2026-05-10T11:36:00Z,2026-05-10T13:43:00Z,127
1837384,Central,CITY WEST LUDHIANA,LOHARA,Unplanned,Closed,2026-05-10T11:35:47Z,2026-05-10T13:32:09Z,116
1837383,Central,CITY WEST LUDHIANA,SATSANG GHAR,Unplanned,Closed,2026-05-10T11:35:47Z,2026-05-10T13:31:41Z,115
1837382,Central,CITY WEST LUDHIANA,STAR ROAD FEEDER,Unplanned,Closed,2026-05-10T11:35:47Z,2026-05-10T13:31:20Z,115
1837381,Central,CITY WEST LUDHIANA,Baghi Stand,Unplanned,Closed,2026-05-10T11:35:47Z,2026-05-10T13:30:33Z,114
1837380,Central,CITY WEST LUDHIANA,RERU SAHIB ROAD FEEDER,Unplanned,Closed,2026-05-10T11:35:47Z,2026-05-10T13:30:13Z,114
1837378,Central,KHANNA,City 1,Unplanned,Closed,2026-05-10T11:33:00Z,2026-05-10T11:55:00Z,22
1837377,Border,GURDASPUR,City Thana,Unplanned,Closed,2026-05-10T11:30:00Z,2026-05-10T12:50:00Z,80
1837376,Border,GURDASPUR,City-1,Unplanned,Closed,2026-05-10T11:30:00Z,2026-05-10T12:50:00Z,80
1837379,East,MOHALI,11 KV TDI Sec-110,Unplanned,Closed,2026-05-10T11:25:00Z,2026-05-10T12:15:00Z,50
1837389,East,MOHALI,11KV Sec-105,Unplanned,Closed,2026-05-10T11:24:00Z,2026-05-10T12:49:08Z,85
1837375,South,PATIALA,INDUSTRIAL NO 2 (FP),Unplanned,Closed,2026-05-10T11:20:00Z,2026-05-10T12:10:00Z,50
1837374,South,PATIALA,11KV AZAD NAGAR,Unplanned,Closed,2026-05-10T11:20:00Z,2026-05-10T11:47:00Z,27
1837373,East,Zirakpur,SIMRAN,Planned,Closed,2026-05-10T11:20:00Z,2026-05-10T12:20:00Z,60
1837372,East,Zirakpur,GREEN VALLEY,Planned,Closed,2026-05-10T11:20:00Z,2026-05-10T12:20:00Z,60
1837371,East,Zirakpur,SUKHNA,Planned,Closed,2026-05-10T11:20:00Z,2026-05-10T12:20:00Z,60
1837370,East,Zirakpur,PUNJAB,Planned,Closed,2026-05-10T11:20:00Z,2026-05-10T12:20:00Z,60
1837369,South,SANGRUR,BIGARWAL UPS,Planned,Closed,2026-05-10T11:20:00Z,2026-05-10T13:20:00Z,120
1837367,Border,TARN TARAN,JALLUWAL,Unplanned,Closed,2026-05-10T11:12:50Z,2026-05-10T13:05:05Z,112
1837366,South,PATIALA,11KV NARENDRA ENCLAVE,Unplanned,Closed,2026-05-10T11:10:00Z,2026-05-10T11:50:00Z,40
1837365,Border,TARN TARAN,RAILWAY STATION-II,Unplanned,Closed,2026-05-10T11:08:24Z,2026-05-10T11:15:40Z,7
1837368,East,MOHALI,11KV JAND PUR,Unplanned,Closed,2026-05-10T11:08:00Z,2026-05-10T11:39:00Z,31
1837361,Border,CITY AMRITSAR,11 KV Haripura Feeder,Unplanned,Closed,2026-05-10T11:02:00Z,2026-05-10T12:08:34Z,66
1837364,Border,GURDASPUR,CHHOTEPUR,Unplanned,Closed,2026-05-10T11:00:00Z,2026-05-10T13:05:00Z,125
1837363,Border,GURDASPUR,Masana,Unplanned,Closed,2026-05-10T11:00:00Z,2026-05-10T12:58:00Z,118
1837362,Border,GURDASPUR,Awan,Unplanned,Closed,2026-05-10T11:00:00Z,2026-05-10T12:58:00Z,118
1837351,East,Zirakpur,ALLWIN,Planned,Closed,2026-05-10T11:00:00Z,2026-05-10T13:58:00Z,178
1837350,East,Zirakpur,DHILLON,Planned,Closed,2026-05-10T11:00:00Z,2026-05-10T13:58:00Z,178
1837349,East,Zirakpur,11kv Cosmo,Planned,Closed,2026-05-10T11:00:00Z,2026-05-10T13:57:00Z,177
1837348,East,Zirakpur,SATLUJ,Planned,Closed,2026-05-10T11:00:00Z,2026-05-10T13:59:00Z,179
1837347,East,Zirakpur,PRITHIM,Planned,Closed,2026-05-10T11:00:00Z,2026-05-10T13:58:00Z,178
1837318,North,JALANDHAR,ADAMPUR,Planned,Closed,2026-05-10T11:00:00Z,2026-05-10T14:06:00Z,186
1837118,Central,CITY EAST LUDHIANA,JAGIRPUR ROAD,Planned,Closed,2026-05-10T11:00:00Z,2026-05-10T15:00:00Z,240
1836105,East,Zirakpur,11KV BEHRA FEEDER,Planned,Closed,2026-05-10T11:00:00Z,2026-05-10T14:55:00Z,235
1836101,East,Zirakpur,11KV Indo Swift,Planned,Closed,2026-05-10T11:00:00Z,2026-05-10T14:55:00Z,235
1836095,East,Zirakpur,AVIANSH,Planned,Closed,2026-05-10T11:00:00Z,2026-05-10T15:00:00Z,240
1836093,East,Zirakpur,ABRYL LAB,Planned,Closed,2026-05-10T11:00:00Z,2026-05-10T14:55:00Z,235
1836092,East,Zirakpur,ALASKA FABTECH,Planned,Closed,2026-05-10T11:00:00Z,2026-05-10T15:00:00Z,240
1836090,East,Zirakpur,PML,Planned,Closed,2026-05-10T11:00:00Z,2026-05-10T14:55:00Z,235
1836087,East,Zirakpur,11 Kv Bhagwas Road Industry,Planned,Closed,2026-05-10T11:00:00Z,2026-05-10T15:00:00Z,240
1836085,East,Zirakpur,JAI MULTI ENNG.,Planned,Closed,2026-05-10T11:00:00Z,2026-05-10T14:55:00Z,235
1836081,East,Zirakpur,JAI PARVATI FORGE,Planned,Closed,2026-05-10T11:00:00Z,2026-05-10T14:55:00Z,235
1837360,South,PATIALA,Bharat colony,Unplanned,Closed,2026-05-10T10:55:00Z,2026-05-10T12:10:00Z,75
1837357,West,MUKATSAR,MAUJGARH,Unplanned,Closed,2026-05-10T10:54:03Z,2026-05-10T11:17:13Z,23
1837358,West,MUKATSAR,11 KV Sappan wali,Unplanned,Closed,2026-05-10T10:52:30Z,2026-05-10T11:21:39Z,29
1837354,North,KAPURTHALA,UPS GURSAR,Unplanned,Closed,2026-05-10T10:50:00Z,2026-05-10T12:46:00Z,116
1837205,North,JALANDHAR,Khalsa Road,Planned,Closed,2026-05-10T10:48:00Z,2026-05-10T13:08:00Z,140
1837352,East,Zirakpur,DEHAR UPS,Unplanned,Closed,2026-05-10T10:46:00Z,2026-05-10T11:15:00Z,29
1837353,East,Zirakpur,LALRU RURAL  Kandi Pure AP,Unplanned,Closed,2026-05-10T10:45:00Z,2026-05-10T11:15:00Z,30
1837356,Border,TARN TARAN,GOINDWAL SAHIB URBAN..,Unplanned,Closed,2026-05-10T10:40:00Z,2026-05-10T11:20:00Z,40
1837386,East,MOHALI,11KV Sec-105,Unplanned,Closed,2026-05-10T10:39:34Z,2026-05-10T11:18:38Z,39
1837359,North,JALANDHAR,SANSARPUR,Unplanned,Closed,2026-05-10T10:38:00Z,2026-05-10T11:07:00Z,29
1836969,North,JALANDHAR,TOWER,Planned,Closed,2026-05-10T10:33:00Z,2026-05-10T12:57:00Z,144
1836970,North,JALANDHAR,GURU NANAK,Planned,Closed,2026-05-10T10:31:00Z,2026-05-10T12:57:00Z,146
1837345,North,JALANDHAR,B.S.N.L,Planned,Closed,2026-05-10T10:26:00Z,2026-05-10T10:56:00Z,30
1837346,East,MOHALI,11KV Sector 101,Unplanned,Closed,2026-05-10T10:25:00Z,2026-05-10T10:40:28Z,15
1837343,North,KAPURTHALA,Pandori UPS,Planned,Closed,2026-05-10T10:20:00Z,2026-05-10T12:40:00Z,140
1837341,West,BATHINDA,Sekhu,Unplanned,Closed,2026-05-10T10:14:21Z,2026-05-10T11:22:00Z,67
1837385,East,MOHALI,11KV NADIALI AP,Unplanned,Closed,2026-05-10T10:13:00Z,2026-05-10T13:20:13Z,187
1837355,North,JALANDHAR,NEW SARHALI FEEDER,Unplanned,Closed,2026-05-10T10:10:00Z,2026-05-10T12:05:00Z,115
1837344,East,ROPAR,11 KV Mansoorpur,Unplanned,Closed,2026-05-10T10:10:00Z,2026-05-10T11:00:00Z,50
1837340,South,SANGRUR,MAKORD SAHIB(new+old),Unplanned,Closed,2026-05-10T10:08:44Z,2026-05-10T11:56:05Z,107
1837339,South,SANGRUR,Tibian Wali,Unplanned,Closed,2026-05-10T10:05:08Z,2026-05-10T11:40:20Z,95
1837335,Border,TARN TARAN,COURT COMPLEX,Planned,Closed,2026-05-10T10:02:00Z,2026-05-10T12:15:00Z,133
1836942,Central,CITY EAST LUDHIANA,BALA JI,Planned,Closed,2026-05-10T10:00:34Z,2026-05-10T13:46:40Z,226
1837207,Border,TARN TARAN,Bodewal  UPS,Planned,Closed,2026-05-10T10:00:21Z,2026-05-10T14:10:21Z,250
1837206,Border,TARN TARAN,Paddey,Planned,Closed,2026-05-10T10:00:21Z,2026-05-10T14:10:21Z,250
1837196,North,JALANDHAR,ATTARI BAZZAR,Planned,Closed,2026-05-10T10:00:02Z,2026-05-10T11:00:02Z,60
1837195,North,JALANDHAR,Jalvayu Vihar,Planned,Closed,2026-05-10T10:00:02Z,2026-05-10T11:00:02Z,60
1837194,North,JALANDHAR,11KV SANGAT SINGH NAGAR,Planned,Closed,2026-05-10T10:00:02Z,2026-05-10T11:00:02Z,60
1837193,North,JALANDHAR,11 KV  GRAIN MARKET (New),Planned,Closed,2026-05-10T10:00:02Z,2026-05-10T11:00:02Z,60
1837192,North,JALANDHAR,11KV MAI HIREAN GATE,Planned,Closed,2026-05-10T10:00:02Z,2026-05-10T11:00:02Z,60
1837191,North,JALANDHAR,11KV GANDHI CAMP,Planned,Closed,2026-05-10T10:00:02Z,2026-05-10T11:00:02Z,60
1837190,North,JALANDHAR,SARSWATI VIHAR,Planned,Closed,2026-05-10T10:00:02Z,2026-05-10T11:00:02Z,60
1837189,North,JALANDHAR,NAAZ,Planned,Closed,2026-05-10T10:00:02Z,2026-05-10T11:00:02Z,60
1837188,North,JALANDHAR,11 KV TAGORE HOSPITAL,Planned,Closed,2026-05-10T10:00:02Z,2026-05-10T11:00:02Z,60
1837187,North,JALANDHAR,HARNAM DASS PURA,Planned,Closed,2026-05-10T10:00:02Z,2026-05-10T11:00:02Z,60
1837186,North,JALANDHAR,JOSHI HOSPITAL,Planned,Closed,2026-05-10T10:00:02Z,2026-05-10T11:00:02Z,60
1837185,North,JALANDHAR,11 Shaheed Babu Labh Singh Nagar,Planned,Closed,2026-05-10T10:00:02Z,2026-05-10T11:00:02Z,60
1837184,North,JALANDHAR,11KV CHANDAN NAGAR,Planned,Closed,2026-05-10T10:00:02Z,2026-05-10T11:00:02Z,60
1837183,North,JALANDHAR,GAZZI GULLA,Planned,Closed,2026-05-10T10:00:02Z,2026-05-10T11:00:02Z,60
1837182,North,JALANDHAR,M.G.N,Planned,Closed,2026-05-10T10:00:02Z,2026-05-10T11:00:02Z,60
1837181,North,JALANDHAR,Shitla Mandir,Planned,Closed,2026-05-10T10:00:02Z,2026-05-10T11:00:02Z,60
1837180,North,JALANDHAR,Chowk Sudan,Planned,Closed,2026-05-10T10:00:02Z,2026-05-10T11:00:02Z,60
1837342,East,ROPAR,ASRON,Planned,Closed,2026-05-10T10:00:00Z,2026-05-10T14:23:00Z,263
1837338,South,SANGRUR,BHAMNIWALA,Unplanned,Closed,2026-05-10T10:00:00Z,2026-05-10T11:03:40Z,63
1837337,South,SANGRUR,GEHLAN,Unplanned,Closed,2026-05-10T10:00:00Z,2026-05-10T11:04:20Z,64
1837336,South,SANGRUR,KHOKHAR,Unplanned,Closed,2026-05-10T10:00:00Z,2026-05-10T11:04:57Z,64
1837334,East,MOHALI,RATWARA SAHIB,Unplanned,Closed,2026-05-10T10:00:00Z,2026-05-10T10:25:00Z,25
1837254,Border,TARN TARAN,UPS LAHUKA,Planned,Closed,2026-05-10T10:00:00Z,2026-05-10T14:01:00Z,241
1837253,Border,TARN TARAN,UPS SARHALI MAND,Planned,Closed,2026-05-10T10:00:00Z,2026-05-10T14:01:00Z,241
1837252,Border,TARN TARAN,UPS BABA JHARH SAHIB JI,Planned,Closed,2026-05-10T10:00:00Z,2026-05-10T14:01:00Z,241
1837251,Border,TARN TARAN,SARHALI KHURD UPS,Planned,Closed,2026-05-10T10:00:00Z,2026-05-10T14:01:00Z,241
1837250,Border,TARN TARAN,RANA SUGAR INDPT,Planned,Closed,2026-05-10T10:00:00Z,2026-05-10T14:01:00Z,241
1837249,Border,TARN TARAN,UPS KAIRON,Planned,Closed,2026-05-10T10:00:00Z,2026-05-10T14:01:00Z,241
1837248,Border,TARN TARAN,URBAN COURT ROAD PATTI,Planned,Closed,2026-05-10T10:00:00Z,2026-05-10T14:05:00Z,245
1837247,Border,TARN TARAN,URBAN WADDI MANDI PATTI,Planned,Closed,2026-05-10T10:00:00Z,2026-05-10T14:05:00Z,245
1837246,Border,TARN TARAN,URBAN CIRCULAR ROAD PATTI,Planned,Closed,2026-05-10T10:00:00Z,2026-05-10T14:05:00Z,245
1837231,East,MOHALI,11KV EYE HOSPITAL,Planned,Closed,2026-05-10T10:00:00Z,2026-05-10T13:47:48Z,227
1837178,North,JALANDHAR,NIVIA SPORTS,Planned,Closed,2026-05-10T10:00:00Z,2026-05-10T13:00:00Z,180
1837177,North,JALANDHAR,DRY LEATHER COMPLEX,Planned,Closed,2026-05-10T10:00:00Z,2026-05-10T13:00:00Z,180
1837165,South,PATIALA,Ekta Vihar,Planned,Closed,2026-05-10T10:00:00Z,2026-05-10T10:01:00Z,1
1837095,Central,SUB URBAN LUDHIANA,DALLA URBAN,Planned,Closed,2026-05-10T10:00:00Z,2026-05-10T16:00:00Z,360
1837018,Central,CITY EAST LUDHIANA,TRIVENI,Planned,Closed,2026-05-10T10:00:00Z,2026-05-10T14:00:00Z,240
1837016,Central,CITY EAST LUDHIANA,Shiv Shakti (Cat-2),Planned,Closed,2026-05-10T10:00:00Z,2026-05-10T14:00:00Z,240
1837008,South,PATIALA,Focal Point-II,Planned,Closed,2026-05-10T10:00:00Z,2026-05-10T14:00:00Z,240
1836955,Central,CITY EAST LUDHIANA,NAVKAR,Planned,Closed,2026-05-10T10:00:00Z,2026-05-10T14:00:00Z,240
1836954,Central,CITY EAST LUDHIANA,NEW MADHOPURI,Planned,Closed,2026-05-10T10:00:00Z,2026-05-10T14:00:00Z,240
1836953,Central,CITY EAST LUDHIANA,70 FUTTA ROAD,Planned,Closed,2026-05-10T10:00:00Z,2026-05-10T14:00:00Z,240
1836950,Central,CITY EAST LUDHIANA,KIRPAL NAGAR,Planned,Closed,2026-05-10T10:00:00Z,2026-05-10T14:00:00Z,240
1836948,Central,CITY EAST LUDHIANA,WESTION,Planned,Closed,2026-05-10T10:00:00Z,2026-05-10T14:00:00Z,240
1836947,Central,CITY EAST LUDHIANA,DAULAT COLONY,Planned,Closed,2026-05-10T10:00:00Z,2026-05-10T14:00:00Z,240
1836946,Central,CITY EAST LUDHIANA,ASHOKA,Planned,Closed,2026-05-10T10:00:00Z,2026-05-10T14:00:00Z,240
1836945,Central,CITY EAST LUDHIANA,Jagat Nagar,Planned,Closed,2026-05-10T10:00:00Z,2026-05-10T14:00:00Z,240
1836920,Central,CITY EAST LUDHIANA,Ranjan Madaan,Planned,Closed,2026-05-10T10:00:00Z,2026-05-10T13:00:00Z,180
1836919,Central,CITY EAST LUDHIANA,Alliance Overseas,Planned,Closed,2026-05-10T10:00:00Z,2026-05-10T13:00:00Z,180
1836918,Central,CITY EAST LUDHIANA,11KV Ishwar Industries,Planned,Closed,2026-05-10T10:00:00Z,2026-05-10T13:00:00Z,180
1836916,Central,CITY EAST LUDHIANA,Laj Export,Planned,Closed,2026-05-10T10:00:00Z,2026-05-10T13:00:00Z,180
1836915,Central,CITY EAST LUDHIANA,Amco Gold Star,Planned,Closed,2026-05-10T10:00:00Z,2026-05-10T13:00:00Z,180
1836914,Central,CITY EAST LUDHIANA,VIKRANT COMPONENT,Planned,Closed,2026-05-10T10:00:00Z,2026-05-10T13:00:00Z,180
1836913,Central,CITY EAST LUDHIANA,MUKESH STEEL,Planned,Closed,2026-05-10T10:00:00Z,2026-05-10T13:00:00Z,180
1836912,Central,CITY EAST LUDHIANA,SHARU STEEL,Planned,Closed,2026-05-10T10:00:00Z,2026-05-10T13:00:00Z,180
1836911,Central,CITY EAST LUDHIANA,MUNISH FORGING,Planned,Closed,2026-05-10T10:00:00Z,2026-05-10T13:00:00Z,180
1836909,Central,CITY EAST LUDHIANA,NANDISH ALLOYS,Planned,Closed,2026-05-10T10:00:00Z,2026-05-10T13:00:00Z,180
1836267,South,BARNALA,Kattu CAT-I,Planned,Closed,2026-05-10T10:00:00Z,2026-05-10T14:29:00Z,269
1836130,North,NAWANSHAHR,11KV LANGROYA,Planned,Closed,2026-05-10T10:00:00Z,2026-05-10T13:40:00Z,220
1836129,North,NAWANSHAHR,11 KV Civil Hospital,Planned,Closed,2026-05-10T10:00:00Z,2026-05-10T13:40:00Z,220
1836127,North,NAWANSHAHR,Barnala Gate,Planned,Closed,2026-05-10T10:00:00Z,2026-05-10T13:40:00Z,220
1836070,East,Zirakpur,DEHAR UPS,Planned,Closed,2026-05-10T10:00:00Z,2026-05-10T13:25:00Z,205
1837332,North,HOSHIARPUR,MASTIWAL,Unplanned,Closed,2026-05-10T09:57:00Z,2026-05-10T10:27:00Z,30
1837330,North,HOSHIARPUR,Pandori Attwal,Unplanned,Closed,2026-05-10T09:57:00Z,2026-05-10T10:38:00Z,41
1837328,South,SANGRUR,CAT-- 1 MAKORAR SAHIB,Unplanned,Closed,2026-05-10T09:53:44Z,2026-05-10T11:13:30Z,79
1837329,South,SANGRUR,Khokhar UPS,Unplanned,Closed,2026-05-10T09:53:24Z,2026-05-10T11:14:31Z,81
1837333,Border,GURDASPUR,Sunder Chack,Unplanned,Closed,2026-05-10T09:40:00Z,2026-05-10T10:15:00Z,35
1837331,Border,GURDASPUR,Bani Lodhi,Unplanned,Closed,2026-05-10T09:40:00Z,2026-05-10T10:15:00Z,35
1837326,Central,KHANNA,Central,Unplanned,Closed,2026-05-10T09:31:00Z,2026-05-10T10:28:00Z,57
1837324,South,SANGRUR,11 kv Dera Harnam Dass AP,Planned,Closed,2026-05-10T09:30:26Z,2026-05-10T17:37:37Z,487
1837323,South,SANGRUR,11 KV GHASIWAL AP(MODEL TOWN GR),Planned,Closed,2026-05-10T09:30:15Z,2026-05-10T17:37:00Z,486
1837172,Central,CITY WEST LUDHIANA,SUNNET,Planned,Closed,2026-05-10T09:30:00Z,2026-05-10T11:39:38Z,129
1837171,Central,CITY WEST LUDHIANA,SANCHAR COLONY,Planned,Closed,2026-05-10T09:30:00Z,2026-05-10T11:39:50Z,129
1837170,Central,CITY WEST LUDHIANA,CFC School,Planned,Closed,2026-05-10T09:30:00Z,2026-05-10T11:40:10Z,130
1837169,Central,CITY WEST LUDHIANA,S.B.S. Nagar,Planned,Closed,2026-05-10T09:30:00Z,2026-05-10T11:40:21Z,130
1837168,Central,CITY WEST LUDHIANA,Mandir wala,Planned,Closed,2026-05-10T09:30:00Z,2026-05-10T11:40:28Z,130
1837167,Central,CITY WEST LUDHIANA,B R S NAGAR,Planned,Closed,2026-05-10T09:30:00Z,2026-05-10T11:40:35Z,130
1837321,Border,GURDASPUR,TALWANDI,Unplanned,Closed,2026-05-10T09:26:00Z,2026-05-10T10:30:00Z,64
1837316,Central,CITY WEST LUDHIANA,ABDULLAPUR BASTI,Unplanned,Closed,2026-05-10T09:25:08Z,2026-05-10T10:29:00Z,63
1837319,North,JALANDHAR,KAPOOR PIND,Unplanned,Closed,2026-05-10T09:25:00Z,2026-05-10T10:15:00Z,50
1836074,East,Zirakpur,FOCAL POINT DERA BASSI,Planned,Closed,2026-05-10T09:25:00Z,2026-05-10T09:30:00Z,5
1837317,South,PATIALA,shera wala gate,Unplanned,Closed,2026-05-10T09:21:00Z,2026-05-10T11:00:00Z,99
1836981,North,JALANDHAR,NANDA,Planned,Closed,2026-05-10T09:20:00Z,2026-05-10T13:10:00Z,230
1836980,North,JALANDHAR,SEED CORPORATION,Planned,Closed,2026-05-10T09:20:00Z,2026-05-10T13:10:00Z,230
1836979,North,JALANDHAR,TUBEWELL CORPORATION,Planned,Closed,2026-05-10T09:20:00Z,2026-05-10T13:10:00Z,230
1836978,North,JALANDHAR,PANJPEER,Planned,Closed,2026-05-10T09:20:00Z,2026-05-10T13:10:00Z,230
1836976,North,JALANDHAR,D BLOCK,Planned,Closed,2026-05-10T09:20:00Z,2026-05-10T13:10:00Z,230
1837320,South,PATIALA,Dental College,Unplanned,Closed,2026-05-10T09:19:00Z,2026-05-10T09:56:00Z,37
1836952,North,JALANDHAR,J.M.P,Planned,Closed,2026-05-10T09:15:00Z,2026-05-10T12:55:00Z,220
1836612,North,JALANDHAR,PUNJABI BAGH,Planned,Closed,2026-05-10T09:15:00Z,2026-05-10T12:55:00Z,220
1837293,North,JALANDHAR,King city,Planned,Closed,2026-05-10T09:10:00Z,2026-05-10T13:05:00Z,235
1837292,North,JALANDHAR,CHANDERSEN,Planned,Closed,2026-05-10T09:10:00Z,2026-05-10T13:05:00Z,235
1837322,Border,GURDASPUR,DEHAR,Unplanned,Closed,2026-05-10T09:01:00Z,2026-05-10T10:55:00Z,114
1837115,South,SANGRUR,OM THIRED MILL,Planned,Closed,2026-05-10T09:00:51Z,2026-05-10T13:00:51Z,240
1837114,South,SANGRUR,PATRAN SPINTAX,Planned,Closed,2026-05-10T09:00:51Z,2026-05-10T13:00:51Z,240
1837113,South,SANGRUR,11 KV UPS NAIWALA,Planned,Closed,2026-05-10T09:00:51Z,2026-05-10T13:00:51Z,240
1837112,South,SANGRUR,11 KV GUPTA MOTOR,Planned,Closed,2026-05-10T09:00:51Z,2026-05-10T13:00:51Z,240
1837111,South,SANGRUR,RNG - cat 4,Planned,Closed,2026-05-10T09:00:51Z,2026-05-10T13:00:51Z,240
1837110,South,SANGRUR,UPS PAIND,Planned,Closed,2026-05-10T09:00:51Z,2026-05-10T13:00:51Z,240
1837109,South,SANGRUR,Ups Shadipur,Planned,Closed,2026-05-10T09:00:51Z,2026-05-10T13:00:51Z,240
1837311,Central,CITY WEST LUDHIANA,S.B.J,Planned,Closed,2026-05-10T09:00:00Z,2026-05-10T12:00:00Z,180
1837310,Central,CITY WEST LUDHIANA,DEMARTE,Planned,Closed,2026-05-10T09:00:00Z,2026-05-10T12:00:00Z,180
1837309,Central,CITY WEST LUDHIANA,MJ Rubber,Planned,Closed,2026-05-10T09:00:00Z,2026-05-10T12:00:00Z,180
1837308,Central,CITY WEST LUDHIANA,KANGANWAL,Planned,Closed,2026-05-10T09:00:00Z,2026-05-10T12:00:00Z,180
1837307,Central,CITY WEST LUDHIANA,VISHKARMA,Planned,Closed,2026-05-10T09:00:00Z,2026-05-10T12:00:00Z,180
1837306,Central,CITY WEST LUDHIANA,VAIDYA ALLOY,Planned,Closed,2026-05-10T09:00:00Z,2026-05-10T12:00:00Z,180
1837305,Central,CITY WEST LUDHIANA,KL Ispat,Planned,Closed,2026-05-10T09:00:00Z,2026-05-10T12:00:00Z,180
1837304,Central,CITY WEST LUDHIANA,D.M.K,Planned,Closed,2026-05-10T09:00:00Z,2026-05-10T12:00:00Z,180
1837303,Central,CITY WEST LUDHIANA,DURGA CONCAST,Planned,Closed,2026-05-10T09:00:00Z,2026-05-10T12:00:00Z,180
1837302,Central,CITY WEST LUDHIANA,Pawa Road,Planned,Closed,2026-05-10T09:00:00Z,2026-05-10T12:00:00Z,180
1837301,Central,CITY WEST LUDHIANA,PROMINENT,Planned,Closed,2026-05-10T09:00:00Z,2026-05-10T12:00:00Z,180
1837300,Central,CITY WEST LUDHIANA,NORTH STAR,Planned,Closed,2026-05-10T09:00:00Z,2026-05-10T12:00:00Z,180
1837299,Central,CITY WEST LUDHIANA,RAJ CASTING,Planned,Closed,2026-05-10T09:00:00Z,2026-05-10T12:00:00Z,180
1837298,Central,CITY WEST LUDHIANA,Batta,Planned,Closed,2026-05-10T09:00:00Z,2026-05-10T12:00:00Z,180
1837297,Central,CITY WEST LUDHIANA,KABIR EMPAX,Planned,Closed,2026-05-10T09:00:00Z,2026-05-10T12:00:00Z,180
1837296,Central,CITY WEST LUDHIANA,ANAND MANGAL,Planned,Closed,2026-05-10T09:00:00Z,2026-05-10T12:00:00Z,180
1837291,East,MOHALI,KANOUR,Unplanned,Closed,2026-05-10T09:00:00Z,2026-05-10T10:40:00Z,100
1837056,East,Zirakpur,SAIDPURA,Planned,Closed,2026-05-10T09:00:00Z,2026-05-10T14:55:00Z,355
1837050,East,Zirakpur,RAM PUR SAINIAN,Planned,Closed,2026-05-10T09:00:00Z,2026-05-10T14:55:00Z,355
1837049,East,Zirakpur,USHA YARNS,Planned,Closed,2026-05-10T09:00:00Z,2026-05-10T14:00:00Z,300
1837048,East,Zirakpur,barvala industrial park,Planned,Closed,2026-05-10T09:00:00Z,2026-05-10T14:55:00Z,355
1837045,East,Zirakpur,DERA BASSI URBAN,Planned,Closed,2026-05-10T09:00:00Z,2026-05-10T14:55:00Z,355
1836971,North,JALANDHAR,GLOBE COLONY,Planned,Closed,2026-05-10T09:00:00Z,2026-05-10T13:10:00Z,250
1836967,North,JALANDHAR,VIVEKANAND,Planned,Closed,2026-05-10T09:00:00Z,2026-05-10T13:00:00Z,240
1836966,North,JALANDHAR,GURUDWARA SHIV NAGAR,Planned,Closed,2026-05-10T09:00:00Z,2026-05-10T13:00:00Z,240
1836931,Central,CITY EAST LUDHIANA,K.K. Rubber,Planned,Closed,2026-05-10T09:00:00Z,2026-05-10T12:30:00Z,210
1836930,Central,CITY EAST LUDHIANA,SURINDRA CYCLE,Planned,Closed,2026-05-10T09:00:00Z,2026-05-10T12:30:00Z,210
1836929,Central,CITY EAST LUDHIANA,JYOTI,Planned,Closed,2026-05-10T09:00:00Z,2026-05-10T12:30:00Z,210
1836928,Central,CITY EAST LUDHIANA,CENTEX INTERNATIONAL,Planned,Closed,2026-05-10T09:00:00Z,2026-05-10T12:30:00Z,210
1836927,Central,CITY EAST LUDHIANA,R.K CONCAST,Planned,Closed,2026-05-10T09:00:00Z,2026-05-10T12:30:00Z,210
1836622,North,JALANDHAR,RAI PUR,Planned,Closed,2026-05-10T09:00:00Z,2026-05-10T12:00:00Z,180
1836613,North,JALANDHAR,BALLAN,Planned,Closed,2026-05-10T09:00:00Z,2026-05-10T12:00:00Z,180
1836611,North,JALANDHAR,BHARAT,Planned,Closed,2026-05-10T09:00:00Z,2026-05-10T12:00:00Z,180
1836610,North,JALANDHAR,Telbro,Planned,Closed,2026-05-10T09:00:00Z,2026-05-10T11:59:00Z,179
1836608,North,JALANDHAR,RANDHAWA MASANDA,Planned,Closed,2026-05-10T09:00:00Z,2026-05-10T13:00:00Z,240
1836607,North,JALANDHAR,INDUSTRIAL-3,Planned,Closed,2026-05-10T09:00:00Z,2026-05-10T13:00:00Z,240
1836606,North,JALANDHAR,Star,Planned,Closed,2026-05-10T09:00:00Z,2026-05-10T13:00:00Z,240
1836605,North,JALANDHAR,DIC 2,Planned,Closed,2026-05-10T09:00:00Z,2026-05-10T13:00:00Z,240
1836604,North,JALANDHAR,SUN FLAG,Planned,Closed,2026-05-10T09:00:00Z,2026-05-10T13:00:00Z,240
1836112,East,Zirakpur,11 KV HARIPUR ROAD INDUSTRY,Planned,Closed,2026-05-10T09:00:00Z,2026-05-10T14:55:00Z,355
1836106,East,Zirakpur,11 KV BEHRA ROAD,Planned,Closed,2026-05-10T09:00:00Z,2026-05-10T14:55:00Z,355
1836088,East,Zirakpur,SONA PAPER MILL,Planned,Closed,2026-05-10T09:00:00Z,2026-05-10T14:55:00Z,355
1836086,East,Zirakpur,11 Kv Cold Store Road,Planned,Closed,2026-05-10T09:00:00Z,2026-05-10T14:55:00Z,355
1837290,East,ROPAR,11KV SEHJO MAJRA UPS,Planned,Closed,2026-05-10T08:50:33Z,2026-05-10T12:00:33Z,190
1837289,East,ROPAR,11 KV Kirhi Affgana,Planned,Closed,2026-05-10T08:50:33Z,2026-05-10T12:00:33Z,190
1837288,East,ROPAR,11KV Naanowal (UPS),Planned,Closed,2026-05-10T08:50:33Z,2026-05-10T12:00:33Z,190
1837287,East,ROPAR,11 KV Shatabgarh,Planned,Closed,2026-05-10T08:50:33Z,2026-05-10T12:00:33Z,190
1837286,South,PATIALA,11 KV RAI MAJRA,Unplanned,Closed,2026-05-10T08:50:00Z,2026-05-10T10:05:00Z,75
1837283,North,JALANDHAR,DHINA,Unplanned,Closed,2026-05-10T08:36:00Z,2026-05-10T09:50:00Z,74
1837281,East,MOHALI,Sec-60,Unplanned,Closed,2026-05-10T08:36:00Z,2026-05-10T09:25:00Z,49
1837285,North,JALANDHAR,KANGNIWAL,Unplanned,Closed,2026-05-10T08:35:00Z,2026-05-10T08:50:00Z,15
1837284,North,JALANDHAR,CHOKAN,Unplanned,Closed,2026-05-10T08:35:00Z,2026-05-10T09:35:00Z,60
1837273,Central,CITY WEST LUDHIANA,HERKRISHAN NAGAR FEEDER,Unplanned,Closed,2026-05-10T08:29:01Z,2026-05-10T09:00:26Z,31
1837272,Central,CITY WEST LUDHIANA,AZAD NAGAR FEEDER,Unplanned,Closed,2026-05-10T08:29:01Z,2026-05-10T08:59:41Z,30
1837282,East,MOHALI,TEPLA ROAD BANUR,Unplanned,Closed,2026-05-10T08:26:00Z,2026-05-10T09:15:00Z,49
1837275,Central,CITY WEST LUDHIANA,MODEL HOUSE,Unplanned,Closed,2026-05-10T08:25:05Z,2026-05-10T09:34:24Z,69
1837271,North,HOSHIARPUR,LAROYA,Unplanned,Closed,2026-05-10T08:10:00Z,2026-05-10T08:20:00Z,10
1837270,Border,TARN TARAN,CITY 1,Unplanned,Closed,2026-05-10T08:05:00Z,2026-05-10T08:15:00Z,10
1837149,North,KAPURTHALA,UPS Bhathe,Planned,Closed,2026-05-10T08:00:55Z,2026-05-10T10:20:55Z,140
1837148,North,KAPURTHALA,URBAN Focal Point,Planned,Closed,2026-05-10T08:00:55Z,2026-05-10T10:20:55Z,140
1836211,East,ROPAR,11 KV KHABRAN,Planned,Closed,2026-05-10T08:00:55Z,2026-05-10T12:30:55Z,270
1836210,East,ROPAR,11 KV ATTALGARH,Planned,Closed,2026-05-10T08:00:55Z,2026-05-10T12:30:55Z,270
1836209,East,ROPAR,SAMANA SHEHRI,Planned,Closed,2026-05-10T08:00:55Z,2026-05-10T12:30:55Z,270
1836220,East,ROPAR,Panjola,Planned,Closed,2026-05-10T08:00:50Z,2026-05-10T12:40:50Z,280
1836219,East,ROPAR,MADPUR,Planned,Closed,2026-05-10T08:00:50Z,2026-05-10T12:40:50Z,280
1836218,East,ROPAR,Babani,Planned,Closed,2026-05-10T08:00:50Z,2026-05-10T12:40:50Z,280
1836217,East,ROPAR,BARDAR,Planned,Closed,2026-05-10T08:00:50Z,2026-05-10T12:40:50Z,280
1836216,East,ROPAR,KOTLA NIHANG,Planned,Closed,2026-05-10T08:00:50Z,2026-05-10T12:40:50Z,280
1836215,East,ROPAR,Bhangala,Planned,Closed,2026-05-10T08:00:50Z,2026-05-10T12:40:50Z,280
1836214,East,ROPAR,BINDRAKH,Planned,Closed,2026-05-10T08:00:50Z,2026-05-10T12:40:50Z,280
1836213,East,ROPAR,Bhaddal Collage,Planned,Closed,2026-05-10T08:00:50Z,2026-05-10T12:40:50Z,280
1836200,East,ROPAR,UPS SAHO MAJRA,Planned,Closed,2026-05-10T08:00:50Z,2026-05-10T12:15:50Z,255
1836199,East,ROPAR,11KV Dugri,Planned,Closed,2026-05-10T08:00:50Z,2026-05-10T12:15:50Z,255
1836198,East,ROPAR,11KV Alampur,Planned,Closed,2026-05-10T08:00:50Z,2026-05-10T12:15:50Z,255
1836197,East,ROPAR,IIT,Planned,Closed,2026-05-10T08:00:50Z,2026-05-10T12:00:50Z,240
1836196,East,ROPAR,CHAND PUR,Planned,Closed,2026-05-10T08:00:50Z,2026-05-10T12:15:50Z,255
1837144,North,KAPURTHALA,Mana Talwandi,Planned,Closed,2026-05-10T08:00:47Z,2026-05-10T10:20:47Z,140
1837143,North,KAPURTHALA,Dainik Bhaskar,Planned,Closed,2026-05-10T08:00:47Z,2026-05-10T10:20:47Z,140
1837142,North,KAPURTHALA,URBAN Hamira,Planned,Closed,2026-05-10T08:00:47Z,2026-05-10T10:20:47Z,140
1837141,North,KAPURTHALA,SGL Hospital,Planned,Closed,2026-05-10T08:00:47Z,2026-05-10T10:20:47Z,140
1837140,North,KAPURTHALA,Power Grid,Planned,Closed,2026-05-10T08:00:47Z,2026-05-10T10:20:47Z,140
1837139,North,KAPURTHALA,UPS Mustfabad,Planned,Closed,2026-05-10T08:00:47Z,2026-05-10T10:20:47Z,140
1836435,West,FARIDKOT,Bharro-Bhatti,Planned,Closed,2026-05-10T08:00:46Z,2026-05-10T11:54:46Z,234
1836434,West,FARIDKOT,Ramuana UPS,Planned,Closed,2026-05-10T08:00:46Z,2026-05-10T11:54:46Z,234
1836433,West,FARIDKOT,MATTA URBAN,Planned,Closed,2026-05-10T08:00:46Z,2026-05-10T11:54:46Z,234
1836432,West,FARIDKOT,AJIT GILL,Planned,Closed,2026-05-10T08:00:46Z,2026-05-10T11:54:46Z,234
1836447,West,FARIDKOT,Kothe Chakk Bhag Singh Wala,Planned,Closed,2026-05-10T08:00:40Z,2026-05-10T11:46:40Z,226
1836446,West,FARIDKOT,BEHBAL-KALAN UPS,Planned,Closed,2026-05-10T08:00:40Z,2026-05-10T11:52:40Z,232
1836445,West,FARIDKOT,SARAWAN URBAN,Planned,Closed,2026-05-10T08:00:40Z,2026-05-10T11:53:40Z,233
1837204,East,ROPAR,KAKRALI,Planned,Closed,2026-05-10T08:00:36Z,2026-05-10T12:30:36Z,270
1836430,West,FARIDKOT,Dhana Basti,Planned,Closed,2026-05-10T08:00:34Z,2026-05-10T11:50:34Z,230
1836429,West,FARIDKOT,Kothe Warring (Samgh),Planned,Closed,2026-05-10T08:00:34Z,2026-05-10T11:52:34Z,232
1836428,West,FARIDKOT,Focal Point,Planned,Closed,2026-05-10T08:00:34Z,2026-05-10T11:48:34Z,228
1836427,West,FARIDKOT,Kothe Dhaliwal,Planned,Closed,2026-05-10T08:00:34Z,2026-05-10T11:49:34Z,229
1836426,West,FARIDKOT,"Factory Road, Kotkapura",Planned,Closed,2026-05-10T08:00:34Z,2026-05-10T11:52:34Z,232
1836425,West,FARIDKOT,IOC,Planned,Closed,2026-05-10T08:00:34Z,2026-05-10T11:50:34Z,230
1836424,West,FARIDKOT,GOBIND ESTATE,Planned,Closed,2026-05-10T08:00:34Z,2026-05-10T11:51:34Z,231
1836423,West,FARIDKOT,Milk Plant,Planned,Closed,2026-05-10T08:00:34Z,2026-05-10T11:49:34Z,229
1836422,West,FARIDKOT,Kotkapura-I,Planned,Closed,2026-05-10T08:00:34Z,2026-05-10T11:51:34Z,231
1836223,East,ROPAR,Shri Guru Harkrishan,Planned,Closed,2026-05-10T08:00:27Z,2026-05-10T12:20:27Z,260
1836222,East,ROPAR,11KV Mohan Majra,Planned,Closed,2026-05-10T08:00:27Z,2026-05-10T12:20:27Z,260
1837151,North,KAPURTHALA,Lakhan Ke Paddey,Planned,Closed,2026-05-10T08:00:25Z,2026-05-10T10:20:25Z,140
1837150,North,KAPURTHALA,Bamuwal,Planned,Closed,2026-05-10T08:00:25Z,2026-05-10T10:20:25Z,140
1837147,North,KAPURTHALA,Momanpur,Planned,Closed,2026-05-10T08:00:25Z,2026-05-10T10:20:25Z,140
1837146,North,KAPURTHALA,URBAN Mustfapur,Planned,Closed,2026-05-10T08:00:25Z,2026-05-10T10:20:25Z,140
1837145,North,KAPURTHALA,UPS Rahimpur,Planned,Closed,2026-05-10T08:00:25Z,2026-05-10T10:20:25Z,140
1837137,North,KAPURTHALA,Jagatjit Ind.Ltd,Planned,Closed,2026-05-10T08:00:22Z,2026-05-10T10:20:22Z,140
1837136,North,KAPURTHALA,Jang-E-Azadi Kartarpur,Planned,Closed,2026-05-10T08:00:22Z,2026-05-10T10:20:00Z,139
1837135,North,KAPURTHALA,URBAN Sura Nussi,Planned,Closed,2026-05-10T08:00:22Z,2026-05-10T10:20:22Z,140
1837134,North,KAPURTHALA,Furniture Bajar,Planned,Closed,2026-05-10T08:00:22Z,2026-05-10T10:20:22Z,140
1837133,North,KAPURTHALA,Arya Nagar,Planned,Closed,2026-05-10T08:00:22Z,2026-05-10T10:20:22Z,140
1837132,North,KAPURTHALA,Fateh Jalal,Planned,Closed,2026-05-10T08:00:22Z,2026-05-10T10:20:22Z,140
1837131,North,KAPURTHALA,R.E.C,Planned,Closed,2026-05-10T08:00:22Z,2026-05-10T10:20:00Z,139
1837130,North,KAPURTHALA,UPS Ambgarh,Planned,Closed,2026-05-10T08:00:22Z,2026-05-10T10:20:22Z,140
1837129,North,KAPURTHALA,City kartarpur,Planned,Closed,2026-05-10T08:00:22Z,2026-05-10T10:20:00Z,139
1837128,North,KAPURTHALA,URBAN Bye Pass,Planned,Closed,2026-05-10T08:00:22Z,2026-05-10T10:20:22Z,140
1837127,North,KAPURTHALA,UPS Kahlwan,Planned,Closed,2026-05-10T08:00:22Z,2026-05-10T10:20:22Z,140
1835909,West,FARIDKOT,Baba Jiwan Singh Nagar,Planned,Closed,2026-05-10T08:00:21Z,2026-05-10T11:40:21Z,220
1835908,West,FARIDKOT,AMAN NAGAR CAT-1,Planned,Closed,2026-05-10T08:00:21Z,2026-05-10T11:44:21Z,224
1835907,West,FARIDKOT,GURU TEG BHADUR NAGAR,Planned,Closed,2026-05-10T08:00:21Z,2026-05-10T11:48:21Z,228
1835906,West,FARIDKOT,BEER ROAD,Planned,Closed,2026-05-10T08:00:21Z,2026-05-10T11:46:21Z,226
1835905,West,FARIDKOT,Gurdawara Sahib Feeder,Planned,Closed,2026-05-10T08:00:21Z,2026-05-10T11:47:21Z,227
1835904,West,FARIDKOT,Kotkapura-II,Planned,Closed,2026-05-10T08:00:21Z,2026-05-10T11:49:21Z,229
1835903,West,FARIDKOT,Deviwala,Planned,Closed,2026-05-10T08:00:21Z,2026-05-10T11:47:21Z,227
1835902,West,FARIDKOT,DISPOSAL,Planned,Closed,2026-05-10T08:00:21Z,2026-05-10T11:46:21Z,226
1835901,West,FARIDKOT,Hariyali,Planned,Closed,2026-05-10T08:00:21Z,2026-05-10T11:46:21Z,226
1835900,West,FARIDKOT,Prem Nagar,Planned,Closed,2026-05-10T08:00:21Z,2026-05-10T11:45:21Z,225
1835899,West,FARIDKOT,New Dana Mandi,Planned,Closed,2026-05-10T08:00:21Z,2026-05-10T11:45:21Z,225
1836441,West,FARIDKOT,Nanaksar UPS,Planned,Closed,2026-05-10T08:00:15Z,2026-05-10T11:43:15Z,223
1836440,West,FARIDKOT,Arvind Nagar Feeder,Planned,Closed,2026-05-10T08:00:15Z,2026-05-10T11:41:15Z,221
1836439,West,FARIDKOT,DHILWAN URBAN,Planned,Closed,2026-05-10T08:00:15Z,2026-05-10T11:42:15Z,222
1836438,West,FARIDKOT,Kataria Rice Mill,Planned,Closed,2026-05-10T08:00:15Z,2026-05-10T11:44:15Z,224
1837203,East,ROPAR,Mirzapur,Planned,Closed,2026-05-10T08:00:09Z,2026-05-10T12:48:09Z,288
1837202,East,ROPAR,Mundho,Planned,Closed,2026-05-10T08:00:09Z,2026-05-10T12:48:09Z,288
1837201,East,ROPAR,Khera,Planned,Closed,2026-05-10T08:00:09Z,2026-05-10T12:48:09Z,288
1837200,East,ROPAR,Mianpur,Planned,Closed,2026-05-10T08:00:09Z,2026-05-10T12:48:09Z,288
1837199,East,ROPAR,Barsalpur,Planned,Closed,2026-05-10T08:00:09Z,2026-05-10T12:48:09Z,288
1837198,East,ROPAR,Kubaheri,Planned,Closed,2026-05-10T08:00:09Z,2026-05-10T12:48:09Z,288
1837223,North,HOSHIARPUR,BULLOWAL   NO    2,Planned,Closed,2026-05-10T08:00:07Z,2026-05-10T10:40:07Z,160
1837222,North,HOSHIARPUR,11KV SATOWALI,Planned,Closed,2026-05-10T08:00:07Z,2026-05-10T10:40:07Z,160
1837221,North,HOSHIARPUR,GHUG,Planned,Closed,2026-05-10T08:00:07Z,2026-05-10T10:40:07Z,160
1837070,Central,CITY WEST LUDHIANA,POLKA,Planned,Closed,2026-05-10T08:00:03Z,2026-05-10T12:00:03Z,240
1837280,East,ROPAR,11 KV RTP,Planned,Closed,2026-05-10T08:00:00Z,2026-05-10T12:15:00Z,255
1837279,East,ROPAR,11 KV Kakrala,Planned,Closed,2026-05-10T08:00:00Z,2026-05-10T12:15:00Z,255
1837278,East,ROPAR,11KV Belian UPS FEEDER,Planned,Closed,2026-05-10T08:00:00Z,2026-05-10T12:15:00Z,255
1837277,East,ROPAR,11 KV Sarsa Nangal,Planned,Closed,2026-05-10T08:00:00Z,2026-05-10T12:15:00Z,255
1837276,East,ROPAR,11 KV Bharatgarh,Planned,Closed,2026-05-10T08:00:00Z,2026-05-10T12:15:00Z,255
1837265,South,BARNALA,SHARMAN STEEL ADP ROAD IND-2,Planned,Closed,2026-05-10T08:00:00Z,2026-05-10T10:30:00Z,150
1837264,South,BARNALA,Industrial-2,Planned,Closed,2026-05-10T08:00:00Z,2026-05-10T10:30:00Z,150
1837263,South,BARNALA,Industrial-I,Planned,Closed,2026-05-10T08:00:00Z,2026-05-10T10:30:00Z,150
1837262,South,BARNALA,MALERKOTLA-1,Planned,Closed,2026-05-10T08:00:00Z,2026-05-10T10:30:00Z,150
1836961,Central,CITY WEST LUDHIANA,Kartar Chowk,Planned,Closed,2026-05-10T08:00:00Z,2026-05-10T18:19:15Z,619
1836960,Central,CITY WEST LUDHIANA,WAHEGURU ROAD,Planned,Closed,2026-05-10T08:00:00Z,2026-05-10T18:20:53Z,620
1836959,Central,CITY WEST LUDHIANA,GURPAL NAGAR FEEDER,Planned,Closed,2026-05-10T08:00:00Z,2026-05-10T18:21:39Z,621
1836403,Central,CITY EAST LUDHIANA,BEAS HOSIERY,Planned,Closed,2026-05-10T08:00:00Z,2026-05-10T12:00:00Z,240
1836402,Central,CITY EAST LUDHIANA,SARDAR NAGAR,Planned,Closed,2026-05-10T08:00:00Z,2026-05-10T12:00:00Z,240
1836225,East,ROPAR,IIT Ropar,Planned,Closed,2026-05-10T08:00:00Z,2026-05-10T12:15:00Z,255
1826629,West,FARIDKOT,11KV MAI GODRI SHAIB,Planned,Closed,2026-05-10T08:00:00Z,2026-05-10T11:45:02Z,225
1837269,North,HOSHIARPUR,KOLYA,Unplanned,Closed,2026-05-10T07:50:00Z,2026-05-10T11:10:00Z,200
1837268,Central,CITY WEST LUDHIANA,Maya Soap Street,Unplanned,Closed,2026-05-10T07:49:36Z,2026-05-10T08:43:01Z,53
1837267,Central,CITY WEST LUDHIANA,GURU NANAK STREET FEEDER,Unplanned,Closed,2026-05-10T07:48:42Z,2026-05-10T08:42:32Z,53
1837274,Central,CITY WEST LUDHIANA,BUS STAND,Unplanned,Closed,2026-05-10T07:46:00Z,2026-05-10T09:26:57Z,100
1837266,East,MOHALI,HULKA UPS,Unplanned,Closed,2026-05-10T07:38:00Z,2026-05-10T09:18:00Z,100
1837261,North,KAPURTHALA,Esewal,Unplanned,Closed,2026-05-10T07:35:00Z,2026-05-10T08:50:00Z,75
1837260,North,KAPURTHALA,Kasupur,Unplanned,Closed,2026-05-10T07:35:00Z,2026-05-10T08:50:00Z,75
1837259,North,KAPURTHALA,UPS MALLIWAL,Unplanned,Closed,2026-05-10T07:32:00Z,2026-05-10T08:50:00Z,78
1837258,South,PATIALA,Majhithia Enclave,Unplanned,Closed,2026-05-10T07:31:00Z,2026-05-10T07:44:00Z,13
1837257,South,PATIALA,gobind colony,Unplanned,Closed,2026-05-10T07:26:00Z,2026-05-10T08:12:36Z,46
1837256,Central,CITY WEST LUDHIANA,SATPAL MITTAL,Unplanned,Closed,2026-05-10T07:23:52Z,2026-05-10T08:06:08Z,42
1837255,Central,CITY WEST LUDHIANA,MERADO FEEDER,Unplanned,Closed,2026-05-10T07:19:04Z,2026-05-10T08:03:41Z,44
1836984,Central,CITY EAST LUDHIANA,AARTI STEEL,Planned,Closed,2026-05-10T07:00:00Z,2026-05-10T14:00:00Z,420
1837244,North,JALANDHAR,Begampura,Unplanned,Closed,2026-05-10T06:40:00Z,2026-05-10T07:15:00Z,35
1837243,South,PATIALA,Sant Nagar,Unplanned,Closed,2026-05-10T06:35:00Z,2026-05-10T07:30:00Z,55
1837241,Central,CITY WEST LUDHIANA,HIGHWAY FEEDER,Unplanned,Closed,2026-05-10T06:32:48Z,2026-05-10T07:39:03Z,66
1837240,Central,CITY WEST LUDHIANA,NEW JANTA NAGAR,Unplanned,Closed,2026-05-10T06:30:33Z,2026-05-10T07:02:51Z,32
1837242,South,SANGRUR,City-II,Unplanned,Closed,2026-05-10T06:30:00Z,2026-05-10T07:20:00Z,50
1837238,Central,CITY WEST LUDHIANA,GULMOHAR,Unplanned,Closed,2026-05-10T06:15:04Z,2026-05-10T07:06:00Z,50
1837239,East,MOHALI,BANUR URBAN 3,Unplanned,Closed,2026-05-10T06:13:00Z,2026-05-10T09:18:00Z,185
1837237,Border,SUB URBAN AMRITSAR,RAMDASS  BOP,Unplanned,Closed,2026-05-10T06:00:00Z,2026-05-10T07:52:00Z,112
1837234,Central,CITY WEST LUDHIANA,A block,Unplanned,Closed,2026-05-10T05:41:15Z,2026-05-10T06:15:43Z,34
1837232,Border,GURDASPUR,Shah Colony,Unplanned,Closed,2026-05-10T05:20:00Z,2026-05-10T05:45:00Z,25
1837235,East,MOHALI,11KV SIDHU UPS,Unplanned,Closed,2026-05-10T05:14:00Z,2026-05-10T06:08:21Z,54
1837230,Border,TARN TARAN,THATHIAN UPS,Unplanned,Closed,2026-05-10T05:05:45Z,2026-05-10T08:05:00Z,179
1837236,North,KAPURTHALA,UPS Malri,Unplanned,Closed,2026-05-10T04:40:00Z,2026-05-10T07:40:00Z,180
1837229,Border,TARN TARAN,CITY 1,Unplanned,Closed,2026-05-10T04:22:00Z,2026-05-10T05:26:00Z,64
1837233,East,Zirakpur,AQUA FIBRE,Unplanned,Closed,2026-05-10T04:20:00Z,2026-05-10T05:30:00Z,70
1837228,East,MOHALI,11KV SIDHU UPS,Unplanned,Closed,2026-05-10T04:07:00Z,2026-05-10T05:10:00Z,63
1837227,East,MOHALI,11KV AEROCITY-2,Unplanned,Closed,2026-05-10T04:07:00Z,2026-05-10T05:36:00Z,89
1836472,Central,CITY WEST LUDHIANA,Dhanoa,Planned,Closed,2026-05-10T04:00:55Z,2026-05-10T08:00:55Z,240
1836471,Central,CITY WEST LUDHIANA,MATHARU,Planned,Closed,2026-05-10T04:00:55Z,2026-05-10T08:00:55Z,240
1836470,Central,CITY WEST LUDHIANA,EKTA MARKET,Planned,Closed,2026-05-10T04:00:55Z,2026-05-10T08:00:55Z,240
1836469,Central,CITY WEST LUDHIANA,Garcha,Planned,Closed,2026-05-10T04:00:55Z,2026-05-10T08:00:55Z,240
1836468,Central,CITY WEST LUDHIANA,Khalsa,Planned,Closed,2026-05-10T04:00:55Z,2026-05-10T08:00:55Z,240
1836467,Central,CITY WEST LUDHIANA,EveLine (new),Planned,Closed,2026-05-10T04:00:55Z,2026-05-10T08:00:55Z,240
1836466,Central,CITY WEST LUDHIANA,RUDRA ENCLAVE,Planned,Closed,2026-05-10T04:00:55Z,2026-05-10T08:00:55Z,240
1836465,Central,CITY WEST LUDHIANA,SARTAJ,Planned,Closed,2026-05-10T04:00:55Z,2026-05-10T08:00:55Z,240
1836464,Central,CITY WEST LUDHIANA,Dhillon,Planned,Closed,2026-05-10T04:00:55Z,2026-05-10T08:00:55Z,240
1836463,Central,CITY WEST LUDHIANA,AMRIT FASTNER,Planned,Closed,2026-05-10T04:00:55Z,2026-05-10T08:00:55Z,240
1836462,Central,CITY WEST LUDHIANA,JAGDAMBA,Planned,Closed,2026-05-10T04:00:55Z,2026-05-10T08:00:55Z,240
1836461,Central,CITY WEST LUDHIANA,MAHADEV FORGING,Planned,Closed,2026-05-10T04:00:55Z,2026-05-10T08:00:55Z,240
1836460,Central,CITY WEST LUDHIANA,Jindle Cycle,Planned,Closed,2026-05-10T04:00:55Z,2026-05-10T08:00:55Z,240
1836459,Central,CITY WEST LUDHIANA,Bhushan,Planned,Closed,2026-05-10T04:00:55Z,2026-05-10T08:00:55Z,240
1836458,Central,CITY WEST LUDHIANA,Om Steel,Planned,Closed,2026-05-10T04:00:55Z,2026-05-10T08:00:55Z,240
1836324,Central,CITY WEST LUDHIANA,VALLABH TEXTILE (Consumer End),Planned,Closed,2026-05-10T04:00:48Z,2026-05-10T08:00:48Z,240
1836323,Central,CITY WEST LUDHIANA,GARG ACRYLIC,Planned,Closed,2026-05-10T04:00:48Z,2026-05-10T08:00:48Z,240
1836322,Central,CITY WEST LUDHIANA,SPORTKING,Planned,Closed,2026-05-10T04:00:48Z,2026-05-10T08:00:48Z,240
1836321,Central,CITY WEST LUDHIANA,G L F,Planned,Closed,2026-05-10T04:00:48Z,2026-05-10T08:00:48Z,240
1836320,Central,CITY WEST LUDHIANA,BALWANT STEEL,Planned,Closed,2026-05-10T04:00:48Z,2026-05-10T08:00:48Z,240
1836319,Central,CITY WEST LUDHIANA,Deluxe,Planned,Closed,2026-05-10T04:00:48Z,2026-05-10T08:00:48Z,240
1836318,Central,CITY WEST LUDHIANA,SOMA SAR,Planned,Closed,2026-05-10T04:00:48Z,2026-05-10T08:00:48Z,240
1836317,Central,CITY WEST LUDHIANA,H-MADAAN,Planned,Closed,2026-05-10T04:00:48Z,2026-05-10T08:00:48Z,240
1836316,Central,CITY WEST LUDHIANA,Ganpati,Planned,Closed,2026-05-10T04:00:48Z,2026-05-10T08:00:48Z,240
1836315,Central,CITY WEST LUDHIANA,BESTAVISION,Planned,Closed,2026-05-10T04:00:48Z,2026-05-10T08:00:48Z,240
1836314,Central,CITY WEST LUDHIANA,Bala Ji,Planned,Closed,2026-05-10T04:00:48Z,2026-05-10T08:00:48Z,240
1836313,Central,CITY WEST LUDHIANA,Umaidpur,Planned,Closed,2026-05-10T04:00:48Z,2026-05-10T08:00:48Z,240
1836312,Central,CITY WEST LUDHIANA,OSTER,Planned,Closed,2026-05-10T04:00:48Z,2026-05-10T08:00:48Z,240
1836311,Central,CITY WEST LUDHIANA,Precision,Planned,Closed,2026-05-10T04:00:48Z,2026-05-10T08:00:48Z,240
1836310,Central,CITY WEST LUDHIANA,HIGHWAY,Planned,Closed,2026-05-10T04:00:48Z,2026-05-10T08:00:48Z,240
1836309,Central,CITY WEST LUDHIANA,TAYAL,Planned,Closed,2026-05-10T04:00:48Z,2026-05-10T08:00:48Z,240
1836308,Central,CITY WEST LUDHIANA,S/S Transformer,Planned,Closed,2026-05-10T04:00:48Z,2026-05-10T08:00:48Z,240
1836307,Central,CITY WEST LUDHIANA,Varun,Planned,Closed,2026-05-10T04:00:48Z,2026-05-10T08:00:48Z,240
1836306,Central,CITY WEST LUDHIANA,SAKSHI,Planned,Closed,2026-05-10T04:00:48Z,2026-05-10T08:00:48Z,240
1836305,Central,CITY WEST LUDHIANA,BANSAL,Planned,Closed,2026-05-10T04:00:48Z,2026-05-10T08:00:48Z,240
1836304,Central,CITY WEST LUDHIANA,MENKA,Planned,Closed,2026-05-10T04:00:48Z,2026-05-10T08:00:48Z,240
1836303,Central,CITY WEST LUDHIANA,NANDPUR,Planned,Closed,2026-05-10T04:00:48Z,2026-05-10T08:00:48Z,240
1836302,Central,CITY WEST LUDHIANA,JAIN SONS,Planned,Closed,2026-05-10T04:00:48Z,2026-05-10T08:00:48Z,240
1836301,Central,CITY WEST LUDHIANA,SRV STEEL,Planned,Closed,2026-05-10T04:00:48Z,2026-05-10T08:00:48Z,240
1836300,Central,CITY WEST LUDHIANA,SAJJAN,Planned,Closed,2026-05-10T04:00:48Z,2026-05-10T08:00:48Z,240
1836536,Central,CITY WEST LUDHIANA,HAPPY FORGING 66KV,Planned,Closed,2026-05-10T04:00:32Z,2026-05-10T08:00:32Z,240
1836535,Central,CITY WEST LUDHIANA,VISHKARMA ALLOYS,Planned,Closed,2026-05-10T04:00:32Z,2026-05-10T08:00:32Z,240
1836534,Central,CITY WEST LUDHIANA,GARG FURNACE U-2 66KV,Planned,Closed,2026-05-10T04:00:32Z,2026-05-10T08:00:32Z,240
1836533,Central,CITY WEST LUDHIANA,KL Ispat,Planned,Closed,2026-05-10T04:00:32Z,2026-05-10T08:00:32Z,240
1836532,Central,CITY WEST LUDHIANA,SKYWAY,Planned,Closed,2026-05-10T04:00:32Z,2026-05-10T08:00:32Z,240
1836531,Central,CITY WEST LUDHIANA,Batta,Planned,Closed,2026-05-10T04:00:32Z,2026-05-10T08:00:32Z,240
1836530,Central,CITY WEST LUDHIANA,"BALA JI, KNG",Planned,Closed,2026-05-10T04:00:32Z,2026-05-10T08:00:32Z,240
1836529,Central,CITY WEST LUDHIANA,OSWAL ALLOY,Planned,Closed,2026-05-10T04:00:32Z,2026-05-10T08:00:32Z,240
1836528,Central,CITY WEST LUDHIANA,AMAR UDYOG,Planned,Closed,2026-05-10T04:00:32Z,2026-05-10T08:00:32Z,240
1836527,Central,CITY WEST LUDHIANA,Shiv Kripa,Planned,Closed,2026-05-10T04:00:32Z,2026-05-10T08:00:32Z,240
1836526,Central,CITY WEST LUDHIANA,JASPAL BANGER RD,Planned,Closed,2026-05-10T04:00:32Z,2026-05-10T08:00:32Z,240
1836525,Central,CITY WEST LUDHIANA,JINDAL COTTEX,Planned,Closed,2026-05-10T04:00:32Z,2026-05-10T08:00:32Z,240
1836524,Central,CITY WEST LUDHIANA,GOBIND RUBBER,Planned,Closed,2026-05-10T04:00:32Z,2026-05-10T08:00:32Z,240
1836523,Central,CITY WEST LUDHIANA,KANGANWAL,Planned,Closed,2026-05-10T04:00:32Z,2026-05-10T08:00:32Z,240
1836522,Central,CITY WEST LUDHIANA,VAIDYA ALLOY,Planned,Closed,2026-05-10T04:00:32Z,2026-05-10T08:00:32Z,240
1836521,Central,CITY WEST LUDHIANA,Texla Road,Planned,Closed,2026-05-10T04:00:32Z,2026-05-10T08:00:32Z,240
1836520,Central,CITY WEST LUDHIANA,D.M.K,Planned,Closed,2026-05-10T04:00:32Z,2026-05-10T08:00:32Z,240
1836519,Central,CITY WEST LUDHIANA,SUA ROAD,Planned,Closed,2026-05-10T04:00:32Z,2026-05-10T08:00:32Z,240
1836518,Central,CITY WEST LUDHIANA,S.B.J,Planned,Closed,2026-05-10T04:00:32Z,2026-05-10T08:00:32Z,240
1836517,Central,CITY WEST LUDHIANA,Gobind Rubber 1 New,Planned,Closed,2026-05-10T04:00:32Z,2026-05-10T08:00:32Z,240
1836516,Central,CITY WEST LUDHIANA,HINDUSTAN TYRE,Planned,Closed,2026-05-10T04:00:32Z,2026-05-10T08:00:32Z,240
1836515,Central,CITY WEST LUDHIANA,EASTMAN,Planned,Closed,2026-05-10T04:00:32Z,2026-05-10T08:00:32Z,240
1836514,Central,CITY WEST LUDHIANA,MJ Rubber,Planned,Closed,2026-05-10T04:00:32Z,2026-05-10T08:00:32Z,240
1836513,Central,CITY WEST LUDHIANA,GARG FURNACE,Planned,Closed,2026-05-10T04:00:32Z,2026-05-10T08:00:32Z,240
1836512,Central,CITY WEST LUDHIANA,MAHADEV FORGING,Planned,Closed,2026-05-10T04:00:32Z,2026-05-10T08:00:32Z,240
1836511,Central,CITY WEST LUDHIANA,GARG,Planned,Closed,2026-05-10T04:00:32Z,2026-05-10T08:00:32Z,240
1836510,Central,CITY WEST LUDHIANA,FITTEX,Planned,Closed,2026-05-10T04:00:32Z,2026-05-10T08:00:32Z,240
1836509,Central,CITY WEST LUDHIANA,PANAMA ALLOYS,Planned,Closed,2026-05-10T04:00:32Z,2026-05-10T08:00:32Z,240
1836508,Central,CITY WEST LUDHIANA,SHIVALYA,Planned,Closed,2026-05-10T04:00:32Z,2026-05-10T08:00:32Z,240
1836507,Central,CITY WEST LUDHIANA,THAPSON,Planned,Closed,2026-05-10T04:00:32Z,2026-05-10T08:00:32Z,240
1836506,Central,CITY WEST LUDHIANA,DEMARTE,Planned,Closed,2026-05-10T04:00:32Z,2026-05-10T08:00:32Z,240
1836505,Central,CITY WEST LUDHIANA,HINDUSTAN,Planned,Closed,2026-05-10T04:00:32Z,2026-05-10T08:00:32Z,240
1836504,Central,CITY WEST LUDHIANA,GARG COTTON,Planned,Closed,2026-05-10T04:00:32Z,2026-05-10T08:00:32Z,240
1836503,Central,CITY WEST LUDHIANA,TURBO,Planned,Closed,2026-05-10T04:00:32Z,2026-05-10T08:00:32Z,240
1836502,Central,CITY WEST LUDHIANA,NORTH STAR,Planned,Closed,2026-05-10T04:00:32Z,2026-05-10T08:00:32Z,240
1836501,Central,CITY WEST LUDHIANA,RAJ CASTING,Planned,Closed,2026-05-10T04:00:32Z,2026-05-10T08:00:32Z,240
1836500,Central,CITY WEST LUDHIANA,Golden Auto,Planned,Closed,2026-05-10T04:00:32Z,2026-05-10T08:00:32Z,240
1836499,Central,CITY WEST LUDHIANA,KABIR EMPAX,Planned,Closed,2026-05-10T04:00:32Z,2026-05-10T08:00:32Z,240
1836498,Central,CITY WEST LUDHIANA,SINGLA COLONY,Planned,Closed,2026-05-10T04:00:32Z,2026-05-10T08:00:32Z,240
1836497,Central,CITY WEST LUDHIANA,ANAND MANGAL,Planned,Closed,2026-05-10T04:00:32Z,2026-05-10T08:00:32Z,240
1836496,Central,CITY WEST LUDHIANA,VISHKARMA,Planned,Closed,2026-05-10T04:00:32Z,2026-05-10T08:00:32Z,240
1836495,Central,CITY WEST LUDHIANA,Dashmesh,Planned,Closed,2026-05-10T04:00:32Z,2026-05-10T08:00:32Z,240
1836494,Central,CITY WEST LUDHIANA,Sukhmani,Planned,Closed,2026-05-10T04:00:32Z,2026-05-10T08:00:32Z,240
1836493,Central,CITY WEST LUDHIANA,Gobind Rubber-2 New,Planned,Closed,2026-05-10T04:00:32Z,2026-05-10T08:00:32Z,240
1836492,Central,CITY WEST LUDHIANA,Pawa Road,Planned,Closed,2026-05-10T04:00:32Z,2026-05-10T08:00:32Z,240
1836491,Central,CITY WEST LUDHIANA,JD FEBRIC,Planned,Closed,2026-05-10T04:00:32Z,2026-05-10T08:00:32Z,240
1836490,Central,CITY WEST LUDHIANA,DURGA CONCAST,Planned,Closed,2026-05-10T04:00:32Z,2026-05-10T08:00:32Z,240
1836489,Central,CITY WEST LUDHIANA,PROMINENT,Planned,Closed,2026-05-10T04:00:32Z,2026-05-10T08:00:32Z,240
1836488,Central,CITY WEST LUDHIANA,V K CONCAST,Planned,Closed,2026-05-10T04:00:32Z,2026-05-10T08:00:32Z,240
1836487,Central,CITY WEST LUDHIANA,AMRIT RUBBER,Planned,Closed,2026-05-10T04:00:32Z,2026-05-10T08:00:32Z,240
1836486,Central,CITY WEST LUDHIANA,SUDHIR FORGING,Planned,Closed,2026-05-10T04:00:32Z,2026-05-10T08:00:32Z,240
1836485,Central,CITY WEST LUDHIANA,METRO AZAD,Planned,Closed,2026-05-10T04:00:32Z,2026-05-10T08:00:32Z,240
1836484,Central,CITY WEST LUDHIANA,A.S ALLOY,Planned,Closed,2026-05-10T04:00:32Z,2026-05-10T08:00:32Z,240
1836567,Central,CITY WEST LUDHIANA,MARUTI ALLOY,Planned,Closed,2026-05-10T04:00:25Z,2026-05-10T08:00:25Z,240
1836566,Central,CITY WEST LUDHIANA,SRV Steel,Planned,Closed,2026-05-10T04:00:25Z,2026-05-10T08:00:25Z,240
1836482,Central,CITY WEST LUDHIANA,Freeman,Planned,Closed,2026-05-10T04:00:14Z,2026-05-10T08:00:14Z,240
1836481,Central,CITY WEST LUDHIANA,KIRAN FOUNDARY New,Planned,Closed,2026-05-10T04:00:14Z,2026-05-10T08:00:14Z,240
1836480,Central,CITY WEST LUDHIANA,MANSAROVAR,Planned,Closed,2026-05-10T04:00:14Z,2026-05-10T08:00:14Z,240
1836479,Central,CITY WEST LUDHIANA,UCO,Planned,Closed,2026-05-10T04:00:14Z,2026-05-10T08:00:14Z,240
1836478,Central,CITY WEST LUDHIANA,Shanker,Planned,Closed,2026-05-10T04:00:14Z,2026-05-10T08:00:14Z,240
1836477,Central,CITY WEST LUDHIANA,Link Well,Planned,Closed,2026-05-10T04:00:14Z,2026-05-10T08:00:14Z,240
1836476,Central,CITY WEST LUDHIANA,Onkar Metal,Planned,Closed,2026-05-10T04:00:14Z,2026-05-10T08:00:14Z,240
1836475,Central,CITY WEST LUDHIANA,BALWINDERA,Planned,Closed,2026-05-10T04:00:14Z,2026-05-10T08:00:14Z,240
1836474,Central,CITY WEST LUDHIANA,L.S.R.,Planned,Closed,2026-05-10T04:00:14Z,2026-05-10T08:00:14Z,240
1836473,Central,CITY WEST LUDHIANA,FORMATIVE,Planned,Closed,2026-05-10T04:00:14Z,2026-05-10T08:00:14Z,240
1836565,Central,CITY WEST LUDHIANA,Unistec,Planned,Closed,2026-05-10T04:00:08Z,2026-05-10T08:00:08Z,240
1836564,Central,CITY WEST LUDHIANA,ONKAR,Planned,Closed,2026-05-10T04:00:08Z,2026-05-10T08:00:08Z,240
1836563,Central,CITY WEST LUDHIANA,BILGA,Planned,Closed,2026-05-10T04:00:08Z,2026-05-10T08:00:08Z,240
1836562,Central,CITY WEST LUDHIANA,PALM GARDEN COLONY,Planned,Closed,2026-05-10T04:00:08Z,2026-05-10T08:00:08Z,240
1836561,Central,CITY WEST LUDHIANA,Pact -1,Planned,Closed,2026-05-10T04:00:08Z,2026-05-10T08:00:08Z,240
1836560,Central,CITY WEST LUDHIANA,ANRO NEW,Planned,Closed,2026-05-10T04:00:08Z,2026-05-10T08:00:08Z,240
1836558,Central,CITY WEST LUDHIANA,AARTI INTENATIONAL,Planned,Closed,2026-05-10T04:00:07Z,2026-05-10T08:00:07Z,240
1836557,Central,CITY WEST LUDHIANA,SPORTKING,Planned,Closed,2026-05-10T04:00:07Z,2026-05-10T08:00:07Z,240
1836556,Central,CITY WEST LUDHIANA,Purana Bazar,Planned,Closed,2026-05-10T04:00:07Z,2026-05-10T08:00:07Z,240
1836555,Central,CITY WEST LUDHIANA,JAIN,Planned,Closed,2026-05-10T04:00:07Z,2026-05-10T08:00:07Z,240
1836554,Central,CITY WEST LUDHIANA,AERODRUM(AIRPORT),Planned,Closed,2026-05-10T04:00:07Z,2026-05-10T08:00:07Z,240
1836553,Central,CITY WEST LUDHIANA,SHARMAN SHAWL,Planned,Closed,2026-05-10T04:00:07Z,2026-05-10T08:00:07Z,240
1836552,Central,CITY WEST LUDHIANA,LUXMI SPINNING,Planned,Closed,2026-05-10T04:00:07Z,2026-05-10T08:00:07Z,240
1836551,Central,CITY WEST LUDHIANA,KHURANA ROLLING,Planned,Closed,2026-05-10T04:00:07Z,2026-05-10T08:00:07Z,240
1836550,Central,CITY WEST LUDHIANA,PARMATMA STEEL,Planned,Closed,2026-05-10T04:00:07Z,2026-05-10T08:00:07Z,240
1836549,Central,CITY WEST LUDHIANA,PREMIUM COMPLEX,Planned,Closed,2026-05-10T04:00:07Z,2026-05-10T08:00:07Z,240
1836548,Central,CITY WEST LUDHIANA,S/S Transformer,Planned,Closed,2026-05-10T04:00:07Z,2026-05-10T08:00:07Z,240
1836547,Central,CITY WEST LUDHIANA,VARDHMAN,Planned,Closed,2026-05-10T04:00:07Z,2026-05-10T08:00:07Z,240
1836546,Central,CITY WEST LUDHIANA,SHAROMANI,Planned,Closed,2026-05-10T04:00:07Z,2026-05-10T08:00:07Z,240
1836545,Central,CITY WEST LUDHIANA,SARDAR,Planned,Closed,2026-05-10T04:00:07Z,2026-05-10T08:00:07Z,240
1836544,Central,CITY WEST LUDHIANA,SINGLA,Planned,Closed,2026-05-10T04:00:07Z,2026-05-10T08:00:07Z,240
1836543,Central,CITY WEST LUDHIANA,GOBINDGARH,Planned,Closed,2026-05-10T04:00:07Z,2026-05-10T08:00:07Z,240
1836542,Central,CITY WEST LUDHIANA,SAHIB METAL,Planned,Closed,2026-05-10T04:00:07Z,2026-05-10T08:00:07Z,240
1836538,Central,CITY WEST LUDHIANA,MULARD,Planned,Closed,2026-05-10T04:00:07Z,2026-05-10T08:00:07Z,240
1836537,Central,CITY WEST LUDHIANA,SAHNEWAL,Planned,Closed,2026-05-10T04:00:07Z,2026-05-10T08:00:07Z,240
1656601,South,SANGRUR,BHAMABADI,Planned,Closed,2026-05-10T03:48:56Z,2026-05-10T04:54:03Z,65
1837226,Border,TARN TARAN,Dhotian UPS (KMK),Unplanned,Closed,2026-05-10T03:15:00Z,2026-05-10T06:25:00Z,190
1837215,West,FARIDKOT,11 SODHI NAGAR URBAN,Planned,Closed,2026-05-10T03:00:00Z,2026-05-10T08:00:00Z,300
1837214,West,FARIDKOT,SAHIBZADA AJIT SINGH NAGAR,Planned,Closed,2026-05-10T03:00:00Z,2026-05-10T08:00:00Z,300
1837213,West,FARIDKOT,FCI URBAN,Planned,Closed,2026-05-10T03:00:00Z,2026-05-10T08:00:00Z,300
1837211,West,FARIDKOT,Zira Road,Planned,Closed,2026-05-10T03:00:00Z,2026-05-10T08:00:00Z,300
1837225,Central,CITY WEST LUDHIANA,TIKONA PARK,Unplanned,Closed,2026-05-10T02:58:20Z,2026-05-10T06:48:00Z,229
1837224,East,MOHALI,11KV Sec-105,Unplanned,Closed,2026-05-10T02:23:00Z,2026-05-10T04:05:00Z,102
1837219,East,MOHALI,11KV Sec-105,Unplanned,Closed,2026-05-10T00:24:00Z,2026-05-10T02:14:00Z,110
1837220,South,PATIALA,11 KV RADHA SWAMI ROAD,Unplanned,Closed,2026-05-10T00:15:00Z,2026-05-10T02:01:00Z,106
1837218,Border,TARN TARAN,Budha Theh,Unplanned,Closed,2026-05-09T23:52:00Z,2026-05-10T00:13:56Z,21
1837217,Central,CITY EAST LUDHIANA,GAU SHALA,Unplanned,Closed,2026-05-09T23:21:00Z,2026-05-10T00:22:00Z,61
1837216,Border,GURDASPUR,Cheema Khuddi,Unplanned,Closed,2026-05-09T22:30:00Z,2026-05-09T22:55:00Z,25
1837210,East,ROPAR,Ranjit Nagar,Unplanned,Closed,2026-05-09T22:29:00Z,2026-05-09T23:27:00Z,58
1837209,East,ROPAR,CITY KHARAR,Unplanned,Closed,2026-05-09T22:29:00Z,2026-05-09T23:27:00Z,58
1837208,Border,GURDASPUR,Burma Shell,Unplanned,Closed,2026-05-09T22:22:00Z,2026-05-09T23:20:00Z,58
1837179,Central,CITY WEST LUDHIANA,DANA MANDI,Unplanned,Closed,2026-05-09T21:45:26Z,2026-05-09T22:32:11Z,46
1837175,North,JALANDHAR,PATARA,Planned,Closed,2026-05-09T21:15:00Z,2026-05-09T21:20:00Z,5
1837174,Central,CITY WEST LUDHIANA,SITA NAGAR,Unplanned,Closed,2026-05-09T21:07:28Z,2026-05-09T21:53:56Z,46
1837197,South,SANGRUR,UPS DORALI,Unplanned,Closed,2026-05-09T21:00:00Z,2026-05-09T22:00:00Z,60
1837173,Border,GURDASPUR,New Batala Road,Unplanned,Closed,2026-05-09T21:00:00Z,2026-05-09T21:20:00Z,20
1837166,South,PATIALA,Anardana,Unplanned,Closed,2026-05-09T20:52:00Z,2026-05-09T21:20:57Z,28
1837163,East,Zirakpur,11 KV Shiv Shakti Feeder,Planned,Closed,2026-05-09T20:28:00Z,2026-05-09T20:40:00Z,12
1837162,East,Zirakpur,HAIBAT PUR RURAL,Planned,Closed,2026-05-09T20:28:00Z,2026-05-09T20:40:00Z,12
1837161,East,Zirakpur,NIMBUA,Planned,Closed,2026-05-09T20:28:00Z,2026-05-09T20:40:00Z,12
1837160,East,Zirakpur,MORTHIKRI INDUSTRIAL,Planned,Closed,2026-05-09T20:28:00Z,2026-05-09T20:40:00Z,12
1837159,Border,SUB URBAN AMRITSAR,Bhaka Hari Singh,Unplanned,Closed,2026-05-09T20:22:00Z,2026-05-09T20:52:00Z,30
1837164,South,PATIALA,SUNDER NAGAR RAJPURA,Unplanned,Closed,2026-05-09T20:21:00Z,2026-05-09T21:50:00Z,89
1837158,North,KAPURTHALA,UPS IBBRAHIMWAL,Unplanned,Closed,2026-05-09T20:20:00Z,2026-05-09T20:44:00Z,24
1837157,North,JALANDHAR,PATARA,Unplanned,Closed,2026-05-09T19:55:00Z,2026-05-09T20:20:00Z,25
1837156,Central,CITY EAST LUDHIANA,GIRJAGHAR CHOWNK,Unplanned,Closed,2026-05-09T19:30:00Z,2026-05-09T20:00:00Z,30
1837155,Central,CITY EAST LUDHIANA,KOTWALI,Unplanned,Closed,2026-05-09T19:30:00Z,2026-05-09T20:00:00Z,30
1837154,Border,SUB URBAN AMRITSAR,U P S Iban,Unplanned,Closed,2026-05-09T19:10:00Z,2026-05-09T19:20:00Z,10
1837153,South,PATIALA,Bharat colony,Unplanned,Closed,2026-05-09T19:05:00Z,2026-05-09T19:35:00Z,30
1837152,North,JALANDHAR,Begampura,Planned,Closed,2026-05-09T19:05:00Z,2026-05-09T19:30:00Z,25
1837138,West,MUKATSAR,11 KV Malookpura UPS,Unplanned,Closed,2026-05-09T18:49:08Z,2026-05-09T19:19:18Z,30
1837124,Central,CITY EAST LUDHIANA,PRITAM PURI,Unplanned,Closed,2026-05-09T18:35:00Z,2026-05-09T19:21:00Z,46
1837123,Border,SUB URBAN AMRITSAR,Bhaka Hari Singh,Unplanned,Closed,2026-05-09T18:32:00Z,2026-05-09T19:11:00Z,39
1837122,West,FARIDKOT,11 KV CHAMB UPS,Unplanned,Closed,2026-05-09T18:29:27Z,2026-05-09T20:20:58Z,111
1837121,Border,GURDASPUR,Thireawal UPS feeder,Unplanned,Closed,2026-05-09T18:25:00Z,2026-05-09T19:05:00Z,40
1837119,Border,CITY AMRITSAR,LAKKAR MANDI,Planned,Closed,2026-05-09T18:20:00Z,2026-05-09T19:33:34Z,73
1837116,West,MUKATSAR,HARIPURA,Unplanned,Closed,2026-05-09T18:15:42Z,2026-05-09T19:12:56Z,57
1837117,West,MUKATSAR,NEFED,Unplanned,Closed,2026-05-09T18:15:15Z,2026-05-09T19:16:38Z,61
1837103,Border,TARN TARAN,URBAN PATTI CITY,Unplanned,Closed,2026-05-09T18:00:00Z,2026-05-09T19:00:00Z,60
1837102,East,MOHALI,11 KV Manohar,Unplanned,Closed,2026-05-09T17:54:27Z,2026-05-09T19:10:28Z,76
1837101,East,MOHALI,JANTI DEVI,Unplanned,Closed,2026-05-09T17:54:27Z,2026-05-09T19:10:00Z,75
1837126,East,Zirakpur,Silver City,Planned,Closed,2026-05-09T17:50:00Z,2026-05-09T18:01:00Z,11
1837125,East,Zirakpur,BHANKHERPUR,Planned,Closed,2026-05-09T17:50:00Z,2026-05-09T18:01:00Z,11
1837100,Border,GURDASPUR,Sheh Bhattia,Unplanned,Closed,2026-05-09T17:50:00Z,2026-05-09T18:30:00Z,40
1837099,Border,TARN TARAN,UPS BABA BHAI KALU JI,Unplanned,Closed,2026-05-09T17:50:00Z,2026-05-09T19:30:00Z,100
1837098,South,PATIALA,BAJWA COLONY,Unplanned,Closed,2026-05-09T17:43:46Z,2026-05-09T18:09:23Z,25
1836811,West,MUKATSAR,Tharajwala,Planned,Closed,2026-05-09T17:30:44Z,2026-05-09T19:40:44Z,130
1836810,West,MUKATSAR,Dhoula Kingra,Planned,Closed,2026-05-09T17:30:44Z,2026-05-09T19:40:44Z,130
1837097,Border,TARN TARAN,24 HOURS SUPPLY,Unplanned,Closed,2026-05-09T17:25:00Z,2026-05-09T18:50:00Z,85
1837089,North,HOSHIARPUR,BHOGPUR NO 2,Unplanned,Closed,2026-05-09T17:10:00Z,2026-05-09T17:50:00Z,40
1837088,Border,GURDASPUR,KHUJALA,Unplanned,Closed,2026-05-09T17:10:00Z,2026-05-09T18:25:00Z,75
1837092,East,MOHALI,11KV FOREST FEEDER,Unplanned,Closed,2026-05-09T17:08:00Z,2026-05-09T18:26:29Z,78
1837086,Border,SUB URBAN AMRITSAR,PADHRI,Unplanned,Closed,2026-05-09T17:07:43Z,2026-05-09T18:41:03Z,93
1837087,Border,TARN TARAN,URBAN BOPARAI,Unplanned,Closed,2026-05-09T17:05:00Z,2026-05-09T19:25:00Z,140
1837084,East,MOHALI,11KV NADIALI AP,Unplanned,Closed,2026-05-09T17:01:20Z,2026-05-09T19:25:44Z,144
1837085,West,MUKATSAR,INDRA NAGRI,Unplanned,Closed,2026-05-09T17:01:17Z,2026-05-09T17:31:39Z,30
1837078,Border,GURDASPUR,Majra,Planned,Closed,2026-05-09T17:00:08Z,2026-05-09T18:41:41Z,101
1837080,Border,GURDASPUR,G.T Road,Unplanned,Closed,2026-05-09T16:52:00Z,2026-05-09T17:15:00Z,23
1837082,Central,CITY WEST LUDHIANA,BASANT AVENUE,Unplanned,Closed,2026-05-09T16:50:29Z,2026-05-09T17:28:44Z,38
1837083,North,HOSHIARPUR,RAMPUR,Unplanned,Closed,2026-05-09T16:50:00Z,2026-05-09T17:55:00Z,65
1837077,Central,CITY WEST LUDHIANA,SATSANG GHAR,Unplanned,Closed,2026-05-09T16:46:51Z,2026-05-09T17:58:00Z,71
1837076,Central,SUB URBAN LUDHIANA,City No-3  Maloud,Unplanned,Closed,2026-05-09T16:35:40Z,2026-05-09T17:05:15Z,29
1837073,Central,CITY WEST LUDHIANA,GURPAL NAGAR FEEDER,Unplanned,Closed,2026-05-09T16:30:20Z,2026-05-09T18:07:00Z,96
1837074,Central,SUB URBAN LUDHIANA,CITY-5 UPS,Unplanned,Closed,2026-05-09T16:28:22Z,2026-05-09T16:48:07Z,19
1837072,Central,CITY WEST LUDHIANA,GULMOHAR,Planned,Closed,2026-05-09T16:27:24Z,2026-05-09T17:43:14Z,75
1837068,North,HOSHIARPUR,SALLAN,Unplanned,Closed,2026-05-09T16:20:00Z,2026-05-09T16:35:00Z,15
1837059,South,SANGRUR,New Bushera,Planned,Closed,2026-05-09T16:19:49Z,2026-05-09T22:00:48Z,340
1837060,South,SANGRUR,Mandvi Road,Planned,Closed,2026-05-09T16:19:48Z,2026-05-09T22:00:33Z,340
1837061,South,SANGRUR,Bhunder Bhaini,Planned,Closed,2026-05-09T16:19:00Z,2026-05-09T22:00:18Z,341
1837058,West,MUKATSAR,11 KV KIKKER KHERA,Unplanned,Closed,2026-05-09T16:15:43Z,2026-05-09T16:45:52Z,30
1837081,South,PATIALA,11KV Chandni Chownk,Unplanned,Closed,2026-05-09T16:15:23Z,2026-05-09T18:09:00Z,113
1837057,West,MUKATSAR,11 KV Alamgarh,Unplanned,Closed,2026-05-09T16:15:09Z,2026-05-09T16:45:26Z,30
1837064,Central,SUB URBAN LUDHIANA,11 KV LEHRA UPS FEEDER,Unplanned,Closed,2026-05-09T16:10:00Z,2026-05-09T16:50:43Z,40
1837066,South,PATIALA,11KV Sanauri Adda,Unplanned,Closed,2026-05-09T16:06:00Z,2026-05-09T16:34:19Z,28
1837065,South,PATIALA,Substation T/F Sanouri Adda,Unplanned,Closed,2026-05-09T16:06:00Z,2026-05-09T16:08:31Z,2
1837063,South,PATIALA,STAR ENCLAVE,Unplanned,Closed,2026-05-09T16:01:00Z,2026-05-09T16:20:00Z,19
1837054,East,MOHALI,11 kv sec 54A,Unplanned,Closed,2026-05-09T16:00:26Z,2026-05-09T17:40:05Z,99
1837053,East,MOHALI,Sec 53,Unplanned,Closed,2026-05-09T16:00:26Z,2026-05-09T17:40:30Z,100
1837071,Border,SUB URBAN AMRITSAR,AWAN,Unplanned,Closed,2026-05-09T16:00:00Z,2026-05-09T16:44:00Z,44
1837055,North,JALANDHAR,GURU AMAR DASS NAGAR,Unplanned,Closed,2026-05-09T16:00:00Z,2026-05-09T16:12:00Z,12
1837051,South,PATIALA,BAJWA COLONY,Unplanned,Closed,2026-05-09T15:55:00Z,2026-05-09T16:52:41Z,57
1837042,South,SANGRUR,UPS RAMPURA,Unplanned,Closed,2026-05-09T15:50:16Z,2026-05-09T16:21:31Z,31
1837062,South,PATIALA,ups Ambala Road,Unplanned,Closed,2026-05-09T15:50:00Z,2026-05-09T16:20:00Z,30
1837047,Border,GURDASPUR,Mirthal,Unplanned,Closed,2026-05-09T15:50:00Z,2026-05-09T16:50:00Z,60
1837044,North,JALANDHAR,WATER SUPPLY,Unplanned,Closed,2026-05-09T15:50:00Z,2026-05-09T16:23:00Z,33
1837043,North,JALANDHAR,DHANOWALI,Unplanned,Closed,2026-05-09T15:50:00Z,2026-05-09T16:20:00Z,30
1837046,East,MOHALI,11KV IT CITY,Unplanned,Closed,2026-05-09T15:49:07Z,2026-05-09T16:18:16Z,29
1837041,South,SANGRUR,Radhe krishan+(handa branch)a.p,Unplanned,Closed,2026-05-09T15:45:51Z,2026-05-09T16:50:09Z,64
1837039,Central,SUB URBAN LUDHIANA,Urban Ahmedgarh (City-3),Unplanned,Closed,2026-05-09T15:40:43Z,2026-05-09T16:52:15Z,71
1837040,South,PATIALA,SUNDER NAGAR RAJPURA,Unplanned,Closed,2026-05-09T15:40:00Z,2026-05-09T17:20:00Z,100
1837038,North,KAPURTHALA,URBAN CITY,Unplanned,Closed,2026-05-09T15:40:00Z,2026-05-09T17:43:00Z,123
1837037,Central,CITY WEST LUDHIANA,MOTI  BAGG,Unplanned,Closed,2026-05-09T15:38:01Z,2026-05-09T16:30:30Z,52
1837052,East,MOHALI,11KV Desumajra,Unplanned,Closed,2026-05-09T15:37:54Z,2026-05-09T16:14:44Z,36
1837036,South,SANGRUR,MASTUANA SAHIB,Unplanned,Closed,2026-05-09T15:30:03Z,2026-05-09T15:40:15Z,10
1837035,South,SANGRUR,Khokhar UPS,Unplanned,Closed,2026-05-09T15:26:26Z,2026-05-09T15:46:00Z,19
1837034,Central,CITY WEST LUDHIANA,VISHAL NAGAR,Planned,Closed,2026-05-09T15:25:38Z,2026-05-09T16:30:22Z,64
1837033,South,SANGRUR,Hamirgarh,Unplanned,Closed,2026-05-09T15:18:28Z,2026-05-09T16:25:41Z,67
1837031,Border,GURDASPUR,Attepur,Unplanned,Closed,2026-05-09T15:18:00Z,2026-05-09T16:10:00Z,52
1837029,North,JALANDHAR,Guru Nanak Nagar,Unplanned,Closed,2026-05-09T15:18:00Z,2026-05-09T15:50:00Z,32
1837027,Central,KHANNA,Coca Cola,Planned,Closed,2026-05-09T15:17:11Z,2026-05-09T15:45:38Z,28
1837028,South,SANGRUR,Dhhaake wala peer,Unplanned,Closed,2026-05-09T15:15:50Z,2026-05-09T16:20:03Z,64
1837032,North,JALANDHAR,Begampura,Unplanned,Closed,2026-05-09T15:15:00Z,2026-05-09T16:10:00Z,55
1837030,Border,TARN TARAN,24 HOURS SUPPLY,Unplanned,Closed,2026-05-09T15:15:00Z,2026-05-09T15:55:00Z,40
1837026,East,Zirakpur,MUKANDPUR,Unplanned,Closed,2026-05-09T15:12:00Z,2026-05-09T17:06:00Z,114
1837025,East,Zirakpur,JAGAN TUBE,Unplanned,Closed,2026-05-09T15:12:00Z,2026-05-09T17:04:00Z,112
1837024,Central,CITY WEST LUDHIANA,SATPAL MITTAL,Planned,Closed,2026-05-09T15:10:39Z,2026-05-09T17:28:27Z,137
1837023,Central,CITY WEST LUDHIANA,BANK  COLONY,Planned,Closed,2026-05-09T15:08:57Z,2026-05-09T15:35:42Z,26
1837021,Central,CITY WEST LUDHIANA,KULAR,Planned,Closed,2026-05-09T15:08:57Z,2026-05-09T15:37:00Z,28
1837022,North,KAPURTHALA,Jallowal,Unplanned,Closed,2026-05-09T15:05:00Z,2026-05-09T15:15:00Z,10
1837015,East,Zirakpur,DAPPAR,Unplanned,Closed,2026-05-09T15:05:00Z,2026-05-09T15:12:00Z,7
1836224,West,BATHINDA,INDUSTRIAL,Planned,Closed,2026-05-09T15:05:00Z,2026-05-09T17:15:00Z,130
1837013,West,MUKATSAR,11 KV SITO,Unplanned,Closed,2026-05-09T15:01:08Z,2026-05-09T15:31:17Z,30
1837017,South,PATIALA,UPS RAJPURA,Unplanned,Closed,2026-05-09T15:01:00Z,2026-05-09T15:40:00Z,39
1837014,West,MUKATSAR,11 KB BAZIDPURA,Unplanned,Closed,2026-05-09T15:00:28Z,2026-05-09T15:31:35Z,31
1837020,Central,CITY WEST LUDHIANA,SATPAL MITTAL,Planned,Closed,2026-05-09T15:00:23Z,2026-05-09T17:29:16Z,148
1837011,North,JALANDHAR,NEW LAXMI,Planned,Closed,2026-05-09T14:55:00Z,2026-05-09T15:10:00Z,15
1837010,Central,KHANNA,Sangtpura,Unplanned,Closed,2026-05-09T14:52:00Z,2026-05-09T15:02:00Z,10
1837006,North,JALANDHAR,LADHAYWALI,Unplanned,Closed,2026-05-09T14:51:00Z,2026-05-09T15:27:00Z,36
1837019,Border,GURDASPUR,DHINDSA,Unplanned,Closed,2026-05-09T14:50:00Z,2026-05-09T16:05:00Z,75
1837012,Border,TARN TARAN,BIHARIPUR UPS,Unplanned,Closed,2026-05-09T14:50:00Z,2026-05-09T15:25:00Z,35
1837005,South,PATIALA,New Lal Bagh,Unplanned,Closed,2026-05-09T14:46:00Z,2026-05-09T18:09:00Z,203
1837009,Central,SUB URBAN LUDHIANA,City No-3  Maloud,Unplanned,Closed,2026-05-09T14:45:36Z,2026-05-09T15:51:51Z,66
1837003,South,SANGRUR,24 HRS. MAHASINGHWALA,Unplanned,Closed,2026-05-09T14:37:27Z,2026-05-09T15:30:48Z,53
1837002,South,SANGRUR,MAKORD SAHIB(new+old),Unplanned,Closed,2026-05-09T14:30:30Z,2026-05-09T15:30:07Z,59
1837007,Border,GURDASPUR,Puda No. 1,Unplanned,Closed,2026-05-09T14:30:00Z,2026-05-09T16:46:00Z,136
1836995,South,SANGRUR,Rohi Babe ka Hambelwass,Planned,Closed,2026-05-09T14:20:11Z,2026-05-09T15:31:31Z,71
1837001,South,PATIALA,Ajit Nagar,Unplanned,Closed,2026-05-09T14:20:00Z,2026-05-09T16:30:00Z,130
1836999,Central,KHANNA,Chander Lok,Unplanned,Closed,2026-05-09T14:20:00Z,2026-05-09T14:40:00Z,20
1836996,Border,SUB URBAN AMRITSAR,DADDIAN UPS,Unplanned,Closed,2026-05-09T14:18:37Z,2026-05-09T15:05:00Z,46
1836998,Central,KHANNA,Royal,Unplanned,Closed,2026-05-09T14:18:00Z,2026-05-09T14:41:00Z,23
1836997,Central,KHANNA,Labour Colony,Unplanned,Closed,2026-05-09T14:18:00Z,2026-05-09T14:40:00Z,22
1836993,Central,CITY WEST LUDHIANA,ADARSH,Unplanned,Closed,2026-05-09T14:12:55Z,2026-05-09T15:23:07Z,70
1836990,South,BARNALA,SHERWANIKOT UPS,Planned,Closed,2026-05-09T14:11:16Z,2026-05-09T15:31:41Z,80
1836989,East,MOHALI,11KV NADIALI AP,Unplanned,Closed,2026-05-09T14:06:27Z,2026-05-09T16:00:00Z,113
1836994,Border,SUB URBAN AMRITSAR,Disposal,Unplanned,Closed,2026-05-09T14:05:00Z,2026-05-09T14:40:02Z,35
1836665,Border,TARN TARAN,UPS MUTHEANWALA/TOOT,Planned,Closed,2026-05-09T14:00:58Z,2026-05-09T14:01:02Z,0
1836987,Central,CITY WEST LUDHIANA,MEHMOODPURA,Planned,Closed,2026-05-09T14:00:44Z,2026-05-09T14:30:00Z,29
1836988,Central,CITY EAST LUDHIANA,DUKH NIWARAN,Unplanned,Closed,2026-05-09T14:00:00Z,2026-05-09T14:51:00Z,51
1836582,Border,GURDASPUR,MUSTFABAD,Planned,Closed,2026-05-09T14:00:00Z,2026-05-09T18:01:00Z,241
1836581,Border,GURDASPUR,LAKHOWAL,Planned,Closed,2026-05-09T14:00:00Z,2026-05-09T18:01:00Z,241
1836986,South,PATIALA,AMARGARH,Unplanned,Closed,2026-05-09T13:56:00Z,2026-05-09T14:35:00Z,39
1836985,Central,KHANNA,ARUN (G1),Unplanned,Closed,2026-05-09T13:51:00Z,2026-05-09T14:00:00Z,9
1836983,West,FARIDKOT,AKALSAR,Unplanned,Closed,2026-05-09T13:46:00Z,2026-05-09T13:59:45Z,13
1836982,South,PATIALA,SUNDER NAGAR RAJPURA,Unplanned,Closed,2026-05-09T13:45:00Z,2026-05-09T14:55:00Z,70
1836977,North,NAWANSHAHR,SADHOWAL,Planned,Closed,2026-05-09T13:40:00Z,2026-05-09T13:59:00Z,19
1836975,Central,KHANNA,Main Bazar,Unplanned,Closed,2026-05-09T13:40:00Z,2026-05-09T15:55:00Z,135
1836974,North,JALANDHAR,Urban Rural no 2,Unplanned,Closed,2026-05-09T13:40:00Z,2026-05-09T13:50:00Z,10
1836973,Central,KHANNA,Jim Khana,Unplanned,Closed,2026-05-09T13:40:00Z,2026-05-09T15:55:00Z,135
1836972,North,JALANDHAR,URBAN RURAL,Unplanned,Closed,2026-05-09T13:40:00Z,2026-05-09T13:50:00Z,10
1836968,Border,TARN TARAN,24 Hur. Sohal,Unplanned,Closed,2026-05-09T13:30:00Z,2026-05-09T13:45:00Z,15
1836962,North,JALANDHAR,FAZIL PUR,Planned,Closed,2026-05-09T13:25:00Z,2026-05-09T14:32:00Z,67
1836965,South,PATIALA,UPS,Unplanned,Closed,2026-05-09T13:24:56Z,2026-05-09T15:36:14Z,131
1836964,South,PATIALA,SEHRA1,Unplanned,Closed,2026-05-09T13:24:55Z,2026-05-09T15:36:31Z,131
1836963,East,MOHALI,11KV IT CITY,Unplanned,Closed,2026-05-09T13:18:00Z,2026-05-09T14:30:47Z,72
1836958,North,JALANDHAR,Pruthi Hospital,Unplanned,Closed,2026-05-09T13:12:00Z,2026-05-09T15:30:00Z,138
1836957,Central,SUB URBAN LUDHIANA,CITY NO 07,Unplanned,Closed,2026-05-09T13:10:00Z,2026-05-09T15:40:00Z,150
1836956,Border,SUB URBAN AMRITSAR,RAMDAS,Unplanned,Closed,2026-05-09T13:00:00Z,2026-05-09T14:01:00Z,61
1836951,Border,GURDASPUR,Trimmo Road,Unplanned,Closed,2026-05-09T13:00:00Z,2026-05-09T16:10:00Z,190
1836949,Border,SUB URBAN AMRITSAR,11 kv New Greenland,Unplanned,Closed,2026-05-09T13:00:00Z,2026-05-09T13:20:00Z,20
1836944,Central,CITY WEST LUDHIANA,MAGNET ROAD,Planned,Closed,2026-05-09T12:56:09Z,2026-05-09T14:46:20Z,110
1836943,Border,CITY AMRITSAR,11 KV Bhai Gurdas Ji Nagar,Unplanned,Closed,2026-05-09T12:52:00Z,2026-05-09T15:11:00Z,139
1836939,East,Zirakpur,Jalalpur Kandi Pure AP,Unplanned,Closed,2026-05-09T12:50:00Z,2026-05-09T14:20:00Z,90
1836941,Central,CITY WEST LUDHIANA,RAJ GARH ESTATE,Planned,Closed,2026-05-09T12:49:03Z,2026-05-09T13:52:34Z,63
1836938,Central,CITY WEST LUDHIANA,JANPATH,Planned,Closed,2026-05-09T12:47:43Z,2026-05-09T13:53:05Z,65
1836940,Central,CITY WEST LUDHIANA,VISHAL NAGAR,Unplanned,Closed,2026-05-09T12:47:31Z,2026-05-09T14:13:24Z,85
1836935,East,MOHALI,11kV Sector-123,Unplanned,Closed,2026-05-09T12:42:57Z,2026-05-09T13:15:15Z,32
1836937,North,JALANDHAR,KAPOOR PIND,Unplanned,Closed,2026-05-09T12:40:00Z,2026-05-09T13:50:00Z,70
1836933,North,JALANDHAR,BADALA,Unplanned,Closed,2026-05-09T12:39:00Z,2026-05-09T12:55:00Z,16
1836925,West,MUKATSAR,11 KV Sappan wali,Unplanned,Closed,2026-05-09T12:30:18Z,2026-05-09T12:48:57Z,18
1836934,Border,TARN TARAN,CITY 6,Unplanned,Closed,2026-05-09T12:30:00Z,2026-05-09T13:05:00Z,35
1836907,South,SANGRUR,11KV UPS DHARMGARH,Planned,Closed,2026-05-09T12:26:36Z,2026-05-09T15:36:15Z,189
1836932,South,PATIALA,Thuhi Road,Planned,Closed,2026-05-09T12:25:00Z,2026-05-09T14:15:00Z,110
1836926,Border,TARN TARAN,KAROWAL,Unplanned,Closed,2026-05-09T12:25:00Z,2026-05-09T13:02:00Z,37
1836922,North,HOSHIARPUR,GARDIWAL,Unplanned,Closed,2026-05-09T12:25:00Z,2026-05-09T13:25:00Z,60
1836921,Border,GURDASPUR,CITY 2,Unplanned,Closed,2026-05-09T12:25:00Z,2026-05-09T13:10:00Z,45
1836924,Border,GURDASPUR,Ganji,Unplanned,Closed,2026-05-09T12:24:00Z,2026-05-09T14:31:00Z,127
1836936,South,PATIALA,SYL (F.P),Unplanned,Closed,2026-05-09T12:20:00Z,2026-05-09T12:55:00Z,35
1836923,Border,SUB URBAN AMRITSAR,Bandala Urban,Planned,Closed,2026-05-09T12:20:00Z,2026-05-09T14:00:00Z,100
1836910,North,KAPURTHALA,URBAN Malsian,Unplanned,Closed,2026-05-09T12:20:00Z,2026-05-09T13:20:00Z,60
1836917,North,JALANDHAR,DAROLI KHURD,Unplanned,Closed,2026-05-09T12:15:00Z,2026-05-09T12:55:00Z,40
1836734,West,FARIDKOT,Zira Road,Planned,Closed,2026-05-09T12:11:39Z,2026-05-09T16:00:00Z,228
1836900,East,ROPAR,11KV SRG FEEDER,Planned,Closed,2026-05-09T12:06:44Z,2026-05-09T14:05:44Z,119
1836899,East,ROPAR,11 KV Omni,Planned,Closed,2026-05-09T12:06:44Z,2026-05-09T14:05:44Z,119
1836898,East,ROPAR,11 KV Roorki,Planned,Closed,2026-05-09T12:06:44Z,2026-05-09T14:05:44Z,119
1836897,East,ROPAR,"11 KV Teur, UPS",Planned,Closed,2026-05-09T12:06:44Z,2026-05-09T14:05:44Z,119
1836896,East,ROPAR,11 KV Allahpur,Planned,Closed,2026-05-09T12:06:44Z,2026-05-09T14:05:44Z,119
1836895,East,ROPAR,LAKHNAUR,Planned,Closed,2026-05-09T12:06:44Z,2026-05-09T14:05:44Z,119
1836894,East,ROPAR,PALHERI,Planned,Closed,2026-05-09T12:06:44Z,2026-05-09T14:05:44Z,119
1836893,East,ROPAR,SUHALI,Planned,Closed,2026-05-09T12:06:44Z,2026-05-09T14:05:44Z,119
1836892,East,ROPAR,BHAJOLI,Planned,Closed,2026-05-09T12:06:44Z,2026-05-09T14:05:44Z,119
1836904,Central,KHANNA,Chander Lok,Unplanned,Closed,2026-05-09T12:06:00Z,2026-05-09T14:00:00Z,114
1836906,North,KAPURTHALA,Thabalke,Planned,Closed,2026-05-09T12:00:00Z,2026-05-09T15:50:00Z,230
1836903,Border,GURDASPUR,Bhumbli,Unplanned,Closed,2026-05-09T12:00:00Z,2026-05-09T14:06:00Z,126
1836902,Border,GURDASPUR,Khundi,Unplanned,Closed,2026-05-09T12:00:00Z,2026-05-09T14:06:00Z,126
1836738,West,FARIDKOT,11 SODHI NAGAR URBAN,Planned,Closed,2026-05-09T12:00:00Z,2026-05-09T16:00:00Z,240
1836737,West,FARIDKOT,SAHIBZADA AJIT SINGH NAGAR,Planned,Closed,2026-05-09T12:00:00Z,2026-05-09T16:00:00Z,240
1836736,West,FARIDKOT,FCI URBAN,Planned,Closed,2026-05-09T12:00:00Z,2026-05-09T16:00:00Z,240
1836735,West,FARIDKOT,Dutt Road,Planned,Closed,2026-05-09T12:00:00Z,2026-05-09T16:00:00Z,240
1836908,East,MOHALI,Sec 72-C,Unplanned,Closed,2026-05-09T11:58:00Z,2026-05-09T12:25:00Z,27
1836905,South,PATIALA,11 KV JAIL CAT. 1,Planned,Closed,2026-05-09T11:55:00Z,2026-05-09T16:46:00Z,291
1836890,North,JALANDHAR,VIEW ESTATE,Unplanned,Closed,2026-05-09T11:55:00Z,2026-05-09T12:08:00Z,13
1836888,Border,GURDASPUR,New Batala Road,Unplanned,Closed,2026-05-09T11:55:00Z,2026-05-09T15:16:00Z,201
1836887,Border,GURDASPUR,24Hrs. Salimpur,Unplanned,Closed,2026-05-09T11:55:00Z,2026-05-09T12:10:00Z,15
1836889,East,MOHALI,11 KV Feeder sec 66 B,Unplanned,Closed,2026-05-09T11:52:00Z,2026-05-09T12:40:00Z,48
1836885,East,MOHALI,48-C,Unplanned,Closed,2026-05-09T11:51:00Z,2026-05-09T12:18:25Z,27
1836884,Central,CITY WEST LUDHIANA,BUS STAND,Unplanned,Closed,2026-05-09T11:50:57Z,2026-05-09T12:51:44Z,60
1836901,Border,GURDASPUR,TRIZA NAGAR UPS,Unplanned,Closed,2026-05-09T11:50:00Z,2026-05-09T14:25:00Z,155
1836891,North,HOSHIARPUR,MODEL  TOWN,Unplanned,Closed,2026-05-09T11:50:00Z,2026-05-09T12:05:00Z,15
1836886,North,KAPURTHALA,UPS KHERA MANDIR,Unplanned,Closed,2026-05-09T11:50:00Z,2026-05-09T12:40:00Z,50
1836883,East,MOHALI,48-C,Unplanned,Closed,2026-05-09T11:40:00Z,2026-05-09T11:50:00Z,10
1836882,North,JALANDHAR,veva collage,Unplanned,Closed,2026-05-09T11:40:00Z,2026-05-09T12:35:00Z,55
1836881,North,JALANDHAR,Lilly Resort,Unplanned,Closed,2026-05-09T11:40:00Z,2026-05-09T12:35:00Z,55
1836880,North,JALANDHAR,Lucky Dhaba,Unplanned,Closed,2026-05-09T11:40:00Z,2026-05-09T12:35:00Z,55
1836871,South,SANGRUR,BABA MITHU SHAH,Unplanned,Closed,2026-05-09T11:32:33Z,2026-05-09T11:44:12Z,11
1836879,Border,GURDASPUR,Ranipur,Unplanned,Closed,2026-05-09T11:32:00Z,2026-05-09T12:17:00Z,45
1836878,Border,TARN TARAN,Goindwal Road Urban.,Unplanned,Closed,2026-05-09T11:30:00Z,2026-05-09T12:50:00Z,80
1836877,Border,TARN TARAN,Jandiala Road Urban.,Unplanned,Closed,2026-05-09T11:30:00Z,2026-05-09T12:50:00Z,80
1836870,Central,SUB URBAN LUDHIANA,City-1 Maloud,Unplanned,Closed,2026-05-09T11:30:00Z,2026-05-09T11:55:00Z,25
1836830,North,KAPURTHALA,UPS Ambgarh,Planned,Closed,2026-05-09T11:30:00Z,2026-05-09T13:10:00Z,100
1836593,Border,GURDASPUR,Peeranbagh,Planned,Closed,2026-05-09T11:30:00Z,2026-05-09T12:56:00Z,86
1836592,Border,GURDASPUR,Meerpur,Planned,Closed,2026-05-09T11:30:00Z,2026-05-09T12:57:00Z,87
1836591,Border,GURDASPUR,City,Planned,Closed,2026-05-09T11:30:00Z,2026-05-09T12:55:00Z,85
1836590,Border,GURDASPUR,Hospital,Planned,Closed,2026-05-09T11:30:00Z,2026-05-09T16:10:00Z,280
1836588,Border,GURDASPUR,Sadhuchack,Planned,Closed,2026-05-09T11:30:00Z,2026-05-09T14:40:00Z,190
1836869,West,MUKATSAR,11 KV Circular Road,Unplanned,Closed,2026-05-09T11:29:23Z,2026-05-09T12:55:36Z,86
1836868,West,MUKATSAR,KRISHNA NAGRI,Unplanned,Closed,2026-05-09T11:29:06Z,2026-05-09T12:55:42Z,86
1836867,West,MUKATSAR,11 KV SIDHU NAGRI,Unplanned,Closed,2026-05-09T11:28:57Z,2026-05-09T11:50:10Z,21
1836876,Border,SUB URBAN AMRITSAR,Talwandi Dogran UPS-5,Planned,Closed,2026-05-09T11:25:00Z,2026-05-09T14:40:00Z,195
1836875,Border,SUB URBAN AMRITSAR,UPS-4 Makhanwindi,Planned,Closed,2026-05-09T11:25:00Z,2026-05-09T14:40:00Z,195
1836874,Border,SUB URBAN AMRITSAR,Urban-3,Planned,Closed,2026-05-09T11:25:00Z,2026-05-09T14:40:00Z,195
1836873,Border,SUB URBAN AMRITSAR,Urban 2 Nawapind,Planned,Closed,2026-05-09T11:25:00Z,2026-05-09T14:40:00Z,195
1836872,Border,SUB URBAN AMRITSAR,Urban-1 Nawapind,Planned,Closed,2026-05-09T11:25:00Z,2026-05-09T14:40:00Z,195
1836866,South,SANGRUR,Panchait Bhawan,Unplanned,Closed,2026-05-09T11:23:34Z,2026-05-09T11:53:44Z,30
1836195,East,Zirakpur,PEER BABA ROAD,Planned,Closed,2026-05-09T11:22:00Z,2026-05-09T15:20:00Z,238
1836194,East,Zirakpur,Jaskaran,Planned,Closed,2026-05-09T11:22:00Z,2026-05-09T15:20:00Z,238
1836193,East,Zirakpur,NABHA SAHIB,Planned,Closed,2026-05-09T11:22:00Z,2026-05-09T15:20:00Z,238
1836864,Central,KHANNA,Shastri Nagar,Unplanned,Closed,2026-05-09T11:15:00Z,2026-05-09T14:00:00Z,165
1836860,North,HOSHIARPUR,BHOGPUR NO 2,Unplanned,Closed,2026-05-09T11:10:00Z,2026-05-09T16:25:00Z,315
1836857,West,MUKATSAR,11 KV Chirag dhani,Unplanned,Closed,2026-05-09T11:08:33Z,2026-05-09T11:38:58Z,30
1836856,West,MUKATSAR,11 KV KILLIANWALI,Unplanned,Closed,2026-05-09T11:08:33Z,2026-05-09T11:38:02Z,29
1836859,North,KAPURTHALA,Taj city,Unplanned,Closed,2026-05-09T11:06:00Z,2026-05-09T12:15:00Z,69
1836854,South,SANGRUR,11 KV SAHID UDHAM SINGH URBAN,Unplanned,Closed,2026-05-09T11:05:53Z,2026-05-09T11:40:26Z,34
1836861,Border,TARN TARAN,24 HRS CHUTALA,Planned,Closed,2026-05-09T11:05:00Z,2026-05-09T14:45:00Z,220
1836863,East,MOHALI,11kv Saidpura,Unplanned,Closed,2026-05-09T11:01:00Z,2026-05-09T11:20:38Z,19
1836862,East,MOHALI,11 KV GIDDARPUR AP,Unplanned,Closed,2026-05-09T11:01:00Z,2026-05-09T11:20:20Z,19
1836850,Central,KHANNA,AMBEY MAJRA,Unplanned,Closed,2026-05-09T11:00:00Z,2026-05-09T11:21:00Z,21
1836797,North,KAPURTHALA,UPS MIANI,Planned,Closed,2026-05-09T11:00:00Z,2026-05-09T13:00:00Z,120
1836853,North,NAWANSHAHR,MEHIATPUR,Planned,Closed,2026-05-09T10:55:00Z,2026-05-09T13:22:00Z,147
1836858,East,MOHALI,11KV NADIALI AP,Unplanned,Closed,2026-05-09T10:48:40Z,2026-05-09T12:11:48Z,83
1836852,Border,TARN TARAN,CITY 5,Planned,Closed,2026-05-09T10:45:25Z,2026-05-09T14:40:25Z,235
1836851,Border,TARN TARAN,CITY 2,Planned,Closed,2026-05-09T10:45:25Z,2026-05-09T14:40:25Z,235
1836831,Border,CITY AMRITSAR,shri guru ram dass hospital,Unplanned,Closed,2026-05-09T10:45:00Z,2026-05-09T10:58:00Z,13
1836865,Border,TARN TARAN,RAYYA URBAN,Unplanned,Closed,2026-05-09T10:44:00Z,2026-05-09T11:20:39Z,36
1836829,East,Zirakpur,SAVITRY GREEN 2,Planned,Closed,2026-05-09T10:42:00Z,2026-05-09T12:52:00Z,130
1836819,South,SANGRUR,11 kv Dera Harnam Dass AP,Unplanned,Closed,2026-05-09T10:34:56Z,2026-05-09T16:07:11Z,332
1836818,North,NAWANSHAHR,CHANDIANI,Planned,Closed,2026-05-09T10:33:00Z,2026-05-09T12:05:00Z,92
1836855,North,NAWANSHAHR,BASIALA,Planned,Closed,2026-05-09T10:30:00Z,2026-05-09T13:00:00Z,150
1836817,North,KAPURTHALA,CHANNIA UPS,Planned,Closed,2026-05-09T10:30:00Z,2026-05-09T12:50:00Z,140
1836587,Central,KHANNA,Shri Ram Jain,Planned,Closed,2026-05-09T10:30:00Z,2026-05-09T13:30:00Z,180
1836586,Central,KHANNA,Mugol Majra,Planned,Closed,2026-05-09T10:30:00Z,2026-05-09T13:30:00Z,180
1836585,Central,KHANNA,Central,Planned,Closed,2026-05-09T10:30:00Z,2026-05-09T13:25:00Z,175
1836584,Central,KHANNA,Deep,Planned,Closed,2026-05-09T10:30:00Z,2026-05-09T13:30:00Z,180
1836583,Central,KHANNA,Labour Colony,Planned,Closed,2026-05-09T10:30:00Z,2026-05-09T13:50:00Z,200
1836841,North,NAWANSHAHR,NANGLAN,Planned,Closed,2026-05-09T10:24:56Z,2026-05-09T13:40:56Z,196
1836840,North,NAWANSHAHR,CHANDPUR RURKI,Planned,Closed,2026-05-09T10:24:56Z,2026-05-09T13:42:56Z,198
1836839,North,NAWANSHAHR,ROR MAJRA,Planned,Closed,2026-05-09T10:24:56Z,2026-05-09T13:45:56Z,201
1836838,North,NAWANSHAHR,BINEWAL,Planned,Closed,2026-05-09T10:24:56Z,2026-05-09T13:41:56Z,197
1836837,North,NAWANSHAHR,SAROYA,Planned,Closed,2026-05-09T10:24:56Z,2026-05-09T13:36:56Z,192
1836836,North,NAWANSHAHR,11 KV Buthgarh,Planned,Closed,2026-05-09T10:24:56Z,2026-05-09T13:41:56Z,197
1836835,North,NAWANSHAHR,MALEWAL,Planned,Closed,2026-05-09T10:24:56Z,2026-05-09T13:38:56Z,194
1836834,North,NAWANSHAHR,DAYALAN,Planned,Closed,2026-05-09T10:24:56Z,2026-05-09T12:54:56Z,150
1836833,North,NAWANSHAHR,CHAK GURU,Planned,Closed,2026-05-09T10:24:56Z,2026-05-09T13:39:56Z,195
1836832,North,NAWANSHAHR,ALLOWAL,Planned,Closed,2026-05-09T10:24:56Z,2026-05-09T13:43:56Z,199
1836845,North,NAWANSHAHR,PANDORI,Planned,Closed,2026-05-09T10:24:23Z,2026-05-09T13:41:23Z,197
1836844,North,NAWANSHAHR,DALLEWAL URBAN,Planned,Closed,2026-05-09T10:24:23Z,2026-05-09T13:39:23Z,195
1836843,North,NAWANSHAHR,ACHALPUR,Planned,Closed,2026-05-09T10:24:23Z,2026-05-09T13:42:23Z,198
1836842,North,NAWANSHAHR,JHUNGI,Planned,Closed,2026-05-09T10:24:23Z,2026-05-09T13:42:23Z,198
1836849,North,NAWANSHAHR,BIRAMPUR,Planned,Closed,2026-05-09T10:24:00Z,2026-05-09T13:42:00Z,198
1836848,North,NAWANSHAHR,SHAHPUR,Planned,Closed,2026-05-09T10:24:00Z,2026-05-09T13:31:00Z,187
1836847,North,NAWANSHAHR,SAMMUNDRA .,Planned,Closed,2026-05-09T10:24:00Z,2026-05-09T13:41:00Z,197
1836846,North,NAWANSHAHR,KUNAIL .,Planned,Closed,2026-05-09T10:24:00Z,2026-05-09T13:40:00Z,196
1836820,North,NAWANSHAHR,BHAWANIPUR,Planned,Closed,2026-05-09T10:24:00Z,2026-05-09T13:30:00Z,186
1836828,North,NAWANSHAHR,DUGRI,Planned,Closed,2026-05-09T10:23:09Z,2026-05-09T13:38:09Z,195
1836827,North,NAWANSHAHR,SIKANDERPUR,Planned,Closed,2026-05-09T10:23:09Z,2026-05-09T13:42:09Z,199
1836826,North,NAWANSHAHR,BORA,Planned,Closed,2026-05-09T10:23:09Z,2026-05-09T13:42:09Z,199
1836825,North,NAWANSHAHR,CIVIL HOSPITAL GARHSHANKAR,Planned,Closed,2026-05-09T10:23:09Z,2026-05-09T13:40:09Z,197
1836824,North,NAWANSHAHR,SADHOWAL,Planned,Closed,2026-05-09T10:23:09Z,2026-05-09T13:32:09Z,189
1836823,North,NAWANSHAHR,CITY GARHSHANKAR-2,Planned,Closed,2026-05-09T10:23:09Z,2026-05-09T13:37:09Z,194
1836822,North,NAWANSHAHR,TEHSIL COMPLEX GSR,Planned,Closed,2026-05-09T10:23:09Z,2026-05-09T13:40:09Z,197
1836821,North,NAWANSHAHR,CITY GARHSHANKAR,Planned,Closed,2026-05-09T10:23:09Z,2026-05-09T13:41:09Z,198
1836816,North,HOSHIARPUR,MAND PHANDER,Unplanned,Closed,2026-05-09T10:20:00Z,2026-05-09T12:45:00Z,145
1836814,North,HOSHIARPUR,11KV KALLOWAL FEEDER,Unplanned,Closed,2026-05-09T10:20:00Z,2026-05-09T12:45:00Z,145
1836800,South,SANGRUR,11 KV UPS PHULAD,Unplanned,Closed,2026-05-09T10:17:56Z,2026-05-09T12:50:06Z,152
1836798,South,SANGRUR,24 HRS. GHAMOORGHAT,Unplanned,Closed,2026-05-09T10:17:44Z,2026-05-09T12:49:02Z,151
1836799,South,SANGRUR,Baba Nimm Nath,Unplanned,Closed,2026-05-09T10:17:11Z,2026-05-09T12:49:31Z,152
1836802,South,SANGRUR,Bhakhra,Unplanned,Closed,2026-05-09T10:17:05Z,2026-05-09T12:51:26Z,154
1836795,South,SANGRUR,Lidran,Unplanned,Closed,2026-05-09T10:16:32Z,2026-05-09T11:59:01Z,102
1836813,South,SANGRUR,11 KV GHASIWAL AP(MODEL TOWN GR),Unplanned,Closed,2026-05-09T10:15:51Z,2026-05-09T16:15:13Z,359
1836801,Border,GURDASPUR,SATKOHA,Unplanned,Closed,2026-05-09T10:15:00Z,2026-05-09T12:25:00Z,130
1836794,South,SANGRUR,CHANGAL,Unplanned,Closed,2026-05-09T10:13:53Z,2026-05-09T11:44:01Z,90
1836796,North,NAWANSHAHR,KARIMPUR DHIANI,Planned,Closed,2026-05-09T10:10:00Z,2026-05-09T13:04:00Z,174
1836139,North,JALANDHAR,CHHOTI BARADARI,Planned,Closed,2026-05-09T10:10:00Z,2026-05-09T12:58:00Z,168
1836792,Border,GURDASPUR,City-2,Unplanned,Closed,2026-05-09T10:09:00Z,2026-05-09T10:37:00Z,28
1836793,North,KAPURTHALA,UPS Rawal,Unplanned,Closed,2026-05-09T10:05:00Z,2026-05-09T10:30:00Z,25
1836156,North,JALANDHAR,SANSARPUR,Planned,Closed,2026-05-09T10:05:00Z,2026-05-09T13:05:00Z,180
1836144,North,JALANDHAR,HOUSING BOARD,Planned,Closed,2026-05-09T10:05:00Z,2026-05-09T13:05:00Z,180
1836761,Border,TARN TARAN,Adda Amarkot,Planned,Closed,2026-05-09T10:02:50Z,2026-05-09T13:52:50Z,230
1836760,Border,TARN TARAN,UPS Valtoha,Planned,Closed,2026-05-09T10:02:50Z,2026-05-09T13:50:50Z,228
1836759,Border,TARN TARAN,24 Hrs. UPS  ASSAL,Planned,Closed,2026-05-09T10:02:50Z,2026-05-09T13:52:50Z,230
1836765,Border,TARN TARAN,11KV UPS KAMBOKE,Planned,Closed,2026-05-09T10:02:14Z,2026-05-09T13:53:14Z,231
1836764,Border,TARN TARAN,BOP,Planned,Closed,2026-05-09T10:02:14Z,2026-05-09T13:52:14Z,230
1836763,Border,TARN TARAN,Mari Megha Urban,Planned,Closed,2026-05-09T10:02:14Z,2026-05-09T13:51:14Z,229
1836762,Border,TARN TARAN,UPS Dall,Planned,Closed,2026-05-09T10:02:14Z,2026-05-09T13:52:14Z,230
1836815,East,MOHALI,11 KV Sec-69-A,Unplanned,Closed,2026-05-09T10:02:00Z,2026-05-09T10:52:00Z,50
1836812,East,MOHALI,Trivikarma,Unplanned,Closed,2026-05-09T10:02:00Z,2026-05-09T12:12:00Z,130
1836809,East,MOHALI,I.T PARK,Unplanned,Closed,2026-05-09T10:02:00Z,2026-05-09T12:12:00Z,130
1836808,East,MOHALI,Sector-68 B,Unplanned,Closed,2026-05-09T10:02:00Z,2026-05-09T12:12:42Z,130
1836807,East,MOHALI,11 KV Feeder sec 69 B,Unplanned,Closed,2026-05-09T10:02:00Z,2026-05-09T10:52:00Z,50
1836806,East,MOHALI,SEC-69,Unplanned,Closed,2026-05-09T10:02:00Z,2026-05-09T10:52:00Z,50
1836805,East,MOHALI,11KV FOREST FEEDER,Unplanned,Closed,2026-05-09T10:02:00Z,2026-05-09T12:12:00Z,130
1836804,East,MOHALI,11 KV Feeder sec 68A,Unplanned,Closed,2026-05-09T10:02:00Z,2026-05-09T10:52:00Z,50
1836803,East,MOHALI,SEC-68,Unplanned,Closed,2026-05-09T10:02:00Z,2026-05-09T12:12:20Z,130
1836789,Central,KHANNA,Vishawkarma Nagar,Unplanned,Closed,2026-05-09T10:02:00Z,2026-05-09T10:56:00Z,54
1836772,Border,TARN TARAN,GURU SAR SAHIB URBAN,Planned,Closed,2026-05-09T10:01:13Z,2026-05-09T14:01:13Z,240
1836771,Border,TARN TARAN,BOP KK,Planned,Closed,2026-05-09T10:01:13Z,2026-05-09T13:53:13Z,232
1836770,Border,TARN TARAN,24 Hrs. UPS Khemkaran,Planned,Closed,2026-05-09T10:01:13Z,2026-05-09T13:52:13Z,231
1836769,Border,TARN TARAN,Khem Karan,Planned,Closed,2026-05-09T10:01:13Z,2026-05-09T13:52:13Z,231
1836768,Border,TARN TARAN,UPS Machike,Planned,Closed,2026-05-09T10:01:13Z,2026-05-09T13:54:13Z,233
1836791,East,MOHALI,11KV NADIALI AP,Unplanned,Closed,2026-05-09T10:01:00Z,2026-05-09T10:48:29Z,47
1836666,Border,TARN TARAN,UPS KOT BUDDA,Planned,Closed,2026-05-09T10:00:41Z,2026-05-09T14:00:41Z,240
1836766,Border,TARN TARAN,UPS TALWANDI BUDH SINGH,Planned,Closed,2026-05-09T10:00:21Z,2026-05-09T13:51:21Z,231
1836639,North,NAWANSHAHR,11KV BHEEN (Urban),Planned,Closed,2026-05-09T10:00:15Z,2026-05-09T13:40:15Z,220
1836638,North,NAWANSHAHR,11KV GUJJARPUR,Planned,Closed,2026-05-09T10:00:15Z,2026-05-09T13:40:15Z,220
1836637,North,NAWANSHAHR,11 KV JABOWAL,Planned,Closed,2026-05-09T10:00:15Z,2026-05-09T13:40:15Z,220
1836636,North,NAWANSHAHR,11KV GHATARON,Planned,Closed,2026-05-09T10:00:15Z,2026-05-09T13:40:15Z,220
1836664,South,SANGRUR,A P Solvex,Planned,Closed,2026-05-09T10:00:14Z,2026-05-09T14:00:14Z,240
1836663,South,SANGRUR,Organics Cat-4,Planned,Closed,2026-05-09T10:00:14Z,2026-05-09T14:00:14Z,240
1836662,South,SANGRUR,Dhura Road,Planned,Closed,2026-05-09T10:00:14Z,2026-05-09T14:00:14Z,240
1836661,South,SANGRUR,Sub Station,Planned,Closed,2026-05-09T10:00:14Z,2026-05-09T14:00:14Z,240
1836660,South,SANGRUR,Civil Hospital,Planned,Closed,2026-05-09T10:00:14Z,2026-05-09T14:00:14Z,240
1836659,South,SANGRUR,Benra,Planned,Closed,2026-05-09T10:00:14Z,2026-05-09T14:00:14Z,240
1836658,South,SANGRUR,Sangrur road,Planned,Closed,2026-05-09T10:00:14Z,2026-05-09T14:00:14Z,240
1836657,South,SANGRUR,Industrial (Benra),Planned,Closed,2026-05-09T10:00:14Z,2026-05-09T14:00:14Z,240
1836656,South,SANGRUR,Cinema Road,Planned,Closed,2026-05-09T10:00:14Z,2026-05-09T14:00:14Z,240
1836183,East,ROPAR,Gani Khan Nabi Khan,Planned,Closed,2026-05-09T10:00:14Z,2026-05-09T14:00:14Z,240
1836182,East,ROPAR,Udhowal kalan,Planned,Closed,2026-05-09T10:00:14Z,2026-05-09T14:00:14Z,240
1836181,East,ROPAR,KOHARA ROAD,Planned,Closed,2026-05-09T10:00:14Z,2026-05-09T14:00:14Z,240
1836180,East,ROPAR,11 KV Bindra Ispat,Planned,Closed,2026-05-09T10:00:14Z,2026-05-09T14:00:14Z,240
1836179,East,ROPAR,11 KV Machiwara,Planned,Closed,2026-05-09T10:00:14Z,2026-05-09T14:00:14Z,240
1836178,East,ROPAR,SUB STATION TRANSFORMER,Planned,Closed,2026-05-09T10:00:14Z,2026-05-09T14:00:14Z,240
1836177,East,ROPAR,Urna,Planned,Closed,2026-05-09T10:00:14Z,2026-05-09T14:00:14Z,240
1836176,East,ROPAR,11 KV JULFGARH,Planned,Closed,2026-05-09T10:00:14Z,2026-05-09T14:00:14Z,240
1836175,East,ROPAR,Charan kanwal sahib,Planned,Closed,2026-05-09T10:00:14Z,2026-05-09T14:00:14Z,240
1836174,East,ROPAR,11 KV Markfed,Planned,Closed,2026-05-09T10:00:14Z,2026-05-09T14:00:14Z,240
1836173,East,ROPAR,11KV ADDIANA,Planned,Closed,2026-05-09T10:00:14Z,2026-05-09T14:00:14Z,240
1836172,East,ROPAR,11 KV Chakli Aadal,Planned,Closed,2026-05-09T10:00:14Z,2026-05-09T14:00:14Z,240
1836171,East,ROPAR,11 KV Methewal,Planned,Closed,2026-05-09T10:00:14Z,2026-05-09T14:00:14Z,240
1836170,East,ROPAR,11 KV Garg Concast,Planned,Closed,2026-05-09T10:00:14Z,2026-05-09T14:00:14Z,240
1836783,North,KAPURTHALA,UPS Siyala,Planned,Closed,2026-05-09T10:00:04Z,2026-05-09T13:20:13Z,200
1836399,South,SANGRUR,11 Peeran Wala Gate Cat-1,Planned,Closed,2026-05-09T10:00:02Z,2026-05-09T10:32:02Z,32
1836398,South,SANGRUR,11 KV Mata Modi Road,Planned,Closed,2026-05-09T10:00:02Z,2026-05-09T10:33:02Z,33
1836397,South,SANGRUR,11 KV New Grain Markit,Planned,Closed,2026-05-09T10:00:02Z,2026-05-09T10:33:02Z,33
1836396,South,SANGRUR,11 KV BHRAMKUMARI,Planned,Closed,2026-05-09T10:00:02Z,2026-05-09T10:34:02Z,34
1836395,South,SANGRUR,11 KV MAYA GARDEN,Planned,Closed,2026-05-09T10:00:02Z,2026-05-09T10:33:02Z,33
1836394,South,SANGRUR,11 KV NAVA BAZAR C-1,Planned,Closed,2026-05-09T10:00:02Z,2026-05-09T10:32:02Z,32
1836786,North,NAWANSHAHR,BHAJJAL,Planned,Closed,2026-05-09T10:00:00Z,2026-05-09T13:26:00Z,206
1836670,North,KAPURTHALA,UPS CHAK WADALA,Planned,Closed,2026-05-09T10:00:00Z,2026-05-09T13:00:00Z,180
1836669,North,KAPURTHALA,URBAN INDUSTRY,Planned,Closed,2026-05-09T10:00:00Z,2026-05-09T12:45:00Z,165
1836668,North,KAPURTHALA,Gobind Nagar,Planned,Closed,2026-05-09T10:00:00Z,2026-05-09T13:00:00Z,180
1836667,North,KAPURTHALA,UPS Sohal Jagir,Planned,Closed,2026-05-09T10:00:00Z,2026-05-09T12:55:00Z,175
1836437,Border,GURDASPUR,I.T.I,Planned,Closed,2026-05-09T10:00:00Z,2026-05-09T12:18:00Z,138
1836408,North,JALANDHAR,COLD STORE,Planned,Closed,2026-05-09T10:00:00Z,2026-05-09T14:00:00Z,240
1836407,North,JALANDHAR,NAGAL PURDAL,Planned,Closed,2026-05-09T10:00:00Z,2026-05-09T14:00:00Z,240
1836138,North,KAPURTHALA,UPS Siyala,Planned,Closed,2026-05-09T10:00:00Z,2026-05-09T13:20:00Z,200
1836126,North,NAWANSHAHR,11KV LANGROYA,Planned,Closed,2026-05-09T10:00:00Z,2026-05-09T13:40:00Z,220
1836124,North,NAWANSHAHR,11 KV Civil Hospital,Planned,Closed,2026-05-09T10:00:00Z,2026-05-09T13:46:00Z,226
1836120,North,NAWANSHAHR,Barnala Gate,Planned,Closed,2026-05-09T10:00:00Z,2026-05-09T13:45:00Z,225
1836079,South,PATIALA,Majri Road,Planned,Closed,2026-05-09T10:00:00Z,2026-05-09T14:00:00Z,240
1836054,East,Zirakpur,UPS AGGANPUR,Planned,Closed,2026-05-09T10:00:00Z,2026-05-09T15:00:00Z,300
1836053,East,Zirakpur,11 kv Bijanpur pure ap,Planned,Closed,2026-05-09T10:00:00Z,2026-05-09T15:00:00Z,300
1836009,North,NAWANSHAHR,11 KV Usmanpur,Planned,Closed,2026-05-09T10:00:00Z,2026-05-09T13:40:00Z,220
1836005,North,NAWANSHAHR,11 KV City-2,Planned,Closed,2026-05-09T10:00:00Z,2026-05-09T13:31:00Z,211
1835916,North,NAWANSHAHR,11 KV GHUMANA,Planned,Closed,2026-05-09T10:00:00Z,2026-05-09T12:15:00Z,135
1835913,North,NAWANSHAHR,11KV CITY NO-3,Planned,Closed,2026-05-09T10:00:00Z,2026-05-09T13:15:00Z,195
1835854,North,KAPURTHALA,Bhagwanpur,Planned,Closed,2026-05-09T10:00:00Z,2026-05-09T13:25:00Z,205
1835749,South,SANGRUR,New Anaj Mandi,Planned,Closed,2026-05-09T10:00:00Z,2026-05-09T14:00:00Z,240
1836775,South,PATIALA,Panjiri Plant,Unplanned,Closed,2026-05-09T09:47:36Z,2026-05-09T10:30:08Z,42
1836781,Border,GURDASPUR,Tharial,Unplanned,Closed,2026-05-09T09:47:00Z,2026-05-09T10:20:00Z,33
1836779,Border,TARN TARAN,MANOCHAL UPS,Unplanned,Closed,2026-05-09T09:45:00Z,2026-05-09T11:20:00Z,95
1836774,Border,TARN TARAN,24 Hours supp Khardin,Unplanned,Closed,2026-05-09T09:35:00Z,2026-05-09T10:30:00Z,55
1836773,Border,TARN TARAN,MATA BAGGO URBAN IND.,Unplanned,Closed,2026-05-09T09:35:00Z,2026-05-09T10:30:00Z,55
1836767,North,JALANDHAR,CHOKAN,Unplanned,Closed,2026-05-09T09:35:00Z,2026-05-09T09:55:00Z,20
1836066,South,BARNALA,Sub Station Dhanoula,Planned,Closed,2026-05-09T09:31:14Z,2026-05-09T13:30:14Z,239
1836404,North,HOSHIARPUR,Lajwanti Stadium,Planned,Closed,2026-05-09T09:31:00Z,2026-05-09T12:31:00Z,180
1836392,North,HOSHIARPUR,RAM MANDIR,Planned,Closed,2026-05-09T09:31:00Z,2026-05-09T12:31:00Z,180
1836057,South,BARNALA,Substation Kattu,Planned,Closed,2026-05-09T09:30:57Z,2026-05-09T13:30:57Z,240
1836056,South,BARNALA,Kattu CAT-I,Planned,Closed,2026-05-09T09:30:57Z,2026-05-09T13:30:57Z,240
1836062,South,BARNALA,U.P.S-1 KOTDUNA,Planned,Closed,2026-05-09T09:30:42Z,2026-05-09T13:30:42Z,240
1836059,South,BARNALA,U.P.S-2 BADRA,Planned,Closed,2026-05-09T09:30:42Z,2026-05-09T13:30:42Z,240
1836111,South,BARNALA,UPS Bhaini Mehraj,Planned,Closed,2026-05-09T09:30:39Z,2026-05-09T13:30:39Z,240
1836110,South,BARNALA,Best Milk,Planned,Closed,2026-05-09T09:30:39Z,2026-05-09T13:30:39Z,240
1836109,South,BARNALA,UPS Bhure Kube,Planned,Closed,2026-05-09T09:30:39Z,2026-05-09T13:30:39Z,240
1836108,South,BARNALA,Substation Badbar,Planned,Closed,2026-05-09T09:30:39Z,2026-05-09T13:30:39Z,240
1836107,South,BARNALA,Badbar CAT-I,Planned,Closed,2026-05-09T09:30:39Z,2026-05-09T13:30:39Z,240
1836757,Central,CITY WEST LUDHIANA,HIGHWAY FEEDER,Unplanned,Closed,2026-05-09T09:30:18Z,2026-05-09T10:22:19Z,52
1836069,South,BARNALA,UPS-III,Planned,Closed,2026-05-09T09:30:14Z,2026-05-09T13:30:14Z,240
1836758,South,PATIALA,LAKKAR MANDI,Unplanned,Closed,2026-05-09T09:30:00Z,2026-05-09T09:40:00Z,10
1836400,North,HOSHIARPUR,Tagore Nagar,Planned,Closed,2026-05-09T09:30:00Z,2026-05-09T12:30:00Z,180
1836118,South,BARNALA,U.P.S. KALEKE,Planned,Closed,2026-05-09T09:30:00Z,2026-05-09T13:30:00Z,240
1836117,South,BARNALA,Sub Station Aspal Kalan,Planned,Closed,2026-05-09T09:30:00Z,2026-05-09T13:30:00Z,240
1836116,South,BARNALA,URBAN DHAUNALA CITY,Planned,Closed,2026-05-09T09:30:00Z,2026-05-09T13:30:00Z,240
1836058,East,Zirakpur,LALRU CITY,Planned,Closed,2026-05-09T09:30:00Z,2026-05-09T12:55:00Z,205
1836061,South,BARNALA,ASPAL KALAN CAT--1,Planned,Closed,2026-05-09T09:29:42Z,2026-05-09T13:29:42Z,240
1836067,South,BARNALA,URBAN RAJGARH ROAD,Planned,Closed,2026-05-09T09:29:14Z,2026-05-09T13:30:14Z,241
1836065,South,BARNALA,UPS-2,Planned,Closed,2026-05-09T09:29:14Z,2026-05-09T13:30:14Z,241
1836064,South,BARNALA,UPS-1,Planned,Closed,2026-05-09T09:29:14Z,2026-05-09T13:30:14Z,241
1836756,Border,CITY AMRITSAR,11 KV Bhai Gurdas Ji Nagar,Unplanned,Closed,2026-05-09T09:19:00Z,2026-05-09T11:33:00Z,134
1836755,South,BARNALA,COURT COMPLEX,Planned,Closed,2026-05-09T09:17:00Z,2026-05-09T13:00:00Z,223
1836754,South,BARNALA,COURT ROAD,Planned,Closed,2026-05-09T09:17:00Z,2026-05-09T13:00:00Z,223
1836753,North,HOSHIARPUR,KALA BAKRA shared feeder,Unplanned,Closed,2026-05-09T09:10:00Z,2026-05-09T10:05:00Z,55
1836752,Central,KHANNA,SHIVPURI,Unplanned,Closed,2026-05-09T09:07:00Z,2026-05-09T09:45:00Z,38
1836166,East,ROPAR,Palmajra,Planned,Closed,2026-05-09T09:00:50Z,2026-05-09T13:00:50Z,240
1836165,East,ROPAR,11 KV Saluja Cottex,Planned,Closed,2026-05-09T09:00:50Z,2026-05-09T13:00:50Z,240
1835869,West,FARIDKOT,MALKE,Planned,Closed,2026-05-09T09:00:47Z,2026-05-09T12:57:47Z,237
1835867,West,FARIDKOT,Dasmesh Nagar,Planned,Closed,2026-05-09T09:00:11Z,2026-05-09T12:51:11Z,231
1835866,West,FARIDKOT,Shri Guru Tegh Bahadur Ji,Planned,Closed,2026-05-09T09:00:11Z,2026-05-09T12:53:11Z,233
1835865,West,FARIDKOT,BARGARI,Planned,Closed,2026-05-09T09:00:11Z,2026-05-09T12:54:11Z,234
1835864,West,FARIDKOT,BURJ JAWAHAR SINGH WALA,Planned,Closed,2026-05-09T09:00:11Z,2026-05-09T12:52:11Z,232
1835863,West,FARIDKOT,11 KV GLOBAL UPS,Planned,Closed,2026-05-09T09:00:11Z,2026-05-09T12:50:11Z,230
1835862,West,FARIDKOT,BURJ HARIKA,Planned,Closed,2026-05-09T09:00:11Z,2026-05-09T12:55:11Z,235
1835874,West,FARIDKOT,Baba Fateh Singh,Planned,Closed,2026-05-09T09:00:09Z,2026-05-09T12:50:09Z,230
1835873,West,FARIDKOT,Siriewala UPS,Planned,Closed,2026-05-09T09:00:09Z,2026-05-09T12:51:09Z,231
1835872,West,FARIDKOT,Bhai Veer Singh,Planned,Closed,2026-05-09T09:00:09Z,2026-05-09T12:51:09Z,231
1835871,West,FARIDKOT,Gobindgarh,Planned,Closed,2026-05-09T09:00:09Z,2026-05-09T12:51:09Z,231
1835870,West,FARIDKOT,Bajakhana City,Planned,Closed,2026-05-09T09:00:09Z,2026-05-09T12:51:09Z,231
1835848,West,FARIDKOT,GUMTI KHURD UPS,Planned,Closed,2026-05-09T09:00:05Z,2026-05-09T12:42:34Z,222
1835847,West,FARIDKOT,RAM LEELA GROUND,Planned,Closed,2026-05-09T09:00:05Z,2026-05-09T12:44:34Z,224
1835846,West,FARIDKOT,GANGA COTTEX,Planned,Closed,2026-05-09T09:00:05Z,2026-05-09T12:45:34Z,225
1835845,West,FARIDKOT,JAITO CITY,Planned,Closed,2026-05-09T09:00:05Z,2026-05-09T12:48:34Z,228
1835844,West,FARIDKOT,GANGSAR,Planned,Closed,2026-05-09T09:00:05Z,2026-05-09T12:45:34Z,225
1835843,West,FARIDKOT,CIVIL HOSPITAL,Planned,Closed,2026-05-09T09:00:05Z,2026-05-09T12:46:34Z,226
1835842,West,FARIDKOT,BATHINDA ROAD,Planned,Closed,2026-05-09T09:00:05Z,2026-05-09T12:48:34Z,228
1835841,West,FARIDKOT,BAJA ROAD,Planned,Closed,2026-05-09T09:00:05Z,2026-05-09T12:46:34Z,226
1835840,West,FARIDKOT,KOTKAPURA ROAD,Planned,Closed,2026-05-09T09:00:05Z,2026-05-09T12:48:34Z,228
1835839,West,FARIDKOT,HARDIAL NAGAR,Planned,Closed,2026-05-09T09:00:05Z,2026-05-09T12:46:34Z,226
1835860,West,FARIDKOT,Bhagtuana UPS,Planned,Closed,2026-05-09T09:00:01Z,2026-05-09T12:42:01Z,222
1835859,West,FARIDKOT,chaina,Planned,Closed,2026-05-09T09:00:01Z,2026-05-09T12:45:01Z,225
1835858,West,FARIDKOT,11 KV Kalgidhar ups,Planned,Closed,2026-05-09T09:00:01Z,2026-05-09T12:43:01Z,223
1837000,South,BARNALA,Sekha Road,Unplanned,Closed,2026-05-09T09:00:00Z,2026-05-09T13:00:00Z,240
1836751,East,MOHALI,KANOUR,Unplanned,Closed,2026-05-09T09:00:00Z,2026-05-09T11:12:00Z,132
1836750,East,ROPAR,11KV Naanowal (UPS),Unplanned,Closed,2026-05-09T09:00:00Z,2026-05-09T09:15:00Z,15
1836674,East,ROPAR,NALHOTI,Planned,Closed,2026-05-09T09:00:00Z,2026-05-09T12:40:00Z,220
1836569,Central,CITY WEST LUDHIANA,JANPATH,Planned,Closed,2026-05-09T09:00:00Z,2026-05-09T12:47:22Z,227
1836568,Central,CITY WEST LUDHIANA,RAJ GARH ESTATE,Planned,Closed,2026-05-09T09:00:00Z,2026-05-09T12:47:05Z,227
1836369,North,HOSHIARPUR,11kv kotli,Planned,Closed,2026-05-09T09:00:00Z,2026-05-09T12:35:00Z,215
1836364,North,HOSHIARPUR,11kV Jandwal UPS,Planned,Closed,2026-05-09T09:00:00Z,2026-05-09T12:35:00Z,215
1836362,Border,GURDASPUR,N.N.Bandha,Planned,Closed,2026-05-09T09:00:00Z,2026-05-09T12:32:00Z,212
1836361,Border,GURDASPUR,Naroat Mehra,Planned,Closed,2026-05-09T09:00:00Z,2026-05-09T12:15:00Z,195
1836360,Border,GURDASPUR,11 KV UPS Muthi Feeder,Planned,Closed,2026-05-09T09:00:00Z,2026-05-09T12:10:00Z,190
1836334,Border,GURDASPUR,Jugial,Planned,Closed,2026-05-09T09:00:00Z,2026-05-09T12:35:00Z,215
1836296,Border,GURDASPUR,Islampur No. 1,Planned,Closed,2026-05-09T09:00:00Z,2026-05-09T12:04:00Z,184
1836270,Border,GURDASPUR,Gurdaspur Road,Planned,Closed,2026-05-09T09:00:00Z,2026-05-09T12:05:00Z,185
1836269,Border,GURDASPUR,Sunder Nagar,Planned,Closed,2026-05-09T09:00:00Z,2026-05-09T12:40:00Z,220
1836260,Border,GURDASPUR,Model Town,Planned,Closed,2026-05-09T09:00:00Z,2026-05-09T12:30:00Z,210
1836231,East,ROPAR,11 KV Sandhuan UPS,Planned,Closed,2026-05-09T09:00:00Z,2026-05-09T13:20:00Z,260
1836230,East,ROPAR,Manjeet Pura,Planned,Closed,2026-05-09T09:00:00Z,2026-05-09T13:15:00Z,255
1836227,East,ROPAR,JATANA,Planned,Closed,2026-05-09T09:00:00Z,2026-05-09T13:30:00Z,270
1836184,East,ROPAR,CHAMKAUR SAHIB,Planned,Closed,2026-05-09T09:00:00Z,2026-05-09T12:55:00Z,235
1836748,South,PATIALA,SALEMPUR,Unplanned,Closed,2026-05-09T08:56:57Z,2026-05-09T09:16:38Z,19
1836747,South,PATIALA,MAGGAR,Unplanned,Closed,2026-05-09T08:56:56Z,2026-05-09T09:15:47Z,18
1836749,South,PATIALA,UPS RURKI,Unplanned,Closed,2026-05-09T08:56:06Z,2026-05-09T09:15:01Z,18
1836733,North,JALANDHAR,DAROLI KHURD,Unplanned,Closed,2026-05-09T08:35:00Z,2026-05-09T10:15:00Z,100
1836732,Central,CITY WEST LUDHIANA,SOKHI FEEDER,Unplanned,Closed,2026-05-09T08:34:09Z,2026-05-09T09:11:58Z,37
1836739,North,JALANDHAR,11kvPadiana,Unplanned,Closed,2026-05-09T08:30:00Z,2026-05-09T08:50:00Z,20
1836731,Central,CITY EAST LUDHIANA,SAMRALA ROAD,Unplanned,Closed,2026-05-09T08:18:00Z,2026-05-09T09:59:00Z,101
1836730,Central,SUB URBAN LUDHIANA,CENTER CITY,Unplanned,Closed,2026-05-09T08:10:00Z,2026-05-09T10:00:00Z,110
1835893,West,FARIDKOT,Army,Planned,Closed,2026-05-09T08:00:50Z,2026-05-09T11:52:50Z,232
1835892,West,FARIDKOT,Dana Mandi Old,Planned,Closed,2026-05-09T08:00:50Z,2026-05-09T11:52:50Z,232
1835891,West,FARIDKOT,Kotkapura,Planned,Closed,2026-05-09T08:00:50Z,2026-05-09T11:55:50Z,235
1835890,West,FARIDKOT,Heera Singh Nagar,Planned,Closed,2026-05-09T08:00:50Z,2026-05-09T11:52:50Z,232
1835889,West,FARIDKOT,HIGH TECH,Planned,Closed,2026-05-09T08:00:50Z,2026-05-09T11:51:50Z,231
1835888,West,FARIDKOT,Sandhwan,Planned,Closed,2026-05-09T08:00:50Z,2026-05-09T11:56:50Z,236
1835887,West,FARIDKOT,Nathewala,Planned,Closed,2026-05-09T08:00:50Z,2026-05-09T11:56:50Z,236
1835886,West,FARIDKOT,Industrial,Planned,Closed,2026-05-09T08:00:50Z,2026-05-09T11:55:50Z,235
1836728,Border,GURDASPUR,Kalanangal,Unplanned,Closed,2026-05-09T08:00:00Z,2026-05-09T09:00:00Z,60
1836727,Border,GURDASPUR,BATHWALA,Unplanned,Closed,2026-05-09T08:00:00Z,2026-05-09T09:00:00Z,60
1836726,Border,GURDASPUR,ALOWAL,Unplanned,Closed,2026-05-09T08:00:00Z,2026-05-09T09:25:00Z,85
1836725,Border,GURDASPUR,24Hrs. GUNIAN,Unplanned,Closed,2026-05-09T08:00:00Z,2026-05-09T09:25:00Z,85
1836681,West,MUKATSAR,11KV Danna Mandi,Planned,Active,2026-05-09T08:00:00Z,2026-05-09T12:00:00Z,240
1836680,West,MUKATSAR,11KV Balam Garh Road,Planned,Active,2026-05-09T08:00:00Z,2026-05-09T12:00:00Z,240
1836679,West,MUKATSAR,11KV Tarn Taran Sahib,Planned,Active,2026-05-09T08:00:00Z,2026-05-09T12:00:00Z,240
1836678,West,MUKATSAR,MALOUT ROAD,Planned,Active,2026-05-09T08:00:00Z,2026-05-09T12:00:00Z,240
1836677,West,MUKATSAR,BUS STAND,Planned,Active,2026-05-09T08:00:00Z,2026-05-09T12:00:00Z,240
1836266,East,ROPAR,UPS-II,Planned,Closed,2026-05-09T08:00:00Z,2026-05-09T12:00:00Z,240
1836264,East,ROPAR,MIAN PUR,Planned,Closed,2026-05-09T08:00:00Z,2026-05-09T12:00:00Z,240
1836263,East,ROPAR,11 KV Khairabad UPS,Planned,Closed,2026-05-09T08:00:00Z,2026-05-09T12:00:00Z,240
1836259,East,ROPAR,132/RTP COLONY,Planned,Closed,2026-05-09T08:00:00Z,2026-05-09T12:00:00Z,240
1836724,North,KAPURTHALA,URBAN Malsian,Unplanned,Closed,2026-05-09T07:32:00Z,2026-05-09T08:12:00Z,40
1836723,Central,CITY EAST LUDHIANA,PATIALA HOUSE,Unplanned,Closed,2026-05-09T07:27:00Z,2026-05-09T09:30:00Z,123
1836722,East,MOHALI,11KV BLOCK-C,Unplanned,Closed,2026-05-09T07:24:00Z,2026-05-09T08:40:48Z,76
1836718,West,MUKATSAR,DAULATPURA UPS,Planned,Closed,2026-05-09T07:23:42Z,2026-05-09T07:51:54Z,28
1836716,West,MUKATSAR,DALMIR KHERA,Planned,Closed,2026-05-09T07:20:43Z,2026-05-09T07:44:45Z,24
1836719,West,MUKATSAR,11 KV Sappan wali,Planned,Closed,2026-05-09T07:20:08Z,2026-05-09T07:55:17Z,35
1836717,West,MUKATSAR,MAUJGARH,Planned,Closed,2026-05-09T07:19:02Z,2026-05-09T07:53:10Z,34
1836715,Border,TARN TARAN,CITY 6,Unplanned,Closed,2026-05-09T07:13:00Z,2026-05-09T07:54:00Z,41
1836721,West,BATHINDA,INDUSTRIAL GROWTH CENTER,Unplanned,Closed,2026-05-09T07:05:00Z,2026-05-09T07:55:00Z,50
1836419,West,FARIDKOT,Kothe Warring (Samgh),Planned,Closed,2026-05-09T07:00:32Z,2026-05-09T11:00:58Z,240
1836418,West,FARIDKOT,Focal Point,Planned,Closed,2026-05-09T07:00:32Z,2026-05-09T10:54:58Z,234
1836417,West,FARIDKOT,Kothe Dhaliwal,Planned,Closed,2026-05-09T07:00:32Z,2026-05-09T10:56:58Z,236
1836416,West,FARIDKOT,"Factory Road, Kotkapura",Planned,Closed,2026-05-09T07:00:32Z,2026-05-09T10:58:58Z,238
1836415,West,FARIDKOT,IOC,Planned,Closed,2026-05-09T07:00:32Z,2026-05-09T10:56:58Z,236
1836714,North,JALANDHAR,T. V. TOWER,Unplanned,Closed,2026-05-09T06:50:59Z,2026-05-09T07:10:25Z,19
1836720,North,JALANDHAR,FATEHGARH,Unplanned,Closed,2026-05-09T06:45:00Z,2026-05-09T08:00:00Z,75
1836713,Border,CITY AMRITSAR,shri guru ram dass hospital,Unplanned,Closed,2026-05-09T06:20:00Z,2026-05-09T07:40:00Z,80
1836711,Central,CITY WEST LUDHIANA,ESTATE FEEDER,Unplanned,Closed,2026-05-09T06:20:00Z,2026-05-09T07:33:55Z,73
1836712,North,KAPURTHALA,UPS MAND,Unplanned,Closed,2026-05-09T06:15:00Z,2026-05-09T08:00:00Z,105
1836710,North,JALANDHAR,THIRD WIRE,Unplanned,Closed,2026-05-09T06:10:00Z,2026-05-09T07:15:00Z,65
1836579,Border,GURDASPUR,DUNERA,Planned,Closed,2026-05-09T06:05:44Z,2026-05-09T10:04:44Z,239
1836578,Border,GURDASPUR,Sarti,Planned,Closed,2026-05-09T06:05:44Z,2026-05-09T10:04:44Z,239
1836708,Central,CITY EAST LUDHIANA,GURU NANAK DEV NAGAR,Unplanned,Closed,2026-05-09T05:52:00Z,2026-05-09T07:23:00Z,91
1836709,North,KAPURTHALA,UPS Rawal,Unplanned,Closed,2026-05-09T05:48:00Z,2026-05-09T06:50:00Z,62
1836707,Border,GURDASPUR,dakoha,Unplanned,Closed,2026-05-09T05:40:00Z,2026-05-09T06:30:00Z,50
1836706,Central,CITY WEST LUDHIANA,GURPAL NAGAR FEEDER,Unplanned,Closed,2026-05-09T05:38:09Z,2026-05-09T06:24:09Z,46
1837094,West,MUKATSAR,BAHAVAL BASI,Unplanned,Closed,2026-05-09T05:33:00Z,2026-05-09T06:30:00Z,57
1836338,West,MUKATSAR,New Patrewala UPS,Planned,Closed,2026-05-09T05:00:57Z,2026-05-09T08:00:57Z,180
1836390,West,MUKATSAR,11 KV Sappan wali,Planned,Closed,2026-05-09T05:00:56Z,2026-05-09T09:36:10Z,275
1836389,West,MUKATSAR,NEFED,Planned,Closed,2026-05-09T05:00:56Z,2026-05-09T08:00:56Z,180
1836388,West,MUKATSAR,11 KV Telupura,Planned,Closed,2026-05-09T05:00:56Z,2026-05-09T09:35:10Z,274
1836387,West,MUKATSAR,PANJKOSI,Planned,Closed,2026-05-09T05:00:56Z,2026-05-09T08:00:56Z,180
1836386,West,MUKATSAR,11 KV SAIDANWALI,Planned,Closed,2026-05-09T05:00:56Z,2026-05-09T08:00:56Z,180
1836385,West,MUKATSAR,DAULATPURA UPS,Planned,Closed,2026-05-09T05:00:56Z,2026-05-09T08:00:56Z,180
1836384,West,MUKATSAR,11 KV PUNJAB AGRO,Planned,Closed,2026-05-09T05:00:56Z,2026-05-09T08:00:56Z,180
1836383,West,MUKATSAR,DALMIR KHERA,Planned,Closed,2026-05-09T05:00:56Z,2026-05-09T08:00:56Z,180
1836381,West,MUKATSAR,11 KV Sappan wali,Planned,Closed,2026-05-09T05:00:51Z,2026-05-09T08:00:51Z,180
1836380,West,MUKATSAR,NEFED,Planned,Closed,2026-05-09T05:00:51Z,2026-05-09T08:00:51Z,180
1836379,West,MUKATSAR,11 KV Telupura,Planned,Closed,2026-05-09T05:00:51Z,2026-05-09T08:00:51Z,180
1836378,West,MUKATSAR,PANJKOSI,Planned,Closed,2026-05-09T05:00:51Z,2026-05-09T08:00:51Z,180
1836377,West,MUKATSAR,11 KV SAIDANWALI,Planned,Closed,2026-05-09T05:00:51Z,2026-05-09T08:00:51Z,180
1836376,West,MUKATSAR,DAULATPURA UPS,Planned,Closed,2026-05-09T05:00:51Z,2026-05-09T08:00:51Z,180
1836375,West,MUKATSAR,11 KV PUNJAB AGRO,Planned,Closed,2026-05-09T05:00:51Z,2026-05-09T08:00:51Z,180
1836374,West,MUKATSAR,DALMIR KHERA,Planned,Closed,2026-05-09T05:00:51Z,2026-05-09T08:00:51Z,180
1836289,West,MUKATSAR,11 KV RIDHI SIDHI URBAN,Planned,Closed,2026-05-09T05:00:42Z,2026-05-09T08:00:42Z,180
1836288,West,MUKATSAR,11 KV Circular Road,Planned,Closed,2026-05-09T05:00:42Z,2026-05-09T08:00:42Z,180
1836287,West,MUKATSAR,11 KV Focal Point-2,Planned,Closed,2026-05-09T05:00:42Z,2026-05-09T08:00:42Z,180
1836286,West,MUKATSAR,11 KV TARA ESTATE,Planned,Closed,2026-05-09T05:00:42Z,2026-05-09T08:00:42Z,180
1836285,West,MUKATSAR,11 KV BSF,Planned,Closed,2026-05-09T05:00:42Z,2026-05-09T08:00:42Z,180
1836284,West,MUKATSAR,11 KV GANGA NAGAR ROAD,Planned,Closed,2026-05-09T05:00:42Z,2026-05-09T08:00:42Z,180
1836283,West,MUKATSAR,11 KV Focal Point-1,Planned,Closed,2026-05-09T05:00:42Z,2026-05-09T08:00:42Z,180
1836282,West,MUKATSAR,INDRA NAGRI,Planned,Closed,2026-05-09T05:00:42Z,2026-05-09T08:00:42Z,180
1836281,West,MUKATSAR,11 KV Chirag dhani,Planned,Closed,2026-05-09T05:00:42Z,2026-05-09T08:00:42Z,180
1836280,West,MUKATSAR,11 KV Rajiv Nagar,Planned,Closed,2026-05-09T05:00:42Z,2026-05-09T08:00:42Z,180
1836279,West,MUKATSAR,11 KV SIDHU NAGRI,Planned,Closed,2026-05-09T05:00:42Z,2026-05-09T08:00:42Z,180
1836278,West,MUKATSAR,11 KV NAI ABADI,Planned,Closed,2026-05-09T05:00:42Z,2026-05-09T08:00:42Z,180
1836277,West,MUKATSAR,11 KV KANDHWALA Road Urban,Planned,Closed,2026-05-09T05:00:42Z,2026-05-09T08:00:42Z,180
1836276,West,MUKATSAR,11 KV Alamgarh,Planned,Closed,2026-05-09T05:00:42Z,2026-05-09T08:00:42Z,180
1836275,West,MUKATSAR,KRISHNA NAGRI,Planned,Closed,2026-05-09T05:00:42Z,2026-05-09T08:00:42Z,180
1836330,West,MUKATSAR,Dhani Sucha Singh (Old Chakra),Planned,Closed,2026-05-09T05:00:32Z,2026-05-09T08:00:32Z,180
1836329,West,MUKATSAR,11 KV New Water Works -2,Planned,Closed,2026-05-09T05:00:32Z,2026-05-09T08:00:32Z,180
1836328,West,MUKATSAR,11 KV BALA JI DHAM,Planned,Closed,2026-05-09T05:00:32Z,2026-05-09T08:00:32Z,180
1836327,West,MUKATSAR,11 KV Dhani Bisehesarnath,Planned,Closed,2026-05-09T05:00:32Z,2026-05-09T08:00:32Z,180
1836326,West,MUKATSAR,11 KV Azimgarh Urban,Planned,Closed,2026-05-09T05:00:32Z,2026-05-09T08:00:32Z,180
1836325,West,MUKATSAR,11 KV South Avenue,Planned,Closed,2026-05-09T05:00:32Z,2026-05-09T08:00:32Z,180
1836333,West,MUKATSAR,11 KV SARDARPURA UPS,Planned,Closed,2026-05-09T05:00:22Z,2026-05-09T08:00:22Z,180
1836332,West,MUKATSAR,11 KV Bhagsar UPS,Planned,Closed,2026-05-09T05:00:22Z,2026-05-09T08:00:22Z,180
1836331,West,MUKATSAR,11 KV SITO,Planned,Closed,2026-05-09T05:00:22Z,2026-05-09T08:00:22Z,180
1836339,West,MUKATSAR,11 KV Patrewala,Planned,Closed,2026-05-09T05:00:10Z,2026-05-09T08:00:10Z,180
1836337,West,MUKATSAR,11 KV SARDARPURA UPS,Planned,Closed,2026-05-09T05:00:08Z,2026-05-09T08:00:08Z,180
1836336,West,MUKATSAR,11 KV Bhagsar UPS,Planned,Closed,2026-05-09T05:00:08Z,2026-05-09T08:00:08Z,180
1836335,West,MUKATSAR,11 KV SITO,Planned,Closed,2026-05-09T05:00:08Z,2026-05-09T08:00:08Z,180
1836295,West,MUKATSAR,11 KV Ganganagar Road,Planned,Closed,2026-05-09T05:00:08Z,2026-05-09T08:00:08Z,180
1836294,West,MUKATSAR,11 KV Punjava Model,Planned,Closed,2026-05-09T05:00:08Z,2026-05-09T08:00:08Z,180
1836293,West,MUKATSAR,11 KALLER KHERA,Planned,Closed,2026-05-09T05:00:08Z,2026-05-09T08:00:08Z,180
1836292,West,MUKATSAR,JANDWALA HANUWANTA,Planned,Closed,2026-05-09T05:00:08Z,2026-05-09T08:00:08Z,180
1836358,West,MUKATSAR,66 KV MES,Planned,Closed,2026-05-09T05:00:00Z,2026-05-09T08:00:00Z,180
1836357,West,MUKATSAR,Bus Stand Road,Planned,Closed,2026-05-09T05:00:00Z,2026-05-09T08:00:00Z,180
1836356,West,MUKATSAR,Sito Road,Planned,Closed,2026-05-09T05:00:00Z,2026-05-09T08:00:00Z,180
1836355,West,MUKATSAR,11 KV Town,Planned,Closed,2026-05-09T05:00:00Z,2026-05-09T08:00:00Z,180
1836354,West,MUKATSAR,11 KV PUDA COlONY,Planned,Closed,2026-05-09T05:00:00Z,2026-05-09T08:00:00Z,180
1836353,West,MUKATSAR,11 KV Model Town,Planned,Closed,2026-05-09T05:00:00Z,2026-05-09T08:00:00Z,180
1836352,West,MUKATSAR,11 KV LINK NO. 2,Planned,Closed,2026-05-09T05:00:00Z,2026-05-09T08:00:00Z,180
1836351,West,MUKATSAR,INDUSTRIAL,Planned,Closed,2026-05-09T05:00:00Z,2026-05-09T08:00:00Z,180
1836350,West,MUKATSAR,BAHAVAL BASI,Planned,Closed,2026-05-09T05:00:00Z,2026-05-09T08:00:00Z,180
1836349,West,MUKATSAR,11 KV Airforce,Planned,Closed,2026-05-09T05:00:00Z,2026-05-09T08:00:00Z,180
1836348,West,MUKATSAR,11 KV MALOUT ROAD,Planned,Closed,2026-05-09T05:00:00Z,2026-05-09T08:00:00Z,180
1836347,West,MUKATSAR,WATER WORKS,Planned,Closed,2026-05-09T05:00:00Z,2026-05-09T08:00:00Z,180
1836346,West,MUKATSAR,11 KV NANAK NAGRI,Planned,Closed,2026-05-09T05:00:00Z,2026-05-09T08:00:00Z,180
1836345,West,MUKATSAR,11 KV Panjpeer Nagar,Planned,Closed,2026-05-09T05:00:00Z,2026-05-09T08:00:00Z,180
1836344,West,MUKATSAR,11 KV ABC,Planned,Closed,2026-05-09T05:00:00Z,2026-05-09T08:00:00Z,180
1836343,West,MUKATSAR,FAZILKA ROAD,Planned,Closed,2026-05-09T05:00:00Z,2026-05-09T08:00:00Z,180
1836342,West,MUKATSAR,LINK NO. 1,Planned,Closed,2026-05-09T05:00:00Z,2026-05-09T08:00:00Z,180
1836705,Border,TARN TARAN,CITY 6,Unplanned,Closed,2026-05-09T04:32:00Z,2026-05-09T06:20:00Z,108
1836703,Border,GURDASPUR,Shah Colony,Unplanned,Closed,2026-05-09T03:50:00Z,2026-05-09T04:23:00Z,33
1836704,North,KAPURTHALA,Fatehgarh,Unplanned,Closed,2026-05-09T03:45:00Z,2026-05-09T06:25:00Z,160
1836701,North,HOSHIARPUR,BHOGPUR NO 2,Unplanned,Closed,2026-05-09T03:00:00Z,2026-05-09T03:42:00Z,42
1836702,South,BARNALA,NAUDHARANI CAT.I,Unplanned,Closed,2026-05-09T02:54:00Z,2026-05-09T06:45:00Z,231
1836729,North,HOSHIARPUR,11 KV Shri Guru Nanak Nagar,Unplanned,Closed,2026-05-09T02:45:00Z,2026-05-09T16:25:00Z,820
1836699,Central,CITY EAST LUDHIANA,NEW VISHNUPURI,Unplanned,Closed,2026-05-09T02:21:00Z,2026-05-09T03:15:00Z,54
1836698,North,KAPURTHALA,UPS MALLIWAL,Unplanned,Closed,2026-05-09T02:20:00Z,2026-05-09T06:02:00Z,222
1836697,East,MOHALI,11 KV Sec 59,Unplanned,Closed,2026-05-09T01:59:44Z,2026-05-09T02:57:25Z,57
1836696,East,MOHALI,TDI,Unplanned,Closed,2026-05-09T01:40:01Z,2026-05-09T04:33:00Z,172
1836695,Central,KHANNA,RAIYEWAL CAT-1,Planned,Closed,2026-05-09T00:56:28Z,2026-05-09T01:04:47Z,8
1836694,Central,KHANNA,Khanoura UPS,Planned,Closed,2026-05-09T00:56:28Z,2026-05-09T01:03:10Z,6
1836693,Central,KHANNA,RURKI UPS,Planned,Closed,2026-05-09T00:56:28Z,2026-05-09T01:04:00Z,7
1836692,Central,KHANNA,TIBBI UPS,Planned,Closed,2026-05-09T00:56:28Z,2026-05-09T01:03:30Z,7
1836691,Central,KHANNA,Dhangeri,Planned,Closed,2026-05-09T00:56:28Z,2026-05-09T01:02:53Z,6
1836689,Central,KHANNA,Khanoura UPS,Planned,Closed,2026-05-09T00:55:30Z,2026-05-09T01:05:24Z,9
1836686,Central,KHANNA,Dhangeri,Planned,Closed,2026-05-09T00:55:30Z,2026-05-09T01:05:02Z,9
1836683,East,MOHALI,TDI,Unplanned,Closed,2026-05-09T00:14:00Z,2026-05-09T00:33:00Z,19
